edition	role	owner_rva	instruction_rva	branch	target_rva_or_operand	preceding_instructions
reference	owner	0x63dd90	0x63ddcf	jne	0x63dde7	0x63ddbb: xor    rax,rsp | 0x63ddbe: mov    QWORD PTR [rbp+0x2f],rax | 0x63ddc2: mov    rsi,rcx | 0x63ddc5: mov    QWORD PTR [rbp-0x69],rcx | 0x63ddc9: cmp    DWORD PTR [rcx+0x1348],edx
reference	owner	0x63dd90	0x63ddd8	jne	0x63dde7	0x63ddc2: mov    rsi,rcx | 0x63ddc5: mov    QWORD PTR [rbp-0x69],rcx | 0x63ddc9: cmp    DWORD PTR [rcx+0x1348],edx | 0x63ddcf: jne    0x14063dde7 | 0x63ddd1: cmp    DWORD PTR [rcx+0x134c],0xffffffff
reference	owner	0x63dd90	0x63dde1	je	0x63f095	0x63ddc9: cmp    DWORD PTR [rcx+0x1348],edx | 0x63ddcf: jne    0x14063dde7 | 0x63ddd1: cmp    DWORD PTR [rcx+0x134c],0xffffffff | 0x63ddd8: jne    0x14063dde7 | 0x63ddda: cmp    DWORD PTR [rcx+0x1350],r9d
reference	owner	0x63dd90	0x63de4f	jne	0x63e3fb	0x63de2b: lea    rbx,[rip+0x100bd4a]        # 0x141649b7c | 0x63de32: mov    r12d,0x4 | 0x63de38: movabs r14,0x7fffffffffffffff | 0x63de42: mov    r15d,0x3 | 0x63de48: cmp    DWORD PTR [rsi+0x1298],0x0
reference	owner	0x63dd90	0x63de6d	je	0x63e3fb	0x63de55: mov    rcx,QWORD PTR [rsi+0x1280] | 0x63de5c: mov    rax,QWORD PTR [rsi+0x1288] | 0x63de63: sub    rax,rcx | 0x63de66: sar    rax,0x3 | 0x63de6a: test   rax,rax
reference	owner	0x63dd90	0x63def7	jne	0x63dfaa	0x63dedd: lea    rax,[rbp-0x31] | 0x63dee1: cmp    QWORD PTR [rbp-0x19],0xf | 0x63dee6: cmova  rax,QWORD PTR [rbp-0x31] | 0x63deeb: mov    BYTE PTR [rax],0x0 | 0x63deee: cmp    WORD PTR [r13+0x80],0x1
reference	owner	0x63dd90	0x63df04	jb	0x63df28	0x63deeb: mov    BYTE PTR [rax],0x0 | 0x63deee: cmp    WORD PTR [r13+0x80],0x1 | 0x63def7: jne    0x14063dfaa | 0x63defd: mov    rbx,QWORD PTR [rbp-0x19] | 0x63df01: cmp    rbx,r12
reference	owner	0x63dd90	0x63df23	jmp	0x63dfaa	0x63df0e: cmova  rcx,QWORD PTR [rbp-0x31] | 0x63df13: mov    QWORD PTR [rbp-0x21],r12 | 0x63df17: mov    eax,DWORD PTR [rip+0x1063303]        # 0x1416a1220 | 0x63df1d: mov    DWORD PTR [rcx],eax | 0x63df1f: mov    BYTE PTR [rcx+0x4],0x0
reference	owner	0x63dd90	0x63df37	jbe	0x63df3e	0x63df28: mov    rcx,rbx | 0x63df2b: shr    rcx,1 | 0x63df2e: mov    rax,r14 | 0x63df31: sub    rax,rcx | 0x63df34: cmp    rbx,rax
reference	owner	0x63dd90	0x63df3c	jmp	0x63df4e	0x63df2e: mov    rax,r14 | 0x63df31: sub    rax,rcx | 0x63df34: cmp    rbx,rax | 0x63df37: jbe    0x14063df3e | 0x63df39: mov    rdi,r14
reference	owner	0x63dd90	0x63df72	jbe	0x63dfa6	0x63df5e: mov    QWORD PTR [rbp-0x19],rdi | 0x63df62: mov    ecx,DWORD PTR [rip+0x10632b8]        # 0x1416a1220 | 0x63df68: mov    DWORD PTR [rax],ecx | 0x63df6a: mov    BYTE PTR [rax+0x4],0x0 | 0x63df6e: cmp    rbx,0xf
reference	owner	0x63dd90	0x63df86	jb	0x63dfa1	0x63df72: jbe    0x14063dfa6 | 0x63df74: lea    rdx,[rbx+0x1] | 0x63df78: mov    rcx,QWORD PTR [rbp-0x31] | 0x63df7c: mov    rax,rcx | 0x63df7f: cmp    rdx,0x1000
reference	owner	0x63dd90	0x63df9b	ja	0x63e1d4	0x63df88: add    rdx,0x27 | 0x63df8c: mov    rcx,QWORD PTR [rcx-0x8] | 0x63df90: sub    rax,rcx | 0x63df93: add    rax,0xfffffffffffffff8 | 0x63df97: cmp    rax,0x1f
reference	owner	0x63dd90	0x63dfb1	je	0x63dfe0	0x63df9b: ja     0x14063e1d4 | 0x63dfa1: call   0x141539680 | 0x63dfa6: mov    QWORD PTR [rbp-0x31],rsi | 0x63dfaa: mov    r8,QWORD PTR [rbp-0x21] | 0x63dfae: test   r8,r8
reference	owner	0x63dd90	0x63dfe9	je	0x63e1e0	0x63dfca: mov    r8d,0x1 | 0x63dfd0: lea    rdx,[rip+0xfaa765]        # 0x1415e873c | 0x63dfd7: lea    rcx,[rbp-0x51] | 0x63dfdb: call   0x14006fa10 | 0x63dfe0: cmp    WORD PTR [r13+0x80],0xa
reference	owner	0x63dd90	0x63dffa	je	0x63e1e0	0x63dfe0: cmp    WORD PTR [r13+0x80],0xa | 0x63dfe9: je     0x14063e1e0 | 0x63dfef: mov    rcx,r13 | 0x63dff2: call   0x1409b4e70 | 0x63dff7: test   rax,rax
reference	owner	0x63dd90	0x63e00b	je	0x63e1e0	0x63dff7: test   rax,rax | 0x63dffa: je     0x14063e1e0 | 0x63e000: mov    rcx,rax | 0x63e003: call   0x14093ce30 | 0x63e008: test   rax,rax
reference	owner	0x63dd90	0x63e01f	je	0x63e1e0	0x63e00b: je     0x14063e1e0 | 0x63e011: mov    ecx,DWORD PTR [rax+0x9c] | 0x63e017: shr    ecx,0xa | 0x63e01a: not    ecx | 0x63e01c: test   cl,0x1
reference	owner	0x63dd90	0x63e04b	js	0x63e096	0x63e035: movsx  rdx,WORD PTR [rax+0x98] | 0x63e03d: xor    r8d,r8d | 0x63e040: mov    QWORD PTR [rbp-0x1],r8 | 0x63e044: mov    BYTE PTR [rbp-0x11],r8b | 0x63e048: test   dx,dx
reference	owner	0x63dd90	0x63e065	jae	0x63e096	0x63e04d: mov    rax,QWORD PTR [rip+0x1eaea1c]        # 0x1424eca70 | 0x63e054: mov    r9,QWORD PTR [rip+0x1eaea0d]        # 0x1424eca68 | 0x63e05b: sub    rax,r9 | 0x63e05e: sar    rax,0x3 | 0x63e062: cmp    rdx,rax
reference	owner	0x63dd90	0x63e076	je	0x63e096	0x63e065: jae    0x14063e096 | 0x63e067: mov    rdx,QWORD PTR [r9+rdx*8] | 0x63e06b: add    rdx,0x60 | 0x63e06f: lea    rax,[rbp-0x11] | 0x63e073: cmp    rax,rdx
reference	owner	0x63dd90	0x63e080	jbe	0x63e085	0x63e06f: lea    rax,[rbp-0x11] | 0x63e073: cmp    rax,rdx | 0x63e076: je     0x14063e096 | 0x63e078: mov    r8,QWORD PTR [rdx+0x10] | 0x63e07c: cmp    QWORD PTR [rdx+0x18],rcx
reference	owner	0x63dd90	0x63e0b7	jae	0x63e0d9	0x63e0a3: lea    rcx,[rbp-0x51] | 0x63e0a7: call   0x14006fa10 | 0x63e0ac: mov    rdi,QWORD PTR [rbp-0x41] | 0x63e0b0: mov    rsi,QWORD PTR [rbp-0x39] | 0x63e0b4: cmp    rdi,rsi
reference	owner	0x63dd90	0x63e0d4	jmp	0x63e1a2	0x63e0bd: mov    QWORD PTR [rbp-0x41],rax | 0x63e0c1: lea    rax,[rbp-0x51] | 0x63e0c5: cmp    rsi,0xf | 0x63e0c9: cmova  rax,QWORD PTR [rbp-0x51] | 0x63e0ce: mov    WORD PTR [rax+rdi*1],0x20
reference	owner	0x63dd90	0x63e0e3	jb	0x63f0c2	0x63e0ce: mov    WORD PTR [rax+rdi*1],0x20 | 0x63e0d4: jmp    0x14063e1a2 | 0x63e0d9: mov    rax,r14 | 0x63e0dc: sub    rax,rdi | 0x63e0df: cmp    rax,0x1
reference	owner	0x63dd90	0x63e0f7	jbe	0x63e0fe	0x63e0e3: jb     0x14063f0c2 | 0x63e0e9: lea    r15,[rdi+0x1] | 0x63e0ed: mov    rbx,r15 | 0x63e0f0: or     rbx,0xf | 0x63e0f4: cmp    rbx,r14
reference	owner	0x63dd90	0x63e0fc	jmp	0x63e11f	0x63e0ed: mov    rbx,r15 | 0x63e0f0: or     rbx,0xf | 0x63e0f4: cmp    rbx,r14 | 0x63e0f7: jbe    0x14063e0fe | 0x63e0f9: mov    rbx,r14
reference	owner	0x63dd90	0x63e10d	jbe	0x63e114	0x63e0fe: mov    rcx,rsi | 0x63e101: shr    rcx,1 | 0x63e104: mov    rax,r14 | 0x63e107: sub    rax,rcx | 0x63e10a: cmp    rsi,rax
reference	owner	0x63dd90	0x63e112	jmp	0x63e11f	0x63e104: mov    rax,r14 | 0x63e107: sub    rax,rcx | 0x63e10a: cmp    rsi,rax | 0x63e10d: jbe    0x14063e114 | 0x63e10f: mov    rbx,r14
reference	owner	0x63dd90	0x63e13d	jbe	0x63e188	0x63e12b: mov    QWORD PTR [rbp-0x41],r15 | 0x63e12f: mov    QWORD PTR [rbp-0x39],rbx | 0x63e133: mov    r8,rdi | 0x63e136: mov    rcx,rax | 0x63e139: cmp    rsi,0xf
reference	owner	0x63dd90	0x63e15d	jb	0x63e177	0x63e143: mov    rdx,rbx | 0x63e146: call   0x14153aa78 | 0x63e14b: mov    WORD PTR [r14+rdi*1],0x20 | 0x63e152: lea    rdx,[rsi+0x1] | 0x63e156: cmp    rdx,0x1000
reference	owner	0x63dd90	0x63e172	ja	0x63e181	0x63e15f: add    rdx,0x27 | 0x63e163: mov    rcx,QWORD PTR [rbx-0x8] | 0x63e167: sub    rbx,rcx | 0x63e16a: lea    rax,[rbx-0x8] | 0x63e16e: cmp    rax,0x1f
reference	owner	0x63dd90	0x63e17f	jmp	0x63e198	0x63e16e: cmp    rax,0x1f | 0x63e172: ja     0x14063e181 | 0x63e174: mov    rbx,rcx | 0x63e177: mov    rcx,rbx | 0x63e17a: call   0x141539680
reference	owner	0x63dd90	0x63e1aa	jbe	0x63e1e0	0x63e191: mov    WORD PTR [r14+rdi*1],0x20 | 0x63e198: mov    r15d,0x3 | 0x63e19e: mov    QWORD PTR [rbp-0x51],r14 | 0x63e1a2: mov    rdx,QWORD PTR [rbp+0x7] | 0x63e1a6: cmp    rdx,0xf
reference	owner	0x63dd90	0x63e1bd	jb	0x63e1db	0x63e1aa: jbe    0x14063e1e0 | 0x63e1ac: inc    rdx | 0x63e1af: mov    rcx,QWORD PTR [rbp-0x11] | 0x63e1b3: mov    rax,rcx | 0x63e1b6: cmp    rdx,0x1000
reference	owner	0x63dd90	0x63e1d2	jbe	0x63e1db	0x63e1bf: add    rdx,0x27 | 0x63e1c3: mov    rcx,QWORD PTR [rcx-0x8] | 0x63e1c7: sub    rax,rcx | 0x63e1ca: add    rax,0xfffffffffffffff8 | 0x63e1ce: cmp    rax,0x1f
reference	owner	0x63dd90	0x63e253	jae	0x63e261	0x63e23e: add    r8d,eax | 0x63e241: mov    rax,QWORD PTR [r13+0xd8] | 0x63e248: mov    rcx,QWORD PTR [r13+0xe0] | 0x63e24f: nop | 0x63e250: cmp    rax,rcx
reference	owner	0x63dd90	0x63e25f	jmp	0x63e250	0x63e250: cmp    rax,rcx | 0x63e253: jae    0x14063e261 | 0x63e255: mov    rdx,QWORD PTR [rax] | 0x63e258: add    r8d,DWORD PTR [rdx] | 0x63e25b: add    rax,0x8
reference	owner	0x63dd90	0x63e264	jg	0x63e278	0x63e255: mov    rdx,QWORD PTR [rax] | 0x63e258: add    r8d,DWORD PTR [rdx] | 0x63e25b: add    rax,0x8 | 0x63e25f: jmp    0x14063e250 | 0x63e261: test   r8d,r8d
reference	owner	0x63dd90	0x63e273	jmp	0x63e35d	0x63e25f: jmp    0x14063e250 | 0x63e261: test   r8d,r8d | 0x63e264: jg     0x14063e278 | 0x63e266: lea    rdx,[rip+0x1023ceb]        # 0x141661f58 | 0x63e26d: mov    r8d,0x12
reference	owner	0x63dd90	0x63e27c	jge	0x63e290	0x63e264: jg     0x14063e278 | 0x63e266: lea    rdx,[rip+0x1023ceb]        # 0x141661f58 | 0x63e26d: mov    r8d,0x12 | 0x63e273: jmp    0x14063e35d | 0x63e278: cmp    r8d,0xa
reference	owner	0x63dd90	0x63e28b	jmp	0x63e35d	0x63e273: jmp    0x14063e35d | 0x63e278: cmp    r8d,0xa | 0x63e27c: jge    0x14063e290 | 0x63e27e: lea    rdx,[rip+0x1023ceb]        # 0x141661f70 | 0x63e285: mov    r8d,0xe
reference	owner	0x63dd90	0x63e294	jg	0x63e2a8	0x63e27c: jge    0x14063e290 | 0x63e27e: lea    rdx,[rip+0x1023ceb]        # 0x141661f70 | 0x63e285: mov    r8d,0xe | 0x63e28b: jmp    0x14063e35d | 0x63e290: cmp    r8d,0x18
reference	owner	0x63dd90	0x63e2a3	jmp	0x63e35d	0x63e28b: jmp    0x14063e35d | 0x63e290: cmp    r8d,0x18 | 0x63e294: jg     0x14063e2a8 | 0x63e296: lea    rdx,[rip+0x1023ce3]        # 0x141661f80 | 0x63e29d: mov    r8d,0x1e
reference	owner	0x63dd90	0x63e2ac	jge	0x63e2c0	0x63e294: jg     0x14063e2a8 | 0x63e296: lea    rdx,[rip+0x1023ce3]        # 0x141661f80 | 0x63e29d: mov    r8d,0x1e | 0x63e2a3: jmp    0x14063e35d | 0x63e2a8: cmp    r8d,0x50
reference	owner	0x63dd90	0x63e2bb	jmp	0x63e35d	0x63e2a3: jmp    0x14063e35d | 0x63e2a8: cmp    r8d,0x50 | 0x63e2ac: jge    0x14063e2c0 | 0x63e2ae: lea    rdx,[rip+0x1023c13]        # 0x141661ec8 | 0x63e2b5: mov    r8d,0x16
reference	owner	0x63dd90	0x63e2c4	jge	0x63e2d8	0x63e2ac: jge    0x14063e2c0 | 0x63e2ae: lea    rdx,[rip+0x1023c13]        # 0x141661ec8 | 0x63e2b5: mov    r8d,0x16 | 0x63e2bb: jmp    0x14063e35d | 0x63e2c0: cmp    r8d,0x78
reference	owner	0x63dd90	0x63e2d3	jmp	0x63e35d	0x63e2bb: jmp    0x14063e35d | 0x63e2c0: cmp    r8d,0x78 | 0x63e2c4: jge    0x14063e2d8 | 0x63e2c6: lea    rdx,[rip+0x1023c13]        # 0x141661ee0 | 0x63e2cd: mov    r8d,0x1c
reference	owner	0x63dd90	0x63e2df	jge	0x63e2f0	0x63e2c4: jge    0x14063e2d8 | 0x63e2c6: lea    rdx,[rip+0x1023c13]        # 0x141661ee0 | 0x63e2cd: mov    r8d,0x1c | 0x63e2d3: jmp    0x14063e35d | 0x63e2d8: cmp    r8d,0xaf
reference	owner	0x63dd90	0x63e2ee	jmp	0x63e35d	0x63e2d3: jmp    0x14063e35d | 0x63e2d8: cmp    r8d,0xaf | 0x63e2df: jge    0x14063e2f0 | 0x63e2e1: lea    rdx,[rip+0x1023c18]        # 0x141661f00 | 0x63e2e8: mov    r8d,0x1e
reference	owner	0x63dd90	0x63e2f7	jge	0x63e308	0x63e2df: jge    0x14063e2f0 | 0x63e2e1: lea    rdx,[rip+0x1023c18]        # 0x141661f00 | 0x63e2e8: mov    r8d,0x1e | 0x63e2ee: jmp    0x14063e35d | 0x63e2f0: cmp    r8d,0xfa
reference	owner	0x63dd90	0x63e306	jmp	0x63e35d	0x63e2ee: jmp    0x14063e35d | 0x63e2f0: cmp    r8d,0xfa | 0x63e2f7: jge    0x14063e308 | 0x63e2f9: lea    rdx,[rip+0x1023c20]        # 0x141661f20 | 0x63e300: mov    r8d,0x18
reference	owner	0x63dd90	0x63e30f	jge	0x63e320	0x63e2f7: jge    0x14063e308 | 0x63e2f9: lea    rdx,[rip+0x1023c20]        # 0x141661f20 | 0x63e300: mov    r8d,0x18 | 0x63e306: jmp    0x14063e35d | 0x63e308: cmp    r8d,0x2ee
reference	owner	0x63dd90	0x63e31e	jmp	0x63e35d	0x63e306: jmp    0x14063e35d | 0x63e308: cmp    r8d,0x2ee | 0x63e30f: jge    0x14063e320 | 0x63e311: lea    rdx,[rip+0x1023b40]        # 0x141661e58 | 0x63e318: mov    r8d,0x1a
reference	owner	0x63dd90	0x63e327	jge	0x63e338	0x63e30f: jge    0x14063e320 | 0x63e311: lea    rdx,[rip+0x1023b40]        # 0x141661e58 | 0x63e318: mov    r8d,0x1a | 0x63e31e: jmp    0x14063e35d | 0x63e320: cmp    r8d,0x5dc
reference	owner	0x63dd90	0x63e336	jmp	0x63e35d	0x63e31e: jmp    0x14063e35d | 0x63e320: cmp    r8d,0x5dc | 0x63e327: jge    0x14063e338 | 0x63e329: lea    rdx,[rip+0x1023b48]        # 0x141661e78 | 0x63e330: mov    r8d,0x15
reference	owner	0x63dd90	0x63e33f	jge	0x63e350	0x63e327: jge    0x14063e338 | 0x63e329: lea    rdx,[rip+0x1023b48]        # 0x141661e78 | 0x63e330: mov    r8d,0x15 | 0x63e336: jmp    0x14063e35d | 0x63e338: cmp    r8d,0x9c4
reference	owner	0x63dd90	0x63e34e	jmp	0x63e35d	0x63e336: jmp    0x14063e35d | 0x63e338: cmp    r8d,0x9c4 | 0x63e33f: jge    0x14063e350 | 0x63e341: lea    rdx,[rip+0x1023b48]        # 0x141661e90 | 0x63e348: mov    r8d,0x19
reference	owner	0x63dd90	0x63e374	je	0x63e39c	0x63e361: call   0x14006fa10 | 0x63e366: mov    rcx,r13 | 0x63e369: call   0x1409b4e70 | 0x63e36e: mov    rbx,rax | 0x63e371: test   rax,rax
reference	owner	0x63dd90	0x63e3bb	jbe	0x63e3f1	0x63e3a9: lea    rcx,[rbp-0x51] | 0x63e3ad: call   0x14006fa10 | 0x63e3b2: nop | 0x63e3b3: mov    rdx,QWORD PTR [rbp-0x19] | 0x63e3b7: cmp    rdx,0xf
reference	owner	0x63dd90	0x63e3ce	jb	0x63e3ec	0x63e3bb: jbe    0x14063e3f1 | 0x63e3bd: inc    rdx | 0x63e3c0: mov    rcx,QWORD PTR [rbp-0x31] | 0x63e3c4: mov    rax,rcx | 0x63e3c7: cmp    rdx,0x1000
reference	owner	0x63dd90	0x63e3e3	jbe	0x63e3ec	0x63e3d0: add    rdx,0x27 | 0x63e3d4: mov    rcx,QWORD PTR [rcx-0x8] | 0x63e3d8: sub    rax,rcx | 0x63e3db: add    rax,0xfffffffffffffff8 | 0x63e3df: cmp    rax,0x1f
reference	owner	0x63dd90	0x63e402	jne	0x63f075	0x63e3eb: int3 | 0x63e3ec: call   0x141539680 | 0x63e3f1: mov    r13d,0x6 | 0x63e3f7: mov    rsi,QWORD PTR [rbp-0x69] | 0x63e3fb: cmp    DWORD PTR [rsi+0x1298],0x2
reference	owner	0x63dd90	0x63e420	je	0x63f075	0x63e408: mov    rcx,QWORD PTR [rsi+0x12e8] | 0x63e40f: mov    rax,QWORD PTR [rsi+0x12f0] | 0x63e416: sub    rax,rcx | 0x63e419: sar    rax,0x2 | 0x63e41d: test   rax,rax
reference	owner	0x63dd90	0x63e441	je	0x63e572	0x63e429: mov    r15d,r14d | 0x63e42c: movsxd rax,DWORD PTR [rsi+0x1350] | 0x63e433: lea    r10,[rax*4+0x0] | 0x63e43b: mov    ecx,DWORD PTR [rcx+r10*1] | 0x63e43f: test   ecx,ecx
reference	owner	0x63dd90	0x63e44a	jne	0x63eab5	0x63e433: lea    r10,[rax*4+0x0] | 0x63e43b: mov    ecx,DWORD PTR [rcx+r10*1] | 0x63e43f: test   ecx,ecx | 0x63e441: je     0x14063e572 | 0x63e447: cmp    ecx,0x1
reference	owner	0x63dd90	0x63e4a2	je	0x63eab5	0x63e484: mov    rax,QWORD PTR [rsi+0x1300] | 0x63e48b: mov    ecx,DWORD PTR [rax+rcx*4] | 0x63e48e: mov    rax,QWORD PTR [rip+0x1d9336b]        # 0x1423d1800 | 0x63e495: sub    rax,QWORD PTR [rip+0x1d9335c]        # 0x1423d17f8 | 0x63e49c: test   rax,0xfffffffffffffff8
reference	owner	0x63dd90	0x63e4ab	je	0x63eab5	0x63e48e: mov    rax,QWORD PTR [rip+0x1d9336b]        # 0x1423d1800 | 0x63e495: sub    rax,QWORD PTR [rip+0x1d9335c]        # 0x1423d17f8 | 0x63e49c: test   rax,0xfffffffffffffff8 | 0x63e4a2: je     0x14063eab5 | 0x63e4a8: cmp    ecx,0xffffffff
reference	owner	0x63dd90	0x63e4c3	je	0x63eab5	0x63e4ab: je     0x14063eab5 | 0x63e4b1: lea    rdx,[rip+0x1d93340]        # 0x1423d17f8 | 0x63e4b8: call   0x1400ba0a0 | 0x63e4bd: mov    r15,rax | 0x63e4c0: test   rax,rax
reference	owner	0x63dd90	0x63e4e1	je	0x63eab5	0x63e4c9: mov    r10,QWORD PTR [rax+0xfc8] | 0x63e4d0: mov    rcx,QWORD PTR [rax+0xfd0] | 0x63e4d7: sub    rcx,r10 | 0x63e4da: sar    rcx,0x2 | 0x63e4de: test   rcx,rcx
reference	owner	0x63dd90	0x63e502	je	0x63eab5	0x63e4ea: mov    rcx,QWORD PTR [rip+0x1ebb82f]        # 0x1424f9d20 | 0x63e4f1: mov    rbx,QWORD PTR [rip+0x1ebb820]        # 0x1424f9d18 | 0x63e4f8: sub    rcx,rbx | 0x63e4fb: sar    rcx,0x3 | 0x63e4ff: test   rcx,rcx
reference	owner	0x63dd90	0x63e50c	je	0x63eab5	0x63e4f8: sub    rcx,rbx | 0x63e4fb: sar    rcx,0x3 | 0x63e4ff: test   rcx,rcx | 0x63e502: je     0x14063eab5 | 0x63e508: cmp    r10d,0xffffffff
reference	owner	0x63dd90	0x63e518	js	0x63eab5	0x63e502: je     0x14063eab5 | 0x63e508: cmp    r10d,0xffffffff | 0x63e50c: je     0x14063eab5 | 0x63e512: mov    r8d,r14d | 0x63e515: sub    ecx,0x1
reference	owner	0x63dd90	0x63e537	je	0x63e551	0x63e523: lea    edx,[rcx+r8*1] | 0x63e527: sar    edx,1 | 0x63e529: movsxd rax,edx | 0x63e52c: mov    rdi,QWORD PTR [rbx+rax*8] | 0x63e530: cmp    DWORD PTR [rdi+0xe0],r10d
reference	owner	0x63dd90	0x63e54a	jle	0x63e520	0x63e539: lea    ecx,[rdx-0x1] | 0x63e53c: cmovle ecx,r11d | 0x63e540: lea    eax,[rdx+0x1] | 0x63e543: cmovle r8d,eax | 0x63e547: cmp    r8d,ecx
reference	owner	0x63dd90	0x63e54c	jmp	0x63eab5	0x63e53c: cmovle ecx,r11d | 0x63e540: lea    eax,[rdx+0x1] | 0x63e543: cmovle r8d,eax | 0x63e547: cmp    r8d,ecx | 0x63e54a: jle    0x14063e520
reference	owner	0x63dd90	0x63e554	je	0x63eab5	0x63e543: cmovle r8d,eax | 0x63e547: cmp    r8d,ecx | 0x63e54a: jle    0x14063e520 | 0x63e54c: jmp    0x14063eab5 | 0x63e551: test   rdi,rdi
reference	owner	0x63dd90	0x63e570	jmp	0x63e5df	0x63e554: je     0x14063eab5 | 0x63e55a: mov    r8d,0x19 | 0x63e560: lea    rdx,[rip+0x1023b61]        # 0x1416620c8 | 0x63e567: lea    rcx,[rbp-0x51] | 0x63e56b: call   0x14006fa10
reference	owner	0x63dd90	0x63e595	je	0x63e5dc	0x63e57d: mov    rcx,QWORD PTR [rip+0x1ebb79c]        # 0x1424f9d20 | 0x63e584: mov    rbx,QWORD PTR [rip+0x1ebb78d]        # 0x1424f9d18 | 0x63e58b: sub    rcx,rbx | 0x63e58e: sar    rcx,0x3 | 0x63e592: test   rcx,rcx
reference	owner	0x63dd90	0x63e59b	je	0x63e5dc	0x63e58b: sub    rcx,rbx | 0x63e58e: sar    rcx,0x3 | 0x63e592: test   rcx,rcx | 0x63e595: je     0x14063e5dc | 0x63e597: cmp    r10d,0xffffffff
reference	owner	0x63dd90	0x63e5a3	js	0x63e5dc	0x63e595: je     0x14063e5dc | 0x63e597: cmp    r10d,0xffffffff | 0x63e59b: je     0x14063e5dc | 0x63e59d: mov    r8d,r14d | 0x63e5a0: sub    ecx,0x1
reference	owner	0x63dd90	0x63e5c7	je	0x63e5df	0x63e5b3: lea    edx,[rcx+r8*1] | 0x63e5b7: sar    edx,1 | 0x63e5b9: movsxd rax,edx | 0x63e5bc: mov    rdi,QWORD PTR [rbx+rax*8] | 0x63e5c0: cmp    DWORD PTR [rdi+0xe0],r10d
reference	owner	0x63dd90	0x63e5da	jle	0x63e5b0	0x63e5c9: lea    ecx,[rdx-0x1] | 0x63e5cc: cmovle ecx,r11d | 0x63e5d0: lea    eax,[rdx+0x1] | 0x63e5d3: cmovle r8d,eax | 0x63e5d7: cmp    r8d,ecx
reference	owner	0x63dd90	0x63e5e2	je	0x63eab5	0x63e5d3: cmovle r8d,eax | 0x63e5d7: cmp    r8d,ecx | 0x63e5da: jle    0x14063e5b0 | 0x63e5dc: mov    rdi,r14 | 0x63e5df: test   rdi,rdi
reference	owner	0x63dd90	0x63e634	jle	0x63e919	0x63e61b: cmova  rdx,QWORD PTR [rbp+0xf] | 0x63e620: mov    r8,QWORD PTR [rbp+0x1f] | 0x63e624: lea    rcx,[rbp-0x51] | 0x63e628: call   0x14006fa10 | 0x63e62d: cmp    DWORD PTR [rdi+0xd0],0x0
reference	owner	0x63dd90	0x63e644	jne	0x63e73e	0x63e628: call   0x14006fa10 | 0x63e62d: cmp    DWORD PTR [rdi+0xd0],0x0 | 0x63e634: jle    0x14063e919 | 0x63e63a: mov    rax,QWORD PTR [rdi+0xc8] | 0x63e641: test   BYTE PTR [rax],0x4
reference	owner	0x63dd90	0x63e64d	je	0x63e919	0x63e634: jle    0x14063e919 | 0x63e63a: mov    rax,QWORD PTR [rdi+0xc8] | 0x63e641: test   BYTE PTR [rax],0x4 | 0x63e644: jne    0x14063e73e | 0x63e64a: test   BYTE PTR [rax],0x8
reference	owner	0x63dd90	0x63e698	je	0x63ea95	0x63e680: mov    edx,DWORD PTR [rdi+0xe0] | 0x63e686: mov    rcx,QWORD PTR [rip+0x1ead4cb]        # 0x1424ebb58 | 0x63e68d: call   0x1405c3760 | 0x63e692: mov    rbx,rax | 0x63e695: test   rax,rax
reference	owner	0x63dd90	0x63e701	jbe	0x63ea95	0x63e6ef: lea    rcx,[rbp-0x51] | 0x63e6f3: call   0x14006fa10 | 0x63e6f8: nop | 0x63e6f9: mov    rdx,QWORD PTR [rbp-0x19] | 0x63e6fd: cmp    rdx,0xf
reference	owner	0x63dd90	0x63e718	jb	0x63ea90	0x63e701: jbe    0x14063ea95 | 0x63e707: inc    rdx | 0x63e70a: mov    rcx,QWORD PTR [rbp-0x31] | 0x63e70e: mov    rax,rcx | 0x63e711: cmp    rdx,0x1000
reference	owner	0x63dd90	0x63e731	jbe	0x63ea90	0x63e71e: add    rdx,0x27 | 0x63e722: mov    rcx,QWORD PTR [rcx-0x8] | 0x63e726: sub    rax,rcx | 0x63e729: add    rax,0xfffffffffffffff8 | 0x63e72d: cmp    rax,0x1f
reference	owner	0x63dd90	0x63e773	je	0x63e7db	0x63e760: mov    r8,r13 | 0x63e763: mov    rcx,rbx | 0x63e766: call   0x14006fa10 | 0x63e76b: movzx  ecx,WORD PTR [rdi+0x2] | 0x63e76f: cmp    cx,0xffff
reference	owner	0x63dd90	0x63e779	je	0x63e7db	0x63e766: call   0x14006fa10 | 0x63e76b: movzx  ecx,WORD PTR [rdi+0x2] | 0x63e76f: cmp    cx,0xffff | 0x63e773: je     0x14063e7db | 0x63e775: cmp    cx,WORD PTR [rsi+0x78]
reference	owner	0x63dd90	0x63e7e1	jne	0x63e7f2	0x63e7d1: nop | 0x63e7d2: lea    rcx,[rbp-0x31] | 0x63e7d6: call   0x14006f850 | 0x63e7db: movzx  eax,BYTE PTR [rdi+0x6] | 0x63e7df: test   al,al
reference	owner	0x63dd90	0x63e7f0	jmp	0x63e812	0x63e7db: movzx  eax,BYTE PTR [rdi+0x6] | 0x63e7df: test   al,al | 0x63e7e1: jne    0x14063e7f2 | 0x63e7e3: lea    rdx,[rip+0x1023c56]        # 0x141662440 | 0x63e7ea: mov    r8d,0x7
reference	owner	0x63dd90	0x63e7f4	jne	0x63e805	0x63e7e1: jne    0x14063e7f2 | 0x63e7e3: lea    rdx,[rip+0x1023c56]        # 0x141662440 | 0x63e7ea: mov    r8d,0x7 | 0x63e7f0: jmp    0x14063e812 | 0x63e7f2: cmp    al,0x1
reference	owner	0x63dd90	0x63e803	jmp	0x63e812	0x63e7f0: jmp    0x14063e812 | 0x63e7f2: cmp    al,0x1 | 0x63e7f4: jne    0x14063e805 | 0x63e7f6: lea    rdx,[rip+0x10237a3]        # 0x141661fa0 | 0x63e7fd: mov    r8d,0x3
reference	owner	0x63dd90	0x63e824	je	0x63ea95	0x63e80c: mov    r8d,0x5 | 0x63e812: mov    rcx,rbx | 0x63e815: call   0x14006fa10 | 0x63e81a: mov    rcx,QWORD PTR [rdi+0x130] | 0x63e821: test   rcx,rcx
reference	owner	0x63dd90	0x63e830	je	0x63ea95	0x63e81a: mov    rcx,QWORD PTR [rdi+0x130] | 0x63e821: test   rcx,rcx | 0x63e824: je     0x14063ea95 | 0x63e82a: mov    rcx,QWORD PTR [rcx] | 0x63e82d: test   rcx,rcx
reference	owner	0x63dd90	0x63e840	je	0x63ea95	0x63e82d: test   rcx,rcx | 0x63e830: je     0x14063ea95 | 0x63e836: mov    rax,QWORD PTR [rcx+0x8] | 0x63e83a: sub    rax,QWORD PTR [rcx] | 0x63e83d: sar    rax,1
reference	owner	0x63dd90	0x63e88a	js	0x63e8e7	0x63e87a: mov    rax,QWORD PTR [rcx+0x8] | 0x63e87e: sub    rax,QWORD PTR [rcx] | 0x63e881: sar    rax,1 | 0x63e884: sub    eax,0x1 | 0x63e887: movsxd rbx,eax
reference	owner	0x63dd90	0x63e8c9	jl	0x63e8f5	0x63e8b3: cmova  rdx,QWORD PTR [rbp-0x31] | 0x63e8b8: mov    r8,QWORD PTR [rbp-0x21] | 0x63e8bc: lea    rcx,[rbp-0x51] | 0x63e8c0: call   0x14006fa10 | 0x63e8c5: cmp    rbx,0x2
reference	owner	0x63dd90	0x63e8e5	jns	0x63e890	0x63e8cb: mov    r8d,0x2 | 0x63e8d1: lea    rdx,[rip+0xfaa800]        # 0x1415e90d8 | 0x63e8d8: lea    rcx,[rbp-0x51] | 0x63e8dc: call   0x14006fa10 | 0x63e8e1: sub    rbx,0x1
reference	owner	0x63dd90	0x63e8f0	jmp	0x63ea95	0x63e8dc: call   0x14006fa10 | 0x63e8e1: sub    rbx,0x1 | 0x63e8e5: jns    0x14063e890 | 0x63e8e7: lea    rcx,[rbp-0x31] | 0x63e8eb: call   0x14006f850
reference	owner	0x63dd90	0x63e8f9	jne	0x63e8e1	0x63e8e5: jns    0x14063e890 | 0x63e8e7: lea    rcx,[rbp-0x31] | 0x63e8eb: call   0x14006f850 | 0x63e8f0: jmp    0x14063ea95 | 0x63e8f5: cmp    rbx,0x1
reference	owner	0x63dd90	0x63e914	jmp	0x63e890	0x63e8fb: mov    r8d,0x5 | 0x63e901: lea    rdx,[rip+0xfaa808]        # 0x1415e9110 | 0x63e908: lea    rcx,[rbp-0x51] | 0x63e90c: call   0x14006fa10 | 0x63e911: dec    rbx
reference	owner	0x63dd90	0x63e91e	je	0x63ea95	0x63e908: lea    rcx,[rbp-0x51] | 0x63e90c: call   0x14006fa10 | 0x63e911: dec    rbx | 0x63e914: jmp    0x14063e890 | 0x63e919: cmp    WORD PTR [rdi+0x2],0xffff
reference	owner	0x63dd90	0x63e983	je	0x63e9ff	0x63e96e: lea    rax,[rbp-0x51] | 0x63e972: cmp    QWORD PTR [rbp-0x39],0xf | 0x63e977: cmova  rax,QWORD PTR [rbp-0x51] | 0x63e97c: mov    BYTE PTR [rax],0x0 | 0x63e97f: cmp    dx,0xffff
reference	owner	0x63dd90	0x63e988	js	0x63e9ff	0x63e977: cmova  rax,QWORD PTR [rbp-0x51] | 0x63e97c: mov    BYTE PTR [rax],0x0 | 0x63e97f: cmp    dx,0xffff | 0x63e983: je     0x14063e9ff | 0x63e985: test   bx,bx
reference	owner	0x63dd90	0x63e9a2	jae	0x63ea0b	0x63e98a: mov    rax,QWORD PTR [rip+0x1eae0df]        # 0x1424eca70 | 0x63e991: mov    rcx,QWORD PTR [rip+0x1eae0d0]        # 0x1424eca68 | 0x63e998: sub    rax,rcx | 0x63e99b: sar    rax,0x3 | 0x63e99f: cmp    rbx,rax
reference	owner	0x63dd90	0x63e9a7	js	0x63ea0b	0x63e998: sub    rax,rcx | 0x63e99b: sar    rax,0x3 | 0x63e99f: cmp    rbx,rax | 0x63e9a2: jae    0x14063ea0b | 0x63e9a4: test   dx,dx
reference	owner	0x63dd90	0x63e9c5	jae	0x63ea0b	0x63e9ad: mov    r8,QWORD PTR [rax+0x178] | 0x63e9b4: mov    rax,QWORD PTR [rax+0x180] | 0x63e9bb: sub    rax,r8 | 0x63e9be: sar    rax,0x3 | 0x63e9c2: cmp    rdx,rax
reference	owner	0x63dd90	0x63e9d6	je	0x63e9f6	0x63e9c5: jae    0x14063ea0b | 0x63e9c7: mov    rdx,QWORD PTR [r8+rdx*8] | 0x63e9cb: add    rdx,0x20 | 0x63e9cf: lea    rax,[rbp-0x51] | 0x63e9d3: cmp    rax,rdx
reference	owner	0x63dd90	0x63e9e1	jbe	0x63e9e6	0x63e9cf: lea    rax,[rbp-0x51] | 0x63e9d3: cmp    rax,rdx | 0x63e9d6: je     0x14063e9f6 | 0x63e9d8: mov    r8,QWORD PTR [rdx+0x10] | 0x63e9dc: cmp    QWORD PTR [rdx+0x18],0xf
reference	owner	0x63dd90	0x63e9fb	ja	0x63ea46	0x63e9e3: mov    rdx,QWORD PTR [rdx] | 0x63e9e6: lea    rcx,[rbp-0x51] | 0x63e9ea: call   0x14006f8d0 | 0x63e9ef: mov    rcx,QWORD PTR [rip+0x1eae072]        # 0x1424eca68 | 0x63e9f6: cmp    QWORD PTR [rbp-0x41],0x0
reference	owner	0x63dd90	0x63e9fd	jmp	0x63ea06	0x63e9e6: lea    rcx,[rbp-0x51] | 0x63e9ea: call   0x14006f8d0 | 0x63e9ef: mov    rcx,QWORD PTR [rip+0x1eae072]        # 0x1424eca68 | 0x63e9f6: cmp    QWORD PTR [rbp-0x41],0x0 | 0x63e9fb: ja     0x14063ea46
reference	owner	0x63dd90	0x63ea09	js	0x63ea46	0x63e9f6: cmp    QWORD PTR [rbp-0x41],0x0 | 0x63e9fb: ja     0x14063ea46 | 0x63e9fd: jmp    0x14063ea06 | 0x63e9ff: mov    rcx,QWORD PTR [rip+0x1eae062]        # 0x1424eca68 | 0x63ea06: test   bx,bx
reference	owner	0x63dd90	0x63ea1c	jae	0x63ea46	0x63ea09: js     0x14063ea46 | 0x63ea0b: mov    rax,QWORD PTR [rip+0x1eae05e]        # 0x1424eca70 | 0x63ea12: sub    rax,rcx | 0x63ea15: sar    rax,0x3 | 0x63ea19: cmp    rbx,rax
reference	owner	0x63dd90	0x63ea2d	je	0x63ea46	0x63ea1c: jae    0x14063ea46 | 0x63ea1e: mov    rdx,QWORD PTR [rcx+rbx*8] | 0x63ea22: add    rdx,0x20 | 0x63ea26: lea    rax,[rbp-0x51] | 0x63ea2a: cmp    rax,rdx
reference	owner	0x63dd90	0x63ea38	jbe	0x63ea3d	0x63ea26: lea    rax,[rbp-0x51] | 0x63ea2a: cmp    rax,rdx | 0x63ea2d: je     0x14063ea46 | 0x63ea2f: mov    r8,QWORD PTR [rdx+0x10] | 0x63ea33: cmp    QWORD PTR [rdx+0x18],0xf
reference	owner	0x63dd90	0x63ea5f	jbe	0x63ea95	0x63ea4d: lea    rcx,[rbp-0x51] | 0x63ea51: call   0x14006fa10 | 0x63ea56: nop | 0x63ea57: mov    rdx,QWORD PTR [rbp-0x19] | 0x63ea5b: cmp    rdx,0xf
reference	owner	0x63dd90	0x63ea72	jb	0x63ea90	0x63ea5f: jbe    0x14063ea95 | 0x63ea61: inc    rdx | 0x63ea64: mov    rcx,QWORD PTR [rbp-0x31] | 0x63ea68: mov    rax,rcx | 0x63ea6b: cmp    rdx,0x1000
reference	owner	0x63dd90	0x63ea87	jbe	0x63ea90	0x63ea74: add    rdx,0x27 | 0x63ea78: mov    rcx,QWORD PTR [rcx-0x8] | 0x63ea7c: sub    rax,rcx | 0x63ea7f: add    rax,0xfffffffffffffff8 | 0x63ea83: cmp    rax,0x1f
reference	owner	0x63dd90	0x63ead0	je	0x63f075	0x63eabc: mov    rax,QWORD PTR [rsi+0x1280] | 0x63eac3: mov    rdx,rcx | 0x63eac6: sub    rdx,rax | 0x63eac9: sar    rdx,0x3 | 0x63eacd: test   rdx,rdx
reference	owner	0x63dd90	0x63ead9	je	0x63f075	0x63eac6: sub    rdx,rax | 0x63eac9: sar    rdx,0x3 | 0x63eacd: test   rdx,rdx | 0x63ead0: je     0x14063f075 | 0x63ead6: test   r15,r15
reference	owner	0x63dd90	0x63eae2	je	0x63f075	0x63eacd: test   rdx,rdx | 0x63ead0: je     0x14063f075 | 0x63ead6: test   r15,r15 | 0x63ead9: je     0x14063f075 | 0x63eadf: cmp    rax,rcx
reference	owner	0x63dd90	0x63eafa	je	0x63eb0a	0x63eae2: je     0x14063f075 | 0x63eae8: mov    edx,DWORD PTR [rsi+0x340] | 0x63eaee: xchg   ax,ax | 0x63eaf0: mov    r13,QWORD PTR [rax] | 0x63eaf3: cmp    DWORD PTR [r13+0x88],edx
reference	owner	0x63dd90	0x63eb03	jne	0x63eaf0	0x63eaf0: mov    r13,QWORD PTR [rax] | 0x63eaf3: cmp    DWORD PTR [r13+0x88],edx | 0x63eafa: je     0x14063eb0a | 0x63eafc: add    rax,0x8 | 0x63eb00: cmp    rax,rcx
reference	owner	0x63dd90	0x63eb05	jmp	0x63f075	0x63eaf3: cmp    DWORD PTR [r13+0x88],edx | 0x63eafa: je     0x14063eb0a | 0x63eafc: add    rax,0x8 | 0x63eb00: cmp    rax,rcx | 0x63eb03: jne    0x14063eaf0
reference	owner	0x63dd90	0x63eb23	jae	0x63eb8e	0x63eb0d: mov    QWORD PTR [rbp-0x59],r14 | 0x63eb11: mov    rbx,QWORD PTR [r13+0x2b0] | 0x63eb18: mov    rdi,QWORD PTR [r13+0x2b8] | 0x63eb1f: nop | 0x63eb20: cmp    rbx,rdi
reference	owner	0x63dd90	0x63eb2d	jle	0x63eb42	0x63eb20: cmp    rbx,rdi | 0x63eb23: jae    0x14063eb8e | 0x63eb25: mov    rcx,QWORD PTR [rbx] | 0x63eb28: mov    edx,DWORD PTR [rcx+0x30] | 0x63eb2b: test   edx,edx
reference	owner	0x63dd90	0x63eb36	jne	0x63eb7e	0x63eb28: mov    edx,DWORD PTR [rcx+0x30] | 0x63eb2b: test   edx,edx | 0x63eb2d: jle    0x14063eb42 | 0x63eb2f: mov    rax,QWORD PTR [rcx+0x28] | 0x63eb33: test   BYTE PTR [rax],0x2
reference	owner	0x63dd90	0x63eb3b	je	0x63eb42	0x63eb2d: jle    0x14063eb42 | 0x63eb2f: mov    rax,QWORD PTR [rcx+0x28] | 0x63eb33: test   BYTE PTR [rax],0x2 | 0x63eb36: jne    0x14063eb7e | 0x63eb38: test   BYTE PTR [rax],0x1
reference	owner	0x63dd90	0x63eb40	jmp	0x63eb49	0x63eb33: test   BYTE PTR [rax],0x2 | 0x63eb36: jne    0x14063eb7e | 0x63eb38: test   BYTE PTR [rax],0x1 | 0x63eb3b: je     0x14063eb42 | 0x63eb3d: mov    sil,0x1
reference	owner	0x63dd90	0x63eb47	jle	0x63eb55	0x63eb3b: je     0x14063eb42 | 0x63eb3d: mov    sil,0x1 | 0x63eb40: jmp    0x14063eb49 | 0x63eb42: xor    sil,sil | 0x63eb45: test   edx,edx
reference	owner	0x63dd90	0x63eb50	je	0x63eb55	0x63eb42: xor    sil,sil | 0x63eb45: test   edx,edx | 0x63eb47: jle    0x14063eb55 | 0x63eb49: mov    rax,QWORD PTR [rcx+0x28] | 0x63eb4d: test   BYTE PTR [rax],0x8
reference	owner	0x63dd90	0x63eb5e	jne	0x63eb7e	0x63eb50: je     0x14063eb55 | 0x63eb52: mov    sil,0x1 | 0x63eb55: mov    rax,QWORD PTR [rcx] | 0x63eb58: call   QWORD PTR [rax] | 0x63eb5a: cmp    ax,0x2
reference	owner	0x63dd90	0x63eb70	jne	0x63eb7a	0x63eb60: mov    r14,QWORD PTR [rbx] | 0x63eb63: mov    rax,QWORD PTR [r14] | 0x63eb66: mov    rcx,r14 | 0x63eb69: call   QWORD PTR [rax+0x38] | 0x63eb6c: cmp    eax,DWORD PTR [r15+0x4]
reference	owner	0x63dd90	0x63eb75	je	0x63eb84	0x63eb66: mov    rcx,r14 | 0x63eb69: call   QWORD PTR [rax+0x38] | 0x63eb6c: cmp    eax,DWORD PTR [r15+0x4] | 0x63eb70: jne    0x14063eb7a | 0x63eb72: test   sil,sil
reference	owner	0x63dd90	0x63eb82	jmp	0x63eb20	0x63eb72: test   sil,sil | 0x63eb75: je     0x14063eb84 | 0x63eb77: mov    r12,r14 | 0x63eb7a: mov    r14,QWORD PTR [rbp-0x59] | 0x63eb7e: add    rbx,0x8
reference	owner	0x63dd90	0x63eb8c	jmp	0x63eb20	0x63eb7a: mov    r14,QWORD PTR [rbp-0x59] | 0x63eb7e: add    rbx,0x8 | 0x63eb82: jmp    0x14063eb20 | 0x63eb84: mov    QWORD PTR [rbp-0x59],r14 | 0x63eb88: add    rbx,0x8
reference	owner	0x63dd90	0x63eb91	je	0x63edf4	0x63eb82: jmp    0x14063eb20 | 0x63eb84: mov    QWORD PTR [rbp-0x59],r14 | 0x63eb88: add    rbx,0x8 | 0x63eb8c: jmp    0x14063eb20 | 0x63eb8e: test   r14,r14
reference	owner	0x63dd90	0x63ebd4	je	0x63ebf0	0x63ebbe: mov    QWORD PTR [rax+0x18],0xf | 0x63ebc6: mov    BYTE PTR [rax],r12b | 0x63ebc9: mov    QWORD PTR [rbp-0x61],rax | 0x63ebcd: lea    rcx,[rbp-0x51] | 0x63ebd1: cmp    rax,rcx
reference	owner	0x63dd90	0x63ec2b	je	0x63ec7e	0x63ec1a: mov    rax,rbx | 0x63ec1d: mov    rsi,QWORD PTR [rbp-0x31] | 0x63ec21: sub    rax,rsi | 0x63ec24: sar    rax,0x3 | 0x63ec28: test   rax,rax
reference	owner	0x63dd90	0x63ec3d	je	0x63ec54	0x63ec2d: lea    r14,[rsi+0x8] | 0x63ec31: mov    r15,rsi | 0x63ec34: neg    r15 | 0x63ec37: mov    rdi,QWORD PTR [rsi] | 0x63ec3a: test   rdi,rdi
reference	owner	0x63dd90	0x63ec74	jne	0x63ec37	0x63ec60: call   0x14153ae1a | 0x63ec65: sub    rbx,0x8 | 0x63ec69: lea    rax,[r15+rbx*1] | 0x63ec6d: sar    rax,0x3 | 0x63ec71: test   rax,rax
reference	owner	0x63dd90	0x63ecd1	je	0x63ece0	0x63ecb4: lea    rdx,[rip+0xfac83d]        # 0x1415eb4f8 | 0x63ecbb: mov    rcx,rax | 0x63ecbe: call   0x14006f8d0 | 0x63ecc3: mov    rdx,QWORD PTR [rsi+0x1338] | 0x63ecca: cmp    rdx,QWORD PTR [rsi+0x1340]
reference	owner	0x63dd90	0x63ecde	jmp	0x63ecf0	0x63ecc3: mov    rdx,QWORD PTR [rsi+0x1338] | 0x63ecca: cmp    rdx,QWORD PTR [rsi+0x1340] | 0x63ecd1: je     0x14063ece0 | 0x63ecd3: mov    QWORD PTR [rdx],rbx | 0x63ecd6: add    QWORD PTR [rsi+0x1338],0x8
reference	owner	0x63dd90	0x63ecf8	jb	0x63ed2d	0x63ece0: lea    r8,[rbp-0x61] | 0x63ece4: lea    rcx,[rsi+0x1330] | 0x63eceb: call   0x1400bad30 | 0x63ecf0: mov    rdi,QWORD PTR [rbp-0x39] | 0x63ecf4: cmp    rdi,0x10
reference	owner	0x63dd90	0x63ed28	jmp	0x63edbb	0x63ed0f: mov    r8d,0x10 | 0x63ed15: lea    rdx,[rip+0x1023344]        # 0x141662060 | 0x63ed1c: mov    rcx,rbx | 0x63ed1f: call   0x14153ae1a | 0x63ed24: mov    BYTE PTR [rbx+0x10],0x0
reference	owner	0x63dd90	0x63ed46	ja	0x63ed59	0x63ed30: shr    rcx,1 | 0x63ed33: movabs r15,0x7fffffffffffffff | 0x63ed3d: mov    rax,r15 | 0x63ed40: sub    rax,rcx | 0x63ed43: cmp    rdi,rax
reference	owner	0x63dd90	0x63ed83	jbe	0x63edb7	0x63ed6d: mov    QWORD PTR [rbp-0x39],r15 | 0x63ed71: movups xmm0,XMMWORD PTR [rip+0x10232e8]        # 0x141662060 | 0x63ed78: movups XMMWORD PTR [rax],xmm0 | 0x63ed7b: mov    BYTE PTR [rax+0x10],0x0 | 0x63ed7f: cmp    rdi,0xf
reference	owner	0x63dd90	0x63ed97	jb	0x63edb2	0x63ed83: jbe    0x14063edb7 | 0x63ed85: lea    rdx,[rdi+0x1] | 0x63ed89: mov    rcx,QWORD PTR [rbp-0x51] | 0x63ed8d: mov    rax,rcx | 0x63ed90: cmp    rdx,0x1000
reference	owner	0x63dd90	0x63edac	ja	0x63f02a	0x63ed99: add    rdx,0x27 | 0x63ed9d: mov    rcx,QWORD PTR [rcx-0x8] | 0x63eda1: sub    rax,rcx | 0x63eda4: add    rax,0xfffffffffffffff8 | 0x63eda8: cmp    rax,0x1f
reference	owner	0x63dd90	0x63edef	jmp	0x63f075	0x63edd4: call   0x140b94090 | 0x63edd9: mov    r8d,0x1 | 0x63eddf: lea    rdx,[rip+0xfa97ce]        # 0x1415e85b4 | 0x63ede6: lea    rcx,[rbp-0x51] | 0x63edea: call   0x14006fa10
reference	owner	0x63dd90	0x63edf7	je	0x63f071	0x63eddf: lea    rdx,[rip+0xfa97ce]        # 0x1415e85b4 | 0x63ede6: lea    rcx,[rbp-0x51] | 0x63edea: call   0x14006fa10 | 0x63edef: jmp    0x14063f075 | 0x63edf4: test   r12,r12
reference	owner	0x63dd90	0x63ee3a	je	0x63ee56	0x63ee24: mov    QWORD PTR [rax+0x18],0xf | 0x63ee2c: mov    BYTE PTR [rax],r14b | 0x63ee2f: mov    QWORD PTR [rbp-0x61],rax | 0x63ee33: lea    rcx,[rbp-0x51] | 0x63ee37: cmp    rax,rcx
reference	owner	0x63dd90	0x63ee91	je	0x63eee6	0x63ee80: mov    rax,rbx | 0x63ee83: mov    rsi,QWORD PTR [rbp-0x31] | 0x63ee87: sub    rax,rsi | 0x63ee8a: sar    rax,0x3 | 0x63ee8e: test   rax,rax
reference	owner	0x63dd90	0x63eea6	je	0x63eebd	0x63ee97: mov    r15,rsi | 0x63ee9a: neg    r15 | 0x63ee9d: nop    DWORD PTR [rax] | 0x63eea0: mov    rdi,QWORD PTR [rsi] | 0x63eea3: test   rdi,rdi
reference	owner	0x63dd90	0x63eedd	jne	0x63eea0	0x63eec9: call   0x14153ae1a | 0x63eece: sub    rbx,0x8 | 0x63eed2: lea    rax,[r15+rbx*1] | 0x63eed6: sar    rax,0x3 | 0x63eeda: test   rax,rax
reference	owner	0x63dd90	0x63ef39	je	0x63ef48	0x63ef1c: lea    rdx,[rip+0xfac5d5]        # 0x1415eb4f8 | 0x63ef23: mov    rcx,rax | 0x63ef26: call   0x14006f8d0 | 0x63ef2b: mov    rdx,QWORD PTR [rsi+0x1338] | 0x63ef32: cmp    rdx,QWORD PTR [rsi+0x1340]
reference	owner	0x63dd90	0x63ef46	jmp	0x63ef58	0x63ef2b: mov    rdx,QWORD PTR [rsi+0x1338] | 0x63ef32: cmp    rdx,QWORD PTR [rsi+0x1340] | 0x63ef39: je     0x14063ef48 | 0x63ef3b: mov    QWORD PTR [rdx],rbx | 0x63ef3e: add    QWORD PTR [rsi+0x1338],0x8
reference	owner	0x63dd90	0x63ef60	jb	0x63ef93	0x63ef48: lea    r8,[rbp-0x61] | 0x63ef4c: lea    rcx,[rsi+0x1330] | 0x63ef53: call   0x1400bad30 | 0x63ef58: mov    rdi,QWORD PTR [rbp-0x39] | 0x63ef5c: cmp    rdi,0xd
reference	owner	0x63dd90	0x63ef8e	jmp	0x63f03a	0x63ef78: mov    r8d,eax | 0x63ef7b: lea    rdx,[rip+0x10230f6]        # 0x141662078 | 0x63ef82: mov    rcx,rbx | 0x63ef85: call   0x14153ae1a | 0x63ef8a: mov    BYTE PTR [rbx+0xd],0x0
reference	owner	0x63dd90	0x63efac	ja	0x63efbf	0x63ef96: shr    rcx,1 | 0x63ef99: movabs r15,0x7fffffffffffffff | 0x63efa3: mov    rax,r15 | 0x63efa6: sub    rax,rcx | 0x63efa9: cmp    rdi,rax
reference	owner	0x63dd90	0x63efff	jbe	0x63f036	0x63efea: mov    DWORD PTR [rbx+0x8],ecx | 0x63efed: movzx  ecx,BYTE PTR [rip+0x1023090]        # 0x141662084 | 0x63eff4: mov    BYTE PTR [rbx+0xc],cl | 0x63eff7: mov    BYTE PTR [rbx+0xd],0x0 | 0x63effb: cmp    rdi,0xf
reference	owner	0x63dd90	0x63f013	jb	0x63f031	0x63efff: jbe    0x14063f036 | 0x63f001: lea    rdx,[rdi+0x1] | 0x63f005: mov    rcx,QWORD PTR [rbp-0x51] | 0x63f009: mov    rax,rcx | 0x63f00c: cmp    rdx,0x1000
reference	owner	0x63dd90	0x63f028	jbe	0x63f031	0x63f015: add    rdx,0x27 | 0x63f019: mov    rcx,QWORD PTR [rcx-0x8] | 0x63f01d: sub    rax,rcx | 0x63f020: add    rax,0xfffffffffffffff8 | 0x63f024: cmp    rax,0x1f
reference	owner	0x63dd90	0x63f06f	jmp	0x63f075	0x63f054: call   0x140b94090 | 0x63f059: mov    r8d,0xb | 0x63f05f: lea    rdx,[rip+0x1023022]        # 0x141662088 | 0x63f066: lea    rcx,[rbp-0x51] | 0x63f06a: call   0x14006fa10
reference	domain-field	0x756500	0x756543	ja	0x756579	0x75652a: mov    QWORD PTR [rsp+0x30],r8 | 0x75652f: mov    QWORD PTR [rsp+0x38],0xf | 0x756538: mov    BYTE PTR [rsp+0x20],r8b | 0x75653d: lea    eax,[rdi-0x13] | 0x756540: cmp    eax,0x6b
reference	domain-field	0x756500	0x756560	indirect-jump	jmp    rcx	
reference	domain-field	0x756500	0x756577	jmp	0x75658d	0x756560: jmp    rcx | 0x756562: mov    r8d,0x4 | 0x756568: lea    rdx,[rip+0xe928d9]        # 0x1415e8e48 | 0x75656f: mov    rcx,rbx | 0x756572: call   0x14006f8d0
reference	domain-field	0x756500	0x756585	jbe	0x75658a	0x756572: call   0x14006f8d0 | 0x756577: jmp    0x14075658d | 0x756579: mov    QWORD PTR [rbx+0x10],r8 | 0x75657d: mov    rax,rbx | 0x756580: cmp    QWORD PTR [rbx+0x18],0xf
reference	domain-field	0x756500	0x7565c2	jbe	0x7565f9	0x7565b0: mov    rcx,rbx | 0x7565b3: call   0x14006fa10 | 0x7565b8: nop | 0x7565b9: mov    rdx,QWORD PTR [rsp+0x38] | 0x7565be: cmp    rdx,0xf
reference	domain-field	0x756500	0x7565d6	jb	0x7565f4	0x7565c2: jbe    0x1407565f9 | 0x7565c4: inc    rdx | 0x7565c7: mov    rcx,QWORD PTR [rsp+0x20] | 0x7565cc: mov    rax,rcx | 0x7565cf: cmp    rdx,0x1000
reference	domain-field	0x756500	0x7565eb	jbe	0x7565f4	0x7565d8: add    rdx,0x27 | 0x7565dc: mov    rcx,QWORD PTR [rcx-0x8] | 0x7565e0: sub    rax,rcx | 0x7565e3: add    rax,0xfffffffffffffff8 | 0x7565e7: cmp    rax,0x1f
reference	sphere-field	0x756690	0x75669c	ja	0x75715f	0x756690: movsx  rax,cx | 0x756694: mov    r9,rdx | 0x756697: cmp    eax,0x81
reference	sphere-field	0x756690	0x7566b3	indirect-jump	jmp    rcx	
reference	sphere-field	0x756690	0x7566c5	jmp	0x6f8d0	0x7566b0: add    rcx,rdx | 0x7566b3: jmp    rcx | 0x7566b5: lea    rdx,[rip+0xf4b44c]        # 0x1416a1b08 | 0x7566bc: mov    r8d,0xb | 0x7566c2: mov    rcx,r9
reference	sphere-field	0x756690	0x7566da	jmp	0x6f8d0	0x7566c2: mov    rcx,r9 | 0x7566c5: jmp    0x14006f8d0 | 0x7566ca: lea    rdx,[rip+0xf4ab7f]        # 0x1416a1250 | 0x7566d1: mov    r8d,0x7 | 0x7566d7: mov    rcx,r9
reference	sphere-field	0x756690	0x7566ef	jmp	0x6f8d0	0x7566d7: mov    rcx,r9 | 0x7566da: jmp    0x14006f8d0 | 0x7566df: lea    rdx,[rip+0xf4ab72]        # 0x1416a1258 | 0x7566e6: mov    r8d,0x3 | 0x7566ec: mov    rcx,r9
reference	sphere-field	0x756690	0x756704	jmp	0x6f8d0	0x7566ec: mov    rcx,r9 | 0x7566ef: jmp    0x14006f8d0 | 0x7566f4: lea    rdx,[rip+0xf4ab65]        # 0x1416a1260 | 0x7566fb: mov    r8d,0x7 | 0x756701: mov    rcx,r9
reference	sphere-field	0x756690	0x756719	jmp	0x6f8d0	0x756701: mov    rcx,r9 | 0x756704: jmp    0x14006f8d0 | 0x756709: lea    rdx,[rip+0xf4ab58]        # 0x1416a1268 | 0x756710: mov    r8d,0x6 | 0x756716: mov    rcx,r9
reference	sphere-field	0x756690	0x75672e	jmp	0x6f8d0	0x756716: mov    rcx,r9 | 0x756719: jmp    0x14006f8d0 | 0x75671e: lea    rdx,[rip+0xf4ab4b]        # 0x1416a1270 | 0x756725: mov    r8d,0x5 | 0x75672b: mov    rcx,r9
reference	sphere-field	0x756690	0x756743	jmp	0x6f8d0	0x75672b: mov    rcx,r9 | 0x75672e: jmp    0x14006f8d0 | 0x756733: lea    rdx,[rip+0xf4ab3e]        # 0x1416a1278 | 0x75673a: mov    r8d,0x6 | 0x756740: mov    rcx,r9
reference	sphere-field	0x756690	0x756758	jmp	0x6f8d0	0x756740: mov    rcx,r9 | 0x756743: jmp    0x14006f8d0 | 0x756748: lea    rdx,[rip+0xf4ab31]        # 0x1416a1280 | 0x75674f: mov    r8d,0xa | 0x756755: mov    rcx,r9
reference	sphere-field	0x756690	0x75676d	jmp	0x6f8d0	0x756755: mov    rcx,r9 | 0x756758: jmp    0x14006f8d0 | 0x75675d: lea    rdx,[rip+0xf4ab2c]        # 0x1416a1290 | 0x756764: mov    r8d,0x7 | 0x75676a: mov    rcx,r9
reference	sphere-field	0x756690	0x756782	jmp	0x6f8d0	0x75676a: mov    rcx,r9 | 0x75676d: jmp    0x14006f8d0 | 0x756772: lea    rdx,[rip+0xf4ab1f]        # 0x1416a1298 | 0x756779: mov    r8d,0x5 | 0x75677f: mov    rcx,r9
reference	sphere-field	0x756690	0x756797	jmp	0x6f8d0	0x75677f: mov    rcx,r9 | 0x756782: jmp    0x14006f8d0 | 0x756787: lea    rdx,[rip+0xf4ab12]        # 0x1416a12a0 | 0x75678e: mov    r8d,0x7 | 0x756794: mov    rcx,r9
reference	sphere-field	0x756690	0x7567ac	jmp	0x6f8d0	0x756794: mov    rcx,r9 | 0x756797: jmp    0x14006f8d0 | 0x75679c: lea    rdx,[rip+0xf4ab05]        # 0x1416a12a8 | 0x7567a3: mov    r8d,0x8 | 0x7567a9: mov    rcx,r9
reference	sphere-field	0x756690	0x7567c1	jmp	0x6f8d0	0x7567a9: mov    rcx,r9 | 0x7567ac: jmp    0x14006f8d0 | 0x7567b1: lea    rdx,[rip+0xf4aafc]        # 0x1416a12b4 | 0x7567b8: mov    r8d,0x6 | 0x7567be: mov    rcx,r9
reference	sphere-field	0x756690	0x7567d6	jmp	0x6f8d0	0x7567be: mov    rcx,r9 | 0x7567c1: jmp    0x14006f8d0 | 0x7567c6: lea    rdx,[rip+0xf4aaf3]        # 0x1416a12c0 | 0x7567cd: mov    r8d,0xb | 0x7567d3: mov    rcx,r9
reference	sphere-field	0x756690	0x7567eb	jmp	0x6f8d0	0x7567d3: mov    rcx,r9 | 0x7567d6: jmp    0x14006f8d0 | 0x7567db: lea    rdx,[rip+0xf4aaee]        # 0x1416a12d0 | 0x7567e2: mov    r8d,0x7 | 0x7567e8: mov    rcx,r9
reference	sphere-field	0x756690	0x756800	jmp	0x6f8d0	0x7567e8: mov    rcx,r9 | 0x7567eb: jmp    0x14006f8d0 | 0x7567f0: lea    rdx,[rip+0xf4aae1]        # 0x1416a12d8 | 0x7567f7: mov    r8d,0x6 | 0x7567fd: mov    rcx,r9
reference	sphere-field	0x756690	0x756815	jmp	0x6f8d0	0x7567fd: mov    rcx,r9 | 0x756800: jmp    0x14006f8d0 | 0x756805: lea    rdx,[rip+0xf4aad4]        # 0x1416a12e0 | 0x75680c: mov    r8d,0x8 | 0x756812: mov    rcx,r9
reference	sphere-field	0x756690	0x75682a	jmp	0x6f8d0	0x756812: mov    rcx,r9 | 0x756815: jmp    0x14006f8d0 | 0x75681a: lea    rdx,[rip+0xe9779f]        # 0x1415edfc0 | 0x756821: mov    r8d,0x5 | 0x756827: mov    rcx,r9
reference	sphere-field	0x756690	0x75683f	jmp	0x6f8d0	0x756827: mov    rcx,r9 | 0x75682a: jmp    0x14006f8d0 | 0x75682f: lea    rdx,[rip+0xf4acfa]        # 0x1416a1530 | 0x756836: mov    r8d,0x8 | 0x75683c: mov    rcx,r9
reference	sphere-field	0x756690	0x756854	jmp	0x6f8d0	0x75683c: mov    rcx,r9 | 0x75683f: jmp    0x14006f8d0 | 0x756844: lea    rdx,[rip+0xf19eb1]        # 0x1416706fc | 0x75684b: mov    r8d,0x4 | 0x756851: mov    rcx,r9
reference	sphere-field	0x756690	0x756869	jmp	0x6f8d0	0x756851: mov    rcx,r9 | 0x756854: jmp    0x14006f8d0 | 0x756859: lea    rdx,[rip+0xf19ea4]        # 0x141670704 | 0x756860: mov    r8d,0x3 | 0x756866: mov    rcx,r9
reference	sphere-field	0x756690	0x75687e	jmp	0x6f8d0	0x756866: mov    rcx,r9 | 0x756869: jmp    0x14006f8d0 | 0x75686e: lea    rdx,[rip+0xe9753f]        # 0x1415eddb4 | 0x756875: mov    r8d,0x5 | 0x75687b: mov    rcx,r9
reference	sphere-field	0x756690	0x756893	jmp	0x6f8d0	0x75687b: mov    rcx,r9 | 0x75687e: jmp    0x14006f8d0 | 0x756883: lea    rdx,[rip+0xf4acb6]        # 0x1416a1540 | 0x75688a: mov    r8d,0x9 | 0x756890: mov    rcx,r9
reference	sphere-field	0x756690	0x7568a8	jmp	0x6f8d0	0x756890: mov    rcx,r9 | 0x756893: jmp    0x14006f8d0 | 0x756898: lea    rdx,[rip+0xf4acb1]        # 0x1416a1550 | 0x75689f: mov    r8d,0x9 | 0x7568a5: mov    rcx,r9
reference	sphere-field	0x756690	0x7568bd	jmp	0x6f8d0	0x7568a5: mov    rcx,r9 | 0x7568a8: jmp    0x14006f8d0 | 0x7568ad: lea    rdx,[rip+0xf4acac]        # 0x1416a1560 | 0x7568b4: mov    r8d,0xa | 0x7568ba: mov    rcx,r9
reference	sphere-field	0x756690	0x7568d2	jmp	0x6f8d0	0x7568ba: mov    rcx,r9 | 0x7568bd: jmp    0x14006f8d0 | 0x7568c2: lea    rdx,[rip+0xf4aca7]        # 0x1416a1570 | 0x7568c9: mov    r8d,0x7 | 0x7568cf: mov    rcx,r9
reference	sphere-field	0x756690	0x7568e7	jmp	0x6f8d0	0x7568cf: mov    rcx,r9 | 0x7568d2: jmp    0x14006f8d0 | 0x7568d7: lea    rdx,[rip+0xf4ac9a]        # 0x1416a1578 | 0x7568de: mov    r8d,0x6 | 0x7568e4: mov    rcx,r9
reference	sphere-field	0x756690	0x7568fc	jmp	0x6f8d0	0x7568e4: mov    rcx,r9 | 0x7568e7: jmp    0x14006f8d0 | 0x7568ec: lea    rdx,[rip+0xf4ac8d]        # 0x1416a1580 | 0x7568f3: mov    r8d,0x4 | 0x7568f9: mov    rcx,r9
reference	sphere-field	0x756690	0x756911	jmp	0x6f8d0	0x7568f9: mov    rcx,r9 | 0x7568fc: jmp    0x14006f8d0 | 0x756901: lea    rdx,[rip+0xf1e2f8]        # 0x141674c00 | 0x756908: mov    r8d,0x4 | 0x75690e: mov    rcx,r9
reference	sphere-field	0x756690	0x756926	jmp	0x6f8d0	0x75690e: mov    rcx,r9 | 0x756911: jmp    0x14006f8d0 | 0x756916: lea    rdx,[rip+0xf4ac6b]        # 0x1416a1588 | 0x75691d: mov    r8d,0x5 | 0x756923: mov    rcx,r9
reference	sphere-field	0x756690	0x75693b	jmp	0x6f8d0	0x756923: mov    rcx,r9 | 0x756926: jmp    0x14006f8d0 | 0x75692b: lea    rdx,[rip+0xeeacca]        # 0x1416415fc | 0x756932: mov    r8d,0x6 | 0x756938: mov    rcx,r9
reference	sphere-field	0x756690	0x756950	jmp	0x6f8d0	0x756938: mov    rcx,r9 | 0x75693b: jmp    0x14006f8d0 | 0x756940: lea    rdx,[rip+0xf4ac49]        # 0x1416a1590 | 0x756947: mov    r8d,0x4 | 0x75694d: mov    rcx,r9
reference	sphere-field	0x756690	0x756965	jmp	0x6f8d0	0x75694d: mov    rcx,r9 | 0x756950: jmp    0x14006f8d0 | 0x756955: lea    rdx,[rip+0xf4ac3c]        # 0x1416a1598 | 0x75695c: mov    r8d,0x4 | 0x756962: mov    rcx,r9
reference	sphere-field	0x756690	0x75697a	jmp	0x6f8d0	0x756962: mov    rcx,r9 | 0x756965: jmp    0x14006f8d0 | 0x75696a: lea    rdx,[rip+0xf4ac2f]        # 0x1416a15a0 | 0x756971: mov    r8d,0x9 | 0x756977: mov    rcx,r9
reference	sphere-field	0x756690	0x75698f	jmp	0x6f8d0	0x756977: mov    rcx,r9 | 0x75697a: jmp    0x14006f8d0 | 0x75697f: lea    rdx,[rip+0xf4ac2a]        # 0x1416a15b0 | 0x756986: mov    r8d,0x9 | 0x75698c: mov    rcx,r9
reference	sphere-field	0x756690	0x7569a4	jmp	0x6f8d0	0x75698c: mov    rcx,r9 | 0x75698f: jmp    0x14006f8d0 | 0x756994: lea    rdx,[rip+0xf4ac21]        # 0x1416a15bc | 0x75699b: mov    r8d,0x4 | 0x7569a1: mov    rcx,r9
reference	sphere-field	0x756690	0x7569b9	jmp	0x6f8d0	0x7569a1: mov    rcx,r9 | 0x7569a4: jmp    0x14006f8d0 | 0x7569a9: lea    rdx,[rip+0xf4a840]        # 0x1416a11f0 | 0x7569b0: mov    r8d,0x4 | 0x7569b6: mov    rcx,r9
reference	sphere-field	0x756690	0x7569ce	jmp	0x6f8d0	0x7569b6: mov    rcx,r9 | 0x7569b9: jmp    0x14006f8d0 | 0x7569be: lea    rdx,[rip+0xf4ac03]        # 0x1416a15c8 | 0x7569c5: mov    r8d,0x7 | 0x7569cb: mov    rcx,r9
reference	sphere-field	0x756690	0x7569e3	jmp	0x6f8d0	0x7569cb: mov    rcx,r9 | 0x7569ce: jmp    0x14006f8d0 | 0x7569d3: lea    rdx,[rip+0xf4abf6]        # 0x1416a15d0 | 0x7569da: mov    r8d,0x4 | 0x7569e0: mov    rcx,r9
reference	sphere-field	0x756690	0x7569f8	jmp	0x6f8d0	0x7569e0: mov    rcx,r9 | 0x7569e3: jmp    0x14006f8d0 | 0x7569e8: lea    rdx,[rip+0xf4abe9]        # 0x1416a15d8 | 0x7569ef: mov    r8d,0xb | 0x7569f5: mov    rcx,r9
reference	sphere-field	0x756690	0x756a0d	jmp	0x6f8d0	0x7569f5: mov    rcx,r9 | 0x7569f8: jmp    0x14006f8d0 | 0x7569fd: lea    rdx,[rip+0xf4aa6c]        # 0x1416a1470 | 0x756a04: mov    r8d,0xa | 0x756a0a: mov    rcx,r9
reference	sphere-field	0x756690	0x756a22	jmp	0x6f8d0	0x756a0a: mov    rcx,r9 | 0x756a0d: jmp    0x14006f8d0 | 0x756a12: lea    rdx,[rip+0xf4aa67]        # 0x1416a1480 | 0x756a19: mov    r8d,0x7 | 0x756a1f: mov    rcx,r9
reference	sphere-field	0x756690	0x756a37	jmp	0x6f8d0	0x756a1f: mov    rcx,r9 | 0x756a22: jmp    0x14006f8d0 | 0x756a27: lea    rdx,[rip+0xf4a7ca]        # 0x1416a11f8 | 0x756a2e: mov    r8d,0x8 | 0x756a34: mov    rcx,r9
reference	sphere-field	0x756690	0x756a4c	jmp	0x6f8d0	0x756a34: mov    rcx,r9 | 0x756a37: jmp    0x14006f8d0 | 0x756a3c: lea    rdx,[rip+0xf4aa45]        # 0x1416a1488 | 0x756a43: mov    r8d,0x5 | 0x756a49: mov    rcx,r9
reference	sphere-field	0x756690	0x756a61	jmp	0x6f8d0	0x756a49: mov    rcx,r9 | 0x756a4c: jmp    0x14006f8d0 | 0x756a51: lea    rdx,[rip+0xf4aa38]        # 0x1416a1490 | 0x756a58: mov    r8d,0xa | 0x756a5e: mov    rcx,r9
reference	sphere-field	0x756690	0x756a76	jmp	0x6f8d0	0x756a5e: mov    rcx,r9 | 0x756a61: jmp    0x14006f8d0 | 0x756a66: lea    rdx,[rip+0xf19feb]        # 0x141670a58 | 0x756a6d: mov    r8d,0x9 | 0x756a73: mov    rcx,r9
reference	sphere-field	0x756690	0x756a8b	jmp	0x6f8d0	0x756a73: mov    rcx,r9 | 0x756a76: jmp    0x14006f8d0 | 0x756a7b: lea    rdx,[rip+0xf4a786]        # 0x1416a1208 | 0x756a82: mov    r8d,0x7 | 0x756a88: mov    rcx,r9
reference	sphere-field	0x756690	0x756aa0	jmp	0x6f8d0	0x756a88: mov    rcx,r9 | 0x756a8b: jmp    0x14006f8d0 | 0x756a90: lea    rdx,[rip+0xf4aa09]        # 0x1416a14a0 | 0x756a97: mov    r8d,0xb | 0x756a9d: mov    rcx,r9
reference	sphere-field	0x756690	0x756ab5	jmp	0x6f8d0	0x756a9d: mov    rcx,r9 | 0x756aa0: jmp    0x14006f8d0 | 0x756aa5: lea    rdx,[rip+0xf4a764]        # 0x1416a1210 | 0x756aac: mov    r8d,0x7 | 0x756ab2: mov    rcx,r9
reference	sphere-field	0x756690	0x756aca	jmp	0x6f8d0	0x756ab2: mov    rcx,r9 | 0x756ab5: jmp    0x14006f8d0 | 0x756aba: lea    rdx,[rip+0xf4a9ef]        # 0x1416a14b0 | 0x756ac1: mov    r8d,0xb | 0x756ac7: mov    rcx,r9
reference	sphere-field	0x756690	0x756adf	jmp	0x6f8d0	0x756ac7: mov    rcx,r9 | 0x756aca: jmp    0x14006f8d0 | 0x756acf: lea    rdx,[rip+0xf4a9ea]        # 0x1416a14c0 | 0x756ad6: mov    r8d,0x8 | 0x756adc: mov    rcx,r9
reference	sphere-field	0x756690	0x756af4	jmp	0x6f8d0	0x756adc: mov    rcx,r9 | 0x756adf: jmp    0x14006f8d0 | 0x756ae4: lea    rdx,[rip+0xf4a9e1]        # 0x1416a14cc | 0x756aeb: mov    r8d,0x6 | 0x756af1: mov    rcx,r9
reference	sphere-field	0x756690	0x756b09	jmp	0x6f8d0	0x756af1: mov    rcx,r9 | 0x756af4: jmp    0x14006f8d0 | 0x756af9: lea    rdx,[rip+0xf4a9d8]        # 0x1416a14d8 | 0x756b00: mov    r8d,0x7 | 0x756b06: mov    rcx,r9
reference	sphere-field	0x756690	0x756b1e	jmp	0x6f8d0	0x756b06: mov    rcx,r9 | 0x756b09: jmp    0x14006f8d0 | 0x756b0e: lea    rdx,[rip+0xe97357]        # 0x1415ede6c | 0x756b15: mov    r8d,0x5 | 0x756b1b: mov    rcx,r9
reference	sphere-field	0x756690	0x756b33	jmp	0x6f8d0	0x756b1b: mov    rcx,r9 | 0x756b1e: jmp    0x14006f8d0 | 0x756b23: lea    rdx,[rip+0xf4a9b6]        # 0x1416a14e0 | 0x756b2a: mov    r8d,0x5 | 0x756b30: mov    rcx,r9
reference	sphere-field	0x756690	0x756b48	jmp	0x6f8d0	0x756b30: mov    rcx,r9 | 0x756b33: jmp    0x14006f8d0 | 0x756b38: lea    rdx,[rip+0xf4a9a9]        # 0x1416a14e8 | 0x756b3f: mov    r8d,0x4 | 0x756b45: mov    rcx,r9
reference	sphere-field	0x756690	0x756b5d	jmp	0x6f8d0	0x756b45: mov    rcx,r9 | 0x756b48: jmp    0x14006f8d0 | 0x756b4d: lea    rdx,[rip+0xf4a99c]        # 0x1416a14f0 | 0x756b54: mov    r8d,0x4 | 0x756b5a: mov    rcx,r9
reference	sphere-field	0x756690	0x756b72	jmp	0x6f8d0	0x756b5a: mov    rcx,r9 | 0x756b5d: jmp    0x14006f8d0 | 0x756b62: lea    rdx,[rip+0xf1f513]        # 0x14167607c | 0x756b69: mov    r8d,0x5 | 0x756b6f: mov    rcx,r9
reference	sphere-field	0x756690	0x756b87	jmp	0x6f8d0	0x756b6f: mov    rcx,r9 | 0x756b72: jmp    0x14006f8d0 | 0x756b77: lea    rdx,[rip+0xf4a97a]        # 0x1416a14f8 | 0x756b7e: mov    r8d,0x9 | 0x756b84: mov    rcx,r9
reference	sphere-field	0x756690	0x756b9c	jmp	0x6f8d0	0x756b84: mov    rcx,r9 | 0x756b87: jmp    0x14006f8d0 | 0x756b8c: lea    rdx,[rip+0xf4a975]        # 0x1416a1508 | 0x756b93: mov    r8d,0x9 | 0x756b99: mov    rcx,r9
reference	sphere-field	0x756690	0x756bb1	jmp	0x6f8d0	0x756b99: mov    rcx,r9 | 0x756b9c: jmp    0x14006f8d0 | 0x756ba1: lea    rdx,[rip+0xeaba44]        # 0x1416025ec | 0x756ba8: mov    r8d,0x4 | 0x756bae: mov    rcx,r9
reference	sphere-field	0x756690	0x756bc6	jmp	0x6f8d0	0x756bae: mov    rcx,r9 | 0x756bb1: jmp    0x14006f8d0 | 0x756bb6: lea    rdx,[rip+0xeea9f3]        # 0x1416415b0 | 0x756bbd: mov    r8d,0x7 | 0x756bc3: mov    rcx,r9
reference	sphere-field	0x756690	0x756bdb	jmp	0x6f8d0	0x756bc3: mov    rcx,r9 | 0x756bc6: jmp    0x14006f8d0 | 0x756bcb: lea    rdx,[rip+0xf4a942]        # 0x1416a1514 | 0x756bd2: mov    r8d,0x4 | 0x756bd8: mov    rcx,r9
reference	sphere-field	0x756690	0x756bf0	jmp	0x6f8d0	0x756bd8: mov    rcx,r9 | 0x756bdb: jmp    0x14006f8d0 | 0x756be0: lea    rdx,[rip+0xf1a3c5]        # 0x141670fac | 0x756be7: mov    r8d,0x4 | 0x756bed: mov    rcx,r9
reference	sphere-field	0x756690	0x756c05	jmp	0x6f8d0	0x756bed: mov    rcx,r9 | 0x756bf0: jmp    0x14006f8d0 | 0x756bf5: lea    rdx,[rip+0xf4a924]        # 0x1416a1520 | 0x756bfc: mov    r8d,0x8 | 0x756c02: mov    rcx,r9
reference	sphere-field	0x756690	0x756c1a	jmp	0x6f8d0	0x756c02: mov    rcx,r9 | 0x756c05: jmp    0x14006f8d0 | 0x756c0a: lea    rdx,[rip+0xf4a7ab]        # 0x1416a13bc | 0x756c11: mov    r8d,0x5 | 0x756c17: mov    rcx,r9
reference	sphere-field	0x756690	0x756c2f	jmp	0x6f8d0	0x756c17: mov    rcx,r9 | 0x756c1a: jmp    0x14006f8d0 | 0x756c1f: lea    rdx,[rip+0xf4a79e]        # 0x1416a13c4 | 0x756c26: mov    r8d,0x6 | 0x756c2c: mov    rcx,r9
reference	sphere-field	0x756690	0x756c44	jmp	0x6f8d0	0x756c2c: mov    rcx,r9 | 0x756c2f: jmp    0x14006f8d0 | 0x756c34: lea    rdx,[rip+0xf4a795]        # 0x1416a13d0 | 0x756c3b: mov    r8d,0x8 | 0x756c41: mov    rcx,r9
reference	sphere-field	0x756690	0x756c59	jmp	0x6f8d0	0x756c41: mov    rcx,r9 | 0x756c44: jmp    0x14006f8d0 | 0x756c49: lea    rdx,[rip+0xf1a334]        # 0x141670f84 | 0x756c50: mov    r8d,0x6 | 0x756c56: mov    rcx,r9
reference	sphere-field	0x756690	0x756c6e	jmp	0x6f8d0	0x756c56: mov    rcx,r9 | 0x756c59: jmp    0x14006f8d0 | 0x756c5e: lea    rdx,[rip+0xf4a777]        # 0x1416a13dc | 0x756c65: mov    r8d,0x4 | 0x756c6b: mov    rcx,r9
reference	sphere-field	0x756690	0x756c83	jmp	0x6f8d0	0x756c6b: mov    rcx,r9 | 0x756c6e: jmp    0x14006f8d0 | 0x756c73: lea    rdx,[rip+0xf4a76a]        # 0x1416a13e4 | 0x756c7a: mov    r8d,0x4 | 0x756c80: mov    rcx,r9
reference	sphere-field	0x756690	0x756c98	jmp	0x6f8d0	0x756c80: mov    rcx,r9 | 0x756c83: jmp    0x14006f8d0 | 0x756c88: lea    rdx,[rip+0xef5819]        # 0x14164c4a8 | 0x756c8f: mov    r8d,0x9 | 0x756c95: mov    rcx,r9
reference	sphere-field	0x756690	0x756cad	jmp	0x6f8d0	0x756c95: mov    rcx,r9 | 0x756c98: jmp    0x14006f8d0 | 0x756c9d: lea    rdx,[rip+0xf4a748]        # 0x1416a13ec | 0x756ca4: mov    r8d,0x4 | 0x756caa: mov    rcx,r9
reference	sphere-field	0x756690	0x756cc2	jmp	0x6f8d0	0x756caa: mov    rcx,r9 | 0x756cad: jmp    0x14006f8d0 | 0x756cb2: lea    rdx,[rip+0xe9719b]        # 0x1415ede54 | 0x756cb9: mov    r8d,0x6 | 0x756cbf: mov    rcx,r9
reference	sphere-field	0x756690	0x756cd7	jmp	0x6f8d0	0x756cbf: mov    rcx,r9 | 0x756cc2: jmp    0x14006f8d0 | 0x756cc7: lea    rdx,[rip+0xe9483e]        # 0x1415eb50c | 0x756cce: mov    r8d,0x5 | 0x756cd4: mov    rcx,r9
reference	sphere-field	0x756690	0x756cec	jmp	0x6f8d0	0x756cd4: mov    rcx,r9 | 0x756cd7: jmp    0x14006f8d0 | 0x756cdc: lea    rdx,[rip+0xeeaa09]        # 0x1416416ec | 0x756ce3: mov    r8d,0x6 | 0x756ce9: mov    rcx,r9
reference	sphere-field	0x756690	0x756d01	jmp	0x6f8d0	0x756ce9: mov    rcx,r9 | 0x756cec: jmp    0x14006f8d0 | 0x756cf1: lea    rdx,[rip+0xf1973c]        # 0x141670434 | 0x756cf8: mov    r8d,0x5 | 0x756cfe: mov    rcx,r9
reference	sphere-field	0x756690	0x756d16	jmp	0x6f8d0	0x756cfe: mov    rcx,r9 | 0x756d01: jmp    0x14006f8d0 | 0x756d06: lea    rdx,[rip+0xf4a6eb]        # 0x1416a13f8 | 0x756d0d: mov    r8d,0xa | 0x756d13: mov    rcx,r9
reference	sphere-field	0x756690	0x756d2b	jmp	0x6f8d0	0x756d13: mov    rcx,r9 | 0x756d16: jmp    0x14006f8d0 | 0x756d1b: lea    rdx,[rip+0xf4a6e2]        # 0x1416a1404 | 0x756d22: mov    r8d,0x5 | 0x756d28: mov    rcx,r9
reference	sphere-field	0x756690	0x756d40	jmp	0x6f8d0	0x756d28: mov    rcx,r9 | 0x756d2b: jmp    0x14006f8d0 | 0x756d30: lea    rdx,[rip+0xf4a6d5]        # 0x1416a140c | 0x756d37: mov    r8d,0x6 | 0x756d3d: mov    rcx,r9
reference	sphere-field	0x756690	0x756d55	jmp	0x6f8d0	0x756d3d: mov    rcx,r9 | 0x756d40: jmp    0x14006f8d0 | 0x756d45: lea    rdx,[rip+0xe97080]        # 0x1415eddcc | 0x756d4c: mov    r8d,0x5 | 0x756d52: mov    rcx,r9
reference	sphere-field	0x756690	0x756d6a	jmp	0x6f8d0	0x756d52: mov    rcx,r9 | 0x756d55: jmp    0x14006f8d0 | 0x756d5a: lea    rdx,[rip+0xf4a6b7]        # 0x1416a1418 | 0x756d61: mov    r8d,0x8 | 0x756d67: mov    rcx,r9
reference	sphere-field	0x756690	0x756d7f	jmp	0x6f8d0	0x756d67: mov    rcx,r9 | 0x756d6a: jmp    0x14006f8d0 | 0x756d6f: lea    rdx,[rip+0xe97356]        # 0x1415ee0cc | 0x756d76: mov    r8d,0x5 | 0x756d7c: mov    rcx,r9
reference	sphere-field	0x756690	0x756d94	jmp	0x6f8d0	0x756d7c: mov    rcx,r9 | 0x756d7f: jmp    0x14006f8d0 | 0x756d84: lea    rdx,[rip+0xf4a69d]        # 0x1416a1428 | 0x756d8b: mov    r8d,0xa | 0x756d91: mov    rcx,r9
reference	sphere-field	0x756690	0x756da9	jmp	0x6f8d0	0x756d91: mov    rcx,r9 | 0x756d94: jmp    0x14006f8d0 | 0x756d99: lea    rdx,[rip+0xf4a694]        # 0x1416a1434 | 0x756da0: mov    r8d,0x6 | 0x756da6: mov    rcx,r9
reference	sphere-field	0x756690	0x756dbe	jmp	0x6f8d0	0x756da6: mov    rcx,r9 | 0x756da9: jmp    0x14006f8d0 | 0x756dae: lea    rdx,[rip+0xec4927]        # 0x14161b6dc | 0x756db5: mov    r8d,0x6 | 0x756dbb: mov    rcx,r9
reference	sphere-field	0x756690	0x756dd3	jmp	0x6f8d0	0x756dbb: mov    rcx,r9 | 0x756dbe: jmp    0x14006f8d0 | 0x756dc3: lea    rdx,[rip+0xf4a676]        # 0x1416a1440 | 0x756dca: mov    r8d,0x9 | 0x756dd0: mov    rcx,r9
reference	sphere-field	0x756690	0x756de8	jmp	0x6f8d0	0x756dd0: mov    rcx,r9 | 0x756dd3: jmp    0x14006f8d0 | 0x756dd8: lea    rdx,[rip+0xef51cd]        # 0x14164bfac | 0x756ddf: mov    r8d,0x4 | 0x756de5: mov    rcx,r9
reference	sphere-field	0x756690	0x756dfd	jmp	0x6f8d0	0x756de5: mov    rcx,r9 | 0x756de8: jmp    0x14006f8d0 | 0x756ded: lea    rdx,[rip+0xf4a65c]        # 0x1416a1450 | 0x756df4: mov    r8d,0x8 | 0x756dfa: mov    rcx,r9
reference	sphere-field	0x756690	0x756e12	jmp	0x6f8d0	0x756dfa: mov    rcx,r9 | 0x756dfd: jmp    0x14006f8d0 | 0x756e02: lea    rdx,[rip+0xf4a657]        # 0x1416a1460 | 0x756e09: mov    r8d,0x7 | 0x756e0f: mov    rcx,r9
reference	sphere-field	0x756690	0x756e27	jmp	0x6f8d0	0x756e0f: mov    rcx,r9 | 0x756e12: jmp    0x14006f8d0 | 0x756e17: lea    rdx,[rip+0xf4a64a]        # 0x1416a1468 | 0x756e1e: mov    r8d,0x7 | 0x756e24: mov    rcx,r9
reference	sphere-field	0x756690	0x756e3c	jmp	0x6f8d0	0x756e24: mov    rcx,r9 | 0x756e27: jmp    0x14006f8d0 | 0x756e2c: lea    rdx,[rip+0xf4a4ed]        # 0x1416a1320 | 0x756e33: mov    r8d,0x7 | 0x756e39: mov    rcx,r9
reference	sphere-field	0x756690	0x756e51	jmp	0x6f8d0	0x756e39: mov    rcx,r9 | 0x756e3c: jmp    0x14006f8d0 | 0x756e41: lea    rdx,[rip+0xf4a4e0]        # 0x1416a1328 | 0x756e48: mov    r8d,0x6 | 0x756e4e: mov    rcx,r9
reference	sphere-field	0x756690	0x756e66	jmp	0x6f8d0	0x756e4e: mov    rcx,r9 | 0x756e51: jmp    0x14006f8d0 | 0x756e56: lea    rdx,[rip+0xf4a4d3]        # 0x1416a1330 | 0x756e5d: mov    r8d,0x9 | 0x756e63: mov    rcx,r9
reference	sphere-field	0x756690	0x756e7b	jmp	0x6f8d0	0x756e63: mov    rcx,r9 | 0x756e66: jmp    0x14006f8d0 | 0x756e6b: lea    rdx,[rip+0xf4a4ca]        # 0x1416a133c | 0x756e72: mov    r8d,0x6 | 0x756e78: mov    rcx,r9
reference	sphere-field	0x756690	0x756e90	jmp	0x6f8d0	0x756e78: mov    rcx,r9 | 0x756e7b: jmp    0x14006f8d0 | 0x756e80: lea    rdx,[rip+0xeea881]        # 0x141641708 | 0x756e87: mov    r8d,0x9 | 0x756e8d: mov    rcx,r9
reference	sphere-field	0x756690	0x756ea5	jmp	0x6f8d0	0x756e8d: mov    rcx,r9 | 0x756e90: jmp    0x14006f8d0 | 0x756e95: lea    rdx,[rip+0xf4a4a8]        # 0x1416a1344 | 0x756e9c: mov    r8d,0x4 | 0x756ea2: mov    rcx,r9
reference	sphere-field	0x756690	0x756eba	jmp	0x6f8d0	0x756ea2: mov    rcx,r9 | 0x756ea5: jmp    0x14006f8d0 | 0x756eaa: lea    rdx,[rip+0xf4a49f]        # 0x1416a1350 | 0x756eb1: mov    r8d,0xb | 0x756eb7: mov    rcx,r9
reference	sphere-field	0x756690	0x756ecf	jmp	0x6f8d0	0x756eb7: mov    rcx,r9 | 0x756eba: jmp    0x14006f8d0 | 0x756ebf: lea    rdx,[rip+0xf4a49a]        # 0x1416a1360 | 0x756ec6: mov    r8d,0x7 | 0x756ecc: mov    rcx,r9
reference	sphere-field	0x756690	0x756ee4	jmp	0x6f8d0	0x756ecc: mov    rcx,r9 | 0x756ecf: jmp    0x14006f8d0 | 0x756ed4: lea    rdx,[rip+0xf4a48d]        # 0x1416a1368 | 0x756edb: mov    r8d,0x7 | 0x756ee1: mov    rcx,r9
reference	sphere-field	0x756690	0x756ef9	jmp	0x6f8d0	0x756ee1: mov    rcx,r9 | 0x756ee4: jmp    0x14006f8d0 | 0x756ee9: lea    rdx,[rip+0xef563c]        # 0x14164c52c | 0x756ef0: mov    r8d,0x3 | 0x756ef6: mov    rcx,r9
reference	sphere-field	0x756690	0x756f0e	jmp	0x6f8d0	0x756ef6: mov    rcx,r9 | 0x756ef9: jmp    0x14006f8d0 | 0x756efe: lea    rdx,[rip+0xe9260b]        # 0x1415e9510 | 0x756f05: mov    r8d,0x4 | 0x756f0b: mov    rcx,r9
reference	sphere-field	0x756690	0x756f23	jmp	0x6f8d0	0x756f0b: mov    rcx,r9 | 0x756f0e: jmp    0x14006f8d0 | 0x756f13: lea    rdx,[rip+0xf4a456]        # 0x1416a1370 | 0x756f1a: mov    r8d,0x6 | 0x756f20: mov    rcx,r9
reference	sphere-field	0x756690	0x756f38	jmp	0x6f8d0	0x756f20: mov    rcx,r9 | 0x756f23: jmp    0x14006f8d0 | 0x756f28: lea    rdx,[rip+0xf4a449]        # 0x1416a1378 | 0x756f2f: mov    r8d,0x5 | 0x756f35: mov    rcx,r9
reference	sphere-field	0x756690	0x756f4d	jmp	0x6f8d0	0x756f35: mov    rcx,r9 | 0x756f38: jmp    0x14006f8d0 | 0x756f3d: lea    rdx,[rip+0xf4a43c]        # 0x1416a1380 | 0x756f44: mov    r8d,0x6 | 0x756f4a: mov    rcx,r9
reference	sphere-field	0x756690	0x756f62	jmp	0x6f8d0	0x756f4a: mov    rcx,r9 | 0x756f4d: jmp    0x14006f8d0 | 0x756f52: lea    rdx,[rip+0xf0b07f]        # 0x141661fd8 | 0x756f59: mov    r8d,0x8 | 0x756f5f: mov    rcx,r9
reference	sphere-field	0x756690	0x756f77	jmp	0x6f8d0	0x756f5f: mov    rcx,r9 | 0x756f62: jmp    0x14006f8d0 | 0x756f67: lea    rdx,[rip+0xf4a41a]        # 0x1416a1388 | 0x756f6e: mov    r8d,0x7 | 0x756f74: mov    rcx,r9
reference	sphere-field	0x756690	0x756f8c	jmp	0x6f8d0	0x756f74: mov    rcx,r9 | 0x756f77: jmp    0x14006f8d0 | 0x756f7c: lea    rdx,[rip+0xf4a40d]        # 0x1416a1390 | 0x756f83: mov    r8d,0x3 | 0x756f89: mov    rcx,r9
reference	sphere-field	0x756690	0x756fa1	jmp	0x6f8d0	0x756f89: mov    rcx,r9 | 0x756f8c: jmp    0x14006f8d0 | 0x756f91: lea    rdx,[rip+0xe96f64]        # 0x1415edefc | 0x756f98: mov    r8d,0x5 | 0x756f9e: mov    rcx,r9
reference	sphere-field	0x756690	0x756fb6	jmp	0x6f8d0	0x756f9e: mov    rcx,r9 | 0x756fa1: jmp    0x14006f8d0 | 0x756fa6: lea    rdx,[rip+0xf4a3eb]        # 0x1416a1398 | 0x756fad: mov    r8d,0x9 | 0x756fb3: mov    rcx,r9
reference	sphere-field	0x756690	0x756fcb	jmp	0x6f8d0	0x756fb3: mov    rcx,r9 | 0x756fb6: jmp    0x14006f8d0 | 0x756fbb: lea    rdx,[rip+0xf4a3e6]        # 0x1416a13a8 | 0x756fc2: mov    r8d,0x7 | 0x756fc8: mov    rcx,r9
reference	sphere-field	0x756690	0x756fe0	jmp	0x6f8d0	0x756fc8: mov    rcx,r9 | 0x756fcb: jmp    0x14006f8d0 | 0x756fd0: lea    rdx,[rip+0xeeca81]        # 0x141643a58 | 0x756fd7: mov    r8d,0x7 | 0x756fdd: mov    rcx,r9
reference	sphere-field	0x756690	0x756ff5	jmp	0x6f8d0	0x756fdd: mov    rcx,r9 | 0x756fe0: jmp    0x14006f8d0 | 0x756fe5: lea    rdx,[rip+0xef8bd8]        # 0x14164fbc4 | 0x756fec: mov    r8d,0x5 | 0x756ff2: mov    rcx,r9
reference	sphere-field	0x756690	0x75700a	jmp	0x6f8d0	0x756ff2: mov    rcx,r9 | 0x756ff5: jmp    0x14006f8d0 | 0x756ffa: lea    rdx,[rip+0xf4a3af]        # 0x1416a13b0 | 0x757001: mov    r8d,0x9 | 0x757007: mov    rcx,r9
reference	sphere-field	0x756690	0x75701f	jmp	0x6f8d0	0x757007: mov    rcx,r9 | 0x75700a: jmp    0x14006f8d0 | 0x75700f: lea    rdx,[rip+0xf4aa8a]        # 0x1416a1aa0 | 0x757016: mov    r8d,0x9 | 0x75701c: mov    rcx,r9
reference	sphere-field	0x756690	0x757034	jmp	0x6f8d0	0x75701c: mov    rcx,r9 | 0x75701f: jmp    0x14006f8d0 | 0x757024: lea    rdx,[rip+0xf4aa81]        # 0x1416a1aac | 0x75702b: mov    r8d,0x5 | 0x757031: mov    rcx,r9
reference	sphere-field	0x756690	0x757049	jmp	0x6f8d0	0x757031: mov    rcx,r9 | 0x757034: jmp    0x14006f8d0 | 0x757039: lea    rdx,[rip+0xf4aa78]        # 0x1416a1ab8 | 0x757040: mov    r8d,0x8 | 0x757046: mov    rcx,r9
reference	sphere-field	0x756690	0x75705e	jmp	0x6f8d0	0x757046: mov    rcx,r9 | 0x757049: jmp    0x14006f8d0 | 0x75704e: lea    rdx,[rip+0xeea587]        # 0x1416415dc | 0x757055: mov    r8d,0x5 | 0x75705b: mov    rcx,r9
reference	sphere-field	0x756690	0x757073	jmp	0x6f8d0	0x75705b: mov    rcx,r9 | 0x75705e: jmp    0x14006f8d0 | 0x757063: lea    rdx,[rip+0xf4a28e]        # 0x1416a12f8 | 0x75706a: mov    r8d,0x8 | 0x757070: mov    rcx,r9
reference	sphere-field	0x756690	0x757088	jmp	0x6f8d0	0x757070: mov    rcx,r9 | 0x757073: jmp    0x14006f8d0 | 0x757078: lea    rdx,[rip+0xf4aa45]        # 0x1416a1ac4 | 0x75707f: mov    r8d,0x5 | 0x757085: mov    rcx,r9
reference	sphere-field	0x756690	0x75709d	jmp	0x6f8d0	0x757085: mov    rcx,r9 | 0x757088: jmp    0x14006f8d0 | 0x75708d: lea    rdx,[rip+0xf4aa3c]        # 0x1416a1ad0 | 0x757094: mov    r8d,0x7 | 0x75709a: mov    rcx,r9
reference	sphere-field	0x756690	0x7570b2	jmp	0x6f8d0	0x75709a: mov    rcx,r9 | 0x75709d: jmp    0x14006f8d0 | 0x7570a2: lea    rdx,[rip+0xf4aa2f]        # 0x1416a1ad8 | 0x7570a9: mov    r8d,0x8 | 0x7570af: mov    rcx,r9
reference	sphere-field	0x756690	0x7570c7	jmp	0x6f8d0	0x7570af: mov    rcx,r9 | 0x7570b2: jmp    0x14006f8d0 | 0x7570b7: lea    rdx,[rip+0xef2b26]        # 0x141649be4 | 0x7570be: mov    r8d,0x3 | 0x7570c4: mov    rcx,r9
reference	sphere-field	0x756690	0x7570dc	jmp	0x6f8d0	0x7570c4: mov    rcx,r9 | 0x7570c7: jmp    0x14006f8d0 | 0x7570cc: lea    rdx,[rip+0xef47a1]        # 0x14164b874 | 0x7570d3: mov    r8d,0x5 | 0x7570d9: mov    rcx,r9
reference	sphere-field	0x756690	0x7570f1	jmp	0x6f8d0	0x7570d9: mov    rcx,r9 | 0x7570dc: jmp    0x14006f8d0 | 0x7570e1: lea    rdx,[rip+0xf4a9fc]        # 0x1416a1ae4 | 0x7570e8: mov    r8d,0x6 | 0x7570ee: mov    rcx,r9
reference	sphere-field	0x756690	0x757106	jmp	0x6f8d0	0x7570ee: mov    rcx,r9 | 0x7570f1: jmp    0x14006f8d0 | 0x7570f6: lea    rdx,[rip+0xf1ddf3]        # 0x141674ef0 | 0x7570fd: mov    r8d,0x7 | 0x757103: mov    rcx,r9
reference	sphere-field	0x756690	0x75711b	jmp	0x6f8d0	0x757103: mov    rcx,r9 | 0x757106: jmp    0x14006f8d0 | 0x75710b: lea    rdx,[rip+0xf4a9da]        # 0x1416a1aec | 0x757112: mov    r8d,0x4 | 0x757118: mov    rcx,r9
reference	sphere-field	0x756690	0x757130	jmp	0x6f8d0	0x757118: mov    rcx,r9 | 0x75711b: jmp    0x14006f8d0 | 0x757120: lea    rdx,[rip+0xf4a9cd]        # 0x1416a1af4 | 0x757127: mov    r8d,0x6 | 0x75712d: mov    rcx,r9
reference	sphere-field	0x756690	0x757145	jmp	0x6f8d0	0x75712d: mov    rcx,r9 | 0x757130: jmp    0x14006f8d0 | 0x757135: lea    rdx,[rip+0xe96b64]        # 0x1415edca0 | 0x75713c: mov    r8d,0x7 | 0x757142: mov    rcx,r9
reference	sphere-field	0x756690	0x75715a	jmp	0x6f8d0	0x757142: mov    rcx,r9 | 0x757145: jmp    0x14006f8d0 | 0x75714a: lea    rdx,[rip+0xf4a9ab]        # 0x1416a1afc | 0x757151: mov    r8d,0x5 | 0x757157: mov    rcx,r9
reference	sphere-field	0x756690	0x75716f	jmp	0x6f8d0	0x757157: mov    rcx,r9 | 0x75715a: jmp    0x14006f8d0 | 0x75715f: lea    rdx,[rip+0xf4a1aa]        # 0x1416a1310 | 0x757166: mov    r8d,0x9 | 0x75716c: mov    rcx,r9
reference	force-place-field	0x5c3760	0x5c3796	js	0x5c37f6	0x5c3782: mov    rdi,QWORD PTR [rcx+0x240] | 0x5c3789: mov    rbp,rcx | 0x5c378c: sub    rdi,rax | 0x5c378f: sar    rdi,0x3 | 0x5c3793: sub    edi,0x1
reference	force-place-field	0x5c3760	0x5c37e8	jne	0x5c3811	0x5c37d2: call   0x1400babe0 | 0x5c37d7: cmp    BYTE PTR [rsp+0x28],0x0 | 0x5c37dc: mov    rax,rbx | 0x5c37df: cmovne rax,QWORD PTR [rsp+0x20] | 0x5c37e5: cmp    eax,0xffffffff
reference	force-place-field	0x5c3760	0x5c37f4	jns	0x5c37c0	0x5c37e5: cmp    eax,0xffffffff | 0x5c37e8: jne    0x1405c3811 | 0x5c37ea: dec    edi | 0x5c37ec: sub    r14,0x8 | 0x5c37f0: sub    rsi,0x1
reference	force-place-field	0x5c3760	0x5c381f	jmp	0x5c37f8	0x5c380f: pop    rdi | 0x5c3810: ret | 0x5c3811: mov    rax,QWORD PTR [rbp+0x238] | 0x5c3818: movsxd rcx,edi | 0x5c381b: mov    rax,QWORD PTR [rax+rcx*8]
reference	caste-field	0xaa3770	0xaa378d	jbe	0xaa3792	0xaa3776: mov    QWORD PTR [rdx+0x10],0x0 | 0xaa377e: mov    rdi,rdx | 0xaa3781: cmp    QWORD PTR [rdx+0x18],0xf | 0xaa3786: mov    rax,rdx | 0xaa3789: movsx  r10,r8w
reference	caste-field	0xaa3770	0xaa37b1	je	0xaa3829	0xaa3795: mov    r8,QWORD PTR [rip+0x1a492d4]        # 0x1424eca70 | 0xaa379c: mov    r9,QWORD PTR [rip+0x1a492c5]        # 0x1424eca68 | 0xaa37a3: mov    QWORD PTR [rsp+0x30],rbx | 0xaa37a8: movsx  rbx,cx | 0xaa37ac: cmp    r10w,0xffff
reference	caste-field	0xaa3770	0xaa37b6	js	0xaa385d	0xaa37a3: mov    QWORD PTR [rsp+0x30],rbx | 0xaa37a8: movsx  rbx,cx | 0xaa37ac: cmp    r10w,0xffff | 0xaa37b1: je     0x140aa3829 | 0xaa37b3: test   cx,cx
reference	caste-field	0xaa3770	0xaa37c9	jae	0xaa3829	0xaa37b6: js     0x140aa385d | 0xaa37bc: mov    rax,r8 | 0xaa37bf: sub    rax,r9 | 0xaa37c2: sar    rax,0x3 | 0xaa37c6: cmp    rbx,rax
reference	caste-field	0xaa3770	0xaa37cf	js	0xaa382e	0xaa37bf: sub    rax,r9 | 0xaa37c2: sar    rax,0x3 | 0xaa37c6: cmp    rbx,rax | 0xaa37c9: jae    0x140aa3829 | 0xaa37cb: test   r10w,r10w
reference	caste-field	0xaa3770	0xaa37ed	jae	0xaa382e	0xaa37d5: mov    rdx,QWORD PTR [rax+0x178] | 0xaa37dc: mov    rax,QWORD PTR [rax+0x180] | 0xaa37e3: sub    rax,rdx | 0xaa37e6: sar    rax,0x3 | 0xaa37ea: cmp    r10,rax
reference	caste-field	0xaa3770	0xaa37fa	je	0xaa3820	0xaa37ea: cmp    r10,rax | 0xaa37ed: jae    0x140aa382e | 0xaa37ef: mov    rdx,QWORD PTR [rdx+r10*8] | 0xaa37f3: add    rdx,0x60 | 0xaa37f7: cmp    rdi,rdx
reference	caste-field	0xaa3770	0xaa3805	jbe	0xaa380a	0xaa37f3: add    rdx,0x60 | 0xaa37f7: cmp    rdi,rdx | 0xaa37fa: je     0x140aa3820 | 0xaa37fc: cmp    QWORD PTR [rdx+0x18],0xf | 0xaa3801: mov    r8,QWORD PTR [rdx+0x10]
reference	caste-field	0xaa3770	0xaa3825	ja	0xaa385d	0xaa380a: mov    rcx,rdi | 0xaa380d: call   0x14006f8d0 | 0xaa3812: mov    r8,QWORD PTR [rip+0x1a49257]        # 0x1424eca70 | 0xaa3819: mov    r9,QWORD PTR [rip+0x1a49248]        # 0x1424eca68 | 0xaa3820: cmp    QWORD PTR [rdi+0x10],0x0
reference	caste-field	0xaa3770	0xaa3827	jmp	0xaa382e	0xaa380d: call   0x14006f8d0 | 0xaa3812: mov    r8,QWORD PTR [rip+0x1a49257]        # 0x1424eca70 | 0xaa3819: mov    r9,QWORD PTR [rip+0x1a49248]        # 0x1424eca68 | 0xaa3820: cmp    QWORD PTR [rdi+0x10],0x0 | 0xaa3825: ja     0x140aa385d
reference	caste-field	0xaa3770	0xaa382c	js	0xaa385d	0xaa3819: mov    r9,QWORD PTR [rip+0x1a49248]        # 0x1424eca68 | 0xaa3820: cmp    QWORD PTR [rdi+0x10],0x0 | 0xaa3825: ja     0x140aa385d | 0xaa3827: jmp    0x140aa382e | 0xaa3829: test   cx,cx
reference	caste-field	0xaa3770	0xaa3838	jae	0xaa385d	0xaa3829: test   cx,cx | 0xaa382c: js     0x140aa385d | 0xaa382e: sub    r8,r9 | 0xaa3831: sar    r8,0x3 | 0xaa3835: cmp    rbx,r8
reference	caste-field	0xaa3770	0xaa3845	je	0xaa385d	0xaa3835: cmp    rbx,r8 | 0xaa3838: jae    0x140aa385d | 0xaa383a: mov    rdx,QWORD PTR [r9+rbx*8] | 0xaa383e: add    rdx,0x60 | 0xaa3842: cmp    rdi,rdx
reference	caste-field	0xaa3770	0xaa3850	jbe	0xaa3855	0xaa383e: add    rdx,0x60 | 0xaa3842: cmp    rdi,rdx | 0xaa3845: je     0x140aa385d | 0xaa3847: cmp    QWORD PTR [rdx+0x18],0xf | 0xaa384c: mov    r8,QWORD PTR [rdx+0x10]
reference	structure-field	0xb94090	0xb940c6	je	0xb94391	0xb940b1: mov    edx,r8d | 0xb940b4: mov    rcx,QWORD PTR [rip+0x1957a9d]        # 0x1424ebb58 | 0xb940bb: call   0x14007db20 | 0xb940c0: mov    rbp,rax | 0xb940c3: test   rax,rax
reference	structure-field	0xb94090	0xb940e0	je	0xb94391	0xb940cc: lea    rdx,[rax+0x2b0] | 0xb940d3: mov    ecx,edi | 0xb940d5: call   0x14006ff00 | 0xb940da: mov    rdi,rax | 0xb940dd: test   rax,rax
reference	structure-field	0xb94090	0xb940f0	je	0xb9414a	0xb940da: mov    rdi,rax | 0xb940dd: test   rax,rax | 0xb940e0: je     0x140b94391 | 0xb940e6: mov    esi,DWORD PTR [rsp+0x98] | 0xb940ed: and    esi,0x2
reference	structure-field	0xb94090	0xb94152	je	0xb94227	0xb94135: mov    r8d,0x1 | 0xb9413b: lea    rdx,[rip+0xa6954e]        # 0x1415fd690 | 0xb94142: mov    rcx,rbx | 0xb94145: call   0x14006fa10 | 0xb9414a: cmp    BYTE PTR [rsp+0x90],0x0
reference	structure-field	0xb94090	0xb94164	je	0xb94227	0xb94152: je     0x140b94227 | 0xb94158: mov    rax,QWORD PTR [rdi] | 0xb9415b: mov    rcx,rdi | 0xb9415e: call   QWORD PTR [rax+0x10] | 0xb94161: test   rax,rax
reference	structure-field	0xb94090	0xb9416e	je	0xb94227	0xb9415b: mov    rcx,rdi | 0xb9415e: call   QWORD PTR [rax+0x10] | 0xb94161: test   rax,rax | 0xb94164: je     0x140b94227 | 0xb9416a: cmp    BYTE PTR [rax+0x72],0x0
reference	structure-field	0xb94090	0xb941c6	je	0xb941de	0xb941b1: cmova  rdx,QWORD PTR [rsp+0x20] | 0xb941b7: mov    r8,QWORD PTR [rsp+0x30] | 0xb941bc: mov    rcx,rbx | 0xb941bf: call   0x14006fa10 | 0xb941c4: test   esi,esi
reference	structure-field	0xb94090	0xb941e7	jbe	0xb943a6	0xb941d5: mov    rcx,rbx | 0xb941d8: call   0x14006fa10 | 0xb941dd: nop | 0xb941de: mov    rdx,QWORD PTR [rsp+0x38] | 0xb941e3: cmp    rdx,0xf
reference	structure-field	0xb94090	0xb941ff	jb	0xb9421d	0xb941e7: jbe    0x140b943a6 | 0xb941ed: inc    rdx | 0xb941f0: mov    rcx,QWORD PTR [rsp+0x20] | 0xb941f5: mov    rax,rcx | 0xb941f8: cmp    rdx,0x1000
reference	structure-field	0xb94090	0xb94214	jbe	0xb9421d	0xb94201: add    rdx,0x27 | 0xb94205: mov    rcx,QWORD PTR [rcx-0x8] | 0xb94209: sub    rax,rcx | 0xb9420c: add    rax,0xfffffffffffffff8 | 0xb94210: cmp    rax,0x1f
reference	structure-field	0xb94090	0xb94222	jmp	0xb943a6	0xb94210: cmp    rax,0x1f | 0xb94214: jbe    0x140b9421d | 0xb94216: call   QWORD PTR [rip+0xa5190c]        # 0x1415e5b28 | 0xb9421c: int3 | 0xb9421d: call   0x141539680
reference	structure-field	0xb94090	0xb94236	ja	0xb94369	0xb94227: mov    rax,QWORD PTR [rdi] | 0xb9422a: mov    rcx,rdi | 0xb9422d: call   QWORD PTR [rax] | 0xb9422f: movsx  rcx,ax | 0xb94233: cmp    ecx,0xd
reference	structure-field	0xb94090	0xb9424d	indirect-jump	jmp    rcx	
reference	structure-field	0xb94090	0xb9425c	jmp	0xb94376	0xb94243: mov    ecx,DWORD PTR [rdx+rcx*4+0xb943c0] | 0xb9424a: add    rcx,rdx | 0xb9424d: jmp    rcx | 0xb9424f: mov    r8d,0x10 | 0xb94255: lea    rdx,[rip+0xacf56c]        # 0x1416637c8
reference	structure-field	0xb94090	0xb9426e	jmp	0xb94376	0xb9424f: mov    r8d,0x10 | 0xb94255: lea    rdx,[rip+0xacf56c]        # 0x1416637c8 | 0xb9425c: jmp    0x140b94376 | 0xb94261: mov    r8d,0xa | 0xb94267: lea    rdx,[rip+0xacf572]        # 0x1416637e0
reference	structure-field	0xb94090	0xb94280	jmp	0xb94376	0xb94261: mov    r8d,0xa | 0xb94267: lea    rdx,[rip+0xacf572]        # 0x1416637e0 | 0xb9426e: jmp    0x140b94376 | 0xb94273: mov    r8d,0xb | 0xb94279: lea    rdx,[rip+0xa948d0]        # 0x141628b50
reference	structure-field	0xb94090	0xb94292	jmp	0xb94376	0xb94273: mov    r8d,0xb | 0xb94279: lea    rdx,[rip+0xa948d0]        # 0x141628b50 | 0xb94280: jmp    0x140b94376 | 0xb94285: mov    r8d,0xb | 0xb9428b: lea    rdx,[rip+0xacf7a6]        # 0x141663a38
reference	structure-field	0xb94090	0xb942a4	jmp	0xb94376	0xb94285: mov    r8d,0xb | 0xb9428b: lea    rdx,[rip+0xacf7a6]        # 0x141663a38 | 0xb94292: jmp    0x140b94376 | 0xb94297: mov    r8d,0x6 | 0xb9429d: lea    rdx,[rip+0xacf7a0]        # 0x141663a44
reference	structure-field	0xb94090	0xb942b6	jmp	0xb94376	0xb94297: mov    r8d,0x6 | 0xb9429d: lea    rdx,[rip+0xacf7a0]        # 0x141663a44 | 0xb942a4: jmp    0x140b94376 | 0xb942a9: mov    r8d,0x8 | 0xb942af: lea    rdx,[rip+0xa94872]        # 0x141628b28
reference	structure-field	0xb94090	0xb942c8	jmp	0xb94376	0xb942a9: mov    r8d,0x8 | 0xb942af: lea    rdx,[rip+0xa94872]        # 0x141628b28 | 0xb942b6: jmp    0x140b94376 | 0xb942bb: mov    r8d,0x9 | 0xb942c1: lea    rdx,[rip+0xacf750]        # 0x141663a18
reference	structure-field	0xb94090	0xb942da	jmp	0xb94376	0xb942bb: mov    r8d,0x9 | 0xb942c1: lea    rdx,[rip+0xacf750]        # 0x141663a18 | 0xb942c8: jmp    0x140b94376 | 0xb942cd: mov    r8d,0x8 | 0xb942d3: lea    rdx,[rip+0xacf74e]        # 0x141663a28
reference	structure-field	0xb94090	0xb942ec	jmp	0xb94376	0xb942cd: mov    r8d,0x8 | 0xb942d3: lea    rdx,[rip+0xacf74e]        # 0x141663a28 | 0xb942da: jmp    0x140b94376 | 0xb942df: mov    r8d,0xc | 0xb942e5: lea    rdx,[rip+0xadead4]        # 0x141672dc0
reference	structure-field	0xb94090	0xb942f8	jmp	0xb94370	0xb942da: jmp    0x140b94376 | 0xb942df: mov    r8d,0xc | 0xb942e5: lea    rdx,[rip+0xadead4]        # 0x141672dc0 | 0xb942ec: jmp    0x140b94376 | 0xb942f1: lea    rdx,[rip+0xacf6f0]        # 0x1416639e8
reference	structure-field	0xb94090	0xb94307	jmp	0xb94376	0xb942ec: jmp    0x140b94376 | 0xb942f1: lea    rdx,[rip+0xacf6f0]        # 0x1416639e8 | 0xb942f8: jmp    0x140b94370 | 0xb942fa: mov    r8d,0x8 | 0xb94300: lea    rdx,[rip+0xacf701]        # 0x141663a08
reference	structure-field	0xb94090	0xb94316	jmp	0xb94376	0xb942fa: mov    r8d,0x8 | 0xb94300: lea    rdx,[rip+0xacf701]        # 0x141663a08 | 0xb94307: jmp    0x140b94376 | 0xb94309: mov    r8d,0x6 | 0xb9430f: lea    rdx,[rip+0xacf6c6]        # 0x1416639dc
reference	structure-field	0xb94090	0xb94321	je	0xb9434b	0xb94309: mov    r8d,0x6 | 0xb9430f: lea    rdx,[rip+0xacf6c6]        # 0x1416639dc | 0xb94316: jmp    0x140b94376 | 0xb94318: movsx  ecx,WORD PTR [rdi+0x130] | 0xb9431f: test   ecx,ecx
reference	structure-field	0xb94090	0xb94326	je	0xb9433c	0xb94316: jmp    0x140b94376 | 0xb94318: movsx  ecx,WORD PTR [rdi+0x130] | 0xb9431f: test   ecx,ecx | 0xb94321: je     0x140b9434b | 0xb94323: sub    ecx,0x1
reference	structure-field	0xb94090	0xb9432b	jne	0xb9437e	0xb9431f: test   ecx,ecx | 0xb94321: je     0x140b9434b | 0xb94323: sub    ecx,0x1 | 0xb94326: je     0x140b9433c | 0xb94328: cmp    ecx,0x1
reference	structure-field	0xb94090	0xb9433a	jmp	0xb94376	0xb94326: je     0x140b9433c | 0xb94328: cmp    ecx,0x1 | 0xb9432b: jne    0x140b9437e | 0xb9432d: mov    r8d,0xd | 0xb94333: lea    rdx,[rip+0xacf65e]        # 0x141663998
reference	structure-field	0xb94090	0xb94349	jmp	0xb94376	0xb9432d: mov    r8d,0xd | 0xb94333: lea    rdx,[rip+0xacf65e]        # 0x141663998 | 0xb9433a: jmp    0x140b94376 | 0xb9433c: mov    r8d,0xa | 0xb94342: lea    rdx,[rip+0xacf687]        # 0x1416639d0
reference	structure-field	0xb94090	0xb94358	jmp	0xb94376	0xb9433c: mov    r8d,0xa | 0xb94342: lea    rdx,[rip+0xacf687]        # 0x1416639d0 | 0xb94349: jmp    0x140b94376 | 0xb9434b: mov    r8d,0x9 | 0xb94351: lea    rdx,[rip+0xacf668]        # 0x1416639c0
reference	structure-field	0xb94090	0xb94367	jmp	0xb94376	0xb9434b: mov    r8d,0x9 | 0xb94351: lea    rdx,[rip+0xacf668]        # 0x1416639c0 | 0xb94358: jmp    0x140b94376 | 0xb9435a: mov    r8d,0x7 | 0xb94360: lea    rdx,[rip+0xacf699]        # 0x141663a00
reference	structure-field	0xb94090	0xb94380	je	0xb943a6	0xb94369: lea    rdx,[rip+0xb4b378]        # 0x1416df6e8 | 0xb94370: mov    r8d,0x13 | 0xb94376: mov    rcx,rbx | 0xb94379: call   0x14006fa10 | 0xb9437e: test   esi,esi
reference	structure-field	0xb94090	0xb9438f	jmp	0xb9439e	0xb94379: call   0x14006fa10 | 0xb9437e: test   esi,esi | 0xb94380: je     0x140b943a6 | 0xb94382: mov    r8d,0x8 | 0xb94388: lea    rdx,[rip+0xa696f9]        # 0x1415fda88
reference	entity-field	0xb92900	0xb92938	je	0xb92954	0xb9291e: mov    esi,r9d | 0xb92921: mov    rbx,rdx | 0xb92924: mov    rax,QWORD PTR [rip+0x183eed5]        # 0x1423d1800 | 0xb9292b: sub    rax,QWORD PTR [rip+0x183eec6]        # 0x1423d17f8 | 0xb92932: test   rax,0xfffffffffffffff8
reference	entity-field	0xb92900	0xb9293e	je	0xb92954	0xb92924: mov    rax,QWORD PTR [rip+0x183eed5]        # 0x1423d1800 | 0xb9292b: sub    rax,QWORD PTR [rip+0x183eec6]        # 0x1423d17f8 | 0xb92932: test   rax,0xfffffffffffffff8 | 0xb92938: je     0x140b92954 | 0xb9293a: cmp    r8d,0xffffffff
reference	entity-field	0xb92900	0xb92952	jmp	0xb92956	0xb9293e: je     0x140b92954 | 0xb92940: lea    rdx,[rip+0x183eeb1]        # 0x1423d17f8 | 0xb92947: mov    ecx,r8d | 0xb9294a: call   0x1400ba0a0 | 0xb9294f: mov    rdi,rax
reference	entity-field	0xb92900	0xb92959	je	0xb92a46	0xb9294a: call   0x1400ba0a0 | 0xb9294f: mov    rdi,rax | 0xb92952: jmp    0x140b92956 | 0xb92954: xor    edi,edi | 0xb92956: test   rdi,rdi
reference	entity-field	0xb92900	0xb92962	je	0xb92999	0xb92952: jmp    0x140b92956 | 0xb92954: xor    edi,edi | 0xb92956: test   rdi,rdi | 0xb92959: je     0x140b92a46 | 0xb9295f: and    esi,0x2
reference	entity-field	0xb92900	0xb929ec	je	0xb92a04	0xb929d7: cmova  rdx,QWORD PTR [rsp+0x20] | 0xb929dd: mov    r8,QWORD PTR [rsp+0x30] | 0xb929e2: mov    rcx,rbx | 0xb929e5: call   0x14006fa10 | 0xb929ea: test   esi,esi
reference	entity-field	0xb92900	0xb92a0d	jbe	0xb92a5b	0xb929fb: mov    rcx,rbx | 0xb929fe: call   0x14006fa10 | 0xb92a03: nop | 0xb92a04: mov    rdx,QWORD PTR [rsp+0x38] | 0xb92a09: cmp    rdx,0xf
reference	entity-field	0xb92900	0xb92a21	jb	0xb92a3f	0xb92a0d: jbe    0x140b92a5b | 0xb92a0f: inc    rdx | 0xb92a12: mov    rcx,QWORD PTR [rsp+0x20] | 0xb92a17: mov    rax,rcx | 0xb92a1a: cmp    rdx,0x1000
reference	entity-field	0xb92900	0xb92a36	jbe	0xb92a3f	0xb92a23: add    rdx,0x27 | 0xb92a27: mov    rcx,QWORD PTR [rcx-0x8] | 0xb92a2b: sub    rax,rcx | 0xb92a2e: add    rax,0xfffffffffffffff8 | 0xb92a32: cmp    rax,0x1f
reference	entity-field	0xb92900	0xb92a44	jmp	0xb92a5b	0xb92a32: cmp    rax,0x1f | 0xb92a36: jbe    0x140b92a3f | 0xb92a38: call   QWORD PTR [rip+0xa530ea]        # 0x1415e5b28 | 0xb92a3e: int3 | 0xb92a3f: call   0x141539680
reference	figure-field	0xb92f10	0xb92f5d	je	0xb938d6	0xb92f4a: mov    BYTE PTR [rsp+0x20],0x0 | 0xb92f4f: mov    edx,r8d | 0xb92f52: call   0x140067dc0 | 0xb92f57: mov    rdi,rax | 0xb92f5a: test   rax,rax
reference	figure-field	0xb92f10	0xb92f6a	je	0xb93120	0xb92f57: mov    rdi,rax | 0xb92f5a: test   rax,rax | 0xb92f5d: je     0x140b938d6 | 0xb92f63: mov    rdx,QWORD PTR [r13+0x8] | 0xb92f67: test   rdx,rdx
reference	figure-field	0xb92f10	0xb92f77	je	0xb92fad	0xb92f63: mov    rdx,QWORD PTR [r13+0x8] | 0xb92f67: test   rdx,rdx | 0xb92f6a: je     0x140b93120 | 0xb92f70: mov    rax,QWORD PTR [r13+0x10] | 0xb92f74: test   rax,rax
reference	figure-field	0xb92f10	0xb92f82	jne	0xb92f96	0xb92f70: mov    rax,QWORD PTR [r13+0x10] | 0xb92f74: test   rax,rax | 0xb92f77: je     0x140b92fad | 0xb92f79: mov    ecx,DWORD PTR [rdi+0xe0] | 0xb92f7f: cmp    DWORD PTR [rax+0x20],ecx
reference	figure-field	0xb92f10	0xb92f91	jmp	0xb938ff	0xb92f79: mov    ecx,DWORD PTR [rdi+0xe0] | 0xb92f7f: cmp    DWORD PTR [rax+0x20],ecx | 0xb92f82: jne    0x140b92f96 | 0xb92f84: mov    r8d,0xc | 0xb92f8a: lea    rdx,[rip+0xb4c96f]        # 0x1416df900
reference	figure-field	0xb92f10	0xb92f99	jne	0xb92fad	0xb92f82: jne    0x140b92f96 | 0xb92f84: mov    r8d,0xc | 0xb92f8a: lea    rdx,[rip+0xb4c96f]        # 0x1416df900 | 0xb92f91: jmp    0x140b938ff | 0xb92f96: cmp    DWORD PTR [rax+0x24],ecx
reference	figure-field	0xb92f10	0xb92fa8	jmp	0xb938ff	0xb92f91: jmp    0x140b938ff | 0xb92f96: cmp    DWORD PTR [rax+0x24],ecx | 0xb92f99: jne    0x140b92fad | 0xb92f9b: mov    r8d,0x7 | 0xb92fa1: lea    rdx,[rip+0xae1d60]        # 0x141674d08
reference	figure-field	0xb92f10	0xb92fbb	je	0xb9310e	0xb92fa1: lea    rdx,[rip+0xae1d60]        # 0x141674d08 | 0xb92fa8: jmp    0x140b938ff | 0xb92fad: mov    ecx,DWORD PTR [rdi+0xe0] | 0xb92fb3: call   0x1400b9dc0 | 0xb92fb8: test   rax,rax
reference	figure-field	0xb92f10	0xb92fc5	je	0xb9307f	0xb92fad: mov    ecx,DWORD PTR [rdi+0xe0] | 0xb92fb3: call   0x1400b9dc0 | 0xb92fb8: test   rax,rax | 0xb92fbb: je     0x140b9310e | 0xb92fc1: test   BYTE PTR [rax+0x4],0x8
reference	figure-field	0xb92f10	0xb92fd2	je	0xb9306d	0xb92fb8: test   rax,rax | 0xb92fbb: je     0x140b9310e | 0xb92fc1: test   BYTE PTR [rax+0x4],0x8 | 0xb92fc5: je     0x140b9307f | 0xb92fcb: cmp    BYTE PTR [rdi+0xaa],0x0
reference	figure-field	0xb92f10	0xb9302d	jbe	0xb938eb	0xb9301c: mov    rcx,rbx | 0xb9301f: call   0x14006fa10 | 0xb93024: nop | 0xb93025: mov    rdx,QWORD PTR [rbp-0x71] | 0xb93029: cmp    rdx,0xf
reference	figure-field	0xb92f10	0xb93045	jb	0xb93063	0xb9302d: jbe    0x140b938eb | 0xb93033: inc    rdx | 0xb93036: mov    rcx,QWORD PTR [rsp+0x30] | 0xb9303b: mov    rax,rcx | 0xb9303e: cmp    rdx,0x1000
reference	figure-field	0xb92f10	0xb9305a	jbe	0xb93063	0xb93047: add    rdx,0x27 | 0xb9304b: mov    rcx,QWORD PTR [rcx-0x8] | 0xb9304f: sub    rax,rcx | 0xb93052: add    rax,0xfffffffffffffff8 | 0xb93056: cmp    rax,0x1f
reference	figure-field	0xb92f10	0xb93068	jmp	0xb938eb	0xb93056: cmp    rax,0x1f | 0xb9305a: jbe    0x140b93063 | 0xb9305c: call   QWORD PTR [rip+0xa52ac6]        # 0x1415e5b28 | 0xb93062: int3 | 0xb93063: call   0x141539680
reference	figure-field	0xb92f10	0xb9307a	jmp	0xb938e3	0xb93062: int3 | 0xb93063: call   0x141539680 | 0xb93068: jmp    0x140b938eb | 0xb9306d: mov    r8d,0x8 | 0xb93073: lea    rdx,[rip+0xa96076]        # 0x1416290f0
reference	figure-field	0xb92f10	0xb93097	je	0xb9310e	0xb9307f: mov    rdx,QWORD PTR [rax+0x80] | 0xb93086: mov    rax,QWORD PTR [rax+0x88] | 0xb9308d: sub    rax,rdx | 0xb93090: sar    rax,0x2 | 0xb93094: test   rax,rax
reference	figure-field	0xb92f10	0xb930aa	je	0xb9306d	0xb93097: je     0x140b9310e | 0xb93099: mov    edx,DWORD PTR [rdx] | 0xb9309b: lea    rcx,[rip+0x1954c46]        # 0x1424e7ce8 | 0xb930a2: call   0x140072570 | 0xb930a7: test   rax,rax
reference	figure-field	0xb92f10	0xb930b0	je	0xb9306d	0xb9309b: lea    rcx,[rip+0x1954c46]        # 0x1424e7ce8 | 0xb930a2: call   0x140072570 | 0xb930a7: test   rax,rax | 0xb930aa: je     0x140b9306d | 0xb930ac: cmp    BYTE PTR [rax+0x7a],0x0
reference	figure-field	0xb92f10	0xb93109	jmp	0xb938eb	0xb930f6: mov    rcx,rbx | 0xb930f9: call   0x14006fa10 | 0xb930fe: nop | 0xb930ff: lea    rcx,[rsp+0x30] | 0xb93104: call   0x14006f850
reference	figure-field	0xb92f10	0xb9311b	jmp	0xb938e3	0xb930ff: lea    rcx,[rsp+0x30] | 0xb93104: call   0x14006f850 | 0xb93109: jmp    0x140b938eb | 0xb9310e: lea    rdx,[rip+0xb4c7cb]        # 0x1416df8e0 | 0xb93115: mov    r8d,0x18
reference	figure-field	0xb92f10	0xb9312b	je	0xb93162	0xb9310e: lea    rdx,[rip+0xb4c7cb]        # 0x1416df8e0 | 0xb93115: mov    r8d,0x18 | 0xb9311b: jmp    0x140b938e3 | 0xb93120: mov    r14d,0x1 | 0xb93126: test   BYTE PTR [r13+0x0],0x2
reference	figure-field	0xb92f10	0xb9316d	jle	0xb93183	0xb93153: lea    rdx,[rip+0xa6a536]        # 0x1415fd690 | 0xb9315a: mov    rcx,rbx | 0xb9315d: call   0x14006fa10 | 0xb93162: movzx  r12d,r14b | 0xb93166: cmp    DWORD PTR [rdi+0xd0],0x0
reference	figure-field	0xb92f10	0xb93179	jne	0xb93180	0xb93162: movzx  r12d,r14b | 0xb93166: cmp    DWORD PTR [rdi+0xd0],0x0 | 0xb9316d: jle    0x140b93183 | 0xb9316f: mov    rax,QWORD PTR [rdi+0xc8] | 0xb93176: test   BYTE PTR [rax],0x4
reference	figure-field	0xb92f10	0xb9317e	je	0xb93183	0xb9316d: jle    0x140b93183 | 0xb9316f: mov    rax,QWORD PTR [rdi+0xc8] | 0xb93176: test   BYTE PTR [rax],0x4 | 0xb93179: jne    0x140b93180 | 0xb9317b: test   BYTE PTR [rax],0x8
reference	figure-field	0xb92f10	0xb931a4	jne	0xb931ae	0xb93192: mov    edx,DWORD PTR [r13+0x24] | 0xb93196: mov    rcx,r15 | 0xb93199: call   0x140067dc0 | 0xb9319e: xor    r15d,r15d | 0xb931a1: test   rax,rax
reference	figure-field	0xb92f10	0xb931ac	je	0xb931be	0xb9319e: xor    r15d,r15d | 0xb931a1: test   rax,rax | 0xb931a4: jne    0x140b931ae | 0xb931a6: mov    rax,rsi | 0xb931a9: test   rsi,rsi
reference	figure-field	0xb92f10	0xb931c8	je	0xb931f3	0xb931b2: movzx  eax,WORD PTR [rax+0x2] | 0xb931b6: cmp    WORD PTR [rdi+0x2],ax | 0xb931ba: cmove  r12d,r15d | 0xb931be: mov    rsi,QWORD PTR [rdi+0x130] | 0xb931c5: test   rsi,rsi
reference	figure-field	0xb92f10	0xb931d1	je	0xb931f6	0xb931be: mov    rsi,QWORD PTR [rdi+0x130] | 0xb931c5: test   rsi,rsi | 0xb931c8: je     0x140b931f3 | 0xb931ca: mov    rsi,QWORD PTR [rsi+0x48] | 0xb931ce: test   rsi,rsi
reference	figure-field	0xb92f10	0xb931f1	jmp	0xb931f6	0xb931d7: cmp    QWORD PTR [rsi+0x160],r15 | 0xb931de: cmovne eax,r14d | 0xb931e2: movzx  r12d,al | 0xb931e6: cmp    BYTE PTR [rsi+0x88],r15b | 0xb931ed: cmovne r12d,r14d
reference	figure-field	0xb92f10	0xb931ff	je	0xb93207	0xb931ed: cmovne r12d,r14d | 0xb931f1: jmp    0x140b931f6 | 0xb931f3: mov    rsi,r15 | 0xb931f6: movzx  ecx,WORD PTR [rbp+0x7f] | 0xb931fa: cmp    WORD PTR [rdi+0x2],0xffff
reference	figure-field	0xb92f10	0xb93205	jne	0xb9320a	0xb931f3: mov    rsi,r15 | 0xb931f6: movzx  ecx,WORD PTR [rbp+0x7f] | 0xb931fa: cmp    WORD PTR [rdi+0x2],0xffff | 0xb931ff: je     0x140b93207 | 0xb93201: cmp    cx,r14w
reference	figure-field	0xb92f10	0xb93236	jne	0xb932ea	0xb9321f: mov    BYTE PTR [rbp-0x69],r15b | 0xb93223: mov    edx,0x2 | 0xb93228: mov    rax,QWORD PTR [rsp+0x28] | 0xb9322d: mov    r9d,DWORD PTR [rsp+0x24] | 0xb93232: cmp    DWORD PTR [rax+0x24],r9d
reference	figure-field	0xb92f10	0xb93242	je	0xb932cc	0xb9322d: mov    r9d,DWORD PTR [rsp+0x24] | 0xb93232: cmp    DWORD PTR [rax+0x24],r9d | 0xb93236: jne    0x140b932ea | 0xb9323c: movsx  ecx,WORD PTR [rbp+0x77] | 0xb93240: test   ecx,ecx
reference	figure-field	0xb92f10	0xb9324b	je	0xb932a4	0xb93236: jne    0x140b932ea | 0xb9323c: movsx  ecx,WORD PTR [rbp+0x77] | 0xb93240: test   ecx,ecx | 0xb93242: je     0x140b932cc | 0xb93248: sub    ecx,0x1
reference	figure-field	0xb92f10	0xb93250	je	0xb93277	0xb93240: test   ecx,ecx | 0xb93242: je     0x140b932cc | 0xb93248: sub    ecx,0x1 | 0xb9324b: je     0x140b932a4 | 0xb9324d: sub    ecx,0x1
reference	figure-field	0xb92f10	0xb93255	jne	0xb932cc	0xb93248: sub    ecx,0x1 | 0xb9324b: je     0x140b932a4 | 0xb9324d: sub    ecx,0x1 | 0xb93250: je     0x140b93277 | 0xb93252: cmp    ecx,0x1
reference	figure-field	0xb92f10	0xb93275	jmp	0xb932d2	0xb9325d: mov    eax,DWORD PTR [rip+0xacfc95]        # 0x141662ef8 | 0xb93263: mov    DWORD PTR [rbp-0x69],eax | 0xb93266: movzx  eax,WORD PTR [rip+0xacfc8f]        # 0x141662efc | 0xb9326d: mov    WORD PTR [rbp-0x65],ax | 0xb93271: mov    BYTE PTR [rbp-0x63],0x0
reference	figure-field	0xb92f10	0xb9329f	jmp	0xb93853	0xb9328b: mov    BYTE PTR [rsp+0x20],0x1 | 0xb93290: lea    rdx,[rbp-0x69] | 0xb93294: mov    r8,r14 | 0xb93297: mov    rcx,rbx | 0xb9329a: call   0x14006fa10
reference	figure-field	0xb92f10	0xb932c7	jmp	0xb93853	0xb932b4: mov    BYTE PTR [rbp-0x67],0x0 | 0xb932b8: lea    rdx,[rbp-0x69] | 0xb932bc: mov    r8,r14 | 0xb932bf: mov    rcx,rbx | 0xb932c2: call   0x14006fa10
reference	figure-field	0xb92f10	0xb932e5	jmp	0xb93853	0xb932d2: mov    QWORD PTR [rbp-0x59],r14 | 0xb932d6: lea    rdx,[rbp-0x69] | 0xb932da: mov    r8,r14 | 0xb932dd: mov    rcx,rbx | 0xb932e0: call   0x14006fa10
reference	figure-field	0xb92f10	0xb932f4	je	0xb93741	0xb932dd: mov    rcx,rbx | 0xb932e0: call   0x14006fa10 | 0xb932e5: jmp    0x140b93853 | 0xb932ea: mov    eax,DWORD PTR [rax+0x20] | 0xb932ed: cmp    BYTE PTR [rdi+0xaa],0x0
reference	figure-field	0xb92f10	0xb932fd	je	0xb934ec	0xb932e5: jmp    0x140b93853 | 0xb932ea: mov    eax,DWORD PTR [rax+0x20] | 0xb932ed: cmp    BYTE PTR [rdi+0xaa],0x0 | 0xb932f4: je     0x140b93741 | 0xb932fa: cmp    eax,r9d
reference	figure-field	0xb92f10	0xb93306	je	0xb934ec	0xb932ed: cmp    BYTE PTR [rdi+0xaa],0x0 | 0xb932f4: je     0x140b93741 | 0xb932fa: cmp    eax,r9d | 0xb932fd: je     0x140b934ec | 0xb93303: test   r12b,r12b
reference	figure-field	0xb92f10	0xb9330f	jne	0xb934ec	0xb932fa: cmp    eax,r9d | 0xb932fd: je     0x140b934ec | 0xb93303: test   r12b,r12b | 0xb93306: je     0x140b934ec | 0xb9330c: test   cx,cx
reference	figure-field	0xb92f10	0xb9332d	je	0xb9334e	0xb93315: mov    r8d,0x4 | 0xb9331b: lea    rdx,[rip+0xa55b26]        # 0x1415e8e48 | 0xb93322: mov    rcx,rbx | 0xb93325: call   0x14006fa10 | 0xb9332a: test   rsi,rsi
reference	figure-field	0xb92f10	0xb93337	je	0xb9334e	0xb93322: mov    rcx,rbx | 0xb93325: call   0x14006fa10 | 0xb9332a: test   rsi,rsi | 0xb9332d: je     0x140b9334e | 0xb9332f: cmp    QWORD PTR [rsi+0x160],0x0
reference	figure-field	0xb92f10	0xb93355	jle	0xb93386	0xb93339: mov    r8d,0x7 | 0xb9333f: lea    rdx,[rip+0xaea84a]        # 0x14167db90 | 0xb93346: mov    rcx,rbx | 0xb93349: call   0x14006fa10 | 0xb9334e: cmp    DWORD PTR [rdi+0xd0],0x0
reference	figure-field	0xb92f10	0xb93361	jge	0xb93386	0xb93349: call   0x14006fa10 | 0xb9334e: cmp    DWORD PTR [rdi+0xd0],0x0 | 0xb93355: jle    0x140b93386 | 0xb93357: mov    rax,QWORD PTR [rdi+0xc8] | 0xb9335e: cmp    BYTE PTR [rax],0x0
reference	figure-field	0xb92f10	0xb93366	je	0xb93371	0xb93355: jle    0x140b93386 | 0xb93357: mov    rax,QWORD PTR [rdi+0xc8] | 0xb9335e: cmp    BYTE PTR [rax],0x0 | 0xb93361: jge    0x140b93386 | 0xb93363: test   rsi,rsi
reference	figure-field	0xb92f10	0xb9336f	jne	0xb93386	0xb9335e: cmp    BYTE PTR [rax],0x0 | 0xb93361: jge    0x140b93386 | 0xb93363: test   rsi,rsi | 0xb93366: je     0x140b93371 | 0xb93368: cmp    BYTE PTR [rsi+0x88],0x0
reference	figure-field	0xb92f10	0xb933aa	je	0xb93426	0xb93396: movsx  r13,WORD PTR [rdi+0x2] | 0xb9339b: mov    r8,r15 | 0xb9339e: mov    QWORD PTR [rbp-0x19],r15 | 0xb933a2: mov    BYTE PTR [rbp-0x29],r8b | 0xb933a6: cmp    cx,0xffff
reference	figure-field	0xb92f10	0xb933b0	js	0xb93472	0xb9339e: mov    QWORD PTR [rbp-0x19],r15 | 0xb933a2: mov    BYTE PTR [rbp-0x29],r8b | 0xb933a6: cmp    cx,0xffff | 0xb933aa: je     0x140b93426 | 0xb933ac: test   r13w,r13w
reference	figure-field	0xb92f10	0xb933ce	jae	0xb9342c	0xb933b6: mov    rdx,QWORD PTR [rip+0x19596ab]        # 0x1424eca68 | 0xb933bd: mov    rax,QWORD PTR [rip+0x19596ac]        # 0x1424eca70 | 0xb933c4: sub    rax,rdx | 0xb933c7: sar    rax,0x3 | 0xb933cb: cmp    r13,rax
reference	figure-field	0xb92f10	0xb933d3	js	0xb9342c	0xb933c4: sub    rax,rdx | 0xb933c7: sar    rax,0x3 | 0xb933cb: cmp    r13,rax | 0xb933ce: jae    0x140b9342c | 0xb933d0: test   cx,cx
reference	figure-field	0xb92f10	0xb933f1	jae	0xb9342c	0xb933d9: mov    rdx,QWORD PTR [rax+0x178] | 0xb933e0: mov    rax,QWORD PTR [rax+0x180] | 0xb933e7: sub    rax,rdx | 0xb933ea: sar    rax,0x3 | 0xb933ee: cmp    rcx,rax
reference	figure-field	0xb92f10	0xb93402	je	0xb9342c	0xb933f1: jae    0x140b9342c | 0xb933f3: mov    rdx,QWORD PTR [rdx+rcx*8] | 0xb933f7: add    rdx,0x20 | 0xb933fb: lea    rax,[rbp-0x29] | 0xb933ff: cmp    rax,rdx
reference	figure-field	0xb92f10	0xb9340d	jbe	0xb93412	0xb933fb: lea    rax,[rbp-0x29] | 0xb933ff: cmp    rax,rdx | 0xb93402: je     0x140b9342c | 0xb93404: mov    r8,QWORD PTR [rdx+0x10] | 0xb93408: cmp    QWORD PTR [rdx+0x18],0xf
reference	figure-field	0xb92f10	0xb93422	jne	0xb93472	0xb9340f: mov    rdx,QWORD PTR [rdx] | 0xb93412: lea    rcx,[rbp-0x29] | 0xb93416: call   0x14006f8d0 | 0xb9341b: mov    r8,QWORD PTR [rbp-0x19] | 0xb9341f: test   r8,r8
reference	figure-field	0xb92f10	0xb93424	jmp	0xb9342c	0xb93412: lea    rcx,[rbp-0x29] | 0xb93416: call   0x14006f8d0 | 0xb9341b: mov    r8,QWORD PTR [rbp-0x19] | 0xb9341f: test   r8,r8 | 0xb93422: jne    0x140b93472
reference	figure-field	0xb92f10	0xb9342a	js	0xb93472	0xb9341b: mov    r8,QWORD PTR [rbp-0x19] | 0xb9341f: test   r8,r8 | 0xb93422: jne    0x140b93472 | 0xb93424: jmp    0x140b9342c | 0xb93426: test   r13w,r13w
reference	figure-field	0xb92f10	0xb93444	jae	0xb93472	0xb9342c: mov    rdx,QWORD PTR [rip+0x1959635]        # 0x1424eca68 | 0xb93433: mov    rax,QWORD PTR [rip+0x1959636]        # 0x1424eca70 | 0xb9343a: sub    rax,rdx | 0xb9343d: sar    rax,0x3 | 0xb93441: cmp    r13,rax
reference	figure-field	0xb92f10	0xb93455	je	0xb93472	0xb93444: jae    0x140b93472 | 0xb93446: mov    rdx,QWORD PTR [rdx+r13*8] | 0xb9344a: add    rdx,0x20 | 0xb9344e: lea    rax,[rbp-0x29] | 0xb93452: cmp    rax,rdx
reference	figure-field	0xb92f10	0xb93460	jbe	0xb93465	0xb9344e: lea    rax,[rbp-0x29] | 0xb93452: cmp    rax,rdx | 0xb93455: je     0x140b93472 | 0xb93457: mov    r8,QWORD PTR [rdx+0x10] | 0xb9345b: cmp    QWORD PTR [rdx+0x18],0xf
reference	figure-field	0xb92f10	0xb9348b	je	0xb934c5	0xb93476: cmp    QWORD PTR [rbp-0x11],0xf | 0xb9347b: cmova  rdx,QWORD PTR [rbp-0x29] | 0xb93480: mov    rcx,rbx | 0xb93483: call   0x14006fa10 | 0xb93488: test   rsi,rsi
reference	figure-field	0xb92f10	0xb93494	je	0xb934c5	0xb93480: mov    rcx,rbx | 0xb93483: call   0x14006fa10 | 0xb93488: test   rsi,rsi | 0xb9348b: je     0x140b934c5 | 0xb9348d: cmp    BYTE PTR [rsi+0x88],0x0
reference	figure-field	0xb92f10	0xb934b8	jbe	0xb934bd	0xb934a0: mov    rcx,rbx | 0xb934a3: call   0x14006fa10 | 0xb934a8: lea    rdx,[rsi+0x90] | 0xb934af: mov    r8,QWORD PTR [rdx+0x10] | 0xb934b3: cmp    QWORD PTR [rdx+0x18],0xf
reference	figure-field	0xb92f10	0xb93531	je	0xb93853	0xb9351b: mov    rcx,rbx | 0xb9351e: call   0x14006fa10 | 0xb93523: mov    rax,QWORD PTR [rsp+0x28] | 0xb93528: mov    r8d,DWORD PTR [rsp+0x24] | 0xb9352d: cmp    DWORD PTR [rax+0x20],r8d
reference	figure-field	0xb92f10	0xb9353a	je	0xb93853	0xb93523: mov    rax,QWORD PTR [rsp+0x28] | 0xb93528: mov    r8d,DWORD PTR [rsp+0x24] | 0xb9352d: cmp    DWORD PTR [rax+0x20],r8d | 0xb93531: je     0x140b93853 | 0xb93537: test   r12b,r12b
reference	figure-field	0xb92f10	0xb93545	jne	0xb93853	0xb9352d: cmp    DWORD PTR [rax+0x20],r8d | 0xb93531: je     0x140b93853 | 0xb93537: test   r12b,r12b | 0xb9353a: je     0x140b93853 | 0xb93540: cmp    WORD PTR [rbp+0x7f],0x2
reference	figure-field	0xb92f10	0xb93563	je	0xb93584	0xb9354b: mov    r8d,0x5 | 0xb93551: lea    rdx,[rip+0xa56014]        # 0x1415e956c | 0xb93558: mov    rcx,rbx | 0xb9355b: call   0x14006fa10 | 0xb93560: test   rsi,rsi
reference	figure-field	0xb92f10	0xb9356d	je	0xb93584	0xb93558: mov    rcx,rbx | 0xb9355b: call   0x14006fa10 | 0xb93560: test   rsi,rsi | 0xb93563: je     0x140b93584 | 0xb93565: cmp    QWORD PTR [rsi+0x160],0x0
reference	figure-field	0xb92f10	0xb9358b	jle	0xb935bc	0xb9356f: mov    r8d,0x7 | 0xb93575: lea    rdx,[rip+0xaea614]        # 0x14167db90 | 0xb9357c: mov    rcx,rbx | 0xb9357f: call   0x14006fa10 | 0xb93584: cmp    DWORD PTR [rdi+0xd0],0x0
reference	figure-field	0xb92f10	0xb93597	jge	0xb935bc	0xb9357f: call   0x14006fa10 | 0xb93584: cmp    DWORD PTR [rdi+0xd0],0x0 | 0xb9358b: jle    0x140b935bc | 0xb9358d: mov    rax,QWORD PTR [rdi+0xc8] | 0xb93594: cmp    BYTE PTR [rax],0x0
reference	figure-field	0xb92f10	0xb9359c	je	0xb935a7	0xb9358b: jle    0x140b935bc | 0xb9358d: mov    rax,QWORD PTR [rdi+0xc8] | 0xb93594: cmp    BYTE PTR [rax],0x0 | 0xb93597: jge    0x140b935bc | 0xb93599: test   rsi,rsi
reference	figure-field	0xb92f10	0xb935a5	jne	0xb935bc	0xb93594: cmp    BYTE PTR [rax],0x0 | 0xb93597: jge    0x140b935bc | 0xb93599: test   rsi,rsi | 0xb9359c: je     0x140b935a7 | 0xb9359e: cmp    BYTE PTR [rsi+0x88],0x0
reference	figure-field	0xb92f10	0xb935dd	je	0xb93658	0xb935c7: movsx  rcx,WORD PTR [rdi+0x4] | 0xb935cc: movsx  rdi,WORD PTR [rdi+0x2] | 0xb935d1: mov    QWORD PTR [rbp-0x39],r15 | 0xb935d5: mov    BYTE PTR [rbp-0x49],0x0 | 0xb935d9: cmp    cx,0xffff
reference	figure-field	0xb92f10	0xb935e2	js	0xb936a3	0xb935d1: mov    QWORD PTR [rbp-0x39],r15 | 0xb935d5: mov    BYTE PTR [rbp-0x49],0x0 | 0xb935d9: cmp    cx,0xffff | 0xb935dd: je     0x140b93658 | 0xb935df: test   di,di
reference	figure-field	0xb92f10	0xb93600	jae	0xb9365d	0xb935e8: mov    rdx,QWORD PTR [rip+0x1959479]        # 0x1424eca68 | 0xb935ef: mov    rax,QWORD PTR [rip+0x195947a]        # 0x1424eca70 | 0xb935f6: sub    rax,rdx | 0xb935f9: sar    rax,0x3 | 0xb935fd: cmp    rdi,rax
reference	figure-field	0xb92f10	0xb93605	js	0xb9365d	0xb935f6: sub    rax,rdx | 0xb935f9: sar    rax,0x3 | 0xb935fd: cmp    rdi,rax | 0xb93600: jae    0x140b9365d | 0xb93602: test   cx,cx
reference	figure-field	0xb92f10	0xb93623	jae	0xb9365d	0xb9360b: mov    rdx,QWORD PTR [rax+0x178] | 0xb93612: mov    rax,QWORD PTR [rax+0x180] | 0xb93619: sub    rax,rdx | 0xb9361c: sar    rax,0x3 | 0xb93620: cmp    rcx,rax
reference	figure-field	0xb92f10	0xb93634	je	0xb9365d	0xb93623: jae    0x140b9365d | 0xb93625: mov    rdx,QWORD PTR [rdx+rcx*8] | 0xb93629: add    rdx,0x20 | 0xb9362d: lea    rax,[rbp-0x49] | 0xb93631: cmp    rax,rdx
reference	figure-field	0xb92f10	0xb9363f	jbe	0xb93644	0xb9362d: lea    rax,[rbp-0x49] | 0xb93631: cmp    rax,rdx | 0xb93634: je     0x140b9365d | 0xb93636: mov    r8,QWORD PTR [rdx+0x10] | 0xb9363a: cmp    QWORD PTR [rdx+0x18],0xf
reference	figure-field	0xb92f10	0xb93654	jne	0xb936a3	0xb93641: mov    rdx,QWORD PTR [rdx] | 0xb93644: lea    rcx,[rbp-0x49] | 0xb93648: call   0x14006f8d0 | 0xb9364d: mov    r15,QWORD PTR [rbp-0x39] | 0xb93651: test   r15,r15
reference	figure-field	0xb92f10	0xb93656	jmp	0xb9365d	0xb93644: lea    rcx,[rbp-0x49] | 0xb93648: call   0x14006f8d0 | 0xb9364d: mov    r15,QWORD PTR [rbp-0x39] | 0xb93651: test   r15,r15 | 0xb93654: jne    0x140b936a3
reference	figure-field	0xb92f10	0xb9365b	js	0xb936a3	0xb9364d: mov    r15,QWORD PTR [rbp-0x39] | 0xb93651: test   r15,r15 | 0xb93654: jne    0x140b936a3 | 0xb93656: jmp    0x140b9365d | 0xb93658: test   di,di
reference	figure-field	0xb92f10	0xb93675	jae	0xb936a3	0xb9365d: mov    rdx,QWORD PTR [rip+0x1959404]        # 0x1424eca68 | 0xb93664: mov    rax,QWORD PTR [rip+0x1959405]        # 0x1424eca70 | 0xb9366b: sub    rax,rdx | 0xb9366e: sar    rax,0x3 | 0xb93672: cmp    rdi,rax
reference	figure-field	0xb92f10	0xb93686	je	0xb936a3	0xb93675: jae    0x140b936a3 | 0xb93677: mov    rdx,QWORD PTR [rdx+rdi*8] | 0xb9367b: add    rdx,0x20 | 0xb9367f: lea    rax,[rbp-0x49] | 0xb93683: cmp    rax,rdx
reference	figure-field	0xb92f10	0xb93691	jbe	0xb93696	0xb9367f: lea    rax,[rbp-0x49] | 0xb93683: cmp    rax,rdx | 0xb93686: je     0x140b936a3 | 0xb93688: mov    r8,QWORD PTR [rdx+0x10] | 0xb9368c: cmp    QWORD PTR [rdx+0x18],0xf
reference	figure-field	0xb92f10	0xb936bf	je	0xb936fa	0xb936ac: cmova  rdx,QWORD PTR [rbp-0x49] | 0xb936b1: mov    r8,r15 | 0xb936b4: mov    rcx,rbx | 0xb936b7: call   0x14006fa10 | 0xb936bc: test   rsi,rsi
reference	figure-field	0xb92f10	0xb936c8	je	0xb936fa	0xb936b4: mov    rcx,rbx | 0xb936b7: call   0x14006fa10 | 0xb936bc: test   rsi,rsi | 0xb936bf: je     0x140b936fa | 0xb936c1: cmp    BYTE PTR [rsi+0x88],0x0
reference	figure-field	0xb92f10	0xb936ec	jbe	0xb936f1	0xb936d4: mov    rcx,rbx | 0xb936d7: call   0x14006fa10 | 0xb936dc: lea    rdx,[rsi+0x90] | 0xb936e3: mov    r8,QWORD PTR [rdx+0x10] | 0xb936e7: cmp    QWORD PTR [rdx+0x18],0xf
reference	figure-field	0xb92f10	0xb93702	jbe	0xb93853	0xb936f1: mov    rcx,rbx | 0xb936f4: call   0x14006fa10 | 0xb936f9: nop | 0xb936fa: mov    rdx,QWORD PTR [rbp-0x31] | 0xb936fe: cmp    rdx,0xf
reference	figure-field	0xb92f10	0xb93719	jb	0xb93737	0xb93702: jbe    0x140b93853 | 0xb93708: inc    rdx | 0xb9370b: mov    rcx,QWORD PTR [rbp-0x49] | 0xb9370f: mov    rax,rcx | 0xb93712: cmp    rdx,0x1000
reference	figure-field	0xb92f10	0xb9372e	jbe	0xb93737	0xb9371b: add    rdx,0x27 | 0xb9371f: mov    rcx,QWORD PTR [rcx-0x8] | 0xb93723: sub    rax,rcx | 0xb93726: add    rax,0xfffffffffffffff8 | 0xb9372a: cmp    rax,0x1f
reference	figure-field	0xb92f10	0xb9373c	jmp	0xb93853	0xb9372a: cmp    rax,0x1f | 0xb9372e: jbe    0x140b93737 | 0xb93730: call   QWORD PTR [rip+0xa523f2]        # 0x1415e5b28 | 0xb93736: int3 | 0xb93737: call   0x141539680
reference	figure-field	0xb92f10	0xb9376b	je	0xb9378c	0xb93755: lea    rdx,[rip+0xa556ec]        # 0x1415e8e48 | 0xb9375c: cmovne rdx,rcx | 0xb93760: mov    rcx,rbx | 0xb93763: call   0x14006fa10 | 0xb93768: test   rsi,rsi
reference	figure-field	0xb92f10	0xb93775	je	0xb9378c	0xb93760: mov    rcx,rbx | 0xb93763: call   0x14006fa10 | 0xb93768: test   rsi,rsi | 0xb9376b: je     0x140b9378c | 0xb9376d: cmp    QWORD PTR [rsi+0x160],0x0
reference	figure-field	0xb92f10	0xb93793	jle	0xb937c4	0xb93777: mov    r8d,0x7 | 0xb9377d: lea    rdx,[rip+0xaea40c]        # 0x14167db90 | 0xb93784: mov    rcx,rbx | 0xb93787: call   0x14006fa10 | 0xb9378c: cmp    DWORD PTR [rdi+0xd0],0x0
reference	figure-field	0xb92f10	0xb9379f	jge	0xb937c4	0xb93787: call   0x14006fa10 | 0xb9378c: cmp    DWORD PTR [rdi+0xd0],0x0 | 0xb93793: jle    0x140b937c4 | 0xb93795: mov    rax,QWORD PTR [rdi+0xc8] | 0xb9379c: cmp    BYTE PTR [rax],0x0
reference	figure-field	0xb92f10	0xb937a4	je	0xb937af	0xb93793: jle    0x140b937c4 | 0xb93795: mov    rax,QWORD PTR [rdi+0xc8] | 0xb9379c: cmp    BYTE PTR [rax],0x0 | 0xb9379f: jge    0x140b937c4 | 0xb937a1: test   rsi,rsi
reference	figure-field	0xb92f10	0xb937ad	jne	0xb937c4	0xb9379c: cmp    BYTE PTR [rax],0x0 | 0xb9379f: jge    0x140b937c4 | 0xb937a1: test   rsi,rsi | 0xb937a4: je     0x140b937af | 0xb937a6: cmp    BYTE PTR [rsi+0x88],0x0
reference	figure-field	0xb92f10	0xb9380e	je	0xb93849	0xb937f9: cmova  rdx,QWORD PTR [rsp+0x30] | 0xb937ff: mov    r8,QWORD PTR [rbp-0x79] | 0xb93803: mov    rcx,rbx | 0xb93806: call   0x14006fa10 | 0xb9380b: test   rsi,rsi
reference	figure-field	0xb92f10	0xb93817	je	0xb93849	0xb93803: mov    rcx,rbx | 0xb93806: call   0x14006fa10 | 0xb9380b: test   rsi,rsi | 0xb9380e: je     0x140b93849 | 0xb93810: cmp    BYTE PTR [rsi+0x88],0x0
reference	figure-field	0xb92f10	0xb9383b	jbe	0xb93840	0xb93823: mov    rcx,rbx | 0xb93826: call   0x14006fa10 | 0xb9382b: lea    rdx,[rsi+0x90] | 0xb93832: mov    r8,QWORD PTR [rdx+0x10] | 0xb93836: cmp    QWORD PTR [rdx+0x18],0xf
reference	figure-field	0xb92f10	0xb93858	jne	0xb93876	0xb93843: call   0x14006fa10 | 0xb93848: nop | 0xb93849: lea    rcx,[rsp+0x30] | 0xb9384e: call   0x14006f850 | 0xb93853: cmp    WORD PTR [rbp+0x77],0x2
reference	figure-field	0xb92f10	0xb9385f	jne	0xb93876	0xb93849: lea    rcx,[rsp+0x30] | 0xb9384e: call   0x14006f850 | 0xb93853: cmp    WORD PTR [rbp+0x77],0x2 | 0xb93858: jne    0x140b93876 | 0xb9385a: cmp    BYTE PTR [rsp+0x20],0x0
reference	figure-field	0xb92f10	0xb9387e	je	0xb93896	0xb93867: lea    rdx,[rip+0xa559f2]        # 0x1415e9260 | 0xb9386e: mov    rcx,rbx | 0xb93871: call   0x14006fa10 | 0xb93876: mov    rax,QWORD PTR [rsp+0x28] | 0xb9387b: test   BYTE PTR [rax],0x2
reference	figure-field	0xb92f10	0xb9389e	jbe	0xb93907	0xb9388d: mov    rcx,rbx | 0xb93890: call   0x14006fa10 | 0xb93895: nop | 0xb93896: mov    rdx,QWORD PTR [rbp-0x51] | 0xb9389a: cmp    rdx,0xf
reference	figure-field	0xb92f10	0xb938b1	jb	0xb938cf	0xb9389e: jbe    0x140b93907 | 0xb938a0: inc    rdx | 0xb938a3: mov    rcx,QWORD PTR [rbp-0x69] | 0xb938a7: mov    rax,rcx | 0xb938aa: cmp    rdx,0x1000
reference	figure-field	0xb92f10	0xb938c6	jbe	0xb938cf	0xb938b3: add    rdx,0x27 | 0xb938b7: mov    rcx,QWORD PTR [rcx-0x8] | 0xb938bb: sub    rax,rcx | 0xb938be: add    rax,0xfffffffffffffff8 | 0xb938c2: cmp    rax,0x1f
reference	figure-field	0xb92f10	0xb938d4	jmp	0xb93907	0xb938c2: cmp    rax,0x1f | 0xb938c6: jbe    0x140b938cf | 0xb938c8: call   QWORD PTR [rip+0xa5225a]        # 0x1415e5b28 | 0xb938ce: int3 | 0xb938cf: call   0x141539680
reference	figure-field	0xb92f10	0xb938f0	jne	0xb93907	0xb938d6: mov    r8d,0x13 | 0xb938dc: lea    rdx,[rip+0xad03f5]        # 0x141663cd8 | 0xb938e3: mov    rcx,rbx | 0xb938e6: call   0x14006fa10 | 0xb938eb: cmp    WORD PTR [rbp+0x77],0x2
reference	language-name	0xa946e0	0xa94727	je	0xa94e6f	0xa94716: mov    BYTE PTR [rbp-0x39],r8b | 0xa9471a: mov    rdi,rdx | 0xa9471d: mov    rsi,rcx | 0xa94720: xor    r13d,r13d | 0xa94723: cmp    BYTE PTR [rcx+0x72],r13b
reference	language-name	0xa946e0	0xa9473a	ja	0xa94747	0xa94723: cmp    BYTE PTR [rcx+0x72],r13b | 0xa94727: je     0x140a94e6f | 0xa9472d: mov    r12d,r13d | 0xa94730: movsxd rax,DWORD PTR [rip+0xe07b8d]        # 0x14189c2c4 | 0xa94737: cmp    eax,0xa
reference	language-name	0xa946e0	0xa94753	jbe	0xa94758	0xa9473c: lea    r12,[rip+0x18fc39d]        # 0x142390ae0 | 0xa94743: mov    r12d,DWORD PTR [r12+rax*4] | 0xa94747: mov    QWORD PTR [rdx+0x10],r13 | 0xa9474b: mov    rax,rdi | 0xa9474e: cmp    QWORD PTR [rdx+0x18],0xf
reference	language-name	0xa946e0	0xa9476e	je	0xa947ae	0xa94755: mov    rax,QWORD PTR [rdx] | 0xa94758: mov    BYTE PTR [rax],r13b | 0xa9475b: movabs rax,0x7fffffffffffffff | 0xa94765: mov    ecx,0x16 | 0xa9476a: cmp    QWORD PTR [rsi+0x30],r13
reference	language-name	0xa946e0	0xa94777	jne	0xa947ae	0xa9475b: movabs rax,0x7fffffffffffffff | 0xa94765: mov    ecx,0x16 | 0xa9476a: cmp    QWORD PTR [rsi+0x30],r13 | 0xa9476e: je     0x140a947ae | 0xa94770: test   r12d,0xfffffffd
reference	language-name	0xa946e0	0xa94790	jbe	0xa94795	0xa9477b: mov    rcx,rdi | 0xa9477e: call   0x1400b9b80 | 0xa94783: lea    rdx,[rsi+0x20] | 0xa94787: mov    r8,QWORD PTR [rdx+0x10] | 0xa9478b: cmp    QWORD PTR [rdx+0x18],0xf
reference	language-name	0xa946e0	0xa947a9	jmp	0xa9488c	0xa94798: call   0x14006fa10 | 0xa9479d: mov    dl,0x27 | 0xa9479f: mov    rcx,rdi | 0xa947a2: call   0x1400b9b80 | 0xa947a7: mov    bl,0x1
reference	language-name	0xa946e0	0xa947c9	jbe	0xa947ce	0xa947b5: mov    QWORD PTR [rbp-0x19],r13 | 0xa947b9: mov    QWORD PTR [rbp-0x11],r13 | 0xa947bd: mov    r14,QWORD PTR [rsi+0x10] | 0xa947c1: mov    r13,rsi | 0xa947c4: cmp    QWORD PTR [rsi+0x18],0xf
reference	language-name	0xa946e0	0xa947d1	ja	0xa94e9c	0xa947c1: mov    r13,rsi | 0xa947c4: cmp    QWORD PTR [rsi+0x18],0xf | 0xa947c9: jbe    0x140a947ce | 0xa947cb: mov    r13,QWORD PTR [rsi] | 0xa947ce: cmp    r14,rax
reference	language-name	0xa946e0	0xa947db	ja	0xa947fa	0xa947c9: jbe    0x140a947ce | 0xa947cb: mov    r13,QWORD PTR [rsi] | 0xa947ce: cmp    r14,rax | 0xa947d1: ja     0x140a94e9c | 0xa947d7: cmp    r14,0xf
reference	language-name	0xa946e0	0xa947f8	jmp	0xa9483a	0xa947e1: mov    ebx,0xf | 0xa947e6: mov    QWORD PTR [rbp-0x11],rbx | 0xa947ea: movups xmm0,XMMWORD PTR [r13+0x0] | 0xa947ef: movups XMMWORD PTR [rbp-0x29],xmm0 | 0xa947f3: movq   r15,xmm0
reference	language-name	0xa946e0	0xa94804	jbe	0xa9480b	0xa947f3: movq   r15,xmm0 | 0xa947f8: jmp    0x140a9483a | 0xa947fa: mov    rbx,r14 | 0xa947fd: or     rbx,0xf | 0xa94801: cmp    rbx,rax
reference	language-name	0xa946e0	0xa94809	jmp	0xa94812	0xa947fa: mov    rbx,r14 | 0xa947fd: or     rbx,0xf | 0xa94801: cmp    rbx,rax | 0xa94804: jbe    0x140a9480b | 0xa94806: mov    rbx,rax
reference	language-name	0xa946e0	0xa9483e	je	0xa94855	0xa9482e: mov    rdx,r13 | 0xa94831: mov    rcx,rax | 0xa94834: call   0x14153aa78 | 0xa94839: nop | 0xa9483a: cmp    BYTE PTR [rbp-0x39],0x0
reference	language-name	0xa946e0	0xa94891	je	0xa948f3	0xa9487c: setne  bl | 0xa9487f: movzx  r15d,BYTE PTR [rbp-0x39] | 0xa94884: movzx  r14d,BYTE PTR [rbp-0x38] | 0xa94889: xor    r13d,r13d | 0xa9488c: cmp    QWORD PTR [rsi+0x30],0x0
reference	language-name	0xa946e0	0xa94897	jne	0xa948e2	0xa94884: movzx  r14d,BYTE PTR [rbp-0x38] | 0xa94889: xor    r13d,r13d | 0xa9488c: cmp    QWORD PTR [rsi+0x30],0x0 | 0xa94891: je     0x140a948f3 | 0xa94893: cmp    r12d,0x1
reference	language-name	0xa946e0	0xa9489b	je	0xa948b2	0xa9488c: cmp    QWORD PTR [rsi+0x30],0x0 | 0xa94891: je     0x140a948f3 | 0xa94893: cmp    r12d,0x1 | 0xa94897: jne    0x140a948e2 | 0xa94899: test   bl,bl
reference	language-name	0xa946e0	0xa948c9	jbe	0xa948ce	0xa948b4: mov    rcx,rdi | 0xa948b7: call   0x1400b9b80 | 0xa948bc: lea    rdx,[rsi+0x20] | 0xa948c0: mov    r8,QWORD PTR [rdx+0x10] | 0xa948c4: cmp    QWORD PTR [rdx+0x18],0xf
reference	language-name	0xa946e0	0xa948e7	je	0xa948f3	0xa948d6: mov    dl,0x27 | 0xa948d8: mov    rcx,rdi | 0xa948db: call   0x1400b9b80 | 0xa948e0: mov    bl,0x1 | 0xa948e2: cmp    QWORD PTR [rsi+0x30],0x0
reference	language-name	0xa946e0	0xa948ed	je	0xa94e6f	0xa948db: call   0x1400b9b80 | 0xa948e0: mov    bl,0x1 | 0xa948e2: cmp    QWORD PTR [rsi+0x30],0x0 | 0xa948e7: je     0x140a948f3 | 0xa948e9: cmp    r12d,0x2
reference	language-name	0xa946e0	0xa948f9	jne	0xa94904	0xa948e7: je     0x140a948f3 | 0xa948e9: cmp    r12d,0x2 | 0xa948ed: je     0x140a94e6f | 0xa948f3: mov    edx,DWORD PTR [rsi+0x40] | 0xa948f6: cmp    edx,0xffffffff
reference	language-name	0xa946e0	0xa948fe	je	0xa949d5	0xa948ed: je     0x140a94e6f | 0xa948f3: mov    edx,DWORD PTR [rsi+0x40] | 0xa948f6: cmp    edx,0xffffffff | 0xa948f9: jne    0x140a94904 | 0xa948fb: cmp    DWORD PTR [rsi+0x44],edx
reference	language-name	0xa946e0	0xa94906	je	0xa94911	0xa948f6: cmp    edx,0xffffffff | 0xa948f9: jne    0x140a94904 | 0xa948fb: cmp    DWORD PTR [rsi+0x44],edx | 0xa948fe: je     0x140a949d5 | 0xa94904: test   bl,bl
reference	language-name	0xa946e0	0xa9490b	jne	0xa949d5	0xa948fb: cmp    DWORD PTR [rsi+0x44],edx | 0xa948fe: je     0x140a949d5 | 0xa94904: test   bl,bl | 0xa94906: je     0x140a94911 | 0xa94908: test   r14b,r14b
reference	language-name	0xa946e0	0xa94952	je	0xa94997	0xa9493d: mov    DWORD PTR [rsp+0x20],eax | 0xa94941: lea    r8,[rbp-0x29] | 0xa94945: mov    edx,DWORD PTR [rsi+0x44] | 0xa94948: call   0x140d2cb50 | 0xa9494d: cmp    QWORD PTR [rbp-0x19],0x0
reference	language-name	0xa946e0	0xa94956	je	0xa9496d	0xa94945: mov    edx,DWORD PTR [rsi+0x44] | 0xa94948: call   0x140d2cb50 | 0xa9494d: cmp    QWORD PTR [rbp-0x19],0x0 | 0xa94952: je     0x140a94997 | 0xa94954: test   bl,bl
reference	language-name	0xa946e0	0xa94970	je	0xa9497b	0xa94958: mov    r8d,0x1 | 0xa9495e: lea    rdx,[rip+0xb53dd7]        # 0x1415e873c | 0xa94965: mov    rcx,rdi | 0xa94968: call   0x14006fa10 | 0xa9496d: test   r15b,r15b
reference	language-name	0xa946e0	0xa9499f	jbe	0xa949d5	0xa9498d: mov    rcx,rdi | 0xa94990: call   0x14006fa10 | 0xa94995: mov    bl,0x1 | 0xa94997: mov    rdx,QWORD PTR [rbp-0x11] | 0xa9499b: cmp    rdx,0xf
reference	language-name	0xa946e0	0xa949b2	jb	0xa949d0	0xa9499f: jbe    0x140a949d5 | 0xa949a1: inc    rdx | 0xa949a4: mov    rcx,QWORD PTR [rbp-0x29] | 0xa949a8: mov    rax,rcx | 0xa949ab: cmp    rdx,0x1000
reference	language-name	0xa946e0	0xa949c7	jbe	0xa949d0	0xa949b4: add    rdx,0x27 | 0xa949b8: mov    rcx,QWORD PTR [rcx-0x8] | 0xa949bc: sub    rax,rcx | 0xa949bf: add    rax,0xfffffffffffffff8 | 0xa949c3: cmp    rax,0x1f
reference	language-name	0xa946e0	0xa949d9	jne	0xa949eb	0xa949c7: jbe    0x140a949d0 | 0xa949c9: call   QWORD PTR [rip+0xb51159]        # 0x1415e5b28 | 0xa949cf: int3 | 0xa949d0: call   0x141539680 | 0xa949d5: cmp    DWORD PTR [rsi+0x54],0xffffffff
reference	language-name	0xa946e0	0xa949df	jne	0xa949eb	0xa949cf: int3 | 0xa949d0: call   0x141539680 | 0xa949d5: cmp    DWORD PTR [rsi+0x54],0xffffffff | 0xa949d9: jne    0x140a949eb | 0xa949db: cmp    DWORD PTR [rsi+0x48],0xffffffff
reference	language-name	0xa946e0	0xa949e5	je	0xa94dad	0xa949d5: cmp    DWORD PTR [rsi+0x54],0xffffffff | 0xa949d9: jne    0x140a949eb | 0xa949db: cmp    DWORD PTR [rsi+0x48],0xffffffff | 0xa949df: jne    0x140a949eb | 0xa949e1: cmp    DWORD PTR [rsi+0x4c],0xffffffff
reference	language-name	0xa946e0	0xa949ed	je	0xa949f8	0xa949db: cmp    DWORD PTR [rsi+0x48],0xffffffff | 0xa949df: jne    0x140a949eb | 0xa949e1: cmp    DWORD PTR [rsi+0x4c],0xffffffff | 0xa949e5: je     0x140a94dad | 0xa949eb: test   bl,bl
reference	language-name	0xa946e0	0xa949f2	jne	0xa94dad	0xa949e1: cmp    DWORD PTR [rsi+0x4c],0xffffffff | 0xa949e5: je     0x140a94dad | 0xa949eb: test   bl,bl | 0xa949ed: je     0x140a949f8 | 0xa949ef: test   r14b,r14b
reference	language-name	0xa946e0	0xa94a2b	je	0xa94ac9	0xa94a16: mov    DWORD PTR [rsp+0x20],eax | 0xa94a1a: lea    r8,[rbp-0x29] | 0xa94a1e: mov    edx,DWORD PTR [rsi+0x48] | 0xa94a21: call   0x140d2cb50 | 0xa94a26: cmp    QWORD PTR [rbp-0x19],0x0
reference	language-name	0xa946e0	0xa94a33	je	0xa94a4a	0xa94a1e: mov    edx,DWORD PTR [rsi+0x48] | 0xa94a21: call   0x140d2cb50 | 0xa94a26: cmp    QWORD PTR [rbp-0x19],0x0 | 0xa94a2b: je     0x140a94ac9 | 0xa94a31: test   bl,bl
reference	language-name	0xa946e0	0xa94a4f	jne	0xa94a72	0xa94a35: mov    r8d,0x1 | 0xa94a3b: lea    rdx,[rip+0xb53cfa]        # 0x1415e873c | 0xa94a42: mov    rcx,rdi | 0xa94a45: call   0x14006fa10 | 0xa94a4a: cmp    QWORD PTR [rdi+0x10],0x0
reference	language-name	0xa946e0	0xa94a55	jne	0xa94a72	0xa94a42: mov    rcx,rdi | 0xa94a45: call   0x14006fa10 | 0xa94a4a: cmp    QWORD PTR [rdi+0x10],0x0 | 0xa94a4f: jne    0x140a94a72 | 0xa94a51: cmp    r15b,0x1
reference	language-name	0xa946e0	0xa94a70	jmp	0xa94a8f	0xa94a57: mov    r8d,0x4 | 0xa94a5d: lea    rdx,[rip+0xb58f58]        # 0x1415ed9bc | 0xa94a64: mov    rcx,rdi | 0xa94a67: call   0x14006fa10 | 0xa94a6c: movzx  r14d,r15b
reference	language-name	0xa946e0	0xa94a8d	je	0xa94a98	0xa94a78: lea    rdx,[rip+0xb543c9]        # 0x1415e8e48 | 0xa94a7f: mov    rcx,rdi | 0xa94a82: call   0x14006fa10 | 0xa94a87: mov    r14b,0x1 | 0xa94a8a: test   r15b,r15b
reference	language-name	0xa946e0	0xa94ae2	je	0xa94b71	0xa94acd: mov    DWORD PTR [rsp+0x20],eax | 0xa94ad1: lea    r8,[rbp-0x29] | 0xa94ad5: mov    edx,DWORD PTR [rsi+0x4c] | 0xa94ad8: call   0x140d2cb50 | 0xa94add: cmp    QWORD PTR [rbp-0x19],0x0
reference	language-name	0xa946e0	0xa94aea	je	0xa94b01	0xa94ad5: mov    edx,DWORD PTR [rsi+0x4c] | 0xa94ad8: call   0x140d2cb50 | 0xa94add: cmp    QWORD PTR [rbp-0x19],0x0 | 0xa94ae2: je     0x140a94b71 | 0xa94ae8: test   bl,bl
reference	language-name	0xa946e0	0xa94b04	jne	0xa94b32	0xa94aec: mov    r8d,0x1 | 0xa94af2: lea    rdx,[rip+0xb53c43]        # 0x1415e873c | 0xa94af9: mov    rcx,rdi | 0xa94afc: call   0x14006fa10 | 0xa94b01: test   r14b,r14b
reference	language-name	0xa946e0	0xa94b0b	jne	0xa94b1a	0xa94af9: mov    rcx,rdi | 0xa94afc: call   0x14006fa10 | 0xa94b01: test   r14b,r14b | 0xa94b04: jne    0x140a94b32 | 0xa94b06: cmp    QWORD PTR [rdi+0x10],0x0
reference	language-name	0xa946e0	0xa94b18	je	0xa94b21	0xa94b04: jne    0x140a94b32 | 0xa94b06: cmp    QWORD PTR [rdi+0x10],0x0 | 0xa94b0b: jne    0x140a94b1a | 0xa94b0d: cmp    r15b,0x1 | 0xa94b11: lea    rdx,[rip+0xb58ea4]        # 0x1415ed9bc
reference	language-name	0xa946e0	0xa94b35	je	0xa94b40	0xa94b21: mov    r8d,0x4 | 0xa94b27: mov    rcx,rdi | 0xa94b2a: call   0x14006fa10 | 0xa94b2f: mov    r14b,0x1 | 0xa94b32: test   r15b,r15b
reference	language-name	0xa946e0	0xa94b8a	je	0xa94cf6	0xa94b75: mov    DWORD PTR [rsp+0x20],eax | 0xa94b79: lea    r8,[rbp-0x29] | 0xa94b7d: mov    edx,DWORD PTR [rsi+0x50] | 0xa94b80: call   0x140d2cb50 | 0xa94b85: cmp    QWORD PTR [rbp-0x19],0x0
reference	language-name	0xa946e0	0xa94b92	je	0xa94ba9	0xa94b7d: mov    edx,DWORD PTR [rsi+0x50] | 0xa94b80: call   0x140d2cb50 | 0xa94b85: cmp    QWORD PTR [rbp-0x19],0x0 | 0xa94b8a: je     0x140a94cf6 | 0xa94b90: test   bl,bl
reference	language-name	0xa946e0	0xa94bac	jne	0xa94bda	0xa94b94: mov    r8d,0x1 | 0xa94b9a: lea    rdx,[rip+0xb53b9b]        # 0x1415e873c | 0xa94ba1: mov    rcx,rdi | 0xa94ba4: call   0x14006fa10 | 0xa94ba9: test   r14b,r14b
reference	language-name	0xa946e0	0xa94bb3	jne	0xa94bc2	0xa94ba1: mov    rcx,rdi | 0xa94ba4: call   0x14006fa10 | 0xa94ba9: test   r14b,r14b | 0xa94bac: jne    0x140a94bda | 0xa94bae: cmp    QWORD PTR [rdi+0x10],0x0
reference	language-name	0xa946e0	0xa94bc0	je	0xa94bc9	0xa94bac: jne    0x140a94bda | 0xa94bae: cmp    QWORD PTR [rdi+0x10],0x0 | 0xa94bb3: jne    0x140a94bc2 | 0xa94bb5: cmp    r15b,0x1 | 0xa94bb9: lea    rdx,[rip+0xb58dfc]        # 0x1415ed9bc
reference	language-name	0xa946e0	0xa94bdd	je	0xa94be8	0xa94bc9: mov    r8d,0x4 | 0xa94bcf: mov    rcx,rdi | 0xa94bd2: call   0x14006fa10 | 0xa94bd7: mov    r14b,0x1 | 0xa94bda: test   r15b,r15b
reference	language-name	0xa946e0	0xa94c00	jb	0xa94e96	0xa94be8: mov    r13,QWORD PTR [rbp-0x19] | 0xa94bec: movabs rcx,0x7fffffffffffffff | 0xa94bf6: mov    rax,rcx | 0xa94bf9: sub    rax,r13 | 0xa94bfc: cmp    rax,0x1
reference	language-name	0xa946e0	0xa94c2f	jbe	0xa94c63	0xa94c1b: movups XMMWORD PTR [rbp-0x9],xmm0 | 0xa94c1f: lea    r12,[r13+0x1] | 0xa94c23: mov    ebx,0xf | 0xa94c28: lea    r15,[rbp-0x9] | 0xa94c2c: cmp    r12,rbx
reference	language-name	0xa946e0	0xa94c3b	jbe	0xa94c42	0xa94c2c: cmp    r12,rbx | 0xa94c2f: jbe    0x140a94c63 | 0xa94c31: mov    rbx,r12 | 0xa94c34: or     rbx,0xf | 0xa94c38: cmp    rbx,rcx
reference	language-name	0xa946e0	0xa94c40	jmp	0xa94c4f	0xa94c31: mov    rbx,r12 | 0xa94c34: or     rbx,0xf | 0xa94c38: cmp    rbx,rcx | 0xa94c3b: jbe    0x140a94c42 | 0xa94c3d: mov    rbx,rcx
reference	language-name	0xa946e0	0xa94ca6	jbe	0xa94cdc	0xa94c95: mov    rcx,rdi | 0xa94c98: call   0x14006fa10 | 0xa94c9d: nop | 0xa94c9e: mov    rdx,QWORD PTR [rbp+0xf] | 0xa94ca2: cmp    rdx,0xf
reference	language-name	0xa946e0	0xa94cb9	jb	0xa94cd7	0xa94ca6: jbe    0x140a94cdc | 0xa94ca8: inc    rdx | 0xa94cab: mov    rcx,QWORD PTR [rbp-0x9] | 0xa94caf: mov    rax,rcx | 0xa94cb2: cmp    rdx,0x1000
reference	language-name	0xa946e0	0xa94cce	jbe	0xa94cd7	0xa94cbb: add    rdx,0x27 | 0xa94cbf: mov    rcx,QWORD PTR [rcx-0x8] | 0xa94cc3: sub    rax,rcx | 0xa94cc6: add    rax,0xfffffffffffffff8 | 0xa94cca: cmp    rax,0x1f
reference	language-name	0xa946e0	0xa94d0f	je	0xa94d9d	0xa94cfa: mov    DWORD PTR [rsp+0x20],eax | 0xa94cfe: lea    r8,[rbp-0x29] | 0xa94d02: mov    edx,DWORD PTR [rsi+0x54] | 0xa94d05: call   0x140d2cb50 | 0xa94d0a: cmp    QWORD PTR [rbp-0x19],0x0
reference	language-name	0xa946e0	0xa94d17	je	0xa94d2e	0xa94d02: mov    edx,DWORD PTR [rsi+0x54] | 0xa94d05: call   0x140d2cb50 | 0xa94d0a: cmp    QWORD PTR [rbp-0x19],0x0 | 0xa94d0f: je     0x140a94d9d | 0xa94d15: test   bl,bl
reference	language-name	0xa946e0	0xa94d36	jne	0xa94d71	0xa94d1f: lea    rdx,[rip+0xb53a16]        # 0x1415e873c | 0xa94d26: mov    rcx,rdi | 0xa94d29: call   0x14006fa10 | 0xa94d2e: movzx  r13d,BYTE PTR [rbp-0x39] | 0xa94d33: test   r14b,r14b
reference	language-name	0xa946e0	0xa94d3d	jne	0xa94d5c	0xa94d29: call   0x14006fa10 | 0xa94d2e: movzx  r13d,BYTE PTR [rbp-0x39] | 0xa94d33: test   r14b,r14b | 0xa94d36: jne    0x140a94d71 | 0xa94d38: cmp    QWORD PTR [rdi+0x10],0x0
reference	language-name	0xa946e0	0xa94d43	jne	0xa94d5c	0xa94d33: test   r14b,r14b | 0xa94d36: jne    0x140a94d71 | 0xa94d38: cmp    QWORD PTR [rdi+0x10],0x0 | 0xa94d3d: jne    0x140a94d5c | 0xa94d3f: cmp    r13b,0x1
reference	language-name	0xa946e0	0xa94d5a	jmp	0xa94d76	0xa94d43: jne    0x140a94d5c | 0xa94d45: mov    r8d,0x4 | 0xa94d4b: lea    rdx,[rip+0xb58c6a]        # 0x1415ed9bc | 0xa94d52: mov    rcx,rdi | 0xa94d55: call   0x14006fa10
reference	language-name	0xa946e0	0xa94d74	je	0xa94d7f	0xa94d5c: mov    r8d,0x4 | 0xa94d62: lea    rdx,[rip+0xb540df]        # 0x1415e8e48 | 0xa94d69: mov    rcx,rdi | 0xa94d6c: call   0x14006fa10 | 0xa94d71: test   r13b,r13b
reference	language-name	0xa946e0	0xa94d9b	jmp	0xa94da2	0xa94d88: cmova  rdx,QWORD PTR [rbp-0x29] | 0xa94d8d: mov    r8,QWORD PTR [rbp-0x19] | 0xa94d91: mov    rcx,rdi | 0xa94d94: call   0x14006fa10 | 0xa94d99: mov    bl,0x1
reference	language-name	0xa946e0	0xa94dab	jmp	0xa94db2	0xa94d99: mov    bl,0x1 | 0xa94d9b: jmp    0x140a94da2 | 0xa94d9d: movzx  r13d,BYTE PTR [rbp-0x39] | 0xa94da2: lea    rcx,[rbp-0x29] | 0xa94da6: call   0x14006f850
reference	language-name	0xa946e0	0xa94db8	je	0xa94e6f	0xa94da6: call   0x14006f850 | 0xa94dab: jmp    0x140a94db2 | 0xa94dad: movzx  r13d,BYTE PTR [rbp-0x39] | 0xa94db2: mov    edx,DWORD PTR [rsi+0x58] | 0xa94db5: cmp    edx,0xffffffff
reference	language-name	0xa946e0	0xa94dc0	je	0xa94dcc	0xa94dad: movzx  r13d,BYTE PTR [rbp-0x39] | 0xa94db2: mov    edx,DWORD PTR [rsi+0x58] | 0xa94db5: cmp    edx,0xffffffff | 0xa94db8: je     0x140a94e6f | 0xa94dbe: test   bl,bl
reference	language-name	0xa946e0	0xa94dc6	jne	0xa94e6f	0xa94db5: cmp    edx,0xffffffff | 0xa94db8: je     0x140a94e6f | 0xa94dbe: test   bl,bl | 0xa94dc0: je     0x140a94dcc | 0xa94dc2: cmp    BYTE PTR [rbp-0x38],0x0
reference	language-name	0xa946e0	0xa94dfd	je	0xa94e66	0xa94de7: movsx  eax,WORD PTR [rsi+0x68] | 0xa94deb: mov    DWORD PTR [rsp+0x20],eax | 0xa94def: lea    r8,[rbp-0x29] | 0xa94df3: call   0x140d2cb50 | 0xa94df8: cmp    QWORD PTR [rbp-0x19],0x0
reference	language-name	0xa946e0	0xa94e01	je	0xa94e18	0xa94def: lea    r8,[rbp-0x29] | 0xa94df3: call   0x140d2cb50 | 0xa94df8: cmp    QWORD PTR [rbp-0x19],0x0 | 0xa94dfd: je     0x140a94e66 | 0xa94dff: test   bl,bl
reference	language-name	0xa946e0	0xa94e40	je	0xa94e4b	0xa94e2b: cmovne rdx,rax | 0xa94e2f: mov    r8d,0x3 | 0xa94e35: mov    rcx,rdi | 0xa94e38: call   0x14006fa10 | 0xa94e3d: test   r13b,r13b
reference	cache-wrap	0x8e7310	0x8e7313	jle	0x8e7430	0x8e7310: test   r8d,r8d
reference	cache-wrap	0x8e7310	0x8e736b	je	0x8e7386	0x8e7354: mov    QWORD PTR [rax+0x10],rbp | 0x8e7358: mov    QWORD PTR [rax+0x18],0xf | 0x8e7360: mov    BYTE PTR [rax],bpl | 0x8e7363: mov    QWORD PTR [rsp+0x78],rax | 0x8e7368: cmp    rax,rbx
reference	cache-wrap	0x8e7310	0x8e7376	jbe	0x8e737b	0x8e7363: mov    QWORD PTR [rsp+0x78],rax | 0x8e7368: cmp    rax,rbx | 0x8e736b: je     0x1408e7386 | 0x8e736d: mov    r8,QWORD PTR [rbx+0x10] | 0x8e7371: cmp    QWORD PTR [rbx+0x18],0xf
reference	cache-wrap	0x8e7310	0x8e73bf	je	0x8e7414	0x8e73ad: mov    rax,rdi | 0x8e73b0: mov    rsi,QWORD PTR [rsp+0x20] | 0x8e73b5: sub    rax,rsi | 0x8e73b8: sar    rax,0x3 | 0x8e73bc: test   rax,rax
reference	cache-wrap	0x8e7310	0x8e73d6	je	0x8e73ed	0x8e73c5: mov    r14,rsi | 0x8e73c8: neg    r14 | 0x8e73cb: nop    DWORD PTR [rax+rax*1+0x0] | 0x8e73d0: mov    rbx,QWORD PTR [rsi] | 0x8e73d3: test   rbx,rbx
reference	cache-wrap	0x8e7310	0x8e740d	jne	0x8e73d0	0x8e73f9: call   0x14153ae1a | 0x8e73fe: sub    rdi,0x8 | 0x8e7402: lea    rax,[rdi+r14*1] | 0x8e7406: sar    rax,0x3 | 0x8e740a: test   rax,rax
reference	cache-lines-wrap	0x8e7440	0x8e7443	jle	0x8e7715	0x8e7440: test   r8d,r8d
reference	cache-lines-wrap	0x8e7440	0x8e74aa	je	0x8e76e9	0x8e7499: mov    rdx,QWORD PTR [rdx] | 0x8e749c: mov    rax,QWORD PTR [r13+0x8] | 0x8e74a0: sub    rax,rdx | 0x8e74a3: sar    rax,0x3 | 0x8e74a7: test   rax,rax
reference	cache-lines-wrap	0x8e7440	0x8e74c0	jbe	0x8e7655	0x8e74b0: xor    r12d,r12d | 0x8e74b3: xor    r14d,r14d | 0x8e74b6: xor    edi,edi | 0x8e74b8: mov    rax,QWORD PTR [rdx+r12*1] | 0x8e74bc: cmp    QWORD PTR [rax+0x10],rdi
reference	cache-lines-wrap	0x8e7440	0x8e74c8	je	0x8e74e4	0x8e74b6: xor    edi,edi | 0x8e74b8: mov    rax,QWORD PTR [rdx+r12*1] | 0x8e74bc: cmp    QWORD PTR [rax+0x10],rdi | 0x8e74c0: jbe    0x1408e7655 | 0x8e74c6: test   bl,bl
reference	cache-lines-wrap	0x8e7440	0x8e74d3	jbe	0x8e74d8	0x8e74c0: jbe    0x1408e7655 | 0x8e74c6: test   bl,bl | 0x8e74c8: je     0x1408e74e4 | 0x8e74ca: mov    rax,QWORD PTR [rdx+r12*1] | 0x8e74ce: cmp    QWORD PTR [rax+0x18],0xf
reference	cache-lines-wrap	0x8e7440	0x8e74dc	je	0x8e7636	0x8e74ca: mov    rax,QWORD PTR [rdx+r12*1] | 0x8e74ce: cmp    QWORD PTR [rax+0x18],0xf | 0x8e74d3: jbe    0x1408e74d8 | 0x8e74d5: mov    rax,QWORD PTR [rax] | 0x8e74d8: cmp    BYTE PTR [rdi+rax*1],0x20
reference	cache-lines-wrap	0x8e7440	0x8e74ed	jbe	0x8e74f2	0x8e74d8: cmp    BYTE PTR [rdi+rax*1],0x20 | 0x8e74dc: je     0x1408e7636 | 0x8e74e2: xor    bl,bl | 0x8e74e4: mov    rdx,QWORD PTR [rdx+r12*1] | 0x8e74e8: cmp    QWORD PTR [rdx+0x18],0xf
reference	cache-lines-wrap	0x8e7440	0x8e750a	jbe	0x8e7636	0x8e74f6: lea    rcx,[rbp-0x30] | 0x8e74fa: call   0x1400b9b80 | 0x8e74ff: movsxd rax,DWORD PTR [rbp-0x3c] | 0x8e7503: mov    rsi,QWORD PTR [rbp-0x20] | 0x8e7507: cmp    rsi,rax
reference	cache-lines-wrap	0x8e7440	0x8e7542	jbe	0x8e7547	0x8e7533: dec    rdi | 0x8e7536: inc    edx | 0x8e7538: inc    r8 | 0x8e753b: mov    rax,rcx | 0x8e753e: cmp    r9,0xf
reference	cache-lines-wrap	0x8e7440	0x8e754b	je	0x8e7552	0x8e753b: mov    rax,rcx | 0x8e753e: cmp    r9,0xf | 0x8e7542: jbe    0x1408e7547 | 0x8e7544: mov    rax,QWORD PTR [rcx] | 0x8e7547: cmp    BYTE PTR [rdi+rax*1],0x20
reference	cache-lines-wrap	0x8e7440	0x8e7550	jg	0x8e7530	0x8e7542: jbe    0x1408e7547 | 0x8e7544: mov    rax,QWORD PTR [rcx] | 0x8e7547: cmp    BYTE PTR [rdi+rax*1],0x20 | 0x8e754b: je     0x1408e7552 | 0x8e754d: test   rdi,rdi
reference	cache-lines-wrap	0x8e7440	0x8e7558	jne	0x8e7578	0x8e754b: je     0x1408e7552 | 0x8e754d: test   rdi,rdi | 0x8e7550: jg     0x1408e7530 | 0x8e7552: movsxd rax,edx | 0x8e7555: cmp    rax,rsi
reference	cache-lines-wrap	0x8e7440	0x8e7573	jmp	0x8e7619	0x8e755a: lea    eax,[r10-0x1] | 0x8e755e: movsxd rdx,eax | 0x8e7561: mov    r9d,0x1 | 0x8e7567: lea    r8,[rip+0xd011ce]        # 0x1415e873c | 0x8e756e: call   0x1404f0930
reference	cache-lines-wrap	0x8e7440	0x8e7581	ja	0x8e759b	0x8e756e: call   0x1404f0930 | 0x8e7573: jmp    0x1408e7619 | 0x8e7578: mov    rdx,rsi | 0x8e757b: sub    rdx,r8 | 0x8e757e: cmp    rdx,rsi
reference	cache-lines-wrap	0x8e7440	0x8e7599	jmp	0x8e75aa	0x8e7583: mov    QWORD PTR [rbp-0x20],rdx | 0x8e7587: lea    rax,[rbp-0x30] | 0x8e758b: cmp    QWORD PTR [rbp-0x18],0xf | 0x8e7590: cmova  rax,QWORD PTR [rbp-0x30] | 0x8e7595: mov    BYTE PTR [rax+rdx*1],0x0
reference	cache-lines-wrap	0x8e7440	0x8e75db	je	0x8e75f7	0x8e75c5: mov    QWORD PTR [rax+0x18],0xf | 0x8e75cd: mov    BYTE PTR [rax],0x0 | 0x8e75d0: mov    QWORD PTR [rbp-0x38],rax | 0x8e75d4: lea    rax,[rbp-0x30] | 0x8e75d8: cmp    rbx,rax
reference	cache-lines-wrap	0x8e7440	0x8e75ff	je	0x8e760b	0x8e75eb: mov    r8,QWORD PTR [rbp-0x20] | 0x8e75ef: mov    rcx,rbx | 0x8e75f2: call   0x14006f8d0 | 0x8e75f7: mov    rdx,QWORD PTR [r15+0x8] | 0x8e75fb: cmp    rdx,QWORD PTR [r15+0x10]
reference	cache-lines-wrap	0x8e7440	0x8e7609	jmp	0x8e7617	0x8e75f7: mov    rdx,QWORD PTR [r15+0x8] | 0x8e75fb: cmp    rdx,QWORD PTR [r15+0x10] | 0x8e75ff: je     0x1408e760b | 0x8e7601: mov    QWORD PTR [rdx],rbx | 0x8e7604: add    QWORD PTR [r15+0x8],0x8
reference	cache-lines-wrap	0x8e7440	0x8e764b	jb	0x8e74c6	0x8e7639: inc    rdi | 0x8e763c: mov    rdx,QWORD PTR [r13+0x0] | 0x8e7640: mov    rcx,QWORD PTR [rdx+r12*1] | 0x8e7644: movsxd rax,r14d | 0x8e7647: cmp    rax,QWORD PTR [rcx+0x10]
reference	cache-lines-wrap	0x8e7440	0x8e7671	jb	0x8e74b3	0x8e7660: mov    rcx,QWORD PTR [r13+0x8] | 0x8e7664: sub    rcx,rdx | 0x8e7667: sar    rcx,0x3 | 0x8e766b: movsxd rax,r8d | 0x8e766e: cmp    rax,rcx
reference	cache-lines-wrap	0x8e7440	0x8e767a	je	0x8e76e9	0x8e7667: sar    rcx,0x3 | 0x8e766b: movsxd rax,r8d | 0x8e766e: cmp    rax,rcx | 0x8e7671: jb     0x1408e74b3 | 0x8e7677: test   rsi,rsi
reference	cache-lines-wrap	0x8e7440	0x8e76ad	je	0x8e76c8	0x8e7697: mov    QWORD PTR [rax+0x18],0xf | 0x8e769f: mov    BYTE PTR [rax],0x0 | 0x8e76a2: mov    QWORD PTR [rbp-0x38],rax | 0x8e76a6: lea    rax,[rbp-0x30] | 0x8e76aa: cmp    rbx,rax
reference	cache-lines-wrap	0x8e7440	0x8e76d0	je	0x8e76dc	0x8e76bd: mov    r8,rsi | 0x8e76c0: mov    rcx,rbx | 0x8e76c3: call   0x14006f8d0 | 0x8e76c8: mov    rdx,QWORD PTR [r15+0x8] | 0x8e76cc: cmp    rdx,QWORD PTR [r15+0x10]
reference	cache-lines-wrap	0x8e7440	0x8e76da	jmp	0x8e76e9	0x8e76c8: mov    rdx,QWORD PTR [r15+0x8] | 0x8e76cc: cmp    rdx,QWORD PTR [r15+0x10] | 0x8e76d0: je     0x1408e76dc | 0x8e76d2: mov    QWORD PTR [rdx],rbx | 0x8e76d5: add    QWORD PTR [r15+0x8],0x8
reference	site-controller-field	0x9b4e70	0x9b4e83	jae	0x9b4eca	0x9b4e70: mov    rax,QWORD PTR [rcx+0x428] | 0x9b4e77: mov    rcx,QWORD PTR [rcx+0x430] | 0x9b4e7e: xchg   ax,ax | 0x9b4e80: cmp    rax,rcx
reference	site-controller-field	0x9b4e70	0x9b4e8c	je	0x9b4e9a	0x9b4e7e: xchg   ax,ax | 0x9b4e80: cmp    rax,rcx | 0x9b4e83: jae    0x1409b4eca | 0x9b4e85: mov    rdx,QWORD PTR [rax] | 0x9b4e88: test   BYTE PTR [rdx+0x1c],0x1
reference	site-controller-field	0x9b4e70	0x9b4e92	jne	0x9b4e9a	0x9b4e83: jae    0x1409b4eca | 0x9b4e85: mov    rdx,QWORD PTR [rax] | 0x9b4e88: test   BYTE PTR [rdx+0x1c],0x1 | 0x9b4e8c: je     0x1409b4e9a | 0x9b4e8e: cmp    DWORD PTR [rdx+0x10],0x0
reference	site-controller-field	0x9b4e70	0x9b4e98	je	0x9b4ea0	0x9b4e88: test   BYTE PTR [rdx+0x1c],0x1 | 0x9b4e8c: je     0x1409b4e9a | 0x9b4e8e: cmp    DWORD PTR [rdx+0x10],0x0 | 0x9b4e92: jne    0x1409b4e9a | 0x9b4e94: cmp    DWORD PTR [rdx+0x14],0xffffffff
reference	site-controller-field	0x9b4e70	0x9b4e9e	jmp	0x9b4e80	0x9b4e8e: cmp    DWORD PTR [rdx+0x10],0x0 | 0x9b4e92: jne    0x1409b4e9a | 0x9b4e94: cmp    DWORD PTR [rdx+0x14],0xffffffff | 0x9b4e98: je     0x1409b4ea0 | 0x9b4e9a: add    rax,0x8
reference	site-controller-field	0x9b4e70	0x9b4eb4	je	0x9b4eca	0x9b4e9a: add    rax,0x8 | 0x9b4e9e: jmp    0x1409b4e80 | 0x9b4ea0: mov    rax,QWORD PTR [rip+0x1a1c959]        # 0x1423d1800 | 0x9b4ea7: sub    rax,QWORD PTR [rip+0x1a1c94a]        # 0x1423d17f8 | 0x9b4eae: test   rax,0xfffffffffffffff8
reference	site-controller-field	0x9b4e70	0x9b4ebc	je	0x9b4eca	0x9b4ea7: sub    rax,QWORD PTR [rip+0x1a1c94a]        # 0x1423d17f8 | 0x9b4eae: test   rax,0xfffffffffffffff8 | 0x9b4eb4: je     0x1409b4eca | 0x9b4eb6: mov    ecx,DWORD PTR [rdx+0x4] | 0x9b4eb9: cmp    ecx,0xffffffff
reference	site-controller-field	0x9b4e70	0x9b4ec5	jmp	0xba0a0	0x9b4eb4: je     0x1409b4eca | 0x9b4eb6: mov    ecx,DWORD PTR [rdx+0x4] | 0x9b4eb9: cmp    ecx,0xffffffff | 0x9b4ebc: je     0x1409b4eca | 0x9b4ebe: lea    rdx,[rip+0x1a1c933]        # 0x1423d17f8
reference	site-type-field	0x10cbe50	0x10cbe66	jbe	0x10cbe6b	0x10cbe50: mov    r9,rdx | 0x10cbe53: mov    rdx,rcx | 0x10cbe56: mov    rax,r9 | 0x10cbe59: mov    QWORD PTR [r9+0x10],0x0 | 0x10cbe61: cmp    QWORD PTR [r9+0x18],0xf
reference	site-type-field	0x10cbe50	0x10cbe79	ja	0x10cc14a	0x10cbe66: jbe    0x1410cbe6b | 0x10cbe68: mov    rax,QWORD PTR [r9] | 0x10cbe6b: mov    BYTE PTR [rax],0x0 | 0x10cbe6e: movsx  rax,WORD PTR [rcx+0x80] | 0x10cbe76: cmp    eax,0xa
reference	site-type-field	0x10cbe50	0x10cbe91	indirect-jump	jmp    rcx	
reference	site-type-field	0x10cbe50	0x10cbe9b	jne	0x10cbeba	0x10cbe86: mov    ecx,DWORD PTR [r8+rax*4+0x10cc160] | 0x10cbe8e: add    rcx,r8 | 0x10cbe91: jmp    rcx | 0x10cbe93: mov    eax,DWORD PTR [rdx+0x348] | 0x10cbe99: test   eax,eax
reference	site-type-field	0x10cbe50	0x10cbea3	jle	0x10cbed1	0x10cbe91: jmp    rcx | 0x10cbe93: mov    eax,DWORD PTR [rdx+0x348] | 0x10cbe99: test   eax,eax | 0x10cbe9b: jne    0x1410cbeba | 0x10cbe9d: cmp    DWORD PTR [rdx+0x34c],eax
reference	site-type-field	0x10cbe50	0x10cbeb5	jmp	0x6f8d0	0x10cbe9d: cmp    DWORD PTR [rdx+0x34c],eax | 0x10cbea3: jle    0x1410cbed1 | 0x10cbea5: lea    rdx,[rip+0x580554]        # 0x14164c400 | 0x10cbeac: mov    r8d,0x8 | 0x10cbeb2: mov    rcx,r9
reference	site-type-field	0x10cbe50	0x10cbeba	jle	0x10cbed1	0x10cbea3: jle    0x1410cbed1 | 0x10cbea5: lea    rdx,[rip+0x580554]        # 0x14164c400 | 0x10cbeac: mov    r8d,0x8 | 0x10cbeb2: mov    rcx,r9 | 0x10cbeb5: jmp    0x14006f8d0
reference	site-type-field	0x10cbe50	0x10cbecc	jmp	0x6f8d0	0x10cbeb5: jmp    0x14006f8d0 | 0x10cbeba: jle    0x1410cbed1 | 0x10cbebc: lea    rdx,[rip+0x67d9d5]        # 0x141749898 | 0x10cbec3: mov    r8d,0xe | 0x10cbec9: mov    rcx,r9
reference	site-type-field	0x10cbe50	0x10cbee1	jmp	0x6f8d0	0x10cbec9: mov    rcx,r9 | 0x10cbecc: jmp    0x14006f8d0 | 0x10cbed1: lea    rdx,[rip+0x67d9d0]        # 0x1417498a8 | 0x10cbed8: mov    r8d,0x8 | 0x10cbede: mov    rcx,r9
reference	site-type-field	0x10cbe50	0x10cbeed	jle	0x10cbeff	0x10cbed1: lea    rdx,[rip+0x67d9d0]        # 0x1417498a8 | 0x10cbed8: mov    r8d,0x8 | 0x10cbede: mov    rcx,r9 | 0x10cbee1: jmp    0x14006f8d0 | 0x10cbee6: cmp    DWORD PTR [rdx+0x2a8],0x0
reference	site-type-field	0x10cbe50	0x10cbef9	je	0x10cbeff	0x10cbee1: jmp    0x14006f8d0 | 0x10cbee6: cmp    DWORD PTR [rdx+0x2a8],0x0 | 0x10cbeed: jle    0x1410cbeff | 0x10cbeef: mov    rax,QWORD PTR [rdx+0x2a0] | 0x10cbef6: test   BYTE PTR [rax],0x8
reference	site-type-field	0x10cbe50	0x10cbefd	jmp	0x10cbf01	0x10cbeed: jle    0x1410cbeff | 0x10cbeef: mov    rax,QWORD PTR [rdx+0x2a0] | 0x10cbef6: test   BYTE PTR [rax],0x8 | 0x10cbef9: je     0x1410cbeff | 0x10cbefb: mov    al,0x1
reference	site-type-field	0x10cbe50	0x10cbf23	jmp	0x6f8d0	0x10cbf0a: movzx  eax,al | 0x10cbf0d: lea    rdx,[rip+0x5804ec]        # 0x14164c400 | 0x10cbf14: cmove  rdx,rcx | 0x10cbf18: mov    rcx,r9 | 0x10cbf1b: lea    r8,[rax*4+0x4]
reference	site-type-field	0x10cbe50	0x10cbf38	jmp	0x6f8d0	0x10cbf1b: lea    r8,[rax*4+0x4] | 0x10cbf23: jmp    0x14006f8d0 | 0x10cbf28: lea    rdx,[rip+0x58047d]        # 0x14164c3ac | 0x10cbf2f: mov    r8d,0x4 | 0x10cbf35: mov    rcx,r9
reference	site-type-field	0x10cbe50	0x10cbf4d	jmp	0x6f8d0	0x10cbf35: mov    rcx,r9 | 0x10cbf38: jmp    0x14006f8d0 | 0x10cbf3d: lea    rdx,[rip+0x67d97c]        # 0x1417498c0 | 0x10cbf44: mov    r8d,0xe | 0x10cbf4a: mov    rcx,r9
reference	site-type-field	0x10cbe50	0x10cbf59	jle	0x10cbf6b	0x10cbf3d: lea    rdx,[rip+0x67d97c]        # 0x1417498c0 | 0x10cbf44: mov    r8d,0xe | 0x10cbf4a: mov    rcx,r9 | 0x10cbf4d: jmp    0x14006f8d0 | 0x10cbf52: cmp    DWORD PTR [rdx+0x2a8],0x0
reference	site-type-field	0x10cbe50	0x10cbf65	je	0x10cbf6b	0x10cbf4d: jmp    0x14006f8d0 | 0x10cbf52: cmp    DWORD PTR [rdx+0x2a8],0x0 | 0x10cbf59: jle    0x1410cbf6b | 0x10cbf5b: mov    rax,QWORD PTR [rdx+0x2a0] | 0x10cbf62: test   BYTE PTR [rax],0x8
reference	site-type-field	0x10cbe50	0x10cbf69	jmp	0x10cbf6d	0x10cbf59: jle    0x1410cbf6b | 0x10cbf5b: mov    rax,QWORD PTR [rdx+0x2a0] | 0x10cbf62: test   BYTE PTR [rax],0x8 | 0x10cbf65: je     0x1410cbf6b | 0x10cbf67: mov    al,0x1
reference	site-type-field	0x10cbe50	0x10cbf93	jmp	0x6f8d0	0x10cbf79: lea    rdx,[rip+0x57ac84]        # 0x141646c04 | 0x10cbf80: cmove  rdx,rcx | 0x10cbf84: xor    rax,0x1 | 0x10cbf88: mov    rcx,r9 | 0x10cbf8b: lea    r8,[rax*2+0x4]
reference	site-type-field	0x10cbe50	0x10cbfa2	je	0x10cbfe5	0x10cbf88: mov    rcx,r9 | 0x10cbf8b: lea    r8,[rax*2+0x4] | 0x10cbf93: jmp    0x14006f8d0 | 0x10cbf98: mov    rax,QWORD PTR [rdx+0x310] | 0x10cbf9f: test   rax,rax
reference	site-type-field	0x10cbe50	0x10cbfaa	je	0x10cbfe5	0x10cbf98: mov    rax,QWORD PTR [rdx+0x310] | 0x10cbf9f: test   rax,rax | 0x10cbfa2: je     0x1410cbfe5 | 0x10cbfa4: movsx  ecx,WORD PTR [rax+0x4] | 0x10cbfa8: test   ecx,ecx
reference	site-type-field	0x10cbe50	0x10cbfaf	je	0x10cbfe5	0x10cbfa2: je     0x1410cbfe5 | 0x10cbfa4: movsx  ecx,WORD PTR [rax+0x4] | 0x10cbfa8: test   ecx,ecx | 0x10cbfaa: je     0x1410cbfe5 | 0x10cbfac: sub    ecx,0x1
reference	site-type-field	0x10cbe50	0x10cbfb4	je	0x10cbfd0	0x10cbfa8: test   ecx,ecx | 0x10cbfaa: je     0x1410cbfe5 | 0x10cbfac: sub    ecx,0x1 | 0x10cbfaf: je     0x1410cbfe5 | 0x10cbfb1: sub    ecx,0x1
reference	site-type-field	0x10cbe50	0x10cbfb9	jne	0x10cbfe5	0x10cbfac: sub    ecx,0x1 | 0x10cbfaf: je     0x1410cbfe5 | 0x10cbfb1: sub    ecx,0x1 | 0x10cbfb4: je     0x1410cbfd0 | 0x10cbfb6: cmp    ecx,0x1
reference	site-type-field	0x10cbe50	0x10cbfcb	jmp	0x6f8d0	0x10cbfb6: cmp    ecx,0x1 | 0x10cbfb9: jne    0x1410cbfe5 | 0x10cbfbb: lea    rdx,[rip+0x56072a]        # 0x14162c6ec | 0x10cbfc2: mov    r8d,0x6 | 0x10cbfc8: mov    rcx,r9
reference	site-type-field	0x10cbe50	0x10cbfe0	jmp	0x6f8d0	0x10cbfc8: mov    rcx,r9 | 0x10cbfcb: jmp    0x14006f8d0 | 0x10cbfd0: lea    rdx,[rip+0x67d901]        # 0x1417498d8 | 0x10cbfd7: mov    r8d,0x9 | 0x10cbfdd: mov    rcx,r9
reference	site-type-field	0x10cbe50	0x10cbff5	jmp	0x6f8d0	0x10cbfdd: mov    rcx,r9 | 0x10cbfe0: jmp    0x14006f8d0 | 0x10cbfe5: lea    rdx,[rip+0x5aa1f4]        # 0x1416761e0 | 0x10cbfec: mov    r8d,0x4 | 0x10cbff2: mov    rcx,r9
reference	site-type-field	0x10cbe50	0x10cc004	je	0x10cbea5	0x10cbfec: mov    r8d,0x4 | 0x10cbff2: mov    rcx,r9 | 0x10cbff5: jmp    0x14006f8d0 | 0x10cbffa: mov    rax,QWORD PTR [rdx+0x310] | 0x10cc001: test   rax,rax
reference	site-type-field	0x10cbe50	0x10cc010	je	0x10cc05b	0x10cbffa: mov    rax,QWORD PTR [rdx+0x310] | 0x10cc001: test   rax,rax | 0x10cc004: je     0x1410cbea5 | 0x10cc00a: movsx  ecx,WORD PTR [rax] | 0x10cc00d: sub    ecx,0x1
reference	site-type-field	0x10cbe50	0x10cc015	je	0x10cc046	0x10cc004: je     0x1410cbea5 | 0x10cc00a: movsx  ecx,WORD PTR [rax] | 0x10cc00d: sub    ecx,0x1 | 0x10cc010: je     0x1410cc05b | 0x10cc012: sub    ecx,0x1
reference	site-type-field	0x10cbe50	0x10cc01a	je	0x10cc031	0x10cc00d: sub    ecx,0x1 | 0x10cc010: je     0x1410cc05b | 0x10cc012: sub    ecx,0x1 | 0x10cc015: je     0x1410cc046 | 0x10cc017: cmp    ecx,0x1
reference	site-type-field	0x10cbe50	0x10cc02c	jmp	0x6f8d0	0x10cc017: cmp    ecx,0x1 | 0x10cc01a: je     0x1410cc031 | 0x10cc01c: lea    rdx,[rip+0x67da19]        # 0x141749a3c | 0x10cc023: mov    r8d,0x6 | 0x10cc029: mov    rcx,r9
reference	site-type-field	0x10cbe50	0x10cc041	jmp	0x6f8d0	0x10cc029: mov    rcx,r9 | 0x10cc02c: jmp    0x14006f8d0 | 0x10cc031: lea    rdx,[rip+0x54d918]        # 0x141619950 | 0x10cc038: mov    r8d,0x4 | 0x10cc03e: mov    rcx,r9
reference	site-type-field	0x10cbe50	0x10cc056	jmp	0x6f8d0	0x10cc03e: mov    rcx,r9 | 0x10cc041: jmp    0x14006f8d0 | 0x10cc046: lea    rdx,[rip+0x67d9e3]        # 0x141749a30 | 0x10cc04d: mov    r8d,0x9 | 0x10cc053: mov    rcx,r9
reference	site-type-field	0x10cbe50	0x10cc06b	jmp	0x6f8d0	0x10cc053: mov    rcx,r9 | 0x10cc056: jmp    0x14006f8d0 | 0x10cc05b: lea    rdx,[rip+0x646132]        # 0x141712194 | 0x10cc062: mov    r8d,0x5 | 0x10cc068: mov    rcx,r9
reference	site-type-field	0x10cbe50	0x10cc07a	je	0x10cc10b	0x10cc062: mov    r8d,0x5 | 0x10cc068: mov    rcx,r9 | 0x10cc06b: jmp    0x14006f8d0 | 0x10cc070: mov    rax,QWORD PTR [rdx+0x310] | 0x10cc077: test   rax,rax
reference	site-type-field	0x10cbe50	0x10cc086	je	0x10cc0f6	0x10cc070: mov    rax,QWORD PTR [rdx+0x310] | 0x10cc077: test   rax,rax | 0x10cc07a: je     0x1410cc10b | 0x10cc080: movsx  ecx,WORD PTR [rax+0x2] | 0x10cc084: test   ecx,ecx
reference	site-type-field	0x10cbe50	0x10cc08b	je	0x10cc0e1	0x10cc07a: je     0x1410cc10b | 0x10cc080: movsx  ecx,WORD PTR [rax+0x2] | 0x10cc084: test   ecx,ecx | 0x10cc086: je     0x1410cc0f6 | 0x10cc088: sub    ecx,0x1
reference	site-type-field	0x10cbe50	0x10cc090	jne	0x10cc10b	0x10cc084: test   ecx,ecx | 0x10cc086: je     0x1410cc0f6 | 0x10cc088: sub    ecx,0x1 | 0x10cc08b: je     0x1410cc0e1 | 0x10cc08d: cmp    ecx,0x1
reference	site-type-field	0x10cbe50	0x10cc09b	jl	0x10cc0b2	0x10cc08b: je     0x1410cc0e1 | 0x10cc08d: cmp    ecx,0x1 | 0x10cc090: jne    0x1410cc10b | 0x10cc092: mov    eax,DWORD PTR [rdx+0x228] | 0x10cc098: cmp    eax,0x64
reference	site-type-field	0x10cbe50	0x10cc0ad	jmp	0x6f8d0	0x10cc098: cmp    eax,0x64 | 0x10cc09b: jl     0x1410cc0b2 | 0x10cc09d: lea    rdx,[rip+0x67d9a4]        # 0x141749a48 | 0x10cc0a4: mov    r8d,0x11 | 0x10cc0aa: mov    rcx,r9
reference	site-type-field	0x10cbe50	0x10cc0b5	jl	0x10cc0cc	0x10cc09d: lea    rdx,[rip+0x67d9a4]        # 0x141749a48 | 0x10cc0a4: mov    r8d,0x11 | 0x10cc0aa: mov    rcx,r9 | 0x10cc0ad: jmp    0x14006f8d0 | 0x10cc0b2: cmp    eax,0xf
reference	site-type-field	0x10cbe50	0x10cc0c7	jmp	0x6f8d0	0x10cc0b2: cmp    eax,0xf | 0x10cc0b5: jl     0x1410cc0cc | 0x10cc0b7: lea    rdx,[rip+0x67d9a2]        # 0x141749a60 | 0x10cc0be: mov    r8d,0x12 | 0x10cc0c4: mov    rcx,r9
reference	site-type-field	0x10cbe50	0x10cc0dc	jmp	0x6f8d0	0x10cc0c4: mov    rcx,r9 | 0x10cc0c7: jmp    0x14006f8d0 | 0x10cc0cc: lea    rdx,[rip+0x67d9a5]        # 0x141749a78 | 0x10cc0d3: mov    r8d,0xf | 0x10cc0d9: mov    rcx,r9
reference	site-type-field	0x10cbe50	0x10cc0f1	jmp	0x6f8d0	0x10cc0d9: mov    rcx,r9 | 0x10cc0dc: jmp    0x14006f8d0 | 0x10cc0e1: lea    rdx,[rip+0x67b850]        # 0x141747938 | 0x10cc0e8: mov    r8d,0x5 | 0x10cc0ee: mov    rcx,r9
reference	site-type-field	0x10cbe50	0x10cc106	jmp	0x6f8d0	0x10cc0ee: mov    rcx,r9 | 0x10cc0f1: jmp    0x14006f8d0 | 0x10cc0f6: lea    rdx,[rip+0x56394f]        # 0x14162fa4c | 0x10cc0fd: mov    r8d,0x4 | 0x10cc103: mov    rcx,r9
reference	site-type-field	0x10cbe50	0x10cc11b	jmp	0x6f8d0	0x10cc103: mov    rcx,r9 | 0x10cc106: jmp    0x14006f8d0 | 0x10cc10b: mov    r8d,0x8 | 0x10cc111: lea    rdx,[rip+0x67d970]        # 0x141749a88 | 0x10cc118: mov    rcx,r9
reference	site-type-field	0x10cbe50	0x10cc130	jmp	0x6f8d0	0x10cc118: mov    rcx,r9 | 0x10cc11b: jmp    0x14006f8d0 | 0x10cc120: lea    rdx,[rip+0x67d96d]        # 0x141749a94 | 0x10cc127: mov    r8d,0x4 | 0x10cc12d: mov    rcx,r9
reference	site-type-field	0x10cbe50	0x10cc145	jmp	0x6f8d0	0x10cc12d: mov    rcx,r9 | 0x10cc130: jmp    0x14006f8d0 | 0x10cc135: lea    rdx,[rip+0x67d964]        # 0x141749aa0 | 0x10cc13c: mov    r8d,0x12 | 0x10cc142: mov    rcx,r9
reference	site-type-field	0x10cbe50	0x10cc15a	jmp	0x6f8d0	0x10cc142: mov    rcx,r9 | 0x10cc145: jmp    0x14006f8d0 | 0x10cc14a: lea    rdx,[rip+0x5a9717]        # 0x141675868 | 0x10cc151: mov    r8d,0x4 | 0x10cc157: mov    rcx,r9
reference	faith-render-path	0x62cb94	0x62cb9c	jne	0x62d323	0x62cb94: cmp    DWORD PTR [r13+0x1298],0x2
reference	faith-render-path	0x62cb94	0x62cbaa	je	0x62cd64	0x62cb94: cmp    DWORD PTR [r13+0x1298],0x2 | 0x62cb9c: jne    0x14062d323 | 0x62cba2: cmp    DWORD PTR [r13+0x5a0],0xffffffff
reference	faith-render-path	0x62cb94	0x62cbd0	jg	0x62cc3f	0x62cbbc: lea    r12d,[r14+0x18] | 0x62cbc0: mov    ebx,DWORD PTR [rip+0x1da0bc2]        # 0x1423cd788 | 0x62cbc6: add    ebx,0xfffffff8 | 0x62cbc9: mov    DWORD PTR [rsp+0x7c],ebx | 0x62cbcd: cmp    r14d,r15d
reference	faith-render-path	0x62cb94	0x62cc01	jne	0x62cc08	0x62cbf1: mov    r8d,edi | 0x62cbf4: mov    edx,esi | 0x62cbf6: mov    rcx,r12 | 0x62cbf9: call   0x1400bb120 | 0x62cbfe: cmp    edi,r14d
reference	faith-render-path	0x62cb94	0x62cc06	jmp	0x62cc14	0x62cbf6: mov    rcx,r12 | 0x62cbf9: call   0x1400bb120 | 0x62cbfe: cmp    edi,r14d | 0x62cc01: jne    0x14062cc08 | 0x62cc03: mov    edx,DWORD PTR [rbx-0x18]
reference	faith-render-path	0x62cb94	0x62cc0b	jne	0x62cc11	0x62cbfe: cmp    edi,r14d | 0x62cc01: jne    0x14062cc08 | 0x62cc03: mov    edx,DWORD PTR [rbx-0x18] | 0x62cc06: jmp    0x14062cc14 | 0x62cc08: cmp    edi,r15d
reference	faith-render-path	0x62cb94	0x62cc0f	jmp	0x62cc14	0x62cc03: mov    edx,DWORD PTR [rbx-0x18] | 0x62cc06: jmp    0x14062cc14 | 0x62cc08: cmp    edi,r15d | 0x62cc0b: jne    0x14062cc11 | 0x62cc0d: mov    edx,DWORD PTR [rbx]
reference	faith-render-path	0x62cb94	0x62cc25	jl	0x62cbf1	0x62cc14: mov    rcx,r12 | 0x62cc17: call   0x140adaad0 | 0x62cc1c: inc    esi | 0x62cc1e: add    rbx,0x4 | 0x62cc22: cmp    rbx,r13
reference	faith-render-path	0x62cb94	0x62cc31	jle	0x62cbe0	0x62cc22: cmp    rbx,r13 | 0x62cc25: jl     0x14062cbf1 | 0x62cc27: inc    edi | 0x62cc29: cmp    edi,r15d | 0x62cc2c: mov    r13d,DWORD PTR [rsp+0x7c]
reference	faith-render-path	0x62cb94	0x62cca4	jg	0x62cd08	0x62cc91: nop | 0x62cc92: lea    rcx,[rbp+0x2520] | 0x62cc99: call   0x140067e30 | 0x62cc9e: mov    edi,r13d | 0x62cca1: cmp    r13d,r12d
reference	faith-render-path	0x62cb94	0x62ccd0	jne	0x62ccd7	0x62ccc0: mov    r8d,edi | 0x62ccc3: mov    edx,esi | 0x62ccc5: mov    rcx,r15 | 0x62ccc8: call   0x1400bb120 | 0x62cccd: cmp    edi,r13d
reference	faith-render-path	0x62cb94	0x62ccd5	jmp	0x62cce3	0x62ccc5: mov    rcx,r15 | 0x62ccc8: call   0x1400bb120 | 0x62cccd: cmp    edi,r13d | 0x62ccd0: jne    0x14062ccd7 | 0x62ccd2: mov    edx,DWORD PTR [rbx-0x18]
reference	faith-render-path	0x62cb94	0x62ccda	jne	0x62cce0	0x62cccd: cmp    edi,r13d | 0x62ccd0: jne    0x14062ccd7 | 0x62ccd2: mov    edx,DWORD PTR [rbx-0x18] | 0x62ccd5: jmp    0x14062cce3 | 0x62ccd7: cmp    edi,r12d
reference	faith-render-path	0x62cb94	0x62ccde	jmp	0x62cce3	0x62ccd2: mov    edx,DWORD PTR [rbx-0x18] | 0x62ccd5: jmp    0x14062cce3 | 0x62ccd7: cmp    edi,r12d | 0x62ccda: jne    0x14062cce0 | 0x62ccdc: mov    edx,DWORD PTR [rbx]
reference	faith-render-path	0x62cb94	0x62ccfb	jl	0x62ccc0	0x62cce6: call   0x140adaad0 | 0x62cceb: inc    esi | 0x62cced: add    rbx,0x4 | 0x62ccf1: lea    rax,[rip+0x201f160]        # 0x14264be58 | 0x62ccf8: cmp    rbx,rax
reference	faith-render-path	0x62cb94	0x62cd06	jle	0x62ccb0	0x62ccf8: cmp    rbx,rax | 0x62ccfb: jl     0x14062ccc0 | 0x62ccfd: inc    edi | 0x62ccff: cmp    edi,r12d | 0x62cd02: mov    ebx,DWORD PTR [rsp+0x7c]
reference	faith-render-path	0x62cb94	0x62cdd6	jge	0x62d2b0	0x62cdc7: cmovns esi,edx | 0x62cdca: mov    DWORD PTR [rbp-0x68],esi | 0x62cdcd: lea    ecx,[r12+rsi*1] | 0x62cdd1: mov    DWORD PTR [rbp-0x64],ecx | 0x62cdd4: cmp    esi,ecx
reference	faith-render-path	0x62cb94	0x62cde9	jge	0x62d2a8	0x62cdd4: cmp    esi,ecx | 0x62cdd6: jge    0x14062d2b0 | 0x62cddc: mov    r13d,0x1b | 0x62cde2: mov    DWORD PTR [rsp+0x74],r13d | 0x62cde7: cmp    esi,eax
reference	faith-render-path	0x62cb94	0x62ce05	je	0x62ce5c	0x62cdf5: mov    rdx,rbx | 0x62cdf8: mov    rcx,rdi | 0x62cdfb: call   0x14006f360 | 0x62ce00: mov    ecx,DWORD PTR [rax] | 0x62ce02: cmp    ecx,0xffffffff
reference	faith-render-path	0x62cb94	0x62ce09	je	0x62ce31	0x62cdfb: call   0x14006f360 | 0x62ce00: mov    ecx,DWORD PTR [rax] | 0x62ce02: cmp    ecx,0xffffffff | 0x62ce05: je     0x14062ce5c | 0x62ce07: test   ecx,ecx
reference	faith-render-path	0x62cb94	0x62ce0e	jne	0x62ce7d	0x62ce02: cmp    ecx,0xffffffff | 0x62ce05: je     0x14062ce5c | 0x62ce07: test   ecx,ecx | 0x62ce09: je     0x14062ce31 | 0x62ce0b: cmp    ecx,0x1
reference	faith-render-path	0x62cb94	0x62ce2f	jmp	0x62ce7d	0x62ce1b: mov    rdx,rbx | 0x62ce1e: call   0x14006f360 | 0x62ce23: mov    ecx,DWORD PTR [rax] | 0x62ce25: cmp    DWORD PTR [rdi+0x5a4],ecx | 0x62ce2b: sete   r12b
reference	faith-render-path	0x62cb94	0x62ce4c	jne	0x62ce7d	0x62ce35: lea    rcx,[rdi+0x1300] | 0x62ce3c: mov    rdx,rbx | 0x62ce3f: call   0x14006f360 | 0x62ce44: mov    ecx,DWORD PTR [rax] | 0x62ce46: cmp    DWORD PTR [rdi+0x5a0],ecx
reference	faith-render-path	0x62cb94	0x62ce55	jne	0x62ce7d	0x62ce3f: call   0x14006f360 | 0x62ce44: mov    ecx,DWORD PTR [rax] | 0x62ce46: cmp    DWORD PTR [rdi+0x5a0],ecx | 0x62ce4c: jne    0x14062ce7d | 0x62ce4e: cmp    DWORD PTR [rdi+0x5a4],0xffffffff
reference	faith-render-path	0x62cb94	0x62ce5a	jmp	0x62ce7d	0x62ce46: cmp    DWORD PTR [rdi+0x5a0],ecx | 0x62ce4c: jne    0x14062ce7d | 0x62ce4e: cmp    DWORD PTR [rdi+0x5a4],0xffffffff | 0x62ce55: jne    0x14062ce7d | 0x62ce57: mov    r12b,0x1
reference	faith-render-path	0x62cb94	0x62ce67	jne	0x62ce7d	0x62ce55: jne    0x14062ce7d | 0x62ce57: mov    r12b,0x1 | 0x62ce5a: jmp    0x14062ce7d | 0x62ce5c: mov    rax,QWORD PTR [rbp-0x78] | 0x62ce60: cmp    DWORD PTR [rax+0x5a0],0xffffffff
reference	faith-render-path	0x62cb94	0x62ce9d	jg	0x62cf6b	0x62ce88: lea    rbx,[rip+0x201d561]        # 0x14264a3f0 | 0x62ce8f: mov    rcx,rbx | 0x62ce92: call   0x1400bb130 | 0x62ce97: mov    edi,r15d | 0x62ce9a: cmp    r15d,r14d
reference	faith-render-path	0x62cb94	0x62ceb6	jge	0x62cf51	0x62cea6: mov    eax,DWORD PTR [rsp+0x74] | 0x62ceaa: add    eax,0xfffffffe | 0x62cead: mov    DWORD PTR [rsp+0x78],eax | 0x62ceb1: mov    esi,eax | 0x62ceb3: cmp    eax,r13d
reference	faith-render-path	0x62cb94	0x62ced7	je	0x62cef8	0x62cec3: mov    r8d,edi | 0x62cec6: mov    edx,esi | 0x62cec8: lea    rcx,[rip+0x201d521]        # 0x14264a3f0 | 0x62cecf: call   0x1400bb120 | 0x62ced4: test   r12b,r12b
reference	faith-render-path	0x62cb94	0x62cedc	jne	0x62cee3	0x62cec8: lea    rcx,[rip+0x201d521]        # 0x14264a3f0 | 0x62cecf: call   0x1400bb120 | 0x62ced4: test   r12b,r12b | 0x62ced7: je     0x14062cef8 | 0x62ced9: cmp    edi,r15d
reference	faith-render-path	0x62cb94	0x62cee1	jmp	0x62cf0f	0x62ced4: test   r12b,r12b | 0x62ced7: je     0x14062cef8 | 0x62ced9: cmp    edi,r15d | 0x62cedc: jne    0x14062cee3 | 0x62cede: mov    edx,DWORD PTR [rbx-0x18]
reference	faith-render-path	0x62cb94	0x62ceed	jne	0x62cef3	0x62cedc: jne    0x14062cee3 | 0x62cede: mov    edx,DWORD PTR [rbx-0x18] | 0x62cee1: jmp    0x14062cf0f | 0x62cee3: lea    rcx,[rip+0x201d506]        # 0x14264a3f0 | 0x62ceea: cmp    edi,r14d
reference	faith-render-path	0x62cb94	0x62cef1	jmp	0x62cf16	0x62cee1: jmp    0x14062cf0f | 0x62cee3: lea    rcx,[rip+0x201d506]        # 0x14264a3f0 | 0x62ceea: cmp    edi,r14d | 0x62ceed: jne    0x14062cef3 | 0x62ceef: mov    edx,DWORD PTR [rbx]
reference	faith-render-path	0x62cb94	0x62cef6	jmp	0x62cf16	0x62ceea: cmp    edi,r14d | 0x62ceed: jne    0x14062cef3 | 0x62ceef: mov    edx,DWORD PTR [rbx] | 0x62cef1: jmp    0x14062cf16 | 0x62cef3: mov    edx,DWORD PTR [rbx-0xc]
reference	faith-render-path	0x62cb94	0x62cefb	jne	0x62cf02	0x62ceef: mov    edx,DWORD PTR [rbx] | 0x62cef1: jmp    0x14062cf16 | 0x62cef3: mov    edx,DWORD PTR [rbx-0xc] | 0x62cef6: jmp    0x14062cf16 | 0x62cef8: cmp    edi,r15d
reference	faith-render-path	0x62cb94	0x62cf00	jmp	0x62cf0f	0x62cef3: mov    edx,DWORD PTR [rbx-0xc] | 0x62cef6: jmp    0x14062cf16 | 0x62cef8: cmp    edi,r15d | 0x62cefb: jne    0x14062cf02 | 0x62cefd: mov    edx,DWORD PTR [rbx-0x60]
reference	faith-render-path	0x62cb94	0x62cf05	jne	0x62cf0c	0x62cef8: cmp    edi,r15d | 0x62cefb: jne    0x14062cf02 | 0x62cefd: mov    edx,DWORD PTR [rbx-0x60] | 0x62cf00: jmp    0x14062cf0f | 0x62cf02: cmp    edi,r14d
reference	faith-render-path	0x62cb94	0x62cf0a	jmp	0x62cf0f	0x62cefd: mov    edx,DWORD PTR [rbx-0x60] | 0x62cf00: jmp    0x14062cf0f | 0x62cf02: cmp    edi,r14d | 0x62cf05: jne    0x14062cf0c | 0x62cf07: mov    edx,DWORD PTR [rbx-0x48]
reference	faith-render-path	0x62cb94	0x62cf2b	je	0x62cf3e	0x62cf16: call   0x140adaad0 | 0x62cf1b: xor    edx,edx | 0x62cf1d: lea    rcx,[rip+0x1da084c]        # 0x1423cd770 | 0x62cf24: call   0x140071f90 | 0x62cf29: test   al,al
reference	faith-render-path	0x62cb94	0x62cf47	jl	0x62cec3	0x62cf32: lea    rcx,[rip+0x201d4b7]        # 0x14264a3f0 | 0x62cf39: call   0x1400bb190 | 0x62cf3e: inc    esi | 0x62cf40: add    rbx,0x4 | 0x62cf44: cmp    esi,r13d
reference	faith-render-path	0x62cb94	0x62cf56	jle	0x62ceb1	0x62cf44: cmp    esi,r13d | 0x62cf47: jl     0x14062cec3 | 0x62cf4d: mov    eax,DWORD PTR [rsp+0x78] | 0x62cf51: inc    edi | 0x62cf53: cmp    edi,r14d
reference	faith-render-path	0x62cb94	0x62cf79	je	0x62cf80	0x62cf64: lea    rbx,[rip+0x201d485]        # 0x14264a3f0 | 0x62cf6b: xor    r8d,r8d | 0x62cf6e: mov    edx,0x7 | 0x62cf73: mov    rcx,rbx | 0x62cf76: test   r12b,r12b
reference	faith-render-path	0x62cb94	0x62cf7e	jmp	0x62cf83	0x62cf6e: mov    edx,0x7 | 0x62cf73: mov    rcx,rbx | 0x62cf76: test   r12b,r12b | 0x62cf79: je     0x14062cf80 | 0x62cf7b: mov    r9b,0x1
reference	faith-render-path	0x62cb94	0x62cfb9	je	0x62d048	0x62cfa8: mov    rdi,QWORD PTR [rbp-0x38] | 0x62cfac: mov    rcx,rdi | 0x62cfaf: call   0x14006f360 | 0x62cfb4: mov    ecx,DWORD PTR [rax] | 0x62cfb6: cmp    ecx,0xffffffff
reference	faith-render-path	0x62cb94	0x62cfc1	je	0x62cffb	0x62cfaf: call   0x14006f360 | 0x62cfb4: mov    ecx,DWORD PTR [rax] | 0x62cfb6: cmp    ecx,0xffffffff | 0x62cfb9: je     0x14062d048 | 0x62cfbf: test   ecx,ecx
reference	faith-render-path	0x62cb94	0x62cfca	jne	0x62d05f	0x62cfb9: je     0x14062d048 | 0x62cfbf: test   ecx,ecx | 0x62cfc1: je     0x14062cffb | 0x62cfc3: mov    r12,QWORD PTR [rbp-0x78] | 0x62cfc7: cmp    ecx,0x1
reference	faith-render-path	0x62cb94	0x62cff9	jmp	0x62d05f	0x62cfe0: xor    r9d,r9d | 0x62cfe3: mov    r8d,DWORD PTR [rax] | 0x62cfe6: lea    rdx,[rbp+0x1360] | 0x62cfed: lea    rcx,[rip+0x1ecccc4]        # 0x1424f9cb8 | 0x62cff4: call   0x140b92900
reference	faith-render-path	0x62cb94	0x62d046	jmp	0x62d05f	0x62d029: lea    r9,[rbp+0x450] | 0x62d030: mov    r8d,DWORD PTR [rax] | 0x62d033: lea    rdx,[rbp+0x1360] | 0x62d03a: lea    rcx,[rip+0x1eccc77]        # 0x1424f9cb8 | 0x62d041: call   0x140b92f10
reference	faith-render-path	0x62cb94	0x62d08e	je	0x62d24a	0x62d07b: call   0x140ad9960 | 0x62d080: movsxd rdx,esi | 0x62d083: mov    rcx,rdi | 0x62d086: call   0x14006f360 | 0x62d08b: cmp    DWORD PTR [rax],0xffffffff
reference	faith-render-path	0x62cb94	0x62d0bf	je	0x62d536	0x62d0b0: movsxd rdx,esi | 0x62d0b3: mov    rcx,rdi | 0x62d0b6: call   0x14006f360 | 0x62d0bb: mov    edx,DWORD PTR [rax] | 0x62d0bd: test   edx,edx
reference	faith-render-path	0x62cb94	0x62d0c8	jne	0x62d1a2	0x62d0b6: call   0x14006f360 | 0x62d0bb: mov    edx,DWORD PTR [rax] | 0x62d0bd: test   edx,edx | 0x62d0bf: je     0x14062d536 | 0x62d0c5: cmp    edx,0x1
reference	faith-render-path	0x62cb94	0x62d105	je	0x62d19d	0x62d0f1: mov    edx,DWORD PTR [rax] | 0x62d0f3: lea    rcx,[rip+0x1da46fe]        # 0x1423d17f8 | 0x62d0fa: call   0x14007daf0 | 0x62d0ff: mov    r13,rax | 0x62d102: test   rax,rax
reference	faith-render-path	0x62cb94	0x62d148	jne	0x62d196	0x62d12e: call   0x14006f230 | 0x62d133: lea    rdx,[rbp+0x168] | 0x62d13a: lea    rcx,[rbp+0xa8] | 0x62d141: call   0x1400b9970 | 0x62d146: test   al,al
reference	faith-render-path	0x62cb94	0x62d16d	je	0x62d3d7	0x62d150: lea    rcx,[rbp+0xa8] | 0x62d157: call   0x14006ee10 | 0x62d15c: mov    rbx,QWORD PTR [rax] | 0x62d15f: mov    eax,DWORD PTR [r12+0x340] | 0x62d167: cmp    DWORD PTR [rbx+0x88],eax
reference	faith-render-path	0x62cb94	0x62d194	je	0x62d150	0x62d17a: call   0x14006ee00 | 0x62d17f: lea    rdx,[rbp+0x168] | 0x62d186: lea    rcx,[rbp+0xa8] | 0x62d18d: call   0x1400b9970 | 0x62d192: test   al,al
reference	faith-render-path	0x62cb94	0x62d1bd	jb	0x62d221	0x62d1a8: lea    rcx,[rbp+0x1140] | 0x62d1af: call   0x14006f330 | 0x62d1b4: lea    ecx,[rdi-0x8] | 0x62d1b7: movsxd rdx,ecx | 0x62d1ba: cmp    rax,rdx
reference	faith-render-path	0x62cb94	0x62d1db	jle	0x62d21a	0x62d1c5: lea    rdx,[rsi-0x9] | 0x62d1c9: xor    r8d,r8d | 0x62d1cc: lea    rcx,[rbp+0x1140] | 0x62d1d3: call   0x1400e1230 | 0x62d1d8: cmp    ebx,0x3
reference	faith-render-path	0x62cb94	0x62d250	jl	0x62d281	0x62d23e: call   0x140067e30 | 0x62d243: mov    esi,DWORD PTR [rbp-0x68] | 0x62d246: mov    rdi,QWORD PTR [rbp-0x38] | 0x62d24a: mov    eax,DWORD PTR [rbp-0x60] | 0x62d24d: cmp    eax,r15d
reference	faith-render-path	0x62cb94	0x62d255	jg	0x62d281	0x62d246: mov    rdi,QWORD PTR [rbp-0x38] | 0x62d24a: mov    eax,DWORD PTR [rbp-0x60] | 0x62d24d: cmp    eax,r15d | 0x62d250: jl     0x14062d281 | 0x62d252: cmp    eax,r14d
reference	faith-render-path	0x62cb94	0x62d260	jl	0x62d281	0x62d252: cmp    eax,r14d | 0x62d255: jg     0x14062d281 | 0x62d257: lea    eax,[r13-0x2] | 0x62d25b: mov    ecx,DWORD PTR [rbp-0x58] | 0x62d25e: cmp    ecx,eax
reference	faith-render-path	0x62cb94	0x62d265	jg	0x62d281	0x62d257: lea    eax,[r13-0x2] | 0x62d25b: mov    ecx,DWORD PTR [rbp-0x58] | 0x62d25e: cmp    ecx,eax | 0x62d260: jl     0x14062d281 | 0x62d262: cmp    ecx,r13d
reference	faith-render-path	0x62cb94	0x62d2a2	jl	0x62cde7	0x62d291: call   0x140067e30 | 0x62d296: inc    esi | 0x62d298: mov    DWORD PTR [rbp-0x68],esi | 0x62d29b: cmp    esi,DWORD PTR [rbp-0x64] | 0x62d29e: mov    rax,QWORD PTR [rbp-0x70]
reference	faith-render-path	0x62cb94	0x62d2b3	jle	0x62d323	0x62d29e: mov    rax,QWORD PTR [rbp-0x70] | 0x62d2a2: jl     0x14062cde7 | 0x62d2a8: mov    r12d,DWORD PTR [rbp-0x2c] | 0x62d2ac: mov    r13,QWORD PTR [rbp-0x78] | 0x62d2b0: cmp    eax,r12d
reference	faith-render-path	0x62cb94	0x62d327	je	0x62d747	0x62d310: mov    r8d,DWORD PTR [rbp-0x58] | 0x62d314: mov    edx,DWORD PTR [rbp-0x60] | 0x62d317: lea    rcx,[rbp+0x270] | 0x62d31e: call   0x14140f4d0 | 0x62d323: cmp    BYTE PTR [rbp-0x3c],0x0
reference	faith-render-path	0x62cb94	0x62d33c	je	0x62d747	0x62d323: cmp    BYTE PTR [rbp-0x3c],0x0 | 0x62d327: je     0x14062d747 | 0x62d32d: lea    rcx,[r13+0x1330] | 0x62d334: call   0x14006ee50 | 0x62d339: test   rax,rax
reference	faith-render-path	0x62cb94	0x62d385	jg	0x62d66e	0x62d373: sub    r13d,ebx | 0x62d376: mov    DWORD PTR [rsp+0x78],r13d | 0x62d37b: lea    r12d,[r13-0x1] | 0x62d37f: mov    r14d,r12d | 0x62d382: cmp    r12d,r15d
reference	faith-render-path	0x62cb94	0x62d396	jg	0x62d65d	0x62d382: cmp    r12d,r15d | 0x62d385: jg     0x14062d66e | 0x62d38b: lea    r13,[rip+0x201d05e]        # 0x14264a3f0 | 0x62d392: mov    ebx,esi | 0x62d394: cmp    esi,edi
reference	faith-render-path	0x62cb94	0x62d3be	jne	0x62d607	0x62d3ae: xor    r8d,r8d | 0x62d3b1: xor    edx,edx | 0x62d3b3: mov    rcx,r13 | 0x62d3b6: call   0x1400bb190 | 0x62d3bb: cmp    r14d,r12d
reference	faith-render-path	0x62cb94	0x62d3c6	jne	0x62d5f0	0x62d3b3: mov    rcx,r13 | 0x62d3b6: call   0x1400bb190 | 0x62d3bb: cmp    r14d,r12d | 0x62d3be: jne    0x14062d607 | 0x62d3c4: cmp    ebx,esi
reference	faith-render-path	0x62cb94	0x62d3d2	jmp	0x62d64b	0x62d3bb: cmp    r14d,r12d | 0x62d3be: jne    0x14062d607 | 0x62d3c4: cmp    ebx,esi | 0x62d3c6: jne    0x14062d5f0 | 0x62d3cc: mov    edx,DWORD PTR [rip+0x201e942]        # 0x14264bd14
reference	faith-render-path	0x62cb94	0x62d421	je	0x62d196	0x62d410: call   0x14006ee20 | 0x62d415: xor    edx,edx | 0x62d417: movzx  ecx,BYTE PTR [rax] | 0x62d41a: call   0x1400657b0 | 0x62d41f: test   al,al
reference	faith-render-path	0x62cb94	0x62d44a	jne	0x62d4c5	0x62d439: mov    rcx,QWORD PTR [rax] | 0x62d43c: add    rcx,0x28 | 0x62d440: mov    edx,r14d | 0x62d443: call   0x140071f90 | 0x62d448: test   al,al
reference	faith-render-path	0x62cb94	0x62d49b	jne	0x62d4c5	0x62d48a: call   0x14006ee10 | 0x62d48f: mov    rcx,QWORD PTR [rax] | 0x62d492: mov    rax,QWORD PTR [rcx] | 0x62d495: call   QWORD PTR [rax] | 0x62d497: cmp    ax,0x2
reference	faith-render-path	0x62cb94	0x62d4b6	jne	0x62d4c5	0x62d4a6: mov    rbx,QWORD PTR [rax] | 0x62d4a9: mov    rax,QWORD PTR [rbx] | 0x62d4ac: mov    rcx,rbx | 0x62d4af: call   QWORD PTR [rax+0x38] | 0x62d4b2: cmp    eax,DWORD PTR [r13+0x4]
reference	faith-render-path	0x62cb94	0x62d4bb	je	0x62d4c2	0x62d4ac: mov    rcx,rbx | 0x62d4af: call   QWORD PTR [rax+0x38] | 0x62d4b2: cmp    eax,DWORD PTR [r13+0x4] | 0x62d4b6: jne    0x14062d4c5 | 0x62d4b8: test   dil,dil
reference	faith-render-path	0x62cb94	0x62d4c0	jmp	0x62d4c5	0x62d4b2: cmp    eax,DWORD PTR [r13+0x4] | 0x62d4b6: jne    0x14062d4c5 | 0x62d4b8: test   dil,dil | 0x62d4bb: je     0x14062d4c2 | 0x62d4bd: mov    r12,rbx
reference	faith-render-path	0x62cb94	0x62d4ee	jne	0x62d430	0x62d4dd: call   0x14006ee20 | 0x62d4e2: xor    edx,edx | 0x62d4e4: movzx  ecx,BYTE PTR [rax] | 0x62d4e7: call   0x1400657b0 | 0x62d4ec: test   al,al
reference	faith-render-path	0x62cb94	0x62d4fb	je	0x62d515	0x62d4e7: call   0x1400657b0 | 0x62d4ec: test   al,al | 0x62d4ee: jne    0x14062d430 | 0x62d4f4: test   rsi,rsi | 0x62d4f7: mov    r14d,DWORD PTR [rbp-0x5c]
reference	faith-render-path	0x62cb94	0x62d510	jmp	0x62d196	0x62d4f7: mov    r14d,DWORD PTR [rbp-0x5c] | 0x62d4fb: je     0x14062d515 | 0x62d4fd: lea    rdx,[rip+0x10339ac]        # 0x141660eb0 | 0x62d504: lea    rcx,[rbp+0x1140] | 0x62d50b: call   0x14006f560
reference	faith-render-path	0x62cb94	0x62d518	je	0x62d196	0x62d4fd: lea    rdx,[rip+0x10339ac]        # 0x141660eb0 | 0x62d504: lea    rcx,[rbp+0x1140] | 0x62d50b: call   0x14006f560 | 0x62d510: jmp    0x14062d196 | 0x62d515: test   r12,r12
reference	faith-render-path	0x62cb94	0x62d531	jmp	0x62d196	0x62d515: test   r12,r12 | 0x62d518: je     0x14062d196 | 0x62d51e: lea    rdx,[rip+0x103399b]        # 0x141660ec0 | 0x62d525: lea    rcx,[rbp+0x1140] | 0x62d52c: call   0x14006f560
reference	faith-render-path	0x62cb94	0x62d557	je	0x62d5d8	0x62d541: call   0x14006f360 | 0x62d546: mov    edx,DWORD PTR [rax] | 0x62d548: lea    rcx,[rip+0x1ecc769]        # 0x1424f9cb8 | 0x62d54f: call   0x140067dc0 | 0x62d554: test   rax,rax
reference	faith-render-path	0x62cb94	0x62d56f	je	0x62d590	0x62d559: lea    rbx,[rax+0xc8] | 0x62d560: mov    edx,0x2 | 0x62d565: mov    rcx,rbx | 0x62d568: call   0x140071f90 | 0x62d56d: test   al,al
reference	faith-render-path	0x62cb94	0x62d58b	jmp	0x62d1a2	0x62d56f: je     0x14062d590 | 0x62d571: lea    rdx,[rip+0xfd2bcc]        # 0x141600144 | 0x62d578: lea    rcx,[rbp+0x1140] | 0x62d57f: call   0x14006f580 | 0x62d584: lea    rbx,[rip+0x201ce65]        # 0x14264a3f0
reference	faith-render-path	0x62cb94	0x62d5a6	je	0x62d5c0	0x62d590: mov    edx,0x3 | 0x62d595: mov    rcx,rbx | 0x62d598: call   0x140071f90 | 0x62d59d: lea    rcx,[rbp+0x1140] | 0x62d5a4: test   al,al
reference	faith-render-path	0x62cb94	0x62d5bb	jmp	0x62d1a2	0x62d5a4: test   al,al | 0x62d5a6: je     0x14062d5c0 | 0x62d5a8: lea    rdx,[rip+0xfbfab9]        # 0x1415ed068 | 0x62d5af: call   0x14006f580 | 0x62d5b4: lea    rbx,[rip+0x201ce35]        # 0x14264a3f0
reference	faith-render-path	0x62cb94	0x62d5d3	jmp	0x62d1a2	0x62d5b4: lea    rbx,[rip+0x201ce35]        # 0x14264a3f0 | 0x62d5bb: jmp    0x14062d1a2 | 0x62d5c0: lea    rdx,[rip+0xfd2b69]        # 0x141600130 | 0x62d5c7: call   0x14006f580 | 0x62d5cc: lea    rbx,[rip+0x201ce1d]        # 0x14264a3f0
reference	faith-render-path	0x62cb94	0x62d5eb	jmp	0x62d1a2	0x62d5cc: lea    rbx,[rip+0x201ce1d]        # 0x14264a3f0 | 0x62d5d3: jmp    0x14062d1a2 | 0x62d5d8: lea    rdx,[rip+0xfd2b51]        # 0x141600130 | 0x62d5df: lea    rcx,[rbp+0x1140] | 0x62d5e6: call   0x14006f580
reference	faith-render-path	0x62cb94	0x62d5f5	jne	0x62d5ff	0x62d5df: lea    rcx,[rbp+0x1140] | 0x62d5e6: call   0x14006f580 | 0x62d5eb: jmp    0x14062d1a2 | 0x62d5f0: mov    rcx,r13 | 0x62d5f3: cmp    ebx,edi
reference	faith-render-path	0x62cb94	0x62d5fd	jmp	0x62d64e	0x62d5eb: jmp    0x14062d1a2 | 0x62d5f0: mov    rcx,r13 | 0x62d5f3: cmp    ebx,edi | 0x62d5f5: jne    0x14062d5ff | 0x62d5f7: mov    edx,DWORD PTR [rip+0x201e72f]        # 0x14264bd2c
reference	faith-render-path	0x62cb94	0x62d605	jmp	0x62d64e	0x62d5f3: cmp    ebx,edi | 0x62d5f5: jne    0x14062d5ff | 0x62d5f7: mov    edx,DWORD PTR [rip+0x201e72f]        # 0x14264bd2c | 0x62d5fd: jmp    0x14062d64e | 0x62d5ff: mov    edx,DWORD PTR [rip+0x201e71b]        # 0x14264bd20
reference	faith-render-path	0x62cb94	0x62d60a	jne	0x62d62f	0x62d5f7: mov    edx,DWORD PTR [rip+0x201e72f]        # 0x14264bd2c | 0x62d5fd: jmp    0x14062d64e | 0x62d5ff: mov    edx,DWORD PTR [rip+0x201e71b]        # 0x14264bd20 | 0x62d605: jmp    0x14062d64e | 0x62d607: cmp    r14d,r15d
reference	faith-render-path	0x62cb94	0x62d60e	jne	0x62d618	0x62d5ff: mov    edx,DWORD PTR [rip+0x201e71b]        # 0x14264bd20 | 0x62d605: jmp    0x14062d64e | 0x62d607: cmp    r14d,r15d | 0x62d60a: jne    0x14062d62f | 0x62d60c: cmp    ebx,esi
reference	faith-render-path	0x62cb94	0x62d616	jmp	0x62d64b	0x62d607: cmp    r14d,r15d | 0x62d60a: jne    0x14062d62f | 0x62d60c: cmp    ebx,esi | 0x62d60e: jne    0x14062d618 | 0x62d610: mov    edx,DWORD PTR [rip+0x201e706]        # 0x14264bd1c
reference	faith-render-path	0x62cb94	0x62d61d	jne	0x62d627	0x62d60e: jne    0x14062d618 | 0x62d610: mov    edx,DWORD PTR [rip+0x201e706]        # 0x14264bd1c | 0x62d616: jmp    0x14062d64b | 0x62d618: mov    rcx,r13 | 0x62d61b: cmp    ebx,edi
reference	faith-render-path	0x62cb94	0x62d625	jmp	0x62d64e	0x62d616: jmp    0x14062d64b | 0x62d618: mov    rcx,r13 | 0x62d61b: cmp    ebx,edi | 0x62d61d: jne    0x14062d627 | 0x62d61f: mov    edx,DWORD PTR [rip+0x201e70f]        # 0x14264bd34
reference	faith-render-path	0x62cb94	0x62d62d	jmp	0x62d64e	0x62d61b: cmp    ebx,edi | 0x62d61d: jne    0x14062d627 | 0x62d61f: mov    edx,DWORD PTR [rip+0x201e70f]        # 0x14264bd34 | 0x62d625: jmp    0x14062d64e | 0x62d627: mov    edx,DWORD PTR [rip+0x201e6fb]        # 0x14264bd28
reference	faith-render-path	0x62cb94	0x62d631	jne	0x62d63b	0x62d61f: mov    edx,DWORD PTR [rip+0x201e70f]        # 0x14264bd34 | 0x62d625: jmp    0x14062d64e | 0x62d627: mov    edx,DWORD PTR [rip+0x201e6fb]        # 0x14264bd28 | 0x62d62d: jmp    0x14062d64e | 0x62d62f: cmp    ebx,esi
reference	faith-render-path	0x62cb94	0x62d639	jmp	0x62d64b	0x62d627: mov    edx,DWORD PTR [rip+0x201e6fb]        # 0x14264bd28 | 0x62d62d: jmp    0x14062d64e | 0x62d62f: cmp    ebx,esi | 0x62d631: jne    0x14062d63b | 0x62d633: mov    edx,DWORD PTR [rip+0x201e6df]        # 0x14264bd18
reference	faith-render-path	0x62cb94	0x62d643	je	0x62d64b	0x62d631: jne    0x14062d63b | 0x62d633: mov    edx,DWORD PTR [rip+0x201e6df]        # 0x14264bd18 | 0x62d639: jmp    0x14062d64b | 0x62d63b: cmp    ebx,edi | 0x62d63d: mov    edx,DWORD PTR [rip+0x201e6ed]        # 0x14264bd30
reference	faith-render-path	0x62cb94	0x62d657	jle	0x62d3a0	0x62d645: mov    edx,DWORD PTR [rip+0x201e6d9]        # 0x14264bd24 | 0x62d64b: mov    rcx,r13 | 0x62d64e: call   0x140adaad0 | 0x62d653: inc    ebx | 0x62d655: cmp    ebx,edi
reference	faith-render-path	0x62cb94	0x62d663	jle	0x62d392	0x62d653: inc    ebx | 0x62d655: cmp    ebx,edi | 0x62d657: jle    0x14062d3a0 | 0x62d65d: inc    r14d | 0x62d660: cmp    r14d,r15d
reference	faith-render-path	0x62cb94	0x62d6d7	je	0x62d74b	0x62d6c6: call   0x14006ee20 | 0x62d6cb: xor    edx,edx | 0x62d6cd: movzx  ecx,BYTE PTR [rax] | 0x62d6d0: call   0x1400657b0 | 0x62d6d5: test   al,al
reference	faith-render-path	0x62cb94	0x62d6e3	jge	0x62d74b	0x62d6d0: call   0x1400657b0 | 0x62d6d5: test   al,al | 0x62d6d7: je     0x14062d74b | 0x62d6d9: nop    DWORD PTR [rax+0x0] | 0x62d6e0: cmp    r13d,r15d
reference	faith-render-path	0x62cb94	0x62d743	jne	0x62d6e0	0x62d732: call   0x14006ee20 | 0x62d737: xor    edx,edx | 0x62d739: movzx  ecx,BYTE PTR [rax] | 0x62d73c: call   0x1400657b0 | 0x62d741: test   al,al
reference	faith-render-path	0x62cb94	0x62d745	jmp	0x62d74b	0x62d737: xor    edx,edx | 0x62d739: movzx  ecx,BYTE PTR [rax] | 0x62d73c: call   0x1400657b0 | 0x62d741: test   al,al | 0x62d743: jne    0x14062d6e0
reference	faith-render-path	0x62cb94	0x62d766	je	0x62d79a	0x62d74b: mov    edx,DWORD PTR [r12+0x340] | 0x62d753: mov    rcx,QWORD PTR [rip+0x1ebe3fe]        # 0x1424ebb58 | 0x62d75a: call   0x14007db20 | 0x62d75f: mov    rbx,rax | 0x62d762: cmp    BYTE PTR [rbp-0x3c],0x0
reference	faith-render-path	0x62cb94	0x62d778	je	0x62d79a	0x62d762: cmp    BYTE PTR [rbp-0x3c],0x0 | 0x62d766: je     0x14062d79a | 0x62d768: lea    rcx,[r12+0x1280] | 0x62d770: call   0x14006ee50 | 0x62d775: test   rax,rax
reference	faith-render-path	0x62cb94	0x62d785	je	0x62d79a	0x62d770: call   0x14006ee50 | 0x62d775: test   rax,rax | 0x62d778: je     0x14062d79a | 0x62d77a: movsxd rax,DWORD PTR [r12+0x1348] | 0x62d782: cmp    eax,0xffffffff
reference	faith-render-path	0x62cb94	0x62d79d	je	0x62d8bc	0x62d787: mov    rdx,rax | 0x62d78a: lea    rcx,[r12+0x1280] | 0x62d792: call   0x14006f220 | 0x62d797: mov    rbx,QWORD PTR [rax] | 0x62d79a: test   rbx,rbx
reference	faith-render-path	0x62cb94	0x62d7be	je	0x62d83d	0x62d7ab: mov    rdi,rax | 0x62d7ae: xor    edx,edx | 0x62d7b0: lea    rcx,[rip+0x1d9ffb9]        # 0x1423cd770 | 0x62d7b7: call   0x140071f90 | 0x62d7bc: test   al,al
reference	faith-render-path	0x62cb94	0x62d7db	je	0x62d7e2	0x62d7c0: lea    rcx,[rbp+0x3c00] | 0x62d7c7: call   0x1400bbf90 | 0x62d7cc: mov    ecx,DWORD PTR [rbx+0x88] | 0x62d7d2: mov    DWORD PTR [rbp+0x3d88],ecx | 0x62d7d8: test   rdi,rdi
reference	faith-render-path	0x62cb94	0x62d7e0	jmp	0x62d7e7	0x62d7cc: mov    ecx,DWORD PTR [rbx+0x88] | 0x62d7d2: mov    DWORD PTR [rbp+0x3d88],ecx | 0x62d7d8: test   rdi,rdi | 0x62d7db: je     0x14062d7e2 | 0x62d7dd: mov    eax,DWORD PTR [rdi+0x4]
reference	hometown-cache-caller	0x62c5d0	0x62c5d0	jle	0x62c60f	
reference	hometown-cache-caller	0x62c5d0	0x62c632	jl	0x62c662	0x62c619: lea    rdx,[rbp+0x1180] | 0x62c620: lea    rcx,[rip+0x201ddc9]        # 0x14264a3f0 | 0x62c627: call   0x140ad9960 | 0x62c62c: mov    eax,DWORD PTR [rbp-0x60] | 0x62c62f: cmp    eax,r15d
reference	hometown-cache-caller	0x62c5d0	0x62c637	jg	0x62c662	0x62c627: call   0x140ad9960 | 0x62c62c: mov    eax,DWORD PTR [rbp-0x60] | 0x62c62f: cmp    eax,r15d | 0x62c632: jl     0x14062c662 | 0x62c634: cmp    eax,r14d
reference	hometown-cache-caller	0x62c5d0	0x62c641	jl	0x62c662	0x62c634: cmp    eax,r14d | 0x62c637: jg     0x14062c662 | 0x62c639: lea    eax,[rdi-0x2] | 0x62c63c: mov    ecx,DWORD PTR [rbp-0x58] | 0x62c63f: cmp    ecx,eax
reference	hometown-cache-caller	0x62c5d0	0x62c645	jg	0x62c662	0x62c639: lea    eax,[rdi-0x2] | 0x62c63c: mov    ecx,DWORD PTR [rbp-0x58] | 0x62c63f: cmp    ecx,eax | 0x62c641: jl     0x14062c662 | 0x62c643: cmp    ecx,edi
reference	hometown-cache-caller	0x62c5d0	0x62c6a0	jl	0x62c1e0	0x62c68f: inc    r13d | 0x62c692: mov    DWORD PTR [rbp-0x7c],r13d | 0x62c696: cmp    r13d,DWORD PTR [rbp-0x5c] | 0x62c69a: mov    ebx,edi | 0x62c69c: mov    rsi,QWORD PTR [rbp-0x70]
reference	hometown-cache-caller	0x62c5d0	0x62c6ab	jle	0x62c71b	0x62c69a: mov    ebx,edi | 0x62c69c: mov    rsi,QWORD PTR [rbp-0x70] | 0x62c6a0: jl     0x14062c1e0 | 0x62c6a6: mov    edi,DWORD PTR [rbp-0x64] | 0x62c6a9: cmp    esi,edi
reference	hometown-cache-caller	0x62c5d0	0x62c719	jmp	0x62c71f	0x62c702: mov    BYTE PTR [rsp+0x20],al | 0x62c706: mov    r8d,DWORD PTR [rbp-0x58] | 0x62c70a: mov    edx,DWORD PTR [rbp-0x60] | 0x62c70d: lea    rcx,[rbp+0x2b0] | 0x62c714: call   0x14140f4d0
classic	owner	0x63b7b0	0x63b7ef	jne	0x63b807	0x63b7db: xor    rax,rsp | 0x63b7de: mov    QWORD PTR [rbp+0x2f],rax | 0x63b7e2: mov    rsi,rcx | 0x63b7e5: mov    QWORD PTR [rbp-0x69],rcx | 0x63b7e9: cmp    DWORD PTR [rcx+0x1348],edx
classic	owner	0x63b7b0	0x63b7f8	jne	0x63b807	0x63b7e2: mov    rsi,rcx | 0x63b7e5: mov    QWORD PTR [rbp-0x69],rcx | 0x63b7e9: cmp    DWORD PTR [rcx+0x1348],edx | 0x63b7ef: jne    0x14063b807 | 0x63b7f1: cmp    DWORD PTR [rcx+0x134c],0xffffffff
classic	owner	0x63b7b0	0x63b801	je	0x63cab5	0x63b7e9: cmp    DWORD PTR [rcx+0x1348],edx | 0x63b7ef: jne    0x14063b807 | 0x63b7f1: cmp    DWORD PTR [rcx+0x134c],0xffffffff | 0x63b7f8: jne    0x14063b807 | 0x63b7fa: cmp    DWORD PTR [rcx+0x1350],r9d
classic	owner	0x63b7b0	0x63b86f	jne	0x63be1b	0x63b84b: lea    rbx,[rip+0x1008da2]        # 0x1416445f4 | 0x63b852: mov    r12d,0x4 | 0x63b858: movabs r14,0x7fffffffffffffff | 0x63b862: mov    r15d,0x3 | 0x63b868: cmp    DWORD PTR [rsi+0x1298],0x0
classic	owner	0x63b7b0	0x63b88d	je	0x63be1b	0x63b875: mov    rcx,QWORD PTR [rsi+0x1280] | 0x63b87c: mov    rax,QWORD PTR [rsi+0x1288] | 0x63b883: sub    rax,rcx | 0x63b886: sar    rax,0x3 | 0x63b88a: test   rax,rax
classic	owner	0x63b7b0	0x63b917	jne	0x63b9ca	0x63b8fd: lea    rax,[rbp-0x31] | 0x63b901: cmp    QWORD PTR [rbp-0x19],0xf | 0x63b906: cmova  rax,QWORD PTR [rbp-0x31] | 0x63b90b: mov    BYTE PTR [rax],0x0 | 0x63b90e: cmp    WORD PTR [r13+0x80],0x1
classic	owner	0x63b7b0	0x63b924	jb	0x63b948	0x63b90b: mov    BYTE PTR [rax],0x0 | 0x63b90e: cmp    WORD PTR [r13+0x80],0x1 | 0x63b917: jne    0x14063b9ca | 0x63b91d: mov    rbx,QWORD PTR [rbp-0x19] | 0x63b921: cmp    rbx,r12
classic	owner	0x63b7b0	0x63b943	jmp	0x63b9ca	0x63b92e: cmova  rcx,QWORD PTR [rbp-0x31] | 0x63b933: mov    QWORD PTR [rbp-0x21],r12 | 0x63b937: mov    eax,DWORD PTR [rip+0x10607db]        # 0x14169c118 | 0x63b93d: mov    DWORD PTR [rcx],eax | 0x63b93f: mov    BYTE PTR [rcx+0x4],0x0
classic	owner	0x63b7b0	0x63b957	jbe	0x63b95e	0x63b948: mov    rcx,rbx | 0x63b94b: shr    rcx,1 | 0x63b94e: mov    rax,r14 | 0x63b951: sub    rax,rcx | 0x63b954: cmp    rbx,rax
classic	owner	0x63b7b0	0x63b95c	jmp	0x63b96e	0x63b94e: mov    rax,r14 | 0x63b951: sub    rax,rcx | 0x63b954: cmp    rbx,rax | 0x63b957: jbe    0x14063b95e | 0x63b959: mov    rdi,r14
classic	owner	0x63b7b0	0x63b992	jbe	0x63b9c6	0x63b97e: mov    QWORD PTR [rbp-0x19],rdi | 0x63b982: mov    ecx,DWORD PTR [rip+0x1060790]        # 0x14169c118 | 0x63b988: mov    DWORD PTR [rax],ecx | 0x63b98a: mov    BYTE PTR [rax+0x4],0x0 | 0x63b98e: cmp    rbx,0xf
classic	owner	0x63b7b0	0x63b9a6	jb	0x63b9c1	0x63b992: jbe    0x14063b9c6 | 0x63b994: lea    rdx,[rbx+0x1] | 0x63b998: mov    rcx,QWORD PTR [rbp-0x31] | 0x63b99c: mov    rax,rcx | 0x63b99f: cmp    rdx,0x1000
classic	owner	0x63b7b0	0x63b9bb	ja	0x63bbf4	0x63b9a8: add    rdx,0x27 | 0x63b9ac: mov    rcx,QWORD PTR [rcx-0x8] | 0x63b9b0: sub    rax,rcx | 0x63b9b3: add    rax,0xfffffffffffffff8 | 0x63b9b7: cmp    rax,0x1f
classic	owner	0x63b7b0	0x63b9d1	je	0x63ba00	0x63b9bb: ja     0x14063bbf4 | 0x63b9c1: call   0x1415345f0 | 0x63b9c6: mov    QWORD PTR [rbp-0x31],rsi | 0x63b9ca: mov    r8,QWORD PTR [rbp-0x21] | 0x63b9ce: test   r8,r8
classic	owner	0x63b7b0	0x63ba09	je	0x63bc00	0x63b9ea: mov    r8d,0x1 | 0x63b9f0: lea    rdx,[rip+0xfa7d29]        # 0x1415e3720 | 0x63b9f7: lea    rcx,[rbp-0x51] | 0x63b9fb: call   0x14006f9a0 | 0x63ba00: cmp    WORD PTR [r13+0x80],0xa
classic	owner	0x63b7b0	0x63ba1a	je	0x63bc00	0x63ba00: cmp    WORD PTR [r13+0x80],0xa | 0x63ba09: je     0x14063bc00 | 0x63ba0f: mov    rcx,r13 | 0x63ba12: call   0x1409b26a0 | 0x63ba17: test   rax,rax
classic	owner	0x63b7b0	0x63ba2b	je	0x63bc00	0x63ba17: test   rax,rax | 0x63ba1a: je     0x14063bc00 | 0x63ba20: mov    rcx,rax | 0x63ba23: call   0x14093a660 | 0x63ba28: test   rax,rax
classic	owner	0x63b7b0	0x63ba3f	je	0x63bc00	0x63ba2b: je     0x14063bc00 | 0x63ba31: mov    ecx,DWORD PTR [rax+0x9c] | 0x63ba37: shr    ecx,0xa | 0x63ba3a: not    ecx | 0x63ba3c: test   cl,0x1
classic	owner	0x63b7b0	0x63ba6b	js	0x63bab6	0x63ba55: movsx  rdx,WORD PTR [rax+0x98] | 0x63ba5d: xor    r8d,r8d | 0x63ba60: mov    QWORD PTR [rbp-0x1],r8 | 0x63ba64: mov    BYTE PTR [rbp-0x11],r8b | 0x63ba68: test   dx,dx
classic	owner	0x63b7b0	0x63ba85	jae	0x63bab6	0x63ba6d: mov    rax,QWORD PTR [rip+0x1eaaeec]        # 0x1424e6960 | 0x63ba74: mov    r9,QWORD PTR [rip+0x1eaaedd]        # 0x1424e6958 | 0x63ba7b: sub    rax,r9 | 0x63ba7e: sar    rax,0x3 | 0x63ba82: cmp    rdx,rax
classic	owner	0x63b7b0	0x63ba96	je	0x63bab6	0x63ba85: jae    0x14063bab6 | 0x63ba87: mov    rdx,QWORD PTR [r9+rdx*8] | 0x63ba8b: add    rdx,0x60 | 0x63ba8f: lea    rax,[rbp-0x11] | 0x63ba93: cmp    rax,rdx
classic	owner	0x63b7b0	0x63baa0	jbe	0x63baa5	0x63ba8f: lea    rax,[rbp-0x11] | 0x63ba93: cmp    rax,rdx | 0x63ba96: je     0x14063bab6 | 0x63ba98: mov    r8,QWORD PTR [rdx+0x10] | 0x63ba9c: cmp    QWORD PTR [rdx+0x18],rcx
classic	owner	0x63b7b0	0x63bad7	jae	0x63baf9	0x63bac3: lea    rcx,[rbp-0x51] | 0x63bac7: call   0x14006f9a0 | 0x63bacc: mov    rdi,QWORD PTR [rbp-0x41] | 0x63bad0: mov    rsi,QWORD PTR [rbp-0x39] | 0x63bad4: cmp    rdi,rsi
classic	owner	0x63b7b0	0x63baf4	jmp	0x63bbc2	0x63badd: mov    QWORD PTR [rbp-0x41],rax | 0x63bae1: lea    rax,[rbp-0x51] | 0x63bae5: cmp    rsi,0xf | 0x63bae9: cmova  rax,QWORD PTR [rbp-0x51] | 0x63baee: mov    WORD PTR [rax+rdi*1],0x20
classic	owner	0x63b7b0	0x63bb03	jb	0x63cae2	0x63baee: mov    WORD PTR [rax+rdi*1],0x20 | 0x63baf4: jmp    0x14063bbc2 | 0x63baf9: mov    rax,r14 | 0x63bafc: sub    rax,rdi | 0x63baff: cmp    rax,0x1
classic	owner	0x63b7b0	0x63bb17	jbe	0x63bb1e	0x63bb03: jb     0x14063cae2 | 0x63bb09: lea    r15,[rdi+0x1] | 0x63bb0d: mov    rbx,r15 | 0x63bb10: or     rbx,0xf | 0x63bb14: cmp    rbx,r14
classic	owner	0x63b7b0	0x63bb1c	jmp	0x63bb3f	0x63bb0d: mov    rbx,r15 | 0x63bb10: or     rbx,0xf | 0x63bb14: cmp    rbx,r14 | 0x63bb17: jbe    0x14063bb1e | 0x63bb19: mov    rbx,r14
classic	owner	0x63b7b0	0x63bb2d	jbe	0x63bb34	0x63bb1e: mov    rcx,rsi | 0x63bb21: shr    rcx,1 | 0x63bb24: mov    rax,r14 | 0x63bb27: sub    rax,rcx | 0x63bb2a: cmp    rsi,rax
classic	owner	0x63b7b0	0x63bb32	jmp	0x63bb3f	0x63bb24: mov    rax,r14 | 0x63bb27: sub    rax,rcx | 0x63bb2a: cmp    rsi,rax | 0x63bb2d: jbe    0x14063bb34 | 0x63bb2f: mov    rbx,r14
classic	owner	0x63b7b0	0x63bb5d	jbe	0x63bba8	0x63bb4b: mov    QWORD PTR [rbp-0x41],r15 | 0x63bb4f: mov    QWORD PTR [rbp-0x39],rbx | 0x63bb53: mov    r8,rdi | 0x63bb56: mov    rcx,rax | 0x63bb59: cmp    rsi,0xf
classic	owner	0x63b7b0	0x63bb7d	jb	0x63bb97	0x63bb63: mov    rdx,rbx | 0x63bb66: call   0x1415359e8 | 0x63bb6b: mov    WORD PTR [r14+rdi*1],0x20 | 0x63bb72: lea    rdx,[rsi+0x1] | 0x63bb76: cmp    rdx,0x1000
classic	owner	0x63b7b0	0x63bb92	ja	0x63bba1	0x63bb7f: add    rdx,0x27 | 0x63bb83: mov    rcx,QWORD PTR [rbx-0x8] | 0x63bb87: sub    rbx,rcx | 0x63bb8a: lea    rax,[rbx-0x8] | 0x63bb8e: cmp    rax,0x1f
classic	owner	0x63b7b0	0x63bb9f	jmp	0x63bbb8	0x63bb8e: cmp    rax,0x1f | 0x63bb92: ja     0x14063bba1 | 0x63bb94: mov    rbx,rcx | 0x63bb97: mov    rcx,rbx | 0x63bb9a: call   0x1415345f0
classic	owner	0x63b7b0	0x63bbca	jbe	0x63bc00	0x63bbb1: mov    WORD PTR [r14+rdi*1],0x20 | 0x63bbb8: mov    r15d,0x3 | 0x63bbbe: mov    QWORD PTR [rbp-0x51],r14 | 0x63bbc2: mov    rdx,QWORD PTR [rbp+0x7] | 0x63bbc6: cmp    rdx,0xf
classic	owner	0x63b7b0	0x63bbdd	jb	0x63bbfb	0x63bbca: jbe    0x14063bc00 | 0x63bbcc: inc    rdx | 0x63bbcf: mov    rcx,QWORD PTR [rbp-0x11] | 0x63bbd3: mov    rax,rcx | 0x63bbd6: cmp    rdx,0x1000
classic	owner	0x63b7b0	0x63bbf2	jbe	0x63bbfb	0x63bbdf: add    rdx,0x27 | 0x63bbe3: mov    rcx,QWORD PTR [rcx-0x8] | 0x63bbe7: sub    rax,rcx | 0x63bbea: add    rax,0xfffffffffffffff8 | 0x63bbee: cmp    rax,0x1f
classic	owner	0x63b7b0	0x63bc73	jae	0x63bc81	0x63bc5e: add    r8d,eax | 0x63bc61: mov    rax,QWORD PTR [r13+0xd8] | 0x63bc68: mov    rcx,QWORD PTR [r13+0xe0] | 0x63bc6f: nop | 0x63bc70: cmp    rax,rcx
classic	owner	0x63b7b0	0x63bc7f	jmp	0x63bc70	0x63bc70: cmp    rax,rcx | 0x63bc73: jae    0x14063bc81 | 0x63bc75: mov    rdx,QWORD PTR [rax] | 0x63bc78: add    r8d,DWORD PTR [rdx] | 0x63bc7b: add    rax,0x8
classic	owner	0x63b7b0	0x63bc84	jg	0x63bc98	0x63bc75: mov    rdx,QWORD PTR [rax] | 0x63bc78: add    r8d,DWORD PTR [rdx] | 0x63bc7b: add    rax,0x8 | 0x63bc7f: jmp    0x14063bc70 | 0x63bc81: test   r8d,r8d
classic	owner	0x63b7b0	0x63bc93	jmp	0x63bd7d	0x63bc7f: jmp    0x14063bc70 | 0x63bc81: test   r8d,r8d | 0x63bc84: jg     0x14063bc98 | 0x63bc86: lea    rdx,[rip+0x102181b]        # 0x14165d4a8 | 0x63bc8d: mov    r8d,0x12
classic	owner	0x63b7b0	0x63bc9c	jge	0x63bcb0	0x63bc84: jg     0x14063bc98 | 0x63bc86: lea    rdx,[rip+0x102181b]        # 0x14165d4a8 | 0x63bc8d: mov    r8d,0x12 | 0x63bc93: jmp    0x14063bd7d | 0x63bc98: cmp    r8d,0xa
classic	owner	0x63b7b0	0x63bcab	jmp	0x63bd7d	0x63bc93: jmp    0x14063bd7d | 0x63bc98: cmp    r8d,0xa | 0x63bc9c: jge    0x14063bcb0 | 0x63bc9e: lea    rdx,[rip+0x102181b]        # 0x14165d4c0 | 0x63bca5: mov    r8d,0xe
classic	owner	0x63b7b0	0x63bcb4	jg	0x63bcc8	0x63bc9c: jge    0x14063bcb0 | 0x63bc9e: lea    rdx,[rip+0x102181b]        # 0x14165d4c0 | 0x63bca5: mov    r8d,0xe | 0x63bcab: jmp    0x14063bd7d | 0x63bcb0: cmp    r8d,0x18
classic	owner	0x63b7b0	0x63bcc3	jmp	0x63bd7d	0x63bcab: jmp    0x14063bd7d | 0x63bcb0: cmp    r8d,0x18 | 0x63bcb4: jg     0x14063bcc8 | 0x63bcb6: lea    rdx,[rip+0x1021813]        # 0x14165d4d0 | 0x63bcbd: mov    r8d,0x1e
classic	owner	0x63b7b0	0x63bccc	jge	0x63bce0	0x63bcb4: jg     0x14063bcc8 | 0x63bcb6: lea    rdx,[rip+0x1021813]        # 0x14165d4d0 | 0x63bcbd: mov    r8d,0x1e | 0x63bcc3: jmp    0x14063bd7d | 0x63bcc8: cmp    r8d,0x50
classic	owner	0x63b7b0	0x63bcdb	jmp	0x63bd7d	0x63bcc3: jmp    0x14063bd7d | 0x63bcc8: cmp    r8d,0x50 | 0x63bccc: jge    0x14063bce0 | 0x63bcce: lea    rdx,[rip+0x102181b]        # 0x14165d4f0 | 0x63bcd5: mov    r8d,0x16
classic	owner	0x63b7b0	0x63bce4	jge	0x63bcf8	0x63bccc: jge    0x14063bce0 | 0x63bcce: lea    rdx,[rip+0x102181b]        # 0x14165d4f0 | 0x63bcd5: mov    r8d,0x16 | 0x63bcdb: jmp    0x14063bd7d | 0x63bce0: cmp    r8d,0x78
classic	owner	0x63b7b0	0x63bcf3	jmp	0x63bd7d	0x63bcdb: jmp    0x14063bd7d | 0x63bce0: cmp    r8d,0x78 | 0x63bce4: jge    0x14063bcf8 | 0x63bce6: lea    rdx,[rip+0x102173b]        # 0x14165d428 | 0x63bced: mov    r8d,0x1c
classic	owner	0x63b7b0	0x63bcff	jge	0x63bd10	0x63bce4: jge    0x14063bcf8 | 0x63bce6: lea    rdx,[rip+0x102173b]        # 0x14165d428 | 0x63bced: mov    r8d,0x1c | 0x63bcf3: jmp    0x14063bd7d | 0x63bcf8: cmp    r8d,0xaf
classic	owner	0x63b7b0	0x63bd0e	jmp	0x63bd7d	0x63bcf3: jmp    0x14063bd7d | 0x63bcf8: cmp    r8d,0xaf | 0x63bcff: jge    0x14063bd10 | 0x63bd01: lea    rdx,[rip+0x1021740]        # 0x14165d448 | 0x63bd08: mov    r8d,0x1e
classic	owner	0x63b7b0	0x63bd17	jge	0x63bd28	0x63bcff: jge    0x14063bd10 | 0x63bd01: lea    rdx,[rip+0x1021740]        # 0x14165d448 | 0x63bd08: mov    r8d,0x1e | 0x63bd0e: jmp    0x14063bd7d | 0x63bd10: cmp    r8d,0xfa
classic	owner	0x63b7b0	0x63bd26	jmp	0x63bd7d	0x63bd0e: jmp    0x14063bd7d | 0x63bd10: cmp    r8d,0xfa | 0x63bd17: jge    0x14063bd28 | 0x63bd19: lea    rdx,[rip+0x1021748]        # 0x14165d468 | 0x63bd20: mov    r8d,0x18
classic	owner	0x63b7b0	0x63bd2f	jge	0x63bd40	0x63bd17: jge    0x14063bd28 | 0x63bd19: lea    rdx,[rip+0x1021748]        # 0x14165d468 | 0x63bd20: mov    r8d,0x18 | 0x63bd26: jmp    0x14063bd7d | 0x63bd28: cmp    r8d,0x2ee
classic	owner	0x63b7b0	0x63bd3e	jmp	0x63bd7d	0x63bd26: jmp    0x14063bd7d | 0x63bd28: cmp    r8d,0x2ee | 0x63bd2f: jge    0x14063bd40 | 0x63bd31: lea    rdx,[rip+0x1021750]        # 0x14165d488 | 0x63bd38: mov    r8d,0x1a
classic	owner	0x63b7b0	0x63bd47	jge	0x63bd58	0x63bd2f: jge    0x14063bd40 | 0x63bd31: lea    rdx,[rip+0x1021750]        # 0x14165d488 | 0x63bd38: mov    r8d,0x1a | 0x63bd3e: jmp    0x14063bd7d | 0x63bd40: cmp    r8d,0x5dc
classic	owner	0x63b7b0	0x63bd56	jmp	0x63bd7d	0x63bd3e: jmp    0x14063bd7d | 0x63bd40: cmp    r8d,0x5dc | 0x63bd47: jge    0x14063bd58 | 0x63bd49: lea    rdx,[rip+0x1021318]        # 0x14165d068 | 0x63bd50: mov    r8d,0x15
classic	owner	0x63b7b0	0x63bd5f	jge	0x63bd70	0x63bd47: jge    0x14063bd58 | 0x63bd49: lea    rdx,[rip+0x1021318]        # 0x14165d068 | 0x63bd50: mov    r8d,0x15 | 0x63bd56: jmp    0x14063bd7d | 0x63bd58: cmp    r8d,0x9c4
classic	owner	0x63b7b0	0x63bd6e	jmp	0x63bd7d	0x63bd56: jmp    0x14063bd7d | 0x63bd58: cmp    r8d,0x9c4 | 0x63bd5f: jge    0x14063bd70 | 0x63bd61: lea    rdx,[rip+0x1021318]        # 0x14165d080 | 0x63bd68: mov    r8d,0x19
classic	owner	0x63b7b0	0x63bd94	je	0x63bdbc	0x63bd81: call   0x14006f9a0 | 0x63bd86: mov    rcx,r13 | 0x63bd89: call   0x1409b26a0 | 0x63bd8e: mov    rbx,rax | 0x63bd91: test   rax,rax
classic	owner	0x63b7b0	0x63bddb	jbe	0x63be11	0x63bdc9: lea    rcx,[rbp-0x51] | 0x63bdcd: call   0x14006f9a0 | 0x63bdd2: nop | 0x63bdd3: mov    rdx,QWORD PTR [rbp-0x19] | 0x63bdd7: cmp    rdx,0xf
classic	owner	0x63b7b0	0x63bdee	jb	0x63be0c	0x63bddb: jbe    0x14063be11 | 0x63bddd: inc    rdx | 0x63bde0: mov    rcx,QWORD PTR [rbp-0x31] | 0x63bde4: mov    rax,rcx | 0x63bde7: cmp    rdx,0x1000
classic	owner	0x63b7b0	0x63be03	jbe	0x63be0c	0x63bdf0: add    rdx,0x27 | 0x63bdf4: mov    rcx,QWORD PTR [rcx-0x8] | 0x63bdf8: sub    rax,rcx | 0x63bdfb: add    rax,0xfffffffffffffff8 | 0x63bdff: cmp    rax,0x1f
classic	owner	0x63b7b0	0x63be22	jne	0x63ca95	0x63be0b: int3 | 0x63be0c: call   0x1415345f0 | 0x63be11: mov    r13d,0x6 | 0x63be17: mov    rsi,QWORD PTR [rbp-0x69] | 0x63be1b: cmp    DWORD PTR [rsi+0x1298],0x2
classic	owner	0x63b7b0	0x63be40	je	0x63ca95	0x63be28: mov    rcx,QWORD PTR [rsi+0x12e8] | 0x63be2f: mov    rax,QWORD PTR [rsi+0x12f0] | 0x63be36: sub    rax,rcx | 0x63be39: sar    rax,0x2 | 0x63be3d: test   rax,rax
classic	owner	0x63b7b0	0x63be61	je	0x63bf92	0x63be49: mov    r15d,r14d | 0x63be4c: movsxd rax,DWORD PTR [rsi+0x1350] | 0x63be53: lea    r10,[rax*4+0x0] | 0x63be5b: mov    ecx,DWORD PTR [rcx+r10*1] | 0x63be5f: test   ecx,ecx
classic	owner	0x63b7b0	0x63be6a	jne	0x63c4d5	0x63be53: lea    r10,[rax*4+0x0] | 0x63be5b: mov    ecx,DWORD PTR [rcx+r10*1] | 0x63be5f: test   ecx,ecx | 0x63be61: je     0x14063bf92 | 0x63be67: cmp    ecx,0x1
classic	owner	0x63b7b0	0x63bec2	je	0x63c4d5	0x63bea4: mov    rax,QWORD PTR [rsi+0x1300] | 0x63beab: mov    ecx,DWORD PTR [rax+rcx*4] | 0x63beae: mov    rax,QWORD PTR [rip+0x1d8f83b]        # 0x1423cb6f0 | 0x63beb5: sub    rax,QWORD PTR [rip+0x1d8f82c]        # 0x1423cb6e8 | 0x63bebc: test   rax,0xfffffffffffffff8
classic	owner	0x63b7b0	0x63becb	je	0x63c4d5	0x63beae: mov    rax,QWORD PTR [rip+0x1d8f83b]        # 0x1423cb6f0 | 0x63beb5: sub    rax,QWORD PTR [rip+0x1d8f82c]        # 0x1423cb6e8 | 0x63bebc: test   rax,0xfffffffffffffff8 | 0x63bec2: je     0x14063c4d5 | 0x63bec8: cmp    ecx,0xffffffff
classic	owner	0x63b7b0	0x63bee3	je	0x63c4d5	0x63becb: je     0x14063c4d5 | 0x63bed1: lea    rdx,[rip+0x1d8f810]        # 0x1423cb6e8 | 0x63bed8: call   0x1400ba030 | 0x63bedd: mov    r15,rax | 0x63bee0: test   rax,rax
classic	owner	0x63b7b0	0x63bf01	je	0x63c4d5	0x63bee9: mov    r10,QWORD PTR [rax+0xfc8] | 0x63bef0: mov    rcx,QWORD PTR [rax+0xfd0] | 0x63bef7: sub    rcx,r10 | 0x63befa: sar    rcx,0x2 | 0x63befe: test   rcx,rcx
classic	owner	0x63b7b0	0x63bf22	je	0x63c4d5	0x63bf0a: mov    rcx,QWORD PTR [rip+0x1eb7cff]        # 0x1424f3c10 | 0x63bf11: mov    rbx,QWORD PTR [rip+0x1eb7cf0]        # 0x1424f3c08 | 0x63bf18: sub    rcx,rbx | 0x63bf1b: sar    rcx,0x3 | 0x63bf1f: test   rcx,rcx
classic	owner	0x63b7b0	0x63bf2c	je	0x63c4d5	0x63bf18: sub    rcx,rbx | 0x63bf1b: sar    rcx,0x3 | 0x63bf1f: test   rcx,rcx | 0x63bf22: je     0x14063c4d5 | 0x63bf28: cmp    r10d,0xffffffff
classic	owner	0x63b7b0	0x63bf38	js	0x63c4d5	0x63bf22: je     0x14063c4d5 | 0x63bf28: cmp    r10d,0xffffffff | 0x63bf2c: je     0x14063c4d5 | 0x63bf32: mov    r8d,r14d | 0x63bf35: sub    ecx,0x1
classic	owner	0x63b7b0	0x63bf57	je	0x63bf71	0x63bf43: lea    edx,[rcx+r8*1] | 0x63bf47: sar    edx,1 | 0x63bf49: movsxd rax,edx | 0x63bf4c: mov    rdi,QWORD PTR [rbx+rax*8] | 0x63bf50: cmp    DWORD PTR [rdi+0xe0],r10d
classic	owner	0x63b7b0	0x63bf6a	jle	0x63bf40	0x63bf59: lea    ecx,[rdx-0x1] | 0x63bf5c: cmovle ecx,r11d | 0x63bf60: lea    eax,[rdx+0x1] | 0x63bf63: cmovle r8d,eax | 0x63bf67: cmp    r8d,ecx
classic	owner	0x63b7b0	0x63bf6c	jmp	0x63c4d5	0x63bf5c: cmovle ecx,r11d | 0x63bf60: lea    eax,[rdx+0x1] | 0x63bf63: cmovle r8d,eax | 0x63bf67: cmp    r8d,ecx | 0x63bf6a: jle    0x14063bf40
classic	owner	0x63b7b0	0x63bf74	je	0x63c4d5	0x63bf63: cmovle r8d,eax | 0x63bf67: cmp    r8d,ecx | 0x63bf6a: jle    0x14063bf40 | 0x63bf6c: jmp    0x14063c4d5 | 0x63bf71: test   rdi,rdi
classic	owner	0x63b7b0	0x63bf90	jmp	0x63bfff	0x63bf74: je     0x14063c4d5 | 0x63bf7a: mov    r8d,0x19 | 0x63bf80: lea    rdx,[rip+0x10210a1]        # 0x14165d028 | 0x63bf87: lea    rcx,[rbp-0x51] | 0x63bf8b: call   0x14006f9a0
classic	owner	0x63b7b0	0x63bfb5	je	0x63bffc	0x63bf9d: mov    rcx,QWORD PTR [rip+0x1eb7c6c]        # 0x1424f3c10 | 0x63bfa4: mov    rbx,QWORD PTR [rip+0x1eb7c5d]        # 0x1424f3c08 | 0x63bfab: sub    rcx,rbx | 0x63bfae: sar    rcx,0x3 | 0x63bfb2: test   rcx,rcx
classic	owner	0x63b7b0	0x63bfbb	je	0x63bffc	0x63bfab: sub    rcx,rbx | 0x63bfae: sar    rcx,0x3 | 0x63bfb2: test   rcx,rcx | 0x63bfb5: je     0x14063bffc | 0x63bfb7: cmp    r10d,0xffffffff
classic	owner	0x63b7b0	0x63bfc3	js	0x63bffc	0x63bfb5: je     0x14063bffc | 0x63bfb7: cmp    r10d,0xffffffff | 0x63bfbb: je     0x14063bffc | 0x63bfbd: mov    r8d,r14d | 0x63bfc0: sub    ecx,0x1
classic	owner	0x63b7b0	0x63bfe7	je	0x63bfff	0x63bfd3: lea    edx,[rcx+r8*1] | 0x63bfd7: sar    edx,1 | 0x63bfd9: movsxd rax,edx | 0x63bfdc: mov    rdi,QWORD PTR [rbx+rax*8] | 0x63bfe0: cmp    DWORD PTR [rdi+0xe0],r10d
classic	owner	0x63b7b0	0x63bffa	jle	0x63bfd0	0x63bfe9: lea    ecx,[rdx-0x1] | 0x63bfec: cmovle ecx,r11d | 0x63bff0: lea    eax,[rdx+0x1] | 0x63bff3: cmovle r8d,eax | 0x63bff7: cmp    r8d,ecx
classic	owner	0x63b7b0	0x63c002	je	0x63c4d5	0x63bff3: cmovle r8d,eax | 0x63bff7: cmp    r8d,ecx | 0x63bffa: jle    0x14063bfd0 | 0x63bffc: mov    rdi,r14 | 0x63bfff: test   rdi,rdi
classic	owner	0x63b7b0	0x63c054	jle	0x63c339	0x63c03b: cmova  rdx,QWORD PTR [rbp+0xf] | 0x63c040: mov    r8,QWORD PTR [rbp+0x1f] | 0x63c044: lea    rcx,[rbp-0x51] | 0x63c048: call   0x14006f9a0 | 0x63c04d: cmp    DWORD PTR [rdi+0xd0],0x0
classic	owner	0x63b7b0	0x63c064	jne	0x63c15e	0x63c048: call   0x14006f9a0 | 0x63c04d: cmp    DWORD PTR [rdi+0xd0],0x0 | 0x63c054: jle    0x14063c339 | 0x63c05a: mov    rax,QWORD PTR [rdi+0xc8] | 0x63c061: test   BYTE PTR [rax],0x4
classic	owner	0x63b7b0	0x63c06d	je	0x63c339	0x63c054: jle    0x14063c339 | 0x63c05a: mov    rax,QWORD PTR [rdi+0xc8] | 0x63c061: test   BYTE PTR [rax],0x4 | 0x63c064: jne    0x14063c15e | 0x63c06a: test   BYTE PTR [rax],0x8
classic	owner	0x63b7b0	0x63c0b8	je	0x63c4b5	0x63c0a0: mov    edx,DWORD PTR [rdi+0xe0] | 0x63c0a6: mov    rcx,QWORD PTR [rip+0x1ea999b]        # 0x1424e5a48 | 0x63c0ad: call   0x1405c1180 | 0x63c0b2: mov    rbx,rax | 0x63c0b5: test   rax,rax
classic	owner	0x63b7b0	0x63c121	jbe	0x63c4b5	0x63c10f: lea    rcx,[rbp-0x51] | 0x63c113: call   0x14006f9a0 | 0x63c118: nop | 0x63c119: mov    rdx,QWORD PTR [rbp-0x19] | 0x63c11d: cmp    rdx,0xf
classic	owner	0x63b7b0	0x63c138	jb	0x63c4b0	0x63c121: jbe    0x14063c4b5 | 0x63c127: inc    rdx | 0x63c12a: mov    rcx,QWORD PTR [rbp-0x31] | 0x63c12e: mov    rax,rcx | 0x63c131: cmp    rdx,0x1000
classic	owner	0x63b7b0	0x63c151	jbe	0x63c4b0	0x63c13e: add    rdx,0x27 | 0x63c142: mov    rcx,QWORD PTR [rcx-0x8] | 0x63c146: sub    rax,rcx | 0x63c149: add    rax,0xfffffffffffffff8 | 0x63c14d: cmp    rax,0x1f
classic	owner	0x63b7b0	0x63c193	je	0x63c1fb	0x63c180: mov    r8,r13 | 0x63c183: mov    rcx,rbx | 0x63c186: call   0x14006f9a0 | 0x63c18b: movzx  ecx,WORD PTR [rdi+0x2] | 0x63c18f: cmp    cx,0xffff
classic	owner	0x63b7b0	0x63c199	je	0x63c1fb	0x63c186: call   0x14006f9a0 | 0x63c18b: movzx  ecx,WORD PTR [rdi+0x2] | 0x63c18f: cmp    cx,0xffff | 0x63c193: je     0x14063c1fb | 0x63c195: cmp    cx,WORD PTR [rsi+0x78]
classic	owner	0x63b7b0	0x63c201	jne	0x63c212	0x63c1f1: nop | 0x63c1f2: lea    rcx,[rbp-0x31] | 0x63c1f6: call   0x14006f7e0 | 0x63c1fb: movzx  eax,BYTE PTR [rdi+0x6] | 0x63c1ff: test   al,al
classic	owner	0x63b7b0	0x63c210	jmp	0x63c232	0x63c1fb: movzx  eax,BYTE PTR [rdi+0x6] | 0x63c1ff: test   al,al | 0x63c201: jne    0x14063c212 | 0x63c203: lea    rdx,[rip+0x102135e]        # 0x14165d568 | 0x63c20a: mov    r8d,0x7
classic	owner	0x63b7b0	0x63c214	jne	0x63c225	0x63c201: jne    0x14063c212 | 0x63c203: lea    rdx,[rip+0x102135e]        # 0x14165d568 | 0x63c20a: mov    r8d,0x7 | 0x63c210: jmp    0x14063c232 | 0x63c212: cmp    al,0x1
classic	owner	0x63b7b0	0x63c223	jmp	0x63c232	0x63c210: jmp    0x14063c232 | 0x63c212: cmp    al,0x1 | 0x63c214: jne    0x14063c225 | 0x63c216: lea    rdx,[rip+0x1021353]        # 0x14165d570 | 0x63c21d: mov    r8d,0x3
classic	owner	0x63b7b0	0x63c244	je	0x63c4b5	0x63c22c: mov    r8d,0x5 | 0x63c232: mov    rcx,rbx | 0x63c235: call   0x14006f9a0 | 0x63c23a: mov    rcx,QWORD PTR [rdi+0x130] | 0x63c241: test   rcx,rcx
classic	owner	0x63b7b0	0x63c250	je	0x63c4b5	0x63c23a: mov    rcx,QWORD PTR [rdi+0x130] | 0x63c241: test   rcx,rcx | 0x63c244: je     0x14063c4b5 | 0x63c24a: mov    rcx,QWORD PTR [rcx] | 0x63c24d: test   rcx,rcx
classic	owner	0x63b7b0	0x63c260	je	0x63c4b5	0x63c24d: test   rcx,rcx | 0x63c250: je     0x14063c4b5 | 0x63c256: mov    rax,QWORD PTR [rcx+0x8] | 0x63c25a: sub    rax,QWORD PTR [rcx] | 0x63c25d: sar    rax,1
classic	owner	0x63b7b0	0x63c2aa	js	0x63c307	0x63c29a: mov    rax,QWORD PTR [rcx+0x8] | 0x63c29e: sub    rax,QWORD PTR [rcx] | 0x63c2a1: sar    rax,1 | 0x63c2a4: sub    eax,0x1 | 0x63c2a7: movsxd rbx,eax
classic	owner	0x63b7b0	0x63c2e9	jl	0x63c315	0x63c2d3: cmova  rdx,QWORD PTR [rbp-0x31] | 0x63c2d8: mov    r8,QWORD PTR [rbp-0x21] | 0x63c2dc: lea    rcx,[rbp-0x51] | 0x63c2e0: call   0x14006f9a0 | 0x63c2e5: cmp    rbx,0x2
classic	owner	0x63b7b0	0x63c305	jns	0x63c2b0	0x63c2eb: mov    r8d,0x2 | 0x63c2f1: lea    rdx,[rip+0xfa7dcc]        # 0x1415e40c4 | 0x63c2f8: lea    rcx,[rbp-0x51] | 0x63c2fc: call   0x14006f9a0 | 0x63c301: sub    rbx,0x1
classic	owner	0x63b7b0	0x63c310	jmp	0x63c4b5	0x63c2fc: call   0x14006f9a0 | 0x63c301: sub    rbx,0x1 | 0x63c305: jns    0x14063c2b0 | 0x63c307: lea    rcx,[rbp-0x31] | 0x63c30b: call   0x14006f7e0
classic	owner	0x63b7b0	0x63c319	jne	0x63c301	0x63c305: jns    0x14063c2b0 | 0x63c307: lea    rcx,[rbp-0x31] | 0x63c30b: call   0x14006f7e0 | 0x63c310: jmp    0x14063c4b5 | 0x63c315: cmp    rbx,0x1
classic	owner	0x63b7b0	0x63c334	jmp	0x63c2b0	0x63c31b: mov    r8d,0x5 | 0x63c321: lea    rdx,[rip+0xfa7d94]        # 0x1415e40bc | 0x63c328: lea    rcx,[rbp-0x51] | 0x63c32c: call   0x14006f9a0 | 0x63c331: dec    rbx
classic	owner	0x63b7b0	0x63c33e	je	0x63c4b5	0x63c328: lea    rcx,[rbp-0x51] | 0x63c32c: call   0x14006f9a0 | 0x63c331: dec    rbx | 0x63c334: jmp    0x14063c2b0 | 0x63c339: cmp    WORD PTR [rdi+0x2],0xffff
classic	owner	0x63b7b0	0x63c3a3	je	0x63c41f	0x63c38e: lea    rax,[rbp-0x51] | 0x63c392: cmp    QWORD PTR [rbp-0x39],0xf | 0x63c397: cmova  rax,QWORD PTR [rbp-0x51] | 0x63c39c: mov    BYTE PTR [rax],0x0 | 0x63c39f: cmp    dx,0xffff
classic	owner	0x63b7b0	0x63c3a8	js	0x63c41f	0x63c397: cmova  rax,QWORD PTR [rbp-0x51] | 0x63c39c: mov    BYTE PTR [rax],0x0 | 0x63c39f: cmp    dx,0xffff | 0x63c3a3: je     0x14063c41f | 0x63c3a5: test   bx,bx
classic	owner	0x63b7b0	0x63c3c2	jae	0x63c42b	0x63c3aa: mov    rax,QWORD PTR [rip+0x1eaa5af]        # 0x1424e6960 | 0x63c3b1: mov    rcx,QWORD PTR [rip+0x1eaa5a0]        # 0x1424e6958 | 0x63c3b8: sub    rax,rcx | 0x63c3bb: sar    rax,0x3 | 0x63c3bf: cmp    rbx,rax
classic	owner	0x63b7b0	0x63c3c7	js	0x63c42b	0x63c3b8: sub    rax,rcx | 0x63c3bb: sar    rax,0x3 | 0x63c3bf: cmp    rbx,rax | 0x63c3c2: jae    0x14063c42b | 0x63c3c4: test   dx,dx
classic	owner	0x63b7b0	0x63c3e5	jae	0x63c42b	0x63c3cd: mov    r8,QWORD PTR [rax+0x178] | 0x63c3d4: mov    rax,QWORD PTR [rax+0x180] | 0x63c3db: sub    rax,r8 | 0x63c3de: sar    rax,0x3 | 0x63c3e2: cmp    rdx,rax
classic	owner	0x63b7b0	0x63c3f6	je	0x63c416	0x63c3e5: jae    0x14063c42b | 0x63c3e7: mov    rdx,QWORD PTR [r8+rdx*8] | 0x63c3eb: add    rdx,0x20 | 0x63c3ef: lea    rax,[rbp-0x51] | 0x63c3f3: cmp    rax,rdx
classic	owner	0x63b7b0	0x63c401	jbe	0x63c406	0x63c3ef: lea    rax,[rbp-0x51] | 0x63c3f3: cmp    rax,rdx | 0x63c3f6: je     0x14063c416 | 0x63c3f8: mov    r8,QWORD PTR [rdx+0x10] | 0x63c3fc: cmp    QWORD PTR [rdx+0x18],0xf
classic	owner	0x63b7b0	0x63c41b	ja	0x63c466	0x63c403: mov    rdx,QWORD PTR [rdx] | 0x63c406: lea    rcx,[rbp-0x51] | 0x63c40a: call   0x14006f860 | 0x63c40f: mov    rcx,QWORD PTR [rip+0x1eaa542]        # 0x1424e6958 | 0x63c416: cmp    QWORD PTR [rbp-0x41],0x0
classic	owner	0x63b7b0	0x63c41d	jmp	0x63c426	0x63c406: lea    rcx,[rbp-0x51] | 0x63c40a: call   0x14006f860 | 0x63c40f: mov    rcx,QWORD PTR [rip+0x1eaa542]        # 0x1424e6958 | 0x63c416: cmp    QWORD PTR [rbp-0x41],0x0 | 0x63c41b: ja     0x14063c466
classic	owner	0x63b7b0	0x63c429	js	0x63c466	0x63c416: cmp    QWORD PTR [rbp-0x41],0x0 | 0x63c41b: ja     0x14063c466 | 0x63c41d: jmp    0x14063c426 | 0x63c41f: mov    rcx,QWORD PTR [rip+0x1eaa532]        # 0x1424e6958 | 0x63c426: test   bx,bx
classic	owner	0x63b7b0	0x63c43c	jae	0x63c466	0x63c429: js     0x14063c466 | 0x63c42b: mov    rax,QWORD PTR [rip+0x1eaa52e]        # 0x1424e6960 | 0x63c432: sub    rax,rcx | 0x63c435: sar    rax,0x3 | 0x63c439: cmp    rbx,rax
classic	owner	0x63b7b0	0x63c44d	je	0x63c466	0x63c43c: jae    0x14063c466 | 0x63c43e: mov    rdx,QWORD PTR [rcx+rbx*8] | 0x63c442: add    rdx,0x20 | 0x63c446: lea    rax,[rbp-0x51] | 0x63c44a: cmp    rax,rdx
classic	owner	0x63b7b0	0x63c458	jbe	0x63c45d	0x63c446: lea    rax,[rbp-0x51] | 0x63c44a: cmp    rax,rdx | 0x63c44d: je     0x14063c466 | 0x63c44f: mov    r8,QWORD PTR [rdx+0x10] | 0x63c453: cmp    QWORD PTR [rdx+0x18],0xf
classic	owner	0x63b7b0	0x63c47f	jbe	0x63c4b5	0x63c46d: lea    rcx,[rbp-0x51] | 0x63c471: call   0x14006f9a0 | 0x63c476: nop | 0x63c477: mov    rdx,QWORD PTR [rbp-0x19] | 0x63c47b: cmp    rdx,0xf
classic	owner	0x63b7b0	0x63c492	jb	0x63c4b0	0x63c47f: jbe    0x14063c4b5 | 0x63c481: inc    rdx | 0x63c484: mov    rcx,QWORD PTR [rbp-0x31] | 0x63c488: mov    rax,rcx | 0x63c48b: cmp    rdx,0x1000
classic	owner	0x63b7b0	0x63c4a7	jbe	0x63c4b0	0x63c494: add    rdx,0x27 | 0x63c498: mov    rcx,QWORD PTR [rcx-0x8] | 0x63c49c: sub    rax,rcx | 0x63c49f: add    rax,0xfffffffffffffff8 | 0x63c4a3: cmp    rax,0x1f
classic	owner	0x63b7b0	0x63c4f0	je	0x63ca95	0x63c4dc: mov    rax,QWORD PTR [rsi+0x1280] | 0x63c4e3: mov    rdx,rcx | 0x63c4e6: sub    rdx,rax | 0x63c4e9: sar    rdx,0x3 | 0x63c4ed: test   rdx,rdx
classic	owner	0x63b7b0	0x63c4f9	je	0x63ca95	0x63c4e6: sub    rdx,rax | 0x63c4e9: sar    rdx,0x3 | 0x63c4ed: test   rdx,rdx | 0x63c4f0: je     0x14063ca95 | 0x63c4f6: test   r15,r15
classic	owner	0x63b7b0	0x63c502	je	0x63ca95	0x63c4ed: test   rdx,rdx | 0x63c4f0: je     0x14063ca95 | 0x63c4f6: test   r15,r15 | 0x63c4f9: je     0x14063ca95 | 0x63c4ff: cmp    rax,rcx
classic	owner	0x63b7b0	0x63c51a	je	0x63c52a	0x63c502: je     0x14063ca95 | 0x63c508: mov    edx,DWORD PTR [rsi+0x340] | 0x63c50e: xchg   ax,ax | 0x63c510: mov    r13,QWORD PTR [rax] | 0x63c513: cmp    DWORD PTR [r13+0x88],edx
classic	owner	0x63b7b0	0x63c523	jne	0x63c510	0x63c510: mov    r13,QWORD PTR [rax] | 0x63c513: cmp    DWORD PTR [r13+0x88],edx | 0x63c51a: je     0x14063c52a | 0x63c51c: add    rax,0x8 | 0x63c520: cmp    rax,rcx
classic	owner	0x63b7b0	0x63c525	jmp	0x63ca95	0x63c513: cmp    DWORD PTR [r13+0x88],edx | 0x63c51a: je     0x14063c52a | 0x63c51c: add    rax,0x8 | 0x63c520: cmp    rax,rcx | 0x63c523: jne    0x14063c510
classic	owner	0x63b7b0	0x63c543	jae	0x63c5ae	0x63c52d: mov    QWORD PTR [rbp-0x59],r14 | 0x63c531: mov    rbx,QWORD PTR [r13+0x2b0] | 0x63c538: mov    rdi,QWORD PTR [r13+0x2b8] | 0x63c53f: nop | 0x63c540: cmp    rbx,rdi
classic	owner	0x63b7b0	0x63c54d	jle	0x63c562	0x63c540: cmp    rbx,rdi | 0x63c543: jae    0x14063c5ae | 0x63c545: mov    rcx,QWORD PTR [rbx] | 0x63c548: mov    edx,DWORD PTR [rcx+0x30] | 0x63c54b: test   edx,edx
classic	owner	0x63b7b0	0x63c556	jne	0x63c59e	0x63c548: mov    edx,DWORD PTR [rcx+0x30] | 0x63c54b: test   edx,edx | 0x63c54d: jle    0x14063c562 | 0x63c54f: mov    rax,QWORD PTR [rcx+0x28] | 0x63c553: test   BYTE PTR [rax],0x2
classic	owner	0x63b7b0	0x63c55b	je	0x63c562	0x63c54d: jle    0x14063c562 | 0x63c54f: mov    rax,QWORD PTR [rcx+0x28] | 0x63c553: test   BYTE PTR [rax],0x2 | 0x63c556: jne    0x14063c59e | 0x63c558: test   BYTE PTR [rax],0x1
classic	owner	0x63b7b0	0x63c560	jmp	0x63c569	0x63c553: test   BYTE PTR [rax],0x2 | 0x63c556: jne    0x14063c59e | 0x63c558: test   BYTE PTR [rax],0x1 | 0x63c55b: je     0x14063c562 | 0x63c55d: mov    sil,0x1
classic	owner	0x63b7b0	0x63c567	jle	0x63c575	0x63c55b: je     0x14063c562 | 0x63c55d: mov    sil,0x1 | 0x63c560: jmp    0x14063c569 | 0x63c562: xor    sil,sil | 0x63c565: test   edx,edx
classic	owner	0x63b7b0	0x63c570	je	0x63c575	0x63c562: xor    sil,sil | 0x63c565: test   edx,edx | 0x63c567: jle    0x14063c575 | 0x63c569: mov    rax,QWORD PTR [rcx+0x28] | 0x63c56d: test   BYTE PTR [rax],0x8
classic	owner	0x63b7b0	0x63c57e	jne	0x63c59e	0x63c570: je     0x14063c575 | 0x63c572: mov    sil,0x1 | 0x63c575: mov    rax,QWORD PTR [rcx] | 0x63c578: call   QWORD PTR [rax] | 0x63c57a: cmp    ax,0x2
classic	owner	0x63b7b0	0x63c590	jne	0x63c59a	0x63c580: mov    r14,QWORD PTR [rbx] | 0x63c583: mov    rax,QWORD PTR [r14] | 0x63c586: mov    rcx,r14 | 0x63c589: call   QWORD PTR [rax+0x38] | 0x63c58c: cmp    eax,DWORD PTR [r15+0x4]
classic	owner	0x63b7b0	0x63c595	je	0x63c5a4	0x63c586: mov    rcx,r14 | 0x63c589: call   QWORD PTR [rax+0x38] | 0x63c58c: cmp    eax,DWORD PTR [r15+0x4] | 0x63c590: jne    0x14063c59a | 0x63c592: test   sil,sil
classic	owner	0x63b7b0	0x63c5a2	jmp	0x63c540	0x63c592: test   sil,sil | 0x63c595: je     0x14063c5a4 | 0x63c597: mov    r12,r14 | 0x63c59a: mov    r14,QWORD PTR [rbp-0x59] | 0x63c59e: add    rbx,0x8
classic	owner	0x63b7b0	0x63c5ac	jmp	0x63c540	0x63c59a: mov    r14,QWORD PTR [rbp-0x59] | 0x63c59e: add    rbx,0x8 | 0x63c5a2: jmp    0x14063c540 | 0x63c5a4: mov    QWORD PTR [rbp-0x59],r14 | 0x63c5a8: add    rbx,0x8
classic	owner	0x63b7b0	0x63c5b1	je	0x63c814	0x63c5a2: jmp    0x14063c540 | 0x63c5a4: mov    QWORD PTR [rbp-0x59],r14 | 0x63c5a8: add    rbx,0x8 | 0x63c5ac: jmp    0x14063c540 | 0x63c5ae: test   r14,r14
classic	owner	0x63b7b0	0x63c5f4	je	0x63c610	0x63c5de: mov    QWORD PTR [rax+0x18],0xf | 0x63c5e6: mov    BYTE PTR [rax],r12b | 0x63c5e9: mov    QWORD PTR [rbp-0x61],rax | 0x63c5ed: lea    rcx,[rbp-0x51] | 0x63c5f1: cmp    rax,rcx
classic	owner	0x63b7b0	0x63c64b	je	0x63c69e	0x63c63a: mov    rax,rbx | 0x63c63d: mov    rsi,QWORD PTR [rbp-0x31] | 0x63c641: sub    rax,rsi | 0x63c644: sar    rax,0x3 | 0x63c648: test   rax,rax
classic	owner	0x63b7b0	0x63c65d	je	0x63c674	0x63c64d: lea    r14,[rsi+0x8] | 0x63c651: mov    r15,rsi | 0x63c654: neg    r15 | 0x63c657: mov    rdi,QWORD PTR [rsi] | 0x63c65a: test   rdi,rdi
classic	owner	0x63b7b0	0x63c694	jne	0x63c657	0x63c680: call   0x141535d8a | 0x63c685: sub    rbx,0x8 | 0x63c689: lea    rax,[r15+rbx*1] | 0x63c68d: sar    rax,0x3 | 0x63c691: test   rax,rax
classic	owner	0x63b7b0	0x63c6f1	je	0x63c700	0x63c6d4: lea    rdx,[rip+0xfa9dd5]        # 0x1415e64b0 | 0x63c6db: mov    rcx,rax | 0x63c6de: call   0x14006f860 | 0x63c6e3: mov    rdx,QWORD PTR [rsi+0x1338] | 0x63c6ea: cmp    rdx,QWORD PTR [rsi+0x1340]
classic	owner	0x63b7b0	0x63c6fe	jmp	0x63c710	0x63c6e3: mov    rdx,QWORD PTR [rsi+0x1338] | 0x63c6ea: cmp    rdx,QWORD PTR [rsi+0x1340] | 0x63c6f1: je     0x14063c700 | 0x63c6f3: mov    QWORD PTR [rdx],rbx | 0x63c6f6: add    QWORD PTR [rsi+0x1338],0x8
classic	owner	0x63b7b0	0x63c718	jb	0x63c74d	0x63c700: lea    r8,[rbp-0x61] | 0x63c704: lea    rcx,[rsi+0x1330] | 0x63c70b: call   0x1400bacc0 | 0x63c710: mov    rdi,QWORD PTR [rbp-0x39] | 0x63c714: cmp    rdi,0x10
classic	owner	0x63b7b0	0x63c748	jmp	0x63c7db	0x63c72f: mov    r8d,0x10 | 0x63c735: lea    rdx,[rip+0x1020894]        # 0x14165cfd0 | 0x63c73c: mov    rcx,rbx | 0x63c73f: call   0x141535d8a | 0x63c744: mov    BYTE PTR [rbx+0x10],0x0
classic	owner	0x63b7b0	0x63c766	ja	0x63c779	0x63c750: shr    rcx,1 | 0x63c753: movabs r15,0x7fffffffffffffff | 0x63c75d: mov    rax,r15 | 0x63c760: sub    rax,rcx | 0x63c763: cmp    rdi,rax
classic	owner	0x63b7b0	0x63c7a3	jbe	0x63c7d7	0x63c78d: mov    QWORD PTR [rbp-0x39],r15 | 0x63c791: movups xmm0,XMMWORD PTR [rip+0x1020838]        # 0x14165cfd0 | 0x63c798: movups XMMWORD PTR [rax],xmm0 | 0x63c79b: mov    BYTE PTR [rax+0x10],0x0 | 0x63c79f: cmp    rdi,0xf
classic	owner	0x63b7b0	0x63c7b7	jb	0x63c7d2	0x63c7a3: jbe    0x14063c7d7 | 0x63c7a5: lea    rdx,[rdi+0x1] | 0x63c7a9: mov    rcx,QWORD PTR [rbp-0x51] | 0x63c7ad: mov    rax,rcx | 0x63c7b0: cmp    rdx,0x1000
classic	owner	0x63b7b0	0x63c7cc	ja	0x63ca4a	0x63c7b9: add    rdx,0x27 | 0x63c7bd: mov    rcx,QWORD PTR [rcx-0x8] | 0x63c7c1: sub    rax,rcx | 0x63c7c4: add    rax,0xfffffffffffffff8 | 0x63c7c8: cmp    rax,0x1f
classic	owner	0x63b7b0	0x63c80f	jmp	0x63ca95	0x63c7f4: call   0x140b910d0 | 0x63c7f9: mov    r8d,0x1 | 0x63c7ff: lea    rdx,[rip+0xfa6d6e]        # 0x1415e3574 | 0x63c806: lea    rcx,[rbp-0x51] | 0x63c80a: call   0x14006f9a0
classic	owner	0x63b7b0	0x63c817	je	0x63ca91	0x63c7ff: lea    rdx,[rip+0xfa6d6e]        # 0x1415e3574 | 0x63c806: lea    rcx,[rbp-0x51] | 0x63c80a: call   0x14006f9a0 | 0x63c80f: jmp    0x14063ca95 | 0x63c814: test   r12,r12
classic	owner	0x63b7b0	0x63c85a	je	0x63c876	0x63c844: mov    QWORD PTR [rax+0x18],0xf | 0x63c84c: mov    BYTE PTR [rax],r14b | 0x63c84f: mov    QWORD PTR [rbp-0x61],rax | 0x63c853: lea    rcx,[rbp-0x51] | 0x63c857: cmp    rax,rcx
classic	owner	0x63b7b0	0x63c8b1	je	0x63c906	0x63c8a0: mov    rax,rbx | 0x63c8a3: mov    rsi,QWORD PTR [rbp-0x31] | 0x63c8a7: sub    rax,rsi | 0x63c8aa: sar    rax,0x3 | 0x63c8ae: test   rax,rax
classic	owner	0x63b7b0	0x63c8c6	je	0x63c8dd	0x63c8b7: mov    r15,rsi | 0x63c8ba: neg    r15 | 0x63c8bd: nop    DWORD PTR [rax] | 0x63c8c0: mov    rdi,QWORD PTR [rsi] | 0x63c8c3: test   rdi,rdi
classic	owner	0x63b7b0	0x63c8fd	jne	0x63c8c0	0x63c8e9: call   0x141535d8a | 0x63c8ee: sub    rbx,0x8 | 0x63c8f2: lea    rax,[r15+rbx*1] | 0x63c8f6: sar    rax,0x3 | 0x63c8fa: test   rax,rax
classic	owner	0x63b7b0	0x63c959	je	0x63c968	0x63c93c: lea    rdx,[rip+0xfa9b6d]        # 0x1415e64b0 | 0x63c943: mov    rcx,rax | 0x63c946: call   0x14006f860 | 0x63c94b: mov    rdx,QWORD PTR [rsi+0x1338] | 0x63c952: cmp    rdx,QWORD PTR [rsi+0x1340]
classic	owner	0x63b7b0	0x63c966	jmp	0x63c978	0x63c94b: mov    rdx,QWORD PTR [rsi+0x1338] | 0x63c952: cmp    rdx,QWORD PTR [rsi+0x1340] | 0x63c959: je     0x14063c968 | 0x63c95b: mov    QWORD PTR [rdx],rbx | 0x63c95e: add    QWORD PTR [rsi+0x1338],0x8
classic	owner	0x63b7b0	0x63c980	jb	0x63c9b3	0x63c968: lea    r8,[rbp-0x61] | 0x63c96c: lea    rcx,[rsi+0x1330] | 0x63c973: call   0x1400bacc0 | 0x63c978: mov    rdi,QWORD PTR [rbp-0x39] | 0x63c97c: cmp    rdi,0xd
classic	owner	0x63b7b0	0x63c9ae	jmp	0x63ca5a	0x63c998: mov    r8d,eax | 0x63c99b: lea    rdx,[rip+0x1020646]        # 0x14165cfe8 | 0x63c9a2: mov    rcx,rbx | 0x63c9a5: call   0x141535d8a | 0x63c9aa: mov    BYTE PTR [rbx+0xd],0x0
classic	owner	0x63b7b0	0x63c9cc	ja	0x63c9df	0x63c9b6: shr    rcx,1 | 0x63c9b9: movabs r15,0x7fffffffffffffff | 0x63c9c3: mov    rax,r15 | 0x63c9c6: sub    rax,rcx | 0x63c9c9: cmp    rdi,rax
classic	owner	0x63b7b0	0x63ca1f	jbe	0x63ca56	0x63ca0a: mov    DWORD PTR [rbx+0x8],ecx | 0x63ca0d: movzx  ecx,BYTE PTR [rip+0x10205e0]        # 0x14165cff4 | 0x63ca14: mov    BYTE PTR [rbx+0xc],cl | 0x63ca17: mov    BYTE PTR [rbx+0xd],0x0 | 0x63ca1b: cmp    rdi,0xf
classic	owner	0x63b7b0	0x63ca33	jb	0x63ca51	0x63ca1f: jbe    0x14063ca56 | 0x63ca21: lea    rdx,[rdi+0x1] | 0x63ca25: mov    rcx,QWORD PTR [rbp-0x51] | 0x63ca29: mov    rax,rcx | 0x63ca2c: cmp    rdx,0x1000
classic	owner	0x63b7b0	0x63ca48	jbe	0x63ca51	0x63ca35: add    rdx,0x27 | 0x63ca39: mov    rcx,QWORD PTR [rcx-0x8] | 0x63ca3d: sub    rax,rcx | 0x63ca40: add    rax,0xfffffffffffffff8 | 0x63ca44: cmp    rax,0x1f
classic	owner	0x63b7b0	0x63ca8f	jmp	0x63ca95	0x63ca74: call   0x140b910d0 | 0x63ca79: mov    r8d,0xb | 0x63ca7f: lea    rdx,[rip+0x1020572]        # 0x14165cff8 | 0x63ca86: lea    rcx,[rbp-0x51] | 0x63ca8a: call   0x14006f9a0
classic	domain-field	0x753f20	0x753f63	ja	0x753f99	0x753f4a: mov    QWORD PTR [rsp+0x30],r8 | 0x753f4f: mov    QWORD PTR [rsp+0x38],0xf | 0x753f58: mov    BYTE PTR [rsp+0x20],r8b | 0x753f5d: lea    eax,[rdi-0x13] | 0x753f60: cmp    eax,0x6b
classic	domain-field	0x753f20	0x753f80	indirect-jump	jmp    rcx	
classic	domain-field	0x753f20	0x753f97	jmp	0x753fad	0x753f80: jmp    rcx | 0x753f82: mov    r8d,0x4 | 0x753f88: lea    rdx,[rip+0xe8fea5]        # 0x1415e3e34 | 0x753f8f: mov    rcx,rbx | 0x753f92: call   0x14006f860
classic	domain-field	0x753f20	0x753fa5	jbe	0x753faa	0x753f92: call   0x14006f860 | 0x753f97: jmp    0x140753fad | 0x753f99: mov    QWORD PTR [rbx+0x10],r8 | 0x753f9d: mov    rax,rbx | 0x753fa0: cmp    QWORD PTR [rbx+0x18],0xf
classic	domain-field	0x753f20	0x753fe2	jbe	0x754019	0x753fd0: mov    rcx,rbx | 0x753fd3: call   0x14006f9a0 | 0x753fd8: nop | 0x753fd9: mov    rdx,QWORD PTR [rsp+0x38] | 0x753fde: cmp    rdx,0xf
classic	domain-field	0x753f20	0x753ff6	jb	0x754014	0x753fe2: jbe    0x140754019 | 0x753fe4: inc    rdx | 0x753fe7: mov    rcx,QWORD PTR [rsp+0x20] | 0x753fec: mov    rax,rcx | 0x753fef: cmp    rdx,0x1000
classic	domain-field	0x753f20	0x75400b	jbe	0x754014	0x753ff8: add    rdx,0x27 | 0x753ffc: mov    rcx,QWORD PTR [rcx-0x8] | 0x754000: sub    rax,rcx | 0x754003: add    rax,0xfffffffffffffff8 | 0x754007: cmp    rax,0x1f
classic	domain-field	0x753f20	0x754036	jne	0x754038	0x75402f: pop    rdi | 0x754030: ret | 0x754031: nop    DWORD PTR [rax] | 0x754034: (bad) | 0x754035: (bad)
classic	domain-field	0x753f20	0x75403a	jne	0x75403c	0x754034: (bad) | 0x754035: (bad) | 0x754036: jne    0x140754038 | 0x754038: cdq | 0x754039: (bad)
classic	sphere-field	0x7540b0	0x7540bc	ja	0x754b7f	0x7540b0: movsx  rax,cx | 0x7540b4: mov    r9,rdx | 0x7540b7: cmp    eax,0x81
classic	sphere-field	0x7540b0	0x7540d3	indirect-jump	jmp    rcx	
classic	sphere-field	0x7540b0	0x7540e5	jmp	0x6f860	0x7540d0: add    rcx,rdx | 0x7540d3: jmp    rcx | 0x7540d5: lea    rdx,[rip+0xf48244]        # 0x14169c320 | 0x7540dc: mov    r8d,0xb | 0x7540e2: mov    rcx,r9
classic	sphere-field	0x7540b0	0x7540fa	jmp	0x6f860	0x7540e2: mov    rcx,r9 | 0x7540e5: jmp    0x14006f860 | 0x7540ea: lea    rdx,[rip+0xf480ff]        # 0x14169c1f0 | 0x7540f1: mov    r8d,0x7 | 0x7540f7: mov    rcx,r9
classic	sphere-field	0x7540b0	0x75410f	jmp	0x6f860	0x7540f7: mov    rcx,r9 | 0x7540fa: jmp    0x14006f860 | 0x7540ff: lea    rdx,[rip+0xf480f2]        # 0x14169c1f8 | 0x754106: mov    r8d,0x3 | 0x75410c: mov    rcx,r9
classic	sphere-field	0x7540b0	0x754124	jmp	0x6f860	0x75410c: mov    rcx,r9 | 0x75410f: jmp    0x14006f860 | 0x754114: lea    rdx,[rip+0xf480e5]        # 0x14169c200 | 0x75411b: mov    r8d,0x7 | 0x754121: mov    rcx,r9
classic	sphere-field	0x7540b0	0x754139	jmp	0x6f860	0x754121: mov    rcx,r9 | 0x754124: jmp    0x14006f860 | 0x754129: lea    rdx,[rip+0xf480d8]        # 0x14169c208 | 0x754130: mov    r8d,0x6 | 0x754136: mov    rcx,r9
classic	sphere-field	0x7540b0	0x75414e	jmp	0x6f860	0x754136: mov    rcx,r9 | 0x754139: jmp    0x14006f860 | 0x75413e: lea    rdx,[rip+0xf480cb]        # 0x14169c210 | 0x754145: mov    r8d,0x5 | 0x75414b: mov    rcx,r9
classic	sphere-field	0x7540b0	0x754163	jmp	0x6f860	0x75414b: mov    rcx,r9 | 0x75414e: jmp    0x14006f860 | 0x754153: lea    rdx,[rip+0xf480be]        # 0x14169c218 | 0x75415a: mov    r8d,0x6 | 0x754160: mov    rcx,r9
classic	sphere-field	0x7540b0	0x754178	jmp	0x6f860	0x754160: mov    rcx,r9 | 0x754163: jmp    0x14006f860 | 0x754168: lea    rdx,[rip+0xf480b1]        # 0x14169c220 | 0x75416f: mov    r8d,0xa | 0x754175: mov    rcx,r9
classic	sphere-field	0x7540b0	0x75418d	jmp	0x6f860	0x754175: mov    rcx,r9 | 0x754178: jmp    0x14006f860 | 0x75417d: lea    rdx,[rip+0xf480ac]        # 0x14169c230 | 0x754184: mov    r8d,0x7 | 0x75418a: mov    rcx,r9
classic	sphere-field	0x7540b0	0x7541a2	jmp	0x6f860	0x75418a: mov    rcx,r9 | 0x75418d: jmp    0x14006f860 | 0x754192: lea    rdx,[rip+0xf4809f]        # 0x14169c238 | 0x754199: mov    r8d,0x5 | 0x75419f: mov    rcx,r9
classic	sphere-field	0x7540b0	0x7541b7	jmp	0x6f860	0x75419f: mov    rcx,r9 | 0x7541a2: jmp    0x14006f860 | 0x7541a7: lea    rdx,[rip+0xf48092]        # 0x14169c240 | 0x7541ae: mov    r8d,0x7 | 0x7541b4: mov    rcx,r9
classic	sphere-field	0x7540b0	0x7541cc	jmp	0x6f860	0x7541b4: mov    rcx,r9 | 0x7541b7: jmp    0x14006f860 | 0x7541bc: lea    rdx,[rip+0xf48085]        # 0x14169c248 | 0x7541c3: mov    r8d,0x8 | 0x7541c9: mov    rcx,r9
classic	sphere-field	0x7540b0	0x7541e1	jmp	0x6f860	0x7541c9: mov    rcx,r9 | 0x7541cc: jmp    0x14006f860 | 0x7541d1: lea    rdx,[rip+0xf4807c]        # 0x14169c254 | 0x7541d8: mov    r8d,0x6 | 0x7541de: mov    rcx,r9
classic	sphere-field	0x7540b0	0x7541f6	jmp	0x6f860	0x7541de: mov    rcx,r9 | 0x7541e1: jmp    0x14006f860 | 0x7541e6: lea    rdx,[rip+0xf48073]        # 0x14169c260 | 0x7541ed: mov    r8d,0xb | 0x7541f3: mov    rcx,r9
classic	sphere-field	0x7540b0	0x75420b	jmp	0x6f860	0x7541f3: mov    rcx,r9 | 0x7541f6: jmp    0x14006f860 | 0x7541fb: lea    rdx,[rip+0xf47f26]        # 0x14169c128 | 0x754202: mov    r8d,0x7 | 0x754208: mov    rcx,r9
classic	sphere-field	0x7540b0	0x754220	jmp	0x6f860	0x754208: mov    rcx,r9 | 0x75420b: jmp    0x14006f860 | 0x754210: lea    rdx,[rip+0xf47f19]        # 0x14169c130 | 0x754217: mov    r8d,0x6 | 0x75421d: mov    rcx,r9
classic	sphere-field	0x7540b0	0x754235	jmp	0x6f860	0x75421d: mov    rcx,r9 | 0x754220: jmp    0x14006f860 | 0x754225: lea    rdx,[rip+0xf47f0c]        # 0x14169c138 | 0x75422c: mov    r8d,0x8 | 0x754232: mov    rcx,r9
classic	sphere-field	0x7540b0	0x75424a	jmp	0x6f860	0x754232: mov    rcx,r9 | 0x754235: jmp    0x14006f860 | 0x75423a: lea    rdx,[rip+0xe94d13]        # 0x1415e8f54 | 0x754241: mov    r8d,0x5 | 0x754247: mov    rcx,r9
classic	sphere-field	0x7540b0	0x75425f	jmp	0x6f860	0x754247: mov    rcx,r9 | 0x75424a: jmp    0x14006f860 | 0x75424f: lea    rdx,[rip+0xf47ef2]        # 0x14169c148 | 0x754256: mov    r8d,0x8 | 0x75425c: mov    rcx,r9
classic	sphere-field	0x7540b0	0x754274	jmp	0x6f860	0x75425c: mov    rcx,r9 | 0x75425f: jmp    0x14006f860 | 0x754264: lea    rdx,[rip+0xf172d5]        # 0x14166b540 | 0x75426b: mov    r8d,0x4 | 0x754271: mov    rcx,r9
classic	sphere-field	0x7540b0	0x754289	jmp	0x6f860	0x754271: mov    rcx,r9 | 0x754274: jmp    0x14006f860 | 0x754279: lea    rdx,[rip+0xf172ac]        # 0x14166b52c | 0x754280: mov    r8d,0x3 | 0x754286: mov    rcx,r9
classic	sphere-field	0x7540b0	0x75429e	jmp	0x6f860	0x754286: mov    rcx,r9 | 0x754289: jmp    0x14006f860 | 0x75428e: lea    rdx,[rip+0xe94ab3]        # 0x1415e8d48 | 0x754295: mov    r8d,0x5 | 0x75429b: mov    rcx,r9
classic	sphere-field	0x7540b0	0x7542b3	jmp	0x6f860	0x75429b: mov    rcx,r9 | 0x75429e: jmp    0x14006f860 | 0x7542a3: lea    rdx,[rip+0xf47eae]        # 0x14169c158 | 0x7542aa: mov    r8d,0x9 | 0x7542b0: mov    rcx,r9
classic	sphere-field	0x7540b0	0x7542c8	jmp	0x6f860	0x7542b0: mov    rcx,r9 | 0x7542b3: jmp    0x14006f860 | 0x7542b8: lea    rdx,[rip+0xf47ea9]        # 0x14169c168 | 0x7542bf: mov    r8d,0x9 | 0x7542c5: mov    rcx,r9
classic	sphere-field	0x7540b0	0x7542dd	jmp	0x6f860	0x7542c5: mov    rcx,r9 | 0x7542c8: jmp    0x14006f860 | 0x7542cd: lea    rdx,[rip+0xf47ea4]        # 0x14169c178 | 0x7542d4: mov    r8d,0xa | 0x7542da: mov    rcx,r9
classic	sphere-field	0x7540b0	0x7542f2	jmp	0x6f860	0x7542da: mov    rcx,r9 | 0x7542dd: jmp    0x14006f860 | 0x7542e2: lea    rdx,[rip+0xf47e9f]        # 0x14169c188 | 0x7542e9: mov    r8d,0x7 | 0x7542ef: mov    rcx,r9
classic	sphere-field	0x7540b0	0x754307	jmp	0x6f860	0x7542ef: mov    rcx,r9 | 0x7542f2: jmp    0x14006f860 | 0x7542f7: lea    rdx,[rip+0xf47e92]        # 0x14169c190 | 0x7542fe: mov    r8d,0x6 | 0x754304: mov    rcx,r9
classic	sphere-field	0x7540b0	0x75431c	jmp	0x6f860	0x754304: mov    rcx,r9 | 0x754307: jmp    0x14006f860 | 0x75430c: lea    rdx,[rip+0xf47e85]        # 0x14169c198 | 0x754313: mov    r8d,0x4 | 0x754319: mov    rcx,r9
classic	sphere-field	0x7540b0	0x754331	jmp	0x6f860	0x754319: mov    rcx,r9 | 0x75431c: jmp    0x14006f860 | 0x754321: lea    rdx,[rip+0xf1b9a8]        # 0x14166fcd0 | 0x754328: mov    r8d,0x4 | 0x75432e: mov    rcx,r9
classic	sphere-field	0x7540b0	0x754346	jmp	0x6f860	0x75432e: mov    rcx,r9 | 0x754331: jmp    0x14006f860 | 0x754336: lea    rdx,[rip+0xf47e63]        # 0x14169c1a0 | 0x75433d: mov    r8d,0x5 | 0x754343: mov    rcx,r9
classic	sphere-field	0x7540b0	0x75435b	jmp	0x6f860	0x754343: mov    rcx,r9 | 0x754346: jmp    0x14006f860 | 0x75434b: lea    rdx,[rip+0xee7f5a]        # 0x14163c2ac | 0x754352: mov    r8d,0x6 | 0x754358: mov    rcx,r9
classic	sphere-field	0x7540b0	0x754370	jmp	0x6f860	0x754358: mov    rcx,r9 | 0x75435b: jmp    0x14006f860 | 0x754360: lea    rdx,[rip+0xf47e41]        # 0x14169c1a8 | 0x754367: mov    r8d,0x4 | 0x75436d: mov    rcx,r9
classic	sphere-field	0x7540b0	0x754385	jmp	0x6f860	0x75436d: mov    rcx,r9 | 0x754370: jmp    0x14006f860 | 0x754375: lea    rdx,[rip+0xf47e34]        # 0x14169c1b0 | 0x75437c: mov    r8d,0x4 | 0x754382: mov    rcx,r9
classic	sphere-field	0x7540b0	0x75439a	jmp	0x6f860	0x754382: mov    rcx,r9 | 0x754385: jmp    0x14006f860 | 0x75438a: lea    rdx,[rip+0xf47e27]        # 0x14169c1b8 | 0x754391: mov    r8d,0x9 | 0x754397: mov    rcx,r9
classic	sphere-field	0x7540b0	0x7543af	jmp	0x6f860	0x754397: mov    rcx,r9 | 0x75439a: jmp    0x14006f860 | 0x75439f: lea    rdx,[rip+0xf47e22]        # 0x14169c1c8 | 0x7543a6: mov    r8d,0x9 | 0x7543ac: mov    rcx,r9
classic	sphere-field	0x7540b0	0x7543c4	jmp	0x6f860	0x7543ac: mov    rcx,r9 | 0x7543af: jmp    0x14006f860 | 0x7543b4: lea    rdx,[rip+0xf47e19]        # 0x14169c1d4 | 0x7543bb: mov    r8d,0x4 | 0x7543c1: mov    rcx,r9
classic	sphere-field	0x7540b0	0x7543d9	jmp	0x6f860	0x7543c1: mov    rcx,r9 | 0x7543c4: jmp    0x14006f860 | 0x7543c9: lea    rdx,[rip+0xf47d18]        # 0x14169c0e8 | 0x7543d0: mov    r8d,0x4 | 0x7543d6: mov    rcx,r9
classic	sphere-field	0x7540b0	0x7543ee	jmp	0x6f860	0x7543d6: mov    rcx,r9 | 0x7543d9: jmp    0x14006f860 | 0x7543de: lea    rdx,[rip+0xf480c3]        # 0x14169c4a8 | 0x7543e5: mov    r8d,0x7 | 0x7543eb: mov    rcx,r9
classic	sphere-field	0x7540b0	0x754403	jmp	0x6f860	0x7543eb: mov    rcx,r9 | 0x7543ee: jmp    0x14006f860 | 0x7543f3: lea    rdx,[rip+0xf480b6]        # 0x14169c4b0 | 0x7543fa: mov    r8d,0x4 | 0x754400: mov    rcx,r9
classic	sphere-field	0x7540b0	0x754418	jmp	0x6f860	0x754400: mov    rcx,r9 | 0x754403: jmp    0x14006f860 | 0x754408: lea    rdx,[rip+0xf480a9]        # 0x14169c4b8 | 0x75440f: mov    r8d,0xb | 0x754415: mov    rcx,r9
classic	sphere-field	0x7540b0	0x75442d	jmp	0x6f860	0x754415: mov    rcx,r9 | 0x754418: jmp    0x14006f860 | 0x75441d: lea    rdx,[rip+0xf480a4]        # 0x14169c4c8 | 0x754424: mov    r8d,0xa | 0x75442a: mov    rcx,r9
classic	sphere-field	0x7540b0	0x754442	jmp	0x6f860	0x75442a: mov    rcx,r9 | 0x75442d: jmp    0x14006f860 | 0x754432: lea    rdx,[rip+0xf4809f]        # 0x14169c4d8 | 0x754439: mov    r8d,0x7 | 0x75443f: mov    rcx,r9
classic	sphere-field	0x7540b0	0x754457	jmp	0x6f860	0x75443f: mov    rcx,r9 | 0x754442: jmp    0x14006f860 | 0x754447: lea    rdx,[rip+0xf47ca2]        # 0x14169c0f0 | 0x75444e: mov    r8d,0x8 | 0x754454: mov    rcx,r9
classic	sphere-field	0x7540b0	0x75446c	jmp	0x6f860	0x754454: mov    rcx,r9 | 0x754457: jmp    0x14006f860 | 0x75445c: lea    rdx,[rip+0xf4807d]        # 0x14169c4e0 | 0x754463: mov    r8d,0x5 | 0x754469: mov    rcx,r9
classic	sphere-field	0x7540b0	0x754481	jmp	0x6f860	0x754469: mov    rcx,r9 | 0x75446c: jmp    0x14006f860 | 0x754471: lea    rdx,[rip+0xf48070]        # 0x14169c4e8 | 0x754478: mov    r8d,0xa | 0x75447e: mov    rcx,r9
classic	sphere-field	0x7540b0	0x754496	jmp	0x6f860	0x75447e: mov    rcx,r9 | 0x754481: jmp    0x14006f860 | 0x754486: lea    rdx,[rip+0xf17603]        # 0x14166ba90 | 0x75448d: mov    r8d,0x9 | 0x754493: mov    rcx,r9
classic	sphere-field	0x7540b0	0x7544ab	jmp	0x6f860	0x754493: mov    rcx,r9 | 0x754496: jmp    0x14006f860 | 0x75449b: lea    rdx,[rip+0xf47c5e]        # 0x14169c100 | 0x7544a2: mov    r8d,0x7 | 0x7544a8: mov    rcx,r9
classic	sphere-field	0x7540b0	0x7544c0	jmp	0x6f860	0x7544a8: mov    rcx,r9 | 0x7544ab: jmp    0x14006f860 | 0x7544b0: lea    rdx,[rip+0xf48041]        # 0x14169c4f8 | 0x7544b7: mov    r8d,0xb | 0x7544bd: mov    rcx,r9
classic	sphere-field	0x7540b0	0x7544d5	jmp	0x6f860	0x7544bd: mov    rcx,r9 | 0x7544c0: jmp    0x14006f860 | 0x7544c5: lea    rdx,[rip+0xf47c3c]        # 0x14169c108 | 0x7544cc: mov    r8d,0x7 | 0x7544d2: mov    rcx,r9
classic	sphere-field	0x7540b0	0x7544ea	jmp	0x6f860	0x7544d2: mov    rcx,r9 | 0x7544d5: jmp    0x14006f860 | 0x7544da: lea    rdx,[rip+0xf48027]        # 0x14169c508 | 0x7544e1: mov    r8d,0xb | 0x7544e7: mov    rcx,r9
classic	sphere-field	0x7540b0	0x7544ff	jmp	0x6f860	0x7544e7: mov    rcx,r9 | 0x7544ea: jmp    0x14006f860 | 0x7544ef: lea    rdx,[rip+0xf48022]        # 0x14169c518 | 0x7544f6: mov    r8d,0x8 | 0x7544fc: mov    rcx,r9
classic	sphere-field	0x7540b0	0x754514	jmp	0x6f860	0x7544fc: mov    rcx,r9 | 0x7544ff: jmp    0x14006f860 | 0x754504: lea    rdx,[rip+0xf48019]        # 0x14169c524 | 0x75450b: mov    r8d,0x6 | 0x754511: mov    rcx,r9
classic	sphere-field	0x7540b0	0x754529	jmp	0x6f860	0x754511: mov    rcx,r9 | 0x754514: jmp    0x14006f860 | 0x754519: lea    rdx,[rip+0xf48010]        # 0x14169c530 | 0x754520: mov    r8d,0x7 | 0x754526: mov    rcx,r9
classic	sphere-field	0x7540b0	0x75453e	jmp	0x6f860	0x754526: mov    rcx,r9 | 0x754529: jmp    0x14006f860 | 0x75452e: lea    rdx,[rip+0xe948c3]        # 0x1415e8df8 | 0x754535: mov    r8d,0x5 | 0x75453b: mov    rcx,r9
classic	sphere-field	0x7540b0	0x754553	jmp	0x6f860	0x75453b: mov    rcx,r9 | 0x75453e: jmp    0x14006f860 | 0x754543: lea    rdx,[rip+0xf47fee]        # 0x14169c538 | 0x75454a: mov    r8d,0x5 | 0x754550: mov    rcx,r9
classic	sphere-field	0x7540b0	0x754568	jmp	0x6f860	0x754550: mov    rcx,r9 | 0x754553: jmp    0x14006f860 | 0x754558: lea    rdx,[rip+0xf47fe1]        # 0x14169c540 | 0x75455f: mov    r8d,0x4 | 0x754565: mov    rcx,r9
classic	sphere-field	0x7540b0	0x75457d	jmp	0x6f860	0x754565: mov    rcx,r9 | 0x754568: jmp    0x14006f860 | 0x75456d: lea    rdx,[rip+0xf47fd4]        # 0x14169c548 | 0x754574: mov    r8d,0x4 | 0x75457a: mov    rcx,r9
classic	sphere-field	0x7540b0	0x754592	jmp	0x6f860	0x75457a: mov    rcx,r9 | 0x75457d: jmp    0x14006f860 | 0x754582: lea    rdx,[rip+0xf1c9d7]        # 0x141670f60 | 0x754589: mov    r8d,0x5 | 0x75458f: mov    rcx,r9
classic	sphere-field	0x7540b0	0x7545a7	jmp	0x6f860	0x75458f: mov    rcx,r9 | 0x754592: jmp    0x14006f860 | 0x754597: lea    rdx,[rip+0xf47fb2]        # 0x14169c550 | 0x75459e: mov    r8d,0x9 | 0x7545a4: mov    rcx,r9
classic	sphere-field	0x7540b0	0x7545bc	jmp	0x6f860	0x7545a4: mov    rcx,r9 | 0x7545a7: jmp    0x14006f860 | 0x7545ac: lea    rdx,[rip+0xf47e3d]        # 0x14169c3f0 | 0x7545b3: mov    r8d,0x9 | 0x7545b9: mov    rcx,r9
classic	sphere-field	0x7540b0	0x7545d1	jmp	0x6f860	0x7545b9: mov    rcx,r9 | 0x7545bc: jmp    0x14006f860 | 0x7545c1: lea    rdx,[rip+0xea905c]        # 0x1415fd624 | 0x7545c8: mov    r8d,0x4 | 0x7545ce: mov    rcx,r9
classic	sphere-field	0x7540b0	0x7545e6	jmp	0x6f860	0x7545ce: mov    rcx,r9 | 0x7545d1: jmp    0x14006f860 | 0x7545d6: lea    rdx,[rip+0xee7cdb]        # 0x14163c2b8 | 0x7545dd: mov    r8d,0x7 | 0x7545e3: mov    rcx,r9
classic	sphere-field	0x7540b0	0x7545fb	jmp	0x6f860	0x7545e3: mov    rcx,r9 | 0x7545e6: jmp    0x14006f860 | 0x7545eb: lea    rdx,[rip+0xf47e0a]        # 0x14169c3fc | 0x7545f2: mov    r8d,0x4 | 0x7545f8: mov    rcx,r9
classic	sphere-field	0x7540b0	0x754610	jmp	0x6f860	0x7545f8: mov    rcx,r9 | 0x7545fb: jmp    0x14006f860 | 0x754600: lea    rdx,[rip+0xf173dd]        # 0x14166b9e4 | 0x754607: mov    r8d,0x4 | 0x75460d: mov    rcx,r9
classic	sphere-field	0x7540b0	0x754625	jmp	0x6f860	0x75460d: mov    rcx,r9 | 0x754610: jmp    0x14006f860 | 0x754615: lea    rdx,[rip+0xf47dec]        # 0x14169c408 | 0x75461c: mov    r8d,0x8 | 0x754622: mov    rcx,r9
classic	sphere-field	0x7540b0	0x75463a	jmp	0x6f860	0x754622: mov    rcx,r9 | 0x754625: jmp    0x14006f860 | 0x75462a: lea    rdx,[rip+0xf47de3]        # 0x14169c414 | 0x754631: mov    r8d,0x5 | 0x754637: mov    rcx,r9
classic	sphere-field	0x7540b0	0x75464f	jmp	0x6f860	0x754637: mov    rcx,r9 | 0x75463a: jmp    0x14006f860 | 0x75463f: lea    rdx,[rip+0xf47dd6]        # 0x14169c41c | 0x754646: mov    r8d,0x6 | 0x75464c: mov    rcx,r9
classic	sphere-field	0x7540b0	0x754664	jmp	0x6f860	0x75464c: mov    rcx,r9 | 0x75464f: jmp    0x14006f860 | 0x754654: lea    rdx,[rip+0xf47dcd]        # 0x14169c428 | 0x75465b: mov    r8d,0x8 | 0x754661: mov    rcx,r9
classic	sphere-field	0x7540b0	0x754679	jmp	0x6f860	0x754661: mov    rcx,r9 | 0x754664: jmp    0x14006f860 | 0x754669: lea    rdx,[rip+0xf1737c]        # 0x14166b9ec | 0x754670: mov    r8d,0x6 | 0x754676: mov    rcx,r9
classic	sphere-field	0x7540b0	0x75468e	jmp	0x6f860	0x754676: mov    rcx,r9 | 0x754679: jmp    0x14006f860 | 0x75467e: lea    rdx,[rip+0xf47daf]        # 0x14169c434 | 0x754685: mov    r8d,0x4 | 0x75468b: mov    rcx,r9
classic	sphere-field	0x7540b0	0x7546a3	jmp	0x6f860	0x75468b: mov    rcx,r9 | 0x75468e: jmp    0x14006f860 | 0x754693: lea    rdx,[rip+0xf47da2]        # 0x14169c43c | 0x75469a: mov    r8d,0x4 | 0x7546a0: mov    rcx,r9
classic	sphere-field	0x7540b0	0x7546b8	jmp	0x6f860	0x7546a0: mov    rcx,r9 | 0x7546a3: jmp    0x14006f860 | 0x7546a8: lea    rdx,[rip+0xef2c89]        # 0x141647338 | 0x7546af: mov    r8d,0x9 | 0x7546b5: mov    rcx,r9
classic	sphere-field	0x7540b0	0x7546cd	jmp	0x6f860	0x7546b5: mov    rcx,r9 | 0x7546b8: jmp    0x14006f860 | 0x7546bd: lea    rdx,[rip+0xf47d80]        # 0x14169c444 | 0x7546c4: mov    r8d,0x4 | 0x7546ca: mov    rcx,r9
classic	sphere-field	0x7540b0	0x7546e2	jmp	0x6f860	0x7546ca: mov    rcx,r9 | 0x7546cd: jmp    0x14006f860 | 0x7546d2: lea    rdx,[rip+0xe9475f]        # 0x1415e8e38 | 0x7546d9: mov    r8d,0x6 | 0x7546df: mov    rcx,r9
classic	sphere-field	0x7540b0	0x7546f7	jmp	0x6f860	0x7546df: mov    rcx,r9 | 0x7546e2: jmp    0x14006f860 | 0x7546e7: lea    rdx,[rip+0xe91dd6]        # 0x1415e64c4 | 0x7546ee: mov    r8d,0x5 | 0x7546f4: mov    rcx,r9
classic	sphere-field	0x7540b0	0x75470c	jmp	0x6f860	0x7546f4: mov    rcx,r9 | 0x7546f7: jmp    0x14006f860 | 0x7546fc: lea    rdx,[rip+0xee7dcd]        # 0x14163c4d0 | 0x754703: mov    r8d,0x6 | 0x754709: mov    rcx,r9
classic	sphere-field	0x7540b0	0x754721	jmp	0x6f860	0x754709: mov    rcx,r9 | 0x75470c: jmp    0x14006f860 | 0x754711: lea    rdx,[rip+0xf16e20]        # 0x14166b538 | 0x754718: mov    r8d,0x5 | 0x75471e: mov    rcx,r9
classic	sphere-field	0x7540b0	0x754736	jmp	0x6f860	0x75471e: mov    rcx,r9 | 0x754721: jmp    0x14006f860 | 0x754726: lea    rdx,[rip+0xf47d23]        # 0x14169c450 | 0x75472d: mov    r8d,0xa | 0x754733: mov    rcx,r9
classic	sphere-field	0x7540b0	0x75474b	jmp	0x6f860	0x754733: mov    rcx,r9 | 0x754736: jmp    0x14006f860 | 0x75473b: lea    rdx,[rip+0xf47d1a]        # 0x14169c45c | 0x754742: mov    r8d,0x5 | 0x754748: mov    rcx,r9
classic	sphere-field	0x7540b0	0x754760	jmp	0x6f860	0x754748: mov    rcx,r9 | 0x75474b: jmp    0x14006f860 | 0x754750: lea    rdx,[rip+0xf47d0d]        # 0x14169c464 | 0x754757: mov    r8d,0x6 | 0x75475d: mov    rcx,r9
classic	sphere-field	0x7540b0	0x754775	jmp	0x6f860	0x75475d: mov    rcx,r9 | 0x754760: jmp    0x14006f860 | 0x754765: lea    rdx,[rip+0xe9464c]        # 0x1415e8db8 | 0x75476c: mov    r8d,0x5 | 0x754772: mov    rcx,r9
classic	sphere-field	0x7540b0	0x75478a	jmp	0x6f860	0x754772: mov    rcx,r9 | 0x754775: jmp    0x14006f860 | 0x75477a: lea    rdx,[rip+0xf47cef]        # 0x14169c470 | 0x754781: mov    r8d,0x8 | 0x754787: mov    rcx,r9
classic	sphere-field	0x7540b0	0x75479f	jmp	0x6f860	0x754787: mov    rcx,r9 | 0x75478a: jmp    0x14006f860 | 0x75478f: lea    rdx,[rip+0xe948b6]        # 0x1415e904c | 0x754796: mov    r8d,0x5 | 0x75479c: mov    rcx,r9
classic	sphere-field	0x7540b0	0x7547b4	jmp	0x6f860	0x75479c: mov    rcx,r9 | 0x75479f: jmp    0x14006f860 | 0x7547a4: lea    rdx,[rip+0xf47cd5]        # 0x14169c480 | 0x7547ab: mov    r8d,0xa | 0x7547b1: mov    rcx,r9
classic	sphere-field	0x7540b0	0x7547c9	jmp	0x6f860	0x7547b1: mov    rcx,r9 | 0x7547b4: jmp    0x14006f860 | 0x7547b9: lea    rdx,[rip+0xf47ccc]        # 0x14169c48c | 0x7547c0: mov    r8d,0x6 | 0x7547c6: mov    rcx,r9
classic	sphere-field	0x7540b0	0x7547de	jmp	0x6f860	0x7547c6: mov    rcx,r9 | 0x7547c9: jmp    0x14006f860 | 0x7547ce: lea    rdx,[rip+0xec1cc7]        # 0x14161649c | 0x7547d5: mov    r8d,0x6 | 0x7547db: mov    rcx,r9
classic	sphere-field	0x7540b0	0x7547f3	jmp	0x6f860	0x7547db: mov    rcx,r9 | 0x7547de: jmp    0x14006f860 | 0x7547e3: lea    rdx,[rip+0xf47cae]        # 0x14169c498 | 0x7547ea: mov    r8d,0x9 | 0x7547f0: mov    rcx,r9
classic	sphere-field	0x7540b0	0x754808	jmp	0x6f860	0x7547f0: mov    rcx,r9 | 0x7547f3: jmp    0x14006f860 | 0x7547f8: lea    rdx,[rip+0xef22dd]        # 0x141646adc | 0x7547ff: mov    r8d,0x4 | 0x754805: mov    rcx,r9
classic	sphere-field	0x7540b0	0x75481d	jmp	0x6f860	0x754805: mov    rcx,r9 | 0x754808: jmp    0x14006f860 | 0x75480d: lea    rdx,[rip+0xf47b44]        # 0x14169c358 | 0x754814: mov    r8d,0x8 | 0x75481a: mov    rcx,r9
classic	sphere-field	0x7540b0	0x754832	jmp	0x6f860	0x75481a: mov    rcx,r9 | 0x75481d: jmp    0x14006f860 | 0x754822: lea    rdx,[rip+0xf47b3f]        # 0x14169c368 | 0x754829: mov    r8d,0x7 | 0x75482f: mov    rcx,r9
classic	sphere-field	0x7540b0	0x754847	jmp	0x6f860	0x75482f: mov    rcx,r9 | 0x754832: jmp    0x14006f860 | 0x754837: lea    rdx,[rip+0xf47b32]        # 0x14169c370 | 0x75483e: mov    r8d,0x7 | 0x754844: mov    rcx,r9
classic	sphere-field	0x7540b0	0x75485c	jmp	0x6f860	0x754844: mov    rcx,r9 | 0x754847: jmp    0x14006f860 | 0x75484c: lea    rdx,[rip+0xf47b25]        # 0x14169c378 | 0x754853: mov    r8d,0x7 | 0x754859: mov    rcx,r9
classic	sphere-field	0x7540b0	0x754871	jmp	0x6f860	0x754859: mov    rcx,r9 | 0x75485c: jmp    0x14006f860 | 0x754861: lea    rdx,[rip+0xf47b18]        # 0x14169c380 | 0x754868: mov    r8d,0x6 | 0x75486e: mov    rcx,r9
classic	sphere-field	0x7540b0	0x754886	jmp	0x6f860	0x75486e: mov    rcx,r9 | 0x754871: jmp    0x14006f860 | 0x754876: lea    rdx,[rip+0xf47b0b]        # 0x14169c388 | 0x75487d: mov    r8d,0x9 | 0x754883: mov    rcx,r9
classic	sphere-field	0x7540b0	0x75489b	jmp	0x6f860	0x754883: mov    rcx,r9 | 0x754886: jmp    0x14006f860 | 0x75488b: lea    rdx,[rip+0xf47b02]        # 0x14169c394 | 0x754892: mov    r8d,0x6 | 0x754898: mov    rcx,r9
classic	sphere-field	0x7540b0	0x7548b0	jmp	0x6f860	0x754898: mov    rcx,r9 | 0x75489b: jmp    0x14006f860 | 0x7548a0: lea    rdx,[rip+0xee7cc1]        # 0x14163c568 | 0x7548a7: mov    r8d,0x9 | 0x7548ad: mov    rcx,r9
classic	sphere-field	0x7540b0	0x7548c5	jmp	0x6f860	0x7548ad: mov    rcx,r9 | 0x7548b0: jmp    0x14006f860 | 0x7548b5: lea    rdx,[rip+0xf47ae0]        # 0x14169c39c | 0x7548bc: mov    r8d,0x4 | 0x7548c2: mov    rcx,r9
classic	sphere-field	0x7540b0	0x7548da	jmp	0x6f860	0x7548c2: mov    rcx,r9 | 0x7548c5: jmp    0x14006f860 | 0x7548ca: lea    rdx,[rip+0xf47ad7]        # 0x14169c3a8 | 0x7548d1: mov    r8d,0xb | 0x7548d7: mov    rcx,r9
classic	sphere-field	0x7540b0	0x7548ef	jmp	0x6f860	0x7548d7: mov    rcx,r9 | 0x7548da: jmp    0x14006f860 | 0x7548df: lea    rdx,[rip+0xf47ad2]        # 0x14169c3b8 | 0x7548e6: mov    r8d,0x7 | 0x7548ec: mov    rcx,r9
classic	sphere-field	0x7540b0	0x754904	jmp	0x6f860	0x7548ec: mov    rcx,r9 | 0x7548ef: jmp    0x14006f860 | 0x7548f4: lea    rdx,[rip+0xf47ac5]        # 0x14169c3c0 | 0x7548fb: mov    r8d,0x7 | 0x754901: mov    rcx,r9
classic	sphere-field	0x7540b0	0x754919	jmp	0x6f860	0x754901: mov    rcx,r9 | 0x754904: jmp    0x14006f860 | 0x754909: lea    rdx,[rip+0xef2aac]        # 0x1416473bc | 0x754910: mov    r8d,0x3 | 0x754916: mov    rcx,r9
classic	sphere-field	0x7540b0	0x75492e	jmp	0x6f860	0x754916: mov    rcx,r9 | 0x754919: jmp    0x14006f860 | 0x75491e: lea    rdx,[rip+0xe8fbcf]        # 0x1415e44f4 | 0x754925: mov    r8d,0x4 | 0x75492b: mov    rcx,r9
classic	sphere-field	0x7540b0	0x754943	jmp	0x6f860	0x75492b: mov    rcx,r9 | 0x75492e: jmp    0x14006f860 | 0x754933: lea    rdx,[rip+0xf47a8e]        # 0x14169c3c8 | 0x75493a: mov    r8d,0x6 | 0x754940: mov    rcx,r9
classic	sphere-field	0x7540b0	0x754958	jmp	0x6f860	0x754940: mov    rcx,r9 | 0x754943: jmp    0x14006f860 | 0x754948: lea    rdx,[rip+0xf47a81]        # 0x14169c3d0 | 0x75494f: mov    r8d,0x5 | 0x754955: mov    rcx,r9
classic	sphere-field	0x7540b0	0x75496d	jmp	0x6f860	0x754955: mov    rcx,r9 | 0x754958: jmp    0x14006f860 | 0x75495d: lea    rdx,[rip+0xf47a74]        # 0x14169c3d8 | 0x754964: mov    r8d,0x6 | 0x75496a: mov    rcx,r9
classic	sphere-field	0x7540b0	0x754982	jmp	0x6f860	0x75496a: mov    rcx,r9 | 0x75496d: jmp    0x14006f860 | 0x754972: lea    rdx,[rip+0xf08647]        # 0x14165cfc0 | 0x754979: mov    r8d,0x8 | 0x75497f: mov    rcx,r9
classic	sphere-field	0x7540b0	0x754997	jmp	0x6f860	0x75497f: mov    rcx,r9 | 0x754982: jmp    0x14006f860 | 0x754987: lea    rdx,[rip+0xf47a52]        # 0x14169c3e0 | 0x75498e: mov    r8d,0x7 | 0x754994: mov    rcx,r9
classic	sphere-field	0x7540b0	0x7549ac	jmp	0x6f860	0x754994: mov    rcx,r9 | 0x754997: jmp    0x14006f860 | 0x75499c: lea    rdx,[rip+0xf47a45]        # 0x14169c3e8 | 0x7549a3: mov    r8d,0x3 | 0x7549a9: mov    rcx,r9
classic	sphere-field	0x7540b0	0x7549c1	jmp	0x6f860	0x7549a9: mov    rcx,r9 | 0x7549ac: jmp    0x14006f860 | 0x7549b1: lea    rdx,[rip+0xe944cc]        # 0x1415e8e84 | 0x7549b8: mov    r8d,0x5 | 0x7549be: mov    rcx,r9
classic	sphere-field	0x7540b0	0x7549d6	jmp	0x6f860	0x7549be: mov    rcx,r9 | 0x7549c1: jmp    0x14006f860 | 0x7549c6: lea    rdx,[rip+0xf478c3]        # 0x14169c290 | 0x7549cd: mov    r8d,0x9 | 0x7549d3: mov    rcx,r9
classic	sphere-field	0x7540b0	0x7549eb	jmp	0x6f860	0x7549d3: mov    rcx,r9 | 0x7549d6: jmp    0x14006f860 | 0x7549db: lea    rdx,[rip+0xf478be]        # 0x14169c2a0 | 0x7549e2: mov    r8d,0x7 | 0x7549e8: mov    rcx,r9
classic	sphere-field	0x7540b0	0x754a00	jmp	0x6f860	0x7549e8: mov    rcx,r9 | 0x7549eb: jmp    0x14006f860 | 0x7549f0: lea    rdx,[rip+0xee9a59]        # 0x14163e450 | 0x7549f7: mov    r8d,0x7 | 0x7549fd: mov    rcx,r9
classic	sphere-field	0x7540b0	0x754a15	jmp	0x6f860	0x7549fd: mov    rcx,r9 | 0x754a00: jmp    0x14006f860 | 0x754a05: lea    rdx,[rip+0xef62c0]        # 0x14164accc | 0x754a0c: mov    r8d,0x5 | 0x754a12: mov    rcx,r9
classic	sphere-field	0x7540b0	0x754a2a	jmp	0x6f860	0x754a12: mov    rcx,r9 | 0x754a15: jmp    0x14006f860 | 0x754a1a: lea    rdx,[rip+0xf47887]        # 0x14169c2a8 | 0x754a21: mov    r8d,0x9 | 0x754a27: mov    rcx,r9
classic	sphere-field	0x7540b0	0x754a3f	jmp	0x6f860	0x754a27: mov    rcx,r9 | 0x754a2a: jmp    0x14006f860 | 0x754a2f: lea    rdx,[rip+0xf47882]        # 0x14169c2b8 | 0x754a36: mov    r8d,0x9 | 0x754a3c: mov    rcx,r9
classic	sphere-field	0x7540b0	0x754a54	jmp	0x6f860	0x754a3c: mov    rcx,r9 | 0x754a3f: jmp    0x14006f860 | 0x754a44: lea    rdx,[rip+0xf47879]        # 0x14169c2c4 | 0x754a4b: mov    r8d,0x5 | 0x754a51: mov    rcx,r9
classic	sphere-field	0x7540b0	0x754a69	jmp	0x6f860	0x754a51: mov    rcx,r9 | 0x754a54: jmp    0x14006f860 | 0x754a59: lea    rdx,[rip+0xf47870]        # 0x14169c2d0 | 0x754a60: mov    r8d,0x8 | 0x754a66: mov    rcx,r9
classic	sphere-field	0x7540b0	0x754a7e	jmp	0x6f860	0x754a66: mov    rcx,r9 | 0x754a69: jmp    0x14006f860 | 0x754a6e: lea    rdx,[rip+0xee7b8b]        # 0x14163c600 | 0x754a75: mov    r8d,0x5 | 0x754a7b: mov    rcx,r9
classic	sphere-field	0x7540b0	0x754a93	jmp	0x6f860	0x754a7b: mov    rcx,r9 | 0x754a7e: jmp    0x14006f860 | 0x754a83: lea    rdx,[rip+0xf477ee]        # 0x14169c278 | 0x754a8a: mov    r8d,0x8 | 0x754a90: mov    rcx,r9
classic	sphere-field	0x7540b0	0x754aa8	jmp	0x6f860	0x754a90: mov    rcx,r9 | 0x754a93: jmp    0x14006f860 | 0x754a98: lea    rdx,[rip+0xf4783d]        # 0x14169c2dc | 0x754a9f: mov    r8d,0x5 | 0x754aa5: mov    rcx,r9
classic	sphere-field	0x7540b0	0x754abd	jmp	0x6f860	0x754aa5: mov    rcx,r9 | 0x754aa8: jmp    0x14006f860 | 0x754aad: lea    rdx,[rip+0xf47834]        # 0x14169c2e8 | 0x754ab4: mov    r8d,0x7 | 0x754aba: mov    rcx,r9
classic	sphere-field	0x7540b0	0x754ad2	jmp	0x6f860	0x754aba: mov    rcx,r9 | 0x754abd: jmp    0x14006f860 | 0x754ac2: lea    rdx,[rip+0xf47827]        # 0x14169c2f0 | 0x754ac9: mov    r8d,0x8 | 0x754acf: mov    rcx,r9
classic	sphere-field	0x7540b0	0x754ae7	jmp	0x6f860	0x754acf: mov    rcx,r9 | 0x754ad2: jmp    0x14006f860 | 0x754ad7: lea    rdx,[rip+0xef009e]        # 0x141644b7c | 0x754ade: mov    r8d,0x3 | 0x754ae4: mov    rcx,r9
classic	sphere-field	0x7540b0	0x754afc	jmp	0x6f860	0x754ae4: mov    rcx,r9 | 0x754ae7: jmp    0x14006f860 | 0x754aec: lea    rdx,[rip+0xef1cb1]        # 0x1416467a4 | 0x754af3: mov    r8d,0x5 | 0x754af9: mov    rcx,r9
classic	sphere-field	0x7540b0	0x754b11	jmp	0x6f860	0x754af9: mov    rcx,r9 | 0x754afc: jmp    0x14006f860 | 0x754b01: lea    rdx,[rip+0xf477f4]        # 0x14169c2fc | 0x754b08: mov    r8d,0x6 | 0x754b0e: mov    rcx,r9
classic	sphere-field	0x7540b0	0x754b26	jmp	0x6f860	0x754b0e: mov    rcx,r9 | 0x754b11: jmp    0x14006f860 | 0x754b16: lea    rdx,[rip+0xf1b203]        # 0x14166fd20 | 0x754b1d: mov    r8d,0x7 | 0x754b23: mov    rcx,r9
classic	sphere-field	0x7540b0	0x754b3b	jmp	0x6f860	0x754b23: mov    rcx,r9 | 0x754b26: jmp    0x14006f860 | 0x754b2b: lea    rdx,[rip+0xf477d2]        # 0x14169c304 | 0x754b32: mov    r8d,0x4 | 0x754b38: mov    rcx,r9
classic	sphere-field	0x7540b0	0x754b50	jmp	0x6f860	0x754b38: mov    rcx,r9 | 0x754b3b: jmp    0x14006f860 | 0x754b40: lea    rdx,[rip+0xf477c5]        # 0x14169c30c | 0x754b47: mov    r8d,0x6 | 0x754b4d: mov    rcx,r9
classic	sphere-field	0x7540b0	0x754b65	jmp	0x6f860	0x754b4d: mov    rcx,r9 | 0x754b50: jmp    0x14006f860 | 0x754b55: lea    rdx,[rip+0xe94164]        # 0x1415e8cc0 | 0x754b5c: mov    r8d,0x7 | 0x754b62: mov    rcx,r9
classic	sphere-field	0x7540b0	0x754b7a	jmp	0x6f860	0x754b62: mov    rcx,r9 | 0x754b65: jmp    0x14006f860 | 0x754b6a: lea    rdx,[rip+0xf477a3]        # 0x14169c314 | 0x754b71: mov    r8d,0x5 | 0x754b77: mov    rcx,r9
classic	sphere-field	0x7540b0	0x754b8f	jmp	0x6f860	0x754b77: mov    rcx,r9 | 0x754b7a: jmp    0x14006f860 | 0x754b7f: lea    rdx,[rip+0xf4765a]        # 0x14169c1e0 | 0x754b86: mov    r8d,0x9 | 0x754b8c: mov    rcx,r9
classic	force-place-field	0x5c1180	0x5c11b6	js	0x5c1216	0x5c11a2: mov    rdi,QWORD PTR [rcx+0x240] | 0x5c11a9: mov    rbp,rcx | 0x5c11ac: sub    rdi,rax | 0x5c11af: sar    rdi,0x3 | 0x5c11b3: sub    edi,0x1
classic	force-place-field	0x5c1180	0x5c1208	jne	0x5c1231	0x5c11f2: call   0x1400bab70 | 0x5c11f7: cmp    BYTE PTR [rsp+0x28],0x0 | 0x5c11fc: mov    rax,rbx | 0x5c11ff: cmovne rax,QWORD PTR [rsp+0x20] | 0x5c1205: cmp    eax,0xffffffff
classic	force-place-field	0x5c1180	0x5c1214	jns	0x5c11e0	0x5c1205: cmp    eax,0xffffffff | 0x5c1208: jne    0x1405c1231 | 0x5c120a: dec    edi | 0x5c120c: sub    r14,0x8 | 0x5c1210: sub    rsi,0x1
classic	force-place-field	0x5c1180	0x5c123f	jmp	0x5c1218	0x5c122f: pop    rdi | 0x5c1230: ret | 0x5c1231: mov    rax,QWORD PTR [rbp+0x238] | 0x5c1238: movsxd rcx,edi | 0x5c123b: mov    rax,QWORD PTR [rax+rcx*8]
classic	caste-field	0xaa07f0	0xaa080d	jbe	0xaa0812	0xaa07f6: mov    QWORD PTR [rdx+0x10],0x0 | 0xaa07fe: mov    rdi,rdx | 0xaa0801: cmp    QWORD PTR [rdx+0x18],0xf | 0xaa0806: mov    rax,rdx | 0xaa0809: movsx  r10,r8w
classic	caste-field	0xaa07f0	0xaa0831	je	0xaa08a9	0xaa0815: mov    r8,QWORD PTR [rip+0x1a46144]        # 0x1424e6960 | 0xaa081c: mov    r9,QWORD PTR [rip+0x1a46135]        # 0x1424e6958 | 0xaa0823: mov    QWORD PTR [rsp+0x30],rbx | 0xaa0828: movsx  rbx,cx | 0xaa082c: cmp    r10w,0xffff
classic	caste-field	0xaa07f0	0xaa0836	js	0xaa08dd	0xaa0823: mov    QWORD PTR [rsp+0x30],rbx | 0xaa0828: movsx  rbx,cx | 0xaa082c: cmp    r10w,0xffff | 0xaa0831: je     0x140aa08a9 | 0xaa0833: test   cx,cx
classic	caste-field	0xaa07f0	0xaa0849	jae	0xaa08a9	0xaa0836: js     0x140aa08dd | 0xaa083c: mov    rax,r8 | 0xaa083f: sub    rax,r9 | 0xaa0842: sar    rax,0x3 | 0xaa0846: cmp    rbx,rax
classic	caste-field	0xaa07f0	0xaa084f	js	0xaa08ae	0xaa083f: sub    rax,r9 | 0xaa0842: sar    rax,0x3 | 0xaa0846: cmp    rbx,rax | 0xaa0849: jae    0x140aa08a9 | 0xaa084b: test   r10w,r10w
classic	caste-field	0xaa07f0	0xaa086d	jae	0xaa08ae	0xaa0855: mov    rdx,QWORD PTR [rax+0x178] | 0xaa085c: mov    rax,QWORD PTR [rax+0x180] | 0xaa0863: sub    rax,rdx | 0xaa0866: sar    rax,0x3 | 0xaa086a: cmp    r10,rax
classic	caste-field	0xaa07f0	0xaa087a	je	0xaa08a0	0xaa086a: cmp    r10,rax | 0xaa086d: jae    0x140aa08ae | 0xaa086f: mov    rdx,QWORD PTR [rdx+r10*8] | 0xaa0873: add    rdx,0x60 | 0xaa0877: cmp    rdi,rdx
classic	caste-field	0xaa07f0	0xaa0885	jbe	0xaa088a	0xaa0873: add    rdx,0x60 | 0xaa0877: cmp    rdi,rdx | 0xaa087a: je     0x140aa08a0 | 0xaa087c: cmp    QWORD PTR [rdx+0x18],0xf | 0xaa0881: mov    r8,QWORD PTR [rdx+0x10]
classic	caste-field	0xaa07f0	0xaa08a5	ja	0xaa08dd	0xaa088a: mov    rcx,rdi | 0xaa088d: call   0x14006f860 | 0xaa0892: mov    r8,QWORD PTR [rip+0x1a460c7]        # 0x1424e6960 | 0xaa0899: mov    r9,QWORD PTR [rip+0x1a460b8]        # 0x1424e6958 | 0xaa08a0: cmp    QWORD PTR [rdi+0x10],0x0
classic	caste-field	0xaa07f0	0xaa08a7	jmp	0xaa08ae	0xaa088d: call   0x14006f860 | 0xaa0892: mov    r8,QWORD PTR [rip+0x1a460c7]        # 0x1424e6960 | 0xaa0899: mov    r9,QWORD PTR [rip+0x1a460b8]        # 0x1424e6958 | 0xaa08a0: cmp    QWORD PTR [rdi+0x10],0x0 | 0xaa08a5: ja     0x140aa08dd
classic	caste-field	0xaa07f0	0xaa08ac	js	0xaa08dd	0xaa0899: mov    r9,QWORD PTR [rip+0x1a460b8]        # 0x1424e6958 | 0xaa08a0: cmp    QWORD PTR [rdi+0x10],0x0 | 0xaa08a5: ja     0x140aa08dd | 0xaa08a7: jmp    0x140aa08ae | 0xaa08a9: test   cx,cx
classic	caste-field	0xaa07f0	0xaa08b8	jae	0xaa08dd	0xaa08a9: test   cx,cx | 0xaa08ac: js     0x140aa08dd | 0xaa08ae: sub    r8,r9 | 0xaa08b1: sar    r8,0x3 | 0xaa08b5: cmp    rbx,r8
classic	caste-field	0xaa07f0	0xaa08c5	je	0xaa08dd	0xaa08b5: cmp    rbx,r8 | 0xaa08b8: jae    0x140aa08dd | 0xaa08ba: mov    rdx,QWORD PTR [r9+rbx*8] | 0xaa08be: add    rdx,0x60 | 0xaa08c2: cmp    rdi,rdx
classic	caste-field	0xaa07f0	0xaa08d0	jbe	0xaa08d5	0xaa08be: add    rdx,0x60 | 0xaa08c2: cmp    rdi,rdx | 0xaa08c5: je     0x140aa08dd | 0xaa08c7: cmp    QWORD PTR [rdx+0x18],0xf | 0xaa08cc: mov    r8,QWORD PTR [rdx+0x10]
classic	structure-field	0xb910d0	0xb91106	je	0xb913d1	0xb910f1: mov    edx,r8d | 0xb910f4: mov    rcx,QWORD PTR [rip+0x195494d]        # 0x1424e5a48 | 0xb910fb: call   0x14007dab0 | 0xb91100: mov    rbp,rax | 0xb91103: test   rax,rax
classic	structure-field	0xb910d0	0xb91120	je	0xb913d1	0xb9110c: lea    rdx,[rax+0x2b0] | 0xb91113: mov    ecx,edi | 0xb91115: call   0x14006fe90 | 0xb9111a: mov    rdi,rax | 0xb9111d: test   rax,rax
classic	structure-field	0xb910d0	0xb91130	je	0xb9118a	0xb9111a: mov    rdi,rax | 0xb9111d: test   rax,rax | 0xb91120: je     0x140b913d1 | 0xb91126: mov    esi,DWORD PTR [rsp+0x98] | 0xb9112d: and    esi,0x2
classic	structure-field	0xb910d0	0xb91192	je	0xb91267	0xb91175: mov    r8d,0x1 | 0xb9117b: lea    rdx,[rip+0xa674e2]        # 0x1415f8664 | 0xb91182: mov    rcx,rbx | 0xb91185: call   0x14006f9a0 | 0xb9118a: cmp    BYTE PTR [rsp+0x90],0x0
classic	structure-field	0xb910d0	0xb911a4	je	0xb91267	0xb91192: je     0x140b91267 | 0xb91198: mov    rax,QWORD PTR [rdi] | 0xb9119b: mov    rcx,rdi | 0xb9119e: call   QWORD PTR [rax+0x10] | 0xb911a1: test   rax,rax
classic	structure-field	0xb910d0	0xb911ae	je	0xb91267	0xb9119b: mov    rcx,rdi | 0xb9119e: call   QWORD PTR [rax+0x10] | 0xb911a1: test   rax,rax | 0xb911a4: je     0x140b91267 | 0xb911aa: cmp    BYTE PTR [rax+0x72],0x0
classic	structure-field	0xb910d0	0xb91206	je	0xb9121e	0xb911f1: cmova  rdx,QWORD PTR [rsp+0x20] | 0xb911f7: mov    r8,QWORD PTR [rsp+0x30] | 0xb911fc: mov    rcx,rbx | 0xb911ff: call   0x14006f9a0 | 0xb91204: test   esi,esi
classic	structure-field	0xb910d0	0xb91227	jbe	0xb913e6	0xb91215: mov    rcx,rbx | 0xb91218: call   0x14006f9a0 | 0xb9121d: nop | 0xb9121e: mov    rdx,QWORD PTR [rsp+0x38] | 0xb91223: cmp    rdx,0xf
classic	structure-field	0xb910d0	0xb9123f	jb	0xb9125d	0xb91227: jbe    0x140b913e6 | 0xb9122d: inc    rdx | 0xb91230: mov    rcx,QWORD PTR [rsp+0x20] | 0xb91235: mov    rax,rcx | 0xb91238: cmp    rdx,0x1000
classic	structure-field	0xb910d0	0xb91254	jbe	0xb9125d	0xb91241: add    rdx,0x27 | 0xb91245: mov    rcx,QWORD PTR [rcx-0x8] | 0xb91249: sub    rax,rcx | 0xb9124c: add    rax,0xfffffffffffffff8 | 0xb91250: cmp    rax,0x1f
classic	structure-field	0xb910d0	0xb91262	jmp	0xb913e6	0xb91250: cmp    rax,0x1f | 0xb91254: jbe    0x140b9125d | 0xb91256: call   QWORD PTR [rip+0xa4f844]        # 0x1415e0aa0 | 0xb9125c: int3 | 0xb9125d: call   0x1415345f0
classic	structure-field	0xb910d0	0xb91276	ja	0xb913a9	0xb91267: mov    rax,QWORD PTR [rdi] | 0xb9126a: mov    rcx,rdi | 0xb9126d: call   QWORD PTR [rax] | 0xb9126f: movsx  rcx,ax | 0xb91273: cmp    ecx,0xd
classic	structure-field	0xb910d0	0xb9128d	indirect-jump	jmp    rcx	
classic	structure-field	0xb910d0	0xb9129c	jmp	0xb913b6	0xb91283: mov    ecx,DWORD PTR [rdx+rcx*4+0xb91400] | 0xb9128a: add    rcx,rdx | 0xb9128d: jmp    rcx | 0xb9128f: mov    r8d,0x10 | 0xb91295: lea    rdx,[rip+0xacd60c]        # 0x14165e8a8
classic	structure-field	0xb910d0	0xb912ae	jmp	0xb913b6	0xb9128f: mov    r8d,0x10 | 0xb91295: lea    rdx,[rip+0xacd60c]        # 0x14165e8a8 | 0xb9129c: jmp    0x140b913b6 | 0xb912a1: mov    r8d,0xa | 0xb912a7: lea    rdx,[rip+0xacd5ca]        # 0x14165e878
classic	structure-field	0xb910d0	0xb912c0	jmp	0xb913b6	0xb912a1: mov    r8d,0xa | 0xb912a7: lea    rdx,[rip+0xacd5ca]        # 0x14165e878 | 0xb912ae: jmp    0x140b913b6 | 0xb912b3: mov    r8d,0xb | 0xb912b9: lea    rdx,[rip+0xa92a00]        # 0x141623cc0
classic	structure-field	0xb910d0	0xb912d2	jmp	0xb913b6	0xb912b3: mov    r8d,0xb | 0xb912b9: lea    rdx,[rip+0xa92a00]        # 0x141623cc0 | 0xb912c0: jmp    0x140b913b6 | 0xb912c5: mov    r8d,0xb | 0xb912cb: lea    rdx,[rip+0xacd5b6]        # 0x14165e888
classic	structure-field	0xb910d0	0xb912e4	jmp	0xb913b6	0xb912c5: mov    r8d,0xb | 0xb912cb: lea    rdx,[rip+0xacd5b6]        # 0x14165e888 | 0xb912d2: jmp    0x140b913b6 | 0xb912d7: mov    r8d,0x6 | 0xb912dd: lea    rdx,[rip+0xacd57c]        # 0x14165e860
classic	structure-field	0xb910d0	0xb912f6	jmp	0xb913b6	0xb912d7: mov    r8d,0x6 | 0xb912dd: lea    rdx,[rip+0xacd57c]        # 0x14165e860 | 0xb912e4: jmp    0x140b913b6 | 0xb912e9: mov    r8d,0x8 | 0xb912ef: lea    rdx,[rip+0xa929a2]        # 0x141623c98
classic	structure-field	0xb910d0	0xb91308	jmp	0xb913b6	0xb912e9: mov    r8d,0x8 | 0xb912ef: lea    rdx,[rip+0xa929a2]        # 0x141623c98 | 0xb912f6: jmp    0x140b913b6 | 0xb912fb: mov    r8d,0x9 | 0xb91301: lea    rdx,[rip+0xacd560]        # 0x14165e868
classic	structure-field	0xb910d0	0xb9131a	jmp	0xb913b6	0xb912fb: mov    r8d,0x9 | 0xb91301: lea    rdx,[rip+0xacd560]        # 0x14165e868 | 0xb91308: jmp    0x140b913b6 | 0xb9130d: mov    r8d,0x8 | 0xb91313: lea    rdx,[rip+0xacd52e]        # 0x14165e848
classic	structure-field	0xb910d0	0xb9132c	jmp	0xb913b6	0xb9130d: mov    r8d,0x8 | 0xb91313: lea    rdx,[rip+0xacd52e]        # 0x14165e848 | 0xb9131a: jmp    0x140b913b6 | 0xb9131f: mov    r8d,0xc | 0xb91325: lea    rdx,[rip+0xadc8ec]        # 0x14166dc18
classic	structure-field	0xb910d0	0xb91338	jmp	0xb913b0	0xb9131a: jmp    0x140b913b6 | 0xb9131f: mov    r8d,0xc | 0xb91325: lea    rdx,[rip+0xadc8ec]        # 0x14166dc18 | 0xb9132c: jmp    0x140b913b6 | 0xb91331: lea    rdx,[rip+0xacd4d0]        # 0x14165e808
classic	structure-field	0xb910d0	0xb91347	jmp	0xb913b6	0xb9132c: jmp    0x140b913b6 | 0xb91331: lea    rdx,[rip+0xacd4d0]        # 0x14165e808 | 0xb91338: jmp    0x140b913b0 | 0xb9133a: mov    r8d,0x8 | 0xb91340: lea    rdx,[rip+0xacd4e9]        # 0x14165e830
classic	structure-field	0xb910d0	0xb91356	jmp	0xb913b6	0xb9133a: mov    r8d,0x8 | 0xb91340: lea    rdx,[rip+0xacd4e9]        # 0x14165e830 | 0xb91347: jmp    0x140b913b6 | 0xb91349: mov    r8d,0x6 | 0xb9134f: lea    rdx,[rip+0xacd4e6]        # 0x14165e83c
classic	structure-field	0xb910d0	0xb91361	je	0xb9138b	0xb91349: mov    r8d,0x6 | 0xb9134f: lea    rdx,[rip+0xacd4e6]        # 0x14165e83c | 0xb91356: jmp    0x140b913b6 | 0xb91358: movsx  ecx,WORD PTR [rdi+0x130] | 0xb9135f: test   ecx,ecx
classic	structure-field	0xb910d0	0xb91366	je	0xb9137c	0xb91356: jmp    0x140b913b6 | 0xb91358: movsx  ecx,WORD PTR [rdi+0x130] | 0xb9135f: test   ecx,ecx | 0xb91361: je     0x140b9138b | 0xb91363: sub    ecx,0x1
classic	structure-field	0xb910d0	0xb9136b	jne	0xb913be	0xb9135f: test   ecx,ecx | 0xb91361: je     0x140b9138b | 0xb91363: sub    ecx,0x1 | 0xb91366: je     0x140b9137c | 0xb91368: cmp    ecx,0x1
classic	structure-field	0xb910d0	0xb9137a	jmp	0xb913b6	0xb91366: je     0x140b9137c | 0xb91368: cmp    ecx,0x1 | 0xb9136b: jne    0x140b913be | 0xb9136d: mov    r8d,0xd | 0xb91373: lea    rdx,[rip+0xacd47e]        # 0x14165e7f8
classic	structure-field	0xb910d0	0xb91389	jmp	0xb913b6	0xb9136d: mov    r8d,0xd | 0xb91373: lea    rdx,[rip+0xacd47e]        # 0x14165e7f8 | 0xb9137a: jmp    0x140b913b6 | 0xb9137c: mov    r8d,0xa | 0xb91382: lea    rdx,[rip+0xacd45f]        # 0x14165e7e8
classic	structure-field	0xb910d0	0xb91398	jmp	0xb913b6	0xb9137c: mov    r8d,0xa | 0xb91382: lea    rdx,[rip+0xacd45f]        # 0x14165e7e8 | 0xb91389: jmp    0x140b913b6 | 0xb9138b: mov    r8d,0x9 | 0xb91391: lea    rdx,[rip+0xacd488]        # 0x14165e820
classic	structure-field	0xb910d0	0xb913a7	jmp	0xb913b6	0xb9138b: mov    r8d,0x9 | 0xb91391: lea    rdx,[rip+0xacd488]        # 0x14165e820 | 0xb91398: jmp    0x140b913b6 | 0xb9139a: mov    r8d,0x7 | 0xb913a0: lea    rdx,[rip+0xacd4b1]        # 0x14165e858
classic	structure-field	0xb910d0	0xb913c0	je	0xb913e6	0xb913a9: lea    rdx,[rip+0xb491a8]        # 0x1416da558 | 0xb913b0: mov    r8d,0x13 | 0xb913b6: mov    rcx,rbx | 0xb913b9: call   0x14006f9a0 | 0xb913be: test   esi,esi
classic	structure-field	0xb910d0	0xb913cf	jmp	0xb913de	0xb913b9: call   0x14006f9a0 | 0xb913be: test   esi,esi | 0xb913c0: je     0x140b913e6 | 0xb913c2: mov    r8d,0x8 | 0xb913c8: lea    rdx,[rip+0xa67781]        # 0x1415f8b50
classic	entity-field	0xb8f940	0xb8f978	je	0xb8f994	0xb8f95e: mov    esi,r9d | 0xb8f961: mov    rbx,rdx | 0xb8f964: mov    rax,QWORD PTR [rip+0x183bd85]        # 0x1423cb6f0 | 0xb8f96b: sub    rax,QWORD PTR [rip+0x183bd76]        # 0x1423cb6e8 | 0xb8f972: test   rax,0xfffffffffffffff8
classic	entity-field	0xb8f940	0xb8f97e	je	0xb8f994	0xb8f964: mov    rax,QWORD PTR [rip+0x183bd85]        # 0x1423cb6f0 | 0xb8f96b: sub    rax,QWORD PTR [rip+0x183bd76]        # 0x1423cb6e8 | 0xb8f972: test   rax,0xfffffffffffffff8 | 0xb8f978: je     0x140b8f994 | 0xb8f97a: cmp    r8d,0xffffffff
classic	entity-field	0xb8f940	0xb8f992	jmp	0xb8f996	0xb8f97e: je     0x140b8f994 | 0xb8f980: lea    rdx,[rip+0x183bd61]        # 0x1423cb6e8 | 0xb8f987: mov    ecx,r8d | 0xb8f98a: call   0x1400ba030 | 0xb8f98f: mov    rdi,rax
classic	entity-field	0xb8f940	0xb8f999	je	0xb8fa86	0xb8f98a: call   0x1400ba030 | 0xb8f98f: mov    rdi,rax | 0xb8f992: jmp    0x140b8f996 | 0xb8f994: xor    edi,edi | 0xb8f996: test   rdi,rdi
classic	entity-field	0xb8f940	0xb8f9a2	je	0xb8f9d9	0xb8f992: jmp    0x140b8f996 | 0xb8f994: xor    edi,edi | 0xb8f996: test   rdi,rdi | 0xb8f999: je     0x140b8fa86 | 0xb8f99f: and    esi,0x2
classic	entity-field	0xb8f940	0xb8fa2c	je	0xb8fa44	0xb8fa17: cmova  rdx,QWORD PTR [rsp+0x20] | 0xb8fa1d: mov    r8,QWORD PTR [rsp+0x30] | 0xb8fa22: mov    rcx,rbx | 0xb8fa25: call   0x14006f9a0 | 0xb8fa2a: test   esi,esi
classic	entity-field	0xb8f940	0xb8fa4d	jbe	0xb8fa9b	0xb8fa3b: mov    rcx,rbx | 0xb8fa3e: call   0x14006f9a0 | 0xb8fa43: nop | 0xb8fa44: mov    rdx,QWORD PTR [rsp+0x38] | 0xb8fa49: cmp    rdx,0xf
classic	entity-field	0xb8f940	0xb8fa61	jb	0xb8fa7f	0xb8fa4d: jbe    0x140b8fa9b | 0xb8fa4f: inc    rdx | 0xb8fa52: mov    rcx,QWORD PTR [rsp+0x20] | 0xb8fa57: mov    rax,rcx | 0xb8fa5a: cmp    rdx,0x1000
classic	entity-field	0xb8f940	0xb8fa76	jbe	0xb8fa7f	0xb8fa63: add    rdx,0x27 | 0xb8fa67: mov    rcx,QWORD PTR [rcx-0x8] | 0xb8fa6b: sub    rax,rcx | 0xb8fa6e: add    rax,0xfffffffffffffff8 | 0xb8fa72: cmp    rax,0x1f
classic	entity-field	0xb8f940	0xb8fa84	jmp	0xb8fa9b	0xb8fa72: cmp    rax,0x1f | 0xb8fa76: jbe    0x140b8fa7f | 0xb8fa78: call   QWORD PTR [rip+0xa51022]        # 0x1415e0aa0 | 0xb8fa7e: int3 | 0xb8fa7f: call   0x1415345f0
classic	figure-field	0xb8ff50	0xb8ff9d	je	0xb90916	0xb8ff8a: mov    BYTE PTR [rsp+0x20],0x0 | 0xb8ff8f: mov    edx,r8d | 0xb8ff92: call   0x140067d50 | 0xb8ff97: mov    rdi,rax | 0xb8ff9a: test   rax,rax
classic	figure-field	0xb8ff50	0xb8ffaa	je	0xb90160	0xb8ff97: mov    rdi,rax | 0xb8ff9a: test   rax,rax | 0xb8ff9d: je     0x140b90916 | 0xb8ffa3: mov    rdx,QWORD PTR [r13+0x8] | 0xb8ffa7: test   rdx,rdx
classic	figure-field	0xb8ff50	0xb8ffb7	je	0xb8ffed	0xb8ffa3: mov    rdx,QWORD PTR [r13+0x8] | 0xb8ffa7: test   rdx,rdx | 0xb8ffaa: je     0x140b90160 | 0xb8ffb0: mov    rax,QWORD PTR [r13+0x10] | 0xb8ffb4: test   rax,rax
classic	figure-field	0xb8ff50	0xb8ffc2	jne	0xb8ffd6	0xb8ffb0: mov    rax,QWORD PTR [r13+0x10] | 0xb8ffb4: test   rax,rax | 0xb8ffb7: je     0x140b8ffed | 0xb8ffb9: mov    ecx,DWORD PTR [rdi+0xe0] | 0xb8ffbf: cmp    DWORD PTR [rax+0x20],ecx
classic	figure-field	0xb8ff50	0xb8ffd1	jmp	0xb9093f	0xb8ffb9: mov    ecx,DWORD PTR [rdi+0xe0] | 0xb8ffbf: cmp    DWORD PTR [rax+0x20],ecx | 0xb8ffc2: jne    0x140b8ffd6 | 0xb8ffc4: mov    r8d,0xc | 0xb8ffca: lea    rdx,[rip+0xb4a79f]        # 0x1416da770
classic	figure-field	0xb8ff50	0xb8ffd9	jne	0xb8ffed	0xb8ffc2: jne    0x140b8ffd6 | 0xb8ffc4: mov    r8d,0xc | 0xb8ffca: lea    rdx,[rip+0xb4a79f]        # 0x1416da770 | 0xb8ffd1: jmp    0x140b9093f | 0xb8ffd6: cmp    DWORD PTR [rax+0x24],ecx
classic	figure-field	0xb8ff50	0xb8ffe8	jmp	0xb9093f	0xb8ffd1: jmp    0x140b9093f | 0xb8ffd6: cmp    DWORD PTR [rax+0x24],ecx | 0xb8ffd9: jne    0x140b8ffed | 0xb8ffdb: mov    r8d,0x7 | 0xb8ffe1: lea    rdx,[rip+0xadfba8]        # 0x14166fb90
classic	figure-field	0xb8ff50	0xb8fffb	je	0xb9014e	0xb8ffe1: lea    rdx,[rip+0xadfba8]        # 0x14166fb90 | 0xb8ffe8: jmp    0x140b9093f | 0xb8ffed: mov    ecx,DWORD PTR [rdi+0xe0] | 0xb8fff3: call   0x1400b9d50 | 0xb8fff8: test   rax,rax
classic	figure-field	0xb8ff50	0xb90005	je	0xb900bf	0xb8ffed: mov    ecx,DWORD PTR [rdi+0xe0] | 0xb8fff3: call   0x1400b9d50 | 0xb8fff8: test   rax,rax | 0xb8fffb: je     0x140b9014e | 0xb90001: test   BYTE PTR [rax+0x4],0x8
classic	figure-field	0xb8ff50	0xb90012	je	0xb900ad	0xb8fff8: test   rax,rax | 0xb8fffb: je     0x140b9014e | 0xb90001: test   BYTE PTR [rax+0x4],0x8 | 0xb90005: je     0x140b900bf | 0xb9000b: cmp    BYTE PTR [rdi+0xaa],0x0
classic	figure-field	0xb8ff50	0xb9006d	jbe	0xb9092b	0xb9005c: mov    rcx,rbx | 0xb9005f: call   0x14006f9a0 | 0xb90064: nop | 0xb90065: mov    rdx,QWORD PTR [rbp-0x71] | 0xb90069: cmp    rdx,0xf
classic	figure-field	0xb8ff50	0xb90085	jb	0xb900a3	0xb9006d: jbe    0x140b9092b | 0xb90073: inc    rdx | 0xb90076: mov    rcx,QWORD PTR [rsp+0x30] | 0xb9007b: mov    rax,rcx | 0xb9007e: cmp    rdx,0x1000
classic	figure-field	0xb8ff50	0xb9009a	jbe	0xb900a3	0xb90087: add    rdx,0x27 | 0xb9008b: mov    rcx,QWORD PTR [rcx-0x8] | 0xb9008f: sub    rax,rcx | 0xb90092: add    rax,0xfffffffffffffff8 | 0xb90096: cmp    rax,0x1f
classic	figure-field	0xb8ff50	0xb900a8	jmp	0xb9092b	0xb90096: cmp    rax,0x1f | 0xb9009a: jbe    0x140b900a3 | 0xb9009c: call   QWORD PTR [rip+0xa509fe]        # 0x1415e0aa0 | 0xb900a2: int3 | 0xb900a3: call   0x1415345f0
classic	figure-field	0xb8ff50	0xb900ba	jmp	0xb90923	0xb900a2: int3 | 0xb900a3: call   0x1415345f0 | 0xb900a8: jmp    0x140b9092b | 0xb900ad: mov    r8d,0x8 | 0xb900b3: lea    rdx,[rip+0xa93e06]        # 0x141623ec0
classic	figure-field	0xb8ff50	0xb900d7	je	0xb9014e	0xb900bf: mov    rdx,QWORD PTR [rax+0x80] | 0xb900c6: mov    rax,QWORD PTR [rax+0x88] | 0xb900cd: sub    rax,rdx | 0xb900d0: sar    rax,0x2 | 0xb900d4: test   rax,rax
classic	figure-field	0xb8ff50	0xb900ea	je	0xb900ad	0xb900d7: je     0x140b9014e | 0xb900d9: mov    edx,DWORD PTR [rdx] | 0xb900db: lea    rcx,[rip+0x1951af6]        # 0x1424e1bd8 | 0xb900e2: call   0x140072500 | 0xb900e7: test   rax,rax
classic	figure-field	0xb8ff50	0xb900f0	je	0xb900ad	0xb900db: lea    rcx,[rip+0x1951af6]        # 0x1424e1bd8 | 0xb900e2: call   0x140072500 | 0xb900e7: test   rax,rax | 0xb900ea: je     0x140b900ad | 0xb900ec: cmp    BYTE PTR [rax+0x7a],0x0
classic	figure-field	0xb8ff50	0xb90149	jmp	0xb9092b	0xb90136: mov    rcx,rbx | 0xb90139: call   0x14006f9a0 | 0xb9013e: nop | 0xb9013f: lea    rcx,[rsp+0x30] | 0xb90144: call   0x14006f7e0
classic	figure-field	0xb8ff50	0xb9015b	jmp	0xb90923	0xb9013f: lea    rcx,[rsp+0x30] | 0xb90144: call   0x14006f7e0 | 0xb90149: jmp    0x140b9092b | 0xb9014e: lea    rdx,[rip+0xb4a5fb]        # 0x1416da750 | 0xb90155: mov    r8d,0x18
classic	figure-field	0xb8ff50	0xb9016b	je	0xb901a2	0xb9014e: lea    rdx,[rip+0xb4a5fb]        # 0x1416da750 | 0xb90155: mov    r8d,0x18 | 0xb9015b: jmp    0x140b90923 | 0xb90160: mov    r14d,0x1 | 0xb90166: test   BYTE PTR [r13+0x0],0x2
classic	figure-field	0xb8ff50	0xb901ad	jle	0xb901c3	0xb90193: lea    rdx,[rip+0xa684ca]        # 0x1415f8664 | 0xb9019a: mov    rcx,rbx | 0xb9019d: call   0x14006f9a0 | 0xb901a2: movzx  r12d,r14b | 0xb901a6: cmp    DWORD PTR [rdi+0xd0],0x0
classic	figure-field	0xb8ff50	0xb901b9	jne	0xb901c0	0xb901a2: movzx  r12d,r14b | 0xb901a6: cmp    DWORD PTR [rdi+0xd0],0x0 | 0xb901ad: jle    0x140b901c3 | 0xb901af: mov    rax,QWORD PTR [rdi+0xc8] | 0xb901b6: test   BYTE PTR [rax],0x4
classic	figure-field	0xb8ff50	0xb901be	je	0xb901c3	0xb901ad: jle    0x140b901c3 | 0xb901af: mov    rax,QWORD PTR [rdi+0xc8] | 0xb901b6: test   BYTE PTR [rax],0x4 | 0xb901b9: jne    0x140b901c0 | 0xb901bb: test   BYTE PTR [rax],0x8
classic	figure-field	0xb8ff50	0xb901e4	jne	0xb901ee	0xb901d2: mov    edx,DWORD PTR [r13+0x24] | 0xb901d6: mov    rcx,r15 | 0xb901d9: call   0x140067d50 | 0xb901de: xor    r15d,r15d | 0xb901e1: test   rax,rax
classic	figure-field	0xb8ff50	0xb901ec	je	0xb901fe	0xb901de: xor    r15d,r15d | 0xb901e1: test   rax,rax | 0xb901e4: jne    0x140b901ee | 0xb901e6: mov    rax,rsi | 0xb901e9: test   rsi,rsi
classic	figure-field	0xb8ff50	0xb90208	je	0xb90233	0xb901f2: movzx  eax,WORD PTR [rax+0x2] | 0xb901f6: cmp    WORD PTR [rdi+0x2],ax | 0xb901fa: cmove  r12d,r15d | 0xb901fe: mov    rsi,QWORD PTR [rdi+0x130] | 0xb90205: test   rsi,rsi
classic	figure-field	0xb8ff50	0xb90211	je	0xb90236	0xb901fe: mov    rsi,QWORD PTR [rdi+0x130] | 0xb90205: test   rsi,rsi | 0xb90208: je     0x140b90233 | 0xb9020a: mov    rsi,QWORD PTR [rsi+0x48] | 0xb9020e: test   rsi,rsi
classic	figure-field	0xb8ff50	0xb90231	jmp	0xb90236	0xb90217: cmp    QWORD PTR [rsi+0x160],r15 | 0xb9021e: cmovne eax,r14d | 0xb90222: movzx  r12d,al | 0xb90226: cmp    BYTE PTR [rsi+0x88],r15b | 0xb9022d: cmovne r12d,r14d
classic	figure-field	0xb8ff50	0xb9023f	je	0xb90247	0xb9022d: cmovne r12d,r14d | 0xb90231: jmp    0x140b90236 | 0xb90233: mov    rsi,r15 | 0xb90236: movzx  ecx,WORD PTR [rbp+0x7f] | 0xb9023a: cmp    WORD PTR [rdi+0x2],0xffff
classic	figure-field	0xb8ff50	0xb90245	jne	0xb9024a	0xb90233: mov    rsi,r15 | 0xb90236: movzx  ecx,WORD PTR [rbp+0x7f] | 0xb9023a: cmp    WORD PTR [rdi+0x2],0xffff | 0xb9023f: je     0x140b90247 | 0xb90241: cmp    cx,r14w
classic	figure-field	0xb8ff50	0xb90276	jne	0xb9032a	0xb9025f: mov    BYTE PTR [rbp-0x69],r15b | 0xb90263: mov    edx,0x2 | 0xb90268: mov    rax,QWORD PTR [rsp+0x28] | 0xb9026d: mov    r9d,DWORD PTR [rsp+0x24] | 0xb90272: cmp    DWORD PTR [rax+0x24],r9d
classic	figure-field	0xb8ff50	0xb90282	je	0xb9030c	0xb9026d: mov    r9d,DWORD PTR [rsp+0x24] | 0xb90272: cmp    DWORD PTR [rax+0x24],r9d | 0xb90276: jne    0x140b9032a | 0xb9027c: movsx  ecx,WORD PTR [rbp+0x77] | 0xb90280: test   ecx,ecx
classic	figure-field	0xb8ff50	0xb9028b	je	0xb902e4	0xb90276: jne    0x140b9032a | 0xb9027c: movsx  ecx,WORD PTR [rbp+0x77] | 0xb90280: test   ecx,ecx | 0xb90282: je     0x140b9030c | 0xb90288: sub    ecx,0x1
classic	figure-field	0xb8ff50	0xb90290	je	0xb902b7	0xb90280: test   ecx,ecx | 0xb90282: je     0x140b9030c | 0xb90288: sub    ecx,0x1 | 0xb9028b: je     0x140b902e4 | 0xb9028d: sub    ecx,0x1
classic	figure-field	0xb8ff50	0xb90295	jne	0xb9030c	0xb90288: sub    ecx,0x1 | 0xb9028b: je     0x140b902e4 | 0xb9028d: sub    ecx,0x1 | 0xb90290: je     0x140b902b7 | 0xb90292: cmp    ecx,0x1
classic	figure-field	0xb8ff50	0xb902b5	jmp	0xb90312	0xb9029d: mov    eax,DWORD PTR [rip+0xacdcc9]        # 0x14165df6c | 0xb902a3: mov    DWORD PTR [rbp-0x69],eax | 0xb902a6: movzx  eax,WORD PTR [rip+0xacdcc3]        # 0x14165df70 | 0xb902ad: mov    WORD PTR [rbp-0x65],ax | 0xb902b1: mov    BYTE PTR [rbp-0x63],0x0
classic	figure-field	0xb8ff50	0xb902df	jmp	0xb90893	0xb902cb: mov    BYTE PTR [rsp+0x20],0x1 | 0xb902d0: lea    rdx,[rbp-0x69] | 0xb902d4: mov    r8,r14 | 0xb902d7: mov    rcx,rbx | 0xb902da: call   0x14006f9a0
classic	figure-field	0xb8ff50	0xb90307	jmp	0xb90893	0xb902f4: mov    BYTE PTR [rbp-0x67],0x0 | 0xb902f8: lea    rdx,[rbp-0x69] | 0xb902fc: mov    r8,r14 | 0xb902ff: mov    rcx,rbx | 0xb90302: call   0x14006f9a0
classic	figure-field	0xb8ff50	0xb90325	jmp	0xb90893	0xb90312: mov    QWORD PTR [rbp-0x59],r14 | 0xb90316: lea    rdx,[rbp-0x69] | 0xb9031a: mov    r8,r14 | 0xb9031d: mov    rcx,rbx | 0xb90320: call   0x14006f9a0
classic	figure-field	0xb8ff50	0xb90334	je	0xb90781	0xb9031d: mov    rcx,rbx | 0xb90320: call   0x14006f9a0 | 0xb90325: jmp    0x140b90893 | 0xb9032a: mov    eax,DWORD PTR [rax+0x20] | 0xb9032d: cmp    BYTE PTR [rdi+0xaa],0x0
classic	figure-field	0xb8ff50	0xb9033d	je	0xb9052c	0xb90325: jmp    0x140b90893 | 0xb9032a: mov    eax,DWORD PTR [rax+0x20] | 0xb9032d: cmp    BYTE PTR [rdi+0xaa],0x0 | 0xb90334: je     0x140b90781 | 0xb9033a: cmp    eax,r9d
classic	figure-field	0xb8ff50	0xb90346	je	0xb9052c	0xb9032d: cmp    BYTE PTR [rdi+0xaa],0x0 | 0xb90334: je     0x140b90781 | 0xb9033a: cmp    eax,r9d | 0xb9033d: je     0x140b9052c | 0xb90343: test   r12b,r12b
classic	figure-field	0xb8ff50	0xb9034f	jne	0xb9052c	0xb9033a: cmp    eax,r9d | 0xb9033d: je     0x140b9052c | 0xb90343: test   r12b,r12b | 0xb90346: je     0x140b9052c | 0xb9034c: test   cx,cx
classic	figure-field	0xb8ff50	0xb9036d	je	0xb9038e	0xb90355: mov    r8d,0x4 | 0xb9035b: lea    rdx,[rip+0xa53ad2]        # 0x1415e3e34 | 0xb90362: mov    rcx,rbx | 0xb90365: call   0x14006f9a0 | 0xb9036a: test   rsi,rsi
classic	figure-field	0xb8ff50	0xb90377	je	0xb9038e	0xb90362: mov    rcx,rbx | 0xb90365: call   0x14006f9a0 | 0xb9036a: test   rsi,rsi | 0xb9036d: je     0x140b9038e | 0xb9036f: cmp    QWORD PTR [rsi+0x160],0x0
classic	figure-field	0xb8ff50	0xb90395	jle	0xb903c6	0xb90379: mov    r8d,0x7 | 0xb9037f: lea    rdx,[rip+0xae8672]        # 0x1416789f8 | 0xb90386: mov    rcx,rbx | 0xb90389: call   0x14006f9a0 | 0xb9038e: cmp    DWORD PTR [rdi+0xd0],0x0
classic	figure-field	0xb8ff50	0xb903a1	jge	0xb903c6	0xb90389: call   0x14006f9a0 | 0xb9038e: cmp    DWORD PTR [rdi+0xd0],0x0 | 0xb90395: jle    0x140b903c6 | 0xb90397: mov    rax,QWORD PTR [rdi+0xc8] | 0xb9039e: cmp    BYTE PTR [rax],0x0
classic	figure-field	0xb8ff50	0xb903a6	je	0xb903b1	0xb90395: jle    0x140b903c6 | 0xb90397: mov    rax,QWORD PTR [rdi+0xc8] | 0xb9039e: cmp    BYTE PTR [rax],0x0 | 0xb903a1: jge    0x140b903c6 | 0xb903a3: test   rsi,rsi
classic	figure-field	0xb8ff50	0xb903af	jne	0xb903c6	0xb9039e: cmp    BYTE PTR [rax],0x0 | 0xb903a1: jge    0x140b903c6 | 0xb903a3: test   rsi,rsi | 0xb903a6: je     0x140b903b1 | 0xb903a8: cmp    BYTE PTR [rsi+0x88],0x0
classic	figure-field	0xb8ff50	0xb903ea	je	0xb90466	0xb903d6: movsx  r13,WORD PTR [rdi+0x2] | 0xb903db: mov    r8,r15 | 0xb903de: mov    QWORD PTR [rbp-0x19],r15 | 0xb903e2: mov    BYTE PTR [rbp-0x29],r8b | 0xb903e6: cmp    cx,0xffff
classic	figure-field	0xb8ff50	0xb903f0	js	0xb904b2	0xb903de: mov    QWORD PTR [rbp-0x19],r15 | 0xb903e2: mov    BYTE PTR [rbp-0x29],r8b | 0xb903e6: cmp    cx,0xffff | 0xb903ea: je     0x140b90466 | 0xb903ec: test   r13w,r13w
classic	figure-field	0xb8ff50	0xb9040e	jae	0xb9046c	0xb903f6: mov    rdx,QWORD PTR [rip+0x195655b]        # 0x1424e6958 | 0xb903fd: mov    rax,QWORD PTR [rip+0x195655c]        # 0x1424e6960 | 0xb90404: sub    rax,rdx | 0xb90407: sar    rax,0x3 | 0xb9040b: cmp    r13,rax
classic	figure-field	0xb8ff50	0xb90413	js	0xb9046c	0xb90404: sub    rax,rdx | 0xb90407: sar    rax,0x3 | 0xb9040b: cmp    r13,rax | 0xb9040e: jae    0x140b9046c | 0xb90410: test   cx,cx
classic	figure-field	0xb8ff50	0xb90431	jae	0xb9046c	0xb90419: mov    rdx,QWORD PTR [rax+0x178] | 0xb90420: mov    rax,QWORD PTR [rax+0x180] | 0xb90427: sub    rax,rdx | 0xb9042a: sar    rax,0x3 | 0xb9042e: cmp    rcx,rax
classic	figure-field	0xb8ff50	0xb90442	je	0xb9046c	0xb90431: jae    0x140b9046c | 0xb90433: mov    rdx,QWORD PTR [rdx+rcx*8] | 0xb90437: add    rdx,0x20 | 0xb9043b: lea    rax,[rbp-0x29] | 0xb9043f: cmp    rax,rdx
classic	figure-field	0xb8ff50	0xb9044d	jbe	0xb90452	0xb9043b: lea    rax,[rbp-0x29] | 0xb9043f: cmp    rax,rdx | 0xb90442: je     0x140b9046c | 0xb90444: mov    r8,QWORD PTR [rdx+0x10] | 0xb90448: cmp    QWORD PTR [rdx+0x18],0xf
classic	figure-field	0xb8ff50	0xb90462	jne	0xb904b2	0xb9044f: mov    rdx,QWORD PTR [rdx] | 0xb90452: lea    rcx,[rbp-0x29] | 0xb90456: call   0x14006f860 | 0xb9045b: mov    r8,QWORD PTR [rbp-0x19] | 0xb9045f: test   r8,r8
classic	figure-field	0xb8ff50	0xb90464	jmp	0xb9046c	0xb90452: lea    rcx,[rbp-0x29] | 0xb90456: call   0x14006f860 | 0xb9045b: mov    r8,QWORD PTR [rbp-0x19] | 0xb9045f: test   r8,r8 | 0xb90462: jne    0x140b904b2
classic	figure-field	0xb8ff50	0xb9046a	js	0xb904b2	0xb9045b: mov    r8,QWORD PTR [rbp-0x19] | 0xb9045f: test   r8,r8 | 0xb90462: jne    0x140b904b2 | 0xb90464: jmp    0x140b9046c | 0xb90466: test   r13w,r13w
classic	figure-field	0xb8ff50	0xb90484	jae	0xb904b2	0xb9046c: mov    rdx,QWORD PTR [rip+0x19564e5]        # 0x1424e6958 | 0xb90473: mov    rax,QWORD PTR [rip+0x19564e6]        # 0x1424e6960 | 0xb9047a: sub    rax,rdx | 0xb9047d: sar    rax,0x3 | 0xb90481: cmp    r13,rax
classic	figure-field	0xb8ff50	0xb90495	je	0xb904b2	0xb90484: jae    0x140b904b2 | 0xb90486: mov    rdx,QWORD PTR [rdx+r13*8] | 0xb9048a: add    rdx,0x20 | 0xb9048e: lea    rax,[rbp-0x29] | 0xb90492: cmp    rax,rdx
classic	figure-field	0xb8ff50	0xb904a0	jbe	0xb904a5	0xb9048e: lea    rax,[rbp-0x29] | 0xb90492: cmp    rax,rdx | 0xb90495: je     0x140b904b2 | 0xb90497: mov    r8,QWORD PTR [rdx+0x10] | 0xb9049b: cmp    QWORD PTR [rdx+0x18],0xf
classic	figure-field	0xb8ff50	0xb904cb	je	0xb90505	0xb904b6: cmp    QWORD PTR [rbp-0x11],0xf | 0xb904bb: cmova  rdx,QWORD PTR [rbp-0x29] | 0xb904c0: mov    rcx,rbx | 0xb904c3: call   0x14006f9a0 | 0xb904c8: test   rsi,rsi
classic	figure-field	0xb8ff50	0xb904d4	je	0xb90505	0xb904c0: mov    rcx,rbx | 0xb904c3: call   0x14006f9a0 | 0xb904c8: test   rsi,rsi | 0xb904cb: je     0x140b90505 | 0xb904cd: cmp    BYTE PTR [rsi+0x88],0x0
classic	figure-field	0xb8ff50	0xb904f8	jbe	0xb904fd	0xb904e0: mov    rcx,rbx | 0xb904e3: call   0x14006f9a0 | 0xb904e8: lea    rdx,[rsi+0x90] | 0xb904ef: mov    r8,QWORD PTR [rdx+0x10] | 0xb904f3: cmp    QWORD PTR [rdx+0x18],0xf
classic	figure-field	0xb8ff50	0xb90571	je	0xb90893	0xb9055b: mov    rcx,rbx | 0xb9055e: call   0x14006f9a0 | 0xb90563: mov    rax,QWORD PTR [rsp+0x28] | 0xb90568: mov    r8d,DWORD PTR [rsp+0x24] | 0xb9056d: cmp    DWORD PTR [rax+0x20],r8d
classic	figure-field	0xb8ff50	0xb9057a	je	0xb90893	0xb90563: mov    rax,QWORD PTR [rsp+0x28] | 0xb90568: mov    r8d,DWORD PTR [rsp+0x24] | 0xb9056d: cmp    DWORD PTR [rax+0x20],r8d | 0xb90571: je     0x140b90893 | 0xb90577: test   r12b,r12b
classic	figure-field	0xb8ff50	0xb90585	jne	0xb90893	0xb9056d: cmp    DWORD PTR [rax+0x20],r8d | 0xb90571: je     0x140b90893 | 0xb90577: test   r12b,r12b | 0xb9057a: je     0x140b90893 | 0xb90580: cmp    WORD PTR [rbp+0x7f],0x2
classic	figure-field	0xb8ff50	0xb905a3	je	0xb905c4	0xb9058b: mov    r8d,0x5 | 0xb90591: lea    rdx,[rip+0xa53fb0]        # 0x1415e4548 | 0xb90598: mov    rcx,rbx | 0xb9059b: call   0x14006f9a0 | 0xb905a0: test   rsi,rsi
classic	figure-field	0xb8ff50	0xb905ad	je	0xb905c4	0xb90598: mov    rcx,rbx | 0xb9059b: call   0x14006f9a0 | 0xb905a0: test   rsi,rsi | 0xb905a3: je     0x140b905c4 | 0xb905a5: cmp    QWORD PTR [rsi+0x160],0x0
classic	figure-field	0xb8ff50	0xb905cb	jle	0xb905fc	0xb905af: mov    r8d,0x7 | 0xb905b5: lea    rdx,[rip+0xae843c]        # 0x1416789f8 | 0xb905bc: mov    rcx,rbx | 0xb905bf: call   0x14006f9a0 | 0xb905c4: cmp    DWORD PTR [rdi+0xd0],0x0
classic	figure-field	0xb8ff50	0xb905d7	jge	0xb905fc	0xb905bf: call   0x14006f9a0 | 0xb905c4: cmp    DWORD PTR [rdi+0xd0],0x0 | 0xb905cb: jle    0x140b905fc | 0xb905cd: mov    rax,QWORD PTR [rdi+0xc8] | 0xb905d4: cmp    BYTE PTR [rax],0x0
classic	figure-field	0xb8ff50	0xb905dc	je	0xb905e7	0xb905cb: jle    0x140b905fc | 0xb905cd: mov    rax,QWORD PTR [rdi+0xc8] | 0xb905d4: cmp    BYTE PTR [rax],0x0 | 0xb905d7: jge    0x140b905fc | 0xb905d9: test   rsi,rsi
classic	figure-field	0xb8ff50	0xb905e5	jne	0xb905fc	0xb905d4: cmp    BYTE PTR [rax],0x0 | 0xb905d7: jge    0x140b905fc | 0xb905d9: test   rsi,rsi | 0xb905dc: je     0x140b905e7 | 0xb905de: cmp    BYTE PTR [rsi+0x88],0x0
classic	figure-field	0xb8ff50	0xb9061d	je	0xb90698	0xb90607: movsx  rcx,WORD PTR [rdi+0x4] | 0xb9060c: movsx  rdi,WORD PTR [rdi+0x2] | 0xb90611: mov    QWORD PTR [rbp-0x39],r15 | 0xb90615: mov    BYTE PTR [rbp-0x49],0x0 | 0xb90619: cmp    cx,0xffff
classic	figure-field	0xb8ff50	0xb90622	js	0xb906e3	0xb90611: mov    QWORD PTR [rbp-0x39],r15 | 0xb90615: mov    BYTE PTR [rbp-0x49],0x0 | 0xb90619: cmp    cx,0xffff | 0xb9061d: je     0x140b90698 | 0xb9061f: test   di,di
classic	figure-field	0xb8ff50	0xb90640	jae	0xb9069d	0xb90628: mov    rdx,QWORD PTR [rip+0x1956329]        # 0x1424e6958 | 0xb9062f: mov    rax,QWORD PTR [rip+0x195632a]        # 0x1424e6960 | 0xb90636: sub    rax,rdx | 0xb90639: sar    rax,0x3 | 0xb9063d: cmp    rdi,rax
classic	figure-field	0xb8ff50	0xb90645	js	0xb9069d	0xb90636: sub    rax,rdx | 0xb90639: sar    rax,0x3 | 0xb9063d: cmp    rdi,rax | 0xb90640: jae    0x140b9069d | 0xb90642: test   cx,cx
classic	figure-field	0xb8ff50	0xb90663	jae	0xb9069d	0xb9064b: mov    rdx,QWORD PTR [rax+0x178] | 0xb90652: mov    rax,QWORD PTR [rax+0x180] | 0xb90659: sub    rax,rdx | 0xb9065c: sar    rax,0x3 | 0xb90660: cmp    rcx,rax
classic	figure-field	0xb8ff50	0xb90674	je	0xb9069d	0xb90663: jae    0x140b9069d | 0xb90665: mov    rdx,QWORD PTR [rdx+rcx*8] | 0xb90669: add    rdx,0x20 | 0xb9066d: lea    rax,[rbp-0x49] | 0xb90671: cmp    rax,rdx
classic	figure-field	0xb8ff50	0xb9067f	jbe	0xb90684	0xb9066d: lea    rax,[rbp-0x49] | 0xb90671: cmp    rax,rdx | 0xb90674: je     0x140b9069d | 0xb90676: mov    r8,QWORD PTR [rdx+0x10] | 0xb9067a: cmp    QWORD PTR [rdx+0x18],0xf
classic	figure-field	0xb8ff50	0xb90694	jne	0xb906e3	0xb90681: mov    rdx,QWORD PTR [rdx] | 0xb90684: lea    rcx,[rbp-0x49] | 0xb90688: call   0x14006f860 | 0xb9068d: mov    r15,QWORD PTR [rbp-0x39] | 0xb90691: test   r15,r15
classic	figure-field	0xb8ff50	0xb90696	jmp	0xb9069d	0xb90684: lea    rcx,[rbp-0x49] | 0xb90688: call   0x14006f860 | 0xb9068d: mov    r15,QWORD PTR [rbp-0x39] | 0xb90691: test   r15,r15 | 0xb90694: jne    0x140b906e3
classic	figure-field	0xb8ff50	0xb9069b	js	0xb906e3	0xb9068d: mov    r15,QWORD PTR [rbp-0x39] | 0xb90691: test   r15,r15 | 0xb90694: jne    0x140b906e3 | 0xb90696: jmp    0x140b9069d | 0xb90698: test   di,di
classic	figure-field	0xb8ff50	0xb906b5	jae	0xb906e3	0xb9069d: mov    rdx,QWORD PTR [rip+0x19562b4]        # 0x1424e6958 | 0xb906a4: mov    rax,QWORD PTR [rip+0x19562b5]        # 0x1424e6960 | 0xb906ab: sub    rax,rdx | 0xb906ae: sar    rax,0x3 | 0xb906b2: cmp    rdi,rax
classic	figure-field	0xb8ff50	0xb906c6	je	0xb906e3	0xb906b5: jae    0x140b906e3 | 0xb906b7: mov    rdx,QWORD PTR [rdx+rdi*8] | 0xb906bb: add    rdx,0x20 | 0xb906bf: lea    rax,[rbp-0x49] | 0xb906c3: cmp    rax,rdx
classic	figure-field	0xb8ff50	0xb906d1	jbe	0xb906d6	0xb906bf: lea    rax,[rbp-0x49] | 0xb906c3: cmp    rax,rdx | 0xb906c6: je     0x140b906e3 | 0xb906c8: mov    r8,QWORD PTR [rdx+0x10] | 0xb906cc: cmp    QWORD PTR [rdx+0x18],0xf
classic	figure-field	0xb8ff50	0xb906ff	je	0xb9073a	0xb906ec: cmova  rdx,QWORD PTR [rbp-0x49] | 0xb906f1: mov    r8,r15 | 0xb906f4: mov    rcx,rbx | 0xb906f7: call   0x14006f9a0 | 0xb906fc: test   rsi,rsi
classic	figure-field	0xb8ff50	0xb90708	je	0xb9073a	0xb906f4: mov    rcx,rbx | 0xb906f7: call   0x14006f9a0 | 0xb906fc: test   rsi,rsi | 0xb906ff: je     0x140b9073a | 0xb90701: cmp    BYTE PTR [rsi+0x88],0x0
classic	figure-field	0xb8ff50	0xb9072c	jbe	0xb90731	0xb90714: mov    rcx,rbx | 0xb90717: call   0x14006f9a0 | 0xb9071c: lea    rdx,[rsi+0x90] | 0xb90723: mov    r8,QWORD PTR [rdx+0x10] | 0xb90727: cmp    QWORD PTR [rdx+0x18],0xf
classic	figure-field	0xb8ff50	0xb90742	jbe	0xb90893	0xb90731: mov    rcx,rbx | 0xb90734: call   0x14006f9a0 | 0xb90739: nop | 0xb9073a: mov    rdx,QWORD PTR [rbp-0x31] | 0xb9073e: cmp    rdx,0xf
classic	figure-field	0xb8ff50	0xb90759	jb	0xb90777	0xb90742: jbe    0x140b90893 | 0xb90748: inc    rdx | 0xb9074b: mov    rcx,QWORD PTR [rbp-0x49] | 0xb9074f: mov    rax,rcx | 0xb90752: cmp    rdx,0x1000
classic	figure-field	0xb8ff50	0xb9076e	jbe	0xb90777	0xb9075b: add    rdx,0x27 | 0xb9075f: mov    rcx,QWORD PTR [rcx-0x8] | 0xb90763: sub    rax,rcx | 0xb90766: add    rax,0xfffffffffffffff8 | 0xb9076a: cmp    rax,0x1f
classic	figure-field	0xb8ff50	0xb9077c	jmp	0xb90893	0xb9076a: cmp    rax,0x1f | 0xb9076e: jbe    0x140b90777 | 0xb90770: call   QWORD PTR [rip+0xa5032a]        # 0x1415e0aa0 | 0xb90776: int3 | 0xb90777: call   0x1415345f0
classic	figure-field	0xb8ff50	0xb907ab	je	0xb907cc	0xb90795: lea    rdx,[rip+0xa53698]        # 0x1415e3e34 | 0xb9079c: cmovne rdx,rcx | 0xb907a0: mov    rcx,rbx | 0xb907a3: call   0x14006f9a0 | 0xb907a8: test   rsi,rsi
classic	figure-field	0xb8ff50	0xb907b5	je	0xb907cc	0xb907a0: mov    rcx,rbx | 0xb907a3: call   0x14006f9a0 | 0xb907a8: test   rsi,rsi | 0xb907ab: je     0x140b907cc | 0xb907ad: cmp    QWORD PTR [rsi+0x160],0x0
classic	figure-field	0xb8ff50	0xb907d3	jle	0xb90804	0xb907b7: mov    r8d,0x7 | 0xb907bd: lea    rdx,[rip+0xae8234]        # 0x1416789f8 | 0xb907c4: mov    rcx,rbx | 0xb907c7: call   0x14006f9a0 | 0xb907cc: cmp    DWORD PTR [rdi+0xd0],0x0
classic	figure-field	0xb8ff50	0xb907df	jge	0xb90804	0xb907c7: call   0x14006f9a0 | 0xb907cc: cmp    DWORD PTR [rdi+0xd0],0x0 | 0xb907d3: jle    0x140b90804 | 0xb907d5: mov    rax,QWORD PTR [rdi+0xc8] | 0xb907dc: cmp    BYTE PTR [rax],0x0
classic	figure-field	0xb8ff50	0xb907e4	je	0xb907ef	0xb907d3: jle    0x140b90804 | 0xb907d5: mov    rax,QWORD PTR [rdi+0xc8] | 0xb907dc: cmp    BYTE PTR [rax],0x0 | 0xb907df: jge    0x140b90804 | 0xb907e1: test   rsi,rsi
classic	figure-field	0xb8ff50	0xb907ed	jne	0xb90804	0xb907dc: cmp    BYTE PTR [rax],0x0 | 0xb907df: jge    0x140b90804 | 0xb907e1: test   rsi,rsi | 0xb907e4: je     0x140b907ef | 0xb907e6: cmp    BYTE PTR [rsi+0x88],0x0
classic	figure-field	0xb8ff50	0xb9084e	je	0xb90889	0xb90839: cmova  rdx,QWORD PTR [rsp+0x30] | 0xb9083f: mov    r8,QWORD PTR [rbp-0x79] | 0xb90843: mov    rcx,rbx | 0xb90846: call   0x14006f9a0 | 0xb9084b: test   rsi,rsi
classic	figure-field	0xb8ff50	0xb90857	je	0xb90889	0xb90843: mov    rcx,rbx | 0xb90846: call   0x14006f9a0 | 0xb9084b: test   rsi,rsi | 0xb9084e: je     0x140b90889 | 0xb90850: cmp    BYTE PTR [rsi+0x88],0x0
classic	figure-field	0xb8ff50	0xb9087b	jbe	0xb90880	0xb90863: mov    rcx,rbx | 0xb90866: call   0x14006f9a0 | 0xb9086b: lea    rdx,[rsi+0x90] | 0xb90872: mov    r8,QWORD PTR [rdx+0x10] | 0xb90876: cmp    QWORD PTR [rdx+0x18],0xf
classic	figure-field	0xb8ff50	0xb90898	jne	0xb908b6	0xb90883: call   0x14006f9a0 | 0xb90888: nop | 0xb90889: lea    rcx,[rsp+0x30] | 0xb9088e: call   0x14006f7e0 | 0xb90893: cmp    WORD PTR [rbp+0x77],0x2
classic	figure-field	0xb8ff50	0xb9089f	jne	0xb908b6	0xb90889: lea    rcx,[rsp+0x30] | 0xb9088e: call   0x14006f7e0 | 0xb90893: cmp    WORD PTR [rbp+0x77],0x2 | 0xb90898: jne    0x140b908b6 | 0xb9089a: cmp    BYTE PTR [rsp+0x20],0x0
classic	figure-field	0xb8ff50	0xb908be	je	0xb908d6	0xb908a7: lea    rdx,[rip+0xa53966]        # 0x1415e4214 | 0xb908ae: mov    rcx,rbx | 0xb908b1: call   0x14006f9a0 | 0xb908b6: mov    rax,QWORD PTR [rsp+0x28] | 0xb908bb: test   BYTE PTR [rax],0x2
classic	figure-field	0xb8ff50	0xb908de	jbe	0xb90947	0xb908cd: mov    rcx,rbx | 0xb908d0: call   0x14006f9a0 | 0xb908d5: nop | 0xb908d6: mov    rdx,QWORD PTR [rbp-0x51] | 0xb908da: cmp    rdx,0xf
classic	figure-field	0xb8ff50	0xb908f1	jb	0xb9090f	0xb908de: jbe    0x140b90947 | 0xb908e0: inc    rdx | 0xb908e3: mov    rcx,QWORD PTR [rbp-0x69] | 0xb908e7: mov    rax,rcx | 0xb908ea: cmp    rdx,0x1000
classic	figure-field	0xb8ff50	0xb90906	jbe	0xb9090f	0xb908f3: add    rdx,0x27 | 0xb908f7: mov    rcx,QWORD PTR [rcx-0x8] | 0xb908fb: sub    rax,rcx | 0xb908fe: add    rax,0xfffffffffffffff8 | 0xb90902: cmp    rax,0x1f
classic	figure-field	0xb8ff50	0xb90914	jmp	0xb90947	0xb90902: cmp    rax,0x1f | 0xb90906: jbe    0x140b9090f | 0xb90908: call   QWORD PTR [rip+0xa50192]        # 0x1415e0aa0 | 0xb9090e: int3 | 0xb9090f: call   0x1415345f0
classic	figure-field	0xb8ff50	0xb90930	jne	0xb90947	0xb90916: mov    r8d,0x13 | 0xb9091c: lea    rdx,[rip+0xace475]        # 0x14165ed98 | 0xb90923: mov    rcx,rbx | 0xb90926: call   0x14006f9a0 | 0xb9092b: cmp    WORD PTR [rbp+0x77],0x2
classic	language-name	0xa91760	0xa917a7	je	0xa91eef	0xa91796: mov    BYTE PTR [rbp-0x39],r8b | 0xa9179a: mov    rdi,rdx | 0xa9179d: mov    rsi,rcx | 0xa917a0: xor    r13d,r13d | 0xa917a3: cmp    BYTE PTR [rcx+0x72],r13b
classic	language-name	0xa91760	0xa917ba	ja	0xa917c7	0xa917a3: cmp    BYTE PTR [rcx+0x72],r13b | 0xa917a7: je     0x140a91eef | 0xa917ad: mov    r12d,r13d | 0xa917b0: movsxd rax,DWORD PTR [rip+0xe04add]        # 0x141896294 | 0xa917b7: cmp    eax,0xa
classic	language-name	0xa91760	0xa917d3	jbe	0xa917d8	0xa917bc: lea    r12,[rip+0x18f920d]        # 0x14238a9d0 | 0xa917c3: mov    r12d,DWORD PTR [r12+rax*4] | 0xa917c7: mov    QWORD PTR [rdx+0x10],r13 | 0xa917cb: mov    rax,rdi | 0xa917ce: cmp    QWORD PTR [rdx+0x18],0xf
classic	language-name	0xa91760	0xa917ee	je	0xa9182e	0xa917d5: mov    rax,QWORD PTR [rdx] | 0xa917d8: mov    BYTE PTR [rax],r13b | 0xa917db: movabs rax,0x7fffffffffffffff | 0xa917e5: mov    ecx,0x16 | 0xa917ea: cmp    QWORD PTR [rsi+0x30],r13
classic	language-name	0xa91760	0xa917f7	jne	0xa9182e	0xa917db: movabs rax,0x7fffffffffffffff | 0xa917e5: mov    ecx,0x16 | 0xa917ea: cmp    QWORD PTR [rsi+0x30],r13 | 0xa917ee: je     0x140a9182e | 0xa917f0: test   r12d,0xfffffffd
classic	language-name	0xa91760	0xa91810	jbe	0xa91815	0xa917fb: mov    rcx,rdi | 0xa917fe: call   0x1400b9b10 | 0xa91803: lea    rdx,[rsi+0x20] | 0xa91807: mov    r8,QWORD PTR [rdx+0x10] | 0xa9180b: cmp    QWORD PTR [rdx+0x18],0xf
classic	language-name	0xa91760	0xa91829	jmp	0xa9190c	0xa91818: call   0x14006f9a0 | 0xa9181d: mov    dl,0x27 | 0xa9181f: mov    rcx,rdi | 0xa91822: call   0x1400b9b10 | 0xa91827: mov    bl,0x1
classic	language-name	0xa91760	0xa91849	jbe	0xa9184e	0xa91835: mov    QWORD PTR [rbp-0x19],r13 | 0xa91839: mov    QWORD PTR [rbp-0x11],r13 | 0xa9183d: mov    r14,QWORD PTR [rsi+0x10] | 0xa91841: mov    r13,rsi | 0xa91844: cmp    QWORD PTR [rsi+0x18],0xf
classic	language-name	0xa91760	0xa91851	ja	0xa91f1c	0xa91841: mov    r13,rsi | 0xa91844: cmp    QWORD PTR [rsi+0x18],0xf | 0xa91849: jbe    0x140a9184e | 0xa9184b: mov    r13,QWORD PTR [rsi] | 0xa9184e: cmp    r14,rax
classic	language-name	0xa91760	0xa9185b	ja	0xa9187a	0xa91849: jbe    0x140a9184e | 0xa9184b: mov    r13,QWORD PTR [rsi] | 0xa9184e: cmp    r14,rax | 0xa91851: ja     0x140a91f1c | 0xa91857: cmp    r14,0xf
classic	language-name	0xa91760	0xa91878	jmp	0xa918ba	0xa91861: mov    ebx,0xf | 0xa91866: mov    QWORD PTR [rbp-0x11],rbx | 0xa9186a: movups xmm0,XMMWORD PTR [r13+0x0] | 0xa9186f: movups XMMWORD PTR [rbp-0x29],xmm0 | 0xa91873: movq   r15,xmm0
classic	language-name	0xa91760	0xa91884	jbe	0xa9188b	0xa91873: movq   r15,xmm0 | 0xa91878: jmp    0x140a918ba | 0xa9187a: mov    rbx,r14 | 0xa9187d: or     rbx,0xf | 0xa91881: cmp    rbx,rax
classic	language-name	0xa91760	0xa91889	jmp	0xa91892	0xa9187a: mov    rbx,r14 | 0xa9187d: or     rbx,0xf | 0xa91881: cmp    rbx,rax | 0xa91884: jbe    0x140a9188b | 0xa91886: mov    rbx,rax
classic	language-name	0xa91760	0xa918be	je	0xa918d5	0xa918ae: mov    rdx,r13 | 0xa918b1: mov    rcx,rax | 0xa918b4: call   0x1415359e8 | 0xa918b9: nop | 0xa918ba: cmp    BYTE PTR [rbp-0x39],0x0
classic	language-name	0xa91760	0xa91911	je	0xa91973	0xa918fc: setne  bl | 0xa918ff: movzx  r15d,BYTE PTR [rbp-0x39] | 0xa91904: movzx  r14d,BYTE PTR [rbp-0x38] | 0xa91909: xor    r13d,r13d | 0xa9190c: cmp    QWORD PTR [rsi+0x30],0x0
classic	language-name	0xa91760	0xa91917	jne	0xa91962	0xa91904: movzx  r14d,BYTE PTR [rbp-0x38] | 0xa91909: xor    r13d,r13d | 0xa9190c: cmp    QWORD PTR [rsi+0x30],0x0 | 0xa91911: je     0x140a91973 | 0xa91913: cmp    r12d,0x1
classic	language-name	0xa91760	0xa9191b	je	0xa91932	0xa9190c: cmp    QWORD PTR [rsi+0x30],0x0 | 0xa91911: je     0x140a91973 | 0xa91913: cmp    r12d,0x1 | 0xa91917: jne    0x140a91962 | 0xa91919: test   bl,bl
classic	language-name	0xa91760	0xa91949	jbe	0xa9194e	0xa91934: mov    rcx,rdi | 0xa91937: call   0x1400b9b10 | 0xa9193c: lea    rdx,[rsi+0x20] | 0xa91940: mov    r8,QWORD PTR [rdx+0x10] | 0xa91944: cmp    QWORD PTR [rdx+0x18],0xf
classic	language-name	0xa91760	0xa91967	je	0xa91973	0xa91956: mov    dl,0x27 | 0xa91958: mov    rcx,rdi | 0xa9195b: call   0x1400b9b10 | 0xa91960: mov    bl,0x1 | 0xa91962: cmp    QWORD PTR [rsi+0x30],0x0
classic	language-name	0xa91760	0xa9196d	je	0xa91eef	0xa9195b: call   0x1400b9b10 | 0xa91960: mov    bl,0x1 | 0xa91962: cmp    QWORD PTR [rsi+0x30],0x0 | 0xa91967: je     0x140a91973 | 0xa91969: cmp    r12d,0x2
classic	language-name	0xa91760	0xa91979	jne	0xa91984	0xa91967: je     0x140a91973 | 0xa91969: cmp    r12d,0x2 | 0xa9196d: je     0x140a91eef | 0xa91973: mov    edx,DWORD PTR [rsi+0x40] | 0xa91976: cmp    edx,0xffffffff
classic	language-name	0xa91760	0xa9197e	je	0xa91a55	0xa9196d: je     0x140a91eef | 0xa91973: mov    edx,DWORD PTR [rsi+0x40] | 0xa91976: cmp    edx,0xffffffff | 0xa91979: jne    0x140a91984 | 0xa9197b: cmp    DWORD PTR [rsi+0x44],edx
classic	language-name	0xa91760	0xa91986	je	0xa91991	0xa91976: cmp    edx,0xffffffff | 0xa91979: jne    0x140a91984 | 0xa9197b: cmp    DWORD PTR [rsi+0x44],edx | 0xa9197e: je     0x140a91a55 | 0xa91984: test   bl,bl
classic	language-name	0xa91760	0xa9198b	jne	0xa91a55	0xa9197b: cmp    DWORD PTR [rsi+0x44],edx | 0xa9197e: je     0x140a91a55 | 0xa91984: test   bl,bl | 0xa91986: je     0x140a91991 | 0xa91988: test   r14b,r14b
classic	language-name	0xa91760	0xa919d2	je	0xa91a17	0xa919bd: mov    DWORD PTR [rsp+0x20],eax | 0xa919c1: lea    r8,[rbp-0x29] | 0xa919c5: mov    edx,DWORD PTR [rsi+0x44] | 0xa919c8: call   0x140d29b90 | 0xa919cd: cmp    QWORD PTR [rbp-0x19],0x0
classic	language-name	0xa91760	0xa919d6	je	0xa919ed	0xa919c5: mov    edx,DWORD PTR [rsi+0x44] | 0xa919c8: call   0x140d29b90 | 0xa919cd: cmp    QWORD PTR [rbp-0x19],0x0 | 0xa919d2: je     0x140a91a17 | 0xa919d4: test   bl,bl
classic	language-name	0xa91760	0xa919f0	je	0xa919fb	0xa919d8: mov    r8d,0x1 | 0xa919de: lea    rdx,[rip+0xb51d3b]        # 0x1415e3720 | 0xa919e5: mov    rcx,rdi | 0xa919e8: call   0x14006f9a0 | 0xa919ed: test   r15b,r15b
classic	language-name	0xa91760	0xa91a1f	jbe	0xa91a55	0xa91a0d: mov    rcx,rdi | 0xa91a10: call   0x14006f9a0 | 0xa91a15: mov    bl,0x1 | 0xa91a17: mov    rdx,QWORD PTR [rbp-0x11] | 0xa91a1b: cmp    rdx,0xf
classic	language-name	0xa91760	0xa91a32	jb	0xa91a50	0xa91a1f: jbe    0x140a91a55 | 0xa91a21: inc    rdx | 0xa91a24: mov    rcx,QWORD PTR [rbp-0x29] | 0xa91a28: mov    rax,rcx | 0xa91a2b: cmp    rdx,0x1000
classic	language-name	0xa91760	0xa91a47	jbe	0xa91a50	0xa91a34: add    rdx,0x27 | 0xa91a38: mov    rcx,QWORD PTR [rcx-0x8] | 0xa91a3c: sub    rax,rcx | 0xa91a3f: add    rax,0xfffffffffffffff8 | 0xa91a43: cmp    rax,0x1f
classic	language-name	0xa91760	0xa91a59	jne	0xa91a6b	0xa91a47: jbe    0x140a91a50 | 0xa91a49: call   QWORD PTR [rip+0xb4f051]        # 0x1415e0aa0 | 0xa91a4f: int3 | 0xa91a50: call   0x1415345f0 | 0xa91a55: cmp    DWORD PTR [rsi+0x54],0xffffffff
classic	language-name	0xa91760	0xa91a5f	jne	0xa91a6b	0xa91a4f: int3 | 0xa91a50: call   0x1415345f0 | 0xa91a55: cmp    DWORD PTR [rsi+0x54],0xffffffff | 0xa91a59: jne    0x140a91a6b | 0xa91a5b: cmp    DWORD PTR [rsi+0x48],0xffffffff
classic	language-name	0xa91760	0xa91a65	je	0xa91e2d	0xa91a55: cmp    DWORD PTR [rsi+0x54],0xffffffff | 0xa91a59: jne    0x140a91a6b | 0xa91a5b: cmp    DWORD PTR [rsi+0x48],0xffffffff | 0xa91a5f: jne    0x140a91a6b | 0xa91a61: cmp    DWORD PTR [rsi+0x4c],0xffffffff
classic	language-name	0xa91760	0xa91a6d	je	0xa91a78	0xa91a5b: cmp    DWORD PTR [rsi+0x48],0xffffffff | 0xa91a5f: jne    0x140a91a6b | 0xa91a61: cmp    DWORD PTR [rsi+0x4c],0xffffffff | 0xa91a65: je     0x140a91e2d | 0xa91a6b: test   bl,bl
classic	language-name	0xa91760	0xa91a72	jne	0xa91e2d	0xa91a61: cmp    DWORD PTR [rsi+0x4c],0xffffffff | 0xa91a65: je     0x140a91e2d | 0xa91a6b: test   bl,bl | 0xa91a6d: je     0x140a91a78 | 0xa91a6f: test   r14b,r14b
classic	language-name	0xa91760	0xa91aab	je	0xa91b49	0xa91a96: mov    DWORD PTR [rsp+0x20],eax | 0xa91a9a: lea    r8,[rbp-0x29] | 0xa91a9e: mov    edx,DWORD PTR [rsi+0x48] | 0xa91aa1: call   0x140d29b90 | 0xa91aa6: cmp    QWORD PTR [rbp-0x19],0x0
classic	language-name	0xa91760	0xa91ab3	je	0xa91aca	0xa91a9e: mov    edx,DWORD PTR [rsi+0x48] | 0xa91aa1: call   0x140d29b90 | 0xa91aa6: cmp    QWORD PTR [rbp-0x19],0x0 | 0xa91aab: je     0x140a91b49 | 0xa91ab1: test   bl,bl
classic	language-name	0xa91760	0xa91acf	jne	0xa91af2	0xa91ab5: mov    r8d,0x1 | 0xa91abb: lea    rdx,[rip+0xb51c5e]        # 0x1415e3720 | 0xa91ac2: mov    rcx,rdi | 0xa91ac5: call   0x14006f9a0 | 0xa91aca: cmp    QWORD PTR [rdi+0x10],0x0
classic	language-name	0xa91760	0xa91ad5	jne	0xa91af2	0xa91ac2: mov    rcx,rdi | 0xa91ac5: call   0x14006f9a0 | 0xa91aca: cmp    QWORD PTR [rdi+0x10],0x0 | 0xa91acf: jne    0x140a91af2 | 0xa91ad1: cmp    r15b,0x1
classic	language-name	0xa91760	0xa91af0	jmp	0xa91b0f	0xa91ad7: mov    r8d,0x4 | 0xa91add: lea    rdx,[rip+0xb56ee0]        # 0x1415e89c4 | 0xa91ae4: mov    rcx,rdi | 0xa91ae7: call   0x14006f9a0 | 0xa91aec: movzx  r14d,r15b
classic	language-name	0xa91760	0xa91b0d	je	0xa91b18	0xa91af8: lea    rdx,[rip+0xb52335]        # 0x1415e3e34 | 0xa91aff: mov    rcx,rdi | 0xa91b02: call   0x14006f9a0 | 0xa91b07: mov    r14b,0x1 | 0xa91b0a: test   r15b,r15b
classic	language-name	0xa91760	0xa91b62	je	0xa91bf1	0xa91b4d: mov    DWORD PTR [rsp+0x20],eax | 0xa91b51: lea    r8,[rbp-0x29] | 0xa91b55: mov    edx,DWORD PTR [rsi+0x4c] | 0xa91b58: call   0x140d29b90 | 0xa91b5d: cmp    QWORD PTR [rbp-0x19],0x0
classic	language-name	0xa91760	0xa91b6a	je	0xa91b81	0xa91b55: mov    edx,DWORD PTR [rsi+0x4c] | 0xa91b58: call   0x140d29b90 | 0xa91b5d: cmp    QWORD PTR [rbp-0x19],0x0 | 0xa91b62: je     0x140a91bf1 | 0xa91b68: test   bl,bl
classic	language-name	0xa91760	0xa91b84	jne	0xa91bb2	0xa91b6c: mov    r8d,0x1 | 0xa91b72: lea    rdx,[rip+0xb51ba7]        # 0x1415e3720 | 0xa91b79: mov    rcx,rdi | 0xa91b7c: call   0x14006f9a0 | 0xa91b81: test   r14b,r14b
classic	language-name	0xa91760	0xa91b8b	jne	0xa91b9a	0xa91b79: mov    rcx,rdi | 0xa91b7c: call   0x14006f9a0 | 0xa91b81: test   r14b,r14b | 0xa91b84: jne    0x140a91bb2 | 0xa91b86: cmp    QWORD PTR [rdi+0x10],0x0
classic	language-name	0xa91760	0xa91b98	je	0xa91ba1	0xa91b84: jne    0x140a91bb2 | 0xa91b86: cmp    QWORD PTR [rdi+0x10],0x0 | 0xa91b8b: jne    0x140a91b9a | 0xa91b8d: cmp    r15b,0x1 | 0xa91b91: lea    rdx,[rip+0xb56e2c]        # 0x1415e89c4
classic	language-name	0xa91760	0xa91bb5	je	0xa91bc0	0xa91ba1: mov    r8d,0x4 | 0xa91ba7: mov    rcx,rdi | 0xa91baa: call   0x14006f9a0 | 0xa91baf: mov    r14b,0x1 | 0xa91bb2: test   r15b,r15b
classic	language-name	0xa91760	0xa91c0a	je	0xa91d76	0xa91bf5: mov    DWORD PTR [rsp+0x20],eax | 0xa91bf9: lea    r8,[rbp-0x29] | 0xa91bfd: mov    edx,DWORD PTR [rsi+0x50] | 0xa91c00: call   0x140d29b90 | 0xa91c05: cmp    QWORD PTR [rbp-0x19],0x0
classic	language-name	0xa91760	0xa91c12	je	0xa91c29	0xa91bfd: mov    edx,DWORD PTR [rsi+0x50] | 0xa91c00: call   0x140d29b90 | 0xa91c05: cmp    QWORD PTR [rbp-0x19],0x0 | 0xa91c0a: je     0x140a91d76 | 0xa91c10: test   bl,bl
classic	language-name	0xa91760	0xa91c2c	jne	0xa91c5a	0xa91c14: mov    r8d,0x1 | 0xa91c1a: lea    rdx,[rip+0xb51aff]        # 0x1415e3720 | 0xa91c21: mov    rcx,rdi | 0xa91c24: call   0x14006f9a0 | 0xa91c29: test   r14b,r14b
classic	language-name	0xa91760	0xa91c33	jne	0xa91c42	0xa91c21: mov    rcx,rdi | 0xa91c24: call   0x14006f9a0 | 0xa91c29: test   r14b,r14b | 0xa91c2c: jne    0x140a91c5a | 0xa91c2e: cmp    QWORD PTR [rdi+0x10],0x0
classic	language-name	0xa91760	0xa91c40	je	0xa91c49	0xa91c2c: jne    0x140a91c5a | 0xa91c2e: cmp    QWORD PTR [rdi+0x10],0x0 | 0xa91c33: jne    0x140a91c42 | 0xa91c35: cmp    r15b,0x1 | 0xa91c39: lea    rdx,[rip+0xb56d84]        # 0x1415e89c4
classic	language-name	0xa91760	0xa91c5d	je	0xa91c68	0xa91c49: mov    r8d,0x4 | 0xa91c4f: mov    rcx,rdi | 0xa91c52: call   0x14006f9a0 | 0xa91c57: mov    r14b,0x1 | 0xa91c5a: test   r15b,r15b
classic	language-name	0xa91760	0xa91c80	jb	0xa91f16	0xa91c68: mov    r13,QWORD PTR [rbp-0x19] | 0xa91c6c: movabs rcx,0x7fffffffffffffff | 0xa91c76: mov    rax,rcx | 0xa91c79: sub    rax,r13 | 0xa91c7c: cmp    rax,0x1
classic	language-name	0xa91760	0xa91caf	jbe	0xa91ce3	0xa91c9b: movups XMMWORD PTR [rbp-0x9],xmm0 | 0xa91c9f: lea    r12,[r13+0x1] | 0xa91ca3: mov    ebx,0xf | 0xa91ca8: lea    r15,[rbp-0x9] | 0xa91cac: cmp    r12,rbx
classic	language-name	0xa91760	0xa91cbb	jbe	0xa91cc2	0xa91cac: cmp    r12,rbx | 0xa91caf: jbe    0x140a91ce3 | 0xa91cb1: mov    rbx,r12 | 0xa91cb4: or     rbx,0xf | 0xa91cb8: cmp    rbx,rcx
classic	language-name	0xa91760	0xa91cc0	jmp	0xa91ccf	0xa91cb1: mov    rbx,r12 | 0xa91cb4: or     rbx,0xf | 0xa91cb8: cmp    rbx,rcx | 0xa91cbb: jbe    0x140a91cc2 | 0xa91cbd: mov    rbx,rcx
classic	language-name	0xa91760	0xa91d26	jbe	0xa91d5c	0xa91d15: mov    rcx,rdi | 0xa91d18: call   0x14006f9a0 | 0xa91d1d: nop | 0xa91d1e: mov    rdx,QWORD PTR [rbp+0xf] | 0xa91d22: cmp    rdx,0xf
classic	language-name	0xa91760	0xa91d39	jb	0xa91d57	0xa91d26: jbe    0x140a91d5c | 0xa91d28: inc    rdx | 0xa91d2b: mov    rcx,QWORD PTR [rbp-0x9] | 0xa91d2f: mov    rax,rcx | 0xa91d32: cmp    rdx,0x1000
classic	language-name	0xa91760	0xa91d4e	jbe	0xa91d57	0xa91d3b: add    rdx,0x27 | 0xa91d3f: mov    rcx,QWORD PTR [rcx-0x8] | 0xa91d43: sub    rax,rcx | 0xa91d46: add    rax,0xfffffffffffffff8 | 0xa91d4a: cmp    rax,0x1f
classic	language-name	0xa91760	0xa91d8f	je	0xa91e1d	0xa91d7a: mov    DWORD PTR [rsp+0x20],eax | 0xa91d7e: lea    r8,[rbp-0x29] | 0xa91d82: mov    edx,DWORD PTR [rsi+0x54] | 0xa91d85: call   0x140d29b90 | 0xa91d8a: cmp    QWORD PTR [rbp-0x19],0x0
classic	language-name	0xa91760	0xa91d97	je	0xa91dae	0xa91d82: mov    edx,DWORD PTR [rsi+0x54] | 0xa91d85: call   0x140d29b90 | 0xa91d8a: cmp    QWORD PTR [rbp-0x19],0x0 | 0xa91d8f: je     0x140a91e1d | 0xa91d95: test   bl,bl
classic	language-name	0xa91760	0xa91db6	jne	0xa91df1	0xa91d9f: lea    rdx,[rip+0xb5197a]        # 0x1415e3720 | 0xa91da6: mov    rcx,rdi | 0xa91da9: call   0x14006f9a0 | 0xa91dae: movzx  r13d,BYTE PTR [rbp-0x39] | 0xa91db3: test   r14b,r14b
classic	language-name	0xa91760	0xa91dbd	jne	0xa91ddc	0xa91da9: call   0x14006f9a0 | 0xa91dae: movzx  r13d,BYTE PTR [rbp-0x39] | 0xa91db3: test   r14b,r14b | 0xa91db6: jne    0x140a91df1 | 0xa91db8: cmp    QWORD PTR [rdi+0x10],0x0
classic	language-name	0xa91760	0xa91dc3	jne	0xa91ddc	0xa91db3: test   r14b,r14b | 0xa91db6: jne    0x140a91df1 | 0xa91db8: cmp    QWORD PTR [rdi+0x10],0x0 | 0xa91dbd: jne    0x140a91ddc | 0xa91dbf: cmp    r13b,0x1
classic	language-name	0xa91760	0xa91dda	jmp	0xa91df6	0xa91dc3: jne    0x140a91ddc | 0xa91dc5: mov    r8d,0x4 | 0xa91dcb: lea    rdx,[rip+0xb56bf2]        # 0x1415e89c4 | 0xa91dd2: mov    rcx,rdi | 0xa91dd5: call   0x14006f9a0
classic	language-name	0xa91760	0xa91df4	je	0xa91dff	0xa91ddc: mov    r8d,0x4 | 0xa91de2: lea    rdx,[rip+0xb5204b]        # 0x1415e3e34 | 0xa91de9: mov    rcx,rdi | 0xa91dec: call   0x14006f9a0 | 0xa91df1: test   r13b,r13b
classic	language-name	0xa91760	0xa91e1b	jmp	0xa91e22	0xa91e08: cmova  rdx,QWORD PTR [rbp-0x29] | 0xa91e0d: mov    r8,QWORD PTR [rbp-0x19] | 0xa91e11: mov    rcx,rdi | 0xa91e14: call   0x14006f9a0 | 0xa91e19: mov    bl,0x1
classic	language-name	0xa91760	0xa91e2b	jmp	0xa91e32	0xa91e19: mov    bl,0x1 | 0xa91e1b: jmp    0x140a91e22 | 0xa91e1d: movzx  r13d,BYTE PTR [rbp-0x39] | 0xa91e22: lea    rcx,[rbp-0x29] | 0xa91e26: call   0x14006f7e0
classic	language-name	0xa91760	0xa91e38	je	0xa91eef	0xa91e26: call   0x14006f7e0 | 0xa91e2b: jmp    0x140a91e32 | 0xa91e2d: movzx  r13d,BYTE PTR [rbp-0x39] | 0xa91e32: mov    edx,DWORD PTR [rsi+0x58] | 0xa91e35: cmp    edx,0xffffffff
classic	language-name	0xa91760	0xa91e40	je	0xa91e4c	0xa91e2d: movzx  r13d,BYTE PTR [rbp-0x39] | 0xa91e32: mov    edx,DWORD PTR [rsi+0x58] | 0xa91e35: cmp    edx,0xffffffff | 0xa91e38: je     0x140a91eef | 0xa91e3e: test   bl,bl
classic	language-name	0xa91760	0xa91e46	jne	0xa91eef	0xa91e35: cmp    edx,0xffffffff | 0xa91e38: je     0x140a91eef | 0xa91e3e: test   bl,bl | 0xa91e40: je     0x140a91e4c | 0xa91e42: cmp    BYTE PTR [rbp-0x38],0x0
classic	language-name	0xa91760	0xa91e7d	je	0xa91ee6	0xa91e67: movsx  eax,WORD PTR [rsi+0x68] | 0xa91e6b: mov    DWORD PTR [rsp+0x20],eax | 0xa91e6f: lea    r8,[rbp-0x29] | 0xa91e73: call   0x140d29b90 | 0xa91e78: cmp    QWORD PTR [rbp-0x19],0x0
classic	language-name	0xa91760	0xa91e81	je	0xa91e98	0xa91e6f: lea    r8,[rbp-0x29] | 0xa91e73: call   0x140d29b90 | 0xa91e78: cmp    QWORD PTR [rbp-0x19],0x0 | 0xa91e7d: je     0x140a91ee6 | 0xa91e7f: test   bl,bl
classic	language-name	0xa91760	0xa91ec0	je	0xa91ecb	0xa91eab: cmovne rdx,rax | 0xa91eaf: mov    r8d,0x3 | 0xa91eb5: mov    rcx,rdi | 0xa91eb8: call   0x14006f9a0 | 0xa91ebd: test   r13b,r13b
classic	cache-wrap	0x8e4b80	0x8e4b83	jle	0x8e4ca0	0x8e4b80: test   r8d,r8d
classic	cache-wrap	0x8e4b80	0x8e4bdb	je	0x8e4bf6	0x8e4bc4: mov    QWORD PTR [rax+0x10],rbp | 0x8e4bc8: mov    QWORD PTR [rax+0x18],0xf | 0x8e4bd0: mov    BYTE PTR [rax],bpl | 0x8e4bd3: mov    QWORD PTR [rsp+0x78],rax | 0x8e4bd8: cmp    rax,rbx
classic	cache-wrap	0x8e4b80	0x8e4be6	jbe	0x8e4beb	0x8e4bd3: mov    QWORD PTR [rsp+0x78],rax | 0x8e4bd8: cmp    rax,rbx | 0x8e4bdb: je     0x1408e4bf6 | 0x8e4bdd: mov    r8,QWORD PTR [rbx+0x10] | 0x8e4be1: cmp    QWORD PTR [rbx+0x18],0xf
classic	cache-wrap	0x8e4b80	0x8e4c2f	je	0x8e4c84	0x8e4c1d: mov    rax,rdi | 0x8e4c20: mov    rsi,QWORD PTR [rsp+0x20] | 0x8e4c25: sub    rax,rsi | 0x8e4c28: sar    rax,0x3 | 0x8e4c2c: test   rax,rax
classic	cache-wrap	0x8e4b80	0x8e4c46	je	0x8e4c5d	0x8e4c35: mov    r14,rsi | 0x8e4c38: neg    r14 | 0x8e4c3b: nop    DWORD PTR [rax+rax*1+0x0] | 0x8e4c40: mov    rbx,QWORD PTR [rsi] | 0x8e4c43: test   rbx,rbx
classic	cache-wrap	0x8e4b80	0x8e4c7d	jne	0x8e4c40	0x8e4c69: call   0x141535d8a | 0x8e4c6e: sub    rdi,0x8 | 0x8e4c72: lea    rax,[rdi+r14*1] | 0x8e4c76: sar    rax,0x3 | 0x8e4c7a: test   rax,rax
classic	cache-lines-wrap	0x8e4cb0	0x8e4cb3	jle	0x8e4f85	0x8e4cb0: test   r8d,r8d
classic	cache-lines-wrap	0x8e4cb0	0x8e4d1a	je	0x8e4f59	0x8e4d09: mov    rdx,QWORD PTR [rdx] | 0x8e4d0c: mov    rax,QWORD PTR [r13+0x8] | 0x8e4d10: sub    rax,rdx | 0x8e4d13: sar    rax,0x3 | 0x8e4d17: test   rax,rax
classic	cache-lines-wrap	0x8e4cb0	0x8e4d30	jbe	0x8e4ec5	0x8e4d20: xor    r12d,r12d | 0x8e4d23: xor    r14d,r14d | 0x8e4d26: xor    edi,edi | 0x8e4d28: mov    rax,QWORD PTR [rdx+r12*1] | 0x8e4d2c: cmp    QWORD PTR [rax+0x10],rdi
classic	cache-lines-wrap	0x8e4cb0	0x8e4d38	je	0x8e4d54	0x8e4d26: xor    edi,edi | 0x8e4d28: mov    rax,QWORD PTR [rdx+r12*1] | 0x8e4d2c: cmp    QWORD PTR [rax+0x10],rdi | 0x8e4d30: jbe    0x1408e4ec5 | 0x8e4d36: test   bl,bl
classic	cache-lines-wrap	0x8e4cb0	0x8e4d43	jbe	0x8e4d48	0x8e4d30: jbe    0x1408e4ec5 | 0x8e4d36: test   bl,bl | 0x8e4d38: je     0x1408e4d54 | 0x8e4d3a: mov    rax,QWORD PTR [rdx+r12*1] | 0x8e4d3e: cmp    QWORD PTR [rax+0x18],0xf
classic	cache-lines-wrap	0x8e4cb0	0x8e4d4c	je	0x8e4ea6	0x8e4d3a: mov    rax,QWORD PTR [rdx+r12*1] | 0x8e4d3e: cmp    QWORD PTR [rax+0x18],0xf | 0x8e4d43: jbe    0x1408e4d48 | 0x8e4d45: mov    rax,QWORD PTR [rax] | 0x8e4d48: cmp    BYTE PTR [rdi+rax*1],0x20
classic	cache-lines-wrap	0x8e4cb0	0x8e4d5d	jbe	0x8e4d62	0x8e4d48: cmp    BYTE PTR [rdi+rax*1],0x20 | 0x8e4d4c: je     0x1408e4ea6 | 0x8e4d52: xor    bl,bl | 0x8e4d54: mov    rdx,QWORD PTR [rdx+r12*1] | 0x8e4d58: cmp    QWORD PTR [rdx+0x18],0xf
classic	cache-lines-wrap	0x8e4cb0	0x8e4d7a	jbe	0x8e4ea6	0x8e4d66: lea    rcx,[rbp-0x30] | 0x8e4d6a: call   0x1400b9b10 | 0x8e4d6f: movsxd rax,DWORD PTR [rbp-0x3c] | 0x8e4d73: mov    rsi,QWORD PTR [rbp-0x20] | 0x8e4d77: cmp    rsi,rax
classic	cache-lines-wrap	0x8e4cb0	0x8e4db2	jbe	0x8e4db7	0x8e4da3: dec    rdi | 0x8e4da6: inc    edx | 0x8e4da8: inc    r8 | 0x8e4dab: mov    rax,rcx | 0x8e4dae: cmp    r9,0xf
classic	cache-lines-wrap	0x8e4cb0	0x8e4dbb	je	0x8e4dc2	0x8e4dab: mov    rax,rcx | 0x8e4dae: cmp    r9,0xf | 0x8e4db2: jbe    0x1408e4db7 | 0x8e4db4: mov    rax,QWORD PTR [rcx] | 0x8e4db7: cmp    BYTE PTR [rdi+rax*1],0x20
classic	cache-lines-wrap	0x8e4cb0	0x8e4dc0	jg	0x8e4da0	0x8e4db2: jbe    0x1408e4db7 | 0x8e4db4: mov    rax,QWORD PTR [rcx] | 0x8e4db7: cmp    BYTE PTR [rdi+rax*1],0x20 | 0x8e4dbb: je     0x1408e4dc2 | 0x8e4dbd: test   rdi,rdi
classic	cache-lines-wrap	0x8e4cb0	0x8e4dc8	jne	0x8e4de8	0x8e4dbb: je     0x1408e4dc2 | 0x8e4dbd: test   rdi,rdi | 0x8e4dc0: jg     0x1408e4da0 | 0x8e4dc2: movsxd rax,edx | 0x8e4dc5: cmp    rax,rsi
classic	cache-lines-wrap	0x8e4cb0	0x8e4de3	jmp	0x8e4e89	0x8e4dca: lea    eax,[r10-0x1] | 0x8e4dce: movsxd rdx,eax | 0x8e4dd1: mov    r9d,0x1 | 0x8e4dd7: lea    r8,[rip+0xcfe942]        # 0x1415e3720 | 0x8e4dde: call   0x1404ee4f0
classic	cache-lines-wrap	0x8e4cb0	0x8e4df1	ja	0x8e4e0b	0x8e4dde: call   0x1404ee4f0 | 0x8e4de3: jmp    0x1408e4e89 | 0x8e4de8: mov    rdx,rsi | 0x8e4deb: sub    rdx,r8 | 0x8e4dee: cmp    rdx,rsi
classic	cache-lines-wrap	0x8e4cb0	0x8e4e09	jmp	0x8e4e1a	0x8e4df3: mov    QWORD PTR [rbp-0x20],rdx | 0x8e4df7: lea    rax,[rbp-0x30] | 0x8e4dfb: cmp    QWORD PTR [rbp-0x18],0xf | 0x8e4e00: cmova  rax,QWORD PTR [rbp-0x30] | 0x8e4e05: mov    BYTE PTR [rax+rdx*1],0x0
classic	cache-lines-wrap	0x8e4cb0	0x8e4e4b	je	0x8e4e67	0x8e4e35: mov    QWORD PTR [rax+0x18],0xf | 0x8e4e3d: mov    BYTE PTR [rax],0x0 | 0x8e4e40: mov    QWORD PTR [rbp-0x38],rax | 0x8e4e44: lea    rax,[rbp-0x30] | 0x8e4e48: cmp    rbx,rax
classic	cache-lines-wrap	0x8e4cb0	0x8e4e6f	je	0x8e4e7b	0x8e4e5b: mov    r8,QWORD PTR [rbp-0x20] | 0x8e4e5f: mov    rcx,rbx | 0x8e4e62: call   0x14006f860 | 0x8e4e67: mov    rdx,QWORD PTR [r15+0x8] | 0x8e4e6b: cmp    rdx,QWORD PTR [r15+0x10]
classic	cache-lines-wrap	0x8e4cb0	0x8e4e79	jmp	0x8e4e87	0x8e4e67: mov    rdx,QWORD PTR [r15+0x8] | 0x8e4e6b: cmp    rdx,QWORD PTR [r15+0x10] | 0x8e4e6f: je     0x1408e4e7b | 0x8e4e71: mov    QWORD PTR [rdx],rbx | 0x8e4e74: add    QWORD PTR [r15+0x8],0x8
classic	cache-lines-wrap	0x8e4cb0	0x8e4ebb	jb	0x8e4d36	0x8e4ea9: inc    rdi | 0x8e4eac: mov    rdx,QWORD PTR [r13+0x0] | 0x8e4eb0: mov    rcx,QWORD PTR [rdx+r12*1] | 0x8e4eb4: movsxd rax,r14d | 0x8e4eb7: cmp    rax,QWORD PTR [rcx+0x10]
classic	cache-lines-wrap	0x8e4cb0	0x8e4ee1	jb	0x8e4d23	0x8e4ed0: mov    rcx,QWORD PTR [r13+0x8] | 0x8e4ed4: sub    rcx,rdx | 0x8e4ed7: sar    rcx,0x3 | 0x8e4edb: movsxd rax,r8d | 0x8e4ede: cmp    rax,rcx
classic	cache-lines-wrap	0x8e4cb0	0x8e4eea	je	0x8e4f59	0x8e4ed7: sar    rcx,0x3 | 0x8e4edb: movsxd rax,r8d | 0x8e4ede: cmp    rax,rcx | 0x8e4ee1: jb     0x1408e4d23 | 0x8e4ee7: test   rsi,rsi
classic	cache-lines-wrap	0x8e4cb0	0x8e4f1d	je	0x8e4f38	0x8e4f07: mov    QWORD PTR [rax+0x18],0xf | 0x8e4f0f: mov    BYTE PTR [rax],0x0 | 0x8e4f12: mov    QWORD PTR [rbp-0x38],rax | 0x8e4f16: lea    rax,[rbp-0x30] | 0x8e4f1a: cmp    rbx,rax
classic	cache-lines-wrap	0x8e4cb0	0x8e4f40	je	0x8e4f4c	0x8e4f2d: mov    r8,rsi | 0x8e4f30: mov    rcx,rbx | 0x8e4f33: call   0x14006f860 | 0x8e4f38: mov    rdx,QWORD PTR [r15+0x8] | 0x8e4f3c: cmp    rdx,QWORD PTR [r15+0x10]
classic	cache-lines-wrap	0x8e4cb0	0x8e4f4a	jmp	0x8e4f59	0x8e4f38: mov    rdx,QWORD PTR [r15+0x8] | 0x8e4f3c: cmp    rdx,QWORD PTR [r15+0x10] | 0x8e4f40: je     0x1408e4f4c | 0x8e4f42: mov    QWORD PTR [rdx],rbx | 0x8e4f45: add    QWORD PTR [r15+0x8],0x8
classic	site-controller-field	0x9b26a0	0x9b26b3	jae	0x9b26fa	0x9b26a0: mov    rax,QWORD PTR [rcx+0x428] | 0x9b26a7: mov    rcx,QWORD PTR [rcx+0x430] | 0x9b26ae: xchg   ax,ax | 0x9b26b0: cmp    rax,rcx
classic	site-controller-field	0x9b26a0	0x9b26bc	je	0x9b26ca	0x9b26ae: xchg   ax,ax | 0x9b26b0: cmp    rax,rcx | 0x9b26b3: jae    0x1409b26fa | 0x9b26b5: mov    rdx,QWORD PTR [rax] | 0x9b26b8: test   BYTE PTR [rdx+0x1c],0x1
classic	site-controller-field	0x9b26a0	0x9b26c2	jne	0x9b26ca	0x9b26b3: jae    0x1409b26fa | 0x9b26b5: mov    rdx,QWORD PTR [rax] | 0x9b26b8: test   BYTE PTR [rdx+0x1c],0x1 | 0x9b26bc: je     0x1409b26ca | 0x9b26be: cmp    DWORD PTR [rdx+0x10],0x0
classic	site-controller-field	0x9b26a0	0x9b26c8	je	0x9b26d0	0x9b26b8: test   BYTE PTR [rdx+0x1c],0x1 | 0x9b26bc: je     0x1409b26ca | 0x9b26be: cmp    DWORD PTR [rdx+0x10],0x0 | 0x9b26c2: jne    0x1409b26ca | 0x9b26c4: cmp    DWORD PTR [rdx+0x14],0xffffffff
classic	site-controller-field	0x9b26a0	0x9b26ce	jmp	0x9b26b0	0x9b26be: cmp    DWORD PTR [rdx+0x10],0x0 | 0x9b26c2: jne    0x1409b26ca | 0x9b26c4: cmp    DWORD PTR [rdx+0x14],0xffffffff | 0x9b26c8: je     0x1409b26d0 | 0x9b26ca: add    rax,0x8
classic	site-controller-field	0x9b26a0	0x9b26e4	je	0x9b26fa	0x9b26ca: add    rax,0x8 | 0x9b26ce: jmp    0x1409b26b0 | 0x9b26d0: mov    rax,QWORD PTR [rip+0x1a19019]        # 0x1423cb6f0 | 0x9b26d7: sub    rax,QWORD PTR [rip+0x1a1900a]        # 0x1423cb6e8 | 0x9b26de: test   rax,0xfffffffffffffff8
classic	site-controller-field	0x9b26a0	0x9b26ec	je	0x9b26fa	0x9b26d7: sub    rax,QWORD PTR [rip+0x1a1900a]        # 0x1423cb6e8 | 0x9b26de: test   rax,0xfffffffffffffff8 | 0x9b26e4: je     0x1409b26fa | 0x9b26e6: mov    ecx,DWORD PTR [rdx+0x4] | 0x9b26e9: cmp    ecx,0xffffffff
classic	site-controller-field	0x9b26a0	0x9b26f5	jmp	0xba030	0x9b26e4: je     0x1409b26fa | 0x9b26e6: mov    ecx,DWORD PTR [rdx+0x4] | 0x9b26e9: cmp    ecx,0xffffffff | 0x9b26ec: je     0x1409b26fa | 0x9b26ee: lea    rdx,[rip+0x1a18ff3]        # 0x1423cb6e8
classic	site-type-field	0x10c6dc0	0x10c6dd6	jbe	0x10c6ddb	0x10c6dc0: mov    r9,rdx | 0x10c6dc3: mov    rdx,rcx | 0x10c6dc6: mov    rax,r9 | 0x10c6dc9: mov    QWORD PTR [r9+0x10],0x0 | 0x10c6dd1: cmp    QWORD PTR [r9+0x18],0xf
classic	site-type-field	0x10c6dc0	0x10c6de9	ja	0x10c70ba	0x10c6dd6: jbe    0x1410c6ddb | 0x10c6dd8: mov    rax,QWORD PTR [r9] | 0x10c6ddb: mov    BYTE PTR [rax],0x0 | 0x10c6dde: movsx  rax,WORD PTR [rcx+0x80] | 0x10c6de6: cmp    eax,0xa
classic	site-type-field	0x10c6dc0	0x10c6e01	indirect-jump	jmp    rcx	
classic	site-type-field	0x10c6dc0	0x10c6e0b	jne	0x10c6e2a	0x10c6df6: mov    ecx,DWORD PTR [r8+rax*4+0x10c70d0] | 0x10c6dfe: add    rcx,r8 | 0x10c6e01: jmp    rcx | 0x10c6e03: mov    eax,DWORD PTR [rdx+0x348] | 0x10c6e09: test   eax,eax
classic	site-type-field	0x10c6dc0	0x10c6e13	jle	0x10c6e41	0x10c6e01: jmp    rcx | 0x10c6e03: mov    eax,DWORD PTR [rdx+0x348] | 0x10c6e09: test   eax,eax | 0x10c6e0b: jne    0x1410c6e2a | 0x10c6e0d: cmp    DWORD PTR [rdx+0x34c],eax
classic	site-type-field	0x10c6dc0	0x10c6e25	jmp	0x6f860	0x10c6e0d: cmp    DWORD PTR [rdx+0x34c],eax | 0x10c6e13: jle    0x1410c6e41 | 0x10c6e15: lea    rdx,[rip+0x58064c]        # 0x141647468 | 0x10c6e1c: mov    r8d,0x8 | 0x10c6e22: mov    rcx,r9
classic	site-type-field	0x10c6dc0	0x10c6e2a	jle	0x10c6e41	0x10c6e13: jle    0x1410c6e41 | 0x10c6e15: lea    rdx,[rip+0x58064c]        # 0x141647468 | 0x10c6e1c: mov    r8d,0x8 | 0x10c6e22: mov    rcx,r9 | 0x10c6e25: jmp    0x14006f860
classic	site-type-field	0x10c6dc0	0x10c6e3c	jmp	0x6f860	0x10c6e25: jmp    0x14006f860 | 0x10c6e2a: jle    0x1410c6e41 | 0x10c6e2c: lea    rdx,[rip+0x67d38d]        # 0x1417441c0 | 0x10c6e33: mov    r8d,0xe | 0x10c6e39: mov    rcx,r9
classic	site-type-field	0x10c6dc0	0x10c6e51	jmp	0x6f860	0x10c6e39: mov    rcx,r9 | 0x10c6e3c: jmp    0x14006f860 | 0x10c6e41: lea    rdx,[rip+0x67d4c0]        # 0x141744308 | 0x10c6e48: mov    r8d,0x8 | 0x10c6e4e: mov    rcx,r9
classic	site-type-field	0x10c6dc0	0x10c6e5d	jle	0x10c6e6f	0x10c6e41: lea    rdx,[rip+0x67d4c0]        # 0x141744308 | 0x10c6e48: mov    r8d,0x8 | 0x10c6e4e: mov    rcx,r9 | 0x10c6e51: jmp    0x14006f860 | 0x10c6e56: cmp    DWORD PTR [rdx+0x2a8],0x0
classic	site-type-field	0x10c6dc0	0x10c6e69	je	0x10c6e6f	0x10c6e51: jmp    0x14006f860 | 0x10c6e56: cmp    DWORD PTR [rdx+0x2a8],0x0 | 0x10c6e5d: jle    0x1410c6e6f | 0x10c6e5f: mov    rax,QWORD PTR [rdx+0x2a0] | 0x10c6e66: test   BYTE PTR [rax],0x8
classic	site-type-field	0x10c6dc0	0x10c6e6d	jmp	0x10c6e71	0x10c6e5d: jle    0x1410c6e6f | 0x10c6e5f: mov    rax,QWORD PTR [rdx+0x2a0] | 0x10c6e66: test   BYTE PTR [rax],0x8 | 0x10c6e69: je     0x1410c6e6f | 0x10c6e6b: mov    al,0x1
classic	site-type-field	0x10c6dc0	0x10c6e93	jmp	0x6f860	0x10c6e7a: movzx  eax,al | 0x10c6e7d: lea    rdx,[rip+0x5805e4]        # 0x141647468 | 0x10c6e84: cmove  rdx,rcx | 0x10c6e88: mov    rcx,r9 | 0x10c6e8b: lea    r8,[rax*4+0x4]
classic	site-type-field	0x10c6dc0	0x10c6ea8	jmp	0x6f860	0x10c6e8b: lea    r8,[rax*4+0x4] | 0x10c6e93: jmp    0x14006f860 | 0x10c6e98: lea    rdx,[rip+0x580575]        # 0x141647414 | 0x10c6e9f: mov    r8d,0x4 | 0x10c6ea5: mov    rcx,r9
classic	site-type-field	0x10c6dc0	0x10c6ebd	jmp	0x6f860	0x10c6ea5: mov    rcx,r9 | 0x10c6ea8: jmp    0x14006f860 | 0x10c6ead: lea    rdx,[rip+0x67d43c]        # 0x1417442f0 | 0x10c6eb4: mov    r8d,0xe | 0x10c6eba: mov    rcx,r9
classic	site-type-field	0x10c6dc0	0x10c6ec9	jle	0x10c6edb	0x10c6ead: lea    rdx,[rip+0x67d43c]        # 0x1417442f0 | 0x10c6eb4: mov    r8d,0xe | 0x10c6eba: mov    rcx,r9 | 0x10c6ebd: jmp    0x14006f860 | 0x10c6ec2: cmp    DWORD PTR [rdx+0x2a8],0x0
classic	site-type-field	0x10c6dc0	0x10c6ed5	je	0x10c6edb	0x10c6ebd: jmp    0x14006f860 | 0x10c6ec2: cmp    DWORD PTR [rdx+0x2a8],0x0 | 0x10c6ec9: jle    0x1410c6edb | 0x10c6ecb: mov    rax,QWORD PTR [rdx+0x2a0] | 0x10c6ed2: test   BYTE PTR [rax],0x8
classic	site-type-field	0x10c6dc0	0x10c6ed9	jmp	0x10c6edd	0x10c6ec9: jle    0x1410c6edb | 0x10c6ecb: mov    rax,QWORD PTR [rdx+0x2a0] | 0x10c6ed2: test   BYTE PTR [rax],0x8 | 0x10c6ed5: je     0x1410c6edb | 0x10c6ed7: mov    al,0x1
classic	site-type-field	0x10c6dc0	0x10c6f03	jmp	0x6f860	0x10c6ee9: lea    rdx,[rip+0x57aa28]        # 0x141641918 | 0x10c6ef0: cmove  rdx,rcx | 0x10c6ef4: xor    rax,0x1 | 0x10c6ef8: mov    rcx,r9 | 0x10c6efb: lea    r8,[rax*2+0x4]
classic	site-type-field	0x10c6dc0	0x10c6f12	je	0x10c6f55	0x10c6ef8: mov    rcx,r9 | 0x10c6efb: lea    r8,[rax*2+0x4] | 0x10c6f03: jmp    0x14006f860 | 0x10c6f08: mov    rax,QWORD PTR [rdx+0x310] | 0x10c6f0f: test   rax,rax
classic	site-type-field	0x10c6dc0	0x10c6f1a	je	0x10c6f55	0x10c6f08: mov    rax,QWORD PTR [rdx+0x310] | 0x10c6f0f: test   rax,rax | 0x10c6f12: je     0x1410c6f55 | 0x10c6f14: movsx  ecx,WORD PTR [rax+0x4] | 0x10c6f18: test   ecx,ecx
classic	site-type-field	0x10c6dc0	0x10c6f1f	je	0x10c6f55	0x10c6f12: je     0x1410c6f55 | 0x10c6f14: movsx  ecx,WORD PTR [rax+0x4] | 0x10c6f18: test   ecx,ecx | 0x10c6f1a: je     0x1410c6f55 | 0x10c6f1c: sub    ecx,0x1
classic	site-type-field	0x10c6dc0	0x10c6f24	je	0x10c6f40	0x10c6f18: test   ecx,ecx | 0x10c6f1a: je     0x1410c6f55 | 0x10c6f1c: sub    ecx,0x1 | 0x10c6f1f: je     0x1410c6f55 | 0x10c6f21: sub    ecx,0x1
classic	site-type-field	0x10c6dc0	0x10c6f29	jne	0x10c6f55	0x10c6f1c: sub    ecx,0x1 | 0x10c6f1f: je     0x1410c6f55 | 0x10c6f21: sub    ecx,0x1 | 0x10c6f24: je     0x1410c6f40 | 0x10c6f26: cmp    ecx,0x1
classic	site-type-field	0x10c6dc0	0x10c6f3b	jmp	0x6f860	0x10c6f26: cmp    ecx,0x1 | 0x10c6f29: jne    0x1410c6f55 | 0x10c6f2b: lea    rdx,[rip+0x560f8a]        # 0x141627ebc | 0x10c6f32: mov    r8d,0x6 | 0x10c6f38: mov    rcx,r9
classic	site-type-field	0x10c6dc0	0x10c6f50	jmp	0x6f860	0x10c6f38: mov    rcx,r9 | 0x10c6f3b: jmp    0x14006f860 | 0x10c6f40: lea    rdx,[rip+0x67d391]        # 0x1417442d8 | 0x10c6f47: mov    r8d,0x9 | 0x10c6f4d: mov    rcx,r9
classic	site-type-field	0x10c6dc0	0x10c6f65	jmp	0x6f860	0x10c6f4d: mov    rcx,r9 | 0x10c6f50: jmp    0x14006f860 | 0x10c6f55: lea    rdx,[rip+0x5aa718]        # 0x141671674 | 0x10c6f5c: mov    r8d,0x4 | 0x10c6f62: mov    rcx,r9
classic	site-type-field	0x10c6dc0	0x10c6f74	je	0x10c6e15	0x10c6f5c: mov    r8d,0x4 | 0x10c6f62: mov    rcx,r9 | 0x10c6f65: jmp    0x14006f860 | 0x10c6f6a: mov    rax,QWORD PTR [rdx+0x310] | 0x10c6f71: test   rax,rax
classic	site-type-field	0x10c6dc0	0x10c6f80	je	0x10c6fcb	0x10c6f6a: mov    rax,QWORD PTR [rdx+0x310] | 0x10c6f71: test   rax,rax | 0x10c6f74: je     0x1410c6e15 | 0x10c6f7a: movsx  ecx,WORD PTR [rax] | 0x10c6f7d: sub    ecx,0x1
classic	site-type-field	0x10c6dc0	0x10c6f85	je	0x10c6fb6	0x10c6f74: je     0x1410c6e15 | 0x10c6f7a: movsx  ecx,WORD PTR [rax] | 0x10c6f7d: sub    ecx,0x1 | 0x10c6f80: je     0x1410c6fcb | 0x10c6f82: sub    ecx,0x1
classic	site-type-field	0x10c6dc0	0x10c6f8a	je	0x10c6fa1	0x10c6f7d: sub    ecx,0x1 | 0x10c6f80: je     0x1410c6fcb | 0x10c6f82: sub    ecx,0x1 | 0x10c6f85: je     0x1410c6fb6 | 0x10c6f87: cmp    ecx,0x1
classic	site-type-field	0x10c6dc0	0x10c6f9c	jmp	0x6f860	0x10c6f87: cmp    ecx,0x1 | 0x10c6f8a: je     0x1410c6fa1 | 0x10c6f8c: lea    rdx,[rip+0x67d329]        # 0x1417442bc | 0x10c6f93: mov    r8d,0x6 | 0x10c6f99: mov    rcx,r9
classic	site-type-field	0x10c6dc0	0x10c6fb1	jmp	0x6f860	0x10c6f99: mov    rcx,r9 | 0x10c6f9c: jmp    0x14006f860 | 0x10c6fa1: lea    rdx,[rip+0x54d914]        # 0x1416148bc | 0x10c6fa8: mov    r8d,0x4 | 0x10c6fae: mov    rcx,r9
classic	site-type-field	0x10c6dc0	0x10c6fc6	jmp	0x6f860	0x10c6fae: mov    rcx,r9 | 0x10c6fb1: jmp    0x14006f860 | 0x10c6fb6: lea    rdx,[rip+0x67d30b]        # 0x1417442c8 | 0x10c6fbd: mov    r8d,0x9 | 0x10c6fc3: mov    rcx,r9
classic	site-type-field	0x10c6dc0	0x10c6fdb	jmp	0x6f860	0x10c6fc3: mov    rcx,r9 | 0x10c6fc6: jmp    0x14006f860 | 0x10c6fcb: lea    rdx,[rip+0x646482]        # 0x14170d454 | 0x10c6fd2: mov    r8d,0x5 | 0x10c6fd8: mov    rcx,r9
classic	site-type-field	0x10c6dc0	0x10c6fea	je	0x10c707b	0x10c6fd2: mov    r8d,0x5 | 0x10c6fd8: mov    rcx,r9 | 0x10c6fdb: jmp    0x14006f860 | 0x10c6fe0: mov    rax,QWORD PTR [rdx+0x310] | 0x10c6fe7: test   rax,rax
classic	site-type-field	0x10c6dc0	0x10c6ff6	je	0x10c7066	0x10c6fe0: mov    rax,QWORD PTR [rdx+0x310] | 0x10c6fe7: test   rax,rax | 0x10c6fea: je     0x1410c707b | 0x10c6ff0: movsx  ecx,WORD PTR [rax+0x2] | 0x10c6ff4: test   ecx,ecx
classic	site-type-field	0x10c6dc0	0x10c6ffb	je	0x10c7051	0x10c6fea: je     0x1410c707b | 0x10c6ff0: movsx  ecx,WORD PTR [rax+0x2] | 0x10c6ff4: test   ecx,ecx | 0x10c6ff6: je     0x1410c7066 | 0x10c6ff8: sub    ecx,0x1
classic	site-type-field	0x10c6dc0	0x10c7000	jne	0x10c707b	0x10c6ff4: test   ecx,ecx | 0x10c6ff6: je     0x1410c7066 | 0x10c6ff8: sub    ecx,0x1 | 0x10c6ffb: je     0x1410c7051 | 0x10c6ffd: cmp    ecx,0x1
classic	site-type-field	0x10c6dc0	0x10c700b	jl	0x10c7022	0x10c6ffb: je     0x1410c7051 | 0x10c6ffd: cmp    ecx,0x1 | 0x10c7000: jne    0x1410c707b | 0x10c7002: mov    eax,DWORD PTR [rdx+0x228] | 0x10c7008: cmp    eax,0x64
classic	site-type-field	0x10c6dc0	0x10c701d	jmp	0x6f860	0x10c7008: cmp    eax,0x64 | 0x10c700b: jl     0x1410c7022 | 0x10c700d: lea    rdx,[rip+0x67d294]        # 0x1417442a8 | 0x10c7014: mov    r8d,0x11 | 0x10c701a: mov    rcx,r9
classic	site-type-field	0x10c6dc0	0x10c7025	jl	0x10c703c	0x10c700d: lea    rdx,[rip+0x67d294]        # 0x1417442a8 | 0x10c7014: mov    r8d,0x11 | 0x10c701a: mov    rcx,r9 | 0x10c701d: jmp    0x14006f860 | 0x10c7022: cmp    eax,0xf
classic	site-type-field	0x10c6dc0	0x10c7037	jmp	0x6f860	0x10c7022: cmp    eax,0xf | 0x10c7025: jl     0x1410c703c | 0x10c7027: lea    rdx,[rip+0x67d392]        # 0x1417443c0 | 0x10c702e: mov    r8d,0x12 | 0x10c7034: mov    rcx,r9
classic	site-type-field	0x10c6dc0	0x10c704c	jmp	0x6f860	0x10c7034: mov    rcx,r9 | 0x10c7037: jmp    0x14006f860 | 0x10c703c: lea    rdx,[rip+0x67d36d]        # 0x1417443b0 | 0x10c7043: mov    r8d,0xf | 0x10c7049: mov    rcx,r9
classic	site-type-field	0x10c6dc0	0x10c7061	jmp	0x6f860	0x10c7049: mov    rcx,r9 | 0x10c704c: jmp    0x14006f860 | 0x10c7051: lea    rdx,[rip+0x67b238]        # 0x141742290 | 0x10c7058: mov    r8d,0x5 | 0x10c705e: mov    rcx,r9
classic	site-type-field	0x10c6dc0	0x10c7076	jmp	0x6f860	0x10c705e: mov    rcx,r9 | 0x10c7061: jmp    0x14006f860 | 0x10c7066: lea    rdx,[rip+0x563a1b]        # 0x14162aa88 | 0x10c706d: mov    r8d,0x4 | 0x10c7073: mov    rcx,r9
classic	site-type-field	0x10c6dc0	0x10c708b	jmp	0x6f860	0x10c7073: mov    rcx,r9 | 0x10c7076: jmp    0x14006f860 | 0x10c707b: mov    r8d,0x8 | 0x10c7081: lea    rdx,[rip+0x67d318]        # 0x1417443a0 | 0x10c7088: mov    rcx,r9
classic	site-type-field	0x10c6dc0	0x10c70a0	jmp	0x6f860	0x10c7088: mov    rcx,r9 | 0x10c708b: jmp    0x14006f860 | 0x10c7090: lea    rdx,[rip+0x67d2fd]        # 0x141744394 | 0x10c7097: mov    r8d,0x4 | 0x10c709d: mov    rcx,r9
classic	site-type-field	0x10c6dc0	0x10c70b5	jmp	0x6f860	0x10c709d: mov    rcx,r9 | 0x10c70a0: jmp    0x14006f860 | 0x10c70a5: lea    rdx,[rip+0x67d2d4]        # 0x141744380 | 0x10c70ac: mov    r8d,0x12 | 0x10c70b2: mov    rcx,r9
classic	site-type-field	0x10c6dc0	0x10c70ca	jmp	0x6f860	0x10c70b2: mov    rcx,r9 | 0x10c70b5: jmp    0x14006f860 | 0x10c70ba: lea    rdx,[rip+0x5a90a7]        # 0x141670168 | 0x10c70c1: mov    r8d,0x4 | 0x10c70c7: mov    rcx,r9
classic	faith-render-path	0x62a5b4	0x62a5bc	jne	0x62ad43	0x62a5b4: cmp    DWORD PTR [r13+0x1298],0x2
classic	faith-render-path	0x62a5b4	0x62a5ca	je	0x62a784	0x62a5b4: cmp    DWORD PTR [r13+0x1298],0x2 | 0x62a5bc: jne    0x14062ad43 | 0x62a5c2: cmp    DWORD PTR [r13+0x5a0],0xffffffff
classic	faith-render-path	0x62a5b4	0x62a5f0	jg	0x62a65f	0x62a5dc: lea    r12d,[r14+0x18] | 0x62a5e0: mov    ebx,DWORD PTR [rip+0x1d9d092]        # 0x1423c7678 | 0x62a5e6: add    ebx,0xfffffff8 | 0x62a5e9: mov    DWORD PTR [rsp+0x7c],ebx | 0x62a5ed: cmp    r14d,r15d
classic	faith-render-path	0x62a5b4	0x62a621	jne	0x62a628	0x62a611: mov    r8d,edi | 0x62a614: mov    edx,esi | 0x62a616: mov    rcx,r12 | 0x62a619: call   0x1400bb0b0 | 0x62a61e: cmp    edi,r14d
classic	faith-render-path	0x62a5b4	0x62a626	jmp	0x62a634	0x62a616: mov    rcx,r12 | 0x62a619: call   0x1400bb0b0 | 0x62a61e: cmp    edi,r14d | 0x62a621: jne    0x14062a628 | 0x62a623: mov    edx,DWORD PTR [rbx-0x18]
classic	faith-render-path	0x62a5b4	0x62a62b	jne	0x62a631	0x62a61e: cmp    edi,r14d | 0x62a621: jne    0x14062a628 | 0x62a623: mov    edx,DWORD PTR [rbx-0x18] | 0x62a626: jmp    0x14062a634 | 0x62a628: cmp    edi,r15d
classic	faith-render-path	0x62a5b4	0x62a62f	jmp	0x62a634	0x62a623: mov    edx,DWORD PTR [rbx-0x18] | 0x62a626: jmp    0x14062a634 | 0x62a628: cmp    edi,r15d | 0x62a62b: jne    0x14062a631 | 0x62a62d: mov    edx,DWORD PTR [rbx]
classic	faith-render-path	0x62a5b4	0x62a645	jl	0x62a611	0x62a634: mov    rcx,r12 | 0x62a637: call   0x140ad7b10 | 0x62a63c: inc    esi | 0x62a63e: add    rbx,0x4 | 0x62a642: cmp    rbx,r13
classic	faith-render-path	0x62a5b4	0x62a651	jle	0x62a600	0x62a642: cmp    rbx,r13 | 0x62a645: jl     0x14062a611 | 0x62a647: inc    edi | 0x62a649: cmp    edi,r15d | 0x62a64c: mov    r13d,DWORD PTR [rsp+0x7c]
classic	faith-render-path	0x62a5b4	0x62a6c4	jg	0x62a728	0x62a6b1: nop | 0x62a6b2: lea    rcx,[rbp+0x2520] | 0x62a6b9: call   0x140067dc0 | 0x62a6be: mov    edi,r13d | 0x62a6c1: cmp    r13d,r12d
classic	faith-render-path	0x62a5b4	0x62a6f0	jne	0x62a6f7	0x62a6e0: mov    r8d,edi | 0x62a6e3: mov    edx,esi | 0x62a6e5: mov    rcx,r15 | 0x62a6e8: call   0x1400bb0b0 | 0x62a6ed: cmp    edi,r13d
classic	faith-render-path	0x62a5b4	0x62a6f5	jmp	0x62a703	0x62a6e5: mov    rcx,r15 | 0x62a6e8: call   0x1400bb0b0 | 0x62a6ed: cmp    edi,r13d | 0x62a6f0: jne    0x14062a6f7 | 0x62a6f2: mov    edx,DWORD PTR [rbx-0x18]
classic	faith-render-path	0x62a5b4	0x62a6fa	jne	0x62a700	0x62a6ed: cmp    edi,r13d | 0x62a6f0: jne    0x14062a6f7 | 0x62a6f2: mov    edx,DWORD PTR [rbx-0x18] | 0x62a6f5: jmp    0x14062a703 | 0x62a6f7: cmp    edi,r12d
classic	faith-render-path	0x62a5b4	0x62a6fe	jmp	0x62a703	0x62a6f2: mov    edx,DWORD PTR [rbx-0x18] | 0x62a6f5: jmp    0x14062a703 | 0x62a6f7: cmp    edi,r12d | 0x62a6fa: jne    0x14062a700 | 0x62a6fc: mov    edx,DWORD PTR [rbx]
classic	faith-render-path	0x62a5b4	0x62a71b	jl	0x62a6e0	0x62a706: call   0x140ad7b10 | 0x62a70b: inc    esi | 0x62a70d: add    rbx,0x4 | 0x62a711: lea    rax,[rip+0x201b630]        # 0x142645d48 | 0x62a718: cmp    rbx,rax
classic	faith-render-path	0x62a5b4	0x62a726	jle	0x62a6d0	0x62a718: cmp    rbx,rax | 0x62a71b: jl     0x14062a6e0 | 0x62a71d: inc    edi | 0x62a71f: cmp    edi,r12d | 0x62a722: mov    ebx,DWORD PTR [rsp+0x7c]
classic	faith-render-path	0x62a5b4	0x62a7f6	jge	0x62acd0	0x62a7e7: cmovns esi,edx | 0x62a7ea: mov    DWORD PTR [rbp-0x68],esi | 0x62a7ed: lea    ecx,[r12+rsi*1] | 0x62a7f1: mov    DWORD PTR [rbp-0x64],ecx | 0x62a7f4: cmp    esi,ecx
classic	faith-render-path	0x62a5b4	0x62a809	jge	0x62acc8	0x62a7f4: cmp    esi,ecx | 0x62a7f6: jge    0x14062acd0 | 0x62a7fc: mov    r13d,0x1b | 0x62a802: mov    DWORD PTR [rsp+0x74],r13d | 0x62a807: cmp    esi,eax
classic	faith-render-path	0x62a5b4	0x62a825	je	0x62a87c	0x62a815: mov    rdx,rbx | 0x62a818: mov    rcx,rdi | 0x62a81b: call   0x14006f2f0 | 0x62a820: mov    ecx,DWORD PTR [rax] | 0x62a822: cmp    ecx,0xffffffff
classic	faith-render-path	0x62a5b4	0x62a829	je	0x62a851	0x62a81b: call   0x14006f2f0 | 0x62a820: mov    ecx,DWORD PTR [rax] | 0x62a822: cmp    ecx,0xffffffff | 0x62a825: je     0x14062a87c | 0x62a827: test   ecx,ecx
classic	faith-render-path	0x62a5b4	0x62a82e	jne	0x62a89d	0x62a822: cmp    ecx,0xffffffff | 0x62a825: je     0x14062a87c | 0x62a827: test   ecx,ecx | 0x62a829: je     0x14062a851 | 0x62a82b: cmp    ecx,0x1
classic	faith-render-path	0x62a5b4	0x62a84f	jmp	0x62a89d	0x62a83b: mov    rdx,rbx | 0x62a83e: call   0x14006f2f0 | 0x62a843: mov    ecx,DWORD PTR [rax] | 0x62a845: cmp    DWORD PTR [rdi+0x5a4],ecx | 0x62a84b: sete   r12b
classic	faith-render-path	0x62a5b4	0x62a86c	jne	0x62a89d	0x62a855: lea    rcx,[rdi+0x1300] | 0x62a85c: mov    rdx,rbx | 0x62a85f: call   0x14006f2f0 | 0x62a864: mov    ecx,DWORD PTR [rax] | 0x62a866: cmp    DWORD PTR [rdi+0x5a0],ecx
classic	faith-render-path	0x62a5b4	0x62a875	jne	0x62a89d	0x62a85f: call   0x14006f2f0 | 0x62a864: mov    ecx,DWORD PTR [rax] | 0x62a866: cmp    DWORD PTR [rdi+0x5a0],ecx | 0x62a86c: jne    0x14062a89d | 0x62a86e: cmp    DWORD PTR [rdi+0x5a4],0xffffffff
classic	faith-render-path	0x62a5b4	0x62a87a	jmp	0x62a89d	0x62a866: cmp    DWORD PTR [rdi+0x5a0],ecx | 0x62a86c: jne    0x14062a89d | 0x62a86e: cmp    DWORD PTR [rdi+0x5a4],0xffffffff | 0x62a875: jne    0x14062a89d | 0x62a877: mov    r12b,0x1
classic	faith-render-path	0x62a5b4	0x62a887	jne	0x62a89d	0x62a875: jne    0x14062a89d | 0x62a877: mov    r12b,0x1 | 0x62a87a: jmp    0x14062a89d | 0x62a87c: mov    rax,QWORD PTR [rbp-0x78] | 0x62a880: cmp    DWORD PTR [rax+0x5a0],0xffffffff
classic	faith-render-path	0x62a5b4	0x62a8bd	jg	0x62a98b	0x62a8a8: lea    rbx,[rip+0x2019a31]        # 0x1426442e0 | 0x62a8af: mov    rcx,rbx | 0x62a8b2: call   0x1400bb0c0 | 0x62a8b7: mov    edi,r15d | 0x62a8ba: cmp    r15d,r14d
classic	faith-render-path	0x62a5b4	0x62a8d6	jge	0x62a971	0x62a8c6: mov    eax,DWORD PTR [rsp+0x74] | 0x62a8ca: add    eax,0xfffffffe | 0x62a8cd: mov    DWORD PTR [rsp+0x78],eax | 0x62a8d1: mov    esi,eax | 0x62a8d3: cmp    eax,r13d
classic	faith-render-path	0x62a5b4	0x62a8f7	je	0x62a918	0x62a8e3: mov    r8d,edi | 0x62a8e6: mov    edx,esi | 0x62a8e8: lea    rcx,[rip+0x20199f1]        # 0x1426442e0 | 0x62a8ef: call   0x1400bb0b0 | 0x62a8f4: test   r12b,r12b
classic	faith-render-path	0x62a5b4	0x62a8fc	jne	0x62a903	0x62a8e8: lea    rcx,[rip+0x20199f1]        # 0x1426442e0 | 0x62a8ef: call   0x1400bb0b0 | 0x62a8f4: test   r12b,r12b | 0x62a8f7: je     0x14062a918 | 0x62a8f9: cmp    edi,r15d
classic	faith-render-path	0x62a5b4	0x62a901	jmp	0x62a92f	0x62a8f4: test   r12b,r12b | 0x62a8f7: je     0x14062a918 | 0x62a8f9: cmp    edi,r15d | 0x62a8fc: jne    0x14062a903 | 0x62a8fe: mov    edx,DWORD PTR [rbx-0x18]
classic	faith-render-path	0x62a5b4	0x62a90d	jne	0x62a913	0x62a8fc: jne    0x14062a903 | 0x62a8fe: mov    edx,DWORD PTR [rbx-0x18] | 0x62a901: jmp    0x14062a92f | 0x62a903: lea    rcx,[rip+0x20199d6]        # 0x1426442e0 | 0x62a90a: cmp    edi,r14d
classic	faith-render-path	0x62a5b4	0x62a911	jmp	0x62a936	0x62a901: jmp    0x14062a92f | 0x62a903: lea    rcx,[rip+0x20199d6]        # 0x1426442e0 | 0x62a90a: cmp    edi,r14d | 0x62a90d: jne    0x14062a913 | 0x62a90f: mov    edx,DWORD PTR [rbx]
classic	faith-render-path	0x62a5b4	0x62a916	jmp	0x62a936	0x62a90a: cmp    edi,r14d | 0x62a90d: jne    0x14062a913 | 0x62a90f: mov    edx,DWORD PTR [rbx] | 0x62a911: jmp    0x14062a936 | 0x62a913: mov    edx,DWORD PTR [rbx-0xc]
classic	faith-render-path	0x62a5b4	0x62a91b	jne	0x62a922	0x62a90f: mov    edx,DWORD PTR [rbx] | 0x62a911: jmp    0x14062a936 | 0x62a913: mov    edx,DWORD PTR [rbx-0xc] | 0x62a916: jmp    0x14062a936 | 0x62a918: cmp    edi,r15d
classic	faith-render-path	0x62a5b4	0x62a920	jmp	0x62a92f	0x62a913: mov    edx,DWORD PTR [rbx-0xc] | 0x62a916: jmp    0x14062a936 | 0x62a918: cmp    edi,r15d | 0x62a91b: jne    0x14062a922 | 0x62a91d: mov    edx,DWORD PTR [rbx-0x60]
classic	faith-render-path	0x62a5b4	0x62a925	jne	0x62a92c	0x62a918: cmp    edi,r15d | 0x62a91b: jne    0x14062a922 | 0x62a91d: mov    edx,DWORD PTR [rbx-0x60] | 0x62a920: jmp    0x14062a92f | 0x62a922: cmp    edi,r14d
classic	faith-render-path	0x62a5b4	0x62a92a	jmp	0x62a92f	0x62a91d: mov    edx,DWORD PTR [rbx-0x60] | 0x62a920: jmp    0x14062a92f | 0x62a922: cmp    edi,r14d | 0x62a925: jne    0x14062a92c | 0x62a927: mov    edx,DWORD PTR [rbx-0x48]
classic	faith-render-path	0x62a5b4	0x62a94b	je	0x62a95e	0x62a936: call   0x140ad7b10 | 0x62a93b: xor    edx,edx | 0x62a93d: lea    rcx,[rip+0x1d9cd1c]        # 0x1423c7660 | 0x62a944: call   0x140071f20 | 0x62a949: test   al,al
classic	faith-render-path	0x62a5b4	0x62a967	jl	0x62a8e3	0x62a952: lea    rcx,[rip+0x2019987]        # 0x1426442e0 | 0x62a959: call   0x1400bb120 | 0x62a95e: inc    esi | 0x62a960: add    rbx,0x4 | 0x62a964: cmp    esi,r13d
classic	faith-render-path	0x62a5b4	0x62a976	jle	0x62a8d1	0x62a964: cmp    esi,r13d | 0x62a967: jl     0x14062a8e3 | 0x62a96d: mov    eax,DWORD PTR [rsp+0x78] | 0x62a971: inc    edi | 0x62a973: cmp    edi,r14d
classic	faith-render-path	0x62a5b4	0x62a999	je	0x62a9a0	0x62a984: lea    rbx,[rip+0x2019955]        # 0x1426442e0 | 0x62a98b: xor    r8d,r8d | 0x62a98e: mov    edx,0x7 | 0x62a993: mov    rcx,rbx | 0x62a996: test   r12b,r12b
classic	faith-render-path	0x62a5b4	0x62a99e	jmp	0x62a9a3	0x62a98e: mov    edx,0x7 | 0x62a993: mov    rcx,rbx | 0x62a996: test   r12b,r12b | 0x62a999: je     0x14062a9a0 | 0x62a99b: mov    r9b,0x1
classic	faith-render-path	0x62a5b4	0x62a9d9	je	0x62aa68	0x62a9c8: mov    rdi,QWORD PTR [rbp-0x38] | 0x62a9cc: mov    rcx,rdi | 0x62a9cf: call   0x14006f2f0 | 0x62a9d4: mov    ecx,DWORD PTR [rax] | 0x62a9d6: cmp    ecx,0xffffffff
classic	faith-render-path	0x62a5b4	0x62a9e1	je	0x62aa1b	0x62a9cf: call   0x14006f2f0 | 0x62a9d4: mov    ecx,DWORD PTR [rax] | 0x62a9d6: cmp    ecx,0xffffffff | 0x62a9d9: je     0x14062aa68 | 0x62a9df: test   ecx,ecx
classic	faith-render-path	0x62a5b4	0x62a9ea	jne	0x62aa7f	0x62a9d9: je     0x14062aa68 | 0x62a9df: test   ecx,ecx | 0x62a9e1: je     0x14062aa1b | 0x62a9e3: mov    r12,QWORD PTR [rbp-0x78] | 0x62a9e7: cmp    ecx,0x1
classic	faith-render-path	0x62a5b4	0x62aa19	jmp	0x62aa7f	0x62aa00: xor    r9d,r9d | 0x62aa03: mov    r8d,DWORD PTR [rax] | 0x62aa06: lea    rdx,[rbp+0x1360] | 0x62aa0d: lea    rcx,[rip+0x1ec9194]        # 0x1424f3ba8 | 0x62aa14: call   0x140b8f940
classic	faith-render-path	0x62a5b4	0x62aa66	jmp	0x62aa7f	0x62aa49: lea    r9,[rbp+0x450] | 0x62aa50: mov    r8d,DWORD PTR [rax] | 0x62aa53: lea    rdx,[rbp+0x1360] | 0x62aa5a: lea    rcx,[rip+0x1ec9147]        # 0x1424f3ba8 | 0x62aa61: call   0x140b8ff50
classic	faith-render-path	0x62a5b4	0x62aaae	je	0x62ac6a	0x62aa9b: call   0x140ad69a0 | 0x62aaa0: movsxd rdx,esi | 0x62aaa3: mov    rcx,rdi | 0x62aaa6: call   0x14006f2f0 | 0x62aaab: cmp    DWORD PTR [rax],0xffffffff
classic	faith-render-path	0x62a5b4	0x62aadf	je	0x62af56	0x62aad0: movsxd rdx,esi | 0x62aad3: mov    rcx,rdi | 0x62aad6: call   0x14006f2f0 | 0x62aadb: mov    edx,DWORD PTR [rax] | 0x62aadd: test   edx,edx
classic	faith-render-path	0x62a5b4	0x62aae8	jne	0x62abc2	0x62aad6: call   0x14006f2f0 | 0x62aadb: mov    edx,DWORD PTR [rax] | 0x62aadd: test   edx,edx | 0x62aadf: je     0x14062af56 | 0x62aae5: cmp    edx,0x1
classic	faith-render-path	0x62a5b4	0x62ab25	je	0x62abbd	0x62ab11: mov    edx,DWORD PTR [rax] | 0x62ab13: lea    rcx,[rip+0x1da0bce]        # 0x1423cb6e8 | 0x62ab1a: call   0x14007da80 | 0x62ab1f: mov    r13,rax | 0x62ab22: test   rax,rax
classic	faith-render-path	0x62a5b4	0x62ab68	jne	0x62abb6	0x62ab4e: call   0x14006f1c0 | 0x62ab53: lea    rdx,[rbp+0x168] | 0x62ab5a: lea    rcx,[rbp+0xa8] | 0x62ab61: call   0x1400b9900 | 0x62ab66: test   al,al
classic	faith-render-path	0x62a5b4	0x62ab8d	je	0x62adf7	0x62ab70: lea    rcx,[rbp+0xa8] | 0x62ab77: call   0x14006eda0 | 0x62ab7c: mov    rbx,QWORD PTR [rax] | 0x62ab7f: mov    eax,DWORD PTR [r12+0x340] | 0x62ab87: cmp    DWORD PTR [rbx+0x88],eax
classic	faith-render-path	0x62a5b4	0x62abb4	je	0x62ab70	0x62ab9a: call   0x14006ed90 | 0x62ab9f: lea    rdx,[rbp+0x168] | 0x62aba6: lea    rcx,[rbp+0xa8] | 0x62abad: call   0x1400b9900 | 0x62abb2: test   al,al
classic	faith-render-path	0x62a5b4	0x62abdd	jb	0x62ac41	0x62abc8: lea    rcx,[rbp+0x1140] | 0x62abcf: call   0x14006f2c0 | 0x62abd4: lea    ecx,[rdi-0x8] | 0x62abd7: movsxd rdx,ecx | 0x62abda: cmp    rax,rdx
classic	faith-render-path	0x62a5b4	0x62abfb	jle	0x62ac3a	0x62abe5: lea    rdx,[rsi-0x9] | 0x62abe9: xor    r8d,r8d | 0x62abec: lea    rcx,[rbp+0x1140] | 0x62abf3: call   0x1400e11c0 | 0x62abf8: cmp    ebx,0x3
classic	faith-render-path	0x62a5b4	0x62ac70	jl	0x62aca1	0x62ac5e: call   0x140067dc0 | 0x62ac63: mov    esi,DWORD PTR [rbp-0x68] | 0x62ac66: mov    rdi,QWORD PTR [rbp-0x38] | 0x62ac6a: mov    eax,DWORD PTR [rbp-0x60] | 0x62ac6d: cmp    eax,r15d
classic	faith-render-path	0x62a5b4	0x62ac75	jg	0x62aca1	0x62ac66: mov    rdi,QWORD PTR [rbp-0x38] | 0x62ac6a: mov    eax,DWORD PTR [rbp-0x60] | 0x62ac6d: cmp    eax,r15d | 0x62ac70: jl     0x14062aca1 | 0x62ac72: cmp    eax,r14d
classic	faith-render-path	0x62a5b4	0x62ac80	jl	0x62aca1	0x62ac72: cmp    eax,r14d | 0x62ac75: jg     0x14062aca1 | 0x62ac77: lea    eax,[r13-0x2] | 0x62ac7b: mov    ecx,DWORD PTR [rbp-0x58] | 0x62ac7e: cmp    ecx,eax
classic	faith-render-path	0x62a5b4	0x62ac85	jg	0x62aca1	0x62ac77: lea    eax,[r13-0x2] | 0x62ac7b: mov    ecx,DWORD PTR [rbp-0x58] | 0x62ac7e: cmp    ecx,eax | 0x62ac80: jl     0x14062aca1 | 0x62ac82: cmp    ecx,r13d
classic	faith-render-path	0x62a5b4	0x62acc2	jl	0x62a807	0x62acb1: call   0x140067dc0 | 0x62acb6: inc    esi | 0x62acb8: mov    DWORD PTR [rbp-0x68],esi | 0x62acbb: cmp    esi,DWORD PTR [rbp-0x64] | 0x62acbe: mov    rax,QWORD PTR [rbp-0x70]
classic	faith-render-path	0x62a5b4	0x62acd3	jle	0x62ad43	0x62acbe: mov    rax,QWORD PTR [rbp-0x70] | 0x62acc2: jl     0x14062a807 | 0x62acc8: mov    r12d,DWORD PTR [rbp-0x2c] | 0x62accc: mov    r13,QWORD PTR [rbp-0x78] | 0x62acd0: cmp    eax,r12d
classic	faith-render-path	0x62a5b4	0x62ad47	je	0x62b167	0x62ad30: mov    r8d,DWORD PTR [rbp-0x58] | 0x62ad34: mov    edx,DWORD PTR [rbp-0x60] | 0x62ad37: lea    rcx,[rbp+0x270] | 0x62ad3e: call   0x14140a440 | 0x62ad43: cmp    BYTE PTR [rbp-0x3c],0x0
classic	faith-render-path	0x62a5b4	0x62ad5c	je	0x62b167	0x62ad43: cmp    BYTE PTR [rbp-0x3c],0x0 | 0x62ad47: je     0x14062b167 | 0x62ad4d: lea    rcx,[r13+0x1330] | 0x62ad54: call   0x14006ede0 | 0x62ad59: test   rax,rax
classic	faith-render-path	0x62a5b4	0x62ada5	jg	0x62b08e	0x62ad93: sub    r13d,ebx | 0x62ad96: mov    DWORD PTR [rsp+0x78],r13d | 0x62ad9b: lea    r12d,[r13-0x1] | 0x62ad9f: mov    r14d,r12d | 0x62ada2: cmp    r12d,r15d
classic	faith-render-path	0x62a5b4	0x62adb6	jg	0x62b07d	0x62ada2: cmp    r12d,r15d | 0x62ada5: jg     0x14062b08e | 0x62adab: lea    r13,[rip+0x201952e]        # 0x1426442e0 | 0x62adb2: mov    ebx,esi | 0x62adb4: cmp    esi,edi
classic	faith-render-path	0x62a5b4	0x62adde	jne	0x62b027	0x62adce: xor    r8d,r8d | 0x62add1: xor    edx,edx | 0x62add3: mov    rcx,r13 | 0x62add6: call   0x1400bb120 | 0x62addb: cmp    r14d,r12d
classic	faith-render-path	0x62a5b4	0x62ade6	jne	0x62b010	0x62add3: mov    rcx,r13 | 0x62add6: call   0x1400bb120 | 0x62addb: cmp    r14d,r12d | 0x62adde: jne    0x14062b027 | 0x62ade4: cmp    ebx,esi
classic	faith-render-path	0x62a5b4	0x62adf2	jmp	0x62b06b	0x62addb: cmp    r14d,r12d | 0x62adde: jne    0x14062b027 | 0x62ade4: cmp    ebx,esi | 0x62ade6: jne    0x14062b010 | 0x62adec: mov    edx,DWORD PTR [rip+0x201ae12]        # 0x142645c04
classic	faith-render-path	0x62a5b4	0x62ae41	je	0x62abb6	0x62ae30: call   0x14006edb0 | 0x62ae35: xor    edx,edx | 0x62ae37: movzx  ecx,BYTE PTR [rax] | 0x62ae3a: call   0x140065740 | 0x62ae3f: test   al,al
classic	faith-render-path	0x62a5b4	0x62ae6a	jne	0x62aee5	0x62ae59: mov    rcx,QWORD PTR [rax] | 0x62ae5c: add    rcx,0x28 | 0x62ae60: mov    edx,r14d | 0x62ae63: call   0x140071f20 | 0x62ae68: test   al,al
classic	faith-render-path	0x62a5b4	0x62aebb	jne	0x62aee5	0x62aeaa: call   0x14006eda0 | 0x62aeaf: mov    rcx,QWORD PTR [rax] | 0x62aeb2: mov    rax,QWORD PTR [rcx] | 0x62aeb5: call   QWORD PTR [rax] | 0x62aeb7: cmp    ax,0x2
classic	faith-render-path	0x62a5b4	0x62aed6	jne	0x62aee5	0x62aec6: mov    rbx,QWORD PTR [rax] | 0x62aec9: mov    rax,QWORD PTR [rbx] | 0x62aecc: mov    rcx,rbx | 0x62aecf: call   QWORD PTR [rax+0x38] | 0x62aed2: cmp    eax,DWORD PTR [r13+0x4]
classic	faith-render-path	0x62a5b4	0x62aedb	je	0x62aee2	0x62aecc: mov    rcx,rbx | 0x62aecf: call   QWORD PTR [rax+0x38] | 0x62aed2: cmp    eax,DWORD PTR [r13+0x4] | 0x62aed6: jne    0x14062aee5 | 0x62aed8: test   dil,dil
classic	faith-render-path	0x62a5b4	0x62aee0	jmp	0x62aee5	0x62aed2: cmp    eax,DWORD PTR [r13+0x4] | 0x62aed6: jne    0x14062aee5 | 0x62aed8: test   dil,dil | 0x62aedb: je     0x14062aee2 | 0x62aedd: mov    r12,rbx
classic	faith-render-path	0x62a5b4	0x62af0e	jne	0x62ae50	0x62aefd: call   0x14006edb0 | 0x62af02: xor    edx,edx | 0x62af04: movzx  ecx,BYTE PTR [rax] | 0x62af07: call   0x140065740 | 0x62af0c: test   al,al
classic	faith-render-path	0x62a5b4	0x62af1b	je	0x62af35	0x62af07: call   0x140065740 | 0x62af0c: test   al,al | 0x62af0e: jne    0x14062ae50 | 0x62af14: test   rsi,rsi | 0x62af17: mov    r14d,DWORD PTR [rbp-0x5c]
classic	faith-render-path	0x62a5b4	0x62af30	jmp	0x62abb6	0x62af17: mov    r14d,DWORD PTR [rbp-0x5c] | 0x62af1b: je     0x14062af35 | 0x62af1d: lea    rdx,[rip+0x1031874]        # 0x14165c798 | 0x62af24: lea    rcx,[rbp+0x1140] | 0x62af2b: call   0x14006f4f0
classic	faith-render-path	0x62a5b4	0x62af38	je	0x62abb6	0x62af1d: lea    rdx,[rip+0x1031874]        # 0x14165c798 | 0x62af24: lea    rcx,[rbp+0x1140] | 0x62af2b: call   0x14006f4f0 | 0x62af30: jmp    0x14062abb6 | 0x62af35: test   r12,r12
classic	faith-render-path	0x62a5b4	0x62af51	jmp	0x62abb6	0x62af35: test   r12,r12 | 0x62af38: je     0x14062abb6 | 0x62af3e: lea    rdx,[rip+0x1031733]        # 0x14165c678 | 0x62af45: lea    rcx,[rbp+0x1140] | 0x62af4c: call   0x14006f4f0
classic	faith-render-path	0x62a5b4	0x62af77	je	0x62aff8	0x62af61: call   0x14006f2f0 | 0x62af66: mov    edx,DWORD PTR [rax] | 0x62af68: lea    rcx,[rip+0x1ec8c39]        # 0x1424f3ba8 | 0x62af6f: call   0x140067d50 | 0x62af74: test   rax,rax
classic	faith-render-path	0x62a5b4	0x62af8f	je	0x62afb0	0x62af79: lea    rbx,[rax+0xc8] | 0x62af80: mov    edx,0x2 | 0x62af85: mov    rcx,rbx | 0x62af88: call   0x140071f20 | 0x62af8d: test   al,al
classic	faith-render-path	0x62a5b4	0x62afab	jmp	0x62abc2	0x62af8f: je     0x14062afb0 | 0x62af91: lea    rdx,[rip+0xfd0004]        # 0x1415faf9c | 0x62af98: lea    rcx,[rbp+0x1140] | 0x62af9f: call   0x14006f510 | 0x62afa4: lea    rbx,[rip+0x2019335]        # 0x1426442e0
classic	faith-render-path	0x62a5b4	0x62afc6	je	0x62afe0	0x62afb0: mov    edx,0x3 | 0x62afb5: mov    rcx,rbx | 0x62afb8: call   0x140071f20 | 0x62afbd: lea    rcx,[rbp+0x1140] | 0x62afc4: test   al,al
classic	faith-render-path	0x62a5b4	0x62afdb	jmp	0x62abc2	0x62afc4: test   al,al | 0x62afc6: je     0x14062afe0 | 0x62afc8: lea    rdx,[rip+0xfbcff1]        # 0x1415e7fc0 | 0x62afcf: call   0x14006f510 | 0x62afd4: lea    rbx,[rip+0x2019305]        # 0x1426442e0
classic	faith-render-path	0x62a5b4	0x62aff3	jmp	0x62abc2	0x62afd4: lea    rbx,[rip+0x2019305]        # 0x1426442e0 | 0x62afdb: jmp    0x14062abc2 | 0x62afe0: lea    rdx,[rip+0xfcffa1]        # 0x1415faf88 | 0x62afe7: call   0x14006f510 | 0x62afec: lea    rbx,[rip+0x20192ed]        # 0x1426442e0
classic	faith-render-path	0x62a5b4	0x62b00b	jmp	0x62abc2	0x62afec: lea    rbx,[rip+0x20192ed]        # 0x1426442e0 | 0x62aff3: jmp    0x14062abc2 | 0x62aff8: lea    rdx,[rip+0xfcff89]        # 0x1415faf88 | 0x62afff: lea    rcx,[rbp+0x1140] | 0x62b006: call   0x14006f510
classic	faith-render-path	0x62a5b4	0x62b015	jne	0x62b01f	0x62afff: lea    rcx,[rbp+0x1140] | 0x62b006: call   0x14006f510 | 0x62b00b: jmp    0x14062abc2 | 0x62b010: mov    rcx,r13 | 0x62b013: cmp    ebx,edi
classic	faith-render-path	0x62a5b4	0x62b01d	jmp	0x62b06e	0x62b00b: jmp    0x14062abc2 | 0x62b010: mov    rcx,r13 | 0x62b013: cmp    ebx,edi | 0x62b015: jne    0x14062b01f | 0x62b017: mov    edx,DWORD PTR [rip+0x201abff]        # 0x142645c1c
classic	faith-render-path	0x62a5b4	0x62b025	jmp	0x62b06e	0x62b013: cmp    ebx,edi | 0x62b015: jne    0x14062b01f | 0x62b017: mov    edx,DWORD PTR [rip+0x201abff]        # 0x142645c1c | 0x62b01d: jmp    0x14062b06e | 0x62b01f: mov    edx,DWORD PTR [rip+0x201abeb]        # 0x142645c10
classic	faith-render-path	0x62a5b4	0x62b02a	jne	0x62b04f	0x62b017: mov    edx,DWORD PTR [rip+0x201abff]        # 0x142645c1c | 0x62b01d: jmp    0x14062b06e | 0x62b01f: mov    edx,DWORD PTR [rip+0x201abeb]        # 0x142645c10 | 0x62b025: jmp    0x14062b06e | 0x62b027: cmp    r14d,r15d
classic	faith-render-path	0x62a5b4	0x62b02e	jne	0x62b038	0x62b01f: mov    edx,DWORD PTR [rip+0x201abeb]        # 0x142645c10 | 0x62b025: jmp    0x14062b06e | 0x62b027: cmp    r14d,r15d | 0x62b02a: jne    0x14062b04f | 0x62b02c: cmp    ebx,esi
classic	faith-render-path	0x62a5b4	0x62b036	jmp	0x62b06b	0x62b027: cmp    r14d,r15d | 0x62b02a: jne    0x14062b04f | 0x62b02c: cmp    ebx,esi | 0x62b02e: jne    0x14062b038 | 0x62b030: mov    edx,DWORD PTR [rip+0x201abd6]        # 0x142645c0c
classic	faith-render-path	0x62a5b4	0x62b03d	jne	0x62b047	0x62b02e: jne    0x14062b038 | 0x62b030: mov    edx,DWORD PTR [rip+0x201abd6]        # 0x142645c0c | 0x62b036: jmp    0x14062b06b | 0x62b038: mov    rcx,r13 | 0x62b03b: cmp    ebx,edi
classic	faith-render-path	0x62a5b4	0x62b045	jmp	0x62b06e	0x62b036: jmp    0x14062b06b | 0x62b038: mov    rcx,r13 | 0x62b03b: cmp    ebx,edi | 0x62b03d: jne    0x14062b047 | 0x62b03f: mov    edx,DWORD PTR [rip+0x201abdf]        # 0x142645c24
classic	faith-render-path	0x62a5b4	0x62b04d	jmp	0x62b06e	0x62b03b: cmp    ebx,edi | 0x62b03d: jne    0x14062b047 | 0x62b03f: mov    edx,DWORD PTR [rip+0x201abdf]        # 0x142645c24 | 0x62b045: jmp    0x14062b06e | 0x62b047: mov    edx,DWORD PTR [rip+0x201abcb]        # 0x142645c18
classic	faith-render-path	0x62a5b4	0x62b051	jne	0x62b05b	0x62b03f: mov    edx,DWORD PTR [rip+0x201abdf]        # 0x142645c24 | 0x62b045: jmp    0x14062b06e | 0x62b047: mov    edx,DWORD PTR [rip+0x201abcb]        # 0x142645c18 | 0x62b04d: jmp    0x14062b06e | 0x62b04f: cmp    ebx,esi
classic	faith-render-path	0x62a5b4	0x62b059	jmp	0x62b06b	0x62b047: mov    edx,DWORD PTR [rip+0x201abcb]        # 0x142645c18 | 0x62b04d: jmp    0x14062b06e | 0x62b04f: cmp    ebx,esi | 0x62b051: jne    0x14062b05b | 0x62b053: mov    edx,DWORD PTR [rip+0x201abaf]        # 0x142645c08
classic	faith-render-path	0x62a5b4	0x62b063	je	0x62b06b	0x62b051: jne    0x14062b05b | 0x62b053: mov    edx,DWORD PTR [rip+0x201abaf]        # 0x142645c08 | 0x62b059: jmp    0x14062b06b | 0x62b05b: cmp    ebx,edi | 0x62b05d: mov    edx,DWORD PTR [rip+0x201abbd]        # 0x142645c20
classic	faith-render-path	0x62a5b4	0x62b077	jle	0x62adc0	0x62b065: mov    edx,DWORD PTR [rip+0x201aba9]        # 0x142645c14 | 0x62b06b: mov    rcx,r13 | 0x62b06e: call   0x140ad7b10 | 0x62b073: inc    ebx | 0x62b075: cmp    ebx,edi
classic	faith-render-path	0x62a5b4	0x62b083	jle	0x62adb2	0x62b073: inc    ebx | 0x62b075: cmp    ebx,edi | 0x62b077: jle    0x14062adc0 | 0x62b07d: inc    r14d | 0x62b080: cmp    r14d,r15d
classic	faith-render-path	0x62a5b4	0x62b0f7	je	0x62b16b	0x62b0e6: call   0x14006edb0 | 0x62b0eb: xor    edx,edx | 0x62b0ed: movzx  ecx,BYTE PTR [rax] | 0x62b0f0: call   0x140065740 | 0x62b0f5: test   al,al
classic	faith-render-path	0x62a5b4	0x62b103	jge	0x62b16b	0x62b0f0: call   0x140065740 | 0x62b0f5: test   al,al | 0x62b0f7: je     0x14062b16b | 0x62b0f9: nop    DWORD PTR [rax+0x0] | 0x62b100: cmp    r13d,r15d
classic	faith-render-path	0x62a5b4	0x62b163	jne	0x62b100	0x62b152: call   0x14006edb0 | 0x62b157: xor    edx,edx | 0x62b159: movzx  ecx,BYTE PTR [rax] | 0x62b15c: call   0x140065740 | 0x62b161: test   al,al
classic	faith-render-path	0x62a5b4	0x62b165	jmp	0x62b16b	0x62b157: xor    edx,edx | 0x62b159: movzx  ecx,BYTE PTR [rax] | 0x62b15c: call   0x140065740 | 0x62b161: test   al,al | 0x62b163: jne    0x14062b100
classic	faith-render-path	0x62a5b4	0x62b186	je	0x62b1ba	0x62b16b: mov    edx,DWORD PTR [r12+0x340] | 0x62b173: mov    rcx,QWORD PTR [rip+0x1eba8ce]        # 0x1424e5a48 | 0x62b17a: call   0x14007dab0 | 0x62b17f: mov    rbx,rax | 0x62b182: cmp    BYTE PTR [rbp-0x3c],0x0
classic	faith-render-path	0x62a5b4	0x62b198	je	0x62b1ba	0x62b182: cmp    BYTE PTR [rbp-0x3c],0x0 | 0x62b186: je     0x14062b1ba | 0x62b188: lea    rcx,[r12+0x1280] | 0x62b190: call   0x14006ede0 | 0x62b195: test   rax,rax
classic	faith-render-path	0x62a5b4	0x62b1a5	je	0x62b1ba	0x62b190: call   0x14006ede0 | 0x62b195: test   rax,rax | 0x62b198: je     0x14062b1ba | 0x62b19a: movsxd rax,DWORD PTR [r12+0x1348] | 0x62b1a2: cmp    eax,0xffffffff
classic	faith-render-path	0x62a5b4	0x62b1bd	je	0x62b2dc	0x62b1a7: mov    rdx,rax | 0x62b1aa: lea    rcx,[r12+0x1280] | 0x62b1b2: call   0x14006f1b0 | 0x62b1b7: mov    rbx,QWORD PTR [rax] | 0x62b1ba: test   rbx,rbx
classic	faith-render-path	0x62a5b4	0x62b1de	je	0x62b25d	0x62b1cb: mov    rdi,rax | 0x62b1ce: xor    edx,edx | 0x62b1d0: lea    rcx,[rip+0x1d9c489]        # 0x1423c7660 | 0x62b1d7: call   0x140071f20 | 0x62b1dc: test   al,al
classic	faith-render-path	0x62a5b4	0x62b1fb	je	0x62b202	0x62b1e0: lea    rcx,[rbp+0x3c00] | 0x62b1e7: call   0x1400bbf20 | 0x62b1ec: mov    ecx,DWORD PTR [rbx+0x88] | 0x62b1f2: mov    DWORD PTR [rbp+0x3d88],ecx | 0x62b1f8: test   rdi,rdi
classic	faith-render-path	0x62a5b4	0x62b200	jmp	0x62b207	0x62b1ec: mov    ecx,DWORD PTR [rbx+0x88] | 0x62b1f2: mov    DWORD PTR [rbp+0x3d88],ecx | 0x62b1f8: test   rdi,rdi | 0x62b1fb: je     0x14062b202 | 0x62b1fd: mov    eax,DWORD PTR [rdi+0x4]
classic	hometown-cache-caller	0x629ff0	0x629ff0	jle	0x62a02f	
classic	hometown-cache-caller	0x629ff0	0x62a052	jl	0x62a082	0x62a039: lea    rdx,[rbp+0x1180] | 0x62a040: lea    rcx,[rip+0x201a299]        # 0x1426442e0 | 0x62a047: call   0x140ad69a0 | 0x62a04c: mov    eax,DWORD PTR [rbp-0x60] | 0x62a04f: cmp    eax,r15d
classic	hometown-cache-caller	0x629ff0	0x62a057	jg	0x62a082	0x62a047: call   0x140ad69a0 | 0x62a04c: mov    eax,DWORD PTR [rbp-0x60] | 0x62a04f: cmp    eax,r15d | 0x62a052: jl     0x14062a082 | 0x62a054: cmp    eax,r14d
classic	hometown-cache-caller	0x629ff0	0x62a061	jl	0x62a082	0x62a054: cmp    eax,r14d | 0x62a057: jg     0x14062a082 | 0x62a059: lea    eax,[rdi-0x2] | 0x62a05c: mov    ecx,DWORD PTR [rbp-0x58] | 0x62a05f: cmp    ecx,eax
classic	hometown-cache-caller	0x629ff0	0x62a065	jg	0x62a082	0x62a059: lea    eax,[rdi-0x2] | 0x62a05c: mov    ecx,DWORD PTR [rbp-0x58] | 0x62a05f: cmp    ecx,eax | 0x62a061: jl     0x14062a082 | 0x62a063: cmp    ecx,edi
classic	hometown-cache-caller	0x629ff0	0x62a0c0	jl	0x629c00	0x62a0af: inc    r13d | 0x62a0b2: mov    DWORD PTR [rbp-0x7c],r13d | 0x62a0b6: cmp    r13d,DWORD PTR [rbp-0x5c] | 0x62a0ba: mov    ebx,edi | 0x62a0bc: mov    rsi,QWORD PTR [rbp-0x70]
classic	hometown-cache-caller	0x629ff0	0x62a0cb	jle	0x62a13b	0x62a0ba: mov    ebx,edi | 0x62a0bc: mov    rsi,QWORD PTR [rbp-0x70] | 0x62a0c0: jl     0x140629c00 | 0x62a0c6: mov    edi,DWORD PTR [rbp-0x64] | 0x62a0c9: cmp    esi,edi
classic	hometown-cache-caller	0x629ff0	0x62a139	jmp	0x62a13f	0x62a122: mov    BYTE PTR [rsp+0x20],al | 0x62a126: mov    r8d,DWORD PTR [rbp-0x58] | 0x62a12a: mov    edx,DWORD PTR [rbp-0x60] | 0x62a12d: lea    rcx,[rbp+0x2b0] | 0x62a134: call   0x14140a440
