edition	role	owner_rva	call_rva	target_rva
reference	terrain	0xe7d330	0xe7d376	0x68190
reference	terrain	0xe7d330	0xe7d37f	0x6fb80
reference	terrain	0xe7d330	0xe7d38a	0x6f8b0
reference	terrain	0xe7d330	0xe7d40c	0x67f80
reference	terrain	0xe7d330	0xe7d593	0x67f10
reference	terrain	0xe7d330	0xe7d5de	0x542e80
reference	terrain	0xe7d330	0xe7d5f7	0x6fa10
reference	terrain	0xe7d330	0xe7d60a	0x67f10
reference	terrain	0xe7d330	0xe7d658	0x542e80
reference	terrain	0xe7d330	0xe7d671	0x6fa10
reference	terrain	0xe7d330	0xe7d684	0x68010
reference	terrain	0xe7d330	0xe7d69d	0x6fa10
reference	terrain	0xe7d330	0xe7d6e0	0x13ffaf0
reference	terrain	0xe7d330	0xe7d6fe	0x7db20
reference	terrain	0xe7d330	0xe7d71f	0xb9dc0
reference	terrain	0xe7d330	0xe7d749	0xa946e0
reference	terrain	0xe7d330	0xe7d758	0x6f560
reference	terrain	0xe7d330	0xe7d79f	0x6fa10
reference	terrain	0xe7d330	0xe7d7b7	0x68190
reference	terrain	0xe7d330	0xe7d7c0	0x6fb80
reference	terrain	0xe7d330	0xe7d7d5	0x13ffd20
reference	terrain	0xe7d330	0xe7d7e1	0xb9d10
reference	terrain	0xe7d330	0xe7d7ff	0x14d850
reference	terrain	0xe7d330	0xe7d8fc	0x6f740
reference	terrain	0xe7d330	0xe7d913	0x6f740
reference	terrain	0xe7d330	0xe7db54	0xb9dc0
reference	terrain	0xe7d330	0xe7db86	0x6f240
reference	terrain	0xe7d330	0xe7db92	0x6f230
reference	terrain	0xe7d330	0xe7dba7	0x6f240
reference	terrain	0xe7d330	0xe7dbb7	0x6f230
reference	terrain	0xe7d330	0xe7dbc7	0x6f240
reference	terrain	0xe7d330	0xe7dbd7	0x6f230
reference	terrain	0xe7d330	0xe7dbe7	0x6f240
reference	terrain	0xe7d330	0xe7dbf7	0x6f230
reference	terrain	0xe7d330	0xe7dc07	0x6f240
reference	terrain	0xe7d330	0xe7dc17	0x6f230
reference	terrain	0xe7d330	0xe7dc27	0x6f240
reference	terrain	0xe7d330	0xe7dc37	0x6f230
reference	terrain	0xe7d330	0xe7dc86	0x6ee10
reference	terrain	0xe7d330	0xe7dc99	0x6ee10
reference	terrain	0xe7d330	0xe7dca7	0x6ee10
reference	terrain	0xe7d330	0xe7dcbb	0x6ee10
reference	terrain	0xe7d330	0xe7dd11	0x6fa10
reference	terrain	0xe7d330	0xe7dd1d	0xb9d10
reference	terrain	0xe7d330	0xe7dd42	0x6f850
reference	terrain	0xe7d330	0xe7dd6c	0x67f10
reference	terrain	0xe7d330	0xe7dda4	0x5316f0
reference	terrain	0xe7d330	0xe7ddbf	0x14d850
reference	terrain	0xe7d330	0xe7de24	0x6f560
reference	terrain	0xe7d330	0xe7de30	0xb9d10
reference	terrain	0xe7d330	0xe7de99	0x2471c0
reference	terrain	0xe7d330	0xe7dee8	0x6f240
reference	terrain	0xe7d330	0xe7def9	0x6f230
reference	terrain	0xe7d330	0xe7df35	0x6ee10
reference	terrain	0xe7d330	0xe7dfd7	0x10aab0
reference	terrain	0xe7d330	0xe7e049	0x6f240
reference	terrain	0xe7d330	0xe7e055	0x6f230
reference	terrain	0xe7d330	0xe7e06a	0x6f240
reference	terrain	0xe7d330	0xe7e07a	0x6f230
reference	terrain	0xe7d330	0xe7e08a	0x6f240
reference	terrain	0xe7d330	0xe7e09a	0x6f230
reference	terrain	0xe7d330	0xe7e0aa	0x6f240
reference	terrain	0xe7d330	0xe7e0ba	0x6f230
reference	terrain	0xe7d330	0xe7e0ca	0x6f240
reference	terrain	0xe7d330	0xe7e0da	0x6f230
reference	terrain	0xe7d330	0xe7e0ea	0x6f240
reference	terrain	0xe7d330	0xe7e0fa	0x6f230
reference	terrain	0xe7d330	0xe7e133	0x6ee10
reference	terrain	0xe7d330	0xe7e142	0x6ee10
reference	terrain	0xe7d330	0xe7e150	0x6ee10
reference	terrain	0xe7d330	0xe7e163	0x6ee10
reference	terrain	0xe7d330	0xe7e171	0x6ee10
reference	terrain	0xe7d330	0xe7e184	0x6ee10
reference	terrain	0xe7d330	0xe7e197	0x6f430
reference	terrain	0xe7d330	0xe7e1a0	0x6f430
reference	terrain	0xe7d330	0xe7e1a9	0x6f430
reference	terrain	0xe7d330	0xe7e1b2	0x6f350
reference	terrain	0xe7d330	0xe7e1bb	0x6f350
reference	terrain	0xe7d330	0xe7e1c4	0x6f350
reference	terrain	0xe7d330	0xe7e1d8	0x6f560
reference	terrain	0xe7d330	0xe7e1e4	0xb9d10
reference	terrain	0xe7d330	0xe7e228	0x14d1330
reference	terrain	0xe7d330	0xe7e243	0x14d850
reference	terrain	0xe7d330	0xe7e2a8	0x6f560
reference	terrain	0xe7d330	0xe7e2b7	0x6f560
reference	terrain	0xe7d330	0xe7e2c3	0xb9d10
reference	terrain	0xe7d330	0xe7e32c	0x2471c0
reference	terrain	0xe7d330	0xe7e37b	0x6f240
reference	terrain	0xe7d330	0xe7e38b	0x6f230
reference	terrain	0xe7d330	0xe7e39e	0x6ee20
reference	terrain	0xe7d330	0xe7e3a8	0x657b0
reference	terrain	0xe7d330	0xe7e3c5	0x6ee10
reference	terrain	0xe7d330	0xe7e460	0x10aab0
reference	terrain	0xe7d330	0xe7e4cc	0x6f240
reference	terrain	0xe7d330	0xe7e4d8	0x6f230
reference	terrain	0xe7d330	0xe7e4ec	0x6f240
reference	terrain	0xe7d330	0xe7e4fc	0x6f230
reference	terrain	0xe7d330	0xe7e50c	0x6f240
reference	terrain	0xe7d330	0xe7e51c	0x6f230
reference	terrain	0xe7d330	0xe7e52c	0x6f240
reference	terrain	0xe7d330	0xe7e53c	0x6f230
reference	terrain	0xe7d330	0xe7e54c	0x6f240
reference	terrain	0xe7d330	0xe7e55c	0x6f230
reference	terrain	0xe7d330	0xe7e56c	0x6f240
reference	terrain	0xe7d330	0xe7e57c	0x6f230
reference	terrain	0xe7d330	0xe7e58f	0x6ee20
reference	terrain	0xe7d330	0xe7e599	0x657b0
reference	terrain	0xe7d330	0xe7e5b5	0x6ee10
reference	terrain	0xe7d330	0xe7e5c4	0x6ee10
reference	terrain	0xe7d330	0xe7e5d3	0x6ee10
reference	terrain	0xe7d330	0xe7e5e1	0x6ee10
reference	terrain	0xe7d330	0xe7e5ef	0x6ee10
reference	terrain	0xe7d330	0xe7e602	0x6ee10
reference	terrain	0xe7d330	0xe7e616	0x6f430
reference	terrain	0xe7d330	0xe7e61f	0x6f430
reference	terrain	0xe7d330	0xe7e628	0x6f430
reference	terrain	0xe7d330	0xe7e631	0x6f350
reference	terrain	0xe7d330	0xe7e63a	0x6f350
reference	terrain	0xe7d330	0xe7e643	0x6f350
reference	terrain	0xe7d330	0xe7e656	0x6ee20
reference	terrain	0xe7d330	0xe7e660	0x657b0
reference	terrain	0xe7d330	0xe7e677	0x6f560
reference	terrain	0xe7d330	0xe7e683	0xb9d10
reference	terrain	0xe7d330	0xe7e68d	0x6ee00
reference	terrain	0xe7d330	0xe7e6a3	0x6ee20
reference	terrain	0xe7d330	0xe7e6ad	0x657b0
reference	terrain	0xe7d330	0xe7e6d2	0x6f560
reference	terrain	0xe7d330	0xe7e6ea	0x14d1330
reference	terrain	0xe7d330	0xe7e705	0x14d850
reference	terrain	0xe7d330	0xe7e766	0x6f560
reference	terrain	0xe7d330	0xe7e775	0x6f560
reference	terrain	0xe7d330	0xe7e781	0xb9d10
reference	terrain	0xe7d330	0xe7e795	0x6f560
reference	terrain	0xe7d330	0xe7e7b9	0x6f560
reference	terrain	0xe7d330	0xe7e7c8	0x6f560
reference	terrain	0xe7d330	0xe7e7dc	0x6f560
reference	terrain	0xe7d330	0xe7e7f9	0xa46f20
reference	terrain	0xe7d330	0xe7e808	0x6f560
reference	terrain	0xe7d330	0xe7e852	0x14d0c70
reference	terrain	0xe7d330	0xe7e87d	0x14d1920
reference	terrain	0xe7d330	0xe7e889	0xb9d10
reference	terrain	0xe7d330	0xe7e898	0x6f560
reference	terrain	0xe7d330	0xe7e8ba	0xa46f20
reference	terrain	0xe7d330	0xe7e8c9	0x6f560
reference	terrain	0xe7d330	0xe7e8dd	0x6f560
reference	terrain	0xe7d330	0xe7e927	0x14d0c70
reference	terrain	0xe7d330	0xe7e952	0x14d1920
reference	terrain	0xe7d330	0xe7e95e	0xb9d10
reference	terrain	0xe7d330	0xe7e96d	0x6f560
reference	terrain	0xe7d330	0xe7e98f	0xa46f20
reference	terrain	0xe7d330	0xe7e99e	0x6f560
reference	terrain	0xe7d330	0xe7e9b2	0x6f560
reference	terrain	0xe7d330	0xe7e9fc	0x14d0c70
reference	terrain	0xe7d330	0xe7ea27	0x14d1920
reference	terrain	0xe7d330	0xe7ea33	0xb9d10
reference	terrain	0xe7d330	0xe7ea42	0x6f560
reference	terrain	0xe7d330	0xe7ea64	0xa46f20
reference	terrain	0xe7d330	0xe7ea73	0x6f560
reference	terrain	0xe7d330	0xe7ea87	0x6f560
reference	terrain	0xe7d330	0xe7ead1	0x14d0c70
reference	terrain	0xe7d330	0xe7eafc	0x14d1920
reference	terrain	0xe7d330	0xe7eb08	0xb9d10
reference	terrain	0xe7d330	0xe7eb17	0x6f560
reference	terrain	0xe7d330	0xe7eb39	0xa46f20
reference	terrain	0xe7d330	0xe7eb48	0x6f560
reference	terrain	0xe7d330	0xe7eb5c	0x6f560
reference	terrain	0xe7d330	0xe7eba6	0x14d0c70
reference	terrain	0xe7d330	0xe7ebd1	0x14d1920
reference	terrain	0xe7d330	0xe7ebdd	0xb9d10
reference	terrain	0xe7d330	0xe7ebec	0x6f560
reference	terrain	0xe7d330	0xe7ec0e	0xa46f20
reference	terrain	0xe7d330	0xe7ec1d	0x6f560
reference	terrain	0xe7d330	0xe7ec31	0x6f560
reference	terrain	0xe7d330	0xe7ec7b	0x14d0c70
reference	terrain	0xe7d330	0xe7eca6	0x14d1920
reference	terrain	0xe7d330	0xe7ecb2	0xb9d10
reference	terrain	0xe7d330	0xe7ecc1	0x6f560
reference	terrain	0xe7d330	0xe7ece3	0xa46f20
reference	terrain	0xe7d330	0xe7ecf2	0x6f560
reference	terrain	0xe7d330	0xe7ed06	0x6f560
reference	terrain	0xe7d330	0xe7ed50	0x14d0c70
reference	terrain	0xe7d330	0xe7ed7b	0x14d1920
reference	terrain	0xe7d330	0xe7ed87	0xb9d10
reference	terrain	0xe7d330	0xe7ed96	0x6f560
reference	terrain	0xe7d330	0xe7edb8	0xa46f20
reference	terrain	0xe7d330	0xe7edc7	0x6f560
reference	terrain	0xe7d330	0xe7eddb	0x6f560
reference	terrain	0xe7d330	0xe7ee25	0x14d0c70
reference	terrain	0xe7d330	0xe7ee50	0x14d1920
reference	terrain	0xe7d330	0xe7ee5c	0xb9d10
reference	terrain	0xe7d330	0xe7ee6b	0x6f560
reference	terrain	0xe7d330	0xe7ee8d	0xa46f20
reference	terrain	0xe7d330	0xe7ee9c	0x6f560
reference	terrain	0xe7d330	0xe7eeb0	0x6f560
reference	terrain	0xe7d330	0xe7eefa	0x14d0c70
reference	terrain	0xe7d330	0xe7ef25	0x14d1920
reference	terrain	0xe7d330	0xe7ef31	0xb9d10
reference	terrain	0xe7d330	0xe7ef40	0x6f560
reference	terrain	0xe7d330	0xe7ef62	0xa46f20
reference	terrain	0xe7d330	0xe7ef71	0x6f560
reference	terrain	0xe7d330	0xe7ef85	0x6f560
reference	terrain	0xe7d330	0xe7efcf	0x14d0c70
reference	terrain	0xe7d330	0xe7effa	0x14d1920
reference	terrain	0xe7d330	0xe7f006	0xb9d10
reference	terrain	0xe7d330	0xe7f015	0x6f560
reference	terrain	0xe7d330	0xe7f037	0xa46f20
reference	terrain	0xe7d330	0xe7f046	0x6f560
reference	terrain	0xe7d330	0xe7f05a	0x6f560
reference	terrain	0xe7d330	0xe7f0a4	0x14d0c70
reference	terrain	0xe7d330	0xe7f0cf	0x14d1920
reference	terrain	0xe7d330	0xe7f0db	0xb9d10
reference	terrain	0xe7d330	0xe7f0ea	0x6f560
reference	terrain	0xe7d330	0xe7f10c	0xa46f20
reference	terrain	0xe7d330	0xe7f11b	0x6f560
reference	terrain	0xe7d330	0xe7f12f	0x6f560
reference	terrain	0xe7d330	0xe7f179	0x14d0c70
reference	terrain	0xe7d330	0xe7f1a4	0x14d1920
reference	terrain	0xe7d330	0xe7f1b0	0xb9d10
reference	terrain	0xe7d330	0xe7f1bf	0x6f560
reference	terrain	0xe7d330	0xe7f1e1	0xa46f20
reference	terrain	0xe7d330	0xe7f1f0	0x6f560
reference	terrain	0xe7d330	0xe7f204	0x6f560
reference	terrain	0xe7d330	0xe7f24e	0x14d0c70
reference	terrain	0xe7d330	0xe7f279	0x14d1920
reference	terrain	0xe7d330	0xe7f285	0xb9d10
reference	terrain	0xe7d330	0xe7f294	0x6f560
reference	terrain	0xe7d330	0xe7f2b6	0xa46f20
reference	terrain	0xe7d330	0xe7f2c5	0x6f560
reference	terrain	0xe7d330	0xe7f2d9	0x6f560
reference	terrain	0xe7d330	0xe7f323	0x14d0c70
reference	terrain	0xe7d330	0xe7f34e	0x14d1920
reference	terrain	0xe7d330	0xe7f35a	0xb9d10
reference	terrain	0xe7d330	0xe7f369	0x6f560
reference	terrain	0xe7d330	0xe7f38b	0xa46f20
reference	terrain	0xe7d330	0xe7f39a	0x6f560
reference	terrain	0xe7d330	0xe7f3ae	0x6f560
reference	terrain	0xe7d330	0xe7f3f8	0x14d0c70
reference	terrain	0xe7d330	0xe7f423	0x14d1920
reference	terrain	0xe7d330	0xe7f42f	0xb9d10
reference	terrain	0xe7d330	0xe7f43e	0x6f560
reference	terrain	0xe7d330	0xe7f460	0xa46f20
reference	terrain	0xe7d330	0xe7f46f	0x6f560
reference	terrain	0xe7d330	0xe7f483	0x6f560
reference	terrain	0xe7d330	0xe7f4d0	0x6f560
reference	terrain	0xe7d330	0xe7f50d	0xb9d30
reference	terrain	0xe7d330	0xe7f51c	0x6f560
reference	terrain	0xe7d330	0xe7f526	0xb9d30
reference	terrain	0xe7d330	0xe7f53c	0xb9d30
reference	terrain	0xe7d330	0xe7f54b	0x6f560
reference	terrain	0xe7d330	0xe7f555	0xb9d30
reference	terrain	0xe7d330	0xe7f56b	0xb9d30
reference	terrain	0xe7d330	0xe7f57a	0x6f560
reference	terrain	0xe7d330	0xe7f584	0xb9d30
reference	terrain	0xe7d330	0xe7f597	0xb9d30
reference	terrain	0xe7d330	0xe7f5a6	0x6f560
reference	terrain	0xe7d330	0xe7f5b0	0xb9d30
reference	terrain	0xe7d330	0xe7f5c3	0xb9d30
reference	terrain	0xe7d330	0xe7f5d2	0x6f560
reference	terrain	0xe7d330	0xe7f5dc	0xb9d30
reference	terrain	0xe7d330	0xe7f5f4	0x6f560
reference	terrain	0xe7d330	0xe7f639	0x14d0c70
reference	terrain	0xe7d330	0xe7f664	0x14d1920
reference	terrain	0xe7d330	0xe7f670	0xb9d10
reference	terrain	0xe7d330	0xe7f683	0x7dc40
reference	terrain	0xe7d330	0xe7f69c	0x6f560
reference	terrain	0xe7d330	0xe7f6e6	0x14d0c70
reference	terrain	0xe7d330	0xe7f711	0x14d1920
reference	terrain	0xe7d330	0xe7f71d	0xb9d10
reference	terrain	0xe7d330	0xe7f72c	0x6f560
reference	terrain	0xe7d330	0xe7f740	0x6f560
reference	terrain	0xe7d330	0xe7f78a	0x14d0c70
reference	terrain	0xe7d330	0xe7f7b5	0x14d1920
reference	terrain	0xe7d330	0xe7f7c1	0xb9d10
reference	terrain	0xe7d330	0xe7f818	0x14d0c70
reference	terrain	0xe7d330	0xe7f843	0x14d1920
reference	terrain	0xe7d330	0xe7f84f	0xb9d10
reference	terrain	0xe7d330	0xe7f862	0x7dc40
reference	terrain	0xe7d330	0xe7f88d	0x6f560
reference	terrain	0xe7d330	0xe7f8d2	0x14d0c70
reference	terrain	0xe7d330	0xe7f8fd	0x14d1920
reference	terrain	0xe7d330	0xe7f909	0xb9d10
reference	terrain	0xe7d330	0xe7f91c	0x7dc40
reference	terrain	0xe7d330	0xe7f935	0x6f560
reference	terrain	0xe7d330	0xe7f951	0x13ffaf0
reference	terrain	0xe7d330	0xe7f96e	0x7db20
reference	terrain	0xe7d330	0xe7f98b	0xb9dc0
reference	terrain	0xe7d330	0xe7f9b5	0xa946e0
reference	terrain	0xe7d330	0xe7f9c4	0x6f560
reference	terrain	0xe7d330	0xe7f9de	0x6f560
reference	terrain	0xe7d330	0xe7fa03	0x14d880
reference	terrain	0xe7d330	0xe7fa16	0x6f560
reference	terrain	0xe7d330	0xe7fa1f	0x6f690
reference	terrain	0xe7d330	0xe7fa30	0x13ffd20
reference	terrain	0xe7d330	0xe7fa3c	0xb9d10
reference	terrain	0xe7d330	0xe7fa58	0x14d880
reference	terrain	0xe7d330	0xe7fa6b	0x6f560
reference	terrain	0xe7d330	0xe7fa75	0x67e30
reference	terrain	0xe7d330	0xe7fa89	0x6f560
reference	terrain	0xe7d330	0xe7faa5	0x13ffaf0
reference	terrain	0xe7d330	0xe7fac4	0x7db20
reference	terrain	0xe7d330	0xe7fae6	0xb9dc0
reference	terrain	0xe7d330	0xe7fb10	0xa946e0
reference	terrain	0xe7d330	0xe7fb1f	0x6f560
reference	terrain	0xe7d330	0xe7fb39	0x6f560
reference	terrain	0xe7d330	0xe7fb4d	0x6f690
reference	terrain	0xe7d330	0xe7fb60	0x13ffd20
reference	terrain	0xe7d330	0xe7fb6c	0xb9d10
reference	terrain	0xe7d330	0xe7fb9d	0x14d850
reference	terrain	0xe7d330	0xe7fc04	0x2471c0
reference	terrain	0xe7d330	0xe7fc51	0x6f240
reference	terrain	0xe7d330	0xe7fc61	0x6f230
reference	terrain	0xe7d330	0xe7fc74	0x6ee20
reference	terrain	0xe7d330	0xe7fc7e	0x657b0
reference	terrain	0xe7d330	0xe7fc95	0x6ee10
reference	terrain	0xe7d330	0xe7fd35	0x10aab0
reference	terrain	0xe7d330	0xe7fda6	0x6f240
reference	terrain	0xe7d330	0xe7fdb2	0x6f230
reference	terrain	0xe7d330	0xe7fdc6	0x6f240
reference	terrain	0xe7d330	0xe7fdd6	0x6f230
reference	terrain	0xe7d330	0xe7fde6	0x6f240
reference	terrain	0xe7d330	0xe7fdf6	0x6f230
reference	terrain	0xe7d330	0xe7fe06	0x6f240
reference	terrain	0xe7d330	0xe7fe16	0x6f230
reference	terrain	0xe7d330	0xe7fe26	0x6f240
reference	terrain	0xe7d330	0xe7fe36	0x6f230
reference	terrain	0xe7d330	0xe7fe46	0x6f240
reference	terrain	0xe7d330	0xe7fe56	0x6f230
reference	terrain	0xe7d330	0xe7fe69	0x6ee20
reference	terrain	0xe7d330	0xe7fe73	0x657b0
reference	terrain	0xe7d330	0xe7fe89	0x6ee10
reference	terrain	0xe7d330	0xe7fe97	0x6ee10
reference	terrain	0xe7d330	0xe7fea9	0x6ee10
reference	terrain	0xe7d330	0xe7febc	0x6ee10
reference	terrain	0xe7d330	0xe7feca	0x6ee10
reference	terrain	0xe7d330	0xe7fede	0x6ee10
reference	terrain	0xe7d330	0xe7fef2	0x6f430
reference	terrain	0xe7d330	0xe7fefb	0x6f430
reference	terrain	0xe7d330	0xe7ff04	0x6f430
reference	terrain	0xe7d330	0xe7ff0d	0x6f350
reference	terrain	0xe7d330	0xe7ff16	0x6f350
reference	terrain	0xe7d330	0xe7ff1f	0x6f350
reference	terrain	0xe7d330	0xe7ff32	0x6ee20
reference	terrain	0xe7d330	0xe7ff3c	0x657b0
reference	terrain	0xe7d330	0xe7ff53	0x6f560
reference	terrain	0xe7d330	0xe7ff5f	0xb9d10
reference	terrain	0xe7d330	0xe7ff69	0x6ee00
reference	terrain	0xe7d330	0xe7ff7f	0x6ee20
reference	terrain	0xe7d330	0xe7ff89	0x657b0
reference	terrain	0xe7d330	0xe7ff9a	0x67e30
reference	terrain	0xe7d330	0xe7ffae	0x6f560
reference	terrain	0xe7d330	0xe7ffc2	0x6f560
reference	terrain	0xe7d330	0xe80002	0x14d0c70
reference	terrain	0xe7d330	0xe8002a	0x14d1920
reference	terrain	0xe7d330	0xe80036	0xb9d10
reference	terrain	0xe7d330	0xe8005c	0x6f560
reference	terrain	0xe7d330	0xe80070	0x6f560
reference	terrain	0xe7d330	0xe80084	0x6f560
reference	terrain	0xe7d330	0xe80098	0x6f560
reference	terrain	0xe7d330	0xe800ac	0x6f560
reference	terrain	0xe7d330	0xe800c0	0x6f560
reference	terrain	0xe7d330	0xe800d4	0x6f560
reference	terrain	0xe7d330	0xe800e8	0x6f560
reference	terrain	0xe7d330	0xe80100	0x7dc40
reference	terrain	0xe7d330	0xe80115	0x6f560
reference	terrain	0xe7d330	0xe80126	0x6f560
reference	terrain	0xe7d330	0xe8013a	0x6f560
reference	terrain	0xe7d330	0xe80152	0xe7ced0
reference	terrain	0xe7d330	0xe80165	0x6f560
reference	terrain	0xe7d330	0xe80174	0x6f560
reference	terrain	0xe7d330	0xe801b0	0x14d1330
reference	terrain	0xe7d330	0xe801cb	0x14d850
reference	terrain	0xe7d330	0xe8022c	0x6f560
reference	terrain	0xe7d330	0xe8023b	0xb9d10
reference	terrain	0xe7d330	0xe8024a	0x6f560
reference	terrain	0xe7d330	0xe8025e	0x6f560
reference	terrain	0xe7d330	0xe80276	0x14d1330
reference	terrain	0xe7d330	0xe80291	0x14d850
reference	terrain	0xe7d330	0xe802f2	0x6f560
reference	terrain	0xe7d330	0xe80301	0xb9d10
reference	terrain	0xe7d330	0xe80310	0x6f560
reference	terrain	0xe7d330	0xe80324	0x6f560
reference	terrain	0xe7d330	0xe8033c	0x14d1330
reference	terrain	0xe7d330	0xe80357	0x14d850
reference	terrain	0xe7d330	0xe803b8	0x6f560
reference	terrain	0xe7d330	0xe803c7	0xb9d10
reference	terrain	0xe7d330	0xe803d6	0x6f560
reference	terrain	0xe7d330	0xe803ea	0x6f560
reference	terrain	0xe7d330	0xe803fe	0x6f560
reference	terrain	0xe7d330	0xe8041b	0xa46f20
reference	terrain	0xe7d330	0xe8042a	0x6f560
reference	terrain	0xe7d330	0xe80474	0x14d0c70
reference	terrain	0xe7d330	0xe8049f	0x14d1920
reference	terrain	0xe7d330	0xe804b7	0x6f560
reference	terrain	0xe7d330	0xe804d4	0xa46f20
reference	terrain	0xe7d330	0xe804e3	0x6f560
reference	terrain	0xe7d330	0xe8052d	0x14d0c70
reference	terrain	0xe7d330	0xe80558	0x14d1920
reference	terrain	0xe7d330	0xe80564	0xb9d10
reference	terrain	0xe7d330	0xe80573	0x6f560
reference	terrain	0xe7d330	0xe80587	0x6f560
reference	terrain	0xe7d330	0xe805a4	0xa46f20
reference	terrain	0xe7d330	0xe805b3	0x6f560
reference	terrain	0xe7d330	0xe805c7	0x6f560
reference	terrain	0xe7d330	0xe80611	0x14d0c70
reference	terrain	0xe7d330	0xe8063c	0x14d1920
reference	terrain	0xe7d330	0xe80654	0x6f560
reference	terrain	0xe7d330	0xe80668	0x6f560
reference	terrain	0xe7d330	0xe8067c	0x6f560
reference	terrain	0xe7d330	0xe80694	0xe7ced0
reference	terrain	0xe7d330	0xe806a7	0x6f560
reference	terrain	0xe7d330	0xe806ba	0x14d1330
reference	terrain	0xe7d330	0xe806d5	0x14d850
reference	terrain	0xe7d330	0xe80736	0x6f560
reference	terrain	0xe7d330	0xe80745	0xb9d10
reference	terrain	0xe7d330	0xe80754	0x6f560
reference	terrain	0xe7d330	0xe80768	0x6f560
reference	terrain	0xe7d330	0xe80780	0xe7ced0
reference	terrain	0xe7d330	0xe80793	0x6f560
reference	terrain	0xe7d330	0xe807a6	0x14d1330
reference	terrain	0xe7d330	0xe807c1	0x14d850
reference	terrain	0xe7d330	0xe80814	0x6f560
reference	terrain	0xe7d330	0xe80834	0x6f560
reference	terrain	0xe7d330	0xe8084f	0x6f560
reference	terrain	0xe7d330	0xe80867	0xe7ced0
reference	terrain	0xe7d330	0xe8087a	0x6f560
reference	terrain	0xe7d330	0xe8088d	0x14d1330
reference	terrain	0xe7d330	0xe808a8	0x14d850
reference	terrain	0xe7d330	0xe808fb	0x6f560
reference	terrain	0xe7d330	0xe8091b	0x6f560
reference	terrain	0xe7d330	0xe80936	0x6f560
reference	terrain	0xe7d330	0xe8094e	0xe7ced0
reference	terrain	0xe7d330	0xe80961	0x6f560
reference	terrain	0xe7d330	0xe809a6	0x14d0c70
reference	terrain	0xe7d330	0xe809d1	0x14d1920
reference	terrain	0xe7d330	0xe809dd	0xb9d10
reference	terrain	0xe7d330	0xe809ec	0x6f560
reference	terrain	0xe7d330	0xe80a04	0xe7ced0
reference	terrain	0xe7d330	0xe80a17	0x6f560
reference	terrain	0xe7d330	0xe80a34	0xa46f20
reference	terrain	0xe7d330	0xe80a43	0x6f560
reference	terrain	0xe7d330	0xe80a5b	0xe7ced0
reference	terrain	0xe7d330	0xe80a6e	0x6f560
reference	terrain	0xe7d330	0xe80a7d	0x6f560
reference	terrain	0xe7d330	0xe80a95	0xe7ced0
reference	terrain	0xe7d330	0xe80aa8	0x6f560
reference	terrain	0xe7d330	0xe80aed	0x14d0c70
reference	terrain	0xe7d330	0xe80b18	0x14d1920
reference	terrain	0xe7d330	0xe80b24	0xb9d10
reference	terrain	0xe7d330	0xe80b33	0x6f560
reference	terrain	0xe7d330	0xe80b4b	0xe7ced0
reference	terrain	0xe7d330	0xe80b5e	0x6f560
reference	terrain	0xe7d330	0xe80b7b	0xa46f20
reference	terrain	0xe7d330	0xe80b8a	0x6f560
reference	terrain	0xe7d330	0xe80ba2	0xe7ced0
reference	terrain	0xe7d330	0xe80bb5	0x6f560
reference	terrain	0xe7d330	0xe80bc4	0x6f560
reference	terrain	0xe7d330	0xe80bdc	0xe7ced0
reference	terrain	0xe7d330	0xe80bef	0x6f560
reference	terrain	0xe7d330	0xe80c34	0x14d0c70
reference	terrain	0xe7d330	0xe80c5f	0x14d1920
reference	terrain	0xe7d330	0xe80c6b	0xb9d10
reference	terrain	0xe7d330	0xe80c7a	0x6f560
reference	terrain	0xe7d330	0xe80c92	0xe7ced0
reference	terrain	0xe7d330	0xe80ca5	0x6f560
reference	terrain	0xe7d330	0xe80cc2	0xa46f20
reference	terrain	0xe7d330	0xe80cd1	0x6f560
reference	terrain	0xe7d330	0xe80ce9	0xe7ced0
reference	terrain	0xe7d330	0xe80cfc	0x6f560
reference	terrain	0xe7d330	0xe80d0b	0x6f560
reference	terrain	0xe7d330	0xe80d23	0xe7ced0
reference	terrain	0xe7d330	0xe80d36	0x6f560
reference	terrain	0xe7d330	0xe80d7b	0x14d0c70
reference	terrain	0xe7d330	0xe80da6	0x14d1920
reference	terrain	0xe7d330	0xe80db2	0xb9d10
reference	terrain	0xe7d330	0xe80dc1	0x6f560
reference	terrain	0xe7d330	0xe80dd9	0xe7ced0
reference	terrain	0xe7d330	0xe80dec	0x6f560
reference	terrain	0xe7d330	0xe80e09	0xa46f20
reference	terrain	0xe7d330	0xe80e18	0x6f560
reference	terrain	0xe7d330	0xe80e30	0xe7ced0
reference	terrain	0xe7d330	0xe80e43	0x6f560
reference	terrain	0xe7d330	0xe80e52	0x6f560
reference	terrain	0xe7d330	0xe80e6a	0xe7ced0
reference	terrain	0xe7d330	0xe80e7d	0x6f560
reference	terrain	0xe7d330	0xe80ec2	0x14d0c70
reference	terrain	0xe7d330	0xe80eed	0x14d1920
reference	terrain	0xe7d330	0xe80ef9	0xb9d10
reference	terrain	0xe7d330	0xe80f08	0x6f560
reference	terrain	0xe7d330	0xe80f20	0xe7ced0
reference	terrain	0xe7d330	0xe80f33	0x6f560
reference	terrain	0xe7d330	0xe80f50	0xa46f20
reference	terrain	0xe7d330	0xe80f5f	0x6f560
reference	terrain	0xe7d330	0xe80f77	0xe7ced0
reference	terrain	0xe7d330	0xe80f8a	0x6f560
reference	terrain	0xe7d330	0xe80f99	0x6f560
reference	terrain	0xe7d330	0xe80fb1	0xe7ced0
reference	terrain	0xe7d330	0xe80fc4	0x6f560
reference	terrain	0xe7d330	0xe81009	0x14d0c70
reference	terrain	0xe7d330	0xe81034	0x14d1920
reference	terrain	0xe7d330	0xe81040	0xb9d10
reference	terrain	0xe7d330	0xe8104f	0x6f560
reference	terrain	0xe7d330	0xe81067	0xe7ced0
reference	terrain	0xe7d330	0xe8107a	0x6f560
reference	terrain	0xe7d330	0xe81097	0xa46f20
reference	terrain	0xe7d330	0xe810a6	0x6f560
reference	terrain	0xe7d330	0xe810be	0xe7ced0
reference	terrain	0xe7d330	0xe810d1	0x6f560
reference	terrain	0xe7d330	0xe810e0	0x6f560
reference	terrain	0xe7d330	0xe810f8	0xe7ced0
reference	terrain	0xe7d330	0xe8110b	0x6f560
reference	terrain	0xe7d330	0xe81150	0x14d0c70
reference	terrain	0xe7d330	0xe8117b	0x14d1920
reference	terrain	0xe7d330	0xe81187	0xb9d10
reference	terrain	0xe7d330	0xe81196	0x6f560
reference	terrain	0xe7d330	0xe811ae	0xe7ced0
reference	terrain	0xe7d330	0xe811c1	0x6f560
reference	terrain	0xe7d330	0xe811de	0xa46f20
reference	terrain	0xe7d330	0xe811ed	0x6f560
reference	terrain	0xe7d330	0xe81205	0xe7ced0
reference	terrain	0xe7d330	0xe81218	0x6f560
reference	terrain	0xe7d330	0xe81227	0x6f560
reference	terrain	0xe7d330	0xe8123f	0xe7ced0
reference	terrain	0xe7d330	0xe81252	0x6f560
reference	terrain	0xe7d330	0xe81297	0x14d0c70
reference	terrain	0xe7d330	0xe812c2	0x14d1920
reference	terrain	0xe7d330	0xe812ce	0xb9d10
reference	terrain	0xe7d330	0xe812dd	0x6f560
reference	terrain	0xe7d330	0xe812f5	0xe7ced0
reference	terrain	0xe7d330	0xe81308	0x6f560
reference	terrain	0xe7d330	0xe81325	0xa46f20
reference	terrain	0xe7d330	0xe81334	0x6f560
reference	terrain	0xe7d330	0xe8134c	0xe7ced0
reference	terrain	0xe7d330	0xe8135f	0x6f560
reference	terrain	0xe7d330	0xe8136e	0x6f560
reference	terrain	0xe7d330	0xe81386	0xe7ced0
reference	terrain	0xe7d330	0xe81399	0x6f560
reference	terrain	0xe7d330	0xe813de	0x14d0c70
reference	terrain	0xe7d330	0xe81409	0x14d1920
reference	terrain	0xe7d330	0xe81415	0xb9d10
reference	terrain	0xe7d330	0xe81424	0x6f560
reference	terrain	0xe7d330	0xe8143c	0xe7ced0
reference	terrain	0xe7d330	0xe8144f	0x6f560
reference	terrain	0xe7d330	0xe8146c	0xa46f20
reference	terrain	0xe7d330	0xe8147b	0x6f560
reference	terrain	0xe7d330	0xe81493	0xe7ced0
reference	terrain	0xe7d330	0xe814a6	0x6f560
reference	terrain	0xe7d330	0xe814b5	0x6f560
reference	terrain	0xe7d330	0xe814cd	0xe7ced0
reference	terrain	0xe7d330	0xe814e0	0x6f560
reference	terrain	0xe7d330	0xe81525	0x14d0c70
reference	terrain	0xe7d330	0xe81550	0x14d1920
reference	terrain	0xe7d330	0xe8155c	0xb9d10
reference	terrain	0xe7d330	0xe8156b	0x6f560
reference	terrain	0xe7d330	0xe81583	0xe7ced0
reference	terrain	0xe7d330	0xe81596	0x6f560
reference	terrain	0xe7d330	0xe815b3	0xa46f20
reference	terrain	0xe7d330	0xe815c2	0x6f560
reference	terrain	0xe7d330	0xe815da	0xe7ced0
reference	terrain	0xe7d330	0xe815ed	0x6f560
reference	terrain	0xe7d330	0xe815fc	0x6f560
reference	terrain	0xe7d330	0xe81614	0xe7ced0
reference	terrain	0xe7d330	0xe81627	0x6f560
reference	terrain	0xe7d330	0xe8166c	0x14d0c70
reference	terrain	0xe7d330	0xe81697	0x14d1920
reference	terrain	0xe7d330	0xe816a3	0xb9d10
reference	terrain	0xe7d330	0xe816b2	0x6f560
reference	terrain	0xe7d330	0xe816ca	0xe7ced0
reference	terrain	0xe7d330	0xe816dd	0x6f560
reference	terrain	0xe7d330	0xe816fa	0xa46f20
reference	terrain	0xe7d330	0xe81709	0x6f560
reference	terrain	0xe7d330	0xe81721	0xe7ced0
reference	terrain	0xe7d330	0xe81734	0x6f560
reference	terrain	0xe7d330	0xe81743	0x6f560
reference	terrain	0xe7d330	0xe8175b	0xe7ced0
reference	terrain	0xe7d330	0xe8176e	0x6f560
reference	terrain	0xe7d330	0xe817b3	0x14d0c70
reference	terrain	0xe7d330	0xe817de	0x14d1920
reference	terrain	0xe7d330	0xe817ea	0xb9d10
reference	terrain	0xe7d330	0xe817f9	0x6f560
reference	terrain	0xe7d330	0xe81811	0xe7ced0
reference	terrain	0xe7d330	0xe81824	0x6f560
reference	terrain	0xe7d330	0xe81841	0xa46f20
reference	terrain	0xe7d330	0xe81850	0x6f560
reference	terrain	0xe7d330	0xe81868	0xe7ced0
reference	terrain	0xe7d330	0xe8187b	0x6f560
reference	terrain	0xe7d330	0xe8188a	0x6f560
reference	terrain	0xe7d330	0xe818a2	0xe7ced0
reference	terrain	0xe7d330	0xe818b5	0x6f560
reference	terrain	0xe7d330	0xe818fa	0x14d0c70
reference	terrain	0xe7d330	0xe81925	0x14d1920
reference	terrain	0xe7d330	0xe81931	0xb9d10
reference	terrain	0xe7d330	0xe81940	0x6f560
reference	terrain	0xe7d330	0xe81958	0xe7ced0
reference	terrain	0xe7d330	0xe8196b	0x6f560
reference	terrain	0xe7d330	0xe81988	0xa46f20
reference	terrain	0xe7d330	0xe81997	0x6f560
reference	terrain	0xe7d330	0xe819af	0xe7ced0
reference	terrain	0xe7d330	0xe819c2	0x6f560
reference	terrain	0xe7d330	0xe819d1	0x6f560
reference	terrain	0xe7d330	0xe819e9	0xe7ced0
reference	terrain	0xe7d330	0xe819fc	0x6f560
reference	terrain	0xe7d330	0xe81a41	0x14d0c70
reference	terrain	0xe7d330	0xe81a6c	0x14d1920
reference	terrain	0xe7d330	0xe81a78	0xb9d10
reference	terrain	0xe7d330	0xe81a87	0x6f560
reference	terrain	0xe7d330	0xe81a9f	0xe7ced0
reference	terrain	0xe7d330	0xe81ab2	0x6f560
reference	terrain	0xe7d330	0xe81acf	0xa46f20
reference	terrain	0xe7d330	0xe81ade	0x6f560
reference	terrain	0xe7d330	0xe81af6	0xe7ced0
reference	terrain	0xe7d330	0xe81b09	0x6f560
reference	terrain	0xe7d330	0xe81b18	0x6f560
reference	terrain	0xe7d330	0xe81b30	0xe7ced0
reference	terrain	0xe7d330	0xe81b43	0x6f560
reference	terrain	0xe7d330	0xe81b88	0x14d0c70
reference	terrain	0xe7d330	0xe81bb3	0x14d1920
reference	terrain	0xe7d330	0xe81bbf	0xb9d10
reference	terrain	0xe7d330	0xe81bce	0x6f560
reference	terrain	0xe7d330	0xe81be6	0xe7ced0
reference	terrain	0xe7d330	0xe81bf9	0x6f560
reference	terrain	0xe7d330	0xe81c16	0xa46f20
reference	terrain	0xe7d330	0xe81c25	0x6f560
reference	terrain	0xe7d330	0xe81c3d	0xe7ced0
reference	terrain	0xe7d330	0xe81c50	0x6f560
reference	terrain	0xe7d330	0xe81c5f	0x6f560
reference	terrain	0xe7d330	0xe81c77	0xe7ced0
reference	terrain	0xe7d330	0xe81c8a	0x6f560
reference	terrain	0xe7d330	0xe81ccf	0x14d0c70
reference	terrain	0xe7d330	0xe81cfa	0x14d1920
reference	terrain	0xe7d330	0xe81d16	0xe7ced0
reference	terrain	0xe7d330	0xe81d29	0x6f560
reference	terrain	0xe7d330	0xe81d46	0xa46f20
reference	terrain	0xe7d330	0xe81d55	0x6f560
reference	terrain	0xe7d330	0xe81d6d	0xe7ced0
reference	terrain	0xe7d330	0xe81d80	0x6f560
reference	terrain	0xe7d330	0xe81d8f	0x6f560
reference	terrain	0xe7d330	0xe81dab	0xe7ced0
reference	terrain	0xe7d330	0xe81dbe	0x6f560
reference	terrain	0xe7d330	0xe81dd1	0x67f80
reference	terrain	0xe7d330	0xe81e1b	0x14d1330
reference	terrain	0xe7d330	0xe81e36	0x14d850
reference	terrain	0xe7d330	0xe81e97	0x6f560
reference	terrain	0xe7d330	0xe81ea6	0xb9d10
reference	terrain	0xe7d330	0xe81eb5	0x6f560
reference	terrain	0xe7d330	0xe81ec9	0x6f560
reference	terrain	0xe7d330	0xe81ee1	0x14d1330
reference	terrain	0xe7d330	0xe81efc	0x14d850
reference	terrain	0xe7d330	0xe81f4f	0x6f560
reference	terrain	0xe7d330	0xe81f6f	0x6f560
reference	terrain	0xe7d330	0xe81f8a	0x6f560
reference	terrain	0xe7d330	0xe81fa2	0x14d1330
reference	terrain	0xe7d330	0xe81fbd	0x14d850
reference	terrain	0xe7d330	0xe82010	0x6f560
reference	terrain	0xe7d330	0xe82030	0x6f560
reference	terrain	0xe7d330	0xe8204b	0x6f560
reference	terrain	0xe7d330	0xe82095	0x14d0c70
reference	terrain	0xe7d330	0xe820c0	0x14d1920
reference	terrain	0xe7d330	0xe820d8	0x6f560
reference	terrain	0xe7d330	0xe820fa	0xa46f20
reference	terrain	0xe7d330	0xe82109	0x6f560
reference	terrain	0xe7d330	0xe8217e	0x14d0c70
reference	terrain	0xe7d330	0xe821a9	0x14d1920
reference	terrain	0xe7d330	0xe821b5	0xb9d10
reference	terrain	0xe7d330	0xe821c4	0x6f560
reference	terrain	0xe7d330	0xe821e6	0xa46f20
reference	terrain	0xe7d330	0xe821f5	0x6f560
reference	terrain	0xe7d330	0xe82209	0x6f560
reference	terrain	0xe7d330	0xe82253	0x14d0c70
reference	terrain	0xe7d330	0xe8227e	0x14d1920
reference	terrain	0xe7d330	0xe8228a	0xb9d10
reference	terrain	0xe7d330	0xe82299	0x6f560
reference	terrain	0xe7d330	0xe822bb	0xa46f20
reference	terrain	0xe7d330	0xe822ca	0x6f560
reference	terrain	0xe7d330	0xe822de	0x6f560
reference	terrain	0xe7d330	0xe82328	0x14d0c70
reference	terrain	0xe7d330	0xe82353	0x14d1920
reference	terrain	0xe7d330	0xe8235f	0xb9d10
reference	terrain	0xe7d330	0xe8236e	0x6f560
reference	terrain	0xe7d330	0xe82390	0xa46f20
reference	terrain	0xe7d330	0xe8239f	0x6f560
reference	terrain	0xe7d330	0xe823b3	0x6f560
reference	terrain	0xe7d330	0xe823fd	0x14d0c70
reference	terrain	0xe7d330	0xe82428	0x14d1920
reference	terrain	0xe7d330	0xe82434	0xb9d10
reference	terrain	0xe7d330	0xe82443	0x6f560
reference	terrain	0xe7d330	0xe82465	0xa46f20
reference	terrain	0xe7d330	0xe82474	0x6f560
reference	terrain	0xe7d330	0xe82488	0x6f560
reference	terrain	0xe7d330	0xe824d2	0x14d0c70
reference	terrain	0xe7d330	0xe824fd	0x14d1920
reference	terrain	0xe7d330	0xe82509	0xb9d10
reference	terrain	0xe7d330	0xe82518	0x6f560
reference	terrain	0xe7d330	0xe8253a	0xa46f20
reference	terrain	0xe7d330	0xe82549	0x6f560
reference	terrain	0xe7d330	0xe8255d	0x6f560
reference	terrain	0xe7d330	0xe825a7	0x14d0c70
reference	terrain	0xe7d330	0xe825d2	0x14d1920
reference	terrain	0xe7d330	0xe825de	0xb9d10
reference	terrain	0xe7d330	0xe825ed	0x6f560
reference	terrain	0xe7d330	0xe8260f	0xa46f20
reference	terrain	0xe7d330	0xe8261e	0x6f560
reference	terrain	0xe7d330	0xe82632	0x6f560
reference	terrain	0xe7d330	0xe8267c	0x14d0c70
reference	terrain	0xe7d330	0xe826a7	0x14d1920
reference	terrain	0xe7d330	0xe826b3	0xb9d10
reference	terrain	0xe7d330	0xe826c2	0x6f560
reference	terrain	0xe7d330	0xe826e4	0xa46f20
reference	terrain	0xe7d330	0xe826f3	0x6f560
reference	terrain	0xe7d330	0xe82707	0x6f560
reference	terrain	0xe7d330	0xe82751	0x14d0c70
reference	terrain	0xe7d330	0xe8277c	0x14d1920
reference	terrain	0xe7d330	0xe82788	0xb9d10
reference	terrain	0xe7d330	0xe82797	0x6f560
reference	terrain	0xe7d330	0xe827b9	0xa46f20
reference	terrain	0xe7d330	0xe827c8	0x6f560
reference	terrain	0xe7d330	0xe827dc	0x6f560
reference	terrain	0xe7d330	0xe82826	0x14d0c70
reference	terrain	0xe7d330	0xe82851	0x14d1920
reference	terrain	0xe7d330	0xe8285d	0xb9d10
reference	terrain	0xe7d330	0xe8286c	0x6f560
reference	terrain	0xe7d330	0xe8288e	0xa46f20
reference	terrain	0xe7d330	0xe8289d	0x6f560
reference	terrain	0xe7d330	0xe828b1	0x6f560
reference	terrain	0xe7d330	0xe828fb	0x14d0c70
reference	terrain	0xe7d330	0xe82926	0x14d1920
reference	terrain	0xe7d330	0xe82932	0xb9d10
reference	terrain	0xe7d330	0xe82941	0x6f560
reference	terrain	0xe7d330	0xe82963	0xa46f20
reference	terrain	0xe7d330	0xe82972	0x6f560
reference	terrain	0xe7d330	0xe82986	0x6f560
reference	terrain	0xe7d330	0xe829d0	0x14d0c70
reference	terrain	0xe7d330	0xe829fb	0x14d1920
reference	terrain	0xe7d330	0xe82a07	0xb9d10
reference	terrain	0xe7d330	0xe82a16	0x6f560
reference	terrain	0xe7d330	0xe82a38	0xa46f20
reference	terrain	0xe7d330	0xe82a47	0x6f560
reference	terrain	0xe7d330	0xe82a5b	0x6f560
reference	terrain	0xe7d330	0xe82aa5	0x14d0c70
reference	terrain	0xe7d330	0xe82ad0	0x14d1920
reference	terrain	0xe7d330	0xe82adc	0xb9d10
reference	terrain	0xe7d330	0xe82aeb	0x6f560
reference	terrain	0xe7d330	0xe82b0d	0xa46f20
reference	terrain	0xe7d330	0xe82b1c	0x6f560
reference	terrain	0xe7d330	0xe82b30	0x6f560
reference	terrain	0xe7d330	0xe82b7a	0x14d0c70
reference	terrain	0xe7d330	0xe82ba5	0x14d1920
reference	terrain	0xe7d330	0xe82bb1	0xb9d10
reference	terrain	0xe7d330	0xe82bc0	0x6f560
reference	terrain	0xe7d330	0xe82be2	0xa46f20
reference	terrain	0xe7d330	0xe82bf1	0x6f560
reference	terrain	0xe7d330	0xe82c05	0x6f560
reference	terrain	0xe7d330	0xe82c4f	0x14d0c70
reference	terrain	0xe7d330	0xe82c7a	0x14d1920
reference	terrain	0xe7d330	0xe82c86	0xb9d10
reference	terrain	0xe7d330	0xe82c95	0x6f560
reference	terrain	0xe7d330	0xe82cb7	0xa46f20
reference	terrain	0xe7d330	0xe82cc6	0x6f560
reference	terrain	0xe7d330	0xe82cda	0x6f560
reference	terrain	0xe7d330	0xe82d24	0x14d0c70
reference	terrain	0xe7d330	0xe82d4f	0x14d1920
reference	terrain	0xe7d330	0xe82d5b	0xb9d10
reference	terrain	0xe7d330	0xe82d6a	0x6f560
reference	terrain	0xe7d330	0xe82d8c	0xa46f20
reference	terrain	0xe7d330	0xe82d9b	0x6f560
reference	terrain	0xe7d330	0xe82daf	0x6f560
reference	terrain	0xe7d330	0xe82dc3	0x6f560
reference	terrain	0xe7d330	0xe82dd7	0x6f560
reference	terrain	0xe7d330	0xe82e01	0x247cf0
reference	terrain	0xe7d330	0xe82e20	0x6fa10
reference	terrain	0xe7d330	0xe82e33	0x149f0b0
reference	terrain	0xe7d330	0xe82e4c	0x6fa10
reference	terrain	0xe7d330	0xe82e5f	0x67f10
reference	terrain	0xe7d330	0xe82ea7	0x542e80
reference	terrain	0xe7d330	0xe82ec0	0x6fa10
reference	terrain	0xe7d330	0xe82ed3	0x67f10
reference	terrain	0xe7d330	0xe82f1c	0x542e80
reference	terrain	0xe7d330	0xe82f35	0x6fa10
reference	terrain	0xe7d330	0xe82f48	0x68010
reference	terrain	0xe7d330	0xe82f61	0x6fa10
reference	terrain	0xe7d330	0xe82fa3	0x14d0c70
reference	terrain	0xe7d330	0xe82fe6	0xb9b80
reference	terrain	0xe7d330	0xe83094	0x6fa10
reference	terrain	0xe7d330	0xe830cc	0xb9b80
reference	terrain	0xe7d330	0xe83268	0x14add70
reference	terrain	0xe7d330	0xe8327e	0x71f90
reference	terrain	0xe7d330	0xe832a6	0x6fa10
reference	terrain	0xe7d330	0xe832ee	0xa46f20
reference	terrain	0xe7d330	0xe83379	0x6fa10
reference	terrain	0xe7d330	0xe833a1	0x14d1920
reference	terrain	0xe7d330	0xe833aa	0x52d3c0
reference	terrain	0xe7d330	0xe833b6	0xb9d10
reference	terrain	0xe7d330	0xe833cb	0x6fa10
reference	terrain	0xe7d330	0xe83456	0x14add70
reference	terrain	0xe7d330	0xe8346c	0x71f90
reference	terrain	0xe7d330	0xe834ce	0x6fa10
reference	terrain	0xe7d330	0xe834d8	0x6f850
reference	terrain	0xe7d330	0xe834e4	0x1539660
reference	lookinfo	0x406860	0x406962	0xc65450
reference	lookinfo	0x406860	0x406995	0xe7d330
reference	lookinfo	0x406860	0x406aab	0x6f8d0
reference	lookinfo	0x406860	0x406abd	0x6fa10
reference	lookinfo	0x406860	0x406ad8	0x6fa10
reference	lookinfo	0x406860	0x406aea	0x6fa10
reference	lookinfo	0x406860	0x406b31	0x6f8d0
reference	lookinfo	0x406860	0x406b4f	0x6f8d0
reference	lookinfo	0x406860	0x406b6d	0x6f8d0
reference	lookinfo	0x406860	0x406b8b	0x6f8d0
reference	lookinfo	0x406860	0x406ba9	0x6f8d0
reference	lookinfo	0x406860	0x406bc7	0x6f8d0
reference	lookinfo	0x406860	0x406be5	0x6f8d0
reference	lookinfo	0x406860	0x406c03	0x6f8d0
reference	lookinfo	0x406860	0x406c21	0x6f8d0
reference	lookinfo	0x406860	0x406c3f	0x6f8d0
reference	lookinfo	0x406860	0x406c5d	0x6f8d0
reference	lookinfo	0x406860	0x406cf5	0x1330c30
reference	lookinfo	0x406860	0x406d1d	0x132e430
reference	lookinfo	0x406860	0x406e22	0xc65450
reference	lookinfo	0x406860	0x406e46	0x6f8d0
reference	lookinfo	0x406860	0x406eaf	0x6f8d0
reference	lookinfo	0x406860	0x406ecc	0x6fa10
reference	lookinfo	0x406860	0x406f00	0xaa3bd0
reference	lookinfo	0x406860	0x406f74	0x6f8d0
reference	lookinfo	0x406860	0x406f97	0x6f8d0
reference	lookinfo	0x406860	0x407000	0x6f8d0
reference	lookinfo	0x406860	0x40701e	0x6fa10
reference	lookinfo	0x406860	0x407048	0x6f8d0
reference	lookinfo	0x406860	0x4070b1	0x6f8d0
reference	lookinfo	0x406860	0x4070cf	0x6fa10
reference	lookinfo	0x406860	0x40710f	0x1539680
reference	lookinfo	0x406860	0x40714a	0x6f8d0
reference	lookinfo	0x406860	0x407182	0x6f8d0
reference	lookinfo	0x406860	0x4071a0	0x6f8d0
reference	lookinfo	0x406860	0x4071d2	0x14d1920
reference	lookinfo	0x406860	0x4072df	0xa82c10
reference	lookinfo	0x406860	0x4072ff	0x6f8d0
reference	lookinfo	0x406860	0x40731d	0x6f8d0
reference	lookinfo	0x406860	0x40733b	0x6f8d0
reference	lookinfo	0x406860	0x40736c	0x6f8d0
reference	lookinfo	0x406860	0x40739d	0x14d1920
reference	lookinfo	0x406860	0x4073b3	0x6fa10
reference	lookinfo	0x406860	0x4073da	0x6f8d0
reference	lookinfo	0x406860	0x4073f8	0x6f8d0
reference	lookinfo	0x406860	0x407416	0x6f8d0
reference	lookinfo	0x406860	0x407431	0x6f8d0
reference	lookinfo	0x406860	0x40744e	0x6f8d0
reference	lookinfo	0x406860	0x4074b3	0xa82c10
reference	lookinfo	0x406860	0x4074bb	0x52d650
reference	lookinfo	0x406860	0x4074d8	0x14add70
reference	lookinfo	0x406860	0x4075ce	0x6f8d0
reference	lookinfo	0x406860	0x407612	0x14d1920
reference	lookinfo	0x406860	0x40762d	0x6fa10
reference	lookinfo	0x406860	0x407637	0x6f850
reference	lookinfo	0x406860	0x4076ad	0x6fa10
reference	lookinfo	0x406860	0x4076da	0xc65450
reference	lookinfo	0x406860	0x4076f5	0x6fa10
reference	lookinfo	0x406860	0x4076ff	0x6f850
reference	lookinfo	0x406860	0x407720	0x6f8d0
reference	lookinfo	0x406860	0x407784	0x6f8d0
reference	lookinfo	0x406860	0x4077a9	0x52c2b0
reference	lookinfo	0x406860	0x4077c4	0x6fa10
reference	lookinfo	0x406860	0x4077da	0x6fa10
reference	lookinfo	0x406860	0x407825	0x1539680
reference	lookinfo	0x406860	0x407854	0x6f8d0
reference	lookinfo	0x406860	0x407879	0x52c2b0
reference	lookinfo	0x406860	0x407894	0x6fa10
reference	lookinfo	0x406860	0x4078aa	0x6fa10
reference	lookinfo	0x406860	0x4078bf	0x6f850
reference	lookinfo	0x406860	0x4078e3	0x6f8d0
reference	lookinfo	0x406860	0x407907	0x6f8d0
reference	lookinfo	0x406860	0x407945	0x6fa10
reference	lookinfo	0x406860	0x407c15	0x72570
reference	lookinfo	0x406860	0x407c22	0xc3a4f0
reference	lookinfo	0x406860	0x407c45	0xa946e0
reference	lookinfo	0x406860	0x407c69	0x6fa10
reference	lookinfo	0x406860	0x407c7f	0x6fa10
reference	lookinfo	0x406860	0x407cc1	0x1539680
reference	lookinfo	0x406860	0x407cdc	0x14add70
reference	lookinfo	0x406860	0x407d13	0x6fa10
reference	lookinfo	0x406860	0x407d22	0x6fa10
reference	lookinfo	0x406860	0x407d5a	0x6fa10
reference	lookinfo	0x406860	0x407d75	0x6fa10
reference	lookinfo	0x406860	0x407d84	0x6fa10
reference	lookinfo	0x406860	0x407dc3	0x1539680
reference	lookinfo	0x406860	0x407df9	0x6fa10
reference	lookinfo	0x406860	0x407e4f	0xa82c10
reference	lookinfo	0x406860	0x407e6a	0x6fa10
reference	lookinfo	0x406860	0x407e92	0x6fa10
reference	lookinfo	0x406860	0x407ed1	0x1539680
reference	lookinfo	0x406860	0x407ef8	0x52d910
reference	lookinfo	0x406860	0x408034	0x6f8d0
reference	lookinfo	0x406860	0x40808a	0x6f8d0
reference	lookinfo	0x406860	0x4080a8	0x6fa10
reference	lookinfo	0x406860	0x408261	0x6fa10
reference	lookinfo	0x406860	0x40829b	0x14d1920
reference	lookinfo	0x406860	0x4082b6	0x6fa10
reference	lookinfo	0x406860	0x4082c2	0x6f850
reference	lookinfo	0x406860	0x40834a	0x6fa10
reference	lookinfo	0x406860	0x40837f	0x6f8d0
reference	lookinfo	0x406860	0x40839a	0x6fa10
reference	lookinfo	0x406860	0x4083c2	0x6fa10
reference	lookinfo	0x406860	0x40841e	0x6fa10
reference	lookinfo	0x406860	0x408481	0x6fa10
reference	lookinfo	0x406860	0x40849d	0x6fa10
reference	lookinfo	0x406860	0x4084b8	0x1539660
reference	lookinfo-producer	0x4085f0	0x408631	0xe85400
reference	lookinfo-producer	0x4085f0	0x40863e	0x8bf060
reference	lookinfo-producer	0x4085f0	0x408653	0x67f80
reference	lookinfo-producer	0x4085f0	0x408697	0xe84bc0
reference	lookinfo-producer	0x4085f0	0x4086b3	0x7dc40
reference	lookinfo-producer	0x4085f0	0x408735	0x1539690
reference	lookinfo-producer	0x4085f0	0x40873d	0x40a220
reference	lookinfo-producer	0x4085f0	0x40874e	0x3d6860
reference	lookinfo-producer	0x4085f0	0x408768	0x406860
reference	lookinfo-producer	0x4085f0	0x408771	0x420e10
reference	lookinfo-producer	0x4085f0	0x4087b9	0xe84bc0
reference	lookinfo-producer	0x4085f0	0x40883f	0x13ea660
reference	lookinfo-producer	0x4085f0	0x40886c	0x134f2e0
reference	lookinfo-producer	0x4085f0	0x4088e9	0x1539690
reference	lookinfo-producer	0x4085f0	0x4088f1	0x40a220
reference	lookinfo-producer	0x4085f0	0x408902	0x3d6860
reference	lookinfo-producer	0x4085f0	0x40891a	0x406860
reference	lookinfo-producer	0x4085f0	0x408923	0x420e10
reference	lookinfo-producer	0x4085f0	0x408971	0x1539690
reference	lookinfo-producer	0x4085f0	0x408979	0x40a220
reference	lookinfo-producer	0x4085f0	0x40898a	0x3d6860
reference	lookinfo-producer	0x4085f0	0x4089a5	0x406860
reference	lookinfo-producer	0x4085f0	0x4089ae	0x420e10
reference	lookinfo-producer	0x4085f0	0x4089e4	0x7dc40
reference	lookinfo-producer	0x4085f0	0x4089f9	0x1539690
reference	lookinfo-producer	0x4085f0	0x408a31	0x406860
reference	lookinfo-producer	0x4085f0	0x408a57	0x420e40
reference	lookinfo-producer	0x4085f0	0x408a67	0x1539690
reference	lookinfo-producer	0x4085f0	0x408aa5	0x406860
reference	lookinfo-producer	0x4085f0	0x408acb	0x420e40
reference	lookinfo-producer	0x4085f0	0x408adb	0x1539690
reference	lookinfo-producer	0x4085f0	0x408b19	0x406860
reference	lookinfo-producer	0x4085f0	0x408b3f	0x420e40
reference	lookinfo-producer	0x4085f0	0x408b58	0x3d6730
reference	lookinfo-producer	0x4085f0	0x408bbc	0x1539690
reference	lookinfo-producer	0x4085f0	0x408bf6	0x406860
reference	lookinfo-producer	0x4085f0	0x408c1f	0x420e40
reference	lookinfo-producer	0x4085f0	0x408c34	0x7dc40
reference	lookinfo-producer	0x4085f0	0x408c94	0x137bd50
reference	lookinfo-producer	0x4085f0	0x408cb8	0x14da20
reference	lookinfo-producer	0x4085f0	0x408cc6	0x1539690
reference	lookinfo-producer	0x4085f0	0x408cf5	0x3d6860
reference	lookinfo-producer	0x4085f0	0x408d11	0x406860
reference	lookinfo-producer	0x4085f0	0x408d37	0x420e40
reference	lookinfo-producer	0x4085f0	0x408dbe	0x1539690
reference	lookinfo-producer	0x4085f0	0x408e37	0x406860
reference	lookinfo-producer	0x4085f0	0x408e69	0x420e40
reference	lookinfo-producer	0x4085f0	0x408fd8	0x1539690
reference	lookinfo-producer	0x4085f0	0x40901a	0x406860
reference	lookinfo-producer	0x4085f0	0x409040	0x420e40
reference	lookinfo-producer	0x4085f0	0x4090de	0x1539690
reference	lookinfo-producer	0x4085f0	0x40912a	0x406860
reference	lookinfo-producer	0x4085f0	0x409150	0x420e40
reference	lookinfo-producer	0x4085f0	0x409206	0x5587b0
reference	lookinfo-producer	0x4085f0	0x409244	0x1539690
reference	lookinfo-producer	0x4085f0	0x409294	0x406860
reference	lookinfo-producer	0x4085f0	0x4092ba	0x420e40
reference	lookinfo-producer	0x4085f0	0x409325	0x1539690
reference	lookinfo-producer	0x4085f0	0x409378	0x406860
reference	lookinfo-producer	0x4085f0	0x40939e	0x420e40
reference	lookinfo-producer	0x4085f0	0x409431	0xa53730
reference	lookinfo-producer	0x4085f0	0x4094be	0x1539690
reference	lookinfo-producer	0x4085f0	0x4095a8	0x406860
reference	lookinfo-producer	0x4085f0	0x4095ce	0x420e40
reference	lookinfo-producer	0x4085f0	0x40965d	0x1539690
reference	lookinfo-producer	0x4085f0	0x409699	0x406860
reference	lookinfo-producer	0x4085f0	0x4096bf	0x420e40
reference	lookinfo-producer	0x4085f0	0x409734	0x1539690
reference	lookinfo-producer	0x4085f0	0x409770	0x406860
reference	lookinfo-producer	0x4085f0	0x409796	0x420e40
reference	lookinfo-producer	0x4085f0	0x4097c7	0x1539690
reference	lookinfo-producer	0x4085f0	0x409807	0x406860
reference	lookinfo-producer	0x4085f0	0x40982d	0x420e40
reference	lookinfo-producer	0x4085f0	0x409841	0x141920
reference	lookinfo-producer	0x4085f0	0x4098fd	0x1539690
reference	lookinfo-producer	0x4085f0	0x4099c2	0x141920
reference	lookinfo-producer	0x4085f0	0x4099e0	0x1539690
reference	lookinfo-producer	0x4085f0	0x409a30	0x141920
reference	lookinfo-producer	0x4085f0	0x409b4b	0x406860
reference	lookinfo-producer	0x4085f0	0x409b71	0x420e40
reference	lookinfo-producer	0x4085f0	0x409c21	0x1539690
reference	lookinfo-producer	0x4085f0	0x409c9e	0x406860
reference	lookinfo-producer	0x4085f0	0x409cc4	0x420e40
reference	lookinfo-producer	0x4085f0	0x409d0f	0x1539690
reference	lookinfo-producer	0x4085f0	0x409d97	0x406860
reference	lookinfo-producer	0x4085f0	0x409dbd	0x420e40
reference	lookinfo-producer	0x4085f0	0x409ece	0x5317f0
reference	lookinfo-producer	0x4085f0	0x40a029	0x1539690
reference	lookinfo-producer	0x4085f0	0x40a06b	0x406860
reference	lookinfo-producer	0x4085f0	0x40a0b7	0x1539690
reference	lookinfo-producer	0x4085f0	0x40a151	0x406860
reference	lookinfo-producer	0x4085f0	0x40a17a	0x420e40
reference	lookinfo-producer	0x4085f0	0x40a188	0x420e40
reference	adventure-look-renderer	0x7f3cb0	0x7f3d14	0xc33370
reference	adventure-look-renderer	0x7f3cb0	0x7f3d97	0x8be780
reference	adventure-look-renderer	0x7f3cb0	0x7f3d9c	0x846760
reference	adventure-look-renderer	0x7f3cb0	0x7f3da1	0x803250
reference	adventure-look-renderer	0x7f3cb0	0x7f3dae	0xe9afe0
reference	adventure-look-renderer	0x7f3cb0	0x7f3dba	0xaf1190
reference	adventure-look-renderer	0x7f3cb0	0x7f3df3	0x8be780
reference	adventure-look-renderer	0x7f3cb0	0x7f3e00	0xe9afe0
reference	adventure-look-renderer	0x7f3cb0	0x7f3e0c	0xaf1190
reference	adventure-look-renderer	0x7f3cb0	0x7f3e1a	0xc33370
reference	adventure-look-renderer	0x7f3cb0	0x7f3e2e	0xe9f40
reference	adventure-look-renderer	0x7f3cb0	0x7f3e4c	0xe85400
reference	adventure-look-renderer	0x7f3cb0	0x7f3e5a	0x8be780
reference	adventure-look-renderer	0x7f3cb0	0x7f3e67	0xe9afe0
reference	adventure-look-renderer	0x7f3cb0	0x7f3e73	0xaf1190
reference	adventure-look-renderer	0x7f3cb0	0x7f3e90	0x8020c0
reference	adventure-look-renderer	0x7f3cb0	0x7f3ef0	0xc394b0
reference	adventure-look-renderer	0x7f3cb0	0x7f3efa	0xc394b0
reference	adventure-look-renderer	0x7f3cb0	0x7f3f0b	0x707d0
reference	adventure-look-renderer	0x7f3cb0	0x7f3f46	0xad9960
reference	adventure-look-renderer	0x7f3cb0	0x7f3f85	0x1539680
reference	adventure-look-renderer	0x7f3cb0	0x7f412a	0xe7d330
reference	adventure-look-renderer	0x7f3cb0	0x7f415d	0xc394b0
reference	adventure-look-renderer	0x7f3cb0	0x7f416d	0x68150
reference	adventure-look-renderer	0x7f3cb0	0x7f4181	0xad9960
reference	adventure-look-renderer	0x7f3cb0	0x7f418b	0x6f850
reference	adventure-look-renderer	0x7f3cb0	0x7f419e	0xad9960
reference	adventure-look-renderer	0x7f3cb0	0x7f41b2	0x726e0
reference	adventure-look-renderer	0x7f3cb0	0x7f41f3	0xc394b0
reference	adventure-look-renderer	0x7f3cb0	0x7f4203	0x68150
reference	adventure-look-renderer	0x7f3cb0	0x7f4217	0xad9960
reference	adventure-look-renderer	0x7f3cb0	0x7f4221	0x6f850
reference	adventure-look-renderer	0x7f3cb0	0x7f4236	0xc65450
reference	adventure-look-renderer	0x7f3cb0	0x7f424a	0x726e0
reference	adventure-look-renderer	0x7f3cb0	0x7f428b	0xc394b0
reference	adventure-look-renderer	0x7f3cb0	0x7f429b	0x68150
reference	adventure-look-renderer	0x7f3cb0	0x7f42af	0xad9960
reference	adventure-look-renderer	0x7f3cb0	0x7f42c4	0x73b70
reference	adventure-look-renderer	0x7f3cb0	0x7f4305	0xc394b0
reference	adventure-look-renderer	0x7f3cb0	0x7f4315	0x68150
reference	adventure-look-renderer	0x7f3cb0	0x7f4329	0xad9960
reference	adventure-look-renderer	0x7f3cb0	0x7f4333	0x6f850
reference	adventure-look-renderer	0x7f3cb0	0x7f433b	0x7e4860
reference	adventure-look-renderer	0x7f3cb0	0x7f435c	0x132e430
reference	adventure-look-renderer	0x7f3cb0	0x7f4370	0x67d50
reference	adventure-look-renderer	0x7f3cb0	0x7f43b1	0xc394b0
reference	adventure-look-renderer	0x7f3cb0	0x7f43c1	0x68150
reference	adventure-look-renderer	0x7f3cb0	0x7f43d5	0xad9960
reference	adventure-look-renderer	0x7f3cb0	0x7f43df	0x6f850
reference	adventure-look-renderer	0x7f3cb0	0x7f4403	0x726e0
reference	adventure-look-renderer	0x7f3cb0	0x7f443b	0xc394b0
reference	adventure-look-renderer	0x7f3cb0	0x7f444b	0x68150
reference	adventure-look-renderer	0x7f3cb0	0x7f445f	0xad9960
reference	adventure-look-renderer	0x7f3cb0	0x7f4469	0x6f850
reference	adventure-look-renderer	0x7f3cb0	0x7f4493	0x6f580
reference	adventure-look-renderer	0x7f3cb0	0x7f449c	0x6f690
reference	adventure-look-renderer	0x7f3cb0	0x7f44be	0xaa3bd0
reference	adventure-look-renderer	0x7f3cb0	0x7f44cb	0xb9d10
reference	adventure-look-renderer	0x7f3cb0	0x7f44f2	0xaa3bd0
reference	adventure-look-renderer	0x7f3cb0	0x7f4512	0xaa3bd0
reference	adventure-look-renderer	0x7f3cb0	0x7f452c	0x6f580
reference	adventure-look-renderer	0x7f3cb0	0x7f4535	0x6f690
reference	adventure-look-renderer	0x7f3cb0	0x7f4557	0xaa3bd0
reference	adventure-look-renderer	0x7f3cb0	0x7f4564	0xb9d10
reference	adventure-look-renderer	0x7f3cb0	0x7f457a	0x6f580
reference	adventure-look-renderer	0x7f3cb0	0x7f4583	0x6f690
reference	adventure-look-renderer	0x7f3cb0	0x7f45a5	0xaa3bd0
reference	adventure-look-renderer	0x7f3cb0	0x7f45b2	0xb9d10
reference	adventure-look-renderer	0x7f3cb0	0x7f45ef	0xc394b0
reference	adventure-look-renderer	0x7f3cb0	0x7f45ff	0x68150
reference	adventure-look-renderer	0x7f3cb0	0x7f4613	0xad9960
reference	adventure-look-renderer	0x7f3cb0	0x7f461d	0x6f850
reference	adventure-look-renderer	0x7f3cb0	0x7f4653	0x6f580
reference	adventure-look-renderer	0x7f3cb0	0x7f4679	0x6f580
reference	adventure-look-renderer	0x7f3cb0	0x7f468e	0x6f580
reference	adventure-look-renderer	0x7f3cb0	0x7f46bb	0x14d1920
reference	adventure-look-renderer	0x7f3cb0	0x7f46d0	0x6f580
reference	adventure-look-renderer	0x7f3cb0	0x7f46e5	0x6f580
reference	adventure-look-renderer	0x7f3cb0	0x7f470d	0x7dc40
reference	adventure-look-renderer	0x7f3cb0	0x7f472c	0x6f580
reference	adventure-look-renderer	0x7f3cb0	0x7f4759	0x14d1920
reference	adventure-look-renderer	0x7f3cb0	0x7f4769	0x6f560
reference	adventure-look-renderer	0x7f3cb0	0x7f478a	0x6f580
reference	adventure-look-renderer	0x7f3cb0	0x7f479f	0x6f580
reference	adventure-look-renderer	0x7f3cb0	0x7f47b4	0x6f580
reference	adventure-look-renderer	0x7f3cb0	0x7f47c9	0x6f580
reference	adventure-look-renderer	0x7f3cb0	0x7f47d9	0x6f530
reference	adventure-look-renderer	0x7f3cb0	0x7f47f3	0x3d6480
reference	adventure-look-renderer	0x7f3cb0	0x7f4856	0xa82c10
reference	adventure-look-renderer	0x7f3cb0	0x7f4871	0x6f580
reference	adventure-look-renderer	0x7f3cb0	0x7f48a9	0xc394b0
reference	adventure-look-renderer	0x7f3cb0	0x7f48b9	0x68150
reference	adventure-look-renderer	0x7f3cb0	0x7f48cd	0xad9960
reference	adventure-look-renderer	0x7f3cb0	0x7f48d7	0x6f850
reference	adventure-look-renderer	0x7f3cb0	0x7f48e7	0x68150
reference	adventure-look-renderer	0x7f3cb0	0x7f48fb	0xad9960
reference	adventure-look-renderer	0x7f3cb0	0x7f4938	0xc394b0
reference	adventure-look-renderer	0x7f3cb0	0x7f4948	0x68150
reference	adventure-look-renderer	0x7f3cb0	0x7f495c	0xad9960
reference	adventure-look-renderer	0x7f3cb0	0x7f4966	0x6f850
reference	adventure-look-renderer	0x7f3cb0	0x7f4976	0x68150
reference	adventure-look-renderer	0x7f3cb0	0x7f498a	0xad9960
reference	adventure-look-renderer	0x7f3cb0	0x7f49c7	0xc394b0
reference	adventure-look-renderer	0x7f3cb0	0x7f49d7	0x68150
reference	adventure-look-renderer	0x7f3cb0	0x7f49eb	0xad9960
reference	adventure-look-renderer	0x7f3cb0	0x7f49f5	0x6f850
reference	adventure-look-renderer	0x7f3cb0	0x7f4a25	0x68150
reference	adventure-look-renderer	0x7f3cb0	0x7f4ab9	0x14d2cc0
reference	adventure-look-renderer	0x7f3cb0	0x7f4ae4	0x6f690
reference	adventure-look-renderer	0x7f3cb0	0x7f4b0c	0x14d1920
reference	adventure-look-renderer	0x7f3cb0	0x7f4b19	0xb9d10
reference	adventure-look-renderer	0x7f3cb0	0x7f4b29	0x6f560
reference	adventure-look-renderer	0x7f3cb0	0x7f4b33	0x6f850
reference	adventure-look-renderer	0x7f3cb0	0x7f4b58	0x6f560
reference	adventure-look-renderer	0x7f3cb0	0x7f4b61	0x6f690
reference	adventure-look-renderer	0x7f3cb0	0x7f4baa	0xa82c10
reference	adventure-look-renderer	0x7f3cb0	0x7f4bb7	0xb9d10
reference	adventure-look-renderer	0x7f3cb0	0x7f4be3	0x6f560
reference	adventure-look-renderer	0x7f3cb0	0x7f4c25	0xbba90
reference	adventure-look-renderer	0x7f3cb0	0x7f4c31	0x6f690
reference	adventure-look-renderer	0x7f3cb0	0x7f4c45	0xaa3bd0
reference	adventure-look-renderer	0x7f3cb0	0x7f4c52	0xb9d10
reference	adventure-look-renderer	0x7f3cb0	0x7f4cae	0x14d2cc0
reference	adventure-look-renderer	0x7f3cb0	0x7f4ce2	0x6f560
reference	adventure-look-renderer	0x7f3cb0	0x7f4ceb	0x6f690
reference	adventure-look-renderer	0x7f3cb0	0x7f4d13	0x14d1920
reference	adventure-look-renderer	0x7f3cb0	0x7f4d20	0xb9d10
reference	adventure-look-renderer	0x7f3cb0	0x7f4d2c	0x6f850
reference	adventure-look-renderer	0x7f3cb0	0x7f4d91	0x6f560
reference	adventure-look-renderer	0x7f3cb0	0x7f4daf	0x6f5a0
reference	adventure-look-renderer	0x7f3cb0	0x7f4dbc	0xb9d10
reference	adventure-look-renderer	0x7f3cb0	0x7f4de8	0x6f560
reference	adventure-look-renderer	0x7f3cb0	0x7f4df2	0x6f850
reference	adventure-look-renderer	0x7f3cb0	0x7f4e0f	0x6f560
reference	adventure-look-renderer	0x7f3cb0	0x7f4e21	0x52dee0
reference	adventure-look-renderer	0x7f3cb0	0x7f4e9e	0x6f560
reference	adventure-look-renderer	0x7f3cb0	0x7f4ebf	0x6f560
reference	adventure-look-renderer	0x7f3cb0	0x7f4ed2	0xad9960
reference	adventure-look-renderer	0x7f3cb0	0x7f4f0b	0xc394b0
reference	adventure-look-renderer	0x7f3cb0	0x7f4f1b	0x68150
reference	adventure-look-renderer	0x7f3cb0	0x7f4f2f	0xad9960
reference	adventure-look-renderer	0x7f3cb0	0x7f4f39	0x6f850
reference	adventure-look-renderer	0x7f3cb0	0x7f4f63	0x68150
reference	adventure-look-renderer	0x7f3cb0	0x7f4f77	0xad9960
reference	adventure-look-renderer	0x7f3cb0	0x7f4f91	0x68150
reference	adventure-look-renderer	0x7f3cb0	0x7f4fa5	0xad9960
reference	adventure-look-renderer	0x7f3cb0	0x7f4fb8	0x68150
reference	adventure-look-renderer	0x7f3cb0	0x7f4fcc	0xad9960
reference	adventure-look-renderer	0x7f3cb0	0x7f4fdb	0x68150
reference	adventure-look-renderer	0x7f3cb0	0x7f4fef	0xad9960
reference	adventure-look-renderer	0x7f3cb0	0x7f4ff9	0x6f850
reference	adventure-look-renderer	0x7f3cb0	0x7f5002	0x6f690
reference	adventure-look-renderer	0x7f3cb0	0x7f501b	0x52c2b0
reference	adventure-look-renderer	0x7f3cb0	0x7f502e	0xad9960
reference	adventure-look-renderer	0x7f3cb0	0x7f503e	0x68150
reference	adventure-look-renderer	0x7f3cb0	0x7f5052	0xad9960
reference	adventure-look-renderer	0x7f3cb0	0x7f505c	0x6f850
reference	adventure-look-renderer	0x7f3cb0	0x7f5099	0xc394b0
reference	adventure-look-renderer	0x7f3cb0	0x7f50a9	0x68150
reference	adventure-look-renderer	0x7f3cb0	0x7f50bd	0xad9960
reference	adventure-look-renderer	0x7f3cb0	0x7f50c7	0x6f850
reference	adventure-look-renderer	0x7f3cb0	0x7f50ea	0x7dc40
reference	adventure-look-renderer	0x7f3cb0	0x7f5100	0x68150
reference	adventure-look-renderer	0x7f3cb0	0x7f5114	0xad9960
reference	adventure-look-renderer	0x7f3cb0	0x7f5123	0x68150
reference	adventure-look-renderer	0x7f3cb0	0x7f5137	0xad9960
reference	adventure-look-renderer	0x7f3cb0	0x7f5141	0x6f850
reference	adventure-look-renderer	0x7f3cb0	0x7f514a	0x6f690
reference	adventure-look-renderer	0x7f3cb0	0x7f5163	0x52c2b0
reference	adventure-look-renderer	0x7f3cb0	0x7f5176	0xad9960
reference	adventure-look-renderer	0x7f3cb0	0x7f5186	0x68150
reference	adventure-look-renderer	0x7f3cb0	0x7f519a	0xad9960
reference	adventure-look-renderer	0x7f3cb0	0x7f51a4	0x6f850
reference	adventure-look-renderer	0x7f3cb0	0x7f51df	0x14d1ef0
reference	adventure-look-renderer	0x7f3cb0	0x7f5208	0xc394b0
reference	adventure-look-renderer	0x7f3cb0	0x7f5218	0x68150
reference	adventure-look-renderer	0x7f3cb0	0x7f522c	0xad9960
reference	adventure-look-renderer	0x7f3cb0	0x7f5236	0x6f850
reference	adventure-look-renderer	0x7f3cb0	0x7f523f	0x6f690
reference	adventure-look-renderer	0x7f3cb0	0x7f529e	0xa82c10
reference	adventure-look-renderer	0x7f3cb0	0x7f52a7	0x52d650
reference	adventure-look-renderer	0x7f3cb0	0x7f5333	0x6f580
reference	adventure-look-renderer	0x7f3cb0	0x7f533c	0x6f690
reference	adventure-look-renderer	0x7f3cb0	0x7f5374	0x14d1920
reference	adventure-look-renderer	0x7f3cb0	0x7f5381	0xb9d10
reference	adventure-look-renderer	0x7f3cb0	0x7f538b	0x6f850
reference	adventure-look-renderer	0x7f3cb0	0x7f539e	0xad9960
reference	adventure-look-renderer	0x7f3cb0	0x7f53a8	0x6f850
reference	adventure-look-renderer	0x7f3cb0	0x7f53dc	0x6f850
reference	adventure-look-renderer	0x7f3cb0	0x7f5424	0xae7c00
reference	adventure-look-renderer	0x7f3cb0	0x7f5450	0xbb9b0
reference	adventure-look-renderer	0x7f3cb0	0x7f5472	0x7db20
reference	adventure-look-renderer	0x7f3cb0	0x7f549b	0x68150
reference	adventure-look-renderer	0x7f3cb0	0x7f54a5	0x6f690
reference	adventure-look-renderer	0x7f3cb0	0x7f54b2	0x10cbe10
reference	adventure-look-renderer	0x7f3cb0	0x7f54c6	0xb9d10
reference	adventure-look-renderer	0x7f3cb0	0x7f54d6	0x6f560
reference	adventure-look-renderer	0x7f3cb0	0x7f54e9	0x10825c0
reference	adventure-look-renderer	0x7f3cb0	0x7f5511	0x6f690
reference	adventure-look-renderer	0x7f3cb0	0x7f5525	0xaa3770
reference	adventure-look-renderer	0x7f3cb0	0x7f5532	0xb9d10
reference	adventure-look-renderer	0x7f3cb0	0x7f553d	0xb9b80
reference	adventure-look-renderer	0x7f3cb0	0x7f5547	0x6f850
reference	adventure-look-renderer	0x7f3cb0	0x7f5553	0x10cbe50
reference	adventure-look-renderer	0x7f3cb0	0x7f5560	0xb9d10
reference	adventure-look-renderer	0x7f3cb0	0x7f5577	0x6f560
reference	adventure-look-renderer	0x7f3cb0	0x7f5580	0x6f690
reference	adventure-look-renderer	0x7f3cb0	0x7f5593	0xa946e0
reference	adventure-look-renderer	0x7f3cb0	0x7f55a0	0xb9d10
reference	adventure-look-renderer	0x7f3cb0	0x7f55aa	0x6f850
reference	adventure-look-renderer	0x7f3cb0	0x7f55d6	0x6f560
reference	adventure-look-renderer	0x7f3cb0	0x7f55f1	0x1367430
reference	adventure-look-renderer	0x7f3cb0	0x7f5618	0x14aa500
reference	adventure-look-renderer	0x7f3cb0	0x7f563d	0x14aa310
reference	adventure-look-renderer	0x7f3cb0	0x7f5658	0x1083220
reference	adventure-look-renderer	0x7f3cb0	0x7f566c	0x13a5660
reference	adventure-look-renderer	0x7f3cb0	0x7f56a9	0x7dc40
reference	adventure-look-renderer	0x7f3cb0	0x7f56e3	0x1083120
reference	adventure-look-renderer	0x7f3cb0	0x7f572f	0x6f560
reference	adventure-look-renderer	0x7f3cb0	0x7f573f	0x6f560
reference	adventure-look-renderer	0x7f3cb0	0x7f57f7	0x6f560
reference	adventure-look-renderer	0x7f3cb0	0x7f5807	0x6f560
reference	adventure-look-renderer	0x7f3cb0	0x7f581e	0x8e7310
reference	adventure-look-renderer	0x7f3cb0	0x7f5828	0x6f850
reference	adventure-look-renderer	0x7f3cb0	0x7f5832	0x6f850
reference	adventure-look-renderer	0x7f3cb0	0x7f5899	0xbb190
reference	adventure-look-renderer	0x7f3cb0	0x7f591c	0xadaad0
reference	adventure-look-renderer	0x7f3cb0	0x7f597a	0xad9960
reference	adventure-look-renderer	0x7f3cb0	0x7f5a48	0x14dc70
reference	adventure-look-renderer	0x7f3cb0	0x7f5a70	0x14dd10
reference	adventure-look-renderer	0x7f3cb0	0x7f5ae9	0xbb190
reference	adventure-look-renderer	0x7f3cb0	0x7f5b69	0xadaad0
reference	adventure-look-renderer	0x7f3cb0	0x7f5bf9	0xbb190
reference	adventure-look-renderer	0x7f3cb0	0x7f5c79	0xadaad0
reference	adventure-look-renderer	0x7f3cb0	0x7f5cde	0xad9960
reference	adventure-look-renderer	0x7f3cb0	0x7f5d56	0xad9960
reference	adventure-look-renderer	0x7f3cb0	0x7f5d60	0x6f850
reference	adventure-look-renderer	0x7f3cb0	0x7f5d75	0xc394b0
reference	adventure-look-renderer	0x7f3cb0	0x7f5de7	0x1e8b20
reference	adventure-look-renderer	0x7f3cb0	0x7f5e4a	0xb03c40
reference	adventure-look-renderer	0x7f3cb0	0x7f5f16	0x707d0
reference	adventure-look-renderer	0x7f3cb0	0x7f5f76	0xad9960
reference	adventure-look-renderer	0x7f3cb0	0x7f6027	0x14d2cc0
reference	adventure-look-renderer	0x7f3cb0	0x7f608a	0x6f560
reference	adventure-look-renderer	0x7f3cb0	0x7f6093	0x6f690
reference	adventure-look-renderer	0x7f3cb0	0x7f60c2	0x14d1920
reference	adventure-look-renderer	0x7f3cb0	0x7f60cf	0xb9d10
reference	adventure-look-renderer	0x7f3cb0	0x7f60df	0x6f560
reference	adventure-look-renderer	0x7f3cb0	0x7f60e9	0x6f850
reference	adventure-look-renderer	0x7f3cb0	0x7f6128	0x6f560
reference	adventure-look-renderer	0x7f3cb0	0x7f614c	0x6f560
reference	adventure-look-renderer	0x7f3cb0	0x7f61ab	0xa82c10
reference	adventure-look-renderer	0x7f3cb0	0x7f61c6	0x6fa10
reference	adventure-look-renderer	0x7f3cb0	0x7f61dd	0x6f560
reference	adventure-look-renderer	0x7f3cb0	0x7f61ee	0x6f560
reference	adventure-look-renderer	0x7f3cb0	0x7f6238	0x14d2b20
reference	adventure-look-renderer	0x7f3cb0	0x7f6286	0x14d0c70
reference	adventure-look-renderer	0x7f3cb0	0x7f628f	0x6f690
reference	adventure-look-renderer	0x7f3cb0	0x7f62bd	0x14d1920
reference	adventure-look-renderer	0x7f3cb0	0x7f62ca	0xb9d10
reference	adventure-look-renderer	0x7f3cb0	0x7f62d4	0x6f850
reference	adventure-look-renderer	0x7f3cb0	0x7f62f2	0x6f560
reference	adventure-look-renderer	0x7f3cb0	0x7f6300	0x52dee0
reference	adventure-look-renderer	0x7f3cb0	0x7f6313	0xad9960
reference	adventure-look-renderer	0x7f3cb0	0x7f6352	0x1539680
reference	adventure-look-renderer	0x7f3cb0	0x7f642b	0x68150
reference	adventure-look-renderer	0x7f3cb0	0x7f6458	0xaa3bd0
reference	adventure-look-renderer	0x7f3cb0	0x7f6465	0xb9d10
reference	adventure-look-renderer	0x7f3cb0	0x7f64be	0x14d2cc0
reference	adventure-look-renderer	0x7f3cb0	0x7f64ea	0x6f560
reference	adventure-look-renderer	0x7f3cb0	0x7f6521	0x6f560
reference	adventure-look-renderer	0x7f3cb0	0x7f652a	0x6f690
reference	adventure-look-renderer	0x7f3cb0	0x7f6554	0x14d1920
reference	adventure-look-renderer	0x7f3cb0	0x7f6561	0xb9d10
reference	adventure-look-renderer	0x7f3cb0	0x7f656b	0x6f850
reference	adventure-look-renderer	0x7f3cb0	0x7f65e2	0x6f560
reference	adventure-look-renderer	0x7f3cb0	0x7f662a	0x6f560
reference	adventure-look-renderer	0x7f3cb0	0x7f664c	0x6f5a0
reference	adventure-look-renderer	0x7f3cb0	0x7f6659	0xb9d10
reference	adventure-look-renderer	0x7f3cb0	0x7f6670	0x6f560
reference	adventure-look-renderer	0x7f3cb0	0x7f6681	0x6f560
reference	adventure-look-renderer	0x7f3cb0	0x7f66cb	0x14d2b20
reference	adventure-look-renderer	0x7f3cb0	0x7f6719	0x14d0c70
reference	adventure-look-renderer	0x7f3cb0	0x7f6722	0x6f690
reference	adventure-look-renderer	0x7f3cb0	0x7f6750	0x14d1920
reference	adventure-look-renderer	0x7f3cb0	0x7f675d	0xb9d10
reference	adventure-look-renderer	0x7f3cb0	0x7f6767	0x6f850
reference	adventure-look-renderer	0x7f3cb0	0x7f6785	0x6f560
reference	adventure-look-renderer	0x7f3cb0	0x7f6793	0x52dee0
reference	adventure-look-renderer	0x7f3cb0	0x7f67a6	0xad9960
reference	adventure-look-renderer	0x7f3cb0	0x7f67b0	0x6f850
reference	adventure-look-renderer	0x7f3cb0	0x7f67ee	0x68150
reference	adventure-look-renderer	0x7f3cb0	0x7f6802	0xad9960
reference	adventure-look-renderer	0x7f3cb0	0x7f681b	0x68150
reference	adventure-look-renderer	0x7f3cb0	0x7f682f	0xad9960
reference	adventure-look-renderer	0x7f3cb0	0x7f684a	0x68150
reference	adventure-look-renderer	0x7f3cb0	0x7f685e	0xad9960
reference	adventure-look-renderer	0x7f3cb0	0x7f686d	0x68150
reference	adventure-look-renderer	0x7f3cb0	0x7f6881	0xad9960
reference	adventure-look-renderer	0x7f3cb0	0x7f688b	0x6f850
reference	adventure-look-renderer	0x7f3cb0	0x7f68ea	0x68150
reference	adventure-look-renderer	0x7f3cb0	0x7f68fe	0xad9960
reference	adventure-look-renderer	0x7f3cb0	0x7f6914	0x68150
reference	adventure-look-renderer	0x7f3cb0	0x7f6928	0xad9960
reference	adventure-look-renderer	0x7f3cb0	0x7f693e	0x68150
reference	adventure-look-renderer	0x7f3cb0	0x7f6952	0xad9960
reference	adventure-look-renderer	0x7f3cb0	0x7f6968	0x68150
reference	adventure-look-renderer	0x7f3cb0	0x7f697c	0xad9960
reference	adventure-look-renderer	0x7f3cb0	0x7f6992	0x68150
reference	adventure-look-renderer	0x7f3cb0	0x7f69a6	0xad9960
reference	adventure-look-renderer	0x7f3cb0	0x7f69b9	0x68150
reference	adventure-look-renderer	0x7f3cb0	0x7f69cd	0xad9960
reference	adventure-look-renderer	0x7f3cb0	0x7f69e0	0x68150
reference	adventure-look-renderer	0x7f3cb0	0x7f69f4	0xad9960
reference	adventure-look-renderer	0x7f3cb0	0x7f6a07	0x68150
reference	adventure-look-renderer	0x7f3cb0	0x7f6a1b	0xad9960
reference	adventure-look-renderer	0x7f3cb0	0x7f6a25	0x6f850
reference	adventure-look-renderer	0x7f3cb0	0x7f6a60	0x707d0
reference	adventure-look-renderer	0x7f3cb0	0x7f6aa8	0xad9960
reference	adventure-look-renderer	0x7f3cb0	0x7f6ab2	0x6f850
reference	adventure-look-renderer	0x7f3cb0	0x7f6abc	0x80d5e0
reference	adventure-look-renderer	0x7f3cb0	0x7f6ac8	0x1539660
reference	material-noun	0x14d1920	0x14d1991	0x6fa10
reference	material-noun	0x14d1920	0x14d19b3	0x6fa10
reference	material-noun	0x14d1920	0x14d19db	0x6fa10
reference	material-noun	0x14d1920	0x14d19fb	0x6fa10
reference	material-noun	0x14d1920	0x14d1a1b	0x6fa10
reference	material-noun	0x14d1920	0x14d1a3b	0x6fa10
reference	material-noun	0x14d1920	0x14d1a5b	0x6fa10
reference	material-noun	0x14d1920	0x14d1a7d	0x6fa10
reference	material-noun	0x14d1920	0x14d1a9f	0x6fa10
reference	material-noun	0x14d1920	0x14d1ac1	0x6fa10
reference	material-noun	0x14d1920	0x14d1ae3	0x6fa10
reference	material-noun	0x14d1920	0x14d1b1d	0x6fa10
reference	material-noun	0x14d1920	0x14d1c05	0x72570
reference	material-noun	0x14d1920	0x14d1c12	0xc3a4f0
reference	material-noun	0x14d1920	0x14d1c36	0xa946e0
reference	material-noun	0x14d1920	0x14d1c5a	0x6fa10
reference	material-noun	0x14d1920	0x14d1c6f	0x6fa10
reference	material-noun	0x14d1920	0x14d1cb0	0x1539680
reference	material-noun	0x14d1920	0x14d1cbf	0x14add70
reference	material-noun	0x14d1920	0x14d1cee	0x6fa10
reference	material-noun	0x14d1920	0x14d1d03	0x6fa10
reference	material-noun	0x14d1920	0x14d1d3b	0x6fa10
reference	material-noun	0x14d1920	0x14d1d54	0x6fa10
reference	material-noun	0x14d1920	0x14d1d63	0x1539660
reference	construction-material	0xa46f20	0xa46f70	0xa46d90
reference	construction-material	0xa46f20	0xa46fc6	0x6fa10
reference	construction-material	0xa46f20	0xa470f5	0x72570
reference	construction-material	0xa46f20	0xa47102	0xc3a4f0
reference	construction-material	0xa46f20	0xa47125	0xa946e0
reference	construction-material	0xa46f20	0xa47146	0x6fa10
reference	construction-material	0xa46f20	0xa4715c	0x6fa10
reference	construction-material	0xa46f20	0xa4719b	0x1539680
reference	construction-material	0xa46f20	0xa471b6	0x14add70
reference	construction-material	0xa46f20	0xa471e6	0x6fa10
reference	construction-material	0xa46f20	0xa471fc	0x6fa10
reference	construction-material	0xa46f20	0xa47222	0x6fa10
reference	construction-material	0xa46f20	0xa4723d	0x6fa10
reference	construction-material	0xa46f20	0xa47253	0x6fa10
reference	construction-material	0xa46f20	0xa47292	0x1539680
reference	construction-material	0xa46f20	0xa472ad	0x6fa10
reference	construction-material	0xa46f20	0xa473a5	0x72570
reference	construction-material	0xa46f20	0xa473b2	0xc3a4f0
reference	construction-material	0xa46f20	0xa473d5	0xa946e0
reference	construction-material	0xa46f20	0xa473f7	0x6fa10
reference	construction-material	0xa46f20	0xa4740e	0x6fa10
reference	construction-material	0xa46f20	0xa4744d	0x1539680
reference	construction-material	0xa46f20	0xa47463	0x14add70
reference	construction-material	0xa46f20	0xa47494	0x6fa10
reference	construction-material	0xa46f20	0xa474ab	0x6fa10
reference	construction-material	0xa46f20	0xa474d8	0x6fa10
reference	construction-material	0xa46f20	0xa474f5	0x6fa10
reference	construction-material	0xa46f20	0xa4752e	0x6fa10
reference	construction-material	0xa46f20	0xa47537	0x52d3c0
reference	construction-material	0xa46f20	0xa47553	0x6fa10
reference	construction-material	0xa46f20	0xa47593	0x1539680
reference	construction-material	0xa46f20	0xa475e2	0x1539680
reference	construction-material	0xa46f20	0xa475ee	0x1539660
reference	plant-parts	0x13ffd20	0x13ffdd6	0x6f8d0
reference	plant-parts	0x13ffd20	0x13ffe9a	0x6fa10
reference	plant-parts	0x13ffd20	0x13ffeaf	0x6fa10
reference	plant-parts	0x13ffd20	0x13ffed1	0x6fa10
reference	plant-parts	0x13ffd20	0x13ffefa	0x6fa10
reference	plant-parts	0x13ffd20	0x13fff0f	0x6fa10
reference	plant-parts	0x13ffd20	0x13fff31	0x6fa10
reference	plant-parts	0x13ffd20	0x13fff55	0x6fa10
reference	plant-parts	0x13ffd20	0x13fff6f	0x6fa10
reference	plant-parts	0x13ffd20	0x13fff84	0x6fa10
reference	plant-parts	0x13ffd20	0x13fffa6	0x6fa10
reference	plant-parts	0x13ffd20	0x13fffc0	0x6fa10
reference	plant-parts	0x13ffd20	0x13fffe4	0x6fa10
reference	plant-parts	0x13ffd20	0x13ffff9	0x6fa10
reference	plant-parts	0x13ffd20	0x140001b	0x6fa10
reference	plant-parts	0x13ffd20	0x1400044	0x6fa10
reference	plant-parts	0x13ffd20	0x1400059	0x6fa10
reference	plant-parts	0x13ffd20	0x140007b	0x6fa10
reference	plant-parts	0x13ffd20	0x14000a4	0x6fa10
reference	plant-parts	0x13ffd20	0x14000b9	0x6fa10
reference	plant-parts	0x13ffd20	0x14000db	0x6fa10
reference	plant-parts	0x13ffd20	0x1400104	0x6fa10
reference	plant-parts	0x13ffd20	0x1400119	0x6fa10
reference	plant-parts	0x13ffd20	0x140013b	0x6fa10
reference	plant-parts	0x13ffd20	0x140017a	0x6f8d0
reference	plant-parts	0x13ffd20	0x14001d9	0x6fa10
reference	plant-parts	0x13ffd20	0x1400218	0x1539680
reference	plant-parts	0x13ffd20	0x1400224	0x1539660
reference	material-decode	0x14d0c70	0x14d0c95	0x67f80
reference	material-decode	0x14d0c70	0x14d0d1f	0x247210
reference	material-decode	0x14d0c70	0x14d0d4f	0xa46d90
reference	material-decode	0x14d0c70	0x14d0dd2	0x247330
reference	material-decode	0x14d0c70	0x14d0df1	0x14d12c0
reference	material-decode	0x14d0c70	0x14d0e55	0x14d0be0
reference	material-decode	0x14d0c70	0x14d0e76	0x288ab0
reference	material-decode	0x14d0c70	0x14d0e83	0x288d60
reference	material-decode	0x14d0c70	0x14d0e9e	0x14a2970
reference	material-decode	0x14d0c70	0x14d0ebe	0x288ef0
reference	material-decode	0x14d0c70	0x14d0ed1	0x14d1240
reference	material-decode	0x14d0c70	0x14d0f07	0x14add70
reference	material-decode	0x14d0c70	0x14d0f48	0x14e100
reference	material-decode	0x14d0c70	0x14d0f4f	0x14e100
reference	material-decode	0x14d0c70	0x14d0f98	0x65d30
reference	material-decode	0x14d0c70	0x14d0fb8	0x149dce0
reference	material-decode	0x14d0c70	0x14d0fc6	0x65d30
reference	material-decode	0x14d0c70	0x14d0ff1	0x7dcd0
reference	material-decode	0x14d0c70	0x14d100b	0x14dfd0
reference	material-decode	0x14d0c70	0x14d10c3	0xeb68b0
reference	material-lookup	0x14add70	0x14ade88	0x701e70
reference	spoor-shorten	0x52d910	0x52d9c9	0x153ae1a
reference	spoor-shorten	0x52d910	0x52da03	0x153ae1a
reference	spoor-shorten	0x52d910	0x52dad3	0x153ae1a
reference	spoor-shorten	0x52d910	0x52db27	0x153ae1a
reference	spoor-shorten	0x52d910	0x52db61	0x153ae1a
reference	spoor-shorten	0x52d910	0x52dc59	0x153ae1a
reference	spoor-shorten	0x52d910	0x52dc9d	0x153ae1a
reference	spoor-shorten	0x52d910	0x52dcf1	0x153ae1a
reference	spoor-shorten	0x52d910	0x52dd28	0x153ae1a
reference	spoor-shorten	0x52d910	0x52de84	0x153ae1a
classic	terrain	0xe782a0	0xe782e6	0x68120
classic	terrain	0xe782a0	0xe782ef	0x6fb10
classic	terrain	0xe782a0	0xe782fa	0x6f840
classic	terrain	0xe782a0	0xe7837c	0x67f10
classic	terrain	0xe782a0	0xe78503	0x67ea0
classic	terrain	0xe782a0	0xe7854e	0x5408a0
classic	terrain	0xe782a0	0xe78567	0x6f9a0
classic	terrain	0xe782a0	0xe7857a	0x67ea0
classic	terrain	0xe782a0	0xe785c8	0x5408a0
classic	terrain	0xe782a0	0xe785e1	0x6f9a0
classic	terrain	0xe782a0	0xe785f4	0x67fa0
classic	terrain	0xe782a0	0xe7860d	0x6f9a0
classic	terrain	0xe782a0	0xe78650	0x13faa60
classic	terrain	0xe782a0	0xe7866e	0x7dab0
classic	terrain	0xe782a0	0xe7868f	0xb9d50
classic	terrain	0xe782a0	0xe786b9	0xa91760
classic	terrain	0xe782a0	0xe786c8	0x6f4f0
classic	terrain	0xe782a0	0xe7870f	0x6f9a0
classic	terrain	0xe782a0	0xe78727	0x68120
classic	terrain	0xe782a0	0xe78730	0x6fb10
classic	terrain	0xe782a0	0xe78745	0x13fac90
classic	terrain	0xe782a0	0xe78751	0xb9ca0
classic	terrain	0xe782a0	0xe7876f	0x14d7e0
classic	terrain	0xe782a0	0xe7886c	0x6f6d0
classic	terrain	0xe782a0	0xe78883	0x6f6d0
classic	terrain	0xe782a0	0xe78ac4	0xb9d50
classic	terrain	0xe782a0	0xe78af6	0x6f1d0
classic	terrain	0xe782a0	0xe78b02	0x6f1c0
classic	terrain	0xe782a0	0xe78b17	0x6f1d0
classic	terrain	0xe782a0	0xe78b27	0x6f1c0
classic	terrain	0xe782a0	0xe78b37	0x6f1d0
classic	terrain	0xe782a0	0xe78b47	0x6f1c0
classic	terrain	0xe782a0	0xe78b57	0x6f1d0
classic	terrain	0xe782a0	0xe78b67	0x6f1c0
classic	terrain	0xe782a0	0xe78b77	0x6f1d0
classic	terrain	0xe782a0	0xe78b87	0x6f1c0
classic	terrain	0xe782a0	0xe78b97	0x6f1d0
classic	terrain	0xe782a0	0xe78ba7	0x6f1c0
classic	terrain	0xe782a0	0xe78bf6	0x6eda0
classic	terrain	0xe782a0	0xe78c09	0x6eda0
classic	terrain	0xe782a0	0xe78c17	0x6eda0
classic	terrain	0xe782a0	0xe78c2b	0x6eda0
classic	terrain	0xe782a0	0xe78c81	0x6f9a0
classic	terrain	0xe782a0	0xe78c8d	0xb9ca0
classic	terrain	0xe782a0	0xe78cb2	0x6f7e0
classic	terrain	0xe782a0	0xe78cdc	0x67ea0
classic	terrain	0xe782a0	0xe78d14	0x52f110
classic	terrain	0xe782a0	0xe78d2f	0x14d7e0
classic	terrain	0xe782a0	0xe78d94	0x6f4f0
classic	terrain	0xe782a0	0xe78da0	0xb9ca0
classic	terrain	0xe782a0	0xe78e09	0x247150
classic	terrain	0xe782a0	0xe78e58	0x6f1d0
classic	terrain	0xe782a0	0xe78e69	0x6f1c0
classic	terrain	0xe782a0	0xe78ea5	0x6eda0
classic	terrain	0xe782a0	0xe78f47	0x10aa40
classic	terrain	0xe782a0	0xe78fb9	0x6f1d0
classic	terrain	0xe782a0	0xe78fc5	0x6f1c0
classic	terrain	0xe782a0	0xe78fda	0x6f1d0
classic	terrain	0xe782a0	0xe78fea	0x6f1c0
classic	terrain	0xe782a0	0xe78ffa	0x6f1d0
classic	terrain	0xe782a0	0xe7900a	0x6f1c0
classic	terrain	0xe782a0	0xe7901a	0x6f1d0
classic	terrain	0xe782a0	0xe7902a	0x6f1c0
classic	terrain	0xe782a0	0xe7903a	0x6f1d0
classic	terrain	0xe782a0	0xe7904a	0x6f1c0
classic	terrain	0xe782a0	0xe7905a	0x6f1d0
classic	terrain	0xe782a0	0xe7906a	0x6f1c0
classic	terrain	0xe782a0	0xe790a3	0x6eda0
classic	terrain	0xe782a0	0xe790b2	0x6eda0
classic	terrain	0xe782a0	0xe790c0	0x6eda0
classic	terrain	0xe782a0	0xe790d3	0x6eda0
classic	terrain	0xe782a0	0xe790e1	0x6eda0
classic	terrain	0xe782a0	0xe790f4	0x6eda0
classic	terrain	0xe782a0	0xe79107	0x6f3c0
classic	terrain	0xe782a0	0xe79110	0x6f3c0
classic	terrain	0xe782a0	0xe79119	0x6f3c0
classic	terrain	0xe782a0	0xe79122	0x6f2e0
classic	terrain	0xe782a0	0xe7912b	0x6f2e0
classic	terrain	0xe782a0	0xe79134	0x6f2e0
classic	terrain	0xe782a0	0xe79148	0x6f4f0
classic	terrain	0xe782a0	0xe79154	0xb9ca0
classic	terrain	0xe782a0	0xe79198	0x14cc2a0
classic	terrain	0xe782a0	0xe791b3	0x14d7e0
classic	terrain	0xe782a0	0xe79218	0x6f4f0
classic	terrain	0xe782a0	0xe79227	0x6f4f0
classic	terrain	0xe782a0	0xe79233	0xb9ca0
classic	terrain	0xe782a0	0xe7929c	0x247150
classic	terrain	0xe782a0	0xe792eb	0x6f1d0
classic	terrain	0xe782a0	0xe792fb	0x6f1c0
classic	terrain	0xe782a0	0xe7930e	0x6edb0
classic	terrain	0xe782a0	0xe79318	0x65740
classic	terrain	0xe782a0	0xe79335	0x6eda0
classic	terrain	0xe782a0	0xe793d0	0x10aa40
classic	terrain	0xe782a0	0xe7943c	0x6f1d0
classic	terrain	0xe782a0	0xe79448	0x6f1c0
classic	terrain	0xe782a0	0xe7945c	0x6f1d0
classic	terrain	0xe782a0	0xe7946c	0x6f1c0
classic	terrain	0xe782a0	0xe7947c	0x6f1d0
classic	terrain	0xe782a0	0xe7948c	0x6f1c0
classic	terrain	0xe782a0	0xe7949c	0x6f1d0
classic	terrain	0xe782a0	0xe794ac	0x6f1c0
classic	terrain	0xe782a0	0xe794bc	0x6f1d0
classic	terrain	0xe782a0	0xe794cc	0x6f1c0
classic	terrain	0xe782a0	0xe794dc	0x6f1d0
classic	terrain	0xe782a0	0xe794ec	0x6f1c0
classic	terrain	0xe782a0	0xe794ff	0x6edb0
classic	terrain	0xe782a0	0xe79509	0x65740
classic	terrain	0xe782a0	0xe79525	0x6eda0
classic	terrain	0xe782a0	0xe79534	0x6eda0
classic	terrain	0xe782a0	0xe79543	0x6eda0
classic	terrain	0xe782a0	0xe79551	0x6eda0
classic	terrain	0xe782a0	0xe7955f	0x6eda0
classic	terrain	0xe782a0	0xe79572	0x6eda0
classic	terrain	0xe782a0	0xe79586	0x6f3c0
classic	terrain	0xe782a0	0xe7958f	0x6f3c0
classic	terrain	0xe782a0	0xe79598	0x6f3c0
classic	terrain	0xe782a0	0xe795a1	0x6f2e0
classic	terrain	0xe782a0	0xe795aa	0x6f2e0
classic	terrain	0xe782a0	0xe795b3	0x6f2e0
classic	terrain	0xe782a0	0xe795c6	0x6edb0
classic	terrain	0xe782a0	0xe795d0	0x65740
classic	terrain	0xe782a0	0xe795e7	0x6f4f0
classic	terrain	0xe782a0	0xe795f3	0xb9ca0
classic	terrain	0xe782a0	0xe795fd	0x6ed90
classic	terrain	0xe782a0	0xe79613	0x6edb0
classic	terrain	0xe782a0	0xe7961d	0x65740
classic	terrain	0xe782a0	0xe79642	0x6f4f0
classic	terrain	0xe782a0	0xe7965a	0x14cc2a0
classic	terrain	0xe782a0	0xe79675	0x14d7e0
classic	terrain	0xe782a0	0xe796d6	0x6f4f0
classic	terrain	0xe782a0	0xe796e5	0x6f4f0
classic	terrain	0xe782a0	0xe796f1	0xb9ca0
classic	terrain	0xe782a0	0xe79705	0x6f4f0
classic	terrain	0xe782a0	0xe79729	0x6f4f0
classic	terrain	0xe782a0	0xe79738	0x6f4f0
classic	terrain	0xe782a0	0xe7974c	0x6f4f0
classic	terrain	0xe782a0	0xe79769	0xa44750
classic	terrain	0xe782a0	0xe79778	0x6f4f0
classic	terrain	0xe782a0	0xe797c2	0x14cbbe0
classic	terrain	0xe782a0	0xe797ed	0x14cc890
classic	terrain	0xe782a0	0xe797f9	0xb9ca0
classic	terrain	0xe782a0	0xe79808	0x6f4f0
classic	terrain	0xe782a0	0xe7982a	0xa44750
classic	terrain	0xe782a0	0xe79839	0x6f4f0
classic	terrain	0xe782a0	0xe7984d	0x6f4f0
classic	terrain	0xe782a0	0xe79897	0x14cbbe0
classic	terrain	0xe782a0	0xe798c2	0x14cc890
classic	terrain	0xe782a0	0xe798ce	0xb9ca0
classic	terrain	0xe782a0	0xe798dd	0x6f4f0
classic	terrain	0xe782a0	0xe798ff	0xa44750
classic	terrain	0xe782a0	0xe7990e	0x6f4f0
classic	terrain	0xe782a0	0xe79922	0x6f4f0
classic	terrain	0xe782a0	0xe7996c	0x14cbbe0
classic	terrain	0xe782a0	0xe79997	0x14cc890
classic	terrain	0xe782a0	0xe799a3	0xb9ca0
classic	terrain	0xe782a0	0xe799b2	0x6f4f0
classic	terrain	0xe782a0	0xe799d4	0xa44750
classic	terrain	0xe782a0	0xe799e3	0x6f4f0
classic	terrain	0xe782a0	0xe799f7	0x6f4f0
classic	terrain	0xe782a0	0xe79a41	0x14cbbe0
classic	terrain	0xe782a0	0xe79a6c	0x14cc890
classic	terrain	0xe782a0	0xe79a78	0xb9ca0
classic	terrain	0xe782a0	0xe79a87	0x6f4f0
classic	terrain	0xe782a0	0xe79aa9	0xa44750
classic	terrain	0xe782a0	0xe79ab8	0x6f4f0
classic	terrain	0xe782a0	0xe79acc	0x6f4f0
classic	terrain	0xe782a0	0xe79b16	0x14cbbe0
classic	terrain	0xe782a0	0xe79b41	0x14cc890
classic	terrain	0xe782a0	0xe79b4d	0xb9ca0
classic	terrain	0xe782a0	0xe79b5c	0x6f4f0
classic	terrain	0xe782a0	0xe79b7e	0xa44750
classic	terrain	0xe782a0	0xe79b8d	0x6f4f0
classic	terrain	0xe782a0	0xe79ba1	0x6f4f0
classic	terrain	0xe782a0	0xe79beb	0x14cbbe0
classic	terrain	0xe782a0	0xe79c16	0x14cc890
classic	terrain	0xe782a0	0xe79c22	0xb9ca0
classic	terrain	0xe782a0	0xe79c31	0x6f4f0
classic	terrain	0xe782a0	0xe79c53	0xa44750
classic	terrain	0xe782a0	0xe79c62	0x6f4f0
classic	terrain	0xe782a0	0xe79c76	0x6f4f0
classic	terrain	0xe782a0	0xe79cc0	0x14cbbe0
classic	terrain	0xe782a0	0xe79ceb	0x14cc890
classic	terrain	0xe782a0	0xe79cf7	0xb9ca0
classic	terrain	0xe782a0	0xe79d06	0x6f4f0
classic	terrain	0xe782a0	0xe79d28	0xa44750
classic	terrain	0xe782a0	0xe79d37	0x6f4f0
classic	terrain	0xe782a0	0xe79d4b	0x6f4f0
classic	terrain	0xe782a0	0xe79d95	0x14cbbe0
classic	terrain	0xe782a0	0xe79dc0	0x14cc890
classic	terrain	0xe782a0	0xe79dcc	0xb9ca0
classic	terrain	0xe782a0	0xe79ddb	0x6f4f0
classic	terrain	0xe782a0	0xe79dfd	0xa44750
classic	terrain	0xe782a0	0xe79e0c	0x6f4f0
classic	terrain	0xe782a0	0xe79e20	0x6f4f0
classic	terrain	0xe782a0	0xe79e6a	0x14cbbe0
classic	terrain	0xe782a0	0xe79e95	0x14cc890
classic	terrain	0xe782a0	0xe79ea1	0xb9ca0
classic	terrain	0xe782a0	0xe79eb0	0x6f4f0
classic	terrain	0xe782a0	0xe79ed2	0xa44750
classic	terrain	0xe782a0	0xe79ee1	0x6f4f0
classic	terrain	0xe782a0	0xe79ef5	0x6f4f0
classic	terrain	0xe782a0	0xe79f3f	0x14cbbe0
classic	terrain	0xe782a0	0xe79f6a	0x14cc890
classic	terrain	0xe782a0	0xe79f76	0xb9ca0
classic	terrain	0xe782a0	0xe79f85	0x6f4f0
classic	terrain	0xe782a0	0xe79fa7	0xa44750
classic	terrain	0xe782a0	0xe79fb6	0x6f4f0
classic	terrain	0xe782a0	0xe79fca	0x6f4f0
classic	terrain	0xe782a0	0xe7a014	0x14cbbe0
classic	terrain	0xe782a0	0xe7a03f	0x14cc890
classic	terrain	0xe782a0	0xe7a04b	0xb9ca0
classic	terrain	0xe782a0	0xe7a05a	0x6f4f0
classic	terrain	0xe782a0	0xe7a07c	0xa44750
classic	terrain	0xe782a0	0xe7a08b	0x6f4f0
classic	terrain	0xe782a0	0xe7a09f	0x6f4f0
classic	terrain	0xe782a0	0xe7a0e9	0x14cbbe0
classic	terrain	0xe782a0	0xe7a114	0x14cc890
classic	terrain	0xe782a0	0xe7a120	0xb9ca0
classic	terrain	0xe782a0	0xe7a12f	0x6f4f0
classic	terrain	0xe782a0	0xe7a151	0xa44750
classic	terrain	0xe782a0	0xe7a160	0x6f4f0
classic	terrain	0xe782a0	0xe7a174	0x6f4f0
classic	terrain	0xe782a0	0xe7a1be	0x14cbbe0
classic	terrain	0xe782a0	0xe7a1e9	0x14cc890
classic	terrain	0xe782a0	0xe7a1f5	0xb9ca0
classic	terrain	0xe782a0	0xe7a204	0x6f4f0
classic	terrain	0xe782a0	0xe7a226	0xa44750
classic	terrain	0xe782a0	0xe7a235	0x6f4f0
classic	terrain	0xe782a0	0xe7a249	0x6f4f0
classic	terrain	0xe782a0	0xe7a293	0x14cbbe0
classic	terrain	0xe782a0	0xe7a2be	0x14cc890
classic	terrain	0xe782a0	0xe7a2ca	0xb9ca0
classic	terrain	0xe782a0	0xe7a2d9	0x6f4f0
classic	terrain	0xe782a0	0xe7a2fb	0xa44750
classic	terrain	0xe782a0	0xe7a30a	0x6f4f0
classic	terrain	0xe782a0	0xe7a31e	0x6f4f0
classic	terrain	0xe782a0	0xe7a368	0x14cbbe0
classic	terrain	0xe782a0	0xe7a393	0x14cc890
classic	terrain	0xe782a0	0xe7a39f	0xb9ca0
classic	terrain	0xe782a0	0xe7a3ae	0x6f4f0
classic	terrain	0xe782a0	0xe7a3d0	0xa44750
classic	terrain	0xe782a0	0xe7a3df	0x6f4f0
classic	terrain	0xe782a0	0xe7a3f3	0x6f4f0
classic	terrain	0xe782a0	0xe7a440	0x6f4f0
classic	terrain	0xe782a0	0xe7a47d	0xb9cc0
classic	terrain	0xe782a0	0xe7a48c	0x6f4f0
classic	terrain	0xe782a0	0xe7a496	0xb9cc0
classic	terrain	0xe782a0	0xe7a4ac	0xb9cc0
classic	terrain	0xe782a0	0xe7a4bb	0x6f4f0
classic	terrain	0xe782a0	0xe7a4c5	0xb9cc0
classic	terrain	0xe782a0	0xe7a4db	0xb9cc0
classic	terrain	0xe782a0	0xe7a4ea	0x6f4f0
classic	terrain	0xe782a0	0xe7a4f4	0xb9cc0
classic	terrain	0xe782a0	0xe7a507	0xb9cc0
classic	terrain	0xe782a0	0xe7a516	0x6f4f0
classic	terrain	0xe782a0	0xe7a520	0xb9cc0
classic	terrain	0xe782a0	0xe7a533	0xb9cc0
classic	terrain	0xe782a0	0xe7a542	0x6f4f0
classic	terrain	0xe782a0	0xe7a54c	0xb9cc0
classic	terrain	0xe782a0	0xe7a564	0x6f4f0
classic	terrain	0xe782a0	0xe7a5a9	0x14cbbe0
classic	terrain	0xe782a0	0xe7a5d4	0x14cc890
classic	terrain	0xe782a0	0xe7a5e0	0xb9ca0
classic	terrain	0xe782a0	0xe7a5f3	0x7dbd0
classic	terrain	0xe782a0	0xe7a60c	0x6f4f0
classic	terrain	0xe782a0	0xe7a656	0x14cbbe0
classic	terrain	0xe782a0	0xe7a681	0x14cc890
classic	terrain	0xe782a0	0xe7a68d	0xb9ca0
classic	terrain	0xe782a0	0xe7a69c	0x6f4f0
classic	terrain	0xe782a0	0xe7a6b0	0x6f4f0
classic	terrain	0xe782a0	0xe7a6fa	0x14cbbe0
classic	terrain	0xe782a0	0xe7a725	0x14cc890
classic	terrain	0xe782a0	0xe7a731	0xb9ca0
classic	terrain	0xe782a0	0xe7a788	0x14cbbe0
classic	terrain	0xe782a0	0xe7a7b3	0x14cc890
classic	terrain	0xe782a0	0xe7a7bf	0xb9ca0
classic	terrain	0xe782a0	0xe7a7d2	0x7dbd0
classic	terrain	0xe782a0	0xe7a7fd	0x6f4f0
classic	terrain	0xe782a0	0xe7a842	0x14cbbe0
classic	terrain	0xe782a0	0xe7a86d	0x14cc890
classic	terrain	0xe782a0	0xe7a879	0xb9ca0
classic	terrain	0xe782a0	0xe7a88c	0x7dbd0
classic	terrain	0xe782a0	0xe7a8a5	0x6f4f0
classic	terrain	0xe782a0	0xe7a8c1	0x13faa60
classic	terrain	0xe782a0	0xe7a8de	0x7dab0
classic	terrain	0xe782a0	0xe7a8fb	0xb9d50
classic	terrain	0xe782a0	0xe7a925	0xa91760
classic	terrain	0xe782a0	0xe7a934	0x6f4f0
classic	terrain	0xe782a0	0xe7a94e	0x6f4f0
classic	terrain	0xe782a0	0xe7a973	0x14d810
classic	terrain	0xe782a0	0xe7a986	0x6f4f0
classic	terrain	0xe782a0	0xe7a98f	0x6f620
classic	terrain	0xe782a0	0xe7a9a0	0x13fac90
classic	terrain	0xe782a0	0xe7a9ac	0xb9ca0
classic	terrain	0xe782a0	0xe7a9c8	0x14d810
classic	terrain	0xe782a0	0xe7a9db	0x6f4f0
classic	terrain	0xe782a0	0xe7a9e5	0x67dc0
classic	terrain	0xe782a0	0xe7a9f9	0x6f4f0
classic	terrain	0xe782a0	0xe7aa15	0x13faa60
classic	terrain	0xe782a0	0xe7aa34	0x7dab0
classic	terrain	0xe782a0	0xe7aa56	0xb9d50
classic	terrain	0xe782a0	0xe7aa80	0xa91760
classic	terrain	0xe782a0	0xe7aa8f	0x6f4f0
classic	terrain	0xe782a0	0xe7aaa9	0x6f4f0
classic	terrain	0xe782a0	0xe7aabd	0x6f620
classic	terrain	0xe782a0	0xe7aad0	0x13fac90
classic	terrain	0xe782a0	0xe7aadc	0xb9ca0
classic	terrain	0xe782a0	0xe7ab0d	0x14d7e0
classic	terrain	0xe782a0	0xe7ab74	0x247150
classic	terrain	0xe782a0	0xe7abc1	0x6f1d0
classic	terrain	0xe782a0	0xe7abd1	0x6f1c0
classic	terrain	0xe782a0	0xe7abe4	0x6edb0
classic	terrain	0xe782a0	0xe7abee	0x65740
classic	terrain	0xe782a0	0xe7ac05	0x6eda0
classic	terrain	0xe782a0	0xe7aca5	0x10aa40
classic	terrain	0xe782a0	0xe7ad16	0x6f1d0
classic	terrain	0xe782a0	0xe7ad22	0x6f1c0
classic	terrain	0xe782a0	0xe7ad36	0x6f1d0
classic	terrain	0xe782a0	0xe7ad46	0x6f1c0
classic	terrain	0xe782a0	0xe7ad56	0x6f1d0
classic	terrain	0xe782a0	0xe7ad66	0x6f1c0
classic	terrain	0xe782a0	0xe7ad76	0x6f1d0
classic	terrain	0xe782a0	0xe7ad86	0x6f1c0
classic	terrain	0xe782a0	0xe7ad96	0x6f1d0
classic	terrain	0xe782a0	0xe7ada6	0x6f1c0
classic	terrain	0xe782a0	0xe7adb6	0x6f1d0
classic	terrain	0xe782a0	0xe7adc6	0x6f1c0
classic	terrain	0xe782a0	0xe7add9	0x6edb0
classic	terrain	0xe782a0	0xe7ade3	0x65740
classic	terrain	0xe782a0	0xe7adf9	0x6eda0
classic	terrain	0xe782a0	0xe7ae07	0x6eda0
classic	terrain	0xe782a0	0xe7ae19	0x6eda0
classic	terrain	0xe782a0	0xe7ae2c	0x6eda0
classic	terrain	0xe782a0	0xe7ae3a	0x6eda0
classic	terrain	0xe782a0	0xe7ae4e	0x6eda0
classic	terrain	0xe782a0	0xe7ae62	0x6f3c0
classic	terrain	0xe782a0	0xe7ae6b	0x6f3c0
classic	terrain	0xe782a0	0xe7ae74	0x6f3c0
classic	terrain	0xe782a0	0xe7ae7d	0x6f2e0
classic	terrain	0xe782a0	0xe7ae86	0x6f2e0
classic	terrain	0xe782a0	0xe7ae8f	0x6f2e0
classic	terrain	0xe782a0	0xe7aea2	0x6edb0
classic	terrain	0xe782a0	0xe7aeac	0x65740
classic	terrain	0xe782a0	0xe7aec3	0x6f4f0
classic	terrain	0xe782a0	0xe7aecf	0xb9ca0
classic	terrain	0xe782a0	0xe7aed9	0x6ed90
classic	terrain	0xe782a0	0xe7aeef	0x6edb0
classic	terrain	0xe782a0	0xe7aef9	0x65740
classic	terrain	0xe782a0	0xe7af0a	0x67dc0
classic	terrain	0xe782a0	0xe7af1e	0x6f4f0
classic	terrain	0xe782a0	0xe7af32	0x6f4f0
classic	terrain	0xe782a0	0xe7af72	0x14cbbe0
classic	terrain	0xe782a0	0xe7af9a	0x14cc890
classic	terrain	0xe782a0	0xe7afa6	0xb9ca0
classic	terrain	0xe782a0	0xe7afcc	0x6f4f0
classic	terrain	0xe782a0	0xe7afe0	0x6f4f0
classic	terrain	0xe782a0	0xe7aff4	0x6f4f0
classic	terrain	0xe782a0	0xe7b008	0x6f4f0
classic	terrain	0xe782a0	0xe7b01c	0x6f4f0
classic	terrain	0xe782a0	0xe7b030	0x6f4f0
classic	terrain	0xe782a0	0xe7b044	0x6f4f0
classic	terrain	0xe782a0	0xe7b058	0x6f4f0
classic	terrain	0xe782a0	0xe7b070	0x7dbd0
classic	terrain	0xe782a0	0xe7b085	0x6f4f0
classic	terrain	0xe782a0	0xe7b096	0x6f4f0
classic	terrain	0xe782a0	0xe7b0aa	0x6f4f0
classic	terrain	0xe782a0	0xe7b0c2	0xe77e40
classic	terrain	0xe782a0	0xe7b0d5	0x6f4f0
classic	terrain	0xe782a0	0xe7b0e4	0x6f4f0
classic	terrain	0xe782a0	0xe7b120	0x14cc2a0
classic	terrain	0xe782a0	0xe7b13b	0x14d7e0
classic	terrain	0xe782a0	0xe7b19c	0x6f4f0
classic	terrain	0xe782a0	0xe7b1ab	0xb9ca0
classic	terrain	0xe782a0	0xe7b1ba	0x6f4f0
classic	terrain	0xe782a0	0xe7b1ce	0x6f4f0
classic	terrain	0xe782a0	0xe7b1e6	0x14cc2a0
classic	terrain	0xe782a0	0xe7b201	0x14d7e0
classic	terrain	0xe782a0	0xe7b262	0x6f4f0
classic	terrain	0xe782a0	0xe7b271	0xb9ca0
classic	terrain	0xe782a0	0xe7b280	0x6f4f0
classic	terrain	0xe782a0	0xe7b294	0x6f4f0
classic	terrain	0xe782a0	0xe7b2ac	0x14cc2a0
classic	terrain	0xe782a0	0xe7b2c7	0x14d7e0
classic	terrain	0xe782a0	0xe7b328	0x6f4f0
classic	terrain	0xe782a0	0xe7b337	0xb9ca0
classic	terrain	0xe782a0	0xe7b346	0x6f4f0
classic	terrain	0xe782a0	0xe7b35a	0x6f4f0
classic	terrain	0xe782a0	0xe7b36e	0x6f4f0
classic	terrain	0xe782a0	0xe7b38b	0xa44750
classic	terrain	0xe782a0	0xe7b39a	0x6f4f0
classic	terrain	0xe782a0	0xe7b3e4	0x14cbbe0
classic	terrain	0xe782a0	0xe7b40f	0x14cc890
classic	terrain	0xe782a0	0xe7b427	0x6f4f0
classic	terrain	0xe782a0	0xe7b444	0xa44750
classic	terrain	0xe782a0	0xe7b453	0x6f4f0
classic	terrain	0xe782a0	0xe7b49d	0x14cbbe0
classic	terrain	0xe782a0	0xe7b4c8	0x14cc890
classic	terrain	0xe782a0	0xe7b4d4	0xb9ca0
classic	terrain	0xe782a0	0xe7b4e3	0x6f4f0
classic	terrain	0xe782a0	0xe7b4f7	0x6f4f0
classic	terrain	0xe782a0	0xe7b514	0xa44750
classic	terrain	0xe782a0	0xe7b523	0x6f4f0
classic	terrain	0xe782a0	0xe7b537	0x6f4f0
classic	terrain	0xe782a0	0xe7b581	0x14cbbe0
classic	terrain	0xe782a0	0xe7b5ac	0x14cc890
classic	terrain	0xe782a0	0xe7b5c4	0x6f4f0
classic	terrain	0xe782a0	0xe7b5d8	0x6f4f0
classic	terrain	0xe782a0	0xe7b5ec	0x6f4f0
classic	terrain	0xe782a0	0xe7b604	0xe77e40
classic	terrain	0xe782a0	0xe7b617	0x6f4f0
classic	terrain	0xe782a0	0xe7b62a	0x14cc2a0
classic	terrain	0xe782a0	0xe7b645	0x14d7e0
classic	terrain	0xe782a0	0xe7b6a6	0x6f4f0
classic	terrain	0xe782a0	0xe7b6b5	0xb9ca0
classic	terrain	0xe782a0	0xe7b6c4	0x6f4f0
classic	terrain	0xe782a0	0xe7b6d8	0x6f4f0
classic	terrain	0xe782a0	0xe7b6f0	0xe77e40
classic	terrain	0xe782a0	0xe7b703	0x6f4f0
classic	terrain	0xe782a0	0xe7b716	0x14cc2a0
classic	terrain	0xe782a0	0xe7b731	0x14d7e0
classic	terrain	0xe782a0	0xe7b784	0x6f4f0
classic	terrain	0xe782a0	0xe7b7a4	0x6f4f0
classic	terrain	0xe782a0	0xe7b7bf	0x6f4f0
classic	terrain	0xe782a0	0xe7b7d7	0xe77e40
classic	terrain	0xe782a0	0xe7b7ea	0x6f4f0
classic	terrain	0xe782a0	0xe7b7fd	0x14cc2a0
classic	terrain	0xe782a0	0xe7b818	0x14d7e0
classic	terrain	0xe782a0	0xe7b86b	0x6f4f0
classic	terrain	0xe782a0	0xe7b88b	0x6f4f0
classic	terrain	0xe782a0	0xe7b8a6	0x6f4f0
classic	terrain	0xe782a0	0xe7b8be	0xe77e40
classic	terrain	0xe782a0	0xe7b8d1	0x6f4f0
classic	terrain	0xe782a0	0xe7b916	0x14cbbe0
classic	terrain	0xe782a0	0xe7b941	0x14cc890
classic	terrain	0xe782a0	0xe7b94d	0xb9ca0
classic	terrain	0xe782a0	0xe7b95c	0x6f4f0
classic	terrain	0xe782a0	0xe7b974	0xe77e40
classic	terrain	0xe782a0	0xe7b987	0x6f4f0
classic	terrain	0xe782a0	0xe7b9a4	0xa44750
classic	terrain	0xe782a0	0xe7b9b3	0x6f4f0
classic	terrain	0xe782a0	0xe7b9cb	0xe77e40
classic	terrain	0xe782a0	0xe7b9de	0x6f4f0
classic	terrain	0xe782a0	0xe7b9ed	0x6f4f0
classic	terrain	0xe782a0	0xe7ba05	0xe77e40
classic	terrain	0xe782a0	0xe7ba18	0x6f4f0
classic	terrain	0xe782a0	0xe7ba5d	0x14cbbe0
classic	terrain	0xe782a0	0xe7ba88	0x14cc890
classic	terrain	0xe782a0	0xe7ba94	0xb9ca0
classic	terrain	0xe782a0	0xe7baa3	0x6f4f0
classic	terrain	0xe782a0	0xe7babb	0xe77e40
classic	terrain	0xe782a0	0xe7bace	0x6f4f0
classic	terrain	0xe782a0	0xe7baeb	0xa44750
classic	terrain	0xe782a0	0xe7bafa	0x6f4f0
classic	terrain	0xe782a0	0xe7bb12	0xe77e40
classic	terrain	0xe782a0	0xe7bb25	0x6f4f0
classic	terrain	0xe782a0	0xe7bb34	0x6f4f0
classic	terrain	0xe782a0	0xe7bb4c	0xe77e40
classic	terrain	0xe782a0	0xe7bb5f	0x6f4f0
classic	terrain	0xe782a0	0xe7bba4	0x14cbbe0
classic	terrain	0xe782a0	0xe7bbcf	0x14cc890
classic	terrain	0xe782a0	0xe7bbdb	0xb9ca0
classic	terrain	0xe782a0	0xe7bbea	0x6f4f0
classic	terrain	0xe782a0	0xe7bc02	0xe77e40
classic	terrain	0xe782a0	0xe7bc15	0x6f4f0
classic	terrain	0xe782a0	0xe7bc32	0xa44750
classic	terrain	0xe782a0	0xe7bc41	0x6f4f0
classic	terrain	0xe782a0	0xe7bc59	0xe77e40
classic	terrain	0xe782a0	0xe7bc6c	0x6f4f0
classic	terrain	0xe782a0	0xe7bc7b	0x6f4f0
classic	terrain	0xe782a0	0xe7bc93	0xe77e40
classic	terrain	0xe782a0	0xe7bca6	0x6f4f0
classic	terrain	0xe782a0	0xe7bceb	0x14cbbe0
classic	terrain	0xe782a0	0xe7bd16	0x14cc890
classic	terrain	0xe782a0	0xe7bd22	0xb9ca0
classic	terrain	0xe782a0	0xe7bd31	0x6f4f0
classic	terrain	0xe782a0	0xe7bd49	0xe77e40
classic	terrain	0xe782a0	0xe7bd5c	0x6f4f0
classic	terrain	0xe782a0	0xe7bd79	0xa44750
classic	terrain	0xe782a0	0xe7bd88	0x6f4f0
classic	terrain	0xe782a0	0xe7bda0	0xe77e40
classic	terrain	0xe782a0	0xe7bdb3	0x6f4f0
classic	terrain	0xe782a0	0xe7bdc2	0x6f4f0
classic	terrain	0xe782a0	0xe7bdda	0xe77e40
classic	terrain	0xe782a0	0xe7bded	0x6f4f0
classic	terrain	0xe782a0	0xe7be32	0x14cbbe0
classic	terrain	0xe782a0	0xe7be5d	0x14cc890
classic	terrain	0xe782a0	0xe7be69	0xb9ca0
classic	terrain	0xe782a0	0xe7be78	0x6f4f0
classic	terrain	0xe782a0	0xe7be90	0xe77e40
classic	terrain	0xe782a0	0xe7bea3	0x6f4f0
classic	terrain	0xe782a0	0xe7bec0	0xa44750
classic	terrain	0xe782a0	0xe7becf	0x6f4f0
classic	terrain	0xe782a0	0xe7bee7	0xe77e40
classic	terrain	0xe782a0	0xe7befa	0x6f4f0
classic	terrain	0xe782a0	0xe7bf09	0x6f4f0
classic	terrain	0xe782a0	0xe7bf21	0xe77e40
classic	terrain	0xe782a0	0xe7bf34	0x6f4f0
classic	terrain	0xe782a0	0xe7bf79	0x14cbbe0
classic	terrain	0xe782a0	0xe7bfa4	0x14cc890
classic	terrain	0xe782a0	0xe7bfb0	0xb9ca0
classic	terrain	0xe782a0	0xe7bfbf	0x6f4f0
classic	terrain	0xe782a0	0xe7bfd7	0xe77e40
classic	terrain	0xe782a0	0xe7bfea	0x6f4f0
classic	terrain	0xe782a0	0xe7c007	0xa44750
classic	terrain	0xe782a0	0xe7c016	0x6f4f0
classic	terrain	0xe782a0	0xe7c02e	0xe77e40
classic	terrain	0xe782a0	0xe7c041	0x6f4f0
classic	terrain	0xe782a0	0xe7c050	0x6f4f0
classic	terrain	0xe782a0	0xe7c068	0xe77e40
classic	terrain	0xe782a0	0xe7c07b	0x6f4f0
classic	terrain	0xe782a0	0xe7c0c0	0x14cbbe0
classic	terrain	0xe782a0	0xe7c0eb	0x14cc890
classic	terrain	0xe782a0	0xe7c0f7	0xb9ca0
classic	terrain	0xe782a0	0xe7c106	0x6f4f0
classic	terrain	0xe782a0	0xe7c11e	0xe77e40
classic	terrain	0xe782a0	0xe7c131	0x6f4f0
classic	terrain	0xe782a0	0xe7c14e	0xa44750
classic	terrain	0xe782a0	0xe7c15d	0x6f4f0
classic	terrain	0xe782a0	0xe7c175	0xe77e40
classic	terrain	0xe782a0	0xe7c188	0x6f4f0
classic	terrain	0xe782a0	0xe7c197	0x6f4f0
classic	terrain	0xe782a0	0xe7c1af	0xe77e40
classic	terrain	0xe782a0	0xe7c1c2	0x6f4f0
classic	terrain	0xe782a0	0xe7c207	0x14cbbe0
classic	terrain	0xe782a0	0xe7c232	0x14cc890
classic	terrain	0xe782a0	0xe7c23e	0xb9ca0
classic	terrain	0xe782a0	0xe7c24d	0x6f4f0
classic	terrain	0xe782a0	0xe7c265	0xe77e40
classic	terrain	0xe782a0	0xe7c278	0x6f4f0
classic	terrain	0xe782a0	0xe7c295	0xa44750
classic	terrain	0xe782a0	0xe7c2a4	0x6f4f0
classic	terrain	0xe782a0	0xe7c2bc	0xe77e40
classic	terrain	0xe782a0	0xe7c2cf	0x6f4f0
classic	terrain	0xe782a0	0xe7c2de	0x6f4f0
classic	terrain	0xe782a0	0xe7c2f6	0xe77e40
classic	terrain	0xe782a0	0xe7c309	0x6f4f0
classic	terrain	0xe782a0	0xe7c34e	0x14cbbe0
classic	terrain	0xe782a0	0xe7c379	0x14cc890
classic	terrain	0xe782a0	0xe7c385	0xb9ca0
classic	terrain	0xe782a0	0xe7c394	0x6f4f0
classic	terrain	0xe782a0	0xe7c3ac	0xe77e40
classic	terrain	0xe782a0	0xe7c3bf	0x6f4f0
classic	terrain	0xe782a0	0xe7c3dc	0xa44750
classic	terrain	0xe782a0	0xe7c3eb	0x6f4f0
classic	terrain	0xe782a0	0xe7c403	0xe77e40
classic	terrain	0xe782a0	0xe7c416	0x6f4f0
classic	terrain	0xe782a0	0xe7c425	0x6f4f0
classic	terrain	0xe782a0	0xe7c43d	0xe77e40
classic	terrain	0xe782a0	0xe7c450	0x6f4f0
classic	terrain	0xe782a0	0xe7c495	0x14cbbe0
classic	terrain	0xe782a0	0xe7c4c0	0x14cc890
classic	terrain	0xe782a0	0xe7c4cc	0xb9ca0
classic	terrain	0xe782a0	0xe7c4db	0x6f4f0
classic	terrain	0xe782a0	0xe7c4f3	0xe77e40
classic	terrain	0xe782a0	0xe7c506	0x6f4f0
classic	terrain	0xe782a0	0xe7c523	0xa44750
classic	terrain	0xe782a0	0xe7c532	0x6f4f0
classic	terrain	0xe782a0	0xe7c54a	0xe77e40
classic	terrain	0xe782a0	0xe7c55d	0x6f4f0
classic	terrain	0xe782a0	0xe7c56c	0x6f4f0
classic	terrain	0xe782a0	0xe7c584	0xe77e40
classic	terrain	0xe782a0	0xe7c597	0x6f4f0
classic	terrain	0xe782a0	0xe7c5dc	0x14cbbe0
classic	terrain	0xe782a0	0xe7c607	0x14cc890
classic	terrain	0xe782a0	0xe7c613	0xb9ca0
classic	terrain	0xe782a0	0xe7c622	0x6f4f0
classic	terrain	0xe782a0	0xe7c63a	0xe77e40
classic	terrain	0xe782a0	0xe7c64d	0x6f4f0
classic	terrain	0xe782a0	0xe7c66a	0xa44750
classic	terrain	0xe782a0	0xe7c679	0x6f4f0
classic	terrain	0xe782a0	0xe7c691	0xe77e40
classic	terrain	0xe782a0	0xe7c6a4	0x6f4f0
classic	terrain	0xe782a0	0xe7c6b3	0x6f4f0
classic	terrain	0xe782a0	0xe7c6cb	0xe77e40
classic	terrain	0xe782a0	0xe7c6de	0x6f4f0
classic	terrain	0xe782a0	0xe7c723	0x14cbbe0
classic	terrain	0xe782a0	0xe7c74e	0x14cc890
classic	terrain	0xe782a0	0xe7c75a	0xb9ca0
classic	terrain	0xe782a0	0xe7c769	0x6f4f0
classic	terrain	0xe782a0	0xe7c781	0xe77e40
classic	terrain	0xe782a0	0xe7c794	0x6f4f0
classic	terrain	0xe782a0	0xe7c7b1	0xa44750
classic	terrain	0xe782a0	0xe7c7c0	0x6f4f0
classic	terrain	0xe782a0	0xe7c7d8	0xe77e40
classic	terrain	0xe782a0	0xe7c7eb	0x6f4f0
classic	terrain	0xe782a0	0xe7c7fa	0x6f4f0
classic	terrain	0xe782a0	0xe7c812	0xe77e40
classic	terrain	0xe782a0	0xe7c825	0x6f4f0
classic	terrain	0xe782a0	0xe7c86a	0x14cbbe0
classic	terrain	0xe782a0	0xe7c895	0x14cc890
classic	terrain	0xe782a0	0xe7c8a1	0xb9ca0
classic	terrain	0xe782a0	0xe7c8b0	0x6f4f0
classic	terrain	0xe782a0	0xe7c8c8	0xe77e40
classic	terrain	0xe782a0	0xe7c8db	0x6f4f0
classic	terrain	0xe782a0	0xe7c8f8	0xa44750
classic	terrain	0xe782a0	0xe7c907	0x6f4f0
classic	terrain	0xe782a0	0xe7c91f	0xe77e40
classic	terrain	0xe782a0	0xe7c932	0x6f4f0
classic	terrain	0xe782a0	0xe7c941	0x6f4f0
classic	terrain	0xe782a0	0xe7c959	0xe77e40
classic	terrain	0xe782a0	0xe7c96c	0x6f4f0
classic	terrain	0xe782a0	0xe7c9b1	0x14cbbe0
classic	terrain	0xe782a0	0xe7c9dc	0x14cc890
classic	terrain	0xe782a0	0xe7c9e8	0xb9ca0
classic	terrain	0xe782a0	0xe7c9f7	0x6f4f0
classic	terrain	0xe782a0	0xe7ca0f	0xe77e40
classic	terrain	0xe782a0	0xe7ca22	0x6f4f0
classic	terrain	0xe782a0	0xe7ca3f	0xa44750
classic	terrain	0xe782a0	0xe7ca4e	0x6f4f0
classic	terrain	0xe782a0	0xe7ca66	0xe77e40
classic	terrain	0xe782a0	0xe7ca79	0x6f4f0
classic	terrain	0xe782a0	0xe7ca88	0x6f4f0
classic	terrain	0xe782a0	0xe7caa0	0xe77e40
classic	terrain	0xe782a0	0xe7cab3	0x6f4f0
classic	terrain	0xe782a0	0xe7caf8	0x14cbbe0
classic	terrain	0xe782a0	0xe7cb23	0x14cc890
classic	terrain	0xe782a0	0xe7cb2f	0xb9ca0
classic	terrain	0xe782a0	0xe7cb3e	0x6f4f0
classic	terrain	0xe782a0	0xe7cb56	0xe77e40
classic	terrain	0xe782a0	0xe7cb69	0x6f4f0
classic	terrain	0xe782a0	0xe7cb86	0xa44750
classic	terrain	0xe782a0	0xe7cb95	0x6f4f0
classic	terrain	0xe782a0	0xe7cbad	0xe77e40
classic	terrain	0xe782a0	0xe7cbc0	0x6f4f0
classic	terrain	0xe782a0	0xe7cbcf	0x6f4f0
classic	terrain	0xe782a0	0xe7cbe7	0xe77e40
classic	terrain	0xe782a0	0xe7cbfa	0x6f4f0
classic	terrain	0xe782a0	0xe7cc3f	0x14cbbe0
classic	terrain	0xe782a0	0xe7cc6a	0x14cc890
classic	terrain	0xe782a0	0xe7cc86	0xe77e40
classic	terrain	0xe782a0	0xe7cc99	0x6f4f0
classic	terrain	0xe782a0	0xe7ccb6	0xa44750
classic	terrain	0xe782a0	0xe7ccc5	0x6f4f0
classic	terrain	0xe782a0	0xe7ccdd	0xe77e40
classic	terrain	0xe782a0	0xe7ccf0	0x6f4f0
classic	terrain	0xe782a0	0xe7ccff	0x6f4f0
classic	terrain	0xe782a0	0xe7cd1b	0xe77e40
classic	terrain	0xe782a0	0xe7cd2e	0x6f4f0
classic	terrain	0xe782a0	0xe7cd41	0x67f10
classic	terrain	0xe782a0	0xe7cd8b	0x14cc2a0
classic	terrain	0xe782a0	0xe7cda6	0x14d7e0
classic	terrain	0xe782a0	0xe7ce07	0x6f4f0
classic	terrain	0xe782a0	0xe7ce16	0xb9ca0
classic	terrain	0xe782a0	0xe7ce25	0x6f4f0
classic	terrain	0xe782a0	0xe7ce39	0x6f4f0
classic	terrain	0xe782a0	0xe7ce51	0x14cc2a0
classic	terrain	0xe782a0	0xe7ce6c	0x14d7e0
classic	terrain	0xe782a0	0xe7cebf	0x6f4f0
classic	terrain	0xe782a0	0xe7cedf	0x6f4f0
classic	terrain	0xe782a0	0xe7cefa	0x6f4f0
classic	terrain	0xe782a0	0xe7cf12	0x14cc2a0
classic	terrain	0xe782a0	0xe7cf2d	0x14d7e0
classic	terrain	0xe782a0	0xe7cf80	0x6f4f0
classic	terrain	0xe782a0	0xe7cfa0	0x6f4f0
classic	terrain	0xe782a0	0xe7cfbb	0x6f4f0
classic	terrain	0xe782a0	0xe7d005	0x14cbbe0
classic	terrain	0xe782a0	0xe7d030	0x14cc890
classic	terrain	0xe782a0	0xe7d048	0x6f4f0
classic	terrain	0xe782a0	0xe7d06a	0xa44750
classic	terrain	0xe782a0	0xe7d079	0x6f4f0
classic	terrain	0xe782a0	0xe7d0ee	0x14cbbe0
classic	terrain	0xe782a0	0xe7d119	0x14cc890
classic	terrain	0xe782a0	0xe7d125	0xb9ca0
classic	terrain	0xe782a0	0xe7d134	0x6f4f0
classic	terrain	0xe782a0	0xe7d156	0xa44750
classic	terrain	0xe782a0	0xe7d165	0x6f4f0
classic	terrain	0xe782a0	0xe7d179	0x6f4f0
classic	terrain	0xe782a0	0xe7d1c3	0x14cbbe0
classic	terrain	0xe782a0	0xe7d1ee	0x14cc890
classic	terrain	0xe782a0	0xe7d1fa	0xb9ca0
classic	terrain	0xe782a0	0xe7d209	0x6f4f0
classic	terrain	0xe782a0	0xe7d22b	0xa44750
classic	terrain	0xe782a0	0xe7d23a	0x6f4f0
classic	terrain	0xe782a0	0xe7d24e	0x6f4f0
classic	terrain	0xe782a0	0xe7d298	0x14cbbe0
classic	terrain	0xe782a0	0xe7d2c3	0x14cc890
classic	terrain	0xe782a0	0xe7d2cf	0xb9ca0
classic	terrain	0xe782a0	0xe7d2de	0x6f4f0
classic	terrain	0xe782a0	0xe7d300	0xa44750
classic	terrain	0xe782a0	0xe7d30f	0x6f4f0
classic	terrain	0xe782a0	0xe7d323	0x6f4f0
classic	terrain	0xe782a0	0xe7d36d	0x14cbbe0
classic	terrain	0xe782a0	0xe7d398	0x14cc890
classic	terrain	0xe782a0	0xe7d3a4	0xb9ca0
classic	terrain	0xe782a0	0xe7d3b3	0x6f4f0
classic	terrain	0xe782a0	0xe7d3d5	0xa44750
classic	terrain	0xe782a0	0xe7d3e4	0x6f4f0
classic	terrain	0xe782a0	0xe7d3f8	0x6f4f0
classic	terrain	0xe782a0	0xe7d442	0x14cbbe0
classic	terrain	0xe782a0	0xe7d46d	0x14cc890
classic	terrain	0xe782a0	0xe7d479	0xb9ca0
classic	terrain	0xe782a0	0xe7d488	0x6f4f0
classic	terrain	0xe782a0	0xe7d4aa	0xa44750
classic	terrain	0xe782a0	0xe7d4b9	0x6f4f0
classic	terrain	0xe782a0	0xe7d4cd	0x6f4f0
classic	terrain	0xe782a0	0xe7d517	0x14cbbe0
classic	terrain	0xe782a0	0xe7d542	0x14cc890
classic	terrain	0xe782a0	0xe7d54e	0xb9ca0
classic	terrain	0xe782a0	0xe7d55d	0x6f4f0
classic	terrain	0xe782a0	0xe7d57f	0xa44750
classic	terrain	0xe782a0	0xe7d58e	0x6f4f0
classic	terrain	0xe782a0	0xe7d5a2	0x6f4f0
classic	terrain	0xe782a0	0xe7d5ec	0x14cbbe0
classic	terrain	0xe782a0	0xe7d617	0x14cc890
classic	terrain	0xe782a0	0xe7d623	0xb9ca0
classic	terrain	0xe782a0	0xe7d632	0x6f4f0
classic	terrain	0xe782a0	0xe7d654	0xa44750
classic	terrain	0xe782a0	0xe7d663	0x6f4f0
classic	terrain	0xe782a0	0xe7d677	0x6f4f0
classic	terrain	0xe782a0	0xe7d6c1	0x14cbbe0
classic	terrain	0xe782a0	0xe7d6ec	0x14cc890
classic	terrain	0xe782a0	0xe7d6f8	0xb9ca0
classic	terrain	0xe782a0	0xe7d707	0x6f4f0
classic	terrain	0xe782a0	0xe7d729	0xa44750
classic	terrain	0xe782a0	0xe7d738	0x6f4f0
classic	terrain	0xe782a0	0xe7d74c	0x6f4f0
classic	terrain	0xe782a0	0xe7d796	0x14cbbe0
classic	terrain	0xe782a0	0xe7d7c1	0x14cc890
classic	terrain	0xe782a0	0xe7d7cd	0xb9ca0
classic	terrain	0xe782a0	0xe7d7dc	0x6f4f0
classic	terrain	0xe782a0	0xe7d7fe	0xa44750
classic	terrain	0xe782a0	0xe7d80d	0x6f4f0
classic	terrain	0xe782a0	0xe7d821	0x6f4f0
classic	terrain	0xe782a0	0xe7d86b	0x14cbbe0
classic	terrain	0xe782a0	0xe7d896	0x14cc890
classic	terrain	0xe782a0	0xe7d8a2	0xb9ca0
classic	terrain	0xe782a0	0xe7d8b1	0x6f4f0
classic	terrain	0xe782a0	0xe7d8d3	0xa44750
classic	terrain	0xe782a0	0xe7d8e2	0x6f4f0
classic	terrain	0xe782a0	0xe7d8f6	0x6f4f0
classic	terrain	0xe782a0	0xe7d940	0x14cbbe0
classic	terrain	0xe782a0	0xe7d96b	0x14cc890
classic	terrain	0xe782a0	0xe7d977	0xb9ca0
classic	terrain	0xe782a0	0xe7d986	0x6f4f0
classic	terrain	0xe782a0	0xe7d9a8	0xa44750
classic	terrain	0xe782a0	0xe7d9b7	0x6f4f0
classic	terrain	0xe782a0	0xe7d9cb	0x6f4f0
classic	terrain	0xe782a0	0xe7da15	0x14cbbe0
classic	terrain	0xe782a0	0xe7da40	0x14cc890
classic	terrain	0xe782a0	0xe7da4c	0xb9ca0
classic	terrain	0xe782a0	0xe7da5b	0x6f4f0
classic	terrain	0xe782a0	0xe7da7d	0xa44750
classic	terrain	0xe782a0	0xe7da8c	0x6f4f0
classic	terrain	0xe782a0	0xe7daa0	0x6f4f0
classic	terrain	0xe782a0	0xe7daea	0x14cbbe0
classic	terrain	0xe782a0	0xe7db15	0x14cc890
classic	terrain	0xe782a0	0xe7db21	0xb9ca0
classic	terrain	0xe782a0	0xe7db30	0x6f4f0
classic	terrain	0xe782a0	0xe7db52	0xa44750
classic	terrain	0xe782a0	0xe7db61	0x6f4f0
classic	terrain	0xe782a0	0xe7db75	0x6f4f0
classic	terrain	0xe782a0	0xe7dbbf	0x14cbbe0
classic	terrain	0xe782a0	0xe7dbea	0x14cc890
classic	terrain	0xe782a0	0xe7dbf6	0xb9ca0
classic	terrain	0xe782a0	0xe7dc05	0x6f4f0
classic	terrain	0xe782a0	0xe7dc27	0xa44750
classic	terrain	0xe782a0	0xe7dc36	0x6f4f0
classic	terrain	0xe782a0	0xe7dc4a	0x6f4f0
classic	terrain	0xe782a0	0xe7dc94	0x14cbbe0
classic	terrain	0xe782a0	0xe7dcbf	0x14cc890
classic	terrain	0xe782a0	0xe7dccb	0xb9ca0
classic	terrain	0xe782a0	0xe7dcda	0x6f4f0
classic	terrain	0xe782a0	0xe7dcfc	0xa44750
classic	terrain	0xe782a0	0xe7dd0b	0x6f4f0
classic	terrain	0xe782a0	0xe7dd1f	0x6f4f0
classic	terrain	0xe782a0	0xe7dd33	0x6f4f0
classic	terrain	0xe782a0	0xe7dd47	0x6f4f0
classic	terrain	0xe782a0	0xe7dd71	0x247c80
classic	terrain	0xe782a0	0xe7dd90	0x6f9a0
classic	terrain	0xe782a0	0xe7dda3	0x149a020
classic	terrain	0xe782a0	0xe7ddbc	0x6f9a0
classic	terrain	0xe782a0	0xe7ddcf	0x67ea0
classic	terrain	0xe782a0	0xe7de17	0x5408a0
classic	terrain	0xe782a0	0xe7de30	0x6f9a0
classic	terrain	0xe782a0	0xe7de43	0x67ea0
classic	terrain	0xe782a0	0xe7de8c	0x5408a0
classic	terrain	0xe782a0	0xe7dea5	0x6f9a0
classic	terrain	0xe782a0	0xe7deb8	0x67fa0
classic	terrain	0xe782a0	0xe7ded1	0x6f9a0
classic	terrain	0xe782a0	0xe7df13	0x14cbbe0
classic	terrain	0xe782a0	0xe7df56	0xb9b10
classic	terrain	0xe782a0	0xe7e004	0x6f9a0
classic	terrain	0xe782a0	0xe7e03c	0xb9b10
classic	terrain	0xe782a0	0xe7e1d8	0x14a8ce0
classic	terrain	0xe782a0	0xe7e1ee	0x71f20
classic	terrain	0xe782a0	0xe7e216	0x6f9a0
classic	terrain	0xe782a0	0xe7e25e	0xa44750
classic	terrain	0xe782a0	0xe7e2e9	0x6f9a0
classic	terrain	0xe782a0	0xe7e311	0x14cc890
classic	terrain	0xe782a0	0xe7e31a	0x52ade0
classic	terrain	0xe782a0	0xe7e326	0xb9ca0
classic	terrain	0xe782a0	0xe7e33b	0x6f9a0
classic	terrain	0xe782a0	0xe7e3c6	0x14a8ce0
classic	terrain	0xe782a0	0xe7e3dc	0x71f20
classic	terrain	0xe782a0	0xe7e43e	0x6f9a0
classic	terrain	0xe782a0	0xe7e448	0x6f7e0
classic	terrain	0xe782a0	0xe7e454	0x15345d0
classic	lookinfo	0x404420	0x404522	0xc62490
classic	lookinfo	0x404420	0x404555	0xe782a0
classic	lookinfo	0x404420	0x40466b	0x6f860
classic	lookinfo	0x404420	0x40467d	0x6f9a0
classic	lookinfo	0x404420	0x404698	0x6f9a0
classic	lookinfo	0x404420	0x4046aa	0x6f9a0
classic	lookinfo	0x404420	0x4046f1	0x6f860
classic	lookinfo	0x404420	0x40470f	0x6f860
classic	lookinfo	0x404420	0x40472d	0x6f860
classic	lookinfo	0x404420	0x40474b	0x6f860
classic	lookinfo	0x404420	0x404769	0x6f860
classic	lookinfo	0x404420	0x404787	0x6f860
classic	lookinfo	0x404420	0x4047a5	0x6f860
classic	lookinfo	0x404420	0x4047c3	0x6f860
classic	lookinfo	0x404420	0x4047e1	0x6f860
classic	lookinfo	0x404420	0x4047ff	0x6f860
classic	lookinfo	0x404420	0x40481d	0x6f860
classic	lookinfo	0x404420	0x4048b5	0x132bba0
classic	lookinfo	0x404420	0x4048dd	0x13293a0
classic	lookinfo	0x404420	0x4049e2	0xc62490
classic	lookinfo	0x404420	0x404a06	0x6f860
classic	lookinfo	0x404420	0x404a6f	0x6f860
classic	lookinfo	0x404420	0x404a8c	0x6f9a0
classic	lookinfo	0x404420	0x404ac0	0xaa0c50
classic	lookinfo	0x404420	0x404b34	0x6f860
classic	lookinfo	0x404420	0x404b57	0x6f860
classic	lookinfo	0x404420	0x404bc0	0x6f860
classic	lookinfo	0x404420	0x404bde	0x6f9a0
classic	lookinfo	0x404420	0x404c08	0x6f860
classic	lookinfo	0x404420	0x404c71	0x6f860
classic	lookinfo	0x404420	0x404c8f	0x6f9a0
classic	lookinfo	0x404420	0x404ccf	0x15345f0
classic	lookinfo	0x404420	0x404d0a	0x6f860
classic	lookinfo	0x404420	0x404d42	0x6f860
classic	lookinfo	0x404420	0x404d60	0x6f860
classic	lookinfo	0x404420	0x404d92	0x14cc890
classic	lookinfo	0x404420	0x404e9f	0xa7fc90
classic	lookinfo	0x404420	0x404ebf	0x6f860
classic	lookinfo	0x404420	0x404edd	0x6f860
classic	lookinfo	0x404420	0x404efb	0x6f860
classic	lookinfo	0x404420	0x404f2c	0x6f860
classic	lookinfo	0x404420	0x404f5d	0x14cc890
classic	lookinfo	0x404420	0x404f73	0x6f9a0
classic	lookinfo	0x404420	0x404f9a	0x6f860
classic	lookinfo	0x404420	0x404fb8	0x6f860
classic	lookinfo	0x404420	0x404fd6	0x6f860
classic	lookinfo	0x404420	0x404ff1	0x6f860
classic	lookinfo	0x404420	0x40500e	0x6f860
classic	lookinfo	0x404420	0x405073	0xa7fc90
classic	lookinfo	0x404420	0x40507b	0x52b070
classic	lookinfo	0x404420	0x405098	0x14a8ce0
classic	lookinfo	0x404420	0x40518e	0x6f860
classic	lookinfo	0x404420	0x4051d2	0x14cc890
classic	lookinfo	0x404420	0x4051ed	0x6f9a0
classic	lookinfo	0x404420	0x4051f7	0x6f7e0
classic	lookinfo	0x404420	0x40526d	0x6f9a0
classic	lookinfo	0x404420	0x40529a	0xc62490
classic	lookinfo	0x404420	0x4052b5	0x6f9a0
classic	lookinfo	0x404420	0x4052bf	0x6f7e0
classic	lookinfo	0x404420	0x4052e0	0x6f860
classic	lookinfo	0x404420	0x405344	0x6f860
classic	lookinfo	0x404420	0x405369	0x529db0
classic	lookinfo	0x404420	0x405384	0x6f9a0
classic	lookinfo	0x404420	0x40539a	0x6f9a0
classic	lookinfo	0x404420	0x4053e5	0x15345f0
classic	lookinfo	0x404420	0x405414	0x6f860
classic	lookinfo	0x404420	0x405439	0x529db0
classic	lookinfo	0x404420	0x405454	0x6f9a0
classic	lookinfo	0x404420	0x40546a	0x6f9a0
classic	lookinfo	0x404420	0x40547f	0x6f7e0
classic	lookinfo	0x404420	0x4054a3	0x6f860
classic	lookinfo	0x404420	0x4054c7	0x6f860
classic	lookinfo	0x404420	0x405505	0x6f9a0
classic	lookinfo	0x404420	0x4057d5	0x72500
classic	lookinfo	0x404420	0x4057e2	0xc37530
classic	lookinfo	0x404420	0x405805	0xa91760
classic	lookinfo	0x404420	0x405829	0x6f9a0
classic	lookinfo	0x404420	0x40583f	0x6f9a0
classic	lookinfo	0x404420	0x405881	0x15345f0
classic	lookinfo	0x404420	0x40589c	0x14a8ce0
classic	lookinfo	0x404420	0x4058d3	0x6f9a0
classic	lookinfo	0x404420	0x4058e2	0x6f9a0
classic	lookinfo	0x404420	0x40591a	0x6f9a0
classic	lookinfo	0x404420	0x405935	0x6f9a0
classic	lookinfo	0x404420	0x405944	0x6f9a0
classic	lookinfo	0x404420	0x405983	0x15345f0
classic	lookinfo	0x404420	0x4059b9	0x6f9a0
classic	lookinfo	0x404420	0x405a0f	0xa7fc90
classic	lookinfo	0x404420	0x405a2a	0x6f9a0
classic	lookinfo	0x404420	0x405a52	0x6f9a0
classic	lookinfo	0x404420	0x405a91	0x15345f0
classic	lookinfo	0x404420	0x405ab8	0x52b330
classic	lookinfo	0x404420	0x405bf4	0x6f860
classic	lookinfo	0x404420	0x405c4a	0x6f860
classic	lookinfo	0x404420	0x405c68	0x6f9a0
classic	lookinfo	0x404420	0x405e21	0x6f9a0
classic	lookinfo	0x404420	0x405e5b	0x14cc890
classic	lookinfo	0x404420	0x405e76	0x6f9a0
classic	lookinfo	0x404420	0x405e82	0x6f7e0
classic	lookinfo	0x404420	0x405f0a	0x6f9a0
classic	lookinfo	0x404420	0x405f3f	0x6f860
classic	lookinfo	0x404420	0x405f5a	0x6f9a0
classic	lookinfo	0x404420	0x405f82	0x6f9a0
classic	lookinfo	0x404420	0x405fde	0x6f9a0
classic	lookinfo	0x404420	0x406041	0x6f9a0
classic	lookinfo	0x404420	0x40605d	0x6f9a0
classic	lookinfo	0x404420	0x406078	0x15345d0
classic	lookinfo-producer	0x4061b0	0x4061f1	0xe80370
classic	lookinfo-producer	0x4061b0	0x4061fe	0x8bc8e0
classic	lookinfo-producer	0x4061b0	0x406213	0x67f10
classic	lookinfo-producer	0x4061b0	0x406257	0xe7fb30
classic	lookinfo-producer	0x4061b0	0x406273	0x7dbd0
classic	lookinfo-producer	0x4061b0	0x4062f5	0x1534600
classic	lookinfo-producer	0x4061b0	0x4062fd	0x407de0
classic	lookinfo-producer	0x4061b0	0x40630e	0x3d4420
classic	lookinfo-producer	0x4061b0	0x406328	0x404420
classic	lookinfo-producer	0x4061b0	0x406331	0x41e9d0
classic	lookinfo-producer	0x4061b0	0x406379	0xe7fb30
classic	lookinfo-producer	0x4061b0	0x4063ff	0x13e55d0
classic	lookinfo-producer	0x4061b0	0x40642c	0x134a250
classic	lookinfo-producer	0x4061b0	0x4064a9	0x1534600
classic	lookinfo-producer	0x4061b0	0x4064b1	0x407de0
classic	lookinfo-producer	0x4061b0	0x4064c2	0x3d4420
classic	lookinfo-producer	0x4061b0	0x4064da	0x404420
classic	lookinfo-producer	0x4061b0	0x4064e3	0x41e9d0
classic	lookinfo-producer	0x4061b0	0x406531	0x1534600
classic	lookinfo-producer	0x4061b0	0x406539	0x407de0
classic	lookinfo-producer	0x4061b0	0x40654a	0x3d4420
classic	lookinfo-producer	0x4061b0	0x406565	0x404420
classic	lookinfo-producer	0x4061b0	0x40656e	0x41e9d0
classic	lookinfo-producer	0x4061b0	0x4065a4	0x7dbd0
classic	lookinfo-producer	0x4061b0	0x4065b9	0x1534600
classic	lookinfo-producer	0x4061b0	0x4065f1	0x404420
classic	lookinfo-producer	0x4061b0	0x406617	0x41ea00
classic	lookinfo-producer	0x4061b0	0x406627	0x1534600
classic	lookinfo-producer	0x4061b0	0x406665	0x404420
classic	lookinfo-producer	0x4061b0	0x40668b	0x41ea00
classic	lookinfo-producer	0x4061b0	0x40669b	0x1534600
classic	lookinfo-producer	0x4061b0	0x4066d9	0x404420
classic	lookinfo-producer	0x4061b0	0x4066ff	0x41ea00
classic	lookinfo-producer	0x4061b0	0x406718	0x3d42f0
classic	lookinfo-producer	0x4061b0	0x40677c	0x1534600
classic	lookinfo-producer	0x4061b0	0x4067b6	0x404420
classic	lookinfo-producer	0x4061b0	0x4067df	0x41ea00
classic	lookinfo-producer	0x4061b0	0x4067f4	0x7dbd0
classic	lookinfo-producer	0x4061b0	0x406854	0x1376cc0
classic	lookinfo-producer	0x4061b0	0x406878	0x14d9b0
classic	lookinfo-producer	0x4061b0	0x406886	0x1534600
classic	lookinfo-producer	0x4061b0	0x4068b5	0x3d4420
classic	lookinfo-producer	0x4061b0	0x4068d1	0x404420
classic	lookinfo-producer	0x4061b0	0x4068f7	0x41ea00
classic	lookinfo-producer	0x4061b0	0x40697e	0x1534600
classic	lookinfo-producer	0x4061b0	0x4069f7	0x404420
classic	lookinfo-producer	0x4061b0	0x406a29	0x41ea00
classic	lookinfo-producer	0x4061b0	0x406b98	0x1534600
classic	lookinfo-producer	0x4061b0	0x406bda	0x404420
classic	lookinfo-producer	0x4061b0	0x406c00	0x41ea00
classic	lookinfo-producer	0x4061b0	0x406c9e	0x1534600
classic	lookinfo-producer	0x4061b0	0x406cea	0x404420
classic	lookinfo-producer	0x4061b0	0x406d10	0x41ea00
classic	lookinfo-producer	0x4061b0	0x406dc6	0x5561d0
classic	lookinfo-producer	0x4061b0	0x406e04	0x1534600
classic	lookinfo-producer	0x4061b0	0x406e54	0x404420
classic	lookinfo-producer	0x4061b0	0x406e7a	0x41ea00
classic	lookinfo-producer	0x4061b0	0x406ee5	0x1534600
classic	lookinfo-producer	0x4061b0	0x406f38	0x404420
classic	lookinfo-producer	0x4061b0	0x406f5e	0x41ea00
classic	lookinfo-producer	0x4061b0	0x406ff1	0xa50860
classic	lookinfo-producer	0x4061b0	0x40707e	0x1534600
classic	lookinfo-producer	0x4061b0	0x407168	0x404420
classic	lookinfo-producer	0x4061b0	0x40718e	0x41ea00
classic	lookinfo-producer	0x4061b0	0x40721d	0x1534600
classic	lookinfo-producer	0x4061b0	0x407259	0x404420
classic	lookinfo-producer	0x4061b0	0x40727f	0x41ea00
classic	lookinfo-producer	0x4061b0	0x4072f4	0x1534600
classic	lookinfo-producer	0x4061b0	0x407330	0x404420
classic	lookinfo-producer	0x4061b0	0x407356	0x41ea00
classic	lookinfo-producer	0x4061b0	0x407387	0x1534600
classic	lookinfo-producer	0x4061b0	0x4073c7	0x404420
classic	lookinfo-producer	0x4061b0	0x4073ed	0x41ea00
classic	lookinfo-producer	0x4061b0	0x407401	0x1418b0
classic	lookinfo-producer	0x4061b0	0x4074bd	0x1534600
classic	lookinfo-producer	0x4061b0	0x407582	0x1418b0
classic	lookinfo-producer	0x4061b0	0x4075a0	0x1534600
classic	lookinfo-producer	0x4061b0	0x4075f0	0x1418b0
classic	lookinfo-producer	0x4061b0	0x40770b	0x404420
classic	lookinfo-producer	0x4061b0	0x407731	0x41ea00
classic	lookinfo-producer	0x4061b0	0x4077e1	0x1534600
classic	lookinfo-producer	0x4061b0	0x40785e	0x404420
classic	lookinfo-producer	0x4061b0	0x407884	0x41ea00
classic	lookinfo-producer	0x4061b0	0x4078cf	0x1534600
classic	lookinfo-producer	0x4061b0	0x407957	0x404420
classic	lookinfo-producer	0x4061b0	0x40797d	0x41ea00
classic	lookinfo-producer	0x4061b0	0x407a8e	0x52f210
classic	lookinfo-producer	0x4061b0	0x407be9	0x1534600
classic	lookinfo-producer	0x4061b0	0x407c2b	0x404420
classic	lookinfo-producer	0x4061b0	0x407c77	0x1534600
classic	lookinfo-producer	0x4061b0	0x407d11	0x404420
classic	lookinfo-producer	0x4061b0	0x407d3a	0x41ea00
classic	lookinfo-producer	0x4061b0	0x407d48	0x41ea00
classic	adventure-look-renderer	0x7f1530	0x7f1594	0xc303b0
classic	adventure-look-renderer	0x7f1530	0x7f1617	0x8bc000
classic	adventure-look-renderer	0x7f1530	0x7f161c	0x843fe0
classic	adventure-look-renderer	0x7f1530	0x7f1621	0x800ad0
classic	adventure-look-renderer	0x7f1530	0x7f162e	0xe95f50
classic	adventure-look-renderer	0x7f1530	0x7f163a	0xaee1d0
classic	adventure-look-renderer	0x7f1530	0x7f1673	0x8bc000
classic	adventure-look-renderer	0x7f1530	0x7f1680	0xe95f50
classic	adventure-look-renderer	0x7f1530	0x7f168c	0xaee1d0
classic	adventure-look-renderer	0x7f1530	0x7f169a	0xc303b0
classic	adventure-look-renderer	0x7f1530	0x7f16ae	0xe9ed0
classic	adventure-look-renderer	0x7f1530	0x7f16cc	0xe80370
classic	adventure-look-renderer	0x7f1530	0x7f16da	0x8bc000
classic	adventure-look-renderer	0x7f1530	0x7f16e7	0xe95f50
classic	adventure-look-renderer	0x7f1530	0x7f16f3	0xaee1d0
classic	adventure-look-renderer	0x7f1530	0x7f1710	0x7ff940
classic	adventure-look-renderer	0x7f1530	0x7f1770	0xc364f0
classic	adventure-look-renderer	0x7f1530	0x7f177a	0xc364f0
classic	adventure-look-renderer	0x7f1530	0x7f178b	0x70760
classic	adventure-look-renderer	0x7f1530	0x7f17c6	0xad69a0
classic	adventure-look-renderer	0x7f1530	0x7f1805	0x15345f0
classic	adventure-look-renderer	0x7f1530	0x7f19aa	0xe782a0
classic	adventure-look-renderer	0x7f1530	0x7f19dd	0xc364f0
classic	adventure-look-renderer	0x7f1530	0x7f19ed	0x680e0
classic	adventure-look-renderer	0x7f1530	0x7f1a01	0xad69a0
classic	adventure-look-renderer	0x7f1530	0x7f1a0b	0x6f7e0
classic	adventure-look-renderer	0x7f1530	0x7f1a1e	0xad69a0
classic	adventure-look-renderer	0x7f1530	0x7f1a32	0x72670
classic	adventure-look-renderer	0x7f1530	0x7f1a73	0xc364f0
classic	adventure-look-renderer	0x7f1530	0x7f1a83	0x680e0
classic	adventure-look-renderer	0x7f1530	0x7f1a97	0xad69a0
classic	adventure-look-renderer	0x7f1530	0x7f1aa1	0x6f7e0
classic	adventure-look-renderer	0x7f1530	0x7f1ab6	0xc62490
classic	adventure-look-renderer	0x7f1530	0x7f1aca	0x72670
classic	adventure-look-renderer	0x7f1530	0x7f1b0b	0xc364f0
classic	adventure-look-renderer	0x7f1530	0x7f1b1b	0x680e0
classic	adventure-look-renderer	0x7f1530	0x7f1b2f	0xad69a0
classic	adventure-look-renderer	0x7f1530	0x7f1b44	0x73b00
classic	adventure-look-renderer	0x7f1530	0x7f1b85	0xc364f0
classic	adventure-look-renderer	0x7f1530	0x7f1b95	0x680e0
classic	adventure-look-renderer	0x7f1530	0x7f1ba9	0xad69a0
classic	adventure-look-renderer	0x7f1530	0x7f1bb3	0x6f7e0
classic	adventure-look-renderer	0x7f1530	0x7f1bbb	0x7e20e0
classic	adventure-look-renderer	0x7f1530	0x7f1bdc	0x13293a0
classic	adventure-look-renderer	0x7f1530	0x7f1bf0	0x67ce0
classic	adventure-look-renderer	0x7f1530	0x7f1c31	0xc364f0
classic	adventure-look-renderer	0x7f1530	0x7f1c41	0x680e0
classic	adventure-look-renderer	0x7f1530	0x7f1c55	0xad69a0
classic	adventure-look-renderer	0x7f1530	0x7f1c5f	0x6f7e0
classic	adventure-look-renderer	0x7f1530	0x7f1c83	0x72670
classic	adventure-look-renderer	0x7f1530	0x7f1cbb	0xc364f0
classic	adventure-look-renderer	0x7f1530	0x7f1ccb	0x680e0
classic	adventure-look-renderer	0x7f1530	0x7f1cdf	0xad69a0
classic	adventure-look-renderer	0x7f1530	0x7f1ce9	0x6f7e0
classic	adventure-look-renderer	0x7f1530	0x7f1d13	0x6f510
classic	adventure-look-renderer	0x7f1530	0x7f1d1c	0x6f620
classic	adventure-look-renderer	0x7f1530	0x7f1d3e	0xaa0c50
classic	adventure-look-renderer	0x7f1530	0x7f1d4b	0xb9ca0
classic	adventure-look-renderer	0x7f1530	0x7f1d72	0xaa0c50
classic	adventure-look-renderer	0x7f1530	0x7f1d92	0xaa0c50
classic	adventure-look-renderer	0x7f1530	0x7f1dac	0x6f510
classic	adventure-look-renderer	0x7f1530	0x7f1db5	0x6f620
classic	adventure-look-renderer	0x7f1530	0x7f1dd7	0xaa0c50
classic	adventure-look-renderer	0x7f1530	0x7f1de4	0xb9ca0
classic	adventure-look-renderer	0x7f1530	0x7f1dfa	0x6f510
classic	adventure-look-renderer	0x7f1530	0x7f1e03	0x6f620
classic	adventure-look-renderer	0x7f1530	0x7f1e25	0xaa0c50
classic	adventure-look-renderer	0x7f1530	0x7f1e32	0xb9ca0
classic	adventure-look-renderer	0x7f1530	0x7f1e6f	0xc364f0
classic	adventure-look-renderer	0x7f1530	0x7f1e7f	0x680e0
classic	adventure-look-renderer	0x7f1530	0x7f1e93	0xad69a0
classic	adventure-look-renderer	0x7f1530	0x7f1e9d	0x6f7e0
classic	adventure-look-renderer	0x7f1530	0x7f1ed3	0x6f510
classic	adventure-look-renderer	0x7f1530	0x7f1ef9	0x6f510
classic	adventure-look-renderer	0x7f1530	0x7f1f0e	0x6f510
classic	adventure-look-renderer	0x7f1530	0x7f1f3b	0x14cc890
classic	adventure-look-renderer	0x7f1530	0x7f1f50	0x6f510
classic	adventure-look-renderer	0x7f1530	0x7f1f65	0x6f510
classic	adventure-look-renderer	0x7f1530	0x7f1f8d	0x7dbd0
classic	adventure-look-renderer	0x7f1530	0x7f1fac	0x6f510
classic	adventure-look-renderer	0x7f1530	0x7f1fd9	0x14cc890
classic	adventure-look-renderer	0x7f1530	0x7f1fe9	0x6f4f0
classic	adventure-look-renderer	0x7f1530	0x7f200a	0x6f510
classic	adventure-look-renderer	0x7f1530	0x7f201f	0x6f510
classic	adventure-look-renderer	0x7f1530	0x7f2034	0x6f510
classic	adventure-look-renderer	0x7f1530	0x7f2049	0x6f510
classic	adventure-look-renderer	0x7f1530	0x7f2059	0x6f4c0
classic	adventure-look-renderer	0x7f1530	0x7f2073	0x3d4040
classic	adventure-look-renderer	0x7f1530	0x7f20d6	0xa7fc90
classic	adventure-look-renderer	0x7f1530	0x7f20f1	0x6f510
classic	adventure-look-renderer	0x7f1530	0x7f2129	0xc364f0
classic	adventure-look-renderer	0x7f1530	0x7f2139	0x680e0
classic	adventure-look-renderer	0x7f1530	0x7f214d	0xad69a0
classic	adventure-look-renderer	0x7f1530	0x7f2157	0x6f7e0
classic	adventure-look-renderer	0x7f1530	0x7f2167	0x680e0
classic	adventure-look-renderer	0x7f1530	0x7f217b	0xad69a0
classic	adventure-look-renderer	0x7f1530	0x7f21b8	0xc364f0
classic	adventure-look-renderer	0x7f1530	0x7f21c8	0x680e0
classic	adventure-look-renderer	0x7f1530	0x7f21dc	0xad69a0
classic	adventure-look-renderer	0x7f1530	0x7f21e6	0x6f7e0
classic	adventure-look-renderer	0x7f1530	0x7f21f6	0x680e0
classic	adventure-look-renderer	0x7f1530	0x7f220a	0xad69a0
classic	adventure-look-renderer	0x7f1530	0x7f2247	0xc364f0
classic	adventure-look-renderer	0x7f1530	0x7f2257	0x680e0
classic	adventure-look-renderer	0x7f1530	0x7f226b	0xad69a0
classic	adventure-look-renderer	0x7f1530	0x7f2275	0x6f7e0
classic	adventure-look-renderer	0x7f1530	0x7f22a5	0x680e0
classic	adventure-look-renderer	0x7f1530	0x7f2339	0x14cdc30
classic	adventure-look-renderer	0x7f1530	0x7f2364	0x6f620
classic	adventure-look-renderer	0x7f1530	0x7f238c	0x14cc890
classic	adventure-look-renderer	0x7f1530	0x7f2399	0xb9ca0
classic	adventure-look-renderer	0x7f1530	0x7f23a9	0x6f4f0
classic	adventure-look-renderer	0x7f1530	0x7f23b3	0x6f7e0
classic	adventure-look-renderer	0x7f1530	0x7f23d8	0x6f4f0
classic	adventure-look-renderer	0x7f1530	0x7f23e1	0x6f620
classic	adventure-look-renderer	0x7f1530	0x7f242a	0xa7fc90
classic	adventure-look-renderer	0x7f1530	0x7f2437	0xb9ca0
classic	adventure-look-renderer	0x7f1530	0x7f2463	0x6f4f0
classic	adventure-look-renderer	0x7f1530	0x7f24a5	0xbba20
classic	adventure-look-renderer	0x7f1530	0x7f24b1	0x6f620
classic	adventure-look-renderer	0x7f1530	0x7f24c5	0xaa0c50
classic	adventure-look-renderer	0x7f1530	0x7f24d2	0xb9ca0
classic	adventure-look-renderer	0x7f1530	0x7f252e	0x14cdc30
classic	adventure-look-renderer	0x7f1530	0x7f2562	0x6f4f0
classic	adventure-look-renderer	0x7f1530	0x7f256b	0x6f620
classic	adventure-look-renderer	0x7f1530	0x7f2593	0x14cc890
classic	adventure-look-renderer	0x7f1530	0x7f25a0	0xb9ca0
classic	adventure-look-renderer	0x7f1530	0x7f25ac	0x6f7e0
classic	adventure-look-renderer	0x7f1530	0x7f2611	0x6f4f0
classic	adventure-look-renderer	0x7f1530	0x7f262f	0x6f530
classic	adventure-look-renderer	0x7f1530	0x7f263c	0xb9ca0
classic	adventure-look-renderer	0x7f1530	0x7f2668	0x6f4f0
classic	adventure-look-renderer	0x7f1530	0x7f2672	0x6f7e0
classic	adventure-look-renderer	0x7f1530	0x7f268f	0x6f4f0
classic	adventure-look-renderer	0x7f1530	0x7f26a1	0x52b900
classic	adventure-look-renderer	0x7f1530	0x7f271e	0x6f4f0
classic	adventure-look-renderer	0x7f1530	0x7f273f	0x6f4f0
classic	adventure-look-renderer	0x7f1530	0x7f2752	0xad69a0
classic	adventure-look-renderer	0x7f1530	0x7f278b	0xc364f0
classic	adventure-look-renderer	0x7f1530	0x7f279b	0x680e0
classic	adventure-look-renderer	0x7f1530	0x7f27af	0xad69a0
classic	adventure-look-renderer	0x7f1530	0x7f27b9	0x6f7e0
classic	adventure-look-renderer	0x7f1530	0x7f27e3	0x680e0
classic	adventure-look-renderer	0x7f1530	0x7f27f7	0xad69a0
classic	adventure-look-renderer	0x7f1530	0x7f2811	0x680e0
classic	adventure-look-renderer	0x7f1530	0x7f2825	0xad69a0
classic	adventure-look-renderer	0x7f1530	0x7f2838	0x680e0
classic	adventure-look-renderer	0x7f1530	0x7f284c	0xad69a0
classic	adventure-look-renderer	0x7f1530	0x7f285b	0x680e0
classic	adventure-look-renderer	0x7f1530	0x7f286f	0xad69a0
classic	adventure-look-renderer	0x7f1530	0x7f2879	0x6f7e0
classic	adventure-look-renderer	0x7f1530	0x7f2882	0x6f620
classic	adventure-look-renderer	0x7f1530	0x7f289b	0x529db0
classic	adventure-look-renderer	0x7f1530	0x7f28ae	0xad69a0
classic	adventure-look-renderer	0x7f1530	0x7f28be	0x680e0
classic	adventure-look-renderer	0x7f1530	0x7f28d2	0xad69a0
classic	adventure-look-renderer	0x7f1530	0x7f28dc	0x6f7e0
classic	adventure-look-renderer	0x7f1530	0x7f2919	0xc364f0
classic	adventure-look-renderer	0x7f1530	0x7f2929	0x680e0
classic	adventure-look-renderer	0x7f1530	0x7f293d	0xad69a0
classic	adventure-look-renderer	0x7f1530	0x7f2947	0x6f7e0
classic	adventure-look-renderer	0x7f1530	0x7f296a	0x7dbd0
classic	adventure-look-renderer	0x7f1530	0x7f2980	0x680e0
classic	adventure-look-renderer	0x7f1530	0x7f2994	0xad69a0
classic	adventure-look-renderer	0x7f1530	0x7f29a3	0x680e0
classic	adventure-look-renderer	0x7f1530	0x7f29b7	0xad69a0
classic	adventure-look-renderer	0x7f1530	0x7f29c1	0x6f7e0
classic	adventure-look-renderer	0x7f1530	0x7f29ca	0x6f620
classic	adventure-look-renderer	0x7f1530	0x7f29e3	0x529db0
classic	adventure-look-renderer	0x7f1530	0x7f29f6	0xad69a0
classic	adventure-look-renderer	0x7f1530	0x7f2a06	0x680e0
classic	adventure-look-renderer	0x7f1530	0x7f2a1a	0xad69a0
classic	adventure-look-renderer	0x7f1530	0x7f2a24	0x6f7e0
classic	adventure-look-renderer	0x7f1530	0x7f2a5f	0x14cce60
classic	adventure-look-renderer	0x7f1530	0x7f2a88	0xc364f0
classic	adventure-look-renderer	0x7f1530	0x7f2a98	0x680e0
classic	adventure-look-renderer	0x7f1530	0x7f2aac	0xad69a0
classic	adventure-look-renderer	0x7f1530	0x7f2ab6	0x6f7e0
classic	adventure-look-renderer	0x7f1530	0x7f2abf	0x6f620
classic	adventure-look-renderer	0x7f1530	0x7f2b1e	0xa7fc90
classic	adventure-look-renderer	0x7f1530	0x7f2b27	0x52b070
classic	adventure-look-renderer	0x7f1530	0x7f2bb3	0x6f510
classic	adventure-look-renderer	0x7f1530	0x7f2bbc	0x6f620
classic	adventure-look-renderer	0x7f1530	0x7f2bf4	0x14cc890
classic	adventure-look-renderer	0x7f1530	0x7f2c01	0xb9ca0
classic	adventure-look-renderer	0x7f1530	0x7f2c0b	0x6f7e0
classic	adventure-look-renderer	0x7f1530	0x7f2c1e	0xad69a0
classic	adventure-look-renderer	0x7f1530	0x7f2c28	0x6f7e0
classic	adventure-look-renderer	0x7f1530	0x7f2c5c	0x6f7e0
classic	adventure-look-renderer	0x7f1530	0x7f2ca4	0xae4c40
classic	adventure-look-renderer	0x7f1530	0x7f2cd0	0xbb940
classic	adventure-look-renderer	0x7f1530	0x7f2cf2	0x7dab0
classic	adventure-look-renderer	0x7f1530	0x7f2d1b	0x680e0
classic	adventure-look-renderer	0x7f1530	0x7f2d25	0x6f620
classic	adventure-look-renderer	0x7f1530	0x7f2d32	0x10c6d80
classic	adventure-look-renderer	0x7f1530	0x7f2d46	0xb9ca0
classic	adventure-look-renderer	0x7f1530	0x7f2d56	0x6f4f0
classic	adventure-look-renderer	0x7f1530	0x7f2d69	0x107d530
classic	adventure-look-renderer	0x7f1530	0x7f2d91	0x6f620
classic	adventure-look-renderer	0x7f1530	0x7f2da5	0xaa07f0
classic	adventure-look-renderer	0x7f1530	0x7f2db2	0xb9ca0
classic	adventure-look-renderer	0x7f1530	0x7f2dbd	0xb9b10
classic	adventure-look-renderer	0x7f1530	0x7f2dc7	0x6f7e0
classic	adventure-look-renderer	0x7f1530	0x7f2dd3	0x10c6dc0
classic	adventure-look-renderer	0x7f1530	0x7f2de0	0xb9ca0
classic	adventure-look-renderer	0x7f1530	0x7f2df7	0x6f4f0
classic	adventure-look-renderer	0x7f1530	0x7f2e00	0x6f620
classic	adventure-look-renderer	0x7f1530	0x7f2e13	0xa91760
classic	adventure-look-renderer	0x7f1530	0x7f2e20	0xb9ca0
classic	adventure-look-renderer	0x7f1530	0x7f2e2a	0x6f7e0
classic	adventure-look-renderer	0x7f1530	0x7f2e56	0x6f4f0
classic	adventure-look-renderer	0x7f1530	0x7f2e71	0x13623a0
classic	adventure-look-renderer	0x7f1530	0x7f2e98	0x14a5470
classic	adventure-look-renderer	0x7f1530	0x7f2ebd	0x14a5280
classic	adventure-look-renderer	0x7f1530	0x7f2ed8	0x107e190
classic	adventure-look-renderer	0x7f1530	0x7f2eec	0x13a05d0
classic	adventure-look-renderer	0x7f1530	0x7f2f29	0x7dbd0
classic	adventure-look-renderer	0x7f1530	0x7f2f63	0x107e090
classic	adventure-look-renderer	0x7f1530	0x7f2faf	0x6f4f0
classic	adventure-look-renderer	0x7f1530	0x7f2fbf	0x6f4f0
classic	adventure-look-renderer	0x7f1530	0x7f3077	0x6f4f0
classic	adventure-look-renderer	0x7f1530	0x7f3087	0x6f4f0
classic	adventure-look-renderer	0x7f1530	0x7f309e	0x8e4b80
classic	adventure-look-renderer	0x7f1530	0x7f30a8	0x6f7e0
classic	adventure-look-renderer	0x7f1530	0x7f30b2	0x6f7e0
classic	adventure-look-renderer	0x7f1530	0x7f3119	0xbb120
classic	adventure-look-renderer	0x7f1530	0x7f319c	0xad7b10
classic	adventure-look-renderer	0x7f1530	0x7f31fa	0xad69a0
classic	adventure-look-renderer	0x7f1530	0x7f32c8	0x14dc00
classic	adventure-look-renderer	0x7f1530	0x7f32f0	0x14dca0
classic	adventure-look-renderer	0x7f1530	0x7f3369	0xbb120
classic	adventure-look-renderer	0x7f1530	0x7f33e9	0xad7b10
classic	adventure-look-renderer	0x7f1530	0x7f3479	0xbb120
classic	adventure-look-renderer	0x7f1530	0x7f34f9	0xad7b10
classic	adventure-look-renderer	0x7f1530	0x7f355e	0xad69a0
classic	adventure-look-renderer	0x7f1530	0x7f35d6	0xad69a0
classic	adventure-look-renderer	0x7f1530	0x7f35e0	0x6f7e0
classic	adventure-look-renderer	0x7f1530	0x7f35f5	0xc364f0
classic	adventure-look-renderer	0x7f1530	0x7f3667	0x1e8ab0
classic	adventure-look-renderer	0x7f1530	0x7f36ca	0xb00c80
classic	adventure-look-renderer	0x7f1530	0x7f3796	0x70760
classic	adventure-look-renderer	0x7f1530	0x7f37f6	0xad69a0
classic	adventure-look-renderer	0x7f1530	0x7f38a7	0x14cdc30
classic	adventure-look-renderer	0x7f1530	0x7f390a	0x6f4f0
classic	adventure-look-renderer	0x7f1530	0x7f3913	0x6f620
classic	adventure-look-renderer	0x7f1530	0x7f3942	0x14cc890
classic	adventure-look-renderer	0x7f1530	0x7f394f	0xb9ca0
classic	adventure-look-renderer	0x7f1530	0x7f395f	0x6f4f0
classic	adventure-look-renderer	0x7f1530	0x7f3969	0x6f7e0
classic	adventure-look-renderer	0x7f1530	0x7f39a8	0x6f4f0
classic	adventure-look-renderer	0x7f1530	0x7f39cc	0x6f4f0
classic	adventure-look-renderer	0x7f1530	0x7f3a2b	0xa7fc90
classic	adventure-look-renderer	0x7f1530	0x7f3a46	0x6f9a0
classic	adventure-look-renderer	0x7f1530	0x7f3a5d	0x6f4f0
classic	adventure-look-renderer	0x7f1530	0x7f3a6e	0x6f4f0
classic	adventure-look-renderer	0x7f1530	0x7f3ab8	0x14cda90
classic	adventure-look-renderer	0x7f1530	0x7f3b06	0x14cbbe0
classic	adventure-look-renderer	0x7f1530	0x7f3b0f	0x6f620
classic	adventure-look-renderer	0x7f1530	0x7f3b3d	0x14cc890
classic	adventure-look-renderer	0x7f1530	0x7f3b4a	0xb9ca0
classic	adventure-look-renderer	0x7f1530	0x7f3b54	0x6f7e0
classic	adventure-look-renderer	0x7f1530	0x7f3b72	0x6f4f0
classic	adventure-look-renderer	0x7f1530	0x7f3b80	0x52b900
classic	adventure-look-renderer	0x7f1530	0x7f3b93	0xad69a0
classic	adventure-look-renderer	0x7f1530	0x7f3bd2	0x15345f0
classic	adventure-look-renderer	0x7f1530	0x7f3cab	0x680e0
classic	adventure-look-renderer	0x7f1530	0x7f3cd8	0xaa0c50
classic	adventure-look-renderer	0x7f1530	0x7f3ce5	0xb9ca0
classic	adventure-look-renderer	0x7f1530	0x7f3d3e	0x14cdc30
classic	adventure-look-renderer	0x7f1530	0x7f3d6a	0x6f4f0
classic	adventure-look-renderer	0x7f1530	0x7f3da1	0x6f4f0
classic	adventure-look-renderer	0x7f1530	0x7f3daa	0x6f620
classic	adventure-look-renderer	0x7f1530	0x7f3dd4	0x14cc890
classic	adventure-look-renderer	0x7f1530	0x7f3de1	0xb9ca0
classic	adventure-look-renderer	0x7f1530	0x7f3deb	0x6f7e0
classic	adventure-look-renderer	0x7f1530	0x7f3e62	0x6f4f0
classic	adventure-look-renderer	0x7f1530	0x7f3eaa	0x6f4f0
classic	adventure-look-renderer	0x7f1530	0x7f3ecc	0x6f530
classic	adventure-look-renderer	0x7f1530	0x7f3ed9	0xb9ca0
classic	adventure-look-renderer	0x7f1530	0x7f3ef0	0x6f4f0
classic	adventure-look-renderer	0x7f1530	0x7f3f01	0x6f4f0
classic	adventure-look-renderer	0x7f1530	0x7f3f4b	0x14cda90
classic	adventure-look-renderer	0x7f1530	0x7f3f99	0x14cbbe0
classic	adventure-look-renderer	0x7f1530	0x7f3fa2	0x6f620
classic	adventure-look-renderer	0x7f1530	0x7f3fd0	0x14cc890
classic	adventure-look-renderer	0x7f1530	0x7f3fdd	0xb9ca0
classic	adventure-look-renderer	0x7f1530	0x7f3fe7	0x6f7e0
classic	adventure-look-renderer	0x7f1530	0x7f4005	0x6f4f0
classic	adventure-look-renderer	0x7f1530	0x7f4013	0x52b900
classic	adventure-look-renderer	0x7f1530	0x7f4026	0xad69a0
classic	adventure-look-renderer	0x7f1530	0x7f4030	0x6f7e0
classic	adventure-look-renderer	0x7f1530	0x7f406e	0x680e0
classic	adventure-look-renderer	0x7f1530	0x7f4082	0xad69a0
classic	adventure-look-renderer	0x7f1530	0x7f409b	0x680e0
classic	adventure-look-renderer	0x7f1530	0x7f40af	0xad69a0
classic	adventure-look-renderer	0x7f1530	0x7f40ca	0x680e0
classic	adventure-look-renderer	0x7f1530	0x7f40de	0xad69a0
classic	adventure-look-renderer	0x7f1530	0x7f40ed	0x680e0
classic	adventure-look-renderer	0x7f1530	0x7f4101	0xad69a0
classic	adventure-look-renderer	0x7f1530	0x7f410b	0x6f7e0
classic	adventure-look-renderer	0x7f1530	0x7f416a	0x680e0
classic	adventure-look-renderer	0x7f1530	0x7f417e	0xad69a0
classic	adventure-look-renderer	0x7f1530	0x7f4194	0x680e0
classic	adventure-look-renderer	0x7f1530	0x7f41a8	0xad69a0
classic	adventure-look-renderer	0x7f1530	0x7f41be	0x680e0
classic	adventure-look-renderer	0x7f1530	0x7f41d2	0xad69a0
classic	adventure-look-renderer	0x7f1530	0x7f41e8	0x680e0
classic	adventure-look-renderer	0x7f1530	0x7f41fc	0xad69a0
classic	adventure-look-renderer	0x7f1530	0x7f4212	0x680e0
classic	adventure-look-renderer	0x7f1530	0x7f4226	0xad69a0
classic	adventure-look-renderer	0x7f1530	0x7f4239	0x680e0
classic	adventure-look-renderer	0x7f1530	0x7f424d	0xad69a0
classic	adventure-look-renderer	0x7f1530	0x7f4260	0x680e0
classic	adventure-look-renderer	0x7f1530	0x7f4274	0xad69a0
classic	adventure-look-renderer	0x7f1530	0x7f4287	0x680e0
classic	adventure-look-renderer	0x7f1530	0x7f429b	0xad69a0
classic	adventure-look-renderer	0x7f1530	0x7f42a5	0x6f7e0
classic	adventure-look-renderer	0x7f1530	0x7f42e0	0x70760
classic	adventure-look-renderer	0x7f1530	0x7f4328	0xad69a0
classic	adventure-look-renderer	0x7f1530	0x7f4332	0x6f7e0
classic	adventure-look-renderer	0x7f1530	0x7f433c	0x80ae60
classic	adventure-look-renderer	0x7f1530	0x7f4348	0x15345d0
classic	material-noun	0x14cc890	0x14cc901	0x6f9a0
classic	material-noun	0x14cc890	0x14cc923	0x6f9a0
classic	material-noun	0x14cc890	0x14cc94b	0x6f9a0
classic	material-noun	0x14cc890	0x14cc96b	0x6f9a0
classic	material-noun	0x14cc890	0x14cc98b	0x6f9a0
classic	material-noun	0x14cc890	0x14cc9ab	0x6f9a0
classic	material-noun	0x14cc890	0x14cc9cb	0x6f9a0
classic	material-noun	0x14cc890	0x14cc9ed	0x6f9a0
classic	material-noun	0x14cc890	0x14cca0f	0x6f9a0
classic	material-noun	0x14cc890	0x14cca31	0x6f9a0
classic	material-noun	0x14cc890	0x14cca53	0x6f9a0
classic	material-noun	0x14cc890	0x14cca8d	0x6f9a0
classic	material-noun	0x14cc890	0x14ccb75	0x72500
classic	material-noun	0x14cc890	0x14ccb82	0xc37530
classic	material-noun	0x14cc890	0x14ccba6	0xa91760
classic	material-noun	0x14cc890	0x14ccbca	0x6f9a0
classic	material-noun	0x14cc890	0x14ccbdf	0x6f9a0
classic	material-noun	0x14cc890	0x14ccc20	0x15345f0
classic	material-noun	0x14cc890	0x14ccc2f	0x14a8ce0
classic	material-noun	0x14cc890	0x14ccc5e	0x6f9a0
classic	material-noun	0x14cc890	0x14ccc73	0x6f9a0
classic	material-noun	0x14cc890	0x14cccab	0x6f9a0
classic	material-noun	0x14cc890	0x14cccc4	0x6f9a0
classic	material-noun	0x14cc890	0x14cccd3	0x15345d0
classic	construction-material	0xa44750	0xa447a0	0xa445c0
classic	construction-material	0xa44750	0xa447f6	0x6f9a0
classic	construction-material	0xa44750	0xa44925	0x72500
classic	construction-material	0xa44750	0xa44932	0xc37530
classic	construction-material	0xa44750	0xa44955	0xa91760
classic	construction-material	0xa44750	0xa44976	0x6f9a0
classic	construction-material	0xa44750	0xa4498c	0x6f9a0
classic	construction-material	0xa44750	0xa449cb	0x15345f0
classic	construction-material	0xa44750	0xa449e6	0x14a8ce0
classic	construction-material	0xa44750	0xa44a16	0x6f9a0
classic	construction-material	0xa44750	0xa44a2c	0x6f9a0
classic	construction-material	0xa44750	0xa44a52	0x6f9a0
classic	construction-material	0xa44750	0xa44a6d	0x6f9a0
classic	construction-material	0xa44750	0xa44a83	0x6f9a0
classic	construction-material	0xa44750	0xa44ac2	0x15345f0
classic	construction-material	0xa44750	0xa44add	0x6f9a0
classic	construction-material	0xa44750	0xa44bd5	0x72500
classic	construction-material	0xa44750	0xa44be2	0xc37530
classic	construction-material	0xa44750	0xa44c05	0xa91760
classic	construction-material	0xa44750	0xa44c27	0x6f9a0
classic	construction-material	0xa44750	0xa44c3e	0x6f9a0
classic	construction-material	0xa44750	0xa44c7d	0x15345f0
classic	construction-material	0xa44750	0xa44c93	0x14a8ce0
classic	construction-material	0xa44750	0xa44cc4	0x6f9a0
classic	construction-material	0xa44750	0xa44cdb	0x6f9a0
classic	construction-material	0xa44750	0xa44d08	0x6f9a0
classic	construction-material	0xa44750	0xa44d25	0x6f9a0
classic	construction-material	0xa44750	0xa44d5e	0x6f9a0
classic	construction-material	0xa44750	0xa44d67	0x52ade0
classic	construction-material	0xa44750	0xa44d83	0x6f9a0
classic	construction-material	0xa44750	0xa44dc3	0x15345f0
classic	construction-material	0xa44750	0xa44e12	0x15345f0
classic	construction-material	0xa44750	0xa44e1e	0x15345d0
classic	plant-parts	0x13fac90	0x13fad46	0x6f860
classic	plant-parts	0x13fac90	0x13fae0a	0x6f9a0
classic	plant-parts	0x13fac90	0x13fae1f	0x6f9a0
classic	plant-parts	0x13fac90	0x13fae41	0x6f9a0
classic	plant-parts	0x13fac90	0x13fae6a	0x6f9a0
classic	plant-parts	0x13fac90	0x13fae7f	0x6f9a0
classic	plant-parts	0x13fac90	0x13faea1	0x6f9a0
classic	plant-parts	0x13fac90	0x13faec5	0x6f9a0
classic	plant-parts	0x13fac90	0x13faedf	0x6f9a0
classic	plant-parts	0x13fac90	0x13faef4	0x6f9a0
classic	plant-parts	0x13fac90	0x13faf16	0x6f9a0
classic	plant-parts	0x13fac90	0x13faf30	0x6f9a0
classic	plant-parts	0x13fac90	0x13faf54	0x6f9a0
classic	plant-parts	0x13fac90	0x13faf69	0x6f9a0
classic	plant-parts	0x13fac90	0x13faf8b	0x6f9a0
classic	plant-parts	0x13fac90	0x13fafb4	0x6f9a0
classic	plant-parts	0x13fac90	0x13fafc9	0x6f9a0
classic	plant-parts	0x13fac90	0x13fafeb	0x6f9a0
classic	plant-parts	0x13fac90	0x13fb014	0x6f9a0
classic	plant-parts	0x13fac90	0x13fb029	0x6f9a0
classic	plant-parts	0x13fac90	0x13fb04b	0x6f9a0
classic	plant-parts	0x13fac90	0x13fb074	0x6f9a0
classic	plant-parts	0x13fac90	0x13fb089	0x6f9a0
classic	plant-parts	0x13fac90	0x13fb0ab	0x6f9a0
classic	plant-parts	0x13fac90	0x13fb0ea	0x6f860
classic	plant-parts	0x13fac90	0x13fb149	0x6f9a0
classic	plant-parts	0x13fac90	0x13fb188	0x15345f0
classic	plant-parts	0x13fac90	0x13fb194	0x15345d0
classic	material-decode	0x14cbbe0	0x14cbc05	0x67f10
classic	material-decode	0x14cbbe0	0x14cbc8f	0x2471a0
classic	material-decode	0x14cbbe0	0x14cbcbf	0xa445c0
classic	material-decode	0x14cbbe0	0x14cbd42	0x2472c0
classic	material-decode	0x14cbbe0	0x14cbd61	0x14cc230
classic	material-decode	0x14cbbe0	0x14cbdc5	0x14cbb50
classic	material-decode	0x14cbbe0	0x14cbde6	0x286670
classic	material-decode	0x14cbbe0	0x14cbdf3	0x286920
classic	material-decode	0x14cbbe0	0x14cbe0e	0x149d8e0
classic	material-decode	0x14cbbe0	0x14cbe2e	0x286ab0
classic	material-decode	0x14cbbe0	0x14cbe41	0x14cc1b0
classic	material-decode	0x14cbbe0	0x14cbe77	0x14a8ce0
classic	material-decode	0x14cbbe0	0x14cbeb8	0x14e090
classic	material-decode	0x14cbbe0	0x14cbebf	0x14e090
classic	material-decode	0x14cbbe0	0x14cbf08	0x65cc0
classic	material-decode	0x14cbbe0	0x14cbf28	0x1498c50
classic	material-decode	0x14cbbe0	0x14cbf36	0x65cc0
classic	material-decode	0x14cbbe0	0x14cbf61	0x7dc60
classic	material-decode	0x14cbbe0	0x14cbf7b	0x14df60
classic	material-decode	0x14cbbe0	0x14cc033	0xeb1820
classic	material-lookup	0x14a8ce0	0x14a8df8	0x6ff890
classic	spoor-shorten	0x52b330	0x52b3e9	0x1535d8a
classic	spoor-shorten	0x52b330	0x52b423	0x1535d8a
classic	spoor-shorten	0x52b330	0x52b4f3	0x1535d8a
classic	spoor-shorten	0x52b330	0x52b547	0x1535d8a
classic	spoor-shorten	0x52b330	0x52b581	0x1535d8a
classic	spoor-shorten	0x52b330	0x52b679	0x1535d8a
classic	spoor-shorten	0x52b330	0x52b6bd	0x1535d8a
classic	spoor-shorten	0x52b330	0x52b711	0x1535d8a
classic	spoor-shorten	0x52b330	0x52b748	0x1535d8a
classic	spoor-shorten	0x52b330	0x52b8a4	0x1535d8a
