edition	role	owner_rva	branch_rva	opcode	destination
reference	terrain	0xe7d330	0xe7d3b2	js	0xe7d3fe
reference	terrain	0xe7d330	0xe7d3c7	jne	0xe7d3d7
reference	terrain	0xe7d330	0xe7d3ce	jne	0xe7d3d7
reference	terrain	0xe7d330	0xe7d3d5	je	0xe7d3e5
reference	terrain	0xe7d330	0xe7d3e1	jns	0xe7d3c0
reference	terrain	0xe7d330	0xe7d3e3	jmp	0xe7d3fe
reference	terrain	0xe7d330	0xe7d431	je	0xe82df3
reference	terrain	0xe7d330	0xe7d43a	je	0xe82df3
reference	terrain	0xe7d330	0xe7d443	je	0xe82df3
reference	terrain	0xe7d330	0xe7d44c	je	0xe82df3
reference	terrain	0xe7d330	0xe7d455	je	0xe82df3
reference	terrain	0xe7d330	0xe7d463	ja	0xe7d511
reference	terrain	0xe7d330	0xe7d469	je	0xe82df3
reference	terrain	0xe7d330	0xe7d475	je	0xe82df3
reference	terrain	0xe7d330	0xe7d47e	je	0xe82df3
reference	terrain	0xe7d330	0xe7d487	je	0xe82df3
reference	terrain	0xe7d330	0xe7d495	je	0xe82df3
reference	terrain	0xe7d330	0xe7d49e	je	0xe82df3
reference	terrain	0xe7d330	0xe7d4a7	je	0xe82df3
reference	terrain	0xe7d330	0xe7d4b1	je	0xe82df3
reference	terrain	0xe7d330	0xe7d4bc	je	0xe82df3
reference	terrain	0xe7d330	0xe7d4c5	je	0xe82df3
reference	terrain	0xe7d330	0xe7d4ce	je	0xe82df3
reference	terrain	0xe7d330	0xe7d4d7	je	0xe82df3
reference	terrain	0xe7d330	0xe7d4e1	je	0xe82df3
reference	terrain	0xe7d330	0xe7d4ed	ja	0xe7d539
reference	terrain	0xe7d330	0xe7d4ef	je	0xe82df3
reference	terrain	0xe7d330	0xe7d4fa	je	0xe82df3
reference	terrain	0xe7d330	0xe7d506	je	0xe82df3
reference	terrain	0xe7d330	0xe7d50f	jmp	0xe7d54a
reference	terrain	0xe7d330	0xe7d51a	ja	0xe7d48d
reference	terrain	0xe7d330	0xe7d537	jmp	rcx
reference	terrain	0xe7d330	0xe7d541	je	0xe82df3
reference	terrain	0xe7d330	0xe7d54a	je	0xe82df3
reference	terrain	0xe7d330	0xe7d55c	ja	0xe7d576
reference	terrain	0xe7d330	0xe7d574	jmp	rcx
reference	terrain	0xe7d330	0xe7d57f	je	0xe82df3
reference	terrain	0xe7d330	0xe7d5a8	je	0xe7d5fc
reference	terrain	0xe7d330	0xe7d5b6	jge	0xe7d5bf
reference	terrain	0xe7d330	0xe7d5c5	jge	0xe7d5ce
reference	terrain	0xe7d330	0xe7d5e5	je	0xe7d5fc
reference	terrain	0xe7d330	0xe7d615	je	0xe7d676
reference	terrain	0xe7d330	0xe7d61f	jge	0xe7d628
reference	terrain	0xe7d330	0xe7d630	jge	0xe7d639
reference	terrain	0xe7d330	0xe7d65f	je	0xe7d676
reference	terrain	0xe7d330	0xe7d68b	jns	0xe7d6a2
reference	terrain	0xe7d330	0xe7d6ab	ja	0xe82de1
reference	terrain	0xe7d330	0xe7d6cc	jmp	rcx
reference	terrain	0xe7d330	0xe7d6ec	je	0xe7d75d
reference	terrain	0xe7d330	0xe7d6f2	je	0xe7d75d
reference	terrain	0xe7d330	0xe7d706	je	0xe7d75d
reference	terrain	0xe7d330	0xe7d70f	je	0xe7d75d
reference	terrain	0xe7d330	0xe7d727	je	0xe7d75d
reference	terrain	0xe7d330	0xe7d72d	jne	0xe7d75d
reference	terrain	0xe7d330	0xe7d73a	je	0xe7d75d
reference	terrain	0xe7d330	0xe7d76b	ja	0xe7d7a4
reference	terrain	0xe7d330	0xe7d788	jmp	rcx
reference	terrain	0xe7d330	0xe7d7a8	je	0xe7dd4c
reference	terrain	0xe7d330	0xe7d7ed	je	0xe7dd3e
reference	terrain	0xe7d330	0xe7d80a	je	0xe7dd3e
reference	terrain	0xe7d330	0xe7d8e3	jne	0xe7dd3e
reference	terrain	0xe7d330	0xe7d932	je	0xe7dd3e
reference	terrain	0xe7d330	0xe7d943	jns	0xe7dd3e
reference	terrain	0xe7d330	0xe7d955	je	0xe7dd2d
reference	terrain	0xe7d330	0xe7d967	ja	0xe7dd2d
reference	terrain	0xe7d330	0xe7d98a	jmp	rdx
reference	terrain	0xe7d330	0xe7d99a	jmp	0xe7d9f1
reference	terrain	0xe7d330	0xe7d9aa	jmp	0xe7d9f1
reference	terrain	0xe7d330	0xe7d9ba	jmp	0xe7d9f1
reference	terrain	0xe7d330	0xe7d9ca	jmp	0xe7d9f1
reference	terrain	0xe7d330	0xe7d9d9	jmp	0xe7d9f1
reference	terrain	0xe7d330	0xe7d9e7	jmp	0xe7d9f1
reference	terrain	0xe7d330	0xe7d9f1	je	0xe7dd2d
reference	terrain	0xe7d330	0xe7da01	jne	0xe7da10
reference	terrain	0xe7d330	0xe7da0a	je	0xe7da96
reference	terrain	0xe7d330	0xe7da1b	je	0xe7da96
reference	terrain	0xe7d330	0xe7da23	jle	0xe7da96
reference	terrain	0xe7d330	0xe7da31	je	0xe7da54
reference	terrain	0xe7d330	0xe7da52	jmp	0xe7da58
reference	terrain	0xe7d330	0xe7da62	je	0xe7da7f
reference	terrain	0xe7d330	0xe7da7d	jmp	0xe7da82
reference	terrain	0xe7d330	0xe7da86	jl	0xe7dd2d
reference	terrain	0xe7d330	0xe7da90	jg	0xe7dd2d
reference	terrain	0xe7d330	0xe7daa0	je	0xe7dadf
reference	terrain	0xe7d330	0xe7dab0	jg	0xe7dad1
reference	terrain	0xe7d330	0xe7dab5	jl	0xe7dd2d
reference	terrain	0xe7d330	0xe7dabe	jge	0xe7dadf
reference	terrain	0xe7d330	0xe7dacc	jmp	0xe7d923
reference	terrain	0xe7d330	0xe7dad4	jle	0xe7dadf
reference	terrain	0xe7d330	0xe7dad9	jl	0xe7dd2d
reference	terrain	0xe7d330	0xe7db61	je	0xe7dd01
reference	terrain	0xe7d330	0xe7dc53	je	0xe7dd01
reference	terrain	0xe7d330	0xe7dc66	jns	0xe7dd01
reference	terrain	0xe7d330	0xe7dc75	jne	0xe7dcd7
reference	terrain	0xe7d330	0xe7dc80	jne	0xe7dcd7
reference	terrain	0xe7d330	0xe7dc93	jne	0xe7dcca
reference	terrain	0xe7d330	0xe7dca1	jne	0xe7dcca
reference	terrain	0xe7d330	0xe7dcb5	jl	0xe7dcca
reference	terrain	0xe7d330	0xe7dcc8	je	0xe7dd22
reference	terrain	0xe7d330	0xe7dcfc	jmp	0xe7dc50
reference	terrain	0xe7d330	0xe7dd39	jmp	0xe7d923
reference	terrain	0xe7d330	0xe7dd47	jmp	0xe834d4
reference	terrain	0xe7d330	0xe7dd59	jmp	0xe834cb
reference	terrain	0xe7d330	0xe7dd74	je	0xe7e208
reference	terrain	0xe7d330	0xe7dd84	jge	0xe7dd90
reference	terrain	0xe7d330	0xe7dd98	jge	0xe7dda1
reference	terrain	0xe7d330	0xe7ddaf	je	0xe7e208
reference	terrain	0xe7d330	0xe7ddca	je	0xe7e208
reference	terrain	0xe7d330	0xe7ddd8	jge	0xe7dde1
reference	terrain	0xe7d330	0xe7ddea	jge	0xe7ddf3
reference	terrain	0xe7d330	0xe7de0a	jb	0xe7de15
reference	terrain	0xe7d330	0xe7de13	jmp	0xe7de21
reference	terrain	0xe7d330	0xe7de18	ja	0xe7de29
reference	terrain	0xe7d330	0xe7de3c	je	0xe834d4
reference	terrain	0xe7d330	0xe7df19	je	0xe834d4
reference	terrain	0xe7d330	0xe7df2a	jns	0xe834d4
reference	terrain	0xe7d330	0xe7df45	je	0xe7e1e9
reference	terrain	0xe7d330	0xe7df54	je	0xe7df81
reference	terrain	0xe7d330	0xe7df5e	jg	0xe7df73
reference	terrain	0xe7d330	0xe7df63	jl	0xe7e1e9
reference	terrain	0xe7d330	0xe7df6c	jge	0xe7df81
reference	terrain	0xe7d330	0xe7df6e	jmp	0xe7e1e9
reference	terrain	0xe7d330	0xe7df76	jle	0xe7df81
reference	terrain	0xe7d330	0xe7df7b	jl	0xe7e1e9
reference	terrain	0xe7d330	0xe7dfe7	je	0xe7e1ce
reference	terrain	0xe7d330	0xe7e118	je	0xe7e1ce
reference	terrain	0xe7d330	0xe7e129	jns	0xe7e1ce
reference	terrain	0xe7d330	0xe7e13c	jne	0xe7e193
reference	terrain	0xe7d330	0xe7e14a	jne	0xe7e193
reference	terrain	0xe7d330	0xe7e15d	jne	0xe7e193
reference	terrain	0xe7d330	0xe7e16b	jne	0xe7e193
reference	terrain	0xe7d330	0xe7e17e	jl	0xe7e193
reference	terrain	0xe7d330	0xe7e191	je	0xe7e1e9
reference	terrain	0xe7d330	0xe7e1c9	jmp	0xe7e110
reference	terrain	0xe7d330	0xe7e203	jmp	0xe7df14
reference	terrain	0xe7d330	0xe7e215	jmp	0xe834cb
reference	terrain	0xe7d330	0xe7e233	je	0xe7e6c8
reference	terrain	0xe7d330	0xe7e24e	je	0xe7e6c8
reference	terrain	0xe7d330	0xe7e25c	jge	0xe7e265
reference	terrain	0xe7d330	0xe7e26e	jge	0xe7e277
reference	terrain	0xe7d330	0xe7e28e	jb	0xe7e299
reference	terrain	0xe7d330	0xe7e297	jmp	0xe7e2a5
reference	terrain	0xe7d330	0xe7e29c	ja	0xe7e2ad
reference	terrain	0xe7d330	0xe7e2cf	je	0xe834d4
reference	terrain	0xe7d330	0xe7e3af	je	0xe834d4
reference	terrain	0xe7d330	0xe7e3d5	je	0xe7e688
reference	terrain	0xe7d330	0xe7e3e4	je	0xe7e411
reference	terrain	0xe7d330	0xe7e3ee	jg	0xe7e403
reference	terrain	0xe7d330	0xe7e3f3	jl	0xe7e688
reference	terrain	0xe7d330	0xe7e3fc	jge	0xe7e411
reference	terrain	0xe7d330	0xe7e3fe	jmp	0xe7e688
reference	terrain	0xe7d330	0xe7e406	jle	0xe7e411
reference	terrain	0xe7d330	0xe7e40b	jl	0xe7e688
reference	terrain	0xe7d330	0xe7e46f	je	0xe7e66d
reference	terrain	0xe7d330	0xe7e5a0	je	0xe7e66d
reference	terrain	0xe7d330	0xe7e5be	jne	0xe7e611
reference	terrain	0xe7d330	0xe7e5cd	jne	0xe7e611
reference	terrain	0xe7d330	0xe7e5db	jne	0xe7e611
reference	terrain	0xe7d330	0xe7e5e9	jne	0xe7e611
reference	terrain	0xe7d330	0xe7e5fc	jl	0xe7e611
reference	terrain	0xe7d330	0xe7e60f	je	0xe7e688
reference	terrain	0xe7d330	0xe7e667	jne	0xe7e5b0
reference	terrain	0xe7d330	0xe7e6bd	jne	0xe7e3c0
reference	terrain	0xe7d330	0xe7e6c3	jmp	0xe834d4
reference	terrain	0xe7d330	0xe7e6d7	jmp	0xe834d4
reference	terrain	0xe7d330	0xe7e6f5	je	0xe7e78b
reference	terrain	0xe7d330	0xe7e710	je	0xe7e78b
reference	terrain	0xe7d330	0xe7e71a	jge	0xe7e723
reference	terrain	0xe7d330	0xe7e72c	jge	0xe7e735
reference	terrain	0xe7d330	0xe7e74c	jb	0xe7e757
reference	terrain	0xe7d330	0xe7e755	jmp	0xe7e763
reference	terrain	0xe7d330	0xe7e75a	ja	0xe7e76b
reference	terrain	0xe7d330	0xe7e786	jmp	0xe834d4
reference	terrain	0xe7d330	0xe7e79a	jmp	0xe834d4
reference	terrain	0xe7d330	0xe7e7cd	jmp	0xe834d4
reference	terrain	0xe7d330	0xe7e80d	jmp	0xe834d4
reference	terrain	0xe7d330	0xe7e89d	jmp	0xe834d4
reference	terrain	0xe7d330	0xe7e8ce	jmp	0xe834d4
reference	terrain	0xe7d330	0xe7e8e2	jmp	0xe834d4
reference	terrain	0xe7d330	0xe7e972	jmp	0xe834d4
reference	terrain	0xe7d330	0xe7e9a3	jmp	0xe834d4
reference	terrain	0xe7d330	0xe7e9b7	jmp	0xe834d4
reference	terrain	0xe7d330	0xe7ea47	jmp	0xe834d4
reference	terrain	0xe7d330	0xe7ea78	jmp	0xe834d4
reference	terrain	0xe7d330	0xe7ea8c	jmp	0xe834d4
reference	terrain	0xe7d330	0xe7eb1c	jmp	0xe834d4
reference	terrain	0xe7d330	0xe7eb4d	jmp	0xe834d4
reference	terrain	0xe7d330	0xe7eb61	jmp	0xe834d4
reference	terrain	0xe7d330	0xe7ebf1	jmp	0xe834d4
reference	terrain	0xe7d330	0xe7ec22	jmp	0xe834d4
reference	terrain	0xe7d330	0xe7ec36	jmp	0xe834d4
reference	terrain	0xe7d330	0xe7ecc6	jmp	0xe834d4
reference	terrain	0xe7d330	0xe7ecf7	jmp	0xe834d4
reference	terrain	0xe7d330	0xe7ed0b	jmp	0xe834d4
reference	terrain	0xe7d330	0xe7ed9b	jmp	0xe834d4
reference	terrain	0xe7d330	0xe7edcc	jmp	0xe834d4
reference	terrain	0xe7d330	0xe7ede0	jmp	0xe834d4
reference	terrain	0xe7d330	0xe7ee70	jmp	0xe834d4
reference	terrain	0xe7d330	0xe7eea1	jmp	0xe834d4
reference	terrain	0xe7d330	0xe7eeb5	jmp	0xe834d4
reference	terrain	0xe7d330	0xe7ef45	jmp	0xe834d4
reference	terrain	0xe7d330	0xe7ef76	jmp	0xe834d4
reference	terrain	0xe7d330	0xe7ef8a	jmp	0xe834d4
reference	terrain	0xe7d330	0xe7f01a	jmp	0xe834d4
reference	terrain	0xe7d330	0xe7f04b	jmp	0xe834d4
reference	terrain	0xe7d330	0xe7f05f	jmp	0xe834d4
reference	terrain	0xe7d330	0xe7f0ef	jmp	0xe834d4
reference	terrain	0xe7d330	0xe7f120	jmp	0xe834d4
reference	terrain	0xe7d330	0xe7f134	jmp	0xe834d4
reference	terrain	0xe7d330	0xe7f1c4	jmp	0xe834d4
reference	terrain	0xe7d330	0xe7f1f5	jmp	0xe834d4
reference	terrain	0xe7d330	0xe7f209	jmp	0xe834d4
reference	terrain	0xe7d330	0xe7f299	jmp	0xe834d4
reference	terrain	0xe7d330	0xe7f2ca	jmp	0xe834d4
reference	terrain	0xe7d330	0xe7f2de	jmp	0xe834d4
reference	terrain	0xe7d330	0xe7f36e	jmp	0xe834d4
reference	terrain	0xe7d330	0xe7f39f	jmp	0xe834d4
reference	terrain	0xe7d330	0xe7f3b3	jmp	0xe834d4
reference	terrain	0xe7d330	0xe7f443	jmp	0xe834d4
reference	terrain	0xe7d330	0xe7f474	jmp	0xe834d4
reference	terrain	0xe7d330	0xe7f488	jmp	0xe834d4
reference	terrain	0xe7d330	0xe7f492	je	0xe7f5ea
reference	terrain	0xe7d330	0xe7f4a4	je	0xe7f5be
reference	terrain	0xe7d330	0xe7f4ad	je	0xe7f592
reference	terrain	0xe7d330	0xe7f4b6	je	0xe7f566
reference	terrain	0xe7d330	0xe7f4bf	je	0xe7f537
reference	terrain	0xe7d330	0xe7f4c7	je	0xe7f50b
reference	terrain	0xe7d330	0xe7f4d9	je	0xe7f5d7
reference	terrain	0xe7d330	0xe7f4e3	je	0xe7f5ab
reference	terrain	0xe7d330	0xe7f4ed	je	0xe7f57f
reference	terrain	0xe7d330	0xe7f4f7	je	0xe7f550
reference	terrain	0xe7d330	0xe7f4fd	je	0xe7f521
reference	terrain	0xe7d330	0xe7f506	jmp	0xe7f5f1
reference	terrain	0xe7d330	0xe7f532	jmp	0xe7f5f1
reference	terrain	0xe7d330	0xe7f561	jmp	0xe7f5f1
reference	terrain	0xe7d330	0xe7f590	jmp	0xe7f5f1
reference	terrain	0xe7d330	0xe7f5bc	jmp	0xe7f5f1
reference	terrain	0xe7d330	0xe7f5e8	jmp	0xe7f5f1
reference	terrain	0xe7d330	0xe7f68c	jae	0xe834d4
reference	terrain	0xe7d330	0xe7f6a1	jmp	0xe834d4
reference	terrain	0xe7d330	0xe7f731	jmp	0xe834d4
reference	terrain	0xe7d330	0xe7f745	jmp	0xe834d4
reference	terrain	0xe7d330	0xe7f7d3	jmp	0xe834cb
reference	terrain	0xe7d330	0xe7f86b	jae	0xe834d4
reference	terrain	0xe7d330	0xe7f87e	jmp	0xe834cb
reference	terrain	0xe7d330	0xe7f925	jae	0xe834d4
reference	terrain	0xe7d330	0xe7f93a	jmp	0xe834d4
reference	terrain	0xe7d330	0xe7f95c	je	0xe7f9c9
reference	terrain	0xe7d330	0xe7f962	je	0xe7f9c9
reference	terrain	0xe7d330	0xe7f976	je	0xe7f9c9
reference	terrain	0xe7d330	0xe7f97f	je	0xe7f9c9
reference	terrain	0xe7d330	0xe7f993	je	0xe7f9c9
reference	terrain	0xe7d330	0xe7f999	jne	0xe7f9c9
reference	terrain	0xe7d330	0xe7f9a6	je	0xe7f9c9
reference	terrain	0xe7d330	0xe7f9d2	jne	0xe7f9e3
reference	terrain	0xe7d330	0xe7f9e6	je	0xe7fa7f
reference	terrain	0xe7d330	0xe7f9f0	ja	0xe7fa1b
reference	terrain	0xe7d330	0xe7fa0a	jne	0xe7fa1b
reference	terrain	0xe7d330	0xe7fa45	ja	0xe7fa71
reference	terrain	0xe7d330	0xe7fa5f	je	0xe7fa71
reference	terrain	0xe7d330	0xe7fa7a	jmp	0xe834d4
reference	terrain	0xe7d330	0xe7fa8e	jmp	0xe834d4
reference	terrain	0xe7d330	0xe7fab2	je	0xe7fb24
reference	terrain	0xe7d330	0xe7fab8	je	0xe7fb24
reference	terrain	0xe7d330	0xe7facc	je	0xe7fb24
reference	terrain	0xe7d330	0xe7fad5	je	0xe7fb24
reference	terrain	0xe7d330	0xe7faee	je	0xe7fb24
reference	terrain	0xe7d330	0xe7faf4	jne	0xe7fb24
reference	terrain	0xe7d330	0xe7fb01	je	0xe7fb24
reference	terrain	0xe7d330	0xe7fb2d	jne	0xe7fb3e
reference	terrain	0xe7d330	0xe7fb43	je	0xe7ffa4
reference	terrain	0xe7d330	0xe7fb78	je	0xe7ff96
reference	terrain	0xe7d330	0xe7fb87	je	0xe7ff96
reference	terrain	0xe7d330	0xe7fba8	je	0xe7ff96
reference	terrain	0xe7d330	0xe7fc85	je	0xe7ff96
reference	terrain	0xe7d330	0xe7fca6	je	0xe7ff64
reference	terrain	0xe7d330	0xe7fcb6	je	0xe7fce4
reference	terrain	0xe7d330	0xe7fcc5	jg	0xe7fcd8
reference	terrain	0xe7d330	0xe7fcc9	jl	0xe7ff64
reference	terrain	0xe7d330	0xe7fcd1	jge	0xe7fce4
reference	terrain	0xe7d330	0xe7fcd3	jmp	0xe7ff64
reference	terrain	0xe7d330	0xe7fcda	jle	0xe7fce4
reference	terrain	0xe7d330	0xe7fcde	jl	0xe7ff64
reference	terrain	0xe7d330	0xe7fd44	je	0xe7ff49
reference	terrain	0xe7d330	0xe7fe7a	je	0xe7ff49
reference	terrain	0xe7d330	0xe7fe91	jne	0xe7feed
reference	terrain	0xe7d330	0xe7fea3	jne	0xe7feed
reference	terrain	0xe7d330	0xe7feb6	jne	0xe7feed
reference	terrain	0xe7d330	0xe7fec4	jne	0xe7feed
reference	terrain	0xe7d330	0xe7fed8	jl	0xe7feed
reference	terrain	0xe7d330	0xe7feeb	je	0xe7ff64
reference	terrain	0xe7d330	0xe7ff43	jne	0xe7fe84
reference	terrain	0xe7d330	0xe7ff90	jne	0xe7fc90
reference	terrain	0xe7d330	0xe7ff9f	jmp	0xe834d4
reference	terrain	0xe7d330	0xe7ffb3	jmp	0xe834d4
reference	terrain	0xe7d330	0xe8003b	jmp	0xe834d4
reference	terrain	0xe7d330	0xe8004d	jmp	0xe834cb
reference	terrain	0xe7d330	0xe80061	jmp	0xe834d4
reference	terrain	0xe7d330	0xe80075	jmp	0xe834d4
reference	terrain	0xe7d330	0xe80089	jmp	0xe834d4
reference	terrain	0xe7d330	0xe8009d	jmp	0xe834d4
reference	terrain	0xe7d330	0xe800b1	jmp	0xe834d4
reference	terrain	0xe7d330	0xe800c5	jmp	0xe834d4
reference	terrain	0xe7d330	0xe800d9	jmp	0xe834d4
reference	terrain	0xe7d330	0xe800ed	jmp	0xe834d4
reference	terrain	0xe7d330	0xe8010c	jb	0xe8011f
reference	terrain	0xe7d330	0xe8011a	jmp	0xe834d4
reference	terrain	0xe7d330	0xe8012b	jmp	0xe834d4
reference	terrain	0xe7d330	0xe8013f	jmp	0xe834d4
reference	terrain	0xe7d330	0xe80159	jne	0xe8016a
reference	terrain	0xe7d330	0xe80179	jmp	0xe834d4
reference	terrain	0xe7d330	0xe8018b	jmp	0xe834cb
reference	terrain	0xe7d330	0xe8019d	jmp	0xe834cb
reference	terrain	0xe7d330	0xe801bb	je	0xe80254
reference	terrain	0xe7d330	0xe801d6	je	0xe80254
reference	terrain	0xe7d330	0xe801e0	jge	0xe801e9
reference	terrain	0xe7d330	0xe801f2	jge	0xe801fb
reference	terrain	0xe7d330	0xe80212	jb	0xe8021d
reference	terrain	0xe7d330	0xe8021b	jmp	0xe80229
reference	terrain	0xe7d330	0xe80220	ja	0xe80231
reference	terrain	0xe7d330	0xe8024f	jmp	0xe834d4
reference	terrain	0xe7d330	0xe80263	jmp	0xe834d4
reference	terrain	0xe7d330	0xe80281	je	0xe8031a
reference	terrain	0xe7d330	0xe8029c	je	0xe8031a
reference	terrain	0xe7d330	0xe802a6	jge	0xe802af
reference	terrain	0xe7d330	0xe802b8	jge	0xe802c1
reference	terrain	0xe7d330	0xe802d8	jb	0xe802e3
reference	terrain	0xe7d330	0xe802e1	jmp	0xe802ef
reference	terrain	0xe7d330	0xe802e6	ja	0xe802f7
reference	terrain	0xe7d330	0xe80315	jmp	0xe834d4
reference	terrain	0xe7d330	0xe80329	jmp	0xe834d4
reference	terrain	0xe7d330	0xe80347	je	0xe803e0
reference	terrain	0xe7d330	0xe80362	je	0xe803e0
reference	terrain	0xe7d330	0xe8036c	jge	0xe80375
reference	terrain	0xe7d330	0xe8037e	jge	0xe80387
reference	terrain	0xe7d330	0xe8039e	jb	0xe803a9
reference	terrain	0xe7d330	0xe803a7	jmp	0xe803b5
reference	terrain	0xe7d330	0xe803ac	ja	0xe803bd
reference	terrain	0xe7d330	0xe803db	jmp	0xe834d4
reference	terrain	0xe7d330	0xe803ef	jmp	0xe834d4
reference	terrain	0xe7d330	0xe8042f	jmp	0xe834d4
reference	terrain	0xe7d330	0xe804a8	jmp	0xe802fe
reference	terrain	0xe7d330	0xe804e8	jmp	0xe834d4
reference	terrain	0xe7d330	0xe80578	jmp	0xe834d4
reference	terrain	0xe7d330	0xe805b8	jmp	0xe834d4
reference	terrain	0xe7d330	0xe805cc	jmp	0xe834d4
reference	terrain	0xe7d330	0xe80645	jmp	0xe80238
reference	terrain	0xe7d330	0xe80659	jmp	0xe834d4
reference	terrain	0xe7d330	0xe8066d	jmp	0xe834d4
reference	terrain	0xe7d330	0xe80681	jmp	0xe834d4
reference	terrain	0xe7d330	0xe8069b	jne	0xe806ac
reference	terrain	0xe7d330	0xe806c5	je	0xe8075e
reference	terrain	0xe7d330	0xe806e0	je	0xe8075e
reference	terrain	0xe7d330	0xe806ea	jge	0xe806f3
reference	terrain	0xe7d330	0xe806fc	jge	0xe80705
reference	terrain	0xe7d330	0xe8071c	jb	0xe80727
reference	terrain	0xe7d330	0xe80725	jmp	0xe80733
reference	terrain	0xe7d330	0xe8072a	ja	0xe8073b
reference	terrain	0xe7d330	0xe80759	jmp	0xe834d4
reference	terrain	0xe7d330	0xe8076d	jmp	0xe834d4
reference	terrain	0xe7d330	0xe80787	jne	0xe80798
reference	terrain	0xe7d330	0xe807b1	je	0xe80845
reference	terrain	0xe7d330	0xe807cc	je	0xe80845
reference	terrain	0xe7d330	0xe807d6	jge	0xe807df
reference	terrain	0xe7d330	0xe807e8	jge	0xe807f1
reference	terrain	0xe7d330	0xe80808	jb	0xe80825
reference	terrain	0xe7d330	0xe80820	jmp	0xe80733
reference	terrain	0xe7d330	0xe80828	ja	0xe80839
reference	terrain	0xe7d330	0xe80840	jmp	0xe80733
reference	terrain	0xe7d330	0xe80854	jmp	0xe834d4
reference	terrain	0xe7d330	0xe8086e	jne	0xe8087f
reference	terrain	0xe7d330	0xe80898	je	0xe8092c
reference	terrain	0xe7d330	0xe808b3	je	0xe8092c
reference	terrain	0xe7d330	0xe808bd	jge	0xe808c6
reference	terrain	0xe7d330	0xe808cf	jge	0xe808d8
reference	terrain	0xe7d330	0xe808ef	jb	0xe8090c
reference	terrain	0xe7d330	0xe80907	jmp	0xe80733
reference	terrain	0xe7d330	0xe8090f	ja	0xe80920
reference	terrain	0xe7d330	0xe80927	jmp	0xe80733
reference	terrain	0xe7d330	0xe8093b	jmp	0xe834d4
reference	terrain	0xe7d330	0xe80955	jne	0xe80966
reference	terrain	0xe7d330	0xe809f1	jmp	0xe834d4
reference	terrain	0xe7d330	0xe80a0b	jne	0xe80a1c
reference	terrain	0xe7d330	0xe80a48	jmp	0xe834d4
reference	terrain	0xe7d330	0xe80a62	jne	0xe80a73
reference	terrain	0xe7d330	0xe80a82	jmp	0xe834d4
reference	terrain	0xe7d330	0xe80a9c	jne	0xe80aad
reference	terrain	0xe7d330	0xe80b38	jmp	0xe834d4
reference	terrain	0xe7d330	0xe80b52	jne	0xe80b63
reference	terrain	0xe7d330	0xe80b8f	jmp	0xe834d4
reference	terrain	0xe7d330	0xe80ba9	jne	0xe80bba
reference	terrain	0xe7d330	0xe80bc9	jmp	0xe834d4
reference	terrain	0xe7d330	0xe80be3	jne	0xe80bf4
reference	terrain	0xe7d330	0xe80c7f	jmp	0xe834d4
reference	terrain	0xe7d330	0xe80c99	jne	0xe80caa
reference	terrain	0xe7d330	0xe80cd6	jmp	0xe834d4
reference	terrain	0xe7d330	0xe80cf0	jne	0xe80d01
reference	terrain	0xe7d330	0xe80d10	jmp	0xe834d4
reference	terrain	0xe7d330	0xe80d2a	jne	0xe80d3b
reference	terrain	0xe7d330	0xe80dc6	jmp	0xe834d4
reference	terrain	0xe7d330	0xe80de0	jne	0xe80df1
reference	terrain	0xe7d330	0xe80e1d	jmp	0xe834d4
reference	terrain	0xe7d330	0xe80e37	jne	0xe80e48
reference	terrain	0xe7d330	0xe80e57	jmp	0xe834d4
reference	terrain	0xe7d330	0xe80e71	jne	0xe80e82
reference	terrain	0xe7d330	0xe80f0d	jmp	0xe834d4
reference	terrain	0xe7d330	0xe80f27	jne	0xe80f38
reference	terrain	0xe7d330	0xe80f64	jmp	0xe834d4
reference	terrain	0xe7d330	0xe80f7e	jne	0xe80f8f
reference	terrain	0xe7d330	0xe80f9e	jmp	0xe834d4
reference	terrain	0xe7d330	0xe80fb8	jne	0xe80fc9
reference	terrain	0xe7d330	0xe81054	jmp	0xe834d4
reference	terrain	0xe7d330	0xe8106e	jne	0xe8107f
reference	terrain	0xe7d330	0xe810ab	jmp	0xe834d4
reference	terrain	0xe7d330	0xe810c5	jne	0xe810d6
reference	terrain	0xe7d330	0xe810e5	jmp	0xe834d4
reference	terrain	0xe7d330	0xe810ff	jne	0xe81110
reference	terrain	0xe7d330	0xe8119b	jmp	0xe834d4
reference	terrain	0xe7d330	0xe811b5	jne	0xe811c6
reference	terrain	0xe7d330	0xe811f2	jmp	0xe834d4
reference	terrain	0xe7d330	0xe8120c	jne	0xe8121d
reference	terrain	0xe7d330	0xe8122c	jmp	0xe834d4
reference	terrain	0xe7d330	0xe81246	jne	0xe81257
reference	terrain	0xe7d330	0xe812e2	jmp	0xe834d4
reference	terrain	0xe7d330	0xe812fc	jne	0xe8130d
reference	terrain	0xe7d330	0xe81339	jmp	0xe834d4
reference	terrain	0xe7d330	0xe81353	jne	0xe81364
reference	terrain	0xe7d330	0xe81373	jmp	0xe834d4
reference	terrain	0xe7d330	0xe8138d	jne	0xe8139e
reference	terrain	0xe7d330	0xe81429	jmp	0xe834d4
reference	terrain	0xe7d330	0xe81443	jne	0xe81454
reference	terrain	0xe7d330	0xe81480	jmp	0xe834d4
reference	terrain	0xe7d330	0xe8149a	jne	0xe814ab
reference	terrain	0xe7d330	0xe814ba	jmp	0xe834d4
reference	terrain	0xe7d330	0xe814d4	jne	0xe814e5
reference	terrain	0xe7d330	0xe81570	jmp	0xe834d4
reference	terrain	0xe7d330	0xe8158a	jne	0xe8159b
reference	terrain	0xe7d330	0xe815c7	jmp	0xe834d4
reference	terrain	0xe7d330	0xe815e1	jne	0xe815f2
reference	terrain	0xe7d330	0xe81601	jmp	0xe834d4
reference	terrain	0xe7d330	0xe8161b	jne	0xe8162c
reference	terrain	0xe7d330	0xe816b7	jmp	0xe834d4
reference	terrain	0xe7d330	0xe816d1	jne	0xe816e2
reference	terrain	0xe7d330	0xe8170e	jmp	0xe834d4
reference	terrain	0xe7d330	0xe81728	jne	0xe81739
reference	terrain	0xe7d330	0xe81748	jmp	0xe834d4
reference	terrain	0xe7d330	0xe81762	jne	0xe81773
reference	terrain	0xe7d330	0xe817fe	jmp	0xe834d4
reference	terrain	0xe7d330	0xe81818	jne	0xe81829
reference	terrain	0xe7d330	0xe81855	jmp	0xe834d4
reference	terrain	0xe7d330	0xe8186f	jne	0xe81880
reference	terrain	0xe7d330	0xe8188f	jmp	0xe834d4
reference	terrain	0xe7d330	0xe818a9	jne	0xe818ba
reference	terrain	0xe7d330	0xe81945	jmp	0xe834d4
reference	terrain	0xe7d330	0xe8195f	jne	0xe81970
reference	terrain	0xe7d330	0xe8199c	jmp	0xe834d4
reference	terrain	0xe7d330	0xe819b6	jne	0xe819c7
reference	terrain	0xe7d330	0xe819d6	jmp	0xe834d4
reference	terrain	0xe7d330	0xe819f0	jne	0xe81a01
reference	terrain	0xe7d330	0xe81a8c	jmp	0xe834d4
reference	terrain	0xe7d330	0xe81aa6	jne	0xe81ab7
reference	terrain	0xe7d330	0xe81ae3	jmp	0xe834d4
reference	terrain	0xe7d330	0xe81afd	jne	0xe81b0e
reference	terrain	0xe7d330	0xe81b1d	jmp	0xe834d4
reference	terrain	0xe7d330	0xe81b37	jne	0xe81b48
reference	terrain	0xe7d330	0xe81bd3	jmp	0xe834d4
reference	terrain	0xe7d330	0xe81bed	jne	0xe81bfe
reference	terrain	0xe7d330	0xe81c2a	jmp	0xe834d4
reference	terrain	0xe7d330	0xe81c44	jne	0xe81c55
reference	terrain	0xe7d330	0xe81c64	jmp	0xe834d4
reference	terrain	0xe7d330	0xe81c7e	jne	0xe81c8f
reference	terrain	0xe7d330	0xe81d03	jmp	0xe80742
reference	terrain	0xe7d330	0xe81d1d	jne	0xe81d2e
reference	terrain	0xe7d330	0xe81d5a	jmp	0xe834d4
reference	terrain	0xe7d330	0xe81d74	jne	0xe81d85
reference	terrain	0xe7d330	0xe81d94	jmp	0xe834d4
reference	terrain	0xe7d330	0xe81db2	jne	0xe81dc3
reference	terrain	0xe7d330	0xe81dde	ja	0xe82113
reference	terrain	0xe7d330	0xe81de4	je	0xe820e2
reference	terrain	0xe7d330	0xe81df2	ja	0xe82db9
reference	terrain	0xe7d330	0xe81e0b	jmp	rcx
reference	terrain	0xe7d330	0xe81e26	je	0xe81ebf
reference	terrain	0xe7d330	0xe81e41	je	0xe81ebf
reference	terrain	0xe7d330	0xe81e4b	jge	0xe81e54
reference	terrain	0xe7d330	0xe81e5d	jge	0xe81e66
reference	terrain	0xe7d330	0xe81e7d	jb	0xe81e88
reference	terrain	0xe7d330	0xe81e86	jmp	0xe81e94
reference	terrain	0xe7d330	0xe81e8b	ja	0xe81e9c
reference	terrain	0xe7d330	0xe81eba	jmp	0xe834d4
reference	terrain	0xe7d330	0xe81ece	jmp	0xe834d4
reference	terrain	0xe7d330	0xe81eec	je	0xe81f80
reference	terrain	0xe7d330	0xe81f07	je	0xe81f80
reference	terrain	0xe7d330	0xe81f11	jge	0xe81f1a
reference	terrain	0xe7d330	0xe81f23	jge	0xe81f2c
reference	terrain	0xe7d330	0xe81f43	jb	0xe81f60
reference	terrain	0xe7d330	0xe81f5b	jmp	0xe81e94
reference	terrain	0xe7d330	0xe81f63	ja	0xe81f74
reference	terrain	0xe7d330	0xe81f7b	jmp	0xe81e94
reference	terrain	0xe7d330	0xe81f8f	jmp	0xe834d4
reference	terrain	0xe7d330	0xe81fad	je	0xe82041
reference	terrain	0xe7d330	0xe81fc8	je	0xe82041
reference	terrain	0xe7d330	0xe81fd2	jge	0xe81fdb
reference	terrain	0xe7d330	0xe81fe4	jge	0xe81fed
reference	terrain	0xe7d330	0xe82004	jb	0xe82021
reference	terrain	0xe7d330	0xe8201c	jmp	0xe81e94
reference	terrain	0xe7d330	0xe82024	ja	0xe82035
reference	terrain	0xe7d330	0xe8203c	jmp	0xe81e94
reference	terrain	0xe7d330	0xe82050	jmp	0xe834d4
reference	terrain	0xe7d330	0xe820c9	jmp	0xe81ea3
reference	terrain	0xe7d330	0xe820dd	jmp	0xe834d4
reference	terrain	0xe7d330	0xe8210e	jmp	0xe834d4
reference	terrain	0xe7d330	0xe8211b	ja	0xe82db9
reference	terrain	0xe7d330	0xe8213c	jmp	rcx
reference	terrain	0xe7d330	0xe821c9	jmp	0xe834d4
reference	terrain	0xe7d330	0xe821fa	jmp	0xe834d4
reference	terrain	0xe7d330	0xe8220e	jmp	0xe834d4
reference	terrain	0xe7d330	0xe8229e	jmp	0xe834d4
reference	terrain	0xe7d330	0xe822cf	jmp	0xe834d4
reference	terrain	0xe7d330	0xe822e3	jmp	0xe834d4
reference	terrain	0xe7d330	0xe82373	jmp	0xe834d4
reference	terrain	0xe7d330	0xe823a4	jmp	0xe834d4
reference	terrain	0xe7d330	0xe823b8	jmp	0xe834d4
reference	terrain	0xe7d330	0xe82448	jmp	0xe834d4
reference	terrain	0xe7d330	0xe82479	jmp	0xe834d4
reference	terrain	0xe7d330	0xe8248d	jmp	0xe834d4
reference	terrain	0xe7d330	0xe8251d	jmp	0xe834d4
reference	terrain	0xe7d330	0xe8254e	jmp	0xe834d4
reference	terrain	0xe7d330	0xe82562	jmp	0xe834d4
reference	terrain	0xe7d330	0xe825f2	jmp	0xe834d4
reference	terrain	0xe7d330	0xe82623	jmp	0xe834d4
reference	terrain	0xe7d330	0xe82637	jmp	0xe834d4
reference	terrain	0xe7d330	0xe826c7	jmp	0xe834d4
reference	terrain	0xe7d330	0xe826f8	jmp	0xe834d4
reference	terrain	0xe7d330	0xe8270c	jmp	0xe834d4
reference	terrain	0xe7d330	0xe8279c	jmp	0xe834d4
reference	terrain	0xe7d330	0xe827cd	jmp	0xe834d4
reference	terrain	0xe7d330	0xe827e1	jmp	0xe834d4
reference	terrain	0xe7d330	0xe82871	jmp	0xe834d4
reference	terrain	0xe7d330	0xe828a2	jmp	0xe834d4
reference	terrain	0xe7d330	0xe828b6	jmp	0xe834d4
reference	terrain	0xe7d330	0xe82946	jmp	0xe834d4
reference	terrain	0xe7d330	0xe82977	jmp	0xe834d4
reference	terrain	0xe7d330	0xe8298b	jmp	0xe834d4
reference	terrain	0xe7d330	0xe82a1b	jmp	0xe834d4
reference	terrain	0xe7d330	0xe82a4c	jmp	0xe834d4
reference	terrain	0xe7d330	0xe82a60	jmp	0xe834d4
reference	terrain	0xe7d330	0xe82af0	jmp	0xe834d4
reference	terrain	0xe7d330	0xe82b21	jmp	0xe834d4
reference	terrain	0xe7d330	0xe82b35	jmp	0xe834d4
reference	terrain	0xe7d330	0xe82bc5	jmp	0xe834d4
reference	terrain	0xe7d330	0xe82bf6	jmp	0xe834d4
reference	terrain	0xe7d330	0xe82c0a	jmp	0xe834d4
reference	terrain	0xe7d330	0xe82c9a	jmp	0xe834d4
reference	terrain	0xe7d330	0xe82ccb	jmp	0xe834d4
reference	terrain	0xe7d330	0xe82cdf	jmp	0xe834d4
reference	terrain	0xe7d330	0xe82d6f	jmp	0xe834d4
reference	terrain	0xe7d330	0xe82da0	jmp	0xe834d4
reference	terrain	0xe7d330	0xe82db4	jmp	0xe834d4
reference	terrain	0xe7d330	0xe82dc8	jmp	0xe834d4
reference	terrain	0xe7d330	0xe82ddc	jmp	0xe834d4
reference	terrain	0xe7d330	0xe82dee	jmp	0xe834cb
reference	terrain	0xe7d330	0xe82e0e	jb	0xe82e25
reference	terrain	0xe7d330	0xe82e3a	je	0xe82e51
reference	terrain	0xe7d330	0xe82e6f	je	0xe82ec5
reference	terrain	0xe7d330	0xe82e81	jge	0xe82e8d
reference	terrain	0xe7d330	0xe82e95	jge	0xe82e9e
reference	terrain	0xe7d330	0xe82eae	je	0xe82ec5
reference	terrain	0xe7d330	0xe82edb	je	0xe82f3a
reference	terrain	0xe7d330	0xe82ee7	jge	0xe82ef3
reference	terrain	0xe7d330	0xe82efb	jge	0xe82f04
reference	terrain	0xe7d330	0xe82f23	je	0xe82f3a
reference	terrain	0xe7d330	0xe82f4f	jns	0xe82f66
reference	terrain	0xe7d330	0xe82fad	je	0xe830e3
reference	terrain	0xe7d330	0xe82fbb	je	0xe82fe1
reference	terrain	0xe7d330	0xe82fc0	je	0xe82fdd
reference	terrain	0xe7d330	0xe82fc5	je	0xe82fd9
reference	terrain	0xe7d330	0xe82fca	je	0xe82fd5
reference	terrain	0xe7d330	0xe82fcf	jne	0xe82feb
reference	terrain	0xe7d330	0xe82fd3	jmp	0xe82fe3
reference	terrain	0xe7d330	0xe82fd7	jmp	0xe82fe3
reference	terrain	0xe7d330	0xe82fdb	jmp	0xe82fe3
reference	terrain	0xe7d330	0xe82fdf	jmp	0xe82fe3
reference	terrain	0xe7d330	0xe82ff5	ja	0xe83020
reference	terrain	0xe7d330	0xe82ff7	je	0xe83071
reference	terrain	0xe7d330	0xe83001	ja	0xe83075
reference	terrain	0xe7d330	0xe8301e	jmp	rcx
reference	terrain	0xe7d330	0xe83025	ja	0xe83052
reference	terrain	0xe7d330	0xe83027	je	0xe83071
reference	terrain	0xe7d330	0xe83033	ja	0xe83075
reference	terrain	0xe7d330	0xe83050	jmp	rcx
reference	terrain	0xe7d330	0xe8305a	ja	0xe83075
reference	terrain	0xe7d330	0xe8306f	jmp	rcx
reference	terrain	0xe7d330	0xe83073	jmp	0xe83077
reference	terrain	0xe7d330	0xe830a1	je	0xe830c7
reference	terrain	0xe7d330	0xe830a6	je	0xe830c3
reference	terrain	0xe7d330	0xe830ab	je	0xe830bf
reference	terrain	0xe7d330	0xe830b0	je	0xe830bb
reference	terrain	0xe7d330	0xe830b5	jne	0xe830d1
reference	terrain	0xe7d330	0xe830b9	jmp	0xe830c9
reference	terrain	0xe7d330	0xe830bd	jmp	0xe830c9
reference	terrain	0xe7d330	0xe830c1	jmp	0xe830c9
reference	terrain	0xe7d330	0xe830c5	jmp	0xe830c9
reference	terrain	0xe7d330	0xe830de	jmp	0xe832a3
reference	terrain	0xe7d330	0xe830f6	ja	0xe8311a
reference	terrain	0xe7d330	0xe8310c	jmp	rcx
reference	terrain	0xe7d330	0xe83115	jmp	0xe832c0
reference	terrain	0xe7d330	0xe83123	je	0xe83296
reference	terrain	0xe7d330	0xe8312c	je	0xe83296
reference	terrain	0xe7d330	0xe83135	je	0xe83296
reference	terrain	0xe7d330	0xe8313e	je	0xe83296
reference	terrain	0xe7d330	0xe8314e	ja	0xe8319c
reference	terrain	0xe7d330	0xe83150	je	0xe83296
reference	terrain	0xe7d330	0xe8315c	je	0xe83296
reference	terrain	0xe7d330	0xe83165	je	0xe83296
reference	terrain	0xe7d330	0xe8316e	je	0xe83296
reference	terrain	0xe7d330	0xe83180	ja	0xe83257
reference	terrain	0xe7d330	0xe8319a	jmp	rcx
reference	terrain	0xe7d330	0xe831a5	ja	0xe83174
reference	terrain	0xe7d330	0xe831bc	jmp	rcx
reference	terrain	0xe7d330	0xe831c8	ja	0xe831ec
reference	terrain	0xe7d330	0xe831ca	je	0xe8322f
reference	terrain	0xe7d330	0xe831d4	ja	0xe83233
reference	terrain	0xe7d330	0xe831ea	jmp	rcx
reference	terrain	0xe7d330	0xe831f1	ja	0xe83217
reference	terrain	0xe7d330	0xe831f3	je	0xe8322f
reference	terrain	0xe7d330	0xe831ff	ja	0xe83233
reference	terrain	0xe7d330	0xe83215	jmp	rcx
reference	terrain	0xe7d330	0xe8321f	ja	0xe83233
reference	terrain	0xe7d330	0xe8322d	jmp	rcx
reference	terrain	0xe7d330	0xe83231	jmp	0xe83235
reference	terrain	0xe7d330	0xe83255	jmp	0xe832a3
reference	terrain	0xe7d330	0xe8325d	jne	0xe832ab
reference	terrain	0xe7d330	0xe83270	je	0xe832ab
reference	terrain	0xe7d330	0xe83285	je	0xe832ab
reference	terrain	0xe7d330	0xe83294	jmp	0xe832a3
reference	terrain	0xe7d330	0xe832be	ja	0xe832f8
reference	terrain	0xe7d330	0xe832d4	jmp	rcx
reference	terrain	0xe7d330	0xe832f3	jmp	0xe833bb
reference	terrain	0xe7d330	0xe83302	ja	0xe83326
reference	terrain	0xe7d330	0xe83304	je	0xe83369
reference	terrain	0xe7d330	0xe8330e	ja	0xe83380
reference	terrain	0xe7d330	0xe83324	jmp	rcx
reference	terrain	0xe7d330	0xe8332b	ja	0xe83351
reference	terrain	0xe7d330	0xe8332d	je	0xe83369
reference	terrain	0xe7d330	0xe83339	ja	0xe83380
reference	terrain	0xe7d330	0xe8334f	jmp	rcx
reference	terrain	0xe7d330	0xe83359	ja	0xe83380
reference	terrain	0xe7d330	0xe83367	jmp	rcx
reference	terrain	0xe7d330	0xe8337e	jmp	0xe833bb
reference	terrain	0xe7d330	0xe833d4	je	0xe834be
reference	terrain	0xe7d330	0xe833e0	je	0xe834be
reference	terrain	0xe7d330	0xe833e9	je	0xe834be
reference	terrain	0xe7d330	0xe833f2	je	0xe834be
reference	terrain	0xe7d330	0xe833fb	je	0xe834be
reference	terrain	0xe7d330	0xe8340a	je	0xe834be
reference	terrain	0xe7d330	0xe8341a	ja	0xe83438
reference	terrain	0xe7d330	0xe8341c	je	0xe834af
reference	terrain	0xe7d330	0xe83425	je	0xe834af
reference	terrain	0xe7d330	0xe83431	je	0xe834af
reference	terrain	0xe7d330	0xe83436	jmp	0xe83443
reference	terrain	0xe7d330	0xe8343e	je	0xe834af
reference	terrain	0xe7d330	0xe83443	je	0xe834af
reference	terrain	0xe7d330	0xe8344b	jne	0xe834a0
reference	terrain	0xe7d330	0xe8345e	je	0xe83476
reference	terrain	0xe7d330	0xe83474	jmp	0xe83478
reference	terrain	0xe7d330	0xe8349e	jmp	0xe834cb
reference	terrain	0xe7d330	0xe834ad	jmp	0xe834cb
reference	terrain	0xe7d330	0xe834bc	jmp	0xe834cb
reference	lookinfo	0x406860	0x4068ae	jbe	0x4068b3
reference	lookinfo	0x406860	0x4068bc	ja	0x4084ae
reference	lookinfo	0x406860	0x4068e0	jmp	rcx
reference	lookinfo	0x406860	0x4068fe	je	0x407704
reference	lookinfo	0x406860	0x406908	je	0x407704
reference	lookinfo	0x406860	0x406914	js	0x406947
reference	lookinfo	0x406860	0x406931	je	0x40694a
reference	lookinfo	0x406860	0x406945	jle	0x406920
reference	lookinfo	0x406860	0x40694d	je	0x407704
reference	lookinfo	0x406860	0x40696e	jmp	0x4084a9
reference	lookinfo	0x406860	0x40699e	jmp	0x4084a9
reference	lookinfo	0x406860	0x4069af	ja	0x406ab0
reference	lookinfo	0x406860	0x4069c0	jmp	rcx
reference	lookinfo	0x406860	0x4069e9	jmp	0x406aa8
reference	lookinfo	0x406860	0x406a0b	jmp	0x406aa8
reference	lookinfo	0x406860	0x406a37	jmp	0x406aa8
reference	lookinfo	0x406860	0x406a60	jmp	0x406aa8
reference	lookinfo	0x406860	0x406a6f	jmp	0x406aa8
reference	lookinfo	0x406860	0x406a7e	jmp	0x406aa8
reference	lookinfo	0x406860	0x406a8d	jmp	0x406aa8
reference	lookinfo	0x406860	0x406a9c	jmp	0x406aa8
reference	lookinfo	0x406860	0x406ac6	jl	0x406add
reference	lookinfo	0x406860	0x406af6	jmp	0x4084a9
reference	lookinfo	0x406860	0x406b02	ja	0x406c44
reference	lookinfo	0x406860	0x406b13	jmp	rcx
reference	lookinfo	0x406860	0x406b1c	jmp	0x406c36
reference	lookinfo	0x406860	0x406b3a	jmp	0x4084a9
reference	lookinfo	0x406860	0x406b58	jmp	0x4084a9
reference	lookinfo	0x406860	0x406b76	jmp	0x4084a9
reference	lookinfo	0x406860	0x406b94	jmp	0x4084a9
reference	lookinfo	0x406860	0x406bb2	jmp	0x4084a9
reference	lookinfo	0x406860	0x406bd0	jmp	0x4084a9
reference	lookinfo	0x406860	0x406bee	jmp	0x4084a9
reference	lookinfo	0x406860	0x406c0c	jmp	0x4084a9
reference	lookinfo	0x406860	0x406c2a	jmp	0x4084a9
reference	lookinfo	0x406860	0x406c48	jmp	0x4084a9
reference	lookinfo	0x406860	0x406c7a	jmp	0x4084ae
reference	lookinfo	0x406860	0x406c9b	je	0x406d22
reference	lookinfo	0x406860	0x406ca5	je	0x406d22
reference	lookinfo	0x406860	0x406cad	js	0x406cda
reference	lookinfo	0x406860	0x406cc4	je	0x406cdd
reference	lookinfo	0x406860	0x406cd8	jle	0x406cb0
reference	lookinfo	0x406860	0x406ce0	je	0x406d22
reference	lookinfo	0x406860	0x406cea	jne	0x406d06
reference	lookinfo	0x406860	0x406d01	jmp	0x4084a9
reference	lookinfo	0x406860	0x406d09	jne	0x406d22
reference	lookinfo	0x406860	0x406d29	jmp	0x4084a9
reference	lookinfo	0x406860	0x406d4a	je	0x406d9e
reference	lookinfo	0x406860	0x406d50	je	0x406d9e
reference	lookinfo	0x406860	0x406d58	js	0x406d87
reference	lookinfo	0x406860	0x406d71	je	0x406d8a
reference	lookinfo	0x406860	0x406d85	jle	0x406d60
reference	lookinfo	0x406860	0x406d8d	je	0x406d9e
reference	lookinfo	0x406860	0x406da5	jmp	0x4084a9
reference	lookinfo	0x406860	0x406db2	je	0x406e2c
reference	lookinfo	0x406860	0x406dcc	je	0x4084a2
reference	lookinfo	0x406860	0x406dd8	js	0x406e07
reference	lookinfo	0x406860	0x406df1	je	0x406e0a
reference	lookinfo	0x406860	0x406e05	jle	0x406de0
reference	lookinfo	0x406860	0x406e0d	je	0x4084a2
reference	lookinfo	0x406860	0x406e27	jmp	0x4084a2
reference	lookinfo	0x406860	0x406e30	je	0x406ee9
reference	lookinfo	0x406860	0x406e6e	js	0x406ebc
reference	lookinfo	0x406860	0x406e8b	jae	0x406ebc
reference	lookinfo	0x406860	0x406e9c	je	0x406ebc
reference	lookinfo	0x406860	0x406ea6	jbe	0x406eab
reference	lookinfo	0x406860	0x406eda	jbe	0x4084a2
reference	lookinfo	0x406860	0x406ee4	jmp	0x4070e7
reference	lookinfo	0x406860	0x406eef	ja	0x406f0a
reference	lookinfo	0x406860	0x406f05	jmp	0x4084a2
reference	lookinfo	0x406860	0x406f0d	jae	0x406f7e
reference	lookinfo	0x406860	0x406f20	jbe	0x406f25
reference	lookinfo	0x406860	0x406f2b	js	0x4084a2
reference	lookinfo	0x406860	0x406f4c	jae	0x4084a2
reference	lookinfo	0x406860	0x406f5d	je	0x4084a2
reference	lookinfo	0x406860	0x406f6c	jbe	0x406f71
reference	lookinfo	0x406860	0x406f79	jmp	0x4084a2
reference	lookinfo	0x406860	0x406f84	jae	0x40703b
reference	lookinfo	0x406860	0x406fbf	js	0x40700d
reference	lookinfo	0x406860	0x406fdc	jae	0x40700d
reference	lookinfo	0x406860	0x406fed	je	0x40700d
reference	lookinfo	0x406860	0x406ff7	jbe	0x406ffc
reference	lookinfo	0x406860	0x40702c	jbe	0x4084a2
reference	lookinfo	0x406860	0x407036	jmp	0x4070e7
reference	lookinfo	0x406860	0x407070	js	0x4070be
reference	lookinfo	0x406860	0x40708d	jae	0x4070be
reference	lookinfo	0x406860	0x40709e	je	0x4070be
reference	lookinfo	0x406860	0x4070a8	jbe	0x4070ad
reference	lookinfo	0x406860	0x4070dd	jbe	0x4084a2
reference	lookinfo	0x406860	0x4070f4	jb	0x40710f
reference	lookinfo	0x406860	0x407109	ja	0x408406
reference	lookinfo	0x406860	0x407114	jmp	0x4084a2
reference	lookinfo	0x406860	0x407126	ja	0x407436
reference	lookinfo	0x406860	0x407137	jmp	rcx
reference	lookinfo	0x406860	0x407152	jmp	0x4084a9
reference	lookinfo	0x406860	0x40718a	jmp	0x4084a9
reference	lookinfo	0x406860	0x4071a8	jmp	0x4084a9
reference	lookinfo	0x406860	0x4071da	jmp	0x4084a9
reference	lookinfo	0x406860	0x4071fa	je	0x4072e4
reference	lookinfo	0x406860	0x407207	jle	0x407234
reference	lookinfo	0x406860	0x407232	jg	0x407210
reference	lookinfo	0x406860	0x40723b	je	0x4072e4
reference	lookinfo	0x406860	0x407244	jge	0x4072e4
reference	lookinfo	0x406860	0x407257	je	0x407266
reference	lookinfo	0x406860	0x407262	jl	0x407250
reference	lookinfo	0x406860	0x407264	jmp	0x4072e4
reference	lookinfo	0x406860	0x40727c	je	0x4072e4
reference	lookinfo	0x406860	0x407291	jne	0x4072e4
reference	lookinfo	0x406860	0x4072e8	jne	0x407436
reference	lookinfo	0x406860	0x407307	jmp	0x4084a9
reference	lookinfo	0x406860	0x407325	jmp	0x4084a9
reference	lookinfo	0x406860	0x407343	jmp	0x4084a9
reference	lookinfo	0x406860	0x407374	jmp	0x4084a9
reference	lookinfo	0x406860	0x4073bb	jmp	0x4084a9
reference	lookinfo	0x406860	0x4073c7	jmp	0x4071b4
reference	lookinfo	0x406860	0x4073e2	jmp	0x4084a9
reference	lookinfo	0x406860	0x407400	jmp	0x4084a9
reference	lookinfo	0x406860	0x40741e	jmp	0x4084a9
reference	lookinfo	0x406860	0x407439	jmp	0x4084a9
reference	lookinfo	0x406860	0x40745a	jmp	0x4084a9
reference	lookinfo	0x406860	0x40746d	je	0x4074c9
reference	lookinfo	0x406860	0x4074c4	jmp	0x4084a9
reference	lookinfo	0x406860	0x4074e0	je	0x40753c
reference	lookinfo	0x406860	0x4074ec	js	0x40753c
reference	lookinfo	0x406860	0x407509	jae	0x40753c
reference	lookinfo	0x406860	0x407533	je	0x407543
reference	lookinfo	0x406860	0x40753a	jmp	0x407543
reference	lookinfo	0x406860	0x407558	je	0x407590
reference	lookinfo	0x406860	0x40755d	je	0x407581
reference	lookinfo	0x406860	0x407562	je	0x407578
reference	lookinfo	0x406860	0x407567	jne	0x4075d3
reference	lookinfo	0x406860	0x407576	jmp	0x4075ca
reference	lookinfo	0x406860	0x40757f	jmp	0x4075c4
reference	lookinfo	0x406860	0x40758e	jmp	0x4075ca
reference	lookinfo	0x406860	0x407593	je	0x4075bd
reference	lookinfo	0x406860	0x407598	je	0x4075ae
reference	lookinfo	0x406860	0x40759d	jne	0x4075d3
reference	lookinfo	0x406860	0x4075ac	jmp	0x4075ca
reference	lookinfo	0x406860	0x4075bb	jmp	0x4075ca
reference	lookinfo	0x406860	0x40763c	jmp	0x4084ae
reference	lookinfo	0x406860	0x40765d	je	0x407697
reference	lookinfo	0x406860	0x407663	je	0x407697
reference	lookinfo	0x406860	0x40766b	js	0x407697
reference	lookinfo	0x406860	0x407681	je	0x40769a
reference	lookinfo	0x406860	0x407695	jle	0x407670
reference	lookinfo	0x406860	0x40769d	je	0x407704
reference	lookinfo	0x406860	0x40770b	jmp	0x4084a9
reference	lookinfo	0x406860	0x40772c	jmp	0x4084a9
reference	lookinfo	0x406860	0x40773b	jne	0x40774c
reference	lookinfo	0x406860	0x40774a	jmp	0x407781
reference	lookinfo	0x406860	0x40774f	je	0x407760
reference	lookinfo	0x406860	0x40775e	jmp	0x407781
reference	lookinfo	0x406860	0x407763	je	0x407774
reference	lookinfo	0x406860	0x407772	jmp	0x407781
reference	lookinfo	0x406860	0x4077f3	jbe	0x4084ae
reference	lookinfo	0x406860	0x40780a	jb	0x407825
reference	lookinfo	0x406860	0x40781f	ja	0x408406
reference	lookinfo	0x406860	0x40782a	jmp	0x4084ae
reference	lookinfo	0x406860	0x4078c4	jmp	0x4084ae
reference	lookinfo	0x406860	0x4078d1	jne	0x4078ed
reference	lookinfo	0x406860	0x4078e8	jmp	0x4084a2
reference	lookinfo	0x406860	0x4078f0	jne	0x4084a2
reference	lookinfo	0x406860	0x407917	je	0x40840d
reference	lookinfo	0x406860	0x407920	je	0x407f24
reference	lookinfo	0x406860	0x407929	je	0x40794f
reference	lookinfo	0x406860	0x40792e	jne	0x407ee8
reference	lookinfo	0x406860	0x40794a	jmp	0x407ee8
reference	lookinfo	0x406860	0x407978	je	0x407dd4
reference	lookinfo	0x406860	0x407991	js	0x407ae2
reference	lookinfo	0x406860	0x4079a1	jge	0x407ae2
reference	lookinfo	0x406860	0x4079ab	js	0x407ae2
reference	lookinfo	0x406860	0x4079bb	jge	0x407ae2
reference	lookinfo	0x406860	0x4079c4	js	0x407ae2
reference	lookinfo	0x406860	0x4079d2	jge	0x407ae2
reference	lookinfo	0x406860	0x4079f2	je	0x407ae2
reference	lookinfo	0x406860	0x407a0f	je	0x407ae2
reference	lookinfo	0x406860	0x407a1f	jge	0x407a2b
reference	lookinfo	0x406860	0x407a35	jge	0x407a41
reference	lookinfo	0x406860	0x407a73	jae	0x407b01
reference	lookinfo	0x406860	0x407a88	jne	0x407ad3
reference	lookinfo	0x406860	0x407a93	jne	0x407ad3
reference	lookinfo	0x406860	0x407aaf	jbe	0x407ad3
reference	lookinfo	0x406860	0x407ad1	jmp	0x407a70
reference	lookinfo	0x406860	0x407ae0	jmp	0x407a70
reference	lookinfo	0x406860	0x407aff	jmp	0x407b17
reference	lookinfo	0x406860	0x407b1b	jne	0x407b2b
reference	lookinfo	0x406860	0x407b52	ja	0x407ccb
reference	lookinfo	0x406860	0x407b70	je	0x407ccb
reference	lookinfo	0x406860	0x407b7a	je	0x407ccb
reference	lookinfo	0x406860	0x407b86	js	0x407ccb
reference	lookinfo	0x406860	0x407ba4	je	0x407bc0
reference	lookinfo	0x406860	0x407bb9	jle	0x407b90
reference	lookinfo	0x406860	0x407bbb	jmp	0x407ccb
reference	lookinfo	0x406860	0x407bc3	je	0x407ccb
reference	lookinfo	0x406860	0x407bd0	je	0x407ccb
reference	lookinfo	0x406860	0x407bfb	je	0x407c29
reference	lookinfo	0x406860	0x407c04	je	0x407c29
reference	lookinfo	0x406860	0x407c0c	je	0x407c29
reference	lookinfo	0x406860	0x407c1d	je	0x407c29
reference	lookinfo	0x406860	0x407c27	jmp	0x407c2d
reference	lookinfo	0x406860	0x407c30	je	0x407c55
reference	lookinfo	0x406860	0x407c36	je	0x407c55
reference	lookinfo	0x406860	0x407c90	jbe	0x407cc6
reference	lookinfo	0x406860	0x407ca3	jb	0x407cc1
reference	lookinfo	0x406860	0x407cb8	jbe	0x407cc1
reference	lookinfo	0x406860	0x407cee	je	0x407d49
reference	lookinfo	0x406860	0x407cf8	je	0x407d27
reference	lookinfo	0x406860	0x407d0a	jbe	0x407d0f
reference	lookinfo	0x406860	0x407d42	jbe	0x407d56
reference	lookinfo	0x406860	0x407d47	jmp	0x407d56
reference	lookinfo	0x406860	0x407d92	jbe	0x407dc8
reference	lookinfo	0x406860	0x407da5	jb	0x407dc3
reference	lookinfo	0x406860	0x407dba	jbe	0x407dc3
reference	lookinfo	0x406860	0x407dd6	je	0x407de4
reference	lookinfo	0x406860	0x407de2	jmp	0x407df5
reference	lookinfo	0x406860	0x407de6	je	0x407dfe
reference	lookinfo	0x406860	0x407e77	je	0x407e85
reference	lookinfo	0x406860	0x407e83	jmp	0x407e92
reference	lookinfo	0x406860	0x407ea0	jbe	0x407ed6
reference	lookinfo	0x406860	0x407eb3	jb	0x407ed1
reference	lookinfo	0x406860	0x407ec8	jbe	0x407ed1
reference	lookinfo	0x406860	0x407ef1	jbe	0x407efd
reference	lookinfo	0x406860	0x407f03	je	0x408486
reference	lookinfo	0x406860	0x407f22	jmp	rcx
reference	lookinfo	0x406860	0x407f60	js	0x407fa6
reference	lookinfo	0x406860	0x407f73	jae	0x407fa6
reference	lookinfo	0x406860	0x407f78	js	0x407fa6
reference	lookinfo	0x406860	0x407f9a	jae	0x407fa6
reference	lookinfo	0x406860	0x407fa4	jmp	0x407faa
reference	lookinfo	0x406860	0x407fc9	je	0x408052
reference	lookinfo	0x406860	0x407fd2	js	0x408093
reference	lookinfo	0x406860	0x407fe9	jae	0x408057
reference	lookinfo	0x406860	0x407fee	js	0x408057
reference	lookinfo	0x406860	0x408010	jae	0x408057
reference	lookinfo	0x406860	0x408021	je	0x408057
reference	lookinfo	0x406860	0x40802b	jbe	0x408030
reference	lookinfo	0x406860	0x408040	jne	0x408093
reference	lookinfo	0x406860	0x408050	jmp	0x408057
reference	lookinfo	0x406860	0x408055	js	0x408093
reference	lookinfo	0x406860	0x408065	jae	0x408093
reference	lookinfo	0x406860	0x408076	je	0x408093
reference	lookinfo	0x406860	0x408081	jbe	0x408086
reference	lookinfo	0x406860	0x4080c1	je	0x4082ce
reference	lookinfo	0x406860	0x4080da	js	0x408219
reference	lookinfo	0x406860	0x4080e7	jge	0x408219
reference	lookinfo	0x406860	0x4080f1	js	0x408219
reference	lookinfo	0x406860	0x4080fe	jge	0x408219
reference	lookinfo	0x406860	0x408107	js	0x408219
reference	lookinfo	0x406860	0x408113	jge	0x408219
reference	lookinfo	0x406860	0x408133	je	0x408219
reference	lookinfo	0x406860	0x408150	je	0x408219
reference	lookinfo	0x406860	0x408160	jge	0x40816c
reference	lookinfo	0x406860	0x408176	jge	0x408182
reference	lookinfo	0x406860	0x4081b3	jae	0x40822a
reference	lookinfo	0x406860	0x4081c4	jne	0x40820e
reference	lookinfo	0x406860	0x4081cf	jne	0x40820e
reference	lookinfo	0x406860	0x4081eb	jbe	0x40820e
reference	lookinfo	0x406860	0x40820c	jmp	0x4081b0
reference	lookinfo	0x406860	0x408217	jmp	0x4081b0
reference	lookinfo	0x406860	0x408228	jmp	0x408246
reference	lookinfo	0x406860	0x40824b	jne	0x408254
reference	lookinfo	0x406860	0x4082d6	js	0x40839f
reference	lookinfo	0x406860	0x4082fc	jae	0x40839f
reference	lookinfo	0x406860	0x408323	je	0x40839f
reference	lookinfo	0x406860	0x40836b	je	0x408384
reference	lookinfo	0x406860	0x408376	jbe	0x40837b
reference	lookinfo	0x406860	0x4083a7	je	0x4083b5
reference	lookinfo	0x406860	0x4083b3	jmp	0x4083c2
reference	lookinfo	0x406860	0x4083d0	jbe	0x407ed6
reference	lookinfo	0x406860	0x4083e7	jb	0x407ed1
reference	lookinfo	0x406860	0x408400	jbe	0x407ed1
reference	lookinfo	0x406860	0x408423	jmp	0x407ee8
reference	lookinfo	0x406860	0x408432	jmp	0x40847d
reference	lookinfo	0x406860	0x40843e	jmp	0x40847d
reference	lookinfo	0x406860	0x40844a	jmp	0x40847d
reference	lookinfo	0x406860	0x408456	jmp	0x40847d
reference	lookinfo	0x406860	0x40845f	jmp	0x40847a
reference	lookinfo	0x406860	0x408468	jmp	0x40847a
reference	lookinfo	0x406860	0x408471	jmp	0x40847a
reference	lookinfo	0x406860	0x40848a	je	0x4084a2
reference	lookinfo-producer	0x4085f0	0x40865b	je	0x40a1c9
reference	lookinfo-producer	0x4085f0	0x408675	jne	0x408c29
reference	lookinfo-producer	0x4085f0	0x40869e	jne	0x408c29
reference	lookinfo-producer	0x4085f0	0x4086bf	je	0x40a1bc
reference	lookinfo-producer	0x4085f0	0x4086cc	je	0x40a1bc
reference	lookinfo-producer	0x4085f0	0x40870d	je	0x40877b
reference	lookinfo-producer	0x4085f0	0x408713	je	0x40877b
reference	lookinfo-producer	0x4085f0	0x408719	jle	0x40877b
reference	lookinfo-producer	0x4085f0	0x408720	jne	0x40877b
reference	lookinfo-producer	0x4085f0	0x408727	jne	0x40877b
reference	lookinfo-producer	0x4085f0	0x40872e	jne	0x40877b
reference	lookinfo-producer	0x4085f0	0x408797	jne	0x408700
reference	lookinfo-producer	0x4085f0	0x4087c0	je	0x40a1bc
reference	lookinfo-producer	0x4085f0	0x4087f0	jle	0x4089d5
reference	lookinfo-producer	0x4085f0	0x408815	jne	0x4089b8
reference	lookinfo-producer	0x4085f0	0x408846	je	0x4089b3
reference	lookinfo-producer	0x4085f0	0x408857	jne	0x4089b3
reference	lookinfo-producer	0x4085f0	0x408867	je	0x408871
reference	lookinfo-producer	0x4085f0	0x40888a	je	0x408943
reference	lookinfo-producer	0x4085f0	0x4088be	jg	0x408928
reference	lookinfo-producer	0x4085f0	0x4088d5	jg	0x408928
reference	lookinfo-producer	0x4085f0	0x4088dc	jne	0x408928
reference	lookinfo-producer	0x4085f0	0x4088e2	jne	0x408928
reference	lookinfo-producer	0x4085f0	0x408930	jne	0x4088a0
reference	lookinfo-producer	0x4085f0	0x408953	jne	0x4089b8
reference	lookinfo-producer	0x4085f0	0x408960	jne	0x4089b8
reference	lookinfo-producer	0x4085f0	0x40896a	jne	0x4089b8
reference	lookinfo-producer	0x4085f0	0x4089c2	jl	0x408800
reference	lookinfo-producer	0x4085f0	0x4089f2	jns	0x408a5c
reference	lookinfo-producer	0x4085f0	0x408a44	je	0x408a53
reference	lookinfo-producer	0x4085f0	0x408a51	jmp	0x408a5c
reference	lookinfo-producer	0x4085f0	0x408a60	je	0x408ad0
reference	lookinfo-producer	0x4085f0	0x408ab8	je	0x408ac7
reference	lookinfo-producer	0x4085f0	0x408ac5	jmp	0x408ad0
reference	lookinfo-producer	0x4085f0	0x408ad4	je	0x408b44
reference	lookinfo-producer	0x4085f0	0x408b2c	je	0x408b3b
reference	lookinfo-producer	0x4085f0	0x408b39	jmp	0x408b44
reference	lookinfo-producer	0x4085f0	0x408b5f	jne	0x408b68
reference	lookinfo-producer	0x4085f0	0x408b66	jmp	0x408bb7
reference	lookinfo-producer	0x4085f0	0x408b6a	jne	0x408b73
reference	lookinfo-producer	0x4085f0	0x408b71	jmp	0x408bb7
reference	lookinfo-producer	0x4085f0	0x408b75	jne	0x408b7e
reference	lookinfo-producer	0x4085f0	0x408b7c	jmp	0x408bb7
reference	lookinfo-producer	0x4085f0	0x408b80	jne	0x408b89
reference	lookinfo-producer	0x4085f0	0x408b87	jmp	0x408bb7
reference	lookinfo-producer	0x4085f0	0x408b8b	jne	0x408b94
reference	lookinfo-producer	0x4085f0	0x408b92	jmp	0x408bb7
reference	lookinfo-producer	0x4085f0	0x408b96	jne	0x408b9f
reference	lookinfo-producer	0x4085f0	0x408b9d	jmp	0x408bb7
reference	lookinfo-producer	0x4085f0	0x408ba1	jne	0x408baa
reference	lookinfo-producer	0x4085f0	0x408ba8	jmp	0x408bb7
reference	lookinfo-producer	0x4085f0	0x408bac	jne	0x40a1bc
reference	lookinfo-producer	0x4085f0	0x408c09	je	0x408c1b
reference	lookinfo-producer	0x4085f0	0x408c16	jmp	0x40a1bc
reference	lookinfo-producer	0x4085f0	0x408c24	jmp	0x40a1bc
reference	lookinfo-producer	0x4085f0	0x408c3d	jb	0x40a1bc
reference	lookinfo-producer	0x4085f0	0x408c5d	je	0x408d68
reference	lookinfo-producer	0x4085f0	0x408c7b	jne	0x408d3c
reference	lookinfo-producer	0x4085f0	0x408c8e	jne	0x408d3c
reference	lookinfo-producer	0x4085f0	0x408c9b	jne	0x408d3c
reference	lookinfo-producer	0x4085f0	0x408cbf	je	0x408d3c
reference	lookinfo-producer	0x4085f0	0x408d24	je	0x408d33
reference	lookinfo-producer	0x4085f0	0x408d31	jmp	0x408d3c
reference	lookinfo-producer	0x4085f0	0x408d5d	jb	0x408c70
reference	lookinfo-producer	0x4085f0	0x408d84	jae	0x408e7c
reference	lookinfo-producer	0x4085f0	0x408d92	je	0x408e6e
reference	lookinfo-producer	0x4085f0	0x408d9d	jne	0x408e6e
reference	lookinfo-producer	0x4085f0	0x408da8	jne	0x408e6e
reference	lookinfo-producer	0x4085f0	0x408db3	jne	0x408e6e
reference	lookinfo-producer	0x4085f0	0x408e0d	je	0x408e15
reference	lookinfo-producer	0x4085f0	0x408e4a	je	0x408e65
reference	lookinfo-producer	0x4085f0	0x408e60	jmp	0x408d81
reference	lookinfo-producer	0x4085f0	0x408e77	jmp	0x408d81
reference	lookinfo-producer	0x4085f0	0x408e88	js	0x408ec9
reference	lookinfo-producer	0x4085f0	0x408e91	jge	0x408ec9
reference	lookinfo-producer	0x4085f0	0x408e97	js	0x408ec9
reference	lookinfo-producer	0x4085f0	0x408ea0	jge	0x408ec9
reference	lookinfo-producer	0x4085f0	0x408ea6	js	0x408ec9
reference	lookinfo-producer	0x4085f0	0x408eb3	jge	0x408ec9
reference	lookinfo-producer	0x4085f0	0x408ec7	jne	0x408ed5
reference	lookinfo-producer	0x4085f0	0x408ed0	jmp	0x409084
reference	lookinfo-producer	0x4085f0	0x408ef6	je	0x409074
reference	lookinfo-producer	0x4085f0	0x408f19	je	0x409080
reference	lookinfo-producer	0x4085f0	0x408f4b	je	0x409045
reference	lookinfo-producer	0x4085f0	0x408f55	je	0x409045
reference	lookinfo-producer	0x4085f0	0x408f63	js	0x408f9b
reference	lookinfo-producer	0x4085f0	0x408f84	je	0x408f9e
reference	lookinfo-producer	0x4085f0	0x408f97	jle	0x408f70
reference	lookinfo-producer	0x4085f0	0x408fa1	je	0x409045
reference	lookinfo-producer	0x4085f0	0x408fae	jne	0x409045
reference	lookinfo-producer	0x4085f0	0x408fbc	jne	0x409045
reference	lookinfo-producer	0x4085f0	0x408fc7	jne	0x409045
reference	lookinfo-producer	0x4085f0	0x408fd1	jne	0x409045
reference	lookinfo-producer	0x4085f0	0x40902d	je	0x40903c
reference	lookinfo-producer	0x4085f0	0x40903a	jmp	0x409045
reference	lookinfo-producer	0x4085f0	0x409065	jb	0x408f30
reference	lookinfo-producer	0x4085f0	0x409072	jmp	0x40908a
reference	lookinfo-producer	0x4085f0	0x40907e	jmp	0x40908a
reference	lookinfo-producer	0x4085f0	0x409094	je	0x40916b
reference	lookinfo-producer	0x4085f0	0x4090a7	jne	0x409155
reference	lookinfo-producer	0x4085f0	0x4090b4	jne	0x409155
reference	lookinfo-producer	0x4085f0	0x4090c1	jne	0x409155
reference	lookinfo-producer	0x4085f0	0x4090cc	jne	0x409155
reference	lookinfo-producer	0x4085f0	0x4090d7	jne	0x409155
reference	lookinfo-producer	0x4085f0	0x40913d	je	0x40914c
reference	lookinfo-producer	0x4085f0	0x40914a	jmp	0x409155
reference	lookinfo-producer	0x4085f0	0x409161	jne	0x4090a0
reference	lookinfo-producer	0x4085f0	0x40918e	je	0x409406
reference	lookinfo-producer	0x4085f0	0x4091af	je	0x4093d6
reference	lookinfo-producer	0x4085f0	0x4091ce	je	0x4093d6
reference	lookinfo-producer	0x4085f0	0x4091db	jne	0x4093d6
reference	lookinfo-producer	0x4085f0	0x4091ef	je	0x409214
reference	lookinfo-producer	0x4085f0	0x4091f6	je	0x409214
reference	lookinfo-producer	0x4085f0	0x40920d	jne	0x40923f
reference	lookinfo-producer	0x4085f0	0x40920f	jmp	0x4093d6
reference	lookinfo-producer	0x4085f0	0x40921a	jl	0x4093d6
reference	lookinfo-producer	0x4085f0	0x409223	jg	0x4093d6
reference	lookinfo-producer	0x4085f0	0x409230	jl	0x4093d6
reference	lookinfo-producer	0x4085f0	0x409239	jg	0x4093d6
reference	lookinfo-producer	0x4085f0	0x4092a7	je	0x4092b6
reference	lookinfo-producer	0x4085f0	0x4092b4	jmp	0x4092bf
reference	lookinfo-producer	0x4085f0	0x4092c6	jne	0x4093d6
reference	lookinfo-producer	0x4085f0	0x4092e2	je	0x4093d6
reference	lookinfo-producer	0x4085f0	0x40930c	je	0x4093d6
reference	lookinfo-producer	0x4085f0	0x40938b	je	0x40939a
reference	lookinfo-producer	0x4085f0	0x409398	jmp	0x4093a3
reference	lookinfo-producer	0x4085f0	0x4093c1	jb	0x409320
reference	lookinfo-producer	0x4085f0	0x409400	jb	0x4091a0
reference	lookinfo-producer	0x4085f0	0x409451	je	0x40960b
reference	lookinfo-producer	0x4085f0	0x409478	jne	0x4095e4
reference	lookinfo-producer	0x4085f0	0x409485	ja	0x4095e4
reference	lookinfo-producer	0x4085f0	0x409496	jmp	rcx
reference	lookinfo-producer	0x4085f0	0x40949d	jne	0x4095e4
reference	lookinfo-producer	0x4085f0	0x4094a8	jne	0x4095e4
reference	lookinfo-producer	0x4085f0	0x4094b3	jne	0x4095e4
reference	lookinfo-producer	0x4085f0	0x40951b	js	0x4095a5
reference	lookinfo-producer	0x4085f0	0x409528	jge	0x4095a5
reference	lookinfo-producer	0x4085f0	0x40952e	js	0x4095a5
reference	lookinfo-producer	0x4085f0	0x40953d	jge	0x4095a5
reference	lookinfo-producer	0x4085f0	0x409548	js	0x4095a5
reference	lookinfo-producer	0x4085f0	0x409551	jge	0x4095a5
reference	lookinfo-producer	0x4085f0	0x409565	je	0x4095a5
reference	lookinfo-producer	0x4085f0	0x409581	je	0x4095a5
reference	lookinfo-producer	0x4085f0	0x40959f	je	0x4095a5
reference	lookinfo-producer	0x4085f0	0x4095bb	je	0x4095ca
reference	lookinfo-producer	0x4085f0	0x4095c8	jmp	0x4095d3
reference	lookinfo-producer	0x4085f0	0x409601	jb	0x409470
reference	lookinfo-producer	0x4085f0	0x40962e	je	0x4096f0
reference	lookinfo-producer	0x4085f0	0x409648	jne	0x4096c4
reference	lookinfo-producer	0x4085f0	0x40964f	jne	0x4096c4
reference	lookinfo-producer	0x4085f0	0x409656	jne	0x4096c4
reference	lookinfo-producer	0x4085f0	0x4096ac	je	0x4096bb
reference	lookinfo-producer	0x4085f0	0x4096b9	jmp	0x4096c4
reference	lookinfo-producer	0x4085f0	0x4096ea	jb	0x409640
reference	lookinfo-producer	0x4085f0	0x40970b	je	0x4097c2
reference	lookinfo-producer	0x4085f0	0x40971c	jne	0x40979b
reference	lookinfo-producer	0x4085f0	0x409723	jne	0x40979b
reference	lookinfo-producer	0x4085f0	0x40972d	jne	0x40979b
reference	lookinfo-producer	0x4085f0	0x409783	je	0x409792
reference	lookinfo-producer	0x4085f0	0x409790	jmp	0x40979b
reference	lookinfo-producer	0x4085f0	0x4097bc	jb	0x409714
reference	lookinfo-producer	0x4085f0	0x40981a	je	0x409829
reference	lookinfo-producer	0x4085f0	0x409827	jmp	0x409832
reference	lookinfo-producer	0x4085f0	0x409848	jle	0x409b76
reference	lookinfo-producer	0x4085f0	0x409852	js	0x4099d3
reference	lookinfo-producer	0x4085f0	0x409863	jge	0x4099d3
reference	lookinfo-producer	0x4085f0	0x40986d	js	0x4099d3
reference	lookinfo-producer	0x4085f0	0x409880	jge	0x4099d3
reference	lookinfo-producer	0x4085f0	0x40988a	js	0x4099d3
reference	lookinfo-producer	0x4085f0	0x409897	jge	0x4099d3
reference	lookinfo-producer	0x4085f0	0x4098a7	je	0x4099d7
reference	lookinfo-producer	0x4085f0	0x4098cc	je	0x4099d7
reference	lookinfo-producer	0x4085f0	0x4098f2	je	0x4099db
reference	lookinfo-producer	0x4085f0	0x409944	jge	0x4099b3
reference	lookinfo-producer	0x4085f0	0x409953	jge	0x4099b3
reference	lookinfo-producer	0x4085f0	0x40995c	jge	0x4099b3
reference	lookinfo-producer	0x4085f0	0x409978	je	0x4099b3
reference	lookinfo-producer	0x4085f0	0x40998f	je	0x4099b3
reference	lookinfo-producer	0x4085f0	0x4099ad	je	0x4099b3
reference	lookinfo-producer	0x4085f0	0x4099ce	jmp	0x409b48
reference	lookinfo-producer	0x4085f0	0x409a40	js	0x409ac1
reference	lookinfo-producer	0x4085f0	0x409a49	jge	0x409ac1
reference	lookinfo-producer	0x4085f0	0x409a4f	js	0x409ac1
reference	lookinfo-producer	0x4085f0	0x409a58	jge	0x409ac1
reference	lookinfo-producer	0x4085f0	0x409a5e	js	0x409ac1
reference	lookinfo-producer	0x4085f0	0x409a67	jge	0x409ac1
reference	lookinfo-producer	0x4085f0	0x409a73	je	0x409ac1
reference	lookinfo-producer	0x4085f0	0x409a94	je	0x409ac1
reference	lookinfo-producer	0x4085f0	0x409ab9	jge	0x409acf
reference	lookinfo-producer	0x4085f0	0x409abf	jmp	0x409acf
reference	lookinfo-producer	0x4085f0	0x409acd	js	0x409b48
reference	lookinfo-producer	0x4085f0	0x409ad6	jge	0x409b48
reference	lookinfo-producer	0x4085f0	0x409adc	js	0x409b48
reference	lookinfo-producer	0x4085f0	0x409ae5	jge	0x409b48
reference	lookinfo-producer	0x4085f0	0x409aeb	js	0x409b48
reference	lookinfo-producer	0x4085f0	0x409af4	jge	0x409b48
reference	lookinfo-producer	0x4085f0	0x409b00	je	0x409b48
reference	lookinfo-producer	0x4085f0	0x409b21	je	0x409b48
reference	lookinfo-producer	0x4085f0	0x409b42	je	0x409b48
reference	lookinfo-producer	0x4085f0	0x409b5e	je	0x409b6d
reference	lookinfo-producer	0x4085f0	0x409b6b	jmp	0x409b76
reference	lookinfo-producer	0x4085f0	0x409b7d	je	0x409de8
reference	lookinfo-producer	0x4085f0	0x409b8e	jge	0x409b9a
reference	lookinfo-producer	0x4085f0	0x409ba6	jge	0x409bb2
reference	lookinfo-producer	0x4085f0	0x409bc3	js	0x409dde
reference	lookinfo-producer	0x4085f0	0x409bf1	jne	0x409ccd
reference	lookinfo-producer	0x4085f0	0x409c16	jbe	0x409ccd
reference	lookinfo-producer	0x4085f0	0x409c7e	jb	0x409c89
reference	lookinfo-producer	0x4085f0	0x409c87	jmp	0x409c9b
reference	lookinfo-producer	0x4085f0	0x409c8b	jb	0x409c95
reference	lookinfo-producer	0x4085f0	0x409c93	jmp	0x409c9b
reference	lookinfo-producer	0x4085f0	0x409cb1	je	0x409cc0
reference	lookinfo-producer	0x4085f0	0x409cbe	jmp	0x409cc9
reference	lookinfo-producer	0x4085f0	0x409cde	jne	0x409dc6
reference	lookinfo-producer	0x4085f0	0x409d04	jle	0x409dc6
reference	lookinfo-producer	0x4085f0	0x409d76	jl	0x409d81
reference	lookinfo-producer	0x4085f0	0x409d7f	jmp	0x409d94
reference	lookinfo-producer	0x4085f0	0x409d84	jl	0x409d8e
reference	lookinfo-producer	0x4085f0	0x409d8c	jmp	0x409d94
reference	lookinfo-producer	0x4085f0	0x409daa	je	0x409db9
reference	lookinfo-producer	0x4085f0	0x409db7	jmp	0x409dc2
reference	lookinfo-producer	0x4085f0	0x409dcf	jns	0x409be0
reference	lookinfo-producer	0x4085f0	0x409dec	js	0x409f48
reference	lookinfo-producer	0x4085f0	0x409dfd	jge	0x409f48
reference	lookinfo-producer	0x4085f0	0x409e07	js	0x409f48
reference	lookinfo-producer	0x4085f0	0x409e1b	jge	0x409f48
reference	lookinfo-producer	0x4085f0	0x409e25	js	0x409f48
reference	lookinfo-producer	0x4085f0	0x409e36	jge	0x409f48
reference	lookinfo-producer	0x4085f0	0x409e56	je	0x409f48
reference	lookinfo-producer	0x4085f0	0x409e75	je	0x409f48
reference	lookinfo-producer	0x4085f0	0x409e94	je	0x409f48
reference	lookinfo-producer	0x4085f0	0x409ed9	je	0x409f48
reference	lookinfo-producer	0x4085f0	0x409f29	jne	0x409f3f
reference	lookinfo-producer	0x4085f0	0x409f31	jne	0x409f3f
reference	lookinfo-producer	0x4085f0	0x409f39	je	0x40a094
reference	lookinfo-producer	0x4085f0	0x409f46	jl	0x409f10
reference	lookinfo-producer	0x4085f0	0x409f59	je	0x40a1bc
reference	lookinfo-producer	0x4085f0	0x409f76	je	0x40a1bc
reference	lookinfo-producer	0x4085f0	0x409f9b	je	0x40a18d
reference	lookinfo-producer	0x4085f0	0x409fa5	je	0x40a18d
reference	lookinfo-producer	0x4085f0	0x409fb0	js	0x409fe8
reference	lookinfo-producer	0x4085f0	0x409fd3	je	0x409feb
reference	lookinfo-producer	0x4085f0	0x409fe4	jle	0x409fc0
reference	lookinfo-producer	0x4085f0	0x409fee	je	0x40a18d
reference	lookinfo-producer	0x4085f0	0x409ffb	je	0x40a18d
reference	lookinfo-producer	0x4085f0	0x40a005	jne	0x40a18d
reference	lookinfo-producer	0x4085f0	0x40a010	jne	0x40a18d
reference	lookinfo-producer	0x4085f0	0x40a01e	jne	0x40a18d
reference	lookinfo-producer	0x4085f0	0x40a07e	je	0x40a184
reference	lookinfo-producer	0x4085f0	0x40a08f	jmp	0x40a18d
reference	lookinfo-producer	0x4085f0	0x40a09a	jge	0x40a0a3
reference	lookinfo-producer	0x4085f0	0x40a0a9	jge	0x40a0b2
reference	lookinfo-producer	0x4085f0	0x40a164	je	0x40a176
reference	lookinfo-producer	0x4085f0	0x40a171	jmp	0x409f52
reference	lookinfo-producer	0x4085f0	0x40a17f	jmp	0x409f52
reference	lookinfo-producer	0x4085f0	0x40a1b6	jb	0x409f80
reference	adventure-look-renderer	0x7f3cb0	0x7f3d6f	jbe	0x7f6ab9
reference	adventure-look-renderer	0x7f3cb0	0x7f3d7c	jg	0x7f3d8e
reference	adventure-look-renderer	0x7f3cb0	0x7f3d85	jne	0x7f3dc4
reference	adventure-look-renderer	0x7f3cb0	0x7f3dbf	jmp	0x7f6ac1
reference	adventure-look-renderer	0x7f3cb0	0x7f3dcd	je	0x7f3d8e
reference	adventure-look-renderer	0x7f3cb0	0x7f3dd1	jne	0x7f3d8e
reference	adventure-look-renderer	0x7f3cb0	0x7f3de8	je	0x7f3e38
reference	adventure-look-renderer	0x7f3cb0	0x7f3e33	jmp	0x7f6ac1
reference	adventure-look-renderer	0x7f3cb0	0x7f3e3f	jne	0x7f6ac1
reference	adventure-look-renderer	0x7f3cb0	0x7f3e82	je	0x7f3ea2
reference	adventure-look-renderer	0x7f3cb0	0x7f3e9c	jne	0x7f6ac1
reference	adventure-look-renderer	0x7f3cb0	0x7f3ead	jne	0x7f53e6
reference	adventure-look-renderer	0x7f3cb0	0x7f3ece	jbe	0x7f3f8a
reference	adventure-look-renderer	0x7f3cb0	0x7f3f54	jbe	0x7f3f8a
reference	adventure-look-renderer	0x7f3cb0	0x7f3f67	jb	0x7f3f85
reference	adventure-look-renderer	0x7f3cb0	0x7f3f7c	jbe	0x7f3f85
reference	adventure-look-renderer	0x7f3cb0	0x7f3fba	je	0x7f4028
reference	adventure-look-renderer	0x7f3cb0	0x7f3fbf	je	0x7f4016
reference	adventure-look-renderer	0x7f3cb0	0x7f3fc4	je	0x7f3ff6
reference	adventure-look-renderer	0x7f3cb0	0x7f3fc9	jne	0x7f3fed
reference	adventure-look-renderer	0x7f3cb0	0x7f3feb	jmp	0x7f4045
reference	adventure-look-renderer	0x7f3cb0	0x7f3ff4	jmp	0x7f4052
reference	adventure-look-renderer	0x7f3cb0	0x7f4014	jmp	0x7f4045
reference	adventure-look-renderer	0x7f3cb0	0x7f4026	jmp	0x7f403b
reference	adventure-look-renderer	0x7f3cb0	0x7f4065	jge	0x7f406e
reference	adventure-look-renderer	0x7f3cb0	0x7f409a	jge	0x7f53d8
reference	adventure-look-renderer	0x7f3cb0	0x7f40db	jae	0x7f53d8
reference	adventure-look-renderer	0x7f3cb0	0x7f40eb	ja	0x7f53ad
reference	adventure-look-renderer	0x7f3cb0	0x7f40fc	jmp	rcx
reference	adventure-look-renderer	0x7f3cb0	0x7f41a3	jmp	0x7f53ad
reference	adventure-look-renderer	0x7f3cb0	0x7f41bd	je	0x7f53ad
reference	adventure-look-renderer	0x7f3cb0	0x7f423b	jmp	0x7f4190
reference	adventure-look-renderer	0x7f3cb0	0x7f4255	je	0x7f53ad
reference	adventure-look-renderer	0x7f3cb0	0x7f42b5	jmp	0x7f421d
reference	adventure-look-renderer	0x7f3cb0	0x7f42cf	je	0x7f53ad
reference	adventure-look-renderer	0x7f3cb0	0x7f4361	jmp	0x7f4190
reference	adventure-look-renderer	0x7f3cb0	0x7f437b	je	0x7f53ad
reference	adventure-look-renderer	0x7f3cb0	0x7f43f4	jmp	0x7f4190
reference	adventure-look-renderer	0x7f3cb0	0x7f4471	jne	0x7f4226
reference	adventure-look-renderer	0x7f3cb0	0x7f4486	je	0x7f44da
reference	adventure-look-renderer	0x7f3cb0	0x7f44d5	jmp	0x7f418b
reference	adventure-look-renderer	0x7f3cb0	0x7f44e0	ja	0x7f44fc
reference	adventure-look-renderer	0x7f3cb0	0x7f44f7	jmp	0x7f4190
reference	adventure-look-renderer	0x7f3cb0	0x7f44ff	jae	0x7f451c
reference	adventure-look-renderer	0x7f3cb0	0x7f4517	jmp	0x7f4190
reference	adventure-look-renderer	0x7f3cb0	0x7f4523	jae	0x7f4573
reference	adventure-look-renderer	0x7f3cb0	0x7f456e	jmp	0x7f418b
reference	adventure-look-renderer	0x7f3cb0	0x7f45bc	jmp	0x7f418b
reference	adventure-look-renderer	0x7f3cb0	0x7f4635	ja	0x7f4190
reference	adventure-look-renderer	0x7f3cb0	0x7f4646	jmp	rcx
reference	adventure-look-renderer	0x7f3cb0	0x7f4658	jmp	0x7f4190
reference	adventure-look-renderer	0x7f3cb0	0x7f467e	jmp	0x7f4190
reference	adventure-look-renderer	0x7f3cb0	0x7f4693	jmp	0x7f4190
reference	adventure-look-renderer	0x7f3cb0	0x7f46c0	jmp	0x7f4190
reference	adventure-look-renderer	0x7f3cb0	0x7f46d5	jmp	0x7f4190
reference	adventure-look-renderer	0x7f3cb0	0x7f46ea	jmp	0x7f4190
reference	adventure-look-renderer	0x7f3cb0	0x7f4731	jmp	0x7f4190
reference	adventure-look-renderer	0x7f3cb0	0x7f476e	jmp	0x7f4190
reference	adventure-look-renderer	0x7f3cb0	0x7f477a	jmp	0x7f469d
reference	adventure-look-renderer	0x7f3cb0	0x7f478f	jmp	0x7f4190
reference	adventure-look-renderer	0x7f3cb0	0x7f47a4	jmp	0x7f4190
reference	adventure-look-renderer	0x7f3cb0	0x7f47b9	jmp	0x7f4190
reference	adventure-look-renderer	0x7f3cb0	0x7f47ce	jmp	0x7f4190
reference	adventure-look-renderer	0x7f3cb0	0x7f47fe	je	0x7f485b
reference	adventure-look-renderer	0x7f3cb0	0x7f480c	jne	0x7f485b
reference	adventure-look-renderer	0x7f3cb0	0x7f4860	jne	0x7f4190
reference	adventure-look-renderer	0x7f3cb0	0x7f4876	jmp	0x7f4190
reference	adventure-look-renderer	0x7f3cb0	0x7f4905	jmp	0x7f53a8
reference	adventure-look-renderer	0x7f3cb0	0x7f4994	jmp	0x7f53a8
reference	adventure-look-renderer	0x7f3cb0	0x7f4a40	je	0x7f4e04
reference	adventure-look-renderer	0x7f3cb0	0x7f4a49	je	0x7f4bf2
reference	adventure-look-renderer	0x7f3cb0	0x7f4a52	je	0x7f4a69
reference	adventure-look-renderer	0x7f3cb0	0x7f4a57	jne	0x7f4e14
reference	adventure-look-renderer	0x7f3cb0	0x7f4a64	jmp	0x7f4e0b
reference	adventure-look-renderer	0x7f3cb0	0x7f4a7b	je	0x7f4b38
reference	adventure-look-renderer	0x7f3cb0	0x7f4ac7	jne	0x7f4adc
reference	adventure-look-renderer	0x7f3cb0	0x7f4ada	jmp	0x7f4ae0
reference	adventure-look-renderer	0x7f3cb0	0x7f4b3c	je	0x7f4b47
reference	adventure-look-renderer	0x7f3cb0	0x7f4b45	jmp	0x7f4b54
reference	adventure-look-renderer	0x7f3cb0	0x7f4b4b	je	0x7f4b5d
reference	adventure-look-renderer	0x7f3cb0	0x7f4bda	jne	0x7f4be3
reference	adventure-look-renderer	0x7f3cb0	0x7f4bed	jmp	0x7f4df2
reference	adventure-look-renderer	0x7f3cb0	0x7f4c6d	je	0x7f4d31
reference	adventure-look-renderer	0x7f3cb0	0x7f4cbc	jne	0x7f4cd2
reference	adventure-look-renderer	0x7f3cb0	0x7f4cd0	jmp	0x7f4cd7
reference	adventure-look-renderer	0x7f3cb0	0x7f4d35	js	0x7f4dc1
reference	adventure-look-renderer	0x7f3cb0	0x7f4d53	jae	0x7f4dc1
reference	adventure-look-renderer	0x7f3cb0	0x7f4d76	je	0x7f4dc1
reference	adventure-look-renderer	0x7f3cb0	0x7f4ddf	jne	0x7f4de8
reference	adventure-look-renderer	0x7f3cb0	0x7f4e02	jmp	0x7f4e18
reference	adventure-look-renderer	0x7f3cb0	0x7f4e37	je	0x7f4ea3
reference	adventure-look-renderer	0x7f3cb0	0x7f4e52	jmp	rcx
reference	adventure-look-renderer	0x7f3cb0	0x7f4e5b	jmp	0x7f4e9a
reference	adventure-look-renderer	0x7f3cb0	0x7f4e64	jmp	0x7f4e9a
reference	adventure-look-renderer	0x7f3cb0	0x7f4e6d	jmp	0x7f4e9a
reference	adventure-look-renderer	0x7f3cb0	0x7f4e76	jmp	0x7f4e9a
reference	adventure-look-renderer	0x7f3cb0	0x7f4e7f	jmp	0x7f4e9a
reference	adventure-look-renderer	0x7f3cb0	0x7f4e88	jmp	0x7f4e9a
reference	adventure-look-renderer	0x7f3cb0	0x7f4e91	jmp	0x7f4e9a
reference	adventure-look-renderer	0x7f3cb0	0x7f4eb2	je	0x7f4ec4
reference	adventure-look-renderer	0x7f3cb0	0x7f4ed8	jmp	0x7f53a4
reference	adventure-look-renderer	0x7f3cb0	0x7f4f51	je	0x7f4f7f
reference	adventure-look-renderer	0x7f3cb0	0x7f4f56	je	0x7f4f82
reference	adventure-look-renderer	0x7f3cb0	0x7f4f7d	jmp	0x7f4ff5
reference	adventure-look-renderer	0x7f3cb0	0x7f4f88	je	0x7f4fad
reference	adventure-look-renderer	0x7f3cb0	0x7f4fab	jmp	0x7f4ff5
reference	adventure-look-renderer	0x7f3cb0	0x7f4faf	je	0x7f4fd4
reference	adventure-look-renderer	0x7f3cb0	0x7f4fd2	jmp	0x7f4ff5
reference	adventure-look-renderer	0x7f3cb0	0x7f5066	jmp	0x7f53a8
reference	adventure-look-renderer	0x7f3cb0	0x7f50f7	jb	0x7f511c
reference	adventure-look-renderer	0x7f3cb0	0x7f511a	jmp	0x7f513d
reference	adventure-look-renderer	0x7f3cb0	0x7f51ae	jmp	0x7f53a8
reference	adventure-look-renderer	0x7f3cb0	0x7f51b7	je	0x7f51c5
reference	adventure-look-renderer	0x7f3cb0	0x7f51c3	jmp	0x7f51e4
reference	adventure-look-renderer	0x7f3cb0	0x7f5257	je	0x7f52b1
reference	adventure-look-renderer	0x7f3cb0	0x7f52ac	jmp	0x7f5390
reference	adventure-look-renderer	0x7f3cb0	0x7f52bc	je	0x7f5307
reference	adventure-look-renderer	0x7f3cb0	0x7f52c1	je	0x7f52dd
reference	adventure-look-renderer	0x7f3cb0	0x7f52c6	je	0x7f52d4
reference	adventure-look-renderer	0x7f3cb0	0x7f52cb	je	0x7f531f
reference	adventure-look-renderer	0x7f3cb0	0x7f52d0	je	0x7f5316
reference	adventure-look-renderer	0x7f3cb0	0x7f52d2	jmp	0x7f5338
reference	adventure-look-renderer	0x7f3cb0	0x7f52db	jmp	0x7f532f
reference	adventure-look-renderer	0x7f3cb0	0x7f52e0	je	0x7f52fe
reference	adventure-look-renderer	0x7f3cb0	0x7f52e5	je	0x7f52f5
reference	adventure-look-renderer	0x7f3cb0	0x7f52ea	jne	0x7f5338
reference	adventure-look-renderer	0x7f3cb0	0x7f52f3	jmp	0x7f532f
reference	adventure-look-renderer	0x7f3cb0	0x7f52fc	jmp	0x7f532f
reference	adventure-look-renderer	0x7f3cb0	0x7f5305	jmp	0x7f532f
reference	adventure-look-renderer	0x7f3cb0	0x7f530a	je	0x7f5328
reference	adventure-look-renderer	0x7f3cb0	0x7f530f	je	0x7f531f
reference	adventure-look-renderer	0x7f3cb0	0x7f5314	jne	0x7f5338
reference	adventure-look-renderer	0x7f3cb0	0x7f531d	jmp	0x7f532f
reference	adventure-look-renderer	0x7f3cb0	0x7f5326	jmp	0x7f532f
reference	adventure-look-renderer	0x7f3cb0	0x7f53d2	jl	0x7f40c0
reference	adventure-look-renderer	0x7f3cb0	0x7f53e1	jmp	0x7f6ac1
reference	adventure-look-renderer	0x7f3cb0	0x7f53f2	je	0x7f5e34
reference	adventure-look-renderer	0x7f3cb0	0x7f5408	jne	0x7f5429
reference	adventure-look-renderer	0x7f3cb0	0x7f540d	je	0x7f5429
reference	adventure-look-renderer	0x7f3cb0	0x7f543a	je	0x7f5987
reference	adventure-look-renderer	0x7f3cb0	0x7f5443	je	0x7f5837
reference	adventure-look-renderer	0x7f3cb0	0x7f547d	je	0x7f5837
reference	adventure-look-renderer	0x7f3cb0	0x7f548a	je	0x7f5837
reference	adventure-look-renderer	0x7f3cb0	0x7f54bc	je	0x7f54db
reference	adventure-look-renderer	0x7f3cb0	0x7f54e4	je	0x7f554c
reference	adventure-look-renderer	0x7f3cb0	0x7f54f4	je	0x7f5506
reference	adventure-look-renderer	0x7f3cb0	0x7f5504	jmp	0x7f5509
reference	adventure-look-renderer	0x7f3cb0	0x7f550b	je	0x7f554c
reference	adventure-look-renderer	0x7f3cb0	0x7f556a	je	0x7f55af
reference	adventure-look-renderer	0x7f3cb0	0x7f55b8	jne	0x7f55cb
reference	adventure-look-renderer	0x7f3cb0	0x7f55c9	je	0x7f55d2
reference	adventure-look-renderer	0x7f3cb0	0x7f5663	je	0x7f56c7
reference	adventure-look-renderer	0x7f3cb0	0x7f567b	je	0x7f5686
reference	adventure-look-renderer	0x7f3cb0	0x7f5684	jne	0x7f56bd
reference	adventure-look-renderer	0x7f3cb0	0x7f5689	jne	0x7f56bd
reference	adventure-look-renderer	0x7f3cb0	0x7f56b2	jb	0x7f56cd
reference	adventure-look-renderer	0x7f3cb0	0x7f56b9	jne	0x7f56cd
reference	adventure-look-renderer	0x7f3cb0	0x7f56bb	jmp	0x7f56c7
reference	adventure-look-renderer	0x7f3cb0	0x7f56cb	jne	0x7f56d9
reference	adventure-look-renderer	0x7f3cb0	0x7f56d4	jmp	0x7f57f3
reference	adventure-look-renderer	0x7f3cb0	0x7f56eb	jle	0x7f56f6
reference	adventure-look-renderer	0x7f3cb0	0x7f56f4	jmp	0x7f572b
reference	adventure-look-renderer	0x7f3cb0	0x7f56f9	jl	0x7f5704
reference	adventure-look-renderer	0x7f3cb0	0x7f5702	jmp	0x7f572b
reference	adventure-look-renderer	0x7f3cb0	0x7f5707	jl	0x7f5712
reference	adventure-look-renderer	0x7f3cb0	0x7f5710	jmp	0x7f572b
reference	adventure-look-renderer	0x7f3cb0	0x7f5715	jl	0x7f5720
reference	adventure-look-renderer	0x7f3cb0	0x7f571e	jmp	0x7f572b
reference	adventure-look-renderer	0x7f3cb0	0x7f5722	js	0x7f5734
reference	adventure-look-renderer	0x7f3cb0	0x7f5748	ja	0x7f57fc
reference	adventure-look-renderer	0x7f3cb0	0x7f5760	jmp	rax
reference	adventure-look-renderer	0x7f3cb0	0x7f5769	jmp	0x7f57f3
reference	adventure-look-renderer	0x7f3cb0	0x7f5775	jmp	0x7f57f3
reference	adventure-look-renderer	0x7f3cb0	0x7f577e	jmp	0x7f57f3
reference	adventure-look-renderer	0x7f3cb0	0x7f5787	jmp	0x7f57f3
reference	adventure-look-renderer	0x7f3cb0	0x7f5790	jmp	0x7f57f3
reference	adventure-look-renderer	0x7f3cb0	0x7f5799	jmp	0x7f57f3
reference	adventure-look-renderer	0x7f3cb0	0x7f57a2	jmp	0x7f57f3
reference	adventure-look-renderer	0x7f3cb0	0x7f57ab	jmp	0x7f57f3
reference	adventure-look-renderer	0x7f3cb0	0x7f57b4	jmp	0x7f57f3
reference	adventure-look-renderer	0x7f3cb0	0x7f57bd	jmp	0x7f57f3
reference	adventure-look-renderer	0x7f3cb0	0x7f57c6	jmp	0x7f57f3
reference	adventure-look-renderer	0x7f3cb0	0x7f57cf	jmp	0x7f57f3
reference	adventure-look-renderer	0x7f3cb0	0x7f57d8	jmp	0x7f57f3
reference	adventure-look-renderer	0x7f3cb0	0x7f57e1	jmp	0x7f57f3
reference	adventure-look-renderer	0x7f3cb0	0x7f57ea	jmp	0x7f57f3
reference	adventure-look-renderer	0x7f3cb0	0x7f5852	je	0x7f5e24
reference	adventure-look-renderer	0x7f3cb0	0x7f5865	js	0x7f5945
reference	adventure-look-renderer	0x7f3cb0	0x7f5877	jl	0x7f592b
reference	adventure-look-renderer	0x7f3cb0	0x7f58a1	jne	0x7f58cb
reference	adventure-look-renderer	0x7f3cb0	0x7f58a6	jne	0x7f58b0
reference	adventure-look-renderer	0x7f3cb0	0x7f58ae	jmp	0x7f5915
reference	adventure-look-renderer	0x7f3cb0	0x7f58b9	jne	0x7f58c3
reference	adventure-look-renderer	0x7f3cb0	0x7f58c1	jmp	0x7f591c
reference	adventure-look-renderer	0x7f3cb0	0x7f58c9	jmp	0x7f591c
reference	adventure-look-renderer	0x7f3cb0	0x7f58ce	jne	0x7f58f8
reference	adventure-look-renderer	0x7f3cb0	0x7f58d3	jne	0x7f58dd
reference	adventure-look-renderer	0x7f3cb0	0x7f58db	jmp	0x7f5915
reference	adventure-look-renderer	0x7f3cb0	0x7f58e6	jne	0x7f58f0
reference	adventure-look-renderer	0x7f3cb0	0x7f58ee	jmp	0x7f591c
reference	adventure-look-renderer	0x7f3cb0	0x7f58f6	jmp	0x7f591c
reference	adventure-look-renderer	0x7f3cb0	0x7f58fb	jne	0x7f5905
reference	adventure-look-renderer	0x7f3cb0	0x7f5903	jmp	0x7f5915
reference	adventure-look-renderer	0x7f3cb0	0x7f590d	je	0x7f5915
reference	adventure-look-renderer	0x7f3cb0	0x7f5925	jle	0x7f5880
reference	adventure-look-renderer	0x7f3cb0	0x7f5931	jle	0x7f5870
reference	adventure-look-renderer	0x7f3cb0	0x7f5957	jae	0x7f5e24
reference	adventure-look-renderer	0x7f3cb0	0x7f5985	jmp	0x7f5954
reference	adventure-look-renderer	0x7f3cb0	0x7f598d	je	0x7f5df1
reference	adventure-look-renderer	0x7f3cb0	0x7f59a0	jne	0x7f59d5
reference	adventure-look-renderer	0x7f3cb0	0x7f59aa	jg	0x7f5a4f
reference	adventure-look-renderer	0x7f3cb0	0x7f59b8	jl	0x7f5a4f
reference	adventure-look-renderer	0x7f3cb0	0x7f59c8	jl	0x7f5d80
reference	adventure-look-renderer	0x7f3cb0	0x7f5a30	jne	0x7f5a81
reference	adventure-look-renderer	0x7f3cb0	0x7f5a36	jne	0x7f5a5a
reference	adventure-look-renderer	0x7f3cb0	0x7f5a3c	jne	0x7f5a81
reference	adventure-look-renderer	0x7f3cb0	0x7f5a4d	jmp	0x7f5a75
reference	adventure-look-renderer	0x7f3cb0	0x7f5a55	jmp	0x7f5d80
reference	adventure-look-renderer	0x7f3cb0	0x7f5a5e	jne	0x7f5a81
reference	adventure-look-renderer	0x7f3cb0	0x7f5a64	jne	0x7f5a81
reference	adventure-look-renderer	0x7f3cb0	0x7f5a78	je	0x7f5a81
reference	adventure-look-renderer	0x7f3cb0	0x7f5a88	je	0x7f5b89
reference	adventure-look-renderer	0x7f3cb0	0x7f5aa7	jle	0x7f5ab1
reference	adventure-look-renderer	0x7f3cb0	0x7f5aaf	jmp	0x7f5aba
reference	adventure-look-renderer	0x7f3cb0	0x7f5ab4	js	0x7f5c99
reference	adventure-look-renderer	0x7f3cb0	0x7f5ac4	jg	0x7f5b78
reference	adventure-look-renderer	0x7f3cb0	0x7f5af1	jne	0x7f5b1a
reference	adventure-look-renderer	0x7f3cb0	0x7f5af5	jne	0x7f5aff
reference	adventure-look-renderer	0x7f3cb0	0x7f5afd	jmp	0x7f5b62
reference	adventure-look-renderer	0x7f3cb0	0x7f5b08	jne	0x7f5b12
reference	adventure-look-renderer	0x7f3cb0	0x7f5b10	jmp	0x7f5b69
reference	adventure-look-renderer	0x7f3cb0	0x7f5b18	jmp	0x7f5b69
reference	adventure-look-renderer	0x7f3cb0	0x7f5b1d	jne	0x7f5b46
reference	adventure-look-renderer	0x7f3cb0	0x7f5b21	jne	0x7f5b2b
reference	adventure-look-renderer	0x7f3cb0	0x7f5b29	jmp	0x7f5b62
reference	adventure-look-renderer	0x7f3cb0	0x7f5b34	jne	0x7f5b3e
reference	adventure-look-renderer	0x7f3cb0	0x7f5b3c	jmp	0x7f5b69
reference	adventure-look-renderer	0x7f3cb0	0x7f5b44	jmp	0x7f5b69
reference	adventure-look-renderer	0x7f3cb0	0x7f5b48	jne	0x7f5b52
reference	adventure-look-renderer	0x7f3cb0	0x7f5b50	jmp	0x7f5b62
reference	adventure-look-renderer	0x7f3cb0	0x7f5b5a	je	0x7f5b62
reference	adventure-look-renderer	0x7f3cb0	0x7f5b72	jle	0x7f5ad0
reference	adventure-look-renderer	0x7f3cb0	0x7f5b7e	jle	0x7f5ac0
reference	adventure-look-renderer	0x7f3cb0	0x7f5b84	jmp	0x7f5c94
reference	adventure-look-renderer	0x7f3cb0	0x7f5bb5	je	0x7f5bbb
reference	adventure-look-renderer	0x7f3cb0	0x7f5bc1	jg	0x7f5c94
reference	adventure-look-renderer	0x7f3cb0	0x7f5bd4	jg	0x7f5c88
reference	adventure-look-renderer	0x7f3cb0	0x7f5c01	jne	0x7f5c2a
reference	adventure-look-renderer	0x7f3cb0	0x7f5c05	jne	0x7f5c0f
reference	adventure-look-renderer	0x7f3cb0	0x7f5c0d	jmp	0x7f5c72
reference	adventure-look-renderer	0x7f3cb0	0x7f5c18	jne	0x7f5c22
reference	adventure-look-renderer	0x7f3cb0	0x7f5c20	jmp	0x7f5c79
reference	adventure-look-renderer	0x7f3cb0	0x7f5c28	jmp	0x7f5c79
reference	adventure-look-renderer	0x7f3cb0	0x7f5c2d	jne	0x7f5c56
reference	adventure-look-renderer	0x7f3cb0	0x7f5c31	jne	0x7f5c3b
reference	adventure-look-renderer	0x7f3cb0	0x7f5c39	jmp	0x7f5c72
reference	adventure-look-renderer	0x7f3cb0	0x7f5c44	jne	0x7f5c4e
reference	adventure-look-renderer	0x7f3cb0	0x7f5c4c	jmp	0x7f5c79
reference	adventure-look-renderer	0x7f3cb0	0x7f5c54	jmp	0x7f5c79
reference	adventure-look-renderer	0x7f3cb0	0x7f5c58	jne	0x7f5c62
reference	adventure-look-renderer	0x7f3cb0	0x7f5c60	jmp	0x7f5c72
reference	adventure-look-renderer	0x7f3cb0	0x7f5c6a	je	0x7f5c72
reference	adventure-look-renderer	0x7f3cb0	0x7f5c82	jle	0x7f5be0
reference	adventure-look-renderer	0x7f3cb0	0x7f5c8e	jle	0x7f5bd0
reference	adventure-look-renderer	0x7f3cb0	0x7f5cb3	jae	0x7f5cec
reference	adventure-look-renderer	0x7f3cb0	0x7f5cc6	jne	0x7f5ccb
reference	adventure-look-renderer	0x7f3cb0	0x7f5cea	jmp	0x7f5cb0
reference	adventure-look-renderer	0x7f3cb0	0x7f5cf3	je	0x7f5d7a
reference	adventure-look-renderer	0x7f3cb0	0x7f5d0d	jne	0x7f5d12
reference	adventure-look-renderer	0x7f3cb0	0x7f5d89	jne	0x7f5da4
reference	adventure-look-renderer	0x7f3cb0	0x7f5d92	jne	0x7f5da4
reference	adventure-look-renderer	0x7f3cb0	0x7f5d9a	jne	0x7f5da4
reference	adventure-look-renderer	0x7f3cb0	0x7f5da2	je	0x7f5dd3
reference	adventure-look-renderer	0x7f3cb0	0x7f5dc5	jge	0x7f5dd3
reference	adventure-look-renderer	0x7f3cb0	0x7f5dda	je	0x7f6ac1
reference	adventure-look-renderer	0x7f3cb0	0x7f5dec	jmp	0x7f6ac1
reference	adventure-look-renderer	0x7f3cb0	0x7f5df8	je	0x7f5d80
reference	adventure-look-renderer	0x7f3cb0	0x7f5e08	jg	0x7f5e18
reference	adventure-look-renderer	0x7f3cb0	0x7f5e12	jge	0x7f5d80
reference	adventure-look-renderer	0x7f3cb0	0x7f5e1f	jmp	0x7f5d80
reference	adventure-look-renderer	0x7f3cb0	0x7f5e2f	jmp	0x7f5d80
reference	adventure-look-renderer	0x7f3cb0	0x7f5e81	jge	0x7f5e8a
reference	adventure-look-renderer	0x7f3cb0	0x7f5e92	jge	0x7f5e9b
reference	adventure-look-renderer	0x7f3cb0	0x7f5ecd	je	0x7f67bf
reference	adventure-look-renderer	0x7f3cb0	0x7f5ed6	je	0x7f6370
reference	adventure-look-renderer	0x7f3cb0	0x7f5edf	je	0x7f5f85
reference	adventure-look-renderer	0x7f3cb0	0x7f5ee8	jne	0x7f6890
reference	adventure-look-renderer	0x7f3cb0	0x7f5f80	jmp	0x7f688b
reference	adventure-look-renderer	0x7f3cb0	0x7f5fee	je	0x7f60f0
reference	adventure-look-renderer	0x7f3cb0	0x7f6038	jne	0x7f6049
reference	adventure-look-renderer	0x7f3cb0	0x7f6047	jmp	0x7f6052
reference	adventure-look-renderer	0x7f3cb0	0x7f6055	jne	0x7f6060
reference	adventure-look-renderer	0x7f3cb0	0x7f605e	jmp	0x7f6086
reference	adventure-look-renderer	0x7f3cb0	0x7f6068	jne	0x7f6073
reference	adventure-look-renderer	0x7f3cb0	0x7f6071	jmp	0x7f6086
reference	adventure-look-renderer	0x7f3cb0	0x7f607d	jne	0x7f608f
reference	adventure-look-renderer	0x7f3cb0	0x7f60ee	jmp	0x7f612d
reference	adventure-look-renderer	0x7f3cb0	0x7f60f3	jne	0x7f60fe
reference	adventure-look-renderer	0x7f3cb0	0x7f60fc	jmp	0x7f6124
reference	adventure-look-renderer	0x7f3cb0	0x7f6106	jne	0x7f6111
reference	adventure-look-renderer	0x7f3cb0	0x7f610f	jmp	0x7f6124
reference	adventure-look-renderer	0x7f3cb0	0x7f611b	jne	0x7f612d
reference	adventure-look-renderer	0x7f3cb0	0x7f6132	je	0x7f613d
reference	adventure-look-renderer	0x7f3cb0	0x7f613b	jmp	0x7f6148
reference	adventure-look-renderer	0x7f3cb0	0x7f613f	je	0x7f6151
reference	adventure-look-renderer	0x7f3cb0	0x7f61d4	je	0x7f61e7
reference	adventure-look-renderer	0x7f3cb0	0x7f61e2	jmp	0x7f62d9
reference	adventure-look-renderer	0x7f3cb0	0x7f6243	jne	0x7f628b
reference	adventure-look-renderer	0x7f3cb0	0x7f62e9	jbe	0x7f62f2
reference	adventure-look-renderer	0x7f3cb0	0x7f6321	jbe	0x7f6357
reference	adventure-look-renderer	0x7f3cb0	0x7f6334	jb	0x7f6352
reference	adventure-look-renderer	0x7f3cb0	0x7f6349	jbe	0x7f6352
reference	adventure-look-renderer	0x7f3cb0	0x7f636b	jmp	0x7f688b
reference	adventure-look-renderer	0x7f3cb0	0x7f63a8	js	0x7f63fd
reference	adventure-look-renderer	0x7f3cb0	0x7f63c6	jae	0x7f63fd
reference	adventure-look-renderer	0x7f3cb0	0x7f63cb	js	0x7f63fd
reference	adventure-look-renderer	0x7f3cb0	0x7f63ea	jae	0x7f63fd
reference	adventure-look-renderer	0x7f3cb0	0x7f63fb	jmp	0x7f6401
reference	adventure-look-renderer	0x7f3cb0	0x7f647d	je	0x7f6573
reference	adventure-look-renderer	0x7f3cb0	0x7f64cf	jne	0x7f64db
reference	adventure-look-renderer	0x7f3cb0	0x7f64d9	jmp	0x7f64df
reference	adventure-look-renderer	0x7f3cb0	0x7f64f7	jne	0x7f6502
reference	adventure-look-renderer	0x7f3cb0	0x7f6500	jmp	0x7f651d
reference	adventure-look-renderer	0x7f3cb0	0x7f6505	jne	0x7f6510
reference	adventure-look-renderer	0x7f3cb0	0x7f650e	jmp	0x7f651d
reference	adventure-look-renderer	0x7f3cb0	0x7f6514	jne	0x7f6526
reference	adventure-look-renderer	0x7f3cb0	0x7f657c	js	0x7f665e
reference	adventure-look-renderer	0x7f3cb0	0x7f65a1	jae	0x7f665e
reference	adventure-look-renderer	0x7f3cb0	0x7f65cc	je	0x7f665e
reference	adventure-look-renderer	0x7f3cb0	0x7f65d9	jne	0x7f6623
reference	adventure-look-renderer	0x7f3cb0	0x7f65ef	jne	0x7f65fe
reference	adventure-look-renderer	0x7f3cb0	0x7f65fc	jmp	0x7f662a
reference	adventure-look-renderer	0x7f3cb0	0x7f6601	jne	0x7f6610
reference	adventure-look-renderer	0x7f3cb0	0x7f660e	jmp	0x7f662a
reference	adventure-look-renderer	0x7f3cb0	0x7f6614	jne	0x7f662f
reference	adventure-look-renderer	0x7f3cb0	0x7f6621	jmp	0x7f662a
reference	adventure-look-renderer	0x7f3cb0	0x7f6667	je	0x7f667a
reference	adventure-look-renderer	0x7f3cb0	0x7f6675	jmp	0x7f676c
reference	adventure-look-renderer	0x7f3cb0	0x7f66d6	jne	0x7f671e
reference	adventure-look-renderer	0x7f3cb0	0x7f677c	jbe	0x7f6785
reference	adventure-look-renderer	0x7f3cb0	0x7f67ba	jmp	0x7f688b
reference	adventure-look-renderer	0x7f3cb0	0x7f67e5	jne	0x7f680a
reference	adventure-look-renderer	0x7f3cb0	0x7f6808	jmp	0x7f6887
reference	adventure-look-renderer	0x7f3cb0	0x7f6812	jne	0x7f6837
reference	adventure-look-renderer	0x7f3cb0	0x7f6835	jmp	0x7f6887
reference	adventure-look-renderer	0x7f3cb0	0x7f6841	jne	0x7f6866
reference	adventure-look-renderer	0x7f3cb0	0x7f6864	jmp	0x7f6887
reference	adventure-look-renderer	0x7f3cb0	0x7f6895	je	0x7f6a2a
reference	adventure-look-renderer	0x7f3cb0	0x7f68dd	jmp	rcx
reference	adventure-look-renderer	0x7f3cb0	0x7f6904	jmp	0x7f6a21
reference	adventure-look-renderer	0x7f3cb0	0x7f692e	jmp	0x7f6a21
reference	adventure-look-renderer	0x7f3cb0	0x7f6958	jmp	0x7f6a21
reference	adventure-look-renderer	0x7f3cb0	0x7f6982	jmp	0x7f6a21
reference	adventure-look-renderer	0x7f3cb0	0x7f69ac	jmp	0x7f6a21
reference	adventure-look-renderer	0x7f3cb0	0x7f69d3	jmp	0x7f6a21
reference	adventure-look-renderer	0x7f3cb0	0x7f69fa	jmp	0x7f6a21
reference	adventure-look-renderer	0x7f3cb0	0x7f6a2f	je	0x7f6ac1
reference	adventure-look-renderer	0x7f3cb0	0x7f6ab7	jmp	0x7f6ac1
reference	material-noun	0x14d1920	0x14d1965	jbe	0x14d196a
reference	material-noun	0x14d1920	0x14d1970	jne	0x14d1b29
reference	material-noun	0x14d1920	0x14d197f	je	0x14d199d
reference	material-noun	0x14d1920	0x14d1998	jmp	0x14d1d5b
reference	material-noun	0x14d1920	0x14d19a1	jae	0x14d19bf
reference	material-noun	0x14d1920	0x14d19ba	jmp	0x14d1d5b
reference	material-noun	0x14d1920	0x14d19c1	jne	0x14d1aef
reference	material-noun	0x14d1920	0x14d19c9	je	0x14d19e7
reference	material-noun	0x14d1920	0x14d19e2	jmp	0x14d1d5b
reference	material-noun	0x14d1920	0x14d19e9	je	0x14d1a07
reference	material-noun	0x14d1920	0x14d1a02	jmp	0x14d1d5b
reference	material-noun	0x14d1920	0x14d1a09	je	0x14d1a27
reference	material-noun	0x14d1920	0x14d1a22	jmp	0x14d1d5b
reference	material-noun	0x14d1920	0x14d1a29	je	0x14d1a47
reference	material-noun	0x14d1920	0x14d1a42	jmp	0x14d1d5b
reference	material-noun	0x14d1920	0x14d1a49	je	0x14d1a67
reference	material-noun	0x14d1920	0x14d1a62	jmp	0x14d1d5b
reference	material-noun	0x14d1920	0x14d1a6b	jae	0x14d1a89
reference	material-noun	0x14d1920	0x14d1a84	jmp	0x14d1d5b
reference	material-noun	0x14d1920	0x14d1a8d	jae	0x14d1aab
reference	material-noun	0x14d1920	0x14d1aa6	jmp	0x14d1d5b
reference	material-noun	0x14d1920	0x14d1aaf	jae	0x14d1acd
reference	material-noun	0x14d1920	0x14d1ac8	jmp	0x14d1d5b
reference	material-noun	0x14d1920	0x14d1ad1	jae	0x14d1b29
reference	material-noun	0x14d1920	0x14d1aea	jmp	0x14d1d5b
reference	material-noun	0x14d1920	0x14d1b24	jmp	0x14d1d5b
reference	material-noun	0x14d1920	0x14d1b3d	ja	0x14d1cb5
reference	material-noun	0x14d1920	0x14d1b5b	je	0x14d1cb5
reference	material-noun	0x14d1920	0x14d1b64	je	0x14d1cb5
reference	material-noun	0x14d1920	0x14d1b71	js	0x14d1cb5
reference	material-noun	0x14d1920	0x14d1b93	je	0x14d1baf
reference	material-noun	0x14d1920	0x14d1ba8	jle	0x14d1b80
reference	material-noun	0x14d1920	0x14d1baa	jmp	0x14d1cb5
reference	material-noun	0x14d1920	0x14d1bb2	je	0x14d1cb5
reference	material-noun	0x14d1920	0x14d1bbf	je	0x14d1cb5
reference	material-noun	0x14d1920	0x14d1beb	je	0x14d1c19
reference	material-noun	0x14d1920	0x14d1bf4	je	0x14d1c19
reference	material-noun	0x14d1920	0x14d1bfc	je	0x14d1c19
reference	material-noun	0x14d1920	0x14d1c0d	je	0x14d1c19
reference	material-noun	0x14d1920	0x14d1c17	jmp	0x14d1c1d
reference	material-noun	0x14d1920	0x14d1c20	je	0x14d1c45
reference	material-noun	0x14d1920	0x14d1c26	je	0x14d1c45
reference	material-noun	0x14d1920	0x14d1c7e	jbe	0x14d1cb5
reference	material-noun	0x14d1920	0x14d1c92	jb	0x14d1cb0
reference	material-noun	0x14d1920	0x14d1ca7	jbe	0x14d1cb0
reference	material-noun	0x14d1920	0x14d1cca	je	0x14d1d44
reference	material-noun	0x14d1920	0x14d1cd4	je	0x14d1d08
reference	material-noun	0x14d1920	0x14d1ce6	jbe	0x14d1ceb
reference	material-noun	0x14d1920	0x14d1d1e	jne	0x14d1d27
reference	material-noun	0x14d1920	0x14d1d33	jbe	0x14d1d38
reference	material-noun	0x14d1920	0x14d1d42	jmp	0x14d1d5b
reference	grass-event-lookup	0x14d1330	0x14d134c	js	0x14d1428
reference	grass-event-lookup	0x14d1330	0x14d1359	jge	0x14d1428
reference	grass-event-lookup	0x14d1330	0x14d1362	js	0x14d1428
reference	grass-event-lookup	0x14d1330	0x14d136e	jge	0x14d1428
reference	grass-event-lookup	0x14d1330	0x14d1378	js	0x14d1428
reference	grass-event-lookup	0x14d1330	0x14d1388	jge	0x14d1428
reference	grass-event-lookup	0x14d1330	0x14d1398	je	0x14d1428
reference	grass-event-lookup	0x14d1330	0x14d13bf	je	0x14d1428
reference	grass-event-lookup	0x14d1330	0x14d13d6	jae	0x14d1408
reference	grass-event-lookup	0x14d1330	0x14d13e7	jne	0x14d1402
reference	grass-event-lookup	0x14d1330	0x14d1400	ja	0x14d140a
reference	grass-event-lookup	0x14d1330	0x14d1406	jmp	0x14d13d3
reference	construction-material	0xa46f20	0xa46f7b	je	0xa475e7
reference	construction-material	0xa46f20	0xa46fb3	jne	0xa46fcb
reference	construction-material	0xa46f20	0xa46fe6	je	0xa472b7
reference	construction-material	0xa46f20	0xa46ff6	jne	0xa47006
reference	construction-material	0xa46f20	0xa47000	je	0xa4729c
reference	construction-material	0xa46f20	0xa4702b	ja	0xa471a8
reference	construction-material	0xa46f20	0xa47049	je	0xa471a8
reference	construction-material	0xa46f20	0xa47052	je	0xa471a8
reference	construction-material	0xa46f20	0xa4705f	js	0xa471a8
reference	construction-material	0xa46f20	0xa47083	je	0xa4709f
reference	construction-material	0xa46f20	0xa47098	jle	0xa47070
reference	construction-material	0xa46f20	0xa4709a	jmp	0xa471a8
reference	construction-material	0xa46f20	0xa470a2	je	0xa471a8
reference	construction-material	0xa46f20	0xa470af	je	0xa471a8
reference	construction-material	0xa46f20	0xa470db	je	0xa47109
reference	construction-material	0xa46f20	0xa470e4	je	0xa47109
reference	construction-material	0xa46f20	0xa470ec	je	0xa47109
reference	construction-material	0xa46f20	0xa470fd	je	0xa47109
reference	construction-material	0xa46f20	0xa47107	jmp	0xa4710d
reference	construction-material	0xa46f20	0xa47110	je	0xa47132
reference	construction-material	0xa46f20	0xa47116	je	0xa47132
reference	construction-material	0xa46f20	0xa4716a	jbe	0xa471a0
reference	construction-material	0xa46f20	0xa4717d	jb	0xa4719b
reference	construction-material	0xa46f20	0xa47192	jbe	0xa4719b
reference	construction-material	0xa46f20	0xa471c1	je	0xa47218
reference	construction-material	0xa46f20	0xa471cb	je	0xa47201
reference	construction-material	0xa46f20	0xa471dd	jbe	0xa471e2
reference	construction-material	0xa46f20	0xa47211	jbe	0xa4721e
reference	construction-material	0xa46f20	0xa47216	jmp	0xa4721e
reference	construction-material	0xa46f20	0xa47261	jbe	0xa47297
reference	construction-material	0xa46f20	0xa47274	jb	0xa47292
reference	construction-material	0xa46f20	0xa47289	jbe	0xa47292
reference	construction-material	0xa46f20	0xa472e1	ja	0xa47455
reference	construction-material	0xa46f20	0xa472ff	je	0xa47455
reference	construction-material	0xa46f20	0xa47308	je	0xa47455
reference	construction-material	0xa46f20	0xa47315	js	0xa47455
reference	construction-material	0xa46f20	0xa47333	je	0xa4734f
reference	construction-material	0xa46f20	0xa47348	jle	0xa47320
reference	construction-material	0xa46f20	0xa4734a	jmp	0xa47455
reference	construction-material	0xa46f20	0xa47352	je	0xa47455
reference	construction-material	0xa46f20	0xa4735f	je	0xa47455
reference	construction-material	0xa46f20	0xa4738b	je	0xa473b9
reference	construction-material	0xa46f20	0xa47394	je	0xa473b9
reference	construction-material	0xa46f20	0xa4739c	je	0xa473b9
reference	construction-material	0xa46f20	0xa473ad	je	0xa473b9
reference	construction-material	0xa46f20	0xa473b7	jmp	0xa473bd
reference	construction-material	0xa46f20	0xa473c0	je	0xa473e2
reference	construction-material	0xa46f20	0xa473c6	je	0xa473e2
reference	construction-material	0xa46f20	0xa4741c	jbe	0xa47452
reference	construction-material	0xa46f20	0xa4742f	jb	0xa4744d
reference	construction-material	0xa46f20	0xa47444	jbe	0xa4744d
reference	construction-material	0xa46f20	0xa4746e	je	0xa474ca
reference	construction-material	0xa46f20	0xa47478	je	0xa474b0
reference	construction-material	0xa46f20	0xa4748a	jbe	0xa4748f
reference	construction-material	0xa46f20	0xa474c2	jbe	0xa474d0
reference	construction-material	0xa46f20	0xa474c8	jmp	0xa474d0
reference	construction-material	0xa46f20	0xa47502	je	0xa4751d
reference	construction-material	0xa46f20	0xa47507	je	0xa4751d
reference	construction-material	0xa46f20	0xa4750c	jne	0xa47533
reference	construction-material	0xa46f20	0xa4751b	jmp	0xa4752a
reference	construction-material	0xa46f20	0xa47561	jbe	0xa47598
reference	construction-material	0xa46f20	0xa47575	jb	0xa47593
reference	construction-material	0xa46f20	0xa4758a	jbe	0xa47593
reference	construction-material	0xa46f20	0xa475b1	jbe	0xa475e7
reference	construction-material	0xa46f20	0xa475c4	jb	0xa475e2
reference	construction-material	0xa46f20	0xa475d9	jbe	0xa475e2
reference	plant-parts	0x13ffd20	0x13ffd67	je	0x13ffdf1
reference	plant-parts	0x13ffd20	0x13ffd70	je	0x13ffdf1
reference	plant-parts	0x13ffd20	0x13ffd75	je	0x13ffd80
reference	plant-parts	0x13ffd20	0x13ffd7a	jne	0x14001e2
reference	plant-parts	0x13ffd20	0x13ffd88	js	0x14001c9
reference	plant-parts	0x13ffd20	0x13ffda9	jae	0x14001c9
reference	plant-parts	0x13ffd20	0x13ffdbe	je	0x14001c9
reference	plant-parts	0x13ffd20	0x13ffdcd	jbe	0x13ffdd2
reference	plant-parts	0x13ffd20	0x13ffde6	je	0x14001c9
reference	plant-parts	0x13ffd20	0x13ffdec	jmp	0x140018c
reference	plant-parts	0x13ffd20	0x13ffe0b	js	0x14001c9
reference	plant-parts	0x13ffd20	0x13ffe1e	jae	0x1400145
reference	plant-parts	0x13ffd20	0x13ffe2b	je	0x140014b
reference	plant-parts	0x13ffd20	0x13ffe3a	je	0x140014b
reference	plant-parts	0x13ffd20	0x13ffe49	je	0x140014b
reference	plant-parts	0x13ffd20	0x13ffe58	ja	0x14001e2
reference	plant-parts	0x13ffd20	0x13ffe79	jmp	rcx
reference	plant-parts	0x13ffd20	0x13ffe83	jne	0x13ffeb9
reference	plant-parts	0x13ffd20	0x13ffe92	jbe	0x13ffe97
reference	plant-parts	0x13ffd20	0x13ffeb4	jmp	0x14001e2
reference	plant-parts	0x13ffd20	0x13ffec9	jbe	0x13ffece
reference	plant-parts	0x13ffd20	0x13ffed6	jmp	0x14001e2
reference	plant-parts	0x13ffd20	0x13ffee3	jne	0x13fff19
reference	plant-parts	0x13ffd20	0x13ffef2	jbe	0x13ffef7
reference	plant-parts	0x13ffd20	0x13fff14	jmp	0x14001e2
reference	plant-parts	0x13ffd20	0x13fff29	jbe	0x13fff2e
reference	plant-parts	0x13ffd20	0x13fff36	jmp	0x14001e2
reference	plant-parts	0x13ffd20	0x13fff43	jne	0x13fff8e
reference	plant-parts	0x13ffd20	0x13fff67	jbe	0x13fff6c
reference	plant-parts	0x13ffd20	0x13fff89	jmp	0x14001e2
reference	plant-parts	0x13ffd20	0x13fff9e	jbe	0x13fffa3
reference	plant-parts	0x13ffd20	0x13fffab	jmp	0x14001e2
reference	plant-parts	0x13ffd20	0x13fffcd	jne	0x1400003
reference	plant-parts	0x13ffd20	0x13fffdc	jbe	0x13fffe1
reference	plant-parts	0x13ffd20	0x13ffffe	jmp	0x14001e2
reference	plant-parts	0x13ffd20	0x1400013	jbe	0x1400018
reference	plant-parts	0x13ffd20	0x1400020	jmp	0x14001e2
reference	plant-parts	0x13ffd20	0x140002d	jne	0x1400063
reference	plant-parts	0x13ffd20	0x140003c	jbe	0x1400041
reference	plant-parts	0x13ffd20	0x140005e	jmp	0x14001e2
reference	plant-parts	0x13ffd20	0x1400073	jbe	0x1400078
reference	plant-parts	0x13ffd20	0x1400080	jmp	0x14001e2
reference	plant-parts	0x13ffd20	0x140008d	jne	0x14000c3
reference	plant-parts	0x13ffd20	0x140009c	jbe	0x14000a1
reference	plant-parts	0x13ffd20	0x14000be	jmp	0x14001e2
reference	plant-parts	0x13ffd20	0x14000d3	jbe	0x14000d8
reference	plant-parts	0x13ffd20	0x14000e0	jmp	0x14001e2
reference	plant-parts	0x13ffd20	0x14000ed	jne	0x1400123
reference	plant-parts	0x13ffd20	0x14000fc	jbe	0x1400101
reference	plant-parts	0x13ffd20	0x140011e	jmp	0x14001e2
reference	plant-parts	0x13ffd20	0x1400133	jbe	0x1400138
reference	plant-parts	0x13ffd20	0x1400140	jmp	0x14001e2
reference	plant-parts	0x13ffd20	0x1400149	js	0x14001c9
reference	plant-parts	0x13ffd20	0x1400155	jae	0x14001c9
reference	plant-parts	0x13ffd20	0x1400166	je	0x14001c9
reference	plant-parts	0x13ffd20	0x1400171	jbe	0x1400176
reference	plant-parts	0x13ffd20	0x1400186	je	0x14001c5
reference	plant-parts	0x13ffd20	0x140019f	jl	0x14001c9
reference	plant-parts	0x13ffd20	0x14001b0	jg	0x14001c9
reference	plant-parts	0x13ffd20	0x14001e6	jbe	0x140021d
reference	plant-parts	0x13ffd20	0x14001fa	jb	0x1400218
reference	plant-parts	0x13ffd20	0x140020f	jbe	0x1400218
reference	material-decode	0x14d0c70	0x14d0cb1	ja	0x14d0ce5
reference	material-decode	0x14d0c70	0x14d0cb3	je	0x14d0d06
reference	material-decode	0x14d0c70	0x14d0cbe	ja	0x14d0d0c
reference	material-decode	0x14d0c70	0x14d0cdc	jmp	rcx
reference	material-decode	0x14d0c70	0x14d0ce3	jmp	0x14d0d10
reference	material-decode	0x14d0c70	0x14d0cee	ja	0x14d0d0c
reference	material-decode	0x14d0c70	0x14d0d04	jmp	rax
reference	material-decode	0x14d0c70	0x14d0d0a	jmp	0x14d0d10
reference	material-decode	0x14d0c70	0x14d0d26	je	0x14d0d98
reference	material-decode	0x14d0c70	0x14d0d57	je	0x14d0d98
reference	material-decode	0x14d0c70	0x14d0d93	jmp	0x14d111b
reference	material-decode	0x14d0c70	0x14d0de1	je	0x14d0e72
reference	material-decode	0x14d0c70	0x14d0dfc	je	0x14d0e62
reference	material-decode	0x14d0c70	0x14d0e06	jge	0x14d0e0f
reference	material-decode	0x14d0c70	0x14d0e1c	jge	0x14d0e25
reference	material-decode	0x14d0c70	0x14d0e39	je	0x14d0e62
reference	material-decode	0x14d0c70	0x14d0e41	jne	0x14d0ee1
reference	material-decode	0x14d0c70	0x14d0e60	jmp	0x14d0ee1
reference	material-decode	0x14d0c70	0x14d0e70	jmp	0x14d0ee1
reference	material-decode	0x14d0c70	0x14d0e7d	jne	0x14d0e4b
reference	material-decode	0x14d0c70	0x14d0e8a	je	0x14d0eba
reference	material-decode	0x14d0c70	0x14d0ea6	je	0x14d0ee1
reference	material-decode	0x14d0c70	0x14d0eb8	jmp	0x14d0ee1
reference	material-decode	0x14d0c70	0x14d0ecf	je	0x14d0f4f
reference	material-decode	0x14d0c70	0x14d0ed9	je	0x14d0f3a
reference	material-decode	0x14d0c70	0x14d0ef2	jne	0x14d1111
reference	material-decode	0x14d0c70	0x14d0f0f	je	0x14d1111
reference	material-decode	0x14d0c70	0x14d0f1c	jle	0x14d1108
reference	material-decode	0x14d0c70	0x14d0f2d	je	0x14d1108
reference	material-decode	0x14d0c70	0x14d0f35	jmp	0x14d110a
reference	material-decode	0x14d0c70	0x14d0f4d	jmp	0x14d0ede
reference	material-decode	0x14d0c70	0x14d0f59	js	0x14d0fc2
reference	material-decode	0x14d0c70	0x14d0f76	jae	0x14d0fc2
reference	material-decode	0x14d0c70	0x14d0f80	jle	0x14d0f91
reference	material-decode	0x14d0c70	0x14d0f8a	je	0x14d0f91
reference	material-decode	0x14d0c70	0x14d0f8f	jmp	0x14d0f94
reference	material-decode	0x14d0c70	0x14d0fa0	je	0x14d0fcb
reference	material-decode	0x14d0c70	0x14d0fa4	je	0x14d0ee1
reference	material-decode	0x14d0c70	0x14d0fbd	jmp	0x14d0ede
reference	material-decode	0x14d0c70	0x14d0fcd	jne	0x14d0ee1
reference	material-decode	0x14d0c70	0x14d1016	je	0x14d1083
reference	material-decode	0x14d0c70	0x14d102a	js	0x14d1083
reference	material-decode	0x14d0c70	0x14d103d	js	0x14d1077
reference	material-decode	0x14d0c70	0x14d1057	jae	0x14d1077
reference	material-decode	0x14d0c70	0x14d1061	jle	0x14d1071
reference	material-decode	0x14d0c70	0x14d106b	je	0x14d1071
reference	material-decode	0x14d0c70	0x14d106f	jmp	0x14d1073
reference	material-decode	0x14d0c70	0x14d1075	jne	0x14d10a7
reference	material-decode	0x14d0c70	0x14d1081	jns	0x14d1033
reference	material-decode	0x14d0c70	0x14d1098	ja	0x14d10c3
reference	material-decode	0x14d0c70	0x14d10a2	jmp	0x14d0ee6
reference	material-decode	0x14d0c70	0x14d10be	jmp	0x14d0ee6
reference	material-decode	0x14d0c70	0x14d1103	jmp	0x14d0ee6
reference	material-decode	0x14d0c70	0x14d110c	je	0x14d1111
reference	material-lookup	0x14add70	0x14add8e	ja	0x14addfa
reference	material-lookup	0x14add70	0x14add93	js	0x14added
reference	material-lookup	0x14add70	0x14addb0	jae	0x14added
reference	material-lookup	0x14add70	0x14addb5	js	0x14added
reference	material-lookup	0x14add70	0x14addde	jae	0x14added
reference	material-lookup	0x14add70	0x14adde7	jne	0x14ade99
reference	material-lookup	0x14add70	0x14ade01	jbe	0x14ade81
reference	material-lookup	0x14add70	0x14ade12	jbe	0x14ade81
reference	material-lookup	0x14add70	0x14ade17	jne	0x14ade5d
reference	material-lookup	0x14add70	0x14ade1c	js	0x14ade50
reference	material-lookup	0x14add70	0x14ade39	jae	0x14ade50
reference	material-lookup	0x14add70	0x14ade42	je	0x14ade50
reference	material-lookup	0x14add70	0x14ade65	ja	0x14ade79
reference	material-lookup	0x14add70	0x14ade90	jne	0x14ade99
reference	spoor-shorten	0x52d910	0x52d935	jb	0x52dd3a
reference	spoor-shorten	0x52d910	0x52d943	jbe	0x52d948
reference	spoor-shorten	0x52d910	0x52d94d	je	0x52d964
reference	spoor-shorten	0x52d910	0x52d956	jbe	0x52d95b
reference	spoor-shorten	0x52d910	0x52d95e	jne	0x52da15
reference	spoor-shorten	0x52d910	0x52d96b	jbe	0x52d970
reference	spoor-shorten	0x52d910	0x52d974	jne	0x52da15
reference	spoor-shorten	0x52d910	0x52d983	jbe	0x52d99d
reference	spoor-shorten	0x52d910	0x52d99b	jmp	0x52d9b6
reference	spoor-shorten	0x52d910	0x52d9df	jbe	0x52d9e6
reference	spoor-shorten	0x52d910	0x52d9e4	jmp	0x52d9e9
reference	spoor-shorten	0x52d910	0x52da0f	jbe	0x52deb9
reference	spoor-shorten	0x52d910	0x52da1a	jb	0x52dd3a
reference	spoor-shorten	0x52d910	0x52da2b	jbe	0x52da30
reference	spoor-shorten	0x52d910	0x52da38	je	0x52da4f
reference	spoor-shorten	0x52d910	0x52da41	jbe	0x52da46
reference	spoor-shorten	0x52d910	0x52da49	jne	0x52db73
reference	spoor-shorten	0x52d910	0x52da56	jbe	0x52da5b
reference	spoor-shorten	0x52d910	0x52da5f	je	0x52da78
reference	spoor-shorten	0x52d910	0x52da69	jbe	0x52da6e
reference	spoor-shorten	0x52d910	0x52da72	jne	0x52db73
reference	spoor-shorten	0x52d910	0x52da83	jbe	0x52da88
reference	spoor-shorten	0x52d910	0x52da8c	jne	0x52db73
reference	spoor-shorten	0x52d910	0x52daa8	jbe	0x52dab6
reference	spoor-shorten	0x52d910	0x52dab4	jmp	0x52dac0
reference	spoor-shorten	0x52d910	0x52dae1	jbe	0x52dafb
reference	spoor-shorten	0x52d910	0x52daf9	jmp	0x52db14
reference	spoor-shorten	0x52d910	0x52db3d	jbe	0x52db44
reference	spoor-shorten	0x52d910	0x52db42	jmp	0x52db47
reference	spoor-shorten	0x52d910	0x52db6d	jbe	0x52deb9
reference	spoor-shorten	0x52d910	0x52db78	jb	0x52dd3a
reference	spoor-shorten	0x52d910	0x52db89	jbe	0x52db8e
reference	spoor-shorten	0x52d910	0x52db91	je	0x52dba8
reference	spoor-shorten	0x52d910	0x52db9a	jbe	0x52db9f
reference	spoor-shorten	0x52d910	0x52dba2	jne	0x52dd3a
reference	spoor-shorten	0x52d910	0x52dbaf	jbe	0x52dbb4
reference	spoor-shorten	0x52d910	0x52dbb8	je	0x52dbd1
reference	spoor-shorten	0x52d910	0x52dbc2	jbe	0x52dbc7
reference	spoor-shorten	0x52d910	0x52dbcb	jne	0x52dd3a
reference	spoor-shorten	0x52d910	0x52dbdc	jbe	0x52dbe1
reference	spoor-shorten	0x52d910	0x52dbe5	je	0x52dbfd
reference	spoor-shorten	0x52d910	0x52dbee	jbe	0x52dbf3
reference	spoor-shorten	0x52d910	0x52dbf7	jne	0x52dd3a
reference	spoor-shorten	0x52d910	0x52dc04	jbe	0x52dc09
reference	spoor-shorten	0x52d910	0x52dc0d	jne	0x52dd3a
reference	spoor-shorten	0x52d910	0x52dc2d	jbe	0x52dc3b
reference	spoor-shorten	0x52d910	0x52dc39	jmp	0x52dc45
reference	spoor-shorten	0x52d910	0x52dc72	jbe	0x52dc80
reference	spoor-shorten	0x52d910	0x52dc7e	jmp	0x52dc8a
reference	spoor-shorten	0x52d910	0x52dcab	jbe	0x52dcc5
reference	spoor-shorten	0x52d910	0x52dcc3	jmp	0x52dcde
reference	spoor-shorten	0x52d910	0x52dd04	jbe	0x52dd0b
reference	spoor-shorten	0x52d910	0x52dd09	jmp	0x52dd0e
reference	spoor-shorten	0x52d910	0x52dd34	jbe	0x52deb9
reference	spoor-shorten	0x52d910	0x52dd42	jl	0x52dea0
reference	spoor-shorten	0x52d910	0x52dd5b	jbe	0x52dd60
reference	spoor-shorten	0x52d910	0x52dd65	je	0x52de92
reference	spoor-shorten	0x52d910	0x52dd72	jbe	0x52dd77
reference	spoor-shorten	0x52d910	0x52dd7b	je	0x52de37
reference	spoor-shorten	0x52d910	0x52dd88	jbe	0x52dd8d
reference	spoor-shorten	0x52d910	0x52dd91	je	0x52de37
reference	spoor-shorten	0x52d910	0x52dda2	jbe	0x52dda7
reference	spoor-shorten	0x52d910	0x52ddab	je	0x52de37
reference	spoor-shorten	0x52d910	0x52ddb8	jbe	0x52ddbd
reference	spoor-shorten	0x52d910	0x52ddc1	je	0x52de37
reference	spoor-shorten	0x52d910	0x52ddca	jbe	0x52ddcf
reference	spoor-shorten	0x52d910	0x52ddd3	je	0x52de37
reference	spoor-shorten	0x52d910	0x52dde0	jbe	0x52dde5
reference	spoor-shorten	0x52d910	0x52dde9	je	0x52de37
reference	spoor-shorten	0x52d910	0x52ddf2	jbe	0x52ddf7
reference	spoor-shorten	0x52d910	0x52ddfb	je	0x52de37
reference	spoor-shorten	0x52d910	0x52de04	jbe	0x52de09
reference	spoor-shorten	0x52d910	0x52de0d	je	0x52de37
reference	spoor-shorten	0x52d910	0x52de1a	jbe	0x52de1f
reference	spoor-shorten	0x52d910	0x52de23	je	0x52de37
reference	spoor-shorten	0x52d910	0x52de2c	jbe	0x52de31
reference	spoor-shorten	0x52d910	0x52de35	jne	0x52de92
reference	spoor-shorten	0x52d910	0x52de52	jbe	0x52de5d
reference	spoor-shorten	0x52d910	0x52de5b	jmp	0x52de6d
reference	spoor-shorten	0x52d910	0x52de6b	jbe	0x52de70
reference	spoor-shorten	0x52d910	0x52de90	jbe	0x52deb9
reference	spoor-shorten	0x52d910	0x52de9a	jge	0x52dd50
reference	spoor-shorten	0x52d910	0x52dea4	jbe	0x52deb9
reference	spoor-shorten	0x52d910	0x52deaf	jbe	0x52deb4
reference	spoor-shorten-wrapper	0x52dee0	0x52dee7	ja	0x52d910
classic	terrain	0xe782a0	0xe78322	js	0xe7836e
classic	terrain	0xe782a0	0xe78337	jne	0xe78347
classic	terrain	0xe782a0	0xe7833e	jne	0xe78347
classic	terrain	0xe782a0	0xe78345	je	0xe78355
classic	terrain	0xe782a0	0xe78351	jns	0xe78330
classic	terrain	0xe782a0	0xe78353	jmp	0xe7836e
classic	terrain	0xe782a0	0xe783a1	je	0xe7dd63
classic	terrain	0xe782a0	0xe783aa	je	0xe7dd63
classic	terrain	0xe782a0	0xe783b3	je	0xe7dd63
classic	terrain	0xe782a0	0xe783bc	je	0xe7dd63
classic	terrain	0xe782a0	0xe783c5	je	0xe7dd63
classic	terrain	0xe782a0	0xe783d3	ja	0xe78481
classic	terrain	0xe782a0	0xe783d9	je	0xe7dd63
classic	terrain	0xe782a0	0xe783e5	je	0xe7dd63
classic	terrain	0xe782a0	0xe783ee	je	0xe7dd63
classic	terrain	0xe782a0	0xe783f7	je	0xe7dd63
classic	terrain	0xe782a0	0xe78405	je	0xe7dd63
classic	terrain	0xe782a0	0xe7840e	je	0xe7dd63
classic	terrain	0xe782a0	0xe78417	je	0xe7dd63
classic	terrain	0xe782a0	0xe78421	je	0xe7dd63
classic	terrain	0xe782a0	0xe7842c	je	0xe7dd63
classic	terrain	0xe782a0	0xe78435	je	0xe7dd63
classic	terrain	0xe782a0	0xe7843e	je	0xe7dd63
classic	terrain	0xe782a0	0xe78447	je	0xe7dd63
classic	terrain	0xe782a0	0xe78451	je	0xe7dd63
classic	terrain	0xe782a0	0xe7845d	ja	0xe784a9
classic	terrain	0xe782a0	0xe7845f	je	0xe7dd63
classic	terrain	0xe782a0	0xe7846a	je	0xe7dd63
classic	terrain	0xe782a0	0xe78476	je	0xe7dd63
classic	terrain	0xe782a0	0xe7847f	jmp	0xe784ba
classic	terrain	0xe782a0	0xe7848a	ja	0xe783fd
classic	terrain	0xe782a0	0xe784a7	jmp	rcx
classic	terrain	0xe782a0	0xe784b1	je	0xe7dd63
classic	terrain	0xe782a0	0xe784ba	je	0xe7dd63
classic	terrain	0xe782a0	0xe784cc	ja	0xe784e6
classic	terrain	0xe782a0	0xe784e4	jmp	rcx
classic	terrain	0xe782a0	0xe784ef	je	0xe7dd63
classic	terrain	0xe782a0	0xe78518	je	0xe7856c
classic	terrain	0xe782a0	0xe78526	jge	0xe7852f
classic	terrain	0xe782a0	0xe78535	jge	0xe7853e
classic	terrain	0xe782a0	0xe78555	je	0xe7856c
classic	terrain	0xe782a0	0xe78585	je	0xe785e6
classic	terrain	0xe782a0	0xe7858f	jge	0xe78598
classic	terrain	0xe782a0	0xe785a0	jge	0xe785a9
classic	terrain	0xe782a0	0xe785cf	je	0xe785e6
classic	terrain	0xe782a0	0xe785fb	jns	0xe78612
classic	terrain	0xe782a0	0xe7861b	ja	0xe7dd51
classic	terrain	0xe782a0	0xe7863c	jmp	rcx
classic	terrain	0xe782a0	0xe7865c	je	0xe786cd
classic	terrain	0xe782a0	0xe78662	je	0xe786cd
classic	terrain	0xe782a0	0xe78676	je	0xe786cd
classic	terrain	0xe782a0	0xe7867f	je	0xe786cd
classic	terrain	0xe782a0	0xe78697	je	0xe786cd
classic	terrain	0xe782a0	0xe7869d	jne	0xe786cd
classic	terrain	0xe782a0	0xe786aa	je	0xe786cd
classic	terrain	0xe782a0	0xe786db	ja	0xe78714
classic	terrain	0xe782a0	0xe786f8	jmp	rcx
classic	terrain	0xe782a0	0xe78718	je	0xe78cbc
classic	terrain	0xe782a0	0xe7875d	je	0xe78cae
classic	terrain	0xe782a0	0xe7877a	je	0xe78cae
classic	terrain	0xe782a0	0xe78853	jne	0xe78cae
classic	terrain	0xe782a0	0xe788a2	je	0xe78cae
classic	terrain	0xe782a0	0xe788b3	jns	0xe78cae
classic	terrain	0xe782a0	0xe788c5	je	0xe78c9d
classic	terrain	0xe782a0	0xe788d7	ja	0xe78c9d
classic	terrain	0xe782a0	0xe788fa	jmp	rdx
classic	terrain	0xe782a0	0xe7890a	jmp	0xe78961
classic	terrain	0xe782a0	0xe7891a	jmp	0xe78961
classic	terrain	0xe782a0	0xe7892a	jmp	0xe78961
classic	terrain	0xe782a0	0xe7893a	jmp	0xe78961
classic	terrain	0xe782a0	0xe78949	jmp	0xe78961
classic	terrain	0xe782a0	0xe78957	jmp	0xe78961
classic	terrain	0xe782a0	0xe78961	je	0xe78c9d
classic	terrain	0xe782a0	0xe78971	jne	0xe78980
classic	terrain	0xe782a0	0xe7897a	je	0xe78a06
classic	terrain	0xe782a0	0xe7898b	je	0xe78a06
classic	terrain	0xe782a0	0xe78993	jle	0xe78a06
classic	terrain	0xe782a0	0xe789a1	je	0xe789c4
classic	terrain	0xe782a0	0xe789c2	jmp	0xe789c8
classic	terrain	0xe782a0	0xe789d2	je	0xe789ef
classic	terrain	0xe782a0	0xe789ed	jmp	0xe789f2
classic	terrain	0xe782a0	0xe789f6	jl	0xe78c9d
classic	terrain	0xe782a0	0xe78a00	jg	0xe78c9d
classic	terrain	0xe782a0	0xe78a10	je	0xe78a4f
classic	terrain	0xe782a0	0xe78a20	jg	0xe78a41
classic	terrain	0xe782a0	0xe78a25	jl	0xe78c9d
classic	terrain	0xe782a0	0xe78a2e	jge	0xe78a4f
classic	terrain	0xe782a0	0xe78a3c	jmp	0xe78893
classic	terrain	0xe782a0	0xe78a44	jle	0xe78a4f
classic	terrain	0xe782a0	0xe78a49	jl	0xe78c9d
classic	terrain	0xe782a0	0xe78ad1	je	0xe78c71
classic	terrain	0xe782a0	0xe78bc3	je	0xe78c71
classic	terrain	0xe782a0	0xe78bd6	jns	0xe78c71
classic	terrain	0xe782a0	0xe78be5	jne	0xe78c47
classic	terrain	0xe782a0	0xe78bf0	jne	0xe78c47
classic	terrain	0xe782a0	0xe78c03	jne	0xe78c3a
classic	terrain	0xe782a0	0xe78c11	jne	0xe78c3a
classic	terrain	0xe782a0	0xe78c25	jl	0xe78c3a
classic	terrain	0xe782a0	0xe78c38	je	0xe78c92
classic	terrain	0xe782a0	0xe78c6c	jmp	0xe78bc0
classic	terrain	0xe782a0	0xe78ca9	jmp	0xe78893
classic	terrain	0xe782a0	0xe78cb7	jmp	0xe7e444
classic	terrain	0xe782a0	0xe78cc9	jmp	0xe7e43b
classic	terrain	0xe782a0	0xe78ce4	je	0xe79178
classic	terrain	0xe782a0	0xe78cf4	jge	0xe78d00
classic	terrain	0xe782a0	0xe78d08	jge	0xe78d11
classic	terrain	0xe782a0	0xe78d1f	je	0xe79178
classic	terrain	0xe782a0	0xe78d3a	je	0xe79178
classic	terrain	0xe782a0	0xe78d48	jge	0xe78d51
classic	terrain	0xe782a0	0xe78d5a	jge	0xe78d63
classic	terrain	0xe782a0	0xe78d7a	jb	0xe78d85
classic	terrain	0xe782a0	0xe78d83	jmp	0xe78d91
classic	terrain	0xe782a0	0xe78d88	ja	0xe78d99
classic	terrain	0xe782a0	0xe78dac	je	0xe7e444
classic	terrain	0xe782a0	0xe78e89	je	0xe7e444
classic	terrain	0xe782a0	0xe78e9a	jns	0xe7e444
classic	terrain	0xe782a0	0xe78eb5	je	0xe79159
classic	terrain	0xe782a0	0xe78ec4	je	0xe78ef1
classic	terrain	0xe782a0	0xe78ece	jg	0xe78ee3
classic	terrain	0xe782a0	0xe78ed3	jl	0xe79159
classic	terrain	0xe782a0	0xe78edc	jge	0xe78ef1
classic	terrain	0xe782a0	0xe78ede	jmp	0xe79159
classic	terrain	0xe782a0	0xe78ee6	jle	0xe78ef1
classic	terrain	0xe782a0	0xe78eeb	jl	0xe79159
classic	terrain	0xe782a0	0xe78f57	je	0xe7913e
classic	terrain	0xe782a0	0xe79088	je	0xe7913e
classic	terrain	0xe782a0	0xe79099	jns	0xe7913e
classic	terrain	0xe782a0	0xe790ac	jne	0xe79103
classic	terrain	0xe782a0	0xe790ba	jne	0xe79103
classic	terrain	0xe782a0	0xe790cd	jne	0xe79103
classic	terrain	0xe782a0	0xe790db	jne	0xe79103
classic	terrain	0xe782a0	0xe790ee	jl	0xe79103
classic	terrain	0xe782a0	0xe79101	je	0xe79159
classic	terrain	0xe782a0	0xe79139	jmp	0xe79080
classic	terrain	0xe782a0	0xe79173	jmp	0xe78e84
classic	terrain	0xe782a0	0xe79185	jmp	0xe7e43b
classic	terrain	0xe782a0	0xe791a3	je	0xe79638
classic	terrain	0xe782a0	0xe791be	je	0xe79638
classic	terrain	0xe782a0	0xe791cc	jge	0xe791d5
classic	terrain	0xe782a0	0xe791de	jge	0xe791e7
classic	terrain	0xe782a0	0xe791fe	jb	0xe79209
classic	terrain	0xe782a0	0xe79207	jmp	0xe79215
classic	terrain	0xe782a0	0xe7920c	ja	0xe7921d
classic	terrain	0xe782a0	0xe7923f	je	0xe7e444
classic	terrain	0xe782a0	0xe7931f	je	0xe7e444
classic	terrain	0xe782a0	0xe79345	je	0xe795f8
classic	terrain	0xe782a0	0xe79354	je	0xe79381
classic	terrain	0xe782a0	0xe7935e	jg	0xe79373
classic	terrain	0xe782a0	0xe79363	jl	0xe795f8
classic	terrain	0xe782a0	0xe7936c	jge	0xe79381
classic	terrain	0xe782a0	0xe7936e	jmp	0xe795f8
classic	terrain	0xe782a0	0xe79376	jle	0xe79381
classic	terrain	0xe782a0	0xe7937b	jl	0xe795f8
classic	terrain	0xe782a0	0xe793df	je	0xe795dd
classic	terrain	0xe782a0	0xe79510	je	0xe795dd
classic	terrain	0xe782a0	0xe7952e	jne	0xe79581
classic	terrain	0xe782a0	0xe7953d	jne	0xe79581
classic	terrain	0xe782a0	0xe7954b	jne	0xe79581
classic	terrain	0xe782a0	0xe79559	jne	0xe79581
classic	terrain	0xe782a0	0xe7956c	jl	0xe79581
classic	terrain	0xe782a0	0xe7957f	je	0xe795f8
classic	terrain	0xe782a0	0xe795d7	jne	0xe79520
classic	terrain	0xe782a0	0xe7962d	jne	0xe79330
classic	terrain	0xe782a0	0xe79633	jmp	0xe7e444
classic	terrain	0xe782a0	0xe79647	jmp	0xe7e444
classic	terrain	0xe782a0	0xe79665	je	0xe796fb
classic	terrain	0xe782a0	0xe79680	je	0xe796fb
classic	terrain	0xe782a0	0xe7968a	jge	0xe79693
classic	terrain	0xe782a0	0xe7969c	jge	0xe796a5
classic	terrain	0xe782a0	0xe796bc	jb	0xe796c7
classic	terrain	0xe782a0	0xe796c5	jmp	0xe796d3
classic	terrain	0xe782a0	0xe796ca	ja	0xe796db
classic	terrain	0xe782a0	0xe796f6	jmp	0xe7e444
classic	terrain	0xe782a0	0xe7970a	jmp	0xe7e444
classic	terrain	0xe782a0	0xe7973d	jmp	0xe7e444
classic	terrain	0xe782a0	0xe7977d	jmp	0xe7e444
classic	terrain	0xe782a0	0xe7980d	jmp	0xe7e444
classic	terrain	0xe782a0	0xe7983e	jmp	0xe7e444
classic	terrain	0xe782a0	0xe79852	jmp	0xe7e444
classic	terrain	0xe782a0	0xe798e2	jmp	0xe7e444
classic	terrain	0xe782a0	0xe79913	jmp	0xe7e444
classic	terrain	0xe782a0	0xe79927	jmp	0xe7e444
classic	terrain	0xe782a0	0xe799b7	jmp	0xe7e444
classic	terrain	0xe782a0	0xe799e8	jmp	0xe7e444
classic	terrain	0xe782a0	0xe799fc	jmp	0xe7e444
classic	terrain	0xe782a0	0xe79a8c	jmp	0xe7e444
classic	terrain	0xe782a0	0xe79abd	jmp	0xe7e444
classic	terrain	0xe782a0	0xe79ad1	jmp	0xe7e444
classic	terrain	0xe782a0	0xe79b61	jmp	0xe7e444
classic	terrain	0xe782a0	0xe79b92	jmp	0xe7e444
classic	terrain	0xe782a0	0xe79ba6	jmp	0xe7e444
classic	terrain	0xe782a0	0xe79c36	jmp	0xe7e444
classic	terrain	0xe782a0	0xe79c67	jmp	0xe7e444
classic	terrain	0xe782a0	0xe79c7b	jmp	0xe7e444
classic	terrain	0xe782a0	0xe79d0b	jmp	0xe7e444
classic	terrain	0xe782a0	0xe79d3c	jmp	0xe7e444
classic	terrain	0xe782a0	0xe79d50	jmp	0xe7e444
classic	terrain	0xe782a0	0xe79de0	jmp	0xe7e444
classic	terrain	0xe782a0	0xe79e11	jmp	0xe7e444
classic	terrain	0xe782a0	0xe79e25	jmp	0xe7e444
classic	terrain	0xe782a0	0xe79eb5	jmp	0xe7e444
classic	terrain	0xe782a0	0xe79ee6	jmp	0xe7e444
classic	terrain	0xe782a0	0xe79efa	jmp	0xe7e444
classic	terrain	0xe782a0	0xe79f8a	jmp	0xe7e444
classic	terrain	0xe782a0	0xe79fbb	jmp	0xe7e444
classic	terrain	0xe782a0	0xe79fcf	jmp	0xe7e444
classic	terrain	0xe782a0	0xe7a05f	jmp	0xe7e444
classic	terrain	0xe782a0	0xe7a090	jmp	0xe7e444
classic	terrain	0xe782a0	0xe7a0a4	jmp	0xe7e444
classic	terrain	0xe782a0	0xe7a134	jmp	0xe7e444
classic	terrain	0xe782a0	0xe7a165	jmp	0xe7e444
classic	terrain	0xe782a0	0xe7a179	jmp	0xe7e444
classic	terrain	0xe782a0	0xe7a209	jmp	0xe7e444
classic	terrain	0xe782a0	0xe7a23a	jmp	0xe7e444
classic	terrain	0xe782a0	0xe7a24e	jmp	0xe7e444
classic	terrain	0xe782a0	0xe7a2de	jmp	0xe7e444
classic	terrain	0xe782a0	0xe7a30f	jmp	0xe7e444
classic	terrain	0xe782a0	0xe7a323	jmp	0xe7e444
classic	terrain	0xe782a0	0xe7a3b3	jmp	0xe7e444
classic	terrain	0xe782a0	0xe7a3e4	jmp	0xe7e444
classic	terrain	0xe782a0	0xe7a3f8	jmp	0xe7e444
classic	terrain	0xe782a0	0xe7a402	je	0xe7a55a
classic	terrain	0xe782a0	0xe7a414	je	0xe7a52e
classic	terrain	0xe782a0	0xe7a41d	je	0xe7a502
classic	terrain	0xe782a0	0xe7a426	je	0xe7a4d6
classic	terrain	0xe782a0	0xe7a42f	je	0xe7a4a7
classic	terrain	0xe782a0	0xe7a437	je	0xe7a47b
classic	terrain	0xe782a0	0xe7a449	je	0xe7a547
classic	terrain	0xe782a0	0xe7a453	je	0xe7a51b
classic	terrain	0xe782a0	0xe7a45d	je	0xe7a4ef
classic	terrain	0xe782a0	0xe7a467	je	0xe7a4c0
classic	terrain	0xe782a0	0xe7a46d	je	0xe7a491
classic	terrain	0xe782a0	0xe7a476	jmp	0xe7a561
classic	terrain	0xe782a0	0xe7a4a2	jmp	0xe7a561
classic	terrain	0xe782a0	0xe7a4d1	jmp	0xe7a561
classic	terrain	0xe782a0	0xe7a500	jmp	0xe7a561
classic	terrain	0xe782a0	0xe7a52c	jmp	0xe7a561
classic	terrain	0xe782a0	0xe7a558	jmp	0xe7a561
classic	terrain	0xe782a0	0xe7a5fc	jae	0xe7e444
classic	terrain	0xe782a0	0xe7a611	jmp	0xe7e444
classic	terrain	0xe782a0	0xe7a6a1	jmp	0xe7e444
classic	terrain	0xe782a0	0xe7a6b5	jmp	0xe7e444
classic	terrain	0xe782a0	0xe7a743	jmp	0xe7e43b
classic	terrain	0xe782a0	0xe7a7db	jae	0xe7e444
classic	terrain	0xe782a0	0xe7a7ee	jmp	0xe7e43b
classic	terrain	0xe782a0	0xe7a895	jae	0xe7e444
classic	terrain	0xe782a0	0xe7a8aa	jmp	0xe7e444
classic	terrain	0xe782a0	0xe7a8cc	je	0xe7a939
classic	terrain	0xe782a0	0xe7a8d2	je	0xe7a939
classic	terrain	0xe782a0	0xe7a8e6	je	0xe7a939
classic	terrain	0xe782a0	0xe7a8ef	je	0xe7a939
classic	terrain	0xe782a0	0xe7a903	je	0xe7a939
classic	terrain	0xe782a0	0xe7a909	jne	0xe7a939
classic	terrain	0xe782a0	0xe7a916	je	0xe7a939
classic	terrain	0xe782a0	0xe7a942	jne	0xe7a953
classic	terrain	0xe782a0	0xe7a956	je	0xe7a9ef
classic	terrain	0xe782a0	0xe7a960	ja	0xe7a98b
classic	terrain	0xe782a0	0xe7a97a	jne	0xe7a98b
classic	terrain	0xe782a0	0xe7a9b5	ja	0xe7a9e1
classic	terrain	0xe782a0	0xe7a9cf	je	0xe7a9e1
classic	terrain	0xe782a0	0xe7a9ea	jmp	0xe7e444
classic	terrain	0xe782a0	0xe7a9fe	jmp	0xe7e444
classic	terrain	0xe782a0	0xe7aa22	je	0xe7aa94
classic	terrain	0xe782a0	0xe7aa28	je	0xe7aa94
classic	terrain	0xe782a0	0xe7aa3c	je	0xe7aa94
classic	terrain	0xe782a0	0xe7aa45	je	0xe7aa94
classic	terrain	0xe782a0	0xe7aa5e	je	0xe7aa94
classic	terrain	0xe782a0	0xe7aa64	jne	0xe7aa94
classic	terrain	0xe782a0	0xe7aa71	je	0xe7aa94
classic	terrain	0xe782a0	0xe7aa9d	jne	0xe7aaae
classic	terrain	0xe782a0	0xe7aab3	je	0xe7af14
classic	terrain	0xe782a0	0xe7aae8	je	0xe7af06
classic	terrain	0xe782a0	0xe7aaf7	je	0xe7af06
classic	terrain	0xe782a0	0xe7ab18	je	0xe7af06
classic	terrain	0xe782a0	0xe7abf5	je	0xe7af06
classic	terrain	0xe782a0	0xe7ac16	je	0xe7aed4
classic	terrain	0xe782a0	0xe7ac26	je	0xe7ac54
classic	terrain	0xe782a0	0xe7ac35	jg	0xe7ac48
classic	terrain	0xe782a0	0xe7ac39	jl	0xe7aed4
classic	terrain	0xe782a0	0xe7ac41	jge	0xe7ac54
classic	terrain	0xe782a0	0xe7ac43	jmp	0xe7aed4
classic	terrain	0xe782a0	0xe7ac4a	jle	0xe7ac54
classic	terrain	0xe782a0	0xe7ac4e	jl	0xe7aed4
classic	terrain	0xe782a0	0xe7acb4	je	0xe7aeb9
classic	terrain	0xe782a0	0xe7adea	je	0xe7aeb9
classic	terrain	0xe782a0	0xe7ae01	jne	0xe7ae5d
classic	terrain	0xe782a0	0xe7ae13	jne	0xe7ae5d
classic	terrain	0xe782a0	0xe7ae26	jne	0xe7ae5d
classic	terrain	0xe782a0	0xe7ae34	jne	0xe7ae5d
classic	terrain	0xe782a0	0xe7ae48	jl	0xe7ae5d
classic	terrain	0xe782a0	0xe7ae5b	je	0xe7aed4
classic	terrain	0xe782a0	0xe7aeb3	jne	0xe7adf4
classic	terrain	0xe782a0	0xe7af00	jne	0xe7ac00
classic	terrain	0xe782a0	0xe7af0f	jmp	0xe7e444
classic	terrain	0xe782a0	0xe7af23	jmp	0xe7e444
classic	terrain	0xe782a0	0xe7afab	jmp	0xe7e444
classic	terrain	0xe782a0	0xe7afbd	jmp	0xe7e43b
classic	terrain	0xe782a0	0xe7afd1	jmp	0xe7e444
classic	terrain	0xe782a0	0xe7afe5	jmp	0xe7e444
classic	terrain	0xe782a0	0xe7aff9	jmp	0xe7e444
classic	terrain	0xe782a0	0xe7b00d	jmp	0xe7e444
classic	terrain	0xe782a0	0xe7b021	jmp	0xe7e444
classic	terrain	0xe782a0	0xe7b035	jmp	0xe7e444
classic	terrain	0xe782a0	0xe7b049	jmp	0xe7e444
classic	terrain	0xe782a0	0xe7b05d	jmp	0xe7e444
classic	terrain	0xe782a0	0xe7b07c	jb	0xe7b08f
classic	terrain	0xe782a0	0xe7b08a	jmp	0xe7e444
classic	terrain	0xe782a0	0xe7b09b	jmp	0xe7e444
classic	terrain	0xe782a0	0xe7b0af	jmp	0xe7e444
classic	terrain	0xe782a0	0xe7b0c9	jne	0xe7b0da
classic	terrain	0xe782a0	0xe7b0e9	jmp	0xe7e444
classic	terrain	0xe782a0	0xe7b0fb	jmp	0xe7e43b
classic	terrain	0xe782a0	0xe7b10d	jmp	0xe7e43b
classic	terrain	0xe782a0	0xe7b12b	je	0xe7b1c4
classic	terrain	0xe782a0	0xe7b146	je	0xe7b1c4
classic	terrain	0xe782a0	0xe7b150	jge	0xe7b159
classic	terrain	0xe782a0	0xe7b162	jge	0xe7b16b
classic	terrain	0xe782a0	0xe7b182	jb	0xe7b18d
classic	terrain	0xe782a0	0xe7b18b	jmp	0xe7b199
classic	terrain	0xe782a0	0xe7b190	ja	0xe7b1a1
classic	terrain	0xe782a0	0xe7b1bf	jmp	0xe7e444
classic	terrain	0xe782a0	0xe7b1d3	jmp	0xe7e444
classic	terrain	0xe782a0	0xe7b1f1	je	0xe7b28a
classic	terrain	0xe782a0	0xe7b20c	je	0xe7b28a
classic	terrain	0xe782a0	0xe7b216	jge	0xe7b21f
classic	terrain	0xe782a0	0xe7b228	jge	0xe7b231
classic	terrain	0xe782a0	0xe7b248	jb	0xe7b253
classic	terrain	0xe782a0	0xe7b251	jmp	0xe7b25f
classic	terrain	0xe782a0	0xe7b256	ja	0xe7b267
classic	terrain	0xe782a0	0xe7b285	jmp	0xe7e444
classic	terrain	0xe782a0	0xe7b299	jmp	0xe7e444
classic	terrain	0xe782a0	0xe7b2b7	je	0xe7b350
classic	terrain	0xe782a0	0xe7b2d2	je	0xe7b350
classic	terrain	0xe782a0	0xe7b2dc	jge	0xe7b2e5
classic	terrain	0xe782a0	0xe7b2ee	jge	0xe7b2f7
classic	terrain	0xe782a0	0xe7b30e	jb	0xe7b319
classic	terrain	0xe782a0	0xe7b317	jmp	0xe7b325
classic	terrain	0xe782a0	0xe7b31c	ja	0xe7b32d
classic	terrain	0xe782a0	0xe7b34b	jmp	0xe7e444
classic	terrain	0xe782a0	0xe7b35f	jmp	0xe7e444
classic	terrain	0xe782a0	0xe7b39f	jmp	0xe7e444
classic	terrain	0xe782a0	0xe7b418	jmp	0xe7b26e
classic	terrain	0xe782a0	0xe7b458	jmp	0xe7e444
classic	terrain	0xe782a0	0xe7b4e8	jmp	0xe7e444
classic	terrain	0xe782a0	0xe7b528	jmp	0xe7e444
classic	terrain	0xe782a0	0xe7b53c	jmp	0xe7e444
classic	terrain	0xe782a0	0xe7b5b5	jmp	0xe7b1a8
classic	terrain	0xe782a0	0xe7b5c9	jmp	0xe7e444
classic	terrain	0xe782a0	0xe7b5dd	jmp	0xe7e444
classic	terrain	0xe782a0	0xe7b5f1	jmp	0xe7e444
classic	terrain	0xe782a0	0xe7b60b	jne	0xe7b61c
classic	terrain	0xe782a0	0xe7b635	je	0xe7b6ce
classic	terrain	0xe782a0	0xe7b650	je	0xe7b6ce
classic	terrain	0xe782a0	0xe7b65a	jge	0xe7b663
classic	terrain	0xe782a0	0xe7b66c	jge	0xe7b675
classic	terrain	0xe782a0	0xe7b68c	jb	0xe7b697
classic	terrain	0xe782a0	0xe7b695	jmp	0xe7b6a3
classic	terrain	0xe782a0	0xe7b69a	ja	0xe7b6ab
classic	terrain	0xe782a0	0xe7b6c9	jmp	0xe7e444
classic	terrain	0xe782a0	0xe7b6dd	jmp	0xe7e444
classic	terrain	0xe782a0	0xe7b6f7	jne	0xe7b708
classic	terrain	0xe782a0	0xe7b721	je	0xe7b7b5
classic	terrain	0xe782a0	0xe7b73c	je	0xe7b7b5
classic	terrain	0xe782a0	0xe7b746	jge	0xe7b74f
classic	terrain	0xe782a0	0xe7b758	jge	0xe7b761
classic	terrain	0xe782a0	0xe7b778	jb	0xe7b795
classic	terrain	0xe782a0	0xe7b790	jmp	0xe7b6a3
classic	terrain	0xe782a0	0xe7b798	ja	0xe7b7a9
classic	terrain	0xe782a0	0xe7b7b0	jmp	0xe7b6a3
classic	terrain	0xe782a0	0xe7b7c4	jmp	0xe7e444
classic	terrain	0xe782a0	0xe7b7de	jne	0xe7b7ef
classic	terrain	0xe782a0	0xe7b808	je	0xe7b89c
classic	terrain	0xe782a0	0xe7b823	je	0xe7b89c
classic	terrain	0xe782a0	0xe7b82d	jge	0xe7b836
classic	terrain	0xe782a0	0xe7b83f	jge	0xe7b848
classic	terrain	0xe782a0	0xe7b85f	jb	0xe7b87c
classic	terrain	0xe782a0	0xe7b877	jmp	0xe7b6a3
classic	terrain	0xe782a0	0xe7b87f	ja	0xe7b890
classic	terrain	0xe782a0	0xe7b897	jmp	0xe7b6a3
classic	terrain	0xe782a0	0xe7b8ab	jmp	0xe7e444
classic	terrain	0xe782a0	0xe7b8c5	jne	0xe7b8d6
classic	terrain	0xe782a0	0xe7b961	jmp	0xe7e444
classic	terrain	0xe782a0	0xe7b97b	jne	0xe7b98c
classic	terrain	0xe782a0	0xe7b9b8	jmp	0xe7e444
classic	terrain	0xe782a0	0xe7b9d2	jne	0xe7b9e3
classic	terrain	0xe782a0	0xe7b9f2	jmp	0xe7e444
classic	terrain	0xe782a0	0xe7ba0c	jne	0xe7ba1d
classic	terrain	0xe782a0	0xe7baa8	jmp	0xe7e444
classic	terrain	0xe782a0	0xe7bac2	jne	0xe7bad3
classic	terrain	0xe782a0	0xe7baff	jmp	0xe7e444
classic	terrain	0xe782a0	0xe7bb19	jne	0xe7bb2a
classic	terrain	0xe782a0	0xe7bb39	jmp	0xe7e444
classic	terrain	0xe782a0	0xe7bb53	jne	0xe7bb64
classic	terrain	0xe782a0	0xe7bbef	jmp	0xe7e444
classic	terrain	0xe782a0	0xe7bc09	jne	0xe7bc1a
classic	terrain	0xe782a0	0xe7bc46	jmp	0xe7e444
classic	terrain	0xe782a0	0xe7bc60	jne	0xe7bc71
classic	terrain	0xe782a0	0xe7bc80	jmp	0xe7e444
classic	terrain	0xe782a0	0xe7bc9a	jne	0xe7bcab
classic	terrain	0xe782a0	0xe7bd36	jmp	0xe7e444
classic	terrain	0xe782a0	0xe7bd50	jne	0xe7bd61
classic	terrain	0xe782a0	0xe7bd8d	jmp	0xe7e444
classic	terrain	0xe782a0	0xe7bda7	jne	0xe7bdb8
classic	terrain	0xe782a0	0xe7bdc7	jmp	0xe7e444
classic	terrain	0xe782a0	0xe7bde1	jne	0xe7bdf2
classic	terrain	0xe782a0	0xe7be7d	jmp	0xe7e444
classic	terrain	0xe782a0	0xe7be97	jne	0xe7bea8
classic	terrain	0xe782a0	0xe7bed4	jmp	0xe7e444
classic	terrain	0xe782a0	0xe7beee	jne	0xe7beff
classic	terrain	0xe782a0	0xe7bf0e	jmp	0xe7e444
classic	terrain	0xe782a0	0xe7bf28	jne	0xe7bf39
classic	terrain	0xe782a0	0xe7bfc4	jmp	0xe7e444
classic	terrain	0xe782a0	0xe7bfde	jne	0xe7bfef
classic	terrain	0xe782a0	0xe7c01b	jmp	0xe7e444
classic	terrain	0xe782a0	0xe7c035	jne	0xe7c046
classic	terrain	0xe782a0	0xe7c055	jmp	0xe7e444
classic	terrain	0xe782a0	0xe7c06f	jne	0xe7c080
classic	terrain	0xe782a0	0xe7c10b	jmp	0xe7e444
classic	terrain	0xe782a0	0xe7c125	jne	0xe7c136
classic	terrain	0xe782a0	0xe7c162	jmp	0xe7e444
classic	terrain	0xe782a0	0xe7c17c	jne	0xe7c18d
classic	terrain	0xe782a0	0xe7c19c	jmp	0xe7e444
classic	terrain	0xe782a0	0xe7c1b6	jne	0xe7c1c7
classic	terrain	0xe782a0	0xe7c252	jmp	0xe7e444
classic	terrain	0xe782a0	0xe7c26c	jne	0xe7c27d
classic	terrain	0xe782a0	0xe7c2a9	jmp	0xe7e444
classic	terrain	0xe782a0	0xe7c2c3	jne	0xe7c2d4
classic	terrain	0xe782a0	0xe7c2e3	jmp	0xe7e444
classic	terrain	0xe782a0	0xe7c2fd	jne	0xe7c30e
classic	terrain	0xe782a0	0xe7c399	jmp	0xe7e444
classic	terrain	0xe782a0	0xe7c3b3	jne	0xe7c3c4
classic	terrain	0xe782a0	0xe7c3f0	jmp	0xe7e444
classic	terrain	0xe782a0	0xe7c40a	jne	0xe7c41b
classic	terrain	0xe782a0	0xe7c42a	jmp	0xe7e444
classic	terrain	0xe782a0	0xe7c444	jne	0xe7c455
classic	terrain	0xe782a0	0xe7c4e0	jmp	0xe7e444
classic	terrain	0xe782a0	0xe7c4fa	jne	0xe7c50b
classic	terrain	0xe782a0	0xe7c537	jmp	0xe7e444
classic	terrain	0xe782a0	0xe7c551	jne	0xe7c562
classic	terrain	0xe782a0	0xe7c571	jmp	0xe7e444
classic	terrain	0xe782a0	0xe7c58b	jne	0xe7c59c
classic	terrain	0xe782a0	0xe7c627	jmp	0xe7e444
classic	terrain	0xe782a0	0xe7c641	jne	0xe7c652
classic	terrain	0xe782a0	0xe7c67e	jmp	0xe7e444
classic	terrain	0xe782a0	0xe7c698	jne	0xe7c6a9
classic	terrain	0xe782a0	0xe7c6b8	jmp	0xe7e444
classic	terrain	0xe782a0	0xe7c6d2	jne	0xe7c6e3
classic	terrain	0xe782a0	0xe7c76e	jmp	0xe7e444
classic	terrain	0xe782a0	0xe7c788	jne	0xe7c799
classic	terrain	0xe782a0	0xe7c7c5	jmp	0xe7e444
classic	terrain	0xe782a0	0xe7c7df	jne	0xe7c7f0
classic	terrain	0xe782a0	0xe7c7ff	jmp	0xe7e444
classic	terrain	0xe782a0	0xe7c819	jne	0xe7c82a
classic	terrain	0xe782a0	0xe7c8b5	jmp	0xe7e444
classic	terrain	0xe782a0	0xe7c8cf	jne	0xe7c8e0
classic	terrain	0xe782a0	0xe7c90c	jmp	0xe7e444
classic	terrain	0xe782a0	0xe7c926	jne	0xe7c937
classic	terrain	0xe782a0	0xe7c946	jmp	0xe7e444
classic	terrain	0xe782a0	0xe7c960	jne	0xe7c971
classic	terrain	0xe782a0	0xe7c9fc	jmp	0xe7e444
classic	terrain	0xe782a0	0xe7ca16	jne	0xe7ca27
classic	terrain	0xe782a0	0xe7ca53	jmp	0xe7e444
classic	terrain	0xe782a0	0xe7ca6d	jne	0xe7ca7e
classic	terrain	0xe782a0	0xe7ca8d	jmp	0xe7e444
classic	terrain	0xe782a0	0xe7caa7	jne	0xe7cab8
classic	terrain	0xe782a0	0xe7cb43	jmp	0xe7e444
classic	terrain	0xe782a0	0xe7cb5d	jne	0xe7cb6e
classic	terrain	0xe782a0	0xe7cb9a	jmp	0xe7e444
classic	terrain	0xe782a0	0xe7cbb4	jne	0xe7cbc5
classic	terrain	0xe782a0	0xe7cbd4	jmp	0xe7e444
classic	terrain	0xe782a0	0xe7cbee	jne	0xe7cbff
classic	terrain	0xe782a0	0xe7cc73	jmp	0xe7b6b2
classic	terrain	0xe782a0	0xe7cc8d	jne	0xe7cc9e
classic	terrain	0xe782a0	0xe7ccca	jmp	0xe7e444
classic	terrain	0xe782a0	0xe7cce4	jne	0xe7ccf5
classic	terrain	0xe782a0	0xe7cd04	jmp	0xe7e444
classic	terrain	0xe782a0	0xe7cd22	jne	0xe7cd33
classic	terrain	0xe782a0	0xe7cd4e	ja	0xe7d083
classic	terrain	0xe782a0	0xe7cd54	je	0xe7d052
classic	terrain	0xe782a0	0xe7cd62	ja	0xe7dd29
classic	terrain	0xe782a0	0xe7cd7b	jmp	rcx
classic	terrain	0xe782a0	0xe7cd96	je	0xe7ce2f
classic	terrain	0xe782a0	0xe7cdb1	je	0xe7ce2f
classic	terrain	0xe782a0	0xe7cdbb	jge	0xe7cdc4
classic	terrain	0xe782a0	0xe7cdcd	jge	0xe7cdd6
classic	terrain	0xe782a0	0xe7cded	jb	0xe7cdf8
classic	terrain	0xe782a0	0xe7cdf6	jmp	0xe7ce04
classic	terrain	0xe782a0	0xe7cdfb	ja	0xe7ce0c
classic	terrain	0xe782a0	0xe7ce2a	jmp	0xe7e444
classic	terrain	0xe782a0	0xe7ce3e	jmp	0xe7e444
classic	terrain	0xe782a0	0xe7ce5c	je	0xe7cef0
classic	terrain	0xe782a0	0xe7ce77	je	0xe7cef0
classic	terrain	0xe782a0	0xe7ce81	jge	0xe7ce8a
classic	terrain	0xe782a0	0xe7ce93	jge	0xe7ce9c
classic	terrain	0xe782a0	0xe7ceb3	jb	0xe7ced0
classic	terrain	0xe782a0	0xe7cecb	jmp	0xe7ce04
classic	terrain	0xe782a0	0xe7ced3	ja	0xe7cee4
classic	terrain	0xe782a0	0xe7ceeb	jmp	0xe7ce04
classic	terrain	0xe782a0	0xe7ceff	jmp	0xe7e444
classic	terrain	0xe782a0	0xe7cf1d	je	0xe7cfb1
classic	terrain	0xe782a0	0xe7cf38	je	0xe7cfb1
classic	terrain	0xe782a0	0xe7cf42	jge	0xe7cf4b
classic	terrain	0xe782a0	0xe7cf54	jge	0xe7cf5d
classic	terrain	0xe782a0	0xe7cf74	jb	0xe7cf91
classic	terrain	0xe782a0	0xe7cf8c	jmp	0xe7ce04
classic	terrain	0xe782a0	0xe7cf94	ja	0xe7cfa5
classic	terrain	0xe782a0	0xe7cfac	jmp	0xe7ce04
classic	terrain	0xe782a0	0xe7cfc0	jmp	0xe7e444
classic	terrain	0xe782a0	0xe7d039	jmp	0xe7ce13
classic	terrain	0xe782a0	0xe7d04d	jmp	0xe7e444
classic	terrain	0xe782a0	0xe7d07e	jmp	0xe7e444
classic	terrain	0xe782a0	0xe7d08b	ja	0xe7dd29
classic	terrain	0xe782a0	0xe7d0ac	jmp	rcx
classic	terrain	0xe782a0	0xe7d139	jmp	0xe7e444
classic	terrain	0xe782a0	0xe7d16a	jmp	0xe7e444
classic	terrain	0xe782a0	0xe7d17e	jmp	0xe7e444
classic	terrain	0xe782a0	0xe7d20e	jmp	0xe7e444
classic	terrain	0xe782a0	0xe7d23f	jmp	0xe7e444
classic	terrain	0xe782a0	0xe7d253	jmp	0xe7e444
classic	terrain	0xe782a0	0xe7d2e3	jmp	0xe7e444
classic	terrain	0xe782a0	0xe7d314	jmp	0xe7e444
classic	terrain	0xe782a0	0xe7d328	jmp	0xe7e444
classic	terrain	0xe782a0	0xe7d3b8	jmp	0xe7e444
classic	terrain	0xe782a0	0xe7d3e9	jmp	0xe7e444
classic	terrain	0xe782a0	0xe7d3fd	jmp	0xe7e444
classic	terrain	0xe782a0	0xe7d48d	jmp	0xe7e444
classic	terrain	0xe782a0	0xe7d4be	jmp	0xe7e444
classic	terrain	0xe782a0	0xe7d4d2	jmp	0xe7e444
classic	terrain	0xe782a0	0xe7d562	jmp	0xe7e444
classic	terrain	0xe782a0	0xe7d593	jmp	0xe7e444
classic	terrain	0xe782a0	0xe7d5a7	jmp	0xe7e444
classic	terrain	0xe782a0	0xe7d637	jmp	0xe7e444
classic	terrain	0xe782a0	0xe7d668	jmp	0xe7e444
classic	terrain	0xe782a0	0xe7d67c	jmp	0xe7e444
classic	terrain	0xe782a0	0xe7d70c	jmp	0xe7e444
classic	terrain	0xe782a0	0xe7d73d	jmp	0xe7e444
classic	terrain	0xe782a0	0xe7d751	jmp	0xe7e444
classic	terrain	0xe782a0	0xe7d7e1	jmp	0xe7e444
classic	terrain	0xe782a0	0xe7d812	jmp	0xe7e444
classic	terrain	0xe782a0	0xe7d826	jmp	0xe7e444
classic	terrain	0xe782a0	0xe7d8b6	jmp	0xe7e444
classic	terrain	0xe782a0	0xe7d8e7	jmp	0xe7e444
classic	terrain	0xe782a0	0xe7d8fb	jmp	0xe7e444
classic	terrain	0xe782a0	0xe7d98b	jmp	0xe7e444
classic	terrain	0xe782a0	0xe7d9bc	jmp	0xe7e444
classic	terrain	0xe782a0	0xe7d9d0	jmp	0xe7e444
classic	terrain	0xe782a0	0xe7da60	jmp	0xe7e444
classic	terrain	0xe782a0	0xe7da91	jmp	0xe7e444
classic	terrain	0xe782a0	0xe7daa5	jmp	0xe7e444
classic	terrain	0xe782a0	0xe7db35	jmp	0xe7e444
classic	terrain	0xe782a0	0xe7db66	jmp	0xe7e444
classic	terrain	0xe782a0	0xe7db7a	jmp	0xe7e444
classic	terrain	0xe782a0	0xe7dc0a	jmp	0xe7e444
classic	terrain	0xe782a0	0xe7dc3b	jmp	0xe7e444
classic	terrain	0xe782a0	0xe7dc4f	jmp	0xe7e444
classic	terrain	0xe782a0	0xe7dcdf	jmp	0xe7e444
classic	terrain	0xe782a0	0xe7dd10	jmp	0xe7e444
classic	terrain	0xe782a0	0xe7dd24	jmp	0xe7e444
classic	terrain	0xe782a0	0xe7dd38	jmp	0xe7e444
classic	terrain	0xe782a0	0xe7dd4c	jmp	0xe7e444
classic	terrain	0xe782a0	0xe7dd5e	jmp	0xe7e43b
classic	terrain	0xe782a0	0xe7dd7e	jb	0xe7dd95
classic	terrain	0xe782a0	0xe7ddaa	je	0xe7ddc1
classic	terrain	0xe782a0	0xe7dddf	je	0xe7de35
classic	terrain	0xe782a0	0xe7ddf1	jge	0xe7ddfd
classic	terrain	0xe782a0	0xe7de05	jge	0xe7de0e
classic	terrain	0xe782a0	0xe7de1e	je	0xe7de35
classic	terrain	0xe782a0	0xe7de4b	je	0xe7deaa
classic	terrain	0xe782a0	0xe7de57	jge	0xe7de63
classic	terrain	0xe782a0	0xe7de6b	jge	0xe7de74
classic	terrain	0xe782a0	0xe7de93	je	0xe7deaa
classic	terrain	0xe782a0	0xe7debf	jns	0xe7ded6
classic	terrain	0xe782a0	0xe7df1d	je	0xe7e053
classic	terrain	0xe782a0	0xe7df2b	je	0xe7df51
classic	terrain	0xe782a0	0xe7df30	je	0xe7df4d
classic	terrain	0xe782a0	0xe7df35	je	0xe7df49
classic	terrain	0xe782a0	0xe7df3a	je	0xe7df45
classic	terrain	0xe782a0	0xe7df3f	jne	0xe7df5b
classic	terrain	0xe782a0	0xe7df43	jmp	0xe7df53
classic	terrain	0xe782a0	0xe7df47	jmp	0xe7df53
classic	terrain	0xe782a0	0xe7df4b	jmp	0xe7df53
classic	terrain	0xe782a0	0xe7df4f	jmp	0xe7df53
classic	terrain	0xe782a0	0xe7df65	ja	0xe7df90
classic	terrain	0xe782a0	0xe7df67	je	0xe7dfe1
classic	terrain	0xe782a0	0xe7df71	ja	0xe7dfe5
classic	terrain	0xe782a0	0xe7df8e	jmp	rcx
classic	terrain	0xe782a0	0xe7df95	ja	0xe7dfc2
classic	terrain	0xe782a0	0xe7df97	je	0xe7dfe1
classic	terrain	0xe782a0	0xe7dfa3	ja	0xe7dfe5
classic	terrain	0xe782a0	0xe7dfc0	jmp	rcx
classic	terrain	0xe782a0	0xe7dfca	ja	0xe7dfe5
classic	terrain	0xe782a0	0xe7dfdf	jmp	rcx
classic	terrain	0xe782a0	0xe7dfe3	jmp	0xe7dfe7
classic	terrain	0xe782a0	0xe7e011	je	0xe7e037
classic	terrain	0xe782a0	0xe7e016	je	0xe7e033
classic	terrain	0xe782a0	0xe7e01b	je	0xe7e02f
classic	terrain	0xe782a0	0xe7e020	je	0xe7e02b
classic	terrain	0xe782a0	0xe7e025	jne	0xe7e041
classic	terrain	0xe782a0	0xe7e029	jmp	0xe7e039
classic	terrain	0xe782a0	0xe7e02d	jmp	0xe7e039
classic	terrain	0xe782a0	0xe7e031	jmp	0xe7e039
classic	terrain	0xe782a0	0xe7e035	jmp	0xe7e039
classic	terrain	0xe782a0	0xe7e04e	jmp	0xe7e213
classic	terrain	0xe782a0	0xe7e066	ja	0xe7e08a
classic	terrain	0xe782a0	0xe7e07c	jmp	rcx
classic	terrain	0xe782a0	0xe7e085	jmp	0xe7e230
classic	terrain	0xe782a0	0xe7e093	je	0xe7e206
classic	terrain	0xe782a0	0xe7e09c	je	0xe7e206
classic	terrain	0xe782a0	0xe7e0a5	je	0xe7e206
classic	terrain	0xe782a0	0xe7e0ae	je	0xe7e206
classic	terrain	0xe782a0	0xe7e0be	ja	0xe7e10c
classic	terrain	0xe782a0	0xe7e0c0	je	0xe7e206
classic	terrain	0xe782a0	0xe7e0cc	je	0xe7e206
classic	terrain	0xe782a0	0xe7e0d5	je	0xe7e206
classic	terrain	0xe782a0	0xe7e0de	je	0xe7e206
classic	terrain	0xe782a0	0xe7e0f0	ja	0xe7e1c7
classic	terrain	0xe782a0	0xe7e10a	jmp	rcx
classic	terrain	0xe782a0	0xe7e115	ja	0xe7e0e4
classic	terrain	0xe782a0	0xe7e12c	jmp	rcx
classic	terrain	0xe782a0	0xe7e138	ja	0xe7e15c
classic	terrain	0xe782a0	0xe7e13a	je	0xe7e19f
classic	terrain	0xe782a0	0xe7e144	ja	0xe7e1a3
classic	terrain	0xe782a0	0xe7e15a	jmp	rcx
classic	terrain	0xe782a0	0xe7e161	ja	0xe7e187
classic	terrain	0xe782a0	0xe7e163	je	0xe7e19f
classic	terrain	0xe782a0	0xe7e16f	ja	0xe7e1a3
classic	terrain	0xe782a0	0xe7e185	jmp	rcx
classic	terrain	0xe782a0	0xe7e18f	ja	0xe7e1a3
classic	terrain	0xe782a0	0xe7e19d	jmp	rcx
classic	terrain	0xe782a0	0xe7e1a1	jmp	0xe7e1a5
classic	terrain	0xe782a0	0xe7e1c5	jmp	0xe7e213
classic	terrain	0xe782a0	0xe7e1cd	jne	0xe7e21b
classic	terrain	0xe782a0	0xe7e1e0	je	0xe7e21b
classic	terrain	0xe782a0	0xe7e1f5	je	0xe7e21b
classic	terrain	0xe782a0	0xe7e204	jmp	0xe7e213
classic	terrain	0xe782a0	0xe7e22e	ja	0xe7e268
classic	terrain	0xe782a0	0xe7e244	jmp	rcx
classic	terrain	0xe782a0	0xe7e263	jmp	0xe7e32b
classic	terrain	0xe782a0	0xe7e272	ja	0xe7e296
classic	terrain	0xe782a0	0xe7e274	je	0xe7e2d9
classic	terrain	0xe782a0	0xe7e27e	ja	0xe7e2f0
classic	terrain	0xe782a0	0xe7e294	jmp	rcx
classic	terrain	0xe782a0	0xe7e29b	ja	0xe7e2c1
classic	terrain	0xe782a0	0xe7e29d	je	0xe7e2d9
classic	terrain	0xe782a0	0xe7e2a9	ja	0xe7e2f0
classic	terrain	0xe782a0	0xe7e2bf	jmp	rcx
classic	terrain	0xe782a0	0xe7e2c9	ja	0xe7e2f0
classic	terrain	0xe782a0	0xe7e2d7	jmp	rcx
classic	terrain	0xe782a0	0xe7e2ee	jmp	0xe7e32b
classic	terrain	0xe782a0	0xe7e344	je	0xe7e42e
classic	terrain	0xe782a0	0xe7e350	je	0xe7e42e
classic	terrain	0xe782a0	0xe7e359	je	0xe7e42e
classic	terrain	0xe782a0	0xe7e362	je	0xe7e42e
classic	terrain	0xe782a0	0xe7e36b	je	0xe7e42e
classic	terrain	0xe782a0	0xe7e37a	je	0xe7e42e
classic	terrain	0xe782a0	0xe7e38a	ja	0xe7e3a8
classic	terrain	0xe782a0	0xe7e38c	je	0xe7e41f
classic	terrain	0xe782a0	0xe7e395	je	0xe7e41f
classic	terrain	0xe782a0	0xe7e3a1	je	0xe7e41f
classic	terrain	0xe782a0	0xe7e3a6	jmp	0xe7e3b3
classic	terrain	0xe782a0	0xe7e3ae	je	0xe7e41f
classic	terrain	0xe782a0	0xe7e3b3	je	0xe7e41f
classic	terrain	0xe782a0	0xe7e3bb	jne	0xe7e410
classic	terrain	0xe782a0	0xe7e3ce	je	0xe7e3e6
classic	terrain	0xe782a0	0xe7e3e4	jmp	0xe7e3e8
classic	terrain	0xe782a0	0xe7e40e	jmp	0xe7e43b
classic	terrain	0xe782a0	0xe7e41d	jmp	0xe7e43b
classic	terrain	0xe782a0	0xe7e42c	jmp	0xe7e43b
classic	lookinfo	0x404420	0x40446e	jbe	0x404473
classic	lookinfo	0x404420	0x40447c	ja	0x40606e
classic	lookinfo	0x404420	0x4044a0	jmp	rcx
classic	lookinfo	0x404420	0x4044be	je	0x4052c4
classic	lookinfo	0x404420	0x4044c8	je	0x4052c4
classic	lookinfo	0x404420	0x4044d4	js	0x404507
classic	lookinfo	0x404420	0x4044f1	je	0x40450a
classic	lookinfo	0x404420	0x404505	jle	0x4044e0
classic	lookinfo	0x404420	0x40450d	je	0x4052c4
classic	lookinfo	0x404420	0x40452e	jmp	0x406069
classic	lookinfo	0x404420	0x40455e	jmp	0x406069
classic	lookinfo	0x404420	0x40456f	ja	0x404670
classic	lookinfo	0x404420	0x404580	jmp	rcx
classic	lookinfo	0x404420	0x4045a9	jmp	0x404668
classic	lookinfo	0x404420	0x4045cb	jmp	0x404668
classic	lookinfo	0x404420	0x4045f7	jmp	0x404668
classic	lookinfo	0x404420	0x404620	jmp	0x404668
classic	lookinfo	0x404420	0x40462f	jmp	0x404668
classic	lookinfo	0x404420	0x40463e	jmp	0x404668
classic	lookinfo	0x404420	0x40464d	jmp	0x404668
classic	lookinfo	0x404420	0x40465c	jmp	0x404668
classic	lookinfo	0x404420	0x404686	jl	0x40469d
classic	lookinfo	0x404420	0x4046b6	jmp	0x406069
classic	lookinfo	0x404420	0x4046c2	ja	0x404804
classic	lookinfo	0x404420	0x4046d3	jmp	rcx
classic	lookinfo	0x404420	0x4046dc	jmp	0x4047f6
classic	lookinfo	0x404420	0x4046fa	jmp	0x406069
classic	lookinfo	0x404420	0x404718	jmp	0x406069
classic	lookinfo	0x404420	0x404736	jmp	0x406069
classic	lookinfo	0x404420	0x404754	jmp	0x406069
classic	lookinfo	0x404420	0x404772	jmp	0x406069
classic	lookinfo	0x404420	0x404790	jmp	0x406069
classic	lookinfo	0x404420	0x4047ae	jmp	0x406069
classic	lookinfo	0x404420	0x4047cc	jmp	0x406069
classic	lookinfo	0x404420	0x4047ea	jmp	0x406069
classic	lookinfo	0x404420	0x404808	jmp	0x406069
classic	lookinfo	0x404420	0x40483a	jmp	0x40606e
classic	lookinfo	0x404420	0x40485b	je	0x4048e2
classic	lookinfo	0x404420	0x404865	je	0x4048e2
classic	lookinfo	0x404420	0x40486d	js	0x40489a
classic	lookinfo	0x404420	0x404884	je	0x40489d
classic	lookinfo	0x404420	0x404898	jle	0x404870
classic	lookinfo	0x404420	0x4048a0	je	0x4048e2
classic	lookinfo	0x404420	0x4048aa	jne	0x4048c6
classic	lookinfo	0x404420	0x4048c1	jmp	0x406069
classic	lookinfo	0x404420	0x4048c9	jne	0x4048e2
classic	lookinfo	0x404420	0x4048e9	jmp	0x406069
classic	lookinfo	0x404420	0x40490a	je	0x40495e
classic	lookinfo	0x404420	0x404910	je	0x40495e
classic	lookinfo	0x404420	0x404918	js	0x404947
classic	lookinfo	0x404420	0x404931	je	0x40494a
classic	lookinfo	0x404420	0x404945	jle	0x404920
classic	lookinfo	0x404420	0x40494d	je	0x40495e
classic	lookinfo	0x404420	0x404965	jmp	0x406069
classic	lookinfo	0x404420	0x404972	je	0x4049ec
classic	lookinfo	0x404420	0x40498c	je	0x406062
classic	lookinfo	0x404420	0x404998	js	0x4049c7
classic	lookinfo	0x404420	0x4049b1	je	0x4049ca
classic	lookinfo	0x404420	0x4049c5	jle	0x4049a0
classic	lookinfo	0x404420	0x4049cd	je	0x406062
classic	lookinfo	0x404420	0x4049e7	jmp	0x406062
classic	lookinfo	0x404420	0x4049f0	je	0x404aa9
classic	lookinfo	0x404420	0x404a2e	js	0x404a7c
classic	lookinfo	0x404420	0x404a4b	jae	0x404a7c
classic	lookinfo	0x404420	0x404a5c	je	0x404a7c
classic	lookinfo	0x404420	0x404a66	jbe	0x404a6b
classic	lookinfo	0x404420	0x404a9a	jbe	0x406062
classic	lookinfo	0x404420	0x404aa4	jmp	0x404ca7
classic	lookinfo	0x404420	0x404aaf	ja	0x404aca
classic	lookinfo	0x404420	0x404ac5	jmp	0x406062
classic	lookinfo	0x404420	0x404acd	jae	0x404b3e
classic	lookinfo	0x404420	0x404ae0	jbe	0x404ae5
classic	lookinfo	0x404420	0x404aeb	js	0x406062
classic	lookinfo	0x404420	0x404b0c	jae	0x406062
classic	lookinfo	0x404420	0x404b1d	je	0x406062
classic	lookinfo	0x404420	0x404b2c	jbe	0x404b31
classic	lookinfo	0x404420	0x404b39	jmp	0x406062
classic	lookinfo	0x404420	0x404b44	jae	0x404bfb
classic	lookinfo	0x404420	0x404b7f	js	0x404bcd
classic	lookinfo	0x404420	0x404b9c	jae	0x404bcd
classic	lookinfo	0x404420	0x404bad	je	0x404bcd
classic	lookinfo	0x404420	0x404bb7	jbe	0x404bbc
classic	lookinfo	0x404420	0x404bec	jbe	0x406062
classic	lookinfo	0x404420	0x404bf6	jmp	0x404ca7
classic	lookinfo	0x404420	0x404c30	js	0x404c7e
classic	lookinfo	0x404420	0x404c4d	jae	0x404c7e
classic	lookinfo	0x404420	0x404c5e	je	0x404c7e
classic	lookinfo	0x404420	0x404c68	jbe	0x404c6d
classic	lookinfo	0x404420	0x404c9d	jbe	0x406062
classic	lookinfo	0x404420	0x404cb4	jb	0x404ccf
classic	lookinfo	0x404420	0x404cc9	ja	0x405fc6
classic	lookinfo	0x404420	0x404cd4	jmp	0x406062
classic	lookinfo	0x404420	0x404ce6	ja	0x404ff6
classic	lookinfo	0x404420	0x404cf7	jmp	rcx
classic	lookinfo	0x404420	0x404d12	jmp	0x406069
classic	lookinfo	0x404420	0x404d4a	jmp	0x406069
classic	lookinfo	0x404420	0x404d68	jmp	0x406069
classic	lookinfo	0x404420	0x404d9a	jmp	0x406069
classic	lookinfo	0x404420	0x404dba	je	0x404ea4
classic	lookinfo	0x404420	0x404dc7	jle	0x404df4
classic	lookinfo	0x404420	0x404df2	jg	0x404dd0
classic	lookinfo	0x404420	0x404dfb	je	0x404ea4
classic	lookinfo	0x404420	0x404e04	jge	0x404ea4
classic	lookinfo	0x404420	0x404e17	je	0x404e26
classic	lookinfo	0x404420	0x404e22	jl	0x404e10
classic	lookinfo	0x404420	0x404e24	jmp	0x404ea4
classic	lookinfo	0x404420	0x404e3c	je	0x404ea4
classic	lookinfo	0x404420	0x404e51	jne	0x404ea4
classic	lookinfo	0x404420	0x404ea8	jne	0x404ff6
classic	lookinfo	0x404420	0x404ec7	jmp	0x406069
classic	lookinfo	0x404420	0x404ee5	jmp	0x406069
classic	lookinfo	0x404420	0x404f03	jmp	0x406069
classic	lookinfo	0x404420	0x404f34	jmp	0x406069
classic	lookinfo	0x404420	0x404f7b	jmp	0x406069
classic	lookinfo	0x404420	0x404f87	jmp	0x404d74
classic	lookinfo	0x404420	0x404fa2	jmp	0x406069
classic	lookinfo	0x404420	0x404fc0	jmp	0x406069
classic	lookinfo	0x404420	0x404fde	jmp	0x406069
classic	lookinfo	0x404420	0x404ff9	jmp	0x406069
classic	lookinfo	0x404420	0x40501a	jmp	0x406069
classic	lookinfo	0x404420	0x40502d	je	0x405089
classic	lookinfo	0x404420	0x405084	jmp	0x406069
classic	lookinfo	0x404420	0x4050a0	je	0x4050fc
classic	lookinfo	0x404420	0x4050ac	js	0x4050fc
classic	lookinfo	0x404420	0x4050c9	jae	0x4050fc
classic	lookinfo	0x404420	0x4050f3	je	0x405103
classic	lookinfo	0x404420	0x4050fa	jmp	0x405103
classic	lookinfo	0x404420	0x405118	je	0x405150
classic	lookinfo	0x404420	0x40511d	je	0x405141
classic	lookinfo	0x404420	0x405122	je	0x405138
classic	lookinfo	0x404420	0x405127	jne	0x405193
classic	lookinfo	0x404420	0x405136	jmp	0x40518a
classic	lookinfo	0x404420	0x40513f	jmp	0x405184
classic	lookinfo	0x404420	0x40514e	jmp	0x40518a
classic	lookinfo	0x404420	0x405153	je	0x40517d
classic	lookinfo	0x404420	0x405158	je	0x40516e
classic	lookinfo	0x404420	0x40515d	jne	0x405193
classic	lookinfo	0x404420	0x40516c	jmp	0x40518a
classic	lookinfo	0x404420	0x40517b	jmp	0x40518a
classic	lookinfo	0x404420	0x4051fc	jmp	0x40606e
classic	lookinfo	0x404420	0x40521d	je	0x405257
classic	lookinfo	0x404420	0x405223	je	0x405257
classic	lookinfo	0x404420	0x40522b	js	0x405257
classic	lookinfo	0x404420	0x405241	je	0x40525a
classic	lookinfo	0x404420	0x405255	jle	0x405230
classic	lookinfo	0x404420	0x40525d	je	0x4052c4
classic	lookinfo	0x404420	0x4052cb	jmp	0x406069
classic	lookinfo	0x404420	0x4052ec	jmp	0x406069
classic	lookinfo	0x404420	0x4052fb	jne	0x40530c
classic	lookinfo	0x404420	0x40530a	jmp	0x405341
classic	lookinfo	0x404420	0x40530f	je	0x405320
classic	lookinfo	0x404420	0x40531e	jmp	0x405341
classic	lookinfo	0x404420	0x405323	je	0x405334
classic	lookinfo	0x404420	0x405332	jmp	0x405341
classic	lookinfo	0x404420	0x4053b3	jbe	0x40606e
classic	lookinfo	0x404420	0x4053ca	jb	0x4053e5
classic	lookinfo	0x404420	0x4053df	ja	0x405fc6
classic	lookinfo	0x404420	0x4053ea	jmp	0x40606e
classic	lookinfo	0x404420	0x405484	jmp	0x40606e
classic	lookinfo	0x404420	0x405491	jne	0x4054ad
classic	lookinfo	0x404420	0x4054a8	jmp	0x406062
classic	lookinfo	0x404420	0x4054b0	jne	0x406062
classic	lookinfo	0x404420	0x4054d7	je	0x405fcd
classic	lookinfo	0x404420	0x4054e0	je	0x405ae4
classic	lookinfo	0x404420	0x4054e9	je	0x40550f
classic	lookinfo	0x404420	0x4054ee	jne	0x405aa8
classic	lookinfo	0x404420	0x40550a	jmp	0x405aa8
classic	lookinfo	0x404420	0x405538	je	0x405994
classic	lookinfo	0x404420	0x405551	js	0x4056a2
classic	lookinfo	0x404420	0x405561	jge	0x4056a2
classic	lookinfo	0x404420	0x40556b	js	0x4056a2
classic	lookinfo	0x404420	0x40557b	jge	0x4056a2
classic	lookinfo	0x404420	0x405584	js	0x4056a2
classic	lookinfo	0x404420	0x405592	jge	0x4056a2
classic	lookinfo	0x404420	0x4055b2	je	0x4056a2
classic	lookinfo	0x404420	0x4055cf	je	0x4056a2
classic	lookinfo	0x404420	0x4055df	jge	0x4055eb
classic	lookinfo	0x404420	0x4055f5	jge	0x405601
classic	lookinfo	0x404420	0x405633	jae	0x4056c1
classic	lookinfo	0x404420	0x405648	jne	0x405693
classic	lookinfo	0x404420	0x405653	jne	0x405693
classic	lookinfo	0x404420	0x40566f	jbe	0x405693
classic	lookinfo	0x404420	0x405691	jmp	0x405630
classic	lookinfo	0x404420	0x4056a0	jmp	0x405630
classic	lookinfo	0x404420	0x4056bf	jmp	0x4056d7
classic	lookinfo	0x404420	0x4056db	jne	0x4056eb
classic	lookinfo	0x404420	0x405712	ja	0x40588b
classic	lookinfo	0x404420	0x405730	je	0x40588b
classic	lookinfo	0x404420	0x40573a	je	0x40588b
classic	lookinfo	0x404420	0x405746	js	0x40588b
classic	lookinfo	0x404420	0x405764	je	0x405780
classic	lookinfo	0x404420	0x405779	jle	0x405750
classic	lookinfo	0x404420	0x40577b	jmp	0x40588b
classic	lookinfo	0x404420	0x405783	je	0x40588b
classic	lookinfo	0x404420	0x405790	je	0x40588b
classic	lookinfo	0x404420	0x4057bb	je	0x4057e9
classic	lookinfo	0x404420	0x4057c4	je	0x4057e9
classic	lookinfo	0x404420	0x4057cc	je	0x4057e9
classic	lookinfo	0x404420	0x4057dd	je	0x4057e9
classic	lookinfo	0x404420	0x4057e7	jmp	0x4057ed
classic	lookinfo	0x404420	0x4057f0	je	0x405815
classic	lookinfo	0x404420	0x4057f6	je	0x405815
classic	lookinfo	0x404420	0x405850	jbe	0x405886
classic	lookinfo	0x404420	0x405863	jb	0x405881
classic	lookinfo	0x404420	0x405878	jbe	0x405881
classic	lookinfo	0x404420	0x4058ae	je	0x405909
classic	lookinfo	0x404420	0x4058b8	je	0x4058e7
classic	lookinfo	0x404420	0x4058ca	jbe	0x4058cf
classic	lookinfo	0x404420	0x405902	jbe	0x405916
classic	lookinfo	0x404420	0x405907	jmp	0x405916
classic	lookinfo	0x404420	0x405952	jbe	0x405988
classic	lookinfo	0x404420	0x405965	jb	0x405983
classic	lookinfo	0x404420	0x40597a	jbe	0x405983
classic	lookinfo	0x404420	0x405996	je	0x4059a4
classic	lookinfo	0x404420	0x4059a2	jmp	0x4059b5
classic	lookinfo	0x404420	0x4059a6	je	0x4059be
classic	lookinfo	0x404420	0x405a37	je	0x405a45
classic	lookinfo	0x404420	0x405a43	jmp	0x405a52
classic	lookinfo	0x404420	0x405a60	jbe	0x405a96
classic	lookinfo	0x404420	0x405a73	jb	0x405a91
classic	lookinfo	0x404420	0x405a88	jbe	0x405a91
classic	lookinfo	0x404420	0x405ab1	jbe	0x405abd
classic	lookinfo	0x404420	0x405ac3	je	0x406046
classic	lookinfo	0x404420	0x405ae2	jmp	rcx
classic	lookinfo	0x404420	0x405b20	js	0x405b66
classic	lookinfo	0x404420	0x405b33	jae	0x405b66
classic	lookinfo	0x404420	0x405b38	js	0x405b66
classic	lookinfo	0x404420	0x405b5a	jae	0x405b66
classic	lookinfo	0x404420	0x405b64	jmp	0x405b6a
classic	lookinfo	0x404420	0x405b89	je	0x405c12
classic	lookinfo	0x404420	0x405b92	js	0x405c53
classic	lookinfo	0x404420	0x405ba9	jae	0x405c17
classic	lookinfo	0x404420	0x405bae	js	0x405c17
classic	lookinfo	0x404420	0x405bd0	jae	0x405c17
classic	lookinfo	0x404420	0x405be1	je	0x405c17
classic	lookinfo	0x404420	0x405beb	jbe	0x405bf0
classic	lookinfo	0x404420	0x405c00	jne	0x405c53
classic	lookinfo	0x404420	0x405c10	jmp	0x405c17
classic	lookinfo	0x404420	0x405c15	js	0x405c53
classic	lookinfo	0x404420	0x405c25	jae	0x405c53
classic	lookinfo	0x404420	0x405c36	je	0x405c53
classic	lookinfo	0x404420	0x405c41	jbe	0x405c46
classic	lookinfo	0x404420	0x405c81	je	0x405e8e
classic	lookinfo	0x404420	0x405c9a	js	0x405dd9
classic	lookinfo	0x404420	0x405ca7	jge	0x405dd9
classic	lookinfo	0x404420	0x405cb1	js	0x405dd9
classic	lookinfo	0x404420	0x405cbe	jge	0x405dd9
classic	lookinfo	0x404420	0x405cc7	js	0x405dd9
classic	lookinfo	0x404420	0x405cd3	jge	0x405dd9
classic	lookinfo	0x404420	0x405cf3	je	0x405dd9
classic	lookinfo	0x404420	0x405d10	je	0x405dd9
classic	lookinfo	0x404420	0x405d20	jge	0x405d2c
classic	lookinfo	0x404420	0x405d36	jge	0x405d42
classic	lookinfo	0x404420	0x405d73	jae	0x405dea
classic	lookinfo	0x404420	0x405d84	jne	0x405dce
classic	lookinfo	0x404420	0x405d8f	jne	0x405dce
classic	lookinfo	0x404420	0x405dab	jbe	0x405dce
classic	lookinfo	0x404420	0x405dcc	jmp	0x405d70
classic	lookinfo	0x404420	0x405dd7	jmp	0x405d70
classic	lookinfo	0x404420	0x405de8	jmp	0x405e06
classic	lookinfo	0x404420	0x405e0b	jne	0x405e14
classic	lookinfo	0x404420	0x405e96	js	0x405f5f
classic	lookinfo	0x404420	0x405ebc	jae	0x405f5f
classic	lookinfo	0x404420	0x405ee3	je	0x405f5f
classic	lookinfo	0x404420	0x405f2b	je	0x405f44
classic	lookinfo	0x404420	0x405f36	jbe	0x405f3b
classic	lookinfo	0x404420	0x405f67	je	0x405f75
classic	lookinfo	0x404420	0x405f73	jmp	0x405f82
classic	lookinfo	0x404420	0x405f90	jbe	0x405a96
classic	lookinfo	0x404420	0x405fa7	jb	0x405a91
classic	lookinfo	0x404420	0x405fc0	jbe	0x405a91
classic	lookinfo	0x404420	0x405fe3	jmp	0x405aa8
classic	lookinfo	0x404420	0x405ff2	jmp	0x40603d
classic	lookinfo	0x404420	0x405ffe	jmp	0x40603d
classic	lookinfo	0x404420	0x40600a	jmp	0x40603d
classic	lookinfo	0x404420	0x406016	jmp	0x40603d
classic	lookinfo	0x404420	0x40601f	jmp	0x40603a
classic	lookinfo	0x404420	0x406028	jmp	0x40603a
classic	lookinfo	0x404420	0x406031	jmp	0x40603a
classic	lookinfo	0x404420	0x40604a	je	0x406062
classic	lookinfo-producer	0x4061b0	0x40621b	je	0x407d89
classic	lookinfo-producer	0x4061b0	0x406235	jne	0x4067e9
classic	lookinfo-producer	0x4061b0	0x40625e	jne	0x4067e9
classic	lookinfo-producer	0x4061b0	0x40627f	je	0x407d7c
classic	lookinfo-producer	0x4061b0	0x40628c	je	0x407d7c
classic	lookinfo-producer	0x4061b0	0x4062cd	je	0x40633b
classic	lookinfo-producer	0x4061b0	0x4062d3	je	0x40633b
classic	lookinfo-producer	0x4061b0	0x4062d9	jle	0x40633b
classic	lookinfo-producer	0x4061b0	0x4062e0	jne	0x40633b
classic	lookinfo-producer	0x4061b0	0x4062e7	jne	0x40633b
classic	lookinfo-producer	0x4061b0	0x4062ee	jne	0x40633b
classic	lookinfo-producer	0x4061b0	0x406357	jne	0x4062c0
classic	lookinfo-producer	0x4061b0	0x406380	je	0x407d7c
classic	lookinfo-producer	0x4061b0	0x4063b0	jle	0x406595
classic	lookinfo-producer	0x4061b0	0x4063d5	jne	0x406578
classic	lookinfo-producer	0x4061b0	0x406406	je	0x406573
classic	lookinfo-producer	0x4061b0	0x406417	jne	0x406573
classic	lookinfo-producer	0x4061b0	0x406427	je	0x406431
classic	lookinfo-producer	0x4061b0	0x40644a	je	0x406503
classic	lookinfo-producer	0x4061b0	0x40647e	jg	0x4064e8
classic	lookinfo-producer	0x4061b0	0x406495	jg	0x4064e8
classic	lookinfo-producer	0x4061b0	0x40649c	jne	0x4064e8
classic	lookinfo-producer	0x4061b0	0x4064a2	jne	0x4064e8
classic	lookinfo-producer	0x4061b0	0x4064f0	jne	0x406460
classic	lookinfo-producer	0x4061b0	0x406513	jne	0x406578
classic	lookinfo-producer	0x4061b0	0x406520	jne	0x406578
classic	lookinfo-producer	0x4061b0	0x40652a	jne	0x406578
classic	lookinfo-producer	0x4061b0	0x406582	jl	0x4063c0
classic	lookinfo-producer	0x4061b0	0x4065b2	jns	0x40661c
classic	lookinfo-producer	0x4061b0	0x406604	je	0x406613
classic	lookinfo-producer	0x4061b0	0x406611	jmp	0x40661c
classic	lookinfo-producer	0x4061b0	0x406620	je	0x406690
classic	lookinfo-producer	0x4061b0	0x406678	je	0x406687
classic	lookinfo-producer	0x4061b0	0x406685	jmp	0x406690
classic	lookinfo-producer	0x4061b0	0x406694	je	0x406704
classic	lookinfo-producer	0x4061b0	0x4066ec	je	0x4066fb
classic	lookinfo-producer	0x4061b0	0x4066f9	jmp	0x406704
classic	lookinfo-producer	0x4061b0	0x40671f	jne	0x406728
classic	lookinfo-producer	0x4061b0	0x406726	jmp	0x406777
classic	lookinfo-producer	0x4061b0	0x40672a	jne	0x406733
classic	lookinfo-producer	0x4061b0	0x406731	jmp	0x406777
classic	lookinfo-producer	0x4061b0	0x406735	jne	0x40673e
classic	lookinfo-producer	0x4061b0	0x40673c	jmp	0x406777
classic	lookinfo-producer	0x4061b0	0x406740	jne	0x406749
classic	lookinfo-producer	0x4061b0	0x406747	jmp	0x406777
classic	lookinfo-producer	0x4061b0	0x40674b	jne	0x406754
classic	lookinfo-producer	0x4061b0	0x406752	jmp	0x406777
classic	lookinfo-producer	0x4061b0	0x406756	jne	0x40675f
classic	lookinfo-producer	0x4061b0	0x40675d	jmp	0x406777
classic	lookinfo-producer	0x4061b0	0x406761	jne	0x40676a
classic	lookinfo-producer	0x4061b0	0x406768	jmp	0x406777
classic	lookinfo-producer	0x4061b0	0x40676c	jne	0x407d7c
classic	lookinfo-producer	0x4061b0	0x4067c9	je	0x4067db
classic	lookinfo-producer	0x4061b0	0x4067d6	jmp	0x407d7c
classic	lookinfo-producer	0x4061b0	0x4067e4	jmp	0x407d7c
classic	lookinfo-producer	0x4061b0	0x4067fd	jb	0x407d7c
classic	lookinfo-producer	0x4061b0	0x40681d	je	0x406928
classic	lookinfo-producer	0x4061b0	0x40683b	jne	0x4068fc
classic	lookinfo-producer	0x4061b0	0x40684e	jne	0x4068fc
classic	lookinfo-producer	0x4061b0	0x40685b	jne	0x4068fc
classic	lookinfo-producer	0x4061b0	0x40687f	je	0x4068fc
classic	lookinfo-producer	0x4061b0	0x4068e4	je	0x4068f3
classic	lookinfo-producer	0x4061b0	0x4068f1	jmp	0x4068fc
classic	lookinfo-producer	0x4061b0	0x40691d	jb	0x406830
classic	lookinfo-producer	0x4061b0	0x406944	jae	0x406a3c
classic	lookinfo-producer	0x4061b0	0x406952	je	0x406a2e
classic	lookinfo-producer	0x4061b0	0x40695d	jne	0x406a2e
classic	lookinfo-producer	0x4061b0	0x406968	jne	0x406a2e
classic	lookinfo-producer	0x4061b0	0x406973	jne	0x406a2e
classic	lookinfo-producer	0x4061b0	0x4069cd	je	0x4069d5
classic	lookinfo-producer	0x4061b0	0x406a0a	je	0x406a25
classic	lookinfo-producer	0x4061b0	0x406a20	jmp	0x406941
classic	lookinfo-producer	0x4061b0	0x406a37	jmp	0x406941
classic	lookinfo-producer	0x4061b0	0x406a48	js	0x406a89
classic	lookinfo-producer	0x4061b0	0x406a51	jge	0x406a89
classic	lookinfo-producer	0x4061b0	0x406a57	js	0x406a89
classic	lookinfo-producer	0x4061b0	0x406a60	jge	0x406a89
classic	lookinfo-producer	0x4061b0	0x406a66	js	0x406a89
classic	lookinfo-producer	0x4061b0	0x406a73	jge	0x406a89
classic	lookinfo-producer	0x4061b0	0x406a87	jne	0x406a95
classic	lookinfo-producer	0x4061b0	0x406a90	jmp	0x406c44
classic	lookinfo-producer	0x4061b0	0x406ab6	je	0x406c34
classic	lookinfo-producer	0x4061b0	0x406ad9	je	0x406c40
classic	lookinfo-producer	0x4061b0	0x406b0b	je	0x406c05
classic	lookinfo-producer	0x4061b0	0x406b15	je	0x406c05
classic	lookinfo-producer	0x4061b0	0x406b23	js	0x406b5b
classic	lookinfo-producer	0x4061b0	0x406b44	je	0x406b5e
classic	lookinfo-producer	0x4061b0	0x406b57	jle	0x406b30
classic	lookinfo-producer	0x4061b0	0x406b61	je	0x406c05
classic	lookinfo-producer	0x4061b0	0x406b6e	jne	0x406c05
classic	lookinfo-producer	0x4061b0	0x406b7c	jne	0x406c05
classic	lookinfo-producer	0x4061b0	0x406b87	jne	0x406c05
classic	lookinfo-producer	0x4061b0	0x406b91	jne	0x406c05
classic	lookinfo-producer	0x4061b0	0x406bed	je	0x406bfc
classic	lookinfo-producer	0x4061b0	0x406bfa	jmp	0x406c05
classic	lookinfo-producer	0x4061b0	0x406c25	jb	0x406af0
classic	lookinfo-producer	0x4061b0	0x406c32	jmp	0x406c4a
classic	lookinfo-producer	0x4061b0	0x406c3e	jmp	0x406c4a
classic	lookinfo-producer	0x4061b0	0x406c54	je	0x406d2b
classic	lookinfo-producer	0x4061b0	0x406c67	jne	0x406d15
classic	lookinfo-producer	0x4061b0	0x406c74	jne	0x406d15
classic	lookinfo-producer	0x4061b0	0x406c81	jne	0x406d15
classic	lookinfo-producer	0x4061b0	0x406c8c	jne	0x406d15
classic	lookinfo-producer	0x4061b0	0x406c97	jne	0x406d15
classic	lookinfo-producer	0x4061b0	0x406cfd	je	0x406d0c
classic	lookinfo-producer	0x4061b0	0x406d0a	jmp	0x406d15
classic	lookinfo-producer	0x4061b0	0x406d21	jne	0x406c60
classic	lookinfo-producer	0x4061b0	0x406d4e	je	0x406fc6
classic	lookinfo-producer	0x4061b0	0x406d6f	je	0x406f96
classic	lookinfo-producer	0x4061b0	0x406d8e	je	0x406f96
classic	lookinfo-producer	0x4061b0	0x406d9b	jne	0x406f96
classic	lookinfo-producer	0x4061b0	0x406daf	je	0x406dd4
classic	lookinfo-producer	0x4061b0	0x406db6	je	0x406dd4
classic	lookinfo-producer	0x4061b0	0x406dcd	jne	0x406dff
classic	lookinfo-producer	0x4061b0	0x406dcf	jmp	0x406f96
classic	lookinfo-producer	0x4061b0	0x406dda	jl	0x406f96
classic	lookinfo-producer	0x4061b0	0x406de3	jg	0x406f96
classic	lookinfo-producer	0x4061b0	0x406df0	jl	0x406f96
classic	lookinfo-producer	0x4061b0	0x406df9	jg	0x406f96
classic	lookinfo-producer	0x4061b0	0x406e67	je	0x406e76
classic	lookinfo-producer	0x4061b0	0x406e74	jmp	0x406e7f
classic	lookinfo-producer	0x4061b0	0x406e86	jne	0x406f96
classic	lookinfo-producer	0x4061b0	0x406ea2	je	0x406f96
classic	lookinfo-producer	0x4061b0	0x406ecc	je	0x406f96
classic	lookinfo-producer	0x4061b0	0x406f4b	je	0x406f5a
classic	lookinfo-producer	0x4061b0	0x406f58	jmp	0x406f63
classic	lookinfo-producer	0x4061b0	0x406f81	jb	0x406ee0
classic	lookinfo-producer	0x4061b0	0x406fc0	jb	0x406d60
classic	lookinfo-producer	0x4061b0	0x407011	je	0x4071cb
classic	lookinfo-producer	0x4061b0	0x407038	jne	0x4071a4
classic	lookinfo-producer	0x4061b0	0x407045	ja	0x4071a4
classic	lookinfo-producer	0x4061b0	0x407056	jmp	rcx
classic	lookinfo-producer	0x4061b0	0x40705d	jne	0x4071a4
classic	lookinfo-producer	0x4061b0	0x407068	jne	0x4071a4
classic	lookinfo-producer	0x4061b0	0x407073	jne	0x4071a4
classic	lookinfo-producer	0x4061b0	0x4070db	js	0x407165
classic	lookinfo-producer	0x4061b0	0x4070e8	jge	0x407165
classic	lookinfo-producer	0x4061b0	0x4070ee	js	0x407165
classic	lookinfo-producer	0x4061b0	0x4070fd	jge	0x407165
classic	lookinfo-producer	0x4061b0	0x407108	js	0x407165
classic	lookinfo-producer	0x4061b0	0x407111	jge	0x407165
classic	lookinfo-producer	0x4061b0	0x407125	je	0x407165
classic	lookinfo-producer	0x4061b0	0x407141	je	0x407165
classic	lookinfo-producer	0x4061b0	0x40715f	je	0x407165
classic	lookinfo-producer	0x4061b0	0x40717b	je	0x40718a
classic	lookinfo-producer	0x4061b0	0x407188	jmp	0x407193
classic	lookinfo-producer	0x4061b0	0x4071c1	jb	0x407030
classic	lookinfo-producer	0x4061b0	0x4071ee	je	0x4072b0
classic	lookinfo-producer	0x4061b0	0x407208	jne	0x407284
classic	lookinfo-producer	0x4061b0	0x40720f	jne	0x407284
classic	lookinfo-producer	0x4061b0	0x407216	jne	0x407284
classic	lookinfo-producer	0x4061b0	0x40726c	je	0x40727b
classic	lookinfo-producer	0x4061b0	0x407279	jmp	0x407284
classic	lookinfo-producer	0x4061b0	0x4072aa	jb	0x407200
classic	lookinfo-producer	0x4061b0	0x4072cb	je	0x407382
classic	lookinfo-producer	0x4061b0	0x4072dc	jne	0x40735b
classic	lookinfo-producer	0x4061b0	0x4072e3	jne	0x40735b
classic	lookinfo-producer	0x4061b0	0x4072ed	jne	0x40735b
classic	lookinfo-producer	0x4061b0	0x407343	je	0x407352
classic	lookinfo-producer	0x4061b0	0x407350	jmp	0x40735b
classic	lookinfo-producer	0x4061b0	0x40737c	jb	0x4072d4
classic	lookinfo-producer	0x4061b0	0x4073da	je	0x4073e9
classic	lookinfo-producer	0x4061b0	0x4073e7	jmp	0x4073f2
classic	lookinfo-producer	0x4061b0	0x407408	jle	0x407736
classic	lookinfo-producer	0x4061b0	0x407412	js	0x407593
classic	lookinfo-producer	0x4061b0	0x407423	jge	0x407593
classic	lookinfo-producer	0x4061b0	0x40742d	js	0x407593
classic	lookinfo-producer	0x4061b0	0x407440	jge	0x407593
classic	lookinfo-producer	0x4061b0	0x40744a	js	0x407593
classic	lookinfo-producer	0x4061b0	0x407457	jge	0x407593
classic	lookinfo-producer	0x4061b0	0x407467	je	0x407597
classic	lookinfo-producer	0x4061b0	0x40748c	je	0x407597
classic	lookinfo-producer	0x4061b0	0x4074b2	je	0x40759b
classic	lookinfo-producer	0x4061b0	0x407504	jge	0x407573
classic	lookinfo-producer	0x4061b0	0x407513	jge	0x407573
classic	lookinfo-producer	0x4061b0	0x40751c	jge	0x407573
classic	lookinfo-producer	0x4061b0	0x407538	je	0x407573
classic	lookinfo-producer	0x4061b0	0x40754f	je	0x407573
classic	lookinfo-producer	0x4061b0	0x40756d	je	0x407573
classic	lookinfo-producer	0x4061b0	0x40758e	jmp	0x407708
classic	lookinfo-producer	0x4061b0	0x407600	js	0x407681
classic	lookinfo-producer	0x4061b0	0x407609	jge	0x407681
classic	lookinfo-producer	0x4061b0	0x40760f	js	0x407681
classic	lookinfo-producer	0x4061b0	0x407618	jge	0x407681
classic	lookinfo-producer	0x4061b0	0x40761e	js	0x407681
classic	lookinfo-producer	0x4061b0	0x407627	jge	0x407681
classic	lookinfo-producer	0x4061b0	0x407633	je	0x407681
classic	lookinfo-producer	0x4061b0	0x407654	je	0x407681
classic	lookinfo-producer	0x4061b0	0x407679	jge	0x40768f
classic	lookinfo-producer	0x4061b0	0x40767f	jmp	0x40768f
classic	lookinfo-producer	0x4061b0	0x40768d	js	0x407708
classic	lookinfo-producer	0x4061b0	0x407696	jge	0x407708
classic	lookinfo-producer	0x4061b0	0x40769c	js	0x407708
classic	lookinfo-producer	0x4061b0	0x4076a5	jge	0x407708
classic	lookinfo-producer	0x4061b0	0x4076ab	js	0x407708
classic	lookinfo-producer	0x4061b0	0x4076b4	jge	0x407708
classic	lookinfo-producer	0x4061b0	0x4076c0	je	0x407708
classic	lookinfo-producer	0x4061b0	0x4076e1	je	0x407708
classic	lookinfo-producer	0x4061b0	0x407702	je	0x407708
classic	lookinfo-producer	0x4061b0	0x40771e	je	0x40772d
classic	lookinfo-producer	0x4061b0	0x40772b	jmp	0x407736
classic	lookinfo-producer	0x4061b0	0x40773d	je	0x4079a8
classic	lookinfo-producer	0x4061b0	0x40774e	jge	0x40775a
classic	lookinfo-producer	0x4061b0	0x407766	jge	0x407772
classic	lookinfo-producer	0x4061b0	0x407783	js	0x40799e
classic	lookinfo-producer	0x4061b0	0x4077b1	jne	0x40788d
classic	lookinfo-producer	0x4061b0	0x4077d6	jbe	0x40788d
classic	lookinfo-producer	0x4061b0	0x40783e	jb	0x407849
classic	lookinfo-producer	0x4061b0	0x407847	jmp	0x40785b
classic	lookinfo-producer	0x4061b0	0x40784b	jb	0x407855
classic	lookinfo-producer	0x4061b0	0x407853	jmp	0x40785b
classic	lookinfo-producer	0x4061b0	0x407871	je	0x407880
classic	lookinfo-producer	0x4061b0	0x40787e	jmp	0x407889
classic	lookinfo-producer	0x4061b0	0x40789e	jne	0x407986
classic	lookinfo-producer	0x4061b0	0x4078c4	jle	0x407986
classic	lookinfo-producer	0x4061b0	0x407936	jl	0x407941
classic	lookinfo-producer	0x4061b0	0x40793f	jmp	0x407954
classic	lookinfo-producer	0x4061b0	0x407944	jl	0x40794e
classic	lookinfo-producer	0x4061b0	0x40794c	jmp	0x407954
classic	lookinfo-producer	0x4061b0	0x40796a	je	0x407979
classic	lookinfo-producer	0x4061b0	0x407977	jmp	0x407982
classic	lookinfo-producer	0x4061b0	0x40798f	jns	0x4077a0
classic	lookinfo-producer	0x4061b0	0x4079ac	js	0x407b08
classic	lookinfo-producer	0x4061b0	0x4079bd	jge	0x407b08
classic	lookinfo-producer	0x4061b0	0x4079c7	js	0x407b08
classic	lookinfo-producer	0x4061b0	0x4079db	jge	0x407b08
classic	lookinfo-producer	0x4061b0	0x4079e5	js	0x407b08
classic	lookinfo-producer	0x4061b0	0x4079f6	jge	0x407b08
classic	lookinfo-producer	0x4061b0	0x407a16	je	0x407b08
classic	lookinfo-producer	0x4061b0	0x407a35	je	0x407b08
classic	lookinfo-producer	0x4061b0	0x407a54	je	0x407b08
classic	lookinfo-producer	0x4061b0	0x407a99	je	0x407b08
classic	lookinfo-producer	0x4061b0	0x407ae9	jne	0x407aff
classic	lookinfo-producer	0x4061b0	0x407af1	jne	0x407aff
classic	lookinfo-producer	0x4061b0	0x407af9	je	0x407c54
classic	lookinfo-producer	0x4061b0	0x407b06	jl	0x407ad0
classic	lookinfo-producer	0x4061b0	0x407b19	je	0x407d7c
classic	lookinfo-producer	0x4061b0	0x407b36	je	0x407d7c
classic	lookinfo-producer	0x4061b0	0x407b5b	je	0x407d4d
classic	lookinfo-producer	0x4061b0	0x407b65	je	0x407d4d
classic	lookinfo-producer	0x4061b0	0x407b70	js	0x407ba8
classic	lookinfo-producer	0x4061b0	0x407b93	je	0x407bab
classic	lookinfo-producer	0x4061b0	0x407ba4	jle	0x407b80
classic	lookinfo-producer	0x4061b0	0x407bae	je	0x407d4d
classic	lookinfo-producer	0x4061b0	0x407bbb	je	0x407d4d
classic	lookinfo-producer	0x4061b0	0x407bc5	jne	0x407d4d
classic	lookinfo-producer	0x4061b0	0x407bd0	jne	0x407d4d
classic	lookinfo-producer	0x4061b0	0x407bde	jne	0x407d4d
classic	lookinfo-producer	0x4061b0	0x407c3e	je	0x407d44
classic	lookinfo-producer	0x4061b0	0x407c4f	jmp	0x407d4d
classic	lookinfo-producer	0x4061b0	0x407c5a	jge	0x407c63
classic	lookinfo-producer	0x4061b0	0x407c69	jge	0x407c72
classic	lookinfo-producer	0x4061b0	0x407d24	je	0x407d36
classic	lookinfo-producer	0x4061b0	0x407d31	jmp	0x407b12
classic	lookinfo-producer	0x4061b0	0x407d3f	jmp	0x407b12
classic	lookinfo-producer	0x4061b0	0x407d76	jb	0x407b40
classic	adventure-look-renderer	0x7f1530	0x7f15ef	jbe	0x7f4339
classic	adventure-look-renderer	0x7f1530	0x7f15fc	jg	0x7f160e
classic	adventure-look-renderer	0x7f1530	0x7f1605	jne	0x7f1644
classic	adventure-look-renderer	0x7f1530	0x7f163f	jmp	0x7f4341
classic	adventure-look-renderer	0x7f1530	0x7f164d	je	0x7f160e
classic	adventure-look-renderer	0x7f1530	0x7f1651	jne	0x7f160e
classic	adventure-look-renderer	0x7f1530	0x7f1668	je	0x7f16b8
classic	adventure-look-renderer	0x7f1530	0x7f16b3	jmp	0x7f4341
classic	adventure-look-renderer	0x7f1530	0x7f16bf	jne	0x7f4341
classic	adventure-look-renderer	0x7f1530	0x7f1702	je	0x7f1722
classic	adventure-look-renderer	0x7f1530	0x7f171c	jne	0x7f4341
classic	adventure-look-renderer	0x7f1530	0x7f172d	jne	0x7f2c66
classic	adventure-look-renderer	0x7f1530	0x7f174e	jbe	0x7f180a
classic	adventure-look-renderer	0x7f1530	0x7f17d4	jbe	0x7f180a
classic	adventure-look-renderer	0x7f1530	0x7f17e7	jb	0x7f1805
classic	adventure-look-renderer	0x7f1530	0x7f17fc	jbe	0x7f1805
classic	adventure-look-renderer	0x7f1530	0x7f183a	je	0x7f18a8
classic	adventure-look-renderer	0x7f1530	0x7f183f	je	0x7f1896
classic	adventure-look-renderer	0x7f1530	0x7f1844	je	0x7f1876
classic	adventure-look-renderer	0x7f1530	0x7f1849	jne	0x7f186d
classic	adventure-look-renderer	0x7f1530	0x7f186b	jmp	0x7f18c5
classic	adventure-look-renderer	0x7f1530	0x7f1874	jmp	0x7f18d2
classic	adventure-look-renderer	0x7f1530	0x7f1894	jmp	0x7f18c5
classic	adventure-look-renderer	0x7f1530	0x7f18a6	jmp	0x7f18bb
classic	adventure-look-renderer	0x7f1530	0x7f18e5	jge	0x7f18ee
classic	adventure-look-renderer	0x7f1530	0x7f191a	jge	0x7f2c58
classic	adventure-look-renderer	0x7f1530	0x7f195b	jae	0x7f2c58
classic	adventure-look-renderer	0x7f1530	0x7f196b	ja	0x7f2c2d
classic	adventure-look-renderer	0x7f1530	0x7f197c	jmp	rcx
classic	adventure-look-renderer	0x7f1530	0x7f1a23	jmp	0x7f2c2d
classic	adventure-look-renderer	0x7f1530	0x7f1a3d	je	0x7f2c2d
classic	adventure-look-renderer	0x7f1530	0x7f1abb	jmp	0x7f1a10
classic	adventure-look-renderer	0x7f1530	0x7f1ad5	je	0x7f2c2d
classic	adventure-look-renderer	0x7f1530	0x7f1b35	jmp	0x7f1a9d
classic	adventure-look-renderer	0x7f1530	0x7f1b4f	je	0x7f2c2d
classic	adventure-look-renderer	0x7f1530	0x7f1be1	jmp	0x7f1a10
classic	adventure-look-renderer	0x7f1530	0x7f1bfb	je	0x7f2c2d
classic	adventure-look-renderer	0x7f1530	0x7f1c74	jmp	0x7f1a10
classic	adventure-look-renderer	0x7f1530	0x7f1cf1	jne	0x7f1aa6
classic	adventure-look-renderer	0x7f1530	0x7f1d06	je	0x7f1d5a
classic	adventure-look-renderer	0x7f1530	0x7f1d55	jmp	0x7f1a0b
classic	adventure-look-renderer	0x7f1530	0x7f1d60	ja	0x7f1d7c
classic	adventure-look-renderer	0x7f1530	0x7f1d77	jmp	0x7f1a10
classic	adventure-look-renderer	0x7f1530	0x7f1d7f	jae	0x7f1d9c
classic	adventure-look-renderer	0x7f1530	0x7f1d97	jmp	0x7f1a10
classic	adventure-look-renderer	0x7f1530	0x7f1da3	jae	0x7f1df3
classic	adventure-look-renderer	0x7f1530	0x7f1dee	jmp	0x7f1a0b
classic	adventure-look-renderer	0x7f1530	0x7f1e3c	jmp	0x7f1a0b
classic	adventure-look-renderer	0x7f1530	0x7f1eb5	ja	0x7f1a10
classic	adventure-look-renderer	0x7f1530	0x7f1ec6	jmp	rcx
classic	adventure-look-renderer	0x7f1530	0x7f1ed8	jmp	0x7f1a10
classic	adventure-look-renderer	0x7f1530	0x7f1efe	jmp	0x7f1a10
classic	adventure-look-renderer	0x7f1530	0x7f1f13	jmp	0x7f1a10
classic	adventure-look-renderer	0x7f1530	0x7f1f40	jmp	0x7f1a10
classic	adventure-look-renderer	0x7f1530	0x7f1f55	jmp	0x7f1a10
classic	adventure-look-renderer	0x7f1530	0x7f1f6a	jmp	0x7f1a10
classic	adventure-look-renderer	0x7f1530	0x7f1fb1	jmp	0x7f1a10
classic	adventure-look-renderer	0x7f1530	0x7f1fee	jmp	0x7f1a10
classic	adventure-look-renderer	0x7f1530	0x7f1ffa	jmp	0x7f1f1d
classic	adventure-look-renderer	0x7f1530	0x7f200f	jmp	0x7f1a10
classic	adventure-look-renderer	0x7f1530	0x7f2024	jmp	0x7f1a10
classic	adventure-look-renderer	0x7f1530	0x7f2039	jmp	0x7f1a10
classic	adventure-look-renderer	0x7f1530	0x7f204e	jmp	0x7f1a10
classic	adventure-look-renderer	0x7f1530	0x7f207e	je	0x7f20db
classic	adventure-look-renderer	0x7f1530	0x7f208c	jne	0x7f20db
classic	adventure-look-renderer	0x7f1530	0x7f20e0	jne	0x7f1a10
classic	adventure-look-renderer	0x7f1530	0x7f20f6	jmp	0x7f1a10
classic	adventure-look-renderer	0x7f1530	0x7f2185	jmp	0x7f2c28
classic	adventure-look-renderer	0x7f1530	0x7f2214	jmp	0x7f2c28
classic	adventure-look-renderer	0x7f1530	0x7f22c0	je	0x7f2684
classic	adventure-look-renderer	0x7f1530	0x7f22c9	je	0x7f2472
classic	adventure-look-renderer	0x7f1530	0x7f22d2	je	0x7f22e9
classic	adventure-look-renderer	0x7f1530	0x7f22d7	jne	0x7f2694
classic	adventure-look-renderer	0x7f1530	0x7f22e4	jmp	0x7f268b
classic	adventure-look-renderer	0x7f1530	0x7f22fb	je	0x7f23b8
classic	adventure-look-renderer	0x7f1530	0x7f2347	jne	0x7f235c
classic	adventure-look-renderer	0x7f1530	0x7f235a	jmp	0x7f2360
classic	adventure-look-renderer	0x7f1530	0x7f23bc	je	0x7f23c7
classic	adventure-look-renderer	0x7f1530	0x7f23c5	jmp	0x7f23d4
classic	adventure-look-renderer	0x7f1530	0x7f23cb	je	0x7f23dd
classic	adventure-look-renderer	0x7f1530	0x7f245a	jne	0x7f2463
classic	adventure-look-renderer	0x7f1530	0x7f246d	jmp	0x7f2672
classic	adventure-look-renderer	0x7f1530	0x7f24ed	je	0x7f25b1
classic	adventure-look-renderer	0x7f1530	0x7f253c	jne	0x7f2552
classic	adventure-look-renderer	0x7f1530	0x7f2550	jmp	0x7f2557
classic	adventure-look-renderer	0x7f1530	0x7f25b5	js	0x7f2641
classic	adventure-look-renderer	0x7f1530	0x7f25d3	jae	0x7f2641
classic	adventure-look-renderer	0x7f1530	0x7f25f6	je	0x7f2641
classic	adventure-look-renderer	0x7f1530	0x7f265f	jne	0x7f2668
classic	adventure-look-renderer	0x7f1530	0x7f2682	jmp	0x7f2698
classic	adventure-look-renderer	0x7f1530	0x7f26b7	je	0x7f2723
classic	adventure-look-renderer	0x7f1530	0x7f26d2	jmp	rcx
classic	adventure-look-renderer	0x7f1530	0x7f26db	jmp	0x7f271a
classic	adventure-look-renderer	0x7f1530	0x7f26e4	jmp	0x7f271a
classic	adventure-look-renderer	0x7f1530	0x7f26ed	jmp	0x7f271a
classic	adventure-look-renderer	0x7f1530	0x7f26f6	jmp	0x7f271a
classic	adventure-look-renderer	0x7f1530	0x7f26ff	jmp	0x7f271a
classic	adventure-look-renderer	0x7f1530	0x7f2708	jmp	0x7f271a
classic	adventure-look-renderer	0x7f1530	0x7f2711	jmp	0x7f271a
classic	adventure-look-renderer	0x7f1530	0x7f2732	je	0x7f2744
classic	adventure-look-renderer	0x7f1530	0x7f2758	jmp	0x7f2c24
classic	adventure-look-renderer	0x7f1530	0x7f27d1	je	0x7f27ff
classic	adventure-look-renderer	0x7f1530	0x7f27d6	je	0x7f2802
classic	adventure-look-renderer	0x7f1530	0x7f27fd	jmp	0x7f2875
classic	adventure-look-renderer	0x7f1530	0x7f2808	je	0x7f282d
classic	adventure-look-renderer	0x7f1530	0x7f282b	jmp	0x7f2875
classic	adventure-look-renderer	0x7f1530	0x7f282f	je	0x7f2854
classic	adventure-look-renderer	0x7f1530	0x7f2852	jmp	0x7f2875
classic	adventure-look-renderer	0x7f1530	0x7f28e6	jmp	0x7f2c28
classic	adventure-look-renderer	0x7f1530	0x7f2977	jb	0x7f299c
classic	adventure-look-renderer	0x7f1530	0x7f299a	jmp	0x7f29bd
classic	adventure-look-renderer	0x7f1530	0x7f2a2e	jmp	0x7f2c28
classic	adventure-look-renderer	0x7f1530	0x7f2a37	je	0x7f2a45
classic	adventure-look-renderer	0x7f1530	0x7f2a43	jmp	0x7f2a64
classic	adventure-look-renderer	0x7f1530	0x7f2ad7	je	0x7f2b31
classic	adventure-look-renderer	0x7f1530	0x7f2b2c	jmp	0x7f2c10
classic	adventure-look-renderer	0x7f1530	0x7f2b3c	je	0x7f2b87
classic	adventure-look-renderer	0x7f1530	0x7f2b41	je	0x7f2b5d
classic	adventure-look-renderer	0x7f1530	0x7f2b46	je	0x7f2b54
classic	adventure-look-renderer	0x7f1530	0x7f2b4b	je	0x7f2b9f
classic	adventure-look-renderer	0x7f1530	0x7f2b50	je	0x7f2b96
classic	adventure-look-renderer	0x7f1530	0x7f2b52	jmp	0x7f2bb8
classic	adventure-look-renderer	0x7f1530	0x7f2b5b	jmp	0x7f2baf
classic	adventure-look-renderer	0x7f1530	0x7f2b60	je	0x7f2b7e
classic	adventure-look-renderer	0x7f1530	0x7f2b65	je	0x7f2b75
classic	adventure-look-renderer	0x7f1530	0x7f2b6a	jne	0x7f2bb8
classic	adventure-look-renderer	0x7f1530	0x7f2b73	jmp	0x7f2baf
classic	adventure-look-renderer	0x7f1530	0x7f2b7c	jmp	0x7f2baf
classic	adventure-look-renderer	0x7f1530	0x7f2b85	jmp	0x7f2baf
classic	adventure-look-renderer	0x7f1530	0x7f2b8a	je	0x7f2ba8
classic	adventure-look-renderer	0x7f1530	0x7f2b8f	je	0x7f2b9f
classic	adventure-look-renderer	0x7f1530	0x7f2b94	jne	0x7f2bb8
classic	adventure-look-renderer	0x7f1530	0x7f2b9d	jmp	0x7f2baf
classic	adventure-look-renderer	0x7f1530	0x7f2ba6	jmp	0x7f2baf
classic	adventure-look-renderer	0x7f1530	0x7f2c52	jl	0x7f1940
classic	adventure-look-renderer	0x7f1530	0x7f2c61	jmp	0x7f4341
classic	adventure-look-renderer	0x7f1530	0x7f2c72	je	0x7f36b4
classic	adventure-look-renderer	0x7f1530	0x7f2c88	jne	0x7f2ca9
classic	adventure-look-renderer	0x7f1530	0x7f2c8d	je	0x7f2ca9
classic	adventure-look-renderer	0x7f1530	0x7f2cba	je	0x7f3207
classic	adventure-look-renderer	0x7f1530	0x7f2cc3	je	0x7f30b7
classic	adventure-look-renderer	0x7f1530	0x7f2cfd	je	0x7f30b7
classic	adventure-look-renderer	0x7f1530	0x7f2d0a	je	0x7f30b7
classic	adventure-look-renderer	0x7f1530	0x7f2d3c	je	0x7f2d5b
classic	adventure-look-renderer	0x7f1530	0x7f2d64	je	0x7f2dcc
classic	adventure-look-renderer	0x7f1530	0x7f2d74	je	0x7f2d86
classic	adventure-look-renderer	0x7f1530	0x7f2d84	jmp	0x7f2d89
classic	adventure-look-renderer	0x7f1530	0x7f2d8b	je	0x7f2dcc
classic	adventure-look-renderer	0x7f1530	0x7f2dea	je	0x7f2e2f
classic	adventure-look-renderer	0x7f1530	0x7f2e38	jne	0x7f2e4b
classic	adventure-look-renderer	0x7f1530	0x7f2e49	je	0x7f2e52
classic	adventure-look-renderer	0x7f1530	0x7f2ee3	je	0x7f2f47
classic	adventure-look-renderer	0x7f1530	0x7f2efb	je	0x7f2f06
classic	adventure-look-renderer	0x7f1530	0x7f2f04	jne	0x7f2f3d
classic	adventure-look-renderer	0x7f1530	0x7f2f09	jne	0x7f2f3d
classic	adventure-look-renderer	0x7f1530	0x7f2f32	jb	0x7f2f4d
classic	adventure-look-renderer	0x7f1530	0x7f2f39	jne	0x7f2f4d
classic	adventure-look-renderer	0x7f1530	0x7f2f3b	jmp	0x7f2f47
classic	adventure-look-renderer	0x7f1530	0x7f2f4b	jne	0x7f2f59
classic	adventure-look-renderer	0x7f1530	0x7f2f54	jmp	0x7f3073
classic	adventure-look-renderer	0x7f1530	0x7f2f6b	jle	0x7f2f76
classic	adventure-look-renderer	0x7f1530	0x7f2f74	jmp	0x7f2fab
classic	adventure-look-renderer	0x7f1530	0x7f2f79	jl	0x7f2f84
classic	adventure-look-renderer	0x7f1530	0x7f2f82	jmp	0x7f2fab
classic	adventure-look-renderer	0x7f1530	0x7f2f87	jl	0x7f2f92
classic	adventure-look-renderer	0x7f1530	0x7f2f90	jmp	0x7f2fab
classic	adventure-look-renderer	0x7f1530	0x7f2f95	jl	0x7f2fa0
classic	adventure-look-renderer	0x7f1530	0x7f2f9e	jmp	0x7f2fab
classic	adventure-look-renderer	0x7f1530	0x7f2fa2	js	0x7f2fb4
classic	adventure-look-renderer	0x7f1530	0x7f2fc8	ja	0x7f307c
classic	adventure-look-renderer	0x7f1530	0x7f2fe0	jmp	rax
classic	adventure-look-renderer	0x7f1530	0x7f2fe9	jmp	0x7f3073
classic	adventure-look-renderer	0x7f1530	0x7f2ff5	jmp	0x7f3073
classic	adventure-look-renderer	0x7f1530	0x7f2ffe	jmp	0x7f3073
classic	adventure-look-renderer	0x7f1530	0x7f3007	jmp	0x7f3073
classic	adventure-look-renderer	0x7f1530	0x7f3010	jmp	0x7f3073
classic	adventure-look-renderer	0x7f1530	0x7f3019	jmp	0x7f3073
classic	adventure-look-renderer	0x7f1530	0x7f3022	jmp	0x7f3073
classic	adventure-look-renderer	0x7f1530	0x7f302b	jmp	0x7f3073
classic	adventure-look-renderer	0x7f1530	0x7f3034	jmp	0x7f3073
classic	adventure-look-renderer	0x7f1530	0x7f303d	jmp	0x7f3073
classic	adventure-look-renderer	0x7f1530	0x7f3046	jmp	0x7f3073
classic	adventure-look-renderer	0x7f1530	0x7f304f	jmp	0x7f3073
classic	adventure-look-renderer	0x7f1530	0x7f3058	jmp	0x7f3073
classic	adventure-look-renderer	0x7f1530	0x7f3061	jmp	0x7f3073
classic	adventure-look-renderer	0x7f1530	0x7f306a	jmp	0x7f3073
classic	adventure-look-renderer	0x7f1530	0x7f30d2	je	0x7f36a4
classic	adventure-look-renderer	0x7f1530	0x7f30e5	js	0x7f31c5
classic	adventure-look-renderer	0x7f1530	0x7f30f7	jl	0x7f31ab
classic	adventure-look-renderer	0x7f1530	0x7f3121	jne	0x7f314b
classic	adventure-look-renderer	0x7f1530	0x7f3126	jne	0x7f3130
classic	adventure-look-renderer	0x7f1530	0x7f312e	jmp	0x7f3195
classic	adventure-look-renderer	0x7f1530	0x7f3139	jne	0x7f3143
classic	adventure-look-renderer	0x7f1530	0x7f3141	jmp	0x7f319c
classic	adventure-look-renderer	0x7f1530	0x7f3149	jmp	0x7f319c
classic	adventure-look-renderer	0x7f1530	0x7f314e	jne	0x7f3178
classic	adventure-look-renderer	0x7f1530	0x7f3153	jne	0x7f315d
classic	adventure-look-renderer	0x7f1530	0x7f315b	jmp	0x7f3195
classic	adventure-look-renderer	0x7f1530	0x7f3166	jne	0x7f3170
classic	adventure-look-renderer	0x7f1530	0x7f316e	jmp	0x7f319c
classic	adventure-look-renderer	0x7f1530	0x7f3176	jmp	0x7f319c
classic	adventure-look-renderer	0x7f1530	0x7f317b	jne	0x7f3185
classic	adventure-look-renderer	0x7f1530	0x7f3183	jmp	0x7f3195
classic	adventure-look-renderer	0x7f1530	0x7f318d	je	0x7f3195
classic	adventure-look-renderer	0x7f1530	0x7f31a5	jle	0x7f3100
classic	adventure-look-renderer	0x7f1530	0x7f31b1	jle	0x7f30f0
classic	adventure-look-renderer	0x7f1530	0x7f31d7	jae	0x7f36a4
classic	adventure-look-renderer	0x7f1530	0x7f3205	jmp	0x7f31d4
classic	adventure-look-renderer	0x7f1530	0x7f320d	je	0x7f3671
classic	adventure-look-renderer	0x7f1530	0x7f3220	jne	0x7f3255
classic	adventure-look-renderer	0x7f1530	0x7f322a	jg	0x7f32cf
classic	adventure-look-renderer	0x7f1530	0x7f3238	jl	0x7f32cf
classic	adventure-look-renderer	0x7f1530	0x7f3248	jl	0x7f3600
classic	adventure-look-renderer	0x7f1530	0x7f32b0	jne	0x7f3301
classic	adventure-look-renderer	0x7f1530	0x7f32b6	jne	0x7f32da
classic	adventure-look-renderer	0x7f1530	0x7f32bc	jne	0x7f3301
classic	adventure-look-renderer	0x7f1530	0x7f32cd	jmp	0x7f32f5
classic	adventure-look-renderer	0x7f1530	0x7f32d5	jmp	0x7f3600
classic	adventure-look-renderer	0x7f1530	0x7f32de	jne	0x7f3301
classic	adventure-look-renderer	0x7f1530	0x7f32e4	jne	0x7f3301
classic	adventure-look-renderer	0x7f1530	0x7f32f8	je	0x7f3301
classic	adventure-look-renderer	0x7f1530	0x7f3308	je	0x7f3409
classic	adventure-look-renderer	0x7f1530	0x7f3327	jle	0x7f3331
classic	adventure-look-renderer	0x7f1530	0x7f332f	jmp	0x7f333a
classic	adventure-look-renderer	0x7f1530	0x7f3334	js	0x7f3519
classic	adventure-look-renderer	0x7f1530	0x7f3344	jg	0x7f33f8
classic	adventure-look-renderer	0x7f1530	0x7f3371	jne	0x7f339a
classic	adventure-look-renderer	0x7f1530	0x7f3375	jne	0x7f337f
classic	adventure-look-renderer	0x7f1530	0x7f337d	jmp	0x7f33e2
classic	adventure-look-renderer	0x7f1530	0x7f3388	jne	0x7f3392
classic	adventure-look-renderer	0x7f1530	0x7f3390	jmp	0x7f33e9
classic	adventure-look-renderer	0x7f1530	0x7f3398	jmp	0x7f33e9
classic	adventure-look-renderer	0x7f1530	0x7f339d	jne	0x7f33c6
classic	adventure-look-renderer	0x7f1530	0x7f33a1	jne	0x7f33ab
classic	adventure-look-renderer	0x7f1530	0x7f33a9	jmp	0x7f33e2
classic	adventure-look-renderer	0x7f1530	0x7f33b4	jne	0x7f33be
classic	adventure-look-renderer	0x7f1530	0x7f33bc	jmp	0x7f33e9
classic	adventure-look-renderer	0x7f1530	0x7f33c4	jmp	0x7f33e9
classic	adventure-look-renderer	0x7f1530	0x7f33c8	jne	0x7f33d2
classic	adventure-look-renderer	0x7f1530	0x7f33d0	jmp	0x7f33e2
classic	adventure-look-renderer	0x7f1530	0x7f33da	je	0x7f33e2
classic	adventure-look-renderer	0x7f1530	0x7f33f2	jle	0x7f3350
classic	adventure-look-renderer	0x7f1530	0x7f33fe	jle	0x7f3340
classic	adventure-look-renderer	0x7f1530	0x7f3404	jmp	0x7f3514
classic	adventure-look-renderer	0x7f1530	0x7f3435	je	0x7f343b
classic	adventure-look-renderer	0x7f1530	0x7f3441	jg	0x7f3514
classic	adventure-look-renderer	0x7f1530	0x7f3454	jg	0x7f3508
classic	adventure-look-renderer	0x7f1530	0x7f3481	jne	0x7f34aa
classic	adventure-look-renderer	0x7f1530	0x7f3485	jne	0x7f348f
classic	adventure-look-renderer	0x7f1530	0x7f348d	jmp	0x7f34f2
classic	adventure-look-renderer	0x7f1530	0x7f3498	jne	0x7f34a2
classic	adventure-look-renderer	0x7f1530	0x7f34a0	jmp	0x7f34f9
classic	adventure-look-renderer	0x7f1530	0x7f34a8	jmp	0x7f34f9
classic	adventure-look-renderer	0x7f1530	0x7f34ad	jne	0x7f34d6
classic	adventure-look-renderer	0x7f1530	0x7f34b1	jne	0x7f34bb
classic	adventure-look-renderer	0x7f1530	0x7f34b9	jmp	0x7f34f2
classic	adventure-look-renderer	0x7f1530	0x7f34c4	jne	0x7f34ce
classic	adventure-look-renderer	0x7f1530	0x7f34cc	jmp	0x7f34f9
classic	adventure-look-renderer	0x7f1530	0x7f34d4	jmp	0x7f34f9
classic	adventure-look-renderer	0x7f1530	0x7f34d8	jne	0x7f34e2
classic	adventure-look-renderer	0x7f1530	0x7f34e0	jmp	0x7f34f2
classic	adventure-look-renderer	0x7f1530	0x7f34ea	je	0x7f34f2
classic	adventure-look-renderer	0x7f1530	0x7f3502	jle	0x7f3460
classic	adventure-look-renderer	0x7f1530	0x7f350e	jle	0x7f3450
classic	adventure-look-renderer	0x7f1530	0x7f3533	jae	0x7f356c
classic	adventure-look-renderer	0x7f1530	0x7f3546	jne	0x7f354b
classic	adventure-look-renderer	0x7f1530	0x7f356a	jmp	0x7f3530
classic	adventure-look-renderer	0x7f1530	0x7f3573	je	0x7f35fa
classic	adventure-look-renderer	0x7f1530	0x7f358d	jne	0x7f3592
classic	adventure-look-renderer	0x7f1530	0x7f3609	jne	0x7f3624
classic	adventure-look-renderer	0x7f1530	0x7f3612	jne	0x7f3624
classic	adventure-look-renderer	0x7f1530	0x7f361a	jne	0x7f3624
classic	adventure-look-renderer	0x7f1530	0x7f3622	je	0x7f3653
classic	adventure-look-renderer	0x7f1530	0x7f3645	jge	0x7f3653
classic	adventure-look-renderer	0x7f1530	0x7f365a	je	0x7f4341
classic	adventure-look-renderer	0x7f1530	0x7f366c	jmp	0x7f4341
classic	adventure-look-renderer	0x7f1530	0x7f3678	je	0x7f3600
classic	adventure-look-renderer	0x7f1530	0x7f3688	jg	0x7f3698
classic	adventure-look-renderer	0x7f1530	0x7f3692	jge	0x7f3600
classic	adventure-look-renderer	0x7f1530	0x7f369f	jmp	0x7f3600
classic	adventure-look-renderer	0x7f1530	0x7f36af	jmp	0x7f3600
classic	adventure-look-renderer	0x7f1530	0x7f3701	jge	0x7f370a
classic	adventure-look-renderer	0x7f1530	0x7f3712	jge	0x7f371b
classic	adventure-look-renderer	0x7f1530	0x7f374d	je	0x7f403f
classic	adventure-look-renderer	0x7f1530	0x7f3756	je	0x7f3bf0
classic	adventure-look-renderer	0x7f1530	0x7f375f	je	0x7f3805
classic	adventure-look-renderer	0x7f1530	0x7f3768	jne	0x7f4110
classic	adventure-look-renderer	0x7f1530	0x7f3800	jmp	0x7f410b
classic	adventure-look-renderer	0x7f1530	0x7f386e	je	0x7f3970
classic	adventure-look-renderer	0x7f1530	0x7f38b8	jne	0x7f38c9
classic	adventure-look-renderer	0x7f1530	0x7f38c7	jmp	0x7f38d2
classic	adventure-look-renderer	0x7f1530	0x7f38d5	jne	0x7f38e0
classic	adventure-look-renderer	0x7f1530	0x7f38de	jmp	0x7f3906
classic	adventure-look-renderer	0x7f1530	0x7f38e8	jne	0x7f38f3
classic	adventure-look-renderer	0x7f1530	0x7f38f1	jmp	0x7f3906
classic	adventure-look-renderer	0x7f1530	0x7f38fd	jne	0x7f390f
classic	adventure-look-renderer	0x7f1530	0x7f396e	jmp	0x7f39ad
classic	adventure-look-renderer	0x7f1530	0x7f3973	jne	0x7f397e
classic	adventure-look-renderer	0x7f1530	0x7f397c	jmp	0x7f39a4
classic	adventure-look-renderer	0x7f1530	0x7f3986	jne	0x7f3991
classic	adventure-look-renderer	0x7f1530	0x7f398f	jmp	0x7f39a4
classic	adventure-look-renderer	0x7f1530	0x7f399b	jne	0x7f39ad
classic	adventure-look-renderer	0x7f1530	0x7f39b2	je	0x7f39bd
classic	adventure-look-renderer	0x7f1530	0x7f39bb	jmp	0x7f39c8
classic	adventure-look-renderer	0x7f1530	0x7f39bf	je	0x7f39d1
classic	adventure-look-renderer	0x7f1530	0x7f3a54	je	0x7f3a67
classic	adventure-look-renderer	0x7f1530	0x7f3a62	jmp	0x7f3b59
classic	adventure-look-renderer	0x7f1530	0x7f3ac3	jne	0x7f3b0b
classic	adventure-look-renderer	0x7f1530	0x7f3b69	jbe	0x7f3b72
classic	adventure-look-renderer	0x7f1530	0x7f3ba1	jbe	0x7f3bd7
classic	adventure-look-renderer	0x7f1530	0x7f3bb4	jb	0x7f3bd2
classic	adventure-look-renderer	0x7f1530	0x7f3bc9	jbe	0x7f3bd2
classic	adventure-look-renderer	0x7f1530	0x7f3beb	jmp	0x7f410b
classic	adventure-look-renderer	0x7f1530	0x7f3c28	js	0x7f3c7d
classic	adventure-look-renderer	0x7f1530	0x7f3c46	jae	0x7f3c7d
classic	adventure-look-renderer	0x7f1530	0x7f3c4b	js	0x7f3c7d
classic	adventure-look-renderer	0x7f1530	0x7f3c6a	jae	0x7f3c7d
classic	adventure-look-renderer	0x7f1530	0x7f3c7b	jmp	0x7f3c81
classic	adventure-look-renderer	0x7f1530	0x7f3cfd	je	0x7f3df3
classic	adventure-look-renderer	0x7f1530	0x7f3d4f	jne	0x7f3d5b
classic	adventure-look-renderer	0x7f1530	0x7f3d59	jmp	0x7f3d5f
classic	adventure-look-renderer	0x7f1530	0x7f3d77	jne	0x7f3d82
classic	adventure-look-renderer	0x7f1530	0x7f3d80	jmp	0x7f3d9d
classic	adventure-look-renderer	0x7f1530	0x7f3d85	jne	0x7f3d90
classic	adventure-look-renderer	0x7f1530	0x7f3d8e	jmp	0x7f3d9d
classic	adventure-look-renderer	0x7f1530	0x7f3d94	jne	0x7f3da6
classic	adventure-look-renderer	0x7f1530	0x7f3dfc	js	0x7f3ede
classic	adventure-look-renderer	0x7f1530	0x7f3e21	jae	0x7f3ede
classic	adventure-look-renderer	0x7f1530	0x7f3e4c	je	0x7f3ede
classic	adventure-look-renderer	0x7f1530	0x7f3e59	jne	0x7f3ea3
classic	adventure-look-renderer	0x7f1530	0x7f3e6f	jne	0x7f3e7e
classic	adventure-look-renderer	0x7f1530	0x7f3e7c	jmp	0x7f3eaa
classic	adventure-look-renderer	0x7f1530	0x7f3e81	jne	0x7f3e90
classic	adventure-look-renderer	0x7f1530	0x7f3e8e	jmp	0x7f3eaa
classic	adventure-look-renderer	0x7f1530	0x7f3e94	jne	0x7f3eaf
classic	adventure-look-renderer	0x7f1530	0x7f3ea1	jmp	0x7f3eaa
classic	adventure-look-renderer	0x7f1530	0x7f3ee7	je	0x7f3efa
classic	adventure-look-renderer	0x7f1530	0x7f3ef5	jmp	0x7f3fec
classic	adventure-look-renderer	0x7f1530	0x7f3f56	jne	0x7f3f9e
classic	adventure-look-renderer	0x7f1530	0x7f3ffc	jbe	0x7f4005
classic	adventure-look-renderer	0x7f1530	0x7f403a	jmp	0x7f410b
classic	adventure-look-renderer	0x7f1530	0x7f4065	jne	0x7f408a
classic	adventure-look-renderer	0x7f1530	0x7f4088	jmp	0x7f4107
classic	adventure-look-renderer	0x7f1530	0x7f4092	jne	0x7f40b7
classic	adventure-look-renderer	0x7f1530	0x7f40b5	jmp	0x7f4107
classic	adventure-look-renderer	0x7f1530	0x7f40c1	jne	0x7f40e6
classic	adventure-look-renderer	0x7f1530	0x7f40e4	jmp	0x7f4107
classic	adventure-look-renderer	0x7f1530	0x7f4115	je	0x7f42aa
classic	adventure-look-renderer	0x7f1530	0x7f415d	jmp	rcx
classic	adventure-look-renderer	0x7f1530	0x7f4184	jmp	0x7f42a1
classic	adventure-look-renderer	0x7f1530	0x7f41ae	jmp	0x7f42a1
classic	adventure-look-renderer	0x7f1530	0x7f41d8	jmp	0x7f42a1
classic	adventure-look-renderer	0x7f1530	0x7f4202	jmp	0x7f42a1
classic	adventure-look-renderer	0x7f1530	0x7f422c	jmp	0x7f42a1
classic	adventure-look-renderer	0x7f1530	0x7f4253	jmp	0x7f42a1
classic	adventure-look-renderer	0x7f1530	0x7f427a	jmp	0x7f42a1
classic	adventure-look-renderer	0x7f1530	0x7f42af	je	0x7f4341
classic	adventure-look-renderer	0x7f1530	0x7f4337	jmp	0x7f4341
classic	material-noun	0x14cc890	0x14cc8d5	jbe	0x14cc8da
classic	material-noun	0x14cc890	0x14cc8e0	jne	0x14cca99
classic	material-noun	0x14cc890	0x14cc8ef	je	0x14cc90d
classic	material-noun	0x14cc890	0x14cc908	jmp	0x14ccccb
classic	material-noun	0x14cc890	0x14cc911	jae	0x14cc92f
classic	material-noun	0x14cc890	0x14cc92a	jmp	0x14ccccb
classic	material-noun	0x14cc890	0x14cc931	jne	0x14cca5f
classic	material-noun	0x14cc890	0x14cc939	je	0x14cc957
classic	material-noun	0x14cc890	0x14cc952	jmp	0x14ccccb
classic	material-noun	0x14cc890	0x14cc959	je	0x14cc977
classic	material-noun	0x14cc890	0x14cc972	jmp	0x14ccccb
classic	material-noun	0x14cc890	0x14cc979	je	0x14cc997
classic	material-noun	0x14cc890	0x14cc992	jmp	0x14ccccb
classic	material-noun	0x14cc890	0x14cc999	je	0x14cc9b7
classic	material-noun	0x14cc890	0x14cc9b2	jmp	0x14ccccb
classic	material-noun	0x14cc890	0x14cc9b9	je	0x14cc9d7
classic	material-noun	0x14cc890	0x14cc9d2	jmp	0x14ccccb
classic	material-noun	0x14cc890	0x14cc9db	jae	0x14cc9f9
classic	material-noun	0x14cc890	0x14cc9f4	jmp	0x14ccccb
classic	material-noun	0x14cc890	0x14cc9fd	jae	0x14cca1b
classic	material-noun	0x14cc890	0x14cca16	jmp	0x14ccccb
classic	material-noun	0x14cc890	0x14cca1f	jae	0x14cca3d
classic	material-noun	0x14cc890	0x14cca38	jmp	0x14ccccb
classic	material-noun	0x14cc890	0x14cca41	jae	0x14cca99
classic	material-noun	0x14cc890	0x14cca5a	jmp	0x14ccccb
classic	material-noun	0x14cc890	0x14cca94	jmp	0x14ccccb
classic	material-noun	0x14cc890	0x14ccaad	ja	0x14ccc25
classic	material-noun	0x14cc890	0x14ccacb	je	0x14ccc25
classic	material-noun	0x14cc890	0x14ccad4	je	0x14ccc25
classic	material-noun	0x14cc890	0x14ccae1	js	0x14ccc25
classic	material-noun	0x14cc890	0x14ccb03	je	0x14ccb1f
classic	material-noun	0x14cc890	0x14ccb18	jle	0x14ccaf0
classic	material-noun	0x14cc890	0x14ccb1a	jmp	0x14ccc25
classic	material-noun	0x14cc890	0x14ccb22	je	0x14ccc25
classic	material-noun	0x14cc890	0x14ccb2f	je	0x14ccc25
classic	material-noun	0x14cc890	0x14ccb5b	je	0x14ccb89
classic	material-noun	0x14cc890	0x14ccb64	je	0x14ccb89
classic	material-noun	0x14cc890	0x14ccb6c	je	0x14ccb89
classic	material-noun	0x14cc890	0x14ccb7d	je	0x14ccb89
classic	material-noun	0x14cc890	0x14ccb87	jmp	0x14ccb8d
classic	material-noun	0x14cc890	0x14ccb90	je	0x14ccbb5
classic	material-noun	0x14cc890	0x14ccb96	je	0x14ccbb5
classic	material-noun	0x14cc890	0x14ccbee	jbe	0x14ccc25
classic	material-noun	0x14cc890	0x14ccc02	jb	0x14ccc20
classic	material-noun	0x14cc890	0x14ccc17	jbe	0x14ccc20
classic	material-noun	0x14cc890	0x14ccc3a	je	0x14cccb4
classic	material-noun	0x14cc890	0x14ccc44	je	0x14ccc78
classic	material-noun	0x14cc890	0x14ccc56	jbe	0x14ccc5b
classic	material-noun	0x14cc890	0x14ccc8e	jne	0x14ccc97
classic	material-noun	0x14cc890	0x14ccca3	jbe	0x14ccca8
classic	material-noun	0x14cc890	0x14cccb2	jmp	0x14ccccb
classic	grass-event-lookup	0x14cc2a0	0x14cc2bc	js	0x14cc398
classic	grass-event-lookup	0x14cc2a0	0x14cc2c9	jge	0x14cc398
classic	grass-event-lookup	0x14cc2a0	0x14cc2d2	js	0x14cc398
classic	grass-event-lookup	0x14cc2a0	0x14cc2de	jge	0x14cc398
classic	grass-event-lookup	0x14cc2a0	0x14cc2e8	js	0x14cc398
classic	grass-event-lookup	0x14cc2a0	0x14cc2f8	jge	0x14cc398
classic	grass-event-lookup	0x14cc2a0	0x14cc308	je	0x14cc398
classic	grass-event-lookup	0x14cc2a0	0x14cc32f	je	0x14cc398
classic	grass-event-lookup	0x14cc2a0	0x14cc346	jae	0x14cc378
classic	grass-event-lookup	0x14cc2a0	0x14cc357	jne	0x14cc372
classic	grass-event-lookup	0x14cc2a0	0x14cc370	ja	0x14cc37a
classic	grass-event-lookup	0x14cc2a0	0x14cc376	jmp	0x14cc343
classic	construction-material	0xa44750	0xa447ab	je	0xa44e17
classic	construction-material	0xa44750	0xa447e3	jne	0xa447fb
classic	construction-material	0xa44750	0xa44816	je	0xa44ae7
classic	construction-material	0xa44750	0xa44826	jne	0xa44836
classic	construction-material	0xa44750	0xa44830	je	0xa44acc
classic	construction-material	0xa44750	0xa4485b	ja	0xa449d8
classic	construction-material	0xa44750	0xa44879	je	0xa449d8
classic	construction-material	0xa44750	0xa44882	je	0xa449d8
classic	construction-material	0xa44750	0xa4488f	js	0xa449d8
classic	construction-material	0xa44750	0xa448b3	je	0xa448cf
classic	construction-material	0xa44750	0xa448c8	jle	0xa448a0
classic	construction-material	0xa44750	0xa448ca	jmp	0xa449d8
classic	construction-material	0xa44750	0xa448d2	je	0xa449d8
classic	construction-material	0xa44750	0xa448df	je	0xa449d8
classic	construction-material	0xa44750	0xa4490b	je	0xa44939
classic	construction-material	0xa44750	0xa44914	je	0xa44939
classic	construction-material	0xa44750	0xa4491c	je	0xa44939
classic	construction-material	0xa44750	0xa4492d	je	0xa44939
classic	construction-material	0xa44750	0xa44937	jmp	0xa4493d
classic	construction-material	0xa44750	0xa44940	je	0xa44962
classic	construction-material	0xa44750	0xa44946	je	0xa44962
classic	construction-material	0xa44750	0xa4499a	jbe	0xa449d0
classic	construction-material	0xa44750	0xa449ad	jb	0xa449cb
classic	construction-material	0xa44750	0xa449c2	jbe	0xa449cb
classic	construction-material	0xa44750	0xa449f1	je	0xa44a48
classic	construction-material	0xa44750	0xa449fb	je	0xa44a31
classic	construction-material	0xa44750	0xa44a0d	jbe	0xa44a12
classic	construction-material	0xa44750	0xa44a41	jbe	0xa44a4e
classic	construction-material	0xa44750	0xa44a46	jmp	0xa44a4e
classic	construction-material	0xa44750	0xa44a91	jbe	0xa44ac7
classic	construction-material	0xa44750	0xa44aa4	jb	0xa44ac2
classic	construction-material	0xa44750	0xa44ab9	jbe	0xa44ac2
classic	construction-material	0xa44750	0xa44b11	ja	0xa44c85
classic	construction-material	0xa44750	0xa44b2f	je	0xa44c85
classic	construction-material	0xa44750	0xa44b38	je	0xa44c85
classic	construction-material	0xa44750	0xa44b45	js	0xa44c85
classic	construction-material	0xa44750	0xa44b63	je	0xa44b7f
classic	construction-material	0xa44750	0xa44b78	jle	0xa44b50
classic	construction-material	0xa44750	0xa44b7a	jmp	0xa44c85
classic	construction-material	0xa44750	0xa44b82	je	0xa44c85
classic	construction-material	0xa44750	0xa44b8f	je	0xa44c85
classic	construction-material	0xa44750	0xa44bbb	je	0xa44be9
classic	construction-material	0xa44750	0xa44bc4	je	0xa44be9
classic	construction-material	0xa44750	0xa44bcc	je	0xa44be9
classic	construction-material	0xa44750	0xa44bdd	je	0xa44be9
classic	construction-material	0xa44750	0xa44be7	jmp	0xa44bed
classic	construction-material	0xa44750	0xa44bf0	je	0xa44c12
classic	construction-material	0xa44750	0xa44bf6	je	0xa44c12
classic	construction-material	0xa44750	0xa44c4c	jbe	0xa44c82
classic	construction-material	0xa44750	0xa44c5f	jb	0xa44c7d
classic	construction-material	0xa44750	0xa44c74	jbe	0xa44c7d
classic	construction-material	0xa44750	0xa44c9e	je	0xa44cfa
classic	construction-material	0xa44750	0xa44ca8	je	0xa44ce0
classic	construction-material	0xa44750	0xa44cba	jbe	0xa44cbf
classic	construction-material	0xa44750	0xa44cf2	jbe	0xa44d00
classic	construction-material	0xa44750	0xa44cf8	jmp	0xa44d00
classic	construction-material	0xa44750	0xa44d32	je	0xa44d4d
classic	construction-material	0xa44750	0xa44d37	je	0xa44d4d
classic	construction-material	0xa44750	0xa44d3c	jne	0xa44d63
classic	construction-material	0xa44750	0xa44d4b	jmp	0xa44d5a
classic	construction-material	0xa44750	0xa44d91	jbe	0xa44dc8
classic	construction-material	0xa44750	0xa44da5	jb	0xa44dc3
classic	construction-material	0xa44750	0xa44dba	jbe	0xa44dc3
classic	construction-material	0xa44750	0xa44de1	jbe	0xa44e17
classic	construction-material	0xa44750	0xa44df4	jb	0xa44e12
classic	construction-material	0xa44750	0xa44e09	jbe	0xa44e12
classic	plant-parts	0x13fac90	0x13facd7	je	0x13fad61
classic	plant-parts	0x13fac90	0x13face0	je	0x13fad61
classic	plant-parts	0x13fac90	0x13face5	je	0x13facf0
classic	plant-parts	0x13fac90	0x13facea	jne	0x13fb152
classic	plant-parts	0x13fac90	0x13facf8	js	0x13fb139
classic	plant-parts	0x13fac90	0x13fad19	jae	0x13fb139
classic	plant-parts	0x13fac90	0x13fad2e	je	0x13fb139
classic	plant-parts	0x13fac90	0x13fad3d	jbe	0x13fad42
classic	plant-parts	0x13fac90	0x13fad56	je	0x13fb139
classic	plant-parts	0x13fac90	0x13fad5c	jmp	0x13fb0fc
classic	plant-parts	0x13fac90	0x13fad7b	js	0x13fb139
classic	plant-parts	0x13fac90	0x13fad8e	jae	0x13fb0b5
classic	plant-parts	0x13fac90	0x13fad9b	je	0x13fb0bb
classic	plant-parts	0x13fac90	0x13fadaa	je	0x13fb0bb
classic	plant-parts	0x13fac90	0x13fadb9	je	0x13fb0bb
classic	plant-parts	0x13fac90	0x13fadc8	ja	0x13fb152
classic	plant-parts	0x13fac90	0x13fade9	jmp	rcx
classic	plant-parts	0x13fac90	0x13fadf3	jne	0x13fae29
classic	plant-parts	0x13fac90	0x13fae02	jbe	0x13fae07
classic	plant-parts	0x13fac90	0x13fae24	jmp	0x13fb152
classic	plant-parts	0x13fac90	0x13fae39	jbe	0x13fae3e
classic	plant-parts	0x13fac90	0x13fae46	jmp	0x13fb152
classic	plant-parts	0x13fac90	0x13fae53	jne	0x13fae89
classic	plant-parts	0x13fac90	0x13fae62	jbe	0x13fae67
classic	plant-parts	0x13fac90	0x13fae84	jmp	0x13fb152
classic	plant-parts	0x13fac90	0x13fae99	jbe	0x13fae9e
classic	plant-parts	0x13fac90	0x13faea6	jmp	0x13fb152
classic	plant-parts	0x13fac90	0x13faeb3	jne	0x13faefe
classic	plant-parts	0x13fac90	0x13faed7	jbe	0x13faedc
classic	plant-parts	0x13fac90	0x13faef9	jmp	0x13fb152
classic	plant-parts	0x13fac90	0x13faf0e	jbe	0x13faf13
classic	plant-parts	0x13fac90	0x13faf1b	jmp	0x13fb152
classic	plant-parts	0x13fac90	0x13faf3d	jne	0x13faf73
classic	plant-parts	0x13fac90	0x13faf4c	jbe	0x13faf51
classic	plant-parts	0x13fac90	0x13faf6e	jmp	0x13fb152
classic	plant-parts	0x13fac90	0x13faf83	jbe	0x13faf88
classic	plant-parts	0x13fac90	0x13faf90	jmp	0x13fb152
classic	plant-parts	0x13fac90	0x13faf9d	jne	0x13fafd3
classic	plant-parts	0x13fac90	0x13fafac	jbe	0x13fafb1
classic	plant-parts	0x13fac90	0x13fafce	jmp	0x13fb152
classic	plant-parts	0x13fac90	0x13fafe3	jbe	0x13fafe8
classic	plant-parts	0x13fac90	0x13faff0	jmp	0x13fb152
classic	plant-parts	0x13fac90	0x13faffd	jne	0x13fb033
classic	plant-parts	0x13fac90	0x13fb00c	jbe	0x13fb011
classic	plant-parts	0x13fac90	0x13fb02e	jmp	0x13fb152
classic	plant-parts	0x13fac90	0x13fb043	jbe	0x13fb048
classic	plant-parts	0x13fac90	0x13fb050	jmp	0x13fb152
classic	plant-parts	0x13fac90	0x13fb05d	jne	0x13fb093
classic	plant-parts	0x13fac90	0x13fb06c	jbe	0x13fb071
classic	plant-parts	0x13fac90	0x13fb08e	jmp	0x13fb152
classic	plant-parts	0x13fac90	0x13fb0a3	jbe	0x13fb0a8
classic	plant-parts	0x13fac90	0x13fb0b0	jmp	0x13fb152
classic	plant-parts	0x13fac90	0x13fb0b9	js	0x13fb139
classic	plant-parts	0x13fac90	0x13fb0c5	jae	0x13fb139
classic	plant-parts	0x13fac90	0x13fb0d6	je	0x13fb139
classic	plant-parts	0x13fac90	0x13fb0e1	jbe	0x13fb0e6
classic	plant-parts	0x13fac90	0x13fb0f6	je	0x13fb135
classic	plant-parts	0x13fac90	0x13fb10f	jl	0x13fb139
classic	plant-parts	0x13fac90	0x13fb120	jg	0x13fb139
classic	plant-parts	0x13fac90	0x13fb156	jbe	0x13fb18d
classic	plant-parts	0x13fac90	0x13fb16a	jb	0x13fb188
classic	plant-parts	0x13fac90	0x13fb17f	jbe	0x13fb188
classic	material-decode	0x14cbbe0	0x14cbc21	ja	0x14cbc55
classic	material-decode	0x14cbbe0	0x14cbc23	je	0x14cbc76
classic	material-decode	0x14cbbe0	0x14cbc2e	ja	0x14cbc7c
classic	material-decode	0x14cbbe0	0x14cbc4c	jmp	rcx
classic	material-decode	0x14cbbe0	0x14cbc53	jmp	0x14cbc80
classic	material-decode	0x14cbbe0	0x14cbc5e	ja	0x14cbc7c
classic	material-decode	0x14cbbe0	0x14cbc74	jmp	rax
classic	material-decode	0x14cbbe0	0x14cbc7a	jmp	0x14cbc80
classic	material-decode	0x14cbbe0	0x14cbc96	je	0x14cbd08
classic	material-decode	0x14cbbe0	0x14cbcc7	je	0x14cbd08
classic	material-decode	0x14cbbe0	0x14cbd03	jmp	0x14cc08b
classic	material-decode	0x14cbbe0	0x14cbd51	je	0x14cbde2
classic	material-decode	0x14cbbe0	0x14cbd6c	je	0x14cbdd2
classic	material-decode	0x14cbbe0	0x14cbd76	jge	0x14cbd7f
classic	material-decode	0x14cbbe0	0x14cbd8c	jge	0x14cbd95
classic	material-decode	0x14cbbe0	0x14cbda9	je	0x14cbdd2
classic	material-decode	0x14cbbe0	0x14cbdb1	jne	0x14cbe51
classic	material-decode	0x14cbbe0	0x14cbdd0	jmp	0x14cbe51
classic	material-decode	0x14cbbe0	0x14cbde0	jmp	0x14cbe51
classic	material-decode	0x14cbbe0	0x14cbded	jne	0x14cbdbb
classic	material-decode	0x14cbbe0	0x14cbdfa	je	0x14cbe2a
classic	material-decode	0x14cbbe0	0x14cbe16	je	0x14cbe51
classic	material-decode	0x14cbbe0	0x14cbe28	jmp	0x14cbe51
classic	material-decode	0x14cbbe0	0x14cbe3f	je	0x14cbebf
classic	material-decode	0x14cbbe0	0x14cbe49	je	0x14cbeaa
classic	material-decode	0x14cbbe0	0x14cbe62	jne	0x14cc081
classic	material-decode	0x14cbbe0	0x14cbe7f	je	0x14cc081
classic	material-decode	0x14cbbe0	0x14cbe8c	jle	0x14cc078
classic	material-decode	0x14cbbe0	0x14cbe9d	je	0x14cc078
classic	material-decode	0x14cbbe0	0x14cbea5	jmp	0x14cc07a
classic	material-decode	0x14cbbe0	0x14cbebd	jmp	0x14cbe4e
classic	material-decode	0x14cbbe0	0x14cbec9	js	0x14cbf32
classic	material-decode	0x14cbbe0	0x14cbee6	jae	0x14cbf32
classic	material-decode	0x14cbbe0	0x14cbef0	jle	0x14cbf01
classic	material-decode	0x14cbbe0	0x14cbefa	je	0x14cbf01
classic	material-decode	0x14cbbe0	0x14cbeff	jmp	0x14cbf04
classic	material-decode	0x14cbbe0	0x14cbf10	je	0x14cbf3b
classic	material-decode	0x14cbbe0	0x14cbf14	je	0x14cbe51
classic	material-decode	0x14cbbe0	0x14cbf2d	jmp	0x14cbe4e
classic	material-decode	0x14cbbe0	0x14cbf3d	jne	0x14cbe51
classic	material-decode	0x14cbbe0	0x14cbf86	je	0x14cbff3
classic	material-decode	0x14cbbe0	0x14cbf9a	js	0x14cbff3
classic	material-decode	0x14cbbe0	0x14cbfad	js	0x14cbfe7
classic	material-decode	0x14cbbe0	0x14cbfc7	jae	0x14cbfe7
classic	material-decode	0x14cbbe0	0x14cbfd1	jle	0x14cbfe1
classic	material-decode	0x14cbbe0	0x14cbfdb	je	0x14cbfe1
classic	material-decode	0x14cbbe0	0x14cbfdf	jmp	0x14cbfe3
classic	material-decode	0x14cbbe0	0x14cbfe5	jne	0x14cc017
classic	material-decode	0x14cbbe0	0x14cbff1	jns	0x14cbfa3
classic	material-decode	0x14cbbe0	0x14cc008	ja	0x14cc033
classic	material-decode	0x14cbbe0	0x14cc012	jmp	0x14cbe56
classic	material-decode	0x14cbbe0	0x14cc02e	jmp	0x14cbe56
classic	material-decode	0x14cbbe0	0x14cc073	jmp	0x14cbe56
classic	material-decode	0x14cbbe0	0x14cc07c	je	0x14cc081
classic	material-lookup	0x14a8ce0	0x14a8cfe	ja	0x14a8d6a
classic	material-lookup	0x14a8ce0	0x14a8d03	js	0x14a8d5d
classic	material-lookup	0x14a8ce0	0x14a8d20	jae	0x14a8d5d
classic	material-lookup	0x14a8ce0	0x14a8d25	js	0x14a8d5d
classic	material-lookup	0x14a8ce0	0x14a8d4e	jae	0x14a8d5d
classic	material-lookup	0x14a8ce0	0x14a8d57	jne	0x14a8e09
classic	material-lookup	0x14a8ce0	0x14a8d71	jbe	0x14a8df1
classic	material-lookup	0x14a8ce0	0x14a8d82	jbe	0x14a8df1
classic	material-lookup	0x14a8ce0	0x14a8d87	jne	0x14a8dcd
classic	material-lookup	0x14a8ce0	0x14a8d8c	js	0x14a8dc0
classic	material-lookup	0x14a8ce0	0x14a8da9	jae	0x14a8dc0
classic	material-lookup	0x14a8ce0	0x14a8db2	je	0x14a8dc0
classic	material-lookup	0x14a8ce0	0x14a8dd5	ja	0x14a8de9
classic	material-lookup	0x14a8ce0	0x14a8e00	jne	0x14a8e09
classic	spoor-shorten	0x52b330	0x52b355	jb	0x52b75a
classic	spoor-shorten	0x52b330	0x52b363	jbe	0x52b368
classic	spoor-shorten	0x52b330	0x52b36d	je	0x52b384
classic	spoor-shorten	0x52b330	0x52b376	jbe	0x52b37b
classic	spoor-shorten	0x52b330	0x52b37e	jne	0x52b435
classic	spoor-shorten	0x52b330	0x52b38b	jbe	0x52b390
classic	spoor-shorten	0x52b330	0x52b394	jne	0x52b435
classic	spoor-shorten	0x52b330	0x52b3a3	jbe	0x52b3bd
classic	spoor-shorten	0x52b330	0x52b3bb	jmp	0x52b3d6
classic	spoor-shorten	0x52b330	0x52b3ff	jbe	0x52b406
classic	spoor-shorten	0x52b330	0x52b404	jmp	0x52b409
classic	spoor-shorten	0x52b330	0x52b42f	jbe	0x52b8d9
classic	spoor-shorten	0x52b330	0x52b43a	jb	0x52b75a
classic	spoor-shorten	0x52b330	0x52b44b	jbe	0x52b450
classic	spoor-shorten	0x52b330	0x52b458	je	0x52b46f
classic	spoor-shorten	0x52b330	0x52b461	jbe	0x52b466
classic	spoor-shorten	0x52b330	0x52b469	jne	0x52b593
classic	spoor-shorten	0x52b330	0x52b476	jbe	0x52b47b
classic	spoor-shorten	0x52b330	0x52b47f	je	0x52b498
classic	spoor-shorten	0x52b330	0x52b489	jbe	0x52b48e
classic	spoor-shorten	0x52b330	0x52b492	jne	0x52b593
classic	spoor-shorten	0x52b330	0x52b4a3	jbe	0x52b4a8
classic	spoor-shorten	0x52b330	0x52b4ac	jne	0x52b593
classic	spoor-shorten	0x52b330	0x52b4c8	jbe	0x52b4d6
classic	spoor-shorten	0x52b330	0x52b4d4	jmp	0x52b4e0
classic	spoor-shorten	0x52b330	0x52b501	jbe	0x52b51b
classic	spoor-shorten	0x52b330	0x52b519	jmp	0x52b534
classic	spoor-shorten	0x52b330	0x52b55d	jbe	0x52b564
classic	spoor-shorten	0x52b330	0x52b562	jmp	0x52b567
classic	spoor-shorten	0x52b330	0x52b58d	jbe	0x52b8d9
classic	spoor-shorten	0x52b330	0x52b598	jb	0x52b75a
classic	spoor-shorten	0x52b330	0x52b5a9	jbe	0x52b5ae
classic	spoor-shorten	0x52b330	0x52b5b1	je	0x52b5c8
classic	spoor-shorten	0x52b330	0x52b5ba	jbe	0x52b5bf
classic	spoor-shorten	0x52b330	0x52b5c2	jne	0x52b75a
classic	spoor-shorten	0x52b330	0x52b5cf	jbe	0x52b5d4
classic	spoor-shorten	0x52b330	0x52b5d8	je	0x52b5f1
classic	spoor-shorten	0x52b330	0x52b5e2	jbe	0x52b5e7
classic	spoor-shorten	0x52b330	0x52b5eb	jne	0x52b75a
classic	spoor-shorten	0x52b330	0x52b5fc	jbe	0x52b601
classic	spoor-shorten	0x52b330	0x52b605	je	0x52b61d
classic	spoor-shorten	0x52b330	0x52b60e	jbe	0x52b613
classic	spoor-shorten	0x52b330	0x52b617	jne	0x52b75a
classic	spoor-shorten	0x52b330	0x52b624	jbe	0x52b629
classic	spoor-shorten	0x52b330	0x52b62d	jne	0x52b75a
classic	spoor-shorten	0x52b330	0x52b64d	jbe	0x52b65b
classic	spoor-shorten	0x52b330	0x52b659	jmp	0x52b665
classic	spoor-shorten	0x52b330	0x52b692	jbe	0x52b6a0
classic	spoor-shorten	0x52b330	0x52b69e	jmp	0x52b6aa
classic	spoor-shorten	0x52b330	0x52b6cb	jbe	0x52b6e5
classic	spoor-shorten	0x52b330	0x52b6e3	jmp	0x52b6fe
classic	spoor-shorten	0x52b330	0x52b724	jbe	0x52b72b
classic	spoor-shorten	0x52b330	0x52b729	jmp	0x52b72e
classic	spoor-shorten	0x52b330	0x52b754	jbe	0x52b8d9
classic	spoor-shorten	0x52b330	0x52b762	jl	0x52b8c0
classic	spoor-shorten	0x52b330	0x52b77b	jbe	0x52b780
classic	spoor-shorten	0x52b330	0x52b785	je	0x52b8b2
classic	spoor-shorten	0x52b330	0x52b792	jbe	0x52b797
classic	spoor-shorten	0x52b330	0x52b79b	je	0x52b857
classic	spoor-shorten	0x52b330	0x52b7a8	jbe	0x52b7ad
classic	spoor-shorten	0x52b330	0x52b7b1	je	0x52b857
classic	spoor-shorten	0x52b330	0x52b7c2	jbe	0x52b7c7
classic	spoor-shorten	0x52b330	0x52b7cb	je	0x52b857
classic	spoor-shorten	0x52b330	0x52b7d8	jbe	0x52b7dd
classic	spoor-shorten	0x52b330	0x52b7e1	je	0x52b857
classic	spoor-shorten	0x52b330	0x52b7ea	jbe	0x52b7ef
classic	spoor-shorten	0x52b330	0x52b7f3	je	0x52b857
classic	spoor-shorten	0x52b330	0x52b800	jbe	0x52b805
classic	spoor-shorten	0x52b330	0x52b809	je	0x52b857
classic	spoor-shorten	0x52b330	0x52b812	jbe	0x52b817
classic	spoor-shorten	0x52b330	0x52b81b	je	0x52b857
classic	spoor-shorten	0x52b330	0x52b824	jbe	0x52b829
classic	spoor-shorten	0x52b330	0x52b82d	je	0x52b857
classic	spoor-shorten	0x52b330	0x52b83a	jbe	0x52b83f
classic	spoor-shorten	0x52b330	0x52b843	je	0x52b857
classic	spoor-shorten	0x52b330	0x52b84c	jbe	0x52b851
classic	spoor-shorten	0x52b330	0x52b855	jne	0x52b8b2
classic	spoor-shorten	0x52b330	0x52b872	jbe	0x52b87d
classic	spoor-shorten	0x52b330	0x52b87b	jmp	0x52b88d
classic	spoor-shorten	0x52b330	0x52b88b	jbe	0x52b890
classic	spoor-shorten	0x52b330	0x52b8b0	jbe	0x52b8d9
classic	spoor-shorten	0x52b330	0x52b8ba	jge	0x52b770
classic	spoor-shorten	0x52b330	0x52b8c4	jbe	0x52b8d9
classic	spoor-shorten	0x52b330	0x52b8cf	jbe	0x52b8d4
classic	spoor-shorten-wrapper	0x52b900	0x52b907	ja	0x52b330
