edition	tiletype	structural_name	native_enum_name	shape	material	special	direction	main_mapped_index	main_destination_rva	early_wall_gate	effective_entry_rva
reference	0	Void	NULL	NONE	NONE	NONE	--------	out-of-range	0xe82de1	0	0xe82de1
reference	1	RampTop	RAMPSPACE	RAMP_TOP	AIR	NONE	--------	0	0xe81d99	0	0xe81d99
reference	2	MurkyPool	POOL	FLOOR	POOL	NONE	--------	1	0xe80130	0	0xe80130
reference	3	MurkyPoolRamp	POOL_RAMP	RAMP	POOL	NONE	--------	2	0xe80144	0	0xe80144
reference	4	UnderworldGateStairU	UNDERWORLD_GATE_UP	STAIR_UP	UNDERWORLD_GATE	NONE	--------	3	0xe805bd	0	0xe805bd
reference	5	UnderworldGateStairD	UNDERWORLD_GATE_DOWN	STAIR_DOWN	UNDERWORLD_GATE	NONE	--------	3	0xe805bd	0	0xe805bd
reference	6	UnderworldGateStairUD	UNDERWORLD_GATE_UPDOWN	STAIR_UPDOWN	UNDERWORLD_GATE	NONE	--------	3	0xe805bd	0	0xe805bd
reference	7	TreeCapInterior	TREE_CAP_INTERIOR	WALL	MUSHROOM	SMOOTH	--------	4	0xe7d6ce	0	0xe7d6ce
reference	8	TreeCapWallThickSW	TREE_CAP_WALL_THICK_SW	WALL	MUSHROOM	SMOOTH	SW	4	0xe7d6ce	0	0xe7d6ce
reference	9	TreeCapWallThickSE	TREE_CAP_WALL_THICK_SE	WALL	MUSHROOM	SMOOTH	SE	4	0xe7d6ce	0	0xe7d6ce
reference	10	TreeCapWallThickNW	TREE_CAP_WALL_THICK_NW	WALL	MUSHROOM	SMOOTH	NW	4	0xe7d6ce	0	0xe7d6ce
reference	11	TreeCapWallThickNE	TREE_CAP_WALL_THICK_NE	WALL	MUSHROOM	SMOOTH	NE	4	0xe7d6ce	0	0xe7d6ce
reference	12	TreeCapWallThickN	TREE_CAP_WALL_THICK_N	WALL	MUSHROOM	SMOOTH	N	4	0xe7d6ce	0	0xe7d6ce
reference	13	TreeCapWallThickS	TREE_CAP_WALL_THICK_S	WALL	MUSHROOM	SMOOTH	N	4	0xe7d6ce	0	0xe7d6ce
reference	14	TreeCapWallThickW	TREE_CAP_WALL_THICK_W	WALL	MUSHROOM	SMOOTH	W	4	0xe7d6ce	0	0xe7d6ce
reference	15	TreeCapWallThickE	TREE_CAP_WALL_THICK_E	WALL	MUSHROOM	SMOOTH	E	4	0xe7d6ce	0	0xe7d6ce
reference	16	TreeCapWallNSWE	TREE_CAP_WALL_N_S_W_E	WALL	MUSHROOM	SMOOTH	NSWE	4	0xe7d6ce	0	0xe7d6ce
reference	17	TreeCapWallNSW	TREE_CAP_WALL_N_S_W	WALL	MUSHROOM	SMOOTH	NSW	4	0xe7d6ce	0	0xe7d6ce
reference	18	TreeCapWallNSE	TREE_CAP_WALL_N_S_E	WALL	MUSHROOM	SMOOTH	NSE	4	0xe7d6ce	0	0xe7d6ce
reference	19	Driftwood	DRIFTWOOD_STACK	FLOOR	DRIFTWOOD	NONE	--------	5	0xe7f736	0	0xe7f736
reference	20	TreeCapWallNWE	TREE_CAP_WALL_N_W_E	WALL	MUSHROOM	SMOOTH	NWE	4	0xe7d6ce	0	0xe7d6ce
reference	21	TreeCapWallSWE	TREE_CAP_WALL_S_W_E	WALL	MUSHROOM	SMOOTH	SWE	4	0xe7d6ce	0	0xe7d6ce
reference	22	TreeCapWallNS	TREE_CAP_WALL_N_S	WALL	MUSHROOM	SMOOTH	NS	4	0xe7d6ce	0	0xe7d6ce
reference	23	TreeCapWallWE	TREE_CAP_WALL_W_E	WALL	MUSHROOM	SMOOTH	WE	4	0xe7d6ce	0	0xe7d6ce
reference	24	Unused999	UNUSED_999	NONE	NONE	NONE	--------	144	0xe82de1	0	0xe82de1
reference	25	FrozenStairUD	STAIR_UPDOWN_FROZEN_LIQUID	STAIR_UPDOWN	FROZEN_LIQUID	NONE	--------	6	0xe8064a	0	0xe8064a
reference	26	FrozenStairD	STAIR_DOWN_FROZEN_LIQUID	STAIR_DOWN	FROZEN_LIQUID	NONE	--------	7	0xe8065e	0	0xe8065e
reference	27	FrozenStairU	STAIR_UP_FROZEN_LIQUID	STAIR_UP	FROZEN_LIQUID	NONE	--------	8	0xe80672	0	0xe80672
reference	28	Unused9999	UNUSED_9999	NONE	NONE	NONE	--------	144	0xe82de1	0	0xe82de1
reference	29	Unused99999	UNUSED_99999	NONE	NONE	NONE	--------	144	0xe82de1	0	0xe82de1
reference	30	Unused999999	UNUSED_999999	NONE	NONE	NONE	--------	144	0xe82de1	0	0xe82de1
reference	31	TreeDeadCapInterior	TREE_CAP_INTERIOR_DEAD	WALL	MUSHROOM	SMOOTH_DEAD	--------	4	0xe7d6ce	0	0xe7d6ce
reference	32	OpenSpace	AIR	EMPTY	AIR	NONE	--------	9	0xe82dcd	0	0xe82dcd
reference	33	TreeDeadCapWallThickSW	TREE_CAP_WALL_THICK_SW_DEAD	WALL	MUSHROOM	SMOOTH_DEAD	SW	4	0xe7d6ce	0	0xe7d6ce
reference	34	Shrub	SHRUB	SHRUB	PLANT	NORMAL	--------	10	0xe7fa93	0	0xe7fa93
reference	35	Chasm	CHASM	ENDLESS_PIT	AIR	NONE	--------	11	0xe8007a	0	0xe8007a
reference	36	LavaStairUD	STAIR_UPDOWN_LAVASTONE	STAIR_UPDOWN	LAVA_STONE	NONE	--------	12	0xe80434	0	0xe80434
reference	37	LavaStairD	STAIR_DOWN_LAVASTONE	STAIR_DOWN	LAVA_STONE	NONE	--------	13	0xe804ed	0	0xe804ed
reference	38	LavaStairU	STAIR_UP_LAVASTONE	STAIR_UP	LAVA_STONE	NONE	--------	14	0xe805d1	0	0xe805d1
reference	39	SoilStairUD	STAIR_UPDOWN_SOIL	STAIR_UPDOWN	SOIL	NONE	--------	12	0xe80434	0	0xe80434
reference	40	SoilStairD	STAIR_DOWN_SOIL	STAIR_DOWN	SOIL	NONE	--------	13	0xe804ed	0	0xe804ed
reference	41	SoilStairU	STAIR_UP_SOIL	STAIR_UP	SOIL	NONE	--------	14	0xe805d1	0	0xe805d1
reference	42	EeriePit	EERIE_PIT	ENDLESS_PIT	HFS	NONE	--------	15	0xe8008e	0	0xe8008e
reference	43	StoneFloorSmooth	STONE_FLOOR_DETAILED	FLOOR	STONE	SMOOTH	--------	16	0xe7f48d	0	0xe7f48d
reference	44	LavaFloorSmooth	LAVASTONE_FLOOR_DETAILED	FLOOR	LAVA_STONE	SMOOTH	--------	16	0xe7f48d	0	0xe7f48d
reference	45	FeatureFloorSmooth	FEATSTONE_FLOOR_DETAILED	FLOOR	FEATURE	SMOOTH	--------	16	0xe7f48d	0	0xe7f48d
reference	46	MineralFloorSmooth	MINSTONE_FLOOR_DETAILED	FLOOR	MINERAL	SMOOTH	--------	16	0xe7f48d	0	0xe7f48d
reference	47	FrozenFloorSmooth	FROZEN_LIQUID_FLOOR_DETAILED	FLOOR	FROZEN_LIQUID	SMOOTH	--------	17	0xe7e79f	0	0xe7e79f
reference	48	TreeDeadCapWallThickSE	TREE_CAP_WALL_THICK_SE_DEAD	WALL	MUSHROOM	SMOOTH_DEAD	SE	4	0xe7d6ce	0	0xe7d6ce
reference	49	Grass1StairUD	STAIR_UPDOWN_GRASS1	STAIR_UPDOWN	GRASS_LIGHT	NONE	--------	18	0xe80268	0	0xe80268
reference	50	Grass1StairD	STAIR_DOWN_GRASS1	STAIR_DOWN	GRASS_LIGHT	NONE	--------	19	0xe8032e	0	0xe8032e
reference	51	Grass1StairU	STAIR_UP_GRASS1	STAIR_UP	GRASS_LIGHT	NONE	--------	20	0xe801a2	0	0xe801a2
reference	52	Grass2StairUD	STAIR_UPDOWN_GRASS2	STAIR_UPDOWN	GRASS_DARK	NONE	--------	18	0xe80268	0	0xe80268
reference	53	Grass2StairD	STAIR_DOWN_GRASS2	STAIR_DOWN	GRASS_DARK	NONE	--------	19	0xe8032e	0	0xe8032e
reference	54	Grass2StairU	STAIR_UP_GRASS2	STAIR_UP	GRASS_DARK	NONE	--------	20	0xe801a2	0	0xe801a2
reference	55	StoneStairUD	STAIR_UPDOWN_STONE	STAIR_UPDOWN	STONE	NONE	--------	12	0xe80434	0	0xe80434
reference	56	StoneStairD	STAIR_DOWN_STONE	STAIR_DOWN	STONE	NONE	--------	13	0xe804ed	0	0xe804ed
reference	57	StoneStairU	STAIR_UP_STONE	STAIR_UP	STONE	NONE	--------	14	0xe805d1	0	0xe805d1
reference	58	MineralStairUD	STAIR_UPDOWN_MINSTONE	STAIR_UPDOWN	MINERAL	NONE	--------	12	0xe80434	0	0xe80434
reference	59	MineralStairD	STAIR_DOWN_MINSTONE	STAIR_DOWN	MINERAL	NONE	--------	13	0xe804ed	0	0xe804ed
reference	60	MineralStairU	STAIR_UP_MINSTONE	STAIR_UP	MINERAL	NONE	--------	14	0xe805d1	0	0xe805d1
reference	61	FeatureStairUD	STAIR_UPDOWN_FEATSTONE	STAIR_UPDOWN	FEATURE	NONE	--------	12	0xe80434	0	0xe80434
reference	62	FeatureStairD	STAIR_DOWN_FEATSTONE	STAIR_DOWN	FEATURE	NONE	--------	13	0xe804ed	0	0xe804ed
reference	63	FeatureStairU	STAIR_UP_FEATSTONE	STAIR_UP	FEATURE	NONE	--------	14	0xe805d1	0	0xe805d1
reference	64	TreeDeadCapWallThickNW	TREE_CAP_WALL_THICK_NW_DEAD	WALL	MUSHROOM	SMOOTH_DEAD	NW	4	0xe7d6ce	0	0xe7d6ce
reference	65	StoneFortification	STONE_FORTIFICATION	FORTIFICATION	STONE	NONE	--------	144	0xe82de1	1	0xe82df3
reference	66	TreeDeadCapWallThickNE	TREE_CAP_WALL_THICK_NE_DEAD	WALL	MUSHROOM	SMOOTH_DEAD	NE	4	0xe7d6ce	0	0xe7d6ce
reference	67	Campfire	CAMPFIRE	FLOOR	CAMPFIRE	NONE	--------	21	0xe80040	0	0xe80040
reference	68	TreeDeadCapWallThickN	TREE_CAP_WALL_THICK_N_DEAD	WALL	MUSHROOM	SMOOTH_DEAD	N	4	0xe7d6ce	0	0xe7d6ce
reference	69	TreeDeadCapWallThickS	TREE_CAP_WALL_THICK_S_DEAD	WALL	MUSHROOM	SMOOTH_DEAD	S	4	0xe7d6ce	0	0xe7d6ce
reference	70	Fire	FIRE	FLOOR	FIRE	NONE	--------	21	0xe80040	0	0xe80040
reference	71	BurningTreeTrunk	FIRE_TREE_TRUNK	WALL	FIRE	NONE	--------	21	0xe80040	0	0xe80040
reference	72	BurningTreeBranches	FIRE_TREE_BRANCHES	BRANCH	FIRE	NONE	--------	21	0xe80040	0	0xe80040
reference	73	BurningTreeTwigs	FIRE_TREE_TWIGS	TWIG	FIRE	NONE	--------	21	0xe80040	0	0xe80040
reference	74	BurningTreeCapWall	FIRE_TREE_CAP_WALL	WALL	FIRE	NONE	--------	21	0xe80040	0	0xe80040
reference	75	BurningTreeCapRamp	FIRE_TREE_CAP_RAMP	RAMP	FIRE	NONE	--------	21	0xe80040	0	0xe80040
reference	76	BurningTreeCapFloor	FIRE_TREE_CAP_FLOOR	FLOOR	FIRE	NONE	--------	21	0xe80040	0	0xe80040
reference	77	TreeDeadCapWallThickW	TREE_CAP_WALL_THICK_W_DEAD	WALL	MUSHROOM	SMOOTH_DEAD	W	4	0xe7d6ce	0	0xe7d6ce
reference	78	TreeDeadCapWallThickE	TREE_CAP_WALL_THICK_E_DEAD	WALL	MUSHROOM	SMOOTH_DEAD	E	4	0xe7d6ce	0	0xe7d6ce
reference	79	StonePillar	STONE_PILLAR	WALL	STONE	SMOOTH	--------	144	0xe82de1	1	0xe82df3
reference	80	LavaPillar	LAVASTONE_PILLAR	WALL	LAVA_STONE	SMOOTH	--------	144	0xe82de1	1	0xe82df3
reference	81	FeaturePillar	FEATSTONE_PILLAR	WALL	FEATURE	SMOOTH	--------	144	0xe82de1	1	0xe82df3
reference	82	MineralPillar	MINSTONE_PILLAR	WALL	MINERAL	SMOOTH	--------	144	0xe82de1	1	0xe82df3
reference	83	FrozenPillar	FROZEN_LIQUID_PILLAR	WALL	FROZEN_LIQUID	SMOOTH	--------	144	0xe82de1	1	0xe82df3
reference	84	TreeDeadCapWallNSWE	TREE_CAP_WALL_N_S_W_E_DEAD	WALL	MUSHROOM	SMOOTH_DEAD	NSWE	4	0xe7d6ce	0	0xe7d6ce
reference	85	TreeDeadCapWallNSW	TREE_CAP_WALL_N_S_W_DEAD	WALL	MUSHROOM	SMOOTH_DEAD	NSW	4	0xe7d6ce	0	0xe7d6ce
reference	86	TreeDeadCapWallNSE	TREE_CAP_WALL_N_S_E_DEAD	WALL	MUSHROOM	SMOOTH_DEAD	NSE	4	0xe7d6ce	0	0xe7d6ce
reference	87	TreeDeadCapWallNWE	TREE_CAP_WALL_N_W_E_DEAD	WALL	MUSHROOM	SMOOTH_DEAD	NWE	4	0xe7d6ce	0	0xe7d6ce
reference	88	TreeDeadCapWallSWE	TREE_CAP_WALL_S_W_E_DEAD	WALL	MUSHROOM	SMOOTH_DEAD	SWE	4	0xe7d6ce	0	0xe7d6ce
reference	89	Waterfall	WATERFALL_LANDING	FLOOR	RIVER	WATERFALL	--------	22	0xe80052	0	0xe80052
reference	90	RiverSource	RIVER_SOURCE	FLOOR	RIVER	RIVER_SOURCE	--------	23	0xe80066	0	0xe80066
reference	91	TreeRootSloping	TREE_ROOT_SLOPING	RAMP	ROOT	NONE	--------	4	0xe7d6ce	0	0xe7d6ce
reference	92	TreeRoots	TREE_ROOTS	WALL	ROOT	NONE	--------	4	0xe7d6ce	0	0xe7d6ce
reference	93	TreeTrunkPillar	TREE_TRUNK_PILLAR	WALL	TREE	SMOOTH	--------	4	0xe7d6ce	0	0xe7d6ce
reference	94	TreeTrunkSloping	TREE_TRUNK_SLOPING	RAMP	TREE	NONE	--------	4	0xe7d6ce	0	0xe7d6ce
reference	95	TreeTrunkThickN	TREE_TRUNK_THICK_N	WALL	TREE	NONE	N	4	0xe7d6ce	0	0xe7d6ce
reference	96	TreeTrunkThickS	TREE_TRUNK_THICK_S	WALL	TREE	NONE	S	4	0xe7d6ce	0	0xe7d6ce
reference	97	TreeTrunkThickE	TREE_TRUNK_THICK_E	WALL	TREE	NONE	E	4	0xe7d6ce	0	0xe7d6ce
reference	98	TreeTrunkThickW	TREE_TRUNK_THICK_W	WALL	TREE	NONE	W	4	0xe7d6ce	0	0xe7d6ce
reference	99	TreeTrunkThickNW	TREE_TRUNK_THICK_NW	WALL	TREE	NONE	NW	4	0xe7d6ce	0	0xe7d6ce
reference	100	TreeTrunkThickNE	TREE_TRUNK_THICK_NE	WALL	TREE	NONE	NE	4	0xe7d6ce	0	0xe7d6ce
reference	101	TreeTrunkThickSW	TREE_TRUNK_THICK_SW	WALL	TREE	NONE	SW	4	0xe7d6ce	0	0xe7d6ce
reference	102	TreeTrunkThickSE	TREE_TRUNK_THICK_SE	WALL	TREE	NONE	SE	4	0xe7d6ce	0	0xe7d6ce
reference	103	TreeTrunkBranchN	TREE_TRUNK_BRANCH_N	TRUNK_BRANCH	TREE	NONE	N	4	0xe7d6ce	0	0xe7d6ce
reference	104	TreeTrunkBranchS	TREE_TRUNK_BRANCH_S	TRUNK_BRANCH	TREE	NONE	S	4	0xe7d6ce	0	0xe7d6ce
reference	105	TreeTrunkBranchE	TREE_TRUNK_BRANCH_E	TRUNK_BRANCH	TREE	NONE	E	4	0xe7d6ce	0	0xe7d6ce
reference	106	TreeTrunkBranchW	TREE_TRUNK_BRANCH_W	TRUNK_BRANCH	TREE	NONE	W	4	0xe7d6ce	0	0xe7d6ce
reference	107	TreeBranchNS	TREE_BRANCH_NS	BRANCH	TREE	NONE	NS	4	0xe7d6ce	0	0xe7d6ce
reference	108	TreeBranchEW	TREE_BRANCH_EW	BRANCH	TREE	NONE	EW	4	0xe7d6ce	0	0xe7d6ce
reference	109	TreeBranchesSmooth	TREE_SMOOTH_BRANCHES	BRANCH	TREE	SMOOTH	--------	4	0xe7d6ce	0	0xe7d6ce
reference	110	TreeDeadBranchesSmooth	TREE_SMOOTH_BRANCHES_DEAD	BRANCH	TREE	SMOOTH_DEAD	--------	4	0xe7d6ce	0	0xe7d6ce
reference	111	TreeBranchNW	TREE_BRANCH_NW	BRANCH	TREE	NONE	NW	4	0xe7d6ce	0	0xe7d6ce
reference	112	TreeBranchNE	TREE_BRANCH_NE	BRANCH	TREE	NONE	NE	4	0xe7d6ce	0	0xe7d6ce
reference	113	TreeBranchSW	TREE_BRANCH_SW	BRANCH	TREE	NONE	SW	4	0xe7d6ce	0	0xe7d6ce
reference	114	TreeBranchSE	TREE_BRANCH_SE	BRANCH	TREE	NONE	SE	4	0xe7d6ce	0	0xe7d6ce
reference	115	TreeBranches	TREE_BRANCHES	BRANCH	TREE	NONE	--------	4	0xe7d6ce	0	0xe7d6ce
reference	116	TreeTwigs	TREE_TWIGS	TWIG	TREE	NONE	--------	4	0xe7d6ce	0	0xe7d6ce
reference	117	TreeCapRamp	TREE_CAP_RAMP	RAMP	MUSHROOM	NONE	--------	4	0xe7d6ce	0	0xe7d6ce
reference	118	TreeCapPillar	TREE_CAP_PILLAR	WALL	MUSHROOM	SMOOTH	--------	4	0xe7d6ce	0	0xe7d6ce
reference	119	TreeCapWallN	TREE_CAP_WALL_N	WALL	MUSHROOM	NONE	N	4	0xe7d6ce	0	0xe7d6ce
reference	120	TreeCapWallS	TREE_CAP_WALL_S	WALL	MUSHROOM	NONE	S	4	0xe7d6ce	0	0xe7d6ce
reference	121	TreeCapWallE	TREE_CAP_WALL_E	WALL	MUSHROOM	NONE	E	4	0xe7d6ce	0	0xe7d6ce
reference	122	TreeCapWallW	TREE_CAP_WALL_W	WALL	MUSHROOM	NONE	W	4	0xe7d6ce	0	0xe7d6ce
reference	123	TreeCapWallNW	TREE_CAP_WALL_N_W	WALL	MUSHROOM	NONE	NW	4	0xe7d6ce	0	0xe7d6ce
reference	124	TreeCapWallNE	TREE_CAP_WALL_N_E	WALL	MUSHROOM	NONE	NE	4	0xe7d6ce	0	0xe7d6ce
reference	125	TreeCapWallSW	TREE_CAP_WALL_S_W	WALL	MUSHROOM	NONE	SW	4	0xe7d6ce	0	0xe7d6ce
reference	126	TreeCapWallSE	TREE_CAP_WALL_S_E	WALL	MUSHROOM	NONE	SE	4	0xe7d6ce	0	0xe7d6ce
reference	127	TreeCapFloor1	TREE_CAP_FLOOR1	FLOOR	MUSHROOM	NONE	--------	4	0xe7d6ce	0	0xe7d6ce
reference	128	TreeCapFloor2	TREE_CAP_FLOOR2	FLOOR	MUSHROOM	NONE	--------	4	0xe7d6ce	0	0xe7d6ce
reference	129	TreeCapFloor3	TREE_CAP_FLOOR3	FLOOR	MUSHROOM	NONE	--------	4	0xe7d6ce	0	0xe7d6ce
reference	130	TreeCapFloor4	TREE_CAP_FLOOR4	FLOOR	MUSHROOM	NONE	--------	4	0xe7d6ce	0	0xe7d6ce
reference	131	TreeDeadRootSloping	TREE_ROOT_SLOPING_DEAD	RAMP	ROOT	DEAD	--------	4	0xe7d6ce	0	0xe7d6ce
reference	132	TreeDeadRoots	TREE_ROOTS_DEAD	WALL	ROOT	DEAD	--------	4	0xe7d6ce	0	0xe7d6ce
reference	133	TreeDeadTrunkPillar	TREE_TRUNK_PILLAR_DEAD	WALL	TREE	SMOOTH_DEAD	--------	4	0xe7d6ce	0	0xe7d6ce
reference	134	TreeDeadTrunkSloping	TREE_TRUNK_SLOPING_DEAD	RAMP	TREE	DEAD	--------	4	0xe7d6ce	0	0xe7d6ce
reference	135	TreeDeadTrunkThickN	TREE_TRUNK_THICK_N_DEAD	WALL	TREE	DEAD	N	4	0xe7d6ce	0	0xe7d6ce
reference	136	TreeDeadTrunkThickS	TREE_TRUNK_THICK_S_DEAD	WALL	TREE	DEAD	S	4	0xe7d6ce	0	0xe7d6ce
reference	137	TreeDeadTrunkThickE	TREE_TRUNK_THICK_E_DEAD	WALL	TREE	DEAD	E	4	0xe7d6ce	0	0xe7d6ce
reference	138	TreeDeadTrunkThickW	TREE_TRUNK_THICK_W_DEAD	WALL	TREE	DEAD	W	4	0xe7d6ce	0	0xe7d6ce
reference	139	TreeDeadTrunkThickNW	TREE_TRUNK_THICK_NW_DEAD	WALL	TREE	DEAD	NW	4	0xe7d6ce	0	0xe7d6ce
reference	140	TreeDeadTrunkThickNE	TREE_TRUNK_THICK_NE_DEAD	WALL	TREE	DEAD	NE	4	0xe7d6ce	0	0xe7d6ce
reference	141	TreeDeadTrunkThickSW	TREE_TRUNK_THICK_SW_DEAD	WALL	TREE	DEAD	SW	4	0xe7d6ce	0	0xe7d6ce
reference	142	TreeDeadTrunkThickSE	TREE_TRUNK_THICK_SE_DEAD	WALL	TREE	DEAD	SE	4	0xe7d6ce	0	0xe7d6ce
reference	143	TreeDeadTrunkBranchN	TREE_TRUNK_BRANCH_N_DEAD	TRUNK_BRANCH	TREE	DEAD	N	4	0xe7d6ce	0	0xe7d6ce
reference	144	TreeDeadTrunkBranchS	TREE_TRUNK_BRANCH_S_DEAD	TRUNK_BRANCH	TREE	DEAD	S	4	0xe7d6ce	0	0xe7d6ce
reference	145	TreeDeadTrunkBranchE	TREE_TRUNK_BRANCH_E_DEAD	TRUNK_BRANCH	TREE	DEAD	E	4	0xe7d6ce	0	0xe7d6ce
reference	146	TreeDeadTrunkBranchW	TREE_TRUNK_BRANCH_W_DEAD	TRUNK_BRANCH	TREE	DEAD	W	4	0xe7d6ce	0	0xe7d6ce
reference	147	TreeDeadBranchNS	TREE_BRANCH_NS_DEAD	BRANCH	TREE	DEAD	NS	4	0xe7d6ce	0	0xe7d6ce
reference	148	TreeDeadBranchEW	TREE_BRANCH_EW_DEAD	BRANCH	TREE	DEAD	EW	4	0xe7d6ce	0	0xe7d6ce
reference	149	TreeBranch	TREE_BRANCH	BRANCH	TREE	NONE	NSEW	4	0xe7d6ce	0	0xe7d6ce
reference	150	TreeDeadBranch	TREE_BRANCH_DEAD	BRANCH	TREE	DEAD	NSEW	4	0xe7d6ce	0	0xe7d6ce
reference	151	TreeDeadBranchNW	TREE_BRANCH_NW_DEAD	BRANCH	TREE	DEAD	NW	4	0xe7d6ce	0	0xe7d6ce
reference	152	TreeDeadBranchNE	TREE_BRANCH_NE_DEAD	BRANCH	TREE	DEAD	NE	4	0xe7d6ce	0	0xe7d6ce
reference	153	TreeDeadBranchSW	TREE_BRANCH_SW_DEAD	BRANCH	TREE	DEAD	SW	4	0xe7d6ce	0	0xe7d6ce
reference	154	TreeDeadBranchSE	TREE_BRANCH_SE_DEAD	BRANCH	TREE	DEAD	SE	4	0xe7d6ce	0	0xe7d6ce
reference	155	TreeDeadBranches	TREE_BRANCHES_DEAD	BRANCH	TREE	DEAD	--------	4	0xe7d6ce	0	0xe7d6ce
reference	156	TreeDeadTwigs	TREE_TWIGS_DEAD	TWIG	TREE	DEAD	--------	4	0xe7d6ce	0	0xe7d6ce
reference	157	TreeDeadCapRamp	TREE_CAP_RAMP_DEAD	RAMP	MUSHROOM	DEAD	--------	4	0xe7d6ce	0	0xe7d6ce
reference	158	TreeDeadCapPillar	TREE_CAP_PILLAR_DEAD	WALL	MUSHROOM	SMOOTH_DEAD	--------	4	0xe7d6ce	0	0xe7d6ce
reference	159	TreeDeadCapWallN	TREE_CAP_WALL_N_DEAD	WALL	MUSHROOM	DEAD	N	4	0xe7d6ce	0	0xe7d6ce
reference	160	TreeDeadCapWallS	TREE_CAP_WALL_S_DEAD	WALL	MUSHROOM	DEAD	S	4	0xe7d6ce	0	0xe7d6ce
reference	161	TreeDeadCapWallE	TREE_CAP_WALL_E_DEAD	WALL	MUSHROOM	DEAD	E	4	0xe7d6ce	0	0xe7d6ce
reference	162	TreeDeadCapWallW	TREE_CAP_WALL_W_DEAD	WALL	MUSHROOM	DEAD	W	4	0xe7d6ce	0	0xe7d6ce
reference	163	TreeDeadCapWallNW	TREE_CAP_WALL_N_W_DEAD	WALL	MUSHROOM	DEAD	NW	4	0xe7d6ce	0	0xe7d6ce
reference	164	TreeDeadCapWallNE	TREE_CAP_WALL_N_E_DEAD	WALL	MUSHROOM	DEAD	NE	4	0xe7d6ce	0	0xe7d6ce
reference	165	TreeDeadCapWallSW	TREE_CAP_WALL_S_W_DEAD	WALL	MUSHROOM	DEAD	SW	4	0xe7d6ce	0	0xe7d6ce
reference	166	TreeDeadCapWallSE	TREE_CAP_WALL_S_E_DEAD	WALL	MUSHROOM	DEAD	SE	4	0xe7d6ce	0	0xe7d6ce
reference	167	TreeDeadCapFloor1	TREE_CAP_FLOOR1_DEAD	FLOOR	MUSHROOM	DEAD	--------	4	0xe7d6ce	0	0xe7d6ce
reference	168	TreeDeadCapFloor2	TREE_CAP_FLOOR2_DEAD	FLOOR	MUSHROOM	DEAD	--------	4	0xe7d6ce	0	0xe7d6ce
reference	169	TreeDeadCapFloor3	TREE_CAP_FLOOR3_DEAD	FLOOR	MUSHROOM	DEAD	--------	4	0xe7d6ce	0	0xe7d6ce
reference	170	TreeDeadCapFloor4	TREE_CAP_FLOOR4_DEAD	FLOOR	MUSHROOM	DEAD	--------	4	0xe7d6ce	0	0xe7d6ce
reference	171	TreeDeadCapWallNS	TREE_CAP_WALL_N_S_DEAD	WALL	MUSHROOM	SMOOTH_DEAD	NS	4	0xe7d6ce	0	0xe7d6ce
reference	172	StoneWallWorn1	STONE_WALL_WORN1	WALL	STONE	WORN_1	--------	144	0xe82de1	1	0xe82df3
reference	173	StoneWallWorn2	STONE_WALL_WORN2	WALL	STONE	WORN_2	--------	144	0xe82de1	1	0xe82df3
reference	174	StoneWallWorn3	STONE_WALL_WORN3	WALL	STONE	WORN_3	--------	144	0xe82de1	1	0xe82df3
reference	175	TreeBranchNSE	TREE_BRANCH_NSE	BRANCH	TREE	NONE	NSE	4	0xe7d6ce	0	0xe7d6ce
reference	176	TreeBranchNSW	TREE_BRANCH_NSW	BRANCH	TREE	NONE	NSW	4	0xe7d6ce	0	0xe7d6ce
reference	177	TreeBranchNEW	TREE_BRANCH_NEW	BRANCH	TREE	NONE	NEW	4	0xe7d6ce	0	0xe7d6ce
reference	178	TreeBranchSEW	TREE_BRANCH_SEW	BRANCH	TREE	NONE	SEW	4	0xe7d6ce	0	0xe7d6ce
reference	179	TreeBranchNSEW	TREE_BRANCH_NSEW	BRANCH	TREE	NONE	NSEW	4	0xe7d6ce	0	0xe7d6ce
reference	180	TreeDeadBranchNSE	TREE_BRANCH_NSE_DEAD	BRANCH	TREE	DEAD	NSW	4	0xe7d6ce	0	0xe7d6ce
reference	181	TreeDeadBranchNSW	TREE_BRANCH_NSW_DEAD	BRANCH	TREE	DEAD	NEW	4	0xe7d6ce	0	0xe7d6ce
reference	182	TreeDeadBranchNEW	TREE_BRANCH_NEW_DEAD	BRANCH	TREE	DEAD	NEW	4	0xe7d6ce	0	0xe7d6ce
reference	183	TreeDeadBranchSEW	TREE_BRANCH_SEW_DEAD	BRANCH	TREE	DEAD	SEW	4	0xe7d6ce	0	0xe7d6ce
reference	184	TreeDeadBranchNSEW	TREE_BRANCH_NSEW_DEAD	BRANCH	TREE	DEAD	NSEW	4	0xe7d6ce	0	0xe7d6ce
reference	185	TreeTrunkNSE	TREE_TRUNK_NSE	WALL	TREE	NONE	NSE	4	0xe7d6ce	0	0xe7d6ce
reference	186	TreeTrunkNSW	TREE_TRUNK_NSW	WALL	TREE	NONE	NSW	4	0xe7d6ce	0	0xe7d6ce
reference	187	TreeTrunkNEW	TREE_TRUNK_NEW	WALL	TREE	NONE	NEW	4	0xe7d6ce	0	0xe7d6ce
reference	188	TreeTrunkSEW	TREE_TRUNK_SEW	WALL	TREE	NONE	SEW	4	0xe7d6ce	0	0xe7d6ce
reference	189	TreeTrunkNS	TREE_TRUNK_NS	WALL	TREE	NONE	NS	4	0xe7d6ce	0	0xe7d6ce
reference	190	TreeTrunkEW	TREE_TRUNK_EW	WALL	TREE	NONE	EW	4	0xe7d6ce	0	0xe7d6ce
reference	191	TreeTrunkNSEW	TREE_TRUNK_NSEW	WALL	TREE	NONE	NSEW	4	0xe7d6ce	0	0xe7d6ce
reference	192	TreeTrunkInterior	TREE_TRUNK_INTERIOR	WALL	TREE	NONE	--------	4	0xe7d6ce	0	0xe7d6ce
reference	193	TreeDeadTrunkNSE	TREE_TRUNK_NSE_DEAD	WALL	TREE	DEAD	NSE	4	0xe7d6ce	0	0xe7d6ce
reference	194	TreeDeadTrunkNSW	TREE_TRUNK_NSW_DEAD	WALL	TREE	DEAD	NSW	4	0xe7d6ce	0	0xe7d6ce
reference	195	TreeDeadTrunkNEW	TREE_TRUNK_NEW_DEAD	WALL	TREE	DEAD	NEW	4	0xe7d6ce	0	0xe7d6ce
reference	196	TreeDeadTrunkSEW	TREE_TRUNK_SEW_DEAD	WALL	TREE	DEAD	SEW	4	0xe7d6ce	0	0xe7d6ce
reference	197	TreeDeadTrunkNS	TREE_TRUNK_NS_DEAD	WALL	TREE	DEAD	NS	4	0xe7d6ce	0	0xe7d6ce
reference	198	TreeDeadTrunkEW	TREE_TRUNK_EW_DEAD	WALL	TREE	DEAD	EW	4	0xe7d6ce	0	0xe7d6ce
reference	199	TreeDeadTrunkNSEW	TREE_TRUNK_NSEW_DEAD	WALL	TREE	DEAD	NSEW	4	0xe7d6ce	0	0xe7d6ce
reference	200	TreeDeadTrunkInterior	TREE_TRUNK_INTERIOR_DEAD	WALL	TREE	DEAD	--------	4	0xe7d6ce	0	0xe7d6ce
reference	201	TreeTrunkNW	TREE_TRUNK_NW	WALL	TREE	NONE	NW	4	0xe7d6ce	0	0xe7d6ce
reference	202	TreeTrunkNE	TREE_TRUNK_NE	WALL	TREE	NONE	NE	4	0xe7d6ce	0	0xe7d6ce
reference	203	TreeTrunkSW	TREE_TRUNK_SW	WALL	TREE	NONE	SW	4	0xe7d6ce	0	0xe7d6ce
reference	204	TreeTrunkSE	TREE_TRUNK_SE	WALL	TREE	NONE	SE	4	0xe7d6ce	0	0xe7d6ce
reference	205	TreeDeadTrunkNW	TREE_TRUNK_NW_DEAD	WALL	TREE	DEAD	NW	4	0xe7d6ce	0	0xe7d6ce
reference	206	TreeDeadTrunkNE	TREE_TRUNK_NE_DEAD	WALL	TREE	DEAD	NE	4	0xe7d6ce	0	0xe7d6ce
reference	207	TreeDeadTrunkSW	TREE_TRUNK_SW_DEAD	WALL	TREE	DEAD	SW	4	0xe7d6ce	0	0xe7d6ce
reference	208	TreeDeadTrunkSE	TREE_TRUNK_SE_DEAD	WALL	TREE	DEAD	SE	4	0xe7d6ce	0	0xe7d6ce
reference	209	TreeTrunkN	TREE_TRUNK_N	WALL	TREE	NONE	N	4	0xe7d6ce	0	0xe7d6ce
reference	210	TreeTrunkS	TREE_TRUNK_S	WALL	TREE	NONE	S	4	0xe7d6ce	0	0xe7d6ce
reference	211	TreeTrunkW	TREE_TRUNK_W	WALL	TREE	NONE	W	4	0xe7d6ce	0	0xe7d6ce
reference	212	TreeTrunkE	TREE_TRUNK_E	WALL	TREE	NONE	E	4	0xe7d6ce	0	0xe7d6ce
reference	213	TreeDeadTrunkN	TREE_TRUNK_N_DEAD	WALL	TREE	DEAD	N	4	0xe7d6ce	0	0xe7d6ce
reference	214	TreeDeadTrunkS	TREE_TRUNK_S_DEAD	WALL	TREE	DEAD	S	4	0xe7d6ce	0	0xe7d6ce
reference	215	StoneWall	STONE_WALL	WALL	STONE	NORMAL	--------	144	0xe82de1	1	0xe82df3
reference	216	TreeDeadTrunkW	TREE_TRUNK_W_DEAD	WALL	TREE	DEAD	W	4	0xe7d6ce	0	0xe7d6ce
reference	217	TreeDeadTrunkE	TREE_TRUNK_E_DEAD	WALL	TREE	DEAD	E	4	0xe7d6ce	0	0xe7d6ce
reference	218	TreeBranchS	TREE_BRANCH_N	BRANCH	TREE	NONE	S	4	0xe7d6ce	0	0xe7d6ce
reference	219	TreeBranchN	TREE_BRANCH_S	BRANCH	TREE	NONE	N	4	0xe7d6ce	0	0xe7d6ce
reference	220	TreeBranchW	TREE_BRANCH_E	BRANCH	TREE	NONE	W	4	0xe7d6ce	0	0xe7d6ce
reference	221	TreeBranchE	TREE_BRANCH_W	BRANCH	TREE	NONE	E	4	0xe7d6ce	0	0xe7d6ce
reference	222	TreeDeadBranchS	TREE_BRANCH_N_DEAD	BRANCH	TREE	DEAD	S	4	0xe7d6ce	0	0xe7d6ce
reference	223	TreeDeadBranchN	TREE_BRANCH_S_DEAD	BRANCH	TREE	DEAD	N	4	0xe7d6ce	0	0xe7d6ce
reference	224	TreeDeadBranchW	TREE_BRANCH_E_DEAD	BRANCH	TREE	DEAD	W	4	0xe7d6ce	0	0xe7d6ce
reference	225	TreeDeadBranchE	TREE_BRANCH_W_DEAD	BRANCH	TREE	DEAD	E	4	0xe7d6ce	0	0xe7d6ce
reference	226	TreeDeadCapPillarWE	TREE_CAP_WALL_W_E_DEAD	WALL	MUSHROOM	SMOOTH_DEAD	WE	4	0xe7d6ce	0	0xe7d6ce
reference	227	Sapling	SAPLING	SAPLING	PLANT	NORMAL	--------	24	0xe7f93f	0	0xe7f93f
reference	228	Unused888	UNUSED_888	NONE	NONE	NONE	--------	144	0xe82de1	0	0xe82de1
reference	229	GrassDryRamp	RAMP_GRASS_DRY	RAMP	GRASS_DRY	NONE	--------	25	0xe80772	0	0xe80772
reference	230	GrassDeadRamp	RAMP_GRASS_DEAD	RAMP	GRASS_DEAD	NONE	--------	26	0xe80859	0	0xe80859
reference	231	GrassLightRamp	RAMP_GRASS1	RAMP	GRASS_LIGHT	NONE	--------	27	0xe80686	0	0xe80686
reference	232	GrassDarkRamp	RAMP_GRASS2	RAMP	GRASS_DARK	NONE	--------	27	0xe80686	0	0xe80686
reference	233	StoneRamp	RAMP_STONE	RAMP	STONE	NONE	--------	28	0xe81c69	0	0xe81c69
reference	234	LavaRamp	RAMP_LAVASTONE	RAMP	LAVA_STONE	NONE	--------	28	0xe81c69	0	0xe81c69
reference	235	FeatureRamp	RAMP_FEATSTONE	RAMP	FEATURE	NONE	--------	28	0xe81c69	0	0xe81c69
reference	236	MineralRamp	RAMP_MINSTONE	RAMP	MINERAL	NONE	--------	28	0xe81c69	0	0xe81c69
reference	237	SoilRamp	RAMP_SOIL	RAMP	SOIL	NONE	--------	28	0xe81c69	0	0xe81c69
reference	238	Ashes1	ASH1	FLOOR	ASHES	NONE	--------	21	0xe80040	0	0xe80040
reference	239	Ashes2	ASH2	FLOOR	ASHES	NONE	--------	21	0xe80040	0	0xe80040
reference	240	Ashes3	ASH3	FLOOR	ASHES	NONE	--------	21	0xe80040	0	0xe80040
reference	241	FrozenRamp	RAMP_FROZEN_LIQUID	RAMP	FROZEN_LIQUID	NONE	--------	29	0xe81d5f	0	0xe81d5f
reference	242	Unused8888	UNUSED_8888	NONE	NONE	NONE	--------	144	0xe82de1	0	0xe82de1
reference	243	Unused88888	UNUSED_88888	NONE	NONE	NONE	--------	144	0xe82de1	0	0xe82de1
reference	244	Unused888888	UNUSED_888888	NONE	NONE	NONE	--------	144	0xe82de1	0	0xe82de1
reference	245	Unused245	UNUSED245	NONE	NONE	NONE	--------	144	0xe82de1	0	0xe82de1
reference	246	Unused246	UNUSED246	NONE	NONE	NONE	--------	144	0xe82de1	0	0xe82de1
reference	247	Unused247	UNUSED247	NONE	NONE	NONE	--------	144	0xe82de1	0	0xe82de1
reference	248	Unused248	UNUSED248	NONE	NONE	NONE	--------	144	0xe82de1	0	0xe82de1
reference	249	Unused249	UNUSED249	NONE	NONE	NONE	--------	144	0xe82de1	0	0xe82de1
reference	250	Unused250	UNUSED250	NONE	NONE	NONE	--------	144	0xe82de1	0	0xe82de1
reference	251	Unused251	UNUSED251	NONE	NONE	NONE	--------	144	0xe82de1	0	0xe82de1
reference	252	Unused252	UNUSED252	NONE	NONE	NONE	--------	144	0xe82de1	0	0xe82de1
reference	253	Unused253	UNUSED253	NONE	NONE	NONE	--------	144	0xe82de1	0	0xe82de1
reference	254	FrozenFloor2	FROZEN_LIQUID_1	FLOOR	FROZEN_LIQUID	NORMAL	--------	30	0xe800a2	0	0xe800a2
reference	255	FrozenFloor3	FROZEN_LIQUID_2	FLOOR	FROZEN_LIQUID	NORMAL	--------	30	0xe800a2	0	0xe800a2
reference	256	FrozenFloor4	FROZEN_LIQUID_3	FLOOR	FROZEN_LIQUID	NORMAL	--------	30	0xe800a2	0	0xe800a2
reference	257	FurrowedSoil	FURROWED_SOIL	FLOOR	SOIL	FURROWED	--------	31	0xe7ffb8	0	0xe7ffb8
reference	258	FrozenFloor1	FROZEN_LIQUID_0	FLOOR	FROZEN_LIQUID	NORMAL	--------	30	0xe800a2	0	0xe800a2
reference	259	SemiMoltenRock	LAVA_SOLID	WALL	MAGMA	NONE	--------	32	0xe800de	0	0xe800de
reference	260	MagmaFlow	LAVA	FLOOR	MAGMA	NONE	--------	33	0xe800f2	0	0xe800f2
reference	261	SoilWall	SOIL_WALL	WALL	SOIL	NONE	--------	144	0xe82de1	1	0xe82df3
reference	262	GlowingBarrier	GLOWING_BARRIER_WALL	WALL	HFS	NONE	--------	34	0xe800ca	0	0xe800ca
reference	263	GlowingFloor	GLOWING_BARRIER_FLOOR	FLOOR	HFS	NONE	--------	35	0xe800b6	0	0xe800b6
reference	264	Unused264	UNUSED_264	NONE	NONE	NONE	--------	144	0xe82de1	0	0xe82de1
reference	265	LavaWallSmoothRD2	LAVASTONE_WALL_DET_RD2	WALL	LAVA_STONE	SMOOTH	--SS--E-	144	0xe82de1	1	0xe82df3
reference	266	LavaWallSmoothR2D	LAVASTONE_WALL_DET_R2D	WALL	LAVA_STONE	SMOOTH	--S---EE	144	0xe82de1	1	0xe82df3
reference	267	LavaWallSmoothR2U	LAVASTONE_WALL_DET_R2U	WALL	LAVA_STONE	SMOOTH	N-----EE	144	0xe82de1	1	0xe82df3
reference	268	LavaWallSmoothRU2	LAVASTONE_WALL_DET_RU2	WALL	LAVA_STONE	SMOOTH	NN----E-	144	0xe82de1	1	0xe82df3
reference	269	LavaWallSmoothL2U	LAVASTONE_WALL_DET_L2U	WALL	LAVA_STONE	SMOOTH	N---WW--	144	0xe82de1	1	0xe82df3
reference	270	LavaWallSmoothLU2	LAVASTONE_WALL_DET_LU2	WALL	LAVA_STONE	SMOOTH	NN--W---	144	0xe82de1	1	0xe82df3
reference	271	LavaWallSmoothL2D	LAVASTONE_WALL_DET_L2D	WALL	LAVA_STONE	SMOOTH	--S-WW--	144	0xe82de1	1	0xe82df3
reference	272	LavaWallSmoothLD2	LAVASTONE_WALL_DET_LD2	WALL	LAVA_STONE	SMOOTH	--SSW---	144	0xe82de1	1	0xe82df3
reference	273	LavaWallSmoothLRUD	LAVASTONE_WALL_DET_LRUD	WALL	LAVA_STONE	SMOOTH	N-S-W-E-	144	0xe82de1	1	0xe82df3
reference	274	LavaWallSmoothRUD	LAVASTONE_WALL_DET_RUD	WALL	LAVA_STONE	SMOOTH	N-S---E-	144	0xe82de1	1	0xe82df3
reference	275	LavaWallSmoothLRD	LAVASTONE_WALL_DET_LRD	WALL	LAVA_STONE	SMOOTH	--S-W-E-	144	0xe82de1	1	0xe82df3
reference	276	LavaWallSmoothLRU	LAVASTONE_WALL_DET_LRU	WALL	LAVA_STONE	SMOOTH	N---W-E-	144	0xe82de1	1	0xe82df3
reference	277	LavaWallSmoothLUD	LAVASTONE_WALL_DET_LUD	WALL	LAVA_STONE	SMOOTH	N-S-W---	144	0xe82de1	1	0xe82df3
reference	278	LavaWallSmoothRD	LAVASTONE_WALL_DET_RD	WALL	LAVA_STONE	SMOOTH	--S---E-	144	0xe82de1	1	0xe82df3
reference	279	LavaWallSmoothRU	LAVASTONE_WALL_DET_RU	WALL	LAVA_STONE	SMOOTH	N-----E-	144	0xe82de1	1	0xe82df3
reference	280	LavaWallSmoothLU	LAVASTONE_WALL_DET_LU	WALL	LAVA_STONE	SMOOTH	N---W---	144	0xe82de1	1	0xe82df3
reference	281	LavaWallSmoothLD	LAVASTONE_WALL_DET_LD	WALL	LAVA_STONE	SMOOTH	--S-W---	144	0xe82de1	1	0xe82df3
reference	282	LavaWallSmoothUD	LAVASTONE_WALL_DET_UD	WALL	LAVA_STONE	SMOOTH	N-S-----	144	0xe82de1	1	0xe82df3
reference	283	LavaWallSmoothLR	LAVASTONE_WALL_DET_LR	WALL	LAVA_STONE	SMOOTH	----W-E-	144	0xe82de1	1	0xe82df3
reference	284	FeatureWallSmoothRD2	FEATSTONE_WALL_DET_RD2	WALL	FEATURE	SMOOTH	--SS--E-	144	0xe82de1	1	0xe82df3
reference	285	FeatureWallSmoothR2D	FEATSTONE_WALL_DET_R2D	WALL	FEATURE	SMOOTH	--S---EE	144	0xe82de1	1	0xe82df3
reference	286	FeatureWallSmoothR2U	FEATSTONE_WALL_DET_R2U	WALL	FEATURE	SMOOTH	N-----EE	144	0xe82de1	1	0xe82df3
reference	287	FeatureWallSmoothRU2	FEATSTONE_WALL_DET_RU2	WALL	FEATURE	SMOOTH	NN----E-	144	0xe82de1	1	0xe82df3
reference	288	FeatureWallSmoothL2U	FEATSTONE_WALL_DET_L2U	WALL	FEATURE	SMOOTH	N---WW--	144	0xe82de1	1	0xe82df3
reference	289	FeatureWallSmoothLU2	FEATSTONE_WALL_DET_LU2	WALL	FEATURE	SMOOTH	NN--W---	144	0xe82de1	1	0xe82df3
reference	290	FeatureWallSmoothL2D	FEATSTONE_WALL_DET_L2D	WALL	FEATURE	SMOOTH	--S-WW--	144	0xe82de1	1	0xe82df3
reference	291	FeatureWallSmoothLD2	FEATSTONE_WALL_DET_LD2	WALL	FEATURE	SMOOTH	--SSW---	144	0xe82de1	1	0xe82df3
reference	292	FeatureWallSmoothLRUD	FEATSTONE_WALL_DET_LRUD	WALL	FEATURE	SMOOTH	N-S-W-E-	144	0xe82de1	1	0xe82df3
reference	293	FeatureWallSmoothRUD	FEATSTONE_WALL_DET_RUD	WALL	FEATURE	SMOOTH	N-S---E-	144	0xe82de1	1	0xe82df3
reference	294	FeatureWallSmoothLRD	FEATSTONE_WALL_DET_LRD	WALL	FEATURE	SMOOTH	--S-W-E-	144	0xe82de1	1	0xe82df3
reference	295	FeatureWallSmoothLRU	FEATSTONE_WALL_DET_LRU	WALL	FEATURE	SMOOTH	N---W-E-	144	0xe82de1	1	0xe82df3
reference	296	FeatureWallSmoothLUD	FEATSTONE_WALL_DET_LUD	WALL	FEATURE	SMOOTH	N-S-W---	144	0xe82de1	1	0xe82df3
reference	297	FeatureWallSmoothRD	FEATSTONE_WALL_DET_RD	WALL	FEATURE	SMOOTH	--S---E-	144	0xe82de1	1	0xe82df3
reference	298	FeatureWallSmoothRU	FEATSTONE_WALL_DET_RU	WALL	FEATURE	SMOOTH	N-----E-	144	0xe82de1	1	0xe82df3
reference	299	FeatureWallSmoothLU	FEATSTONE_WALL_DET_LU	WALL	FEATURE	SMOOTH	N---W---	144	0xe82de1	1	0xe82df3
reference	300	FeatureWallSmoothLD	FEATSTONE_WALL_DET_LD	WALL	FEATURE	SMOOTH	--S-W---	144	0xe82de1	1	0xe82df3
reference	301	FeatureWallSmoothUD	FEATSTONE_WALL_DET_UD	WALL	FEATURE	SMOOTH	N-S-----	144	0xe82de1	1	0xe82df3
reference	302	FeatureWallSmoothLR	FEATSTONE_WALL_DET_LR	WALL	FEATURE	SMOOTH	----W-E-	144	0xe82de1	1	0xe82df3
reference	303	StoneWallSmoothRD2	STONE_WALL_DET_RD2	WALL	STONE	SMOOTH	--SS--E-	144	0xe82de1	1	0xe82df3
reference	304	StoneWallSmoothR2D	STONE_WALL_DET_R2D	WALL	STONE	SMOOTH	--S---EE	144	0xe82de1	1	0xe82df3
reference	305	StoneWallSmoothR2U	STONE_WALL_DET_R2U	WALL	STONE	SMOOTH	N-----EE	144	0xe82de1	1	0xe82df3
reference	306	StoneWallSmoothRU2	STONE_WALL_DET_RU2	WALL	STONE	SMOOTH	NN----E-	144	0xe82de1	1	0xe82df3
reference	307	StoneWallSmoothL2U	STONE_WALL_DET_L2U	WALL	STONE	SMOOTH	N---WW--	144	0xe82de1	1	0xe82df3
reference	308	StoneWallSmoothLU2	STONE_WALL_DET_LU2	WALL	STONE	SMOOTH	NN--W---	144	0xe82de1	1	0xe82df3
reference	309	StoneWallSmoothL2D	STONE_WALL_DET_L2D	WALL	STONE	SMOOTH	--S-WW--	144	0xe82de1	1	0xe82df3
reference	310	StoneWallSmoothLD2	STONE_WALL_DET_LD2	WALL	STONE	SMOOTH	--SSW---	144	0xe82de1	1	0xe82df3
reference	311	StoneWallSmoothLRUD	STONE_WALL_DET_LRUD	WALL	STONE	SMOOTH	N-S-W-E-	144	0xe82de1	1	0xe82df3
reference	312	StoneWallSmoothRUD	STONE_WALL_DET_RUD	WALL	STONE	SMOOTH	N-S---E-	144	0xe82de1	1	0xe82df3
reference	313	StoneWallSmoothLRD	STONE_WALL_DET_LRD	WALL	STONE	SMOOTH	--S-W-E-	144	0xe82de1	1	0xe82df3
reference	314	StoneWallSmoothLRU	STONE_WALL_DET_LRU	WALL	STONE	SMOOTH	N---W-E-	144	0xe82de1	1	0xe82df3
reference	315	StoneWallSmoothLUD	STONE_WALL_DET_LUD	WALL	STONE	SMOOTH	N-S-W---	144	0xe82de1	1	0xe82df3
reference	316	StoneWallSmoothRD	STONE_WALL_DET_RD	WALL	STONE	SMOOTH	--S---E-	144	0xe82de1	1	0xe82df3
reference	317	StoneWallSmoothRU	STONE_WALL_DET_RU	WALL	STONE	SMOOTH	N-----E-	144	0xe82de1	1	0xe82df3
reference	318	StoneWallSmoothLU	STONE_WALL_DET_LU	WALL	STONE	SMOOTH	N---W---	144	0xe82de1	1	0xe82df3
reference	319	StoneWallSmoothLD	STONE_WALL_DET_LD	WALL	STONE	SMOOTH	--S-W---	144	0xe82de1	1	0xe82df3
reference	320	StoneWallSmoothUD	STONE_WALL_DET_UD	WALL	STONE	SMOOTH	N-S-----	144	0xe82de1	1	0xe82df3
reference	321	StoneWallSmoothLR	STONE_WALL_DET_LR	WALL	STONE	SMOOTH	----W-E-	144	0xe82de1	1	0xe82df3
reference	322	LavaFortification	LAVASTONE_FORTIFICATION	FORTIFICATION	LAVA_STONE	NONE	--------	144	0xe82de1	1	0xe82df3
reference	323	FeatureFortification	FEATSTONE_FORTIFICATION	FORTIFICATION	FEATURE	NONE	--------	144	0xe82de1	1	0xe82df3
reference	324	LavaWallWorn1	LAVASTONE_WALL_WORN1	WALL	LAVA_STONE	WORN_1	--------	144	0xe82de1	1	0xe82df3
reference	325	LavaWallWorn2	LAVASTONE_WALL_WORN2	WALL	LAVA_STONE	WORN_2	--------	144	0xe82de1	1	0xe82df3
reference	326	LavaWallWorn3	LAVASTONE_WALL_WORN3	WALL	LAVA_STONE	WORN_3	--------	144	0xe82de1	1	0xe82df3
reference	327	LavaWall	LAVASTONE_WALL	WALL	LAVA_STONE	NORMAL	--------	144	0xe82de1	1	0xe82df3
reference	328	FeatureWallWorn1	FEATSTONE_WALL_WORN1	WALL	FEATURE	WORN_1	--------	144	0xe82de1	1	0xe82df3
reference	329	FeatureWallWorn2	FEATSTONE_WALL_WORN2	WALL	FEATURE	WORN_2	--------	144	0xe82de1	1	0xe82df3
reference	330	FeatureWallWorn3	FEATSTONE_WALL_WORN3	WALL	FEATURE	WORN_3	--------	144	0xe82de1	1	0xe82df3
reference	331	FeatureWall	FEATSTONE_WALL	WALL	FEATURE	NORMAL	--------	144	0xe82de1	1	0xe82df3
reference	332	StoneFloor1	STONE_FLOOR1	FLOOR	STONE	NORMAL	--------	36	0xe7f7d8	0	0xe7f7d8
reference	333	StoneFloor2	STONE_FLOOR2	FLOOR	STONE	NORMAL	--------	36	0xe7f7d8	0	0xe7f7d8
reference	334	StoneFloor3	STONE_FLOOR3	FLOOR	STONE	NORMAL	--------	36	0xe7f7d8	0	0xe7f7d8
reference	335	StoneFloor4	STONE_FLOOR4	FLOOR	STONE	NORMAL	--------	36	0xe7f7d8	0	0xe7f7d8
reference	336	LavaFloor1	LAVASTONE_FLOOR1	FLOOR	LAVA_STONE	NORMAL	--------	36	0xe7f7d8	0	0xe7f7d8
reference	337	LavaFloor2	LAVASTONE_FLOOR2	FLOOR	LAVA_STONE	NORMAL	--------	36	0xe7f7d8	0	0xe7f7d8
reference	338	LavaFloor3	LAVASTONE_FLOOR3	FLOOR	LAVA_STONE	NORMAL	--------	36	0xe7f7d8	0	0xe7f7d8
reference	339	LavaFloor4	LAVASTONE_FLOOR4	FLOOR	LAVA_STONE	NORMAL	--------	36	0xe7f7d8	0	0xe7f7d8
reference	340	FeatureFloor1	FEATSTONE_FLOOR1	FLOOR	FEATURE	NORMAL	--------	36	0xe7f7d8	0	0xe7f7d8
reference	341	FeatureFloor2	FEATSTONE_FLOOR2	FLOOR	FEATURE	NORMAL	--------	36	0xe7f7d8	0	0xe7f7d8
reference	342	FeatureFloor3	FEATSTONE_FLOOR3	FLOOR	FEATURE	NORMAL	--------	36	0xe7f7d8	0	0xe7f7d8
reference	343	FeatureFloor4	FEATSTONE_FLOOR4	FLOOR	FEATURE	NORMAL	--------	36	0xe7f7d8	0	0xe7f7d8
reference	344	GrassDarkFloor1	GRASS_FLOOR1	FLOOR	GRASS_DARK	NONE	--------	37	0xe7dd5e	0	0xe7dd5e
reference	345	GrassDarkFloor2	GRASS_FLOOR2	FLOOR	GRASS_DARK	NONE	--------	37	0xe7dd5e	0	0xe7dd5e
reference	346	GrassDarkFloor3	GRASS_FLOOR3	FLOOR	GRASS_DARK	NONE	--------	37	0xe7dd5e	0	0xe7dd5e
reference	347	GrassDarkFloor4	GRASS_FLOOR4	FLOOR	GRASS_DARK	NONE	--------	37	0xe7dd5e	0	0xe7dd5e
reference	348	SoilFloor1	SOIL_FLOOR1	FLOOR	SOIL	NORMAL	--------	36	0xe7f7d8	0	0xe7f7d8
reference	349	SoilFloor2	SOIL_FLOOR2	FLOOR	SOIL	NORMAL	--------	36	0xe7f7d8	0	0xe7f7d8
reference	350	SoilFloor3	SOIL_FLOOR3	FLOOR	SOIL	NORMAL	--------	36	0xe7f7d8	0	0xe7f7d8
reference	351	SoilFloor4	SOIL_FLOOR4	FLOOR	SOIL	NORMAL	--------	36	0xe7f7d8	0	0xe7f7d8
reference	352	SoilWetFloor1	SOIL_FLOOR1_WET	FLOOR	SOIL	WET	--------	38	0xe7f883	0	0xe7f883
reference	353	SoilWetFloor2	SOIL_FLOOR2_WET	FLOOR	SOIL	WET	--------	38	0xe7f883	0	0xe7f883
reference	354	SoilWetFloor3	SOIL_FLOOR3_WET	FLOOR	SOIL	WET	--------	38	0xe7f883	0	0xe7f883
reference	355	SoilWetFloor4	SOIL_FLOOR4_WET	FLOOR	SOIL	WET	--------	38	0xe7f883	0	0xe7f883
reference	356	FrozenFortification	FROZEN_LIQUID_FORTIFICATION	FORTIFICATION	FROZEN_LIQUID	NONE	--------	144	0xe82de1	1	0xe82df3
reference	357	FrozenWallWorn1	FROZEN_LIQUID_WALL_WORN1	WALL	FROZEN_LIQUID	WORN_1	--------	144	0xe82de1	1	0xe82df3
reference	358	FrozenWallWorn2	FROZEN_LIQUID_WALL_WORN2	WALL	FROZEN_LIQUID	WORN_2	--------	144	0xe82de1	1	0xe82df3
reference	359	FrozenWallWorn3	FROZEN_LIQUID_WALL_WORN3	WALL	FROZEN_LIQUID	WORN_3	--------	144	0xe82de1	1	0xe82df3
reference	360	FrozenWall	FROZEN_LIQUID_WALL	WALL	FROZEN_LIQUID	NORMAL	--------	144	0xe82de1	1	0xe82df3
reference	361	RiverN	RIVER_N	FLOOR	RIVER	NORMAL	N	39	0xe8017e	0	0xe8017e
reference	362	RiverS	RIVER_S	FLOOR	RIVER	NORMAL	S	39	0xe8017e	0	0xe8017e
reference	363	RiverE	RIVER_E	FLOOR	RIVER	NORMAL	E	39	0xe8017e	0	0xe8017e
reference	364	RiverW	RIVER_W	FLOOR	RIVER	NORMAL	W	39	0xe8017e	0	0xe8017e
reference	365	RiverNW	RIVER_NW	FLOOR	RIVER	NORMAL	NW	39	0xe8017e	0	0xe8017e
reference	366	RiverNE	RIVER_NE	FLOOR	RIVER	NORMAL	NE	39	0xe8017e	0	0xe8017e
reference	367	RiverSW	RIVER_SW	FLOOR	RIVER	NORMAL	SW	39	0xe8017e	0	0xe8017e
reference	368	RiverSE	RIVER_SE	FLOOR	RIVER	NORMAL	SE	39	0xe8017e	0	0xe8017e
reference	369	BrookN	STREAM_BED_WALL_N	BROOK_BED	BROOK	NONE	N	40	0xe80190	0	0xe80190
reference	370	BrookS	STREAM_BED_WALL_S	BROOK_BED	BROOK	NONE	S	40	0xe80190	0	0xe80190
reference	371	BrookE	STREAM_BED_WALL_E	BROOK_BED	BROOK	NONE	E	40	0xe80190	0	0xe80190
reference	372	BrookW	STREAM_BED_WALL_W	BROOK_BED	BROOK	NONE	W	40	0xe80190	0	0xe80190
reference	373	BrookNW	STREAM_BED_WALL_NW	BROOK_BED	BROOK	NONE	NW	40	0xe80190	0	0xe80190
reference	374	BrookNE	STREAM_BED_WALL_NE	BROOK_BED	BROOK	NONE	NE	40	0xe80190	0	0xe80190
reference	375	BrookSW	STREAM_BED_WALL_SW	BROOK_BED	BROOK	NONE	SW	40	0xe80190	0	0xe80190
reference	376	BrookSE	STREAM_BED_WALL_SE	BROOK_BED	BROOK	NONE	SE	40	0xe80190	0	0xe80190
reference	377	BrookTop1	STREAM_BED_TOP	BROOK_TOP	BROOK	NONE	--------	40	0xe80190	0	0xe80190
reference	378	BrookTop2	STREAM_BED_TOP2	BROOK_TOP	BROOK	NONE	--------	40	0xe80190	0	0xe80190
reference	379	BrookTop3	STREAM_BED_TOP3	BROOK_TOP	BROOK	NONE	--------	40	0xe80190	0	0xe80190
reference	380	BrookTop4	STREAM_BED_TOP4	BROOK_TOP	BROOK	NONE	--------	40	0xe80190	0	0xe80190
reference	381	Unused381	UNUSED_381	NONE	NONE	NONE	--------	144	0xe82de1	0	0xe82de1
reference	382	Unused382	UNUSED_382	NONE	NONE	NONE	--------	144	0xe82de1	0	0xe82de1
reference	383	GrassDryFloor1	GRASS_FLOOR1_DRY	FLOOR	GRASS_DRY	NONE	--------	41	0xe7e21a	0	0xe7e21a
reference	384	GrassDryFloor2	GRASS_FLOOR2_DRY	FLOOR	GRASS_DRY	NONE	--------	41	0xe7e21a	0	0xe7e21a
reference	385	GrassDryFloor3	GRASS_FLOOR3_DRY	FLOOR	GRASS_DRY	NONE	--------	41	0xe7e21a	0	0xe7e21a
reference	386	GrassDryFloor4	GRASS_FLOOR4_DRY	FLOOR	GRASS_DRY	NONE	--------	41	0xe7e21a	0	0xe7e21a
reference	387	Unused387	UNUSED_387	NONE	NONE	NONE	--------	144	0xe82de1	0	0xe82de1
reference	388	SaplingDead	SAPLING_DEAD	SAPLING	PLANT	DEAD	--------	24	0xe7f93f	0	0xe7f93f
reference	389	ShrubDead	SHRUB_DEAD	SHRUB	PLANT	DEAD	--------	10	0xe7fa93	0	0xe7fa93
reference	390	GrassDeadFloor1	GRASS_FLOOR1_DEAD	FLOOR	GRASS_DEAD	NONE	--------	42	0xe7e6dc	0	0xe7e6dc
reference	391	GrassDeadFloor2	GRASS_FLOOR2_DEAD	FLOOR	GRASS_DEAD	NONE	--------	42	0xe7e6dc	0	0xe7e6dc
reference	392	GrassDeadFloor3	GRASS_FLOOR3_DEAD	FLOOR	GRASS_DEAD	NONE	--------	42	0xe7e6dc	0	0xe7e6dc
reference	393	GrassDeadFloor4	GRASS_FLOOR4_DEAD	FLOOR	GRASS_DEAD	NONE	--------	42	0xe7e6dc	0	0xe7e6dc
reference	394	GrassLightFloor1	GRASS_FLOOR1B	FLOOR	GRASS_LIGHT	NONE	--------	37	0xe7dd5e	0	0xe7dd5e
reference	395	GrassLightFloor2	GRASS_FLOOR2B	FLOOR	GRASS_LIGHT	NONE	--------	37	0xe7dd5e	0	0xe7dd5e
reference	396	GrassLightFloor3	GRASS_FLOOR3B	FLOOR	GRASS_LIGHT	NONE	--------	37	0xe7dd5e	0	0xe7dd5e
reference	397	GrassLightFloor4	GRASS_FLOOR4B	FLOOR	GRASS_LIGHT	NONE	--------	37	0xe7dd5e	0	0xe7dd5e
reference	398	StoneBoulder	STONE_BOULDER	BOULDER	STONE	NONE	--------	43	0xe7f6a6	0	0xe7f6a6
reference	399	LavaBoulder	LAVASTONE_BOULDER	BOULDER	LAVA_STONE	NONE	--------	43	0xe7f6a6	0	0xe7f6a6
reference	400	FeatureBoulder	FEATSTONE_BOULDER	BOULDER	FEATURE	NONE	--------	43	0xe7f6a6	0	0xe7f6a6
reference	401	StonePebbles1	STONE_PEBBLE1	PEBBLES	STONE	NONE	--------	44	0xe7f74a	0	0xe7f74a
reference	402	StonePebbles2	STONE_PEBBLE2	PEBBLES	STONE	NONE	--------	44	0xe7f74a	0	0xe7f74a
reference	403	StonePebbles3	STONE_PEBBLE3	PEBBLES	STONE	NONE	--------	44	0xe7f74a	0	0xe7f74a
reference	404	StonePebbles4	STONE_PEBBLE4	PEBBLES	STONE	NONE	--------	44	0xe7f74a	0	0xe7f74a
reference	405	LavaPebbles1	LAVASTONE_PEBBLE1	PEBBLES	LAVA_STONE	NONE	--------	44	0xe7f74a	0	0xe7f74a
reference	406	LavaPebbles2	LAVASTONE_PEBBLE2	PEBBLES	LAVA_STONE	NONE	--------	44	0xe7f74a	0	0xe7f74a
reference	407	LavaPebbles3	LAVASTONE_PEBBLE3	PEBBLES	LAVA_STONE	NONE	--------	44	0xe7f74a	0	0xe7f74a
reference	408	LavaPebbles4	LAVASTONE_PEBBLE4	PEBBLES	LAVA_STONE	NONE	--------	44	0xe7f74a	0	0xe7f74a
reference	409	FeaturePebbles1	FEATSTONE_PEBBLE1	PEBBLES	FEATURE	NONE	--------	44	0xe7f74a	0	0xe7f74a
reference	410	FeaturePebbles2	FEATSTONE_PEBBLE2	PEBBLES	FEATURE	NONE	--------	44	0xe7f74a	0	0xe7f74a
reference	411	FeaturePebbles3	FEATSTONE_PEBBLE3	PEBBLES	FEATURE	NONE	--------	44	0xe7f74a	0	0xe7f74a
reference	412	FeaturePebbles4	FEATSTONE_PEBBLE4	PEBBLES	FEATURE	NONE	--------	44	0xe7f74a	0	0xe7f74a
reference	413	MineralWallSmoothRD2	MINSTONE_WALL_DET_RD2	WALL	MINERAL	SMOOTH	--SS--E-	144	0xe82de1	1	0xe82df3
reference	414	MineralWallSmoothR2D	MINSTONE_WALL_DET_R2D	WALL	MINERAL	SMOOTH	--S---EE	144	0xe82de1	1	0xe82df3
reference	415	MineralWallSmoothR2U	MINSTONE_WALL_DET_R2U	WALL	MINERAL	SMOOTH	N-----EE	144	0xe82de1	1	0xe82df3
reference	416	MineralWallSmoothRU2	MINSTONE_WALL_DET_RU2	WALL	MINERAL	SMOOTH	NN----E-	144	0xe82de1	1	0xe82df3
reference	417	MineralWallSmoothL2U	MINSTONE_WALL_DET_L2U	WALL	MINERAL	SMOOTH	N---WW--	144	0xe82de1	1	0xe82df3
reference	418	MineralWallSmoothLU2	MINSTONE_WALL_DET_LU2	WALL	MINERAL	SMOOTH	NN--W---	144	0xe82de1	1	0xe82df3
reference	419	MineralWallSmoothL2D	MINSTONE_WALL_DET_L2D	WALL	MINERAL	SMOOTH	--S-WW--	144	0xe82de1	1	0xe82df3
reference	420	MineralWallSmoothLD2	MINSTONE_WALL_DET_LD2	WALL	MINERAL	SMOOTH	--SSW---	144	0xe82de1	1	0xe82df3
reference	421	MineralWallSmoothLRUD	MINSTONE_WALL_DET_LRUD	WALL	MINERAL	SMOOTH	N-S-W-E-	144	0xe82de1	1	0xe82df3
reference	422	MineralWallSmoothRUD	MINSTONE_WALL_DET_RUD	WALL	MINERAL	SMOOTH	N-S---E-	144	0xe82de1	1	0xe82df3
reference	423	MineralWallSmoothLRD	MINSTONE_WALL_DET_LRD	WALL	MINERAL	SMOOTH	--S-W-E-	144	0xe82de1	1	0xe82df3
reference	424	MineralWallSmoothLRU	MINSTONE_WALL_DET_LRU	WALL	MINERAL	SMOOTH	N---W-E-	144	0xe82de1	1	0xe82df3
reference	425	MineralWallSmoothLUD	MINSTONE_WALL_DET_LUD	WALL	MINERAL	SMOOTH	N-S-W---	144	0xe82de1	1	0xe82df3
reference	426	MineralWallSmoothRD	MINSTONE_WALL_DET_RD	WALL	MINERAL	SMOOTH	--S---E-	144	0xe82de1	1	0xe82df3
reference	427	MineralWallSmoothRU	MINSTONE_WALL_DET_RU	WALL	MINERAL	SMOOTH	N-----E-	144	0xe82de1	1	0xe82df3
reference	428	MineralWallSmoothLU	MINSTONE_WALL_DET_LU	WALL	MINERAL	SMOOTH	N---W---	144	0xe82de1	1	0xe82df3
reference	429	MineralWallSmoothLD	MINSTONE_WALL_DET_LD	WALL	MINERAL	SMOOTH	--S-W---	144	0xe82de1	1	0xe82df3
reference	430	MineralWallSmoothUD	MINSTONE_WALL_DET_UD	WALL	MINERAL	SMOOTH	N-S-----	144	0xe82de1	1	0xe82df3
reference	431	MineralWallSmoothLR	MINSTONE_WALL_DET_LR	WALL	MINERAL	SMOOTH	----W-E-	144	0xe82de1	1	0xe82df3
reference	432	MineralFortification	MINSTONE_FORTIFICATION	FORTIFICATION	MINERAL	NONE	--------	144	0xe82de1	1	0xe82df3
reference	433	MineralWallWorn1	MINSTONE_WALL_WORN1	WALL	MINERAL	WORN_1	--------	144	0xe82de1	1	0xe82df3
reference	434	MineralWallWorn2	MINSTONE_WALL_WORN2	WALL	MINERAL	WORN_2	--------	144	0xe82de1	1	0xe82df3
reference	435	MineralWallWorn3	MINSTONE_WALL_WORN3	WALL	MINERAL	WORN_3	--------	144	0xe82de1	1	0xe82df3
reference	436	MineralWall	MINSTONE_WALL	WALL	MINERAL	NORMAL	--------	144	0xe82de1	1	0xe82df3
reference	437	MineralFloor1	MINSTONE_FLOOR1	FLOOR	MINERAL	NORMAL	--------	36	0xe7f7d8	0	0xe7f7d8
reference	438	MineralFloor2	MINSTONE_FLOOR2	FLOOR	MINERAL	NORMAL	--------	36	0xe7f7d8	0	0xe7f7d8
reference	439	MineralFloor3	MINSTONE_FLOOR3	FLOOR	MINERAL	NORMAL	--------	36	0xe7f7d8	0	0xe7f7d8
reference	440	MineralFloor4	MINSTONE_FLOOR4	FLOOR	MINERAL	NORMAL	--------	36	0xe7f7d8	0	0xe7f7d8
reference	441	MineralBoulder	MINSTONE_BOULDER	BOULDER	MINERAL	NONE	--------	43	0xe7f6a6	0	0xe7f6a6
reference	442	MineralPebbles1	MINSTONE_PEBBLE1	PEBBLES	MINERAL	NONE	--------	44	0xe7f74a	0	0xe7f74a
reference	443	MineralPebbles2	MINSTONE_PEBBLE2	PEBBLES	MINERAL	NONE	--------	44	0xe7f74a	0	0xe7f74a
reference	444	MineralPebbles3	MINSTONE_PEBBLE3	PEBBLES	MINERAL	NONE	--------	44	0xe7f74a	0	0xe7f74a
reference	445	MineralPebbles4	MINSTONE_PEBBLE4	PEBBLES	MINERAL	NONE	--------	44	0xe7f74a	0	0xe7f74a
reference	446	FrozenWallSmoothRD2	FROZEN_LIQUID_WALL_DET_RD2	WALL	FROZEN_LIQUID	SMOOTH	--SS--E-	144	0xe82de1	1	0xe82df3
reference	447	FrozenWallSmoothR2D	FROZEN_LIQUID_WALL_DET_R2D	WALL	FROZEN_LIQUID	SMOOTH	--S---EE	144	0xe82de1	1	0xe82df3
reference	448	FrozenWallSmoothR2U	FROZEN_LIQUID_WALL_DET_R2U	WALL	FROZEN_LIQUID	SMOOTH	N-----EE	144	0xe82de1	1	0xe82df3
reference	449	FrozenWallSmoothRU2	FROZEN_LIQUID_WALL_DET_RU2	WALL	FROZEN_LIQUID	SMOOTH	NN----E-	144	0xe82de1	1	0xe82df3
reference	450	FrozenWallSmoothL2U	FROZEN_LIQUID_WALL_DET_L2U	WALL	FROZEN_LIQUID	SMOOTH	N---WW--	144	0xe82de1	1	0xe82df3
reference	451	FrozenWallSmoothLU2	FROZEN_LIQUID_WALL_DET_LU2	WALL	FROZEN_LIQUID	SMOOTH	NN--W---	144	0xe82de1	1	0xe82df3
reference	452	FrozenWallSmoothL2D	FROZEN_LIQUID_WALL_DET_L2D	WALL	FROZEN_LIQUID	SMOOTH	--S-WW--	144	0xe82de1	1	0xe82df3
reference	453	FrozenWallSmoothLD2	FROZEN_LIQUID_WALL_DET_LD2	WALL	FROZEN_LIQUID	SMOOTH	--SSW---	144	0xe82de1	1	0xe82df3
reference	454	FrozenWallSmoothLRUD	FROZEN_LIQUID_WALL_DET_LRUD	WALL	FROZEN_LIQUID	SMOOTH	N-S-W-E-	144	0xe82de1	1	0xe82df3
reference	455	FrozenWallSmoothRUD	FROZEN_LIQUID_WALL_DET_RUD	WALL	FROZEN_LIQUID	SMOOTH	N-S---E-	144	0xe82de1	1	0xe82df3
reference	456	FrozenWallSmoothLRD	FROZEN_LIQUID_WALL_DET_LRD	WALL	FROZEN_LIQUID	SMOOTH	--S-W-E-	144	0xe82de1	1	0xe82df3
reference	457	FrozenWallSmoothLRU	FROZEN_LIQUID_WALL_DET_LRU	WALL	FROZEN_LIQUID	SMOOTH	N---W-E-	144	0xe82de1	1	0xe82df3
reference	458	FrozenWallSmoothLUD	FROZEN_LIQUID_WALL_DET_LUD	WALL	FROZEN_LIQUID	SMOOTH	N-S-W---	144	0xe82de1	1	0xe82df3
reference	459	FrozenWallSmoothRD	FROZEN_LIQUID_WALL_DET_RD	WALL	FROZEN_LIQUID	SMOOTH	--S---E-	144	0xe82de1	1	0xe82df3
reference	460	FrozenWallSmoothRU	FROZEN_LIQUID_WALL_DET_RU	WALL	FROZEN_LIQUID	SMOOTH	N-----E-	144	0xe82de1	1	0xe82df3
reference	461	FrozenWallSmoothLU	FROZEN_LIQUID_WALL_DET_LU	WALL	FROZEN_LIQUID	SMOOTH	N---W---	144	0xe82de1	1	0xe82df3
reference	462	FrozenWallSmoothLD	FROZEN_LIQUID_WALL_DET_LD	WALL	FROZEN_LIQUID	SMOOTH	--S-W---	144	0xe82de1	1	0xe82df3
reference	463	FrozenWallSmoothUD	FROZEN_LIQUID_WALL_DET_UD	WALL	FROZEN_LIQUID	SMOOTH	N-S-----	144	0xe82de1	1	0xe82df3
reference	464	FrozenWallSmoothLR	FROZEN_LIQUID_WALL_DET_LR	WALL	FROZEN_LIQUID	SMOOTH	----W-E-	144	0xe82de1	1	0xe82df3
reference	465	RiverRampN	RIVER_RAMP_N	RAMP	RIVER	NONE	N	39	0xe8017e	0	0xe8017e
reference	466	RiverRampS	RIVER_RAMP_S	RAMP	RIVER	NONE	S	39	0xe8017e	0	0xe8017e
reference	467	RiverRampE	RIVER_RAMP_E	RAMP	RIVER	NONE	E	39	0xe8017e	0	0xe8017e
reference	468	RiverRampW	RIVER_RAMP_W	RAMP	RIVER	NONE	W	39	0xe8017e	0	0xe8017e
reference	469	RiverRampNW	RIVER_RAMP_NW	RAMP	RIVER	NONE	NW	39	0xe8017e	0	0xe8017e
reference	470	RiverRampNE	RIVER_RAMP_NE	RAMP	RIVER	NONE	NE	39	0xe8017e	0	0xe8017e
reference	471	RiverRampSW	RIVER_RAMP_SW	RAMP	RIVER	NONE	SW	39	0xe8017e	0	0xe8017e
reference	472	RiverRampSE	RIVER_RAMP_SE	RAMP	RIVER	NONE	SE	39	0xe8017e	0	0xe8017e
reference	473	ShoddyConstructedFloor1	CONSTRUCTED_FLOOR_SHODDY_1	FLOOR	CONSTRUCTION	SHODDY	--------	45	0xe7e7d2	0	0xe7e7d2
reference	474	ShoddyConstructedFloor2	CONSTRUCTED_FLOOR_SHODDY_2	FLOOR	CONSTRUCTION	SHODDY	--------	45	0xe7e7d2	0	0xe7e7d2
reference	475	ShoddyConstructedFloor3	CONSTRUCTED_FLOOR_SHODDY_3	FLOOR	CONSTRUCTION	SHODDY	--------	45	0xe7e7d2	0	0xe7e7d2
reference	476	ShoddyConstructedFloor4	CONSTRUCTED_FLOOR_SHODDY_4	FLOOR	CONSTRUCTION	SHODDY	--------	45	0xe7e7d2	0	0xe7e7d2
reference	477	ShoddyConstructedStairUD	STAIR_UPDOWN_CONSTRUCTED_SHODDY	STAIR_UPDOWN	CONSTRUCTION	SHODDY	--------	46	0xe803f4	0	0xe803f4
reference	478	ShoddyConstructedStairD	STAIR_DOWN_CONSTRUCTED_SHODDY	STAIR_DOWN	CONSTRUCTION	SHODDY	--------	47	0xe804ad	0	0xe804ad
reference	479	ShoddyConstructedStairU	STAIR_UP_CONSTRUCTED_SHODDY	STAIR_UP	CONSTRUCTION	SHODDY	--------	48	0xe8057d	0	0xe8057d
reference	480	Unused480	UNUSED_480	NONE	NONE	NONE	--------	144	0xe82de1	0	0xe82de1
reference	481	Unused481	UNUSED_481	NONE	NONE	NONE	--------	144	0xe82de1	0	0xe82de1
reference	482	Unused482	UNUSED_482	NONE	NONE	NONE	--------	144	0xe82de1	0	0xe82de1
reference	483	Unused483	UNUSED_483	NONE	NONE	NONE	--------	144	0xe82de1	0	0xe82de1
reference	484	Unused484	UNUSED_484	NONE	NONE	NONE	--------	144	0xe82de1	0	0xe82de1
reference	485	Unused485	UNUSED_485	NONE	NONE	NONE	--------	144	0xe82de1	0	0xe82de1
reference	486	Unused486	UNUSED_486	NONE	NONE	NONE	--------	144	0xe82de1	0	0xe82de1
reference	487	Unused487	UNUSED_487	NONE	NONE	NONE	--------	144	0xe82de1	0	0xe82de1
reference	488	Unused488	UNUSED_488	NONE	NONE	NONE	--------	144	0xe82de1	0	0xe82de1
reference	489	ConstructedFloor	CONSTRUCTED_FLOOR_DETAILED	FLOOR	CONSTRUCTION	SMOOTH	--------	49	0xe7e7e1	0	0xe7e7e1
reference	490	ConstructedFortification	CONSTRUCTED_FORTIFICATION	FORTIFICATION	CONSTRUCTION	NONE	--------	144	0xe82de1	1	0xe82df3
reference	491	ConstructedPillar	CONSTRUCTED_PILLAR	WALL	CONSTRUCTION	SMOOTH	--------	144	0xe82de1	1	0xe82df3
reference	492	ConstructedWallRD2	CONSTRUCTED_WALL_DET_RD2	WALL	CONSTRUCTION	SMOOTH	--SS--E-	144	0xe82de1	1	0xe82df3
reference	493	ConstructedWallR2D	CONSTRUCTED_WALL_DET_R2D	WALL	CONSTRUCTION	SMOOTH	--S---EE	144	0xe82de1	1	0xe82df3
reference	494	ConstructedWallR2U	CONSTRUCTED_WALL_DET_R2U	WALL	CONSTRUCTION	SMOOTH	N-----EE	144	0xe82de1	1	0xe82df3
reference	495	ConstructedWallRU2	CONSTRUCTED_WALL_DET_RU2	WALL	CONSTRUCTION	SMOOTH	NN----E-	144	0xe82de1	1	0xe82df3
reference	496	ConstructedWallL2U	CONSTRUCTED_WALL_DET_L2U	WALL	CONSTRUCTION	SMOOTH	N---WW--	144	0xe82de1	1	0xe82df3
reference	497	ConstructedWallLU2	CONSTRUCTED_WALL_DET_LU2	WALL	CONSTRUCTION	SMOOTH	NN--W---	144	0xe82de1	1	0xe82df3
reference	498	ConstructedWallL2D	CONSTRUCTED_WALL_DET_L2D	WALL	CONSTRUCTION	SMOOTH	--S-WW--	144	0xe82de1	1	0xe82df3
reference	499	ConstructedWallLD2	CONSTRUCTED_WALL_DET_LD2	WALL	CONSTRUCTION	SMOOTH	--SSW---	144	0xe82de1	1	0xe82df3
reference	500	ConstructedWallLRUD	CONSTRUCTED_WALL_DET_LRUD	WALL	CONSTRUCTION	SMOOTH	N-S-W-E-	144	0xe82de1	1	0xe82df3
reference	501	ConstructedWallRUD	CONSTRUCTED_WALL_DET_RUD	WALL	CONSTRUCTION	SMOOTH	N-S---E-	144	0xe82de1	1	0xe82df3
reference	502	ConstructedWallLRD	CONSTRUCTED_WALL_DET_LRD	WALL	CONSTRUCTION	SMOOTH	--S-W-E-	144	0xe82de1	1	0xe82df3
reference	503	ConstructedWallLRU	CONSTRUCTED_WALL_DET_LRU	WALL	CONSTRUCTION	SMOOTH	N---W-E-	144	0xe82de1	1	0xe82df3
reference	504	ConstructedWallLUD	CONSTRUCTED_WALL_DET_LUD	WALL	CONSTRUCTION	SMOOTH	N-S-W---	144	0xe82de1	1	0xe82df3
reference	505	ConstructedWallRD	CONSTRUCTED_WALL_DET_RD	WALL	CONSTRUCTION	SMOOTH	--S---E-	144	0xe82de1	1	0xe82df3
reference	506	ConstructedWallRU	CONSTRUCTED_WALL_DET_RU	WALL	CONSTRUCTION	SMOOTH	N-----E-	144	0xe82de1	1	0xe82df3
reference	507	ConstructedWallLU	CONSTRUCTED_WALL_DET_LU	WALL	CONSTRUCTION	SMOOTH	N---W---	144	0xe82de1	1	0xe82df3
reference	508	ConstructedWallLD	CONSTRUCTED_WALL_DET_LD	WALL	CONSTRUCTION	SMOOTH	--S-W---	144	0xe82de1	1	0xe82df3
reference	509	ConstructedWallUD	CONSTRUCTED_WALL_DET_UD	WALL	CONSTRUCTION	SMOOTH	N-S-----	144	0xe82de1	1	0xe82df3
reference	510	ConstructedWallLR	CONSTRUCTED_WALL_DET_LR	WALL	CONSTRUCTION	SMOOTH	----W-E-	144	0xe82de1	1	0xe82df3
reference	511	ConstructedStairUD	STAIR_UPDOWN_CONSTRUCTED	STAIR_UPDOWN	CONSTRUCTION	NONE	--------	50	0xe80403	0	0xe80403
reference	512	ConstructedStairD	STAIR_DOWN_CONSTRUCTED	STAIR_DOWN	CONSTRUCTION	NONE	--------	51	0xe804bc	0	0xe804bc
reference	513	ConstructedStairU	STAIR_UP_CONSTRUCTED	STAIR_UP	CONSTRUCTION	NONE	--------	52	0xe8058c	0	0xe8058c
reference	514	ConstructedRamp	RAMP_CONSTRUCTED	RAMP	CONSTRUCTION	NONE	--------	53	0xe81d08	0	0xe81d08
reference	515	StoneFloorTrackN	STONE_TRACK_N	FLOOR	STONE	TRACK	N	54	0xe7e812	0	0xe7e812
reference	516	StoneFloorTrackS	STONE_TRACK_S	FLOOR	STONE	TRACK	S	55	0xe7e8e7	0	0xe7e8e7
reference	517	StoneFloorTrackE	STONE_TRACK_E	FLOOR	STONE	TRACK	E	56	0xe7e9bc	0	0xe7e9bc
reference	518	StoneFloorTrackW	STONE_TRACK_W	FLOOR	STONE	TRACK	W	57	0xe7ea91	0	0xe7ea91
reference	519	StoneFloorTrackNS	STONE_TRACK_NS	FLOOR	STONE	TRACK	NS	58	0xe7eb66	0	0xe7eb66
reference	520	StoneFloorTrackNE	STONE_TRACK_NE	FLOOR	STONE	TRACK	NE	59	0xe7ec3b	0	0xe7ec3b
reference	521	StoneFloorTrackNW	STONE_TRACK_NW	FLOOR	STONE	TRACK	NW	60	0xe7ed10	0	0xe7ed10
reference	522	StoneFloorTrackSE	STONE_TRACK_SE	FLOOR	STONE	TRACK	SE	61	0xe7ede5	0	0xe7ede5
reference	523	StoneFloorTrackSW	STONE_TRACK_SW	FLOOR	STONE	TRACK	SW	62	0xe7eeba	0	0xe7eeba
reference	524	StoneFloorTrackEW	STONE_TRACK_EW	FLOOR	STONE	TRACK	EW	63	0xe7ef8f	0	0xe7ef8f
reference	525	StoneFloorTrackNSE	STONE_TRACK_NSE	FLOOR	STONE	TRACK	NSE	64	0xe7f064	0	0xe7f064
reference	526	StoneFloorTrackNSW	STONE_TRACK_NSW	FLOOR	STONE	TRACK	NSW	65	0xe7f139	0	0xe7f139
reference	527	StoneFloorTrackNEW	STONE_TRACK_NEW	FLOOR	STONE	TRACK	NEW	66	0xe7f20e	0	0xe7f20e
reference	528	StoneFloorTrackSEW	STONE_TRACK_SEW	FLOOR	STONE	TRACK	SEW	67	0xe7f2e3	0	0xe7f2e3
reference	529	StoneFloorTrackNSEW	STONE_TRACK_NSEW	FLOOR	STONE	TRACK	NSEW	68	0xe7f3b8	0	0xe7f3b8
reference	530	LavaFloorTrackN	LAVASTONE_TRACK_N	FLOOR	LAVA_STONE	TRACK	N	54	0xe7e812	0	0xe7e812
reference	531	LavaFloorTrackS	LAVASTONE_TRACK_S	FLOOR	LAVA_STONE	TRACK	S	55	0xe7e8e7	0	0xe7e8e7
reference	532	LavaFloorTrackE	LAVASTONE_TRACK_E	FLOOR	LAVA_STONE	TRACK	E	56	0xe7e9bc	0	0xe7e9bc
reference	533	LavaFloorTrackW	LAVASTONE_TRACK_W	FLOOR	LAVA_STONE	TRACK	W	57	0xe7ea91	0	0xe7ea91
reference	534	LavaFloorTrackNS	LAVASTONE_TRACK_NS	FLOOR	LAVA_STONE	TRACK	NS	58	0xe7eb66	0	0xe7eb66
reference	535	LavaFloorTrackNE	LAVASTONE_TRACK_NE	FLOOR	LAVA_STONE	TRACK	NE	59	0xe7ec3b	0	0xe7ec3b
reference	536	LavaFloorTrackNW	LAVASTONE_TRACK_NW	FLOOR	LAVA_STONE	TRACK	NW	60	0xe7ed10	0	0xe7ed10
reference	537	LavaFloorTrackSE	LAVASTONE_TRACK_SE	FLOOR	LAVA_STONE	TRACK	SE	61	0xe7ede5	0	0xe7ede5
reference	538	LavaFloorTrackSW	LAVASTONE_TRACK_SW	FLOOR	LAVA_STONE	TRACK	SW	62	0xe7eeba	0	0xe7eeba
reference	539	LavaFloorTrackEW	LAVASTONE_TRACK_EW	FLOOR	LAVA_STONE	TRACK	EW	63	0xe7ef8f	0	0xe7ef8f
reference	540	LavaFloorTrackNSE	LAVASTONE_TRACK_NSE	FLOOR	LAVA_STONE	TRACK	NSE	64	0xe7f064	0	0xe7f064
reference	541	LavaFloorTrackNSW	LAVASTONE_TRACK_NSW	FLOOR	LAVA_STONE	TRACK	NSW	65	0xe7f139	0	0xe7f139
reference	542	LavaFloorTrackNEW	LAVASTONE_TRACK_NEW	FLOOR	LAVA_STONE	TRACK	NEW	66	0xe7f20e	0	0xe7f20e
reference	543	LavaFloorTrackSEW	LAVASTONE_TRACK_SEW	FLOOR	LAVA_STONE	TRACK	SEW	67	0xe7f2e3	0	0xe7f2e3
reference	544	LavaFloorTrackNSEW	LAVASTONE_TRACK_NSEW	FLOOR	LAVA_STONE	TRACK	NSEW	68	0xe7f3b8	0	0xe7f3b8
reference	545	FeatureFloorTrackN	FEATSTONE_TRACK_N	FLOOR	FEATURE	TRACK	N	54	0xe7e812	0	0xe7e812
reference	546	FeatureFloorTrackS	FEATSTONE_TRACK_S	FLOOR	FEATURE	TRACK	S	55	0xe7e8e7	0	0xe7e8e7
reference	547	FeatureFloorTrackE	FEATSTONE_TRACK_E	FLOOR	FEATURE	TRACK	E	56	0xe7e9bc	0	0xe7e9bc
reference	548	FeatureFloorTrackW	FEATSTONE_TRACK_W	FLOOR	FEATURE	TRACK	W	57	0xe7ea91	0	0xe7ea91
reference	549	FeatureFloorTrackNS	FEATSTONE_TRACK_NS	FLOOR	FEATURE	TRACK	NS	58	0xe7eb66	0	0xe7eb66
reference	550	FeatureFloorTrackNE	FEATSTONE_TRACK_NE	FLOOR	FEATURE	TRACK	NE	59	0xe7ec3b	0	0xe7ec3b
reference	551	FeatureFloorTrackNW	FEATSTONE_TRACK_NW	FLOOR	FEATURE	TRACK	NW	60	0xe7ed10	0	0xe7ed10
reference	552	FeatureFloorTrackSE	FEATSTONE_TRACK_SE	FLOOR	FEATURE	TRACK	SE	61	0xe7ede5	0	0xe7ede5
reference	553	FeatureFloorTrackSW	FEATSTONE_TRACK_SW	FLOOR	FEATURE	TRACK	SW	62	0xe7eeba	0	0xe7eeba
reference	554	FeatureFloorTrackEW	FEATSTONE_TRACK_EW	FLOOR	FEATURE	TRACK	EW	63	0xe7ef8f	0	0xe7ef8f
reference	555	FeatureFloorTrackNSE	FEATSTONE_TRACK_NSE	FLOOR	FEATURE	TRACK	NSE	64	0xe7f064	0	0xe7f064
reference	556	FeatureFloorTrackNSW	FEATSTONE_TRACK_NSW	FLOOR	FEATURE	TRACK	NSW	65	0xe7f139	0	0xe7f139
reference	557	FeatureFloorTrackNEW	FEATSTONE_TRACK_NEW	FLOOR	FEATURE	TRACK	NEW	66	0xe7f20e	0	0xe7f20e
reference	558	FeatureFloorTrackSEW	FEATSTONE_TRACK_SEW	FLOOR	FEATURE	TRACK	SEW	67	0xe7f2e3	0	0xe7f2e3
reference	559	FeatureFloorTrackNSEW	FEATSTONE_TRACK_NSEW	FLOOR	FEATURE	TRACK	NSEW	68	0xe7f3b8	0	0xe7f3b8
reference	560	MineralFloorTrackN	MINSTONE_TRACK_N	FLOOR	MINERAL	TRACK	N	54	0xe7e812	0	0xe7e812
reference	561	MineralFloorTrackS	MINSTONE_TRACK_S	FLOOR	MINERAL	TRACK	S	55	0xe7e8e7	0	0xe7e8e7
reference	562	MineralFloorTrackE	MINSTONE_TRACK_E	FLOOR	MINERAL	TRACK	E	56	0xe7e9bc	0	0xe7e9bc
reference	563	MineralFloorTrackW	MINSTONE_TRACK_W	FLOOR	MINERAL	TRACK	W	57	0xe7ea91	0	0xe7ea91
reference	564	MineralFloorTrackNS	MINSTONE_TRACK_NS	FLOOR	MINERAL	TRACK	NS	58	0xe7eb66	0	0xe7eb66
reference	565	MineralFloorTrackNE	MINSTONE_TRACK_NE	FLOOR	MINERAL	TRACK	NE	59	0xe7ec3b	0	0xe7ec3b
reference	566	MineralFloorTrackNW	MINSTONE_TRACK_NW	FLOOR	MINERAL	TRACK	NW	60	0xe7ed10	0	0xe7ed10
reference	567	MineralFloorTrackSE	MINSTONE_TRACK_SE	FLOOR	MINERAL	TRACK	SE	61	0xe7ede5	0	0xe7ede5
reference	568	MineralFloorTrackSW	MINSTONE_TRACK_SW	FLOOR	MINERAL	TRACK	SW	62	0xe7eeba	0	0xe7eeba
reference	569	MineralFloorTrackEW	MINSTONE_TRACK_EW	FLOOR	MINERAL	TRACK	EW	63	0xe7ef8f	0	0xe7ef8f
reference	570	MineralFloorTrackNSE	MINSTONE_TRACK_NSE	FLOOR	MINERAL	TRACK	NSE	64	0xe7f064	0	0xe7f064
reference	571	MineralFloorTrackNSW	MINSTONE_TRACK_NSW	FLOOR	MINERAL	TRACK	NSW	65	0xe7f139	0	0xe7f139
reference	572	MineralFloorTrackNEW	MINSTONE_TRACK_NEW	FLOOR	MINERAL	TRACK	NEW	66	0xe7f20e	0	0xe7f20e
reference	573	MineralFloorTrackSEW	MINSTONE_TRACK_SEW	FLOOR	MINERAL	TRACK	SEW	67	0xe7f2e3	0	0xe7f2e3
reference	574	MineralFloorTrackNSEW	MINSTONE_TRACK_NSEW	FLOOR	MINERAL	TRACK	NSEW	68	0xe7f3b8	0	0xe7f3b8
reference	575	FrozenFloorTrackN	FROZEN_LIQUID_TRACK_N	FLOOR	FROZEN_LIQUID	TRACK	N	69	0xe7e8d3	0	0xe7e8d3
reference	576	FrozenFloorTrackS	FROZEN_LIQUID_TRACK_S	FLOOR	FROZEN_LIQUID	TRACK	S	70	0xe7e9a8	0	0xe7e9a8
reference	577	FrozenFloorTrackE	FROZEN_LIQUID_TRACK_E	FLOOR	FROZEN_LIQUID	TRACK	E	71	0xe7ea7d	0	0xe7ea7d
reference	578	FrozenFloorTrackW	FROZEN_LIQUID_TRACK_W	FLOOR	FROZEN_LIQUID	TRACK	W	72	0xe7eb52	0	0xe7eb52
reference	579	FrozenFloorTrackNS	FROZEN_LIQUID_TRACK_NS	FLOOR	FROZEN_LIQUID	TRACK	NS	73	0xe7ec27	0	0xe7ec27
reference	580	FrozenFloorTrackNE	FROZEN_LIQUID_TRACK_NE	FLOOR	FROZEN_LIQUID	TRACK	NE	74	0xe7ecfc	0	0xe7ecfc
reference	581	FrozenFloorTrackNW	FROZEN_LIQUID_TRACK_NW	FLOOR	FROZEN_LIQUID	TRACK	NW	75	0xe7edd1	0	0xe7edd1
reference	582	FrozenFloorTrackSE	FROZEN_LIQUID_TRACK_SE	FLOOR	FROZEN_LIQUID	TRACK	SE	76	0xe7eea6	0	0xe7eea6
reference	583	FrozenFloorTrackSW	FROZEN_LIQUID_TRACK_SW	FLOOR	FROZEN_LIQUID	TRACK	SW	77	0xe7ef7b	0	0xe7ef7b
reference	584	FrozenFloorTrackEW	FROZEN_LIQUID_TRACK_EW	FLOOR	FROZEN_LIQUID	TRACK	EW	78	0xe7f050	0	0xe7f050
reference	585	FrozenFloorTrackNSE	FROZEN_LIQUID_TRACK_NSE	FLOOR	FROZEN_LIQUID	TRACK	NSE	79	0xe7f125	0	0xe7f125
reference	586	FrozenFloorTrackNSW	FROZEN_LIQUID_TRACK_NSW	FLOOR	FROZEN_LIQUID	TRACK	NSW	80	0xe7f1fa	0	0xe7f1fa
reference	587	FrozenFloorTrackNEW	FROZEN_LIQUID_TRACK_NEW	FLOOR	FROZEN_LIQUID	TRACK	NEW	81	0xe7f2cf	0	0xe7f2cf
reference	588	FrozenFloorTrackSEW	FROZEN_LIQUID_TRACK_SEW	FLOOR	FROZEN_LIQUID	TRACK	SEW	82	0xe7f3a4	0	0xe7f3a4
reference	589	FrozenFloorTrackNSEW	FROZEN_LIQUID_TRACK_NSEW	FLOOR	FROZEN_LIQUID	TRACK	NSEW	83	0xe7f479	0	0xe7f479
reference	590	ConstructedFloorTrackN	CONSTRUCTED_TRACK_N	FLOOR	CONSTRUCTION	TRACK	N	84	0xe7e8a2	0	0xe7e8a2
reference	591	ConstructedFloorTrackS	CONSTRUCTED_TRACK_S	FLOOR	CONSTRUCTION	TRACK	S	85	0xe7e977	0	0xe7e977
reference	592	ConstructedFloorTrackE	CONSTRUCTED_TRACK_E	FLOOR	CONSTRUCTION	TRACK	E	86	0xe7ea4c	0	0xe7ea4c
reference	593	ConstructedFloorTrackW	CONSTRUCTED_TRACK_W	FLOOR	CONSTRUCTION	TRACK	W	87	0xe7eb21	0	0xe7eb21
reference	594	ConstructedFloorTrackNS	CONSTRUCTED_TRACK_NS	FLOOR	CONSTRUCTION	TRACK	NS	88	0xe7ebf6	0	0xe7ebf6
reference	595	ConstructedFloorTrackNE	CONSTRUCTED_TRACK_NE	FLOOR	CONSTRUCTION	TRACK	NE	89	0xe7eccb	0	0xe7eccb
reference	596	ConstructedFloorTrackNW	CONSTRUCTED_TRACK_NW	FLOOR	CONSTRUCTION	TRACK	NW	90	0xe7eda0	0	0xe7eda0
reference	597	ConstructedFloorTrackSE	CONSTRUCTED_TRACK_SE	FLOOR	CONSTRUCTION	TRACK	SE	91	0xe7ee75	0	0xe7ee75
reference	598	ConstructedFloorTrackSW	CONSTRUCTED_TRACK_SW	FLOOR	CONSTRUCTION	TRACK	SW	92	0xe7ef4a	0	0xe7ef4a
reference	599	ConstructedFloorTrackEW	CONSTRUCTED_TRACK_EW	FLOOR	CONSTRUCTION	TRACK	EW	93	0xe7f01f	0	0xe7f01f
reference	600	ConstructedFloorTrackNSE	CONSTRUCTED_TRACK_NSE	FLOOR	CONSTRUCTION	TRACK	NSE	94	0xe7f0f4	0	0xe7f0f4
reference	601	ConstructedFloorTrackNSW	CONSTRUCTED_TRACK_NSW	FLOOR	CONSTRUCTION	TRACK	NSW	95	0xe7f1c9	0	0xe7f1c9
reference	602	ConstructedFloorTrackNEW	CONSTRUCTED_TRACK_NEW	FLOOR	CONSTRUCTION	TRACK	NEW	96	0xe7f29e	0	0xe7f29e
reference	603	ConstructedFloorTrackSEW	CONSTRUCTED_TRACK_SEW	FLOOR	CONSTRUCTION	TRACK	SEW	97	0xe7f373	0	0xe7f373
reference	604	ConstructedFloorTrackNSEW	CONSTRUCTED_TRACK_NSEW	FLOOR	CONSTRUCTION	TRACK	NSEW	98	0xe7f448	0	0xe7f448
reference	605	StoneRampTrackN	RAMP_STONE_TRACK_N	RAMP	STONE	TRACK	N	99	0xe80940	0	0xe80940
reference	606	StoneRampTrackS	RAMP_STONE_TRACK_S	RAMP	STONE	TRACK	S	100	0xe80a87	0	0xe80a87
reference	607	StoneRampTrackE	RAMP_STONE_TRACK_E	RAMP	STONE	TRACK	E	101	0xe80bce	0	0xe80bce
reference	608	StoneRampTrackW	RAMP_STONE_TRACK_W	RAMP	STONE	TRACK	W	102	0xe80d15	0	0xe80d15
reference	609	StoneRampTrackNS	RAMP_STONE_TRACK_NS	RAMP	STONE	TRACK	NS	103	0xe80e5c	0	0xe80e5c
reference	610	StoneRampTrackNE	RAMP_STONE_TRACK_NE	RAMP	STONE	TRACK	NE	104	0xe80fa3	0	0xe80fa3
reference	611	StoneRampTrackNW	RAMP_STONE_TRACK_NW	RAMP	STONE	TRACK	NW	105	0xe810ea	0	0xe810ea
reference	612	StoneRampTrackSE	RAMP_STONE_TRACK_SE	RAMP	STONE	TRACK	SE	106	0xe81231	0	0xe81231
reference	613	StoneRampTrackSW	RAMP_STONE_TRACK_SW	RAMP	STONE	TRACK	SW	107	0xe81378	0	0xe81378
reference	614	StoneRampTrackEW	RAMP_STONE_TRACK_EW	RAMP	STONE	TRACK	EW	108	0xe814bf	0	0xe814bf
reference	615	StoneRampTrackNSE	RAMP_STONE_TRACK_NSE	RAMP	STONE	TRACK	NSE	109	0xe81606	0	0xe81606
reference	616	StoneRampTrackNSW	RAMP_STONE_TRACK_NSW	RAMP	STONE	TRACK	NSW	110	0xe8174d	0	0xe8174d
reference	617	StoneRampTrackNEW	RAMP_STONE_TRACK_NEW	RAMP	STONE	TRACK	NEW	111	0xe81894	0	0xe81894
reference	618	StoneRampTrackSEW	RAMP_STONE_TRACK_SEW	RAMP	STONE	TRACK	SEW	112	0xe819db	0	0xe819db
reference	619	StoneRampTrackNSEW	RAMP_STONE_TRACK_NSEW	RAMP	STONE	TRACK	NSEW	113	0xe81b22	0	0xe81b22
reference	620	LavaRampTrackN	RAMP_LAVASTONE_TRACK_N	RAMP	LAVA_STONE	TRACK	N	99	0xe80940	0	0xe80940
reference	621	LavaRampTrackS	RAMP_LAVASTONE_TRACK_S	RAMP	LAVA_STONE	TRACK	S	100	0xe80a87	0	0xe80a87
reference	622	LavaRampTrackE	RAMP_LAVASTONE_TRACK_E	RAMP	LAVA_STONE	TRACK	E	101	0xe80bce	0	0xe80bce
reference	623	LavaRampTrackW	RAMP_LAVASTONE_TRACK_W	RAMP	LAVA_STONE	TRACK	W	102	0xe80d15	0	0xe80d15
reference	624	LavaRampTrackNS	RAMP_LAVASTONE_TRACK_NS	RAMP	LAVA_STONE	TRACK	NS	103	0xe80e5c	0	0xe80e5c
reference	625	LavaRampTrackNE	RAMP_LAVASTONE_TRACK_NE	RAMP	LAVA_STONE	TRACK	NE	104	0xe80fa3	0	0xe80fa3
reference	626	LavaRampTrackNW	RAMP_LAVASTONE_TRACK_NW	RAMP	LAVA_STONE	TRACK	NW	105	0xe810ea	0	0xe810ea
reference	627	LavaRampTrackSE	RAMP_LAVASTONE_TRACK_SE	RAMP	LAVA_STONE	TRACK	SE	106	0xe81231	0	0xe81231
reference	628	LavaRampTrackSW	RAMP_LAVASTONE_TRACK_SW	RAMP	LAVA_STONE	TRACK	SW	107	0xe81378	0	0xe81378
reference	629	LavaRampTrackEW	RAMP_LAVASTONE_TRACK_EW	RAMP	LAVA_STONE	TRACK	EW	108	0xe814bf	0	0xe814bf
reference	630	LavaRampTrackNSE	RAMP_LAVASTONE_TRACK_NSE	RAMP	LAVA_STONE	TRACK	NSE	109	0xe81606	0	0xe81606
reference	631	LavaRampTrackNSW	RAMP_LAVASTONE_TRACK_NSW	RAMP	LAVA_STONE	TRACK	NSW	110	0xe8174d	0	0xe8174d
reference	632	LavaRampTrackNEW	RAMP_LAVASTONE_TRACK_NEW	RAMP	LAVA_STONE	TRACK	NEW	111	0xe81894	0	0xe81894
reference	633	LavaRampTrackSEW	RAMP_LAVASTONE_TRACK_SEW	RAMP	LAVA_STONE	TRACK	SEW	112	0xe819db	0	0xe819db
reference	634	LavaRampTrackNSEW	RAMP_LAVASTONE_TRACK_NSEW	RAMP	LAVA_STONE	TRACK	NSEW	113	0xe81b22	0	0xe81b22
reference	635	FeatureRampTrackN	RAMP_FEATSTONE_TRACK_N	RAMP	FEATURE	TRACK	N	99	0xe80940	0	0xe80940
reference	636	FeatureRampTrackS	RAMP_FEATSTONE_TRACK_S	RAMP	FEATURE	TRACK	S	100	0xe80a87	0	0xe80a87
reference	637	FeatureRampTrackE	RAMP_FEATSTONE_TRACK_E	RAMP	FEATURE	TRACK	E	101	0xe80bce	0	0xe80bce
reference	638	FeatureRampTrackW	RAMP_FEATSTONE_TRACK_W	RAMP	FEATURE	TRACK	W	102	0xe80d15	0	0xe80d15
reference	639	FeatureRampTrackNS	RAMP_FEATSTONE_TRACK_NS	RAMP	FEATURE	TRACK	NS	103	0xe80e5c	0	0xe80e5c
reference	640	FeatureRampTrackNE	RAMP_FEATSTONE_TRACK_NE	RAMP	FEATURE	TRACK	NE	104	0xe80fa3	0	0xe80fa3
reference	641	FeatureRampTrackNW	RAMP_FEATSTONE_TRACK_NW	RAMP	FEATURE	TRACK	NW	105	0xe810ea	0	0xe810ea
reference	642	FeatureRampTrackSE	RAMP_FEATSTONE_TRACK_SE	RAMP	FEATURE	TRACK	SE	106	0xe81231	0	0xe81231
reference	643	FeatureRampTrackSW	RAMP_FEATSTONE_TRACK_SW	RAMP	FEATURE	TRACK	SW	107	0xe81378	0	0xe81378
reference	644	FeatureRampTrackEW	RAMP_FEATSTONE_TRACK_EW	RAMP	FEATURE	TRACK	EW	108	0xe814bf	0	0xe814bf
reference	645	FeatureRampTrackNSE	RAMP_FEATSTONE_TRACK_NSE	RAMP	FEATURE	TRACK	NSE	109	0xe81606	0	0xe81606
reference	646	FeatureRampTrackNSW	RAMP_FEATSTONE_TRACK_NSW	RAMP	FEATURE	TRACK	NSW	110	0xe8174d	0	0xe8174d
reference	647	FeatureRampTrackNEW	RAMP_FEATSTONE_TRACK_NEW	RAMP	FEATURE	TRACK	NEW	111	0xe81894	0	0xe81894
reference	648	FeatureRampTrackSEW	RAMP_FEATSTONE_TRACK_SEW	RAMP	FEATURE	TRACK	SEW	112	0xe819db	0	0xe819db
reference	649	FeatureRampTrackNSEW	RAMP_FEATSTONE_TRACK_NSEW	RAMP	FEATURE	TRACK	NSEW	113	0xe81b22	0	0xe81b22
reference	650	MineralRampTrackN	RAMP_MINSTONE_TRACK_N	RAMP	MINERAL	TRACK	N	99	0xe80940	0	0xe80940
reference	651	MineralRampTrackS	RAMP_MINSTONE_TRACK_S	RAMP	MINERAL	TRACK	S	100	0xe80a87	0	0xe80a87
reference	652	MineralRampTrackE	RAMP_MINSTONE_TRACK_E	RAMP	MINERAL	TRACK	E	101	0xe80bce	0	0xe80bce
reference	653	MineralRampTrackW	RAMP_MINSTONE_TRACK_W	RAMP	MINERAL	TRACK	W	102	0xe80d15	0	0xe80d15
reference	654	MineralRampTrackNS	RAMP_MINSTONE_TRACK_NS	RAMP	MINERAL	TRACK	NS	103	0xe80e5c	0	0xe80e5c
reference	655	MineralRampTrackNE	RAMP_MINSTONE_TRACK_NE	RAMP	MINERAL	TRACK	NE	104	0xe80fa3	0	0xe80fa3
reference	656	MineralRampTrackNW	RAMP_MINSTONE_TRACK_NW	RAMP	MINERAL	TRACK	NW	105	0xe810ea	0	0xe810ea
reference	657	MineralRampTrackSE	RAMP_MINSTONE_TRACK_SE	RAMP	MINERAL	TRACK	SE	106	0xe81231	0	0xe81231
reference	658	MineralRampTrackSW	RAMP_MINSTONE_TRACK_SW	RAMP	MINERAL	TRACK	SW	107	0xe81378	0	0xe81378
reference	659	MineralRampTrackEW	RAMP_MINSTONE_TRACK_EW	RAMP	MINERAL	TRACK	EW	108	0xe814bf	0	0xe814bf
reference	660	MineralRampTrackNSE	RAMP_MINSTONE_TRACK_NSE	RAMP	MINERAL	TRACK	NSE	109	0xe81606	0	0xe81606
reference	661	MineralRampTrackNSW	RAMP_MINSTONE_TRACK_NSW	RAMP	MINERAL	TRACK	NSW	110	0xe8174d	0	0xe8174d
reference	662	MineralRampTrackNEW	RAMP_MINSTONE_TRACK_NEW	RAMP	MINERAL	TRACK	NEW	111	0xe81894	0	0xe81894
reference	663	MineralRampTrackSEW	RAMP_MINSTONE_TRACK_SEW	RAMP	MINERAL	TRACK	SEW	112	0xe819db	0	0xe819db
reference	664	MineralRampTrackNSEW	RAMP_MINSTONE_TRACK_NSEW	RAMP	MINERAL	TRACK	NSEW	113	0xe81b22	0	0xe81b22
reference	665	FrozenRampTrackN	RAMP_FROZEN_LIQUID_TRACK_N	RAMP	FROZEN_LIQUID	TRACK	N	114	0xe80a4d	0	0xe80a4d
reference	666	FrozenRampTrackS	RAMP_FROZEN_LIQUID_TRACK_S	RAMP	FROZEN_LIQUID	TRACK	S	115	0xe80b94	0	0xe80b94
reference	667	FrozenRampTrackE	RAMP_FROZEN_LIQUID_TRACK_E	RAMP	FROZEN_LIQUID	TRACK	E	116	0xe80cdb	0	0xe80cdb
reference	668	FrozenRampTrackW	RAMP_FROZEN_LIQUID_TRACK_W	RAMP	FROZEN_LIQUID	TRACK	W	117	0xe80e22	0	0xe80e22
reference	669	FrozenRampTrackNS	RAMP_FROZEN_LIQUID_TRACK_NS	RAMP	FROZEN_LIQUID	TRACK	NS	118	0xe80f69	0	0xe80f69
reference	670	FrozenRampTrackNE	RAMP_FROZEN_LIQUID_TRACK_NE	RAMP	FROZEN_LIQUID	TRACK	NE	119	0xe810b0	0	0xe810b0
reference	671	FrozenRampTrackNW	RAMP_FROZEN_LIQUID_TRACK_NW	RAMP	FROZEN_LIQUID	TRACK	NW	120	0xe811f7	0	0xe811f7
reference	672	FrozenRampTrackSE	RAMP_FROZEN_LIQUID_TRACK_SE	RAMP	FROZEN_LIQUID	TRACK	SE	121	0xe8133e	0	0xe8133e
reference	673	FrozenRampTrackSW	RAMP_FROZEN_LIQUID_TRACK_SW	RAMP	FROZEN_LIQUID	TRACK	SW	122	0xe81485	0	0xe81485
reference	674	FrozenRampTrackEW	RAMP_FROZEN_LIQUID_TRACK_EW	RAMP	FROZEN_LIQUID	TRACK	EW	123	0xe815cc	0	0xe815cc
reference	675	FrozenRampTrackNSE	RAMP_FROZEN_LIQUID_TRACK_NSE	RAMP	FROZEN_LIQUID	TRACK	NSE	124	0xe81713	0	0xe81713
reference	676	FrozenRampTrackNSW	RAMP_FROZEN_LIQUID_TRACK_NSW	RAMP	FROZEN_LIQUID	TRACK	NSW	125	0xe8185a	0	0xe8185a
reference	677	FrozenRampTrackNEW	RAMP_FROZEN_LIQUID_TRACK_NEW	RAMP	FROZEN_LIQUID	TRACK	NEW	126	0xe819a1	0	0xe819a1
reference	678	FrozenRampTrackSEW	RAMP_FROZEN_LIQUID_TRACK_SEW	RAMP	FROZEN_LIQUID	TRACK	SEW	127	0xe81ae8	0	0xe81ae8
reference	679	FrozenRampTrackNSEW	RAMP_FROZEN_LIQUID_TRACK_NSEW	RAMP	FROZEN_LIQUID	TRACK	NSEW	128	0xe81c2f	0	0xe81c2f
reference	680	ConstructedRampTrackN	RAMP_CONSTRUCTED_TRACK_N	RAMP	CONSTRUCTION	TRACK	N	129	0xe809f6	0	0xe809f6
reference	681	ConstructedRampTrackS	RAMP_CONSTRUCTED_TRACK_S	RAMP	CONSTRUCTION	TRACK	S	130	0xe80b3d	0	0xe80b3d
reference	682	ConstructedRampTrackE	RAMP_CONSTRUCTED_TRACK_E	RAMP	CONSTRUCTION	TRACK	E	131	0xe80c84	0	0xe80c84
reference	683	ConstructedRampTrackW	RAMP_CONSTRUCTED_TRACK_W	RAMP	CONSTRUCTION	TRACK	W	132	0xe80dcb	0	0xe80dcb
reference	684	ConstructedRampTrackNS	RAMP_CONSTRUCTED_TRACK_NS	RAMP	CONSTRUCTION	TRACK	NS	133	0xe80f12	0	0xe80f12
reference	685	ConstructedRampTrackNE	RAMP_CONSTRUCTED_TRACK_NE	RAMP	CONSTRUCTION	TRACK	NE	134	0xe81059	0	0xe81059
reference	686	ConstructedRampTrackNW	RAMP_CONSTRUCTED_TRACK_NW	RAMP	CONSTRUCTION	TRACK	NW	135	0xe811a0	0	0xe811a0
reference	687	ConstructedRampTrackSE	RAMP_CONSTRUCTED_TRACK_SE	RAMP	CONSTRUCTION	TRACK	SE	136	0xe812e7	0	0xe812e7
reference	688	ConstructedRampTrackSW	RAMP_CONSTRUCTED_TRACK_SW	RAMP	CONSTRUCTION	TRACK	SW	137	0xe8142e	0	0xe8142e
reference	689	ConstructedRampTrackEW	RAMP_CONSTRUCTED_TRACK_EW	RAMP	CONSTRUCTION	TRACK	EW	138	0xe81575	0	0xe81575
reference	690	ConstructedRampTrackNSE	RAMP_CONSTRUCTED_TRACK_NSE	RAMP	CONSTRUCTION	TRACK	NSE	139	0xe816bc	0	0xe816bc
reference	691	ConstructedRampTrackNSW	RAMP_CONSTRUCTED_TRACK_NSW	RAMP	CONSTRUCTION	TRACK	NSW	140	0xe81803	0	0xe81803
reference	692	ConstructedRampTrackNEW	RAMP_CONSTRUCTED_TRACK_NEW	RAMP	CONSTRUCTION	TRACK	NEW	141	0xe8194a	0	0xe8194a
reference	693	ConstructedRampTrackSEW	RAMP_CONSTRUCTED_TRACK_SEW	RAMP	CONSTRUCTION	TRACK	SEW	142	0xe81a91	0	0xe81a91
reference	694	ConstructedRampTrackNSEW	RAMP_CONSTRUCTED_TRACK_NSEW	RAMP	CONSTRUCTION	TRACK	NSEW	143	0xe81bd8	0	0xe81bd8
reference	695	Unused695	UNUSED_695	NONE	NONE	NONE	--------	out-of-range	0xe82de1	0	0xe82de1
reference	696	Unused696	UNUSED_696	NONE	NONE	NONE	--------	out-of-range	0xe82de1	0	0xe82de1
classic	0	Void	NULL	NONE	NONE	NONE	--------	out-of-range	0xe7dd51	0	0xe7dd51
classic	1	RampTop	RAMPSPACE	RAMP_TOP	AIR	NONE	--------	0	0xe7cd09	0	0xe7cd09
classic	2	MurkyPool	POOL	FLOOR	POOL	NONE	--------	1	0xe7b0a0	0	0xe7b0a0
classic	3	MurkyPoolRamp	POOL_RAMP	RAMP	POOL	NONE	--------	2	0xe7b0b4	0	0xe7b0b4
classic	4	UnderworldGateStairU	UNDERWORLD_GATE_UP	STAIR_UP	UNDERWORLD_GATE	NONE	--------	3	0xe7b52d	0	0xe7b52d
classic	5	UnderworldGateStairD	UNDERWORLD_GATE_DOWN	STAIR_DOWN	UNDERWORLD_GATE	NONE	--------	3	0xe7b52d	0	0xe7b52d
classic	6	UnderworldGateStairUD	UNDERWORLD_GATE_UPDOWN	STAIR_UPDOWN	UNDERWORLD_GATE	NONE	--------	3	0xe7b52d	0	0xe7b52d
classic	7	TreeCapInterior	TREE_CAP_INTERIOR	WALL	MUSHROOM	SMOOTH	--------	4	0xe7863e	0	0xe7863e
classic	8	TreeCapWallThickSW	TREE_CAP_WALL_THICK_SW	WALL	MUSHROOM	SMOOTH	SW	4	0xe7863e	0	0xe7863e
classic	9	TreeCapWallThickSE	TREE_CAP_WALL_THICK_SE	WALL	MUSHROOM	SMOOTH	SE	4	0xe7863e	0	0xe7863e
classic	10	TreeCapWallThickNW	TREE_CAP_WALL_THICK_NW	WALL	MUSHROOM	SMOOTH	NW	4	0xe7863e	0	0xe7863e
classic	11	TreeCapWallThickNE	TREE_CAP_WALL_THICK_NE	WALL	MUSHROOM	SMOOTH	NE	4	0xe7863e	0	0xe7863e
classic	12	TreeCapWallThickN	TREE_CAP_WALL_THICK_N	WALL	MUSHROOM	SMOOTH	N	4	0xe7863e	0	0xe7863e
classic	13	TreeCapWallThickS	TREE_CAP_WALL_THICK_S	WALL	MUSHROOM	SMOOTH	N	4	0xe7863e	0	0xe7863e
classic	14	TreeCapWallThickW	TREE_CAP_WALL_THICK_W	WALL	MUSHROOM	SMOOTH	W	4	0xe7863e	0	0xe7863e
classic	15	TreeCapWallThickE	TREE_CAP_WALL_THICK_E	WALL	MUSHROOM	SMOOTH	E	4	0xe7863e	0	0xe7863e
classic	16	TreeCapWallNSWE	TREE_CAP_WALL_N_S_W_E	WALL	MUSHROOM	SMOOTH	NSWE	4	0xe7863e	0	0xe7863e
classic	17	TreeCapWallNSW	TREE_CAP_WALL_N_S_W	WALL	MUSHROOM	SMOOTH	NSW	4	0xe7863e	0	0xe7863e
classic	18	TreeCapWallNSE	TREE_CAP_WALL_N_S_E	WALL	MUSHROOM	SMOOTH	NSE	4	0xe7863e	0	0xe7863e
classic	19	Driftwood	DRIFTWOOD_STACK	FLOOR	DRIFTWOOD	NONE	--------	5	0xe7a6a6	0	0xe7a6a6
classic	20	TreeCapWallNWE	TREE_CAP_WALL_N_W_E	WALL	MUSHROOM	SMOOTH	NWE	4	0xe7863e	0	0xe7863e
classic	21	TreeCapWallSWE	TREE_CAP_WALL_S_W_E	WALL	MUSHROOM	SMOOTH	SWE	4	0xe7863e	0	0xe7863e
classic	22	TreeCapWallNS	TREE_CAP_WALL_N_S	WALL	MUSHROOM	SMOOTH	NS	4	0xe7863e	0	0xe7863e
classic	23	TreeCapWallWE	TREE_CAP_WALL_W_E	WALL	MUSHROOM	SMOOTH	WE	4	0xe7863e	0	0xe7863e
classic	24	Unused999	UNUSED_999	NONE	NONE	NONE	--------	144	0xe7dd51	0	0xe7dd51
classic	25	FrozenStairUD	STAIR_UPDOWN_FROZEN_LIQUID	STAIR_UPDOWN	FROZEN_LIQUID	NONE	--------	6	0xe7b5ba	0	0xe7b5ba
classic	26	FrozenStairD	STAIR_DOWN_FROZEN_LIQUID	STAIR_DOWN	FROZEN_LIQUID	NONE	--------	7	0xe7b5ce	0	0xe7b5ce
classic	27	FrozenStairU	STAIR_UP_FROZEN_LIQUID	STAIR_UP	FROZEN_LIQUID	NONE	--------	8	0xe7b5e2	0	0xe7b5e2
classic	28	Unused9999	UNUSED_9999	NONE	NONE	NONE	--------	144	0xe7dd51	0	0xe7dd51
classic	29	Unused99999	UNUSED_99999	NONE	NONE	NONE	--------	144	0xe7dd51	0	0xe7dd51
classic	30	Unused999999	UNUSED_999999	NONE	NONE	NONE	--------	144	0xe7dd51	0	0xe7dd51
classic	31	TreeDeadCapInterior	TREE_CAP_INTERIOR_DEAD	WALL	MUSHROOM	SMOOTH_DEAD	--------	4	0xe7863e	0	0xe7863e
classic	32	OpenSpace	AIR	EMPTY	AIR	NONE	--------	9	0xe7dd3d	0	0xe7dd3d
classic	33	TreeDeadCapWallThickSW	TREE_CAP_WALL_THICK_SW_DEAD	WALL	MUSHROOM	SMOOTH_DEAD	SW	4	0xe7863e	0	0xe7863e
classic	34	Shrub	SHRUB	SHRUB	PLANT	NORMAL	--------	10	0xe7aa03	0	0xe7aa03
classic	35	Chasm	CHASM	ENDLESS_PIT	AIR	NONE	--------	11	0xe7afea	0	0xe7afea
classic	36	LavaStairUD	STAIR_UPDOWN_LAVASTONE	STAIR_UPDOWN	LAVA_STONE	NONE	--------	12	0xe7b3a4	0	0xe7b3a4
classic	37	LavaStairD	STAIR_DOWN_LAVASTONE	STAIR_DOWN	LAVA_STONE	NONE	--------	13	0xe7b45d	0	0xe7b45d
classic	38	LavaStairU	STAIR_UP_LAVASTONE	STAIR_UP	LAVA_STONE	NONE	--------	14	0xe7b541	0	0xe7b541
classic	39	SoilStairUD	STAIR_UPDOWN_SOIL	STAIR_UPDOWN	SOIL	NONE	--------	12	0xe7b3a4	0	0xe7b3a4
classic	40	SoilStairD	STAIR_DOWN_SOIL	STAIR_DOWN	SOIL	NONE	--------	13	0xe7b45d	0	0xe7b45d
classic	41	SoilStairU	STAIR_UP_SOIL	STAIR_UP	SOIL	NONE	--------	14	0xe7b541	0	0xe7b541
classic	42	EeriePit	EERIE_PIT	ENDLESS_PIT	HFS	NONE	--------	15	0xe7affe	0	0xe7affe
classic	43	StoneFloorSmooth	STONE_FLOOR_DETAILED	FLOOR	STONE	SMOOTH	--------	16	0xe7a3fd	0	0xe7a3fd
classic	44	LavaFloorSmooth	LAVASTONE_FLOOR_DETAILED	FLOOR	LAVA_STONE	SMOOTH	--------	16	0xe7a3fd	0	0xe7a3fd
classic	45	FeatureFloorSmooth	FEATSTONE_FLOOR_DETAILED	FLOOR	FEATURE	SMOOTH	--------	16	0xe7a3fd	0	0xe7a3fd
classic	46	MineralFloorSmooth	MINSTONE_FLOOR_DETAILED	FLOOR	MINERAL	SMOOTH	--------	16	0xe7a3fd	0	0xe7a3fd
classic	47	FrozenFloorSmooth	FROZEN_LIQUID_FLOOR_DETAILED	FLOOR	FROZEN_LIQUID	SMOOTH	--------	17	0xe7970f	0	0xe7970f
classic	48	TreeDeadCapWallThickSE	TREE_CAP_WALL_THICK_SE_DEAD	WALL	MUSHROOM	SMOOTH_DEAD	SE	4	0xe7863e	0	0xe7863e
classic	49	Grass1StairUD	STAIR_UPDOWN_GRASS1	STAIR_UPDOWN	GRASS_LIGHT	NONE	--------	18	0xe7b1d8	0	0xe7b1d8
classic	50	Grass1StairD	STAIR_DOWN_GRASS1	STAIR_DOWN	GRASS_LIGHT	NONE	--------	19	0xe7b29e	0	0xe7b29e
classic	51	Grass1StairU	STAIR_UP_GRASS1	STAIR_UP	GRASS_LIGHT	NONE	--------	20	0xe7b112	0	0xe7b112
classic	52	Grass2StairUD	STAIR_UPDOWN_GRASS2	STAIR_UPDOWN	GRASS_DARK	NONE	--------	18	0xe7b1d8	0	0xe7b1d8
classic	53	Grass2StairD	STAIR_DOWN_GRASS2	STAIR_DOWN	GRASS_DARK	NONE	--------	19	0xe7b29e	0	0xe7b29e
classic	54	Grass2StairU	STAIR_UP_GRASS2	STAIR_UP	GRASS_DARK	NONE	--------	20	0xe7b112	0	0xe7b112
classic	55	StoneStairUD	STAIR_UPDOWN_STONE	STAIR_UPDOWN	STONE	NONE	--------	12	0xe7b3a4	0	0xe7b3a4
classic	56	StoneStairD	STAIR_DOWN_STONE	STAIR_DOWN	STONE	NONE	--------	13	0xe7b45d	0	0xe7b45d
classic	57	StoneStairU	STAIR_UP_STONE	STAIR_UP	STONE	NONE	--------	14	0xe7b541	0	0xe7b541
classic	58	MineralStairUD	STAIR_UPDOWN_MINSTONE	STAIR_UPDOWN	MINERAL	NONE	--------	12	0xe7b3a4	0	0xe7b3a4
classic	59	MineralStairD	STAIR_DOWN_MINSTONE	STAIR_DOWN	MINERAL	NONE	--------	13	0xe7b45d	0	0xe7b45d
classic	60	MineralStairU	STAIR_UP_MINSTONE	STAIR_UP	MINERAL	NONE	--------	14	0xe7b541	0	0xe7b541
classic	61	FeatureStairUD	STAIR_UPDOWN_FEATSTONE	STAIR_UPDOWN	FEATURE	NONE	--------	12	0xe7b3a4	0	0xe7b3a4
classic	62	FeatureStairD	STAIR_DOWN_FEATSTONE	STAIR_DOWN	FEATURE	NONE	--------	13	0xe7b45d	0	0xe7b45d
classic	63	FeatureStairU	STAIR_UP_FEATSTONE	STAIR_UP	FEATURE	NONE	--------	14	0xe7b541	0	0xe7b541
classic	64	TreeDeadCapWallThickNW	TREE_CAP_WALL_THICK_NW_DEAD	WALL	MUSHROOM	SMOOTH_DEAD	NW	4	0xe7863e	0	0xe7863e
classic	65	StoneFortification	STONE_FORTIFICATION	FORTIFICATION	STONE	NONE	--------	144	0xe7dd51	1	0xe7dd63
classic	66	TreeDeadCapWallThickNE	TREE_CAP_WALL_THICK_NE_DEAD	WALL	MUSHROOM	SMOOTH_DEAD	NE	4	0xe7863e	0	0xe7863e
classic	67	Campfire	CAMPFIRE	FLOOR	CAMPFIRE	NONE	--------	21	0xe7afb0	0	0xe7afb0
classic	68	TreeDeadCapWallThickN	TREE_CAP_WALL_THICK_N_DEAD	WALL	MUSHROOM	SMOOTH_DEAD	N	4	0xe7863e	0	0xe7863e
classic	69	TreeDeadCapWallThickS	TREE_CAP_WALL_THICK_S_DEAD	WALL	MUSHROOM	SMOOTH_DEAD	S	4	0xe7863e	0	0xe7863e
classic	70	Fire	FIRE	FLOOR	FIRE	NONE	--------	21	0xe7afb0	0	0xe7afb0
classic	71	BurningTreeTrunk	FIRE_TREE_TRUNK	WALL	FIRE	NONE	--------	21	0xe7afb0	0	0xe7afb0
classic	72	BurningTreeBranches	FIRE_TREE_BRANCHES	BRANCH	FIRE	NONE	--------	21	0xe7afb0	0	0xe7afb0
classic	73	BurningTreeTwigs	FIRE_TREE_TWIGS	TWIG	FIRE	NONE	--------	21	0xe7afb0	0	0xe7afb0
classic	74	BurningTreeCapWall	FIRE_TREE_CAP_WALL	WALL	FIRE	NONE	--------	21	0xe7afb0	0	0xe7afb0
classic	75	BurningTreeCapRamp	FIRE_TREE_CAP_RAMP	RAMP	FIRE	NONE	--------	21	0xe7afb0	0	0xe7afb0
classic	76	BurningTreeCapFloor	FIRE_TREE_CAP_FLOOR	FLOOR	FIRE	NONE	--------	21	0xe7afb0	0	0xe7afb0
classic	77	TreeDeadCapWallThickW	TREE_CAP_WALL_THICK_W_DEAD	WALL	MUSHROOM	SMOOTH_DEAD	W	4	0xe7863e	0	0xe7863e
classic	78	TreeDeadCapWallThickE	TREE_CAP_WALL_THICK_E_DEAD	WALL	MUSHROOM	SMOOTH_DEAD	E	4	0xe7863e	0	0xe7863e
classic	79	StonePillar	STONE_PILLAR	WALL	STONE	SMOOTH	--------	144	0xe7dd51	1	0xe7dd63
classic	80	LavaPillar	LAVASTONE_PILLAR	WALL	LAVA_STONE	SMOOTH	--------	144	0xe7dd51	1	0xe7dd63
classic	81	FeaturePillar	FEATSTONE_PILLAR	WALL	FEATURE	SMOOTH	--------	144	0xe7dd51	1	0xe7dd63
classic	82	MineralPillar	MINSTONE_PILLAR	WALL	MINERAL	SMOOTH	--------	144	0xe7dd51	1	0xe7dd63
classic	83	FrozenPillar	FROZEN_LIQUID_PILLAR	WALL	FROZEN_LIQUID	SMOOTH	--------	144	0xe7dd51	1	0xe7dd63
classic	84	TreeDeadCapWallNSWE	TREE_CAP_WALL_N_S_W_E_DEAD	WALL	MUSHROOM	SMOOTH_DEAD	NSWE	4	0xe7863e	0	0xe7863e
classic	85	TreeDeadCapWallNSW	TREE_CAP_WALL_N_S_W_DEAD	WALL	MUSHROOM	SMOOTH_DEAD	NSW	4	0xe7863e	0	0xe7863e
classic	86	TreeDeadCapWallNSE	TREE_CAP_WALL_N_S_E_DEAD	WALL	MUSHROOM	SMOOTH_DEAD	NSE	4	0xe7863e	0	0xe7863e
classic	87	TreeDeadCapWallNWE	TREE_CAP_WALL_N_W_E_DEAD	WALL	MUSHROOM	SMOOTH_DEAD	NWE	4	0xe7863e	0	0xe7863e
classic	88	TreeDeadCapWallSWE	TREE_CAP_WALL_S_W_E_DEAD	WALL	MUSHROOM	SMOOTH_DEAD	SWE	4	0xe7863e	0	0xe7863e
classic	89	Waterfall	WATERFALL_LANDING	FLOOR	RIVER	WATERFALL	--------	22	0xe7afc2	0	0xe7afc2
classic	90	RiverSource	RIVER_SOURCE	FLOOR	RIVER	RIVER_SOURCE	--------	23	0xe7afd6	0	0xe7afd6
classic	91	TreeRootSloping	TREE_ROOT_SLOPING	RAMP	ROOT	NONE	--------	4	0xe7863e	0	0xe7863e
classic	92	TreeRoots	TREE_ROOTS	WALL	ROOT	NONE	--------	4	0xe7863e	0	0xe7863e
classic	93	TreeTrunkPillar	TREE_TRUNK_PILLAR	WALL	TREE	SMOOTH	--------	4	0xe7863e	0	0xe7863e
classic	94	TreeTrunkSloping	TREE_TRUNK_SLOPING	RAMP	TREE	NONE	--------	4	0xe7863e	0	0xe7863e
classic	95	TreeTrunkThickN	TREE_TRUNK_THICK_N	WALL	TREE	NONE	N	4	0xe7863e	0	0xe7863e
classic	96	TreeTrunkThickS	TREE_TRUNK_THICK_S	WALL	TREE	NONE	S	4	0xe7863e	0	0xe7863e
classic	97	TreeTrunkThickE	TREE_TRUNK_THICK_E	WALL	TREE	NONE	E	4	0xe7863e	0	0xe7863e
classic	98	TreeTrunkThickW	TREE_TRUNK_THICK_W	WALL	TREE	NONE	W	4	0xe7863e	0	0xe7863e
classic	99	TreeTrunkThickNW	TREE_TRUNK_THICK_NW	WALL	TREE	NONE	NW	4	0xe7863e	0	0xe7863e
classic	100	TreeTrunkThickNE	TREE_TRUNK_THICK_NE	WALL	TREE	NONE	NE	4	0xe7863e	0	0xe7863e
classic	101	TreeTrunkThickSW	TREE_TRUNK_THICK_SW	WALL	TREE	NONE	SW	4	0xe7863e	0	0xe7863e
classic	102	TreeTrunkThickSE	TREE_TRUNK_THICK_SE	WALL	TREE	NONE	SE	4	0xe7863e	0	0xe7863e
classic	103	TreeTrunkBranchN	TREE_TRUNK_BRANCH_N	TRUNK_BRANCH	TREE	NONE	N	4	0xe7863e	0	0xe7863e
classic	104	TreeTrunkBranchS	TREE_TRUNK_BRANCH_S	TRUNK_BRANCH	TREE	NONE	S	4	0xe7863e	0	0xe7863e
classic	105	TreeTrunkBranchE	TREE_TRUNK_BRANCH_E	TRUNK_BRANCH	TREE	NONE	E	4	0xe7863e	0	0xe7863e
classic	106	TreeTrunkBranchW	TREE_TRUNK_BRANCH_W	TRUNK_BRANCH	TREE	NONE	W	4	0xe7863e	0	0xe7863e
classic	107	TreeBranchNS	TREE_BRANCH_NS	BRANCH	TREE	NONE	NS	4	0xe7863e	0	0xe7863e
classic	108	TreeBranchEW	TREE_BRANCH_EW	BRANCH	TREE	NONE	EW	4	0xe7863e	0	0xe7863e
classic	109	TreeBranchesSmooth	TREE_SMOOTH_BRANCHES	BRANCH	TREE	SMOOTH	--------	4	0xe7863e	0	0xe7863e
classic	110	TreeDeadBranchesSmooth	TREE_SMOOTH_BRANCHES_DEAD	BRANCH	TREE	SMOOTH_DEAD	--------	4	0xe7863e	0	0xe7863e
classic	111	TreeBranchNW	TREE_BRANCH_NW	BRANCH	TREE	NONE	NW	4	0xe7863e	0	0xe7863e
classic	112	TreeBranchNE	TREE_BRANCH_NE	BRANCH	TREE	NONE	NE	4	0xe7863e	0	0xe7863e
classic	113	TreeBranchSW	TREE_BRANCH_SW	BRANCH	TREE	NONE	SW	4	0xe7863e	0	0xe7863e
classic	114	TreeBranchSE	TREE_BRANCH_SE	BRANCH	TREE	NONE	SE	4	0xe7863e	0	0xe7863e
classic	115	TreeBranches	TREE_BRANCHES	BRANCH	TREE	NONE	--------	4	0xe7863e	0	0xe7863e
classic	116	TreeTwigs	TREE_TWIGS	TWIG	TREE	NONE	--------	4	0xe7863e	0	0xe7863e
classic	117	TreeCapRamp	TREE_CAP_RAMP	RAMP	MUSHROOM	NONE	--------	4	0xe7863e	0	0xe7863e
classic	118	TreeCapPillar	TREE_CAP_PILLAR	WALL	MUSHROOM	SMOOTH	--------	4	0xe7863e	0	0xe7863e
classic	119	TreeCapWallN	TREE_CAP_WALL_N	WALL	MUSHROOM	NONE	N	4	0xe7863e	0	0xe7863e
classic	120	TreeCapWallS	TREE_CAP_WALL_S	WALL	MUSHROOM	NONE	S	4	0xe7863e	0	0xe7863e
classic	121	TreeCapWallE	TREE_CAP_WALL_E	WALL	MUSHROOM	NONE	E	4	0xe7863e	0	0xe7863e
classic	122	TreeCapWallW	TREE_CAP_WALL_W	WALL	MUSHROOM	NONE	W	4	0xe7863e	0	0xe7863e
classic	123	TreeCapWallNW	TREE_CAP_WALL_N_W	WALL	MUSHROOM	NONE	NW	4	0xe7863e	0	0xe7863e
classic	124	TreeCapWallNE	TREE_CAP_WALL_N_E	WALL	MUSHROOM	NONE	NE	4	0xe7863e	0	0xe7863e
classic	125	TreeCapWallSW	TREE_CAP_WALL_S_W	WALL	MUSHROOM	NONE	SW	4	0xe7863e	0	0xe7863e
classic	126	TreeCapWallSE	TREE_CAP_WALL_S_E	WALL	MUSHROOM	NONE	SE	4	0xe7863e	0	0xe7863e
classic	127	TreeCapFloor1	TREE_CAP_FLOOR1	FLOOR	MUSHROOM	NONE	--------	4	0xe7863e	0	0xe7863e
classic	128	TreeCapFloor2	TREE_CAP_FLOOR2	FLOOR	MUSHROOM	NONE	--------	4	0xe7863e	0	0xe7863e
classic	129	TreeCapFloor3	TREE_CAP_FLOOR3	FLOOR	MUSHROOM	NONE	--------	4	0xe7863e	0	0xe7863e
classic	130	TreeCapFloor4	TREE_CAP_FLOOR4	FLOOR	MUSHROOM	NONE	--------	4	0xe7863e	0	0xe7863e
classic	131	TreeDeadRootSloping	TREE_ROOT_SLOPING_DEAD	RAMP	ROOT	DEAD	--------	4	0xe7863e	0	0xe7863e
classic	132	TreeDeadRoots	TREE_ROOTS_DEAD	WALL	ROOT	DEAD	--------	4	0xe7863e	0	0xe7863e
classic	133	TreeDeadTrunkPillar	TREE_TRUNK_PILLAR_DEAD	WALL	TREE	SMOOTH_DEAD	--------	4	0xe7863e	0	0xe7863e
classic	134	TreeDeadTrunkSloping	TREE_TRUNK_SLOPING_DEAD	RAMP	TREE	DEAD	--------	4	0xe7863e	0	0xe7863e
classic	135	TreeDeadTrunkThickN	TREE_TRUNK_THICK_N_DEAD	WALL	TREE	DEAD	N	4	0xe7863e	0	0xe7863e
classic	136	TreeDeadTrunkThickS	TREE_TRUNK_THICK_S_DEAD	WALL	TREE	DEAD	S	4	0xe7863e	0	0xe7863e
classic	137	TreeDeadTrunkThickE	TREE_TRUNK_THICK_E_DEAD	WALL	TREE	DEAD	E	4	0xe7863e	0	0xe7863e
classic	138	TreeDeadTrunkThickW	TREE_TRUNK_THICK_W_DEAD	WALL	TREE	DEAD	W	4	0xe7863e	0	0xe7863e
classic	139	TreeDeadTrunkThickNW	TREE_TRUNK_THICK_NW_DEAD	WALL	TREE	DEAD	NW	4	0xe7863e	0	0xe7863e
classic	140	TreeDeadTrunkThickNE	TREE_TRUNK_THICK_NE_DEAD	WALL	TREE	DEAD	NE	4	0xe7863e	0	0xe7863e
classic	141	TreeDeadTrunkThickSW	TREE_TRUNK_THICK_SW_DEAD	WALL	TREE	DEAD	SW	4	0xe7863e	0	0xe7863e
classic	142	TreeDeadTrunkThickSE	TREE_TRUNK_THICK_SE_DEAD	WALL	TREE	DEAD	SE	4	0xe7863e	0	0xe7863e
classic	143	TreeDeadTrunkBranchN	TREE_TRUNK_BRANCH_N_DEAD	TRUNK_BRANCH	TREE	DEAD	N	4	0xe7863e	0	0xe7863e
classic	144	TreeDeadTrunkBranchS	TREE_TRUNK_BRANCH_S_DEAD	TRUNK_BRANCH	TREE	DEAD	S	4	0xe7863e	0	0xe7863e
classic	145	TreeDeadTrunkBranchE	TREE_TRUNK_BRANCH_E_DEAD	TRUNK_BRANCH	TREE	DEAD	E	4	0xe7863e	0	0xe7863e
classic	146	TreeDeadTrunkBranchW	TREE_TRUNK_BRANCH_W_DEAD	TRUNK_BRANCH	TREE	DEAD	W	4	0xe7863e	0	0xe7863e
classic	147	TreeDeadBranchNS	TREE_BRANCH_NS_DEAD	BRANCH	TREE	DEAD	NS	4	0xe7863e	0	0xe7863e
classic	148	TreeDeadBranchEW	TREE_BRANCH_EW_DEAD	BRANCH	TREE	DEAD	EW	4	0xe7863e	0	0xe7863e
classic	149	TreeBranch	TREE_BRANCH	BRANCH	TREE	NONE	NSEW	4	0xe7863e	0	0xe7863e
classic	150	TreeDeadBranch	TREE_BRANCH_DEAD	BRANCH	TREE	DEAD	NSEW	4	0xe7863e	0	0xe7863e
classic	151	TreeDeadBranchNW	TREE_BRANCH_NW_DEAD	BRANCH	TREE	DEAD	NW	4	0xe7863e	0	0xe7863e
classic	152	TreeDeadBranchNE	TREE_BRANCH_NE_DEAD	BRANCH	TREE	DEAD	NE	4	0xe7863e	0	0xe7863e
classic	153	TreeDeadBranchSW	TREE_BRANCH_SW_DEAD	BRANCH	TREE	DEAD	SW	4	0xe7863e	0	0xe7863e
classic	154	TreeDeadBranchSE	TREE_BRANCH_SE_DEAD	BRANCH	TREE	DEAD	SE	4	0xe7863e	0	0xe7863e
classic	155	TreeDeadBranches	TREE_BRANCHES_DEAD	BRANCH	TREE	DEAD	--------	4	0xe7863e	0	0xe7863e
classic	156	TreeDeadTwigs	TREE_TWIGS_DEAD	TWIG	TREE	DEAD	--------	4	0xe7863e	0	0xe7863e
classic	157	TreeDeadCapRamp	TREE_CAP_RAMP_DEAD	RAMP	MUSHROOM	DEAD	--------	4	0xe7863e	0	0xe7863e
classic	158	TreeDeadCapPillar	TREE_CAP_PILLAR_DEAD	WALL	MUSHROOM	SMOOTH_DEAD	--------	4	0xe7863e	0	0xe7863e
classic	159	TreeDeadCapWallN	TREE_CAP_WALL_N_DEAD	WALL	MUSHROOM	DEAD	N	4	0xe7863e	0	0xe7863e
classic	160	TreeDeadCapWallS	TREE_CAP_WALL_S_DEAD	WALL	MUSHROOM	DEAD	S	4	0xe7863e	0	0xe7863e
classic	161	TreeDeadCapWallE	TREE_CAP_WALL_E_DEAD	WALL	MUSHROOM	DEAD	E	4	0xe7863e	0	0xe7863e
classic	162	TreeDeadCapWallW	TREE_CAP_WALL_W_DEAD	WALL	MUSHROOM	DEAD	W	4	0xe7863e	0	0xe7863e
classic	163	TreeDeadCapWallNW	TREE_CAP_WALL_N_W_DEAD	WALL	MUSHROOM	DEAD	NW	4	0xe7863e	0	0xe7863e
classic	164	TreeDeadCapWallNE	TREE_CAP_WALL_N_E_DEAD	WALL	MUSHROOM	DEAD	NE	4	0xe7863e	0	0xe7863e
classic	165	TreeDeadCapWallSW	TREE_CAP_WALL_S_W_DEAD	WALL	MUSHROOM	DEAD	SW	4	0xe7863e	0	0xe7863e
classic	166	TreeDeadCapWallSE	TREE_CAP_WALL_S_E_DEAD	WALL	MUSHROOM	DEAD	SE	4	0xe7863e	0	0xe7863e
classic	167	TreeDeadCapFloor1	TREE_CAP_FLOOR1_DEAD	FLOOR	MUSHROOM	DEAD	--------	4	0xe7863e	0	0xe7863e
classic	168	TreeDeadCapFloor2	TREE_CAP_FLOOR2_DEAD	FLOOR	MUSHROOM	DEAD	--------	4	0xe7863e	0	0xe7863e
classic	169	TreeDeadCapFloor3	TREE_CAP_FLOOR3_DEAD	FLOOR	MUSHROOM	DEAD	--------	4	0xe7863e	0	0xe7863e
classic	170	TreeDeadCapFloor4	TREE_CAP_FLOOR4_DEAD	FLOOR	MUSHROOM	DEAD	--------	4	0xe7863e	0	0xe7863e
classic	171	TreeDeadCapWallNS	TREE_CAP_WALL_N_S_DEAD	WALL	MUSHROOM	SMOOTH_DEAD	NS	4	0xe7863e	0	0xe7863e
classic	172	StoneWallWorn1	STONE_WALL_WORN1	WALL	STONE	WORN_1	--------	144	0xe7dd51	1	0xe7dd63
classic	173	StoneWallWorn2	STONE_WALL_WORN2	WALL	STONE	WORN_2	--------	144	0xe7dd51	1	0xe7dd63
classic	174	StoneWallWorn3	STONE_WALL_WORN3	WALL	STONE	WORN_3	--------	144	0xe7dd51	1	0xe7dd63
classic	175	TreeBranchNSE	TREE_BRANCH_NSE	BRANCH	TREE	NONE	NSE	4	0xe7863e	0	0xe7863e
classic	176	TreeBranchNSW	TREE_BRANCH_NSW	BRANCH	TREE	NONE	NSW	4	0xe7863e	0	0xe7863e
classic	177	TreeBranchNEW	TREE_BRANCH_NEW	BRANCH	TREE	NONE	NEW	4	0xe7863e	0	0xe7863e
classic	178	TreeBranchSEW	TREE_BRANCH_SEW	BRANCH	TREE	NONE	SEW	4	0xe7863e	0	0xe7863e
classic	179	TreeBranchNSEW	TREE_BRANCH_NSEW	BRANCH	TREE	NONE	NSEW	4	0xe7863e	0	0xe7863e
classic	180	TreeDeadBranchNSE	TREE_BRANCH_NSE_DEAD	BRANCH	TREE	DEAD	NSW	4	0xe7863e	0	0xe7863e
classic	181	TreeDeadBranchNSW	TREE_BRANCH_NSW_DEAD	BRANCH	TREE	DEAD	NEW	4	0xe7863e	0	0xe7863e
classic	182	TreeDeadBranchNEW	TREE_BRANCH_NEW_DEAD	BRANCH	TREE	DEAD	NEW	4	0xe7863e	0	0xe7863e
classic	183	TreeDeadBranchSEW	TREE_BRANCH_SEW_DEAD	BRANCH	TREE	DEAD	SEW	4	0xe7863e	0	0xe7863e
classic	184	TreeDeadBranchNSEW	TREE_BRANCH_NSEW_DEAD	BRANCH	TREE	DEAD	NSEW	4	0xe7863e	0	0xe7863e
classic	185	TreeTrunkNSE	TREE_TRUNK_NSE	WALL	TREE	NONE	NSE	4	0xe7863e	0	0xe7863e
classic	186	TreeTrunkNSW	TREE_TRUNK_NSW	WALL	TREE	NONE	NSW	4	0xe7863e	0	0xe7863e
classic	187	TreeTrunkNEW	TREE_TRUNK_NEW	WALL	TREE	NONE	NEW	4	0xe7863e	0	0xe7863e
classic	188	TreeTrunkSEW	TREE_TRUNK_SEW	WALL	TREE	NONE	SEW	4	0xe7863e	0	0xe7863e
classic	189	TreeTrunkNS	TREE_TRUNK_NS	WALL	TREE	NONE	NS	4	0xe7863e	0	0xe7863e
classic	190	TreeTrunkEW	TREE_TRUNK_EW	WALL	TREE	NONE	EW	4	0xe7863e	0	0xe7863e
classic	191	TreeTrunkNSEW	TREE_TRUNK_NSEW	WALL	TREE	NONE	NSEW	4	0xe7863e	0	0xe7863e
classic	192	TreeTrunkInterior	TREE_TRUNK_INTERIOR	WALL	TREE	NONE	--------	4	0xe7863e	0	0xe7863e
classic	193	TreeDeadTrunkNSE	TREE_TRUNK_NSE_DEAD	WALL	TREE	DEAD	NSE	4	0xe7863e	0	0xe7863e
classic	194	TreeDeadTrunkNSW	TREE_TRUNK_NSW_DEAD	WALL	TREE	DEAD	NSW	4	0xe7863e	0	0xe7863e
classic	195	TreeDeadTrunkNEW	TREE_TRUNK_NEW_DEAD	WALL	TREE	DEAD	NEW	4	0xe7863e	0	0xe7863e
classic	196	TreeDeadTrunkSEW	TREE_TRUNK_SEW_DEAD	WALL	TREE	DEAD	SEW	4	0xe7863e	0	0xe7863e
classic	197	TreeDeadTrunkNS	TREE_TRUNK_NS_DEAD	WALL	TREE	DEAD	NS	4	0xe7863e	0	0xe7863e
classic	198	TreeDeadTrunkEW	TREE_TRUNK_EW_DEAD	WALL	TREE	DEAD	EW	4	0xe7863e	0	0xe7863e
classic	199	TreeDeadTrunkNSEW	TREE_TRUNK_NSEW_DEAD	WALL	TREE	DEAD	NSEW	4	0xe7863e	0	0xe7863e
classic	200	TreeDeadTrunkInterior	TREE_TRUNK_INTERIOR_DEAD	WALL	TREE	DEAD	--------	4	0xe7863e	0	0xe7863e
classic	201	TreeTrunkNW	TREE_TRUNK_NW	WALL	TREE	NONE	NW	4	0xe7863e	0	0xe7863e
classic	202	TreeTrunkNE	TREE_TRUNK_NE	WALL	TREE	NONE	NE	4	0xe7863e	0	0xe7863e
classic	203	TreeTrunkSW	TREE_TRUNK_SW	WALL	TREE	NONE	SW	4	0xe7863e	0	0xe7863e
classic	204	TreeTrunkSE	TREE_TRUNK_SE	WALL	TREE	NONE	SE	4	0xe7863e	0	0xe7863e
classic	205	TreeDeadTrunkNW	TREE_TRUNK_NW_DEAD	WALL	TREE	DEAD	NW	4	0xe7863e	0	0xe7863e
classic	206	TreeDeadTrunkNE	TREE_TRUNK_NE_DEAD	WALL	TREE	DEAD	NE	4	0xe7863e	0	0xe7863e
classic	207	TreeDeadTrunkSW	TREE_TRUNK_SW_DEAD	WALL	TREE	DEAD	SW	4	0xe7863e	0	0xe7863e
classic	208	TreeDeadTrunkSE	TREE_TRUNK_SE_DEAD	WALL	TREE	DEAD	SE	4	0xe7863e	0	0xe7863e
classic	209	TreeTrunkN	TREE_TRUNK_N	WALL	TREE	NONE	N	4	0xe7863e	0	0xe7863e
classic	210	TreeTrunkS	TREE_TRUNK_S	WALL	TREE	NONE	S	4	0xe7863e	0	0xe7863e
classic	211	TreeTrunkW	TREE_TRUNK_W	WALL	TREE	NONE	W	4	0xe7863e	0	0xe7863e
classic	212	TreeTrunkE	TREE_TRUNK_E	WALL	TREE	NONE	E	4	0xe7863e	0	0xe7863e
classic	213	TreeDeadTrunkN	TREE_TRUNK_N_DEAD	WALL	TREE	DEAD	N	4	0xe7863e	0	0xe7863e
classic	214	TreeDeadTrunkS	TREE_TRUNK_S_DEAD	WALL	TREE	DEAD	S	4	0xe7863e	0	0xe7863e
classic	215	StoneWall	STONE_WALL	WALL	STONE	NORMAL	--------	144	0xe7dd51	1	0xe7dd63
classic	216	TreeDeadTrunkW	TREE_TRUNK_W_DEAD	WALL	TREE	DEAD	W	4	0xe7863e	0	0xe7863e
classic	217	TreeDeadTrunkE	TREE_TRUNK_E_DEAD	WALL	TREE	DEAD	E	4	0xe7863e	0	0xe7863e
classic	218	TreeBranchS	TREE_BRANCH_N	BRANCH	TREE	NONE	S	4	0xe7863e	0	0xe7863e
classic	219	TreeBranchN	TREE_BRANCH_S	BRANCH	TREE	NONE	N	4	0xe7863e	0	0xe7863e
classic	220	TreeBranchW	TREE_BRANCH_E	BRANCH	TREE	NONE	W	4	0xe7863e	0	0xe7863e
classic	221	TreeBranchE	TREE_BRANCH_W	BRANCH	TREE	NONE	E	4	0xe7863e	0	0xe7863e
classic	222	TreeDeadBranchS	TREE_BRANCH_N_DEAD	BRANCH	TREE	DEAD	S	4	0xe7863e	0	0xe7863e
classic	223	TreeDeadBranchN	TREE_BRANCH_S_DEAD	BRANCH	TREE	DEAD	N	4	0xe7863e	0	0xe7863e
classic	224	TreeDeadBranchW	TREE_BRANCH_E_DEAD	BRANCH	TREE	DEAD	W	4	0xe7863e	0	0xe7863e
classic	225	TreeDeadBranchE	TREE_BRANCH_W_DEAD	BRANCH	TREE	DEAD	E	4	0xe7863e	0	0xe7863e
classic	226	TreeDeadCapPillarWE	TREE_CAP_WALL_W_E_DEAD	WALL	MUSHROOM	SMOOTH_DEAD	WE	4	0xe7863e	0	0xe7863e
classic	227	Sapling	SAPLING	SAPLING	PLANT	NORMAL	--------	24	0xe7a8af	0	0xe7a8af
classic	228	Unused888	UNUSED_888	NONE	NONE	NONE	--------	144	0xe7dd51	0	0xe7dd51
classic	229	GrassDryRamp	RAMP_GRASS_DRY	RAMP	GRASS_DRY	NONE	--------	25	0xe7b6e2	0	0xe7b6e2
classic	230	GrassDeadRamp	RAMP_GRASS_DEAD	RAMP	GRASS_DEAD	NONE	--------	26	0xe7b7c9	0	0xe7b7c9
classic	231	GrassLightRamp	RAMP_GRASS1	RAMP	GRASS_LIGHT	NONE	--------	27	0xe7b5f6	0	0xe7b5f6
classic	232	GrassDarkRamp	RAMP_GRASS2	RAMP	GRASS_DARK	NONE	--------	27	0xe7b5f6	0	0xe7b5f6
classic	233	StoneRamp	RAMP_STONE	RAMP	STONE	NONE	--------	28	0xe7cbd9	0	0xe7cbd9
classic	234	LavaRamp	RAMP_LAVASTONE	RAMP	LAVA_STONE	NONE	--------	28	0xe7cbd9	0	0xe7cbd9
classic	235	FeatureRamp	RAMP_FEATSTONE	RAMP	FEATURE	NONE	--------	28	0xe7cbd9	0	0xe7cbd9
classic	236	MineralRamp	RAMP_MINSTONE	RAMP	MINERAL	NONE	--------	28	0xe7cbd9	0	0xe7cbd9
classic	237	SoilRamp	RAMP_SOIL	RAMP	SOIL	NONE	--------	28	0xe7cbd9	0	0xe7cbd9
classic	238	Ashes1	ASH1	FLOOR	ASHES	NONE	--------	21	0xe7afb0	0	0xe7afb0
classic	239	Ashes2	ASH2	FLOOR	ASHES	NONE	--------	21	0xe7afb0	0	0xe7afb0
classic	240	Ashes3	ASH3	FLOOR	ASHES	NONE	--------	21	0xe7afb0	0	0xe7afb0
classic	241	FrozenRamp	RAMP_FROZEN_LIQUID	RAMP	FROZEN_LIQUID	NONE	--------	29	0xe7cccf	0	0xe7cccf
classic	242	Unused8888	UNUSED_8888	NONE	NONE	NONE	--------	144	0xe7dd51	0	0xe7dd51
classic	243	Unused88888	UNUSED_88888	NONE	NONE	NONE	--------	144	0xe7dd51	0	0xe7dd51
classic	244	Unused888888	UNUSED_888888	NONE	NONE	NONE	--------	144	0xe7dd51	0	0xe7dd51
classic	245	Unused245	UNUSED245	NONE	NONE	NONE	--------	144	0xe7dd51	0	0xe7dd51
classic	246	Unused246	UNUSED246	NONE	NONE	NONE	--------	144	0xe7dd51	0	0xe7dd51
classic	247	Unused247	UNUSED247	NONE	NONE	NONE	--------	144	0xe7dd51	0	0xe7dd51
classic	248	Unused248	UNUSED248	NONE	NONE	NONE	--------	144	0xe7dd51	0	0xe7dd51
classic	249	Unused249	UNUSED249	NONE	NONE	NONE	--------	144	0xe7dd51	0	0xe7dd51
classic	250	Unused250	UNUSED250	NONE	NONE	NONE	--------	144	0xe7dd51	0	0xe7dd51
classic	251	Unused251	UNUSED251	NONE	NONE	NONE	--------	144	0xe7dd51	0	0xe7dd51
classic	252	Unused252	UNUSED252	NONE	NONE	NONE	--------	144	0xe7dd51	0	0xe7dd51
classic	253	Unused253	UNUSED253	NONE	NONE	NONE	--------	144	0xe7dd51	0	0xe7dd51
classic	254	FrozenFloor2	FROZEN_LIQUID_1	FLOOR	FROZEN_LIQUID	NORMAL	--------	30	0xe7b012	0	0xe7b012
classic	255	FrozenFloor3	FROZEN_LIQUID_2	FLOOR	FROZEN_LIQUID	NORMAL	--------	30	0xe7b012	0	0xe7b012
classic	256	FrozenFloor4	FROZEN_LIQUID_3	FLOOR	FROZEN_LIQUID	NORMAL	--------	30	0xe7b012	0	0xe7b012
classic	257	FurrowedSoil	FURROWED_SOIL	FLOOR	SOIL	FURROWED	--------	31	0xe7af28	0	0xe7af28
classic	258	FrozenFloor1	FROZEN_LIQUID_0	FLOOR	FROZEN_LIQUID	NORMAL	--------	30	0xe7b012	0	0xe7b012
classic	259	SemiMoltenRock	LAVA_SOLID	WALL	MAGMA	NONE	--------	32	0xe7b04e	0	0xe7b04e
classic	260	MagmaFlow	LAVA	FLOOR	MAGMA	NONE	--------	33	0xe7b062	0	0xe7b062
classic	261	SoilWall	SOIL_WALL	WALL	SOIL	NONE	--------	144	0xe7dd51	1	0xe7dd63
classic	262	GlowingBarrier	GLOWING_BARRIER_WALL	WALL	HFS	NONE	--------	34	0xe7b03a	0	0xe7b03a
classic	263	GlowingFloor	GLOWING_BARRIER_FLOOR	FLOOR	HFS	NONE	--------	35	0xe7b026	0	0xe7b026
classic	264	Unused264	UNUSED_264	NONE	NONE	NONE	--------	144	0xe7dd51	0	0xe7dd51
classic	265	LavaWallSmoothRD2	LAVASTONE_WALL_DET_RD2	WALL	LAVA_STONE	SMOOTH	--SS--E-	144	0xe7dd51	1	0xe7dd63
classic	266	LavaWallSmoothR2D	LAVASTONE_WALL_DET_R2D	WALL	LAVA_STONE	SMOOTH	--S---EE	144	0xe7dd51	1	0xe7dd63
classic	267	LavaWallSmoothR2U	LAVASTONE_WALL_DET_R2U	WALL	LAVA_STONE	SMOOTH	N-----EE	144	0xe7dd51	1	0xe7dd63
classic	268	LavaWallSmoothRU2	LAVASTONE_WALL_DET_RU2	WALL	LAVA_STONE	SMOOTH	NN----E-	144	0xe7dd51	1	0xe7dd63
classic	269	LavaWallSmoothL2U	LAVASTONE_WALL_DET_L2U	WALL	LAVA_STONE	SMOOTH	N---WW--	144	0xe7dd51	1	0xe7dd63
classic	270	LavaWallSmoothLU2	LAVASTONE_WALL_DET_LU2	WALL	LAVA_STONE	SMOOTH	NN--W---	144	0xe7dd51	1	0xe7dd63
classic	271	LavaWallSmoothL2D	LAVASTONE_WALL_DET_L2D	WALL	LAVA_STONE	SMOOTH	--S-WW--	144	0xe7dd51	1	0xe7dd63
classic	272	LavaWallSmoothLD2	LAVASTONE_WALL_DET_LD2	WALL	LAVA_STONE	SMOOTH	--SSW---	144	0xe7dd51	1	0xe7dd63
classic	273	LavaWallSmoothLRUD	LAVASTONE_WALL_DET_LRUD	WALL	LAVA_STONE	SMOOTH	N-S-W-E-	144	0xe7dd51	1	0xe7dd63
classic	274	LavaWallSmoothRUD	LAVASTONE_WALL_DET_RUD	WALL	LAVA_STONE	SMOOTH	N-S---E-	144	0xe7dd51	1	0xe7dd63
classic	275	LavaWallSmoothLRD	LAVASTONE_WALL_DET_LRD	WALL	LAVA_STONE	SMOOTH	--S-W-E-	144	0xe7dd51	1	0xe7dd63
classic	276	LavaWallSmoothLRU	LAVASTONE_WALL_DET_LRU	WALL	LAVA_STONE	SMOOTH	N---W-E-	144	0xe7dd51	1	0xe7dd63
classic	277	LavaWallSmoothLUD	LAVASTONE_WALL_DET_LUD	WALL	LAVA_STONE	SMOOTH	N-S-W---	144	0xe7dd51	1	0xe7dd63
classic	278	LavaWallSmoothRD	LAVASTONE_WALL_DET_RD	WALL	LAVA_STONE	SMOOTH	--S---E-	144	0xe7dd51	1	0xe7dd63
classic	279	LavaWallSmoothRU	LAVASTONE_WALL_DET_RU	WALL	LAVA_STONE	SMOOTH	N-----E-	144	0xe7dd51	1	0xe7dd63
classic	280	LavaWallSmoothLU	LAVASTONE_WALL_DET_LU	WALL	LAVA_STONE	SMOOTH	N---W---	144	0xe7dd51	1	0xe7dd63
classic	281	LavaWallSmoothLD	LAVASTONE_WALL_DET_LD	WALL	LAVA_STONE	SMOOTH	--S-W---	144	0xe7dd51	1	0xe7dd63
classic	282	LavaWallSmoothUD	LAVASTONE_WALL_DET_UD	WALL	LAVA_STONE	SMOOTH	N-S-----	144	0xe7dd51	1	0xe7dd63
classic	283	LavaWallSmoothLR	LAVASTONE_WALL_DET_LR	WALL	LAVA_STONE	SMOOTH	----W-E-	144	0xe7dd51	1	0xe7dd63
classic	284	FeatureWallSmoothRD2	FEATSTONE_WALL_DET_RD2	WALL	FEATURE	SMOOTH	--SS--E-	144	0xe7dd51	1	0xe7dd63
classic	285	FeatureWallSmoothR2D	FEATSTONE_WALL_DET_R2D	WALL	FEATURE	SMOOTH	--S---EE	144	0xe7dd51	1	0xe7dd63
classic	286	FeatureWallSmoothR2U	FEATSTONE_WALL_DET_R2U	WALL	FEATURE	SMOOTH	N-----EE	144	0xe7dd51	1	0xe7dd63
classic	287	FeatureWallSmoothRU2	FEATSTONE_WALL_DET_RU2	WALL	FEATURE	SMOOTH	NN----E-	144	0xe7dd51	1	0xe7dd63
classic	288	FeatureWallSmoothL2U	FEATSTONE_WALL_DET_L2U	WALL	FEATURE	SMOOTH	N---WW--	144	0xe7dd51	1	0xe7dd63
classic	289	FeatureWallSmoothLU2	FEATSTONE_WALL_DET_LU2	WALL	FEATURE	SMOOTH	NN--W---	144	0xe7dd51	1	0xe7dd63
classic	290	FeatureWallSmoothL2D	FEATSTONE_WALL_DET_L2D	WALL	FEATURE	SMOOTH	--S-WW--	144	0xe7dd51	1	0xe7dd63
classic	291	FeatureWallSmoothLD2	FEATSTONE_WALL_DET_LD2	WALL	FEATURE	SMOOTH	--SSW---	144	0xe7dd51	1	0xe7dd63
classic	292	FeatureWallSmoothLRUD	FEATSTONE_WALL_DET_LRUD	WALL	FEATURE	SMOOTH	N-S-W-E-	144	0xe7dd51	1	0xe7dd63
classic	293	FeatureWallSmoothRUD	FEATSTONE_WALL_DET_RUD	WALL	FEATURE	SMOOTH	N-S---E-	144	0xe7dd51	1	0xe7dd63
classic	294	FeatureWallSmoothLRD	FEATSTONE_WALL_DET_LRD	WALL	FEATURE	SMOOTH	--S-W-E-	144	0xe7dd51	1	0xe7dd63
classic	295	FeatureWallSmoothLRU	FEATSTONE_WALL_DET_LRU	WALL	FEATURE	SMOOTH	N---W-E-	144	0xe7dd51	1	0xe7dd63
classic	296	FeatureWallSmoothLUD	FEATSTONE_WALL_DET_LUD	WALL	FEATURE	SMOOTH	N-S-W---	144	0xe7dd51	1	0xe7dd63
classic	297	FeatureWallSmoothRD	FEATSTONE_WALL_DET_RD	WALL	FEATURE	SMOOTH	--S---E-	144	0xe7dd51	1	0xe7dd63
classic	298	FeatureWallSmoothRU	FEATSTONE_WALL_DET_RU	WALL	FEATURE	SMOOTH	N-----E-	144	0xe7dd51	1	0xe7dd63
classic	299	FeatureWallSmoothLU	FEATSTONE_WALL_DET_LU	WALL	FEATURE	SMOOTH	N---W---	144	0xe7dd51	1	0xe7dd63
classic	300	FeatureWallSmoothLD	FEATSTONE_WALL_DET_LD	WALL	FEATURE	SMOOTH	--S-W---	144	0xe7dd51	1	0xe7dd63
classic	301	FeatureWallSmoothUD	FEATSTONE_WALL_DET_UD	WALL	FEATURE	SMOOTH	N-S-----	144	0xe7dd51	1	0xe7dd63
classic	302	FeatureWallSmoothLR	FEATSTONE_WALL_DET_LR	WALL	FEATURE	SMOOTH	----W-E-	144	0xe7dd51	1	0xe7dd63
classic	303	StoneWallSmoothRD2	STONE_WALL_DET_RD2	WALL	STONE	SMOOTH	--SS--E-	144	0xe7dd51	1	0xe7dd63
classic	304	StoneWallSmoothR2D	STONE_WALL_DET_R2D	WALL	STONE	SMOOTH	--S---EE	144	0xe7dd51	1	0xe7dd63
classic	305	StoneWallSmoothR2U	STONE_WALL_DET_R2U	WALL	STONE	SMOOTH	N-----EE	144	0xe7dd51	1	0xe7dd63
classic	306	StoneWallSmoothRU2	STONE_WALL_DET_RU2	WALL	STONE	SMOOTH	NN----E-	144	0xe7dd51	1	0xe7dd63
classic	307	StoneWallSmoothL2U	STONE_WALL_DET_L2U	WALL	STONE	SMOOTH	N---WW--	144	0xe7dd51	1	0xe7dd63
classic	308	StoneWallSmoothLU2	STONE_WALL_DET_LU2	WALL	STONE	SMOOTH	NN--W---	144	0xe7dd51	1	0xe7dd63
classic	309	StoneWallSmoothL2D	STONE_WALL_DET_L2D	WALL	STONE	SMOOTH	--S-WW--	144	0xe7dd51	1	0xe7dd63
classic	310	StoneWallSmoothLD2	STONE_WALL_DET_LD2	WALL	STONE	SMOOTH	--SSW---	144	0xe7dd51	1	0xe7dd63
classic	311	StoneWallSmoothLRUD	STONE_WALL_DET_LRUD	WALL	STONE	SMOOTH	N-S-W-E-	144	0xe7dd51	1	0xe7dd63
classic	312	StoneWallSmoothRUD	STONE_WALL_DET_RUD	WALL	STONE	SMOOTH	N-S---E-	144	0xe7dd51	1	0xe7dd63
classic	313	StoneWallSmoothLRD	STONE_WALL_DET_LRD	WALL	STONE	SMOOTH	--S-W-E-	144	0xe7dd51	1	0xe7dd63
classic	314	StoneWallSmoothLRU	STONE_WALL_DET_LRU	WALL	STONE	SMOOTH	N---W-E-	144	0xe7dd51	1	0xe7dd63
classic	315	StoneWallSmoothLUD	STONE_WALL_DET_LUD	WALL	STONE	SMOOTH	N-S-W---	144	0xe7dd51	1	0xe7dd63
classic	316	StoneWallSmoothRD	STONE_WALL_DET_RD	WALL	STONE	SMOOTH	--S---E-	144	0xe7dd51	1	0xe7dd63
classic	317	StoneWallSmoothRU	STONE_WALL_DET_RU	WALL	STONE	SMOOTH	N-----E-	144	0xe7dd51	1	0xe7dd63
classic	318	StoneWallSmoothLU	STONE_WALL_DET_LU	WALL	STONE	SMOOTH	N---W---	144	0xe7dd51	1	0xe7dd63
classic	319	StoneWallSmoothLD	STONE_WALL_DET_LD	WALL	STONE	SMOOTH	--S-W---	144	0xe7dd51	1	0xe7dd63
classic	320	StoneWallSmoothUD	STONE_WALL_DET_UD	WALL	STONE	SMOOTH	N-S-----	144	0xe7dd51	1	0xe7dd63
classic	321	StoneWallSmoothLR	STONE_WALL_DET_LR	WALL	STONE	SMOOTH	----W-E-	144	0xe7dd51	1	0xe7dd63
classic	322	LavaFortification	LAVASTONE_FORTIFICATION	FORTIFICATION	LAVA_STONE	NONE	--------	144	0xe7dd51	1	0xe7dd63
classic	323	FeatureFortification	FEATSTONE_FORTIFICATION	FORTIFICATION	FEATURE	NONE	--------	144	0xe7dd51	1	0xe7dd63
classic	324	LavaWallWorn1	LAVASTONE_WALL_WORN1	WALL	LAVA_STONE	WORN_1	--------	144	0xe7dd51	1	0xe7dd63
classic	325	LavaWallWorn2	LAVASTONE_WALL_WORN2	WALL	LAVA_STONE	WORN_2	--------	144	0xe7dd51	1	0xe7dd63
classic	326	LavaWallWorn3	LAVASTONE_WALL_WORN3	WALL	LAVA_STONE	WORN_3	--------	144	0xe7dd51	1	0xe7dd63
classic	327	LavaWall	LAVASTONE_WALL	WALL	LAVA_STONE	NORMAL	--------	144	0xe7dd51	1	0xe7dd63
classic	328	FeatureWallWorn1	FEATSTONE_WALL_WORN1	WALL	FEATURE	WORN_1	--------	144	0xe7dd51	1	0xe7dd63
classic	329	FeatureWallWorn2	FEATSTONE_WALL_WORN2	WALL	FEATURE	WORN_2	--------	144	0xe7dd51	1	0xe7dd63
classic	330	FeatureWallWorn3	FEATSTONE_WALL_WORN3	WALL	FEATURE	WORN_3	--------	144	0xe7dd51	1	0xe7dd63
classic	331	FeatureWall	FEATSTONE_WALL	WALL	FEATURE	NORMAL	--------	144	0xe7dd51	1	0xe7dd63
classic	332	StoneFloor1	STONE_FLOOR1	FLOOR	STONE	NORMAL	--------	36	0xe7a748	0	0xe7a748
classic	333	StoneFloor2	STONE_FLOOR2	FLOOR	STONE	NORMAL	--------	36	0xe7a748	0	0xe7a748
classic	334	StoneFloor3	STONE_FLOOR3	FLOOR	STONE	NORMAL	--------	36	0xe7a748	0	0xe7a748
classic	335	StoneFloor4	STONE_FLOOR4	FLOOR	STONE	NORMAL	--------	36	0xe7a748	0	0xe7a748
classic	336	LavaFloor1	LAVASTONE_FLOOR1	FLOOR	LAVA_STONE	NORMAL	--------	36	0xe7a748	0	0xe7a748
classic	337	LavaFloor2	LAVASTONE_FLOOR2	FLOOR	LAVA_STONE	NORMAL	--------	36	0xe7a748	0	0xe7a748
classic	338	LavaFloor3	LAVASTONE_FLOOR3	FLOOR	LAVA_STONE	NORMAL	--------	36	0xe7a748	0	0xe7a748
classic	339	LavaFloor4	LAVASTONE_FLOOR4	FLOOR	LAVA_STONE	NORMAL	--------	36	0xe7a748	0	0xe7a748
classic	340	FeatureFloor1	FEATSTONE_FLOOR1	FLOOR	FEATURE	NORMAL	--------	36	0xe7a748	0	0xe7a748
classic	341	FeatureFloor2	FEATSTONE_FLOOR2	FLOOR	FEATURE	NORMAL	--------	36	0xe7a748	0	0xe7a748
classic	342	FeatureFloor3	FEATSTONE_FLOOR3	FLOOR	FEATURE	NORMAL	--------	36	0xe7a748	0	0xe7a748
classic	343	FeatureFloor4	FEATSTONE_FLOOR4	FLOOR	FEATURE	NORMAL	--------	36	0xe7a748	0	0xe7a748
classic	344	GrassDarkFloor1	GRASS_FLOOR1	FLOOR	GRASS_DARK	NONE	--------	37	0xe78cce	0	0xe78cce
classic	345	GrassDarkFloor2	GRASS_FLOOR2	FLOOR	GRASS_DARK	NONE	--------	37	0xe78cce	0	0xe78cce
classic	346	GrassDarkFloor3	GRASS_FLOOR3	FLOOR	GRASS_DARK	NONE	--------	37	0xe78cce	0	0xe78cce
classic	347	GrassDarkFloor4	GRASS_FLOOR4	FLOOR	GRASS_DARK	NONE	--------	37	0xe78cce	0	0xe78cce
classic	348	SoilFloor1	SOIL_FLOOR1	FLOOR	SOIL	NORMAL	--------	36	0xe7a748	0	0xe7a748
classic	349	SoilFloor2	SOIL_FLOOR2	FLOOR	SOIL	NORMAL	--------	36	0xe7a748	0	0xe7a748
classic	350	SoilFloor3	SOIL_FLOOR3	FLOOR	SOIL	NORMAL	--------	36	0xe7a748	0	0xe7a748
classic	351	SoilFloor4	SOIL_FLOOR4	FLOOR	SOIL	NORMAL	--------	36	0xe7a748	0	0xe7a748
classic	352	SoilWetFloor1	SOIL_FLOOR1_WET	FLOOR	SOIL	WET	--------	38	0xe7a7f3	0	0xe7a7f3
classic	353	SoilWetFloor2	SOIL_FLOOR2_WET	FLOOR	SOIL	WET	--------	38	0xe7a7f3	0	0xe7a7f3
classic	354	SoilWetFloor3	SOIL_FLOOR3_WET	FLOOR	SOIL	WET	--------	38	0xe7a7f3	0	0xe7a7f3
classic	355	SoilWetFloor4	SOIL_FLOOR4_WET	FLOOR	SOIL	WET	--------	38	0xe7a7f3	0	0xe7a7f3
classic	356	FrozenFortification	FROZEN_LIQUID_FORTIFICATION	FORTIFICATION	FROZEN_LIQUID	NONE	--------	144	0xe7dd51	1	0xe7dd63
classic	357	FrozenWallWorn1	FROZEN_LIQUID_WALL_WORN1	WALL	FROZEN_LIQUID	WORN_1	--------	144	0xe7dd51	1	0xe7dd63
classic	358	FrozenWallWorn2	FROZEN_LIQUID_WALL_WORN2	WALL	FROZEN_LIQUID	WORN_2	--------	144	0xe7dd51	1	0xe7dd63
classic	359	FrozenWallWorn3	FROZEN_LIQUID_WALL_WORN3	WALL	FROZEN_LIQUID	WORN_3	--------	144	0xe7dd51	1	0xe7dd63
classic	360	FrozenWall	FROZEN_LIQUID_WALL	WALL	FROZEN_LIQUID	NORMAL	--------	144	0xe7dd51	1	0xe7dd63
classic	361	RiverN	RIVER_N	FLOOR	RIVER	NORMAL	N	39	0xe7b0ee	0	0xe7b0ee
classic	362	RiverS	RIVER_S	FLOOR	RIVER	NORMAL	S	39	0xe7b0ee	0	0xe7b0ee
classic	363	RiverE	RIVER_E	FLOOR	RIVER	NORMAL	E	39	0xe7b0ee	0	0xe7b0ee
classic	364	RiverW	RIVER_W	FLOOR	RIVER	NORMAL	W	39	0xe7b0ee	0	0xe7b0ee
classic	365	RiverNW	RIVER_NW	FLOOR	RIVER	NORMAL	NW	39	0xe7b0ee	0	0xe7b0ee
classic	366	RiverNE	RIVER_NE	FLOOR	RIVER	NORMAL	NE	39	0xe7b0ee	0	0xe7b0ee
classic	367	RiverSW	RIVER_SW	FLOOR	RIVER	NORMAL	SW	39	0xe7b0ee	0	0xe7b0ee
classic	368	RiverSE	RIVER_SE	FLOOR	RIVER	NORMAL	SE	39	0xe7b0ee	0	0xe7b0ee
classic	369	BrookN	STREAM_BED_WALL_N	BROOK_BED	BROOK	NONE	N	40	0xe7b100	0	0xe7b100
classic	370	BrookS	STREAM_BED_WALL_S	BROOK_BED	BROOK	NONE	S	40	0xe7b100	0	0xe7b100
classic	371	BrookE	STREAM_BED_WALL_E	BROOK_BED	BROOK	NONE	E	40	0xe7b100	0	0xe7b100
classic	372	BrookW	STREAM_BED_WALL_W	BROOK_BED	BROOK	NONE	W	40	0xe7b100	0	0xe7b100
classic	373	BrookNW	STREAM_BED_WALL_NW	BROOK_BED	BROOK	NONE	NW	40	0xe7b100	0	0xe7b100
classic	374	BrookNE	STREAM_BED_WALL_NE	BROOK_BED	BROOK	NONE	NE	40	0xe7b100	0	0xe7b100
classic	375	BrookSW	STREAM_BED_WALL_SW	BROOK_BED	BROOK	NONE	SW	40	0xe7b100	0	0xe7b100
classic	376	BrookSE	STREAM_BED_WALL_SE	BROOK_BED	BROOK	NONE	SE	40	0xe7b100	0	0xe7b100
classic	377	BrookTop1	STREAM_BED_TOP	BROOK_TOP	BROOK	NONE	--------	40	0xe7b100	0	0xe7b100
classic	378	BrookTop2	STREAM_BED_TOP2	BROOK_TOP	BROOK	NONE	--------	40	0xe7b100	0	0xe7b100
classic	379	BrookTop3	STREAM_BED_TOP3	BROOK_TOP	BROOK	NONE	--------	40	0xe7b100	0	0xe7b100
classic	380	BrookTop4	STREAM_BED_TOP4	BROOK_TOP	BROOK	NONE	--------	40	0xe7b100	0	0xe7b100
classic	381	Unused381	UNUSED_381	NONE	NONE	NONE	--------	144	0xe7dd51	0	0xe7dd51
classic	382	Unused382	UNUSED_382	NONE	NONE	NONE	--------	144	0xe7dd51	0	0xe7dd51
classic	383	GrassDryFloor1	GRASS_FLOOR1_DRY	FLOOR	GRASS_DRY	NONE	--------	41	0xe7918a	0	0xe7918a
classic	384	GrassDryFloor2	GRASS_FLOOR2_DRY	FLOOR	GRASS_DRY	NONE	--------	41	0xe7918a	0	0xe7918a
classic	385	GrassDryFloor3	GRASS_FLOOR3_DRY	FLOOR	GRASS_DRY	NONE	--------	41	0xe7918a	0	0xe7918a
classic	386	GrassDryFloor4	GRASS_FLOOR4_DRY	FLOOR	GRASS_DRY	NONE	--------	41	0xe7918a	0	0xe7918a
classic	387	Unused387	UNUSED_387	NONE	NONE	NONE	--------	144	0xe7dd51	0	0xe7dd51
classic	388	SaplingDead	SAPLING_DEAD	SAPLING	PLANT	DEAD	--------	24	0xe7a8af	0	0xe7a8af
classic	389	ShrubDead	SHRUB_DEAD	SHRUB	PLANT	DEAD	--------	10	0xe7aa03	0	0xe7aa03
classic	390	GrassDeadFloor1	GRASS_FLOOR1_DEAD	FLOOR	GRASS_DEAD	NONE	--------	42	0xe7964c	0	0xe7964c
classic	391	GrassDeadFloor2	GRASS_FLOOR2_DEAD	FLOOR	GRASS_DEAD	NONE	--------	42	0xe7964c	0	0xe7964c
classic	392	GrassDeadFloor3	GRASS_FLOOR3_DEAD	FLOOR	GRASS_DEAD	NONE	--------	42	0xe7964c	0	0xe7964c
classic	393	GrassDeadFloor4	GRASS_FLOOR4_DEAD	FLOOR	GRASS_DEAD	NONE	--------	42	0xe7964c	0	0xe7964c
classic	394	GrassLightFloor1	GRASS_FLOOR1B	FLOOR	GRASS_LIGHT	NONE	--------	37	0xe78cce	0	0xe78cce
classic	395	GrassLightFloor2	GRASS_FLOOR2B	FLOOR	GRASS_LIGHT	NONE	--------	37	0xe78cce	0	0xe78cce
classic	396	GrassLightFloor3	GRASS_FLOOR3B	FLOOR	GRASS_LIGHT	NONE	--------	37	0xe78cce	0	0xe78cce
classic	397	GrassLightFloor4	GRASS_FLOOR4B	FLOOR	GRASS_LIGHT	NONE	--------	37	0xe78cce	0	0xe78cce
classic	398	StoneBoulder	STONE_BOULDER	BOULDER	STONE	NONE	--------	43	0xe7a616	0	0xe7a616
classic	399	LavaBoulder	LAVASTONE_BOULDER	BOULDER	LAVA_STONE	NONE	--------	43	0xe7a616	0	0xe7a616
classic	400	FeatureBoulder	FEATSTONE_BOULDER	BOULDER	FEATURE	NONE	--------	43	0xe7a616	0	0xe7a616
classic	401	StonePebbles1	STONE_PEBBLE1	PEBBLES	STONE	NONE	--------	44	0xe7a6ba	0	0xe7a6ba
classic	402	StonePebbles2	STONE_PEBBLE2	PEBBLES	STONE	NONE	--------	44	0xe7a6ba	0	0xe7a6ba
classic	403	StonePebbles3	STONE_PEBBLE3	PEBBLES	STONE	NONE	--------	44	0xe7a6ba	0	0xe7a6ba
classic	404	StonePebbles4	STONE_PEBBLE4	PEBBLES	STONE	NONE	--------	44	0xe7a6ba	0	0xe7a6ba
classic	405	LavaPebbles1	LAVASTONE_PEBBLE1	PEBBLES	LAVA_STONE	NONE	--------	44	0xe7a6ba	0	0xe7a6ba
classic	406	LavaPebbles2	LAVASTONE_PEBBLE2	PEBBLES	LAVA_STONE	NONE	--------	44	0xe7a6ba	0	0xe7a6ba
classic	407	LavaPebbles3	LAVASTONE_PEBBLE3	PEBBLES	LAVA_STONE	NONE	--------	44	0xe7a6ba	0	0xe7a6ba
classic	408	LavaPebbles4	LAVASTONE_PEBBLE4	PEBBLES	LAVA_STONE	NONE	--------	44	0xe7a6ba	0	0xe7a6ba
classic	409	FeaturePebbles1	FEATSTONE_PEBBLE1	PEBBLES	FEATURE	NONE	--------	44	0xe7a6ba	0	0xe7a6ba
classic	410	FeaturePebbles2	FEATSTONE_PEBBLE2	PEBBLES	FEATURE	NONE	--------	44	0xe7a6ba	0	0xe7a6ba
classic	411	FeaturePebbles3	FEATSTONE_PEBBLE3	PEBBLES	FEATURE	NONE	--------	44	0xe7a6ba	0	0xe7a6ba
classic	412	FeaturePebbles4	FEATSTONE_PEBBLE4	PEBBLES	FEATURE	NONE	--------	44	0xe7a6ba	0	0xe7a6ba
classic	413	MineralWallSmoothRD2	MINSTONE_WALL_DET_RD2	WALL	MINERAL	SMOOTH	--SS--E-	144	0xe7dd51	1	0xe7dd63
classic	414	MineralWallSmoothR2D	MINSTONE_WALL_DET_R2D	WALL	MINERAL	SMOOTH	--S---EE	144	0xe7dd51	1	0xe7dd63
classic	415	MineralWallSmoothR2U	MINSTONE_WALL_DET_R2U	WALL	MINERAL	SMOOTH	N-----EE	144	0xe7dd51	1	0xe7dd63
classic	416	MineralWallSmoothRU2	MINSTONE_WALL_DET_RU2	WALL	MINERAL	SMOOTH	NN----E-	144	0xe7dd51	1	0xe7dd63
classic	417	MineralWallSmoothL2U	MINSTONE_WALL_DET_L2U	WALL	MINERAL	SMOOTH	N---WW--	144	0xe7dd51	1	0xe7dd63
classic	418	MineralWallSmoothLU2	MINSTONE_WALL_DET_LU2	WALL	MINERAL	SMOOTH	NN--W---	144	0xe7dd51	1	0xe7dd63
classic	419	MineralWallSmoothL2D	MINSTONE_WALL_DET_L2D	WALL	MINERAL	SMOOTH	--S-WW--	144	0xe7dd51	1	0xe7dd63
classic	420	MineralWallSmoothLD2	MINSTONE_WALL_DET_LD2	WALL	MINERAL	SMOOTH	--SSW---	144	0xe7dd51	1	0xe7dd63
classic	421	MineralWallSmoothLRUD	MINSTONE_WALL_DET_LRUD	WALL	MINERAL	SMOOTH	N-S-W-E-	144	0xe7dd51	1	0xe7dd63
classic	422	MineralWallSmoothRUD	MINSTONE_WALL_DET_RUD	WALL	MINERAL	SMOOTH	N-S---E-	144	0xe7dd51	1	0xe7dd63
classic	423	MineralWallSmoothLRD	MINSTONE_WALL_DET_LRD	WALL	MINERAL	SMOOTH	--S-W-E-	144	0xe7dd51	1	0xe7dd63
classic	424	MineralWallSmoothLRU	MINSTONE_WALL_DET_LRU	WALL	MINERAL	SMOOTH	N---W-E-	144	0xe7dd51	1	0xe7dd63
classic	425	MineralWallSmoothLUD	MINSTONE_WALL_DET_LUD	WALL	MINERAL	SMOOTH	N-S-W---	144	0xe7dd51	1	0xe7dd63
classic	426	MineralWallSmoothRD	MINSTONE_WALL_DET_RD	WALL	MINERAL	SMOOTH	--S---E-	144	0xe7dd51	1	0xe7dd63
classic	427	MineralWallSmoothRU	MINSTONE_WALL_DET_RU	WALL	MINERAL	SMOOTH	N-----E-	144	0xe7dd51	1	0xe7dd63
classic	428	MineralWallSmoothLU	MINSTONE_WALL_DET_LU	WALL	MINERAL	SMOOTH	N---W---	144	0xe7dd51	1	0xe7dd63
classic	429	MineralWallSmoothLD	MINSTONE_WALL_DET_LD	WALL	MINERAL	SMOOTH	--S-W---	144	0xe7dd51	1	0xe7dd63
classic	430	MineralWallSmoothUD	MINSTONE_WALL_DET_UD	WALL	MINERAL	SMOOTH	N-S-----	144	0xe7dd51	1	0xe7dd63
classic	431	MineralWallSmoothLR	MINSTONE_WALL_DET_LR	WALL	MINERAL	SMOOTH	----W-E-	144	0xe7dd51	1	0xe7dd63
classic	432	MineralFortification	MINSTONE_FORTIFICATION	FORTIFICATION	MINERAL	NONE	--------	144	0xe7dd51	1	0xe7dd63
classic	433	MineralWallWorn1	MINSTONE_WALL_WORN1	WALL	MINERAL	WORN_1	--------	144	0xe7dd51	1	0xe7dd63
classic	434	MineralWallWorn2	MINSTONE_WALL_WORN2	WALL	MINERAL	WORN_2	--------	144	0xe7dd51	1	0xe7dd63
classic	435	MineralWallWorn3	MINSTONE_WALL_WORN3	WALL	MINERAL	WORN_3	--------	144	0xe7dd51	1	0xe7dd63
classic	436	MineralWall	MINSTONE_WALL	WALL	MINERAL	NORMAL	--------	144	0xe7dd51	1	0xe7dd63
classic	437	MineralFloor1	MINSTONE_FLOOR1	FLOOR	MINERAL	NORMAL	--------	36	0xe7a748	0	0xe7a748
classic	438	MineralFloor2	MINSTONE_FLOOR2	FLOOR	MINERAL	NORMAL	--------	36	0xe7a748	0	0xe7a748
classic	439	MineralFloor3	MINSTONE_FLOOR3	FLOOR	MINERAL	NORMAL	--------	36	0xe7a748	0	0xe7a748
classic	440	MineralFloor4	MINSTONE_FLOOR4	FLOOR	MINERAL	NORMAL	--------	36	0xe7a748	0	0xe7a748
classic	441	MineralBoulder	MINSTONE_BOULDER	BOULDER	MINERAL	NONE	--------	43	0xe7a616	0	0xe7a616
classic	442	MineralPebbles1	MINSTONE_PEBBLE1	PEBBLES	MINERAL	NONE	--------	44	0xe7a6ba	0	0xe7a6ba
classic	443	MineralPebbles2	MINSTONE_PEBBLE2	PEBBLES	MINERAL	NONE	--------	44	0xe7a6ba	0	0xe7a6ba
classic	444	MineralPebbles3	MINSTONE_PEBBLE3	PEBBLES	MINERAL	NONE	--------	44	0xe7a6ba	0	0xe7a6ba
classic	445	MineralPebbles4	MINSTONE_PEBBLE4	PEBBLES	MINERAL	NONE	--------	44	0xe7a6ba	0	0xe7a6ba
classic	446	FrozenWallSmoothRD2	FROZEN_LIQUID_WALL_DET_RD2	WALL	FROZEN_LIQUID	SMOOTH	--SS--E-	144	0xe7dd51	1	0xe7dd63
classic	447	FrozenWallSmoothR2D	FROZEN_LIQUID_WALL_DET_R2D	WALL	FROZEN_LIQUID	SMOOTH	--S---EE	144	0xe7dd51	1	0xe7dd63
classic	448	FrozenWallSmoothR2U	FROZEN_LIQUID_WALL_DET_R2U	WALL	FROZEN_LIQUID	SMOOTH	N-----EE	144	0xe7dd51	1	0xe7dd63
classic	449	FrozenWallSmoothRU2	FROZEN_LIQUID_WALL_DET_RU2	WALL	FROZEN_LIQUID	SMOOTH	NN----E-	144	0xe7dd51	1	0xe7dd63
classic	450	FrozenWallSmoothL2U	FROZEN_LIQUID_WALL_DET_L2U	WALL	FROZEN_LIQUID	SMOOTH	N---WW--	144	0xe7dd51	1	0xe7dd63
classic	451	FrozenWallSmoothLU2	FROZEN_LIQUID_WALL_DET_LU2	WALL	FROZEN_LIQUID	SMOOTH	NN--W---	144	0xe7dd51	1	0xe7dd63
classic	452	FrozenWallSmoothL2D	FROZEN_LIQUID_WALL_DET_L2D	WALL	FROZEN_LIQUID	SMOOTH	--S-WW--	144	0xe7dd51	1	0xe7dd63
classic	453	FrozenWallSmoothLD2	FROZEN_LIQUID_WALL_DET_LD2	WALL	FROZEN_LIQUID	SMOOTH	--SSW---	144	0xe7dd51	1	0xe7dd63
classic	454	FrozenWallSmoothLRUD	FROZEN_LIQUID_WALL_DET_LRUD	WALL	FROZEN_LIQUID	SMOOTH	N-S-W-E-	144	0xe7dd51	1	0xe7dd63
classic	455	FrozenWallSmoothRUD	FROZEN_LIQUID_WALL_DET_RUD	WALL	FROZEN_LIQUID	SMOOTH	N-S---E-	144	0xe7dd51	1	0xe7dd63
classic	456	FrozenWallSmoothLRD	FROZEN_LIQUID_WALL_DET_LRD	WALL	FROZEN_LIQUID	SMOOTH	--S-W-E-	144	0xe7dd51	1	0xe7dd63
classic	457	FrozenWallSmoothLRU	FROZEN_LIQUID_WALL_DET_LRU	WALL	FROZEN_LIQUID	SMOOTH	N---W-E-	144	0xe7dd51	1	0xe7dd63
classic	458	FrozenWallSmoothLUD	FROZEN_LIQUID_WALL_DET_LUD	WALL	FROZEN_LIQUID	SMOOTH	N-S-W---	144	0xe7dd51	1	0xe7dd63
classic	459	FrozenWallSmoothRD	FROZEN_LIQUID_WALL_DET_RD	WALL	FROZEN_LIQUID	SMOOTH	--S---E-	144	0xe7dd51	1	0xe7dd63
classic	460	FrozenWallSmoothRU	FROZEN_LIQUID_WALL_DET_RU	WALL	FROZEN_LIQUID	SMOOTH	N-----E-	144	0xe7dd51	1	0xe7dd63
classic	461	FrozenWallSmoothLU	FROZEN_LIQUID_WALL_DET_LU	WALL	FROZEN_LIQUID	SMOOTH	N---W---	144	0xe7dd51	1	0xe7dd63
classic	462	FrozenWallSmoothLD	FROZEN_LIQUID_WALL_DET_LD	WALL	FROZEN_LIQUID	SMOOTH	--S-W---	144	0xe7dd51	1	0xe7dd63
classic	463	FrozenWallSmoothUD	FROZEN_LIQUID_WALL_DET_UD	WALL	FROZEN_LIQUID	SMOOTH	N-S-----	144	0xe7dd51	1	0xe7dd63
classic	464	FrozenWallSmoothLR	FROZEN_LIQUID_WALL_DET_LR	WALL	FROZEN_LIQUID	SMOOTH	----W-E-	144	0xe7dd51	1	0xe7dd63
classic	465	RiverRampN	RIVER_RAMP_N	RAMP	RIVER	NONE	N	39	0xe7b0ee	0	0xe7b0ee
classic	466	RiverRampS	RIVER_RAMP_S	RAMP	RIVER	NONE	S	39	0xe7b0ee	0	0xe7b0ee
classic	467	RiverRampE	RIVER_RAMP_E	RAMP	RIVER	NONE	E	39	0xe7b0ee	0	0xe7b0ee
classic	468	RiverRampW	RIVER_RAMP_W	RAMP	RIVER	NONE	W	39	0xe7b0ee	0	0xe7b0ee
classic	469	RiverRampNW	RIVER_RAMP_NW	RAMP	RIVER	NONE	NW	39	0xe7b0ee	0	0xe7b0ee
classic	470	RiverRampNE	RIVER_RAMP_NE	RAMP	RIVER	NONE	NE	39	0xe7b0ee	0	0xe7b0ee
classic	471	RiverRampSW	RIVER_RAMP_SW	RAMP	RIVER	NONE	SW	39	0xe7b0ee	0	0xe7b0ee
classic	472	RiverRampSE	RIVER_RAMP_SE	RAMP	RIVER	NONE	SE	39	0xe7b0ee	0	0xe7b0ee
classic	473	ShoddyConstructedFloor1	CONSTRUCTED_FLOOR_SHODDY_1	FLOOR	CONSTRUCTION	SHODDY	--------	45	0xe79742	0	0xe79742
classic	474	ShoddyConstructedFloor2	CONSTRUCTED_FLOOR_SHODDY_2	FLOOR	CONSTRUCTION	SHODDY	--------	45	0xe79742	0	0xe79742
classic	475	ShoddyConstructedFloor3	CONSTRUCTED_FLOOR_SHODDY_3	FLOOR	CONSTRUCTION	SHODDY	--------	45	0xe79742	0	0xe79742
classic	476	ShoddyConstructedFloor4	CONSTRUCTED_FLOOR_SHODDY_4	FLOOR	CONSTRUCTION	SHODDY	--------	45	0xe79742	0	0xe79742
classic	477	ShoddyConstructedStairUD	STAIR_UPDOWN_CONSTRUCTED_SHODDY	STAIR_UPDOWN	CONSTRUCTION	SHODDY	--------	46	0xe7b364	0	0xe7b364
classic	478	ShoddyConstructedStairD	STAIR_DOWN_CONSTRUCTED_SHODDY	STAIR_DOWN	CONSTRUCTION	SHODDY	--------	47	0xe7b41d	0	0xe7b41d
classic	479	ShoddyConstructedStairU	STAIR_UP_CONSTRUCTED_SHODDY	STAIR_UP	CONSTRUCTION	SHODDY	--------	48	0xe7b4ed	0	0xe7b4ed
classic	480	Unused480	UNUSED_480	NONE	NONE	NONE	--------	144	0xe7dd51	0	0xe7dd51
classic	481	Unused481	UNUSED_481	NONE	NONE	NONE	--------	144	0xe7dd51	0	0xe7dd51
classic	482	Unused482	UNUSED_482	NONE	NONE	NONE	--------	144	0xe7dd51	0	0xe7dd51
classic	483	Unused483	UNUSED_483	NONE	NONE	NONE	--------	144	0xe7dd51	0	0xe7dd51
classic	484	Unused484	UNUSED_484	NONE	NONE	NONE	--------	144	0xe7dd51	0	0xe7dd51
classic	485	Unused485	UNUSED_485	NONE	NONE	NONE	--------	144	0xe7dd51	0	0xe7dd51
classic	486	Unused486	UNUSED_486	NONE	NONE	NONE	--------	144	0xe7dd51	0	0xe7dd51
classic	487	Unused487	UNUSED_487	NONE	NONE	NONE	--------	144	0xe7dd51	0	0xe7dd51
classic	488	Unused488	UNUSED_488	NONE	NONE	NONE	--------	144	0xe7dd51	0	0xe7dd51
classic	489	ConstructedFloor	CONSTRUCTED_FLOOR_DETAILED	FLOOR	CONSTRUCTION	SMOOTH	--------	49	0xe79751	0	0xe79751
classic	490	ConstructedFortification	CONSTRUCTED_FORTIFICATION	FORTIFICATION	CONSTRUCTION	NONE	--------	144	0xe7dd51	1	0xe7dd63
classic	491	ConstructedPillar	CONSTRUCTED_PILLAR	WALL	CONSTRUCTION	SMOOTH	--------	144	0xe7dd51	1	0xe7dd63
classic	492	ConstructedWallRD2	CONSTRUCTED_WALL_DET_RD2	WALL	CONSTRUCTION	SMOOTH	--SS--E-	144	0xe7dd51	1	0xe7dd63
classic	493	ConstructedWallR2D	CONSTRUCTED_WALL_DET_R2D	WALL	CONSTRUCTION	SMOOTH	--S---EE	144	0xe7dd51	1	0xe7dd63
classic	494	ConstructedWallR2U	CONSTRUCTED_WALL_DET_R2U	WALL	CONSTRUCTION	SMOOTH	N-----EE	144	0xe7dd51	1	0xe7dd63
classic	495	ConstructedWallRU2	CONSTRUCTED_WALL_DET_RU2	WALL	CONSTRUCTION	SMOOTH	NN----E-	144	0xe7dd51	1	0xe7dd63
classic	496	ConstructedWallL2U	CONSTRUCTED_WALL_DET_L2U	WALL	CONSTRUCTION	SMOOTH	N---WW--	144	0xe7dd51	1	0xe7dd63
classic	497	ConstructedWallLU2	CONSTRUCTED_WALL_DET_LU2	WALL	CONSTRUCTION	SMOOTH	NN--W---	144	0xe7dd51	1	0xe7dd63
classic	498	ConstructedWallL2D	CONSTRUCTED_WALL_DET_L2D	WALL	CONSTRUCTION	SMOOTH	--S-WW--	144	0xe7dd51	1	0xe7dd63
classic	499	ConstructedWallLD2	CONSTRUCTED_WALL_DET_LD2	WALL	CONSTRUCTION	SMOOTH	--SSW---	144	0xe7dd51	1	0xe7dd63
classic	500	ConstructedWallLRUD	CONSTRUCTED_WALL_DET_LRUD	WALL	CONSTRUCTION	SMOOTH	N-S-W-E-	144	0xe7dd51	1	0xe7dd63
classic	501	ConstructedWallRUD	CONSTRUCTED_WALL_DET_RUD	WALL	CONSTRUCTION	SMOOTH	N-S---E-	144	0xe7dd51	1	0xe7dd63
classic	502	ConstructedWallLRD	CONSTRUCTED_WALL_DET_LRD	WALL	CONSTRUCTION	SMOOTH	--S-W-E-	144	0xe7dd51	1	0xe7dd63
classic	503	ConstructedWallLRU	CONSTRUCTED_WALL_DET_LRU	WALL	CONSTRUCTION	SMOOTH	N---W-E-	144	0xe7dd51	1	0xe7dd63
classic	504	ConstructedWallLUD	CONSTRUCTED_WALL_DET_LUD	WALL	CONSTRUCTION	SMOOTH	N-S-W---	144	0xe7dd51	1	0xe7dd63
classic	505	ConstructedWallRD	CONSTRUCTED_WALL_DET_RD	WALL	CONSTRUCTION	SMOOTH	--S---E-	144	0xe7dd51	1	0xe7dd63
classic	506	ConstructedWallRU	CONSTRUCTED_WALL_DET_RU	WALL	CONSTRUCTION	SMOOTH	N-----E-	144	0xe7dd51	1	0xe7dd63
classic	507	ConstructedWallLU	CONSTRUCTED_WALL_DET_LU	WALL	CONSTRUCTION	SMOOTH	N---W---	144	0xe7dd51	1	0xe7dd63
classic	508	ConstructedWallLD	CONSTRUCTED_WALL_DET_LD	WALL	CONSTRUCTION	SMOOTH	--S-W---	144	0xe7dd51	1	0xe7dd63
classic	509	ConstructedWallUD	CONSTRUCTED_WALL_DET_UD	WALL	CONSTRUCTION	SMOOTH	N-S-----	144	0xe7dd51	1	0xe7dd63
classic	510	ConstructedWallLR	CONSTRUCTED_WALL_DET_LR	WALL	CONSTRUCTION	SMOOTH	----W-E-	144	0xe7dd51	1	0xe7dd63
classic	511	ConstructedStairUD	STAIR_UPDOWN_CONSTRUCTED	STAIR_UPDOWN	CONSTRUCTION	NONE	--------	50	0xe7b373	0	0xe7b373
classic	512	ConstructedStairD	STAIR_DOWN_CONSTRUCTED	STAIR_DOWN	CONSTRUCTION	NONE	--------	51	0xe7b42c	0	0xe7b42c
classic	513	ConstructedStairU	STAIR_UP_CONSTRUCTED	STAIR_UP	CONSTRUCTION	NONE	--------	52	0xe7b4fc	0	0xe7b4fc
classic	514	ConstructedRamp	RAMP_CONSTRUCTED	RAMP	CONSTRUCTION	NONE	--------	53	0xe7cc78	0	0xe7cc78
classic	515	StoneFloorTrackN	STONE_TRACK_N	FLOOR	STONE	TRACK	N	54	0xe79782	0	0xe79782
classic	516	StoneFloorTrackS	STONE_TRACK_S	FLOOR	STONE	TRACK	S	55	0xe79857	0	0xe79857
classic	517	StoneFloorTrackE	STONE_TRACK_E	FLOOR	STONE	TRACK	E	56	0xe7992c	0	0xe7992c
classic	518	StoneFloorTrackW	STONE_TRACK_W	FLOOR	STONE	TRACK	W	57	0xe79a01	0	0xe79a01
classic	519	StoneFloorTrackNS	STONE_TRACK_NS	FLOOR	STONE	TRACK	NS	58	0xe79ad6	0	0xe79ad6
classic	520	StoneFloorTrackNE	STONE_TRACK_NE	FLOOR	STONE	TRACK	NE	59	0xe79bab	0	0xe79bab
classic	521	StoneFloorTrackNW	STONE_TRACK_NW	FLOOR	STONE	TRACK	NW	60	0xe79c80	0	0xe79c80
classic	522	StoneFloorTrackSE	STONE_TRACK_SE	FLOOR	STONE	TRACK	SE	61	0xe79d55	0	0xe79d55
classic	523	StoneFloorTrackSW	STONE_TRACK_SW	FLOOR	STONE	TRACK	SW	62	0xe79e2a	0	0xe79e2a
classic	524	StoneFloorTrackEW	STONE_TRACK_EW	FLOOR	STONE	TRACK	EW	63	0xe79eff	0	0xe79eff
classic	525	StoneFloorTrackNSE	STONE_TRACK_NSE	FLOOR	STONE	TRACK	NSE	64	0xe79fd4	0	0xe79fd4
classic	526	StoneFloorTrackNSW	STONE_TRACK_NSW	FLOOR	STONE	TRACK	NSW	65	0xe7a0a9	0	0xe7a0a9
classic	527	StoneFloorTrackNEW	STONE_TRACK_NEW	FLOOR	STONE	TRACK	NEW	66	0xe7a17e	0	0xe7a17e
classic	528	StoneFloorTrackSEW	STONE_TRACK_SEW	FLOOR	STONE	TRACK	SEW	67	0xe7a253	0	0xe7a253
classic	529	StoneFloorTrackNSEW	STONE_TRACK_NSEW	FLOOR	STONE	TRACK	NSEW	68	0xe7a328	0	0xe7a328
classic	530	LavaFloorTrackN	LAVASTONE_TRACK_N	FLOOR	LAVA_STONE	TRACK	N	54	0xe79782	0	0xe79782
classic	531	LavaFloorTrackS	LAVASTONE_TRACK_S	FLOOR	LAVA_STONE	TRACK	S	55	0xe79857	0	0xe79857
classic	532	LavaFloorTrackE	LAVASTONE_TRACK_E	FLOOR	LAVA_STONE	TRACK	E	56	0xe7992c	0	0xe7992c
classic	533	LavaFloorTrackW	LAVASTONE_TRACK_W	FLOOR	LAVA_STONE	TRACK	W	57	0xe79a01	0	0xe79a01
classic	534	LavaFloorTrackNS	LAVASTONE_TRACK_NS	FLOOR	LAVA_STONE	TRACK	NS	58	0xe79ad6	0	0xe79ad6
classic	535	LavaFloorTrackNE	LAVASTONE_TRACK_NE	FLOOR	LAVA_STONE	TRACK	NE	59	0xe79bab	0	0xe79bab
classic	536	LavaFloorTrackNW	LAVASTONE_TRACK_NW	FLOOR	LAVA_STONE	TRACK	NW	60	0xe79c80	0	0xe79c80
classic	537	LavaFloorTrackSE	LAVASTONE_TRACK_SE	FLOOR	LAVA_STONE	TRACK	SE	61	0xe79d55	0	0xe79d55
classic	538	LavaFloorTrackSW	LAVASTONE_TRACK_SW	FLOOR	LAVA_STONE	TRACK	SW	62	0xe79e2a	0	0xe79e2a
classic	539	LavaFloorTrackEW	LAVASTONE_TRACK_EW	FLOOR	LAVA_STONE	TRACK	EW	63	0xe79eff	0	0xe79eff
classic	540	LavaFloorTrackNSE	LAVASTONE_TRACK_NSE	FLOOR	LAVA_STONE	TRACK	NSE	64	0xe79fd4	0	0xe79fd4
classic	541	LavaFloorTrackNSW	LAVASTONE_TRACK_NSW	FLOOR	LAVA_STONE	TRACK	NSW	65	0xe7a0a9	0	0xe7a0a9
classic	542	LavaFloorTrackNEW	LAVASTONE_TRACK_NEW	FLOOR	LAVA_STONE	TRACK	NEW	66	0xe7a17e	0	0xe7a17e
classic	543	LavaFloorTrackSEW	LAVASTONE_TRACK_SEW	FLOOR	LAVA_STONE	TRACK	SEW	67	0xe7a253	0	0xe7a253
classic	544	LavaFloorTrackNSEW	LAVASTONE_TRACK_NSEW	FLOOR	LAVA_STONE	TRACK	NSEW	68	0xe7a328	0	0xe7a328
classic	545	FeatureFloorTrackN	FEATSTONE_TRACK_N	FLOOR	FEATURE	TRACK	N	54	0xe79782	0	0xe79782
classic	546	FeatureFloorTrackS	FEATSTONE_TRACK_S	FLOOR	FEATURE	TRACK	S	55	0xe79857	0	0xe79857
classic	547	FeatureFloorTrackE	FEATSTONE_TRACK_E	FLOOR	FEATURE	TRACK	E	56	0xe7992c	0	0xe7992c
classic	548	FeatureFloorTrackW	FEATSTONE_TRACK_W	FLOOR	FEATURE	TRACK	W	57	0xe79a01	0	0xe79a01
classic	549	FeatureFloorTrackNS	FEATSTONE_TRACK_NS	FLOOR	FEATURE	TRACK	NS	58	0xe79ad6	0	0xe79ad6
classic	550	FeatureFloorTrackNE	FEATSTONE_TRACK_NE	FLOOR	FEATURE	TRACK	NE	59	0xe79bab	0	0xe79bab
classic	551	FeatureFloorTrackNW	FEATSTONE_TRACK_NW	FLOOR	FEATURE	TRACK	NW	60	0xe79c80	0	0xe79c80
classic	552	FeatureFloorTrackSE	FEATSTONE_TRACK_SE	FLOOR	FEATURE	TRACK	SE	61	0xe79d55	0	0xe79d55
classic	553	FeatureFloorTrackSW	FEATSTONE_TRACK_SW	FLOOR	FEATURE	TRACK	SW	62	0xe79e2a	0	0xe79e2a
classic	554	FeatureFloorTrackEW	FEATSTONE_TRACK_EW	FLOOR	FEATURE	TRACK	EW	63	0xe79eff	0	0xe79eff
classic	555	FeatureFloorTrackNSE	FEATSTONE_TRACK_NSE	FLOOR	FEATURE	TRACK	NSE	64	0xe79fd4	0	0xe79fd4
classic	556	FeatureFloorTrackNSW	FEATSTONE_TRACK_NSW	FLOOR	FEATURE	TRACK	NSW	65	0xe7a0a9	0	0xe7a0a9
classic	557	FeatureFloorTrackNEW	FEATSTONE_TRACK_NEW	FLOOR	FEATURE	TRACK	NEW	66	0xe7a17e	0	0xe7a17e
classic	558	FeatureFloorTrackSEW	FEATSTONE_TRACK_SEW	FLOOR	FEATURE	TRACK	SEW	67	0xe7a253	0	0xe7a253
classic	559	FeatureFloorTrackNSEW	FEATSTONE_TRACK_NSEW	FLOOR	FEATURE	TRACK	NSEW	68	0xe7a328	0	0xe7a328
classic	560	MineralFloorTrackN	MINSTONE_TRACK_N	FLOOR	MINERAL	TRACK	N	54	0xe79782	0	0xe79782
classic	561	MineralFloorTrackS	MINSTONE_TRACK_S	FLOOR	MINERAL	TRACK	S	55	0xe79857	0	0xe79857
classic	562	MineralFloorTrackE	MINSTONE_TRACK_E	FLOOR	MINERAL	TRACK	E	56	0xe7992c	0	0xe7992c
classic	563	MineralFloorTrackW	MINSTONE_TRACK_W	FLOOR	MINERAL	TRACK	W	57	0xe79a01	0	0xe79a01
classic	564	MineralFloorTrackNS	MINSTONE_TRACK_NS	FLOOR	MINERAL	TRACK	NS	58	0xe79ad6	0	0xe79ad6
classic	565	MineralFloorTrackNE	MINSTONE_TRACK_NE	FLOOR	MINERAL	TRACK	NE	59	0xe79bab	0	0xe79bab
classic	566	MineralFloorTrackNW	MINSTONE_TRACK_NW	FLOOR	MINERAL	TRACK	NW	60	0xe79c80	0	0xe79c80
classic	567	MineralFloorTrackSE	MINSTONE_TRACK_SE	FLOOR	MINERAL	TRACK	SE	61	0xe79d55	0	0xe79d55
classic	568	MineralFloorTrackSW	MINSTONE_TRACK_SW	FLOOR	MINERAL	TRACK	SW	62	0xe79e2a	0	0xe79e2a
classic	569	MineralFloorTrackEW	MINSTONE_TRACK_EW	FLOOR	MINERAL	TRACK	EW	63	0xe79eff	0	0xe79eff
classic	570	MineralFloorTrackNSE	MINSTONE_TRACK_NSE	FLOOR	MINERAL	TRACK	NSE	64	0xe79fd4	0	0xe79fd4
classic	571	MineralFloorTrackNSW	MINSTONE_TRACK_NSW	FLOOR	MINERAL	TRACK	NSW	65	0xe7a0a9	0	0xe7a0a9
classic	572	MineralFloorTrackNEW	MINSTONE_TRACK_NEW	FLOOR	MINERAL	TRACK	NEW	66	0xe7a17e	0	0xe7a17e
classic	573	MineralFloorTrackSEW	MINSTONE_TRACK_SEW	FLOOR	MINERAL	TRACK	SEW	67	0xe7a253	0	0xe7a253
classic	574	MineralFloorTrackNSEW	MINSTONE_TRACK_NSEW	FLOOR	MINERAL	TRACK	NSEW	68	0xe7a328	0	0xe7a328
classic	575	FrozenFloorTrackN	FROZEN_LIQUID_TRACK_N	FLOOR	FROZEN_LIQUID	TRACK	N	69	0xe79843	0	0xe79843
classic	576	FrozenFloorTrackS	FROZEN_LIQUID_TRACK_S	FLOOR	FROZEN_LIQUID	TRACK	S	70	0xe79918	0	0xe79918
classic	577	FrozenFloorTrackE	FROZEN_LIQUID_TRACK_E	FLOOR	FROZEN_LIQUID	TRACK	E	71	0xe799ed	0	0xe799ed
classic	578	FrozenFloorTrackW	FROZEN_LIQUID_TRACK_W	FLOOR	FROZEN_LIQUID	TRACK	W	72	0xe79ac2	0	0xe79ac2
classic	579	FrozenFloorTrackNS	FROZEN_LIQUID_TRACK_NS	FLOOR	FROZEN_LIQUID	TRACK	NS	73	0xe79b97	0	0xe79b97
classic	580	FrozenFloorTrackNE	FROZEN_LIQUID_TRACK_NE	FLOOR	FROZEN_LIQUID	TRACK	NE	74	0xe79c6c	0	0xe79c6c
classic	581	FrozenFloorTrackNW	FROZEN_LIQUID_TRACK_NW	FLOOR	FROZEN_LIQUID	TRACK	NW	75	0xe79d41	0	0xe79d41
classic	582	FrozenFloorTrackSE	FROZEN_LIQUID_TRACK_SE	FLOOR	FROZEN_LIQUID	TRACK	SE	76	0xe79e16	0	0xe79e16
classic	583	FrozenFloorTrackSW	FROZEN_LIQUID_TRACK_SW	FLOOR	FROZEN_LIQUID	TRACK	SW	77	0xe79eeb	0	0xe79eeb
classic	584	FrozenFloorTrackEW	FROZEN_LIQUID_TRACK_EW	FLOOR	FROZEN_LIQUID	TRACK	EW	78	0xe79fc0	0	0xe79fc0
classic	585	FrozenFloorTrackNSE	FROZEN_LIQUID_TRACK_NSE	FLOOR	FROZEN_LIQUID	TRACK	NSE	79	0xe7a095	0	0xe7a095
classic	586	FrozenFloorTrackNSW	FROZEN_LIQUID_TRACK_NSW	FLOOR	FROZEN_LIQUID	TRACK	NSW	80	0xe7a16a	0	0xe7a16a
classic	587	FrozenFloorTrackNEW	FROZEN_LIQUID_TRACK_NEW	FLOOR	FROZEN_LIQUID	TRACK	NEW	81	0xe7a23f	0	0xe7a23f
classic	588	FrozenFloorTrackSEW	FROZEN_LIQUID_TRACK_SEW	FLOOR	FROZEN_LIQUID	TRACK	SEW	82	0xe7a314	0	0xe7a314
classic	589	FrozenFloorTrackNSEW	FROZEN_LIQUID_TRACK_NSEW	FLOOR	FROZEN_LIQUID	TRACK	NSEW	83	0xe7a3e9	0	0xe7a3e9
classic	590	ConstructedFloorTrackN	CONSTRUCTED_TRACK_N	FLOOR	CONSTRUCTION	TRACK	N	84	0xe79812	0	0xe79812
classic	591	ConstructedFloorTrackS	CONSTRUCTED_TRACK_S	FLOOR	CONSTRUCTION	TRACK	S	85	0xe798e7	0	0xe798e7
classic	592	ConstructedFloorTrackE	CONSTRUCTED_TRACK_E	FLOOR	CONSTRUCTION	TRACK	E	86	0xe799bc	0	0xe799bc
classic	593	ConstructedFloorTrackW	CONSTRUCTED_TRACK_W	FLOOR	CONSTRUCTION	TRACK	W	87	0xe79a91	0	0xe79a91
classic	594	ConstructedFloorTrackNS	CONSTRUCTED_TRACK_NS	FLOOR	CONSTRUCTION	TRACK	NS	88	0xe79b66	0	0xe79b66
classic	595	ConstructedFloorTrackNE	CONSTRUCTED_TRACK_NE	FLOOR	CONSTRUCTION	TRACK	NE	89	0xe79c3b	0	0xe79c3b
classic	596	ConstructedFloorTrackNW	CONSTRUCTED_TRACK_NW	FLOOR	CONSTRUCTION	TRACK	NW	90	0xe79d10	0	0xe79d10
classic	597	ConstructedFloorTrackSE	CONSTRUCTED_TRACK_SE	FLOOR	CONSTRUCTION	TRACK	SE	91	0xe79de5	0	0xe79de5
classic	598	ConstructedFloorTrackSW	CONSTRUCTED_TRACK_SW	FLOOR	CONSTRUCTION	TRACK	SW	92	0xe79eba	0	0xe79eba
classic	599	ConstructedFloorTrackEW	CONSTRUCTED_TRACK_EW	FLOOR	CONSTRUCTION	TRACK	EW	93	0xe79f8f	0	0xe79f8f
classic	600	ConstructedFloorTrackNSE	CONSTRUCTED_TRACK_NSE	FLOOR	CONSTRUCTION	TRACK	NSE	94	0xe7a064	0	0xe7a064
classic	601	ConstructedFloorTrackNSW	CONSTRUCTED_TRACK_NSW	FLOOR	CONSTRUCTION	TRACK	NSW	95	0xe7a139	0	0xe7a139
classic	602	ConstructedFloorTrackNEW	CONSTRUCTED_TRACK_NEW	FLOOR	CONSTRUCTION	TRACK	NEW	96	0xe7a20e	0	0xe7a20e
classic	603	ConstructedFloorTrackSEW	CONSTRUCTED_TRACK_SEW	FLOOR	CONSTRUCTION	TRACK	SEW	97	0xe7a2e3	0	0xe7a2e3
classic	604	ConstructedFloorTrackNSEW	CONSTRUCTED_TRACK_NSEW	FLOOR	CONSTRUCTION	TRACK	NSEW	98	0xe7a3b8	0	0xe7a3b8
classic	605	StoneRampTrackN	RAMP_STONE_TRACK_N	RAMP	STONE	TRACK	N	99	0xe7b8b0	0	0xe7b8b0
classic	606	StoneRampTrackS	RAMP_STONE_TRACK_S	RAMP	STONE	TRACK	S	100	0xe7b9f7	0	0xe7b9f7
classic	607	StoneRampTrackE	RAMP_STONE_TRACK_E	RAMP	STONE	TRACK	E	101	0xe7bb3e	0	0xe7bb3e
classic	608	StoneRampTrackW	RAMP_STONE_TRACK_W	RAMP	STONE	TRACK	W	102	0xe7bc85	0	0xe7bc85
classic	609	StoneRampTrackNS	RAMP_STONE_TRACK_NS	RAMP	STONE	TRACK	NS	103	0xe7bdcc	0	0xe7bdcc
classic	610	StoneRampTrackNE	RAMP_STONE_TRACK_NE	RAMP	STONE	TRACK	NE	104	0xe7bf13	0	0xe7bf13
classic	611	StoneRampTrackNW	RAMP_STONE_TRACK_NW	RAMP	STONE	TRACK	NW	105	0xe7c05a	0	0xe7c05a
classic	612	StoneRampTrackSE	RAMP_STONE_TRACK_SE	RAMP	STONE	TRACK	SE	106	0xe7c1a1	0	0xe7c1a1
classic	613	StoneRampTrackSW	RAMP_STONE_TRACK_SW	RAMP	STONE	TRACK	SW	107	0xe7c2e8	0	0xe7c2e8
classic	614	StoneRampTrackEW	RAMP_STONE_TRACK_EW	RAMP	STONE	TRACK	EW	108	0xe7c42f	0	0xe7c42f
classic	615	StoneRampTrackNSE	RAMP_STONE_TRACK_NSE	RAMP	STONE	TRACK	NSE	109	0xe7c576	0	0xe7c576
classic	616	StoneRampTrackNSW	RAMP_STONE_TRACK_NSW	RAMP	STONE	TRACK	NSW	110	0xe7c6bd	0	0xe7c6bd
classic	617	StoneRampTrackNEW	RAMP_STONE_TRACK_NEW	RAMP	STONE	TRACK	NEW	111	0xe7c804	0	0xe7c804
classic	618	StoneRampTrackSEW	RAMP_STONE_TRACK_SEW	RAMP	STONE	TRACK	SEW	112	0xe7c94b	0	0xe7c94b
classic	619	StoneRampTrackNSEW	RAMP_STONE_TRACK_NSEW	RAMP	STONE	TRACK	NSEW	113	0xe7ca92	0	0xe7ca92
classic	620	LavaRampTrackN	RAMP_LAVASTONE_TRACK_N	RAMP	LAVA_STONE	TRACK	N	99	0xe7b8b0	0	0xe7b8b0
classic	621	LavaRampTrackS	RAMP_LAVASTONE_TRACK_S	RAMP	LAVA_STONE	TRACK	S	100	0xe7b9f7	0	0xe7b9f7
classic	622	LavaRampTrackE	RAMP_LAVASTONE_TRACK_E	RAMP	LAVA_STONE	TRACK	E	101	0xe7bb3e	0	0xe7bb3e
classic	623	LavaRampTrackW	RAMP_LAVASTONE_TRACK_W	RAMP	LAVA_STONE	TRACK	W	102	0xe7bc85	0	0xe7bc85
classic	624	LavaRampTrackNS	RAMP_LAVASTONE_TRACK_NS	RAMP	LAVA_STONE	TRACK	NS	103	0xe7bdcc	0	0xe7bdcc
classic	625	LavaRampTrackNE	RAMP_LAVASTONE_TRACK_NE	RAMP	LAVA_STONE	TRACK	NE	104	0xe7bf13	0	0xe7bf13
classic	626	LavaRampTrackNW	RAMP_LAVASTONE_TRACK_NW	RAMP	LAVA_STONE	TRACK	NW	105	0xe7c05a	0	0xe7c05a
classic	627	LavaRampTrackSE	RAMP_LAVASTONE_TRACK_SE	RAMP	LAVA_STONE	TRACK	SE	106	0xe7c1a1	0	0xe7c1a1
classic	628	LavaRampTrackSW	RAMP_LAVASTONE_TRACK_SW	RAMP	LAVA_STONE	TRACK	SW	107	0xe7c2e8	0	0xe7c2e8
classic	629	LavaRampTrackEW	RAMP_LAVASTONE_TRACK_EW	RAMP	LAVA_STONE	TRACK	EW	108	0xe7c42f	0	0xe7c42f
classic	630	LavaRampTrackNSE	RAMP_LAVASTONE_TRACK_NSE	RAMP	LAVA_STONE	TRACK	NSE	109	0xe7c576	0	0xe7c576
classic	631	LavaRampTrackNSW	RAMP_LAVASTONE_TRACK_NSW	RAMP	LAVA_STONE	TRACK	NSW	110	0xe7c6bd	0	0xe7c6bd
classic	632	LavaRampTrackNEW	RAMP_LAVASTONE_TRACK_NEW	RAMP	LAVA_STONE	TRACK	NEW	111	0xe7c804	0	0xe7c804
classic	633	LavaRampTrackSEW	RAMP_LAVASTONE_TRACK_SEW	RAMP	LAVA_STONE	TRACK	SEW	112	0xe7c94b	0	0xe7c94b
classic	634	LavaRampTrackNSEW	RAMP_LAVASTONE_TRACK_NSEW	RAMP	LAVA_STONE	TRACK	NSEW	113	0xe7ca92	0	0xe7ca92
classic	635	FeatureRampTrackN	RAMP_FEATSTONE_TRACK_N	RAMP	FEATURE	TRACK	N	99	0xe7b8b0	0	0xe7b8b0
classic	636	FeatureRampTrackS	RAMP_FEATSTONE_TRACK_S	RAMP	FEATURE	TRACK	S	100	0xe7b9f7	0	0xe7b9f7
classic	637	FeatureRampTrackE	RAMP_FEATSTONE_TRACK_E	RAMP	FEATURE	TRACK	E	101	0xe7bb3e	0	0xe7bb3e
classic	638	FeatureRampTrackW	RAMP_FEATSTONE_TRACK_W	RAMP	FEATURE	TRACK	W	102	0xe7bc85	0	0xe7bc85
classic	639	FeatureRampTrackNS	RAMP_FEATSTONE_TRACK_NS	RAMP	FEATURE	TRACK	NS	103	0xe7bdcc	0	0xe7bdcc
classic	640	FeatureRampTrackNE	RAMP_FEATSTONE_TRACK_NE	RAMP	FEATURE	TRACK	NE	104	0xe7bf13	0	0xe7bf13
classic	641	FeatureRampTrackNW	RAMP_FEATSTONE_TRACK_NW	RAMP	FEATURE	TRACK	NW	105	0xe7c05a	0	0xe7c05a
classic	642	FeatureRampTrackSE	RAMP_FEATSTONE_TRACK_SE	RAMP	FEATURE	TRACK	SE	106	0xe7c1a1	0	0xe7c1a1
classic	643	FeatureRampTrackSW	RAMP_FEATSTONE_TRACK_SW	RAMP	FEATURE	TRACK	SW	107	0xe7c2e8	0	0xe7c2e8
classic	644	FeatureRampTrackEW	RAMP_FEATSTONE_TRACK_EW	RAMP	FEATURE	TRACK	EW	108	0xe7c42f	0	0xe7c42f
classic	645	FeatureRampTrackNSE	RAMP_FEATSTONE_TRACK_NSE	RAMP	FEATURE	TRACK	NSE	109	0xe7c576	0	0xe7c576
classic	646	FeatureRampTrackNSW	RAMP_FEATSTONE_TRACK_NSW	RAMP	FEATURE	TRACK	NSW	110	0xe7c6bd	0	0xe7c6bd
classic	647	FeatureRampTrackNEW	RAMP_FEATSTONE_TRACK_NEW	RAMP	FEATURE	TRACK	NEW	111	0xe7c804	0	0xe7c804
classic	648	FeatureRampTrackSEW	RAMP_FEATSTONE_TRACK_SEW	RAMP	FEATURE	TRACK	SEW	112	0xe7c94b	0	0xe7c94b
classic	649	FeatureRampTrackNSEW	RAMP_FEATSTONE_TRACK_NSEW	RAMP	FEATURE	TRACK	NSEW	113	0xe7ca92	0	0xe7ca92
classic	650	MineralRampTrackN	RAMP_MINSTONE_TRACK_N	RAMP	MINERAL	TRACK	N	99	0xe7b8b0	0	0xe7b8b0
classic	651	MineralRampTrackS	RAMP_MINSTONE_TRACK_S	RAMP	MINERAL	TRACK	S	100	0xe7b9f7	0	0xe7b9f7
classic	652	MineralRampTrackE	RAMP_MINSTONE_TRACK_E	RAMP	MINERAL	TRACK	E	101	0xe7bb3e	0	0xe7bb3e
classic	653	MineralRampTrackW	RAMP_MINSTONE_TRACK_W	RAMP	MINERAL	TRACK	W	102	0xe7bc85	0	0xe7bc85
classic	654	MineralRampTrackNS	RAMP_MINSTONE_TRACK_NS	RAMP	MINERAL	TRACK	NS	103	0xe7bdcc	0	0xe7bdcc
classic	655	MineralRampTrackNE	RAMP_MINSTONE_TRACK_NE	RAMP	MINERAL	TRACK	NE	104	0xe7bf13	0	0xe7bf13
classic	656	MineralRampTrackNW	RAMP_MINSTONE_TRACK_NW	RAMP	MINERAL	TRACK	NW	105	0xe7c05a	0	0xe7c05a
classic	657	MineralRampTrackSE	RAMP_MINSTONE_TRACK_SE	RAMP	MINERAL	TRACK	SE	106	0xe7c1a1	0	0xe7c1a1
classic	658	MineralRampTrackSW	RAMP_MINSTONE_TRACK_SW	RAMP	MINERAL	TRACK	SW	107	0xe7c2e8	0	0xe7c2e8
classic	659	MineralRampTrackEW	RAMP_MINSTONE_TRACK_EW	RAMP	MINERAL	TRACK	EW	108	0xe7c42f	0	0xe7c42f
classic	660	MineralRampTrackNSE	RAMP_MINSTONE_TRACK_NSE	RAMP	MINERAL	TRACK	NSE	109	0xe7c576	0	0xe7c576
classic	661	MineralRampTrackNSW	RAMP_MINSTONE_TRACK_NSW	RAMP	MINERAL	TRACK	NSW	110	0xe7c6bd	0	0xe7c6bd
classic	662	MineralRampTrackNEW	RAMP_MINSTONE_TRACK_NEW	RAMP	MINERAL	TRACK	NEW	111	0xe7c804	0	0xe7c804
classic	663	MineralRampTrackSEW	RAMP_MINSTONE_TRACK_SEW	RAMP	MINERAL	TRACK	SEW	112	0xe7c94b	0	0xe7c94b
classic	664	MineralRampTrackNSEW	RAMP_MINSTONE_TRACK_NSEW	RAMP	MINERAL	TRACK	NSEW	113	0xe7ca92	0	0xe7ca92
classic	665	FrozenRampTrackN	RAMP_FROZEN_LIQUID_TRACK_N	RAMP	FROZEN_LIQUID	TRACK	N	114	0xe7b9bd	0	0xe7b9bd
classic	666	FrozenRampTrackS	RAMP_FROZEN_LIQUID_TRACK_S	RAMP	FROZEN_LIQUID	TRACK	S	115	0xe7bb04	0	0xe7bb04
classic	667	FrozenRampTrackE	RAMP_FROZEN_LIQUID_TRACK_E	RAMP	FROZEN_LIQUID	TRACK	E	116	0xe7bc4b	0	0xe7bc4b
classic	668	FrozenRampTrackW	RAMP_FROZEN_LIQUID_TRACK_W	RAMP	FROZEN_LIQUID	TRACK	W	117	0xe7bd92	0	0xe7bd92
classic	669	FrozenRampTrackNS	RAMP_FROZEN_LIQUID_TRACK_NS	RAMP	FROZEN_LIQUID	TRACK	NS	118	0xe7bed9	0	0xe7bed9
classic	670	FrozenRampTrackNE	RAMP_FROZEN_LIQUID_TRACK_NE	RAMP	FROZEN_LIQUID	TRACK	NE	119	0xe7c020	0	0xe7c020
classic	671	FrozenRampTrackNW	RAMP_FROZEN_LIQUID_TRACK_NW	RAMP	FROZEN_LIQUID	TRACK	NW	120	0xe7c167	0	0xe7c167
classic	672	FrozenRampTrackSE	RAMP_FROZEN_LIQUID_TRACK_SE	RAMP	FROZEN_LIQUID	TRACK	SE	121	0xe7c2ae	0	0xe7c2ae
classic	673	FrozenRampTrackSW	RAMP_FROZEN_LIQUID_TRACK_SW	RAMP	FROZEN_LIQUID	TRACK	SW	122	0xe7c3f5	0	0xe7c3f5
classic	674	FrozenRampTrackEW	RAMP_FROZEN_LIQUID_TRACK_EW	RAMP	FROZEN_LIQUID	TRACK	EW	123	0xe7c53c	0	0xe7c53c
classic	675	FrozenRampTrackNSE	RAMP_FROZEN_LIQUID_TRACK_NSE	RAMP	FROZEN_LIQUID	TRACK	NSE	124	0xe7c683	0	0xe7c683
classic	676	FrozenRampTrackNSW	RAMP_FROZEN_LIQUID_TRACK_NSW	RAMP	FROZEN_LIQUID	TRACK	NSW	125	0xe7c7ca	0	0xe7c7ca
classic	677	FrozenRampTrackNEW	RAMP_FROZEN_LIQUID_TRACK_NEW	RAMP	FROZEN_LIQUID	TRACK	NEW	126	0xe7c911	0	0xe7c911
classic	678	FrozenRampTrackSEW	RAMP_FROZEN_LIQUID_TRACK_SEW	RAMP	FROZEN_LIQUID	TRACK	SEW	127	0xe7ca58	0	0xe7ca58
classic	679	FrozenRampTrackNSEW	RAMP_FROZEN_LIQUID_TRACK_NSEW	RAMP	FROZEN_LIQUID	TRACK	NSEW	128	0xe7cb9f	0	0xe7cb9f
classic	680	ConstructedRampTrackN	RAMP_CONSTRUCTED_TRACK_N	RAMP	CONSTRUCTION	TRACK	N	129	0xe7b966	0	0xe7b966
classic	681	ConstructedRampTrackS	RAMP_CONSTRUCTED_TRACK_S	RAMP	CONSTRUCTION	TRACK	S	130	0xe7baad	0	0xe7baad
classic	682	ConstructedRampTrackE	RAMP_CONSTRUCTED_TRACK_E	RAMP	CONSTRUCTION	TRACK	E	131	0xe7bbf4	0	0xe7bbf4
classic	683	ConstructedRampTrackW	RAMP_CONSTRUCTED_TRACK_W	RAMP	CONSTRUCTION	TRACK	W	132	0xe7bd3b	0	0xe7bd3b
classic	684	ConstructedRampTrackNS	RAMP_CONSTRUCTED_TRACK_NS	RAMP	CONSTRUCTION	TRACK	NS	133	0xe7be82	0	0xe7be82
classic	685	ConstructedRampTrackNE	RAMP_CONSTRUCTED_TRACK_NE	RAMP	CONSTRUCTION	TRACK	NE	134	0xe7bfc9	0	0xe7bfc9
classic	686	ConstructedRampTrackNW	RAMP_CONSTRUCTED_TRACK_NW	RAMP	CONSTRUCTION	TRACK	NW	135	0xe7c110	0	0xe7c110
classic	687	ConstructedRampTrackSE	RAMP_CONSTRUCTED_TRACK_SE	RAMP	CONSTRUCTION	TRACK	SE	136	0xe7c257	0	0xe7c257
classic	688	ConstructedRampTrackSW	RAMP_CONSTRUCTED_TRACK_SW	RAMP	CONSTRUCTION	TRACK	SW	137	0xe7c39e	0	0xe7c39e
classic	689	ConstructedRampTrackEW	RAMP_CONSTRUCTED_TRACK_EW	RAMP	CONSTRUCTION	TRACK	EW	138	0xe7c4e5	0	0xe7c4e5
classic	690	ConstructedRampTrackNSE	RAMP_CONSTRUCTED_TRACK_NSE	RAMP	CONSTRUCTION	TRACK	NSE	139	0xe7c62c	0	0xe7c62c
classic	691	ConstructedRampTrackNSW	RAMP_CONSTRUCTED_TRACK_NSW	RAMP	CONSTRUCTION	TRACK	NSW	140	0xe7c773	0	0xe7c773
classic	692	ConstructedRampTrackNEW	RAMP_CONSTRUCTED_TRACK_NEW	RAMP	CONSTRUCTION	TRACK	NEW	141	0xe7c8ba	0	0xe7c8ba
classic	693	ConstructedRampTrackSEW	RAMP_CONSTRUCTED_TRACK_SEW	RAMP	CONSTRUCTION	TRACK	SEW	142	0xe7ca01	0	0xe7ca01
classic	694	ConstructedRampTrackNSEW	RAMP_CONSTRUCTED_TRACK_NSEW	RAMP	CONSTRUCTION	TRACK	NSEW	143	0xe7cb48	0	0xe7cb48
classic	695	Unused695	UNUSED_695	NONE	NONE	NONE	--------	out-of-range	0xe7dd51	0	0xe7dd51
classic	696	Unused696	UNUSED_696	NONE	NONE	NONE	--------	out-of-range	0xe7dd51	0	0xe7dd51
