edition	owner	function_rva	instruction_rva	instruction	target
steam	take-from-pack-animal-caption	0x8932c0	0x89330d	call	0x6f8d0
steam	take-from-pack-animal-caption	0x8932c0	0x89333e	call	0xc65450
steam	take-from-pack-animal-caption	0x8932c0	0x893358	call	0x6fa10
steam	take-from-pack-animal-caption	0x8932c0	0x893392	call	QWORD PTR [rax+0x10]
steam	take-from-pack-animal-caption	0x8932c0	0x8933a5	call	QWORD PTR [rax+0x20]
steam	take-from-pack-animal-caption	0x8932c0	0x8933bc	call	0x1367430
steam	take-from-pack-animal-caption	0x8932c0	0x8933c1	jmp	0x89343a
steam	take-from-pack-animal-caption	0x8932c0	0x8933c9	call	QWORD PTR [rax+0x18]
steam	take-from-pack-animal-caption	0x8932c0	0x8933d5	jmp	0x893387
steam	take-from-pack-animal-caption	0x8932c0	0x8933e6	call	0xc8baa0
steam	take-from-pack-animal-caption	0x8932c0	0x8933eb	jmp	0x89343a
steam	take-from-pack-animal-caption	0x8932c0	0x893406	jmp	0x8933f5
steam	take-from-pack-animal-caption	0x8932c0	0x893420	jmp	0x893436
steam	take-from-pack-animal-caption	0x8932c0	0x893460	call	0x6fa10
steam	take-from-pack-animal-caption	0x8932c0	0x89348b	call	0x1330c30
steam	take-from-pack-animal-caption	0x8932c0	0x8934a5	call	0x6fa10
steam	take-from-pack-animal-caption	0x8932c0	0x8934dd	call	QWORD PTR [rip+0xd52645]        # 0x1415e5b28
steam	take-from-pack-animal-caption	0x8932c0	0x8934e4	call	0x1539680
steam	take-from-pack-animal-caption	0x8932c0	0x893531	call	0x6fa10
steam	take-from-pack-animal-caption	0x8932c0	0x89356f	call	0x74f220
steam	take-from-pack-animal-caption	0x8932c0	0x893584	call	0x6fa10
steam	take-from-pack-animal-caption	0x8932c0	0x8935bc	call	QWORD PTR [rip+0xd52566]        # 0x1415e5b28
steam	take-from-pack-animal-caption	0x8932c0	0x8935c3	call	0x1539680
steam	take-from-pack-animal-caption	0x8932c0	0x8935cf	call	0x1539660
steam	shared-item-noun	0xa82c10	0xa82cf2	jmp	0xa82d08
steam	shared-item-noun	0xa82c10	0xa82d00	jmp	0xa82d08
steam	shared-item-noun	0xa82c10	0xa82d18	call	0x1360ec0
steam	shared-item-noun	0xa82c10	0xa82d37	jmp	0xa82d49
steam	shared-item-noun	0xa82c10	0xa82d96	call	0x6fa10
steam	shared-item-noun	0xa82c10	0xa82de3	jmp	rax
steam	shared-item-noun	0xa82c10	0xa82e1e	call	0x14d1920
steam	shared-item-noun	0xa82c10	0xa82e3b	call	0x6fa10
steam	shared-item-noun	0xa82c10	0xa82e4f	call	0xb9b80
steam	shared-item-noun	0xa82c10	0xa82e54	jmp	0xa82e60
steam	shared-item-noun	0xa82c10	0xa82e70	call	0x6fa10
steam	shared-item-noun	0xa82c10	0xa82e75	jmp	0xa8806b
steam	shared-item-noun	0xa82c10	0xa82eac	call	0x14d1920
steam	shared-item-noun	0xa82c10	0xa82ec9	call	0x6fa10
steam	shared-item-noun	0xa82c10	0xa82ed3	call	0xb9b80
steam	shared-item-noun	0xa82c10	0xa82ee8	call	0x6fa10
steam	shared-item-noun	0xa82c10	0xa82f07	call	0x6fa10
steam	shared-item-noun	0xa82c10	0xa82f0c	jmp	0xa8806b
steam	shared-item-noun	0xa82c10	0xa82f27	call	0x6fa10
steam	shared-item-noun	0xa82c10	0xa82f2c	jmp	0xa8806b
steam	shared-item-noun	0xa82c10	0xa82f40	call	0x6f560
steam	shared-item-noun	0xa82c10	0xa82f45	jmp	0xa8806b
steam	shared-item-noun	0xa82c10	0xa82f59	call	0x6f560
steam	shared-item-noun	0xa82c10	0xa82f5e	jmp	0xa8806b
steam	shared-item-noun	0xa82c10	0xa82f72	call	0x6f560
steam	shared-item-noun	0xa82c10	0xa82f77	jmp	0xa8806b
steam	shared-item-noun	0xa82c10	0xa82f94	call	0x6f560
steam	shared-item-noun	0xa82c10	0xa82f99	jmp	0xa8806b
steam	shared-item-noun	0xa82c10	0xa82fa2	call	0x6f690
steam	shared-item-noun	0xa82c10	0xa82fb2	call	0x6f560
steam	shared-item-noun	0xa82c10	0xa82fce	call	0x14d1790
steam	shared-item-noun	0xa82c10	0xa82fda	call	0xb9d10
steam	shared-item-noun	0xa82c10	0xa82fe4	call	0x6f850
steam	shared-item-noun	0xa82c10	0xa82fe9	jmp	0xa8806b
steam	shared-item-noun	0xa82c10	0xa83033	jmp	0xa83037
steam	shared-item-noun	0xa82c10	0xa8303f	jmp	0xa8307f
steam	shared-item-noun	0xa82c10	0xa83051	call	0x6fa10
steam	shared-item-noun	0xa82c10	0xa83056	jmp	0xa8307c
steam	shared-item-noun	0xa82c10	0xa83068	call	0x6fa10
steam	shared-item-noun	0xa82c10	0xa830b8	call	0x14d1920
steam	shared-item-noun	0xa82c10	0xa830d2	call	0x6fa10
steam	shared-item-noun	0xa82c10	0xa830e1	call	0xb9b80
steam	shared-item-noun	0xa82c10	0xa8311d	call	0x1539680
steam	shared-item-noun	0xa82c10	0xa83148	call	0x6fa10
steam	shared-item-noun	0xa82c10	0xa83168	call	0x6f8d0
steam	shared-item-noun	0xa82c10	0xa8316d	jmp	0xa8806b
steam	shared-item-noun	0xa82c10	0xa83180	call	0x6f690
steam	shared-item-noun	0xa82c10	0xa83197	call	0x14d16f0
steam	shared-item-noun	0xa82c10	0xa831a3	call	0xb9d10
steam	shared-item-noun	0xa82c10	0xa831ad	call	0x6f850
steam	shared-item-noun	0xa82c10	0xa831b2	jmp	0xa8806b
steam	shared-item-noun	0xa82c10	0xa831c1	call	0x6f560
steam	shared-item-noun	0xa82c10	0xa831c6	jmp	0xa8806b
steam	shared-item-noun	0xa82c10	0xa831e7	call	0x6f560
steam	shared-item-noun	0xa82c10	0xa831ec	jmp	0xa8806b
steam	shared-item-noun	0xa82c10	0xa831f8	call	0x6f690
steam	shared-item-noun	0xa82c10	0xa83223	call	0x14d1920
steam	shared-item-noun	0xa82c10	0xa83232	call	0xb9d10
steam	shared-item-noun	0xa82c10	0xa8323f	call	0x6f850
steam	shared-item-noun	0xa82c10	0xa83244	jmp	0xa8806b
steam	shared-item-noun	0xa82c10	0xa83264	call	0x6f690
steam	shared-item-noun	0xa82c10	0xa83294	call	0x14d1920
steam	shared-item-noun	0xa82c10	0xa832a3	call	0xb9d10
steam	shared-item-noun	0xa82c10	0xa832b0	call	0x6f850
steam	shared-item-noun	0xa82c10	0xa832b5	jmp	0xa8806b
steam	shared-item-noun	0xa82c10	0xa832c4	call	0x6f560
steam	shared-item-noun	0xa82c10	0xa832c9	jmp	0xa8806b
steam	shared-item-noun	0xa82c10	0xa832dd	call	0x6f560
steam	shared-item-noun	0xa82c10	0xa832e2	jmp	0xa8806b
steam	shared-item-noun	0xa82c10	0xa832fc	call	0x6f560
steam	shared-item-noun	0xa82c10	0xa83301	jmp	0xa8806b
steam	shared-item-noun	0xa82c10	0xa83315	call	0x6f560
steam	shared-item-noun	0xa82c10	0xa83324	call	0x6f560
steam	shared-item-noun	0xa82c10	0xa83329	jmp	0xa8806b
steam	shared-item-noun	0xa82c10	0xa83335	call	0x6f690
steam	shared-item-noun	0xa82c10	0xa83365	call	0x14d1920
steam	shared-item-noun	0xa82c10	0xa83374	call	0xb9d10
steam	shared-item-noun	0xa82c10	0xa83381	call	0x6f850
steam	shared-item-noun	0xa82c10	0xa833be	jmp	0xa833c2
steam	shared-item-noun	0xa82c10	0xa833d4	call	0x6f560
steam	shared-item-noun	0xa82c10	0xa833d9	jmp	0xa8806b
steam	shared-item-noun	0xa82c10	0xa83448	call	QWORD PTR [rax+0x748]
steam	shared-item-noun	0xa82c10	0xa8348a	call	0x14e1ec0
steam	shared-item-noun	0xa82c10	0xa834a8	call	0x6fa10
steam	shared-item-noun	0xa82c10	0xa834ad	jmp	0xa83575
steam	shared-item-noun	0xa82c10	0xa834c2	call	0x6f560
steam	shared-item-noun	0xa82c10	0xa834c7	jmp	0xa83575
steam	shared-item-noun	0xa82c10	0xa834db	call	0x6f560
steam	shared-item-noun	0xa82c10	0xa834e0	jmp	0xa83575
steam	shared-item-noun	0xa82c10	0xa834f4	call	0x6f560
steam	shared-item-noun	0xa82c10	0xa834f9	jmp	0xa83575
steam	shared-item-noun	0xa82c10	0xa8350a	call	0x6f560
steam	shared-item-noun	0xa82c10	0xa8350f	jmp	0xa83575
steam	shared-item-noun	0xa82c10	0xa83525	call	0x6f560
steam	shared-item-noun	0xa82c10	0xa8352a	jmp	0xa83575
steam	shared-item-noun	0xa82c10	0xa83533	call	0x6f690
steam	shared-item-noun	0xa82c10	0xa83553	call	0x14d1790
steam	shared-item-noun	0xa82c10	0xa83562	call	0xb9d10
steam	shared-item-noun	0xa82c10	0xa8356f	call	0x6f850
steam	shared-item-noun	0xa82c10	0xa835ab	call	0x1539680
steam	shared-item-noun	0xa82c10	0xa835c0	jmp	0xa8806b
steam	shared-item-noun	0xa82c10	0xa835f7	call	0x14d1920
steam	shared-item-noun	0xa82c10	0xa83614	call	0x6fa10
steam	shared-item-noun	0xa82c10	0xa8361e	call	0xb9b80
steam	shared-item-noun	0xa82c10	0xa83630	call	0x14add70
steam	shared-item-noun	0xa82c10	0xa8364e	call	0xb9d10
steam	shared-item-noun	0xa82c10	0xa83653	jmp	0xa8806b
steam	shared-item-noun	0xa82c10	0xa8365f	call	0x6f560
steam	shared-item-noun	0xa82c10	0xa83664	jmp	0xa8806b
steam	shared-item-noun	0xa82c10	0xa83676	call	0x6fa10
steam	shared-item-noun	0xa82c10	0xa8367b	jmp	0xa8806b
steam	shared-item-noun	0xa82c10	0xa836b2	call	0x14d1920
steam	shared-item-noun	0xa82c10	0xa836cf	call	0x6fa10
steam	shared-item-noun	0xa82c10	0xa836d9	call	0xb9b80
steam	shared-item-noun	0xa82c10	0xa836eb	call	0x14add70
steam	shared-item-noun	0xa82c10	0xa8370d	jmp	0xa83711
steam	shared-item-noun	0xa82c10	0xa83731	jmp	0xa88053
steam	shared-item-noun	0xa82c10	0xa83768	call	0x14d1920
steam	shared-item-noun	0xa82c10	0xa83785	call	0x6fa10
steam	shared-item-noun	0xa82c10	0xa8378f	call	0xb9b80
steam	shared-item-noun	0xa82c10	0xa837a1	jmp	0xa88053
steam	shared-item-noun	0xa82c10	0xa837d8	call	0x14d1920
steam	shared-item-noun	0xa82c10	0xa837f5	call	0x6fa10
steam	shared-item-noun	0xa82c10	0xa837ff	call	0xb9b80
steam	shared-item-noun	0xa82c10	0xa83811	jmp	0xa88053
steam	shared-item-noun	0xa82c10	0xa83848	call	0x14d1920
steam	shared-item-noun	0xa82c10	0xa83865	call	0x6fa10
steam	shared-item-noun	0xa82c10	0xa8386f	call	0xb9b80
steam	shared-item-noun	0xa82c10	0xa83881	jmp	0xa88053
steam	shared-item-noun	0xa82c10	0xa838b8	call	0x14d1920
steam	shared-item-noun	0xa82c10	0xa838d5	call	0x6fa10
steam	shared-item-noun	0xa82c10	0xa838df	call	0xb9b80
steam	shared-item-noun	0xa82c10	0xa838f1	jmp	0xa88053
steam	shared-item-noun	0xa82c10	0xa83928	call	0x14d1920
steam	shared-item-noun	0xa82c10	0xa83945	call	0x6fa10
steam	shared-item-noun	0xa82c10	0xa8394f	call	0xb9b80
steam	shared-item-noun	0xa82c10	0xa83961	jmp	0xa88053
steam	shared-item-noun	0xa82c10	0xa83998	call	0x14d1920
steam	shared-item-noun	0xa82c10	0xa839b5	call	0x6fa10
steam	shared-item-noun	0xa82c10	0xa839bf	call	0xb9b80
steam	shared-item-noun	0xa82c10	0xa839d1	jmp	0xa88053
steam	shared-item-noun	0xa82c10	0xa83a08	call	0x14d1920
steam	shared-item-noun	0xa82c10	0xa83a25	call	0x6fa10
steam	shared-item-noun	0xa82c10	0xa83a2f	call	0xb9b80
steam	shared-item-noun	0xa82c10	0xa83a41	jmp	0xa88053
steam	shared-item-noun	0xa82c10	0xa83a78	call	0x14d1920
steam	shared-item-noun	0xa82c10	0xa83a95	call	0x6fa10
steam	shared-item-noun	0xa82c10	0xa83a9f	call	0xb9b80
steam	shared-item-noun	0xa82c10	0xa83ab1	jmp	0xa88053
steam	shared-item-noun	0xa82c10	0xa83ae8	call	0x14d1920
steam	shared-item-noun	0xa82c10	0xa83b05	call	0x6fa10
steam	shared-item-noun	0xa82c10	0xa83b0f	call	0xb9b80
steam	shared-item-noun	0xa82c10	0xa83b21	call	0x14add70
steam	shared-item-noun	0xa82c10	0xa83b43	jmp	0xa83b47
steam	shared-item-noun	0xa82c10	0xa83b5b	call	0x6fa10
steam	shared-item-noun	0xa82c10	0xa83b71	jmp	0xa83bca
steam	shared-item-noun	0xa82c10	0xa83b8a	call	0x145bee0
steam	shared-item-noun	0xa82c10	0xa83b9a	jmp	0xa83ba9
steam	shared-item-noun	0xa82c10	0xa83bac	call	0x6f560
steam	shared-item-noun	0xa82c10	0xa83bbb	jmp	0xa83bd2
steam	shared-item-noun	0xa82c10	0xa83bcd	call	0x6f560
steam	shared-item-noun	0xa82c10	0xa83be2	call	0x6fa10
steam	shared-item-noun	0xa82c10	0xa83be7	jmp	0xa8806b
steam	shared-item-noun	0xa82c10	0xa83bf6	call	0x6f560
steam	shared-item-noun	0xa82c10	0xa83bfb	jmp	0xa880a7
steam	shared-item-noun	0xa82c10	0xa83c32	call	0x14d1920
steam	shared-item-noun	0xa82c10	0xa83c4f	call	0x6fa10
steam	shared-item-noun	0xa82c10	0xa83c59	call	0xb9b80
steam	shared-item-noun	0xa82c10	0xa83c6b	jmp	0xa88053
steam	shared-item-noun	0xa82c10	0xa83c89	call	0x6fa10
steam	shared-item-noun	0xa82c10	0xa83c93	call	0xb9b80
steam	shared-item-noun	0xa82c10	0xa83ccd	call	0x14d1920
steam	shared-item-noun	0xa82c10	0xa83cea	call	0x6fa10
steam	shared-item-noun	0xa82c10	0xa83cf4	call	0xb9b80
steam	shared-item-noun	0xa82c10	0xa83d06	jmp	0xa88053
steam	shared-item-noun	0xa82c10	0xa83d7c	call	0xb9d10
steam	shared-item-noun	0xa82c10	0xa83d90	call	0xb9b80
steam	shared-item-noun	0xa82c10	0xa83d9f	call	0xb9d10
steam	shared-item-noun	0xa82c10	0xa83db7	call	0xb9b80
steam	shared-item-noun	0xa82c10	0xa83dc3	jmp	0xa8804d
steam	shared-item-noun	0xa82c10	0xa83dd2	call	0x6f560
steam	shared-item-noun	0xa82c10	0xa83dde	jmp	0xa8804d
steam	shared-item-noun	0xa82c10	0xa83e15	call	0x14d1920
steam	shared-item-noun	0xa82c10	0xa83e22	call	0xb9d10
steam	shared-item-noun	0xa82c10	0xa83e2c	call	0xb9b80
steam	shared-item-noun	0xa82c10	0xa83e41	call	0x6fa10
steam	shared-item-noun	0xa82c10	0xa83e4d	jmp	0xa8804d
steam	shared-item-noun	0xa82c10	0xa83e84	call	0x14d1920
steam	shared-item-noun	0xa82c10	0xa83ea1	call	0x6fa10
steam	shared-item-noun	0xa82c10	0xa83eab	call	0xb9b80
steam	shared-item-noun	0xa82c10	0xa83ebd	jmp	0xa88053
steam	shared-item-noun	0xa82c10	0xa83ef4	call	0x14d1920
steam	shared-item-noun	0xa82c10	0xa83f11	call	0x6fa10
steam	shared-item-noun	0xa82c10	0xa83f1b	call	0xb9b80
steam	shared-item-noun	0xa82c10	0xa83f27	jmp	0xa82edf
steam	shared-item-noun	0xa82c10	0xa83f45	call	0x6fa10
steam	shared-item-noun	0xa82c10	0xa83f4f	call	0xb9b80
steam	shared-item-noun	0xa82c10	0xa83f89	call	0x14d1920
steam	shared-item-noun	0xa82c10	0xa83fa6	call	0x6fa10
steam	shared-item-noun	0xa82c10	0xa83fb0	call	0xb9b80
steam	shared-item-noun	0xa82c10	0xa83fc2	jmp	0xa88053
steam	shared-item-noun	0xa82c10	0xa83ff9	call	0x14d1920
steam	shared-item-noun	0xa82c10	0xa84016	call	0x6fa10
steam	shared-item-noun	0xa82c10	0xa84020	call	0xb9b80
steam	shared-item-noun	0xa82c10	0xa84044	call	0x6f560
steam	shared-item-noun	0xa82c10	0xa84049	jmp	0xa8805b
steam	shared-item-noun	0xa82c10	0xa8405b	call	0x14add70
steam	shared-item-noun	0xa82c10	0xa8407d	jmp	0xa84081
steam	shared-item-noun	0xa82c10	0xa8408f	call	0x6f560
steam	shared-item-noun	0xa82c10	0xa840ad	call	0x6f560
steam	shared-item-noun	0xa82c10	0xa840b2	jmp	0xa8806b
steam	shared-item-noun	0xa82c10	0xa840c1	call	0x6f560
steam	shared-item-noun	0xa82c10	0xa840c6	jmp	0xa8805b
steam	shared-item-noun	0xa82c10	0xa84100	call	0x14d1920
steam	shared-item-noun	0xa82c10	0xa8411d	call	0x6fa10
steam	shared-item-noun	0xa82c10	0xa84127	call	0xb9b80
steam	shared-item-noun	0xa82c10	0xa84139	call	0x14add70
steam	shared-item-noun	0xa82c10	0xa8415b	jmp	0xa8415f
steam	shared-item-noun	0xa82c10	0xa84180	call	0x145bee0
steam	shared-item-noun	0xa82c10	0xa841a2	call	0x145bee0
steam	shared-item-noun	0xa82c10	0xa841c4	call	0x145bee0
steam	shared-item-noun	0xa82c10	0xa841de	call	0x6f560
steam	shared-item-noun	0xa82c10	0xa841e3	jmp	0xa8805b
steam	shared-item-noun	0xa82c10	0xa841ef	jmp	0xa8804d
steam	shared-item-noun	0xa82c10	0xa84229	call	0x14d1920
steam	shared-item-noun	0xa82c10	0xa84246	call	0x6fa10
steam	shared-item-noun	0xa82c10	0xa84250	call	0xb9b80
steam	shared-item-noun	0xa82c10	0xa84262	call	0x14add70
steam	shared-item-noun	0xa82c10	0xa84284	jmp	0xa84288
steam	shared-item-noun	0xa82c10	0xa842ad	call	0x145bee0
steam	shared-item-noun	0xa82c10	0xa842d7	call	0x145bee0
steam	shared-item-noun	0xa82c10	0xa842f9	call	0x145bee0
steam	shared-item-noun	0xa82c10	0xa8431c	call	0x145bee0
steam	shared-item-noun	0xa82c10	0xa8432f	call	0x6f560
steam	shared-item-noun	0xa82c10	0xa84334	jmp	0xa8805b
steam	shared-item-noun	0xa82c10	0xa84340	call	0x6f560
steam	shared-item-noun	0xa82c10	0xa84345	jmp	0xa8805b
steam	shared-item-noun	0xa82c10	0xa84357	jmp	0xa88053
steam	shared-item-noun	0xa82c10	0xa8438e	call	0x14d1920
steam	shared-item-noun	0xa82c10	0xa843ab	call	0x6fa10
steam	shared-item-noun	0xa82c10	0xa843b5	call	0xb9b80
steam	shared-item-noun	0xa82c10	0xa84400	jmp	0xa88053
steam	shared-item-noun	0xa82c10	0xa84428	call	0xb9d10
steam	shared-item-noun	0xa82c10	0xa8442d	jmp	0xa8806b
steam	shared-item-noun	0xa82c10	0xa84491	call	0xeb120
steam	shared-item-noun	0xa82c10	0xa844ae	call	0x145bee0
steam	shared-item-noun	0xa82c10	0xa844c1	call	0x726e0
steam	shared-item-noun	0xa82c10	0xa844d1	call	QWORD PTR [rdx+0x728]
steam	shared-item-noun	0xa82c10	0xa844e5	call	0x6f560
steam	shared-item-noun	0xa82c10	0xa8450e	call	0x14d1920
steam	shared-item-noun	0xa82c10	0xa8452b	call	0x6fa10
steam	shared-item-noun	0xa82c10	0xa84535	call	0xb9b80
steam	shared-item-noun	0xa82c10	0xa845a5	call	QWORD PTR [rax+0x748]
steam	shared-item-noun	0xa82c10	0xa845de	call	0xb9d10
steam	shared-item-noun	0xa82c10	0xa845e8	call	0xb9b80
steam	shared-item-noun	0xa82c10	0xa84609	call	0xb9d10
steam	shared-item-noun	0xa82c10	0xa8460e	jmp	0xa8806b
steam	shared-item-noun	0xa82c10	0xa8463e	call	0xb9d10
steam	shared-item-noun	0xa82c10	0xa8464d	call	0x6f560
steam	shared-item-noun	0xa82c10	0xa84652	jmp	0xa8446a
steam	shared-item-noun	0xa82c10	0xa84664	jmp	0xa88056
steam	shared-item-noun	0xa82c10	0xa8469b	call	0x14d1920
steam	shared-item-noun	0xa82c10	0xa846b8	call	0x6fa10
steam	shared-item-noun	0xa82c10	0xa846c2	call	0xb9b80
steam	shared-item-noun	0xa82c10	0xa84704	jmp	0xa88053
steam	shared-item-noun	0xa82c10	0xa8472c	call	0xb9d10
steam	shared-item-noun	0xa82c10	0xa84731	jmp	0xa8806b
steam	shared-item-noun	0xa82c10	0xa8476c	call	0x14d1920
steam	shared-item-noun	0xa82c10	0xa84789	call	0x6fa10
steam	shared-item-noun	0xa82c10	0xa84793	call	0xb9b80
steam	shared-item-noun	0xa82c10	0xa847b7	call	0x6f560
steam	shared-item-noun	0xa82c10	0xa847bc	jmp	0xa8805b
steam	shared-item-noun	0xa82c10	0xa847d8	call	0x145bee0
steam	shared-item-noun	0xa82c10	0xa847eb	call	0x6f560
steam	shared-item-noun	0xa82c10	0xa847f0	jmp	0xa8805b
steam	shared-item-noun	0xa82c10	0xa84802	jmp	0xa88053
steam	shared-item-noun	0xa82c10	0xa84839	call	0x14d1920
steam	shared-item-noun	0xa82c10	0xa84856	call	0x6fa10
steam	shared-item-noun	0xa82c10	0xa84860	call	0xb9b80
steam	shared-item-noun	0xa82c10	0xa84872	jmp	0xa88053
steam	shared-item-noun	0xa82c10	0xa848a9	call	0x14d1920
steam	shared-item-noun	0xa82c10	0xa848c6	call	0x6fa10
steam	shared-item-noun	0xa82c10	0xa848d0	call	0xb9b80
steam	shared-item-noun	0xa82c10	0xa848e2	call	0x14add70
steam	shared-item-noun	0xa82c10	0xa84904	jmp	0xa84908
steam	shared-item-noun	0xa82c10	0xa8492c	jmp	0xa88053
steam	shared-item-noun	0xa82c10	0xa84963	call	0x14d1920
steam	shared-item-noun	0xa82c10	0xa84980	call	0x6fa10
steam	shared-item-noun	0xa82c10	0xa8498a	call	0xb9b80
steam	shared-item-noun	0xa82c10	0xa8499c	jmp	0xa88053
steam	shared-item-noun	0xa82c10	0xa849d3	call	0x14d1920
steam	shared-item-noun	0xa82c10	0xa849f0	call	0x6fa10
steam	shared-item-noun	0xa82c10	0xa849fa	call	0xb9b80
steam	shared-item-noun	0xa82c10	0xa84a0c	jmp	0xa88053
steam	shared-item-noun	0xa82c10	0xa84a43	call	0x14d1920
steam	shared-item-noun	0xa82c10	0xa84a60	call	0x6fa10
steam	shared-item-noun	0xa82c10	0xa84a6a	call	0xb9b80
steam	shared-item-noun	0xa82c10	0xa84a7c	jmp	0xa88053
steam	shared-item-noun	0xa82c10	0xa84ab3	call	0x14d1920
steam	shared-item-noun	0xa82c10	0xa84ad0	call	0x6fa10
steam	shared-item-noun	0xa82c10	0xa84ada	call	0xb9b80
steam	shared-item-noun	0xa82c10	0xa84afb	call	0x6f560
steam	shared-item-noun	0xa82c10	0xa84b00	jmp	0xa8805b
steam	shared-item-noun	0xa82c10	0xa84b12	jmp	0xa88053
steam	shared-item-noun	0xa82c10	0xa84b4c	call	0x14d1920
steam	shared-item-noun	0xa82c10	0xa84b69	call	0x6fa10
steam	shared-item-noun	0xa82c10	0xa84b73	call	0xb9b80
steam	shared-item-noun	0xa82c10	0xa84b85	call	0x14add70
steam	shared-item-noun	0xa82c10	0xa84ba7	jmp	0xa84bab
steam	shared-item-noun	0xa82c10	0xa84bcb	call	0x6f560
steam	shared-item-noun	0xa82c10	0xa84bd0	jmp	0xa8805b
steam	shared-item-noun	0xa82c10	0xa84be2	call	0x14add70
steam	shared-item-noun	0xa82c10	0xa84c04	jmp	0xa84c08
steam	shared-item-noun	0xa82c10	0xa84c16	call	0x6f560
steam	shared-item-noun	0xa82c10	0xa84c1b	jmp	0xa8806b
steam	shared-item-noun	0xa82c10	0xa84c33	call	0x145bee0
steam	shared-item-noun	0xa82c10	0xa84c46	call	0x6f560
steam	shared-item-noun	0xa82c10	0xa84c4b	jmp	0xa8806b
steam	shared-item-noun	0xa82c10	0xa84c57	call	0x6f560
steam	shared-item-noun	0xa82c10	0xa84c5c	jmp	0xa8806b
steam	shared-item-noun	0xa82c10	0xa84c93	call	0x14d1920
steam	shared-item-noun	0xa82c10	0xa84cb0	call	0x6fa10
steam	shared-item-noun	0xa82c10	0xa84cba	call	0xb9b80
steam	shared-item-noun	0xa82c10	0xa84ccf	call	0x6fa10
steam	shared-item-noun	0xa82c10	0xa84cd4	jmp	0xa8806b
steam	shared-item-noun	0xa82c10	0xa84d63	jmp	0xa84d7a
steam	shared-item-noun	0xa82c10	0xa84d68	jmp	0xa84d4d
steam	shared-item-noun	0xa82c10	0xa84d74	jmp	0xa84d7a
steam	shared-item-noun	0xa82c10	0xa84d9d	call	0x14d1920
steam	shared-item-noun	0xa82c10	0xa84dba	call	0x6fa10
steam	shared-item-noun	0xa82c10	0xa84dc4	call	0xb9b80
steam	shared-item-noun	0xa82c10	0xa84dd9	call	0x6fa10
steam	shared-item-noun	0xa82c10	0xa84dde	jmp	0xa8806b
steam	shared-item-noun	0xa82c10	0xa84dfc	call	0x6f560
steam	shared-item-noun	0xa82c10	0xa84e01	jmp	0xa8805b
steam	shared-item-noun	0xa82c10	0xa84e28	call	0x14d1920
steam	shared-item-noun	0xa82c10	0xa84e45	call	0x6fa10
steam	shared-item-noun	0xa82c10	0xa84e4a	jmp	0xa8806b
steam	shared-item-noun	0xa82c10	0xa84e5c	jmp	0xa88053
steam	shared-item-noun	0xa82c10	0xa84e99	call	0x14d1920
steam	shared-item-noun	0xa82c10	0xa84eb6	call	0x6fa10
steam	shared-item-noun	0xa82c10	0xa84ec8	call	0x6fa10
steam	shared-item-noun	0xa82c10	0xa84ef2	call	0x6fa10
steam	shared-item-noun	0xa82c10	0xa84ef7	jmp	0xa8806b
steam	shared-item-noun	0xa82c10	0xa84f2e	call	0x14d1920
steam	shared-item-noun	0xa82c10	0xa84f4b	call	0x6fa10
steam	shared-item-noun	0xa82c10	0xa84f55	call	0xb9b80
steam	shared-item-noun	0xa82c10	0xa84f67	jmp	0xa88053
steam	shared-item-noun	0xa82c10	0xa84f88	call	0x6fa10
steam	shared-item-noun	0xa82c10	0xa84fad	call	0x6f560
steam	shared-item-noun	0xa82c10	0xa84fb2	jmp	0xa8805b
steam	shared-item-noun	0xa82c10	0xa84fc2	jmp	0xa84e11
steam	shared-item-noun	0xa82c10	0xa84ff0	call	0x6fa10
steam	shared-item-noun	0xa82c10	0xa8512e	call	0x145bf40
steam	shared-item-noun	0xa82c10	0xa8514b	jmp	rcx
steam	shared-item-noun	0xa82c10	0xa85150	jmp	0xa8509b
steam	shared-item-noun	0xa82c10	0xa85160	jmp	0xa8517a
steam	shared-item-noun	0xa82c10	0xa8516d	jmp	0xa8517a
steam	shared-item-noun	0xa82c10	0xa851d5	call	0x6fa10
steam	shared-item-noun	0xa82c10	0xa851ee	call	0x6fa10
steam	shared-item-noun	0xa82c10	0xa8520d	call	0x6fa10
steam	shared-item-noun	0xa82c10	0xa85229	call	0x6fa10
steam	shared-item-noun	0xa82c10	0xa85242	call	0x6fa10
steam	shared-item-noun	0xa82c10	0xa8525e	call	0x6fa10
steam	shared-item-noun	0xa82c10	0xa8527a	call	0x6fa10
steam	shared-item-noun	0xa82c10	0xa85293	call	0x6fa10
steam	shared-item-noun	0xa82c10	0xa852ac	call	0x6fa10
steam	shared-item-noun	0xa82c10	0xa852c5	call	0x6fa10
steam	shared-item-noun	0xa82c10	0xa85304	call	0x6f560
steam	shared-item-noun	0xa82c10	0xa85309	jmp	0xa85575
steam	shared-item-noun	0xa82c10	0xa85319	jmp	0xa8517a
steam	shared-item-noun	0xa82c10	0xa85329	jmp	0xa8517a
steam	shared-item-noun	0xa82c10	0xa85339	jmp	0xa8517a
steam	shared-item-noun	0xa82c10	0xa85349	jmp	0xa8517a
steam	shared-item-noun	0xa82c10	0xa85356	jmp	0xa8517a
steam	shared-item-noun	0xa82c10	0xa85365	jmp	0xa8517a
steam	shared-item-noun	0xa82c10	0xa85376	jmp	0xa8517a
steam	shared-item-noun	0xa82c10	0xa85380	jmp	0xa8517a
steam	shared-item-noun	0xa82c10	0xa8538a	jmp	0xa8517a
steam	shared-item-noun	0xa82c10	0xa8540d	call	0x6f690
steam	shared-item-noun	0xa82c10	0xa85426	call	0xaa3bd0
steam	shared-item-noun	0xa82c10	0xa85437	call	0x6f5a0
steam	shared-item-noun	0xa82c10	0xa85448	call	0x6f560
steam	shared-item-noun	0xa82c10	0xa85455	call	0x6f850
steam	shared-item-noun	0xa82c10	0xa8545a	jmp	0xa85558
steam	shared-item-noun	0xa82c10	0xa85470	jmp	0xa85540
steam	shared-item-noun	0xa82c10	0xa8549b	call	0x6f560
steam	shared-item-noun	0xa82c10	0xa854a0	jmp	0xa85575
steam	shared-item-noun	0xa82c10	0xa85512	jmp	0xa85530
steam	shared-item-noun	0xa82c10	0xa85516	jmp	0xa854fc
steam	shared-item-noun	0xa82c10	0xa85522	jmp	0xa85530
steam	shared-item-noun	0xa82c10	0xa85528	jmp	0xa85530
steam	shared-item-noun	0xa82c10	0xa85553	call	0x14d1920
steam	shared-item-noun	0xa82c10	0xa85570	call	0x6fa10
steam	shared-item-noun	0xa82c10	0xa85672	call	0x145bf40
steam	shared-item-noun	0xa82c10	0xa8568b	jmp	rcx
steam	shared-item-noun	0xa82c10	0xa8569c	call	0x6f560
steam	shared-item-noun	0xa82c10	0xa856ab	call	0x6f690
steam	shared-item-noun	0xa82c10	0xa856eb	call	0x14d1920
steam	shared-item-noun	0xa82c10	0xa856fa	call	0xb9d10
steam	shared-item-noun	0xa82c10	0xa8570d	jmp	0xa8571d
steam	shared-item-noun	0xa82c10	0xa85720	call	0x6f560
steam	shared-item-noun	0xa82c10	0xa85730	call	0x6f850
steam	shared-item-noun	0xa82c10	0xa85764	jmp	0xa8806b
steam	shared-item-noun	0xa82c10	0xa85785	call	0x6fa10
steam	shared-item-noun	0xa82c10	0xa85813	call	0xb9d10
steam	shared-item-noun	0xa82c10	0xa85822	call	0x6f560
steam	shared-item-noun	0xa82c10	0xa85827	jmp	0xa8806b
steam	shared-item-noun	0xa82c10	0xa85846	call	0x6f560
steam	shared-item-noun	0xa82c10	0xa8584b	jmp	0xa8806b
steam	shared-item-noun	0xa82c10	0xa85873	call	0x14d1920
steam	shared-item-noun	0xa82c10	0xa85880	call	0xb9d10
steam	shared-item-noun	0xa82c10	0xa85885	jmp	0xa8806b
steam	shared-item-noun	0xa82c10	0xa858a0	call	0x6f560
steam	shared-item-noun	0xa82c10	0xa858c2	call	0x6f560
steam	shared-item-noun	0xa82c10	0xa858c7	jmp	0xa8806b
steam	shared-item-noun	0xa82c10	0xa858d7	jmp	0xa84e11
steam	shared-item-noun	0xa82c10	0xa8590e	call	0x14d1920
steam	shared-item-noun	0xa82c10	0xa8592b	call	0x6fa10
steam	shared-item-noun	0xa82c10	0xa85935	call	0xb9b80
steam	shared-item-noun	0xa82c10	0xa8594a	call	0x6fa10
steam	shared-item-noun	0xa82c10	0xa8594f	jmp	0xa8806b
steam	shared-item-noun	0xa82c10	0xa85986	call	0x14d1920
steam	shared-item-noun	0xa82c10	0xa859a3	call	0x6fa10
steam	shared-item-noun	0xa82c10	0xa859ad	call	0xb9b80
steam	shared-item-noun	0xa82c10	0xa859c2	call	0x6fa10
steam	shared-item-noun	0xa82c10	0xa859c7	jmp	0xa8806b
steam	shared-item-noun	0xa82c10	0xa859fe	call	0x14d1920
steam	shared-item-noun	0xa82c10	0xa85a1b	call	0x6fa10
steam	shared-item-noun	0xa82c10	0xa85a25	call	0xb9b80
steam	shared-item-noun	0xa82c10	0xa85a3a	call	0x6fa10
steam	shared-item-noun	0xa82c10	0xa85a3f	jmp	0xa8806b
steam	shared-item-noun	0xa82c10	0xa85a76	call	0x14d1920
steam	shared-item-noun	0xa82c10	0xa85a93	call	0x6fa10
steam	shared-item-noun	0xa82c10	0xa85a9d	call	0xb9b80
steam	shared-item-noun	0xa82c10	0xa85aaf	call	0x14add70
steam	shared-item-noun	0xa82c10	0xa85ad1	jmp	0xa85ad5
steam	shared-item-noun	0xa82c10	0xa85ae9	call	0x6fa10
steam	shared-item-noun	0xa82c10	0xa85aee	jmp	0xa8806b
steam	shared-item-noun	0xa82c10	0xa85b03	call	0x6fa10
steam	shared-item-noun	0xa82c10	0xa85b08	jmp	0xa8806b
steam	shared-item-noun	0xa82c10	0xa85b75	call	0x14d1920
steam	shared-item-noun	0xa82c10	0xa85b82	call	0xb9d10
steam	shared-item-noun	0xa82c10	0xa85b8c	call	0xb9b80
steam	shared-item-noun	0xa82c10	0xa85b9e	jmp	0xa88053
steam	shared-item-noun	0xa82c10	0xa85bc3	call	0xb9d10
steam	shared-item-noun	0xa82c10	0xa85bd2	call	0x6f560
steam	shared-item-noun	0xa82c10	0xa85c0c	call	0x14d1920
steam	shared-item-noun	0xa82c10	0xa85c19	call	0xb9d10
steam	shared-item-noun	0xa82c10	0xa85c23	call	0xb9b80
steam	shared-item-noun	0xa82c10	0xa85c3c	call	0xb9d10
steam	shared-item-noun	0xa82c10	0xa85c41	jmp	0xa8806b
steam	shared-item-noun	0xa82c10	0xa85c78	call	0x14d1920
steam	shared-item-noun	0xa82c10	0xa85c95	call	0x6fa10
steam	shared-item-noun	0xa82c10	0xa85c9f	call	0xb9b80
steam	shared-item-noun	0xa82c10	0xa85cb4	call	0x6fa10
steam	shared-item-noun	0xa82c10	0xa85cb9	jmp	0xa8806b
steam	shared-item-noun	0xa82c10	0xa85cf0	call	0x14d1920
steam	shared-item-noun	0xa82c10	0xa85d0d	call	0x6fa10
steam	shared-item-noun	0xa82c10	0xa85d17	call	0xb9b80
steam	shared-item-noun	0xa82c10	0xa85d29	jmp	0xa88053
steam	shared-item-noun	0xa82c10	0xa85d60	call	0x14d1920
steam	shared-item-noun	0xa82c10	0xa85d7d	call	0x6fa10
steam	shared-item-noun	0xa82c10	0xa85d87	call	0xb9b80
steam	shared-item-noun	0xa82c10	0xa85d99	jmp	0xa88053
steam	shared-item-noun	0xa82c10	0xa85dd0	call	0x14d1920
steam	shared-item-noun	0xa82c10	0xa85ded	call	0x6fa10
steam	shared-item-noun	0xa82c10	0xa85df7	call	0xb9b80
steam	shared-item-noun	0xa82c10	0xa85e09	jmp	0xa88053
steam	shared-item-noun	0xa82c10	0xa85e40	call	0x14d1920
steam	shared-item-noun	0xa82c10	0xa85e5d	call	0x6fa10
steam	shared-item-noun	0xa82c10	0xa85e67	call	0xb9b80
steam	shared-item-noun	0xa82c10	0xa85eb3	call	0x6fa10
steam	shared-item-noun	0xa82c10	0xa85eb8	jmp	0xa8806b
steam	shared-item-noun	0xa82c10	0xa85ee0	call	0xb9d10
steam	shared-item-noun	0xa82c10	0xa85ee5	jmp	0xa8806b
steam	shared-item-noun	0xa82c10	0xa85f5c	call	0x14d1920
steam	shared-item-noun	0xa82c10	0xa85f79	call	0x6fa10
steam	shared-item-noun	0xa82c10	0xa85f83	call	0xb9b80
steam	shared-item-noun	0xa82c10	0xa85fa1	call	0xb9d10
steam	shared-item-noun	0xa82c10	0xa85fa6	jmp	0xa8806b
steam	shared-item-noun	0xa82c10	0xa85fd6	call	0xb9d10
steam	shared-item-noun	0xa82c10	0xa85fe0	call	0xb9b80
steam	shared-item-noun	0xa82c10	0xa85fe8	jmp	0xa85f2a
steam	shared-item-noun	0xa82c10	0xa85ffd	call	0x6fa10
steam	shared-item-noun	0xa82c10	0xa86002	jmp	0xa8806b
steam	shared-item-noun	0xa82c10	0xa86039	call	0x14d1920
steam	shared-item-noun	0xa82c10	0xa86056	call	0x6fa10
steam	shared-item-noun	0xa82c10	0xa86060	call	0xb9b80
steam	shared-item-noun	0xa82c10	0xa86072	jmp	0xa88053
steam	shared-item-noun	0xa82c10	0xa860a9	call	0x14d1920
steam	shared-item-noun	0xa82c10	0xa860c6	call	0x6fa10
steam	shared-item-noun	0xa82c10	0xa860d0	call	0xb9b80
steam	shared-item-noun	0xa82c10	0xa860e2	jmp	0xa88053
steam	shared-item-noun	0xa82c10	0xa86119	call	0x14d1920
steam	shared-item-noun	0xa82c10	0xa86136	call	0x6fa10
steam	shared-item-noun	0xa82c10	0xa86140	call	0xb9b80
steam	shared-item-noun	0xa82c10	0xa8614c	jmp	0xa8804d
steam	shared-item-noun	0xa82c10	0xa8616b	jmp	0xa8617a
steam	shared-item-noun	0xa82c10	0xa8617a	call	0x6fa10
steam	shared-item-noun	0xa82c10	0xa861e5	call	QWORD PTR [rax+0x748]
steam	shared-item-noun	0xa82c10	0xa861ee	jmp	0xa861f6
steam	shared-item-noun	0xa82c10	0xa8622e	call	0x14e1ec0
steam	shared-item-noun	0xa82c10	0xa8624c	call	0x6fa10
steam	shared-item-noun	0xa82c10	0xa86251	jmp	0xa86388
steam	shared-item-noun	0xa82c10	0xa86265	call	0x6f560
steam	shared-item-noun	0xa82c10	0xa8626a	jmp	0xa862a3
steam	shared-item-noun	0xa82c10	0xa8627b	call	0x6f560
steam	shared-item-noun	0xa82c10	0xa86280	jmp	0xa862a3
steam	shared-item-noun	0xa82c10	0xa86291	call	0x6f560
steam	shared-item-noun	0xa82c10	0xa86296	jmp	0xa862a3
steam	shared-item-noun	0xa82c10	0xa862ad	call	0x6f560
steam	shared-item-noun	0xa82c10	0xa862c1	call	0xb9b80
steam	shared-item-noun	0xa82c10	0xa862c6	jmp	0xa86388
steam	shared-item-noun	0xa82c10	0xa862d4	call	0x6f690
steam	shared-item-noun	0xa82c10	0xa862f6	jmp	0xa862fd
steam	shared-item-noun	0xa82c10	0xa862fd	call	0x14d1790
steam	shared-item-noun	0xa82c10	0xa86309	call	0xb9d10
steam	shared-item-noun	0xa82c10	0xa86313	jmp	0xa86382
steam	shared-item-noun	0xa82c10	0xa8631c	call	0x6f690
steam	shared-item-noun	0xa82c10	0xa86347	call	0x14d1920
steam	shared-item-noun	0xa82c10	0xa86356	call	0xb9d10
steam	shared-item-noun	0xa82c10	0xa86365	call	0x6f560
steam	shared-item-noun	0xa82c10	0xa86375	call	0xb9b80
steam	shared-item-noun	0xa82c10	0xa86382	call	0x6f850
steam	shared-item-noun	0xa82c10	0xa863be	call	0x1539680
steam	shared-item-noun	0xa82c10	0xa863d3	jmp	0xa8806b
steam	shared-item-noun	0xa82c10	0xa8640a	call	0x14d1920
steam	shared-item-noun	0xa82c10	0xa86427	call	0x6fa10
steam	shared-item-noun	0xa82c10	0xa86431	call	0xb9b80
steam	shared-item-noun	0xa82c10	0xa8643d	jmp	0xa8804d
steam	shared-item-noun	0xa82c10	0xa86474	call	0x14d1920
steam	shared-item-noun	0xa82c10	0xa86491	call	0x6fa10
steam	shared-item-noun	0xa82c10	0xa8649b	call	0xb9b80
steam	shared-item-noun	0xa82c10	0xa864ad	jmp	0xa88053
steam	shared-item-noun	0xa82c10	0xa864e4	call	0x14d1920
steam	shared-item-noun	0xa82c10	0xa86501	call	0x6fa10
steam	shared-item-noun	0xa82c10	0xa8650b	call	0xb9b80
steam	shared-item-noun	0xa82c10	0xa8651d	jmp	0xa88053
steam	shared-item-noun	0xa82c10	0xa86554	call	0x14d1920
steam	shared-item-noun	0xa82c10	0xa86571	call	0x6fa10
steam	shared-item-noun	0xa82c10	0xa8657b	call	0xb9b80
steam	shared-item-noun	0xa82c10	0xa8658d	jmp	0xa88053
steam	shared-item-noun	0xa82c10	0xa865c4	call	0x14d1920
steam	shared-item-noun	0xa82c10	0xa865e1	call	0x6fa10
steam	shared-item-noun	0xa82c10	0xa865eb	call	0xb9b80
steam	shared-item-noun	0xa82c10	0xa865fd	jmp	0xa82ee5
steam	shared-item-noun	0xa82c10	0xa86634	call	0x14d1920
steam	shared-item-noun	0xa82c10	0xa86651	call	0x6fa10
steam	shared-item-noun	0xa82c10	0xa8665b	call	0xb9b80
steam	shared-item-noun	0xa82c10	0xa8666d	jmp	0xa88053
steam	shared-item-noun	0xa82c10	0xa866a4	call	0x14d1920
steam	shared-item-noun	0xa82c10	0xa866c1	call	0x6fa10
steam	shared-item-noun	0xa82c10	0xa866cb	call	0xb9b80
steam	shared-item-noun	0xa82c10	0xa866dd	jmp	0xa88053
steam	shared-item-noun	0xa82c10	0xa86714	call	0x14d1920
steam	shared-item-noun	0xa82c10	0xa86731	call	0x6fa10
steam	shared-item-noun	0xa82c10	0xa8673b	call	0xb9b80
steam	shared-item-noun	0xa82c10	0xa8674d	jmp	0xa88053
steam	shared-item-noun	0xa82c10	0xa86784	call	0x14d1920
steam	shared-item-noun	0xa82c10	0xa867a1	call	0x6fa10
steam	shared-item-noun	0xa82c10	0xa867ab	call	0xb9b80
steam	shared-item-noun	0xa82c10	0xa8682c	call	QWORD PTR [rax+0x718]
steam	shared-item-noun	0xa82c10	0xa86850	jmp	rcx
steam	shared-item-noun	0xa82c10	0xa8685c	call	0x6f560
steam	shared-item-noun	0xa82c10	0xa86861	jmp	0xa8805b
steam	shared-item-noun	0xa82c10	0xa86870	call	0x6f560
steam	shared-item-noun	0xa82c10	0xa86875	jmp	0xa8805b
steam	shared-item-noun	0xa82c10	0xa86884	call	0x6f560
steam	shared-item-noun	0xa82c10	0xa86889	jmp	0xa8805b
steam	shared-item-noun	0xa82c10	0xa86898	call	0x6f560
steam	shared-item-noun	0xa82c10	0xa8689d	jmp	0xa8805b
steam	shared-item-noun	0xa82c10	0xa868ac	call	0x6f560
steam	shared-item-noun	0xa82c10	0xa868b1	jmp	0xa8805b
steam	shared-item-noun	0xa82c10	0xa868c0	call	0x6f560
steam	shared-item-noun	0xa82c10	0xa868c5	jmp	0xa8805b
steam	shared-item-noun	0xa82c10	0xa868d4	call	0x6f560
steam	shared-item-noun	0xa82c10	0xa868d9	jmp	0xa8805b
steam	shared-item-noun	0xa82c10	0xa868e8	call	0x6f560
steam	shared-item-noun	0xa82c10	0xa868ed	jmp	0xa8805b
steam	shared-item-noun	0xa82c10	0xa868fc	call	0x6f560
steam	shared-item-noun	0xa82c10	0xa86901	jmp	0xa8805b
steam	shared-item-noun	0xa82c10	0xa86910	call	0x6f560
steam	shared-item-noun	0xa82c10	0xa86915	jmp	0xa8805b
steam	shared-item-noun	0xa82c10	0xa86924	call	0x6f560
steam	shared-item-noun	0xa82c10	0xa86929	jmp	0xa8805b
steam	shared-item-noun	0xa82c10	0xa86938	call	0x6f560
steam	shared-item-noun	0xa82c10	0xa8693d	jmp	0xa8805b
steam	shared-item-noun	0xa82c10	0xa8694c	call	0x6f560
steam	shared-item-noun	0xa82c10	0xa86951	jmp	0xa8805b
steam	shared-item-noun	0xa82c10	0xa86960	call	0x6f560
steam	shared-item-noun	0xa82c10	0xa86965	jmp	0xa8805b
steam	shared-item-noun	0xa82c10	0xa86974	call	0x6f560
steam	shared-item-noun	0xa82c10	0xa86979	jmp	0xa8805b
steam	shared-item-noun	0xa82c10	0xa86988	call	0x6f560
steam	shared-item-noun	0xa82c10	0xa8698d	jmp	0xa8805b
steam	shared-item-noun	0xa82c10	0xa8699c	call	0x6f560
steam	shared-item-noun	0xa82c10	0xa869a1	jmp	0xa8805b
steam	shared-item-noun	0xa82c10	0xa869b0	call	0x6f560
steam	shared-item-noun	0xa82c10	0xa869b5	jmp	0xa8805b
steam	shared-item-noun	0xa82c10	0xa869c4	call	0x6f560
steam	shared-item-noun	0xa82c10	0xa869c9	jmp	0xa8805b
steam	shared-item-noun	0xa82c10	0xa869d8	call	0x6f560
steam	shared-item-noun	0xa82c10	0xa869dd	jmp	0xa8805b
steam	shared-item-noun	0xa82c10	0xa869ec	call	0x6f560
steam	shared-item-noun	0xa82c10	0xa869f1	jmp	0xa8805b
steam	shared-item-noun	0xa82c10	0xa869fd	jmp	0xa8804d
steam	shared-item-noun	0xa82c10	0xa86a1e	call	0x6fa10
steam	shared-item-noun	0xa82c10	0xa86a30	jmp	0xa88053
steam	shared-item-noun	0xa82c10	0xa86a51	call	0x6fa10
steam	shared-item-noun	0xa82c10	0xa86a72	call	0x6f560
steam	shared-item-noun	0xa82c10	0xa86a77	jmp	0xa880a7
steam	shared-item-noun	0xa82c10	0xa86a83	call	0x6f560
steam	shared-item-noun	0xa82c10	0xa86a88	jmp	0xa8806b
steam	shared-item-noun	0xa82c10	0xa86a9b	call	0x6f560
steam	shared-item-noun	0xa82c10	0xa86aa0	jmp	0xa8805b
steam	shared-item-noun	0xa82c10	0xa86ab3	call	0x6f560
steam	shared-item-noun	0xa82c10	0xa86ab8	jmp	0xa8805b
steam	shared-item-noun	0xa82c10	0xa86acb	call	0x6f560
steam	shared-item-noun	0xa82c10	0xa86ad0	jmp	0xa8805b
steam	shared-item-noun	0xa82c10	0xa86ae3	call	0x6f560
steam	shared-item-noun	0xa82c10	0xa86ae8	jmp	0xa8805b
steam	shared-item-noun	0xa82c10	0xa86afb	call	0x6f560
steam	shared-item-noun	0xa82c10	0xa86b00	jmp	0xa8805b
steam	shared-item-noun	0xa82c10	0xa86b13	call	0x6f560
steam	shared-item-noun	0xa82c10	0xa86b18	jmp	0xa8805b
steam	shared-item-noun	0xa82c10	0xa86b2d	call	0x6f560
steam	shared-item-noun	0xa82c10	0xa86b32	jmp	0xa8805b
steam	shared-item-noun	0xa82c10	0xa86b47	call	0x6f560
steam	shared-item-noun	0xa82c10	0xa86b4c	jmp	0xa8805b
steam	shared-item-noun	0xa82c10	0xa86b61	call	0x6f560
steam	shared-item-noun	0xa82c10	0xa86b66	jmp	0xa8805b
steam	shared-item-noun	0xa82c10	0xa86b7b	call	0x6f560
steam	shared-item-noun	0xa82c10	0xa86b80	jmp	0xa8805b
steam	shared-item-noun	0xa82c10	0xa86b9c	call	0x6f560
steam	shared-item-noun	0xa82c10	0xa86ba1	jmp	0xa8805b
steam	shared-item-noun	0xa82c10	0xa86bc5	call	0x6fa10
steam	shared-item-noun	0xa82c10	0xa86c36	call	0x6f8d0
steam	shared-item-noun	0xa82c10	0xa86c53	call	0x6fa10
steam	shared-item-noun	0xa82c10	0xa86c5d	call	0xb9b80
steam	shared-item-noun	0xa82c10	0xa86ca2	jmp	0xa86cac
steam	shared-item-noun	0xa82c10	0xa86cac	call	0x144ea0
steam	shared-item-noun	0xa82c10	0xa86cc6	call	0x6fa10
steam	shared-item-noun	0xa82c10	0xa86cfe	call	QWORD PTR [rip+0xb5ee24]        # 0x1415e5b28
steam	shared-item-noun	0xa82c10	0xa86d05	call	0x1539680
steam	shared-item-noun	0xa82c10	0xa86d1a	jmp	0xa8806b
steam	shared-item-noun	0xa82c10	0xa86d2c	call	0x6fa10
steam	shared-item-noun	0xa82c10	0xa86d31	jmp	0xa8806b
steam	shared-item-noun	0xa82c10	0xa86d5a	call	0xa64cb0
steam	shared-item-noun	0xa82c10	0xa86d67	call	0xb9d10
steam	shared-item-noun	0xa82c10	0xa86d6c	jmp	0xa8806b
steam	shared-item-noun	0xa82c10	0xa86d8b	call	0x6f560
steam	shared-item-noun	0xa82c10	0xa86d90	jmp	0xa8806b
steam	shared-item-noun	0xa82c10	0xa86db7	call	0x14d1920
steam	shared-item-noun	0xa82c10	0xa86dd4	call	0x6fa10
steam	shared-item-noun	0xa82c10	0xa86ddb	jmp	0xa88063
steam	shared-item-noun	0xa82c10	0xa86dfc	call	0x6fa10
steam	shared-item-noun	0xa82c10	0xa86e36	call	0xa64d00
steam	shared-item-noun	0xa82c10	0xa86e43	call	0xb9d10
steam	shared-item-noun	0xa82c10	0xa86e48	jmp	0xa8806b
steam	shared-item-noun	0xa82c10	0xa86e6d	call	0x6f560
steam	shared-item-noun	0xa82c10	0xa86e72	jmp	0xa8806b
steam	shared-item-noun	0xa82c10	0xa86e7e	call	0x6f560
steam	shared-item-noun	0xa82c10	0xa86e83	jmp	0xa880a7
steam	shared-item-noun	0xa82c10	0xa86e93	jmp	0xa84e11
steam	shared-item-noun	0xa82c10	0xa86eb4	call	0x6fa10
steam	shared-item-noun	0xa82c10	0xa86ee0	call	0x144d90
steam	shared-item-noun	0xa82c10	0xa86eed	call	0xb9d10
steam	shared-item-noun	0xa82c10	0xa86ef2	jmp	0xa8806b
steam	shared-item-noun	0xa82c10	0xa86f07	call	0x6fa10
steam	shared-item-noun	0xa82c10	0xa86f20	call	0x6f560
steam	shared-item-noun	0xa82c10	0xa86f25	jmp	0xa8806b
steam	shared-item-noun	0xa82c10	0xa86f46	call	0x6fa10
steam	shared-item-noun	0xa82c10	0xa86f5e	call	0x6fa10
steam	shared-item-noun	0xa82c10	0xa86ffc	call	0x6f8d0
steam	shared-item-noun	0xa82c10	0xa87009	jmp	0xa87054
steam	shared-item-noun	0xa82c10	0xa8704f	call	0x6f8d0
steam	shared-item-noun	0xa82c10	0xa8706c	call	0x6fa10
steam	shared-item-noun	0xa82c10	0xa870c1	jmp	0xa870c5
steam	shared-item-noun	0xa82c10	0xa870df	call	0x6f560
steam	shared-item-noun	0xa82c10	0xa870e6	jmp	0xa88063
steam	shared-item-noun	0xa82c10	0xa870f5	call	0x6f560
steam	shared-item-noun	0xa82c10	0xa870fc	jmp	0xa88063
steam	shared-item-noun	0xa82c10	0xa8710e	call	0x6fa10
steam	shared-item-noun	0xa82c10	0xa87113	jmp	0xa8806b
steam	shared-item-noun	0xa82c10	0xa87134	call	0x6fa10
steam	shared-item-noun	0xa82c10	0xa871d6	call	0x6f8d0
steam	shared-item-noun	0xa82c10	0xa871e3	jmp	0xa8722e
steam	shared-item-noun	0xa82c10	0xa87229	call	0x6f8d0
steam	shared-item-noun	0xa82c10	0xa87246	call	0x6fa10
steam	shared-item-noun	0xa82c10	0xa8725b	call	0x6fa10
steam	shared-item-noun	0xa82c10	0xa87270	call	0x6fa10
steam	shared-item-noun	0xa82c10	0xa87275	jmp	0xa8806b
steam	shared-item-noun	0xa82c10	0xa87296	call	0x6fa10
steam	shared-item-noun	0xa82c10	0xa87334	call	0x6f8d0
steam	shared-item-noun	0xa82c10	0xa8735c	call	0x256880
steam	shared-item-noun	0xa82c10	0xa87369	call	0xb9d10
steam	shared-item-noun	0xa82c10	0xa8737c	call	0xf2680
steam	shared-item-noun	0xa82c10	0xa87386	jmp	0xa870ca
steam	shared-item-noun	0xa82c10	0xa87395	call	0x6f560
steam	shared-item-noun	0xa82c10	0xa8739a	jmp	0xa8806b
steam	shared-item-noun	0xa82c10	0xa873af	call	0x6f560
steam	shared-item-noun	0xa82c10	0xa873ca	call	0xaa3bd0
steam	shared-item-noun	0xa82c10	0xa873d7	call	0xb9d10
steam	shared-item-noun	0xa82c10	0xa873dc	jmp	0xa8806b
steam	shared-item-noun	0xa82c10	0xa873e8	call	0x6f560
steam	shared-item-noun	0xa82c10	0xa873ed	jmp	0xa8805b
steam	shared-item-noun	0xa82c10	0xa87402	jmp	0xa873af
steam	shared-item-noun	0xa82c10	0xa8740b	call	0x6f560
steam	shared-item-noun	0xa82c10	0xa87410	jmp	0xa8805b
steam	shared-item-noun	0xa82c10	0xa87422	jmp	0xa88053
steam	shared-item-noun	0xa82c10	0xa8743f	call	0x6f560
steam	shared-item-noun	0xa82c10	0xa87454	call	0x6f560
steam	shared-item-noun	0xa82c10	0xa87479	call	0x14add70
steam	shared-item-noun	0xa82c10	0xa8749e	call	0xb9d10
steam	shared-item-noun	0xa82c10	0xa874a8	call	0xb9b80
steam	shared-item-noun	0xa82c10	0xa874b3	call	0x701db0
steam	shared-item-noun	0xa82c10	0xa874ce	call	0xaa3bd0
steam	shared-item-noun	0xa82c10	0xa874db	call	0xb9d10
steam	shared-item-noun	0xa82c10	0xa874e5	call	0xb9b80
steam	shared-item-noun	0xa82c10	0xa874fe	call	0xb9d10
steam	shared-item-noun	0xa82c10	0xa87513	call	0x6f560
steam	shared-item-noun	0xa82c10	0xa87518	jmp	0xa88071
steam	shared-item-noun	0xa82c10	0xa87524	call	0x6f560
steam	shared-item-noun	0xa82c10	0xa87529	jmp	0xa880a7
steam	shared-item-noun	0xa82c10	0xa8753b	call	0xb9d10
steam	shared-item-noun	0xa82c10	0xa87540	jmp	0xa880a7
steam	shared-item-noun	0xa82c10	0xa8754c	call	0xb9d10
steam	shared-item-noun	0xa82c10	0xa87551	jmp	0xa8806b
steam	shared-item-noun	0xa82c10	0xa87560	call	0x6f560
steam	shared-item-noun	0xa82c10	0xa87565	jmp	0xa8806b
steam	shared-item-noun	0xa82c10	0xa8757a	call	0x6fa10
steam	shared-item-noun	0xa82c10	0xa8757f	jmp	0xa8806b
steam	shared-item-noun	0xa82c10	0xa875e6	call	0x14d1920
steam	shared-item-noun	0xa82c10	0xa875f3	call	0xb9d10
steam	shared-item-noun	0xa82c10	0xa875fd	call	0xb9b80
steam	shared-item-noun	0xa82c10	0xa8760c	call	0x6f560
steam	shared-item-noun	0xa82c10	0xa87611	jmp	0xa8805b
steam	shared-item-noun	0xa82c10	0xa87636	call	0xb9d10
steam	shared-item-noun	0xa82c10	0xa87645	call	0x6f560
steam	shared-item-noun	0xa82c10	0xa8767f	call	0x14d1920
steam	shared-item-noun	0xa82c10	0xa8768c	call	0xb9d10
steam	shared-item-noun	0xa82c10	0xa87696	call	0xb9b80
steam	shared-item-noun	0xa82c10	0xa876b3	call	0xb9d10
steam	shared-item-noun	0xa82c10	0xa876b8	jmp	0xa8806b
steam	shared-item-noun	0xa82c10	0xa876c9	call	0xb9d10
steam	shared-item-noun	0xa82c10	0xa876d3	call	0xb9b80
steam	shared-item-noun	0xa82c10	0xa87745	call	0x14d1920
steam	shared-item-noun	0xa82c10	0xa87752	call	0xb9d10
steam	shared-item-noun	0xa82c10	0xa8775c	call	0xb9b80
steam	shared-item-noun	0xa82c10	0xa87771	call	0x6f560
steam	shared-item-noun	0xa82c10	0xa87780	call	0x6f560
steam	shared-item-noun	0xa82c10	0xa87785	jmp	0xa8806b
steam	shared-item-noun	0xa82c10	0xa877b4	call	0xb9d10
steam	shared-item-noun	0xa82c10	0xa877be	call	0xb9b80
steam	shared-item-noun	0xa82c10	0xa877d7	call	0xb9d10
steam	shared-item-noun	0xa82c10	0xa877e6	call	0x6f560
steam	shared-item-noun	0xa82c10	0xa8780c	jmp	0xa8783b
steam	shared-item-noun	0xa82c10	0xa87831	call	0x14d1920
steam	shared-item-noun	0xa82c10	0xa8783e	call	0xb9d10
steam	shared-item-noun	0xa82c10	0xa87848	call	0xb9b80
steam	shared-item-noun	0xa82c10	0xa87860	call	0x145bee0
steam	shared-item-noun	0xa82c10	0xa87879	call	0x71f90
steam	shared-item-noun	0xa82c10	0xa87890	call	0x6f560
steam	shared-item-noun	0xa82c10	0xa87895	jmp	0xa8769b
steam	shared-item-noun	0xa82c10	0xa878a6	call	0xb9d10
steam	shared-item-noun	0xa82c10	0xa878b0	call	0xb9b80
steam	shared-item-noun	0xa82c10	0xa8792d	call	0x14d1920
steam	shared-item-noun	0xa82c10	0xa8794a	call	0x6fa10
steam	shared-item-noun	0xa82c10	0xa87954	call	0xb9b80
steam	shared-item-noun	0xa82c10	0xa87969	call	0x726e0
steam	shared-item-noun	0xa82c10	0xa87979	call	QWORD PTR [rdx+0x208]
steam	shared-item-noun	0xa82c10	0xa8798c	call	0x71f90
steam	shared-item-noun	0xa82c10	0xa8799f	call	0x6f560
steam	shared-item-noun	0xa82c10	0xa879ac	call	0x71f90
steam	shared-item-noun	0xa82c10	0xa879bf	call	0x6f560
steam	shared-item-noun	0xa82c10	0xa879e0	call	0x145bee0
steam	shared-item-noun	0xa82c10	0xa879f5	call	0x71f90
steam	shared-item-noun	0xa82c10	0xa87a08	call	0x6f560
steam	shared-item-noun	0xa82c10	0xa87a25	call	0xb9d10
steam	shared-item-noun	0xa82c10	0xa87a2a	jmp	0xa8806b
steam	shared-item-noun	0xa82c10	0xa87a5a	call	0xb9d10
steam	shared-item-noun	0xa82c10	0xa87a69	call	0x6f560
steam	shared-item-noun	0xa82c10	0xa87a6e	jmp	0xa878fa
steam	shared-item-noun	0xa82c10	0xa87a7d	call	0x6f560
steam	shared-item-noun	0xa82c10	0xa87a82	jmp	0xa8806b
steam	shared-item-noun	0xa82c10	0xa87ab7	jmp	0xa87ac9
steam	shared-item-noun	0xa82c10	0xa87afb	call	0x14d1920
steam	shared-item-noun	0xa82c10	0xa87b08	call	0xb9d10
steam	shared-item-noun	0xa82c10	0xa87b12	call	0xb9b80
steam	shared-item-noun	0xa82c10	0xa87b21	call	0x6f560
steam	shared-item-noun	0xa82c10	0xa87b31	call	0xb9b80
steam	shared-item-noun	0xa82c10	0xa87b40	call	0x6f560
steam	shared-item-noun	0xa82c10	0xa87b45	jmp	0xa88061
steam	shared-item-noun	0xa82c10	0xa87b51	call	0x6f560
steam	shared-item-noun	0xa82c10	0xa87b56	jmp	0xa880a7
steam	shared-item-noun	0xa82c10	0xa87b67	call	0xb9d10
steam	shared-item-noun	0xa82c10	0xa87b71	call	0xb9b80
steam	shared-item-noun	0xa82c10	0xa87bed	call	0x14d1920
steam	shared-item-noun	0xa82c10	0xa87c0a	call	0x6fa10
steam	shared-item-noun	0xa82c10	0xa87c14	call	0xb9b80
steam	shared-item-noun	0xa82c10	0xa87c2f	call	0x14add70
steam	shared-item-noun	0xa82c10	0xa87c55	jmp	0xa87c9d
steam	shared-item-noun	0xa82c10	0xa87c82	call	0xb9d10
steam	shared-item-noun	0xa82c10	0xa87c91	call	0x6f560
steam	shared-item-noun	0xa82c10	0xa87c96	jmp	0xa87bba
steam	shared-item-noun	0xa82c10	0xa87cac	jmp	0xa87874
steam	shared-item-noun	0xa82c10	0xa87cc1	call	0x6fa10
steam	shared-item-noun	0xa82c10	0xa87cc6	jmp	0xa8806b
steam	shared-item-noun	0xa82c10	0xa87ce4	call	0x6fa10
steam	shared-item-noun	0xa82c10	0xa87cee	call	0xb9b80
steam	shared-item-noun	0xa82c10	0xa87d6d	call	0x14d1920
steam	shared-item-noun	0xa82c10	0xa87d8a	call	0x6fa10
steam	shared-item-noun	0xa82c10	0xa87d94	call	0xb9b80
steam	shared-item-noun	0xa82c10	0xa87db2	call	0x6fa10
steam	shared-item-noun	0xa82c10	0xa87db7	jmp	0xa8806b
steam	shared-item-noun	0xa82c10	0xa87de7	call	0xb9d10
steam	shared-item-noun	0xa82c10	0xa87df6	call	0x6f560
steam	shared-item-noun	0xa82c10	0xa87dfb	jmp	0xa87d3a
steam	shared-item-noun	0xa82c10	0xa87e42	call	0xb9d10
steam	shared-item-noun	0xa82c10	0xa87e4c	call	0xb9b80
steam	shared-item-noun	0xa82c10	0xa87e86	call	0x14d1920
steam	shared-item-noun	0xa82c10	0xa87e93	call	0xb9d10
steam	shared-item-noun	0xa82c10	0xa87e9d	call	0xb9b80
steam	shared-item-noun	0xa82c10	0xa87eb2	call	0x6fa10
steam	shared-item-noun	0xa82c10	0xa87eb7	jmp	0xa8806b
steam	shared-item-noun	0xa82c10	0xa87ee5	call	0xb9d10
steam	shared-item-noun	0xa82c10	0xa87eef	call	0xb9b80
steam	shared-item-noun	0xa82c10	0xa87f04	call	0xb9d10
steam	shared-item-noun	0xa82c10	0xa87f0e	call	0xb9b80
steam	shared-item-noun	0xa82c10	0xa87f27	call	0xb9d10
steam	shared-item-noun	0xa82c10	0xa87f36	call	0x6f560
steam	shared-item-noun	0xa82c10	0xa87f5c	jmp	0xa87f8b
steam	shared-item-noun	0xa82c10	0xa87f81	call	0x14d1920
steam	shared-item-noun	0xa82c10	0xa87f8e	call	0xb9d10
steam	shared-item-noun	0xa82c10	0xa87f98	call	0xb9b80
steam	shared-item-noun	0xa82c10	0xa87faa	call	0x14add70
steam	shared-item-noun	0xa82c10	0xa87fd0	jmp	0xa87fd4
steam	shared-item-noun	0xa82c10	0xa87fe3	jmp	0xa87874
steam	shared-item-noun	0xa82c10	0xa8801a	call	0x14d1920
steam	shared-item-noun	0xa82c10	0xa88037	call	0x6fa10
steam	shared-item-noun	0xa82c10	0xa88041	call	0xb9b80
steam	shared-item-noun	0xa82c10	0xa88056	call	0x6fa10
steam	shared-item-noun	0xa82c10	0xa88066	call	0xb9b80
steam	shared-item-noun	0xa82c10	0xa88081	call	0x6fa10
steam	shared-item-noun	0xa82c10	0xa8808c	call	0x52c130
steam	shared-item-noun	0xa82c10	0xa880a1	call	0x6fa10
steam	shared-item-noun	0xa82c10	0xa880ac	call	0x6f850
steam	shared-item-noun	0xa82c10	0xa880b6	call	0x6f850
steam	shared-item-noun	0xa82c10	0xa880c5	call	0x1539660
steam	item_toolst-title-with-article;item_weaponst-title-with-article;item_instrumentst-title-with-article	0xc653e0	0xc65404	jmp	0x6fa10
steam	item_toolst-title-with-article;item_weaponst-title-with-article;item_instrumentst-title-with-article	0xc653e0	0xc6541a	call	QWORD PTR [rax+0x478]
steam	item_toolst-title-with-article;item_weaponst-title-with-article;item_instrumentst-title-with-article	0xc653e0	0xc6543a	jmp	0x6fa10
steam	complete-item-designation	0xc65450	0xc6549d	call	QWORD PTR [rax+0x10]
steam	complete-item-designation	0xc65450	0xc654a9	jmp	0xc65492
steam	complete-item-designation	0xc65450	0xc654b1	call	QWORD PTR [rax+0x40]
steam	complete-item-designation	0xc65450	0xc654e2	jmp	0xa94030
steam	complete-item-designation	0xc65450	0xc654fa	call	QWORD PTR [rax]
steam	complete-item-designation	0xc65450	0xc65513	jmp	0xc656d3
steam	complete-item-designation	0xc65450	0xc6551f	call	QWORD PTR [rax]
steam	complete-item-designation	0xc65450	0xc6554f	call	QWORD PTR [rax+0x28]
steam	complete-item-designation	0xc65450	0xc655ea	jmp	0xc65603
steam	complete-item-designation	0xc65450	0xc65609	call	QWORD PTR [rax+0x28]
steam	complete-item-designation	0xc65450	0xc656ae	jmp	0xc65540
steam	complete-item-designation	0xc65450	0xc656ca	jmp	0xc65540
steam	complete-item-designation	0xc65450	0xc656e9	call	0x6f8d0
steam	complete-item-designation	0xc65450	0xc6570a	jmp	0x6fa10
steam	complete-item-designation	0xc65450	0xc65727	call	QWORD PTR [rax+0x508]
steam	complete-item-designation	0xc65450	0xc65738	call	QWORD PTR [rdx+0x518]
steam	complete-item-designation	0xc65450	0xc65749	call	QWORD PTR [rdx+0x5d8]
steam	complete-item-designation	0xc65450	0xc65769	call	QWORD PTR [rax+0x5f0]
steam	complete-item-designation	0xc65450	0xc6579b	call	QWORD PTR [rax+0x10]
steam	complete-item-designation	0xc65450	0xc657a7	jmp	0xc65790
steam	complete-item-designation	0xc65450	0xc657ae	call	0xb9b80
steam	complete-item-designation	0xc65450	0xc657c6	call	0xb9b80
steam	complete-item-designation	0xc65450	0xc657d2	call	QWORD PTR [rax+0x1d8]
steam	complete-item-designation	0xc65450	0xc65801	call	0x6fa10
steam	complete-item-designation	0xc65450	0xc6581a	jmp	0xc6585a
steam	complete-item-designation	0xc65450	0xc6583a	jmp	0xc6585a
steam	complete-item-designation	0xc65450	0xc65861	call	0x6fa10
steam	complete-item-designation	0xc65450	0xc65895	call	0x6fa10
steam	complete-item-designation	0xc65450	0xc658c1	call	0x6fa10
steam	complete-item-designation	0xc65450	0xc658cd	call	QWORD PTR [rax+0x5d8]
steam	complete-item-designation	0xc65450	0xc6591a	jmp	0xc6599a
steam	complete-item-designation	0xc65450	0xc6593a	jmp	0xc6599a
steam	complete-item-designation	0xc65450	0xc6595a	jmp	0xc6599a
steam	complete-item-designation	0xc65450	0xc6597a	jmp	0xc6599a
steam	complete-item-designation	0xc65450	0xc659a1	call	0x6fa10
steam	complete-item-designation	0xc65450	0xc659c2	call	0x6fa10
steam	complete-item-designation	0xc65450	0xc659ce	call	QWORD PTR [rax+0x5e0]
steam	complete-item-designation	0xc65450	0xc659f5	call	0x6fa10
steam	complete-item-designation	0xc65450	0xc65a21	call	0x6fa10
steam	complete-item-designation	0xc65450	0xc65a34	call	QWORD PTR [rax+0x5e8]
steam	complete-item-designation	0xc65450	0xc65a45	call	QWORD PTR [rax+0x1d8]
steam	complete-item-designation	0xc65450	0xc65a4e	jmp	0xc65bea
steam	complete-item-designation	0xc65450	0xc65a76	call	0x6fa10
steam	complete-item-designation	0xc65450	0xc65a89	call	QWORD PTR [rax+0x5e8]
steam	complete-item-designation	0xc65450	0xc65a9a	call	QWORD PTR [rax+0x1d8]
steam	complete-item-designation	0xc65450	0xc65aa3	jmp	0xc65c08
steam	complete-item-designation	0xc65450	0xc65ad1	call	0x6fa10
steam	complete-item-designation	0xc65450	0xc65ae4	call	QWORD PTR [rax+0x5e8]
steam	complete-item-designation	0xc65450	0xc65af5	call	QWORD PTR [rax+0x1d8]
steam	complete-item-designation	0xc65450	0xc65afe	jmp	0xc65c26
steam	complete-item-designation	0xc65450	0xc65b26	call	0x6fa10
steam	complete-item-designation	0xc65450	0xc65b39	call	QWORD PTR [rax+0x5e8]
steam	complete-item-designation	0xc65450	0xc65b4a	call	QWORD PTR [rax+0x1d8]
steam	complete-item-designation	0xc65450	0xc65b53	jmp	0xc65c44
steam	complete-item-designation	0xc65450	0xc65b81	call	0x6fa10
steam	complete-item-designation	0xc65450	0xc65b94	call	QWORD PTR [rax+0x5e8]
steam	complete-item-designation	0xc65450	0xc65ba5	call	QWORD PTR [rax+0x1d8]
steam	complete-item-designation	0xc65450	0xc65bae	jmp	0xc65c63
steam	complete-item-designation	0xc65450	0xc65bc1	call	QWORD PTR [rax+0x5e8]
steam	complete-item-designation	0xc65450	0xc65bd6	call	QWORD PTR [rax+0x1d8]
steam	complete-item-designation	0xc65450	0xc65bff	jmp	0xc65c7a
steam	complete-item-designation	0xc65450	0xc65c1d	jmp	0xc65c7a
steam	complete-item-designation	0xc65450	0xc65c3b	jmp	0xc65c7a
steam	complete-item-designation	0xc65450	0xc65c5a	jmp	0xc65c7a
steam	complete-item-designation	0xc65450	0xc65c81	call	0x6fa10
steam	complete-item-designation	0xc65450	0xc65c8d	call	QWORD PTR [rax+0x5e0]
steam	complete-item-designation	0xc65450	0xc65cb4	call	0x6fa10
steam	complete-item-designation	0xc65450	0xc65cc0	call	QWORD PTR [rax+0x5d8]
steam	complete-item-designation	0xc65450	0xc65cf1	call	0x6fa10
steam	complete-item-designation	0xc65450	0xc65d2f	jmp	0xc65daa
steam	complete-item-designation	0xc65450	0xc65d4d	jmp	0xc65daa
steam	complete-item-designation	0xc65450	0xc65d6b	jmp	0xc65daa
steam	complete-item-designation	0xc65450	0xc65d8a	jmp	0xc65daa
steam	complete-item-designation	0xc65450	0xc65db1	call	0x6fa10
steam	complete-item-designation	0xc65450	0xc65de5	call	0x6fa10
steam	complete-item-designation	0xc65450	0xc65e11	call	0x6fa10
steam	complete-item-designation	0xc65450	0xc65e41	call	0x6fa10
steam	complete-item-designation	0xc65450	0xc65e59	jmp	0xc65e99
steam	complete-item-designation	0xc65450	0xc65e79	jmp	0xc65e99
steam	complete-item-designation	0xc65450	0xc65ea3	call	0x6fa10
steam	complete-item-designation	0xc65450	0xc65eb7	call	0xb9b80
steam	complete-item-designation	0xc65450	0xc65edb	call	QWORD PTR [rax+0x10]
steam	complete-item-designation	0xc65450	0xc65ee7	jmp	0xc65ed0
steam	complete-item-designation	0xc65450	0xc65eee	call	0xb9b80
steam	item_toolst-title	0xca39f0	0xca3a34	call	QWORD PTR [rax+0x90]
steam	item_toolst-title	0xca39f0	0xca3a45	call	0xc91a90
steam	item_toolst-title	0xca39f0	0xca3a78	call	0x6fa10
steam	item_toolst-title	0xca39f0	0xca3a7d	jmp	0xca3ce7
steam	item_toolst-title	0xca39f0	0xca3a9e	call	0x6fa10
steam	item_toolst-title	0xca39f0	0xca3aa3	jmp	0xca3ce7
steam	item_toolst-title	0xca39f0	0xca3ac4	call	0x6fa10
steam	item_toolst-title	0xca39f0	0xca3ac9	jmp	0xca3ce7
steam	item_toolst-title	0xca39f0	0xca3aea	call	0x6fa10
steam	item_toolst-title	0xca39f0	0xca3aef	jmp	0xca3ce7
steam	item_toolst-title	0xca39f0	0xca3b10	call	0x6fa10
steam	item_toolst-title	0xca39f0	0xca3b15	jmp	0xca3ce7
steam	item_toolst-title	0xca39f0	0xca3b36	call	0x6fa10
steam	item_toolst-title	0xca39f0	0xca3b3b	jmp	0xca3ce7
steam	item_toolst-title	0xca39f0	0xca3b5c	call	0x6fa10
steam	item_toolst-title	0xca39f0	0xca3b61	jmp	0xca3ce7
steam	item_toolst-title	0xca39f0	0xca3b82	call	0x6fa10
steam	item_toolst-title	0xca39f0	0xca3b87	jmp	0xca3ce7
steam	item_toolst-title	0xca39f0	0xca3ba8	call	0x6fa10
steam	item_toolst-title	0xca39f0	0xca3bad	jmp	0xca3ce7
steam	item_toolst-title	0xca39f0	0xca3bce	call	0x6fa10
steam	item_toolst-title	0xca39f0	0xca3bd3	jmp	0xca3ce7
steam	item_toolst-title	0xca39f0	0xca3bf4	call	0x6fa10
steam	item_toolst-title	0xca39f0	0xca3bf9	jmp	0xca3ce7
steam	item_toolst-title	0xca39f0	0xca3c1a	call	0x6fa10
steam	item_toolst-title	0xca39f0	0xca3c1f	jmp	0xca3ce7
steam	item_toolst-title	0xca39f0	0xca3c3b	call	QWORD PTR [rax+0x10]
steam	item_toolst-title	0xca39f0	0xca3c47	jmp	0xca3c30
steam	item_toolst-title	0xca39f0	0xca3c4f	call	QWORD PTR [rax+0x18]
steam	item_toolst-title	0xca39f0	0xca3c55	jmp	0xca3c5a
steam	item_toolst-title	0xca39f0	0xca3c6d	call	QWORD PTR [rax+0x10]
steam	item_toolst-title	0xca39f0	0xca3c79	jmp	0xca3c62
steam	item_toolst-title	0xca39f0	0xca3c81	call	QWORD PTR [rax+0x18]
steam	item_toolst-title	0xca39f0	0xca3c84	jmp	0xca3c89
steam	item_toolst-title	0xca39f0	0xca3cb8	call	0xc65450
steam	item_toolst-title	0xca39f0	0xca3cd2	call	0x6fa10
steam	item_toolst-title	0xca39f0	0xca3cdc	call	0x6f850
steam	item_toolst-title	0xca39f0	0xca3cf7	call	0x6fa10
steam	item_toolst-title	0xca39f0	0xca3d18	call	0x6fa10
steam	item_toolst-title	0xca39f0	0xca3dc9	jmp	0xca3ec6
steam	item_toolst-title	0xca39f0	0xca3e1b	call	0x72570
steam	item_toolst-title	0xca39f0	0xca3e28	call	0xc3a4f0
steam	item_toolst-title	0xca39f0	0xca3e2d	jmp	0xca3e33
steam	item_toolst-title	0xca39f0	0xca3e4b	call	0xa946e0
steam	item_toolst-title	0xca39f0	0xca3e6c	call	0x6fa10
steam	item_toolst-title	0xca39f0	0xca3e82	call	0x6fa10
steam	item_toolst-title	0xca39f0	0xca3eba	call	QWORD PTR [rip+0x941c68]        # 0x1415e5b28
steam	item_toolst-title	0xca39f0	0xca3ec1	call	0x1539680
steam	item_toolst-title	0xca39f0	0xca3ed4	call	0x14add70
steam	item_toolst-title	0xca39f0	0xca3f04	call	0x6fa10
steam	item_toolst-title	0xca39f0	0xca3f1a	call	0x6fa10
steam	item_toolst-title	0xca39f0	0xca3f34	jmp	0xca3f43
steam	item_toolst-title	0xca39f0	0xca3f47	call	0x6fa10
steam	item_toolst-title	0xca39f0	0xca3f5c	call	0x6fa10
steam	item_toolst-title	0xca39f0	0xca3f76	call	0x6fa10
steam	item_toolst-title	0xca39f0	0xca3f9c	call	0x6fa10
steam	item_toolst-title	0xca39f0	0xca3fc0	call	0x6fa10
steam	item_toolst-title	0xca39f0	0xca3fd5	call	0x6fa10
steam	item_toolst-title	0xca39f0	0xca3fdf	call	0x6f850
steam	item_toolst-title	0xca39f0	0xca3fe4	jmp	0xca4397
steam	item_toolst-title	0xca39f0	0xca3fec	call	0x2566a0
steam	item_toolst-title	0xca39f0	0xca4026	call	0xc65450
steam	item_toolst-title	0xca39f0	0xca403f	call	0x6fa10
steam	item_toolst-title	0xca39f0	0xca4054	call	0x6fa10
steam	item_toolst-title	0xca39f0	0xca4074	call	0x6fa10
steam	item_toolst-title	0xca39f0	0xca412a	jmp	0xca4227
steam	item_toolst-title	0xca39f0	0xca417c	call	0x72570
steam	item_toolst-title	0xca39f0	0xca4189	call	0xc3a4f0
steam	item_toolst-title	0xca39f0	0xca418e	jmp	0xca4194
steam	item_toolst-title	0xca39f0	0xca41ac	call	0xa946e0
steam	item_toolst-title	0xca39f0	0xca41cd	call	0x6fa10
steam	item_toolst-title	0xca39f0	0xca41e3	call	0x6fa10
steam	item_toolst-title	0xca39f0	0xca421b	call	QWORD PTR [rip+0x941907]        # 0x1415e5b28
steam	item_toolst-title	0xca39f0	0xca4222	call	0x1539680
steam	item_toolst-title	0xca39f0	0xca4235	call	0x14add70
steam	item_toolst-title	0xca39f0	0xca4265	call	0x6fa10
steam	item_toolst-title	0xca39f0	0xca427b	call	0x6fa10
steam	item_toolst-title	0xca39f0	0xca4295	jmp	0xca42a3
steam	item_toolst-title	0xca39f0	0xca42aa	call	0x6fa10
steam	item_toolst-title	0xca39f0	0xca42bf	call	0x6fa10
steam	item_toolst-title	0xca39f0	0xca42d9	call	0x6fa10
steam	item_toolst-title	0xca39f0	0xca42ff	call	0x6fa10
steam	item_toolst-title	0xca39f0	0xca4323	call	0x6fa10
steam	item_toolst-title	0xca39f0	0xca4338	call	0x6fa10
steam	item_toolst-title	0xca39f0	0xca4370	call	QWORD PTR [rip+0x9417b2]        # 0x1415e5b28
steam	item_toolst-title	0xca39f0	0xca4377	call	0x1539680
steam	item_toolst-title	0xca39f0	0xca4381	call	0x6f850
steam	item_toolst-title	0xca39f0	0xca4386	jmp	0xca4397
steam	item_toolst-title	0xca39f0	0xca4392	call	0xca5bb0
steam	item_toolst-title	0xca39f0	0xca439e	call	0xcabf80
steam	item_toolst-title	0xca39f0	0xca43bb	call	0x6fa10
steam	item_toolst-title	0xca39f0	0xca43c9	call	0x52c130
steam	item_toolst-title	0xca39f0	0xca43de	call	0x6fa10
steam	item_toolst-title	0xca39f0	0xca43e3	jmp	0xca43ea
steam	item_toolst-title	0xca39f0	0xca43e5	call	0xca5bb0
steam	item_toolst-title	0xca39f0	0xca43f1	call	0x1539660
steam	item_weaponst-title;item_instrumentst-title	0xca5bb0	0xca5be3	call	QWORD PTR [rax+0x10]
steam	item_weaponst-title;item_instrumentst-title	0xca5bb0	0xca5bef	jmp	0xca5bd8
steam	item_weaponst-title;item_instrumentst-title	0xca5bb0	0xca5bf7	call	QWORD PTR [rax+0x40]
steam	item_weaponst-title;item_instrumentst-title	0xca5bb0	0xca5bfd	jmp	0xca5c01
steam	item_weaponst-title;item_instrumentst-title	0xca5bb0	0xca5c13	call	QWORD PTR [rax+0x590]
steam	item_weaponst-title;item_instrumentst-title	0xca5bb0	0xca5c31	call	QWORD PTR [rdx+0x18]
steam	item_weaponst-title;item_instrumentst-title	0xca5bb0	0xca5c3d	call	QWORD PTR [rdx+0x10]
steam	item_weaponst-title;item_instrumentst-title	0xca5bb0	0xca5c4a	call	QWORD PTR [rdx+0x8]
steam	item_weaponst-title;item_instrumentst-title	0xca5bb0	0xca5c57	call	QWORD PTR [rdx]
steam	item_weaponst-title;item_instrumentst-title	0xca5bb0	0xca5c5f	jmp	0xca5cf2
steam	item_weaponst-title;item_instrumentst-title	0xca5bb0	0xca5c6b	call	rdx
steam	item_weaponst-title;item_instrumentst-title	0xca5bb0	0xca5c8b	call	QWORD PTR [rax+0x18]
steam	item_weaponst-title;item_instrumentst-title	0xca5bb0	0xca5c97	call	QWORD PTR [rax+0x10]
steam	item_weaponst-title;item_instrumentst-title	0xca5bb0	0xca5ca4	call	QWORD PTR [rax+0x8]
steam	item_weaponst-title;item_instrumentst-title	0xca5bb0	0xca5cb1	call	QWORD PTR [rax]
steam	item_weaponst-title;item_instrumentst-title	0xca5bb0	0xca5cb9	jmp	0xca5cf2
steam	item_weaponst-title;item_instrumentst-title	0xca5bb0	0xca5cbb	call	QWORD PTR [rax+0x478]
steam	item_weaponst-title;item_instrumentst-title	0xca5bb0	0xca5cca	call	QWORD PTR [rdx+0x18]
steam	item_weaponst-title;item_instrumentst-title	0xca5bb0	0xca5cd6	call	QWORD PTR [rdx+0x10]
steam	item_weaponst-title;item_instrumentst-title	0xca5bb0	0xca5ce3	call	QWORD PTR [rdx+0x8]
steam	item_weaponst-title;item_instrumentst-title	0xca5bb0	0xca5cf0	call	QWORD PTR [rdx]
steam	item_weaponst-title;item_instrumentst-title	0xca5bb0	0xca5d45	call	0xa82c10
steam	instrument-raw-writer	0xebe8a0	0xebe8bd	call	0x153adc0
steam	instrument-raw-writer	0xebe8a0	0xebe924	call	0x65b00
steam	instrument-raw-writer	0xebe8a0	0xebe92e	call	0x65b00
steam	instrument-raw-writer	0xebe8a0	0xebe93b	call	0x65b00
steam	instrument-raw-writer	0xebe8a0	0xebe946	call	0x65b00
steam	instrument-raw-writer	0xebe8a0	0xebe957	call	0x6f5d0
steam	instrument-raw-writer	0xebe8a0	0xebe969	call	0xbb8e0
steam	instrument-raw-writer	0xebe8a0	0xebe97a	call	0xbb8e0
steam	instrument-raw-writer	0xebe8a0	0xebe9a9	call	0x6f690
steam	instrument-raw-writer	0xebe8a0	0xebe9c2	call	0x6f220
steam	instrument-raw-writer	0xebe8a0	0xebe9ce	call	0x6ee50
steam	instrument-raw-writer	0xebe8a0	0xebe9e3	call	0x71f30
steam	instrument-raw-writer	0xebe8a0	0xebe9ef	call	0x6f220
steam	instrument-raw-writer	0xebe8a0	0xebe9fe	call	0x6f5a0
steam	instrument-raw-writer	0xebe8a0	0xebea0e	call	0x6f240
steam	instrument-raw-writer	0xebe8a0	0xebea21	call	0x6f230
steam	instrument-raw-writer	0xebe8a0	0xebea35	call	0x6ee20
steam	instrument-raw-writer	0xebe8a0	0xebea3f	call	0x657b0
steam	instrument-raw-writer	0xebe8a0	0xebea54	call	0x6ee10
steam	instrument-raw-writer	0xebe8a0	0xebea67	call	0x6fe40
steam	instrument-raw-writer	0xebe8a0	0xebea78	call	0x6ee00
steam	instrument-raw-writer	0xebe8a0	0xebea8c	call	0x6ee20
steam	instrument-raw-writer	0xebe8a0	0xebea96	call	0x657b0
steam	instrument-raw-writer	0xebe8a0	0xebeaa7	call	0x6f240
steam	instrument-raw-writer	0xebe8a0	0xebeab7	call	0x6f230
steam	instrument-raw-writer	0xebe8a0	0xebeacb	call	0x6ee20
steam	instrument-raw-writer	0xebe8a0	0xebead5	call	0x657b0
steam	instrument-raw-writer	0xebe8a0	0xebeae4	call	0x6ee10
steam	instrument-raw-writer	0xebe8a0	0xebeaf3	call	0x6fe40
steam	instrument-raw-writer	0xebe8a0	0xebeb00	call	0x6ee00
steam	instrument-raw-writer	0xebe8a0	0xebeb14	call	0x6ee20
steam	instrument-raw-writer	0xebe8a0	0xebeb1e	call	0x657b0
steam	instrument-raw-writer	0xebe8a0	0xebeb27	jmp	0xebeb42
steam	instrument-raw-writer	0xebe8a0	0xebeb34	jmp	0xebeb42
steam	instrument-raw-writer	0xebe8a0	0xebeb3d	call	0x930be0
steam	instrument-raw-writer	0xebe8a0	0xebeb4d	call	0xbb770
steam	instrument-raw-writer	0xebe8a0	0xebeb60	call	0x6f5d0
steam	instrument-raw-writer	0xebe8a0	0xebeb74	call	0x6f560
steam	instrument-raw-writer	0xebe8a0	0xebeb83	call	0x52c130
steam	instrument-raw-writer	0xebe8a0	0xebeb96	call	0xbb770
steam	instrument-raw-writer	0xebe8a0	0xebeba0	call	0x71f30
steam	instrument-raw-writer	0xebe8a0	0xebebb4	call	0x6f690
steam	instrument-raw-writer	0xebe8a0	0xebebe9	call	0x71f30
steam	instrument-raw-writer	0xebe8a0	0xebec60	jmp	0xebed72
steam	instrument-raw-writer	0xebe8a0	0xebecc7	jmp	0xebed75
steam	instrument-raw-writer	0xebe8a0	0xebecd6	call	0x71f30
steam	instrument-raw-writer	0xebe8a0	0xebed16	jmp	0xebed79
steam	instrument-raw-writer	0xebe8a0	0xebed1d	jmp	0xebed24
steam	instrument-raw-writer	0xebe8a0	0xebedd0	call	0x6f5d0
steam	instrument-raw-writer	0xebe8a0	0xebede4	call	0x6f560
steam	instrument-raw-writer	0xebe8a0	0xebedf4	call	0xbb770
steam	instrument-raw-writer	0xebe8a0	0xebee0e	call	0x6f580
steam	instrument-raw-writer	0xebe8a0	0xebee21	call	0xb9d10
steam	instrument-raw-writer	0xebe8a0	0xebee34	call	0x6f560
steam	instrument-raw-writer	0xebe8a0	0xebee45	call	0xbb770
steam	instrument-raw-writer	0xebe8a0	0xebee56	call	0xbb8e0
steam	instrument-raw-writer	0xebe8a0	0xebee74	call	0x68150
steam	instrument-raw-writer	0xebe8a0	0xebee89	call	0x52c130
steam	instrument-raw-writer	0xebe8a0	0xebee9c	call	0x6f560
steam	instrument-raw-writer	0xebe8a0	0xebeead	call	0xbb770
steam	instrument-raw-writer	0xebe8a0	0xebeeba	call	0x67e30
steam	instrument-raw-writer	0xebe8a0	0xebeed8	call	0x68150
steam	instrument-raw-writer	0xebe8a0	0xebeeed	call	0x52c130
steam	instrument-raw-writer	0xebe8a0	0xebef00	call	0x6f560
steam	instrument-raw-writer	0xebe8a0	0xebef11	call	0xbb770
steam	instrument-raw-writer	0xebe8a0	0xebef1e	call	0x67e30
steam	instrument-raw-writer	0xebe8a0	0xebef2f	call	0xbb8e0
steam	instrument-raw-writer	0xebe8a0	0xebef40	call	0xbb8e0
steam	instrument-raw-writer	0xebe8a0	0xebef53	call	0x6f580
steam	instrument-raw-writer	0xebe8a0	0xebef66	call	0xb9d10
steam	instrument-raw-writer	0xebe8a0	0xebef79	call	0x6f560
steam	instrument-raw-writer	0xebe8a0	0xebef8c	call	0x6f560
steam	instrument-raw-writer	0xebe8a0	0xebef9f	call	0xb9d10
steam	instrument-raw-writer	0xebe8a0	0xebefb2	call	0x6f560
steam	instrument-raw-writer	0xebe8a0	0xebefc5	call	0x6f560
steam	instrument-raw-writer	0xebe8a0	0xebefd6	call	0xbb770
steam	instrument-raw-writer	0xebe8a0	0xebefe7	call	0xbb8e0
steam	instrument-raw-writer	0xebe8a0	0xebeffa	call	0xeb9410
steam	instrument-raw-writer	0xebe8a0	0xebf00b	call	0xbb8e0
steam	instrument-raw-writer	0xebe8a0	0xebf01e	call	0x6f580
steam	instrument-raw-writer	0xebe8a0	0xebf02c	call	0x52c130
steam	instrument-raw-writer	0xebe8a0	0xebf03f	call	0x6f560
steam	instrument-raw-writer	0xebe8a0	0xebf050	call	0xbb770
steam	instrument-raw-writer	0xebe8a0	0xebf063	call	0x6f580
steam	instrument-raw-writer	0xebe8a0	0xebf072	call	0x52c130
steam	instrument-raw-writer	0xebe8a0	0xebf085	call	0x6f560
steam	instrument-raw-writer	0xebe8a0	0xebf096	call	0xbb770
steam	instrument-raw-writer	0xebe8a0	0xebf0a9	call	0x6f580
steam	instrument-raw-writer	0xebe8a0	0xebf0bc	call	0xb9d10
steam	instrument-raw-writer	0xebe8a0	0xebf0cf	call	0x6f560
steam	instrument-raw-writer	0xebe8a0	0xebf0e0	call	0xbb770
steam	instrument-raw-writer	0xebe8a0	0xebf0f3	call	0x6f5d0
steam	instrument-raw-writer	0xebe8a0	0xebf107	call	0x6f560
steam	instrument-raw-writer	0xebe8a0	0xebf117	call	0xbb770
steam	instrument-raw-writer	0xebe8a0	0xebf131	call	0x6f580
steam	instrument-raw-writer	0xebe8a0	0xebf144	call	0xb9d10
steam	instrument-raw-writer	0xebe8a0	0xebf157	call	0x6f560
steam	instrument-raw-writer	0xebe8a0	0xebf168	call	0xbb770
steam	instrument-raw-writer	0xebe8a0	0xebf179	call	0xbb8e0
steam	instrument-raw-writer	0xebe8a0	0xebf197	call	0x68150
steam	instrument-raw-writer	0xebe8a0	0xebf1a7	call	0x52c130
steam	instrument-raw-writer	0xebe8a0	0xebf1ba	call	0x6f560
steam	instrument-raw-writer	0xebe8a0	0xebf1cb	call	0xbb770
steam	instrument-raw-writer	0xebe8a0	0xebf1d8	call	0x67e30
steam	instrument-raw-writer	0xebe8a0	0xebf1f1	call	0x68150
steam	instrument-raw-writer	0xebe8a0	0xebf201	call	0x52c130
steam	instrument-raw-writer	0xebe8a0	0xebf214	call	0x6f560
steam	instrument-raw-writer	0xebe8a0	0xebf225	call	0xbb770
steam	instrument-raw-writer	0xebe8a0	0xebf232	call	0x67e30
steam	instrument-raw-writer	0xebe8a0	0xebf243	call	0xbb8e0
steam	instrument-raw-writer	0xebe8a0	0xebf254	call	0xbb8e0
steam	instrument-raw-writer	0xebe8a0	0xebf265	call	0xbb8e0
steam	instrument-raw-writer	0xebe8a0	0xebf278	call	0x6f580
steam	instrument-raw-writer	0xebe8a0	0xebf28b	call	0xb9d10
steam	instrument-raw-writer	0xebe8a0	0xebf2b3	jmp	0xebf2de
steam	instrument-raw-writer	0xebe8a0	0xebf2d5	jmp	0xebf2de
steam	instrument-raw-writer	0xebe8a0	0xebf2e5	call	0x6f560
steam	instrument-raw-writer	0xebe8a0	0xebf2f8	call	0x6f560
steam	instrument-raw-writer	0xebe8a0	0xebf30b	call	0xb9d10
steam	instrument-raw-writer	0xebe8a0	0xebf328	jmp	0xebf353
steam	instrument-raw-writer	0xebe8a0	0xebf34a	jmp	0xebf353
steam	instrument-raw-writer	0xebe8a0	0xebf35a	call	0x6f560
steam	instrument-raw-writer	0xebe8a0	0xebf36d	call	0x6f560
steam	instrument-raw-writer	0xebe8a0	0xebf37e	call	0xbb770
steam	instrument-raw-writer	0xebe8a0	0xebf38f	call	0xbb8e0
steam	instrument-raw-writer	0xebe8a0	0xebf3a2	call	0xeb9410
steam	instrument-raw-writer	0xebe8a0	0xebf3b3	call	0xbb8e0
steam	instrument-raw-writer	0xebe8a0	0xebf3c6	call	0x6f580
steam	instrument-raw-writer	0xebe8a0	0xebf3d4	call	0x52c130
steam	instrument-raw-writer	0xebe8a0	0xebf3e7	call	0x6f560
steam	instrument-raw-writer	0xebe8a0	0xebf3f8	call	0xbb770
steam	instrument-raw-writer	0xebe8a0	0xebf40b	call	0x6f580
steam	instrument-raw-writer	0xebe8a0	0xebf41a	call	0x52c130
steam	instrument-raw-writer	0xebe8a0	0xebf42d	call	0x6f560
steam	instrument-raw-writer	0xebe8a0	0xebf43e	call	0xbb770
steam	instrument-raw-writer	0xebe8a0	0xebf451	call	0x6f580
steam	instrument-raw-writer	0xebe8a0	0xebf464	call	0xb9d10
steam	instrument-raw-writer	0xebe8a0	0xebf481	jmp	0xebf4b0
steam	instrument-raw-writer	0xebe8a0	0xebf4a7	jmp	0xebf4b6
steam	instrument-raw-writer	0xebe8a0	0xebf4bd	call	0x6f560
steam	instrument-raw-writer	0xebe8a0	0xebf4d0	call	0x6f560
steam	instrument-raw-writer	0xebe8a0	0xebf4e1	call	0xbb770
steam	instrument-raw-writer	0xebe8a0	0xebf4ed	call	0x6f690
steam	instrument-raw-writer	0xebe8a0	0xebf511	call	0x6f5a0
steam	instrument-raw-writer	0xebe8a0	0xebf524	call	0x6f560
steam	instrument-raw-writer	0xebe8a0	0xebf534	call	0xbb770
steam	instrument-raw-writer	0xebe8a0	0xebf547	call	0x6f580
steam	instrument-raw-writer	0xebe8a0	0xebf55a	call	0xb9d10
steam	instrument-raw-writer	0xebe8a0	0xebf56d	call	0x6f560
steam	instrument-raw-writer	0xebe8a0	0xebf57e	call	0xbb770
steam	instrument-raw-writer	0xebe8a0	0xebf58f	call	0xbb8e0
steam	instrument-raw-writer	0xebe8a0	0xebf5ad	call	0x68150
steam	instrument-raw-writer	0xebe8a0	0xebf5bd	call	0x52c130
steam	instrument-raw-writer	0xebe8a0	0xebf5d0	call	0x6f560
steam	instrument-raw-writer	0xebe8a0	0xebf5e1	call	0xbb770
steam	instrument-raw-writer	0xebe8a0	0xebf5ee	call	0x67e30
steam	instrument-raw-writer	0xebe8a0	0xebf607	call	0x68150
steam	instrument-raw-writer	0xebe8a0	0xebf617	call	0x52c130
steam	instrument-raw-writer	0xebe8a0	0xebf62a	call	0x6f560
steam	instrument-raw-writer	0xebe8a0	0xebf63b	call	0xbb770
steam	instrument-raw-writer	0xebe8a0	0xebf648	call	0x67e30
steam	instrument-raw-writer	0xebe8a0	0xebf659	call	0xbb8e0
steam	instrument-raw-writer	0xebe8a0	0xebf66a	call	0xbb8e0
steam	instrument-raw-writer	0xebe8a0	0xebf67b	call	0xbb8e0
steam	instrument-raw-writer	0xebe8a0	0xebf68e	call	0x6f580
steam	instrument-raw-writer	0xebe8a0	0xebf6a1	call	0xb9d10
steam	instrument-raw-writer	0xebe8a0	0xebf6bb	jmp	0xebf6d2
steam	instrument-raw-writer	0xebe8a0	0xebf6d9	call	0x6f560
steam	instrument-raw-writer	0xebe8a0	0xebf6ec	call	0x6f560
steam	instrument-raw-writer	0xebe8a0	0xebf6ff	call	0xb9d10
steam	instrument-raw-writer	0xebe8a0	0xebf70f	jmp	0xebf726
steam	instrument-raw-writer	0xebe8a0	0xebf72d	call	0x6f560
steam	instrument-raw-writer	0xebe8a0	0xebf740	call	0x6f560
steam	instrument-raw-writer	0xebe8a0	0xebf751	call	0xbb770
steam	instrument-raw-writer	0xebe8a0	0xebf762	call	0xbb8e0
steam	instrument-raw-writer	0xebe8a0	0xebf779	call	0xeb91f0
steam	instrument-raw-writer	0xebe8a0	0xebf77e	jmp	0xebf785
steam	instrument-raw-writer	0xebe8a0	0xebf780	call	0xeb9410
steam	instrument-raw-writer	0xebe8a0	0xebf791	call	0xbb8e0
steam	instrument-raw-writer	0xebe8a0	0xebf7a4	call	0x6f580
steam	instrument-raw-writer	0xebe8a0	0xebf7b3	call	0x52c130
steam	instrument-raw-writer	0xebe8a0	0xebf7c6	call	0x6f560
steam	instrument-raw-writer	0xebe8a0	0xebf7d7	call	0xbb770
steam	instrument-raw-writer	0xebe8a0	0xebf7ea	call	0x6f580
steam	instrument-raw-writer	0xebe8a0	0xebf7f9	call	0x52c130
steam	instrument-raw-writer	0xebe8a0	0xebf80c	call	0x6f560
steam	instrument-raw-writer	0xebe8a0	0xebf81d	call	0xbb770
steam	instrument-raw-writer	0xebe8a0	0xebf830	call	0x6f580
steam	instrument-raw-writer	0xebe8a0	0xebf843	call	0xb9d10
steam	instrument-raw-writer	0xebe8a0	0xebf853	jmp	0xebf86a
steam	instrument-raw-writer	0xebe8a0	0xebf871	call	0x6f560
steam	instrument-raw-writer	0xebe8a0	0xebf884	call	0x6f560
steam	instrument-raw-writer	0xebe8a0	0xebf895	call	0xbb770
steam	instrument-raw-writer	0xebe8a0	0xebf89a	jmp	0xebf8a1
steam	instrument-raw-writer	0xebe8a0	0xebf8a8	call	0x6f690
steam	instrument-raw-writer	0xebe8a0	0xebf8da	call	0x6f5a0
steam	instrument-raw-writer	0xebe8a0	0xebf8ed	call	0x6f560
steam	instrument-raw-writer	0xebe8a0	0xebf8fd	call	0xbb770
steam	instrument-raw-writer	0xebe8a0	0xebf910	call	0x6f580
steam	instrument-raw-writer	0xebe8a0	0xebf923	call	0xb9d10
steam	instrument-raw-writer	0xebe8a0	0xebf936	call	0x6f560
steam	instrument-raw-writer	0xebe8a0	0xebf947	call	0xbb770
steam	instrument-raw-writer	0xebe8a0	0xebf958	call	0xbb8e0
steam	instrument-raw-writer	0xebe8a0	0xebf976	call	0x68150
steam	instrument-raw-writer	0xebe8a0	0xebf986	call	0x52c130
steam	instrument-raw-writer	0xebe8a0	0xebf999	call	0x6f560
steam	instrument-raw-writer	0xebe8a0	0xebf9aa	call	0xbb770
steam	instrument-raw-writer	0xebe8a0	0xebf9b7	call	0x67e30
steam	instrument-raw-writer	0xebe8a0	0xebf9d0	call	0x68150
steam	instrument-raw-writer	0xebe8a0	0xebf9e0	call	0x52c130
steam	instrument-raw-writer	0xebe8a0	0xebf9f3	call	0x6f560
steam	instrument-raw-writer	0xebe8a0	0xebfa04	call	0xbb770
steam	instrument-raw-writer	0xebe8a0	0xebfa11	call	0x67e30
steam	instrument-raw-writer	0xebe8a0	0xebfa22	call	0xbb8e0
steam	instrument-raw-writer	0xebe8a0	0xebfa33	call	0xbb8e0
steam	instrument-raw-writer	0xebe8a0	0xebfa44	call	0xbb8e0
steam	instrument-raw-writer	0xebe8a0	0xebfa57	call	0x6f580
steam	instrument-raw-writer	0xebe8a0	0xebfa6a	call	0xb9d10
steam	instrument-raw-writer	0xebe8a0	0xebfa8e	call	0x6f560
steam	instrument-raw-writer	0xebe8a0	0xebfaa1	call	0x6f560
steam	instrument-raw-writer	0xebe8a0	0xebfab4	call	0xb9d10
steam	instrument-raw-writer	0xebe8a0	0xebfac3	call	0x6f560
steam	instrument-raw-writer	0xebe8a0	0xebfad6	call	0x6f560
steam	instrument-raw-writer	0xebe8a0	0xebfae7	call	0xbb770
steam	instrument-raw-writer	0xebe8a0	0xebfaf8	call	0xbb8e0
steam	instrument-raw-writer	0xebe8a0	0xebfb10	call	0xeb9410
steam	instrument-raw-writer	0xebe8a0	0xebfb15	jmp	0xebfb1c
steam	instrument-raw-writer	0xebe8a0	0xebfb17	call	0xeb8ff0
steam	instrument-raw-writer	0xebe8a0	0xebfb28	call	0xbb8e0
steam	instrument-raw-writer	0xebe8a0	0xebfb3b	call	0x6f580
steam	instrument-raw-writer	0xebe8a0	0xebfb4b	call	0x52c130
steam	instrument-raw-writer	0xebe8a0	0xebfb5e	call	0x6f560
steam	instrument-raw-writer	0xebe8a0	0xebfb6f	call	0xbb770
steam	instrument-raw-writer	0xebe8a0	0xebfb82	call	0x6f580
steam	instrument-raw-writer	0xebe8a0	0xebfb91	call	0x52c130
steam	instrument-raw-writer	0xebe8a0	0xebfba4	call	0x6f560
steam	instrument-raw-writer	0xebe8a0	0xebfbb5	call	0xbb770
steam	instrument-raw-writer	0xebe8a0	0xebfbc8	call	0x6f580
steam	instrument-raw-writer	0xebe8a0	0xebfbdb	call	0xb9d10
steam	instrument-raw-writer	0xebe8a0	0xebfbfa	call	0x6f560
steam	instrument-raw-writer	0xebe8a0	0xebfc0b	call	0xbb770
steam	instrument-raw-writer	0xebe8a0	0xebfc15	jmp	0xebfc1c
steam	instrument-raw-writer	0xebe8a0	0xebfc2a	call	0x6f580
steam	instrument-raw-writer	0xebe8a0	0xebfc3d	call	0xb9d10
steam	instrument-raw-writer	0xebe8a0	0xebfc50	call	0x6f560
steam	instrument-raw-writer	0xebe8a0	0xebfc61	call	0xbb770
steam	instrument-raw-writer	0xebe8a0	0xebfc72	call	0xbb8e0
steam	instrument-raw-writer	0xebe8a0	0xebfc8b	call	0x68150
steam	instrument-raw-writer	0xebe8a0	0xebfc9b	call	0x52c130
steam	instrument-raw-writer	0xebe8a0	0xebfcae	call	0x6f560
steam	instrument-raw-writer	0xebe8a0	0xebfcbf	call	0xbb770
steam	instrument-raw-writer	0xebe8a0	0xebfccc	call	0x67e30
steam	instrument-raw-writer	0xebe8a0	0xebfce5	call	0x68150
steam	instrument-raw-writer	0xebe8a0	0xebfcf5	call	0x52c130
steam	instrument-raw-writer	0xebe8a0	0xebfd08	call	0x6f560
steam	instrument-raw-writer	0xebe8a0	0xebfd19	call	0xbb770
steam	instrument-raw-writer	0xebe8a0	0xebfd26	call	0x67e30
steam	instrument-raw-writer	0xebe8a0	0xebfd39	call	0x6f580
steam	instrument-raw-writer	0xebe8a0	0xebfd4c	call	0xb9d10
steam	instrument-raw-writer	0xebe8a0	0xebfd5f	call	0x6f560
steam	instrument-raw-writer	0xebe8a0	0xebfd72	call	0xb9d10
steam	instrument-raw-writer	0xebe8a0	0xebfd85	call	0x6f560
steam	instrument-raw-writer	0xebe8a0	0xebfd96	call	0xbb770
steam	instrument-raw-writer	0xebe8a0	0xebfda7	call	0xbb8e0
steam	instrument-raw-writer	0xebe8a0	0xebfdba	call	0x6f580
steam	instrument-raw-writer	0xebe8a0	0xebfdc8	call	0x52c130
steam	instrument-raw-writer	0xebe8a0	0xebfddb	call	0x6f560
steam	instrument-raw-writer	0xebe8a0	0xebfdec	call	0xbb770
steam	instrument-raw-writer	0xebe8a0	0xebfe05	call	0xbb8e0
steam	instrument-raw-writer	0xebe8a0	0xebfe16	call	0xbb8e0
steam	instrument-raw-writer	0xebe8a0	0xebfe29	call	0x6f580
steam	instrument-raw-writer	0xebe8a0	0xebfe3c	call	0x6f560
steam	instrument-raw-writer	0xebe8a0	0xebfe4f	call	0xb9d10
steam	instrument-raw-writer	0xebe8a0	0xebfe62	call	0x6f560
steam	instrument-raw-writer	0xebe8a0	0xebfe75	call	0x6f560
steam	instrument-raw-writer	0xebe8a0	0xebfe86	call	0xbb770
steam	instrument-raw-writer	0xebe8a0	0xebfe99	call	0x6f580
steam	instrument-raw-writer	0xebe8a0	0xebfeac	call	0x6f560
steam	instrument-raw-writer	0xebe8a0	0xebfebf	call	0xb9d10
steam	instrument-raw-writer	0xebe8a0	0xebfee2	jmp	0xebff4b
steam	instrument-raw-writer	0xebe8a0	0xebff01	call	0x6f560
steam	instrument-raw-writer	0xebe8a0	0xebff0d	jmp	0xebfff0
steam	instrument-raw-writer	0xebe8a0	0xebff19	call	0x6f560
steam	instrument-raw-writer	0xebe8a0	0xebff2c	call	0x6f560
steam	instrument-raw-writer	0xebe8a0	0xebff3d	call	0xbb770
steam	instrument-raw-writer	0xebe8a0	0xebff42	jmp	0xebff84
steam	instrument-raw-writer	0xebe8a0	0xebff52	call	0x6f560
steam	instrument-raw-writer	0xebe8a0	0xebff65	call	0x6f560
steam	instrument-raw-writer	0xebe8a0	0xebff76	call	0xbb770
steam	instrument-raw-writer	0xebe8a0	0xebff92	call	0x6f580
steam	instrument-raw-writer	0xebe8a0	0xebffa5	call	0x6f560
steam	instrument-raw-writer	0xebe8a0	0xebffb8	call	0xb9d10
steam	instrument-raw-writer	0xebe8a0	0xebffc8	jmp	0xebffdd
steam	instrument-raw-writer	0xebe8a0	0xebffe4	call	0x6f560
steam	instrument-raw-writer	0xebe8a0	0xebfff7	call	0x6f560
steam	instrument-raw-writer	0xebe8a0	0xec0008	call	0xbb770
steam	instrument-raw-writer	0xebe8a0	0xec0028	call	0x6f580
steam	instrument-raw-writer	0xebe8a0	0xec003b	call	0x6f560
steam	instrument-raw-writer	0xebe8a0	0xec004e	call	0xb9d10
steam	instrument-raw-writer	0xebe8a0	0xec006d	call	0x6f560
steam	instrument-raw-writer	0xebe8a0	0xec0080	call	0x6f560
steam	instrument-raw-writer	0xebe8a0	0xec0091	call	0xbb770
steam	instrument-raw-writer	0xebe8a0	0xec00b8	call	0x71f30
steam	instrument-raw-writer	0xebe8a0	0xec00e8	call	0x6f580
steam	instrument-raw-writer	0xebe8a0	0xec00f7	call	0x52c130
steam	instrument-raw-writer	0xebe8a0	0xec010a	call	0x6f560
steam	instrument-raw-writer	0xebe8a0	0xec0118	call	0x52c130
steam	instrument-raw-writer	0xebe8a0	0xec012b	call	0x6f560
steam	instrument-raw-writer	0xebe8a0	0xec013c	call	0xbb770
steam	instrument-raw-writer	0xebe8a0	0xec015b	call	0x71f30
steam	instrument-raw-writer	0xebe8a0	0xec0170	call	0xbb8e0
steam	instrument-raw-writer	0xebe8a0	0xec017b	jmp	0xec02a2
steam	instrument-raw-writer	0xebe8a0	0xec0187	call	0xbb8e0
steam	instrument-raw-writer	0xebe8a0	0xec0190	jmp	0xec02a2
steam	instrument-raw-writer	0xebe8a0	0xec01a7	call	0xbb8e0
steam	instrument-raw-writer	0xebe8a0	0xec01ac	jmp	0xec02a2
steam	instrument-raw-writer	0xebe8a0	0xec01c3	call	0xbb8e0
steam	instrument-raw-writer	0xebe8a0	0xec01c8	jmp	0xec02a0
steam	instrument-raw-writer	0xebe8a0	0xec01d9	call	0x71f30
steam	instrument-raw-writer	0xebe8a0	0xec01ee	call	0xbb8e0
steam	instrument-raw-writer	0xebe8a0	0xec01fb	call	0x71f30
steam	instrument-raw-writer	0xebe8a0	0xec0210	call	0xbb8e0
steam	instrument-raw-writer	0xebe8a0	0xec021d	call	0x71f30
steam	instrument-raw-writer	0xebe8a0	0xec022a	jmp	0xec02a0
steam	instrument-raw-writer	0xebe8a0	0xec0239	call	0x71f30
steam	instrument-raw-writer	0xebe8a0	0xec024e	call	0xbb8e0
steam	instrument-raw-writer	0xebe8a0	0xec025b	call	0x71f30
steam	instrument-raw-writer	0xebe8a0	0xec0270	call	0xbb8e0
steam	instrument-raw-writer	0xebe8a0	0xec027d	call	0x71f30
steam	instrument-raw-writer	0xebe8a0	0xec028a	jmp	0xec02a0
steam	instrument-raw-writer	0xebe8a0	0xec0298	call	0xbb8e0
steam	instrument-raw-writer	0xebe8a0	0xec02b0	call	0x6f580
steam	instrument-raw-writer	0xebe8a0	0xec02c9	call	0x52c130
steam	instrument-raw-writer	0xebe8a0	0xec02dc	call	0x6f560
steam	instrument-raw-writer	0xebe8a0	0xec02ed	call	0x52c130
steam	instrument-raw-writer	0xebe8a0	0xec0300	call	0x6f560
steam	instrument-raw-writer	0xebe8a0	0xec0311	call	0xbb770
steam	instrument-raw-writer	0xebe8a0	0xec0322	call	0xbb8e0
steam	instrument-raw-writer	0xebe8a0	0xec0337	call	0x71f30
steam	instrument-raw-writer	0xebe8a0	0xec0353	call	0xbb8e0
steam	instrument-raw-writer	0xebe8a0	0xec0362	call	0x298fd0
steam	instrument-raw-writer	0xebe8a0	0xec0379	jmp	0xec037e
steam	instrument-raw-writer	0xebe8a0	0xec038d	call	0xeb7ff0
steam	instrument-raw-writer	0xebe8a0	0xec039e	call	0xeb8760
steam	instrument-raw-writer	0xebe8a0	0xec03af	call	0xbb8e0
steam	instrument-raw-writer	0xebe8a0	0xec03c2	call	0x6f580
steam	instrument-raw-writer	0xebe8a0	0xec03ce	call	0x6f690
steam	instrument-raw-writer	0xebe8a0	0xec03e2	call	0x6f580
steam	instrument-raw-writer	0xebe8a0	0xec03f5	call	0xb9d10
steam	instrument-raw-writer	0xebe8a0	0xec0408	call	0x6f560
steam	instrument-raw-writer	0xebe8a0	0xec041c	jmp	0xec0467
steam	instrument-raw-writer	0xebe8a0	0xec042d	jmp	0xec0467
steam	instrument-raw-writer	0xebe8a0	0xec043e	jmp	0xec0467
steam	instrument-raw-writer	0xebe8a0	0xec044f	jmp	0xec0467
steam	instrument-raw-writer	0xebe8a0	0xec046e	call	0x6f560
steam	instrument-raw-writer	0xebe8a0	0xec0481	call	0x6f560
steam	instrument-raw-writer	0xebe8a0	0xec0490	call	0xeb8e60
steam	instrument-raw-writer	0xebe8a0	0xec04a3	call	0x6f560
steam	instrument-raw-writer	0xebe8a0	0xec04cb	call	0x6f560
steam	instrument-raw-writer	0xebe8a0	0xec04da	call	0xeb8e60
steam	instrument-raw-writer	0xebe8a0	0xec04f9	call	0x6f560
steam	instrument-raw-writer	0xebe8a0	0xec050c	call	0x6f560
steam	instrument-raw-writer	0xebe8a0	0xec0518	call	0x6f690
steam	instrument-raw-writer	0xebe8a0	0xec0529	call	0x52e360
steam	instrument-raw-writer	0xebe8a0	0xec053c	call	0xb9d10
steam	instrument-raw-writer	0xebe8a0	0xec054f	call	0x6f560
steam	instrument-raw-writer	0xebe8a0	0xec055e	call	0xeb8e60
steam	instrument-raw-writer	0xebe8a0	0xec0571	call	0x6f560
steam	instrument-raw-writer	0xebe8a0	0xec0584	call	0x6f560
steam	instrument-raw-writer	0xebe8a0	0xec0593	call	0xeb8e60
steam	instrument-raw-writer	0xebe8a0	0xec05a6	call	0x6f560
steam	instrument-raw-writer	0xebe8a0	0xec05be	call	0x6f560
steam	instrument-raw-writer	0xebe8a0	0xec05d1	call	0x6f560
steam	instrument-raw-writer	0xebe8a0	0xec05f3	jmp	0xec064b
steam	instrument-raw-writer	0xebe8a0	0xec05fc	jmp	0xec064b
steam	instrument-raw-writer	0xebe8a0	0xec060a	jmp	0xec064b
steam	instrument-raw-writer	0xebe8a0	0xec0613	jmp	0xec064b
steam	instrument-raw-writer	0xebe8a0	0xec062d	jmp	0xec064b
steam	instrument-raw-writer	0xebe8a0	0xec0636	jmp	0xec064b
steam	instrument-raw-writer	0xebe8a0	0xec064b	call	0x6f560
steam	instrument-raw-writer	0xebe8a0	0xec0661	call	0xeb6fe0
steam	instrument-raw-writer	0xebe8a0	0xec066e	call	0x67e30
steam	instrument-raw-writer	0xebe8a0	0xec0673	jmp	0xec0679
steam	instrument-raw-writer	0xebe8a0	0xec0692	call	0x6f560
steam	instrument-raw-writer	0xebe8a0	0xec06a1	call	0xeb8e60
steam	instrument-raw-writer	0xebe8a0	0xec06b4	call	0x6f560
steam	instrument-raw-writer	0xebe8a0	0xec06c7	call	0x6f560
steam	instrument-raw-writer	0xebe8a0	0xec06d6	call	0xeb8e60
steam	instrument-raw-writer	0xebe8a0	0xec06e9	call	0x6f560
steam	instrument-raw-writer	0xebe8a0	0xec06fb	call	0xeb6fe0
steam	instrument-raw-writer	0xebe8a0	0xec0719	call	0x6f560
steam	instrument-raw-writer	0xebe8a0	0xec0725	call	0x6f690
steam	instrument-raw-writer	0xebe8a0	0xec073a	call	0x52e360
steam	instrument-raw-writer	0xebe8a0	0xec074d	call	0xb9d10
steam	instrument-raw-writer	0xebe8a0	0xec0760	call	0x6f560
steam	instrument-raw-writer	0xebe8a0	0xec076f	call	0xeb8e60
steam	instrument-raw-writer	0xebe8a0	0xec0782	call	0x6f560
steam	instrument-raw-writer	0xebe8a0	0xec0795	call	0x6f560
steam	instrument-raw-writer	0xebe8a0	0xec07a4	call	0xeb8e60
steam	instrument-raw-writer	0xebe8a0	0xec07b7	call	0x6f560
steam	instrument-raw-writer	0xebe8a0	0xec07cf	call	0x6f560
steam	instrument-raw-writer	0xebe8a0	0xec07e2	call	0x6f560
steam	instrument-raw-writer	0xebe8a0	0xec0803	call	0x6f560
steam	instrument-raw-writer	0xebe8a0	0xec0815	call	0xeb6fe0
steam	instrument-raw-writer	0xebe8a0	0xec082c	call	0x6f560
steam	instrument-raw-writer	0xebe8a0	0xec0839	call	0x67e30
steam	instrument-raw-writer	0xebe8a0	0xec083e	jmp	0xec0845
steam	instrument-raw-writer	0xebe8a0	0xec085e	call	0x6f560
steam	instrument-raw-writer	0xebe8a0	0xec086a	call	0x6f690
steam	instrument-raw-writer	0xebe8a0	0xec087a	call	0x52e360
steam	instrument-raw-writer	0xebe8a0	0xec088d	call	0xb9d10
steam	instrument-raw-writer	0xebe8a0	0xec08a0	call	0x6f560
steam	instrument-raw-writer	0xebe8a0	0xec08af	call	0xeb8e60
steam	instrument-raw-writer	0xebe8a0	0xec08c2	call	0x6f560
steam	instrument-raw-writer	0xebe8a0	0xec08d5	call	0x6f560
steam	instrument-raw-writer	0xebe8a0	0xec08e4	call	0xeb8e60
steam	instrument-raw-writer	0xebe8a0	0xec08f7	call	0x6f560
steam	instrument-raw-writer	0xebe8a0	0xec090f	call	0x6f560
steam	instrument-raw-writer	0xebe8a0	0xec0922	call	0x6f560
steam	instrument-raw-writer	0xebe8a0	0xec0934	call	0xeb6fe0
steam	instrument-raw-writer	0xebe8a0	0xec0941	call	0x67e30
steam	instrument-raw-writer	0xebe8a0	0xec0954	call	0xeb8af0
steam	instrument-raw-writer	0xebe8a0	0xec0960	call	0x6f330
steam	instrument-raw-writer	0xebe8a0	0xec0970	call	0xfb540
steam	instrument-raw-writer	0xebe8a0	0xec0987	call	0x6f330
steam	instrument-raw-writer	0xebe8a0	0xec099a	call	0xe1230
steam	instrument-raw-writer	0xebe8a0	0xec09a6	call	0x6f330
steam	instrument-raw-writer	0xebe8a0	0xec09b6	call	0xfb540
steam	instrument-raw-writer	0xebe8a0	0xec09ce	call	0xb9d10
steam	instrument-raw-writer	0xebe8a0	0xec09e1	call	0x6f560
steam	instrument-raw-writer	0xebe8a0	0xec09f2	call	0xbb770
steam	instrument-raw-writer	0xebe8a0	0xec09ff	call	0x67e30
steam	instrument-raw-writer	0xebe8a0	0xec0a0c	call	0xccb890
steam	instrument-raw-writer	0xebe8a0	0xec0a19	call	0x67e30
steam	instrument-raw-writer	0xebe8a0	0xec0a26	call	0x67e30
steam	instrument-raw-writer	0xebe8a0	0xec0a33	call	0x67e30
steam	instrument-raw-writer	0xebe8a0	0xec0a40	call	0x67e30
steam	instrument-raw-writer	0xebe8a0	0xec0a4d	call	0x67e30
steam	instrument-raw-writer	0xebe8a0	0xec0a5a	call	0x67e30
steam	instrument-raw-writer	0xebe8a0	0xec0a67	call	0x67e30
steam	instrument-raw-writer	0xebe8a0	0xec0ac8	call	0x6f690
steam	instrument-raw-writer	0xebe8a0	0xec0ae1	call	0x6f220
steam	instrument-raw-writer	0xebe8a0	0xec0aed	call	0x6ee50
steam	instrument-raw-writer	0xebe8a0	0xec0b02	call	0x71f30
steam	instrument-raw-writer	0xebe8a0	0xec0b0e	call	0x6f220
steam	instrument-raw-writer	0xebe8a0	0xec0b1d	call	0x6f5a0
steam	instrument-raw-writer	0xebe8a0	0xec0b2d	call	0x6f240
steam	instrument-raw-writer	0xebe8a0	0xec0b40	call	0x6f230
steam	instrument-raw-writer	0xebe8a0	0xec0b54	call	0x6ee20
steam	instrument-raw-writer	0xebe8a0	0xec0b5e	call	0x657b0
steam	instrument-raw-writer	0xebe8a0	0xec0b6b	call	0x6ee10
steam	instrument-raw-writer	0xebe8a0	0xec0b7e	call	0x6fe40
steam	instrument-raw-writer	0xebe8a0	0xec0b8f	call	0x6ee00
steam	instrument-raw-writer	0xebe8a0	0xec0ba3	call	0x6ee20
steam	instrument-raw-writer	0xebe8a0	0xec0bad	call	0x657b0
steam	instrument-raw-writer	0xebe8a0	0xec0bbe	call	0x6f240
steam	instrument-raw-writer	0xebe8a0	0xec0bce	call	0x6f230
steam	instrument-raw-writer	0xebe8a0	0xec0be2	call	0x6ee20
steam	instrument-raw-writer	0xebe8a0	0xec0bec	call	0x657b0
steam	instrument-raw-writer	0xebe8a0	0xec0bf9	call	0x6ee10
steam	instrument-raw-writer	0xebe8a0	0xec0c08	call	0x6fe40
steam	instrument-raw-writer	0xebe8a0	0xec0c15	call	0x6ee00
steam	instrument-raw-writer	0xebe8a0	0xec0c29	call	0x6ee20
steam	instrument-raw-writer	0xebe8a0	0xec0c33	call	0x657b0
steam	instrument-raw-writer	0xebe8a0	0xec0c3c	jmp	0xec0c57
steam	instrument-raw-writer	0xebe8a0	0xec0c49	jmp	0xec0c57
steam	instrument-raw-writer	0xebe8a0	0xec0c52	call	0x930be0
steam	instrument-raw-writer	0xebe8a0	0xec0c62	call	0xbb770
steam	instrument-raw-writer	0xebe8a0	0xec0c75	call	0x6f5d0
steam	instrument-raw-writer	0xebe8a0	0xec0c89	call	0x6f560
steam	instrument-raw-writer	0xebe8a0	0xec0c98	call	0x52c130
steam	instrument-raw-writer	0xebe8a0	0xec0cab	call	0xbb770
steam	instrument-raw-writer	0xebe8a0	0xec0cb7	call	0x6f690
steam	instrument-raw-writer	0xebe8a0	0xec0cc2	call	0x71f30
steam	instrument-raw-writer	0xebe8a0	0xec0ce2	call	0x6f690
steam	instrument-raw-writer	0xebe8a0	0xec0cef	call	0x6f690
steam	instrument-raw-writer	0xebe8a0	0xec0cfc	call	0x6f690
steam	instrument-raw-writer	0xebe8a0	0xec0d09	call	0x6f690
steam	instrument-raw-writer	0xebe8a0	0xec0d5c	call	0x71f30
steam	instrument-raw-writer	0xebe8a0	0xec0de8	call	0x71f30
steam	instrument-raw-writer	0xebe8a0	0xec0df6	call	0x71f30
steam	instrument-raw-writer	0xebe8a0	0xec0dff	jmp	0xec0e0f
steam	instrument-raw-writer	0xebe8a0	0xec0e06	call	0x71f30
steam	instrument-raw-writer	0xebe8a0	0xec0e24	jmp	0xec0e3c
steam	instrument-raw-writer	0xebe8a0	0xec0e4a	call	0x6f5a0
steam	instrument-raw-writer	0xebe8a0	0xec0e5d	call	0x6f560
steam	instrument-raw-writer	0xebe8a0	0xec0e6d	call	0xbb770
steam	instrument-raw-writer	0xebe8a0	0xec0e80	call	0x6f5a0
steam	instrument-raw-writer	0xebe8a0	0xec0e93	call	0x6f560
steam	instrument-raw-writer	0xebe8a0	0xec0ea3	call	0xbb770
steam	instrument-raw-writer	0xebe8a0	0xec0ed9	call	0x6f580
steam	instrument-raw-writer	0xebe8a0	0xec0eec	call	0xb9d10
steam	instrument-raw-writer	0xebe8a0	0xec0eff	call	0x6f560
steam	instrument-raw-writer	0xebe8a0	0xec0f10	call	0xbb770
steam	instrument-raw-writer	0xebe8a0	0xec0f21	call	0xbb8e0
steam	instrument-raw-writer	0xebe8a0	0xec0f3f	call	0x68150
steam	instrument-raw-writer	0xebe8a0	0xec0f54	call	0x52c130
steam	instrument-raw-writer	0xebe8a0	0xec0f67	call	0x6f560
steam	instrument-raw-writer	0xebe8a0	0xec0f78	call	0xbb770
steam	instrument-raw-writer	0xebe8a0	0xec0f85	call	0x67e30
steam	instrument-raw-writer	0xebe8a0	0xec0fa3	call	0x68150
steam	instrument-raw-writer	0xebe8a0	0xec0fb8	call	0x52c130
steam	instrument-raw-writer	0xebe8a0	0xec0fcb	call	0x6f560
steam	instrument-raw-writer	0xebe8a0	0xec0fdc	call	0xbb770
steam	instrument-raw-writer	0xebe8a0	0xec0fe9	call	0x67e30
steam	instrument-raw-writer	0xebe8a0	0xec0ffa	call	0xbb8e0
steam	instrument-raw-writer	0xebe8a0	0xec100b	call	0xbb8e0
steam	instrument-raw-writer	0xebe8a0	0xec101c	call	0xbb8e0
steam	instrument-raw-writer	0xebe8a0	0xec102f	call	0x6f580
steam	instrument-raw-writer	0xebe8a0	0xec1042	call	0xb9d10
steam	instrument-raw-writer	0xebe8a0	0xec1055	call	0x6f560
steam	instrument-raw-writer	0xebe8a0	0xec1068	call	0x6f560
steam	instrument-raw-writer	0xebe8a0	0xec107b	call	0xb9d10
steam	instrument-raw-writer	0xebe8a0	0xec108e	call	0x6f560
steam	instrument-raw-writer	0xebe8a0	0xec10a1	call	0x6f560
steam	instrument-raw-writer	0xebe8a0	0xec10b2	call	0xbb770
steam	instrument-raw-writer	0xebe8a0	0xec10c3	call	0xbb8e0
steam	instrument-raw-writer	0xebe8a0	0xec10d6	call	0xeb9410
steam	instrument-raw-writer	0xebe8a0	0xec10e7	call	0xbb8e0
steam	instrument-raw-writer	0xebe8a0	0xec10fa	call	0x6f580
steam	instrument-raw-writer	0xebe8a0	0xec1108	call	0x52c130
steam	instrument-raw-writer	0xebe8a0	0xec111b	call	0x6f560
steam	instrument-raw-writer	0xebe8a0	0xec112c	call	0xbb770
steam	instrument-raw-writer	0xebe8a0	0xec113f	call	0x6f580
steam	instrument-raw-writer	0xebe8a0	0xec114d	call	0x52c130
steam	instrument-raw-writer	0xebe8a0	0xec1160	call	0x6f560
steam	instrument-raw-writer	0xebe8a0	0xec1171	call	0xbb770
steam	instrument-raw-writer	0xebe8a0	0xec1184	call	0x6f580
steam	instrument-raw-writer	0xebe8a0	0xec1197	call	0xb9d10
steam	instrument-raw-writer	0xebe8a0	0xec11aa	call	0x6f560
steam	instrument-raw-writer	0xebe8a0	0xec11bb	call	0xbb770
steam	instrument-raw-writer	0xebe8a0	0xec11ce	call	0x6f580
steam	instrument-raw-writer	0xebe8a0	0xec11e1	call	0xb9d10
steam	instrument-raw-writer	0xebe8a0	0xec11f4	call	0x6f560
steam	instrument-raw-writer	0xebe8a0	0xec1205	call	0xbb770
steam	instrument-raw-writer	0xebe8a0	0xec1216	call	0xbb8e0
steam	instrument-raw-writer	0xebe8a0	0xec1234	call	0x68150
steam	instrument-raw-writer	0xebe8a0	0xec1244	call	0x52c130
steam	instrument-raw-writer	0xebe8a0	0xec1257	call	0x6f560
steam	instrument-raw-writer	0xebe8a0	0xec1268	call	0xbb770
steam	instrument-raw-writer	0xebe8a0	0xec1275	call	0x67e30
steam	instrument-raw-writer	0xebe8a0	0xec128e	call	0x68150
steam	instrument-raw-writer	0xebe8a0	0xec129e	call	0x52c130
steam	instrument-raw-writer	0xebe8a0	0xec12b1	call	0x6f560
steam	instrument-raw-writer	0xebe8a0	0xec12c2	call	0xbb770
steam	instrument-raw-writer	0xebe8a0	0xec12cf	call	0x67e30
steam	instrument-raw-writer	0xebe8a0	0xec12e0	call	0xbb8e0
steam	instrument-raw-writer	0xebe8a0	0xec12f1	call	0xbb8e0
steam	instrument-raw-writer	0xebe8a0	0xec1302	call	0xbb8e0
steam	instrument-raw-writer	0xebe8a0	0xec1315	call	0x6f580
steam	instrument-raw-writer	0xebe8a0	0xec1328	call	0xb9d10
steam	instrument-raw-writer	0xebe8a0	0xec133b	call	0x6f560
steam	instrument-raw-writer	0xebe8a0	0xec134e	call	0x6f560
steam	instrument-raw-writer	0xebe8a0	0xec1361	call	0xb9d10
steam	instrument-raw-writer	0xebe8a0	0xec1374	call	0x6f560
steam	instrument-raw-writer	0xebe8a0	0xec1387	call	0x6f560
steam	instrument-raw-writer	0xebe8a0	0xec1398	call	0xbb770
steam	instrument-raw-writer	0xebe8a0	0xec13a9	call	0xbb8e0
steam	instrument-raw-writer	0xebe8a0	0xec13bc	call	0xeb9410
steam	instrument-raw-writer	0xebe8a0	0xec13cd	call	0xbb8e0
steam	instrument-raw-writer	0xebe8a0	0xec13e0	call	0x6f580
steam	instrument-raw-writer	0xebe8a0	0xec13ee	call	0x52c130
steam	instrument-raw-writer	0xebe8a0	0xec1401	call	0x6f560
steam	instrument-raw-writer	0xebe8a0	0xec1412	call	0xbb770
steam	instrument-raw-writer	0xebe8a0	0xec1425	call	0x6f580
steam	instrument-raw-writer	0xebe8a0	0xec1434	call	0x52c130
steam	instrument-raw-writer	0xebe8a0	0xec1447	call	0x6f560
steam	instrument-raw-writer	0xebe8a0	0xec1458	call	0xbb770
steam	instrument-raw-writer	0xebe8a0	0xec146b	call	0x6f580
steam	instrument-raw-writer	0xebe8a0	0xec147e	call	0xb9d10
steam	instrument-raw-writer	0xebe8a0	0xec1491	call	0x6f560
steam	instrument-raw-writer	0xebe8a0	0xec14a2	call	0xbb770
steam	instrument-raw-writer	0xebe8a0	0xec14ac	call	0x71f30
steam	instrument-raw-writer	0xebe8a0	0xec14ca	jmp	0xec14e0
steam	instrument-raw-writer	0xebe8a0	0xec1509	call	0x6f5d0
steam	instrument-raw-writer	0xebe8a0	0xec151d	call	0x6f560
steam	instrument-raw-writer	0xebe8a0	0xec152d	call	0xbb770
steam	instrument-raw-writer	0xebe8a0	0xec1540	call	0x6f580
steam	instrument-raw-writer	0xebe8a0	0xec1553	call	0xb9d10
steam	instrument-raw-writer	0xebe8a0	0xec1566	call	0x6f560
steam	instrument-raw-writer	0xebe8a0	0xec1577	call	0xbb770
steam	instrument-raw-writer	0xebe8a0	0xec1588	call	0xbb8e0
steam	instrument-raw-writer	0xebe8a0	0xec15a6	call	0x68150
steam	instrument-raw-writer	0xebe8a0	0xec15bb	call	0x52c130
steam	instrument-raw-writer	0xebe8a0	0xec15ce	call	0x6f560
steam	instrument-raw-writer	0xebe8a0	0xec15df	call	0xbb770
steam	instrument-raw-writer	0xebe8a0	0xec15ec	call	0x67e30
steam	instrument-raw-writer	0xebe8a0	0xec160a	call	0x68150
steam	instrument-raw-writer	0xebe8a0	0xec161f	call	0x52c130
steam	instrument-raw-writer	0xebe8a0	0xec1632	call	0x6f560
steam	instrument-raw-writer	0xebe8a0	0xec1643	call	0xbb770
steam	instrument-raw-writer	0xebe8a0	0xec1650	call	0x67e30
steam	instrument-raw-writer	0xebe8a0	0xec1661	call	0xbb8e0
steam	instrument-raw-writer	0xebe8a0	0xec1672	call	0xbb8e0
steam	instrument-raw-writer	0xebe8a0	0xec1683	call	0xbb8e0
steam	instrument-raw-writer	0xebe8a0	0xec1696	call	0x6f580
steam	instrument-raw-writer	0xebe8a0	0xec16a9	call	0xb9d10
steam	instrument-raw-writer	0xebe8a0	0xec16bc	call	0x6f560
steam	instrument-raw-writer	0xebe8a0	0xec16dc	call	0x6f560
steam	instrument-raw-writer	0xebe8a0	0xec16ef	call	0x6f560
steam	instrument-raw-writer	0xebe8a0	0xec1702	call	0xb9d10
steam	instrument-raw-writer	0xebe8a0	0xec1715	call	0x6f560
steam	instrument-raw-writer	0xebe8a0	0xec1728	call	0x6f560
steam	instrument-raw-writer	0xebe8a0	0xec1739	call	0xbb770
steam	instrument-raw-writer	0xebe8a0	0xec174a	call	0xbb8e0
steam	instrument-raw-writer	0xebe8a0	0xec175d	call	0xeb91f0
steam	instrument-raw-writer	0xebe8a0	0xec176e	call	0xbb8e0
steam	instrument-raw-writer	0xebe8a0	0xec1781	call	0x6f580
steam	instrument-raw-writer	0xebe8a0	0xec1790	call	0x52c130
steam	instrument-raw-writer	0xebe8a0	0xec17a3	call	0x6f560
steam	instrument-raw-writer	0xebe8a0	0xec17b4	call	0xbb770
steam	instrument-raw-writer	0xebe8a0	0xec17c7	call	0x6f580
steam	instrument-raw-writer	0xebe8a0	0xec17d5	call	0x52c130
steam	instrument-raw-writer	0xebe8a0	0xec17e8	call	0x6f560
steam	instrument-raw-writer	0xebe8a0	0xec17f9	call	0xbb770
steam	instrument-raw-writer	0xebe8a0	0xec180c	call	0x6f580
steam	instrument-raw-writer	0xebe8a0	0xec181f	call	0xb9d10
steam	instrument-raw-writer	0xebe8a0	0xec1832	call	0x6f560
steam	instrument-raw-writer	0xebe8a0	0xec1852	call	0x6f560
steam	instrument-raw-writer	0xebe8a0	0xec1865	call	0x6f560
steam	instrument-raw-writer	0xebe8a0	0xec1876	call	0xbb770
steam	instrument-raw-writer	0xebe8a0	0xec1882	call	0x6f690
steam	instrument-raw-writer	0xebe8a0	0xec188f	call	0x6f690
steam	instrument-raw-writer	0xebe8a0	0xec18ba	call	0x6f5a0
steam	instrument-raw-writer	0xebe8a0	0xec18cd	call	0x6f560
steam	instrument-raw-writer	0xebe8a0	0xec18dd	call	0xbb770
steam	instrument-raw-writer	0xebe8a0	0xec18f8	call	0x6f5a0
steam	instrument-raw-writer	0xebe8a0	0xec190b	call	0x6f560
steam	instrument-raw-writer	0xebe8a0	0xec191b	call	0xbb770
steam	instrument-raw-writer	0xebe8a0	0xec192f	call	0x6f520
steam	instrument-raw-writer	0xebe8a0	0xec195a	call	0x6f580
steam	instrument-raw-writer	0xebe8a0	0xec196d	call	0xb9d10
steam	instrument-raw-writer	0xebe8a0	0xec1980	call	0x6f560
steam	instrument-raw-writer	0xebe8a0	0xec1991	call	0xbb770
steam	instrument-raw-writer	0xebe8a0	0xec19a2	call	0xbb8e0
steam	instrument-raw-writer	0xebe8a0	0xec19c0	call	0x68150
steam	instrument-raw-writer	0xebe8a0	0xec19d5	call	0x52c130
steam	instrument-raw-writer	0xebe8a0	0xec19e8	call	0x6f560
steam	instrument-raw-writer	0xebe8a0	0xec19f9	call	0xbb770
steam	instrument-raw-writer	0xebe8a0	0xec1a06	call	0x67e30
steam	instrument-raw-writer	0xebe8a0	0xec1a24	call	0x68150
steam	instrument-raw-writer	0xebe8a0	0xec1a39	call	0x52c130
steam	instrument-raw-writer	0xebe8a0	0xec1a4c	call	0x6f560
steam	instrument-raw-writer	0xebe8a0	0xec1a5d	call	0xbb770
steam	instrument-raw-writer	0xebe8a0	0xec1a6a	call	0x67e30
steam	instrument-raw-writer	0xebe8a0	0xec1a7b	call	0xbb8e0
steam	instrument-raw-writer	0xebe8a0	0xec1a8c	call	0xbb8e0
steam	instrument-raw-writer	0xebe8a0	0xec1a9d	call	0xbb8e0
steam	instrument-raw-writer	0xebe8a0	0xec1ab0	call	0x6f580
steam	instrument-raw-writer	0xebe8a0	0xec1ac3	call	0xb9d10
steam	instrument-raw-writer	0xebe8a0	0xec1adf	call	0x6f560
steam	instrument-raw-writer	0xebe8a0	0xec1af2	call	0x6f560
steam	instrument-raw-writer	0xebe8a0	0xec1b05	call	0xb9d10
steam	instrument-raw-writer	0xebe8a0	0xec1b18	call	0x6f560
steam	instrument-raw-writer	0xebe8a0	0xec1b1d	jmp	0xec2fa8
steam	instrument-raw-writer	0xebe8a0	0xec1b27	call	0x71f30
steam	instrument-raw-writer	0xebe8a0	0xec1b7d	call	0x71f30
steam	instrument-raw-writer	0xebe8a0	0xec1b8b	call	0x71f30
steam	instrument-raw-writer	0xebe8a0	0xec1b99	call	0x71f30
steam	instrument-raw-writer	0xebe8a0	0xec1ba2	jmp	0xec1bc6
steam	instrument-raw-writer	0xebe8a0	0xec1ba9	call	0x71f30
steam	instrument-raw-writer	0xebe8a0	0xec1bb2	jmp	0xec1bc6
steam	instrument-raw-writer	0xebe8a0	0xec1bbb	call	0x71f30
steam	instrument-raw-writer	0xebe8a0	0xec1bdb	jmp	0xec1bf3
steam	instrument-raw-writer	0xebe8a0	0xec1c01	call	0x6f5a0
steam	instrument-raw-writer	0xebe8a0	0xec1c14	call	0x6f560
steam	instrument-raw-writer	0xebe8a0	0xec1c24	call	0xbb770
steam	instrument-raw-writer	0xebe8a0	0xec1c4a	call	0x6f580
steam	instrument-raw-writer	0xebe8a0	0xec1c5d	call	0xb9d10
steam	instrument-raw-writer	0xebe8a0	0xec1c70	call	0x6f560
steam	instrument-raw-writer	0xebe8a0	0xec1c81	call	0xbb770
steam	instrument-raw-writer	0xebe8a0	0xec1c92	call	0xbb8e0
steam	instrument-raw-writer	0xebe8a0	0xec1cb0	call	0x68150
steam	instrument-raw-writer	0xebe8a0	0xec1cc5	call	0x52c130
steam	instrument-raw-writer	0xebe8a0	0xec1cd8	call	0x6f560
steam	instrument-raw-writer	0xebe8a0	0xec1ce9	call	0xbb770
steam	instrument-raw-writer	0xebe8a0	0xec1cf6	call	0x67e30
steam	instrument-raw-writer	0xebe8a0	0xec1d14	call	0x68150
steam	instrument-raw-writer	0xebe8a0	0xec1d29	call	0x52c130
steam	instrument-raw-writer	0xebe8a0	0xec1d3c	call	0x6f560
steam	instrument-raw-writer	0xebe8a0	0xec1d4d	call	0xbb770
steam	instrument-raw-writer	0xebe8a0	0xec1d5a	call	0x67e30
steam	instrument-raw-writer	0xebe8a0	0xec1d6b	call	0xbb8e0
steam	instrument-raw-writer	0xebe8a0	0xec1d7c	call	0xbb8e0
steam	instrument-raw-writer	0xebe8a0	0xec1d8d	call	0xbb8e0
steam	instrument-raw-writer	0xebe8a0	0xec1da0	call	0x6f580
steam	instrument-raw-writer	0xebe8a0	0xec1db3	call	0xb9d10
steam	instrument-raw-writer	0xebe8a0	0xec1dc6	call	0x6f560
steam	instrument-raw-writer	0xebe8a0	0xec1dd9	call	0x6f560
steam	instrument-raw-writer	0xebe8a0	0xec1dec	call	0xb9d10
steam	instrument-raw-writer	0xebe8a0	0xec1dff	call	0x6f560
steam	instrument-raw-writer	0xebe8a0	0xec1e12	call	0x6f560
steam	instrument-raw-writer	0xebe8a0	0xec1e23	call	0xbb770
steam	instrument-raw-writer	0xebe8a0	0xec1e34	call	0xbb8e0
steam	instrument-raw-writer	0xebe8a0	0xec1e47	call	0xeb9410
steam	instrument-raw-writer	0xebe8a0	0xec1e58	call	0xbb8e0
steam	instrument-raw-writer	0xebe8a0	0xec1e6b	call	0x6f580
steam	instrument-raw-writer	0xebe8a0	0xec1e79	call	0x52c130
steam	instrument-raw-writer	0xebe8a0	0xec1e8c	call	0x6f560
steam	instrument-raw-writer	0xebe8a0	0xec1e9d	call	0xbb770
steam	instrument-raw-writer	0xebe8a0	0xec1eb0	call	0x6f580
steam	instrument-raw-writer	0xebe8a0	0xec1ebe	call	0x52c130
steam	instrument-raw-writer	0xebe8a0	0xec1ed1	call	0x6f560
steam	instrument-raw-writer	0xebe8a0	0xec1ee2	call	0xbb770
steam	instrument-raw-writer	0xebe8a0	0xec1ef5	call	0x6f580
steam	instrument-raw-writer	0xebe8a0	0xec1f08	call	0xb9d10
steam	instrument-raw-writer	0xebe8a0	0xec1f1b	call	0x6f560
steam	instrument-raw-writer	0xebe8a0	0xec1f34	call	0x6f560
steam	instrument-raw-writer	0xebe8a0	0xec1f47	call	0x6f560
steam	instrument-raw-writer	0xebe8a0	0xec1f58	call	0xbb770
steam	instrument-raw-writer	0xebe8a0	0xec1f62	call	0x71f30
steam	instrument-raw-writer	0xebe8a0	0xec1f82	jmp	0xec14e0
steam	instrument-raw-writer	0xebe8a0	0xec1f8f	jmp	0xec14e0
steam	instrument-raw-writer	0xebe8a0	0xec1f9e	jmp	0xec14e0
steam	instrument-raw-writer	0xebe8a0	0xec1fa8	call	0x71f30
steam	instrument-raw-writer	0xebe8a0	0xec2017	call	0x71f30
steam	instrument-raw-writer	0xebe8a0	0xec2025	call	0x71f30
steam	instrument-raw-writer	0xebe8a0	0xec202e	jmp	0xec203e
steam	instrument-raw-writer	0xebe8a0	0xec2035	call	0x71f30
steam	instrument-raw-writer	0xebe8a0	0xec2053	jmp	0xec206b
steam	instrument-raw-writer	0xebe8a0	0xec2079	call	0x6f5a0
steam	instrument-raw-writer	0xebe8a0	0xec208c	call	0x6f560
steam	instrument-raw-writer	0xebe8a0	0xec209c	call	0xbb770
steam	instrument-raw-writer	0xebe8a0	0xec20af	call	0x6f5a0
steam	instrument-raw-writer	0xebe8a0	0xec20c2	call	0x6f560
steam	instrument-raw-writer	0xebe8a0	0xec20d2	call	0xbb770
steam	instrument-raw-writer	0xebe8a0	0xec2108	call	0x6f580
steam	instrument-raw-writer	0xebe8a0	0xec211b	call	0xb9d10
steam	instrument-raw-writer	0xebe8a0	0xec212e	call	0x6f560
steam	instrument-raw-writer	0xebe8a0	0xec213f	call	0xbb770
steam	instrument-raw-writer	0xebe8a0	0xec2150	call	0xbb8e0
steam	instrument-raw-writer	0xebe8a0	0xec216e	call	0x68150
steam	instrument-raw-writer	0xebe8a0	0xec2183	call	0x52c130
steam	instrument-raw-writer	0xebe8a0	0xec2196	call	0x6f560
steam	instrument-raw-writer	0xebe8a0	0xec21a7	call	0xbb770
steam	instrument-raw-writer	0xebe8a0	0xec21b4	call	0x67e30
steam	instrument-raw-writer	0xebe8a0	0xec21d2	call	0x68150
steam	instrument-raw-writer	0xebe8a0	0xec21e7	call	0x52c130
steam	instrument-raw-writer	0xebe8a0	0xec21fa	call	0x6f560
steam	instrument-raw-writer	0xebe8a0	0xec220b	call	0xbb770
steam	instrument-raw-writer	0xebe8a0	0xec2218	call	0x67e30
steam	instrument-raw-writer	0xebe8a0	0xec2229	call	0xbb8e0
steam	instrument-raw-writer	0xebe8a0	0xec223a	call	0xbb8e0
steam	instrument-raw-writer	0xebe8a0	0xec224b	call	0xbb8e0
steam	instrument-raw-writer	0xebe8a0	0xec225e	call	0x6f580
steam	instrument-raw-writer	0xebe8a0	0xec2271	call	0xb9d10
steam	instrument-raw-writer	0xebe8a0	0xec2284	call	0x6f560
steam	instrument-raw-writer	0xebe8a0	0xec2297	call	0x6f560
steam	instrument-raw-writer	0xebe8a0	0xec22aa	call	0xb9d10
steam	instrument-raw-writer	0xebe8a0	0xec22bd	call	0x6f560
steam	instrument-raw-writer	0xebe8a0	0xec22d0	call	0x6f560
steam	instrument-raw-writer	0xebe8a0	0xec22e1	call	0xbb770
steam	instrument-raw-writer	0xebe8a0	0xec22f2	call	0xbb8e0
steam	instrument-raw-writer	0xebe8a0	0xec2305	call	0xeb9410
steam	instrument-raw-writer	0xebe8a0	0xec2316	call	0xbb8e0
steam	instrument-raw-writer	0xebe8a0	0xec2329	call	0x6f580
steam	instrument-raw-writer	0xebe8a0	0xec2337	call	0x52c130
steam	instrument-raw-writer	0xebe8a0	0xec234a	call	0x6f560
steam	instrument-raw-writer	0xebe8a0	0xec235b	call	0xbb770
steam	instrument-raw-writer	0xebe8a0	0xec236e	call	0x6f580
steam	instrument-raw-writer	0xebe8a0	0xec237c	call	0x52c130
steam	instrument-raw-writer	0xebe8a0	0xec238f	call	0x6f560
steam	instrument-raw-writer	0xebe8a0	0xec23a0	call	0xbb770
steam	instrument-raw-writer	0xebe8a0	0xec23b3	call	0x6f580
steam	instrument-raw-writer	0xebe8a0	0xec23c6	call	0xb9d10
steam	instrument-raw-writer	0xebe8a0	0xec23d9	call	0x6f560
steam	instrument-raw-writer	0xebe8a0	0xec23ea	call	0xbb770
steam	instrument-raw-writer	0xebe8a0	0xec23fd	call	0x6f580
steam	instrument-raw-writer	0xebe8a0	0xec2410	call	0xb9d10
steam	instrument-raw-writer	0xebe8a0	0xec2423	call	0x6f560
steam	instrument-raw-writer	0xebe8a0	0xec2434	call	0xbb770
steam	instrument-raw-writer	0xebe8a0	0xec2445	call	0xbb8e0
steam	instrument-raw-writer	0xebe8a0	0xec2463	call	0x68150
steam	instrument-raw-writer	0xebe8a0	0xec2473	call	0x52c130
steam	instrument-raw-writer	0xebe8a0	0xec2486	call	0x6f560
steam	instrument-raw-writer	0xebe8a0	0xec2497	call	0xbb770
steam	instrument-raw-writer	0xebe8a0	0xec24a4	call	0x67e30
steam	instrument-raw-writer	0xebe8a0	0xec24bd	call	0x68150
steam	instrument-raw-writer	0xebe8a0	0xec24cd	call	0x52c130
steam	instrument-raw-writer	0xebe8a0	0xec24e0	call	0x6f560
steam	instrument-raw-writer	0xebe8a0	0xec24f1	call	0xbb770
steam	instrument-raw-writer	0xebe8a0	0xec24fe	call	0x67e30
steam	instrument-raw-writer	0xebe8a0	0xec250f	call	0xbb8e0
steam	instrument-raw-writer	0xebe8a0	0xec2520	call	0xbb8e0
steam	instrument-raw-writer	0xebe8a0	0xec2531	call	0xbb8e0
steam	instrument-raw-writer	0xebe8a0	0xec2544	call	0x6f580
steam	instrument-raw-writer	0xebe8a0	0xec2557	call	0xb9d10
steam	instrument-raw-writer	0xebe8a0	0xec256a	call	0x6f560
steam	instrument-raw-writer	0xebe8a0	0xec257d	call	0x6f560
steam	instrument-raw-writer	0xebe8a0	0xec2590	call	0xb9d10
steam	instrument-raw-writer	0xebe8a0	0xec25a3	call	0x6f560
steam	instrument-raw-writer	0xebe8a0	0xec25b6	call	0x6f560
steam	instrument-raw-writer	0xebe8a0	0xec25c7	call	0xbb770
steam	instrument-raw-writer	0xebe8a0	0xec25d8	call	0xbb8e0
steam	instrument-raw-writer	0xebe8a0	0xec25eb	call	0xeb9410
steam	instrument-raw-writer	0xebe8a0	0xec25fc	call	0xbb8e0
steam	instrument-raw-writer	0xebe8a0	0xec260f	call	0x6f580
steam	instrument-raw-writer	0xebe8a0	0xec261d	call	0x52c130
steam	instrument-raw-writer	0xebe8a0	0xec2630	call	0x6f560
steam	instrument-raw-writer	0xebe8a0	0xec2641	call	0xbb770
steam	instrument-raw-writer	0xebe8a0	0xec2654	call	0x6f580
steam	instrument-raw-writer	0xebe8a0	0xec2663	call	0x52c130
steam	instrument-raw-writer	0xebe8a0	0xec2676	call	0x6f560
steam	instrument-raw-writer	0xebe8a0	0xec2687	call	0xbb770
steam	instrument-raw-writer	0xebe8a0	0xec269a	call	0x6f580
steam	instrument-raw-writer	0xebe8a0	0xec26ad	call	0xb9d10
steam	instrument-raw-writer	0xebe8a0	0xec26c0	call	0x6f560
steam	instrument-raw-writer	0xebe8a0	0xec26d1	call	0xbb770
steam	instrument-raw-writer	0xebe8a0	0xec26db	call	0x71f30
steam	instrument-raw-writer	0xebe8a0	0xec26f0	jmp	0xec14da
steam	instrument-raw-writer	0xebe8a0	0xec275d	call	0x71f30
steam	instrument-raw-writer	0xebe8a0	0xec276b	call	0x71f30
steam	instrument-raw-writer	0xebe8a0	0xec2779	call	0x71f30
steam	instrument-raw-writer	0xebe8a0	0xec2782	jmp	0xec27a6
steam	instrument-raw-writer	0xebe8a0	0xec2789	call	0x71f30
steam	instrument-raw-writer	0xebe8a0	0xec2792	jmp	0xec27a6
steam	instrument-raw-writer	0xebe8a0	0xec279b	call	0x71f30
steam	instrument-raw-writer	0xebe8a0	0xec27bb	jmp	0xec27d3
steam	instrument-raw-writer	0xebe8a0	0xec27e1	call	0x6f5a0
steam	instrument-raw-writer	0xebe8a0	0xec27f4	call	0x6f560
steam	instrument-raw-writer	0xebe8a0	0xec2804	call	0xbb770
steam	instrument-raw-writer	0xebe8a0	0xec2817	call	0x6f5a0
steam	instrument-raw-writer	0xebe8a0	0xec282a	call	0x6f560
steam	instrument-raw-writer	0xebe8a0	0xec283a	call	0xbb770
steam	instrument-raw-writer	0xebe8a0	0xec286f	call	0x6f580
steam	instrument-raw-writer	0xebe8a0	0xec2882	call	0xb9d10
steam	instrument-raw-writer	0xebe8a0	0xec2895	call	0x6f560
steam	instrument-raw-writer	0xebe8a0	0xec28a6	call	0xbb770
steam	instrument-raw-writer	0xebe8a0	0xec28b7	call	0xbb8e0
steam	instrument-raw-writer	0xebe8a0	0xec28d5	call	0x68150
steam	instrument-raw-writer	0xebe8a0	0xec28ea	call	0x52c130
steam	instrument-raw-writer	0xebe8a0	0xec28fd	call	0x6f560
steam	instrument-raw-writer	0xebe8a0	0xec290e	call	0xbb770
steam	instrument-raw-writer	0xebe8a0	0xec291b	call	0x67e30
steam	instrument-raw-writer	0xebe8a0	0xec2939	call	0x68150
steam	instrument-raw-writer	0xebe8a0	0xec294e	call	0x52c130
steam	instrument-raw-writer	0xebe8a0	0xec2961	call	0x6f560
steam	instrument-raw-writer	0xebe8a0	0xec2972	call	0xbb770
steam	instrument-raw-writer	0xebe8a0	0xec297f	call	0x67e30
steam	instrument-raw-writer	0xebe8a0	0xec2990	call	0xbb8e0
steam	instrument-raw-writer	0xebe8a0	0xec29a1	call	0xbb8e0
steam	instrument-raw-writer	0xebe8a0	0xec29b2	call	0xbb8e0
steam	instrument-raw-writer	0xebe8a0	0xec29c5	call	0x6f580
steam	instrument-raw-writer	0xebe8a0	0xec29d8	call	0xb9d10
steam	instrument-raw-writer	0xebe8a0	0xec29eb	call	0x6f560
steam	instrument-raw-writer	0xebe8a0	0xec29fe	call	0x6f560
steam	instrument-raw-writer	0xebe8a0	0xec2a11	call	0xb9d10
steam	instrument-raw-writer	0xebe8a0	0xec2a24	call	0x6f560
steam	instrument-raw-writer	0xebe8a0	0xec2a37	call	0x6f560
steam	instrument-raw-writer	0xebe8a0	0xec2a48	call	0xbb770
steam	instrument-raw-writer	0xebe8a0	0xec2a59	call	0xbb8e0
steam	instrument-raw-writer	0xebe8a0	0xec2a6c	call	0xeb9410
steam	instrument-raw-writer	0xebe8a0	0xec2a7d	call	0xbb8e0
steam	instrument-raw-writer	0xebe8a0	0xec2a90	call	0x6f580
steam	instrument-raw-writer	0xebe8a0	0xec2a9e	call	0x52c130
steam	instrument-raw-writer	0xebe8a0	0xec2ab1	call	0x6f560
steam	instrument-raw-writer	0xebe8a0	0xec2ac2	call	0xbb770
steam	instrument-raw-writer	0xebe8a0	0xec2ad5	call	0x6f580
steam	instrument-raw-writer	0xebe8a0	0xec2ae3	call	0x52c130
steam	instrument-raw-writer	0xebe8a0	0xec2af6	call	0x6f560
steam	instrument-raw-writer	0xebe8a0	0xec2b07	call	0xbb770
steam	instrument-raw-writer	0xebe8a0	0xec2b1a	call	0x6f580
steam	instrument-raw-writer	0xebe8a0	0xec2b2d	call	0xb9d10
steam	instrument-raw-writer	0xebe8a0	0xec2b40	call	0x6f560
steam	instrument-raw-writer	0xebe8a0	0xec2b60	call	0x6f560
steam	instrument-raw-writer	0xebe8a0	0xec2b73	call	0x6f560
steam	instrument-raw-writer	0xebe8a0	0xec2b84	call	0xbb770
steam	instrument-raw-writer	0xebe8a0	0xec2b97	call	0x6f580
steam	instrument-raw-writer	0xebe8a0	0xec2baa	call	0xb9d10
steam	instrument-raw-writer	0xebe8a0	0xec2bbd	call	0x6f560
steam	instrument-raw-writer	0xebe8a0	0xec2bce	call	0xbb770
steam	instrument-raw-writer	0xebe8a0	0xec2bdf	call	0xbb8e0
steam	instrument-raw-writer	0xebe8a0	0xec2bfd	call	0x68150
steam	instrument-raw-writer	0xebe8a0	0xec2c0d	call	0x52c130
steam	instrument-raw-writer	0xebe8a0	0xec2c20	call	0x6f560
steam	instrument-raw-writer	0xebe8a0	0xec2c31	call	0xbb770
steam	instrument-raw-writer	0xebe8a0	0xec2c3e	call	0x67e30
steam	instrument-raw-writer	0xebe8a0	0xec2c57	call	0x68150
steam	instrument-raw-writer	0xebe8a0	0xec2c67	call	0x52c130
steam	instrument-raw-writer	0xebe8a0	0xec2c7a	call	0x6f560
steam	instrument-raw-writer	0xebe8a0	0xec2c8b	call	0xbb770
steam	instrument-raw-writer	0xebe8a0	0xec2c98	call	0x67e30
steam	instrument-raw-writer	0xebe8a0	0xec2ca9	call	0xbb8e0
steam	instrument-raw-writer	0xebe8a0	0xec2cba	call	0xbb8e0
steam	instrument-raw-writer	0xebe8a0	0xec2ccb	call	0xbb8e0
steam	instrument-raw-writer	0xebe8a0	0xec2cde	call	0x6f580
steam	instrument-raw-writer	0xebe8a0	0xec2cf1	call	0xb9d10
steam	instrument-raw-writer	0xebe8a0	0xec2d04	call	0x6f560
steam	instrument-raw-writer	0xebe8a0	0xec2d17	call	0x6f560
steam	instrument-raw-writer	0xebe8a0	0xec2d2a	call	0xb9d10
steam	instrument-raw-writer	0xebe8a0	0xec2d3d	call	0x6f560
steam	instrument-raw-writer	0xebe8a0	0xec2d50	call	0x6f560
steam	instrument-raw-writer	0xebe8a0	0xec2d61	call	0xbb770
steam	instrument-raw-writer	0xebe8a0	0xec2d72	call	0xbb8e0
steam	instrument-raw-writer	0xebe8a0	0xec2d85	call	0xeb9410
steam	instrument-raw-writer	0xebe8a0	0xec2d96	call	0xbb8e0
steam	instrument-raw-writer	0xebe8a0	0xec2da9	call	0x6f580
steam	instrument-raw-writer	0xebe8a0	0xec2db8	call	0x52c130
steam	instrument-raw-writer	0xebe8a0	0xec2dcb	call	0x6f560
steam	instrument-raw-writer	0xebe8a0	0xec2ddc	call	0xbb770
steam	instrument-raw-writer	0xebe8a0	0xec2def	call	0x6f580
steam	instrument-raw-writer	0xebe8a0	0xec2dfd	call	0x52c130
steam	instrument-raw-writer	0xebe8a0	0xec2e10	call	0x6f560
steam	instrument-raw-writer	0xebe8a0	0xec2e21	call	0xbb770
steam	instrument-raw-writer	0xebe8a0	0xec2e34	call	0x6f580
steam	instrument-raw-writer	0xebe8a0	0xec2e47	call	0xb9d10
steam	instrument-raw-writer	0xebe8a0	0xec2e5a	call	0x6f560
steam	instrument-raw-writer	0xebe8a0	0xec2e73	call	0x6f560
steam	instrument-raw-writer	0xebe8a0	0xec2e86	call	0x6f560
steam	instrument-raw-writer	0xebe8a0	0xec2e97	call	0xbb770
steam	instrument-raw-writer	0xebe8a0	0xec2ea1	call	0x71f30
steam	instrument-raw-writer	0xebe8a0	0xec2eb6	jmp	0xec2ec2
steam	instrument-raw-writer	0xebe8a0	0xec2ec7	call	0x71f30
steam	instrument-raw-writer	0xebe8a0	0xec2eea	jmp	0xec14e0
steam	instrument-raw-writer	0xebe8a0	0xec2efb	call	0x6f560
steam	instrument-raw-writer	0xebe8a0	0xec2f0e	call	0x6f560
steam	instrument-raw-writer	0xebe8a0	0xec2f21	call	0xb9d10
steam	instrument-raw-writer	0xebe8a0	0xec2f34	call	0x6f560
steam	instrument-raw-writer	0xebe8a0	0xec2f39	jmp	0xec2fa8
steam	instrument-raw-writer	0xebe8a0	0xec2f49	call	0x6f560
steam	instrument-raw-writer	0xebe8a0	0xec2f5c	call	0x6f560
steam	instrument-raw-writer	0xebe8a0	0xec2f6f	call	0xb9d10
steam	instrument-raw-writer	0xebe8a0	0xec2f82	call	0x6f560
steam	instrument-raw-writer	0xebe8a0	0xec2f87	jmp	0xec2fa8
steam	instrument-raw-writer	0xebe8a0	0xec2f90	call	0x6f560
steam	instrument-raw-writer	0xebe8a0	0xec2fa3	call	0xb9d10
steam	instrument-raw-writer	0xebe8a0	0xec2fb6	call	0x6f560
steam	instrument-raw-writer	0xebe8a0	0xec2fc7	call	0xbb770
steam	instrument-raw-writer	0xebe8a0	0xec2fd8	call	0xbb8e0
steam	instrument-raw-writer	0xebe8a0	0xec2feb	call	0xeb9410
steam	instrument-raw-writer	0xebe8a0	0xec2ffc	call	0xbb8e0
steam	instrument-raw-writer	0xebe8a0	0xec300f	call	0x6f580
steam	instrument-raw-writer	0xebe8a0	0xec301d	call	0x52c130
steam	instrument-raw-writer	0xebe8a0	0xec3030	call	0x6f560
steam	instrument-raw-writer	0xebe8a0	0xec3041	call	0xbb770
steam	instrument-raw-writer	0xebe8a0	0xec3054	call	0x6f580
steam	instrument-raw-writer	0xebe8a0	0xec3065	call	0x52c130
steam	instrument-raw-writer	0xebe8a0	0xec3078	call	0x6f560
steam	instrument-raw-writer	0xebe8a0	0xec3089	call	0xbb770
steam	instrument-raw-writer	0xebe8a0	0xec309c	call	0x6f580
steam	instrument-raw-writer	0xebe8a0	0xec30af	call	0xb9d10
steam	instrument-raw-writer	0xebe8a0	0xec30c0	jmp	0xec30de
steam	instrument-raw-writer	0xebe8a0	0xec30ce	jmp	0xec30de
steam	instrument-raw-writer	0xebe8a0	0xec30e5	call	0x6f560
steam	instrument-raw-writer	0xebe8a0	0xec30fe	call	0x6f560
steam	instrument-raw-writer	0xebe8a0	0xec3111	call	0x6f560
steam	instrument-raw-writer	0xebe8a0	0xec3122	call	0xbb770
steam	instrument-raw-writer	0xebe8a0	0xec3141	call	0x6f580
steam	instrument-raw-writer	0xebe8a0	0xec3154	call	0xb9d10
steam	instrument-raw-writer	0xebe8a0	0xec3167	call	0x6f560
steam	instrument-raw-writer	0xebe8a0	0xec3178	call	0xbb770
steam	instrument-raw-writer	0xebe8a0	0xec3189	call	0xbb8e0
steam	instrument-raw-writer	0xebe8a0	0xec31a7	call	0x68150
steam	instrument-raw-writer	0xebe8a0	0xec31bc	call	0x52c130
steam	instrument-raw-writer	0xebe8a0	0xec31cf	call	0x6f560
steam	instrument-raw-writer	0xebe8a0	0xec31e0	call	0xbb770
steam	instrument-raw-writer	0xebe8a0	0xec31ed	call	0x67e30
steam	instrument-raw-writer	0xebe8a0	0xec320b	call	0x68150
steam	instrument-raw-writer	0xebe8a0	0xec3220	call	0x52c130
steam	instrument-raw-writer	0xebe8a0	0xec3233	call	0x6f560
steam	instrument-raw-writer	0xebe8a0	0xec3244	call	0xbb770
steam	instrument-raw-writer	0xebe8a0	0xec3251	call	0x67e30
steam	instrument-raw-writer	0xebe8a0	0xec3262	call	0xbb8e0
steam	instrument-raw-writer	0xebe8a0	0xec3273	call	0xbb8e0
steam	instrument-raw-writer	0xebe8a0	0xec3284	call	0xbb8e0
steam	instrument-raw-writer	0xebe8a0	0xec3297	call	0x6f580
steam	instrument-raw-writer	0xebe8a0	0xec32aa	call	0xb9d10
steam	instrument-raw-writer	0xebe8a0	0xec32bd	call	0x6f560
steam	instrument-raw-writer	0xebe8a0	0xec32d0	call	0x6f560
steam	instrument-raw-writer	0xebe8a0	0xec32e3	call	0xb9d10
steam	instrument-raw-writer	0xebe8a0	0xec32f6	call	0x6f560
steam	instrument-raw-writer	0xebe8a0	0xec3309	call	0x6f560
steam	instrument-raw-writer	0xebe8a0	0xec331a	call	0xbb770
steam	instrument-raw-writer	0xebe8a0	0xec332b	call	0xbb8e0
steam	instrument-raw-writer	0xebe8a0	0xec333e	call	0xeb9410
steam	instrument-raw-writer	0xebe8a0	0xec334f	call	0xbb8e0
steam	instrument-raw-writer	0xebe8a0	0xec3362	call	0x6f580
steam	instrument-raw-writer	0xebe8a0	0xec3373	call	0x52c130
steam	instrument-raw-writer	0xebe8a0	0xec3386	call	0x6f560
steam	instrument-raw-writer	0xebe8a0	0xec3397	call	0xbb770
steam	instrument-raw-writer	0xebe8a0	0xec33aa	call	0x6f580
steam	instrument-raw-writer	0xebe8a0	0xec33bb	call	0x52c130
steam	instrument-raw-writer	0xebe8a0	0xec33ce	call	0x6f560
steam	instrument-raw-writer	0xebe8a0	0xec33df	call	0xbb770
steam	instrument-raw-writer	0xebe8a0	0xec33f2	call	0x6f580
steam	instrument-raw-writer	0xebe8a0	0xec3405	call	0xb9d10
steam	instrument-raw-writer	0xebe8a0	0xec3418	call	0x6f560
steam	instrument-raw-writer	0xebe8a0	0xec3429	call	0xbb770
steam	instrument-raw-writer	0xebe8a0	0xec343c	call	0x6f580
steam	instrument-raw-writer	0xebe8a0	0xec344f	call	0xb9d10
steam	instrument-raw-writer	0xebe8a0	0xec3462	call	0x6f560
steam	instrument-raw-writer	0xebe8a0	0xec3473	call	0xbb770
steam	instrument-raw-writer	0xebe8a0	0xec3484	call	0xbb8e0
steam	instrument-raw-writer	0xebe8a0	0xec34a2	call	0x68150
steam	instrument-raw-writer	0xebe8a0	0xec34b7	call	0x52c130
steam	instrument-raw-writer	0xebe8a0	0xec34ca	call	0x6f560
steam	instrument-raw-writer	0xebe8a0	0xec34db	call	0xbb770
steam	instrument-raw-writer	0xebe8a0	0xec34e8	call	0x67e30
steam	instrument-raw-writer	0xebe8a0	0xec3506	call	0x68150
steam	instrument-raw-writer	0xebe8a0	0xec351b	call	0x52c130
steam	instrument-raw-writer	0xebe8a0	0xec352e	call	0x6f560
steam	instrument-raw-writer	0xebe8a0	0xec353f	call	0xbb770
steam	instrument-raw-writer	0xebe8a0	0xec354c	call	0x67e30
steam	instrument-raw-writer	0xebe8a0	0xec355f	call	0x6f580
steam	instrument-raw-writer	0xebe8a0	0xec3572	call	0xb9d10
steam	instrument-raw-writer	0xebe8a0	0xec3585	call	0x6f560
steam	instrument-raw-writer	0xebe8a0	0xec3598	call	0xb9d10
steam	instrument-raw-writer	0xebe8a0	0xec35ab	call	0x6f560
steam	instrument-raw-writer	0xebe8a0	0xec35bc	call	0xbb770
steam	instrument-raw-writer	0xebe8a0	0xec35cd	call	0xbb8e0
steam	instrument-raw-writer	0xebe8a0	0xec35e0	call	0x6f580
steam	instrument-raw-writer	0xebe8a0	0xec35ef	call	0x52c130
steam	instrument-raw-writer	0xebe8a0	0xec3602	call	0x6f560
steam	instrument-raw-writer	0xebe8a0	0xec3613	call	0xbb770
steam	instrument-raw-writer	0xebe8a0	0xec362d	call	0xbb8e0
steam	instrument-raw-writer	0xebe8a0	0xec3649	call	0xbb8e0
steam	instrument-raw-writer	0xebe8a0	0xec365c	call	0x6f580
steam	instrument-raw-writer	0xebe8a0	0xec366f	call	0x6f560
steam	instrument-raw-writer	0xebe8a0	0xec3682	call	0xb9d10
steam	instrument-raw-writer	0xebe8a0	0xec3695	call	0x6f560
steam	instrument-raw-writer	0xebe8a0	0xec36a8	call	0x6f560
steam	instrument-raw-writer	0xebe8a0	0xec36b9	call	0xbb770
steam	instrument-raw-writer	0xebe8a0	0xec36cc	call	0x6f580
steam	instrument-raw-writer	0xebe8a0	0xec36df	call	0x6f560
steam	instrument-raw-writer	0xebe8a0	0xec36f2	call	0xb9d10
steam	instrument-raw-writer	0xebe8a0	0xec3705	call	0x6f560
steam	instrument-raw-writer	0xebe8a0	0xec3718	call	0x6f560
steam	instrument-raw-writer	0xebe8a0	0xec3729	call	0xbb770
steam	instrument-raw-writer	0xebe8a0	0xec3743	call	0xbb8e0
steam	instrument-raw-writer	0xebe8a0	0xec3756	call	0x6f580
steam	instrument-raw-writer	0xebe8a0	0xec3769	call	0x6f560
steam	instrument-raw-writer	0xebe8a0	0xec377c	call	0xb9d10
steam	instrument-raw-writer	0xebe8a0	0xec378f	call	0x6f560
steam	instrument-raw-writer	0xebe8a0	0xec37a2	call	0x6f560
steam	instrument-raw-writer	0xebe8a0	0xec37b3	call	0xbb770
steam	instrument-raw-writer	0xebe8a0	0xec37c6	call	0x6f580
steam	instrument-raw-writer	0xebe8a0	0xec37d9	call	0x6f560
steam	instrument-raw-writer	0xebe8a0	0xec37ec	call	0xb9d10
steam	instrument-raw-writer	0xebe8a0	0xec37ff	call	0x6f560
steam	instrument-raw-writer	0xebe8a0	0xec3812	call	0x6f560
steam	instrument-raw-writer	0xebe8a0	0xec3823	call	0xbb770
steam	instrument-raw-writer	0xebe8a0	0xec383f	call	0xbb8e0
steam	instrument-raw-writer	0xebe8a0	0xec3852	call	0x6f580
steam	instrument-raw-writer	0xebe8a0	0xec3865	call	0x6f560
steam	instrument-raw-writer	0xebe8a0	0xec3878	call	0xb9d10
steam	instrument-raw-writer	0xebe8a0	0xec388b	call	0x6f560
steam	instrument-raw-writer	0xebe8a0	0xec389e	call	0x6f560
steam	instrument-raw-writer	0xebe8a0	0xec38af	call	0xbb770
steam	instrument-raw-writer	0xebe8a0	0xec38c9	call	0xbb8e0
steam	instrument-raw-writer	0xebe8a0	0xec38dc	call	0x6f580
steam	instrument-raw-writer	0xebe8a0	0xec38ef	call	0x6f560
steam	instrument-raw-writer	0xebe8a0	0xec3902	call	0xb9d10
steam	instrument-raw-writer	0xebe8a0	0xec3915	call	0x6f560
steam	instrument-raw-writer	0xebe8a0	0xec3928	call	0x6f560
steam	instrument-raw-writer	0xebe8a0	0xec3939	call	0xbb770
steam	instrument-raw-writer	0xebe8a0	0xec394c	call	0x6f580
steam	instrument-raw-writer	0xebe8a0	0xec395f	call	0x6f560
steam	instrument-raw-writer	0xebe8a0	0xec3972	call	0xb9d10
steam	instrument-raw-writer	0xebe8a0	0xec3985	call	0x6f560
steam	instrument-raw-writer	0xebe8a0	0xec3998	call	0x6f560
steam	instrument-raw-writer	0xebe8a0	0xec39a9	call	0xbb770
steam	instrument-raw-writer	0xebe8a0	0xec39bc	call	0x6f580
steam	instrument-raw-writer	0xebe8a0	0xec39cf	call	0x6f560
steam	instrument-raw-writer	0xebe8a0	0xec39e2	call	0xb9d10
steam	instrument-raw-writer	0xebe8a0	0xec3a02	call	0x6f560
steam	instrument-raw-writer	0xebe8a0	0xec3a13	call	0xbb770
steam	instrument-raw-writer	0xebe8a0	0xec3a1f	call	0x6f520
steam	instrument-raw-writer	0xebe8a0	0xec3a3a	call	0x6f580
steam	instrument-raw-writer	0xebe8a0	0xec3a4d	call	0x6f560
steam	instrument-raw-writer	0xebe8a0	0xec3a60	call	0xb9d10
steam	instrument-raw-writer	0xebe8a0	0xec3a71	jmp	0xec3a8f
steam	instrument-raw-writer	0xebe8a0	0xec3a7f	jmp	0xec3a8f
steam	instrument-raw-writer	0xebe8a0	0xec3a96	call	0x6f560
steam	instrument-raw-writer	0xebe8a0	0xec3aa7	call	0xbb770
steam	instrument-raw-writer	0xebe8a0	0xec3abe	call	0x6f580
steam	instrument-raw-writer	0xebe8a0	0xec3ad1	call	0x6f560
steam	instrument-raw-writer	0xebe8a0	0xec3ae4	call	0xb9d10
steam	instrument-raw-writer	0xebe8a0	0xec3af7	call	0x6f560
steam	instrument-raw-writer	0xebe8a0	0xec3b0a	call	0x6f560
steam	instrument-raw-writer	0xebe8a0	0xec3b1b	call	0xbb770
steam	instrument-raw-writer	0xebe8a0	0xec3b2e	call	0x6f580
steam	instrument-raw-writer	0xebe8a0	0xec3b3c	call	0x52c130
steam	instrument-raw-writer	0xebe8a0	0xec3b4f	call	0x6f560
steam	instrument-raw-writer	0xebe8a0	0xec3b60	call	0x52c130
steam	instrument-raw-writer	0xebe8a0	0xec3b73	call	0x6f560
steam	instrument-raw-writer	0xebe8a0	0xec3b84	call	0xbb770
steam	instrument-raw-writer	0xebe8a0	0xec3b9a	call	0xbb8e0
steam	instrument-raw-writer	0xebe8a0	0xec3bb0	call	0xbb8e0
steam	instrument-raw-writer	0xebe8a0	0xec3bca	call	0xbb8e0
steam	instrument-raw-writer	0xebe8a0	0xec3bee	call	0xbb8e0
steam	instrument-raw-writer	0xebe8a0	0xec3c03	call	0xbb8e0
steam	instrument-raw-writer	0xebe8a0	0xec3c24	call	0x71f30
steam	instrument-raw-writer	0xebe8a0	0xec3c34	call	0x71f30
steam	instrument-raw-writer	0xebe8a0	0xec3c46	call	0x71f30
steam	instrument-raw-writer	0xebe8a0	0xec3c71	call	0x71f30
steam	instrument-raw-writer	0xebe8a0	0xec3c98	jmp	0xec3cf0
steam	instrument-raw-writer	0xebe8a0	0xec3cb1	jmp	0xec3cf0
steam	instrument-raw-writer	0xebe8a0	0xec3cce	jmp	0xec3cf0
steam	instrument-raw-writer	0xebe8a0	0xec3cfc	call	0xbb8e0
steam	instrument-raw-writer	0xebe8a0	0xec3d11	call	0x71f30
steam	instrument-raw-writer	0xebe8a0	0xec3d26	call	0xbb8e0
steam	instrument-raw-writer	0xebe8a0	0xec3d30	jmp	0xec3d43
steam	instrument-raw-writer	0xebe8a0	0xec3d39	call	0xbb8e0
steam	instrument-raw-writer	0xebe8a0	0xec3d4e	call	0x71f30
steam	instrument-raw-writer	0xebe8a0	0xec3d69	call	0xbb8e0
steam	instrument-raw-writer	0xebe8a0	0xec3d85	call	0x71f30
steam	instrument-raw-writer	0xebe8a0	0xec3d9a	call	0xbb8e0
steam	instrument-raw-writer	0xebe8a0	0xec3dc7	call	0x71f30
steam	instrument-raw-writer	0xebe8a0	0xec3dde	jmp	0xec3e08
steam	instrument-raw-writer	0xebe8a0	0xec3dec	jmp	0xec3e08
steam	instrument-raw-writer	0xebe8a0	0xec3dfa	jmp	0xec3e08
steam	instrument-raw-writer	0xebe8a0	0xec3e20	call	0x6f580
steam	instrument-raw-writer	0xebe8a0	0xec3e2f	call	0x52c130
steam	instrument-raw-writer	0xebe8a0	0xec3e42	call	0x6f560
steam	instrument-raw-writer	0xebe8a0	0xec3e50	call	0x52c130
steam	instrument-raw-writer	0xebe8a0	0xec3e63	call	0x6f560
steam	instrument-raw-writer	0xebe8a0	0xec3e74	call	0xbb770
steam	instrument-raw-writer	0xebe8a0	0xec3e8e	call	0x71f30
steam	instrument-raw-writer	0xebe8a0	0xec3ea3	call	0xbb8e0
steam	instrument-raw-writer	0xebe8a0	0xec3eaa	jmp	0xec3ec2
steam	instrument-raw-writer	0xebe8a0	0xec3eb8	call	0xbb8e0
steam	instrument-raw-writer	0xebe8a0	0xec3ec7	call	0x71f30
steam	instrument-raw-writer	0xebe8a0	0xec3edc	call	0xbb8e0
steam	instrument-raw-writer	0xebe8a0	0xec3eed	call	0x298fd0
steam	instrument-raw-writer	0xebe8a0	0xec3f03	call	0xeb7ff0
steam	instrument-raw-writer	0xebe8a0	0xec3f14	call	0xeb8760
steam	instrument-raw-writer	0xebe8a0	0xec3f25	call	0xbb8e0
steam	instrument-raw-writer	0xebe8a0	0xec3f38	call	0x6f580
steam	instrument-raw-writer	0xebe8a0	0xec3f44	call	0x6f690
steam	instrument-raw-writer	0xebe8a0	0xec3f58	call	0x6f580
steam	instrument-raw-writer	0xebe8a0	0xec3f6b	call	0xb9d10
steam	instrument-raw-writer	0xebe8a0	0xec3f7e	call	0x6f560
steam	instrument-raw-writer	0xebe8a0	0xec3f95	jmp	0xec3fdc
steam	instrument-raw-writer	0xebe8a0	0xec3fa5	jmp	0xec3fdc
steam	instrument-raw-writer	0xebe8a0	0xec3fb5	jmp	0xec3fdc
steam	instrument-raw-writer	0xebe8a0	0xec3fc5	jmp	0xec3fdc
steam	instrument-raw-writer	0xebe8a0	0xec3fe3	call	0x6f560
steam	instrument-raw-writer	0xebe8a0	0xec3ff6	call	0x6f560
steam	instrument-raw-writer	0xebe8a0	0xec4005	call	0xeb8e60
steam	instrument-raw-writer	0xebe8a0	0xec4018	call	0x6f560
steam	instrument-raw-writer	0xebe8a0	0xec4032	call	0x6f560
steam	instrument-raw-writer	0xebe8a0	0xec4041	call	0xeb8e60
steam	instrument-raw-writer	0xebe8a0	0xec4054	call	0x6f560
steam	instrument-raw-writer	0xebe8a0	0xec4063	call	0xeb8e60
steam	instrument-raw-writer	0xebe8a0	0xec4076	call	0x6f560
steam	instrument-raw-writer	0xebe8a0	0xec4090	call	0x6f560
steam	instrument-raw-writer	0xebe8a0	0xec409f	call	0xeb8e60
steam	instrument-raw-writer	0xebe8a0	0xec40b2	call	0x6f560
steam	instrument-raw-writer	0xebe8a0	0xec40c1	call	0xeb8e60
steam	instrument-raw-writer	0xebe8a0	0xec40d4	call	0x6f560
steam	instrument-raw-writer	0xebe8a0	0xec40ee	call	0x6f560
steam	instrument-raw-writer	0xebe8a0	0xec40fd	call	0xeb8e60
steam	instrument-raw-writer	0xebe8a0	0xec4110	call	0x6f560
steam	instrument-raw-writer	0xebe8a0	0xec411f	call	0xeb8e60
steam	instrument-raw-writer	0xebe8a0	0xec4132	call	0x6f560
steam	instrument-raw-writer	0xebe8a0	0xec414c	call	0x6f560
steam	instrument-raw-writer	0xebe8a0	0xec415b	call	0xeb8e60
steam	instrument-raw-writer	0xebe8a0	0xec416e	call	0x6f560
steam	instrument-raw-writer	0xebe8a0	0xec4181	call	0x6f560
steam	instrument-raw-writer	0xebe8a0	0xec419b	call	0x6f560
steam	instrument-raw-writer	0xebe8a0	0xec41b5	call	0x6f560
steam	instrument-raw-writer	0xebe8a0	0xec41cf	call	0x6f560
steam	instrument-raw-writer	0xebe8a0	0xec41e9	call	0x6f560
steam	instrument-raw-writer	0xebe8a0	0xec41fc	call	0x6f560
steam	instrument-raw-writer	0xebe8a0	0xec421a	call	0x6f560
steam	instrument-raw-writer	0xebe8a0	0xec4237	call	0x6f560
steam	instrument-raw-writer	0xebe8a0	0xec423c	jmp	0xec42c9
steam	instrument-raw-writer	0xebe8a0	0xec4248	call	0x6f560
steam	instrument-raw-writer	0xebe8a0	0xec424d	jmp	0xec42c9
steam	instrument-raw-writer	0xebe8a0	0xec4259	call	0x6f560
steam	instrument-raw-writer	0xebe8a0	0xec4265	call	0x6f690
steam	instrument-raw-writer	0xebe8a0	0xec4274	call	0x52e360
steam	instrument-raw-writer	0xebe8a0	0xec4287	call	0xb9d10
steam	instrument-raw-writer	0xebe8a0	0xec42a4	call	0x6f560
steam	instrument-raw-writer	0xebe8a0	0xec42b7	call	0x6f560
steam	instrument-raw-writer	0xebe8a0	0xec42c4	call	0x67e30
steam	instrument-raw-writer	0xebe8a0	0xec42d7	call	0x6f560
steam	instrument-raw-writer	0xebe8a0	0xec42e6	call	0xeb8e60
steam	instrument-raw-writer	0xebe8a0	0xec42f9	call	0x6f560
steam	instrument-raw-writer	0xebe8a0	0xec4317	call	0x6f560
steam	instrument-raw-writer	0xebe8a0	0xec4334	call	0x6f560
steam	instrument-raw-writer	0xebe8a0	0xec4339	jmp	0xec43c6
steam	instrument-raw-writer	0xebe8a0	0xec4345	call	0x6f560
steam	instrument-raw-writer	0xebe8a0	0xec434a	jmp	0xec43c6
steam	instrument-raw-writer	0xebe8a0	0xec4356	call	0x6f560
steam	instrument-raw-writer	0xebe8a0	0xec4362	call	0x6f690
steam	instrument-raw-writer	0xebe8a0	0xec4371	call	0x52e360
steam	instrument-raw-writer	0xebe8a0	0xec4384	call	0xb9d10
steam	instrument-raw-writer	0xebe8a0	0xec43a1	call	0x6f560
steam	instrument-raw-writer	0xebe8a0	0xec43b4	call	0x6f560
steam	instrument-raw-writer	0xebe8a0	0xec43c1	call	0x67e30
steam	instrument-raw-writer	0xebe8a0	0xec43d4	call	0x6f560
steam	instrument-raw-writer	0xebe8a0	0xec43e3	call	0xeb8e60
steam	instrument-raw-writer	0xebe8a0	0xec43f6	call	0x6f560
steam	instrument-raw-writer	0xebe8a0	0xec4416	call	0x6f560
steam	instrument-raw-writer	0xebe8a0	0xec4433	call	0x6f560
steam	instrument-raw-writer	0xebe8a0	0xec4438	jmp	0xec44c5
steam	instrument-raw-writer	0xebe8a0	0xec4444	call	0x6f560
steam	instrument-raw-writer	0xebe8a0	0xec4449	jmp	0xec44c5
steam	instrument-raw-writer	0xebe8a0	0xec4455	call	0x6f560
steam	instrument-raw-writer	0xebe8a0	0xec4461	call	0x6f690
steam	instrument-raw-writer	0xebe8a0	0xec4470	call	0x52e360
steam	instrument-raw-writer	0xebe8a0	0xec4483	call	0xb9d10
steam	instrument-raw-writer	0xebe8a0	0xec44a0	call	0x6f560
steam	instrument-raw-writer	0xebe8a0	0xec44b3	call	0x6f560
steam	instrument-raw-writer	0xebe8a0	0xec44c0	call	0x67e30
steam	instrument-raw-writer	0xebe8a0	0xec44d3	call	0x6f560
steam	instrument-raw-writer	0xebe8a0	0xec44e2	call	0xeb8e60
steam	instrument-raw-writer	0xebe8a0	0xec44f5	call	0x6f560
steam	instrument-raw-writer	0xebe8a0	0xec452b	call	0x6f560
steam	instrument-raw-writer	0xebe8a0	0xec4548	call	0x6f560
steam	instrument-raw-writer	0xebe8a0	0xec454d	jmp	0xec45da
steam	instrument-raw-writer	0xebe8a0	0xec4559	call	0x6f560
steam	instrument-raw-writer	0xebe8a0	0xec455e	jmp	0xec45da
steam	instrument-raw-writer	0xebe8a0	0xec456a	call	0x6f560
steam	instrument-raw-writer	0xebe8a0	0xec4576	call	0x6f690
steam	instrument-raw-writer	0xebe8a0	0xec4585	call	0x52e360
steam	instrument-raw-writer	0xebe8a0	0xec4598	call	0xb9d10
steam	instrument-raw-writer	0xebe8a0	0xec45b5	call	0x6f560
steam	instrument-raw-writer	0xebe8a0	0xec45c8	call	0x6f560
steam	instrument-raw-writer	0xebe8a0	0xec45d5	call	0x67e30
steam	instrument-raw-writer	0xebe8a0	0xec45e8	call	0x6f560
steam	instrument-raw-writer	0xebe8a0	0xec460a	call	0x6f560
steam	instrument-raw-writer	0xebe8a0	0xec460f	jmp	0xec466c
steam	instrument-raw-writer	0xebe8a0	0xec4618	call	0x6f690
steam	instrument-raw-writer	0xebe8a0	0xec4628	call	0x52e360
steam	instrument-raw-writer	0xebe8a0	0xec4634	call	0x52d650
steam	instrument-raw-writer	0xebe8a0	0xec4647	call	0xb9d10
steam	instrument-raw-writer	0xebe8a0	0xec465a	call	0x6f560
steam	instrument-raw-writer	0xebe8a0	0xec4667	call	0x67e30
steam	instrument-raw-writer	0xebe8a0	0xec467a	call	0x6f560
steam	instrument-raw-writer	0xebe8a0	0xec469c	call	0x6f560
steam	instrument-raw-writer	0xebe8a0	0xec46a1	jmp	0xec46fe
steam	instrument-raw-writer	0xebe8a0	0xec46aa	call	0x6f690
steam	instrument-raw-writer	0xebe8a0	0xec46ba	call	0x52e360
steam	instrument-raw-writer	0xebe8a0	0xec46c6	call	0x52d650
steam	instrument-raw-writer	0xebe8a0	0xec46d9	call	0xb9d10
steam	instrument-raw-writer	0xebe8a0	0xec46ec	call	0x6f560
steam	instrument-raw-writer	0xebe8a0	0xec46f9	call	0x67e30
steam	instrument-raw-writer	0xebe8a0	0xec471a	call	0x6f560
steam	instrument-raw-writer	0xebe8a0	0xec473b	call	0x6f560
steam	instrument-raw-writer	0xebe8a0	0xec4757	call	0x6f560
steam	instrument-raw-writer	0xebe8a0	0xec4770	call	0x6f560
steam	instrument-raw-writer	0xebe8a0	0xec4775	jmp	0xec4783
steam	instrument-raw-writer	0xebe8a0	0xec477e	call	0x6f580
steam	instrument-raw-writer	0xebe8a0	0xec4791	call	0x6f560
steam	instrument-raw-writer	0xebe8a0	0xec47b4	call	0x6f560
steam	instrument-raw-writer	0xebe8a0	0xec47cd	call	0x6f560
steam	instrument-raw-writer	0xebe8a0	0xec47d2	jmp	0xec47e0
steam	instrument-raw-writer	0xebe8a0	0xec47db	call	0x6f580
steam	instrument-raw-writer	0xebe8a0	0xec47ee	call	0x6f560
steam	instrument-raw-writer	0xebe8a0	0xec4805	call	0x6f560
steam	instrument-raw-writer	0xebe8a0	0xec481f	call	0x6f560
steam	instrument-raw-writer	0xebe8a0	0xec4839	call	0x6f560
steam	instrument-raw-writer	0xebe8a0	0xec4853	call	0x6f560
steam	instrument-raw-writer	0xebe8a0	0xec4865	call	0xeb6fe0
steam	instrument-raw-writer	0xebe8a0	0xec487f	call	0x6f560
steam	instrument-raw-writer	0xebe8a0	0xec488e	call	0xeb8e60
steam	instrument-raw-writer	0xebe8a0	0xec48a1	call	0x6f560
steam	instrument-raw-writer	0xebe8a0	0xec48b4	call	0xeb8af0
steam	instrument-raw-writer	0xebe8a0	0xec48c0	call	0x6f330
steam	instrument-raw-writer	0xebe8a0	0xec48d0	call	0xfb540
steam	instrument-raw-writer	0xebe8a0	0xec48e7	call	0x6f330
steam	instrument-raw-writer	0xebe8a0	0xec48fa	call	0xe1230
steam	instrument-raw-writer	0xebe8a0	0xec4906	call	0x6f330
steam	instrument-raw-writer	0xebe8a0	0xec4916	call	0xfb540
steam	instrument-raw-writer	0xebe8a0	0xec492e	call	0xb9d10
steam	instrument-raw-writer	0xebe8a0	0xec4941	call	0x6f560
steam	instrument-raw-writer	0xebe8a0	0xec4952	call	0xbb770
steam	instrument-raw-writer	0xebe8a0	0xec495f	call	0x67e30
steam	instrument-raw-writer	0xebe8a0	0xec496c	call	0xccb890
steam	instrument-raw-writer	0xebe8a0	0xec4979	call	0x67e30
steam	instrument-raw-writer	0xebe8a0	0xec4986	call	0x67e30
steam	instrument-raw-writer	0xebe8a0	0xec4993	call	0x67e30
steam	instrument-raw-writer	0xebe8a0	0xec49a0	call	0x67e30
steam	instrument-raw-writer	0xebe8a0	0xec49ad	call	0x67e30
steam	instrument-raw-writer	0xebe8a0	0xec49ba	call	0x67e30
steam	instrument-raw-writer	0xebe8a0	0xec49c7	call	0x67e30
steam	instrument-raw-writer	0xebe8a0	0xec49d4	call	0x67e30
steam	instrument-raw-writer	0xebe8a0	0xec49e1	call	0x67e30
steam	instrument-raw-writer	0xebe8a0	0xec49ee	call	0x67e30
steam	instrument-raw-writer	0xebe8a0	0xec4a46	jmp	0xec4a56
steam	instrument-raw-writer	0xebe8a0	0xec4a5d	call	0x6f690
steam	instrument-raw-writer	0xebe8a0	0xec4a7a	call	0x6f220
steam	instrument-raw-writer	0xebe8a0	0xec4a86	call	0x6ee50
steam	instrument-raw-writer	0xebe8a0	0xec4aa2	call	0x71f30
steam	instrument-raw-writer	0xebe8a0	0xec4aae	call	0x6f220
steam	instrument-raw-writer	0xebe8a0	0xec4abd	call	0x6f5a0
steam	instrument-raw-writer	0xebe8a0	0xec4acd	call	0x6f240
steam	instrument-raw-writer	0xebe8a0	0xec4ae0	call	0x6f230
steam	instrument-raw-writer	0xebe8a0	0xec4af4	call	0x6ee20
steam	instrument-raw-writer	0xebe8a0	0xec4afe	call	0x657b0
steam	instrument-raw-writer	0xebe8a0	0xec4b0b	call	0x6ee10
steam	instrument-raw-writer	0xebe8a0	0xec4b1e	call	0x6fe40
steam	instrument-raw-writer	0xebe8a0	0xec4b2f	call	0x6ee00
steam	instrument-raw-writer	0xebe8a0	0xec4b43	call	0x6ee20
steam	instrument-raw-writer	0xebe8a0	0xec4b4d	call	0x657b0
steam	instrument-raw-writer	0xebe8a0	0xec4b5e	call	0x6f240
steam	instrument-raw-writer	0xebe8a0	0xec4b6e	call	0x6f230
steam	instrument-raw-writer	0xebe8a0	0xec4b82	call	0x6ee20
steam	instrument-raw-writer	0xebe8a0	0xec4b8c	call	0x657b0
steam	instrument-raw-writer	0xebe8a0	0xec4b99	call	0x6ee10
steam	instrument-raw-writer	0xebe8a0	0xec4ba8	call	0x6fe40
steam	instrument-raw-writer	0xebe8a0	0xec4bb5	call	0x6ee00
steam	instrument-raw-writer	0xebe8a0	0xec4bc9	call	0x6ee20
steam	instrument-raw-writer	0xebe8a0	0xec4bd3	call	0x657b0
steam	instrument-raw-writer	0xebe8a0	0xec4bdc	jmp	0xec4bf7
steam	instrument-raw-writer	0xebe8a0	0xec4be9	jmp	0xec4bf7
steam	instrument-raw-writer	0xebe8a0	0xec4bf2	call	0x930be0
steam	instrument-raw-writer	0xebe8a0	0xec4c02	call	0xbb770
steam	instrument-raw-writer	0xebe8a0	0xec4c15	call	0x6f5d0
steam	instrument-raw-writer	0xebe8a0	0xec4c29	call	0x6f560
steam	instrument-raw-writer	0xebe8a0	0xec4c38	call	0x52c130
steam	instrument-raw-writer	0xebe8a0	0xec4c4b	call	0xbb770
steam	instrument-raw-writer	0xebe8a0	0xec4c57	call	0x6f690
steam	instrument-raw-writer	0xebe8a0	0xec4c62	call	0x71f30
steam	instrument-raw-writer	0xebe8a0	0xec4ca6	call	0x6f690
steam	instrument-raw-writer	0xebe8a0	0xec4cb3	call	0x6f690
steam	instrument-raw-writer	0xebe8a0	0xec4cc0	call	0x6f690
steam	instrument-raw-writer	0xebe8a0	0xec4ccd	call	0x6f690
steam	instrument-raw-writer	0xebe8a0	0xec4cda	call	0x6f690
steam	instrument-raw-writer	0xebe8a0	0xec4cfe	call	0x71f30
steam	instrument-raw-writer	0xebe8a0	0xec4d8f	call	0x6f5a0
steam	instrument-raw-writer	0xebe8a0	0xec4da2	call	0x6f560
steam	instrument-raw-writer	0xebe8a0	0xec4db2	call	0xbb770
steam	instrument-raw-writer	0xebe8a0	0xec4dc5	call	0x6f5a0
steam	instrument-raw-writer	0xebe8a0	0xec4dd8	call	0x6f560
steam	instrument-raw-writer	0xebe8a0	0xec4de8	call	0xbb770
steam	instrument-raw-writer	0xebe8a0	0xec4dfb	call	0x6f5a0
steam	instrument-raw-writer	0xebe8a0	0xec4e0e	call	0x6f560
steam	instrument-raw-writer	0xebe8a0	0xec4e1e	call	0xbb770
steam	instrument-raw-writer	0xebe8a0	0xec4e65	call	0x6f580
steam	instrument-raw-writer	0xebe8a0	0xec4e78	call	0xb9d10
steam	instrument-raw-writer	0xebe8a0	0xec4e8b	call	0x6f560
steam	instrument-raw-writer	0xebe8a0	0xec4e9c	call	0xbb770
steam	instrument-raw-writer	0xebe8a0	0xec4ead	call	0xbb8e0
steam	instrument-raw-writer	0xebe8a0	0xec4ecb	call	0x68150
steam	instrument-raw-writer	0xebe8a0	0xec4ee0	call	0x52c130
steam	instrument-raw-writer	0xebe8a0	0xec4ef3	call	0x6f560
steam	instrument-raw-writer	0xebe8a0	0xec4f04	call	0xbb770
steam	instrument-raw-writer	0xebe8a0	0xec4f11	call	0x67e30
steam	instrument-raw-writer	0xebe8a0	0xec4f2f	call	0x68150
steam	instrument-raw-writer	0xebe8a0	0xec4f44	call	0x52c130
steam	instrument-raw-writer	0xebe8a0	0xec4f57	call	0x6f560
steam	instrument-raw-writer	0xebe8a0	0xec4f68	call	0xbb770
steam	instrument-raw-writer	0xebe8a0	0xec4f75	call	0x67e30
steam	instrument-raw-writer	0xebe8a0	0xec4f86	call	0xbb8e0
steam	instrument-raw-writer	0xebe8a0	0xec4f97	call	0xbb8e0
steam	instrument-raw-writer	0xebe8a0	0xec4fa8	call	0xbb8e0
steam	instrument-raw-writer	0xebe8a0	0xec4fbb	call	0x6f580
steam	instrument-raw-writer	0xebe8a0	0xec4fce	call	0xb9d10
steam	instrument-raw-writer	0xebe8a0	0xec4fe1	call	0x6f560
steam	instrument-raw-writer	0xebe8a0	0xec4ff4	call	0x6f560
steam	instrument-raw-writer	0xebe8a0	0xec5007	call	0xb9d10
steam	instrument-raw-writer	0xebe8a0	0xec501a	call	0x6f560
steam	instrument-raw-writer	0xebe8a0	0xec502d	call	0x6f560
steam	instrument-raw-writer	0xebe8a0	0xec503e	call	0xbb770
steam	instrument-raw-writer	0xebe8a0	0xec504f	call	0xbb8e0
steam	instrument-raw-writer	0xebe8a0	0xec5062	call	0xeb9410
steam	instrument-raw-writer	0xebe8a0	0xec5073	call	0xbb8e0
steam	instrument-raw-writer	0xebe8a0	0xec5086	call	0x6f580
steam	instrument-raw-writer	0xebe8a0	0xec5094	call	0x52c130
steam	instrument-raw-writer	0xebe8a0	0xec50a7	call	0x6f560
steam	instrument-raw-writer	0xebe8a0	0xec50b8	call	0xbb770
steam	instrument-raw-writer	0xebe8a0	0xec50cb	call	0x6f580
steam	instrument-raw-writer	0xebe8a0	0xec50d9	call	0x52c130
steam	instrument-raw-writer	0xebe8a0	0xec50ec	call	0x6f560
steam	instrument-raw-writer	0xebe8a0	0xec50fd	call	0xbb770
steam	instrument-raw-writer	0xebe8a0	0xec5110	call	0x6f580
steam	instrument-raw-writer	0xebe8a0	0xec5123	call	0xb9d10
steam	instrument-raw-writer	0xebe8a0	0xec5136	call	0x6f560
steam	instrument-raw-writer	0xebe8a0	0xec5147	call	0xbb770
steam	instrument-raw-writer	0xebe8a0	0xec515a	call	0x6f580
steam	instrument-raw-writer	0xebe8a0	0xec516d	call	0xb9d10
steam	instrument-raw-writer	0xebe8a0	0xec5180	call	0x6f560
steam	instrument-raw-writer	0xebe8a0	0xec5191	call	0xbb770
steam	instrument-raw-writer	0xebe8a0	0xec51a2	call	0xbb8e0
steam	instrument-raw-writer	0xebe8a0	0xec51c0	call	0x68150
steam	instrument-raw-writer	0xebe8a0	0xec51d0	call	0x52c130
steam	instrument-raw-writer	0xebe8a0	0xec51e3	call	0x6f560
steam	instrument-raw-writer	0xebe8a0	0xec51f4	call	0xbb770
steam	instrument-raw-writer	0xebe8a0	0xec5201	call	0x67e30
steam	instrument-raw-writer	0xebe8a0	0xec521a	call	0x68150
steam	instrument-raw-writer	0xebe8a0	0xec522a	call	0x52c130
steam	instrument-raw-writer	0xebe8a0	0xec523d	call	0x6f560
steam	instrument-raw-writer	0xebe8a0	0xec524e	call	0xbb770
steam	instrument-raw-writer	0xebe8a0	0xec525b	call	0x67e30
steam	instrument-raw-writer	0xebe8a0	0xec526c	call	0xbb8e0
steam	instrument-raw-writer	0xebe8a0	0xec527d	call	0xbb8e0
steam	instrument-raw-writer	0xebe8a0	0xec528e	call	0xbb8e0
steam	instrument-raw-writer	0xebe8a0	0xec52a1	call	0x6f580
steam	instrument-raw-writer	0xebe8a0	0xec52b4	call	0xb9d10
steam	instrument-raw-writer	0xebe8a0	0xec52c7	call	0x6f560
steam	instrument-raw-writer	0xebe8a0	0xec52da	call	0x6f560
steam	instrument-raw-writer	0xebe8a0	0xec52ed	call	0xb9d10
steam	instrument-raw-writer	0xebe8a0	0xec5300	call	0x6f560
steam	instrument-raw-writer	0xebe8a0	0xec5313	call	0x6f560
steam	instrument-raw-writer	0xebe8a0	0xec5324	call	0xbb770
steam	instrument-raw-writer	0xebe8a0	0xec5335	call	0xbb8e0
steam	instrument-raw-writer	0xebe8a0	0xec534b	call	0xeb9410
steam	instrument-raw-writer	0xebe8a0	0xec535c	call	0xbb8e0
steam	instrument-raw-writer	0xebe8a0	0xec536f	call	0x6f580
steam	instrument-raw-writer	0xebe8a0	0xec537d	call	0x52c130
steam	instrument-raw-writer	0xebe8a0	0xec5390	call	0x6f560
steam	instrument-raw-writer	0xebe8a0	0xec53a1	call	0xbb770
steam	instrument-raw-writer	0xebe8a0	0xec53b4	call	0x6f580
steam	instrument-raw-writer	0xebe8a0	0xec53c3	call	0x52c130
steam	instrument-raw-writer	0xebe8a0	0xec53d6	call	0x6f560
steam	instrument-raw-writer	0xebe8a0	0xec53e7	call	0xbb770
steam	instrument-raw-writer	0xebe8a0	0xec53fa	call	0x6f580
steam	instrument-raw-writer	0xebe8a0	0xec540d	call	0xb9d10
steam	instrument-raw-writer	0xebe8a0	0xec5420	call	0x6f560
steam	instrument-raw-writer	0xebe8a0	0xec5431	call	0xbb770
steam	instrument-raw-writer	0xebe8a0	0xec5444	call	0x6f580
steam	instrument-raw-writer	0xebe8a0	0xec5457	call	0xb9d10
steam	instrument-raw-writer	0xebe8a0	0xec546a	call	0x6f560
steam	instrument-raw-writer	0xebe8a0	0xec547b	call	0xbb770
steam	instrument-raw-writer	0xebe8a0	0xec548c	call	0xbb8e0
steam	instrument-raw-writer	0xebe8a0	0xec54a5	call	0x68150
steam	instrument-raw-writer	0xebe8a0	0xec54b5	call	0x52c130
steam	instrument-raw-writer	0xebe8a0	0xec54c8	call	0x6f560
steam	instrument-raw-writer	0xebe8a0	0xec54d9	call	0xbb770
steam	instrument-raw-writer	0xebe8a0	0xec54e6	call	0x67e30
steam	instrument-raw-writer	0xebe8a0	0xec54ff	call	0x68150
steam	instrument-raw-writer	0xebe8a0	0xec550f	call	0x52c130
steam	instrument-raw-writer	0xebe8a0	0xec5522	call	0x6f560
steam	instrument-raw-writer	0xebe8a0	0xec5533	call	0xbb770
steam	instrument-raw-writer	0xebe8a0	0xec5540	call	0x67e30
steam	instrument-raw-writer	0xebe8a0	0xec5551	call	0xbb8e0
steam	instrument-raw-writer	0xebe8a0	0xec5562	call	0xbb8e0
steam	instrument-raw-writer	0xebe8a0	0xec5573	call	0xbb8e0
steam	instrument-raw-writer	0xebe8a0	0xec5586	call	0x6f580
steam	instrument-raw-writer	0xebe8a0	0xec5599	call	0xb9d10
steam	instrument-raw-writer	0xebe8a0	0xec55ac	call	0x6f560
steam	instrument-raw-writer	0xebe8a0	0xec55bf	call	0x6f560
steam	instrument-raw-writer	0xebe8a0	0xec55d2	call	0xb9d10
steam	instrument-raw-writer	0xebe8a0	0xec55e5	call	0x6f560
steam	instrument-raw-writer	0xebe8a0	0xec55f8	call	0x6f560
steam	instrument-raw-writer	0xebe8a0	0xec5609	call	0xbb770
steam	instrument-raw-writer	0xebe8a0	0xec561a	call	0xbb8e0
steam	instrument-raw-writer	0xebe8a0	0xec562b	call	0xeb9410
steam	instrument-raw-writer	0xebe8a0	0xec563c	call	0xbb8e0
steam	instrument-raw-writer	0xebe8a0	0xec564f	call	0x6f580
steam	instrument-raw-writer	0xebe8a0	0xec565e	call	0x52c130
steam	instrument-raw-writer	0xebe8a0	0xec5671	call	0x6f560
steam	instrument-raw-writer	0xebe8a0	0xec5682	call	0xbb770
steam	instrument-raw-writer	0xebe8a0	0xec5695	call	0x6f580
steam	instrument-raw-writer	0xebe8a0	0xec56a4	call	0x52c130
steam	instrument-raw-writer	0xebe8a0	0xec56b7	call	0x6f560
steam	instrument-raw-writer	0xebe8a0	0xec56c8	call	0xbb770
steam	instrument-raw-writer	0xebe8a0	0xec56db	call	0x6f580
steam	instrument-raw-writer	0xebe8a0	0xec56ee	call	0xb9d10
steam	instrument-raw-writer	0xebe8a0	0xec5701	call	0x6f560
steam	instrument-raw-writer	0xebe8a0	0xec5712	call	0xbb770
steam	instrument-raw-writer	0xebe8a0	0xec572b	jmp	0xec676b
steam	instrument-raw-writer	0xebe8a0	0xec5738	jmp	0xec6770
steam	instrument-raw-writer	0xebe8a0	0xec5745	jmp	0xec6770
steam	instrument-raw-writer	0xebe8a0	0xec5752	jmp	0xec6770
steam	instrument-raw-writer	0xebe8a0	0xec5761	call	0x71f30
steam	instrument-raw-writer	0xebe8a0	0xec5776	call	0x71f30
steam	instrument-raw-writer	0xebe8a0	0xec57ff	call	0x6f5a0
steam	instrument-raw-writer	0xebe8a0	0xec5812	call	0x6f560
steam	instrument-raw-writer	0xebe8a0	0xec5822	call	0xbb770
steam	instrument-raw-writer	0xebe8a0	0xec5835	call	0x6f5a0
steam	instrument-raw-writer	0xebe8a0	0xec5848	call	0x6f560
steam	instrument-raw-writer	0xebe8a0	0xec5858	call	0xbb770
steam	instrument-raw-writer	0xebe8a0	0xec586b	call	0x6f5a0
steam	instrument-raw-writer	0xebe8a0	0xec587e	call	0x6f560
steam	instrument-raw-writer	0xebe8a0	0xec588e	call	0xbb770
steam	instrument-raw-writer	0xebe8a0	0xec58a1	call	0x6f5a0
steam	instrument-raw-writer	0xebe8a0	0xec58b4	call	0x6f560
steam	instrument-raw-writer	0xebe8a0	0xec58c4	call	0xbb770
steam	instrument-raw-writer	0xebe8a0	0xec591f	call	0x6f580
steam	instrument-raw-writer	0xebe8a0	0xec5932	call	0xb9d10
steam	instrument-raw-writer	0xebe8a0	0xec5945	call	0x6f560
steam	instrument-raw-writer	0xebe8a0	0xec5956	call	0xbb770
steam	instrument-raw-writer	0xebe8a0	0xec5967	call	0xbb8e0
steam	instrument-raw-writer	0xebe8a0	0xec598d	call	0x68150
steam	instrument-raw-writer	0xebe8a0	0xec599d	call	0x52c130
steam	instrument-raw-writer	0xebe8a0	0xec59b0	call	0x6f560
steam	instrument-raw-writer	0xebe8a0	0xec59c1	call	0xbb770
steam	instrument-raw-writer	0xebe8a0	0xec59ce	call	0x67e30
steam	instrument-raw-writer	0xebe8a0	0xec59e7	call	0x68150
steam	instrument-raw-writer	0xebe8a0	0xec59f7	call	0x52c130
steam	instrument-raw-writer	0xebe8a0	0xec5a0a	call	0x6f560
steam	instrument-raw-writer	0xebe8a0	0xec5a1b	call	0xbb770
steam	instrument-raw-writer	0xebe8a0	0xec5a28	call	0x67e30
steam	instrument-raw-writer	0xebe8a0	0xec5a39	call	0xbb8e0
steam	instrument-raw-writer	0xebe8a0	0xec5a4a	call	0xbb8e0
steam	instrument-raw-writer	0xebe8a0	0xec5a5b	call	0xbb8e0
steam	instrument-raw-writer	0xebe8a0	0xec5a6e	call	0x6f580
steam	instrument-raw-writer	0xebe8a0	0xec5a81	call	0xb9d10
steam	instrument-raw-writer	0xebe8a0	0xec5a94	call	0x6f560
steam	instrument-raw-writer	0xebe8a0	0xec5aa7	call	0x6f560
steam	instrument-raw-writer	0xebe8a0	0xec5aba	call	0xb9d10
steam	instrument-raw-writer	0xebe8a0	0xec5acd	call	0x6f560
steam	instrument-raw-writer	0xebe8a0	0xec5ae0	call	0x6f560
steam	instrument-raw-writer	0xebe8a0	0xec5af1	call	0xbb770
steam	instrument-raw-writer	0xebe8a0	0xec5b02	call	0xbb8e0
steam	instrument-raw-writer	0xebe8a0	0xec5b15	call	0xeb8ff0
steam	instrument-raw-writer	0xebe8a0	0xec5b26	call	0xbb8e0
steam	instrument-raw-writer	0xebe8a0	0xec5b39	call	0x6f580
steam	instrument-raw-writer	0xebe8a0	0xec5b47	call	0x52c130
steam	instrument-raw-writer	0xebe8a0	0xec5b5a	call	0x6f560
steam	instrument-raw-writer	0xebe8a0	0xec5b6b	call	0xbb770
steam	instrument-raw-writer	0xebe8a0	0xec5b7e	call	0x6f580
steam	instrument-raw-writer	0xebe8a0	0xec5b8c	call	0x52c130
steam	instrument-raw-writer	0xebe8a0	0xec5b9f	call	0x6f560
steam	instrument-raw-writer	0xebe8a0	0xec5bb0	call	0xbb770
steam	instrument-raw-writer	0xebe8a0	0xec5bc3	call	0x6f580
steam	instrument-raw-writer	0xebe8a0	0xec5bd6	call	0xb9d10
steam	instrument-raw-writer	0xebe8a0	0xec5be2	jmp	0xec5e50
steam	instrument-raw-writer	0xebe8a0	0xec5bfb	call	0x68150
steam	instrument-raw-writer	0xebe8a0	0xec5c0b	call	0x52c130
steam	instrument-raw-writer	0xebe8a0	0xec5c1e	call	0x6f560
steam	instrument-raw-writer	0xebe8a0	0xec5c2f	call	0xbb770
steam	instrument-raw-writer	0xebe8a0	0xec5c3c	call	0x67e30
steam	instrument-raw-writer	0xebe8a0	0xec5c55	call	0x68150
steam	instrument-raw-writer	0xebe8a0	0xec5c65	call	0x52c130
steam	instrument-raw-writer	0xebe8a0	0xec5c78	call	0x6f560
steam	instrument-raw-writer	0xebe8a0	0xec5c89	call	0xbb770
steam	instrument-raw-writer	0xebe8a0	0xec5c96	call	0x67e30
steam	instrument-raw-writer	0xebe8a0	0xec5ca7	call	0xbb8e0
steam	instrument-raw-writer	0xebe8a0	0xec5cb8	call	0xbb8e0
steam	instrument-raw-writer	0xebe8a0	0xec5cc9	call	0xbb8e0
steam	instrument-raw-writer	0xebe8a0	0xec5cdc	call	0x6f580
steam	instrument-raw-writer	0xebe8a0	0xec5cef	call	0xb9d10
steam	instrument-raw-writer	0xebe8a0	0xec5d02	call	0x6f560
steam	instrument-raw-writer	0xebe8a0	0xec5d15	call	0x6f560
steam	instrument-raw-writer	0xebe8a0	0xec5d28	call	0xb9d10
steam	instrument-raw-writer	0xebe8a0	0xec5d3b	call	0x6f560
steam	instrument-raw-writer	0xebe8a0	0xec5d4e	call	0x6f560
steam	instrument-raw-writer	0xebe8a0	0xec5d5f	call	0xbb770
steam	instrument-raw-writer	0xebe8a0	0xec5d70	call	0xbb8e0
steam	instrument-raw-writer	0xebe8a0	0xec5d83	call	0xeb9410
steam	instrument-raw-writer	0xebe8a0	0xec5d94	call	0xbb8e0
steam	instrument-raw-writer	0xebe8a0	0xec5da7	call	0x6f580
steam	instrument-raw-writer	0xebe8a0	0xec5db5	call	0x52c130
steam	instrument-raw-writer	0xebe8a0	0xec5dc8	call	0x6f560
steam	instrument-raw-writer	0xebe8a0	0xec5dd9	call	0xbb770
steam	instrument-raw-writer	0xebe8a0	0xec5dec	call	0x6f580
steam	instrument-raw-writer	0xebe8a0	0xec5dfa	call	0x52c130
steam	instrument-raw-writer	0xebe8a0	0xec5e0d	call	0x6f560
steam	instrument-raw-writer	0xebe8a0	0xec5e1e	call	0xbb770
steam	instrument-raw-writer	0xebe8a0	0xec5e31	call	0x6f580
steam	instrument-raw-writer	0xebe8a0	0xec5e44	call	0xb9d10
steam	instrument-raw-writer	0xebe8a0	0xec5e57	call	0x6f560
steam	instrument-raw-writer	0xebe8a0	0xec5e68	call	0xbb770
steam	instrument-raw-writer	0xebe8a0	0xec5e7b	call	0x6f580
steam	instrument-raw-writer	0xebe8a0	0xec5e8e	call	0xb9d10
steam	instrument-raw-writer	0xebe8a0	0xec5ea1	call	0x6f560
steam	instrument-raw-writer	0xebe8a0	0xec5eb2	call	0xbb770
steam	instrument-raw-writer	0xebe8a0	0xec5ec3	call	0xbb8e0
steam	instrument-raw-writer	0xebe8a0	0xec5edc	call	0x68150
steam	instrument-raw-writer	0xebe8a0	0xec5eec	call	0x52c130
steam	instrument-raw-writer	0xebe8a0	0xec5eff	call	0x6f560
steam	instrument-raw-writer	0xebe8a0	0xec5f10	call	0xbb770
steam	instrument-raw-writer	0xebe8a0	0xec5f1d	call	0x67e30
steam	instrument-raw-writer	0xebe8a0	0xec5f36	call	0x68150
steam	instrument-raw-writer	0xebe8a0	0xec5f46	call	0x52c130
steam	instrument-raw-writer	0xebe8a0	0xec5f59	call	0x6f560
steam	instrument-raw-writer	0xebe8a0	0xec5f6a	call	0xbb770
steam	instrument-raw-writer	0xebe8a0	0xec5f77	call	0x67e30
steam	instrument-raw-writer	0xebe8a0	0xec5f88	call	0xbb8e0
steam	instrument-raw-writer	0xebe8a0	0xec5f99	call	0xbb8e0
steam	instrument-raw-writer	0xebe8a0	0xec5faa	call	0xbb8e0
steam	instrument-raw-writer	0xebe8a0	0xec5fbd	call	0x6f580
steam	instrument-raw-writer	0xebe8a0	0xec5fd0	call	0xb9d10
steam	instrument-raw-writer	0xebe8a0	0xec5fe3	call	0x6f560
steam	instrument-raw-writer	0xebe8a0	0xec5ff6	call	0x6f560
steam	instrument-raw-writer	0xebe8a0	0xec6009	call	0xb9d10
steam	instrument-raw-writer	0xebe8a0	0xec601c	call	0x6f560
steam	instrument-raw-writer	0xebe8a0	0xec602f	call	0x6f560
steam	instrument-raw-writer	0xebe8a0	0xec6040	call	0xbb770
steam	instrument-raw-writer	0xebe8a0	0xec6051	call	0xbb8e0
steam	instrument-raw-writer	0xebe8a0	0xec6067	call	0xeb8ff0
steam	instrument-raw-writer	0xebe8a0	0xec6078	call	0xbb8e0
steam	instrument-raw-writer	0xebe8a0	0xec608b	call	0x6f580
steam	instrument-raw-writer	0xebe8a0	0xec609a	call	0x52c130
steam	instrument-raw-writer	0xebe8a0	0xec60ad	call	0x6f560
steam	instrument-raw-writer	0xebe8a0	0xec60be	call	0xbb770
steam	instrument-raw-writer	0xebe8a0	0xec60d1	call	0x6f580
steam	instrument-raw-writer	0xebe8a0	0xec60e0	call	0x52c130
steam	instrument-raw-writer	0xebe8a0	0xec60f3	call	0x6f560
steam	instrument-raw-writer	0xebe8a0	0xec6104	call	0xbb770
steam	instrument-raw-writer	0xebe8a0	0xec6117	call	0x6f580
steam	instrument-raw-writer	0xebe8a0	0xec612a	call	0xb9d10
steam	instrument-raw-writer	0xebe8a0	0xec613d	call	0x6f560
steam	instrument-raw-writer	0xebe8a0	0xec614e	call	0xbb770
steam	instrument-raw-writer	0xebe8a0	0xec6161	call	0x6f580
steam	instrument-raw-writer	0xebe8a0	0xec6174	call	0xb9d10
steam	instrument-raw-writer	0xebe8a0	0xec6187	call	0x6f560
steam	instrument-raw-writer	0xebe8a0	0xec6198	call	0xbb770
steam	instrument-raw-writer	0xebe8a0	0xec61a9	call	0xbb8e0
steam	instrument-raw-writer	0xebe8a0	0xec61c2	call	0x68150
steam	instrument-raw-writer	0xebe8a0	0xec61d2	call	0x52c130
steam	instrument-raw-writer	0xebe8a0	0xec61e5	call	0x6f560
steam	instrument-raw-writer	0xebe8a0	0xec61f6	call	0xbb770
steam	instrument-raw-writer	0xebe8a0	0xec6203	call	0x67e30
steam	instrument-raw-writer	0xebe8a0	0xec621c	call	0x68150
steam	instrument-raw-writer	0xebe8a0	0xec622c	call	0x52c130
steam	instrument-raw-writer	0xebe8a0	0xec623f	call	0x6f560
steam	instrument-raw-writer	0xebe8a0	0xec6250	call	0xbb770
steam	instrument-raw-writer	0xebe8a0	0xec625d	call	0x67e30
steam	instrument-raw-writer	0xebe8a0	0xec626e	call	0xbb8e0
steam	instrument-raw-writer	0xebe8a0	0xec627f	call	0xbb8e0
steam	instrument-raw-writer	0xebe8a0	0xec6290	call	0xbb8e0
steam	instrument-raw-writer	0xebe8a0	0xec62a3	call	0x6f580
steam	instrument-raw-writer	0xebe8a0	0xec62b6	call	0xb9d10
steam	instrument-raw-writer	0xebe8a0	0xec62c9	call	0x6f560
steam	instrument-raw-writer	0xebe8a0	0xec62dc	call	0x6f560
steam	instrument-raw-writer	0xebe8a0	0xec62ef	call	0xb9d10
steam	instrument-raw-writer	0xebe8a0	0xec6302	call	0x6f560
steam	instrument-raw-writer	0xebe8a0	0xec6315	call	0x6f560
steam	instrument-raw-writer	0xebe8a0	0xec6326	call	0xbb770
steam	instrument-raw-writer	0xebe8a0	0xec6337	call	0xbb8e0
steam	instrument-raw-writer	0xebe8a0	0xec6348	call	0xeb9410
steam	instrument-raw-writer	0xebe8a0	0xec6359	call	0xbb8e0
steam	instrument-raw-writer	0xebe8a0	0xec636c	call	0x6f580
steam	instrument-raw-writer	0xebe8a0	0xec637b	call	0x52c130
steam	instrument-raw-writer	0xebe8a0	0xec638e	call	0x6f560
steam	instrument-raw-writer	0xebe8a0	0xec639f	call	0xbb770
steam	instrument-raw-writer	0xebe8a0	0xec63b2	call	0x6f580
steam	instrument-raw-writer	0xebe8a0	0xec63c1	call	0x52c130
steam	instrument-raw-writer	0xebe8a0	0xec63d4	call	0x6f560
steam	instrument-raw-writer	0xebe8a0	0xec63e5	call	0xbb770
steam	instrument-raw-writer	0xebe8a0	0xec63f8	call	0x6f580
steam	instrument-raw-writer	0xebe8a0	0xec640b	call	0xb9d10
steam	instrument-raw-writer	0xebe8a0	0xec641e	call	0x6f560
steam	instrument-raw-writer	0xebe8a0	0xec642f	call	0xbb770
steam	instrument-raw-writer	0xebe8a0	0xec6442	call	0x6f580
steam	instrument-raw-writer	0xebe8a0	0xec6455	call	0xb9d10
steam	instrument-raw-writer	0xebe8a0	0xec6468	call	0x6f560
steam	instrument-raw-writer	0xebe8a0	0xec6479	call	0xbb770
steam	instrument-raw-writer	0xebe8a0	0xec648a	call	0xbb8e0
steam	instrument-raw-writer	0xebe8a0	0xec64a3	call	0x68150
steam	instrument-raw-writer	0xebe8a0	0xec64b3	call	0x52c130
steam	instrument-raw-writer	0xebe8a0	0xec64c6	call	0x6f560
steam	instrument-raw-writer	0xebe8a0	0xec64d7	call	0xbb770
steam	instrument-raw-writer	0xebe8a0	0xec64e4	call	0x67e30
steam	instrument-raw-writer	0xebe8a0	0xec64fd	call	0x68150
steam	instrument-raw-writer	0xebe8a0	0xec650d	call	0x52c130
steam	instrument-raw-writer	0xebe8a0	0xec6520	call	0x6f560
steam	instrument-raw-writer	0xebe8a0	0xec6531	call	0xbb770
steam	instrument-raw-writer	0xebe8a0	0xec653e	call	0x67e30
steam	instrument-raw-writer	0xebe8a0	0xec654f	call	0xbb8e0
steam	instrument-raw-writer	0xebe8a0	0xec6560	call	0xbb8e0
steam	instrument-raw-writer	0xebe8a0	0xec6571	call	0xbb8e0
steam	instrument-raw-writer	0xebe8a0	0xec6584	call	0x6f580
steam	instrument-raw-writer	0xebe8a0	0xec6597	call	0xb9d10
steam	instrument-raw-writer	0xebe8a0	0xec65aa	call	0x6f560
steam	instrument-raw-writer	0xebe8a0	0xec65c8	call	0x6f560
steam	instrument-raw-writer	0xebe8a0	0xec65db	call	0x6f560
steam	instrument-raw-writer	0xebe8a0	0xec65ee	call	0xb9d10
steam	instrument-raw-writer	0xebe8a0	0xec6601	call	0x6f560
steam	instrument-raw-writer	0xebe8a0	0xec6614	call	0x6f560
steam	instrument-raw-writer	0xebe8a0	0xec6625	call	0xbb770
steam	instrument-raw-writer	0xebe8a0	0xec6636	call	0xbb8e0
steam	instrument-raw-writer	0xebe8a0	0xec6647	call	0xeb9410
steam	instrument-raw-writer	0xebe8a0	0xec6658	call	0xbb8e0
steam	instrument-raw-writer	0xebe8a0	0xec666b	call	0x6f580
steam	instrument-raw-writer	0xebe8a0	0xec667b	call	0x52c130
steam	instrument-raw-writer	0xebe8a0	0xec668e	call	0x6f560
steam	instrument-raw-writer	0xebe8a0	0xec669f	call	0xbb770
steam	instrument-raw-writer	0xebe8a0	0xec66b2	call	0x6f580
steam	instrument-raw-writer	0xebe8a0	0xec66c1	call	0x52c130
steam	instrument-raw-writer	0xebe8a0	0xec66d4	call	0x6f560
steam	instrument-raw-writer	0xebe8a0	0xec66e5	call	0xbb770
steam	instrument-raw-writer	0xebe8a0	0xec66f8	call	0x6f580
steam	instrument-raw-writer	0xebe8a0	0xec670b	call	0xb9d10
steam	instrument-raw-writer	0xebe8a0	0xec672b	call	0x6f560
steam	instrument-raw-writer	0xebe8a0	0xec673e	call	0x6f560
steam	instrument-raw-writer	0xebe8a0	0xec674f	call	0xbb770
steam	instrument-raw-writer	0xebe8a0	0xec677e	call	0x6f580
steam	instrument-raw-writer	0xebe8a0	0xec6791	call	0xb9d10
steam	instrument-raw-writer	0xebe8a0	0xec67a4	call	0x6f560
steam	instrument-raw-writer	0xebe8a0	0xec67b5	call	0xbb770
steam	instrument-raw-writer	0xebe8a0	0xec67c6	call	0xbb8e0
steam	instrument-raw-writer	0xebe8a0	0xec67e4	call	0x68150
steam	instrument-raw-writer	0xebe8a0	0xec67f9	call	0x52c130
steam	instrument-raw-writer	0xebe8a0	0xec680c	call	0x6f560
steam	instrument-raw-writer	0xebe8a0	0xec681d	call	0xbb770
steam	instrument-raw-writer	0xebe8a0	0xec682a	call	0x67e30
steam	instrument-raw-writer	0xebe8a0	0xec6848	call	0x68150
steam	instrument-raw-writer	0xebe8a0	0xec685d	call	0x52c130
steam	instrument-raw-writer	0xebe8a0	0xec6870	call	0x6f560
steam	instrument-raw-writer	0xebe8a0	0xec6881	call	0xbb770
steam	instrument-raw-writer	0xebe8a0	0xec688e	call	0x67e30
steam	instrument-raw-writer	0xebe8a0	0xec68a1	call	0x6f580
steam	instrument-raw-writer	0xebe8a0	0xec68b4	call	0xb9d10
steam	instrument-raw-writer	0xebe8a0	0xec68c7	call	0x6f560
steam	instrument-raw-writer	0xebe8a0	0xec68da	call	0xb9d10
steam	instrument-raw-writer	0xebe8a0	0xec68ed	call	0x6f560
steam	instrument-raw-writer	0xebe8a0	0xec68fe	call	0xbb770
steam	instrument-raw-writer	0xebe8a0	0xec690f	call	0xbb8e0
steam	instrument-raw-writer	0xebe8a0	0xec6922	call	0x6f580
steam	instrument-raw-writer	0xebe8a0	0xec6931	call	0x52c130
steam	instrument-raw-writer	0xebe8a0	0xec6944	call	0x6f560
steam	instrument-raw-writer	0xebe8a0	0xec6955	call	0xbb770
steam	instrument-raw-writer	0xebe8a0	0xec6977	call	0x6f580
steam	instrument-raw-writer	0xebe8a0	0xec6997	call	0x52c130
steam	instrument-raw-writer	0xebe8a0	0xec69aa	call	0x6f560
steam	instrument-raw-writer	0xebe8a0	0xec69bb	call	0xbb770
steam	instrument-raw-writer	0xebe8a0	0xec69ce	call	0xeb9410
steam	instrument-raw-writer	0xebe8a0	0xec69e8	call	0xbb8e0
steam	instrument-raw-writer	0xebe8a0	0xec6a01	call	0xbb8e0
steam	instrument-raw-writer	0xebe8a0	0xec6a14	call	0x6f580
steam	instrument-raw-writer	0xebe8a0	0xec6a27	call	0x6f560
steam	instrument-raw-writer	0xebe8a0	0xec6a3a	call	0xb9d10
steam	instrument-raw-writer	0xebe8a0	0xec6a59	call	0x6f560
steam	instrument-raw-writer	0xebe8a0	0xec6a6c	call	0x6f560
steam	instrument-raw-writer	0xebe8a0	0xec6a7d	call	0xbb770
steam	instrument-raw-writer	0xebe8a0	0xec6a90	call	0x6f580
steam	instrument-raw-writer	0xebe8a0	0xec6aa3	call	0x6f560
steam	instrument-raw-writer	0xebe8a0	0xec6ab6	call	0xb9d10
steam	instrument-raw-writer	0xebe8a0	0xec6ac9	call	0x6f560
steam	instrument-raw-writer	0xebe8a0	0xec6adc	call	0x6f560
steam	instrument-raw-writer	0xebe8a0	0xec6aed	call	0xbb770
steam	instrument-raw-writer	0xebe8a0	0xec6b00	call	0x6f580
steam	instrument-raw-writer	0xebe8a0	0xec6b13	call	0x6f560
steam	instrument-raw-writer	0xebe8a0	0xec6b26	call	0xb9d10
steam	instrument-raw-writer	0xebe8a0	0xec6b39	call	0x6f560
steam	instrument-raw-writer	0xebe8a0	0xec6b4c	call	0x6f560
steam	instrument-raw-writer	0xebe8a0	0xec6b5d	call	0xbb770
steam	instrument-raw-writer	0xebe8a0	0xec6b70	call	0x6f580
steam	instrument-raw-writer	0xebe8a0	0xec6b83	call	0x6f560
steam	instrument-raw-writer	0xebe8a0	0xec6b96	call	0xb9d10
steam	instrument-raw-writer	0xebe8a0	0xec6bb6	call	0x6f560
steam	instrument-raw-writer	0xebe8a0	0xec6bc7	call	0xbb770
steam	instrument-raw-writer	0xebe8a0	0xec6be3	call	0xbb8e0
steam	instrument-raw-writer	0xebe8a0	0xec6bf6	call	0x6f580
steam	instrument-raw-writer	0xebe8a0	0xec6c09	call	0x6f560
steam	instrument-raw-writer	0xebe8a0	0xec6c1c	call	0xb9d10
steam	instrument-raw-writer	0xebe8a0	0xec6c2f	call	0x6f560
steam	instrument-raw-writer	0xebe8a0	0xec6c42	call	0x6f560
steam	instrument-raw-writer	0xebe8a0	0xec6c53	call	0xbb770
steam	instrument-raw-writer	0xebe8a0	0xec6c66	call	0x6f580
steam	instrument-raw-writer	0xebe8a0	0xec6c79	call	0x6f560
steam	instrument-raw-writer	0xebe8a0	0xec6c8c	call	0xb9d10
steam	instrument-raw-writer	0xebe8a0	0xec6c9f	call	0x6f560
steam	instrument-raw-writer	0xebe8a0	0xec6cb2	call	0x6f560
steam	instrument-raw-writer	0xebe8a0	0xec6cc3	call	0xbb770
steam	instrument-raw-writer	0xebe8a0	0xec6cd6	call	0x6f580
steam	instrument-raw-writer	0xebe8a0	0xec6ce9	call	0x6f560
steam	instrument-raw-writer	0xebe8a0	0xec6cfc	call	0xb9d10
steam	instrument-raw-writer	0xebe8a0	0xec6d0f	call	0x6f560
steam	instrument-raw-writer	0xebe8a0	0xec6d22	call	0x6f560
steam	instrument-raw-writer	0xebe8a0	0xec6d33	call	0xbb770
steam	instrument-raw-writer	0xebe8a0	0xec6d83	call	0x71f30
steam	instrument-raw-writer	0xebe8a0	0xec6d92	call	0x71f30
steam	instrument-raw-writer	0xebe8a0	0xec6da3	call	0x71f30
steam	instrument-raw-writer	0xebe8a0	0xec6dbb	call	0xbb8e0
steam	instrument-raw-writer	0xebe8a0	0xec6dcc	call	0xbb8e0
steam	instrument-raw-writer	0xebe8a0	0xec6dd6	call	0x71f30
steam	instrument-raw-writer	0xebe8a0	0xec6deb	call	0xbb8e0
steam	instrument-raw-writer	0xebe8a0	0xec6df5	jmp	0xec6e18
steam	instrument-raw-writer	0xebe8a0	0xec6dfe	call	0xbb8e0
steam	instrument-raw-writer	0xebe8a0	0xec6e28	call	0x71f30
steam	instrument-raw-writer	0xebe8a0	0xec6e3b	call	0xbb8e0
steam	instrument-raw-writer	0xebe8a0	0xec6e45	call	0x71f30
steam	instrument-raw-writer	0xebe8a0	0xec6e69	call	0xbb8e0
steam	instrument-raw-writer	0xebe8a0	0xec6e71	jmp	0xec6eb3
steam	instrument-raw-writer	0xebe8a0	0xec6e7f	call	0xbb8e0
steam	instrument-raw-writer	0xebe8a0	0xec6e87	jmp	0xec6eb3
steam	instrument-raw-writer	0xebe8a0	0xec6e95	call	0xbb8e0
steam	instrument-raw-writer	0xebe8a0	0xec6e9d	jmp	0xec6eb3
steam	instrument-raw-writer	0xebe8a0	0xec6eab	call	0xbb8e0
steam	instrument-raw-writer	0xebe8a0	0xec6ec3	call	0x71f30
steam	instrument-raw-writer	0xebe8a0	0xec6edd	call	0xbb8e0
steam	instrument-raw-writer	0xebe8a0	0xec6ee7	jmp	0xec6fe3
steam	instrument-raw-writer	0xebe8a0	0xec6ef1	call	0x71f30
steam	instrument-raw-writer	0xebe8a0	0xec6f05	jmp	0xec6f43
steam	instrument-raw-writer	0xebe8a0	0xec6f0a	call	0x71f30
steam	instrument-raw-writer	0xebe8a0	0xec6f29	call	0x71f30
steam	instrument-raw-writer	0xebe8a0	0xec6f48	call	0x71f30
steam	instrument-raw-writer	0xebe8a0	0xec6f62	call	0x71f30
steam	instrument-raw-writer	0xebe8a0	0xec6f77	call	0xbb8e0
steam	instrument-raw-writer	0xebe8a0	0xec6f81	jmp	0xec6fe3
steam	instrument-raw-writer	0xebe8a0	0xec6f8a	call	0xbb8e0
steam	instrument-raw-writer	0xebe8a0	0xec6f94	jmp	0xec6fe3
steam	instrument-raw-writer	0xebe8a0	0xec6f99	call	0x71f30
steam	instrument-raw-writer	0xebe8a0	0xec6fae	call	0xbb8e0
steam	instrument-raw-writer	0xebe8a0	0xec6fb8	jmp	0xec6fe3
steam	instrument-raw-writer	0xebe8a0	0xec6fc1	call	0xbb8e0
steam	instrument-raw-writer	0xebe8a0	0xec6fcb	jmp	0xec6fe3
steam	instrument-raw-writer	0xebe8a0	0xec6fd9	call	0xbb8e0
steam	instrument-raw-writer	0xebe8a0	0xec6fe8	call	0x71f30
steam	instrument-raw-writer	0xebe8a0	0xec7003	call	0xbb8e0
steam	instrument-raw-writer	0xebe8a0	0xec700d	call	0x71f30
steam	instrument-raw-writer	0xebe8a0	0xec701b	call	0x71f30
steam	instrument-raw-writer	0xebe8a0	0xec7030	call	0xbb8e0
steam	instrument-raw-writer	0xebe8a0	0xec703a	jmp	0xec704d
steam	instrument-raw-writer	0xebe8a0	0xec7043	call	0xbb8e0
steam	instrument-raw-writer	0xebe8a0	0xec705d	call	0x71f30
steam	instrument-raw-writer	0xebe8a0	0xec706b	jmp	0xec70a7
steam	instrument-raw-writer	0xebe8a0	0xec7072	call	0x71f30
steam	instrument-raw-writer	0xebe8a0	0xec708f	call	0x71f30
steam	instrument-raw-writer	0xebe8a0	0xec70ac	call	0x71f30
steam	instrument-raw-writer	0xebe8a0	0xec70bd	call	0x71f30
steam	instrument-raw-writer	0xebe8a0	0xec70dd	call	0x71f30
steam	instrument-raw-writer	0xebe8a0	0xec70f2	call	0xbb8e0
steam	instrument-raw-writer	0xebe8a0	0xec70fc	jmp	0xec7160
steam	instrument-raw-writer	0xebe8a0	0xec7105	call	0xbb8e0
steam	instrument-raw-writer	0xebe8a0	0xec710f	jmp	0xec7160
steam	instrument-raw-writer	0xebe8a0	0xec7116	call	0x71f30
steam	instrument-raw-writer	0xebe8a0	0xec712b	call	0xbb8e0
steam	instrument-raw-writer	0xebe8a0	0xec7135	jmp	0xec7160
steam	instrument-raw-writer	0xebe8a0	0xec713e	call	0xbb8e0
steam	instrument-raw-writer	0xebe8a0	0xec7148	jmp	0xec7160
steam	instrument-raw-writer	0xebe8a0	0xec7156	call	0xbb8e0
steam	instrument-raw-writer	0xebe8a0	0xec716c	call	0xbb8e0
steam	instrument-raw-writer	0xebe8a0	0xec7181	call	0x71f30
steam	instrument-raw-writer	0xebe8a0	0xec719e	call	0x71f30
steam	instrument-raw-writer	0xebe8a0	0xec71bb	call	0x71f30
steam	instrument-raw-writer	0xebe8a0	0xec71d3	call	0xbb8e0
steam	instrument-raw-writer	0xebe8a0	0xec71dd	call	0x71f30
steam	instrument-raw-writer	0xebe8a0	0xec71f2	call	0xbb8e0
steam	instrument-raw-writer	0xebe8a0	0xec71fc	jmp	0xec720f
steam	instrument-raw-writer	0xebe8a0	0xec7205	call	0xbb8e0
steam	instrument-raw-writer	0xebe8a0	0xec721d	call	0x6f580
steam	instrument-raw-writer	0xebe8a0	0xec722b	call	0x52c130
steam	instrument-raw-writer	0xebe8a0	0xec723e	call	0x6f560
steam	instrument-raw-writer	0xebe8a0	0xec724f	call	0x52c130
steam	instrument-raw-writer	0xebe8a0	0xec7262	call	0x6f560
steam	instrument-raw-writer	0xebe8a0	0xec7273	call	0xbb770
steam	instrument-raw-writer	0xebe8a0	0xec72a0	call	0x71f30
steam	instrument-raw-writer	0xebe8a0	0xec72c1	call	0x6f580
steam	instrument-raw-writer	0xebe8a0	0xec72d1	call	0x52c130
steam	instrument-raw-writer	0xebe8a0	0xec72e4	call	0x6f560
steam	instrument-raw-writer	0xebe8a0	0xec72f4	call	0x52c130
steam	instrument-raw-writer	0xebe8a0	0xec7307	call	0x6f560
steam	instrument-raw-writer	0xebe8a0	0xec7318	call	0xbb770
steam	instrument-raw-writer	0xebe8a0	0xec7329	call	0x71f30
steam	instrument-raw-writer	0xebe8a0	0xec733e	call	0xbb8e0
steam	instrument-raw-writer	0xebe8a0	0xec734a	call	0x298fd0
steam	instrument-raw-writer	0xebe8a0	0xec7363	call	0xeb7ff0
steam	instrument-raw-writer	0xebe8a0	0xec7374	call	0xeb8760
steam	instrument-raw-writer	0xebe8a0	0xec7385	call	0xbb8e0
steam	instrument-raw-writer	0xebe8a0	0xec7398	call	0x6f580
steam	instrument-raw-writer	0xebe8a0	0xec73a4	call	0x6f690
steam	instrument-raw-writer	0xebe8a0	0xec73b8	call	0x6f580
steam	instrument-raw-writer	0xebe8a0	0xec73cb	call	0xb9d10
steam	instrument-raw-writer	0xebe8a0	0xec73de	call	0x6f560
steam	instrument-raw-writer	0xebe8a0	0xec73f3	jmp	0xec7442
steam	instrument-raw-writer	0xebe8a0	0xec7405	jmp	0xec7442
steam	instrument-raw-writer	0xebe8a0	0xec7417	jmp	0xec7442
steam	instrument-raw-writer	0xebe8a0	0xec7429	jmp	0xec7442
steam	instrument-raw-writer	0xebe8a0	0xec7449	call	0x6f560
steam	instrument-raw-writer	0xebe8a0	0xec745c	call	0x6f560
steam	instrument-raw-writer	0xebe8a0	0xec747a	call	0x6f560
steam	instrument-raw-writer	0xebe8a0	0xec7489	call	0xeb8e60
steam	instrument-raw-writer	0xebe8a0	0xec749c	call	0x6f560
steam	instrument-raw-writer	0xebe8a0	0xec74b2	call	0xeb8e60
steam	instrument-raw-writer	0xebe8a0	0xec74be	jmp	0xec74cf
steam	instrument-raw-writer	0xebe8a0	0xec74c3	call	0xeb8e60
steam	instrument-raw-writer	0xebe8a0	0xec74d6	call	0x6f560
steam	instrument-raw-writer	0xebe8a0	0xec74e9	call	0x6f560
steam	instrument-raw-writer	0xebe8a0	0xec74fc	call	0x6f560
steam	instrument-raw-writer	0xebe8a0	0xec751d	call	0x6f560
steam	instrument-raw-writer	0xebe8a0	0xec7530	call	0x6f560
steam	instrument-raw-writer	0xebe8a0	0xec753f	call	0xeb8e60
steam	instrument-raw-writer	0xebe8a0	0xec7552	call	0x6f560
steam	instrument-raw-writer	0xebe8a0	0xec7565	call	0x6f560
steam	instrument-raw-writer	0xebe8a0	0xec7589	call	0x6f560
steam	instrument-raw-writer	0xebe8a0	0xec759c	call	0x6f560
steam	instrument-raw-writer	0xebe8a0	0xec75b3	call	0x6f560
steam	instrument-raw-writer	0xebe8a0	0xec75c6	jmp	0xec75e2
steam	instrument-raw-writer	0xebe8a0	0xec75cf	call	0x6f560
steam	instrument-raw-writer	0xebe8a0	0xec75e9	call	0x6f560
steam	instrument-raw-writer	0xebe8a0	0xec75fc	call	0x6f560
steam	instrument-raw-writer	0xebe8a0	0xec7618	call	0x6f560
steam	instrument-raw-writer	0xebe8a0	0xec761d	jmp	0xec7666
steam	instrument-raw-writer	0xebe8a0	0xec7626	call	0x6f690
steam	instrument-raw-writer	0xebe8a0	0xec7635	call	0x52e360
steam	instrument-raw-writer	0xebe8a0	0xec7641	call	0x52d650
steam	instrument-raw-writer	0xebe8a0	0xec7654	call	0xb9d10
steam	instrument-raw-writer	0xebe8a0	0xec7661	call	0x67e30
steam	instrument-raw-writer	0xebe8a0	0xec7674	call	0x6f560
steam	instrument-raw-writer	0xebe8a0	0xec7683	call	0xeb8e60
steam	instrument-raw-writer	0xebe8a0	0xec7696	call	0x6f560
steam	instrument-raw-writer	0xebe8a0	0xec76b5	call	0x6f560
steam	instrument-raw-writer	0xebe8a0	0xec76c8	call	0x6f560
steam	instrument-raw-writer	0xebe8a0	0xec76cd	jmp	0xec76d4
steam	instrument-raw-writer	0xebe8a0	0xec76ea	jmp	0xec7706
steam	instrument-raw-writer	0xebe8a0	0xec76f8	jmp	0xec7706
steam	instrument-raw-writer	0xebe8a0	0xec770d	call	0x6f560
steam	instrument-raw-writer	0xebe8a0	0xec7720	call	0x6f560
steam	instrument-raw-writer	0xebe8a0	0xec772f	call	0xeb8e60
steam	instrument-raw-writer	0xebe8a0	0xec7742	call	0x6f560
steam	instrument-raw-writer	0xebe8a0	0xec7755	call	0x6f560
steam	instrument-raw-writer	0xebe8a0	0xec7768	call	0x6f560
steam	instrument-raw-writer	0xebe8a0	0xec7780	call	0x6f560
steam	instrument-raw-writer	0xebe8a0	0xec7798	call	0x6f560
steam	instrument-raw-writer	0xebe8a0	0xec77b0	call	0x6f560
steam	instrument-raw-writer	0xebe8a0	0xec77c8	call	0x6f560
steam	instrument-raw-writer	0xebe8a0	0xec77db	call	0x6f560
steam	instrument-raw-writer	0xebe8a0	0xec77fc	jmp	0xec7821
steam	instrument-raw-writer	0xebe8a0	0xec780c	jmp	0xec7821
steam	instrument-raw-writer	0xebe8a0	0xec7828	call	0x6f560
steam	instrument-raw-writer	0xebe8a0	0xec783b	call	0x6f560
steam	instrument-raw-writer	0xebe8a0	0xec784a	call	0xeb8e60
steam	instrument-raw-writer	0xebe8a0	0xec785d	call	0x6f560
steam	instrument-raw-writer	0xebe8a0	0xec7878	call	0x6f560
steam	instrument-raw-writer	0xebe8a0	0xec788b	call	0x6f560
steam	instrument-raw-writer	0xebe8a0	0xec78a9	call	0x6f560
steam	instrument-raw-writer	0xebe8a0	0xec78b9	jmp	0xec791d
steam	instrument-raw-writer	0xebe8a0	0xec78d4	call	0x6f560
steam	instrument-raw-writer	0xebe8a0	0xec78de	jmp	0xec791d
steam	instrument-raw-writer	0xebe8a0	0xec78f1	jmp	0xec7911
steam	instrument-raw-writer	0xebe8a0	0xec7901	jmp	0xec7911
steam	instrument-raw-writer	0xebe8a0	0xec7918	call	0x6f560
steam	instrument-raw-writer	0xebe8a0	0xec792b	call	0x6f560
steam	instrument-raw-writer	0xebe8a0	0xec7943	call	0x6f560
steam	instrument-raw-writer	0xebe8a0	0xec7964	call	0x6f560
steam	instrument-raw-writer	0xebe8a0	0xec797e	jmp	0xec79b1
steam	instrument-raw-writer	0xebe8a0	0xec7987	jmp	0xec79b1
steam	instrument-raw-writer	0xebe8a0	0xec7990	call	0x6f560
steam	instrument-raw-writer	0xebe8a0	0xec79b1	call	0x6f560
steam	instrument-raw-writer	0xebe8a0	0xec79c4	call	0x6f560
steam	instrument-raw-writer	0xebe8a0	0xec79c9	jmp	0xec79e0
steam	instrument-raw-writer	0xebe8a0	0xec79f9	call	0x6f560
steam	instrument-raw-writer	0xebe8a0	0xec7a05	call	0x6f690
steam	instrument-raw-writer	0xebe8a0	0xec7a1a	call	0x52e360
steam	instrument-raw-writer	0xebe8a0	0xec7a2d	call	0xb9d10
steam	instrument-raw-writer	0xebe8a0	0xec7a40	call	0x6f560
steam	instrument-raw-writer	0xebe8a0	0xec7a51	jmp	0xec7a66
steam	instrument-raw-writer	0xebe8a0	0xec7a6d	call	0x6f560
steam	instrument-raw-writer	0xebe8a0	0xec7a80	call	0x6f560
steam	instrument-raw-writer	0xebe8a0	0xec7a8f	call	0xeb8e60
steam	instrument-raw-writer	0xebe8a0	0xec7aa2	call	0x6f560
steam	instrument-raw-writer	0xebe8a0	0xec7ab3	jmp	0xec7aef
steam	instrument-raw-writer	0xebe8a0	0xec7ac1	jmp	0xec7aef
steam	instrument-raw-writer	0xebe8a0	0xec7acf	jmp	0xec7aef
steam	instrument-raw-writer	0xebe8a0	0xec7adf	jmp	0xec7aef
steam	instrument-raw-writer	0xebe8a0	0xec7af6	call	0x6f560
steam	instrument-raw-writer	0xebe8a0	0xec7b09	call	0x6f560
steam	instrument-raw-writer	0xebe8a0	0xec7b16	call	0x67e30
steam	instrument-raw-writer	0xebe8a0	0xec7b1b	jmp	0xec7b22
steam	instrument-raw-writer	0xebe8a0	0xec7b37	call	0xeb8e60
steam	instrument-raw-writer	0xebe8a0	0xec7b4a	call	0x6f560
steam	instrument-raw-writer	0xebe8a0	0xec7b56	call	0x6f690
steam	instrument-raw-writer	0xebe8a0	0xec7b66	call	0x52e360
steam	instrument-raw-writer	0xebe8a0	0xec7b79	call	0xb9d10
steam	instrument-raw-writer	0xebe8a0	0xec7b8c	call	0x6f560
steam	instrument-raw-writer	0xebe8a0	0xec7bab	call	0x6f560
steam	instrument-raw-writer	0xebe8a0	0xec7bbe	call	0x6f560
steam	instrument-raw-writer	0xebe8a0	0xec7bcd	call	0xeb8e60
steam	instrument-raw-writer	0xebe8a0	0xec7be0	call	0x6f560
steam	instrument-raw-writer	0xebe8a0	0xec7bf7	call	0x6f560
steam	instrument-raw-writer	0xebe8a0	0xec7c0a	call	0x6f560
steam	instrument-raw-writer	0xebe8a0	0xec7c1d	call	0x6f560
steam	instrument-raw-writer	0xebe8a0	0xec7c3e	call	0x6f560
steam	instrument-raw-writer	0xebe8a0	0xec7c51	call	0x6f560
steam	instrument-raw-writer	0xebe8a0	0xec7c5e	call	0x67e30
steam	instrument-raw-writer	0xebe8a0	0xec7c73	call	0xeb6fe0
steam	instrument-raw-writer	0xebe8a0	0xec7c86	call	0xeb8af0
steam	instrument-raw-writer	0xebe8a0	0xec7c92	call	0x6f330
steam	instrument-raw-writer	0xebe8a0	0xec7ca2	call	0xfb540
steam	instrument-raw-writer	0xebe8a0	0xec7cb7	call	0x6f330
steam	instrument-raw-writer	0xebe8a0	0xec7cca	call	0xe1230
steam	instrument-raw-writer	0xebe8a0	0xec7cd6	call	0x6f330
steam	instrument-raw-writer	0xebe8a0	0xec7ce6	call	0xfb540
steam	instrument-raw-writer	0xebe8a0	0xec7cfe	call	0xb9d10
steam	instrument-raw-writer	0xebe8a0	0xec7d11	call	0x6f560
steam	instrument-raw-writer	0xebe8a0	0xec7d22	call	0xbb770
steam	instrument-raw-writer	0xebe8a0	0xec7d2f	call	0x67e30
steam	instrument-raw-writer	0xebe8a0	0xec7d3c	call	0xccb890
steam	instrument-raw-writer	0xebe8a0	0xec7d49	call	0x67e30
steam	instrument-raw-writer	0xebe8a0	0xec7d56	call	0x67e30
steam	instrument-raw-writer	0xebe8a0	0xec7d63	call	0x67e30
steam	instrument-raw-writer	0xebe8a0	0xec7d70	call	0x67e30
steam	instrument-raw-writer	0xebe8a0	0xec7d7d	call	0x67e30
steam	instrument-raw-writer	0xebe8a0	0xec7d8a	call	0x67e30
steam	instrument-raw-writer	0xebe8a0	0xec7d97	call	0x67e30
steam	instrument-raw-writer	0xebe8a0	0xec7da4	call	0x67e30
steam	instrument-raw-writer	0xebe8a0	0xec7df3	jmp	0xec7e03
steam	instrument-raw-writer	0xebe8a0	0xec7e0a	call	0x6f690
steam	instrument-raw-writer	0xebe8a0	0xec7e27	call	0x6f220
steam	instrument-raw-writer	0xebe8a0	0xec7e33	call	0x6ee50
steam	instrument-raw-writer	0xebe8a0	0xec7e48	call	0x71f30
steam	instrument-raw-writer	0xebe8a0	0xec7e54	call	0x6f220
steam	instrument-raw-writer	0xebe8a0	0xec7e63	call	0x6f5a0
steam	instrument-raw-writer	0xebe8a0	0xec7e73	call	0x6f240
steam	instrument-raw-writer	0xebe8a0	0xec7e86	call	0x6f230
steam	instrument-raw-writer	0xebe8a0	0xec7e9a	call	0x6ee20
steam	instrument-raw-writer	0xebe8a0	0xec7ea4	call	0x657b0
steam	instrument-raw-writer	0xebe8a0	0xec7eb4	call	0x6ee10
steam	instrument-raw-writer	0xebe8a0	0xec7ec7	call	0x6fe40
steam	instrument-raw-writer	0xebe8a0	0xec7ed8	call	0x6ee00
steam	instrument-raw-writer	0xebe8a0	0xec7eec	call	0x6ee20
steam	instrument-raw-writer	0xebe8a0	0xec7ef6	call	0x657b0
steam	instrument-raw-writer	0xebe8a0	0xec7f07	call	0x6f240
steam	instrument-raw-writer	0xebe8a0	0xec7f17	call	0x6f230
steam	instrument-raw-writer	0xebe8a0	0xec7f2b	call	0x6ee20
steam	instrument-raw-writer	0xebe8a0	0xec7f35	call	0x657b0
steam	instrument-raw-writer	0xebe8a0	0xec7f44	call	0x6ee10
steam	instrument-raw-writer	0xebe8a0	0xec7f53	call	0x6fe40
steam	instrument-raw-writer	0xebe8a0	0xec7f60	call	0x6ee00
steam	instrument-raw-writer	0xebe8a0	0xec7f74	call	0x6ee20
steam	instrument-raw-writer	0xebe8a0	0xec7f7e	call	0x657b0
steam	instrument-raw-writer	0xebe8a0	0xec7f87	jmp	0xec7fa2
steam	instrument-raw-writer	0xebe8a0	0xec7f94	jmp	0xec7fa2
steam	instrument-raw-writer	0xebe8a0	0xec7f9d	call	0x930be0
steam	instrument-raw-writer	0xebe8a0	0xec7fad	call	0xbb770
steam	instrument-raw-writer	0xebe8a0	0xec7fc0	call	0x6f5d0
steam	instrument-raw-writer	0xebe8a0	0xec7fd4	call	0x6f560
steam	instrument-raw-writer	0xebe8a0	0xec7fe3	call	0x52c130
steam	instrument-raw-writer	0xebe8a0	0xec7ff6	call	0xbb770
steam	instrument-raw-writer	0xebe8a0	0xec8002	call	0x6f690
steam	instrument-raw-writer	0xebe8a0	0xec800d	call	0x71f30
steam	instrument-raw-writer	0xebe8a0	0xec8037	call	0x71f30
steam	instrument-raw-writer	0xebe8a0	0xec804a	call	0x71f30
steam	instrument-raw-writer	0xebe8a0	0xec8059	call	0x71f30
steam	instrument-raw-writer	0xebe8a0	0xec806b	call	0x6f690
steam	instrument-raw-writer	0xebe8a0	0xec8078	call	0x6f690
steam	instrument-raw-writer	0xebe8a0	0xec8083	call	0x71f30
steam	instrument-raw-writer	0xebe8a0	0xec8099	call	0x71f30
steam	instrument-raw-writer	0xebe8a0	0xec80be	call	0x6f580
steam	instrument-raw-writer	0xebe8a0	0xec80ce	jmp	0xec8138
steam	instrument-raw-writer	0xebe8a0	0xec80de	call	0x6f580
steam	instrument-raw-writer	0xebe8a0	0xec80f5	call	0x6f5a0
steam	instrument-raw-writer	0xebe8a0	0xec80fa	jmp	0xec8144
steam	instrument-raw-writer	0xebe8a0	0xec8103	jmp	0xec813f
steam	instrument-raw-writer	0xebe8a0	0xec8113	call	0x6f580
steam	instrument-raw-writer	0xebe8a0	0xec812a	call	0x6f5a0
steam	instrument-raw-writer	0xebe8a0	0xec812f	jmp	0xec8144
steam	instrument-raw-writer	0xebe8a0	0xec813f	call	0x6f580
steam	instrument-raw-writer	0xebe8a0	0xec814b	call	0x6f690
steam	instrument-raw-writer	0xebe8a0	0xec8158	call	0x6f690
steam	instrument-raw-writer	0xebe8a0	0xec8165	call	0x6f690
steam	instrument-raw-writer	0xebe8a0	0xec8172	call	0x6f690
steam	instrument-raw-writer	0xebe8a0	0xec81d0	jmp	0xec8219
steam	instrument-raw-writer	0xebe8a0	0xec81f9	jmp	0xec8230
steam	instrument-raw-writer	0xebe8a0	0xec8237	call	0x6f690
steam	instrument-raw-writer	0xebe8a0	0xec8244	call	0x6f690
steam	instrument-raw-writer	0xebe8a0	0xec8251	call	0x6f690
steam	instrument-raw-writer	0xebe8a0	0xec826b	call	0x71f30
steam	instrument-raw-writer	0xebe8a0	0xec827e	call	0x71f30
steam	instrument-raw-writer	0xebe8a0	0xec8291	call	0x71f30
steam	instrument-raw-writer	0xebe8a0	0xec82a8	call	0x6f580
steam	instrument-raw-writer	0xebe8a0	0xec82c1	call	0x6f5a0
steam	instrument-raw-writer	0xebe8a0	0xec82c6	jmp	0xec82d4
steam	instrument-raw-writer	0xebe8a0	0xec82cf	call	0x6f580
steam	instrument-raw-writer	0xebe8a0	0xec82d9	call	0x71f30
steam	instrument-raw-writer	0xebe8a0	0xec82f6	jmp	0xec8544
steam	instrument-raw-writer	0xebe8a0	0xec8309	call	0x6f580
steam	instrument-raw-writer	0xebe8a0	0xec831c	call	0x6f580
steam	instrument-raw-writer	0xebe8a0	0xec832f	call	0x6f580
steam	instrument-raw-writer	0xebe8a0	0xec8342	call	0x6f580
steam	instrument-raw-writer	0xebe8a0	0xec8355	jmp	0xec853f
steam	instrument-raw-writer	0xebe8a0	0xec8364	call	0x71f30
steam	instrument-raw-writer	0xebe8a0	0xec8377	call	0x71f30
steam	instrument-raw-writer	0xebe8a0	0xec8385	call	0x71f30
steam	instrument-raw-writer	0xebe8a0	0xec83a6	jmp	rcx
steam	instrument-raw-writer	0xebe8a0	0xec83b6	call	0x6f580
steam	instrument-raw-writer	0xebe8a0	0xec83cf	call	0x6f5a0
steam	instrument-raw-writer	0xebe8a0	0xec83d4	jmp	0xec8544
steam	instrument-raw-writer	0xebe8a0	0xec83e0	jmp	0xec853f
steam	instrument-raw-writer	0xebe8a0	0xec83f3	call	0x6f580
steam	instrument-raw-writer	0xebe8a0	0xec840c	call	0x6f5a0
steam	instrument-raw-writer	0xebe8a0	0xec8411	jmp	0xec8544
steam	instrument-raw-writer	0xebe8a0	0xec841d	jmp	0xec853f
steam	instrument-raw-writer	0xebe8a0	0xec8430	call	0x6f580
steam	instrument-raw-writer	0xebe8a0	0xec8449	call	0x6f5a0
steam	instrument-raw-writer	0xebe8a0	0xec844e	jmp	0xec8544
steam	instrument-raw-writer	0xebe8a0	0xec845a	jmp	0xec853f
steam	instrument-raw-writer	0xebe8a0	0xec846d	call	0x6f580
steam	instrument-raw-writer	0xebe8a0	0xec8486	call	0x6f5a0
steam	instrument-raw-writer	0xebe8a0	0xec848b	jmp	0xec8544
steam	instrument-raw-writer	0xebe8a0	0xec8497	jmp	0xec853f
steam	instrument-raw-writer	0xebe8a0	0xec84aa	call	0x6f580
steam	instrument-raw-writer	0xebe8a0	0xec84c3	call	0x6f5a0
steam	instrument-raw-writer	0xebe8a0	0xec84c8	jmp	0xec8544
steam	instrument-raw-writer	0xebe8a0	0xec84d1	jmp	0xec853f
steam	instrument-raw-writer	0xebe8a0	0xec84e1	call	0x6f580
steam	instrument-raw-writer	0xebe8a0	0xec84fa	call	0x6f5a0
steam	instrument-raw-writer	0xebe8a0	0xec84ff	jmp	0xec8544
steam	instrument-raw-writer	0xebe8a0	0xec8508	jmp	0xec853f
steam	instrument-raw-writer	0xebe8a0	0xec8518	call	0x6f580
steam	instrument-raw-writer	0xebe8a0	0xec8531	call	0x6f5a0
steam	instrument-raw-writer	0xebe8a0	0xec8536	jmp	0xec8544
steam	instrument-raw-writer	0xebe8a0	0xec853f	call	0x6f580
steam	instrument-raw-writer	0xebe8a0	0xec8571	call	0x6f5a0
steam	instrument-raw-writer	0xebe8a0	0xec8584	call	0x6f560
steam	instrument-raw-writer	0xebe8a0	0xec8594	call	0xbb770
steam	instrument-raw-writer	0xebe8a0	0xec85ba	call	0x6f580
steam	instrument-raw-writer	0xebe8a0	0xec85cd	call	0xb9d10
steam	instrument-raw-writer	0xebe8a0	0xec85e0	call	0x6f560
steam	instrument-raw-writer	0xebe8a0	0xec85f1	call	0xbb770
steam	instrument-raw-writer	0xebe8a0	0xec8602	call	0xbb8e0
steam	instrument-raw-writer	0xebe8a0	0xec8620	call	0x68150
steam	instrument-raw-writer	0xebe8a0	0xec8635	call	0x52c130
steam	instrument-raw-writer	0xebe8a0	0xec8648	call	0x6f560
steam	instrument-raw-writer	0xebe8a0	0xec8659	call	0xbb770
steam	instrument-raw-writer	0xebe8a0	0xec8666	call	0x67e30
steam	instrument-raw-writer	0xebe8a0	0xec8684	call	0x68150
steam	instrument-raw-writer	0xebe8a0	0xec8699	call	0x52c130
steam	instrument-raw-writer	0xebe8a0	0xec86ac	call	0x6f560
steam	instrument-raw-writer	0xebe8a0	0xec86bd	call	0xbb770
steam	instrument-raw-writer	0xebe8a0	0xec86ca	call	0x67e30
steam	instrument-raw-writer	0xebe8a0	0xec86db	call	0xbb8e0
steam	instrument-raw-writer	0xebe8a0	0xec86ec	call	0xbb8e0
steam	instrument-raw-writer	0xebe8a0	0xec86fd	call	0xbb8e0
steam	instrument-raw-writer	0xebe8a0	0xec8710	call	0x6f580
steam	instrument-raw-writer	0xebe8a0	0xec8723	call	0xb9d10
steam	instrument-raw-writer	0xebe8a0	0xec8736	call	0x6f560
steam	instrument-raw-writer	0xebe8a0	0xec8749	call	0xb9d10
steam	instrument-raw-writer	0xebe8a0	0xec875c	call	0x6f560
steam	instrument-raw-writer	0xebe8a0	0xec876f	call	0xb9d10
steam	instrument-raw-writer	0xebe8a0	0xec8782	call	0x6f560
steam	instrument-raw-writer	0xebe8a0	0xec8795	call	0xb9d10
steam	instrument-raw-writer	0xebe8a0	0xec87a8	call	0x6f560
steam	instrument-raw-writer	0xebe8a0	0xec87b9	call	0xbb770
steam	instrument-raw-writer	0xebe8a0	0xec87ca	call	0xbb8e0
steam	instrument-raw-writer	0xebe8a0	0xec87dd	call	0xeb9410
steam	instrument-raw-writer	0xebe8a0	0xec87ee	call	0xbb8e0
steam	instrument-raw-writer	0xebe8a0	0xec8801	call	0x6f580
steam	instrument-raw-writer	0xebe8a0	0xec880f	call	0x52c130
steam	instrument-raw-writer	0xebe8a0	0xec8822	call	0x6f560
steam	instrument-raw-writer	0xebe8a0	0xec8833	call	0xbb770
steam	instrument-raw-writer	0xebe8a0	0xec8846	call	0x6f580
steam	instrument-raw-writer	0xebe8a0	0xec8854	call	0x52c130
steam	instrument-raw-writer	0xebe8a0	0xec8867	call	0x6f560
steam	instrument-raw-writer	0xebe8a0	0xec8878	call	0xbb770
steam	instrument-raw-writer	0xebe8a0	0xec888b	call	0x6f580
steam	instrument-raw-writer	0xebe8a0	0xec8897	call	0x6f520
steam	instrument-raw-writer	0xebe8a0	0xec88ae	call	0xb9d10
steam	instrument-raw-writer	0xebe8a0	0xec88c1	call	0x6f560
steam	instrument-raw-writer	0xebe8a0	0xec88d4	call	0xb9d10
steam	instrument-raw-writer	0xebe8a0	0xec88e7	call	0x6f560
steam	instrument-raw-writer	0xebe8a0	0xec88fa	call	0xb9d10
steam	instrument-raw-writer	0xebe8a0	0xec890d	call	0x6f560
steam	instrument-raw-writer	0xebe8a0	0xec8926	call	0x6f560
steam	instrument-raw-writer	0xebe8a0	0xec8939	call	0x6f560
steam	instrument-raw-writer	0xebe8a0	0xec894a	call	0xbb770
steam	instrument-raw-writer	0xebe8a0	0xec8966	call	0x6f5a0
steam	instrument-raw-writer	0xebe8a0	0xec8979	call	0x6f560
steam	instrument-raw-writer	0xebe8a0	0xec8989	call	0xbb770
steam	instrument-raw-writer	0xebe8a0	0xec89af	call	0x6f580
steam	instrument-raw-writer	0xebe8a0	0xec89c2	call	0xb9d10
steam	instrument-raw-writer	0xebe8a0	0xec89d5	call	0x6f560
steam	instrument-raw-writer	0xebe8a0	0xec89e6	call	0xbb770
steam	instrument-raw-writer	0xebe8a0	0xec89f7	call	0xbb8e0
steam	instrument-raw-writer	0xebe8a0	0xec8a15	call	0x68150
steam	instrument-raw-writer	0xebe8a0	0xec8a25	call	0x52c130
steam	instrument-raw-writer	0xebe8a0	0xec8a38	call	0x6f560
steam	instrument-raw-writer	0xebe8a0	0xec8a49	call	0xbb770
steam	instrument-raw-writer	0xebe8a0	0xec8a56	call	0x67e30
steam	instrument-raw-writer	0xebe8a0	0xec8a6f	call	0x68150
steam	instrument-raw-writer	0xebe8a0	0xec8a7f	call	0x52c130
steam	instrument-raw-writer	0xebe8a0	0xec8a92	call	0x6f560
steam	instrument-raw-writer	0xebe8a0	0xec8aa3	call	0xbb770
steam	instrument-raw-writer	0xebe8a0	0xec8ab0	call	0x67e30
steam	instrument-raw-writer	0xebe8a0	0xec8ac1	call	0xbb8e0
steam	instrument-raw-writer	0xebe8a0	0xec8ad2	call	0xbb8e0
steam	instrument-raw-writer	0xebe8a0	0xec8ae3	call	0xbb8e0
steam	instrument-raw-writer	0xebe8a0	0xec8af6	call	0x6f580
steam	instrument-raw-writer	0xebe8a0	0xec8b09	call	0xb9d10
steam	instrument-raw-writer	0xebe8a0	0xec8b1c	call	0x6f560
steam	instrument-raw-writer	0xebe8a0	0xec8b2f	call	0x6f560
steam	instrument-raw-writer	0xebe8a0	0xec8b42	call	0xb9d10
steam	instrument-raw-writer	0xebe8a0	0xec8b55	call	0x6f560
steam	instrument-raw-writer	0xebe8a0	0xec8b68	call	0x6f560
steam	instrument-raw-writer	0xebe8a0	0xec8b79	call	0xbb770
steam	instrument-raw-writer	0xebe8a0	0xec8b8a	call	0xbb8e0
steam	instrument-raw-writer	0xebe8a0	0xec8b9d	call	0xeb9410
steam	instrument-raw-writer	0xebe8a0	0xec8bae	call	0xbb8e0
steam	instrument-raw-writer	0xebe8a0	0xec8bc1	call	0x6f580
steam	instrument-raw-writer	0xebe8a0	0xec8bcf	call	0x52c130
steam	instrument-raw-writer	0xebe8a0	0xec8be2	call	0x6f560
steam	instrument-raw-writer	0xebe8a0	0xec8bf3	call	0xbb770
steam	instrument-raw-writer	0xebe8a0	0xec8c06	call	0x6f580
steam	instrument-raw-writer	0xebe8a0	0xec8c14	call	0x52c130
steam	instrument-raw-writer	0xebe8a0	0xec8c27	call	0x6f560
steam	instrument-raw-writer	0xebe8a0	0xec8c38	call	0xbb770
steam	instrument-raw-writer	0xebe8a0	0xec8c4b	call	0x6f580
steam	instrument-raw-writer	0xebe8a0	0xec8c5e	call	0xb9d10
steam	instrument-raw-writer	0xebe8a0	0xec8c71	call	0x6f560
steam	instrument-raw-writer	0xebe8a0	0xec8c82	call	0xbb770
steam	instrument-raw-writer	0xebe8a0	0xec8c87	jmp	0xec8c8e
steam	instrument-raw-writer	0xebe8a0	0xec8ca8	call	0x6f5a0
steam	instrument-raw-writer	0xebe8a0	0xec8cbb	call	0x6f560
steam	instrument-raw-writer	0xebe8a0	0xec8ccb	call	0xbb770
steam	instrument-raw-writer	0xebe8a0	0xec8cf2	call	0x6f580
steam	instrument-raw-writer	0xebe8a0	0xec8d05	call	0xb9d10
steam	instrument-raw-writer	0xebe8a0	0xec8d18	call	0x6f560
steam	instrument-raw-writer	0xebe8a0	0xec8d29	call	0xbb770
steam	instrument-raw-writer	0xebe8a0	0xec8d3a	call	0xbb8e0
steam	instrument-raw-writer	0xebe8a0	0xec8d53	call	0x68150
steam	instrument-raw-writer	0xebe8a0	0xec8d63	call	0x52c130
steam	instrument-raw-writer	0xebe8a0	0xec8d76	call	0x6f560
steam	instrument-raw-writer	0xebe8a0	0xec8d87	call	0xbb770
steam	instrument-raw-writer	0xebe8a0	0xec8d94	call	0x67e30
steam	instrument-raw-writer	0xebe8a0	0xec8dad	call	0x68150
steam	instrument-raw-writer	0xebe8a0	0xec8dbd	call	0x52c130
steam	instrument-raw-writer	0xebe8a0	0xec8dd0	call	0x6f560
steam	instrument-raw-writer	0xebe8a0	0xec8de1	call	0xbb770
steam	instrument-raw-writer	0xebe8a0	0xec8dee	call	0x67e30
steam	instrument-raw-writer	0xebe8a0	0xec8dff	call	0xbb8e0
steam	instrument-raw-writer	0xebe8a0	0xec8e10	call	0xbb8e0
steam	instrument-raw-writer	0xebe8a0	0xec8e21	call	0xbb8e0
steam	instrument-raw-writer	0xebe8a0	0xec8e34	call	0x6f580
steam	instrument-raw-writer	0xebe8a0	0xec8e47	call	0xb9d10
steam	instrument-raw-writer	0xebe8a0	0xec8e67	call	0x6f560
steam	instrument-raw-writer	0xebe8a0	0xec8e7a	call	0x6f560
steam	instrument-raw-writer	0xebe8a0	0xec8e8d	call	0xb9d10
steam	instrument-raw-writer	0xebe8a0	0xec8ea0	call	0x6f560
steam	instrument-raw-writer	0xebe8a0	0xec8eb3	call	0x6f560
steam	instrument-raw-writer	0xebe8a0	0xec8ec4	call	0xbb770
steam	instrument-raw-writer	0xebe8a0	0xec8ed5	call	0xbb8e0
steam	instrument-raw-writer	0xebe8a0	0xec8ee8	call	0xeb8ff0
steam	instrument-raw-writer	0xebe8a0	0xec8ef9	call	0xbb8e0
steam	instrument-raw-writer	0xebe8a0	0xec8f0c	call	0x6f580
steam	instrument-raw-writer	0xebe8a0	0xec8f1b	call	0x52c130
steam	instrument-raw-writer	0xebe8a0	0xec8f2e	call	0x6f560
steam	instrument-raw-writer	0xebe8a0	0xec8f3f	call	0xbb770
steam	instrument-raw-writer	0xebe8a0	0xec8f52	call	0x6f580
steam	instrument-raw-writer	0xebe8a0	0xec8f60	call	0x52c130
steam	instrument-raw-writer	0xebe8a0	0xec8f73	call	0x6f560
steam	instrument-raw-writer	0xebe8a0	0xec8f84	call	0xbb770
steam	instrument-raw-writer	0xebe8a0	0xec8f97	call	0x6f580
steam	instrument-raw-writer	0xebe8a0	0xec8faa	call	0xb9d10
steam	instrument-raw-writer	0xebe8a0	0xec8fca	call	0x6f560
steam	instrument-raw-writer	0xebe8a0	0xec8fdd	call	0x6f560
steam	instrument-raw-writer	0xebe8a0	0xec8fee	call	0xbb770
steam	instrument-raw-writer	0xebe8a0	0xec9017	call	0x6f5a0
steam	instrument-raw-writer	0xebe8a0	0xec902a	call	0x6f560
steam	instrument-raw-writer	0xebe8a0	0xec903a	call	0xbb770
steam	instrument-raw-writer	0xebe8a0	0xec904d	call	0x6f580
steam	instrument-raw-writer	0xebe8a0	0xec9060	call	0xb9d10
steam	instrument-raw-writer	0xebe8a0	0xec9073	call	0x6f560
steam	instrument-raw-writer	0xebe8a0	0xec9084	call	0xbb770
steam	instrument-raw-writer	0xebe8a0	0xec9095	call	0xbb8e0
steam	instrument-raw-writer	0xebe8a0	0xec90b3	call	0x68150
steam	instrument-raw-writer	0xebe8a0	0xec90c3	call	0x52c130
steam	instrument-raw-writer	0xebe8a0	0xec90d6	call	0x6f560
steam	instrument-raw-writer	0xebe8a0	0xec90e7	call	0xbb770
steam	instrument-raw-writer	0xebe8a0	0xec90f4	call	0x67e30
steam	instrument-raw-writer	0xebe8a0	0xec910d	call	0x68150
steam	instrument-raw-writer	0xebe8a0	0xec911d	call	0x52c130
steam	instrument-raw-writer	0xebe8a0	0xec9130	call	0x6f560
steam	instrument-raw-writer	0xebe8a0	0xec9141	call	0xbb770
steam	instrument-raw-writer	0xebe8a0	0xec914e	call	0x67e30
steam	instrument-raw-writer	0xebe8a0	0xec915f	call	0xbb8e0
steam	instrument-raw-writer	0xebe8a0	0xec9170	call	0xbb8e0
steam	instrument-raw-writer	0xebe8a0	0xec9181	call	0xbb8e0
steam	instrument-raw-writer	0xebe8a0	0xec9194	call	0x6f580
steam	instrument-raw-writer	0xebe8a0	0xec91a7	call	0xb9d10
steam	instrument-raw-writer	0xebe8a0	0xec91ba	call	0x6f560
steam	instrument-raw-writer	0xebe8a0	0xec91cd	call	0xb9d10
steam	instrument-raw-writer	0xebe8a0	0xec91e0	call	0x6f560
steam	instrument-raw-writer	0xebe8a0	0xec91f3	call	0xb9d10
steam	instrument-raw-writer	0xebe8a0	0xec9206	call	0x6f560
steam	instrument-raw-writer	0xebe8a0	0xec9219	call	0xb9d10
steam	instrument-raw-writer	0xebe8a0	0xec922c	call	0x6f560
steam	instrument-raw-writer	0xebe8a0	0xec923d	call	0xbb770
steam	instrument-raw-writer	0xebe8a0	0xec924e	call	0xbb8e0
steam	instrument-raw-writer	0xebe8a0	0xec9261	call	0xeb9410
steam	instrument-raw-writer	0xebe8a0	0xec9272	call	0xbb8e0
steam	instrument-raw-writer	0xebe8a0	0xec9285	call	0x6f580
steam	instrument-raw-writer	0xebe8a0	0xec9296	call	0x52c130
steam	instrument-raw-writer	0xebe8a0	0xec92a9	call	0x6f560
steam	instrument-raw-writer	0xebe8a0	0xec92ba	call	0xbb770
steam	instrument-raw-writer	0xebe8a0	0xec92cd	call	0x6f580
steam	instrument-raw-writer	0xebe8a0	0xec92de	call	0x52c130
steam	instrument-raw-writer	0xebe8a0	0xec92f1	call	0x6f560
steam	instrument-raw-writer	0xebe8a0	0xec9302	call	0xbb770
steam	instrument-raw-writer	0xebe8a0	0xec9315	call	0x6f580
steam	instrument-raw-writer	0xebe8a0	0xec9328	call	0xb9d10
steam	instrument-raw-writer	0xebe8a0	0xec933b	call	0x6f560
steam	instrument-raw-writer	0xebe8a0	0xec9356	call	0xb9d10
steam	instrument-raw-writer	0xebe8a0	0xec9362	jmp	0xec9380
steam	instrument-raw-writer	0xebe8a0	0xec9368	jmp	0xec8ffb
steam	instrument-raw-writer	0xebe8a0	0xec9374	call	0xb9d10
steam	instrument-raw-writer	0xebe8a0	0xec9387	call	0x6f560
steam	instrument-raw-writer	0xebe8a0	0xec939a	call	0x6f560
steam	instrument-raw-writer	0xebe8a0	0xec93ab	call	0xbb770
steam	instrument-raw-writer	0xebe8a0	0xec93b0	jmp	0xec93b6
steam	instrument-raw-writer	0xebe8a0	0xec93c4	call	0x6f580
steam	instrument-raw-writer	0xebe8a0	0xec93d7	call	0xb9d10
steam	instrument-raw-writer	0xebe8a0	0xec93ea	call	0x6f560
steam	instrument-raw-writer	0xebe8a0	0xec93fb	call	0xbb770
steam	instrument-raw-writer	0xebe8a0	0xec940c	call	0xbb8e0
steam	instrument-raw-writer	0xebe8a0	0xec942a	call	0x68150
steam	instrument-raw-writer	0xebe8a0	0xec943f	call	0x52c130
steam	instrument-raw-writer	0xebe8a0	0xec9452	call	0x6f560
steam	instrument-raw-writer	0xebe8a0	0xec9463	call	0xbb770
steam	instrument-raw-writer	0xebe8a0	0xec9470	call	0x67e30
steam	instrument-raw-writer	0xebe8a0	0xec948e	call	0x68150
steam	instrument-raw-writer	0xebe8a0	0xec94a3	call	0x52c130
steam	instrument-raw-writer	0xebe8a0	0xec94b6	call	0x6f560
steam	instrument-raw-writer	0xebe8a0	0xec94c7	call	0xbb770
steam	instrument-raw-writer	0xebe8a0	0xec94d4	call	0x67e30
steam	instrument-raw-writer	0xebe8a0	0xec94e7	call	0x6f580
steam	instrument-raw-writer	0xebe8a0	0xec94fa	call	0xb9d10
steam	instrument-raw-writer	0xebe8a0	0xec950d	call	0x6f560
steam	instrument-raw-writer	0xebe8a0	0xec9520	call	0xb9d10
steam	instrument-raw-writer	0xebe8a0	0xec9533	call	0x6f560
steam	instrument-raw-writer	0xebe8a0	0xec9544	call	0xbb770
steam	instrument-raw-writer	0xebe8a0	0xec9555	call	0xbb8e0
steam	instrument-raw-writer	0xebe8a0	0xec9568	call	0x6f580
steam	instrument-raw-writer	0xebe8a0	0xec9576	call	0x52c130
steam	instrument-raw-writer	0xebe8a0	0xec9589	call	0x6f560
steam	instrument-raw-writer	0xebe8a0	0xec959a	call	0xbb770
steam	instrument-raw-writer	0xebe8a0	0xec95bb	call	0x6f580
steam	instrument-raw-writer	0xebe8a0	0xec95da	call	0x52c130
steam	instrument-raw-writer	0xebe8a0	0xec95ed	call	0x6f560
steam	instrument-raw-writer	0xebe8a0	0xec95fe	call	0xbb770
steam	instrument-raw-writer	0xebe8a0	0xec9611	call	0xeb9410
steam	instrument-raw-writer	0xebe8a0	0xec962f	call	0xbb8e0
steam	instrument-raw-writer	0xebe8a0	0xec9652	call	0xbb8e0
steam	instrument-raw-writer	0xebe8a0	0xec9665	call	0x6f580
steam	instrument-raw-writer	0xebe8a0	0xec9678	call	0x6f560
steam	instrument-raw-writer	0xebe8a0	0xec968b	call	0xb9d10
steam	instrument-raw-writer	0xebe8a0	0xec969e	call	0x6f560
steam	instrument-raw-writer	0xebe8a0	0xec96b1	call	0xb9d10
steam	instrument-raw-writer	0xebe8a0	0xec96c4	call	0x6f560
steam	instrument-raw-writer	0xebe8a0	0xec96d7	call	0xb9d10
steam	instrument-raw-writer	0xebe8a0	0xec96f7	call	0x6f560
steam	instrument-raw-writer	0xebe8a0	0xec9708	call	0xbb770
steam	instrument-raw-writer	0xebe8a0	0xec9720	call	0x6f580
steam	instrument-raw-writer	0xebe8a0	0xec9733	call	0x6f560
steam	instrument-raw-writer	0xebe8a0	0xec9746	call	0xb9d10
steam	instrument-raw-writer	0xebe8a0	0xec9759	call	0x6f560
steam	instrument-raw-writer	0xebe8a0	0xec976c	call	0x6f560
steam	instrument-raw-writer	0xebe8a0	0xec977d	call	0xbb770
steam	instrument-raw-writer	0xebe8a0	0xec9798	call	0x6f580
steam	instrument-raw-writer	0xebe8a0	0xec97ab	call	0x6f560
steam	instrument-raw-writer	0xebe8a0	0xec97be	call	0xb9d10
steam	instrument-raw-writer	0xebe8a0	0xec97d7	call	0x6f560
steam	instrument-raw-writer	0xebe8a0	0xec97e3	jmp	0xec97f8
steam	instrument-raw-writer	0xebe8a0	0xec97ec	call	0x6f560
steam	instrument-raw-writer	0xebe8a0	0xec97ff	call	0x6f560
steam	instrument-raw-writer	0xebe8a0	0xec9810	call	0xbb770
steam	instrument-raw-writer	0xebe8a0	0xec982c	call	0x6f580
steam	instrument-raw-writer	0xebe8a0	0xec983f	call	0x6f560
steam	instrument-raw-writer	0xebe8a0	0xec9852	call	0xb9d10
steam	instrument-raw-writer	0xebe8a0	0xec9865	call	0x6f560
steam	instrument-raw-writer	0xebe8a0	0xec9878	call	0xb9d10
steam	instrument-raw-writer	0xebe8a0	0xec988b	call	0x6f560
steam	instrument-raw-writer	0xebe8a0	0xec989e	call	0xb9d10
steam	instrument-raw-writer	0xebe8a0	0xec98bc	call	0x6f560
steam	instrument-raw-writer	0xebe8a0	0xec98cd	call	0xbb770
steam	instrument-raw-writer	0xebe8a0	0xec98e0	call	0x6f580
steam	instrument-raw-writer	0xebe8a0	0xec98ee	call	0x52c130
steam	instrument-raw-writer	0xebe8a0	0xec9901	call	0x6f560
steam	instrument-raw-writer	0xebe8a0	0xec9912	call	0x52c130
steam	instrument-raw-writer	0xebe8a0	0xec9925	call	0x6f560
steam	instrument-raw-writer	0xebe8a0	0xec9936	call	0xbb770
steam	instrument-raw-writer	0xebe8a0	0xec9953	call	0xbb8e0
steam	instrument-raw-writer	0xebe8a0	0xec9984	call	0x71f30
steam	instrument-raw-writer	0xebe8a0	0xec9999	call	0xbb8e0
steam	instrument-raw-writer	0xebe8a0	0xec99a7	jmp	0xec9b5e
steam	instrument-raw-writer	0xebe8a0	0xec99b3	call	0xbb8e0
steam	instrument-raw-writer	0xebe8a0	0xec99c1	jmp	0xec9b5e
steam	instrument-raw-writer	0xebe8a0	0xec99d4	call	0x6fe80
steam	instrument-raw-writer	0xebe8a0	0xec99e2	call	0x71f30
steam	instrument-raw-writer	0xebe8a0	0xec99f7	call	0xbb8e0
steam	instrument-raw-writer	0xebe8a0	0xec9a07	jmp	0xec9b5e
steam	instrument-raw-writer	0xebe8a0	0xec9a11	call	0x71f30
steam	instrument-raw-writer	0xebe8a0	0xec9a26	call	0xbb8e0
steam	instrument-raw-writer	0xebe8a0	0xec9a34	jmp	0xec9b5e
steam	instrument-raw-writer	0xebe8a0	0xec9a40	call	0xbb8e0
steam	instrument-raw-writer	0xebe8a0	0xec9a4e	jmp	0xec9b5e
steam	instrument-raw-writer	0xebe8a0	0xec9a67	call	0x71f30
steam	instrument-raw-writer	0xebe8a0	0xec9a7c	call	0xbb8e0
steam	instrument-raw-writer	0xebe8a0	0xec9a84	jmp	0xec9b5e
steam	instrument-raw-writer	0xebe8a0	0xec9a90	jmp	0xec9b54
steam	instrument-raw-writer	0xebe8a0	0xec9aa5	call	0xbb8e0
steam	instrument-raw-writer	0xebe8a0	0xec9aad	jmp	0xec9b5e
steam	instrument-raw-writer	0xebe8a0	0xec9ab9	call	0x71f30
steam	instrument-raw-writer	0xebe8a0	0xec9ace	call	0xbb8e0
steam	instrument-raw-writer	0xebe8a0	0xec9ad6	jmp	0xec9b5e
steam	instrument-raw-writer	0xebe8a0	0xec9add	call	0x71f30
steam	instrument-raw-writer	0xebe8a0	0xec9afc	call	0xbb8e0
steam	instrument-raw-writer	0xebe8a0	0xec9b06	jmp	0xec9b5e
steam	instrument-raw-writer	0xebe8a0	0xec9b1a	call	0xbb8e0
steam	instrument-raw-writer	0xebe8a0	0xec9b35	jmp	0xec9b5e
steam	instrument-raw-writer	0xebe8a0	0xec9b3e	call	0xbb8e0
steam	instrument-raw-writer	0xebe8a0	0xec9b46	jmp	0xec9b5e
steam	instrument-raw-writer	0xebe8a0	0xec9b54	call	0xbb8e0
steam	instrument-raw-writer	0xebe8a0	0xec9b7c	call	0xbb8e0
steam	instrument-raw-writer	0xebe8a0	0xec9ba3	jmp	0xec9bb5
steam	instrument-raw-writer	0xebe8a0	0xec9bac	jmp	0xec9bb5
steam	instrument-raw-writer	0xebe8a0	0xec9bba	call	0xbb8e0
steam	instrument-raw-writer	0xebe8a0	0xec9bdd	call	0xbb8e0
steam	instrument-raw-writer	0xebe8a0	0xec9c30	call	0x71f30
steam	instrument-raw-writer	0xebe8a0	0xec9c47	jmp	0xec9c71
steam	instrument-raw-writer	0xebe8a0	0xec9c55	jmp	0xec9c71
steam	instrument-raw-writer	0xebe8a0	0xec9c63	jmp	0xec9c71
steam	instrument-raw-writer	0xebe8a0	0xec9c89	call	0x6f580
steam	instrument-raw-writer	0xebe8a0	0xec9c98	call	0x52c130
steam	instrument-raw-writer	0xebe8a0	0xec9cab	call	0x6f560
steam	instrument-raw-writer	0xebe8a0	0xec9cb9	call	0x52c130
steam	instrument-raw-writer	0xebe8a0	0xec9ccc	call	0x6f560
steam	instrument-raw-writer	0xebe8a0	0xec9cdd	call	0xbb770
steam	instrument-raw-writer	0xebe8a0	0xec9ce9	call	0x298fd0
steam	instrument-raw-writer	0xebe8a0	0xec9cff	call	0xeb7ff0
steam	instrument-raw-writer	0xebe8a0	0xec9d10	call	0xeb8760
steam	instrument-raw-writer	0xebe8a0	0xec9d21	call	0xbb8e0
steam	instrument-raw-writer	0xebe8a0	0xec9d34	call	0x6f580
steam	instrument-raw-writer	0xebe8a0	0xec9d40	call	0x6f690
steam	instrument-raw-writer	0xebe8a0	0xec9d54	call	0x6f580
steam	instrument-raw-writer	0xebe8a0	0xec9d67	call	0xb9d10
steam	instrument-raw-writer	0xebe8a0	0xec9d7a	call	0x6f560
steam	instrument-raw-writer	0xebe8a0	0xec9d96	call	0x6f560
steam	instrument-raw-writer	0xebe8a0	0xec9da0	jmp	0xec9e61
steam	instrument-raw-writer	0xebe8a0	0xec9dbc	call	0x6f560
steam	instrument-raw-writer	0xebe8a0	0xec9dc6	jmp	0xec9e61
steam	instrument-raw-writer	0xebe8a0	0xec9de4	jmp	0xec9e55
steam	instrument-raw-writer	0xebe8a0	0xec9df6	jmp	0xec9e55
steam	instrument-raw-writer	0xebe8a0	0xec9e0f	jmp	0xec9e5c
steam	instrument-raw-writer	0xebe8a0	0xec9e18	jmp	0xec9e5c
steam	instrument-raw-writer	0xebe8a0	0xec9e2a	jmp	0xec9e55
steam	instrument-raw-writer	0xebe8a0	0xec9e3c	jmp	0xec9e55
steam	instrument-raw-writer	0xebe8a0	0xec9e5c	call	0x6f560
steam	instrument-raw-writer	0xebe8a0	0xec9e6f	call	0x6f560
steam	instrument-raw-writer	0xebe8a0	0xec9e82	call	0x6f560
steam	instrument-raw-writer	0xebe8a0	0xec9ea6	call	0x6f560
steam	instrument-raw-writer	0xebe8a0	0xec9eb9	call	0x6fe80
steam	instrument-raw-writer	0xebe8a0	0xec9ed0	call	0x6f560
steam	instrument-raw-writer	0xebe8a0	0xec9ed5	jmp	0xec9f13
steam	instrument-raw-writer	0xebe8a0	0xec9ede	call	0x6f690
steam	instrument-raw-writer	0xebe8a0	0xec9eee	call	0x52e360
steam	instrument-raw-writer	0xebe8a0	0xec9f01	call	0xb9d10
steam	instrument-raw-writer	0xebe8a0	0xec9f0e	call	0x67e30
steam	instrument-raw-writer	0xebe8a0	0xec9f21	call	0x6f560
steam	instrument-raw-writer	0xebe8a0	0xec9f34	call	0xb9d10
steam	instrument-raw-writer	0xebe8a0	0xec9f47	call	0x6f560
steam	instrument-raw-writer	0xebe8a0	0xec9f56	call	0xeb8e60
steam	instrument-raw-writer	0xebe8a0	0xec9f69	call	0x6f560
steam	instrument-raw-writer	0xebe8a0	0xec9f7c	call	0xb9d10
steam	instrument-raw-writer	0xebe8a0	0xec9f8f	call	0x6f560
steam	instrument-raw-writer	0xebe8a0	0xec9fa8	call	0x6f560
steam	instrument-raw-writer	0xebe8a0	0xec9fb7	call	0xeb8e60
steam	instrument-raw-writer	0xebe8a0	0xec9fc3	jmp	0xec9ff4
steam	instrument-raw-writer	0xebe8a0	0xec9fcf	call	0xeb8e60
steam	instrument-raw-writer	0xebe8a0	0xec9fe2	call	0x6f560
steam	instrument-raw-writer	0xebe8a0	0xec9ffb	call	0x6f560
steam	instrument-raw-writer	0xebe8a0	0xeca016	call	0x6f560
steam	instrument-raw-writer	0xebe8a0	0xeca02f	call	0x6f560
steam	instrument-raw-writer	0xebe8a0	0xeca03b	jmp	0xeca0ea
steam	instrument-raw-writer	0xebe8a0	0xeca054	call	0x6f560
steam	instrument-raw-writer	0xebe8a0	0xeca059	jmp	0xeca097
steam	instrument-raw-writer	0xebe8a0	0xeca062	call	0x6f690
steam	instrument-raw-writer	0xebe8a0	0xeca072	call	0x52e360
steam	instrument-raw-writer	0xebe8a0	0xeca085	call	0xb9d10
steam	instrument-raw-writer	0xebe8a0	0xeca092	call	0x67e30
steam	instrument-raw-writer	0xebe8a0	0xeca0a5	call	0x6f560
steam	instrument-raw-writer	0xebe8a0	0xeca0b4	call	0xeb8e60
steam	instrument-raw-writer	0xebe8a0	0xeca0c7	call	0x6f560
steam	instrument-raw-writer	0xebe8a0	0xeca0da	call	0xb9d10
steam	instrument-raw-writer	0xebe8a0	0xeca0f1	call	0x6f560
steam	instrument-raw-writer	0xebe8a0	0xeca100	call	0xeb8e60
steam	instrument-raw-writer	0xebe8a0	0xeca113	call	0x6f560
steam	instrument-raw-writer	0xebe8a0	0xeca126	call	0x6f560
steam	instrument-raw-writer	0xebe8a0	0xeca139	call	0x6f560
steam	instrument-raw-writer	0xebe8a0	0xeca155	jmp	0xeca173
steam	instrument-raw-writer	0xebe8a0	0xeca163	jmp	0xeca173
steam	instrument-raw-writer	0xebe8a0	0xeca17a	call	0x6f560
steam	instrument-raw-writer	0xebe8a0	0xeca18d	call	0x6f560
steam	instrument-raw-writer	0xebe8a0	0xeca1a8	call	0x6f560
steam	instrument-raw-writer	0xebe8a0	0xeca1c1	call	0x6f560
steam	instrument-raw-writer	0xebe8a0	0xeca1c6	jmp	0xeca1d4
steam	instrument-raw-writer	0xebe8a0	0xeca1cf	call	0xb9d10
steam	instrument-raw-writer	0xebe8a0	0xeca1e2	call	0x6f560
steam	instrument-raw-writer	0xebe8a0	0xeca1fc	call	0x6f560
steam	instrument-raw-writer	0xebe8a0	0xeca20b	call	0xeb8e60
steam	instrument-raw-writer	0xebe8a0	0xeca21e	call	0x6f560
steam	instrument-raw-writer	0xebe8a0	0xeca231	call	0xb9d10
steam	instrument-raw-writer	0xebe8a0	0xeca244	call	0x6f560
steam	instrument-raw-writer	0xebe8a0	0xeca249	jmp	0xeca31f
steam	instrument-raw-writer	0xebe8a0	0xeca268	jmp	0xeca291
steam	instrument-raw-writer	0xebe8a0	0xeca278	jmp	0xeca291
steam	instrument-raw-writer	0xebe8a0	0xeca288	jmp	0xeca291
steam	instrument-raw-writer	0xebe8a0	0xeca298	call	0x6f560
steam	instrument-raw-writer	0xebe8a0	0xeca2ab	call	0x6f560
steam	instrument-raw-writer	0xebe8a0	0xeca2c5	call	0x6f560
steam	instrument-raw-writer	0xebe8a0	0xeca2de	call	0x6f560
steam	instrument-raw-writer	0xebe8a0	0xeca2e3	jmp	0xeca2f1
steam	instrument-raw-writer	0xebe8a0	0xeca2ec	call	0xb9d10
steam	instrument-raw-writer	0xebe8a0	0xeca303	call	0x6f560
steam	instrument-raw-writer	0xebe8a0	0xeca316	call	0x6f560
steam	instrument-raw-writer	0xebe8a0	0xeca33a	call	0x6f560
steam	instrument-raw-writer	0xebe8a0	0xeca33f	jmp	0xeca353
steam	instrument-raw-writer	0xebe8a0	0xeca34e	call	0xeb6fe0
steam	instrument-raw-writer	0xebe8a0	0xeca36e	call	0x6f560
steam	instrument-raw-writer	0xebe8a0	0xeca381	call	0xeb8af0
steam	instrument-raw-writer	0xebe8a0	0xeca38d	call	0x6f330
steam	instrument-raw-writer	0xebe8a0	0xeca39d	call	0xfb540
steam	instrument-raw-writer	0xebe8a0	0xeca3b7	call	0x6f330
steam	instrument-raw-writer	0xebe8a0	0xeca3ca	call	0xe1230
steam	instrument-raw-writer	0xebe8a0	0xeca3d6	call	0x6f330
steam	instrument-raw-writer	0xebe8a0	0xeca3e6	call	0xfb540
steam	instrument-raw-writer	0xebe8a0	0xeca3fe	call	0xb9d10
steam	instrument-raw-writer	0xebe8a0	0xeca411	call	0x6f560
steam	instrument-raw-writer	0xebe8a0	0xeca422	call	0xbb770
steam	instrument-raw-writer	0xebe8a0	0xeca42f	call	0x67e30
steam	instrument-raw-writer	0xebe8a0	0xeca43c	call	0xccb890
steam	instrument-raw-writer	0xebe8a0	0xeca449	call	0x67e30
steam	instrument-raw-writer	0xebe8a0	0xeca456	call	0x67e30
steam	instrument-raw-writer	0xebe8a0	0xeca463	call	0x67e30
steam	instrument-raw-writer	0xebe8a0	0xeca470	call	0x67e30
steam	instrument-raw-writer	0xebe8a0	0xeca47d	call	0x67e30
steam	instrument-raw-writer	0xebe8a0	0xeca48a	call	0x67e30
steam	instrument-raw-writer	0xebe8a0	0xeca497	call	0x67e30
steam	instrument-raw-writer	0xebe8a0	0xeca4a4	call	0x67e30
steam	instrument-raw-writer	0xebe8a0	0xeca4b1	call	0x67e30
steam	instrument-raw-writer	0xebe8a0	0xeca4be	call	0x67e30
steam	instrument-raw-writer	0xebe8a0	0xeca4cb	call	0x67e30
steam	instrument-raw-writer	0xebe8a0	0xeca4d8	call	0x67e30
steam	instrument-raw-writer	0xebe8a0	0xeca50b	call	0x6ee50
steam	instrument-raw-writer	0xebe8a0	0xeca51a	call	0x6ee50
steam	instrument-raw-writer	0xebe8a0	0xeca52d	call	0x6ee50
steam	instrument-raw-writer	0xebe8a0	0xeca544	call	0xcd6b10
steam	instrument-raw-writer	0xebe8a0	0xeca550	call	0xccbe00
steam	instrument-raw-writer	0xebe8a0	0xeca55c	call	0x6ee50
steam	instrument-raw-writer	0xebe8a0	0xeca577	call	0xccbe10
steam	instrument-raw-writer	0xebe8a0	0xeca586	call	0x6f220
steam	instrument-raw-writer	0xebe8a0	0xeca5a6	call	0xcccaa0
steam	instrument-raw-writer	0xebe8a0	0xeca5b4	call	0x6ee50
steam	instrument-raw-writer	0xebe8a0	0xeca5c4	call	0x6ee50
steam	instrument-raw-writer	0xebe8a0	0xeca5d3	call	0x6ee50
steam	instrument-raw-writer	0xebe8a0	0xeca5e1	call	0x14d6e0
steam	instrument-raw-writer	0xebe8a0	0xeca5f2	call	0xbb8e0
steam	instrument-raw-writer	0xebe8a0	0xeca603	call	0xbb8e0
steam	instrument-raw-writer	0xebe8a0	0xeca63a	call	0x6f220
steam	instrument-raw-writer	0xebe8a0	0xeca650	call	0x68150
steam	instrument-raw-writer	0xebe8a0	0xeca661	call	0xb9d10
steam	instrument-raw-writer	0xebe8a0	0xeca674	call	0x68150
steam	instrument-raw-writer	0xebe8a0	0xeca688	call	0xb9d10
steam	instrument-raw-writer	0xebe8a0	0xeca69b	call	0x6f560
steam	instrument-raw-writer	0xebe8a0	0xeca6ac	call	0xbb770
steam	instrument-raw-writer	0xebe8a0	0xeca6bd	call	0xbb8e0
steam	instrument-raw-writer	0xebe8a0	0xeca6d7	call	0x68150
steam	instrument-raw-writer	0xebe8a0	0xeca6e8	call	0x52c130
steam	instrument-raw-writer	0xebe8a0	0xeca6fb	call	0x6f560
steam	instrument-raw-writer	0xebe8a0	0xeca70c	call	0xbb770
steam	instrument-raw-writer	0xebe8a0	0xeca719	call	0x67e30
steam	instrument-raw-writer	0xebe8a0	0xeca733	call	0x68150
steam	instrument-raw-writer	0xebe8a0	0xeca744	call	0x52c130
steam	instrument-raw-writer	0xebe8a0	0xeca757	call	0x6f560
steam	instrument-raw-writer	0xebe8a0	0xeca768	call	0xbb770
steam	instrument-raw-writer	0xebe8a0	0xeca775	call	0x67e30
steam	instrument-raw-writer	0xebe8a0	0xeca78d	call	0x71f90
steam	instrument-raw-writer	0xebe8a0	0xeca7ab	call	0x6f580
steam	instrument-raw-writer	0xebe8a0	0xeca7bb	call	0xb9d10
steam	instrument-raw-writer	0xebe8a0	0xeca7ce	call	0x6f560
steam	instrument-raw-writer	0xebe8a0	0xeca7df	call	0xbb770
steam	instrument-raw-writer	0xebe8a0	0xeca7f0	call	0xbb8e0
steam	instrument-raw-writer	0xebe8a0	0xeca7fd	call	0x71f90
steam	instrument-raw-writer	0xebe8a0	0xeca816	call	0xbb8e0
steam	instrument-raw-writer	0xebe8a0	0xeca827	call	0xbb8e0
steam	instrument-raw-writer	0xebe8a0	0xeca838	call	0xbb8e0
steam	instrument-raw-writer	0xebe8a0	0xeca84b	call	0x6f580
steam	instrument-raw-writer	0xebe8a0	0xeca85b	call	0xb9d10
steam	instrument-raw-writer	0xebe8a0	0xeca86e	call	0x6f560
steam	instrument-raw-writer	0xebe8a0	0xeca87f	call	0xbb770
steam	instrument-raw-writer	0xebe8a0	0xeca890	call	0xbb8e0
steam	instrument-raw-writer	0xebe8a0	0xeca8a1	call	0xbb8e0
steam	instrument-raw-writer	0xebe8a0	0xeca8ae	call	0x71f90
steam	instrument-raw-writer	0xebe8a0	0xeca8c3	call	0xbb8e0
steam	instrument-raw-writer	0xebe8a0	0xeca8d4	call	0xbb8e0
steam	instrument-raw-writer	0xebe8a0	0xeca8e7	call	0x6f580
steam	instrument-raw-writer	0xebe8a0	0xeca8f7	call	0xb9d10
steam	instrument-raw-writer	0xebe8a0	0xeca90a	call	0x6f560
steam	instrument-raw-writer	0xebe8a0	0xeca91b	call	0xbb770
steam	instrument-raw-writer	0xebe8a0	0xeca92c	call	0xbb8e0
steam	instrument-raw-writer	0xebe8a0	0xeca939	call	0x71f90
steam	instrument-raw-writer	0xebe8a0	0xeca952	call	0xbb8e0
steam	instrument-raw-writer	0xebe8a0	0xeca963	call	0xbb8e0
steam	instrument-raw-writer	0xebe8a0	0xeca974	call	0xbb8e0
steam	instrument-raw-writer	0xebe8a0	0xeca985	call	0xbb8e0
steam	instrument-raw-writer	0xebe8a0	0xeca996	call	0xbb8e0
steam	instrument-raw-writer	0xebe8a0	0xeca9a7	call	0xbb8e0
steam	instrument-raw-writer	0xebe8a0	0xeca9b8	call	0xbb8e0
steam	instrument-raw-writer	0xebe8a0	0xeca9cb	call	0x6f580
steam	instrument-raw-writer	0xebe8a0	0xeca9db	call	0xb9d10
steam	instrument-raw-writer	0xebe8a0	0xeca9ee	call	0x6f560
steam	instrument-raw-writer	0xebe8a0	0xeca9ff	call	0xbb770
steam	instrument-raw-writer	0xebe8a0	0xecaa10	call	0xbb8e0
steam	instrument-raw-writer	0xebe8a0	0xecaa21	call	0xbb8e0
steam	instrument-raw-writer	0xebe8a0	0xecaa2c	call	0x71f90
steam	instrument-raw-writer	0xebe8a0	0xecaa45	call	0xbb8e0
steam	instrument-raw-writer	0xebe8a0	0xecaa66	call	0xbb8e0
steam	instrument-raw-writer	0xebe8a0	0xecaa77	call	0xbb8e0
steam	instrument-raw-writer	0xebe8a0	0xecaa8a	call	0x6f580
steam	instrument-raw-writer	0xebe8a0	0xecaa9a	call	0xb9d10
steam	instrument-raw-writer	0xebe8a0	0xecaaad	call	0x6f560
steam	instrument-raw-writer	0xebe8a0	0xecaabe	call	0xbb770
steam	instrument-raw-writer	0xebe8a0	0xecaacf	call	0xbb8e0
steam	instrument-raw-writer	0xebe8a0	0xecaadc	call	0x71f90
steam	instrument-raw-writer	0xebe8a0	0xecab01	call	0xbb8e0
steam	instrument-raw-writer	0xebe8a0	0xecab12	call	0xbb8e0
steam	instrument-raw-writer	0xebe8a0	0xecab25	call	0x6f580
steam	instrument-raw-writer	0xebe8a0	0xecab35	call	0xb9d10
steam	instrument-raw-writer	0xebe8a0	0xecab48	call	0x6f560
steam	instrument-raw-writer	0xebe8a0	0xecab59	call	0xbb770
steam	instrument-raw-writer	0xebe8a0	0xecab6a	call	0xbb8e0
steam	instrument-raw-writer	0xebe8a0	0xecab77	call	0x71f90
steam	instrument-raw-writer	0xebe8a0	0xecaba0	call	0xbb8e0
steam	instrument-raw-writer	0xebe8a0	0xecabb1	call	0xbb8e0
steam	instrument-raw-writer	0xebe8a0	0xecabc2	call	0xbb8e0
steam	instrument-raw-writer	0xebe8a0	0xecabd3	call	0xbb8e0
steam	instrument-raw-writer	0xebe8a0	0xecabe6	call	0x6f580
steam	instrument-raw-writer	0xebe8a0	0xecabf6	call	0xb9d10
steam	instrument-raw-writer	0xebe8a0	0xecac09	call	0x6f560
steam	instrument-raw-writer	0xebe8a0	0xecac1a	call	0xbb770
steam	instrument-raw-writer	0xebe8a0	0xecac2b	call	0xbb8e0
steam	instrument-raw-writer	0xebe8a0	0xecac38	call	0x71f90
steam	instrument-raw-writer	0xebe8a0	0xecac5d	call	0xbb8e0
steam	instrument-raw-writer	0xebe8a0	0xecac6e	call	0xbb8e0
steam	instrument-raw-writer	0xebe8a0	0xecac81	call	0x6f580
steam	instrument-raw-writer	0xebe8a0	0xecac91	call	0xb9d10
steam	instrument-raw-writer	0xebe8a0	0xecaca4	call	0x6f560
steam	instrument-raw-writer	0xebe8a0	0xecacb5	call	0xbb770
steam	instrument-raw-writer	0xebe8a0	0xecacc6	call	0xbb8e0
steam	instrument-raw-writer	0xebe8a0	0xecacd3	call	0x71f90
steam	instrument-raw-writer	0xebe8a0	0xecacfc	call	0xbb8e0
steam	instrument-raw-writer	0xebe8a0	0xecad0d	call	0xbb8e0
steam	instrument-raw-writer	0xebe8a0	0xecad1e	call	0xbb8e0
steam	instrument-raw-writer	0xebe8a0	0xecad2f	call	0xbb8e0
steam	instrument-raw-writer	0xebe8a0	0xecad42	call	0x6f580
steam	instrument-raw-writer	0xebe8a0	0xecad52	call	0xb9d10
steam	instrument-raw-writer	0xebe8a0	0xecad65	call	0x6f560
steam	instrument-raw-writer	0xebe8a0	0xecad76	call	0xbb770
steam	instrument-raw-writer	0xebe8a0	0xecad87	call	0xbb8e0
steam	instrument-raw-writer	0xebe8a0	0xecad94	call	0x71f90
steam	instrument-raw-writer	0xebe8a0	0xecadad	call	0xbb8e0
steam	instrument-raw-writer	0xebe8a0	0xecadbc	call	0x6f330
steam	instrument-raw-writer	0xebe8a0	0xecadd4	call	0xfb540
steam	instrument-raw-writer	0xebe8a0	0xecade9	call	0xfb540
steam	instrument-raw-writer	0xebe8a0	0xecadfe	call	0xfb540
steam	instrument-raw-writer	0xebe8a0	0xecae13	call	0xfb540
steam	instrument-raw-writer	0xebe8a0	0xecae28	call	0xfb540
steam	instrument-raw-writer	0xebe8a0	0xecae3d	call	0xfb540
steam	instrument-raw-writer	0xebe8a0	0xecae52	call	0xfb540
steam	instrument-raw-writer	0xebe8a0	0xecae68	call	0xbb8e0
steam	instrument-raw-writer	0xebe8a0	0xecae79	call	0xbb8e0
steam	instrument-raw-writer	0xebe8a0	0xecae8a	call	0xbb8e0
steam	instrument-raw-writer	0xebe8a0	0xecae9d	call	0x6f580
steam	instrument-raw-writer	0xebe8a0	0xecaead	call	0xb9d10
steam	instrument-raw-writer	0xebe8a0	0xecaeb9	jmp	0xecaf07
steam	instrument-raw-writer	0xebe8a0	0xecaec7	call	0xbb8e0
steam	instrument-raw-writer	0xebe8a0	0xecaed8	call	0xbb8e0
steam	instrument-raw-writer	0xebe8a0	0xecaeeb	call	0x6f580
steam	instrument-raw-writer	0xebe8a0	0xecaefb	call	0xb9d10
steam	instrument-raw-writer	0xebe8a0	0xecaf0e	call	0x6f560
steam	instrument-raw-writer	0xebe8a0	0xecaf1f	call	0xbb770
steam	instrument-raw-writer	0xebe8a0	0xecaf30	call	0xbb8e0
steam	instrument-raw-writer	0xebe8a0	0xecaf3d	call	0x71f90
steam	instrument-raw-writer	0xebe8a0	0xecaf56	call	0xbb8e0
steam	instrument-raw-writer	0xebe8a0	0xecaf65	call	0x6f330
steam	instrument-raw-writer	0xebe8a0	0xecaf7d	call	0xfb540
steam	instrument-raw-writer	0xebe8a0	0xecaf92	call	0xfb540
steam	instrument-raw-writer	0xebe8a0	0xecafa7	call	0xfb540
steam	instrument-raw-writer	0xebe8a0	0xecafbc	call	0xfb540
steam	instrument-raw-writer	0xebe8a0	0xecafd1	call	0xfb540
steam	instrument-raw-writer	0xebe8a0	0xecafe6	call	0xfb540
steam	instrument-raw-writer	0xebe8a0	0xecaffb	call	0xfb540
steam	instrument-raw-writer	0xebe8a0	0xecb011	call	0xbb8e0
steam	instrument-raw-writer	0xebe8a0	0xecb022	call	0xbb8e0
steam	instrument-raw-writer	0xebe8a0	0xecb033	call	0xbb8e0
steam	instrument-raw-writer	0xebe8a0	0xecb046	call	0x6f580
steam	instrument-raw-writer	0xebe8a0	0xecb056	call	0xb9d10
steam	instrument-raw-writer	0xebe8a0	0xecb062	jmp	0xecb0b0
steam	instrument-raw-writer	0xebe8a0	0xecb070	call	0xbb8e0
steam	instrument-raw-writer	0xebe8a0	0xecb081	call	0xbb8e0
steam	instrument-raw-writer	0xebe8a0	0xecb094	call	0x6f580
steam	instrument-raw-writer	0xebe8a0	0xecb0a4	call	0xb9d10
steam	instrument-raw-writer	0xebe8a0	0xecb0b7	call	0x6f560
steam	instrument-raw-writer	0xebe8a0	0xecb0c8	call	0xbb770
steam	instrument-raw-writer	0xebe8a0	0xecb0d9	call	0xbb8e0
steam	instrument-raw-writer	0xebe8a0	0xecb0e6	call	0x71f90
steam	instrument-raw-writer	0xebe8a0	0xecb0ff	call	0xbb8e0
steam	instrument-raw-writer	0xebe8a0	0xecb110	call	0xbb8e0
steam	instrument-raw-writer	0xebe8a0	0xecb121	call	0xbb8e0
steam	instrument-raw-writer	0xebe8a0	0xecb132	call	0xbb8e0
steam	instrument-raw-writer	0xebe8a0	0xecb145	call	0x6f580
steam	instrument-raw-writer	0xebe8a0	0xecb155	call	0xb9d10
steam	instrument-raw-writer	0xebe8a0	0xecb168	call	0x6f560
steam	instrument-raw-writer	0xebe8a0	0xecb179	call	0xbb770
steam	instrument-raw-writer	0xebe8a0	0xecb18a	call	0xbb8e0
steam	instrument-raw-writer	0xebe8a0	0xecb197	call	0x71f90
steam	instrument-raw-writer	0xebe8a0	0xecb1b0	call	0xbb8e0
steam	instrument-raw-writer	0xebe8a0	0xecb1c1	call	0xbb8e0
steam	instrument-raw-writer	0xebe8a0	0xecb1d2	call	0xbb8e0
steam	instrument-raw-writer	0xebe8a0	0xecb1e3	call	0xbb8e0
steam	instrument-raw-writer	0xebe8a0	0xecb1f6	call	0x6f580
steam	instrument-raw-writer	0xebe8a0	0xecb206	call	0xb9d10
steam	instrument-raw-writer	0xebe8a0	0xecb219	call	0x6f560
steam	instrument-raw-writer	0xebe8a0	0xecb22a	call	0xbb770
steam	instrument-raw-writer	0xebe8a0	0xecb23b	call	0xbb8e0
steam	instrument-raw-writer	0xebe8a0	0xecb24e	call	0x6f580
steam	instrument-raw-writer	0xebe8a0	0xecb25e	call	0xb9d10
steam	instrument-raw-writer	0xebe8a0	0xecb271	call	0x6f560
steam	instrument-raw-writer	0xebe8a0	0xecb282	call	0xbb770
steam	instrument-raw-writer	0xebe8a0	0xecb293	call	0xbb8e0
steam	instrument-raw-writer	0xebe8a0	0xecb2a9	call	0xbb8e0
steam	instrument-raw-writer	0xebe8a0	0xecb2ba	call	0xbb8e0
steam	instrument-raw-writer	0xebe8a0	0xecb2c9	call	0x67e30
steam	instrument-raw-writer	0xebe8a0	0xecb2d6	call	0x67e30
steam	instrument-raw-writer	0xebe8a0	0xecb31a	call	0x6f220
steam	instrument-raw-writer	0xebe8a0	0xecb330	call	0x68150
steam	instrument-raw-writer	0xebe8a0	0xecb341	call	0xb9d10
steam	instrument-raw-writer	0xebe8a0	0xecb354	call	0x68150
steam	instrument-raw-writer	0xebe8a0	0xecb368	call	0xb9d10
steam	instrument-raw-writer	0xebe8a0	0xecb37b	call	0x6f560
steam	instrument-raw-writer	0xebe8a0	0xecb38c	call	0xbb770
steam	instrument-raw-writer	0xebe8a0	0xecb39d	call	0xbb8e0
steam	instrument-raw-writer	0xebe8a0	0xecb3bb	call	0x68150
steam	instrument-raw-writer	0xebe8a0	0xecb3cb	call	0x52c130
steam	instrument-raw-writer	0xebe8a0	0xecb3de	call	0x6f560
steam	instrument-raw-writer	0xebe8a0	0xecb3ef	call	0xbb770
steam	instrument-raw-writer	0xebe8a0	0xecb3fc	call	0x67e30
steam	instrument-raw-writer	0xebe8a0	0xecb415	call	0x68150
steam	instrument-raw-writer	0xebe8a0	0xecb425	call	0x52c130
steam	instrument-raw-writer	0xebe8a0	0xecb438	call	0x6f560
steam	instrument-raw-writer	0xebe8a0	0xecb449	call	0xbb770
steam	instrument-raw-writer	0xebe8a0	0xecb456	call	0x67e30
steam	instrument-raw-writer	0xebe8a0	0xecb46c	call	0x6ee50
steam	instrument-raw-writer	0xebe8a0	0xecb47e	call	0x71f90
steam	instrument-raw-writer	0xebe8a0	0xecb495	jmp	0xecb4ae
steam	instrument-raw-writer	0xebe8a0	0xecb49e	jmp	0xecb4ae
steam	instrument-raw-writer	0xebe8a0	0xecb4ae	call	0x6f580
steam	instrument-raw-writer	0xebe8a0	0xecb4be	call	0xb9d10
steam	instrument-raw-writer	0xebe8a0	0xecb4d1	call	0x6f560
steam	instrument-raw-writer	0xebe8a0	0xecb4e2	call	0xbb770
steam	instrument-raw-writer	0xebe8a0	0xecb4f3	call	0xbb8e0
steam	instrument-raw-writer	0xebe8a0	0xecb4fb	call	0x6ee50
steam	instrument-raw-writer	0xebe8a0	0xecb510	call	0x6f690
steam	instrument-raw-writer	0xebe8a0	0xecb521	call	0x6f240
steam	instrument-raw-writer	0xebe8a0	0xecb530	call	0x6f230
steam	instrument-raw-writer	0xebe8a0	0xecb544	call	0x6ee20
steam	instrument-raw-writer	0xebe8a0	0xecb54e	call	0x657b0
steam	instrument-raw-writer	0xebe8a0	0xecb564	call	0x6ee10
steam	instrument-raw-writer	0xebe8a0	0xecb573	call	0x6fe40
steam	instrument-raw-writer	0xebe8a0	0xecb584	call	0x6ee10
steam	instrument-raw-writer	0xebe8a0	0xecb597	call	0x6f5a0
steam	instrument-raw-writer	0xebe8a0	0xecb5a7	call	0x6f240
steam	instrument-raw-writer	0xebe8a0	0xecb5ba	call	0x6f230
steam	instrument-raw-writer	0xebe8a0	0xecb5ce	call	0x6ee20
steam	instrument-raw-writer	0xebe8a0	0xecb5d8	call	0x657b0
steam	instrument-raw-writer	0xebe8a0	0xecb5e5	call	0x6ee10
steam	instrument-raw-writer	0xebe8a0	0xecb5f1	call	0x6ee10
steam	instrument-raw-writer	0xebe8a0	0xecb601	call	0x6fe40
steam	instrument-raw-writer	0xebe8a0	0xecb60e	call	0x6ee00
steam	instrument-raw-writer	0xebe8a0	0xecb622	call	0x6ee20
steam	instrument-raw-writer	0xebe8a0	0xecb62c	call	0x657b0
steam	instrument-raw-writer	0xebe8a0	0xecb635	jmp	0xecb63f
steam	instrument-raw-writer	0xebe8a0	0xecb637	call	0x6ee10
steam	instrument-raw-writer	0xebe8a0	0xecb643	call	0x6ee00
steam	instrument-raw-writer	0xebe8a0	0xecb657	call	0x6ee20
steam	instrument-raw-writer	0xebe8a0	0xecb661	call	0x657b0
steam	instrument-raw-writer	0xebe8a0	0xecb67a	call	0xbb8e0
steam	instrument-raw-writer	0xebe8a0	0xecb686	call	0x6f240
steam	instrument-raw-writer	0xebe8a0	0xecb695	call	0x6f230
steam	instrument-raw-writer	0xebe8a0	0xecb6a9	call	0x6ee20
steam	instrument-raw-writer	0xebe8a0	0xecb6b3	call	0x657b0
steam	instrument-raw-writer	0xebe8a0	0xecb6ce	call	0x6f580
steam	instrument-raw-writer	0xebe8a0	0xecb6d7	call	0x6ee10
steam	instrument-raw-writer	0xebe8a0	0xecb6ea	call	0xb9d10
steam	instrument-raw-writer	0xebe8a0	0xecb6fd	call	0x6f560
steam	instrument-raw-writer	0xebe8a0	0xecb706	call	0x6ee10
steam	instrument-raw-writer	0xebe8a0	0xecb719	call	0xb9d10
steam	instrument-raw-writer	0xebe8a0	0xecb72c	call	0x6f560
steam	instrument-raw-writer	0xebe8a0	0xecb73d	call	0xbb770
steam	instrument-raw-writer	0xebe8a0	0xecb746	call	0x6ee00
steam	instrument-raw-writer	0xebe8a0	0xecb75a	call	0x6ee20
steam	instrument-raw-writer	0xebe8a0	0xecb764	call	0x657b0
steam	instrument-raw-writer	0xebe8a0	0xecb77f	call	0x6f580
steam	instrument-raw-writer	0xebe8a0	0xecb78f	call	0xb9d10
steam	instrument-raw-writer	0xebe8a0	0xecb7a2	call	0x6f560
steam	instrument-raw-writer	0xebe8a0	0xecb7b5	call	0xb9d10
steam	instrument-raw-writer	0xebe8a0	0xecb7c8	call	0x6f560
steam	instrument-raw-writer	0xebe8a0	0xecb7d9	call	0xbb770
steam	instrument-raw-writer	0xebe8a0	0xecb7ec	call	0x6f580
steam	instrument-raw-writer	0xebe8a0	0xecb7fd	call	0xbb770
steam	instrument-raw-writer	0xebe8a0	0xecb809	call	0x6f240
steam	instrument-raw-writer	0xebe8a0	0xecb818	call	0x6f230
steam	instrument-raw-writer	0xebe8a0	0xecb853	call	0x6f8d0
steam	instrument-raw-writer	0xebe8a0	0xecb866	call	0xb9d10
steam	instrument-raw-writer	0xebe8a0	0xecb87f	call	0x6fa10
steam	instrument-raw-writer	0xebe8a0	0xecb896	call	0xb9d10
steam	instrument-raw-writer	0xebe8a0	0xecb8af	call	0x6fa10
steam	instrument-raw-writer	0xebe8a0	0xecb8c0	call	0xbb770
steam	instrument-raw-writer	0xebe8a0	0xecb8d1	jmp	0xecb821
steam	instrument-raw-writer	0xebe8a0	0xecb8ee	call	0x71f90
steam	instrument-raw-writer	0xebe8a0	0xecb903	call	0xbb8e0
steam	instrument-raw-writer	0xebe8a0	0xecb910	call	0x71f90
steam	instrument-raw-writer	0xebe8a0	0xecb925	call	0xbb8e0
steam	instrument-raw-writer	0xebe8a0	0xecb932	call	0x71f90
steam	instrument-raw-writer	0xebe8a0	0xecb947	call	0xbb8e0
steam	instrument-raw-writer	0xebe8a0	0xecb966	call	0xbb8e0
steam	instrument-raw-writer	0xebe8a0	0xecb973	call	0x71f90
steam	instrument-raw-writer	0xebe8a0	0xecb994	call	0xbb8e0
steam	instrument-raw-writer	0xebe8a0	0xecb9a1	call	0x71f90
steam	instrument-raw-writer	0xebe8a0	0xecb9c2	call	0xbb8e0
steam	instrument-raw-writer	0xebe8a0	0xecb9cf	call	0x71f90
steam	instrument-raw-writer	0xebe8a0	0xecb9f0	call	0xbb8e0
steam	instrument-raw-writer	0xebe8a0	0xecba23	call	0xbb8e0
steam	instrument-raw-writer	0xebe8a0	0xecba4a	call	0xbb8e0
steam	instrument-raw-writer	0xebe8a0	0xecba71	call	0xbb8e0
steam	instrument-raw-writer	0xebe8a0	0xecba7e	call	0x71f90
steam	instrument-raw-writer	0xebe8a0	0xecba93	call	0xbb8e0
steam	instrument-raw-writer	0xebe8a0	0xecbaa0	call	0x71f90
steam	instrument-raw-writer	0xebe8a0	0xecbab5	call	0xbb8e0
steam	instrument-raw-writer	0xebe8a0	0xecbac2	call	0x6f850
steam	instrument-raw-writer	0xebe8a0	0xecbacb	jmp	0xecc142
steam	instrument-raw-writer	0xebe8a0	0xecbad8	call	0x71f90
steam	instrument-raw-writer	0xebe8a0	0xecbaf1	call	0xbb8e0
steam	instrument-raw-writer	0xebe8a0	0xecbb12	call	0xbb8e0
steam	instrument-raw-writer	0xebe8a0	0xecbb23	call	0xbb8e0
steam	instrument-raw-writer	0xebe8a0	0xecbb36	call	0x6f580
steam	instrument-raw-writer	0xebe8a0	0xecbb46	call	0xb9d10
steam	instrument-raw-writer	0xebe8a0	0xecbb59	call	0x6f560
steam	instrument-raw-writer	0xebe8a0	0xecbb6a	call	0xbb770
steam	instrument-raw-writer	0xebe8a0	0xecbb7b	call	0xbb8e0
steam	instrument-raw-writer	0xebe8a0	0xecbb8c	call	0x71f90
steam	instrument-raw-writer	0xebe8a0	0xecbbb5	call	0xbb8e0
steam	instrument-raw-writer	0xebe8a0	0xecbbc6	call	0xbb8e0
steam	instrument-raw-writer	0xebe8a0	0xecbbd7	call	0xbb8e0
steam	instrument-raw-writer	0xebe8a0	0xecbbe8	call	0xbb8e0
steam	instrument-raw-writer	0xebe8a0	0xecbbfb	call	0x6f580
steam	instrument-raw-writer	0xebe8a0	0xecbc0b	call	0xb9d10
steam	instrument-raw-writer	0xebe8a0	0xecbc1e	call	0x6f560
steam	instrument-raw-writer	0xebe8a0	0xecbc2f	call	0xbb770
steam	instrument-raw-writer	0xebe8a0	0xecbc40	call	0xbb8e0
steam	instrument-raw-writer	0xebe8a0	0xecbc4b	call	0x71f90
steam	instrument-raw-writer	0xebe8a0	0xecbc74	call	0xbb8e0
steam	instrument-raw-writer	0xebe8a0	0xecbc85	call	0xbb8e0
steam	instrument-raw-writer	0xebe8a0	0xecbc96	call	0xbb8e0
steam	instrument-raw-writer	0xebe8a0	0xecbca7	call	0xbb8e0
steam	instrument-raw-writer	0xebe8a0	0xecbcba	call	0x6f580
steam	instrument-raw-writer	0xebe8a0	0xecbcca	call	0xb9d10
steam	instrument-raw-writer	0xebe8a0	0xecbcdd	call	0x6f560
steam	instrument-raw-writer	0xebe8a0	0xecbcee	call	0xbb770
steam	instrument-raw-writer	0xebe8a0	0xecbcff	call	0xbb8e0
steam	instrument-raw-writer	0xebe8a0	0xecbd0c	call	0x71f90
steam	instrument-raw-writer	0xebe8a0	0xecbd31	call	0xbb8e0
steam	instrument-raw-writer	0xebe8a0	0xecbd42	call	0xbb8e0
steam	instrument-raw-writer	0xebe8a0	0xecbd55	call	0x6f580
steam	instrument-raw-writer	0xebe8a0	0xecbd65	call	0xb9d10
steam	instrument-raw-writer	0xebe8a0	0xecbd78	call	0x6f560
steam	instrument-raw-writer	0xebe8a0	0xecbd89	call	0xbb770
steam	instrument-raw-writer	0xebe8a0	0xecbd9a	call	0xbb8e0
steam	instrument-raw-writer	0xebe8a0	0xecbda7	call	0x71f90
steam	instrument-raw-writer	0xebe8a0	0xecbdcc	call	0xbb8e0
steam	instrument-raw-writer	0xebe8a0	0xecbddd	call	0xbb8e0
steam	instrument-raw-writer	0xebe8a0	0xecbdf0	call	0x6f580
steam	instrument-raw-writer	0xebe8a0	0xecbe00	call	0xb9d10
steam	instrument-raw-writer	0xebe8a0	0xecbe13	call	0x6f560
steam	instrument-raw-writer	0xebe8a0	0xecbe24	call	0xbb770
steam	instrument-raw-writer	0xebe8a0	0xecbe35	call	0xbb8e0
steam	instrument-raw-writer	0xebe8a0	0xecbe42	call	0x71f90
steam	instrument-raw-writer	0xebe8a0	0xecbe5b	call	0xbb8e0
steam	instrument-raw-writer	0xebe8a0	0xecbe6c	call	0xbb8e0
steam	instrument-raw-writer	0xebe8a0	0xecbe7d	call	0xbb8e0
steam	instrument-raw-writer	0xebe8a0	0xecbe8e	call	0xbb8e0
steam	instrument-raw-writer	0xebe8a0	0xecbe9f	call	0xbb8e0
steam	instrument-raw-writer	0xebe8a0	0xecbeb0	call	0xbb8e0
steam	instrument-raw-writer	0xebe8a0	0xecbec1	call	0xbb8e0
steam	instrument-raw-writer	0xebe8a0	0xecbed4	call	0x6f580
steam	instrument-raw-writer	0xebe8a0	0xecbee4	call	0xb9d10
steam	instrument-raw-writer	0xebe8a0	0xecbef7	call	0x6f560
steam	instrument-raw-writer	0xebe8a0	0xecbf08	call	0xbb770
steam	instrument-raw-writer	0xebe8a0	0xecbf19	call	0xbb8e0
steam	instrument-raw-writer	0xebe8a0	0xecbf2a	call	0xbb8e0
steam	instrument-raw-writer	0xebe8a0	0xecbf37	call	0x71f90
steam	instrument-raw-writer	0xebe8a0	0xecbf50	call	0xbb8e0
steam	instrument-raw-writer	0xebe8a0	0xecbf61	call	0xbb8e0
steam	instrument-raw-writer	0xebe8a0	0xecbf72	call	0xbb8e0
steam	instrument-raw-writer	0xebe8a0	0xecbf85	call	0x6f580
steam	instrument-raw-writer	0xebe8a0	0xecbf95	call	0xb9d10
steam	instrument-raw-writer	0xebe8a0	0xecbfa8	call	0x6f560
steam	instrument-raw-writer	0xebe8a0	0xecbfb9	call	0xbb770
steam	instrument-raw-writer	0xebe8a0	0xecbfca	call	0xbb8e0
steam	instrument-raw-writer	0xebe8a0	0xecbfdb	call	0xbb8e0
steam	instrument-raw-writer	0xebe8a0	0xecbfe8	call	0x71f90
steam	instrument-raw-writer	0xebe8a0	0xecc001	call	0xbb8e0
steam	instrument-raw-writer	0xebe8a0	0xecc012	call	0xbb8e0
steam	instrument-raw-writer	0xebe8a0	0xecc023	call	0xbb8e0
steam	instrument-raw-writer	0xebe8a0	0xecc034	call	0xbb8e0
steam	instrument-raw-writer	0xebe8a0	0xecc047	call	0x6f580
steam	instrument-raw-writer	0xebe8a0	0xecc057	call	0xb9d10
steam	instrument-raw-writer	0xebe8a0	0xecc06a	call	0x6f560
steam	instrument-raw-writer	0xebe8a0	0xecc07b	call	0xbb770
steam	instrument-raw-writer	0xebe8a0	0xecc08c	call	0xbb8e0
steam	instrument-raw-writer	0xebe8a0	0xecc099	call	0x71f90
steam	instrument-raw-writer	0xebe8a0	0xecc0b2	call	0xbb8e0
steam	instrument-raw-writer	0xebe8a0	0xecc0c3	call	0xbb8e0
steam	instrument-raw-writer	0xebe8a0	0xecc0d4	call	0xbb8e0
steam	instrument-raw-writer	0xebe8a0	0xecc0e5	call	0xbb8e0
steam	instrument-raw-writer	0xebe8a0	0xecc0f8	call	0x6f580
steam	instrument-raw-writer	0xebe8a0	0xecc108	call	0xb9d10
steam	instrument-raw-writer	0xebe8a0	0xecc11b	call	0x6f560
steam	instrument-raw-writer	0xebe8a0	0xecc12c	call	0xbb770
steam	instrument-raw-writer	0xebe8a0	0xecc13d	call	0xbb8e0
steam	instrument-raw-writer	0xebe8a0	0xecc156	call	0x6f8d0
steam	instrument-raw-writer	0xebe8a0	0xecc166	call	0xb9d10
steam	instrument-raw-writer	0xebe8a0	0xecc17f	call	0x6fa10
steam	instrument-raw-writer	0xebe8a0	0xecc190	call	0xbb770
steam	instrument-raw-writer	0xebe8a0	0xecc1a1	call	0xbb8e0
steam	instrument-raw-writer	0xebe8a0	0xecc1b9	call	0xbb8e0
steam	instrument-raw-writer	0xebe8a0	0xecc1ca	call	0xbb8e0
steam	instrument-raw-writer	0xebe8a0	0xecc1db	call	0x6f850
steam	instrument-raw-writer	0xebe8a0	0xecc1e8	call	0x6f850
steam	instrument-raw-writer	0xebe8a0	0xecc200	call	0x6ee50
steam	instrument-raw-writer	0xebe8a0	0xecc217	call	0xed0860
steam	instrument-raw-writer	0xebe8a0	0xecc223	call	0xde5f30
steam	instrument-raw-writer	0xebe8a0	0xecc22f	call	0x6ee50
steam	instrument-raw-writer	0xebe8a0	0xecc247	call	0xde5f50
steam	instrument-raw-writer	0xebe8a0	0xecc256	call	0x6f220
steam	instrument-raw-writer	0xebe8a0	0xecc276	call	0xed1bd0
steam	instrument-raw-writer	0xebe8a0	0xecc284	call	0x6ee50
steam	instrument-raw-writer	0xebe8a0	0xecc294	call	0x67e30
steam	instrument-raw-writer	0xebe8a0	0xecc29f	call	0xbb990
steam	instrument-raw-writer	0xebe8a0	0xecc2ac	call	0xbb990
steam	instrument-raw-writer	0xebe8a0	0xecc2b6	call	0xbb990
steam	instrument-raw-writer	0xebe8a0	0xecc2c0	call	0xbb990
steam	instrument-raw-writer	0xebe8a0	0xecc2cf	call	0x1539660
classic	take-from-pack-animal-caption	0x890b40	0x890b8d	call	0x6f860
classic	take-from-pack-animal-caption	0x890b40	0x890bbe	call	0xc62490
classic	take-from-pack-animal-caption	0x890b40	0x890bd8	call	0x6f9a0
classic	take-from-pack-animal-caption	0x890b40	0x890c12	call	QWORD PTR [rax+0x10]
classic	take-from-pack-animal-caption	0x890b40	0x890c25	call	QWORD PTR [rax+0x20]
classic	take-from-pack-animal-caption	0x890b40	0x890c3c	call	0x13623a0
classic	take-from-pack-animal-caption	0x890b40	0x890c41	jmp	0x890cba
classic	take-from-pack-animal-caption	0x890b40	0x890c49	call	QWORD PTR [rax+0x18]
classic	take-from-pack-animal-caption	0x890b40	0x890c55	jmp	0x890c07
classic	take-from-pack-animal-caption	0x890b40	0x890c66	call	0xc88ae0
classic	take-from-pack-animal-caption	0x890b40	0x890c6b	jmp	0x890cba
classic	take-from-pack-animal-caption	0x890b40	0x890c86	jmp	0x890c75
classic	take-from-pack-animal-caption	0x890b40	0x890ca0	jmp	0x890cb6
classic	take-from-pack-animal-caption	0x890b40	0x890ce0	call	0x6f9a0
classic	take-from-pack-animal-caption	0x890b40	0x890d0b	call	0x132bba0
classic	take-from-pack-animal-caption	0x890b40	0x890d25	call	0x6f9a0
classic	take-from-pack-animal-caption	0x890b40	0x890d5d	call	QWORD PTR [rip+0xd4fd3d]        # 0x1415e0aa0
classic	take-from-pack-animal-caption	0x890b40	0x890d64	call	0x15345f0
classic	take-from-pack-animal-caption	0x890b40	0x890db1	call	0x6f9a0
classic	take-from-pack-animal-caption	0x890b40	0x890def	call	0x74cc40
classic	take-from-pack-animal-caption	0x890b40	0x890e04	call	0x6f9a0
classic	take-from-pack-animal-caption	0x890b40	0x890e3c	call	QWORD PTR [rip+0xd4fc5e]        # 0x1415e0aa0
classic	take-from-pack-animal-caption	0x890b40	0x890e43	call	0x15345f0
classic	take-from-pack-animal-caption	0x890b40	0x890e4f	call	0x15345d0
classic	shared-item-noun	0xa7fc90	0xa7fd72	jmp	0xa7fd88
classic	shared-item-noun	0xa7fc90	0xa7fd80	jmp	0xa7fd88
classic	shared-item-noun	0xa7fc90	0xa7fd98	call	0x135be30
classic	shared-item-noun	0xa7fc90	0xa7fdb7	jmp	0xa7fdc9
classic	shared-item-noun	0xa7fc90	0xa7fe16	call	0x6f9a0
classic	shared-item-noun	0xa7fc90	0xa7fe63	jmp	rax
classic	shared-item-noun	0xa7fc90	0xa7fe9e	call	0x14cc890
classic	shared-item-noun	0xa7fc90	0xa7febb	call	0x6f9a0
classic	shared-item-noun	0xa7fc90	0xa7fecf	call	0xb9b10
classic	shared-item-noun	0xa7fc90	0xa7fed4	jmp	0xa7fee0
classic	shared-item-noun	0xa7fc90	0xa7fef0	call	0x6f9a0
classic	shared-item-noun	0xa7fc90	0xa7fef5	jmp	0xa850eb
classic	shared-item-noun	0xa7fc90	0xa7ff2c	call	0x14cc890
classic	shared-item-noun	0xa7fc90	0xa7ff49	call	0x6f9a0
classic	shared-item-noun	0xa7fc90	0xa7ff53	call	0xb9b10
classic	shared-item-noun	0xa7fc90	0xa7ff68	call	0x6f9a0
classic	shared-item-noun	0xa7fc90	0xa7ff87	call	0x6f9a0
classic	shared-item-noun	0xa7fc90	0xa7ff8c	jmp	0xa850eb
classic	shared-item-noun	0xa7fc90	0xa7ffa7	call	0x6f9a0
classic	shared-item-noun	0xa7fc90	0xa7ffac	jmp	0xa850eb
classic	shared-item-noun	0xa7fc90	0xa7ffc0	call	0x6f4f0
classic	shared-item-noun	0xa7fc90	0xa7ffc5	jmp	0xa850eb
classic	shared-item-noun	0xa7fc90	0xa7ffd9	call	0x6f4f0
classic	shared-item-noun	0xa7fc90	0xa7ffde	jmp	0xa850eb
classic	shared-item-noun	0xa7fc90	0xa7fff2	call	0x6f4f0
classic	shared-item-noun	0xa7fc90	0xa7fff7	jmp	0xa850eb
classic	shared-item-noun	0xa7fc90	0xa80014	call	0x6f4f0
classic	shared-item-noun	0xa7fc90	0xa80019	jmp	0xa850eb
classic	shared-item-noun	0xa7fc90	0xa80022	call	0x6f620
classic	shared-item-noun	0xa7fc90	0xa80032	call	0x6f4f0
classic	shared-item-noun	0xa7fc90	0xa8004e	call	0x14cc700
classic	shared-item-noun	0xa7fc90	0xa8005a	call	0xb9ca0
classic	shared-item-noun	0xa7fc90	0xa80064	call	0x6f7e0
classic	shared-item-noun	0xa7fc90	0xa80069	jmp	0xa850eb
classic	shared-item-noun	0xa7fc90	0xa800b3	jmp	0xa800b7
classic	shared-item-noun	0xa7fc90	0xa800bf	jmp	0xa800ff
classic	shared-item-noun	0xa7fc90	0xa800d1	call	0x6f9a0
classic	shared-item-noun	0xa7fc90	0xa800d6	jmp	0xa800fc
classic	shared-item-noun	0xa7fc90	0xa800e8	call	0x6f9a0
classic	shared-item-noun	0xa7fc90	0xa80138	call	0x14cc890
classic	shared-item-noun	0xa7fc90	0xa80152	call	0x6f9a0
classic	shared-item-noun	0xa7fc90	0xa80161	call	0xb9b10
classic	shared-item-noun	0xa7fc90	0xa8019d	call	0x15345f0
classic	shared-item-noun	0xa7fc90	0xa801c8	call	0x6f9a0
classic	shared-item-noun	0xa7fc90	0xa801e8	call	0x6f860
classic	shared-item-noun	0xa7fc90	0xa801ed	jmp	0xa850eb
classic	shared-item-noun	0xa7fc90	0xa80200	call	0x6f620
classic	shared-item-noun	0xa7fc90	0xa80217	call	0x14cc660
classic	shared-item-noun	0xa7fc90	0xa80223	call	0xb9ca0
classic	shared-item-noun	0xa7fc90	0xa8022d	call	0x6f7e0
classic	shared-item-noun	0xa7fc90	0xa80232	jmp	0xa850eb
classic	shared-item-noun	0xa7fc90	0xa80241	call	0x6f4f0
classic	shared-item-noun	0xa7fc90	0xa80246	jmp	0xa850eb
classic	shared-item-noun	0xa7fc90	0xa80267	call	0x6f4f0
classic	shared-item-noun	0xa7fc90	0xa8026c	jmp	0xa850eb
classic	shared-item-noun	0xa7fc90	0xa80278	call	0x6f620
classic	shared-item-noun	0xa7fc90	0xa802a3	call	0x14cc890
classic	shared-item-noun	0xa7fc90	0xa802b2	call	0xb9ca0
classic	shared-item-noun	0xa7fc90	0xa802bf	call	0x6f7e0
classic	shared-item-noun	0xa7fc90	0xa802c4	jmp	0xa850eb
classic	shared-item-noun	0xa7fc90	0xa802e4	call	0x6f620
classic	shared-item-noun	0xa7fc90	0xa80314	call	0x14cc890
classic	shared-item-noun	0xa7fc90	0xa80323	call	0xb9ca0
classic	shared-item-noun	0xa7fc90	0xa80330	call	0x6f7e0
classic	shared-item-noun	0xa7fc90	0xa80335	jmp	0xa850eb
classic	shared-item-noun	0xa7fc90	0xa80344	call	0x6f4f0
classic	shared-item-noun	0xa7fc90	0xa80349	jmp	0xa850eb
classic	shared-item-noun	0xa7fc90	0xa8035d	call	0x6f4f0
classic	shared-item-noun	0xa7fc90	0xa80362	jmp	0xa850eb
classic	shared-item-noun	0xa7fc90	0xa8037c	call	0x6f4f0
classic	shared-item-noun	0xa7fc90	0xa80381	jmp	0xa850eb
classic	shared-item-noun	0xa7fc90	0xa80395	call	0x6f4f0
classic	shared-item-noun	0xa7fc90	0xa803a4	call	0x6f4f0
classic	shared-item-noun	0xa7fc90	0xa803a9	jmp	0xa850eb
classic	shared-item-noun	0xa7fc90	0xa803b5	call	0x6f620
classic	shared-item-noun	0xa7fc90	0xa803e5	call	0x14cc890
classic	shared-item-noun	0xa7fc90	0xa803f4	call	0xb9ca0
classic	shared-item-noun	0xa7fc90	0xa80401	call	0x6f7e0
classic	shared-item-noun	0xa7fc90	0xa8043e	jmp	0xa80442
classic	shared-item-noun	0xa7fc90	0xa80454	call	0x6f4f0
classic	shared-item-noun	0xa7fc90	0xa80459	jmp	0xa850eb
classic	shared-item-noun	0xa7fc90	0xa804c8	call	QWORD PTR [rax+0x748]
classic	shared-item-noun	0xa7fc90	0xa8050a	call	0x14dce30
classic	shared-item-noun	0xa7fc90	0xa80528	call	0x6f9a0
classic	shared-item-noun	0xa7fc90	0xa8052d	jmp	0xa805f5
classic	shared-item-noun	0xa7fc90	0xa80542	call	0x6f4f0
classic	shared-item-noun	0xa7fc90	0xa80547	jmp	0xa805f5
classic	shared-item-noun	0xa7fc90	0xa8055b	call	0x6f4f0
classic	shared-item-noun	0xa7fc90	0xa80560	jmp	0xa805f5
classic	shared-item-noun	0xa7fc90	0xa80574	call	0x6f4f0
classic	shared-item-noun	0xa7fc90	0xa80579	jmp	0xa805f5
classic	shared-item-noun	0xa7fc90	0xa8058a	call	0x6f4f0
classic	shared-item-noun	0xa7fc90	0xa8058f	jmp	0xa805f5
classic	shared-item-noun	0xa7fc90	0xa805a5	call	0x6f4f0
classic	shared-item-noun	0xa7fc90	0xa805aa	jmp	0xa805f5
classic	shared-item-noun	0xa7fc90	0xa805b3	call	0x6f620
classic	shared-item-noun	0xa7fc90	0xa805d3	call	0x14cc700
classic	shared-item-noun	0xa7fc90	0xa805e2	call	0xb9ca0
classic	shared-item-noun	0xa7fc90	0xa805ef	call	0x6f7e0
classic	shared-item-noun	0xa7fc90	0xa8062b	call	0x15345f0
classic	shared-item-noun	0xa7fc90	0xa80640	jmp	0xa850eb
classic	shared-item-noun	0xa7fc90	0xa80677	call	0x14cc890
classic	shared-item-noun	0xa7fc90	0xa80694	call	0x6f9a0
classic	shared-item-noun	0xa7fc90	0xa8069e	call	0xb9b10
classic	shared-item-noun	0xa7fc90	0xa806b0	call	0x14a8ce0
classic	shared-item-noun	0xa7fc90	0xa806ce	call	0xb9ca0
classic	shared-item-noun	0xa7fc90	0xa806d3	jmp	0xa850eb
classic	shared-item-noun	0xa7fc90	0xa806df	call	0x6f4f0
classic	shared-item-noun	0xa7fc90	0xa806e4	jmp	0xa850eb
classic	shared-item-noun	0xa7fc90	0xa806f6	call	0x6f9a0
classic	shared-item-noun	0xa7fc90	0xa806fb	jmp	0xa850eb
classic	shared-item-noun	0xa7fc90	0xa80732	call	0x14cc890
classic	shared-item-noun	0xa7fc90	0xa8074f	call	0x6f9a0
classic	shared-item-noun	0xa7fc90	0xa80759	call	0xb9b10
classic	shared-item-noun	0xa7fc90	0xa8076b	call	0x14a8ce0
classic	shared-item-noun	0xa7fc90	0xa8078d	jmp	0xa80791
classic	shared-item-noun	0xa7fc90	0xa807b1	jmp	0xa850d3
classic	shared-item-noun	0xa7fc90	0xa807e8	call	0x14cc890
classic	shared-item-noun	0xa7fc90	0xa80805	call	0x6f9a0
classic	shared-item-noun	0xa7fc90	0xa8080f	call	0xb9b10
classic	shared-item-noun	0xa7fc90	0xa80821	jmp	0xa850d3
classic	shared-item-noun	0xa7fc90	0xa80858	call	0x14cc890
classic	shared-item-noun	0xa7fc90	0xa80875	call	0x6f9a0
classic	shared-item-noun	0xa7fc90	0xa8087f	call	0xb9b10
classic	shared-item-noun	0xa7fc90	0xa80891	jmp	0xa850d3
classic	shared-item-noun	0xa7fc90	0xa808c8	call	0x14cc890
classic	shared-item-noun	0xa7fc90	0xa808e5	call	0x6f9a0
classic	shared-item-noun	0xa7fc90	0xa808ef	call	0xb9b10
classic	shared-item-noun	0xa7fc90	0xa80901	jmp	0xa850d3
classic	shared-item-noun	0xa7fc90	0xa80938	call	0x14cc890
classic	shared-item-noun	0xa7fc90	0xa80955	call	0x6f9a0
classic	shared-item-noun	0xa7fc90	0xa8095f	call	0xb9b10
classic	shared-item-noun	0xa7fc90	0xa80971	jmp	0xa850d3
classic	shared-item-noun	0xa7fc90	0xa809a8	call	0x14cc890
classic	shared-item-noun	0xa7fc90	0xa809c5	call	0x6f9a0
classic	shared-item-noun	0xa7fc90	0xa809cf	call	0xb9b10
classic	shared-item-noun	0xa7fc90	0xa809e1	jmp	0xa850d3
classic	shared-item-noun	0xa7fc90	0xa80a18	call	0x14cc890
classic	shared-item-noun	0xa7fc90	0xa80a35	call	0x6f9a0
classic	shared-item-noun	0xa7fc90	0xa80a3f	call	0xb9b10
classic	shared-item-noun	0xa7fc90	0xa80a51	jmp	0xa850d3
classic	shared-item-noun	0xa7fc90	0xa80a88	call	0x14cc890
classic	shared-item-noun	0xa7fc90	0xa80aa5	call	0x6f9a0
classic	shared-item-noun	0xa7fc90	0xa80aaf	call	0xb9b10
classic	shared-item-noun	0xa7fc90	0xa80ac1	jmp	0xa850d3
classic	shared-item-noun	0xa7fc90	0xa80af8	call	0x14cc890
classic	shared-item-noun	0xa7fc90	0xa80b15	call	0x6f9a0
classic	shared-item-noun	0xa7fc90	0xa80b1f	call	0xb9b10
classic	shared-item-noun	0xa7fc90	0xa80b31	jmp	0xa850d3
classic	shared-item-noun	0xa7fc90	0xa80b68	call	0x14cc890
classic	shared-item-noun	0xa7fc90	0xa80b85	call	0x6f9a0
classic	shared-item-noun	0xa7fc90	0xa80b8f	call	0xb9b10
classic	shared-item-noun	0xa7fc90	0xa80ba1	call	0x14a8ce0
classic	shared-item-noun	0xa7fc90	0xa80bc3	jmp	0xa80bc7
classic	shared-item-noun	0xa7fc90	0xa80bdb	call	0x6f9a0
classic	shared-item-noun	0xa7fc90	0xa80bf1	jmp	0xa80c4a
classic	shared-item-noun	0xa7fc90	0xa80c0a	call	0x1456e50
classic	shared-item-noun	0xa7fc90	0xa80c1a	jmp	0xa80c29
classic	shared-item-noun	0xa7fc90	0xa80c2c	call	0x6f4f0
classic	shared-item-noun	0xa7fc90	0xa80c3b	jmp	0xa80c52
classic	shared-item-noun	0xa7fc90	0xa80c4d	call	0x6f4f0
classic	shared-item-noun	0xa7fc90	0xa80c62	call	0x6f9a0
classic	shared-item-noun	0xa7fc90	0xa80c67	jmp	0xa850eb
classic	shared-item-noun	0xa7fc90	0xa80c76	call	0x6f4f0
classic	shared-item-noun	0xa7fc90	0xa80c7b	jmp	0xa85127
classic	shared-item-noun	0xa7fc90	0xa80cb2	call	0x14cc890
classic	shared-item-noun	0xa7fc90	0xa80ccf	call	0x6f9a0
classic	shared-item-noun	0xa7fc90	0xa80cd9	call	0xb9b10
classic	shared-item-noun	0xa7fc90	0xa80ceb	jmp	0xa850d3
classic	shared-item-noun	0xa7fc90	0xa80d09	call	0x6f9a0
classic	shared-item-noun	0xa7fc90	0xa80d13	call	0xb9b10
classic	shared-item-noun	0xa7fc90	0xa80d4d	call	0x14cc890
classic	shared-item-noun	0xa7fc90	0xa80d6a	call	0x6f9a0
classic	shared-item-noun	0xa7fc90	0xa80d74	call	0xb9b10
classic	shared-item-noun	0xa7fc90	0xa80d86	jmp	0xa850d3
classic	shared-item-noun	0xa7fc90	0xa80dfc	call	0xb9ca0
classic	shared-item-noun	0xa7fc90	0xa80e10	call	0xb9b10
classic	shared-item-noun	0xa7fc90	0xa80e1f	call	0xb9ca0
classic	shared-item-noun	0xa7fc90	0xa80e37	call	0xb9b10
classic	shared-item-noun	0xa7fc90	0xa80e43	jmp	0xa850cd
classic	shared-item-noun	0xa7fc90	0xa80e52	call	0x6f4f0
classic	shared-item-noun	0xa7fc90	0xa80e5e	jmp	0xa850cd
classic	shared-item-noun	0xa7fc90	0xa80e95	call	0x14cc890
classic	shared-item-noun	0xa7fc90	0xa80ea2	call	0xb9ca0
classic	shared-item-noun	0xa7fc90	0xa80eac	call	0xb9b10
classic	shared-item-noun	0xa7fc90	0xa80ec1	call	0x6f9a0
classic	shared-item-noun	0xa7fc90	0xa80ecd	jmp	0xa850cd
classic	shared-item-noun	0xa7fc90	0xa80f04	call	0x14cc890
classic	shared-item-noun	0xa7fc90	0xa80f21	call	0x6f9a0
classic	shared-item-noun	0xa7fc90	0xa80f2b	call	0xb9b10
classic	shared-item-noun	0xa7fc90	0xa80f3d	jmp	0xa850d3
classic	shared-item-noun	0xa7fc90	0xa80f74	call	0x14cc890
classic	shared-item-noun	0xa7fc90	0xa80f91	call	0x6f9a0
classic	shared-item-noun	0xa7fc90	0xa80f9b	call	0xb9b10
classic	shared-item-noun	0xa7fc90	0xa80fa7	jmp	0xa7ff5f
classic	shared-item-noun	0xa7fc90	0xa80fc5	call	0x6f9a0
classic	shared-item-noun	0xa7fc90	0xa80fcf	call	0xb9b10
classic	shared-item-noun	0xa7fc90	0xa81009	call	0x14cc890
classic	shared-item-noun	0xa7fc90	0xa81026	call	0x6f9a0
classic	shared-item-noun	0xa7fc90	0xa81030	call	0xb9b10
classic	shared-item-noun	0xa7fc90	0xa81042	jmp	0xa850d3
classic	shared-item-noun	0xa7fc90	0xa81079	call	0x14cc890
classic	shared-item-noun	0xa7fc90	0xa81096	call	0x6f9a0
classic	shared-item-noun	0xa7fc90	0xa810a0	call	0xb9b10
classic	shared-item-noun	0xa7fc90	0xa810c4	call	0x6f4f0
classic	shared-item-noun	0xa7fc90	0xa810c9	jmp	0xa850db
classic	shared-item-noun	0xa7fc90	0xa810db	call	0x14a8ce0
classic	shared-item-noun	0xa7fc90	0xa810fd	jmp	0xa81101
classic	shared-item-noun	0xa7fc90	0xa8110f	call	0x6f4f0
classic	shared-item-noun	0xa7fc90	0xa8112d	call	0x6f4f0
classic	shared-item-noun	0xa7fc90	0xa81132	jmp	0xa850eb
classic	shared-item-noun	0xa7fc90	0xa81141	call	0x6f4f0
classic	shared-item-noun	0xa7fc90	0xa81146	jmp	0xa850db
classic	shared-item-noun	0xa7fc90	0xa81180	call	0x14cc890
classic	shared-item-noun	0xa7fc90	0xa8119d	call	0x6f9a0
classic	shared-item-noun	0xa7fc90	0xa811a7	call	0xb9b10
classic	shared-item-noun	0xa7fc90	0xa811b9	call	0x14a8ce0
classic	shared-item-noun	0xa7fc90	0xa811db	jmp	0xa811df
classic	shared-item-noun	0xa7fc90	0xa81200	call	0x1456e50
classic	shared-item-noun	0xa7fc90	0xa81222	call	0x1456e50
classic	shared-item-noun	0xa7fc90	0xa81244	call	0x1456e50
classic	shared-item-noun	0xa7fc90	0xa8125e	call	0x6f4f0
classic	shared-item-noun	0xa7fc90	0xa81263	jmp	0xa850db
classic	shared-item-noun	0xa7fc90	0xa8126f	jmp	0xa850cd
classic	shared-item-noun	0xa7fc90	0xa812a9	call	0x14cc890
classic	shared-item-noun	0xa7fc90	0xa812c6	call	0x6f9a0
classic	shared-item-noun	0xa7fc90	0xa812d0	call	0xb9b10
classic	shared-item-noun	0xa7fc90	0xa812e2	call	0x14a8ce0
classic	shared-item-noun	0xa7fc90	0xa81304	jmp	0xa81308
classic	shared-item-noun	0xa7fc90	0xa8132d	call	0x1456e50
classic	shared-item-noun	0xa7fc90	0xa81357	call	0x1456e50
classic	shared-item-noun	0xa7fc90	0xa81379	call	0x1456e50
classic	shared-item-noun	0xa7fc90	0xa8139c	call	0x1456e50
classic	shared-item-noun	0xa7fc90	0xa813af	call	0x6f4f0
classic	shared-item-noun	0xa7fc90	0xa813b4	jmp	0xa850db
classic	shared-item-noun	0xa7fc90	0xa813c0	call	0x6f4f0
classic	shared-item-noun	0xa7fc90	0xa813c5	jmp	0xa850db
classic	shared-item-noun	0xa7fc90	0xa813d7	jmp	0xa850d3
classic	shared-item-noun	0xa7fc90	0xa8140e	call	0x14cc890
classic	shared-item-noun	0xa7fc90	0xa8142b	call	0x6f9a0
classic	shared-item-noun	0xa7fc90	0xa81435	call	0xb9b10
classic	shared-item-noun	0xa7fc90	0xa81480	jmp	0xa850d3
classic	shared-item-noun	0xa7fc90	0xa814a8	call	0xb9ca0
classic	shared-item-noun	0xa7fc90	0xa814ad	jmp	0xa850eb
classic	shared-item-noun	0xa7fc90	0xa81511	call	0xeb0b0
classic	shared-item-noun	0xa7fc90	0xa8152e	call	0x1456e50
classic	shared-item-noun	0xa7fc90	0xa81541	call	0x72670
classic	shared-item-noun	0xa7fc90	0xa81551	call	QWORD PTR [rdx+0x728]
classic	shared-item-noun	0xa7fc90	0xa81565	call	0x6f4f0
classic	shared-item-noun	0xa7fc90	0xa8158e	call	0x14cc890
classic	shared-item-noun	0xa7fc90	0xa815ab	call	0x6f9a0
classic	shared-item-noun	0xa7fc90	0xa815b5	call	0xb9b10
classic	shared-item-noun	0xa7fc90	0xa81625	call	QWORD PTR [rax+0x748]
classic	shared-item-noun	0xa7fc90	0xa8165e	call	0xb9ca0
classic	shared-item-noun	0xa7fc90	0xa81668	call	0xb9b10
classic	shared-item-noun	0xa7fc90	0xa81689	call	0xb9ca0
classic	shared-item-noun	0xa7fc90	0xa8168e	jmp	0xa850eb
classic	shared-item-noun	0xa7fc90	0xa816be	call	0xb9ca0
classic	shared-item-noun	0xa7fc90	0xa816cd	call	0x6f4f0
classic	shared-item-noun	0xa7fc90	0xa816d2	jmp	0xa814ea
classic	shared-item-noun	0xa7fc90	0xa816e4	jmp	0xa850d6
classic	shared-item-noun	0xa7fc90	0xa8171b	call	0x14cc890
classic	shared-item-noun	0xa7fc90	0xa81738	call	0x6f9a0
classic	shared-item-noun	0xa7fc90	0xa81742	call	0xb9b10
classic	shared-item-noun	0xa7fc90	0xa81784	jmp	0xa850d3
classic	shared-item-noun	0xa7fc90	0xa817ac	call	0xb9ca0
classic	shared-item-noun	0xa7fc90	0xa817b1	jmp	0xa850eb
classic	shared-item-noun	0xa7fc90	0xa817ec	call	0x14cc890
classic	shared-item-noun	0xa7fc90	0xa81809	call	0x6f9a0
classic	shared-item-noun	0xa7fc90	0xa81813	call	0xb9b10
classic	shared-item-noun	0xa7fc90	0xa81837	call	0x6f4f0
classic	shared-item-noun	0xa7fc90	0xa8183c	jmp	0xa850db
classic	shared-item-noun	0xa7fc90	0xa81858	call	0x1456e50
classic	shared-item-noun	0xa7fc90	0xa8186b	call	0x6f4f0
classic	shared-item-noun	0xa7fc90	0xa81870	jmp	0xa850db
classic	shared-item-noun	0xa7fc90	0xa81882	jmp	0xa850d3
classic	shared-item-noun	0xa7fc90	0xa818b9	call	0x14cc890
classic	shared-item-noun	0xa7fc90	0xa818d6	call	0x6f9a0
classic	shared-item-noun	0xa7fc90	0xa818e0	call	0xb9b10
classic	shared-item-noun	0xa7fc90	0xa818f2	jmp	0xa850d3
classic	shared-item-noun	0xa7fc90	0xa81929	call	0x14cc890
classic	shared-item-noun	0xa7fc90	0xa81946	call	0x6f9a0
classic	shared-item-noun	0xa7fc90	0xa81950	call	0xb9b10
classic	shared-item-noun	0xa7fc90	0xa81962	call	0x14a8ce0
classic	shared-item-noun	0xa7fc90	0xa81984	jmp	0xa81988
classic	shared-item-noun	0xa7fc90	0xa819ac	jmp	0xa850d3
classic	shared-item-noun	0xa7fc90	0xa819e3	call	0x14cc890
classic	shared-item-noun	0xa7fc90	0xa81a00	call	0x6f9a0
classic	shared-item-noun	0xa7fc90	0xa81a0a	call	0xb9b10
classic	shared-item-noun	0xa7fc90	0xa81a1c	jmp	0xa850d3
classic	shared-item-noun	0xa7fc90	0xa81a53	call	0x14cc890
classic	shared-item-noun	0xa7fc90	0xa81a70	call	0x6f9a0
classic	shared-item-noun	0xa7fc90	0xa81a7a	call	0xb9b10
classic	shared-item-noun	0xa7fc90	0xa81a8c	jmp	0xa850d3
classic	shared-item-noun	0xa7fc90	0xa81ac3	call	0x14cc890
classic	shared-item-noun	0xa7fc90	0xa81ae0	call	0x6f9a0
classic	shared-item-noun	0xa7fc90	0xa81aea	call	0xb9b10
classic	shared-item-noun	0xa7fc90	0xa81afc	jmp	0xa850d3
classic	shared-item-noun	0xa7fc90	0xa81b33	call	0x14cc890
classic	shared-item-noun	0xa7fc90	0xa81b50	call	0x6f9a0
classic	shared-item-noun	0xa7fc90	0xa81b5a	call	0xb9b10
classic	shared-item-noun	0xa7fc90	0xa81b7b	call	0x6f4f0
classic	shared-item-noun	0xa7fc90	0xa81b80	jmp	0xa850db
classic	shared-item-noun	0xa7fc90	0xa81b92	jmp	0xa850d3
classic	shared-item-noun	0xa7fc90	0xa81bcc	call	0x14cc890
classic	shared-item-noun	0xa7fc90	0xa81be9	call	0x6f9a0
classic	shared-item-noun	0xa7fc90	0xa81bf3	call	0xb9b10
classic	shared-item-noun	0xa7fc90	0xa81c05	call	0x14a8ce0
classic	shared-item-noun	0xa7fc90	0xa81c27	jmp	0xa81c2b
classic	shared-item-noun	0xa7fc90	0xa81c4b	call	0x6f4f0
classic	shared-item-noun	0xa7fc90	0xa81c50	jmp	0xa850db
classic	shared-item-noun	0xa7fc90	0xa81c62	call	0x14a8ce0
classic	shared-item-noun	0xa7fc90	0xa81c84	jmp	0xa81c88
classic	shared-item-noun	0xa7fc90	0xa81c96	call	0x6f4f0
classic	shared-item-noun	0xa7fc90	0xa81c9b	jmp	0xa850eb
classic	shared-item-noun	0xa7fc90	0xa81cb3	call	0x1456e50
classic	shared-item-noun	0xa7fc90	0xa81cc6	call	0x6f4f0
classic	shared-item-noun	0xa7fc90	0xa81ccb	jmp	0xa850eb
classic	shared-item-noun	0xa7fc90	0xa81cd7	call	0x6f4f0
classic	shared-item-noun	0xa7fc90	0xa81cdc	jmp	0xa850eb
classic	shared-item-noun	0xa7fc90	0xa81d13	call	0x14cc890
classic	shared-item-noun	0xa7fc90	0xa81d30	call	0x6f9a0
classic	shared-item-noun	0xa7fc90	0xa81d3a	call	0xb9b10
classic	shared-item-noun	0xa7fc90	0xa81d4f	call	0x6f9a0
classic	shared-item-noun	0xa7fc90	0xa81d54	jmp	0xa850eb
classic	shared-item-noun	0xa7fc90	0xa81de3	jmp	0xa81dfa
classic	shared-item-noun	0xa7fc90	0xa81de8	jmp	0xa81dcd
classic	shared-item-noun	0xa7fc90	0xa81df4	jmp	0xa81dfa
classic	shared-item-noun	0xa7fc90	0xa81e1d	call	0x14cc890
classic	shared-item-noun	0xa7fc90	0xa81e3a	call	0x6f9a0
classic	shared-item-noun	0xa7fc90	0xa81e44	call	0xb9b10
classic	shared-item-noun	0xa7fc90	0xa81e59	call	0x6f9a0
classic	shared-item-noun	0xa7fc90	0xa81e5e	jmp	0xa850eb
classic	shared-item-noun	0xa7fc90	0xa81e7c	call	0x6f4f0
classic	shared-item-noun	0xa7fc90	0xa81e81	jmp	0xa850db
classic	shared-item-noun	0xa7fc90	0xa81ea8	call	0x14cc890
classic	shared-item-noun	0xa7fc90	0xa81ec5	call	0x6f9a0
classic	shared-item-noun	0xa7fc90	0xa81eca	jmp	0xa850eb
classic	shared-item-noun	0xa7fc90	0xa81edc	jmp	0xa850d3
classic	shared-item-noun	0xa7fc90	0xa81f19	call	0x14cc890
classic	shared-item-noun	0xa7fc90	0xa81f36	call	0x6f9a0
classic	shared-item-noun	0xa7fc90	0xa81f48	call	0x6f9a0
classic	shared-item-noun	0xa7fc90	0xa81f72	call	0x6f9a0
classic	shared-item-noun	0xa7fc90	0xa81f77	jmp	0xa850eb
classic	shared-item-noun	0xa7fc90	0xa81fae	call	0x14cc890
classic	shared-item-noun	0xa7fc90	0xa81fcb	call	0x6f9a0
classic	shared-item-noun	0xa7fc90	0xa81fd5	call	0xb9b10
classic	shared-item-noun	0xa7fc90	0xa81fe7	jmp	0xa850d3
classic	shared-item-noun	0xa7fc90	0xa82008	call	0x6f9a0
classic	shared-item-noun	0xa7fc90	0xa8202d	call	0x6f4f0
classic	shared-item-noun	0xa7fc90	0xa82032	jmp	0xa850db
classic	shared-item-noun	0xa7fc90	0xa82042	jmp	0xa81e91
classic	shared-item-noun	0xa7fc90	0xa82070	call	0x6f9a0
classic	shared-item-noun	0xa7fc90	0xa821ae	call	0x1456eb0
classic	shared-item-noun	0xa7fc90	0xa821cb	jmp	rcx
classic	shared-item-noun	0xa7fc90	0xa821d0	jmp	0xa8211b
classic	shared-item-noun	0xa7fc90	0xa821e0	jmp	0xa821fa
classic	shared-item-noun	0xa7fc90	0xa821ed	jmp	0xa821fa
classic	shared-item-noun	0xa7fc90	0xa82255	call	0x6f9a0
classic	shared-item-noun	0xa7fc90	0xa8226e	call	0x6f9a0
classic	shared-item-noun	0xa7fc90	0xa8228d	call	0x6f9a0
classic	shared-item-noun	0xa7fc90	0xa822a9	call	0x6f9a0
classic	shared-item-noun	0xa7fc90	0xa822c2	call	0x6f9a0
classic	shared-item-noun	0xa7fc90	0xa822de	call	0x6f9a0
classic	shared-item-noun	0xa7fc90	0xa822fa	call	0x6f9a0
classic	shared-item-noun	0xa7fc90	0xa82313	call	0x6f9a0
classic	shared-item-noun	0xa7fc90	0xa8232c	call	0x6f9a0
classic	shared-item-noun	0xa7fc90	0xa82345	call	0x6f9a0
classic	shared-item-noun	0xa7fc90	0xa82384	call	0x6f4f0
classic	shared-item-noun	0xa7fc90	0xa82389	jmp	0xa825f5
classic	shared-item-noun	0xa7fc90	0xa82399	jmp	0xa821fa
classic	shared-item-noun	0xa7fc90	0xa823a9	jmp	0xa821fa
classic	shared-item-noun	0xa7fc90	0xa823b9	jmp	0xa821fa
classic	shared-item-noun	0xa7fc90	0xa823c9	jmp	0xa821fa
classic	shared-item-noun	0xa7fc90	0xa823d6	jmp	0xa821fa
classic	shared-item-noun	0xa7fc90	0xa823e5	jmp	0xa821fa
classic	shared-item-noun	0xa7fc90	0xa823f6	jmp	0xa821fa
classic	shared-item-noun	0xa7fc90	0xa82400	jmp	0xa821fa
classic	shared-item-noun	0xa7fc90	0xa8240a	jmp	0xa821fa
classic	shared-item-noun	0xa7fc90	0xa8248d	call	0x6f620
classic	shared-item-noun	0xa7fc90	0xa824a6	call	0xaa0c50
classic	shared-item-noun	0xa7fc90	0xa824b7	call	0x6f530
classic	shared-item-noun	0xa7fc90	0xa824c8	call	0x6f4f0
classic	shared-item-noun	0xa7fc90	0xa824d5	call	0x6f7e0
classic	shared-item-noun	0xa7fc90	0xa824da	jmp	0xa825d8
classic	shared-item-noun	0xa7fc90	0xa824f0	jmp	0xa825c0
classic	shared-item-noun	0xa7fc90	0xa8251b	call	0x6f4f0
classic	shared-item-noun	0xa7fc90	0xa82520	jmp	0xa825f5
classic	shared-item-noun	0xa7fc90	0xa82592	jmp	0xa825b0
classic	shared-item-noun	0xa7fc90	0xa82596	jmp	0xa8257c
classic	shared-item-noun	0xa7fc90	0xa825a2	jmp	0xa825b0
classic	shared-item-noun	0xa7fc90	0xa825a8	jmp	0xa825b0
classic	shared-item-noun	0xa7fc90	0xa825d3	call	0x14cc890
classic	shared-item-noun	0xa7fc90	0xa825f0	call	0x6f9a0
classic	shared-item-noun	0xa7fc90	0xa826f2	call	0x1456eb0
classic	shared-item-noun	0xa7fc90	0xa8270b	jmp	rcx
classic	shared-item-noun	0xa7fc90	0xa8271c	call	0x6f4f0
classic	shared-item-noun	0xa7fc90	0xa8272b	call	0x6f620
classic	shared-item-noun	0xa7fc90	0xa8276b	call	0x14cc890
classic	shared-item-noun	0xa7fc90	0xa8277a	call	0xb9ca0
classic	shared-item-noun	0xa7fc90	0xa8278d	jmp	0xa8279d
classic	shared-item-noun	0xa7fc90	0xa827a0	call	0x6f4f0
classic	shared-item-noun	0xa7fc90	0xa827b0	call	0x6f7e0
classic	shared-item-noun	0xa7fc90	0xa827e4	jmp	0xa850eb
classic	shared-item-noun	0xa7fc90	0xa82805	call	0x6f9a0
classic	shared-item-noun	0xa7fc90	0xa82893	call	0xb9ca0
classic	shared-item-noun	0xa7fc90	0xa828a2	call	0x6f4f0
classic	shared-item-noun	0xa7fc90	0xa828a7	jmp	0xa850eb
classic	shared-item-noun	0xa7fc90	0xa828c6	call	0x6f4f0
classic	shared-item-noun	0xa7fc90	0xa828cb	jmp	0xa850eb
classic	shared-item-noun	0xa7fc90	0xa828f3	call	0x14cc890
classic	shared-item-noun	0xa7fc90	0xa82900	call	0xb9ca0
classic	shared-item-noun	0xa7fc90	0xa82905	jmp	0xa850eb
classic	shared-item-noun	0xa7fc90	0xa82920	call	0x6f4f0
classic	shared-item-noun	0xa7fc90	0xa82942	call	0x6f4f0
classic	shared-item-noun	0xa7fc90	0xa82947	jmp	0xa850eb
classic	shared-item-noun	0xa7fc90	0xa82957	jmp	0xa81e91
classic	shared-item-noun	0xa7fc90	0xa8298e	call	0x14cc890
classic	shared-item-noun	0xa7fc90	0xa829ab	call	0x6f9a0
classic	shared-item-noun	0xa7fc90	0xa829b5	call	0xb9b10
classic	shared-item-noun	0xa7fc90	0xa829ca	call	0x6f9a0
classic	shared-item-noun	0xa7fc90	0xa829cf	jmp	0xa850eb
classic	shared-item-noun	0xa7fc90	0xa82a06	call	0x14cc890
classic	shared-item-noun	0xa7fc90	0xa82a23	call	0x6f9a0
classic	shared-item-noun	0xa7fc90	0xa82a2d	call	0xb9b10
classic	shared-item-noun	0xa7fc90	0xa82a42	call	0x6f9a0
classic	shared-item-noun	0xa7fc90	0xa82a47	jmp	0xa850eb
classic	shared-item-noun	0xa7fc90	0xa82a7e	call	0x14cc890
classic	shared-item-noun	0xa7fc90	0xa82a9b	call	0x6f9a0
classic	shared-item-noun	0xa7fc90	0xa82aa5	call	0xb9b10
classic	shared-item-noun	0xa7fc90	0xa82aba	call	0x6f9a0
classic	shared-item-noun	0xa7fc90	0xa82abf	jmp	0xa850eb
classic	shared-item-noun	0xa7fc90	0xa82af6	call	0x14cc890
classic	shared-item-noun	0xa7fc90	0xa82b13	call	0x6f9a0
classic	shared-item-noun	0xa7fc90	0xa82b1d	call	0xb9b10
classic	shared-item-noun	0xa7fc90	0xa82b2f	call	0x14a8ce0
classic	shared-item-noun	0xa7fc90	0xa82b51	jmp	0xa82b55
classic	shared-item-noun	0xa7fc90	0xa82b69	call	0x6f9a0
classic	shared-item-noun	0xa7fc90	0xa82b6e	jmp	0xa850eb
classic	shared-item-noun	0xa7fc90	0xa82b83	call	0x6f9a0
classic	shared-item-noun	0xa7fc90	0xa82b88	jmp	0xa850eb
classic	shared-item-noun	0xa7fc90	0xa82bf5	call	0x14cc890
classic	shared-item-noun	0xa7fc90	0xa82c02	call	0xb9ca0
classic	shared-item-noun	0xa7fc90	0xa82c0c	call	0xb9b10
classic	shared-item-noun	0xa7fc90	0xa82c1e	jmp	0xa850d3
classic	shared-item-noun	0xa7fc90	0xa82c43	call	0xb9ca0
classic	shared-item-noun	0xa7fc90	0xa82c52	call	0x6f4f0
classic	shared-item-noun	0xa7fc90	0xa82c8c	call	0x14cc890
classic	shared-item-noun	0xa7fc90	0xa82c99	call	0xb9ca0
classic	shared-item-noun	0xa7fc90	0xa82ca3	call	0xb9b10
classic	shared-item-noun	0xa7fc90	0xa82cbc	call	0xb9ca0
classic	shared-item-noun	0xa7fc90	0xa82cc1	jmp	0xa850eb
classic	shared-item-noun	0xa7fc90	0xa82cf8	call	0x14cc890
classic	shared-item-noun	0xa7fc90	0xa82d15	call	0x6f9a0
classic	shared-item-noun	0xa7fc90	0xa82d1f	call	0xb9b10
classic	shared-item-noun	0xa7fc90	0xa82d34	call	0x6f9a0
classic	shared-item-noun	0xa7fc90	0xa82d39	jmp	0xa850eb
classic	shared-item-noun	0xa7fc90	0xa82d70	call	0x14cc890
classic	shared-item-noun	0xa7fc90	0xa82d8d	call	0x6f9a0
classic	shared-item-noun	0xa7fc90	0xa82d97	call	0xb9b10
classic	shared-item-noun	0xa7fc90	0xa82da9	jmp	0xa850d3
classic	shared-item-noun	0xa7fc90	0xa82de0	call	0x14cc890
classic	shared-item-noun	0xa7fc90	0xa82dfd	call	0x6f9a0
classic	shared-item-noun	0xa7fc90	0xa82e07	call	0xb9b10
classic	shared-item-noun	0xa7fc90	0xa82e19	jmp	0xa850d3
classic	shared-item-noun	0xa7fc90	0xa82e50	call	0x14cc890
classic	shared-item-noun	0xa7fc90	0xa82e6d	call	0x6f9a0
classic	shared-item-noun	0xa7fc90	0xa82e77	call	0xb9b10
classic	shared-item-noun	0xa7fc90	0xa82e89	jmp	0xa850d3
classic	shared-item-noun	0xa7fc90	0xa82ec0	call	0x14cc890
classic	shared-item-noun	0xa7fc90	0xa82edd	call	0x6f9a0
classic	shared-item-noun	0xa7fc90	0xa82ee7	call	0xb9b10
classic	shared-item-noun	0xa7fc90	0xa82f33	call	0x6f9a0
classic	shared-item-noun	0xa7fc90	0xa82f38	jmp	0xa850eb
classic	shared-item-noun	0xa7fc90	0xa82f60	call	0xb9ca0
classic	shared-item-noun	0xa7fc90	0xa82f65	jmp	0xa850eb
classic	shared-item-noun	0xa7fc90	0xa82fdc	call	0x14cc890
classic	shared-item-noun	0xa7fc90	0xa82ff9	call	0x6f9a0
classic	shared-item-noun	0xa7fc90	0xa83003	call	0xb9b10
classic	shared-item-noun	0xa7fc90	0xa83021	call	0xb9ca0
classic	shared-item-noun	0xa7fc90	0xa83026	jmp	0xa850eb
classic	shared-item-noun	0xa7fc90	0xa83056	call	0xb9ca0
classic	shared-item-noun	0xa7fc90	0xa83060	call	0xb9b10
classic	shared-item-noun	0xa7fc90	0xa83068	jmp	0xa82faa
classic	shared-item-noun	0xa7fc90	0xa8307d	call	0x6f9a0
classic	shared-item-noun	0xa7fc90	0xa83082	jmp	0xa850eb
classic	shared-item-noun	0xa7fc90	0xa830b9	call	0x14cc890
classic	shared-item-noun	0xa7fc90	0xa830d6	call	0x6f9a0
classic	shared-item-noun	0xa7fc90	0xa830e0	call	0xb9b10
classic	shared-item-noun	0xa7fc90	0xa830f2	jmp	0xa850d3
classic	shared-item-noun	0xa7fc90	0xa83129	call	0x14cc890
classic	shared-item-noun	0xa7fc90	0xa83146	call	0x6f9a0
classic	shared-item-noun	0xa7fc90	0xa83150	call	0xb9b10
classic	shared-item-noun	0xa7fc90	0xa83162	jmp	0xa850d3
classic	shared-item-noun	0xa7fc90	0xa83199	call	0x14cc890
classic	shared-item-noun	0xa7fc90	0xa831b6	call	0x6f9a0
classic	shared-item-noun	0xa7fc90	0xa831c0	call	0xb9b10
classic	shared-item-noun	0xa7fc90	0xa831cc	jmp	0xa850cd
classic	shared-item-noun	0xa7fc90	0xa831eb	jmp	0xa831fa
classic	shared-item-noun	0xa7fc90	0xa831fa	call	0x6f9a0
classic	shared-item-noun	0xa7fc90	0xa83265	call	QWORD PTR [rax+0x748]
classic	shared-item-noun	0xa7fc90	0xa8326e	jmp	0xa83276
classic	shared-item-noun	0xa7fc90	0xa832ae	call	0x14dce30
classic	shared-item-noun	0xa7fc90	0xa832cc	call	0x6f9a0
classic	shared-item-noun	0xa7fc90	0xa832d1	jmp	0xa83408
classic	shared-item-noun	0xa7fc90	0xa832e5	call	0x6f4f0
classic	shared-item-noun	0xa7fc90	0xa832ea	jmp	0xa83323
classic	shared-item-noun	0xa7fc90	0xa832fb	call	0x6f4f0
classic	shared-item-noun	0xa7fc90	0xa83300	jmp	0xa83323
classic	shared-item-noun	0xa7fc90	0xa83311	call	0x6f4f0
classic	shared-item-noun	0xa7fc90	0xa83316	jmp	0xa83323
classic	shared-item-noun	0xa7fc90	0xa8332d	call	0x6f4f0
classic	shared-item-noun	0xa7fc90	0xa83341	call	0xb9b10
classic	shared-item-noun	0xa7fc90	0xa83346	jmp	0xa83408
classic	shared-item-noun	0xa7fc90	0xa83354	call	0x6f620
classic	shared-item-noun	0xa7fc90	0xa83376	jmp	0xa8337d
classic	shared-item-noun	0xa7fc90	0xa8337d	call	0x14cc700
classic	shared-item-noun	0xa7fc90	0xa83389	call	0xb9ca0
classic	shared-item-noun	0xa7fc90	0xa83393	jmp	0xa83402
classic	shared-item-noun	0xa7fc90	0xa8339c	call	0x6f620
classic	shared-item-noun	0xa7fc90	0xa833c7	call	0x14cc890
classic	shared-item-noun	0xa7fc90	0xa833d6	call	0xb9ca0
classic	shared-item-noun	0xa7fc90	0xa833e5	call	0x6f4f0
classic	shared-item-noun	0xa7fc90	0xa833f5	call	0xb9b10
classic	shared-item-noun	0xa7fc90	0xa83402	call	0x6f7e0
classic	shared-item-noun	0xa7fc90	0xa8343e	call	0x15345f0
classic	shared-item-noun	0xa7fc90	0xa83453	jmp	0xa850eb
classic	shared-item-noun	0xa7fc90	0xa8348a	call	0x14cc890
classic	shared-item-noun	0xa7fc90	0xa834a7	call	0x6f9a0
classic	shared-item-noun	0xa7fc90	0xa834b1	call	0xb9b10
classic	shared-item-noun	0xa7fc90	0xa834bd	jmp	0xa850cd
classic	shared-item-noun	0xa7fc90	0xa834f4	call	0x14cc890
classic	shared-item-noun	0xa7fc90	0xa83511	call	0x6f9a0
classic	shared-item-noun	0xa7fc90	0xa8351b	call	0xb9b10
classic	shared-item-noun	0xa7fc90	0xa8352d	jmp	0xa850d3
classic	shared-item-noun	0xa7fc90	0xa83564	call	0x14cc890
classic	shared-item-noun	0xa7fc90	0xa83581	call	0x6f9a0
classic	shared-item-noun	0xa7fc90	0xa8358b	call	0xb9b10
classic	shared-item-noun	0xa7fc90	0xa8359d	jmp	0xa850d3
classic	shared-item-noun	0xa7fc90	0xa835d4	call	0x14cc890
classic	shared-item-noun	0xa7fc90	0xa835f1	call	0x6f9a0
classic	shared-item-noun	0xa7fc90	0xa835fb	call	0xb9b10
classic	shared-item-noun	0xa7fc90	0xa8360d	jmp	0xa850d3
classic	shared-item-noun	0xa7fc90	0xa83644	call	0x14cc890
classic	shared-item-noun	0xa7fc90	0xa83661	call	0x6f9a0
classic	shared-item-noun	0xa7fc90	0xa8366b	call	0xb9b10
classic	shared-item-noun	0xa7fc90	0xa8367d	jmp	0xa7ff65
classic	shared-item-noun	0xa7fc90	0xa836b4	call	0x14cc890
classic	shared-item-noun	0xa7fc90	0xa836d1	call	0x6f9a0
classic	shared-item-noun	0xa7fc90	0xa836db	call	0xb9b10
classic	shared-item-noun	0xa7fc90	0xa836ed	jmp	0xa850d3
classic	shared-item-noun	0xa7fc90	0xa83724	call	0x14cc890
classic	shared-item-noun	0xa7fc90	0xa83741	call	0x6f9a0
classic	shared-item-noun	0xa7fc90	0xa8374b	call	0xb9b10
classic	shared-item-noun	0xa7fc90	0xa8375d	jmp	0xa850d3
classic	shared-item-noun	0xa7fc90	0xa83794	call	0x14cc890
classic	shared-item-noun	0xa7fc90	0xa837b1	call	0x6f9a0
classic	shared-item-noun	0xa7fc90	0xa837bb	call	0xb9b10
classic	shared-item-noun	0xa7fc90	0xa837cd	jmp	0xa850d3
classic	shared-item-noun	0xa7fc90	0xa83804	call	0x14cc890
classic	shared-item-noun	0xa7fc90	0xa83821	call	0x6f9a0
classic	shared-item-noun	0xa7fc90	0xa8382b	call	0xb9b10
classic	shared-item-noun	0xa7fc90	0xa838ac	call	QWORD PTR [rax+0x718]
classic	shared-item-noun	0xa7fc90	0xa838d0	jmp	rcx
classic	shared-item-noun	0xa7fc90	0xa838dc	call	0x6f4f0
classic	shared-item-noun	0xa7fc90	0xa838e1	jmp	0xa850db
classic	shared-item-noun	0xa7fc90	0xa838f0	call	0x6f4f0
classic	shared-item-noun	0xa7fc90	0xa838f5	jmp	0xa850db
classic	shared-item-noun	0xa7fc90	0xa83904	call	0x6f4f0
classic	shared-item-noun	0xa7fc90	0xa83909	jmp	0xa850db
classic	shared-item-noun	0xa7fc90	0xa83918	call	0x6f4f0
classic	shared-item-noun	0xa7fc90	0xa8391d	jmp	0xa850db
classic	shared-item-noun	0xa7fc90	0xa8392c	call	0x6f4f0
classic	shared-item-noun	0xa7fc90	0xa83931	jmp	0xa850db
classic	shared-item-noun	0xa7fc90	0xa83940	call	0x6f4f0
classic	shared-item-noun	0xa7fc90	0xa83945	jmp	0xa850db
classic	shared-item-noun	0xa7fc90	0xa83954	call	0x6f4f0
classic	shared-item-noun	0xa7fc90	0xa83959	jmp	0xa850db
classic	shared-item-noun	0xa7fc90	0xa83968	call	0x6f4f0
classic	shared-item-noun	0xa7fc90	0xa8396d	jmp	0xa850db
classic	shared-item-noun	0xa7fc90	0xa8397c	call	0x6f4f0
classic	shared-item-noun	0xa7fc90	0xa83981	jmp	0xa850db
classic	shared-item-noun	0xa7fc90	0xa83990	call	0x6f4f0
classic	shared-item-noun	0xa7fc90	0xa83995	jmp	0xa850db
classic	shared-item-noun	0xa7fc90	0xa839a4	call	0x6f4f0
classic	shared-item-noun	0xa7fc90	0xa839a9	jmp	0xa850db
classic	shared-item-noun	0xa7fc90	0xa839b8	call	0x6f4f0
classic	shared-item-noun	0xa7fc90	0xa839bd	jmp	0xa850db
classic	shared-item-noun	0xa7fc90	0xa839cc	call	0x6f4f0
classic	shared-item-noun	0xa7fc90	0xa839d1	jmp	0xa850db
classic	shared-item-noun	0xa7fc90	0xa839e0	call	0x6f4f0
classic	shared-item-noun	0xa7fc90	0xa839e5	jmp	0xa850db
classic	shared-item-noun	0xa7fc90	0xa839f4	call	0x6f4f0
classic	shared-item-noun	0xa7fc90	0xa839f9	jmp	0xa850db
classic	shared-item-noun	0xa7fc90	0xa83a08	call	0x6f4f0
classic	shared-item-noun	0xa7fc90	0xa83a0d	jmp	0xa850db
classic	shared-item-noun	0xa7fc90	0xa83a1c	call	0x6f4f0
classic	shared-item-noun	0xa7fc90	0xa83a21	jmp	0xa850db
classic	shared-item-noun	0xa7fc90	0xa83a30	call	0x6f4f0
classic	shared-item-noun	0xa7fc90	0xa83a35	jmp	0xa850db
classic	shared-item-noun	0xa7fc90	0xa83a44	call	0x6f4f0
classic	shared-item-noun	0xa7fc90	0xa83a49	jmp	0xa850db
classic	shared-item-noun	0xa7fc90	0xa83a58	call	0x6f4f0
classic	shared-item-noun	0xa7fc90	0xa83a5d	jmp	0xa850db
classic	shared-item-noun	0xa7fc90	0xa83a6c	call	0x6f4f0
classic	shared-item-noun	0xa7fc90	0xa83a71	jmp	0xa850db
classic	shared-item-noun	0xa7fc90	0xa83a7d	jmp	0xa850cd
classic	shared-item-noun	0xa7fc90	0xa83a9e	call	0x6f9a0
classic	shared-item-noun	0xa7fc90	0xa83ab0	jmp	0xa850d3
classic	shared-item-noun	0xa7fc90	0xa83ad1	call	0x6f9a0
classic	shared-item-noun	0xa7fc90	0xa83af2	call	0x6f4f0
classic	shared-item-noun	0xa7fc90	0xa83af7	jmp	0xa85127
classic	shared-item-noun	0xa7fc90	0xa83b03	call	0x6f4f0
classic	shared-item-noun	0xa7fc90	0xa83b08	jmp	0xa850eb
classic	shared-item-noun	0xa7fc90	0xa83b1b	call	0x6f4f0
classic	shared-item-noun	0xa7fc90	0xa83b20	jmp	0xa850db
classic	shared-item-noun	0xa7fc90	0xa83b33	call	0x6f4f0
classic	shared-item-noun	0xa7fc90	0xa83b38	jmp	0xa850db
classic	shared-item-noun	0xa7fc90	0xa83b4b	call	0x6f4f0
classic	shared-item-noun	0xa7fc90	0xa83b50	jmp	0xa850db
classic	shared-item-noun	0xa7fc90	0xa83b63	call	0x6f4f0
classic	shared-item-noun	0xa7fc90	0xa83b68	jmp	0xa850db
classic	shared-item-noun	0xa7fc90	0xa83b7b	call	0x6f4f0
classic	shared-item-noun	0xa7fc90	0xa83b80	jmp	0xa850db
classic	shared-item-noun	0xa7fc90	0xa83b93	call	0x6f4f0
classic	shared-item-noun	0xa7fc90	0xa83b98	jmp	0xa850db
classic	shared-item-noun	0xa7fc90	0xa83bad	call	0x6f4f0
classic	shared-item-noun	0xa7fc90	0xa83bb2	jmp	0xa850db
classic	shared-item-noun	0xa7fc90	0xa83bc7	call	0x6f4f0
classic	shared-item-noun	0xa7fc90	0xa83bcc	jmp	0xa850db
classic	shared-item-noun	0xa7fc90	0xa83be1	call	0x6f4f0
classic	shared-item-noun	0xa7fc90	0xa83be6	jmp	0xa850db
classic	shared-item-noun	0xa7fc90	0xa83bfb	call	0x6f4f0
classic	shared-item-noun	0xa7fc90	0xa83c00	jmp	0xa850db
classic	shared-item-noun	0xa7fc90	0xa83c1c	call	0x6f4f0
classic	shared-item-noun	0xa7fc90	0xa83c21	jmp	0xa850db
classic	shared-item-noun	0xa7fc90	0xa83c45	call	0x6f9a0
classic	shared-item-noun	0xa7fc90	0xa83cb6	call	0x6f860
classic	shared-item-noun	0xa7fc90	0xa83cd3	call	0x6f9a0
classic	shared-item-noun	0xa7fc90	0xa83cdd	call	0xb9b10
classic	shared-item-noun	0xa7fc90	0xa83d22	jmp	0xa83d2c
classic	shared-item-noun	0xa7fc90	0xa83d2c	call	0x144e30
classic	shared-item-noun	0xa7fc90	0xa83d46	call	0x6f9a0
classic	shared-item-noun	0xa7fc90	0xa83d7e	call	QWORD PTR [rip+0xb5cd1c]        # 0x1415e0aa0
classic	shared-item-noun	0xa7fc90	0xa83d85	call	0x15345f0
classic	shared-item-noun	0xa7fc90	0xa83d9a	jmp	0xa850eb
classic	shared-item-noun	0xa7fc90	0xa83dac	call	0x6f9a0
classic	shared-item-noun	0xa7fc90	0xa83db1	jmp	0xa850eb
classic	shared-item-noun	0xa7fc90	0xa83dda	call	0xa61de0
classic	shared-item-noun	0xa7fc90	0xa83de7	call	0xb9ca0
classic	shared-item-noun	0xa7fc90	0xa83dec	jmp	0xa850eb
classic	shared-item-noun	0xa7fc90	0xa83e0b	call	0x6f4f0
classic	shared-item-noun	0xa7fc90	0xa83e10	jmp	0xa850eb
classic	shared-item-noun	0xa7fc90	0xa83e37	call	0x14cc890
classic	shared-item-noun	0xa7fc90	0xa83e54	call	0x6f9a0
classic	shared-item-noun	0xa7fc90	0xa83e5b	jmp	0xa850e3
classic	shared-item-noun	0xa7fc90	0xa83e7c	call	0x6f9a0
classic	shared-item-noun	0xa7fc90	0xa83eb6	call	0xa61e30
classic	shared-item-noun	0xa7fc90	0xa83ec3	call	0xb9ca0
classic	shared-item-noun	0xa7fc90	0xa83ec8	jmp	0xa850eb
classic	shared-item-noun	0xa7fc90	0xa83eed	call	0x6f4f0
classic	shared-item-noun	0xa7fc90	0xa83ef2	jmp	0xa850eb
classic	shared-item-noun	0xa7fc90	0xa83efe	call	0x6f4f0
classic	shared-item-noun	0xa7fc90	0xa83f03	jmp	0xa85127
classic	shared-item-noun	0xa7fc90	0xa83f13	jmp	0xa81e91
classic	shared-item-noun	0xa7fc90	0xa83f34	call	0x6f9a0
classic	shared-item-noun	0xa7fc90	0xa83f60	call	0x144d20
classic	shared-item-noun	0xa7fc90	0xa83f6d	call	0xb9ca0
classic	shared-item-noun	0xa7fc90	0xa83f72	jmp	0xa850eb
classic	shared-item-noun	0xa7fc90	0xa83f87	call	0x6f9a0
classic	shared-item-noun	0xa7fc90	0xa83fa0	call	0x6f4f0
classic	shared-item-noun	0xa7fc90	0xa83fa5	jmp	0xa850eb
classic	shared-item-noun	0xa7fc90	0xa83fc6	call	0x6f9a0
classic	shared-item-noun	0xa7fc90	0xa83fde	call	0x6f9a0
classic	shared-item-noun	0xa7fc90	0xa8407c	call	0x6f860
classic	shared-item-noun	0xa7fc90	0xa84089	jmp	0xa840d4
classic	shared-item-noun	0xa7fc90	0xa840cf	call	0x6f860
classic	shared-item-noun	0xa7fc90	0xa840ec	call	0x6f9a0
classic	shared-item-noun	0xa7fc90	0xa84141	jmp	0xa84145
classic	shared-item-noun	0xa7fc90	0xa8415f	call	0x6f4f0
classic	shared-item-noun	0xa7fc90	0xa84166	jmp	0xa850e3
classic	shared-item-noun	0xa7fc90	0xa84175	call	0x6f4f0
classic	shared-item-noun	0xa7fc90	0xa8417c	jmp	0xa850e3
classic	shared-item-noun	0xa7fc90	0xa8418e	call	0x6f9a0
classic	shared-item-noun	0xa7fc90	0xa84193	jmp	0xa850eb
classic	shared-item-noun	0xa7fc90	0xa841b4	call	0x6f9a0
classic	shared-item-noun	0xa7fc90	0xa84256	call	0x6f860
classic	shared-item-noun	0xa7fc90	0xa84263	jmp	0xa842ae
classic	shared-item-noun	0xa7fc90	0xa842a9	call	0x6f860
classic	shared-item-noun	0xa7fc90	0xa842c6	call	0x6f9a0
classic	shared-item-noun	0xa7fc90	0xa842db	call	0x6f9a0
classic	shared-item-noun	0xa7fc90	0xa842f0	call	0x6f9a0
classic	shared-item-noun	0xa7fc90	0xa842f5	jmp	0xa850eb
classic	shared-item-noun	0xa7fc90	0xa84316	call	0x6f9a0
classic	shared-item-noun	0xa7fc90	0xa843b4	call	0x6f860
classic	shared-item-noun	0xa7fc90	0xa843dc	call	0x256720
classic	shared-item-noun	0xa7fc90	0xa843e9	call	0xb9ca0
classic	shared-item-noun	0xa7fc90	0xa843fc	call	0xf2610
classic	shared-item-noun	0xa7fc90	0xa84406	jmp	0xa8414a
classic	shared-item-noun	0xa7fc90	0xa84415	call	0x6f4f0
classic	shared-item-noun	0xa7fc90	0xa8441a	jmp	0xa850eb
classic	shared-item-noun	0xa7fc90	0xa8442f	call	0x6f4f0
classic	shared-item-noun	0xa7fc90	0xa8444a	call	0xaa0c50
classic	shared-item-noun	0xa7fc90	0xa84457	call	0xb9ca0
classic	shared-item-noun	0xa7fc90	0xa8445c	jmp	0xa850eb
classic	shared-item-noun	0xa7fc90	0xa84468	call	0x6f4f0
classic	shared-item-noun	0xa7fc90	0xa8446d	jmp	0xa850db
classic	shared-item-noun	0xa7fc90	0xa84482	jmp	0xa8442f
classic	shared-item-noun	0xa7fc90	0xa8448b	call	0x6f4f0
classic	shared-item-noun	0xa7fc90	0xa84490	jmp	0xa850db
classic	shared-item-noun	0xa7fc90	0xa844a2	jmp	0xa850d3
classic	shared-item-noun	0xa7fc90	0xa844bf	call	0x6f4f0
classic	shared-item-noun	0xa7fc90	0xa844d4	call	0x6f4f0
classic	shared-item-noun	0xa7fc90	0xa844f9	call	0x14a8ce0
classic	shared-item-noun	0xa7fc90	0xa8451e	call	0xb9ca0
classic	shared-item-noun	0xa7fc90	0xa84528	call	0xb9b10
classic	shared-item-noun	0xa7fc90	0xa84533	call	0x6ff7d0
classic	shared-item-noun	0xa7fc90	0xa8454e	call	0xaa0c50
classic	shared-item-noun	0xa7fc90	0xa8455b	call	0xb9ca0
classic	shared-item-noun	0xa7fc90	0xa84565	call	0xb9b10
classic	shared-item-noun	0xa7fc90	0xa8457e	call	0xb9ca0
classic	shared-item-noun	0xa7fc90	0xa84593	call	0x6f4f0
classic	shared-item-noun	0xa7fc90	0xa84598	jmp	0xa850f1
classic	shared-item-noun	0xa7fc90	0xa845a4	call	0x6f4f0
classic	shared-item-noun	0xa7fc90	0xa845a9	jmp	0xa85127
classic	shared-item-noun	0xa7fc90	0xa845bb	call	0xb9ca0
classic	shared-item-noun	0xa7fc90	0xa845c0	jmp	0xa85127
classic	shared-item-noun	0xa7fc90	0xa845cc	call	0xb9ca0
classic	shared-item-noun	0xa7fc90	0xa845d1	jmp	0xa850eb
classic	shared-item-noun	0xa7fc90	0xa845e0	call	0x6f4f0
classic	shared-item-noun	0xa7fc90	0xa845e5	jmp	0xa850eb
classic	shared-item-noun	0xa7fc90	0xa845fa	call	0x6f9a0
classic	shared-item-noun	0xa7fc90	0xa845ff	jmp	0xa850eb
classic	shared-item-noun	0xa7fc90	0xa84666	call	0x14cc890
classic	shared-item-noun	0xa7fc90	0xa84673	call	0xb9ca0
classic	shared-item-noun	0xa7fc90	0xa8467d	call	0xb9b10
classic	shared-item-noun	0xa7fc90	0xa8468c	call	0x6f4f0
classic	shared-item-noun	0xa7fc90	0xa84691	jmp	0xa850db
classic	shared-item-noun	0xa7fc90	0xa846b6	call	0xb9ca0
classic	shared-item-noun	0xa7fc90	0xa846c5	call	0x6f4f0
classic	shared-item-noun	0xa7fc90	0xa846ff	call	0x14cc890
classic	shared-item-noun	0xa7fc90	0xa8470c	call	0xb9ca0
classic	shared-item-noun	0xa7fc90	0xa84716	call	0xb9b10
classic	shared-item-noun	0xa7fc90	0xa84733	call	0xb9ca0
classic	shared-item-noun	0xa7fc90	0xa84738	jmp	0xa850eb
classic	shared-item-noun	0xa7fc90	0xa84749	call	0xb9ca0
classic	shared-item-noun	0xa7fc90	0xa84753	call	0xb9b10
classic	shared-item-noun	0xa7fc90	0xa847c5	call	0x14cc890
classic	shared-item-noun	0xa7fc90	0xa847d2	call	0xb9ca0
classic	shared-item-noun	0xa7fc90	0xa847dc	call	0xb9b10
classic	shared-item-noun	0xa7fc90	0xa847f1	call	0x6f4f0
classic	shared-item-noun	0xa7fc90	0xa84800	call	0x6f4f0
classic	shared-item-noun	0xa7fc90	0xa84805	jmp	0xa850eb
classic	shared-item-noun	0xa7fc90	0xa84834	call	0xb9ca0
classic	shared-item-noun	0xa7fc90	0xa8483e	call	0xb9b10
classic	shared-item-noun	0xa7fc90	0xa84857	call	0xb9ca0
classic	shared-item-noun	0xa7fc90	0xa84866	call	0x6f4f0
classic	shared-item-noun	0xa7fc90	0xa8488c	jmp	0xa848bb
classic	shared-item-noun	0xa7fc90	0xa848b1	call	0x14cc890
classic	shared-item-noun	0xa7fc90	0xa848be	call	0xb9ca0
classic	shared-item-noun	0xa7fc90	0xa848c8	call	0xb9b10
classic	shared-item-noun	0xa7fc90	0xa848e0	call	0x1456e50
classic	shared-item-noun	0xa7fc90	0xa848f9	call	0x71f20
classic	shared-item-noun	0xa7fc90	0xa84910	call	0x6f4f0
classic	shared-item-noun	0xa7fc90	0xa84915	jmp	0xa8471b
classic	shared-item-noun	0xa7fc90	0xa84926	call	0xb9ca0
classic	shared-item-noun	0xa7fc90	0xa84930	call	0xb9b10
classic	shared-item-noun	0xa7fc90	0xa849ad	call	0x14cc890
classic	shared-item-noun	0xa7fc90	0xa849ca	call	0x6f9a0
classic	shared-item-noun	0xa7fc90	0xa849d4	call	0xb9b10
classic	shared-item-noun	0xa7fc90	0xa849e9	call	0x72670
classic	shared-item-noun	0xa7fc90	0xa849f9	call	QWORD PTR [rdx+0x208]
classic	shared-item-noun	0xa7fc90	0xa84a0c	call	0x71f20
classic	shared-item-noun	0xa7fc90	0xa84a1f	call	0x6f4f0
classic	shared-item-noun	0xa7fc90	0xa84a2c	call	0x71f20
classic	shared-item-noun	0xa7fc90	0xa84a3f	call	0x6f4f0
classic	shared-item-noun	0xa7fc90	0xa84a60	call	0x1456e50
classic	shared-item-noun	0xa7fc90	0xa84a75	call	0x71f20
classic	shared-item-noun	0xa7fc90	0xa84a88	call	0x6f4f0
classic	shared-item-noun	0xa7fc90	0xa84aa5	call	0xb9ca0
classic	shared-item-noun	0xa7fc90	0xa84aaa	jmp	0xa850eb
classic	shared-item-noun	0xa7fc90	0xa84ada	call	0xb9ca0
classic	shared-item-noun	0xa7fc90	0xa84ae9	call	0x6f4f0
classic	shared-item-noun	0xa7fc90	0xa84aee	jmp	0xa8497a
classic	shared-item-noun	0xa7fc90	0xa84afd	call	0x6f4f0
classic	shared-item-noun	0xa7fc90	0xa84b02	jmp	0xa850eb
classic	shared-item-noun	0xa7fc90	0xa84b37	jmp	0xa84b49
classic	shared-item-noun	0xa7fc90	0xa84b7b	call	0x14cc890
classic	shared-item-noun	0xa7fc90	0xa84b88	call	0xb9ca0
classic	shared-item-noun	0xa7fc90	0xa84b92	call	0xb9b10
classic	shared-item-noun	0xa7fc90	0xa84ba1	call	0x6f4f0
classic	shared-item-noun	0xa7fc90	0xa84bb1	call	0xb9b10
classic	shared-item-noun	0xa7fc90	0xa84bc0	call	0x6f4f0
classic	shared-item-noun	0xa7fc90	0xa84bc5	jmp	0xa850e1
classic	shared-item-noun	0xa7fc90	0xa84bd1	call	0x6f4f0
classic	shared-item-noun	0xa7fc90	0xa84bd6	jmp	0xa85127
classic	shared-item-noun	0xa7fc90	0xa84be7	call	0xb9ca0
classic	shared-item-noun	0xa7fc90	0xa84bf1	call	0xb9b10
classic	shared-item-noun	0xa7fc90	0xa84c6d	call	0x14cc890
classic	shared-item-noun	0xa7fc90	0xa84c8a	call	0x6f9a0
classic	shared-item-noun	0xa7fc90	0xa84c94	call	0xb9b10
classic	shared-item-noun	0xa7fc90	0xa84caf	call	0x14a8ce0
classic	shared-item-noun	0xa7fc90	0xa84cd5	jmp	0xa84d1d
classic	shared-item-noun	0xa7fc90	0xa84d02	call	0xb9ca0
classic	shared-item-noun	0xa7fc90	0xa84d11	call	0x6f4f0
classic	shared-item-noun	0xa7fc90	0xa84d16	jmp	0xa84c3a
classic	shared-item-noun	0xa7fc90	0xa84d2c	jmp	0xa848f4
classic	shared-item-noun	0xa7fc90	0xa84d41	call	0x6f9a0
classic	shared-item-noun	0xa7fc90	0xa84d46	jmp	0xa850eb
classic	shared-item-noun	0xa7fc90	0xa84d64	call	0x6f9a0
classic	shared-item-noun	0xa7fc90	0xa84d6e	call	0xb9b10
classic	shared-item-noun	0xa7fc90	0xa84ded	call	0x14cc890
classic	shared-item-noun	0xa7fc90	0xa84e0a	call	0x6f9a0
classic	shared-item-noun	0xa7fc90	0xa84e14	call	0xb9b10
classic	shared-item-noun	0xa7fc90	0xa84e32	call	0x6f9a0
classic	shared-item-noun	0xa7fc90	0xa84e37	jmp	0xa850eb
classic	shared-item-noun	0xa7fc90	0xa84e67	call	0xb9ca0
classic	shared-item-noun	0xa7fc90	0xa84e76	call	0x6f4f0
classic	shared-item-noun	0xa7fc90	0xa84e7b	jmp	0xa84dba
classic	shared-item-noun	0xa7fc90	0xa84ec2	call	0xb9ca0
classic	shared-item-noun	0xa7fc90	0xa84ecc	call	0xb9b10
classic	shared-item-noun	0xa7fc90	0xa84f06	call	0x14cc890
classic	shared-item-noun	0xa7fc90	0xa84f13	call	0xb9ca0
classic	shared-item-noun	0xa7fc90	0xa84f1d	call	0xb9b10
classic	shared-item-noun	0xa7fc90	0xa84f32	call	0x6f9a0
classic	shared-item-noun	0xa7fc90	0xa84f37	jmp	0xa850eb
classic	shared-item-noun	0xa7fc90	0xa84f65	call	0xb9ca0
classic	shared-item-noun	0xa7fc90	0xa84f6f	call	0xb9b10
classic	shared-item-noun	0xa7fc90	0xa84f84	call	0xb9ca0
classic	shared-item-noun	0xa7fc90	0xa84f8e	call	0xb9b10
classic	shared-item-noun	0xa7fc90	0xa84fa7	call	0xb9ca0
classic	shared-item-noun	0xa7fc90	0xa84fb6	call	0x6f4f0
classic	shared-item-noun	0xa7fc90	0xa84fdc	jmp	0xa8500b
classic	shared-item-noun	0xa7fc90	0xa85001	call	0x14cc890
classic	shared-item-noun	0xa7fc90	0xa8500e	call	0xb9ca0
classic	shared-item-noun	0xa7fc90	0xa85018	call	0xb9b10
classic	shared-item-noun	0xa7fc90	0xa8502a	call	0x14a8ce0
classic	shared-item-noun	0xa7fc90	0xa85050	jmp	0xa85054
classic	shared-item-noun	0xa7fc90	0xa85063	jmp	0xa848f4
classic	shared-item-noun	0xa7fc90	0xa8509a	call	0x14cc890
classic	shared-item-noun	0xa7fc90	0xa850b7	call	0x6f9a0
classic	shared-item-noun	0xa7fc90	0xa850c1	call	0xb9b10
classic	shared-item-noun	0xa7fc90	0xa850d6	call	0x6f9a0
classic	shared-item-noun	0xa7fc90	0xa850e6	call	0xb9b10
classic	shared-item-noun	0xa7fc90	0xa85101	call	0x6f9a0
classic	shared-item-noun	0xa7fc90	0xa8510c	call	0x529cf0
classic	shared-item-noun	0xa7fc90	0xa85121	call	0x6f9a0
classic	shared-item-noun	0xa7fc90	0xa8512c	call	0x6f7e0
classic	shared-item-noun	0xa7fc90	0xa85136	call	0x6f7e0
classic	shared-item-noun	0xa7fc90	0xa85145	call	0x15345d0
classic	item_toolst-title-with-article;item_weaponst-title-with-article;item_instrumentst-title-with-article	0xc62420	0xc62444	jmp	0x6f9a0
classic	item_toolst-title-with-article;item_weaponst-title-with-article;item_instrumentst-title-with-article	0xc62420	0xc6245a	call	QWORD PTR [rax+0x478]
classic	item_toolst-title-with-article;item_weaponst-title-with-article;item_instrumentst-title-with-article	0xc62420	0xc6247a	jmp	0x6f9a0
classic	complete-item-designation	0xc62490	0xc624dd	call	QWORD PTR [rax+0x10]
classic	complete-item-designation	0xc62490	0xc624e9	jmp	0xc624d2
classic	complete-item-designation	0xc62490	0xc624f1	call	QWORD PTR [rax+0x40]
classic	complete-item-designation	0xc62490	0xc62522	jmp	0xa910b0
classic	complete-item-designation	0xc62490	0xc6253a	call	QWORD PTR [rax]
classic	complete-item-designation	0xc62490	0xc62553	jmp	0xc62713
classic	complete-item-designation	0xc62490	0xc6255f	call	QWORD PTR [rax]
classic	complete-item-designation	0xc62490	0xc6258f	call	QWORD PTR [rax+0x28]
classic	complete-item-designation	0xc62490	0xc6262a	jmp	0xc62643
classic	complete-item-designation	0xc62490	0xc62649	call	QWORD PTR [rax+0x28]
classic	complete-item-designation	0xc62490	0xc626ee	jmp	0xc62580
classic	complete-item-designation	0xc62490	0xc6270a	jmp	0xc62580
classic	complete-item-designation	0xc62490	0xc62729	call	0x6f860
classic	complete-item-designation	0xc62490	0xc6274a	jmp	0x6f9a0
classic	complete-item-designation	0xc62490	0xc62767	call	QWORD PTR [rax+0x508]
classic	complete-item-designation	0xc62490	0xc62778	call	QWORD PTR [rdx+0x518]
classic	complete-item-designation	0xc62490	0xc62789	call	QWORD PTR [rdx+0x5d8]
classic	complete-item-designation	0xc62490	0xc627a9	call	QWORD PTR [rax+0x5f0]
classic	complete-item-designation	0xc62490	0xc627db	call	QWORD PTR [rax+0x10]
classic	complete-item-designation	0xc62490	0xc627e7	jmp	0xc627d0
classic	complete-item-designation	0xc62490	0xc627ee	call	0xb9b10
classic	complete-item-designation	0xc62490	0xc62806	call	0xb9b10
classic	complete-item-designation	0xc62490	0xc62812	call	QWORD PTR [rax+0x1d8]
classic	complete-item-designation	0xc62490	0xc62841	call	0x6f9a0
classic	complete-item-designation	0xc62490	0xc6285a	jmp	0xc6289a
classic	complete-item-designation	0xc62490	0xc6287a	jmp	0xc6289a
classic	complete-item-designation	0xc62490	0xc628a1	call	0x6f9a0
classic	complete-item-designation	0xc62490	0xc628d5	call	0x6f9a0
classic	complete-item-designation	0xc62490	0xc62901	call	0x6f9a0
classic	complete-item-designation	0xc62490	0xc6290d	call	QWORD PTR [rax+0x5d8]
classic	complete-item-designation	0xc62490	0xc6295a	jmp	0xc629da
classic	complete-item-designation	0xc62490	0xc6297a	jmp	0xc629da
classic	complete-item-designation	0xc62490	0xc6299a	jmp	0xc629da
classic	complete-item-designation	0xc62490	0xc629ba	jmp	0xc629da
classic	complete-item-designation	0xc62490	0xc629e1	call	0x6f9a0
classic	complete-item-designation	0xc62490	0xc62a02	call	0x6f9a0
classic	complete-item-designation	0xc62490	0xc62a0e	call	QWORD PTR [rax+0x5e0]
classic	complete-item-designation	0xc62490	0xc62a35	call	0x6f9a0
classic	complete-item-designation	0xc62490	0xc62a61	call	0x6f9a0
classic	complete-item-designation	0xc62490	0xc62a74	call	QWORD PTR [rax+0x5e8]
classic	complete-item-designation	0xc62490	0xc62a85	call	QWORD PTR [rax+0x1d8]
classic	complete-item-designation	0xc62490	0xc62a8e	jmp	0xc62c2a
classic	complete-item-designation	0xc62490	0xc62ab6	call	0x6f9a0
classic	complete-item-designation	0xc62490	0xc62ac9	call	QWORD PTR [rax+0x5e8]
classic	complete-item-designation	0xc62490	0xc62ada	call	QWORD PTR [rax+0x1d8]
classic	complete-item-designation	0xc62490	0xc62ae3	jmp	0xc62c48
classic	complete-item-designation	0xc62490	0xc62b11	call	0x6f9a0
classic	complete-item-designation	0xc62490	0xc62b24	call	QWORD PTR [rax+0x5e8]
classic	complete-item-designation	0xc62490	0xc62b35	call	QWORD PTR [rax+0x1d8]
classic	complete-item-designation	0xc62490	0xc62b3e	jmp	0xc62c66
classic	complete-item-designation	0xc62490	0xc62b66	call	0x6f9a0
classic	complete-item-designation	0xc62490	0xc62b79	call	QWORD PTR [rax+0x5e8]
classic	complete-item-designation	0xc62490	0xc62b8a	call	QWORD PTR [rax+0x1d8]
classic	complete-item-designation	0xc62490	0xc62b93	jmp	0xc62c84
classic	complete-item-designation	0xc62490	0xc62bc1	call	0x6f9a0
classic	complete-item-designation	0xc62490	0xc62bd4	call	QWORD PTR [rax+0x5e8]
classic	complete-item-designation	0xc62490	0xc62be5	call	QWORD PTR [rax+0x1d8]
classic	complete-item-designation	0xc62490	0xc62bee	jmp	0xc62ca3
classic	complete-item-designation	0xc62490	0xc62c01	call	QWORD PTR [rax+0x5e8]
classic	complete-item-designation	0xc62490	0xc62c16	call	QWORD PTR [rax+0x1d8]
classic	complete-item-designation	0xc62490	0xc62c3f	jmp	0xc62cba
classic	complete-item-designation	0xc62490	0xc62c5d	jmp	0xc62cba
classic	complete-item-designation	0xc62490	0xc62c7b	jmp	0xc62cba
classic	complete-item-designation	0xc62490	0xc62c9a	jmp	0xc62cba
classic	complete-item-designation	0xc62490	0xc62cc1	call	0x6f9a0
classic	complete-item-designation	0xc62490	0xc62ccd	call	QWORD PTR [rax+0x5e0]
classic	complete-item-designation	0xc62490	0xc62cf4	call	0x6f9a0
classic	complete-item-designation	0xc62490	0xc62d00	call	QWORD PTR [rax+0x5d8]
classic	complete-item-designation	0xc62490	0xc62d31	call	0x6f9a0
classic	complete-item-designation	0xc62490	0xc62d6f	jmp	0xc62dea
classic	complete-item-designation	0xc62490	0xc62d8d	jmp	0xc62dea
classic	complete-item-designation	0xc62490	0xc62dab	jmp	0xc62dea
classic	complete-item-designation	0xc62490	0xc62dca	jmp	0xc62dea
classic	complete-item-designation	0xc62490	0xc62df1	call	0x6f9a0
classic	complete-item-designation	0xc62490	0xc62e25	call	0x6f9a0
classic	complete-item-designation	0xc62490	0xc62e51	call	0x6f9a0
classic	complete-item-designation	0xc62490	0xc62e81	call	0x6f9a0
classic	complete-item-designation	0xc62490	0xc62e99	jmp	0xc62ed9
classic	complete-item-designation	0xc62490	0xc62eb9	jmp	0xc62ed9
classic	complete-item-designation	0xc62490	0xc62ee3	call	0x6f9a0
classic	complete-item-designation	0xc62490	0xc62ef7	call	0xb9b10
classic	complete-item-designation	0xc62490	0xc62f1b	call	QWORD PTR [rax+0x10]
classic	complete-item-designation	0xc62490	0xc62f27	jmp	0xc62f10
classic	complete-item-designation	0xc62490	0xc62f2e	call	0xb9b10
classic	item_toolst-title	0xca0a30	0xca0a74	call	QWORD PTR [rax+0x90]
classic	item_toolst-title	0xca0a30	0xca0a85	call	0xc8ead0
classic	item_toolst-title	0xca0a30	0xca0ab8	call	0x6f9a0
classic	item_toolst-title	0xca0a30	0xca0abd	jmp	0xca0d27
classic	item_toolst-title	0xca0a30	0xca0ade	call	0x6f9a0
classic	item_toolst-title	0xca0a30	0xca0ae3	jmp	0xca0d27
classic	item_toolst-title	0xca0a30	0xca0b04	call	0x6f9a0
classic	item_toolst-title	0xca0a30	0xca0b09	jmp	0xca0d27
classic	item_toolst-title	0xca0a30	0xca0b2a	call	0x6f9a0
classic	item_toolst-title	0xca0a30	0xca0b2f	jmp	0xca0d27
classic	item_toolst-title	0xca0a30	0xca0b50	call	0x6f9a0
classic	item_toolst-title	0xca0a30	0xca0b55	jmp	0xca0d27
classic	item_toolst-title	0xca0a30	0xca0b76	call	0x6f9a0
classic	item_toolst-title	0xca0a30	0xca0b7b	jmp	0xca0d27
classic	item_toolst-title	0xca0a30	0xca0b9c	call	0x6f9a0
classic	item_toolst-title	0xca0a30	0xca0ba1	jmp	0xca0d27
classic	item_toolst-title	0xca0a30	0xca0bc2	call	0x6f9a0
classic	item_toolst-title	0xca0a30	0xca0bc7	jmp	0xca0d27
classic	item_toolst-title	0xca0a30	0xca0be8	call	0x6f9a0
classic	item_toolst-title	0xca0a30	0xca0bed	jmp	0xca0d27
classic	item_toolst-title	0xca0a30	0xca0c0e	call	0x6f9a0
classic	item_toolst-title	0xca0a30	0xca0c13	jmp	0xca0d27
classic	item_toolst-title	0xca0a30	0xca0c34	call	0x6f9a0
classic	item_toolst-title	0xca0a30	0xca0c39	jmp	0xca0d27
classic	item_toolst-title	0xca0a30	0xca0c5a	call	0x6f9a0
classic	item_toolst-title	0xca0a30	0xca0c5f	jmp	0xca0d27
classic	item_toolst-title	0xca0a30	0xca0c7b	call	QWORD PTR [rax+0x10]
classic	item_toolst-title	0xca0a30	0xca0c87	jmp	0xca0c70
classic	item_toolst-title	0xca0a30	0xca0c8f	call	QWORD PTR [rax+0x18]
classic	item_toolst-title	0xca0a30	0xca0c95	jmp	0xca0c9a
classic	item_toolst-title	0xca0a30	0xca0cad	call	QWORD PTR [rax+0x10]
classic	item_toolst-title	0xca0a30	0xca0cb9	jmp	0xca0ca2
classic	item_toolst-title	0xca0a30	0xca0cc1	call	QWORD PTR [rax+0x18]
classic	item_toolst-title	0xca0a30	0xca0cc4	jmp	0xca0cc9
classic	item_toolst-title	0xca0a30	0xca0cf8	call	0xc62490
classic	item_toolst-title	0xca0a30	0xca0d12	call	0x6f9a0
classic	item_toolst-title	0xca0a30	0xca0d1c	call	0x6f7e0
classic	item_toolst-title	0xca0a30	0xca0d37	call	0x6f9a0
classic	item_toolst-title	0xca0a30	0xca0d58	call	0x6f9a0
classic	item_toolst-title	0xca0a30	0xca0e09	jmp	0xca0f06
classic	item_toolst-title	0xca0a30	0xca0e5b	call	0x72500
classic	item_toolst-title	0xca0a30	0xca0e68	call	0xc37530
classic	item_toolst-title	0xca0a30	0xca0e6d	jmp	0xca0e73
classic	item_toolst-title	0xca0a30	0xca0e8b	call	0xa91760
classic	item_toolst-title	0xca0a30	0xca0eac	call	0x6f9a0
classic	item_toolst-title	0xca0a30	0xca0ec2	call	0x6f9a0
classic	item_toolst-title	0xca0a30	0xca0efa	call	QWORD PTR [rip+0x93fba0]        # 0x1415e0aa0
classic	item_toolst-title	0xca0a30	0xca0f01	call	0x15345f0
classic	item_toolst-title	0xca0a30	0xca0f14	call	0x14a8ce0
classic	item_toolst-title	0xca0a30	0xca0f44	call	0x6f9a0
classic	item_toolst-title	0xca0a30	0xca0f5a	call	0x6f9a0
classic	item_toolst-title	0xca0a30	0xca0f74	jmp	0xca0f83
classic	item_toolst-title	0xca0a30	0xca0f87	call	0x6f9a0
classic	item_toolst-title	0xca0a30	0xca0f9c	call	0x6f9a0
classic	item_toolst-title	0xca0a30	0xca0fb6	call	0x6f9a0
classic	item_toolst-title	0xca0a30	0xca0fdc	call	0x6f9a0
classic	item_toolst-title	0xca0a30	0xca1000	call	0x6f9a0
classic	item_toolst-title	0xca0a30	0xca1015	call	0x6f9a0
classic	item_toolst-title	0xca0a30	0xca101f	call	0x6f7e0
classic	item_toolst-title	0xca0a30	0xca1024	jmp	0xca13d7
classic	item_toolst-title	0xca0a30	0xca102c	call	0x256540
classic	item_toolst-title	0xca0a30	0xca1066	call	0xc62490
classic	item_toolst-title	0xca0a30	0xca107f	call	0x6f9a0
classic	item_toolst-title	0xca0a30	0xca1094	call	0x6f9a0
classic	item_toolst-title	0xca0a30	0xca10b4	call	0x6f9a0
classic	item_toolst-title	0xca0a30	0xca116a	jmp	0xca1267
classic	item_toolst-title	0xca0a30	0xca11bc	call	0x72500
classic	item_toolst-title	0xca0a30	0xca11c9	call	0xc37530
classic	item_toolst-title	0xca0a30	0xca11ce	jmp	0xca11d4
classic	item_toolst-title	0xca0a30	0xca11ec	call	0xa91760
classic	item_toolst-title	0xca0a30	0xca120d	call	0x6f9a0
classic	item_toolst-title	0xca0a30	0xca1223	call	0x6f9a0
classic	item_toolst-title	0xca0a30	0xca125b	call	QWORD PTR [rip+0x93f83f]        # 0x1415e0aa0
classic	item_toolst-title	0xca0a30	0xca1262	call	0x15345f0
classic	item_toolst-title	0xca0a30	0xca1275	call	0x14a8ce0
classic	item_toolst-title	0xca0a30	0xca12a5	call	0x6f9a0
classic	item_toolst-title	0xca0a30	0xca12bb	call	0x6f9a0
classic	item_toolst-title	0xca0a30	0xca12d5	jmp	0xca12e3
classic	item_toolst-title	0xca0a30	0xca12ea	call	0x6f9a0
classic	item_toolst-title	0xca0a30	0xca12ff	call	0x6f9a0
classic	item_toolst-title	0xca0a30	0xca1319	call	0x6f9a0
classic	item_toolst-title	0xca0a30	0xca133f	call	0x6f9a0
classic	item_toolst-title	0xca0a30	0xca1363	call	0x6f9a0
classic	item_toolst-title	0xca0a30	0xca1378	call	0x6f9a0
classic	item_toolst-title	0xca0a30	0xca13b0	call	QWORD PTR [rip+0x93f6ea]        # 0x1415e0aa0
classic	item_toolst-title	0xca0a30	0xca13b7	call	0x15345f0
classic	item_toolst-title	0xca0a30	0xca13c1	call	0x6f7e0
classic	item_toolst-title	0xca0a30	0xca13c6	jmp	0xca13d7
classic	item_toolst-title	0xca0a30	0xca13d2	call	0xca2bf0
classic	item_toolst-title	0xca0a30	0xca13de	call	0xca8fc0
classic	item_toolst-title	0xca0a30	0xca13fb	call	0x6f9a0
classic	item_toolst-title	0xca0a30	0xca1409	call	0x529cf0
classic	item_toolst-title	0xca0a30	0xca141e	call	0x6f9a0
classic	item_toolst-title	0xca0a30	0xca1423	jmp	0xca142a
classic	item_toolst-title	0xca0a30	0xca1425	call	0xca2bf0
classic	item_toolst-title	0xca0a30	0xca1431	call	0x15345d0
classic	item_weaponst-title;item_instrumentst-title	0xca2bf0	0xca2c23	call	QWORD PTR [rax+0x10]
classic	item_weaponst-title;item_instrumentst-title	0xca2bf0	0xca2c2f	jmp	0xca2c18
classic	item_weaponst-title;item_instrumentst-title	0xca2bf0	0xca2c37	call	QWORD PTR [rax+0x40]
classic	item_weaponst-title;item_instrumentst-title	0xca2bf0	0xca2c3d	jmp	0xca2c41
classic	item_weaponst-title;item_instrumentst-title	0xca2bf0	0xca2c53	call	QWORD PTR [rax+0x590]
classic	item_weaponst-title;item_instrumentst-title	0xca2bf0	0xca2c71	call	QWORD PTR [rdx+0x18]
classic	item_weaponst-title;item_instrumentst-title	0xca2bf0	0xca2c7d	call	QWORD PTR [rdx+0x10]
classic	item_weaponst-title;item_instrumentst-title	0xca2bf0	0xca2c8a	call	QWORD PTR [rdx+0x8]
classic	item_weaponst-title;item_instrumentst-title	0xca2bf0	0xca2c97	call	QWORD PTR [rdx]
classic	item_weaponst-title;item_instrumentst-title	0xca2bf0	0xca2c9f	jmp	0xca2d32
classic	item_weaponst-title;item_instrumentst-title	0xca2bf0	0xca2cab	call	rdx
classic	item_weaponst-title;item_instrumentst-title	0xca2bf0	0xca2ccb	call	QWORD PTR [rax+0x18]
classic	item_weaponst-title;item_instrumentst-title	0xca2bf0	0xca2cd7	call	QWORD PTR [rax+0x10]
classic	item_weaponst-title;item_instrumentst-title	0xca2bf0	0xca2ce4	call	QWORD PTR [rax+0x8]
classic	item_weaponst-title;item_instrumentst-title	0xca2bf0	0xca2cf1	call	QWORD PTR [rax]
classic	item_weaponst-title;item_instrumentst-title	0xca2bf0	0xca2cf9	jmp	0xca2d32
classic	item_weaponst-title;item_instrumentst-title	0xca2bf0	0xca2cfb	call	QWORD PTR [rax+0x478]
classic	item_weaponst-title;item_instrumentst-title	0xca2bf0	0xca2d0a	call	QWORD PTR [rdx+0x18]
classic	item_weaponst-title;item_instrumentst-title	0xca2bf0	0xca2d16	call	QWORD PTR [rdx+0x10]
classic	item_weaponst-title;item_instrumentst-title	0xca2bf0	0xca2d23	call	QWORD PTR [rdx+0x8]
classic	item_weaponst-title;item_instrumentst-title	0xca2bf0	0xca2d30	call	QWORD PTR [rdx]
classic	item_weaponst-title;item_instrumentst-title	0xca2bf0	0xca2d85	call	0xa7fc90
classic	instrument-raw-writer	0xeb9810	0xeb982d	call	0x1535d30
classic	instrument-raw-writer	0xeb9810	0xeb9894	call	0x65a90
classic	instrument-raw-writer	0xeb9810	0xeb989e	call	0x65a90
classic	instrument-raw-writer	0xeb9810	0xeb98ab	call	0x65a90
classic	instrument-raw-writer	0xeb9810	0xeb98b6	call	0x65a90
classic	instrument-raw-writer	0xeb9810	0xeb98c7	call	0x6f560
classic	instrument-raw-writer	0xeb9810	0xeb98d9	call	0xbb870
classic	instrument-raw-writer	0xeb9810	0xeb98ea	call	0xbb870
classic	instrument-raw-writer	0xeb9810	0xeb9919	call	0x6f620
classic	instrument-raw-writer	0xeb9810	0xeb9932	call	0x6f1b0
classic	instrument-raw-writer	0xeb9810	0xeb993e	call	0x6ede0
classic	instrument-raw-writer	0xeb9810	0xeb9953	call	0x71ec0
classic	instrument-raw-writer	0xeb9810	0xeb995f	call	0x6f1b0
classic	instrument-raw-writer	0xeb9810	0xeb996e	call	0x6f530
classic	instrument-raw-writer	0xeb9810	0xeb997e	call	0x6f1d0
classic	instrument-raw-writer	0xeb9810	0xeb9991	call	0x6f1c0
classic	instrument-raw-writer	0xeb9810	0xeb99a5	call	0x6edb0
classic	instrument-raw-writer	0xeb9810	0xeb99af	call	0x65740
classic	instrument-raw-writer	0xeb9810	0xeb99c4	call	0x6eda0
classic	instrument-raw-writer	0xeb9810	0xeb99d7	call	0x6fdd0
classic	instrument-raw-writer	0xeb9810	0xeb99e8	call	0x6ed90
classic	instrument-raw-writer	0xeb9810	0xeb99fc	call	0x6edb0
classic	instrument-raw-writer	0xeb9810	0xeb9a06	call	0x65740
classic	instrument-raw-writer	0xeb9810	0xeb9a17	call	0x6f1d0
classic	instrument-raw-writer	0xeb9810	0xeb9a27	call	0x6f1c0
classic	instrument-raw-writer	0xeb9810	0xeb9a3b	call	0x6edb0
classic	instrument-raw-writer	0xeb9810	0xeb9a45	call	0x65740
classic	instrument-raw-writer	0xeb9810	0xeb9a54	call	0x6eda0
classic	instrument-raw-writer	0xeb9810	0xeb9a63	call	0x6fdd0
classic	instrument-raw-writer	0xeb9810	0xeb9a70	call	0x6ed90
classic	instrument-raw-writer	0xeb9810	0xeb9a84	call	0x6edb0
classic	instrument-raw-writer	0xeb9810	0xeb9a8e	call	0x65740
classic	instrument-raw-writer	0xeb9810	0xeb9a97	jmp	0xeb9ab2
classic	instrument-raw-writer	0xeb9810	0xeb9aa4	jmp	0xeb9ab2
classic	instrument-raw-writer	0xeb9810	0xeb9aad	call	0x92e410
classic	instrument-raw-writer	0xeb9810	0xeb9abd	call	0xbb700
classic	instrument-raw-writer	0xeb9810	0xeb9ad0	call	0x6f560
classic	instrument-raw-writer	0xeb9810	0xeb9ae4	call	0x6f4f0
classic	instrument-raw-writer	0xeb9810	0xeb9af3	call	0x529cf0
classic	instrument-raw-writer	0xeb9810	0xeb9b06	call	0xbb700
classic	instrument-raw-writer	0xeb9810	0xeb9b10	call	0x71ec0
classic	instrument-raw-writer	0xeb9810	0xeb9b24	call	0x6f620
classic	instrument-raw-writer	0xeb9810	0xeb9b59	call	0x71ec0
classic	instrument-raw-writer	0xeb9810	0xeb9bd0	jmp	0xeb9ce2
classic	instrument-raw-writer	0xeb9810	0xeb9c37	jmp	0xeb9ce5
classic	instrument-raw-writer	0xeb9810	0xeb9c46	call	0x71ec0
classic	instrument-raw-writer	0xeb9810	0xeb9c86	jmp	0xeb9ce9
classic	instrument-raw-writer	0xeb9810	0xeb9c8d	jmp	0xeb9c94
classic	instrument-raw-writer	0xeb9810	0xeb9d40	call	0x6f560
classic	instrument-raw-writer	0xeb9810	0xeb9d54	call	0x6f4f0
classic	instrument-raw-writer	0xeb9810	0xeb9d64	call	0xbb700
classic	instrument-raw-writer	0xeb9810	0xeb9d7e	call	0x6f510
classic	instrument-raw-writer	0xeb9810	0xeb9d91	call	0xb9ca0
classic	instrument-raw-writer	0xeb9810	0xeb9da4	call	0x6f4f0
classic	instrument-raw-writer	0xeb9810	0xeb9db5	call	0xbb700
classic	instrument-raw-writer	0xeb9810	0xeb9dc6	call	0xbb870
classic	instrument-raw-writer	0xeb9810	0xeb9de4	call	0x680e0
classic	instrument-raw-writer	0xeb9810	0xeb9df9	call	0x529cf0
classic	instrument-raw-writer	0xeb9810	0xeb9e0c	call	0x6f4f0
classic	instrument-raw-writer	0xeb9810	0xeb9e1d	call	0xbb700
classic	instrument-raw-writer	0xeb9810	0xeb9e2a	call	0x67dc0
classic	instrument-raw-writer	0xeb9810	0xeb9e48	call	0x680e0
classic	instrument-raw-writer	0xeb9810	0xeb9e5d	call	0x529cf0
classic	instrument-raw-writer	0xeb9810	0xeb9e70	call	0x6f4f0
classic	instrument-raw-writer	0xeb9810	0xeb9e81	call	0xbb700
classic	instrument-raw-writer	0xeb9810	0xeb9e8e	call	0x67dc0
classic	instrument-raw-writer	0xeb9810	0xeb9e9f	call	0xbb870
classic	instrument-raw-writer	0xeb9810	0xeb9eb0	call	0xbb870
classic	instrument-raw-writer	0xeb9810	0xeb9ec3	call	0x6f510
classic	instrument-raw-writer	0xeb9810	0xeb9ed6	call	0xb9ca0
classic	instrument-raw-writer	0xeb9810	0xeb9ee9	call	0x6f4f0
classic	instrument-raw-writer	0xeb9810	0xeb9efc	call	0x6f4f0
classic	instrument-raw-writer	0xeb9810	0xeb9f0f	call	0xb9ca0
classic	instrument-raw-writer	0xeb9810	0xeb9f22	call	0x6f4f0
classic	instrument-raw-writer	0xeb9810	0xeb9f35	call	0x6f4f0
classic	instrument-raw-writer	0xeb9810	0xeb9f46	call	0xbb700
classic	instrument-raw-writer	0xeb9810	0xeb9f57	call	0xbb870
classic	instrument-raw-writer	0xeb9810	0xeb9f6a	call	0xeb4380
classic	instrument-raw-writer	0xeb9810	0xeb9f7b	call	0xbb870
classic	instrument-raw-writer	0xeb9810	0xeb9f8e	call	0x6f510
classic	instrument-raw-writer	0xeb9810	0xeb9f9c	call	0x529cf0
classic	instrument-raw-writer	0xeb9810	0xeb9faf	call	0x6f4f0
classic	instrument-raw-writer	0xeb9810	0xeb9fc0	call	0xbb700
classic	instrument-raw-writer	0xeb9810	0xeb9fd3	call	0x6f510
classic	instrument-raw-writer	0xeb9810	0xeb9fe2	call	0x529cf0
classic	instrument-raw-writer	0xeb9810	0xeb9ff5	call	0x6f4f0
classic	instrument-raw-writer	0xeb9810	0xeba006	call	0xbb700
classic	instrument-raw-writer	0xeb9810	0xeba019	call	0x6f510
classic	instrument-raw-writer	0xeb9810	0xeba02c	call	0xb9ca0
classic	instrument-raw-writer	0xeb9810	0xeba03f	call	0x6f4f0
classic	instrument-raw-writer	0xeb9810	0xeba050	call	0xbb700
classic	instrument-raw-writer	0xeb9810	0xeba063	call	0x6f560
classic	instrument-raw-writer	0xeb9810	0xeba077	call	0x6f4f0
classic	instrument-raw-writer	0xeb9810	0xeba087	call	0xbb700
classic	instrument-raw-writer	0xeb9810	0xeba0a1	call	0x6f510
classic	instrument-raw-writer	0xeb9810	0xeba0b4	call	0xb9ca0
classic	instrument-raw-writer	0xeb9810	0xeba0c7	call	0x6f4f0
classic	instrument-raw-writer	0xeb9810	0xeba0d8	call	0xbb700
classic	instrument-raw-writer	0xeb9810	0xeba0e9	call	0xbb870
classic	instrument-raw-writer	0xeb9810	0xeba107	call	0x680e0
classic	instrument-raw-writer	0xeb9810	0xeba117	call	0x529cf0
classic	instrument-raw-writer	0xeb9810	0xeba12a	call	0x6f4f0
classic	instrument-raw-writer	0xeb9810	0xeba13b	call	0xbb700
classic	instrument-raw-writer	0xeb9810	0xeba148	call	0x67dc0
classic	instrument-raw-writer	0xeb9810	0xeba161	call	0x680e0
classic	instrument-raw-writer	0xeb9810	0xeba171	call	0x529cf0
classic	instrument-raw-writer	0xeb9810	0xeba184	call	0x6f4f0
classic	instrument-raw-writer	0xeb9810	0xeba195	call	0xbb700
classic	instrument-raw-writer	0xeb9810	0xeba1a2	call	0x67dc0
classic	instrument-raw-writer	0xeb9810	0xeba1b3	call	0xbb870
classic	instrument-raw-writer	0xeb9810	0xeba1c4	call	0xbb870
classic	instrument-raw-writer	0xeb9810	0xeba1d5	call	0xbb870
classic	instrument-raw-writer	0xeb9810	0xeba1e8	call	0x6f510
classic	instrument-raw-writer	0xeb9810	0xeba1fb	call	0xb9ca0
classic	instrument-raw-writer	0xeb9810	0xeba223	jmp	0xeba24e
classic	instrument-raw-writer	0xeb9810	0xeba245	jmp	0xeba24e
classic	instrument-raw-writer	0xeb9810	0xeba255	call	0x6f4f0
classic	instrument-raw-writer	0xeb9810	0xeba268	call	0x6f4f0
classic	instrument-raw-writer	0xeb9810	0xeba27b	call	0xb9ca0
classic	instrument-raw-writer	0xeb9810	0xeba298	jmp	0xeba2c3
classic	instrument-raw-writer	0xeb9810	0xeba2ba	jmp	0xeba2c3
classic	instrument-raw-writer	0xeb9810	0xeba2ca	call	0x6f4f0
classic	instrument-raw-writer	0xeb9810	0xeba2dd	call	0x6f4f0
classic	instrument-raw-writer	0xeb9810	0xeba2ee	call	0xbb700
classic	instrument-raw-writer	0xeb9810	0xeba2ff	call	0xbb870
classic	instrument-raw-writer	0xeb9810	0xeba312	call	0xeb4380
classic	instrument-raw-writer	0xeb9810	0xeba323	call	0xbb870
classic	instrument-raw-writer	0xeb9810	0xeba336	call	0x6f510
classic	instrument-raw-writer	0xeb9810	0xeba344	call	0x529cf0
classic	instrument-raw-writer	0xeb9810	0xeba357	call	0x6f4f0
classic	instrument-raw-writer	0xeb9810	0xeba368	call	0xbb700
classic	instrument-raw-writer	0xeb9810	0xeba37b	call	0x6f510
classic	instrument-raw-writer	0xeb9810	0xeba38a	call	0x529cf0
classic	instrument-raw-writer	0xeb9810	0xeba39d	call	0x6f4f0
classic	instrument-raw-writer	0xeb9810	0xeba3ae	call	0xbb700
classic	instrument-raw-writer	0xeb9810	0xeba3c1	call	0x6f510
classic	instrument-raw-writer	0xeb9810	0xeba3d4	call	0xb9ca0
classic	instrument-raw-writer	0xeb9810	0xeba3f1	jmp	0xeba420
classic	instrument-raw-writer	0xeb9810	0xeba417	jmp	0xeba426
classic	instrument-raw-writer	0xeb9810	0xeba42d	call	0x6f4f0
classic	instrument-raw-writer	0xeb9810	0xeba440	call	0x6f4f0
classic	instrument-raw-writer	0xeb9810	0xeba451	call	0xbb700
classic	instrument-raw-writer	0xeb9810	0xeba45d	call	0x6f620
classic	instrument-raw-writer	0xeb9810	0xeba481	call	0x6f530
classic	instrument-raw-writer	0xeb9810	0xeba494	call	0x6f4f0
classic	instrument-raw-writer	0xeb9810	0xeba4a4	call	0xbb700
classic	instrument-raw-writer	0xeb9810	0xeba4b7	call	0x6f510
classic	instrument-raw-writer	0xeb9810	0xeba4ca	call	0xb9ca0
classic	instrument-raw-writer	0xeb9810	0xeba4dd	call	0x6f4f0
classic	instrument-raw-writer	0xeb9810	0xeba4ee	call	0xbb700
classic	instrument-raw-writer	0xeb9810	0xeba4ff	call	0xbb870
classic	instrument-raw-writer	0xeb9810	0xeba51d	call	0x680e0
classic	instrument-raw-writer	0xeb9810	0xeba52d	call	0x529cf0
classic	instrument-raw-writer	0xeb9810	0xeba540	call	0x6f4f0
classic	instrument-raw-writer	0xeb9810	0xeba551	call	0xbb700
classic	instrument-raw-writer	0xeb9810	0xeba55e	call	0x67dc0
classic	instrument-raw-writer	0xeb9810	0xeba577	call	0x680e0
classic	instrument-raw-writer	0xeb9810	0xeba587	call	0x529cf0
classic	instrument-raw-writer	0xeb9810	0xeba59a	call	0x6f4f0
classic	instrument-raw-writer	0xeb9810	0xeba5ab	call	0xbb700
classic	instrument-raw-writer	0xeb9810	0xeba5b8	call	0x67dc0
classic	instrument-raw-writer	0xeb9810	0xeba5c9	call	0xbb870
classic	instrument-raw-writer	0xeb9810	0xeba5da	call	0xbb870
classic	instrument-raw-writer	0xeb9810	0xeba5eb	call	0xbb870
classic	instrument-raw-writer	0xeb9810	0xeba5fe	call	0x6f510
classic	instrument-raw-writer	0xeb9810	0xeba611	call	0xb9ca0
classic	instrument-raw-writer	0xeb9810	0xeba62b	jmp	0xeba642
classic	instrument-raw-writer	0xeb9810	0xeba649	call	0x6f4f0
classic	instrument-raw-writer	0xeb9810	0xeba65c	call	0x6f4f0
classic	instrument-raw-writer	0xeb9810	0xeba66f	call	0xb9ca0
classic	instrument-raw-writer	0xeb9810	0xeba67f	jmp	0xeba696
classic	instrument-raw-writer	0xeb9810	0xeba69d	call	0x6f4f0
classic	instrument-raw-writer	0xeb9810	0xeba6b0	call	0x6f4f0
classic	instrument-raw-writer	0xeb9810	0xeba6c1	call	0xbb700
classic	instrument-raw-writer	0xeb9810	0xeba6d2	call	0xbb870
classic	instrument-raw-writer	0xeb9810	0xeba6e9	call	0xeb4160
classic	instrument-raw-writer	0xeb9810	0xeba6ee	jmp	0xeba6f5
classic	instrument-raw-writer	0xeb9810	0xeba6f0	call	0xeb4380
classic	instrument-raw-writer	0xeb9810	0xeba701	call	0xbb870
classic	instrument-raw-writer	0xeb9810	0xeba714	call	0x6f510
classic	instrument-raw-writer	0xeb9810	0xeba723	call	0x529cf0
classic	instrument-raw-writer	0xeb9810	0xeba736	call	0x6f4f0
classic	instrument-raw-writer	0xeb9810	0xeba747	call	0xbb700
classic	instrument-raw-writer	0xeb9810	0xeba75a	call	0x6f510
classic	instrument-raw-writer	0xeb9810	0xeba769	call	0x529cf0
classic	instrument-raw-writer	0xeb9810	0xeba77c	call	0x6f4f0
classic	instrument-raw-writer	0xeb9810	0xeba78d	call	0xbb700
classic	instrument-raw-writer	0xeb9810	0xeba7a0	call	0x6f510
classic	instrument-raw-writer	0xeb9810	0xeba7b3	call	0xb9ca0
classic	instrument-raw-writer	0xeb9810	0xeba7c3	jmp	0xeba7da
classic	instrument-raw-writer	0xeb9810	0xeba7e1	call	0x6f4f0
classic	instrument-raw-writer	0xeb9810	0xeba7f4	call	0x6f4f0
classic	instrument-raw-writer	0xeb9810	0xeba805	call	0xbb700
classic	instrument-raw-writer	0xeb9810	0xeba80a	jmp	0xeba811
classic	instrument-raw-writer	0xeb9810	0xeba818	call	0x6f620
classic	instrument-raw-writer	0xeb9810	0xeba84a	call	0x6f530
classic	instrument-raw-writer	0xeb9810	0xeba85d	call	0x6f4f0
classic	instrument-raw-writer	0xeb9810	0xeba86d	call	0xbb700
classic	instrument-raw-writer	0xeb9810	0xeba880	call	0x6f510
classic	instrument-raw-writer	0xeb9810	0xeba893	call	0xb9ca0
classic	instrument-raw-writer	0xeb9810	0xeba8a6	call	0x6f4f0
classic	instrument-raw-writer	0xeb9810	0xeba8b7	call	0xbb700
classic	instrument-raw-writer	0xeb9810	0xeba8c8	call	0xbb870
classic	instrument-raw-writer	0xeb9810	0xeba8e6	call	0x680e0
classic	instrument-raw-writer	0xeb9810	0xeba8f6	call	0x529cf0
classic	instrument-raw-writer	0xeb9810	0xeba909	call	0x6f4f0
classic	instrument-raw-writer	0xeb9810	0xeba91a	call	0xbb700
classic	instrument-raw-writer	0xeb9810	0xeba927	call	0x67dc0
classic	instrument-raw-writer	0xeb9810	0xeba940	call	0x680e0
classic	instrument-raw-writer	0xeb9810	0xeba950	call	0x529cf0
classic	instrument-raw-writer	0xeb9810	0xeba963	call	0x6f4f0
classic	instrument-raw-writer	0xeb9810	0xeba974	call	0xbb700
classic	instrument-raw-writer	0xeb9810	0xeba981	call	0x67dc0
classic	instrument-raw-writer	0xeb9810	0xeba992	call	0xbb870
classic	instrument-raw-writer	0xeb9810	0xeba9a3	call	0xbb870
classic	instrument-raw-writer	0xeb9810	0xeba9b4	call	0xbb870
classic	instrument-raw-writer	0xeb9810	0xeba9c7	call	0x6f510
classic	instrument-raw-writer	0xeb9810	0xeba9da	call	0xb9ca0
classic	instrument-raw-writer	0xeb9810	0xeba9fe	call	0x6f4f0
classic	instrument-raw-writer	0xeb9810	0xebaa11	call	0x6f4f0
classic	instrument-raw-writer	0xeb9810	0xebaa24	call	0xb9ca0
classic	instrument-raw-writer	0xeb9810	0xebaa33	call	0x6f4f0
classic	instrument-raw-writer	0xeb9810	0xebaa46	call	0x6f4f0
classic	instrument-raw-writer	0xeb9810	0xebaa57	call	0xbb700
classic	instrument-raw-writer	0xeb9810	0xebaa68	call	0xbb870
classic	instrument-raw-writer	0xeb9810	0xebaa80	call	0xeb4380
classic	instrument-raw-writer	0xeb9810	0xebaa85	jmp	0xebaa8c
classic	instrument-raw-writer	0xeb9810	0xebaa87	call	0xeb3f60
classic	instrument-raw-writer	0xeb9810	0xebaa98	call	0xbb870
classic	instrument-raw-writer	0xeb9810	0xebaaab	call	0x6f510
classic	instrument-raw-writer	0xeb9810	0xebaabb	call	0x529cf0
classic	instrument-raw-writer	0xeb9810	0xebaace	call	0x6f4f0
classic	instrument-raw-writer	0xeb9810	0xebaadf	call	0xbb700
classic	instrument-raw-writer	0xeb9810	0xebaaf2	call	0x6f510
classic	instrument-raw-writer	0xeb9810	0xebab01	call	0x529cf0
classic	instrument-raw-writer	0xeb9810	0xebab14	call	0x6f4f0
classic	instrument-raw-writer	0xeb9810	0xebab25	call	0xbb700
classic	instrument-raw-writer	0xeb9810	0xebab38	call	0x6f510
classic	instrument-raw-writer	0xeb9810	0xebab4b	call	0xb9ca0
classic	instrument-raw-writer	0xeb9810	0xebab6a	call	0x6f4f0
classic	instrument-raw-writer	0xeb9810	0xebab7b	call	0xbb700
classic	instrument-raw-writer	0xeb9810	0xebab85	jmp	0xebab8c
classic	instrument-raw-writer	0xeb9810	0xebab9a	call	0x6f510
classic	instrument-raw-writer	0xeb9810	0xebabad	call	0xb9ca0
classic	instrument-raw-writer	0xeb9810	0xebabc0	call	0x6f4f0
classic	instrument-raw-writer	0xeb9810	0xebabd1	call	0xbb700
classic	instrument-raw-writer	0xeb9810	0xebabe2	call	0xbb870
classic	instrument-raw-writer	0xeb9810	0xebabfb	call	0x680e0
classic	instrument-raw-writer	0xeb9810	0xebac0b	call	0x529cf0
classic	instrument-raw-writer	0xeb9810	0xebac1e	call	0x6f4f0
classic	instrument-raw-writer	0xeb9810	0xebac2f	call	0xbb700
classic	instrument-raw-writer	0xeb9810	0xebac3c	call	0x67dc0
classic	instrument-raw-writer	0xeb9810	0xebac55	call	0x680e0
classic	instrument-raw-writer	0xeb9810	0xebac65	call	0x529cf0
classic	instrument-raw-writer	0xeb9810	0xebac78	call	0x6f4f0
classic	instrument-raw-writer	0xeb9810	0xebac89	call	0xbb700
classic	instrument-raw-writer	0xeb9810	0xebac96	call	0x67dc0
classic	instrument-raw-writer	0xeb9810	0xebaca9	call	0x6f510
classic	instrument-raw-writer	0xeb9810	0xebacbc	call	0xb9ca0
classic	instrument-raw-writer	0xeb9810	0xebaccf	call	0x6f4f0
classic	instrument-raw-writer	0xeb9810	0xebace2	call	0xb9ca0
classic	instrument-raw-writer	0xeb9810	0xebacf5	call	0x6f4f0
classic	instrument-raw-writer	0xeb9810	0xebad06	call	0xbb700
classic	instrument-raw-writer	0xeb9810	0xebad17	call	0xbb870
classic	instrument-raw-writer	0xeb9810	0xebad2a	call	0x6f510
classic	instrument-raw-writer	0xeb9810	0xebad38	call	0x529cf0
classic	instrument-raw-writer	0xeb9810	0xebad4b	call	0x6f4f0
classic	instrument-raw-writer	0xeb9810	0xebad5c	call	0xbb700
classic	instrument-raw-writer	0xeb9810	0xebad75	call	0xbb870
classic	instrument-raw-writer	0xeb9810	0xebad86	call	0xbb870
classic	instrument-raw-writer	0xeb9810	0xebad99	call	0x6f510
classic	instrument-raw-writer	0xeb9810	0xebadac	call	0x6f4f0
classic	instrument-raw-writer	0xeb9810	0xebadbf	call	0xb9ca0
classic	instrument-raw-writer	0xeb9810	0xebadd2	call	0x6f4f0
classic	instrument-raw-writer	0xeb9810	0xebade5	call	0x6f4f0
classic	instrument-raw-writer	0xeb9810	0xebadf6	call	0xbb700
classic	instrument-raw-writer	0xeb9810	0xebae09	call	0x6f510
classic	instrument-raw-writer	0xeb9810	0xebae1c	call	0x6f4f0
classic	instrument-raw-writer	0xeb9810	0xebae2f	call	0xb9ca0
classic	instrument-raw-writer	0xeb9810	0xebae52	jmp	0xebaebb
classic	instrument-raw-writer	0xeb9810	0xebae71	call	0x6f4f0
classic	instrument-raw-writer	0xeb9810	0xebae7d	jmp	0xebaf60
classic	instrument-raw-writer	0xeb9810	0xebae89	call	0x6f4f0
classic	instrument-raw-writer	0xeb9810	0xebae9c	call	0x6f4f0
classic	instrument-raw-writer	0xeb9810	0xebaead	call	0xbb700
classic	instrument-raw-writer	0xeb9810	0xebaeb2	jmp	0xebaef4
classic	instrument-raw-writer	0xeb9810	0xebaec2	call	0x6f4f0
classic	instrument-raw-writer	0xeb9810	0xebaed5	call	0x6f4f0
classic	instrument-raw-writer	0xeb9810	0xebaee6	call	0xbb700
classic	instrument-raw-writer	0xeb9810	0xebaf02	call	0x6f510
classic	instrument-raw-writer	0xeb9810	0xebaf15	call	0x6f4f0
classic	instrument-raw-writer	0xeb9810	0xebaf28	call	0xb9ca0
classic	instrument-raw-writer	0xeb9810	0xebaf38	jmp	0xebaf4d
classic	instrument-raw-writer	0xeb9810	0xebaf54	call	0x6f4f0
classic	instrument-raw-writer	0xeb9810	0xebaf67	call	0x6f4f0
classic	instrument-raw-writer	0xeb9810	0xebaf78	call	0xbb700
classic	instrument-raw-writer	0xeb9810	0xebaf98	call	0x6f510
classic	instrument-raw-writer	0xeb9810	0xebafab	call	0x6f4f0
classic	instrument-raw-writer	0xeb9810	0xebafbe	call	0xb9ca0
classic	instrument-raw-writer	0xeb9810	0xebafdd	call	0x6f4f0
classic	instrument-raw-writer	0xeb9810	0xebaff0	call	0x6f4f0
classic	instrument-raw-writer	0xeb9810	0xebb001	call	0xbb700
classic	instrument-raw-writer	0xeb9810	0xebb028	call	0x71ec0
classic	instrument-raw-writer	0xeb9810	0xebb058	call	0x6f510
classic	instrument-raw-writer	0xeb9810	0xebb067	call	0x529cf0
classic	instrument-raw-writer	0xeb9810	0xebb07a	call	0x6f4f0
classic	instrument-raw-writer	0xeb9810	0xebb088	call	0x529cf0
classic	instrument-raw-writer	0xeb9810	0xebb09b	call	0x6f4f0
classic	instrument-raw-writer	0xeb9810	0xebb0ac	call	0xbb700
classic	instrument-raw-writer	0xeb9810	0xebb0cb	call	0x71ec0
classic	instrument-raw-writer	0xeb9810	0xebb0e0	call	0xbb870
classic	instrument-raw-writer	0xeb9810	0xebb0eb	jmp	0xebb212
classic	instrument-raw-writer	0xeb9810	0xebb0f7	call	0xbb870
classic	instrument-raw-writer	0xeb9810	0xebb100	jmp	0xebb212
classic	instrument-raw-writer	0xeb9810	0xebb117	call	0xbb870
classic	instrument-raw-writer	0xeb9810	0xebb11c	jmp	0xebb212
classic	instrument-raw-writer	0xeb9810	0xebb133	call	0xbb870
classic	instrument-raw-writer	0xeb9810	0xebb138	jmp	0xebb210
classic	instrument-raw-writer	0xeb9810	0xebb149	call	0x71ec0
classic	instrument-raw-writer	0xeb9810	0xebb15e	call	0xbb870
classic	instrument-raw-writer	0xeb9810	0xebb16b	call	0x71ec0
classic	instrument-raw-writer	0xeb9810	0xebb180	call	0xbb870
classic	instrument-raw-writer	0xeb9810	0xebb18d	call	0x71ec0
classic	instrument-raw-writer	0xeb9810	0xebb19a	jmp	0xebb210
classic	instrument-raw-writer	0xeb9810	0xebb1a9	call	0x71ec0
classic	instrument-raw-writer	0xeb9810	0xebb1be	call	0xbb870
classic	instrument-raw-writer	0xeb9810	0xebb1cb	call	0x71ec0
classic	instrument-raw-writer	0xeb9810	0xebb1e0	call	0xbb870
classic	instrument-raw-writer	0xeb9810	0xebb1ed	call	0x71ec0
classic	instrument-raw-writer	0xeb9810	0xebb1fa	jmp	0xebb210
classic	instrument-raw-writer	0xeb9810	0xebb208	call	0xbb870
classic	instrument-raw-writer	0xeb9810	0xebb220	call	0x6f510
classic	instrument-raw-writer	0xeb9810	0xebb239	call	0x529cf0
classic	instrument-raw-writer	0xeb9810	0xebb24c	call	0x6f4f0
classic	instrument-raw-writer	0xeb9810	0xebb25d	call	0x529cf0
classic	instrument-raw-writer	0xeb9810	0xebb270	call	0x6f4f0
classic	instrument-raw-writer	0xeb9810	0xebb281	call	0xbb700
classic	instrument-raw-writer	0xeb9810	0xebb292	call	0xbb870
classic	instrument-raw-writer	0xeb9810	0xebb2a7	call	0x71ec0
classic	instrument-raw-writer	0xeb9810	0xebb2c3	call	0xbb870
classic	instrument-raw-writer	0xeb9810	0xebb2d2	call	0x296b90
classic	instrument-raw-writer	0xeb9810	0xebb2e9	jmp	0xebb2ee
classic	instrument-raw-writer	0xeb9810	0xebb2fd	call	0xeb2f60
classic	instrument-raw-writer	0xeb9810	0xebb30e	call	0xeb36d0
classic	instrument-raw-writer	0xeb9810	0xebb31f	call	0xbb870
classic	instrument-raw-writer	0xeb9810	0xebb332	call	0x6f510
classic	instrument-raw-writer	0xeb9810	0xebb33e	call	0x6f620
classic	instrument-raw-writer	0xeb9810	0xebb352	call	0x6f510
classic	instrument-raw-writer	0xeb9810	0xebb365	call	0xb9ca0
classic	instrument-raw-writer	0xeb9810	0xebb378	call	0x6f4f0
classic	instrument-raw-writer	0xeb9810	0xebb38c	jmp	0xebb3d7
classic	instrument-raw-writer	0xeb9810	0xebb39d	jmp	0xebb3d7
classic	instrument-raw-writer	0xeb9810	0xebb3ae	jmp	0xebb3d7
classic	instrument-raw-writer	0xeb9810	0xebb3bf	jmp	0xebb3d7
classic	instrument-raw-writer	0xeb9810	0xebb3de	call	0x6f4f0
classic	instrument-raw-writer	0xeb9810	0xebb3f1	call	0x6f4f0
classic	instrument-raw-writer	0xeb9810	0xebb400	call	0xeb3dd0
classic	instrument-raw-writer	0xeb9810	0xebb413	call	0x6f4f0
classic	instrument-raw-writer	0xeb9810	0xebb43b	call	0x6f4f0
classic	instrument-raw-writer	0xeb9810	0xebb44a	call	0xeb3dd0
classic	instrument-raw-writer	0xeb9810	0xebb469	call	0x6f4f0
classic	instrument-raw-writer	0xeb9810	0xebb47c	call	0x6f4f0
classic	instrument-raw-writer	0xeb9810	0xebb488	call	0x6f620
classic	instrument-raw-writer	0xeb9810	0xebb499	call	0x52bd80
classic	instrument-raw-writer	0xeb9810	0xebb4ac	call	0xb9ca0
classic	instrument-raw-writer	0xeb9810	0xebb4bf	call	0x6f4f0
classic	instrument-raw-writer	0xeb9810	0xebb4ce	call	0xeb3dd0
classic	instrument-raw-writer	0xeb9810	0xebb4e1	call	0x6f4f0
classic	instrument-raw-writer	0xeb9810	0xebb4f4	call	0x6f4f0
classic	instrument-raw-writer	0xeb9810	0xebb503	call	0xeb3dd0
classic	instrument-raw-writer	0xeb9810	0xebb516	call	0x6f4f0
classic	instrument-raw-writer	0xeb9810	0xebb52e	call	0x6f4f0
classic	instrument-raw-writer	0xeb9810	0xebb541	call	0x6f4f0
classic	instrument-raw-writer	0xeb9810	0xebb563	jmp	0xebb5bb
classic	instrument-raw-writer	0xeb9810	0xebb56c	jmp	0xebb5bb
classic	instrument-raw-writer	0xeb9810	0xebb57a	jmp	0xebb5bb
classic	instrument-raw-writer	0xeb9810	0xebb583	jmp	0xebb5bb
classic	instrument-raw-writer	0xeb9810	0xebb59d	jmp	0xebb5bb
classic	instrument-raw-writer	0xeb9810	0xebb5a6	jmp	0xebb5bb
classic	instrument-raw-writer	0xeb9810	0xebb5bb	call	0x6f4f0
classic	instrument-raw-writer	0xeb9810	0xebb5d1	call	0xeb1f50
classic	instrument-raw-writer	0xeb9810	0xebb5de	call	0x67dc0
classic	instrument-raw-writer	0xeb9810	0xebb5e3	jmp	0xebb5e9
classic	instrument-raw-writer	0xeb9810	0xebb602	call	0x6f4f0
classic	instrument-raw-writer	0xeb9810	0xebb611	call	0xeb3dd0
classic	instrument-raw-writer	0xeb9810	0xebb624	call	0x6f4f0
classic	instrument-raw-writer	0xeb9810	0xebb637	call	0x6f4f0
classic	instrument-raw-writer	0xeb9810	0xebb646	call	0xeb3dd0
classic	instrument-raw-writer	0xeb9810	0xebb659	call	0x6f4f0
classic	instrument-raw-writer	0xeb9810	0xebb66b	call	0xeb1f50
classic	instrument-raw-writer	0xeb9810	0xebb689	call	0x6f4f0
classic	instrument-raw-writer	0xeb9810	0xebb695	call	0x6f620
classic	instrument-raw-writer	0xeb9810	0xebb6aa	call	0x52bd80
classic	instrument-raw-writer	0xeb9810	0xebb6bd	call	0xb9ca0
classic	instrument-raw-writer	0xeb9810	0xebb6d0	call	0x6f4f0
classic	instrument-raw-writer	0xeb9810	0xebb6df	call	0xeb3dd0
classic	instrument-raw-writer	0xeb9810	0xebb6f2	call	0x6f4f0
classic	instrument-raw-writer	0xeb9810	0xebb705	call	0x6f4f0
classic	instrument-raw-writer	0xeb9810	0xebb714	call	0xeb3dd0
classic	instrument-raw-writer	0xeb9810	0xebb727	call	0x6f4f0
classic	instrument-raw-writer	0xeb9810	0xebb73f	call	0x6f4f0
classic	instrument-raw-writer	0xeb9810	0xebb752	call	0x6f4f0
classic	instrument-raw-writer	0xeb9810	0xebb773	call	0x6f4f0
classic	instrument-raw-writer	0xeb9810	0xebb785	call	0xeb1f50
classic	instrument-raw-writer	0xeb9810	0xebb79c	call	0x6f4f0
classic	instrument-raw-writer	0xeb9810	0xebb7a9	call	0x67dc0
classic	instrument-raw-writer	0xeb9810	0xebb7ae	jmp	0xebb7b5
classic	instrument-raw-writer	0xeb9810	0xebb7ce	call	0x6f4f0
classic	instrument-raw-writer	0xeb9810	0xebb7da	call	0x6f620
classic	instrument-raw-writer	0xeb9810	0xebb7ea	call	0x52bd80
classic	instrument-raw-writer	0xeb9810	0xebb7fd	call	0xb9ca0
classic	instrument-raw-writer	0xeb9810	0xebb810	call	0x6f4f0
classic	instrument-raw-writer	0xeb9810	0xebb81f	call	0xeb3dd0
classic	instrument-raw-writer	0xeb9810	0xebb832	call	0x6f4f0
classic	instrument-raw-writer	0xeb9810	0xebb845	call	0x6f4f0
classic	instrument-raw-writer	0xeb9810	0xebb854	call	0xeb3dd0
classic	instrument-raw-writer	0xeb9810	0xebb867	call	0x6f4f0
classic	instrument-raw-writer	0xeb9810	0xebb87f	call	0x6f4f0
classic	instrument-raw-writer	0xeb9810	0xebb892	call	0x6f4f0
classic	instrument-raw-writer	0xeb9810	0xebb8a4	call	0xeb1f50
classic	instrument-raw-writer	0xeb9810	0xebb8b1	call	0x67dc0
classic	instrument-raw-writer	0xeb9810	0xebb8c4	call	0xeb3a60
classic	instrument-raw-writer	0xeb9810	0xebb8d0	call	0x6f2c0
classic	instrument-raw-writer	0xeb9810	0xebb8e0	call	0xfb4d0
classic	instrument-raw-writer	0xeb9810	0xebb8f7	call	0x6f2c0
classic	instrument-raw-writer	0xeb9810	0xebb90a	call	0xe11c0
classic	instrument-raw-writer	0xeb9810	0xebb916	call	0x6f2c0
classic	instrument-raw-writer	0xeb9810	0xebb926	call	0xfb4d0
classic	instrument-raw-writer	0xeb9810	0xebb93e	call	0xb9ca0
classic	instrument-raw-writer	0xeb9810	0xebb951	call	0x6f4f0
classic	instrument-raw-writer	0xeb9810	0xebb962	call	0xbb700
classic	instrument-raw-writer	0xeb9810	0xebb96f	call	0x67dc0
classic	instrument-raw-writer	0xeb9810	0xebb97c	call	0xcc88d0
classic	instrument-raw-writer	0xeb9810	0xebb989	call	0x67dc0
classic	instrument-raw-writer	0xeb9810	0xebb996	call	0x67dc0
classic	instrument-raw-writer	0xeb9810	0xebb9a3	call	0x67dc0
classic	instrument-raw-writer	0xeb9810	0xebb9b0	call	0x67dc0
classic	instrument-raw-writer	0xeb9810	0xebb9bd	call	0x67dc0
classic	instrument-raw-writer	0xeb9810	0xebb9ca	call	0x67dc0
classic	instrument-raw-writer	0xeb9810	0xebb9d7	call	0x67dc0
classic	instrument-raw-writer	0xeb9810	0xebba38	call	0x6f620
classic	instrument-raw-writer	0xeb9810	0xebba51	call	0x6f1b0
classic	instrument-raw-writer	0xeb9810	0xebba5d	call	0x6ede0
classic	instrument-raw-writer	0xeb9810	0xebba72	call	0x71ec0
classic	instrument-raw-writer	0xeb9810	0xebba7e	call	0x6f1b0
classic	instrument-raw-writer	0xeb9810	0xebba8d	call	0x6f530
classic	instrument-raw-writer	0xeb9810	0xebba9d	call	0x6f1d0
classic	instrument-raw-writer	0xeb9810	0xebbab0	call	0x6f1c0
classic	instrument-raw-writer	0xeb9810	0xebbac4	call	0x6edb0
classic	instrument-raw-writer	0xeb9810	0xebbace	call	0x65740
classic	instrument-raw-writer	0xeb9810	0xebbadb	call	0x6eda0
classic	instrument-raw-writer	0xeb9810	0xebbaee	call	0x6fdd0
classic	instrument-raw-writer	0xeb9810	0xebbaff	call	0x6ed90
classic	instrument-raw-writer	0xeb9810	0xebbb13	call	0x6edb0
classic	instrument-raw-writer	0xeb9810	0xebbb1d	call	0x65740
classic	instrument-raw-writer	0xeb9810	0xebbb2e	call	0x6f1d0
classic	instrument-raw-writer	0xeb9810	0xebbb3e	call	0x6f1c0
classic	instrument-raw-writer	0xeb9810	0xebbb52	call	0x6edb0
classic	instrument-raw-writer	0xeb9810	0xebbb5c	call	0x65740
classic	instrument-raw-writer	0xeb9810	0xebbb69	call	0x6eda0
classic	instrument-raw-writer	0xeb9810	0xebbb78	call	0x6fdd0
classic	instrument-raw-writer	0xeb9810	0xebbb85	call	0x6ed90
classic	instrument-raw-writer	0xeb9810	0xebbb99	call	0x6edb0
classic	instrument-raw-writer	0xeb9810	0xebbba3	call	0x65740
classic	instrument-raw-writer	0xeb9810	0xebbbac	jmp	0xebbbc7
classic	instrument-raw-writer	0xeb9810	0xebbbb9	jmp	0xebbbc7
classic	instrument-raw-writer	0xeb9810	0xebbbc2	call	0x92e410
classic	instrument-raw-writer	0xeb9810	0xebbbd2	call	0xbb700
classic	instrument-raw-writer	0xeb9810	0xebbbe5	call	0x6f560
classic	instrument-raw-writer	0xeb9810	0xebbbf9	call	0x6f4f0
classic	instrument-raw-writer	0xeb9810	0xebbc08	call	0x529cf0
classic	instrument-raw-writer	0xeb9810	0xebbc1b	call	0xbb700
classic	instrument-raw-writer	0xeb9810	0xebbc27	call	0x6f620
classic	instrument-raw-writer	0xeb9810	0xebbc32	call	0x71ec0
classic	instrument-raw-writer	0xeb9810	0xebbc52	call	0x6f620
classic	instrument-raw-writer	0xeb9810	0xebbc5f	call	0x6f620
classic	instrument-raw-writer	0xeb9810	0xebbc6c	call	0x6f620
classic	instrument-raw-writer	0xeb9810	0xebbc79	call	0x6f620
classic	instrument-raw-writer	0xeb9810	0xebbccc	call	0x71ec0
classic	instrument-raw-writer	0xeb9810	0xebbd58	call	0x71ec0
classic	instrument-raw-writer	0xeb9810	0xebbd66	call	0x71ec0
classic	instrument-raw-writer	0xeb9810	0xebbd6f	jmp	0xebbd7f
classic	instrument-raw-writer	0xeb9810	0xebbd76	call	0x71ec0
classic	instrument-raw-writer	0xeb9810	0xebbd94	jmp	0xebbdac
classic	instrument-raw-writer	0xeb9810	0xebbdba	call	0x6f530
classic	instrument-raw-writer	0xeb9810	0xebbdcd	call	0x6f4f0
classic	instrument-raw-writer	0xeb9810	0xebbddd	call	0xbb700
classic	instrument-raw-writer	0xeb9810	0xebbdf0	call	0x6f530
classic	instrument-raw-writer	0xeb9810	0xebbe03	call	0x6f4f0
classic	instrument-raw-writer	0xeb9810	0xebbe13	call	0xbb700
classic	instrument-raw-writer	0xeb9810	0xebbe49	call	0x6f510
classic	instrument-raw-writer	0xeb9810	0xebbe5c	call	0xb9ca0
classic	instrument-raw-writer	0xeb9810	0xebbe6f	call	0x6f4f0
classic	instrument-raw-writer	0xeb9810	0xebbe80	call	0xbb700
classic	instrument-raw-writer	0xeb9810	0xebbe91	call	0xbb870
classic	instrument-raw-writer	0xeb9810	0xebbeaf	call	0x680e0
classic	instrument-raw-writer	0xeb9810	0xebbec4	call	0x529cf0
classic	instrument-raw-writer	0xeb9810	0xebbed7	call	0x6f4f0
classic	instrument-raw-writer	0xeb9810	0xebbee8	call	0xbb700
classic	instrument-raw-writer	0xeb9810	0xebbef5	call	0x67dc0
classic	instrument-raw-writer	0xeb9810	0xebbf13	call	0x680e0
classic	instrument-raw-writer	0xeb9810	0xebbf28	call	0x529cf0
classic	instrument-raw-writer	0xeb9810	0xebbf3b	call	0x6f4f0
classic	instrument-raw-writer	0xeb9810	0xebbf4c	call	0xbb700
classic	instrument-raw-writer	0xeb9810	0xebbf59	call	0x67dc0
classic	instrument-raw-writer	0xeb9810	0xebbf6a	call	0xbb870
classic	instrument-raw-writer	0xeb9810	0xebbf7b	call	0xbb870
classic	instrument-raw-writer	0xeb9810	0xebbf8c	call	0xbb870
classic	instrument-raw-writer	0xeb9810	0xebbf9f	call	0x6f510
classic	instrument-raw-writer	0xeb9810	0xebbfb2	call	0xb9ca0
classic	instrument-raw-writer	0xeb9810	0xebbfc5	call	0x6f4f0
classic	instrument-raw-writer	0xeb9810	0xebbfd8	call	0x6f4f0
classic	instrument-raw-writer	0xeb9810	0xebbfeb	call	0xb9ca0
classic	instrument-raw-writer	0xeb9810	0xebbffe	call	0x6f4f0
classic	instrument-raw-writer	0xeb9810	0xebc011	call	0x6f4f0
classic	instrument-raw-writer	0xeb9810	0xebc022	call	0xbb700
classic	instrument-raw-writer	0xeb9810	0xebc033	call	0xbb870
classic	instrument-raw-writer	0xeb9810	0xebc046	call	0xeb4380
classic	instrument-raw-writer	0xeb9810	0xebc057	call	0xbb870
classic	instrument-raw-writer	0xeb9810	0xebc06a	call	0x6f510
classic	instrument-raw-writer	0xeb9810	0xebc078	call	0x529cf0
classic	instrument-raw-writer	0xeb9810	0xebc08b	call	0x6f4f0
classic	instrument-raw-writer	0xeb9810	0xebc09c	call	0xbb700
classic	instrument-raw-writer	0xeb9810	0xebc0af	call	0x6f510
classic	instrument-raw-writer	0xeb9810	0xebc0bd	call	0x529cf0
classic	instrument-raw-writer	0xeb9810	0xebc0d0	call	0x6f4f0
classic	instrument-raw-writer	0xeb9810	0xebc0e1	call	0xbb700
classic	instrument-raw-writer	0xeb9810	0xebc0f4	call	0x6f510
classic	instrument-raw-writer	0xeb9810	0xebc107	call	0xb9ca0
classic	instrument-raw-writer	0xeb9810	0xebc11a	call	0x6f4f0
classic	instrument-raw-writer	0xeb9810	0xebc12b	call	0xbb700
classic	instrument-raw-writer	0xeb9810	0xebc13e	call	0x6f510
classic	instrument-raw-writer	0xeb9810	0xebc151	call	0xb9ca0
classic	instrument-raw-writer	0xeb9810	0xebc164	call	0x6f4f0
classic	instrument-raw-writer	0xeb9810	0xebc175	call	0xbb700
classic	instrument-raw-writer	0xeb9810	0xebc186	call	0xbb870
classic	instrument-raw-writer	0xeb9810	0xebc1a4	call	0x680e0
classic	instrument-raw-writer	0xeb9810	0xebc1b4	call	0x529cf0
classic	instrument-raw-writer	0xeb9810	0xebc1c7	call	0x6f4f0
classic	instrument-raw-writer	0xeb9810	0xebc1d8	call	0xbb700
classic	instrument-raw-writer	0xeb9810	0xebc1e5	call	0x67dc0
classic	instrument-raw-writer	0xeb9810	0xebc1fe	call	0x680e0
classic	instrument-raw-writer	0xeb9810	0xebc20e	call	0x529cf0
classic	instrument-raw-writer	0xeb9810	0xebc221	call	0x6f4f0
classic	instrument-raw-writer	0xeb9810	0xebc232	call	0xbb700
classic	instrument-raw-writer	0xeb9810	0xebc23f	call	0x67dc0
classic	instrument-raw-writer	0xeb9810	0xebc250	call	0xbb870
classic	instrument-raw-writer	0xeb9810	0xebc261	call	0xbb870
classic	instrument-raw-writer	0xeb9810	0xebc272	call	0xbb870
classic	instrument-raw-writer	0xeb9810	0xebc285	call	0x6f510
classic	instrument-raw-writer	0xeb9810	0xebc298	call	0xb9ca0
classic	instrument-raw-writer	0xeb9810	0xebc2ab	call	0x6f4f0
classic	instrument-raw-writer	0xeb9810	0xebc2be	call	0x6f4f0
classic	instrument-raw-writer	0xeb9810	0xebc2d1	call	0xb9ca0
classic	instrument-raw-writer	0xeb9810	0xebc2e4	call	0x6f4f0
classic	instrument-raw-writer	0xeb9810	0xebc2f7	call	0x6f4f0
classic	instrument-raw-writer	0xeb9810	0xebc308	call	0xbb700
classic	instrument-raw-writer	0xeb9810	0xebc319	call	0xbb870
classic	instrument-raw-writer	0xeb9810	0xebc32c	call	0xeb4380
classic	instrument-raw-writer	0xeb9810	0xebc33d	call	0xbb870
classic	instrument-raw-writer	0xeb9810	0xebc350	call	0x6f510
classic	instrument-raw-writer	0xeb9810	0xebc35e	call	0x529cf0
classic	instrument-raw-writer	0xeb9810	0xebc371	call	0x6f4f0
classic	instrument-raw-writer	0xeb9810	0xebc382	call	0xbb700
classic	instrument-raw-writer	0xeb9810	0xebc395	call	0x6f510
classic	instrument-raw-writer	0xeb9810	0xebc3a4	call	0x529cf0
classic	instrument-raw-writer	0xeb9810	0xebc3b7	call	0x6f4f0
classic	instrument-raw-writer	0xeb9810	0xebc3c8	call	0xbb700
classic	instrument-raw-writer	0xeb9810	0xebc3db	call	0x6f510
classic	instrument-raw-writer	0xeb9810	0xebc3ee	call	0xb9ca0
classic	instrument-raw-writer	0xeb9810	0xebc401	call	0x6f4f0
classic	instrument-raw-writer	0xeb9810	0xebc412	call	0xbb700
classic	instrument-raw-writer	0xeb9810	0xebc41c	call	0x71ec0
classic	instrument-raw-writer	0xeb9810	0xebc43a	jmp	0xebc450
classic	instrument-raw-writer	0xeb9810	0xebc479	call	0x6f560
classic	instrument-raw-writer	0xeb9810	0xebc48d	call	0x6f4f0
classic	instrument-raw-writer	0xeb9810	0xebc49d	call	0xbb700
classic	instrument-raw-writer	0xeb9810	0xebc4b0	call	0x6f510
classic	instrument-raw-writer	0xeb9810	0xebc4c3	call	0xb9ca0
classic	instrument-raw-writer	0xeb9810	0xebc4d6	call	0x6f4f0
classic	instrument-raw-writer	0xeb9810	0xebc4e7	call	0xbb700
classic	instrument-raw-writer	0xeb9810	0xebc4f8	call	0xbb870
classic	instrument-raw-writer	0xeb9810	0xebc516	call	0x680e0
classic	instrument-raw-writer	0xeb9810	0xebc52b	call	0x529cf0
classic	instrument-raw-writer	0xeb9810	0xebc53e	call	0x6f4f0
classic	instrument-raw-writer	0xeb9810	0xebc54f	call	0xbb700
classic	instrument-raw-writer	0xeb9810	0xebc55c	call	0x67dc0
classic	instrument-raw-writer	0xeb9810	0xebc57a	call	0x680e0
classic	instrument-raw-writer	0xeb9810	0xebc58f	call	0x529cf0
classic	instrument-raw-writer	0xeb9810	0xebc5a2	call	0x6f4f0
classic	instrument-raw-writer	0xeb9810	0xebc5b3	call	0xbb700
classic	instrument-raw-writer	0xeb9810	0xebc5c0	call	0x67dc0
classic	instrument-raw-writer	0xeb9810	0xebc5d1	call	0xbb870
classic	instrument-raw-writer	0xeb9810	0xebc5e2	call	0xbb870
classic	instrument-raw-writer	0xeb9810	0xebc5f3	call	0xbb870
classic	instrument-raw-writer	0xeb9810	0xebc606	call	0x6f510
classic	instrument-raw-writer	0xeb9810	0xebc619	call	0xb9ca0
classic	instrument-raw-writer	0xeb9810	0xebc62c	call	0x6f4f0
classic	instrument-raw-writer	0xeb9810	0xebc64c	call	0x6f4f0
classic	instrument-raw-writer	0xeb9810	0xebc65f	call	0x6f4f0
classic	instrument-raw-writer	0xeb9810	0xebc672	call	0xb9ca0
classic	instrument-raw-writer	0xeb9810	0xebc685	call	0x6f4f0
classic	instrument-raw-writer	0xeb9810	0xebc698	call	0x6f4f0
classic	instrument-raw-writer	0xeb9810	0xebc6a9	call	0xbb700
classic	instrument-raw-writer	0xeb9810	0xebc6ba	call	0xbb870
classic	instrument-raw-writer	0xeb9810	0xebc6cd	call	0xeb4160
classic	instrument-raw-writer	0xeb9810	0xebc6de	call	0xbb870
classic	instrument-raw-writer	0xeb9810	0xebc6f1	call	0x6f510
classic	instrument-raw-writer	0xeb9810	0xebc700	call	0x529cf0
classic	instrument-raw-writer	0xeb9810	0xebc713	call	0x6f4f0
classic	instrument-raw-writer	0xeb9810	0xebc724	call	0xbb700
classic	instrument-raw-writer	0xeb9810	0xebc737	call	0x6f510
classic	instrument-raw-writer	0xeb9810	0xebc745	call	0x529cf0
classic	instrument-raw-writer	0xeb9810	0xebc758	call	0x6f4f0
classic	instrument-raw-writer	0xeb9810	0xebc769	call	0xbb700
classic	instrument-raw-writer	0xeb9810	0xebc77c	call	0x6f510
classic	instrument-raw-writer	0xeb9810	0xebc78f	call	0xb9ca0
classic	instrument-raw-writer	0xeb9810	0xebc7a2	call	0x6f4f0
classic	instrument-raw-writer	0xeb9810	0xebc7c2	call	0x6f4f0
classic	instrument-raw-writer	0xeb9810	0xebc7d5	call	0x6f4f0
classic	instrument-raw-writer	0xeb9810	0xebc7e6	call	0xbb700
classic	instrument-raw-writer	0xeb9810	0xebc7f2	call	0x6f620
classic	instrument-raw-writer	0xeb9810	0xebc7ff	call	0x6f620
classic	instrument-raw-writer	0xeb9810	0xebc82a	call	0x6f530
classic	instrument-raw-writer	0xeb9810	0xebc83d	call	0x6f4f0
classic	instrument-raw-writer	0xeb9810	0xebc84d	call	0xbb700
classic	instrument-raw-writer	0xeb9810	0xebc868	call	0x6f530
classic	instrument-raw-writer	0xeb9810	0xebc87b	call	0x6f4f0
classic	instrument-raw-writer	0xeb9810	0xebc88b	call	0xbb700
classic	instrument-raw-writer	0xeb9810	0xebc89f	call	0x6f4b0
classic	instrument-raw-writer	0xeb9810	0xebc8ca	call	0x6f510
classic	instrument-raw-writer	0xeb9810	0xebc8dd	call	0xb9ca0
classic	instrument-raw-writer	0xeb9810	0xebc8f0	call	0x6f4f0
classic	instrument-raw-writer	0xeb9810	0xebc901	call	0xbb700
classic	instrument-raw-writer	0xeb9810	0xebc912	call	0xbb870
classic	instrument-raw-writer	0xeb9810	0xebc930	call	0x680e0
classic	instrument-raw-writer	0xeb9810	0xebc945	call	0x529cf0
classic	instrument-raw-writer	0xeb9810	0xebc958	call	0x6f4f0
classic	instrument-raw-writer	0xeb9810	0xebc969	call	0xbb700
classic	instrument-raw-writer	0xeb9810	0xebc976	call	0x67dc0
classic	instrument-raw-writer	0xeb9810	0xebc994	call	0x680e0
classic	instrument-raw-writer	0xeb9810	0xebc9a9	call	0x529cf0
classic	instrument-raw-writer	0xeb9810	0xebc9bc	call	0x6f4f0
classic	instrument-raw-writer	0xeb9810	0xebc9cd	call	0xbb700
classic	instrument-raw-writer	0xeb9810	0xebc9da	call	0x67dc0
classic	instrument-raw-writer	0xeb9810	0xebc9eb	call	0xbb870
classic	instrument-raw-writer	0xeb9810	0xebc9fc	call	0xbb870
classic	instrument-raw-writer	0xeb9810	0xebca0d	call	0xbb870
classic	instrument-raw-writer	0xeb9810	0xebca20	call	0x6f510
classic	instrument-raw-writer	0xeb9810	0xebca33	call	0xb9ca0
classic	instrument-raw-writer	0xeb9810	0xebca4f	call	0x6f4f0
classic	instrument-raw-writer	0xeb9810	0xebca62	call	0x6f4f0
classic	instrument-raw-writer	0xeb9810	0xebca75	call	0xb9ca0
classic	instrument-raw-writer	0xeb9810	0xebca88	call	0x6f4f0
classic	instrument-raw-writer	0xeb9810	0xebca8d	jmp	0xebdf18
classic	instrument-raw-writer	0xeb9810	0xebca97	call	0x71ec0
classic	instrument-raw-writer	0xeb9810	0xebcaed	call	0x71ec0
classic	instrument-raw-writer	0xeb9810	0xebcafb	call	0x71ec0
classic	instrument-raw-writer	0xeb9810	0xebcb09	call	0x71ec0
classic	instrument-raw-writer	0xeb9810	0xebcb12	jmp	0xebcb36
classic	instrument-raw-writer	0xeb9810	0xebcb19	call	0x71ec0
classic	instrument-raw-writer	0xeb9810	0xebcb22	jmp	0xebcb36
classic	instrument-raw-writer	0xeb9810	0xebcb2b	call	0x71ec0
classic	instrument-raw-writer	0xeb9810	0xebcb4b	jmp	0xebcb63
classic	instrument-raw-writer	0xeb9810	0xebcb71	call	0x6f530
classic	instrument-raw-writer	0xeb9810	0xebcb84	call	0x6f4f0
classic	instrument-raw-writer	0xeb9810	0xebcb94	call	0xbb700
classic	instrument-raw-writer	0xeb9810	0xebcbba	call	0x6f510
classic	instrument-raw-writer	0xeb9810	0xebcbcd	call	0xb9ca0
classic	instrument-raw-writer	0xeb9810	0xebcbe0	call	0x6f4f0
classic	instrument-raw-writer	0xeb9810	0xebcbf1	call	0xbb700
classic	instrument-raw-writer	0xeb9810	0xebcc02	call	0xbb870
classic	instrument-raw-writer	0xeb9810	0xebcc20	call	0x680e0
classic	instrument-raw-writer	0xeb9810	0xebcc35	call	0x529cf0
classic	instrument-raw-writer	0xeb9810	0xebcc48	call	0x6f4f0
classic	instrument-raw-writer	0xeb9810	0xebcc59	call	0xbb700
classic	instrument-raw-writer	0xeb9810	0xebcc66	call	0x67dc0
classic	instrument-raw-writer	0xeb9810	0xebcc84	call	0x680e0
classic	instrument-raw-writer	0xeb9810	0xebcc99	call	0x529cf0
classic	instrument-raw-writer	0xeb9810	0xebccac	call	0x6f4f0
classic	instrument-raw-writer	0xeb9810	0xebccbd	call	0xbb700
classic	instrument-raw-writer	0xeb9810	0xebccca	call	0x67dc0
classic	instrument-raw-writer	0xeb9810	0xebccdb	call	0xbb870
classic	instrument-raw-writer	0xeb9810	0xebccec	call	0xbb870
classic	instrument-raw-writer	0xeb9810	0xebccfd	call	0xbb870
classic	instrument-raw-writer	0xeb9810	0xebcd10	call	0x6f510
classic	instrument-raw-writer	0xeb9810	0xebcd23	call	0xb9ca0
classic	instrument-raw-writer	0xeb9810	0xebcd36	call	0x6f4f0
classic	instrument-raw-writer	0xeb9810	0xebcd49	call	0x6f4f0
classic	instrument-raw-writer	0xeb9810	0xebcd5c	call	0xb9ca0
classic	instrument-raw-writer	0xeb9810	0xebcd6f	call	0x6f4f0
classic	instrument-raw-writer	0xeb9810	0xebcd82	call	0x6f4f0
classic	instrument-raw-writer	0xeb9810	0xebcd93	call	0xbb700
classic	instrument-raw-writer	0xeb9810	0xebcda4	call	0xbb870
classic	instrument-raw-writer	0xeb9810	0xebcdb7	call	0xeb4380
classic	instrument-raw-writer	0xeb9810	0xebcdc8	call	0xbb870
classic	instrument-raw-writer	0xeb9810	0xebcddb	call	0x6f510
classic	instrument-raw-writer	0xeb9810	0xebcde9	call	0x529cf0
classic	instrument-raw-writer	0xeb9810	0xebcdfc	call	0x6f4f0
classic	instrument-raw-writer	0xeb9810	0xebce0d	call	0xbb700
classic	instrument-raw-writer	0xeb9810	0xebce20	call	0x6f510
classic	instrument-raw-writer	0xeb9810	0xebce2e	call	0x529cf0
classic	instrument-raw-writer	0xeb9810	0xebce41	call	0x6f4f0
classic	instrument-raw-writer	0xeb9810	0xebce52	call	0xbb700
classic	instrument-raw-writer	0xeb9810	0xebce65	call	0x6f510
classic	instrument-raw-writer	0xeb9810	0xebce78	call	0xb9ca0
classic	instrument-raw-writer	0xeb9810	0xebce8b	call	0x6f4f0
classic	instrument-raw-writer	0xeb9810	0xebcea4	call	0x6f4f0
classic	instrument-raw-writer	0xeb9810	0xebceb7	call	0x6f4f0
classic	instrument-raw-writer	0xeb9810	0xebcec8	call	0xbb700
classic	instrument-raw-writer	0xeb9810	0xebced2	call	0x71ec0
classic	instrument-raw-writer	0xeb9810	0xebcef2	jmp	0xebc450
classic	instrument-raw-writer	0xeb9810	0xebceff	jmp	0xebc450
classic	instrument-raw-writer	0xeb9810	0xebcf0e	jmp	0xebc450
classic	instrument-raw-writer	0xeb9810	0xebcf18	call	0x71ec0
classic	instrument-raw-writer	0xeb9810	0xebcf87	call	0x71ec0
classic	instrument-raw-writer	0xeb9810	0xebcf95	call	0x71ec0
classic	instrument-raw-writer	0xeb9810	0xebcf9e	jmp	0xebcfae
classic	instrument-raw-writer	0xeb9810	0xebcfa5	call	0x71ec0
classic	instrument-raw-writer	0xeb9810	0xebcfc3	jmp	0xebcfdb
classic	instrument-raw-writer	0xeb9810	0xebcfe9	call	0x6f530
classic	instrument-raw-writer	0xeb9810	0xebcffc	call	0x6f4f0
classic	instrument-raw-writer	0xeb9810	0xebd00c	call	0xbb700
classic	instrument-raw-writer	0xeb9810	0xebd01f	call	0x6f530
classic	instrument-raw-writer	0xeb9810	0xebd032	call	0x6f4f0
classic	instrument-raw-writer	0xeb9810	0xebd042	call	0xbb700
classic	instrument-raw-writer	0xeb9810	0xebd078	call	0x6f510
classic	instrument-raw-writer	0xeb9810	0xebd08b	call	0xb9ca0
classic	instrument-raw-writer	0xeb9810	0xebd09e	call	0x6f4f0
classic	instrument-raw-writer	0xeb9810	0xebd0af	call	0xbb700
classic	instrument-raw-writer	0xeb9810	0xebd0c0	call	0xbb870
classic	instrument-raw-writer	0xeb9810	0xebd0de	call	0x680e0
classic	instrument-raw-writer	0xeb9810	0xebd0f3	call	0x529cf0
classic	instrument-raw-writer	0xeb9810	0xebd106	call	0x6f4f0
classic	instrument-raw-writer	0xeb9810	0xebd117	call	0xbb700
classic	instrument-raw-writer	0xeb9810	0xebd124	call	0x67dc0
classic	instrument-raw-writer	0xeb9810	0xebd142	call	0x680e0
classic	instrument-raw-writer	0xeb9810	0xebd157	call	0x529cf0
classic	instrument-raw-writer	0xeb9810	0xebd16a	call	0x6f4f0
classic	instrument-raw-writer	0xeb9810	0xebd17b	call	0xbb700
classic	instrument-raw-writer	0xeb9810	0xebd188	call	0x67dc0
classic	instrument-raw-writer	0xeb9810	0xebd199	call	0xbb870
classic	instrument-raw-writer	0xeb9810	0xebd1aa	call	0xbb870
classic	instrument-raw-writer	0xeb9810	0xebd1bb	call	0xbb870
classic	instrument-raw-writer	0xeb9810	0xebd1ce	call	0x6f510
classic	instrument-raw-writer	0xeb9810	0xebd1e1	call	0xb9ca0
classic	instrument-raw-writer	0xeb9810	0xebd1f4	call	0x6f4f0
classic	instrument-raw-writer	0xeb9810	0xebd207	call	0x6f4f0
classic	instrument-raw-writer	0xeb9810	0xebd21a	call	0xb9ca0
classic	instrument-raw-writer	0xeb9810	0xebd22d	call	0x6f4f0
classic	instrument-raw-writer	0xeb9810	0xebd240	call	0x6f4f0
classic	instrument-raw-writer	0xeb9810	0xebd251	call	0xbb700
classic	instrument-raw-writer	0xeb9810	0xebd262	call	0xbb870
classic	instrument-raw-writer	0xeb9810	0xebd275	call	0xeb4380
classic	instrument-raw-writer	0xeb9810	0xebd286	call	0xbb870
classic	instrument-raw-writer	0xeb9810	0xebd299	call	0x6f510
classic	instrument-raw-writer	0xeb9810	0xebd2a7	call	0x529cf0
classic	instrument-raw-writer	0xeb9810	0xebd2ba	call	0x6f4f0
classic	instrument-raw-writer	0xeb9810	0xebd2cb	call	0xbb700
classic	instrument-raw-writer	0xeb9810	0xebd2de	call	0x6f510
classic	instrument-raw-writer	0xeb9810	0xebd2ec	call	0x529cf0
classic	instrument-raw-writer	0xeb9810	0xebd2ff	call	0x6f4f0
classic	instrument-raw-writer	0xeb9810	0xebd310	call	0xbb700
classic	instrument-raw-writer	0xeb9810	0xebd323	call	0x6f510
classic	instrument-raw-writer	0xeb9810	0xebd336	call	0xb9ca0
classic	instrument-raw-writer	0xeb9810	0xebd349	call	0x6f4f0
classic	instrument-raw-writer	0xeb9810	0xebd35a	call	0xbb700
classic	instrument-raw-writer	0xeb9810	0xebd36d	call	0x6f510
classic	instrument-raw-writer	0xeb9810	0xebd380	call	0xb9ca0
classic	instrument-raw-writer	0xeb9810	0xebd393	call	0x6f4f0
classic	instrument-raw-writer	0xeb9810	0xebd3a4	call	0xbb700
classic	instrument-raw-writer	0xeb9810	0xebd3b5	call	0xbb870
classic	instrument-raw-writer	0xeb9810	0xebd3d3	call	0x680e0
classic	instrument-raw-writer	0xeb9810	0xebd3e3	call	0x529cf0
classic	instrument-raw-writer	0xeb9810	0xebd3f6	call	0x6f4f0
classic	instrument-raw-writer	0xeb9810	0xebd407	call	0xbb700
classic	instrument-raw-writer	0xeb9810	0xebd414	call	0x67dc0
classic	instrument-raw-writer	0xeb9810	0xebd42d	call	0x680e0
classic	instrument-raw-writer	0xeb9810	0xebd43d	call	0x529cf0
classic	instrument-raw-writer	0xeb9810	0xebd450	call	0x6f4f0
classic	instrument-raw-writer	0xeb9810	0xebd461	call	0xbb700
classic	instrument-raw-writer	0xeb9810	0xebd46e	call	0x67dc0
classic	instrument-raw-writer	0xeb9810	0xebd47f	call	0xbb870
classic	instrument-raw-writer	0xeb9810	0xebd490	call	0xbb870
classic	instrument-raw-writer	0xeb9810	0xebd4a1	call	0xbb870
classic	instrument-raw-writer	0xeb9810	0xebd4b4	call	0x6f510
classic	instrument-raw-writer	0xeb9810	0xebd4c7	call	0xb9ca0
classic	instrument-raw-writer	0xeb9810	0xebd4da	call	0x6f4f0
classic	instrument-raw-writer	0xeb9810	0xebd4ed	call	0x6f4f0
classic	instrument-raw-writer	0xeb9810	0xebd500	call	0xb9ca0
classic	instrument-raw-writer	0xeb9810	0xebd513	call	0x6f4f0
classic	instrument-raw-writer	0xeb9810	0xebd526	call	0x6f4f0
classic	instrument-raw-writer	0xeb9810	0xebd537	call	0xbb700
classic	instrument-raw-writer	0xeb9810	0xebd548	call	0xbb870
classic	instrument-raw-writer	0xeb9810	0xebd55b	call	0xeb4380
classic	instrument-raw-writer	0xeb9810	0xebd56c	call	0xbb870
classic	instrument-raw-writer	0xeb9810	0xebd57f	call	0x6f510
classic	instrument-raw-writer	0xeb9810	0xebd58d	call	0x529cf0
classic	instrument-raw-writer	0xeb9810	0xebd5a0	call	0x6f4f0
classic	instrument-raw-writer	0xeb9810	0xebd5b1	call	0xbb700
classic	instrument-raw-writer	0xeb9810	0xebd5c4	call	0x6f510
classic	instrument-raw-writer	0xeb9810	0xebd5d3	call	0x529cf0
classic	instrument-raw-writer	0xeb9810	0xebd5e6	call	0x6f4f0
classic	instrument-raw-writer	0xeb9810	0xebd5f7	call	0xbb700
classic	instrument-raw-writer	0xeb9810	0xebd60a	call	0x6f510
classic	instrument-raw-writer	0xeb9810	0xebd61d	call	0xb9ca0
classic	instrument-raw-writer	0xeb9810	0xebd630	call	0x6f4f0
classic	instrument-raw-writer	0xeb9810	0xebd641	call	0xbb700
classic	instrument-raw-writer	0xeb9810	0xebd64b	call	0x71ec0
classic	instrument-raw-writer	0xeb9810	0xebd660	jmp	0xebc44a
classic	instrument-raw-writer	0xeb9810	0xebd6cd	call	0x71ec0
classic	instrument-raw-writer	0xeb9810	0xebd6db	call	0x71ec0
classic	instrument-raw-writer	0xeb9810	0xebd6e9	call	0x71ec0
classic	instrument-raw-writer	0xeb9810	0xebd6f2	jmp	0xebd716
classic	instrument-raw-writer	0xeb9810	0xebd6f9	call	0x71ec0
classic	instrument-raw-writer	0xeb9810	0xebd702	jmp	0xebd716
classic	instrument-raw-writer	0xeb9810	0xebd70b	call	0x71ec0
classic	instrument-raw-writer	0xeb9810	0xebd72b	jmp	0xebd743
classic	instrument-raw-writer	0xeb9810	0xebd751	call	0x6f530
classic	instrument-raw-writer	0xeb9810	0xebd764	call	0x6f4f0
classic	instrument-raw-writer	0xeb9810	0xebd774	call	0xbb700
classic	instrument-raw-writer	0xeb9810	0xebd787	call	0x6f530
classic	instrument-raw-writer	0xeb9810	0xebd79a	call	0x6f4f0
classic	instrument-raw-writer	0xeb9810	0xebd7aa	call	0xbb700
classic	instrument-raw-writer	0xeb9810	0xebd7df	call	0x6f510
classic	instrument-raw-writer	0xeb9810	0xebd7f2	call	0xb9ca0
classic	instrument-raw-writer	0xeb9810	0xebd805	call	0x6f4f0
classic	instrument-raw-writer	0xeb9810	0xebd816	call	0xbb700
classic	instrument-raw-writer	0xeb9810	0xebd827	call	0xbb870
classic	instrument-raw-writer	0xeb9810	0xebd845	call	0x680e0
classic	instrument-raw-writer	0xeb9810	0xebd85a	call	0x529cf0
classic	instrument-raw-writer	0xeb9810	0xebd86d	call	0x6f4f0
classic	instrument-raw-writer	0xeb9810	0xebd87e	call	0xbb700
classic	instrument-raw-writer	0xeb9810	0xebd88b	call	0x67dc0
classic	instrument-raw-writer	0xeb9810	0xebd8a9	call	0x680e0
classic	instrument-raw-writer	0xeb9810	0xebd8be	call	0x529cf0
classic	instrument-raw-writer	0xeb9810	0xebd8d1	call	0x6f4f0
classic	instrument-raw-writer	0xeb9810	0xebd8e2	call	0xbb700
classic	instrument-raw-writer	0xeb9810	0xebd8ef	call	0x67dc0
classic	instrument-raw-writer	0xeb9810	0xebd900	call	0xbb870
classic	instrument-raw-writer	0xeb9810	0xebd911	call	0xbb870
classic	instrument-raw-writer	0xeb9810	0xebd922	call	0xbb870
classic	instrument-raw-writer	0xeb9810	0xebd935	call	0x6f510
classic	instrument-raw-writer	0xeb9810	0xebd948	call	0xb9ca0
classic	instrument-raw-writer	0xeb9810	0xebd95b	call	0x6f4f0
classic	instrument-raw-writer	0xeb9810	0xebd96e	call	0x6f4f0
classic	instrument-raw-writer	0xeb9810	0xebd981	call	0xb9ca0
classic	instrument-raw-writer	0xeb9810	0xebd994	call	0x6f4f0
classic	instrument-raw-writer	0xeb9810	0xebd9a7	call	0x6f4f0
classic	instrument-raw-writer	0xeb9810	0xebd9b8	call	0xbb700
classic	instrument-raw-writer	0xeb9810	0xebd9c9	call	0xbb870
classic	instrument-raw-writer	0xeb9810	0xebd9dc	call	0xeb4380
classic	instrument-raw-writer	0xeb9810	0xebd9ed	call	0xbb870
classic	instrument-raw-writer	0xeb9810	0xebda00	call	0x6f510
classic	instrument-raw-writer	0xeb9810	0xebda0e	call	0x529cf0
classic	instrument-raw-writer	0xeb9810	0xebda21	call	0x6f4f0
classic	instrument-raw-writer	0xeb9810	0xebda32	call	0xbb700
classic	instrument-raw-writer	0xeb9810	0xebda45	call	0x6f510
classic	instrument-raw-writer	0xeb9810	0xebda53	call	0x529cf0
classic	instrument-raw-writer	0xeb9810	0xebda66	call	0x6f4f0
classic	instrument-raw-writer	0xeb9810	0xebda77	call	0xbb700
classic	instrument-raw-writer	0xeb9810	0xebda8a	call	0x6f510
classic	instrument-raw-writer	0xeb9810	0xebda9d	call	0xb9ca0
classic	instrument-raw-writer	0xeb9810	0xebdab0	call	0x6f4f0
classic	instrument-raw-writer	0xeb9810	0xebdad0	call	0x6f4f0
classic	instrument-raw-writer	0xeb9810	0xebdae3	call	0x6f4f0
classic	instrument-raw-writer	0xeb9810	0xebdaf4	call	0xbb700
classic	instrument-raw-writer	0xeb9810	0xebdb07	call	0x6f510
classic	instrument-raw-writer	0xeb9810	0xebdb1a	call	0xb9ca0
classic	instrument-raw-writer	0xeb9810	0xebdb2d	call	0x6f4f0
classic	instrument-raw-writer	0xeb9810	0xebdb3e	call	0xbb700
classic	instrument-raw-writer	0xeb9810	0xebdb4f	call	0xbb870
classic	instrument-raw-writer	0xeb9810	0xebdb6d	call	0x680e0
classic	instrument-raw-writer	0xeb9810	0xebdb7d	call	0x529cf0
classic	instrument-raw-writer	0xeb9810	0xebdb90	call	0x6f4f0
classic	instrument-raw-writer	0xeb9810	0xebdba1	call	0xbb700
classic	instrument-raw-writer	0xeb9810	0xebdbae	call	0x67dc0
classic	instrument-raw-writer	0xeb9810	0xebdbc7	call	0x680e0
classic	instrument-raw-writer	0xeb9810	0xebdbd7	call	0x529cf0
classic	instrument-raw-writer	0xeb9810	0xebdbea	call	0x6f4f0
classic	instrument-raw-writer	0xeb9810	0xebdbfb	call	0xbb700
classic	instrument-raw-writer	0xeb9810	0xebdc08	call	0x67dc0
classic	instrument-raw-writer	0xeb9810	0xebdc19	call	0xbb870
classic	instrument-raw-writer	0xeb9810	0xebdc2a	call	0xbb870
classic	instrument-raw-writer	0xeb9810	0xebdc3b	call	0xbb870
classic	instrument-raw-writer	0xeb9810	0xebdc4e	call	0x6f510
classic	instrument-raw-writer	0xeb9810	0xebdc61	call	0xb9ca0
classic	instrument-raw-writer	0xeb9810	0xebdc74	call	0x6f4f0
classic	instrument-raw-writer	0xeb9810	0xebdc87	call	0x6f4f0
classic	instrument-raw-writer	0xeb9810	0xebdc9a	call	0xb9ca0
classic	instrument-raw-writer	0xeb9810	0xebdcad	call	0x6f4f0
classic	instrument-raw-writer	0xeb9810	0xebdcc0	call	0x6f4f0
classic	instrument-raw-writer	0xeb9810	0xebdcd1	call	0xbb700
classic	instrument-raw-writer	0xeb9810	0xebdce2	call	0xbb870
classic	instrument-raw-writer	0xeb9810	0xebdcf5	call	0xeb4380
classic	instrument-raw-writer	0xeb9810	0xebdd06	call	0xbb870
classic	instrument-raw-writer	0xeb9810	0xebdd19	call	0x6f510
classic	instrument-raw-writer	0xeb9810	0xebdd28	call	0x529cf0
classic	instrument-raw-writer	0xeb9810	0xebdd3b	call	0x6f4f0
classic	instrument-raw-writer	0xeb9810	0xebdd4c	call	0xbb700
classic	instrument-raw-writer	0xeb9810	0xebdd5f	call	0x6f510
classic	instrument-raw-writer	0xeb9810	0xebdd6d	call	0x529cf0
classic	instrument-raw-writer	0xeb9810	0xebdd80	call	0x6f4f0
classic	instrument-raw-writer	0xeb9810	0xebdd91	call	0xbb700
classic	instrument-raw-writer	0xeb9810	0xebdda4	call	0x6f510
classic	instrument-raw-writer	0xeb9810	0xebddb7	call	0xb9ca0
classic	instrument-raw-writer	0xeb9810	0xebddca	call	0x6f4f0
classic	instrument-raw-writer	0xeb9810	0xebdde3	call	0x6f4f0
classic	instrument-raw-writer	0xeb9810	0xebddf6	call	0x6f4f0
classic	instrument-raw-writer	0xeb9810	0xebde07	call	0xbb700
classic	instrument-raw-writer	0xeb9810	0xebde11	call	0x71ec0
classic	instrument-raw-writer	0xeb9810	0xebde26	jmp	0xebde32
classic	instrument-raw-writer	0xeb9810	0xebde37	call	0x71ec0
classic	instrument-raw-writer	0xeb9810	0xebde5a	jmp	0xebc450
classic	instrument-raw-writer	0xeb9810	0xebde6b	call	0x6f4f0
classic	instrument-raw-writer	0xeb9810	0xebde7e	call	0x6f4f0
classic	instrument-raw-writer	0xeb9810	0xebde91	call	0xb9ca0
classic	instrument-raw-writer	0xeb9810	0xebdea4	call	0x6f4f0
classic	instrument-raw-writer	0xeb9810	0xebdea9	jmp	0xebdf18
classic	instrument-raw-writer	0xeb9810	0xebdeb9	call	0x6f4f0
classic	instrument-raw-writer	0xeb9810	0xebdecc	call	0x6f4f0
classic	instrument-raw-writer	0xeb9810	0xebdedf	call	0xb9ca0
classic	instrument-raw-writer	0xeb9810	0xebdef2	call	0x6f4f0
classic	instrument-raw-writer	0xeb9810	0xebdef7	jmp	0xebdf18
classic	instrument-raw-writer	0xeb9810	0xebdf00	call	0x6f4f0
classic	instrument-raw-writer	0xeb9810	0xebdf13	call	0xb9ca0
classic	instrument-raw-writer	0xeb9810	0xebdf26	call	0x6f4f0
classic	instrument-raw-writer	0xeb9810	0xebdf37	call	0xbb700
classic	instrument-raw-writer	0xeb9810	0xebdf48	call	0xbb870
classic	instrument-raw-writer	0xeb9810	0xebdf5b	call	0xeb4380
classic	instrument-raw-writer	0xeb9810	0xebdf6c	call	0xbb870
classic	instrument-raw-writer	0xeb9810	0xebdf7f	call	0x6f510
classic	instrument-raw-writer	0xeb9810	0xebdf8d	call	0x529cf0
classic	instrument-raw-writer	0xeb9810	0xebdfa0	call	0x6f4f0
classic	instrument-raw-writer	0xeb9810	0xebdfb1	call	0xbb700
classic	instrument-raw-writer	0xeb9810	0xebdfc4	call	0x6f510
classic	instrument-raw-writer	0xeb9810	0xebdfd5	call	0x529cf0
classic	instrument-raw-writer	0xeb9810	0xebdfe8	call	0x6f4f0
classic	instrument-raw-writer	0xeb9810	0xebdff9	call	0xbb700
classic	instrument-raw-writer	0xeb9810	0xebe00c	call	0x6f510
classic	instrument-raw-writer	0xeb9810	0xebe01f	call	0xb9ca0
classic	instrument-raw-writer	0xeb9810	0xebe030	jmp	0xebe04e
classic	instrument-raw-writer	0xeb9810	0xebe03e	jmp	0xebe04e
classic	instrument-raw-writer	0xeb9810	0xebe055	call	0x6f4f0
classic	instrument-raw-writer	0xeb9810	0xebe06e	call	0x6f4f0
classic	instrument-raw-writer	0xeb9810	0xebe081	call	0x6f4f0
classic	instrument-raw-writer	0xeb9810	0xebe092	call	0xbb700
classic	instrument-raw-writer	0xeb9810	0xebe0b1	call	0x6f510
classic	instrument-raw-writer	0xeb9810	0xebe0c4	call	0xb9ca0
classic	instrument-raw-writer	0xeb9810	0xebe0d7	call	0x6f4f0
classic	instrument-raw-writer	0xeb9810	0xebe0e8	call	0xbb700
classic	instrument-raw-writer	0xeb9810	0xebe0f9	call	0xbb870
classic	instrument-raw-writer	0xeb9810	0xebe117	call	0x680e0
classic	instrument-raw-writer	0xeb9810	0xebe12c	call	0x529cf0
classic	instrument-raw-writer	0xeb9810	0xebe13f	call	0x6f4f0
classic	instrument-raw-writer	0xeb9810	0xebe150	call	0xbb700
classic	instrument-raw-writer	0xeb9810	0xebe15d	call	0x67dc0
classic	instrument-raw-writer	0xeb9810	0xebe17b	call	0x680e0
classic	instrument-raw-writer	0xeb9810	0xebe190	call	0x529cf0
classic	instrument-raw-writer	0xeb9810	0xebe1a3	call	0x6f4f0
classic	instrument-raw-writer	0xeb9810	0xebe1b4	call	0xbb700
classic	instrument-raw-writer	0xeb9810	0xebe1c1	call	0x67dc0
classic	instrument-raw-writer	0xeb9810	0xebe1d2	call	0xbb870
classic	instrument-raw-writer	0xeb9810	0xebe1e3	call	0xbb870
classic	instrument-raw-writer	0xeb9810	0xebe1f4	call	0xbb870
classic	instrument-raw-writer	0xeb9810	0xebe207	call	0x6f510
classic	instrument-raw-writer	0xeb9810	0xebe21a	call	0xb9ca0
classic	instrument-raw-writer	0xeb9810	0xebe22d	call	0x6f4f0
classic	instrument-raw-writer	0xeb9810	0xebe240	call	0x6f4f0
classic	instrument-raw-writer	0xeb9810	0xebe253	call	0xb9ca0
classic	instrument-raw-writer	0xeb9810	0xebe266	call	0x6f4f0
classic	instrument-raw-writer	0xeb9810	0xebe279	call	0x6f4f0
classic	instrument-raw-writer	0xeb9810	0xebe28a	call	0xbb700
classic	instrument-raw-writer	0xeb9810	0xebe29b	call	0xbb870
classic	instrument-raw-writer	0xeb9810	0xebe2ae	call	0xeb4380
classic	instrument-raw-writer	0xeb9810	0xebe2bf	call	0xbb870
classic	instrument-raw-writer	0xeb9810	0xebe2d2	call	0x6f510
classic	instrument-raw-writer	0xeb9810	0xebe2e3	call	0x529cf0
classic	instrument-raw-writer	0xeb9810	0xebe2f6	call	0x6f4f0
classic	instrument-raw-writer	0xeb9810	0xebe307	call	0xbb700
classic	instrument-raw-writer	0xeb9810	0xebe31a	call	0x6f510
classic	instrument-raw-writer	0xeb9810	0xebe32b	call	0x529cf0
classic	instrument-raw-writer	0xeb9810	0xebe33e	call	0x6f4f0
classic	instrument-raw-writer	0xeb9810	0xebe34f	call	0xbb700
classic	instrument-raw-writer	0xeb9810	0xebe362	call	0x6f510
classic	instrument-raw-writer	0xeb9810	0xebe375	call	0xb9ca0
classic	instrument-raw-writer	0xeb9810	0xebe388	call	0x6f4f0
classic	instrument-raw-writer	0xeb9810	0xebe399	call	0xbb700
classic	instrument-raw-writer	0xeb9810	0xebe3ac	call	0x6f510
classic	instrument-raw-writer	0xeb9810	0xebe3bf	call	0xb9ca0
classic	instrument-raw-writer	0xeb9810	0xebe3d2	call	0x6f4f0
classic	instrument-raw-writer	0xeb9810	0xebe3e3	call	0xbb700
classic	instrument-raw-writer	0xeb9810	0xebe3f4	call	0xbb870
classic	instrument-raw-writer	0xeb9810	0xebe412	call	0x680e0
classic	instrument-raw-writer	0xeb9810	0xebe427	call	0x529cf0
classic	instrument-raw-writer	0xeb9810	0xebe43a	call	0x6f4f0
classic	instrument-raw-writer	0xeb9810	0xebe44b	call	0xbb700
classic	instrument-raw-writer	0xeb9810	0xebe458	call	0x67dc0
classic	instrument-raw-writer	0xeb9810	0xebe476	call	0x680e0
classic	instrument-raw-writer	0xeb9810	0xebe48b	call	0x529cf0
classic	instrument-raw-writer	0xeb9810	0xebe49e	call	0x6f4f0
classic	instrument-raw-writer	0xeb9810	0xebe4af	call	0xbb700
classic	instrument-raw-writer	0xeb9810	0xebe4bc	call	0x67dc0
classic	instrument-raw-writer	0xeb9810	0xebe4cf	call	0x6f510
classic	instrument-raw-writer	0xeb9810	0xebe4e2	call	0xb9ca0
classic	instrument-raw-writer	0xeb9810	0xebe4f5	call	0x6f4f0
classic	instrument-raw-writer	0xeb9810	0xebe508	call	0xb9ca0
classic	instrument-raw-writer	0xeb9810	0xebe51b	call	0x6f4f0
classic	instrument-raw-writer	0xeb9810	0xebe52c	call	0xbb700
classic	instrument-raw-writer	0xeb9810	0xebe53d	call	0xbb870
classic	instrument-raw-writer	0xeb9810	0xebe550	call	0x6f510
classic	instrument-raw-writer	0xeb9810	0xebe55f	call	0x529cf0
classic	instrument-raw-writer	0xeb9810	0xebe572	call	0x6f4f0
classic	instrument-raw-writer	0xeb9810	0xebe583	call	0xbb700
classic	instrument-raw-writer	0xeb9810	0xebe59d	call	0xbb870
classic	instrument-raw-writer	0xeb9810	0xebe5b9	call	0xbb870
classic	instrument-raw-writer	0xeb9810	0xebe5cc	call	0x6f510
classic	instrument-raw-writer	0xeb9810	0xebe5df	call	0x6f4f0
classic	instrument-raw-writer	0xeb9810	0xebe5f2	call	0xb9ca0
classic	instrument-raw-writer	0xeb9810	0xebe605	call	0x6f4f0
classic	instrument-raw-writer	0xeb9810	0xebe618	call	0x6f4f0
classic	instrument-raw-writer	0xeb9810	0xebe629	call	0xbb700
classic	instrument-raw-writer	0xeb9810	0xebe63c	call	0x6f510
classic	instrument-raw-writer	0xeb9810	0xebe64f	call	0x6f4f0
classic	instrument-raw-writer	0xeb9810	0xebe662	call	0xb9ca0
classic	instrument-raw-writer	0xeb9810	0xebe675	call	0x6f4f0
classic	instrument-raw-writer	0xeb9810	0xebe688	call	0x6f4f0
classic	instrument-raw-writer	0xeb9810	0xebe699	call	0xbb700
classic	instrument-raw-writer	0xeb9810	0xebe6b3	call	0xbb870
classic	instrument-raw-writer	0xeb9810	0xebe6c6	call	0x6f510
classic	instrument-raw-writer	0xeb9810	0xebe6d9	call	0x6f4f0
classic	instrument-raw-writer	0xeb9810	0xebe6ec	call	0xb9ca0
classic	instrument-raw-writer	0xeb9810	0xebe6ff	call	0x6f4f0
classic	instrument-raw-writer	0xeb9810	0xebe712	call	0x6f4f0
classic	instrument-raw-writer	0xeb9810	0xebe723	call	0xbb700
classic	instrument-raw-writer	0xeb9810	0xebe736	call	0x6f510
classic	instrument-raw-writer	0xeb9810	0xebe749	call	0x6f4f0
classic	instrument-raw-writer	0xeb9810	0xebe75c	call	0xb9ca0
classic	instrument-raw-writer	0xeb9810	0xebe76f	call	0x6f4f0
classic	instrument-raw-writer	0xeb9810	0xebe782	call	0x6f4f0
classic	instrument-raw-writer	0xeb9810	0xebe793	call	0xbb700
classic	instrument-raw-writer	0xeb9810	0xebe7af	call	0xbb870
classic	instrument-raw-writer	0xeb9810	0xebe7c2	call	0x6f510
classic	instrument-raw-writer	0xeb9810	0xebe7d5	call	0x6f4f0
classic	instrument-raw-writer	0xeb9810	0xebe7e8	call	0xb9ca0
classic	instrument-raw-writer	0xeb9810	0xebe7fb	call	0x6f4f0
classic	instrument-raw-writer	0xeb9810	0xebe80e	call	0x6f4f0
classic	instrument-raw-writer	0xeb9810	0xebe81f	call	0xbb700
classic	instrument-raw-writer	0xeb9810	0xebe839	call	0xbb870
classic	instrument-raw-writer	0xeb9810	0xebe84c	call	0x6f510
classic	instrument-raw-writer	0xeb9810	0xebe85f	call	0x6f4f0
classic	instrument-raw-writer	0xeb9810	0xebe872	call	0xb9ca0
classic	instrument-raw-writer	0xeb9810	0xebe885	call	0x6f4f0
classic	instrument-raw-writer	0xeb9810	0xebe898	call	0x6f4f0
classic	instrument-raw-writer	0xeb9810	0xebe8a9	call	0xbb700
classic	instrument-raw-writer	0xeb9810	0xebe8bc	call	0x6f510
classic	instrument-raw-writer	0xeb9810	0xebe8cf	call	0x6f4f0
classic	instrument-raw-writer	0xeb9810	0xebe8e2	call	0xb9ca0
classic	instrument-raw-writer	0xeb9810	0xebe8f5	call	0x6f4f0
classic	instrument-raw-writer	0xeb9810	0xebe908	call	0x6f4f0
classic	instrument-raw-writer	0xeb9810	0xebe919	call	0xbb700
classic	instrument-raw-writer	0xeb9810	0xebe92c	call	0x6f510
classic	instrument-raw-writer	0xeb9810	0xebe93f	call	0x6f4f0
classic	instrument-raw-writer	0xeb9810	0xebe952	call	0xb9ca0
classic	instrument-raw-writer	0xeb9810	0xebe972	call	0x6f4f0
classic	instrument-raw-writer	0xeb9810	0xebe983	call	0xbb700
classic	instrument-raw-writer	0xeb9810	0xebe98f	call	0x6f4b0
classic	instrument-raw-writer	0xeb9810	0xebe9aa	call	0x6f510
classic	instrument-raw-writer	0xeb9810	0xebe9bd	call	0x6f4f0
classic	instrument-raw-writer	0xeb9810	0xebe9d0	call	0xb9ca0
classic	instrument-raw-writer	0xeb9810	0xebe9e1	jmp	0xebe9ff
classic	instrument-raw-writer	0xeb9810	0xebe9ef	jmp	0xebe9ff
classic	instrument-raw-writer	0xeb9810	0xebea06	call	0x6f4f0
classic	instrument-raw-writer	0xeb9810	0xebea17	call	0xbb700
classic	instrument-raw-writer	0xeb9810	0xebea2e	call	0x6f510
classic	instrument-raw-writer	0xeb9810	0xebea41	call	0x6f4f0
classic	instrument-raw-writer	0xeb9810	0xebea54	call	0xb9ca0
classic	instrument-raw-writer	0xeb9810	0xebea67	call	0x6f4f0
classic	instrument-raw-writer	0xeb9810	0xebea7a	call	0x6f4f0
classic	instrument-raw-writer	0xeb9810	0xebea8b	call	0xbb700
classic	instrument-raw-writer	0xeb9810	0xebea9e	call	0x6f510
classic	instrument-raw-writer	0xeb9810	0xebeaac	call	0x529cf0
classic	instrument-raw-writer	0xeb9810	0xebeabf	call	0x6f4f0
classic	instrument-raw-writer	0xeb9810	0xebead0	call	0x529cf0
classic	instrument-raw-writer	0xeb9810	0xebeae3	call	0x6f4f0
classic	instrument-raw-writer	0xeb9810	0xebeaf4	call	0xbb700
classic	instrument-raw-writer	0xeb9810	0xebeb0a	call	0xbb870
classic	instrument-raw-writer	0xeb9810	0xebeb20	call	0xbb870
classic	instrument-raw-writer	0xeb9810	0xebeb3a	call	0xbb870
classic	instrument-raw-writer	0xeb9810	0xebeb5e	call	0xbb870
classic	instrument-raw-writer	0xeb9810	0xebeb73	call	0xbb870
classic	instrument-raw-writer	0xeb9810	0xebeb94	call	0x71ec0
classic	instrument-raw-writer	0xeb9810	0xebeba4	call	0x71ec0
classic	instrument-raw-writer	0xeb9810	0xebebb6	call	0x71ec0
classic	instrument-raw-writer	0xeb9810	0xebebe1	call	0x71ec0
classic	instrument-raw-writer	0xeb9810	0xebec08	jmp	0xebec60
classic	instrument-raw-writer	0xeb9810	0xebec21	jmp	0xebec60
classic	instrument-raw-writer	0xeb9810	0xebec3e	jmp	0xebec60
classic	instrument-raw-writer	0xeb9810	0xebec6c	call	0xbb870
classic	instrument-raw-writer	0xeb9810	0xebec81	call	0x71ec0
classic	instrument-raw-writer	0xeb9810	0xebec96	call	0xbb870
classic	instrument-raw-writer	0xeb9810	0xebeca0	jmp	0xebecb3
classic	instrument-raw-writer	0xeb9810	0xebeca9	call	0xbb870
classic	instrument-raw-writer	0xeb9810	0xebecbe	call	0x71ec0
classic	instrument-raw-writer	0xeb9810	0xebecd9	call	0xbb870
classic	instrument-raw-writer	0xeb9810	0xebecf5	call	0x71ec0
classic	instrument-raw-writer	0xeb9810	0xebed0a	call	0xbb870
classic	instrument-raw-writer	0xeb9810	0xebed37	call	0x71ec0
classic	instrument-raw-writer	0xeb9810	0xebed4e	jmp	0xebed78
classic	instrument-raw-writer	0xeb9810	0xebed5c	jmp	0xebed78
classic	instrument-raw-writer	0xeb9810	0xebed6a	jmp	0xebed78
classic	instrument-raw-writer	0xeb9810	0xebed90	call	0x6f510
classic	instrument-raw-writer	0xeb9810	0xebed9f	call	0x529cf0
classic	instrument-raw-writer	0xeb9810	0xebedb2	call	0x6f4f0
classic	instrument-raw-writer	0xeb9810	0xebedc0	call	0x529cf0
classic	instrument-raw-writer	0xeb9810	0xebedd3	call	0x6f4f0
classic	instrument-raw-writer	0xeb9810	0xebede4	call	0xbb700
classic	instrument-raw-writer	0xeb9810	0xebedfe	call	0x71ec0
classic	instrument-raw-writer	0xeb9810	0xebee13	call	0xbb870
classic	instrument-raw-writer	0xeb9810	0xebee1a	jmp	0xebee32
classic	instrument-raw-writer	0xeb9810	0xebee28	call	0xbb870
classic	instrument-raw-writer	0xeb9810	0xebee37	call	0x71ec0
classic	instrument-raw-writer	0xeb9810	0xebee4c	call	0xbb870
classic	instrument-raw-writer	0xeb9810	0xebee5d	call	0x296b90
classic	instrument-raw-writer	0xeb9810	0xebee73	call	0xeb2f60
classic	instrument-raw-writer	0xeb9810	0xebee84	call	0xeb36d0
classic	instrument-raw-writer	0xeb9810	0xebee95	call	0xbb870
classic	instrument-raw-writer	0xeb9810	0xebeea8	call	0x6f510
classic	instrument-raw-writer	0xeb9810	0xebeeb4	call	0x6f620
classic	instrument-raw-writer	0xeb9810	0xebeec8	call	0x6f510
classic	instrument-raw-writer	0xeb9810	0xebeedb	call	0xb9ca0
classic	instrument-raw-writer	0xeb9810	0xebeeee	call	0x6f4f0
classic	instrument-raw-writer	0xeb9810	0xebef05	jmp	0xebef4c
classic	instrument-raw-writer	0xeb9810	0xebef15	jmp	0xebef4c
classic	instrument-raw-writer	0xeb9810	0xebef25	jmp	0xebef4c
classic	instrument-raw-writer	0xeb9810	0xebef35	jmp	0xebef4c
classic	instrument-raw-writer	0xeb9810	0xebef53	call	0x6f4f0
classic	instrument-raw-writer	0xeb9810	0xebef66	call	0x6f4f0
classic	instrument-raw-writer	0xeb9810	0xebef75	call	0xeb3dd0
classic	instrument-raw-writer	0xeb9810	0xebef88	call	0x6f4f0
classic	instrument-raw-writer	0xeb9810	0xebefa2	call	0x6f4f0
classic	instrument-raw-writer	0xeb9810	0xebefb1	call	0xeb3dd0
classic	instrument-raw-writer	0xeb9810	0xebefc4	call	0x6f4f0
classic	instrument-raw-writer	0xeb9810	0xebefd3	call	0xeb3dd0
classic	instrument-raw-writer	0xeb9810	0xebefe6	call	0x6f4f0
classic	instrument-raw-writer	0xeb9810	0xebf000	call	0x6f4f0
classic	instrument-raw-writer	0xeb9810	0xebf00f	call	0xeb3dd0
classic	instrument-raw-writer	0xeb9810	0xebf022	call	0x6f4f0
classic	instrument-raw-writer	0xeb9810	0xebf031	call	0xeb3dd0
classic	instrument-raw-writer	0xeb9810	0xebf044	call	0x6f4f0
classic	instrument-raw-writer	0xeb9810	0xebf05e	call	0x6f4f0
classic	instrument-raw-writer	0xeb9810	0xebf06d	call	0xeb3dd0
classic	instrument-raw-writer	0xeb9810	0xebf080	call	0x6f4f0
classic	instrument-raw-writer	0xeb9810	0xebf08f	call	0xeb3dd0
classic	instrument-raw-writer	0xeb9810	0xebf0a2	call	0x6f4f0
classic	instrument-raw-writer	0xeb9810	0xebf0bc	call	0x6f4f0
classic	instrument-raw-writer	0xeb9810	0xebf0cb	call	0xeb3dd0
classic	instrument-raw-writer	0xeb9810	0xebf0de	call	0x6f4f0
classic	instrument-raw-writer	0xeb9810	0xebf0f1	call	0x6f4f0
classic	instrument-raw-writer	0xeb9810	0xebf10b	call	0x6f4f0
classic	instrument-raw-writer	0xeb9810	0xebf125	call	0x6f4f0
classic	instrument-raw-writer	0xeb9810	0xebf13f	call	0x6f4f0
classic	instrument-raw-writer	0xeb9810	0xebf159	call	0x6f4f0
classic	instrument-raw-writer	0xeb9810	0xebf16c	call	0x6f4f0
classic	instrument-raw-writer	0xeb9810	0xebf18a	call	0x6f4f0
classic	instrument-raw-writer	0xeb9810	0xebf1a7	call	0x6f4f0
classic	instrument-raw-writer	0xeb9810	0xebf1ac	jmp	0xebf239
classic	instrument-raw-writer	0xeb9810	0xebf1b8	call	0x6f4f0
classic	instrument-raw-writer	0xeb9810	0xebf1bd	jmp	0xebf239
classic	instrument-raw-writer	0xeb9810	0xebf1c9	call	0x6f4f0
classic	instrument-raw-writer	0xeb9810	0xebf1d5	call	0x6f620
classic	instrument-raw-writer	0xeb9810	0xebf1e4	call	0x52bd80
classic	instrument-raw-writer	0xeb9810	0xebf1f7	call	0xb9ca0
classic	instrument-raw-writer	0xeb9810	0xebf214	call	0x6f4f0
classic	instrument-raw-writer	0xeb9810	0xebf227	call	0x6f4f0
classic	instrument-raw-writer	0xeb9810	0xebf234	call	0x67dc0
classic	instrument-raw-writer	0xeb9810	0xebf247	call	0x6f4f0
classic	instrument-raw-writer	0xeb9810	0xebf256	call	0xeb3dd0
classic	instrument-raw-writer	0xeb9810	0xebf269	call	0x6f4f0
classic	instrument-raw-writer	0xeb9810	0xebf287	call	0x6f4f0
classic	instrument-raw-writer	0xeb9810	0xebf2a4	call	0x6f4f0
classic	instrument-raw-writer	0xeb9810	0xebf2a9	jmp	0xebf336
classic	instrument-raw-writer	0xeb9810	0xebf2b5	call	0x6f4f0
classic	instrument-raw-writer	0xeb9810	0xebf2ba	jmp	0xebf336
classic	instrument-raw-writer	0xeb9810	0xebf2c6	call	0x6f4f0
classic	instrument-raw-writer	0xeb9810	0xebf2d2	call	0x6f620
classic	instrument-raw-writer	0xeb9810	0xebf2e1	call	0x52bd80
classic	instrument-raw-writer	0xeb9810	0xebf2f4	call	0xb9ca0
classic	instrument-raw-writer	0xeb9810	0xebf311	call	0x6f4f0
classic	instrument-raw-writer	0xeb9810	0xebf324	call	0x6f4f0
classic	instrument-raw-writer	0xeb9810	0xebf331	call	0x67dc0
classic	instrument-raw-writer	0xeb9810	0xebf344	call	0x6f4f0
classic	instrument-raw-writer	0xeb9810	0xebf353	call	0xeb3dd0
classic	instrument-raw-writer	0xeb9810	0xebf366	call	0x6f4f0
classic	instrument-raw-writer	0xeb9810	0xebf386	call	0x6f4f0
classic	instrument-raw-writer	0xeb9810	0xebf3a3	call	0x6f4f0
classic	instrument-raw-writer	0xeb9810	0xebf3a8	jmp	0xebf435
classic	instrument-raw-writer	0xeb9810	0xebf3b4	call	0x6f4f0
classic	instrument-raw-writer	0xeb9810	0xebf3b9	jmp	0xebf435
classic	instrument-raw-writer	0xeb9810	0xebf3c5	call	0x6f4f0
classic	instrument-raw-writer	0xeb9810	0xebf3d1	call	0x6f620
classic	instrument-raw-writer	0xeb9810	0xebf3e0	call	0x52bd80
classic	instrument-raw-writer	0xeb9810	0xebf3f3	call	0xb9ca0
classic	instrument-raw-writer	0xeb9810	0xebf410	call	0x6f4f0
classic	instrument-raw-writer	0xeb9810	0xebf423	call	0x6f4f0
classic	instrument-raw-writer	0xeb9810	0xebf430	call	0x67dc0
classic	instrument-raw-writer	0xeb9810	0xebf443	call	0x6f4f0
classic	instrument-raw-writer	0xeb9810	0xebf452	call	0xeb3dd0
classic	instrument-raw-writer	0xeb9810	0xebf465	call	0x6f4f0
classic	instrument-raw-writer	0xeb9810	0xebf49b	call	0x6f4f0
classic	instrument-raw-writer	0xeb9810	0xebf4b8	call	0x6f4f0
classic	instrument-raw-writer	0xeb9810	0xebf4bd	jmp	0xebf54a
classic	instrument-raw-writer	0xeb9810	0xebf4c9	call	0x6f4f0
classic	instrument-raw-writer	0xeb9810	0xebf4ce	jmp	0xebf54a
classic	instrument-raw-writer	0xeb9810	0xebf4da	call	0x6f4f0
classic	instrument-raw-writer	0xeb9810	0xebf4e6	call	0x6f620
classic	instrument-raw-writer	0xeb9810	0xebf4f5	call	0x52bd80
classic	instrument-raw-writer	0xeb9810	0xebf508	call	0xb9ca0
classic	instrument-raw-writer	0xeb9810	0xebf525	call	0x6f4f0
classic	instrument-raw-writer	0xeb9810	0xebf538	call	0x6f4f0
classic	instrument-raw-writer	0xeb9810	0xebf545	call	0x67dc0
classic	instrument-raw-writer	0xeb9810	0xebf558	call	0x6f4f0
classic	instrument-raw-writer	0xeb9810	0xebf57a	call	0x6f4f0
classic	instrument-raw-writer	0xeb9810	0xebf57f	jmp	0xebf5dc
classic	instrument-raw-writer	0xeb9810	0xebf588	call	0x6f620
classic	instrument-raw-writer	0xeb9810	0xebf598	call	0x52bd80
classic	instrument-raw-writer	0xeb9810	0xebf5a4	call	0x52b070
classic	instrument-raw-writer	0xeb9810	0xebf5b7	call	0xb9ca0
classic	instrument-raw-writer	0xeb9810	0xebf5ca	call	0x6f4f0
classic	instrument-raw-writer	0xeb9810	0xebf5d7	call	0x67dc0
classic	instrument-raw-writer	0xeb9810	0xebf5ea	call	0x6f4f0
classic	instrument-raw-writer	0xeb9810	0xebf60c	call	0x6f4f0
classic	instrument-raw-writer	0xeb9810	0xebf611	jmp	0xebf66e
classic	instrument-raw-writer	0xeb9810	0xebf61a	call	0x6f620
classic	instrument-raw-writer	0xeb9810	0xebf62a	call	0x52bd80
classic	instrument-raw-writer	0xeb9810	0xebf636	call	0x52b070
classic	instrument-raw-writer	0xeb9810	0xebf649	call	0xb9ca0
classic	instrument-raw-writer	0xeb9810	0xebf65c	call	0x6f4f0
classic	instrument-raw-writer	0xeb9810	0xebf669	call	0x67dc0
classic	instrument-raw-writer	0xeb9810	0xebf68a	call	0x6f4f0
classic	instrument-raw-writer	0xeb9810	0xebf6ab	call	0x6f4f0
classic	instrument-raw-writer	0xeb9810	0xebf6c7	call	0x6f4f0
classic	instrument-raw-writer	0xeb9810	0xebf6e0	call	0x6f4f0
classic	instrument-raw-writer	0xeb9810	0xebf6e5	jmp	0xebf6f3
classic	instrument-raw-writer	0xeb9810	0xebf6ee	call	0x6f510
classic	instrument-raw-writer	0xeb9810	0xebf701	call	0x6f4f0
classic	instrument-raw-writer	0xeb9810	0xebf724	call	0x6f4f0
classic	instrument-raw-writer	0xeb9810	0xebf73d	call	0x6f4f0
classic	instrument-raw-writer	0xeb9810	0xebf742	jmp	0xebf750
classic	instrument-raw-writer	0xeb9810	0xebf74b	call	0x6f510
classic	instrument-raw-writer	0xeb9810	0xebf75e	call	0x6f4f0
classic	instrument-raw-writer	0xeb9810	0xebf775	call	0x6f4f0
classic	instrument-raw-writer	0xeb9810	0xebf78f	call	0x6f4f0
classic	instrument-raw-writer	0xeb9810	0xebf7a9	call	0x6f4f0
classic	instrument-raw-writer	0xeb9810	0xebf7c3	call	0x6f4f0
classic	instrument-raw-writer	0xeb9810	0xebf7d5	call	0xeb1f50
classic	instrument-raw-writer	0xeb9810	0xebf7ef	call	0x6f4f0
classic	instrument-raw-writer	0xeb9810	0xebf7fe	call	0xeb3dd0
classic	instrument-raw-writer	0xeb9810	0xebf811	call	0x6f4f0
classic	instrument-raw-writer	0xeb9810	0xebf824	call	0xeb3a60
classic	instrument-raw-writer	0xeb9810	0xebf830	call	0x6f2c0
classic	instrument-raw-writer	0xeb9810	0xebf840	call	0xfb4d0
classic	instrument-raw-writer	0xeb9810	0xebf857	call	0x6f2c0
classic	instrument-raw-writer	0xeb9810	0xebf86a	call	0xe11c0
classic	instrument-raw-writer	0xeb9810	0xebf876	call	0x6f2c0
classic	instrument-raw-writer	0xeb9810	0xebf886	call	0xfb4d0
classic	instrument-raw-writer	0xeb9810	0xebf89e	call	0xb9ca0
classic	instrument-raw-writer	0xeb9810	0xebf8b1	call	0x6f4f0
classic	instrument-raw-writer	0xeb9810	0xebf8c2	call	0xbb700
classic	instrument-raw-writer	0xeb9810	0xebf8cf	call	0x67dc0
classic	instrument-raw-writer	0xeb9810	0xebf8dc	call	0xcc88d0
classic	instrument-raw-writer	0xeb9810	0xebf8e9	call	0x67dc0
classic	instrument-raw-writer	0xeb9810	0xebf8f6	call	0x67dc0
classic	instrument-raw-writer	0xeb9810	0xebf903	call	0x67dc0
classic	instrument-raw-writer	0xeb9810	0xebf910	call	0x67dc0
classic	instrument-raw-writer	0xeb9810	0xebf91d	call	0x67dc0
classic	instrument-raw-writer	0xeb9810	0xebf92a	call	0x67dc0
classic	instrument-raw-writer	0xeb9810	0xebf937	call	0x67dc0
classic	instrument-raw-writer	0xeb9810	0xebf944	call	0x67dc0
classic	instrument-raw-writer	0xeb9810	0xebf951	call	0x67dc0
classic	instrument-raw-writer	0xeb9810	0xebf95e	call	0x67dc0
classic	instrument-raw-writer	0xeb9810	0xebf9b6	jmp	0xebf9c6
classic	instrument-raw-writer	0xeb9810	0xebf9cd	call	0x6f620
classic	instrument-raw-writer	0xeb9810	0xebf9ea	call	0x6f1b0
classic	instrument-raw-writer	0xeb9810	0xebf9f6	call	0x6ede0
classic	instrument-raw-writer	0xeb9810	0xebfa12	call	0x71ec0
classic	instrument-raw-writer	0xeb9810	0xebfa1e	call	0x6f1b0
classic	instrument-raw-writer	0xeb9810	0xebfa2d	call	0x6f530
classic	instrument-raw-writer	0xeb9810	0xebfa3d	call	0x6f1d0
classic	instrument-raw-writer	0xeb9810	0xebfa50	call	0x6f1c0
classic	instrument-raw-writer	0xeb9810	0xebfa64	call	0x6edb0
classic	instrument-raw-writer	0xeb9810	0xebfa6e	call	0x65740
classic	instrument-raw-writer	0xeb9810	0xebfa7b	call	0x6eda0
classic	instrument-raw-writer	0xeb9810	0xebfa8e	call	0x6fdd0
classic	instrument-raw-writer	0xeb9810	0xebfa9f	call	0x6ed90
classic	instrument-raw-writer	0xeb9810	0xebfab3	call	0x6edb0
classic	instrument-raw-writer	0xeb9810	0xebfabd	call	0x65740
classic	instrument-raw-writer	0xeb9810	0xebface	call	0x6f1d0
classic	instrument-raw-writer	0xeb9810	0xebfade	call	0x6f1c0
classic	instrument-raw-writer	0xeb9810	0xebfaf2	call	0x6edb0
classic	instrument-raw-writer	0xeb9810	0xebfafc	call	0x65740
classic	instrument-raw-writer	0xeb9810	0xebfb09	call	0x6eda0
classic	instrument-raw-writer	0xeb9810	0xebfb18	call	0x6fdd0
classic	instrument-raw-writer	0xeb9810	0xebfb25	call	0x6ed90
classic	instrument-raw-writer	0xeb9810	0xebfb39	call	0x6edb0
classic	instrument-raw-writer	0xeb9810	0xebfb43	call	0x65740
classic	instrument-raw-writer	0xeb9810	0xebfb4c	jmp	0xebfb67
classic	instrument-raw-writer	0xeb9810	0xebfb59	jmp	0xebfb67
classic	instrument-raw-writer	0xeb9810	0xebfb62	call	0x92e410
classic	instrument-raw-writer	0xeb9810	0xebfb72	call	0xbb700
classic	instrument-raw-writer	0xeb9810	0xebfb85	call	0x6f560
classic	instrument-raw-writer	0xeb9810	0xebfb99	call	0x6f4f0
classic	instrument-raw-writer	0xeb9810	0xebfba8	call	0x529cf0
classic	instrument-raw-writer	0xeb9810	0xebfbbb	call	0xbb700
classic	instrument-raw-writer	0xeb9810	0xebfbc7	call	0x6f620
classic	instrument-raw-writer	0xeb9810	0xebfbd2	call	0x71ec0
classic	instrument-raw-writer	0xeb9810	0xebfc16	call	0x6f620
classic	instrument-raw-writer	0xeb9810	0xebfc23	call	0x6f620
classic	instrument-raw-writer	0xeb9810	0xebfc30	call	0x6f620
classic	instrument-raw-writer	0xeb9810	0xebfc3d	call	0x6f620
classic	instrument-raw-writer	0xeb9810	0xebfc4a	call	0x6f620
classic	instrument-raw-writer	0xeb9810	0xebfc6e	call	0x71ec0
classic	instrument-raw-writer	0xeb9810	0xebfcff	call	0x6f530
classic	instrument-raw-writer	0xeb9810	0xebfd12	call	0x6f4f0
classic	instrument-raw-writer	0xeb9810	0xebfd22	call	0xbb700
classic	instrument-raw-writer	0xeb9810	0xebfd35	call	0x6f530
classic	instrument-raw-writer	0xeb9810	0xebfd48	call	0x6f4f0
classic	instrument-raw-writer	0xeb9810	0xebfd58	call	0xbb700
classic	instrument-raw-writer	0xeb9810	0xebfd6b	call	0x6f530
classic	instrument-raw-writer	0xeb9810	0xebfd7e	call	0x6f4f0
classic	instrument-raw-writer	0xeb9810	0xebfd8e	call	0xbb700
classic	instrument-raw-writer	0xeb9810	0xebfdd5	call	0x6f510
classic	instrument-raw-writer	0xeb9810	0xebfde8	call	0xb9ca0
classic	instrument-raw-writer	0xeb9810	0xebfdfb	call	0x6f4f0
classic	instrument-raw-writer	0xeb9810	0xebfe0c	call	0xbb700
classic	instrument-raw-writer	0xeb9810	0xebfe1d	call	0xbb870
classic	instrument-raw-writer	0xeb9810	0xebfe3b	call	0x680e0
classic	instrument-raw-writer	0xeb9810	0xebfe50	call	0x529cf0
classic	instrument-raw-writer	0xeb9810	0xebfe63	call	0x6f4f0
classic	instrument-raw-writer	0xeb9810	0xebfe74	call	0xbb700
classic	instrument-raw-writer	0xeb9810	0xebfe81	call	0x67dc0
classic	instrument-raw-writer	0xeb9810	0xebfe9f	call	0x680e0
classic	instrument-raw-writer	0xeb9810	0xebfeb4	call	0x529cf0
classic	instrument-raw-writer	0xeb9810	0xebfec7	call	0x6f4f0
classic	instrument-raw-writer	0xeb9810	0xebfed8	call	0xbb700
classic	instrument-raw-writer	0xeb9810	0xebfee5	call	0x67dc0
classic	instrument-raw-writer	0xeb9810	0xebfef6	call	0xbb870
classic	instrument-raw-writer	0xeb9810	0xebff07	call	0xbb870
classic	instrument-raw-writer	0xeb9810	0xebff18	call	0xbb870
classic	instrument-raw-writer	0xeb9810	0xebff2b	call	0x6f510
classic	instrument-raw-writer	0xeb9810	0xebff3e	call	0xb9ca0
classic	instrument-raw-writer	0xeb9810	0xebff51	call	0x6f4f0
classic	instrument-raw-writer	0xeb9810	0xebff64	call	0x6f4f0
classic	instrument-raw-writer	0xeb9810	0xebff77	call	0xb9ca0
classic	instrument-raw-writer	0xeb9810	0xebff8a	call	0x6f4f0
classic	instrument-raw-writer	0xeb9810	0xebff9d	call	0x6f4f0
classic	instrument-raw-writer	0xeb9810	0xebffae	call	0xbb700
classic	instrument-raw-writer	0xeb9810	0xebffbf	call	0xbb870
classic	instrument-raw-writer	0xeb9810	0xebffd2	call	0xeb4380
classic	instrument-raw-writer	0xeb9810	0xebffe3	call	0xbb870
classic	instrument-raw-writer	0xeb9810	0xebfff6	call	0x6f510
classic	instrument-raw-writer	0xeb9810	0xec0004	call	0x529cf0
classic	instrument-raw-writer	0xeb9810	0xec0017	call	0x6f4f0
classic	instrument-raw-writer	0xeb9810	0xec0028	call	0xbb700
classic	instrument-raw-writer	0xeb9810	0xec003b	call	0x6f510
classic	instrument-raw-writer	0xeb9810	0xec0049	call	0x529cf0
classic	instrument-raw-writer	0xeb9810	0xec005c	call	0x6f4f0
classic	instrument-raw-writer	0xeb9810	0xec006d	call	0xbb700
classic	instrument-raw-writer	0xeb9810	0xec0080	call	0x6f510
classic	instrument-raw-writer	0xeb9810	0xec0093	call	0xb9ca0
classic	instrument-raw-writer	0xeb9810	0xec00a6	call	0x6f4f0
classic	instrument-raw-writer	0xeb9810	0xec00b7	call	0xbb700
classic	instrument-raw-writer	0xeb9810	0xec00ca	call	0x6f510
classic	instrument-raw-writer	0xeb9810	0xec00dd	call	0xb9ca0
classic	instrument-raw-writer	0xeb9810	0xec00f0	call	0x6f4f0
classic	instrument-raw-writer	0xeb9810	0xec0101	call	0xbb700
classic	instrument-raw-writer	0xeb9810	0xec0112	call	0xbb870
classic	instrument-raw-writer	0xeb9810	0xec0130	call	0x680e0
classic	instrument-raw-writer	0xeb9810	0xec0140	call	0x529cf0
classic	instrument-raw-writer	0xeb9810	0xec0153	call	0x6f4f0
classic	instrument-raw-writer	0xeb9810	0xec0164	call	0xbb700
classic	instrument-raw-writer	0xeb9810	0xec0171	call	0x67dc0
classic	instrument-raw-writer	0xeb9810	0xec018a	call	0x680e0
classic	instrument-raw-writer	0xeb9810	0xec019a	call	0x529cf0
classic	instrument-raw-writer	0xeb9810	0xec01ad	call	0x6f4f0
classic	instrument-raw-writer	0xeb9810	0xec01be	call	0xbb700
classic	instrument-raw-writer	0xeb9810	0xec01cb	call	0x67dc0
classic	instrument-raw-writer	0xeb9810	0xec01dc	call	0xbb870
classic	instrument-raw-writer	0xeb9810	0xec01ed	call	0xbb870
classic	instrument-raw-writer	0xeb9810	0xec01fe	call	0xbb870
classic	instrument-raw-writer	0xeb9810	0xec0211	call	0x6f510
classic	instrument-raw-writer	0xeb9810	0xec0224	call	0xb9ca0
classic	instrument-raw-writer	0xeb9810	0xec0237	call	0x6f4f0
classic	instrument-raw-writer	0xeb9810	0xec024a	call	0x6f4f0
classic	instrument-raw-writer	0xeb9810	0xec025d	call	0xb9ca0
classic	instrument-raw-writer	0xeb9810	0xec0270	call	0x6f4f0
classic	instrument-raw-writer	0xeb9810	0xec0283	call	0x6f4f0
classic	instrument-raw-writer	0xeb9810	0xec0294	call	0xbb700
classic	instrument-raw-writer	0xeb9810	0xec02a5	call	0xbb870
classic	instrument-raw-writer	0xeb9810	0xec02bb	call	0xeb4380
classic	instrument-raw-writer	0xeb9810	0xec02cc	call	0xbb870
classic	instrument-raw-writer	0xeb9810	0xec02df	call	0x6f510
classic	instrument-raw-writer	0xeb9810	0xec02ed	call	0x529cf0
classic	instrument-raw-writer	0xeb9810	0xec0300	call	0x6f4f0
classic	instrument-raw-writer	0xeb9810	0xec0311	call	0xbb700
classic	instrument-raw-writer	0xeb9810	0xec0324	call	0x6f510
classic	instrument-raw-writer	0xeb9810	0xec0333	call	0x529cf0
classic	instrument-raw-writer	0xeb9810	0xec0346	call	0x6f4f0
classic	instrument-raw-writer	0xeb9810	0xec0357	call	0xbb700
classic	instrument-raw-writer	0xeb9810	0xec036a	call	0x6f510
classic	instrument-raw-writer	0xeb9810	0xec037d	call	0xb9ca0
classic	instrument-raw-writer	0xeb9810	0xec0390	call	0x6f4f0
classic	instrument-raw-writer	0xeb9810	0xec03a1	call	0xbb700
classic	instrument-raw-writer	0xeb9810	0xec03b4	call	0x6f510
classic	instrument-raw-writer	0xeb9810	0xec03c7	call	0xb9ca0
classic	instrument-raw-writer	0xeb9810	0xec03da	call	0x6f4f0
classic	instrument-raw-writer	0xeb9810	0xec03eb	call	0xbb700
classic	instrument-raw-writer	0xeb9810	0xec03fc	call	0xbb870
classic	instrument-raw-writer	0xeb9810	0xec0415	call	0x680e0
classic	instrument-raw-writer	0xeb9810	0xec0425	call	0x529cf0
classic	instrument-raw-writer	0xeb9810	0xec0438	call	0x6f4f0
classic	instrument-raw-writer	0xeb9810	0xec0449	call	0xbb700
classic	instrument-raw-writer	0xeb9810	0xec0456	call	0x67dc0
classic	instrument-raw-writer	0xeb9810	0xec046f	call	0x680e0
classic	instrument-raw-writer	0xeb9810	0xec047f	call	0x529cf0
classic	instrument-raw-writer	0xeb9810	0xec0492	call	0x6f4f0
classic	instrument-raw-writer	0xeb9810	0xec04a3	call	0xbb700
classic	instrument-raw-writer	0xeb9810	0xec04b0	call	0x67dc0
classic	instrument-raw-writer	0xeb9810	0xec04c1	call	0xbb870
classic	instrument-raw-writer	0xeb9810	0xec04d2	call	0xbb870
classic	instrument-raw-writer	0xeb9810	0xec04e3	call	0xbb870
classic	instrument-raw-writer	0xeb9810	0xec04f6	call	0x6f510
classic	instrument-raw-writer	0xeb9810	0xec0509	call	0xb9ca0
classic	instrument-raw-writer	0xeb9810	0xec051c	call	0x6f4f0
classic	instrument-raw-writer	0xeb9810	0xec052f	call	0x6f4f0
classic	instrument-raw-writer	0xeb9810	0xec0542	call	0xb9ca0
classic	instrument-raw-writer	0xeb9810	0xec0555	call	0x6f4f0
classic	instrument-raw-writer	0xeb9810	0xec0568	call	0x6f4f0
classic	instrument-raw-writer	0xeb9810	0xec0579	call	0xbb700
classic	instrument-raw-writer	0xeb9810	0xec058a	call	0xbb870
classic	instrument-raw-writer	0xeb9810	0xec059b	call	0xeb4380
classic	instrument-raw-writer	0xeb9810	0xec05ac	call	0xbb870
classic	instrument-raw-writer	0xeb9810	0xec05bf	call	0x6f510
classic	instrument-raw-writer	0xeb9810	0xec05ce	call	0x529cf0
classic	instrument-raw-writer	0xeb9810	0xec05e1	call	0x6f4f0
classic	instrument-raw-writer	0xeb9810	0xec05f2	call	0xbb700
classic	instrument-raw-writer	0xeb9810	0xec0605	call	0x6f510
classic	instrument-raw-writer	0xeb9810	0xec0614	call	0x529cf0
classic	instrument-raw-writer	0xeb9810	0xec0627	call	0x6f4f0
classic	instrument-raw-writer	0xeb9810	0xec0638	call	0xbb700
classic	instrument-raw-writer	0xeb9810	0xec064b	call	0x6f510
classic	instrument-raw-writer	0xeb9810	0xec065e	call	0xb9ca0
classic	instrument-raw-writer	0xeb9810	0xec0671	call	0x6f4f0
classic	instrument-raw-writer	0xeb9810	0xec0682	call	0xbb700
classic	instrument-raw-writer	0xeb9810	0xec069b	jmp	0xec16db
classic	instrument-raw-writer	0xeb9810	0xec06a8	jmp	0xec16e0
classic	instrument-raw-writer	0xeb9810	0xec06b5	jmp	0xec16e0
classic	instrument-raw-writer	0xeb9810	0xec06c2	jmp	0xec16e0
classic	instrument-raw-writer	0xeb9810	0xec06d1	call	0x71ec0
classic	instrument-raw-writer	0xeb9810	0xec06e6	call	0x71ec0
classic	instrument-raw-writer	0xeb9810	0xec076f	call	0x6f530
classic	instrument-raw-writer	0xeb9810	0xec0782	call	0x6f4f0
classic	instrument-raw-writer	0xeb9810	0xec0792	call	0xbb700
classic	instrument-raw-writer	0xeb9810	0xec07a5	call	0x6f530
classic	instrument-raw-writer	0xeb9810	0xec07b8	call	0x6f4f0
classic	instrument-raw-writer	0xeb9810	0xec07c8	call	0xbb700
classic	instrument-raw-writer	0xeb9810	0xec07db	call	0x6f530
classic	instrument-raw-writer	0xeb9810	0xec07ee	call	0x6f4f0
classic	instrument-raw-writer	0xeb9810	0xec07fe	call	0xbb700
classic	instrument-raw-writer	0xeb9810	0xec0811	call	0x6f530
classic	instrument-raw-writer	0xeb9810	0xec0824	call	0x6f4f0
classic	instrument-raw-writer	0xeb9810	0xec0834	call	0xbb700
classic	instrument-raw-writer	0xeb9810	0xec088f	call	0x6f510
classic	instrument-raw-writer	0xeb9810	0xec08a2	call	0xb9ca0
classic	instrument-raw-writer	0xeb9810	0xec08b5	call	0x6f4f0
classic	instrument-raw-writer	0xeb9810	0xec08c6	call	0xbb700
classic	instrument-raw-writer	0xeb9810	0xec08d7	call	0xbb870
classic	instrument-raw-writer	0xeb9810	0xec08fd	call	0x680e0
classic	instrument-raw-writer	0xeb9810	0xec090d	call	0x529cf0
classic	instrument-raw-writer	0xeb9810	0xec0920	call	0x6f4f0
classic	instrument-raw-writer	0xeb9810	0xec0931	call	0xbb700
classic	instrument-raw-writer	0xeb9810	0xec093e	call	0x67dc0
classic	instrument-raw-writer	0xeb9810	0xec0957	call	0x680e0
classic	instrument-raw-writer	0xeb9810	0xec0967	call	0x529cf0
classic	instrument-raw-writer	0xeb9810	0xec097a	call	0x6f4f0
classic	instrument-raw-writer	0xeb9810	0xec098b	call	0xbb700
classic	instrument-raw-writer	0xeb9810	0xec0998	call	0x67dc0
classic	instrument-raw-writer	0xeb9810	0xec09a9	call	0xbb870
classic	instrument-raw-writer	0xeb9810	0xec09ba	call	0xbb870
classic	instrument-raw-writer	0xeb9810	0xec09cb	call	0xbb870
classic	instrument-raw-writer	0xeb9810	0xec09de	call	0x6f510
classic	instrument-raw-writer	0xeb9810	0xec09f1	call	0xb9ca0
classic	instrument-raw-writer	0xeb9810	0xec0a04	call	0x6f4f0
classic	instrument-raw-writer	0xeb9810	0xec0a17	call	0x6f4f0
classic	instrument-raw-writer	0xeb9810	0xec0a2a	call	0xb9ca0
classic	instrument-raw-writer	0xeb9810	0xec0a3d	call	0x6f4f0
classic	instrument-raw-writer	0xeb9810	0xec0a50	call	0x6f4f0
classic	instrument-raw-writer	0xeb9810	0xec0a61	call	0xbb700
classic	instrument-raw-writer	0xeb9810	0xec0a72	call	0xbb870
classic	instrument-raw-writer	0xeb9810	0xec0a85	call	0xeb3f60
classic	instrument-raw-writer	0xeb9810	0xec0a96	call	0xbb870
classic	instrument-raw-writer	0xeb9810	0xec0aa9	call	0x6f510
classic	instrument-raw-writer	0xeb9810	0xec0ab7	call	0x529cf0
classic	instrument-raw-writer	0xeb9810	0xec0aca	call	0x6f4f0
classic	instrument-raw-writer	0xeb9810	0xec0adb	call	0xbb700
classic	instrument-raw-writer	0xeb9810	0xec0aee	call	0x6f510
classic	instrument-raw-writer	0xeb9810	0xec0afc	call	0x529cf0
classic	instrument-raw-writer	0xeb9810	0xec0b0f	call	0x6f4f0
classic	instrument-raw-writer	0xeb9810	0xec0b20	call	0xbb700
classic	instrument-raw-writer	0xeb9810	0xec0b33	call	0x6f510
classic	instrument-raw-writer	0xeb9810	0xec0b46	call	0xb9ca0
classic	instrument-raw-writer	0xeb9810	0xec0b52	jmp	0xec0dc0
classic	instrument-raw-writer	0xeb9810	0xec0b6b	call	0x680e0
classic	instrument-raw-writer	0xeb9810	0xec0b7b	call	0x529cf0
classic	instrument-raw-writer	0xeb9810	0xec0b8e	call	0x6f4f0
classic	instrument-raw-writer	0xeb9810	0xec0b9f	call	0xbb700
classic	instrument-raw-writer	0xeb9810	0xec0bac	call	0x67dc0
classic	instrument-raw-writer	0xeb9810	0xec0bc5	call	0x680e0
classic	instrument-raw-writer	0xeb9810	0xec0bd5	call	0x529cf0
classic	instrument-raw-writer	0xeb9810	0xec0be8	call	0x6f4f0
classic	instrument-raw-writer	0xeb9810	0xec0bf9	call	0xbb700
classic	instrument-raw-writer	0xeb9810	0xec0c06	call	0x67dc0
classic	instrument-raw-writer	0xeb9810	0xec0c17	call	0xbb870
classic	instrument-raw-writer	0xeb9810	0xec0c28	call	0xbb870
classic	instrument-raw-writer	0xeb9810	0xec0c39	call	0xbb870
classic	instrument-raw-writer	0xeb9810	0xec0c4c	call	0x6f510
classic	instrument-raw-writer	0xeb9810	0xec0c5f	call	0xb9ca0
classic	instrument-raw-writer	0xeb9810	0xec0c72	call	0x6f4f0
classic	instrument-raw-writer	0xeb9810	0xec0c85	call	0x6f4f0
classic	instrument-raw-writer	0xeb9810	0xec0c98	call	0xb9ca0
classic	instrument-raw-writer	0xeb9810	0xec0cab	call	0x6f4f0
classic	instrument-raw-writer	0xeb9810	0xec0cbe	call	0x6f4f0
classic	instrument-raw-writer	0xeb9810	0xec0ccf	call	0xbb700
classic	instrument-raw-writer	0xeb9810	0xec0ce0	call	0xbb870
classic	instrument-raw-writer	0xeb9810	0xec0cf3	call	0xeb4380
classic	instrument-raw-writer	0xeb9810	0xec0d04	call	0xbb870
classic	instrument-raw-writer	0xeb9810	0xec0d17	call	0x6f510
classic	instrument-raw-writer	0xeb9810	0xec0d25	call	0x529cf0
classic	instrument-raw-writer	0xeb9810	0xec0d38	call	0x6f4f0
classic	instrument-raw-writer	0xeb9810	0xec0d49	call	0xbb700
classic	instrument-raw-writer	0xeb9810	0xec0d5c	call	0x6f510
classic	instrument-raw-writer	0xeb9810	0xec0d6a	call	0x529cf0
classic	instrument-raw-writer	0xeb9810	0xec0d7d	call	0x6f4f0
classic	instrument-raw-writer	0xeb9810	0xec0d8e	call	0xbb700
classic	instrument-raw-writer	0xeb9810	0xec0da1	call	0x6f510
classic	instrument-raw-writer	0xeb9810	0xec0db4	call	0xb9ca0
classic	instrument-raw-writer	0xeb9810	0xec0dc7	call	0x6f4f0
classic	instrument-raw-writer	0xeb9810	0xec0dd8	call	0xbb700
classic	instrument-raw-writer	0xeb9810	0xec0deb	call	0x6f510
classic	instrument-raw-writer	0xeb9810	0xec0dfe	call	0xb9ca0
classic	instrument-raw-writer	0xeb9810	0xec0e11	call	0x6f4f0
classic	instrument-raw-writer	0xeb9810	0xec0e22	call	0xbb700
classic	instrument-raw-writer	0xeb9810	0xec0e33	call	0xbb870
classic	instrument-raw-writer	0xeb9810	0xec0e4c	call	0x680e0
classic	instrument-raw-writer	0xeb9810	0xec0e5c	call	0x529cf0
classic	instrument-raw-writer	0xeb9810	0xec0e6f	call	0x6f4f0
classic	instrument-raw-writer	0xeb9810	0xec0e80	call	0xbb700
classic	instrument-raw-writer	0xeb9810	0xec0e8d	call	0x67dc0
classic	instrument-raw-writer	0xeb9810	0xec0ea6	call	0x680e0
classic	instrument-raw-writer	0xeb9810	0xec0eb6	call	0x529cf0
classic	instrument-raw-writer	0xeb9810	0xec0ec9	call	0x6f4f0
classic	instrument-raw-writer	0xeb9810	0xec0eda	call	0xbb700
classic	instrument-raw-writer	0xeb9810	0xec0ee7	call	0x67dc0
classic	instrument-raw-writer	0xeb9810	0xec0ef8	call	0xbb870
classic	instrument-raw-writer	0xeb9810	0xec0f09	call	0xbb870
classic	instrument-raw-writer	0xeb9810	0xec0f1a	call	0xbb870
classic	instrument-raw-writer	0xeb9810	0xec0f2d	call	0x6f510
classic	instrument-raw-writer	0xeb9810	0xec0f40	call	0xb9ca0
classic	instrument-raw-writer	0xeb9810	0xec0f53	call	0x6f4f0
classic	instrument-raw-writer	0xeb9810	0xec0f66	call	0x6f4f0
classic	instrument-raw-writer	0xeb9810	0xec0f79	call	0xb9ca0
classic	instrument-raw-writer	0xeb9810	0xec0f8c	call	0x6f4f0
classic	instrument-raw-writer	0xeb9810	0xec0f9f	call	0x6f4f0
classic	instrument-raw-writer	0xeb9810	0xec0fb0	call	0xbb700
classic	instrument-raw-writer	0xeb9810	0xec0fc1	call	0xbb870
classic	instrument-raw-writer	0xeb9810	0xec0fd7	call	0xeb3f60
classic	instrument-raw-writer	0xeb9810	0xec0fe8	call	0xbb870
classic	instrument-raw-writer	0xeb9810	0xec0ffb	call	0x6f510
classic	instrument-raw-writer	0xeb9810	0xec100a	call	0x529cf0
classic	instrument-raw-writer	0xeb9810	0xec101d	call	0x6f4f0
classic	instrument-raw-writer	0xeb9810	0xec102e	call	0xbb700
classic	instrument-raw-writer	0xeb9810	0xec1041	call	0x6f510
classic	instrument-raw-writer	0xeb9810	0xec1050	call	0x529cf0
classic	instrument-raw-writer	0xeb9810	0xec1063	call	0x6f4f0
classic	instrument-raw-writer	0xeb9810	0xec1074	call	0xbb700
classic	instrument-raw-writer	0xeb9810	0xec1087	call	0x6f510
classic	instrument-raw-writer	0xeb9810	0xec109a	call	0xb9ca0
classic	instrument-raw-writer	0xeb9810	0xec10ad	call	0x6f4f0
classic	instrument-raw-writer	0xeb9810	0xec10be	call	0xbb700
classic	instrument-raw-writer	0xeb9810	0xec10d1	call	0x6f510
classic	instrument-raw-writer	0xeb9810	0xec10e4	call	0xb9ca0
classic	instrument-raw-writer	0xeb9810	0xec10f7	call	0x6f4f0
classic	instrument-raw-writer	0xeb9810	0xec1108	call	0xbb700
classic	instrument-raw-writer	0xeb9810	0xec1119	call	0xbb870
classic	instrument-raw-writer	0xeb9810	0xec1132	call	0x680e0
classic	instrument-raw-writer	0xeb9810	0xec1142	call	0x529cf0
classic	instrument-raw-writer	0xeb9810	0xec1155	call	0x6f4f0
classic	instrument-raw-writer	0xeb9810	0xec1166	call	0xbb700
classic	instrument-raw-writer	0xeb9810	0xec1173	call	0x67dc0
classic	instrument-raw-writer	0xeb9810	0xec118c	call	0x680e0
classic	instrument-raw-writer	0xeb9810	0xec119c	call	0x529cf0
classic	instrument-raw-writer	0xeb9810	0xec11af	call	0x6f4f0
classic	instrument-raw-writer	0xeb9810	0xec11c0	call	0xbb700
classic	instrument-raw-writer	0xeb9810	0xec11cd	call	0x67dc0
classic	instrument-raw-writer	0xeb9810	0xec11de	call	0xbb870
classic	instrument-raw-writer	0xeb9810	0xec11ef	call	0xbb870
classic	instrument-raw-writer	0xeb9810	0xec1200	call	0xbb870
classic	instrument-raw-writer	0xeb9810	0xec1213	call	0x6f510
classic	instrument-raw-writer	0xeb9810	0xec1226	call	0xb9ca0
classic	instrument-raw-writer	0xeb9810	0xec1239	call	0x6f4f0
classic	instrument-raw-writer	0xeb9810	0xec124c	call	0x6f4f0
classic	instrument-raw-writer	0xeb9810	0xec125f	call	0xb9ca0
classic	instrument-raw-writer	0xeb9810	0xec1272	call	0x6f4f0
classic	instrument-raw-writer	0xeb9810	0xec1285	call	0x6f4f0
classic	instrument-raw-writer	0xeb9810	0xec1296	call	0xbb700
classic	instrument-raw-writer	0xeb9810	0xec12a7	call	0xbb870
classic	instrument-raw-writer	0xeb9810	0xec12b8	call	0xeb4380
classic	instrument-raw-writer	0xeb9810	0xec12c9	call	0xbb870
classic	instrument-raw-writer	0xeb9810	0xec12dc	call	0x6f510
classic	instrument-raw-writer	0xeb9810	0xec12eb	call	0x529cf0
classic	instrument-raw-writer	0xeb9810	0xec12fe	call	0x6f4f0
classic	instrument-raw-writer	0xeb9810	0xec130f	call	0xbb700
classic	instrument-raw-writer	0xeb9810	0xec1322	call	0x6f510
classic	instrument-raw-writer	0xeb9810	0xec1331	call	0x529cf0
classic	instrument-raw-writer	0xeb9810	0xec1344	call	0x6f4f0
classic	instrument-raw-writer	0xeb9810	0xec1355	call	0xbb700
classic	instrument-raw-writer	0xeb9810	0xec1368	call	0x6f510
classic	instrument-raw-writer	0xeb9810	0xec137b	call	0xb9ca0
classic	instrument-raw-writer	0xeb9810	0xec138e	call	0x6f4f0
classic	instrument-raw-writer	0xeb9810	0xec139f	call	0xbb700
classic	instrument-raw-writer	0xeb9810	0xec13b2	call	0x6f510
classic	instrument-raw-writer	0xeb9810	0xec13c5	call	0xb9ca0
classic	instrument-raw-writer	0xeb9810	0xec13d8	call	0x6f4f0
classic	instrument-raw-writer	0xeb9810	0xec13e9	call	0xbb700
classic	instrument-raw-writer	0xeb9810	0xec13fa	call	0xbb870
classic	instrument-raw-writer	0xeb9810	0xec1413	call	0x680e0
classic	instrument-raw-writer	0xeb9810	0xec1423	call	0x529cf0
classic	instrument-raw-writer	0xeb9810	0xec1436	call	0x6f4f0
classic	instrument-raw-writer	0xeb9810	0xec1447	call	0xbb700
classic	instrument-raw-writer	0xeb9810	0xec1454	call	0x67dc0
classic	instrument-raw-writer	0xeb9810	0xec146d	call	0x680e0
classic	instrument-raw-writer	0xeb9810	0xec147d	call	0x529cf0
classic	instrument-raw-writer	0xeb9810	0xec1490	call	0x6f4f0
classic	instrument-raw-writer	0xeb9810	0xec14a1	call	0xbb700
classic	instrument-raw-writer	0xeb9810	0xec14ae	call	0x67dc0
classic	instrument-raw-writer	0xeb9810	0xec14bf	call	0xbb870
classic	instrument-raw-writer	0xeb9810	0xec14d0	call	0xbb870
classic	instrument-raw-writer	0xeb9810	0xec14e1	call	0xbb870
classic	instrument-raw-writer	0xeb9810	0xec14f4	call	0x6f510
classic	instrument-raw-writer	0xeb9810	0xec1507	call	0xb9ca0
classic	instrument-raw-writer	0xeb9810	0xec151a	call	0x6f4f0
classic	instrument-raw-writer	0xeb9810	0xec1538	call	0x6f4f0
classic	instrument-raw-writer	0xeb9810	0xec154b	call	0x6f4f0
classic	instrument-raw-writer	0xeb9810	0xec155e	call	0xb9ca0
classic	instrument-raw-writer	0xeb9810	0xec1571	call	0x6f4f0
classic	instrument-raw-writer	0xeb9810	0xec1584	call	0x6f4f0
classic	instrument-raw-writer	0xeb9810	0xec1595	call	0xbb700
classic	instrument-raw-writer	0xeb9810	0xec15a6	call	0xbb870
classic	instrument-raw-writer	0xeb9810	0xec15b7	call	0xeb4380
classic	instrument-raw-writer	0xeb9810	0xec15c8	call	0xbb870
classic	instrument-raw-writer	0xeb9810	0xec15db	call	0x6f510
classic	instrument-raw-writer	0xeb9810	0xec15eb	call	0x529cf0
classic	instrument-raw-writer	0xeb9810	0xec15fe	call	0x6f4f0
classic	instrument-raw-writer	0xeb9810	0xec160f	call	0xbb700
classic	instrument-raw-writer	0xeb9810	0xec1622	call	0x6f510
classic	instrument-raw-writer	0xeb9810	0xec1631	call	0x529cf0
classic	instrument-raw-writer	0xeb9810	0xec1644	call	0x6f4f0
classic	instrument-raw-writer	0xeb9810	0xec1655	call	0xbb700
classic	instrument-raw-writer	0xeb9810	0xec1668	call	0x6f510
classic	instrument-raw-writer	0xeb9810	0xec167b	call	0xb9ca0
classic	instrument-raw-writer	0xeb9810	0xec169b	call	0x6f4f0
classic	instrument-raw-writer	0xeb9810	0xec16ae	call	0x6f4f0
classic	instrument-raw-writer	0xeb9810	0xec16bf	call	0xbb700
classic	instrument-raw-writer	0xeb9810	0xec16ee	call	0x6f510
classic	instrument-raw-writer	0xeb9810	0xec1701	call	0xb9ca0
classic	instrument-raw-writer	0xeb9810	0xec1714	call	0x6f4f0
classic	instrument-raw-writer	0xeb9810	0xec1725	call	0xbb700
classic	instrument-raw-writer	0xeb9810	0xec1736	call	0xbb870
classic	instrument-raw-writer	0xeb9810	0xec1754	call	0x680e0
classic	instrument-raw-writer	0xeb9810	0xec1769	call	0x529cf0
classic	instrument-raw-writer	0xeb9810	0xec177c	call	0x6f4f0
classic	instrument-raw-writer	0xeb9810	0xec178d	call	0xbb700
classic	instrument-raw-writer	0xeb9810	0xec179a	call	0x67dc0
classic	instrument-raw-writer	0xeb9810	0xec17b8	call	0x680e0
classic	instrument-raw-writer	0xeb9810	0xec17cd	call	0x529cf0
classic	instrument-raw-writer	0xeb9810	0xec17e0	call	0x6f4f0
classic	instrument-raw-writer	0xeb9810	0xec17f1	call	0xbb700
classic	instrument-raw-writer	0xeb9810	0xec17fe	call	0x67dc0
classic	instrument-raw-writer	0xeb9810	0xec1811	call	0x6f510
classic	instrument-raw-writer	0xeb9810	0xec1824	call	0xb9ca0
classic	instrument-raw-writer	0xeb9810	0xec1837	call	0x6f4f0
classic	instrument-raw-writer	0xeb9810	0xec184a	call	0xb9ca0
classic	instrument-raw-writer	0xeb9810	0xec185d	call	0x6f4f0
classic	instrument-raw-writer	0xeb9810	0xec186e	call	0xbb700
classic	instrument-raw-writer	0xeb9810	0xec187f	call	0xbb870
classic	instrument-raw-writer	0xeb9810	0xec1892	call	0x6f510
classic	instrument-raw-writer	0xeb9810	0xec18a1	call	0x529cf0
classic	instrument-raw-writer	0xeb9810	0xec18b4	call	0x6f4f0
classic	instrument-raw-writer	0xeb9810	0xec18c5	call	0xbb700
classic	instrument-raw-writer	0xeb9810	0xec18e7	call	0x6f510
classic	instrument-raw-writer	0xeb9810	0xec1907	call	0x529cf0
classic	instrument-raw-writer	0xeb9810	0xec191a	call	0x6f4f0
classic	instrument-raw-writer	0xeb9810	0xec192b	call	0xbb700
classic	instrument-raw-writer	0xeb9810	0xec193e	call	0xeb4380
classic	instrument-raw-writer	0xeb9810	0xec1958	call	0xbb870
classic	instrument-raw-writer	0xeb9810	0xec1971	call	0xbb870
classic	instrument-raw-writer	0xeb9810	0xec1984	call	0x6f510
classic	instrument-raw-writer	0xeb9810	0xec1997	call	0x6f4f0
classic	instrument-raw-writer	0xeb9810	0xec19aa	call	0xb9ca0
classic	instrument-raw-writer	0xeb9810	0xec19c9	call	0x6f4f0
classic	instrument-raw-writer	0xeb9810	0xec19dc	call	0x6f4f0
classic	instrument-raw-writer	0xeb9810	0xec19ed	call	0xbb700
classic	instrument-raw-writer	0xeb9810	0xec1a00	call	0x6f510
classic	instrument-raw-writer	0xeb9810	0xec1a13	call	0x6f4f0
classic	instrument-raw-writer	0xeb9810	0xec1a26	call	0xb9ca0
classic	instrument-raw-writer	0xeb9810	0xec1a39	call	0x6f4f0
classic	instrument-raw-writer	0xeb9810	0xec1a4c	call	0x6f4f0
classic	instrument-raw-writer	0xeb9810	0xec1a5d	call	0xbb700
classic	instrument-raw-writer	0xeb9810	0xec1a70	call	0x6f510
classic	instrument-raw-writer	0xeb9810	0xec1a83	call	0x6f4f0
classic	instrument-raw-writer	0xeb9810	0xec1a96	call	0xb9ca0
classic	instrument-raw-writer	0xeb9810	0xec1aa9	call	0x6f4f0
classic	instrument-raw-writer	0xeb9810	0xec1abc	call	0x6f4f0
classic	instrument-raw-writer	0xeb9810	0xec1acd	call	0xbb700
classic	instrument-raw-writer	0xeb9810	0xec1ae0	call	0x6f510
classic	instrument-raw-writer	0xeb9810	0xec1af3	call	0x6f4f0
classic	instrument-raw-writer	0xeb9810	0xec1b06	call	0xb9ca0
classic	instrument-raw-writer	0xeb9810	0xec1b26	call	0x6f4f0
classic	instrument-raw-writer	0xeb9810	0xec1b37	call	0xbb700
classic	instrument-raw-writer	0xeb9810	0xec1b53	call	0xbb870
classic	instrument-raw-writer	0xeb9810	0xec1b66	call	0x6f510
classic	instrument-raw-writer	0xeb9810	0xec1b79	call	0x6f4f0
classic	instrument-raw-writer	0xeb9810	0xec1b8c	call	0xb9ca0
classic	instrument-raw-writer	0xeb9810	0xec1b9f	call	0x6f4f0
classic	instrument-raw-writer	0xeb9810	0xec1bb2	call	0x6f4f0
classic	instrument-raw-writer	0xeb9810	0xec1bc3	call	0xbb700
classic	instrument-raw-writer	0xeb9810	0xec1bd6	call	0x6f510
classic	instrument-raw-writer	0xeb9810	0xec1be9	call	0x6f4f0
classic	instrument-raw-writer	0xeb9810	0xec1bfc	call	0xb9ca0
classic	instrument-raw-writer	0xeb9810	0xec1c0f	call	0x6f4f0
classic	instrument-raw-writer	0xeb9810	0xec1c22	call	0x6f4f0
classic	instrument-raw-writer	0xeb9810	0xec1c33	call	0xbb700
classic	instrument-raw-writer	0xeb9810	0xec1c46	call	0x6f510
classic	instrument-raw-writer	0xeb9810	0xec1c59	call	0x6f4f0
classic	instrument-raw-writer	0xeb9810	0xec1c6c	call	0xb9ca0
classic	instrument-raw-writer	0xeb9810	0xec1c7f	call	0x6f4f0
classic	instrument-raw-writer	0xeb9810	0xec1c92	call	0x6f4f0
classic	instrument-raw-writer	0xeb9810	0xec1ca3	call	0xbb700
classic	instrument-raw-writer	0xeb9810	0xec1cf3	call	0x71ec0
classic	instrument-raw-writer	0xeb9810	0xec1d02	call	0x71ec0
classic	instrument-raw-writer	0xeb9810	0xec1d13	call	0x71ec0
classic	instrument-raw-writer	0xeb9810	0xec1d2b	call	0xbb870
classic	instrument-raw-writer	0xeb9810	0xec1d3c	call	0xbb870
classic	instrument-raw-writer	0xeb9810	0xec1d46	call	0x71ec0
classic	instrument-raw-writer	0xeb9810	0xec1d5b	call	0xbb870
classic	instrument-raw-writer	0xeb9810	0xec1d65	jmp	0xec1d88
classic	instrument-raw-writer	0xeb9810	0xec1d6e	call	0xbb870
classic	instrument-raw-writer	0xeb9810	0xec1d98	call	0x71ec0
classic	instrument-raw-writer	0xeb9810	0xec1dab	call	0xbb870
classic	instrument-raw-writer	0xeb9810	0xec1db5	call	0x71ec0
classic	instrument-raw-writer	0xeb9810	0xec1dd9	call	0xbb870
classic	instrument-raw-writer	0xeb9810	0xec1de1	jmp	0xec1e23
classic	instrument-raw-writer	0xeb9810	0xec1def	call	0xbb870
classic	instrument-raw-writer	0xeb9810	0xec1df7	jmp	0xec1e23
classic	instrument-raw-writer	0xeb9810	0xec1e05	call	0xbb870
classic	instrument-raw-writer	0xeb9810	0xec1e0d	jmp	0xec1e23
classic	instrument-raw-writer	0xeb9810	0xec1e1b	call	0xbb870
classic	instrument-raw-writer	0xeb9810	0xec1e33	call	0x71ec0
classic	instrument-raw-writer	0xeb9810	0xec1e4d	call	0xbb870
classic	instrument-raw-writer	0xeb9810	0xec1e57	jmp	0xec1f53
classic	instrument-raw-writer	0xeb9810	0xec1e61	call	0x71ec0
classic	instrument-raw-writer	0xeb9810	0xec1e75	jmp	0xec1eb3
classic	instrument-raw-writer	0xeb9810	0xec1e7a	call	0x71ec0
classic	instrument-raw-writer	0xeb9810	0xec1e99	call	0x71ec0
classic	instrument-raw-writer	0xeb9810	0xec1eb8	call	0x71ec0
classic	instrument-raw-writer	0xeb9810	0xec1ed2	call	0x71ec0
classic	instrument-raw-writer	0xeb9810	0xec1ee7	call	0xbb870
classic	instrument-raw-writer	0xeb9810	0xec1ef1	jmp	0xec1f53
classic	instrument-raw-writer	0xeb9810	0xec1efa	call	0xbb870
classic	instrument-raw-writer	0xeb9810	0xec1f04	jmp	0xec1f53
classic	instrument-raw-writer	0xeb9810	0xec1f09	call	0x71ec0
classic	instrument-raw-writer	0xeb9810	0xec1f1e	call	0xbb870
classic	instrument-raw-writer	0xeb9810	0xec1f28	jmp	0xec1f53
classic	instrument-raw-writer	0xeb9810	0xec1f31	call	0xbb870
classic	instrument-raw-writer	0xeb9810	0xec1f3b	jmp	0xec1f53
classic	instrument-raw-writer	0xeb9810	0xec1f49	call	0xbb870
classic	instrument-raw-writer	0xeb9810	0xec1f58	call	0x71ec0
classic	instrument-raw-writer	0xeb9810	0xec1f73	call	0xbb870
classic	instrument-raw-writer	0xeb9810	0xec1f7d	call	0x71ec0
classic	instrument-raw-writer	0xeb9810	0xec1f8b	call	0x71ec0
classic	instrument-raw-writer	0xeb9810	0xec1fa0	call	0xbb870
classic	instrument-raw-writer	0xeb9810	0xec1faa	jmp	0xec1fbd
classic	instrument-raw-writer	0xeb9810	0xec1fb3	call	0xbb870
classic	instrument-raw-writer	0xeb9810	0xec1fcd	call	0x71ec0
classic	instrument-raw-writer	0xeb9810	0xec1fdb	jmp	0xec2017
classic	instrument-raw-writer	0xeb9810	0xec1fe2	call	0x71ec0
classic	instrument-raw-writer	0xeb9810	0xec1fff	call	0x71ec0
classic	instrument-raw-writer	0xeb9810	0xec201c	call	0x71ec0
classic	instrument-raw-writer	0xeb9810	0xec202d	call	0x71ec0
classic	instrument-raw-writer	0xeb9810	0xec204d	call	0x71ec0
classic	instrument-raw-writer	0xeb9810	0xec2062	call	0xbb870
classic	instrument-raw-writer	0xeb9810	0xec206c	jmp	0xec20d0
classic	instrument-raw-writer	0xeb9810	0xec2075	call	0xbb870
classic	instrument-raw-writer	0xeb9810	0xec207f	jmp	0xec20d0
classic	instrument-raw-writer	0xeb9810	0xec2086	call	0x71ec0
classic	instrument-raw-writer	0xeb9810	0xec209b	call	0xbb870
classic	instrument-raw-writer	0xeb9810	0xec20a5	jmp	0xec20d0
classic	instrument-raw-writer	0xeb9810	0xec20ae	call	0xbb870
classic	instrument-raw-writer	0xeb9810	0xec20b8	jmp	0xec20d0
classic	instrument-raw-writer	0xeb9810	0xec20c6	call	0xbb870
classic	instrument-raw-writer	0xeb9810	0xec20dc	call	0xbb870
classic	instrument-raw-writer	0xeb9810	0xec20f1	call	0x71ec0
classic	instrument-raw-writer	0xeb9810	0xec210e	call	0x71ec0
classic	instrument-raw-writer	0xeb9810	0xec212b	call	0x71ec0
classic	instrument-raw-writer	0xeb9810	0xec2143	call	0xbb870
classic	instrument-raw-writer	0xeb9810	0xec214d	call	0x71ec0
classic	instrument-raw-writer	0xeb9810	0xec2162	call	0xbb870
classic	instrument-raw-writer	0xeb9810	0xec216c	jmp	0xec217f
classic	instrument-raw-writer	0xeb9810	0xec2175	call	0xbb870
classic	instrument-raw-writer	0xeb9810	0xec218d	call	0x6f510
classic	instrument-raw-writer	0xeb9810	0xec219b	call	0x529cf0
classic	instrument-raw-writer	0xeb9810	0xec21ae	call	0x6f4f0
classic	instrument-raw-writer	0xeb9810	0xec21bf	call	0x529cf0
classic	instrument-raw-writer	0xeb9810	0xec21d2	call	0x6f4f0
classic	instrument-raw-writer	0xeb9810	0xec21e3	call	0xbb700
classic	instrument-raw-writer	0xeb9810	0xec2210	call	0x71ec0
classic	instrument-raw-writer	0xeb9810	0xec2231	call	0x6f510
classic	instrument-raw-writer	0xeb9810	0xec2241	call	0x529cf0
classic	instrument-raw-writer	0xeb9810	0xec2254	call	0x6f4f0
classic	instrument-raw-writer	0xeb9810	0xec2264	call	0x529cf0
classic	instrument-raw-writer	0xeb9810	0xec2277	call	0x6f4f0
classic	instrument-raw-writer	0xeb9810	0xec2288	call	0xbb700
classic	instrument-raw-writer	0xeb9810	0xec2299	call	0x71ec0
classic	instrument-raw-writer	0xeb9810	0xec22ae	call	0xbb870
classic	instrument-raw-writer	0xeb9810	0xec22ba	call	0x296b90
classic	instrument-raw-writer	0xeb9810	0xec22d3	call	0xeb2f60
classic	instrument-raw-writer	0xeb9810	0xec22e4	call	0xeb36d0
classic	instrument-raw-writer	0xeb9810	0xec22f5	call	0xbb870
classic	instrument-raw-writer	0xeb9810	0xec2308	call	0x6f510
classic	instrument-raw-writer	0xeb9810	0xec2314	call	0x6f620
classic	instrument-raw-writer	0xeb9810	0xec2328	call	0x6f510
classic	instrument-raw-writer	0xeb9810	0xec233b	call	0xb9ca0
classic	instrument-raw-writer	0xeb9810	0xec234e	call	0x6f4f0
classic	instrument-raw-writer	0xeb9810	0xec2363	jmp	0xec23b2
classic	instrument-raw-writer	0xeb9810	0xec2375	jmp	0xec23b2
classic	instrument-raw-writer	0xeb9810	0xec2387	jmp	0xec23b2
classic	instrument-raw-writer	0xeb9810	0xec2399	jmp	0xec23b2
classic	instrument-raw-writer	0xeb9810	0xec23b9	call	0x6f4f0
classic	instrument-raw-writer	0xeb9810	0xec23cc	call	0x6f4f0
classic	instrument-raw-writer	0xeb9810	0xec23ea	call	0x6f4f0
classic	instrument-raw-writer	0xeb9810	0xec23f9	call	0xeb3dd0
classic	instrument-raw-writer	0xeb9810	0xec240c	call	0x6f4f0
classic	instrument-raw-writer	0xeb9810	0xec2422	call	0xeb3dd0
classic	instrument-raw-writer	0xeb9810	0xec242e	jmp	0xec243f
classic	instrument-raw-writer	0xeb9810	0xec2433	call	0xeb3dd0
classic	instrument-raw-writer	0xeb9810	0xec2446	call	0x6f4f0
classic	instrument-raw-writer	0xeb9810	0xec2459	call	0x6f4f0
classic	instrument-raw-writer	0xeb9810	0xec246c	call	0x6f4f0
classic	instrument-raw-writer	0xeb9810	0xec248d	call	0x6f4f0
classic	instrument-raw-writer	0xeb9810	0xec24a0	call	0x6f4f0
classic	instrument-raw-writer	0xeb9810	0xec24af	call	0xeb3dd0
classic	instrument-raw-writer	0xeb9810	0xec24c2	call	0x6f4f0
classic	instrument-raw-writer	0xeb9810	0xec24d5	call	0x6f4f0
classic	instrument-raw-writer	0xeb9810	0xec24f9	call	0x6f4f0
classic	instrument-raw-writer	0xeb9810	0xec250c	call	0x6f4f0
classic	instrument-raw-writer	0xeb9810	0xec2523	call	0x6f4f0
classic	instrument-raw-writer	0xeb9810	0xec2536	jmp	0xec2552
classic	instrument-raw-writer	0xeb9810	0xec253f	call	0x6f4f0
classic	instrument-raw-writer	0xeb9810	0xec2559	call	0x6f4f0
classic	instrument-raw-writer	0xeb9810	0xec256c	call	0x6f4f0
classic	instrument-raw-writer	0xeb9810	0xec2588	call	0x6f4f0
classic	instrument-raw-writer	0xeb9810	0xec258d	jmp	0xec25d6
classic	instrument-raw-writer	0xeb9810	0xec2596	call	0x6f620
classic	instrument-raw-writer	0xeb9810	0xec25a5	call	0x52bd80
classic	instrument-raw-writer	0xeb9810	0xec25b1	call	0x52b070
classic	instrument-raw-writer	0xeb9810	0xec25c4	call	0xb9ca0
classic	instrument-raw-writer	0xeb9810	0xec25d1	call	0x67dc0
classic	instrument-raw-writer	0xeb9810	0xec25e4	call	0x6f4f0
classic	instrument-raw-writer	0xeb9810	0xec25f3	call	0xeb3dd0
classic	instrument-raw-writer	0xeb9810	0xec2606	call	0x6f4f0
classic	instrument-raw-writer	0xeb9810	0xec2625	call	0x6f4f0
classic	instrument-raw-writer	0xeb9810	0xec2638	call	0x6f4f0
classic	instrument-raw-writer	0xeb9810	0xec263d	jmp	0xec2644
classic	instrument-raw-writer	0xeb9810	0xec265a	jmp	0xec2676
classic	instrument-raw-writer	0xeb9810	0xec2668	jmp	0xec2676
classic	instrument-raw-writer	0xeb9810	0xec267d	call	0x6f4f0
classic	instrument-raw-writer	0xeb9810	0xec2690	call	0x6f4f0
classic	instrument-raw-writer	0xeb9810	0xec269f	call	0xeb3dd0
classic	instrument-raw-writer	0xeb9810	0xec26b2	call	0x6f4f0
classic	instrument-raw-writer	0xeb9810	0xec26c5	call	0x6f4f0
classic	instrument-raw-writer	0xeb9810	0xec26d8	call	0x6f4f0
classic	instrument-raw-writer	0xeb9810	0xec26f0	call	0x6f4f0
classic	instrument-raw-writer	0xeb9810	0xec2708	call	0x6f4f0
classic	instrument-raw-writer	0xeb9810	0xec2720	call	0x6f4f0
classic	instrument-raw-writer	0xeb9810	0xec2738	call	0x6f4f0
classic	instrument-raw-writer	0xeb9810	0xec274b	call	0x6f4f0
classic	instrument-raw-writer	0xeb9810	0xec276c	jmp	0xec2791
classic	instrument-raw-writer	0xeb9810	0xec277c	jmp	0xec2791
classic	instrument-raw-writer	0xeb9810	0xec2798	call	0x6f4f0
classic	instrument-raw-writer	0xeb9810	0xec27ab	call	0x6f4f0
classic	instrument-raw-writer	0xeb9810	0xec27ba	call	0xeb3dd0
classic	instrument-raw-writer	0xeb9810	0xec27cd	call	0x6f4f0
classic	instrument-raw-writer	0xeb9810	0xec27e8	call	0x6f4f0
classic	instrument-raw-writer	0xeb9810	0xec27fb	call	0x6f4f0
classic	instrument-raw-writer	0xeb9810	0xec2819	call	0x6f4f0
classic	instrument-raw-writer	0xeb9810	0xec2829	jmp	0xec288d
classic	instrument-raw-writer	0xeb9810	0xec2844	call	0x6f4f0
classic	instrument-raw-writer	0xeb9810	0xec284e	jmp	0xec288d
classic	instrument-raw-writer	0xeb9810	0xec2861	jmp	0xec2881
classic	instrument-raw-writer	0xeb9810	0xec2871	jmp	0xec2881
classic	instrument-raw-writer	0xeb9810	0xec2888	call	0x6f4f0
classic	instrument-raw-writer	0xeb9810	0xec289b	call	0x6f4f0
classic	instrument-raw-writer	0xeb9810	0xec28b3	call	0x6f4f0
classic	instrument-raw-writer	0xeb9810	0xec28d4	call	0x6f4f0
classic	instrument-raw-writer	0xeb9810	0xec28ee	jmp	0xec2921
classic	instrument-raw-writer	0xeb9810	0xec28f7	jmp	0xec2921
classic	instrument-raw-writer	0xeb9810	0xec2900	call	0x6f4f0
classic	instrument-raw-writer	0xeb9810	0xec2921	call	0x6f4f0
classic	instrument-raw-writer	0xeb9810	0xec2934	call	0x6f4f0
classic	instrument-raw-writer	0xeb9810	0xec2939	jmp	0xec2950
classic	instrument-raw-writer	0xeb9810	0xec2969	call	0x6f4f0
classic	instrument-raw-writer	0xeb9810	0xec2975	call	0x6f620
classic	instrument-raw-writer	0xeb9810	0xec298a	call	0x52bd80
classic	instrument-raw-writer	0xeb9810	0xec299d	call	0xb9ca0
classic	instrument-raw-writer	0xeb9810	0xec29b0	call	0x6f4f0
classic	instrument-raw-writer	0xeb9810	0xec29c1	jmp	0xec29d6
classic	instrument-raw-writer	0xeb9810	0xec29dd	call	0x6f4f0
classic	instrument-raw-writer	0xeb9810	0xec29f0	call	0x6f4f0
classic	instrument-raw-writer	0xeb9810	0xec29ff	call	0xeb3dd0
classic	instrument-raw-writer	0xeb9810	0xec2a12	call	0x6f4f0
classic	instrument-raw-writer	0xeb9810	0xec2a23	jmp	0xec2a5f
classic	instrument-raw-writer	0xeb9810	0xec2a31	jmp	0xec2a5f
classic	instrument-raw-writer	0xeb9810	0xec2a3f	jmp	0xec2a5f
classic	instrument-raw-writer	0xeb9810	0xec2a4f	jmp	0xec2a5f
classic	instrument-raw-writer	0xeb9810	0xec2a66	call	0x6f4f0
classic	instrument-raw-writer	0xeb9810	0xec2a79	call	0x6f4f0
classic	instrument-raw-writer	0xeb9810	0xec2a86	call	0x67dc0
classic	instrument-raw-writer	0xeb9810	0xec2a8b	jmp	0xec2a92
classic	instrument-raw-writer	0xeb9810	0xec2aa7	call	0xeb3dd0
classic	instrument-raw-writer	0xeb9810	0xec2aba	call	0x6f4f0
classic	instrument-raw-writer	0xeb9810	0xec2ac6	call	0x6f620
classic	instrument-raw-writer	0xeb9810	0xec2ad6	call	0x52bd80
classic	instrument-raw-writer	0xeb9810	0xec2ae9	call	0xb9ca0
classic	instrument-raw-writer	0xeb9810	0xec2afc	call	0x6f4f0
classic	instrument-raw-writer	0xeb9810	0xec2b1b	call	0x6f4f0
classic	instrument-raw-writer	0xeb9810	0xec2b2e	call	0x6f4f0
classic	instrument-raw-writer	0xeb9810	0xec2b3d	call	0xeb3dd0
classic	instrument-raw-writer	0xeb9810	0xec2b50	call	0x6f4f0
classic	instrument-raw-writer	0xeb9810	0xec2b67	call	0x6f4f0
classic	instrument-raw-writer	0xeb9810	0xec2b7a	call	0x6f4f0
classic	instrument-raw-writer	0xeb9810	0xec2b8d	call	0x6f4f0
classic	instrument-raw-writer	0xeb9810	0xec2bae	call	0x6f4f0
classic	instrument-raw-writer	0xeb9810	0xec2bc1	call	0x6f4f0
classic	instrument-raw-writer	0xeb9810	0xec2bce	call	0x67dc0
classic	instrument-raw-writer	0xeb9810	0xec2be3	call	0xeb1f50
classic	instrument-raw-writer	0xeb9810	0xec2bf6	call	0xeb3a60
classic	instrument-raw-writer	0xeb9810	0xec2c02	call	0x6f2c0
classic	instrument-raw-writer	0xeb9810	0xec2c12	call	0xfb4d0
classic	instrument-raw-writer	0xeb9810	0xec2c27	call	0x6f2c0
classic	instrument-raw-writer	0xeb9810	0xec2c3a	call	0xe11c0
classic	instrument-raw-writer	0xeb9810	0xec2c46	call	0x6f2c0
classic	instrument-raw-writer	0xeb9810	0xec2c56	call	0xfb4d0
classic	instrument-raw-writer	0xeb9810	0xec2c6e	call	0xb9ca0
classic	instrument-raw-writer	0xeb9810	0xec2c81	call	0x6f4f0
classic	instrument-raw-writer	0xeb9810	0xec2c92	call	0xbb700
classic	instrument-raw-writer	0xeb9810	0xec2c9f	call	0x67dc0
classic	instrument-raw-writer	0xeb9810	0xec2cac	call	0xcc88d0
classic	instrument-raw-writer	0xeb9810	0xec2cb9	call	0x67dc0
classic	instrument-raw-writer	0xeb9810	0xec2cc6	call	0x67dc0
classic	instrument-raw-writer	0xeb9810	0xec2cd3	call	0x67dc0
classic	instrument-raw-writer	0xeb9810	0xec2ce0	call	0x67dc0
classic	instrument-raw-writer	0xeb9810	0xec2ced	call	0x67dc0
classic	instrument-raw-writer	0xeb9810	0xec2cfa	call	0x67dc0
classic	instrument-raw-writer	0xeb9810	0xec2d07	call	0x67dc0
classic	instrument-raw-writer	0xeb9810	0xec2d14	call	0x67dc0
classic	instrument-raw-writer	0xeb9810	0xec2d63	jmp	0xec2d73
classic	instrument-raw-writer	0xeb9810	0xec2d7a	call	0x6f620
classic	instrument-raw-writer	0xeb9810	0xec2d97	call	0x6f1b0
classic	instrument-raw-writer	0xeb9810	0xec2da3	call	0x6ede0
classic	instrument-raw-writer	0xeb9810	0xec2db8	call	0x71ec0
classic	instrument-raw-writer	0xeb9810	0xec2dc4	call	0x6f1b0
classic	instrument-raw-writer	0xeb9810	0xec2dd3	call	0x6f530
classic	instrument-raw-writer	0xeb9810	0xec2de3	call	0x6f1d0
classic	instrument-raw-writer	0xeb9810	0xec2df6	call	0x6f1c0
classic	instrument-raw-writer	0xeb9810	0xec2e0a	call	0x6edb0
classic	instrument-raw-writer	0xeb9810	0xec2e14	call	0x65740
classic	instrument-raw-writer	0xeb9810	0xec2e24	call	0x6eda0
classic	instrument-raw-writer	0xeb9810	0xec2e37	call	0x6fdd0
classic	instrument-raw-writer	0xeb9810	0xec2e48	call	0x6ed90
classic	instrument-raw-writer	0xeb9810	0xec2e5c	call	0x6edb0
classic	instrument-raw-writer	0xeb9810	0xec2e66	call	0x65740
classic	instrument-raw-writer	0xeb9810	0xec2e77	call	0x6f1d0
classic	instrument-raw-writer	0xeb9810	0xec2e87	call	0x6f1c0
classic	instrument-raw-writer	0xeb9810	0xec2e9b	call	0x6edb0
classic	instrument-raw-writer	0xeb9810	0xec2ea5	call	0x65740
classic	instrument-raw-writer	0xeb9810	0xec2eb4	call	0x6eda0
classic	instrument-raw-writer	0xeb9810	0xec2ec3	call	0x6fdd0
classic	instrument-raw-writer	0xeb9810	0xec2ed0	call	0x6ed90
classic	instrument-raw-writer	0xeb9810	0xec2ee4	call	0x6edb0
classic	instrument-raw-writer	0xeb9810	0xec2eee	call	0x65740
classic	instrument-raw-writer	0xeb9810	0xec2ef7	jmp	0xec2f12
classic	instrument-raw-writer	0xeb9810	0xec2f04	jmp	0xec2f12
classic	instrument-raw-writer	0xeb9810	0xec2f0d	call	0x92e410
classic	instrument-raw-writer	0xeb9810	0xec2f1d	call	0xbb700
classic	instrument-raw-writer	0xeb9810	0xec2f30	call	0x6f560
classic	instrument-raw-writer	0xeb9810	0xec2f44	call	0x6f4f0
classic	instrument-raw-writer	0xeb9810	0xec2f53	call	0x529cf0
classic	instrument-raw-writer	0xeb9810	0xec2f66	call	0xbb700
classic	instrument-raw-writer	0xeb9810	0xec2f72	call	0x6f620
classic	instrument-raw-writer	0xeb9810	0xec2f7d	call	0x71ec0
classic	instrument-raw-writer	0xeb9810	0xec2fa7	call	0x71ec0
classic	instrument-raw-writer	0xeb9810	0xec2fba	call	0x71ec0
classic	instrument-raw-writer	0xeb9810	0xec2fc9	call	0x71ec0
classic	instrument-raw-writer	0xeb9810	0xec2fdb	call	0x6f620
classic	instrument-raw-writer	0xeb9810	0xec2fe8	call	0x6f620
classic	instrument-raw-writer	0xeb9810	0xec2ff3	call	0x71ec0
classic	instrument-raw-writer	0xeb9810	0xec3009	call	0x71ec0
classic	instrument-raw-writer	0xeb9810	0xec302e	call	0x6f510
classic	instrument-raw-writer	0xeb9810	0xec303e	jmp	0xec30a8
classic	instrument-raw-writer	0xeb9810	0xec304e	call	0x6f510
classic	instrument-raw-writer	0xeb9810	0xec3065	call	0x6f530
classic	instrument-raw-writer	0xeb9810	0xec306a	jmp	0xec30b4
classic	instrument-raw-writer	0xeb9810	0xec3073	jmp	0xec30af
classic	instrument-raw-writer	0xeb9810	0xec3083	call	0x6f510
classic	instrument-raw-writer	0xeb9810	0xec309a	call	0x6f530
classic	instrument-raw-writer	0xeb9810	0xec309f	jmp	0xec30b4
classic	instrument-raw-writer	0xeb9810	0xec30af	call	0x6f510
classic	instrument-raw-writer	0xeb9810	0xec30bb	call	0x6f620
classic	instrument-raw-writer	0xeb9810	0xec30c8	call	0x6f620
classic	instrument-raw-writer	0xeb9810	0xec30d5	call	0x6f620
classic	instrument-raw-writer	0xeb9810	0xec30e2	call	0x6f620
classic	instrument-raw-writer	0xeb9810	0xec3140	jmp	0xec3189
classic	instrument-raw-writer	0xeb9810	0xec3169	jmp	0xec31a0
classic	instrument-raw-writer	0xeb9810	0xec31a7	call	0x6f620
classic	instrument-raw-writer	0xeb9810	0xec31b4	call	0x6f620
classic	instrument-raw-writer	0xeb9810	0xec31c1	call	0x6f620
classic	instrument-raw-writer	0xeb9810	0xec31db	call	0x71ec0
classic	instrument-raw-writer	0xeb9810	0xec31ee	call	0x71ec0
classic	instrument-raw-writer	0xeb9810	0xec3201	call	0x71ec0
classic	instrument-raw-writer	0xeb9810	0xec3218	call	0x6f510
classic	instrument-raw-writer	0xeb9810	0xec3231	call	0x6f530
classic	instrument-raw-writer	0xeb9810	0xec3236	jmp	0xec3244
classic	instrument-raw-writer	0xeb9810	0xec323f	call	0x6f510
classic	instrument-raw-writer	0xeb9810	0xec3249	call	0x71ec0
classic	instrument-raw-writer	0xeb9810	0xec3266	jmp	0xec34b4
classic	instrument-raw-writer	0xeb9810	0xec3279	call	0x6f510
classic	instrument-raw-writer	0xeb9810	0xec328c	call	0x6f510
classic	instrument-raw-writer	0xeb9810	0xec329f	call	0x6f510
classic	instrument-raw-writer	0xeb9810	0xec32b2	call	0x6f510
classic	instrument-raw-writer	0xeb9810	0xec32c5	jmp	0xec34af
classic	instrument-raw-writer	0xeb9810	0xec32d4	call	0x71ec0
classic	instrument-raw-writer	0xeb9810	0xec32e7	call	0x71ec0
classic	instrument-raw-writer	0xeb9810	0xec32f5	call	0x71ec0
classic	instrument-raw-writer	0xeb9810	0xec3316	jmp	rcx
classic	instrument-raw-writer	0xeb9810	0xec3326	call	0x6f510
classic	instrument-raw-writer	0xeb9810	0xec333f	call	0x6f530
classic	instrument-raw-writer	0xeb9810	0xec3344	jmp	0xec34b4
classic	instrument-raw-writer	0xeb9810	0xec3350	jmp	0xec34af
classic	instrument-raw-writer	0xeb9810	0xec3363	call	0x6f510
classic	instrument-raw-writer	0xeb9810	0xec337c	call	0x6f530
classic	instrument-raw-writer	0xeb9810	0xec3381	jmp	0xec34b4
classic	instrument-raw-writer	0xeb9810	0xec338d	jmp	0xec34af
classic	instrument-raw-writer	0xeb9810	0xec33a0	call	0x6f510
classic	instrument-raw-writer	0xeb9810	0xec33b9	call	0x6f530
classic	instrument-raw-writer	0xeb9810	0xec33be	jmp	0xec34b4
classic	instrument-raw-writer	0xeb9810	0xec33ca	jmp	0xec34af
classic	instrument-raw-writer	0xeb9810	0xec33dd	call	0x6f510
classic	instrument-raw-writer	0xeb9810	0xec33f6	call	0x6f530
classic	instrument-raw-writer	0xeb9810	0xec33fb	jmp	0xec34b4
classic	instrument-raw-writer	0xeb9810	0xec3407	jmp	0xec34af
classic	instrument-raw-writer	0xeb9810	0xec341a	call	0x6f510
classic	instrument-raw-writer	0xeb9810	0xec3433	call	0x6f530
classic	instrument-raw-writer	0xeb9810	0xec3438	jmp	0xec34b4
classic	instrument-raw-writer	0xeb9810	0xec3441	jmp	0xec34af
classic	instrument-raw-writer	0xeb9810	0xec3451	call	0x6f510
classic	instrument-raw-writer	0xeb9810	0xec346a	call	0x6f530
classic	instrument-raw-writer	0xeb9810	0xec346f	jmp	0xec34b4
classic	instrument-raw-writer	0xeb9810	0xec3478	jmp	0xec34af
classic	instrument-raw-writer	0xeb9810	0xec3488	call	0x6f510
classic	instrument-raw-writer	0xeb9810	0xec34a1	call	0x6f530
classic	instrument-raw-writer	0xeb9810	0xec34a6	jmp	0xec34b4
classic	instrument-raw-writer	0xeb9810	0xec34af	call	0x6f510
classic	instrument-raw-writer	0xeb9810	0xec34e1	call	0x6f530
classic	instrument-raw-writer	0xeb9810	0xec34f4	call	0x6f4f0
classic	instrument-raw-writer	0xeb9810	0xec3504	call	0xbb700
classic	instrument-raw-writer	0xeb9810	0xec352a	call	0x6f510
classic	instrument-raw-writer	0xeb9810	0xec353d	call	0xb9ca0
classic	instrument-raw-writer	0xeb9810	0xec3550	call	0x6f4f0
classic	instrument-raw-writer	0xeb9810	0xec3561	call	0xbb700
classic	instrument-raw-writer	0xeb9810	0xec3572	call	0xbb870
classic	instrument-raw-writer	0xeb9810	0xec3590	call	0x680e0
classic	instrument-raw-writer	0xeb9810	0xec35a5	call	0x529cf0
classic	instrument-raw-writer	0xeb9810	0xec35b8	call	0x6f4f0
classic	instrument-raw-writer	0xeb9810	0xec35c9	call	0xbb700
classic	instrument-raw-writer	0xeb9810	0xec35d6	call	0x67dc0
classic	instrument-raw-writer	0xeb9810	0xec35f4	call	0x680e0
classic	instrument-raw-writer	0xeb9810	0xec3609	call	0x529cf0
classic	instrument-raw-writer	0xeb9810	0xec361c	call	0x6f4f0
classic	instrument-raw-writer	0xeb9810	0xec362d	call	0xbb700
classic	instrument-raw-writer	0xeb9810	0xec363a	call	0x67dc0
classic	instrument-raw-writer	0xeb9810	0xec364b	call	0xbb870
classic	instrument-raw-writer	0xeb9810	0xec365c	call	0xbb870
classic	instrument-raw-writer	0xeb9810	0xec366d	call	0xbb870
classic	instrument-raw-writer	0xeb9810	0xec3680	call	0x6f510
classic	instrument-raw-writer	0xeb9810	0xec3693	call	0xb9ca0
classic	instrument-raw-writer	0xeb9810	0xec36a6	call	0x6f4f0
classic	instrument-raw-writer	0xeb9810	0xec36b9	call	0xb9ca0
classic	instrument-raw-writer	0xeb9810	0xec36cc	call	0x6f4f0
classic	instrument-raw-writer	0xeb9810	0xec36df	call	0xb9ca0
classic	instrument-raw-writer	0xeb9810	0xec36f2	call	0x6f4f0
classic	instrument-raw-writer	0xeb9810	0xec3705	call	0xb9ca0
classic	instrument-raw-writer	0xeb9810	0xec3718	call	0x6f4f0
classic	instrument-raw-writer	0xeb9810	0xec3729	call	0xbb700
classic	instrument-raw-writer	0xeb9810	0xec373a	call	0xbb870
classic	instrument-raw-writer	0xeb9810	0xec374d	call	0xeb4380
classic	instrument-raw-writer	0xeb9810	0xec375e	call	0xbb870
classic	instrument-raw-writer	0xeb9810	0xec3771	call	0x6f510
classic	instrument-raw-writer	0xeb9810	0xec377f	call	0x529cf0
classic	instrument-raw-writer	0xeb9810	0xec3792	call	0x6f4f0
classic	instrument-raw-writer	0xeb9810	0xec37a3	call	0xbb700
classic	instrument-raw-writer	0xeb9810	0xec37b6	call	0x6f510
classic	instrument-raw-writer	0xeb9810	0xec37c4	call	0x529cf0
classic	instrument-raw-writer	0xeb9810	0xec37d7	call	0x6f4f0
classic	instrument-raw-writer	0xeb9810	0xec37e8	call	0xbb700
classic	instrument-raw-writer	0xeb9810	0xec37fb	call	0x6f510
classic	instrument-raw-writer	0xeb9810	0xec3807	call	0x6f4b0
classic	instrument-raw-writer	0xeb9810	0xec381e	call	0xb9ca0
classic	instrument-raw-writer	0xeb9810	0xec3831	call	0x6f4f0
classic	instrument-raw-writer	0xeb9810	0xec3844	call	0xb9ca0
classic	instrument-raw-writer	0xeb9810	0xec3857	call	0x6f4f0
classic	instrument-raw-writer	0xeb9810	0xec386a	call	0xb9ca0
classic	instrument-raw-writer	0xeb9810	0xec387d	call	0x6f4f0
classic	instrument-raw-writer	0xeb9810	0xec3896	call	0x6f4f0
classic	instrument-raw-writer	0xeb9810	0xec38a9	call	0x6f4f0
classic	instrument-raw-writer	0xeb9810	0xec38ba	call	0xbb700
classic	instrument-raw-writer	0xeb9810	0xec38d6	call	0x6f530
classic	instrument-raw-writer	0xeb9810	0xec38e9	call	0x6f4f0
classic	instrument-raw-writer	0xeb9810	0xec38f9	call	0xbb700
classic	instrument-raw-writer	0xeb9810	0xec391f	call	0x6f510
classic	instrument-raw-writer	0xeb9810	0xec3932	call	0xb9ca0
classic	instrument-raw-writer	0xeb9810	0xec3945	call	0x6f4f0
classic	instrument-raw-writer	0xeb9810	0xec3956	call	0xbb700
classic	instrument-raw-writer	0xeb9810	0xec3967	call	0xbb870
classic	instrument-raw-writer	0xeb9810	0xec3985	call	0x680e0
classic	instrument-raw-writer	0xeb9810	0xec3995	call	0x529cf0
classic	instrument-raw-writer	0xeb9810	0xec39a8	call	0x6f4f0
classic	instrument-raw-writer	0xeb9810	0xec39b9	call	0xbb700
classic	instrument-raw-writer	0xeb9810	0xec39c6	call	0x67dc0
classic	instrument-raw-writer	0xeb9810	0xec39df	call	0x680e0
classic	instrument-raw-writer	0xeb9810	0xec39ef	call	0x529cf0
classic	instrument-raw-writer	0xeb9810	0xec3a02	call	0x6f4f0
classic	instrument-raw-writer	0xeb9810	0xec3a13	call	0xbb700
classic	instrument-raw-writer	0xeb9810	0xec3a20	call	0x67dc0
classic	instrument-raw-writer	0xeb9810	0xec3a31	call	0xbb870
classic	instrument-raw-writer	0xeb9810	0xec3a42	call	0xbb870
classic	instrument-raw-writer	0xeb9810	0xec3a53	call	0xbb870
classic	instrument-raw-writer	0xeb9810	0xec3a66	call	0x6f510
classic	instrument-raw-writer	0xeb9810	0xec3a79	call	0xb9ca0
classic	instrument-raw-writer	0xeb9810	0xec3a8c	call	0x6f4f0
classic	instrument-raw-writer	0xeb9810	0xec3a9f	call	0x6f4f0
classic	instrument-raw-writer	0xeb9810	0xec3ab2	call	0xb9ca0
classic	instrument-raw-writer	0xeb9810	0xec3ac5	call	0x6f4f0
classic	instrument-raw-writer	0xeb9810	0xec3ad8	call	0x6f4f0
classic	instrument-raw-writer	0xeb9810	0xec3ae9	call	0xbb700
classic	instrument-raw-writer	0xeb9810	0xec3afa	call	0xbb870
classic	instrument-raw-writer	0xeb9810	0xec3b0d	call	0xeb4380
classic	instrument-raw-writer	0xeb9810	0xec3b1e	call	0xbb870
classic	instrument-raw-writer	0xeb9810	0xec3b31	call	0x6f510
classic	instrument-raw-writer	0xeb9810	0xec3b3f	call	0x529cf0
classic	instrument-raw-writer	0xeb9810	0xec3b52	call	0x6f4f0
classic	instrument-raw-writer	0xeb9810	0xec3b63	call	0xbb700
classic	instrument-raw-writer	0xeb9810	0xec3b76	call	0x6f510
classic	instrument-raw-writer	0xeb9810	0xec3b84	call	0x529cf0
classic	instrument-raw-writer	0xeb9810	0xec3b97	call	0x6f4f0
classic	instrument-raw-writer	0xeb9810	0xec3ba8	call	0xbb700
classic	instrument-raw-writer	0xeb9810	0xec3bbb	call	0x6f510
classic	instrument-raw-writer	0xeb9810	0xec3bce	call	0xb9ca0
classic	instrument-raw-writer	0xeb9810	0xec3be1	call	0x6f4f0
classic	instrument-raw-writer	0xeb9810	0xec3bf2	call	0xbb700
classic	instrument-raw-writer	0xeb9810	0xec3bf7	jmp	0xec3bfe
classic	instrument-raw-writer	0xeb9810	0xec3c18	call	0x6f530
classic	instrument-raw-writer	0xeb9810	0xec3c2b	call	0x6f4f0
classic	instrument-raw-writer	0xeb9810	0xec3c3b	call	0xbb700
classic	instrument-raw-writer	0xeb9810	0xec3c62	call	0x6f510
classic	instrument-raw-writer	0xeb9810	0xec3c75	call	0xb9ca0
classic	instrument-raw-writer	0xeb9810	0xec3c88	call	0x6f4f0
classic	instrument-raw-writer	0xeb9810	0xec3c99	call	0xbb700
classic	instrument-raw-writer	0xeb9810	0xec3caa	call	0xbb870
classic	instrument-raw-writer	0xeb9810	0xec3cc3	call	0x680e0
classic	instrument-raw-writer	0xeb9810	0xec3cd3	call	0x529cf0
classic	instrument-raw-writer	0xeb9810	0xec3ce6	call	0x6f4f0
classic	instrument-raw-writer	0xeb9810	0xec3cf7	call	0xbb700
classic	instrument-raw-writer	0xeb9810	0xec3d04	call	0x67dc0
classic	instrument-raw-writer	0xeb9810	0xec3d1d	call	0x680e0
classic	instrument-raw-writer	0xeb9810	0xec3d2d	call	0x529cf0
classic	instrument-raw-writer	0xeb9810	0xec3d40	call	0x6f4f0
classic	instrument-raw-writer	0xeb9810	0xec3d51	call	0xbb700
classic	instrument-raw-writer	0xeb9810	0xec3d5e	call	0x67dc0
classic	instrument-raw-writer	0xeb9810	0xec3d6f	call	0xbb870
classic	instrument-raw-writer	0xeb9810	0xec3d80	call	0xbb870
classic	instrument-raw-writer	0xeb9810	0xec3d91	call	0xbb870
classic	instrument-raw-writer	0xeb9810	0xec3da4	call	0x6f510
classic	instrument-raw-writer	0xeb9810	0xec3db7	call	0xb9ca0
classic	instrument-raw-writer	0xeb9810	0xec3dd7	call	0x6f4f0
classic	instrument-raw-writer	0xeb9810	0xec3dea	call	0x6f4f0
classic	instrument-raw-writer	0xeb9810	0xec3dfd	call	0xb9ca0
classic	instrument-raw-writer	0xeb9810	0xec3e10	call	0x6f4f0
classic	instrument-raw-writer	0xeb9810	0xec3e23	call	0x6f4f0
classic	instrument-raw-writer	0xeb9810	0xec3e34	call	0xbb700
classic	instrument-raw-writer	0xeb9810	0xec3e45	call	0xbb870
classic	instrument-raw-writer	0xeb9810	0xec3e58	call	0xeb3f60
classic	instrument-raw-writer	0xeb9810	0xec3e69	call	0xbb870
classic	instrument-raw-writer	0xeb9810	0xec3e7c	call	0x6f510
classic	instrument-raw-writer	0xeb9810	0xec3e8b	call	0x529cf0
classic	instrument-raw-writer	0xeb9810	0xec3e9e	call	0x6f4f0
classic	instrument-raw-writer	0xeb9810	0xec3eaf	call	0xbb700
classic	instrument-raw-writer	0xeb9810	0xec3ec2	call	0x6f510
classic	instrument-raw-writer	0xeb9810	0xec3ed0	call	0x529cf0
classic	instrument-raw-writer	0xeb9810	0xec3ee3	call	0x6f4f0
classic	instrument-raw-writer	0xeb9810	0xec3ef4	call	0xbb700
classic	instrument-raw-writer	0xeb9810	0xec3f07	call	0x6f510
classic	instrument-raw-writer	0xeb9810	0xec3f1a	call	0xb9ca0
classic	instrument-raw-writer	0xeb9810	0xec3f3a	call	0x6f4f0
classic	instrument-raw-writer	0xeb9810	0xec3f4d	call	0x6f4f0
classic	instrument-raw-writer	0xeb9810	0xec3f5e	call	0xbb700
classic	instrument-raw-writer	0xeb9810	0xec3f87	call	0x6f530
classic	instrument-raw-writer	0xeb9810	0xec3f9a	call	0x6f4f0
classic	instrument-raw-writer	0xeb9810	0xec3faa	call	0xbb700
classic	instrument-raw-writer	0xeb9810	0xec3fbd	call	0x6f510
classic	instrument-raw-writer	0xeb9810	0xec3fd0	call	0xb9ca0
classic	instrument-raw-writer	0xeb9810	0xec3fe3	call	0x6f4f0
classic	instrument-raw-writer	0xeb9810	0xec3ff4	call	0xbb700
classic	instrument-raw-writer	0xeb9810	0xec4005	call	0xbb870
classic	instrument-raw-writer	0xeb9810	0xec4023	call	0x680e0
classic	instrument-raw-writer	0xeb9810	0xec4033	call	0x529cf0
classic	instrument-raw-writer	0xeb9810	0xec4046	call	0x6f4f0
classic	instrument-raw-writer	0xeb9810	0xec4057	call	0xbb700
classic	instrument-raw-writer	0xeb9810	0xec4064	call	0x67dc0
classic	instrument-raw-writer	0xeb9810	0xec407d	call	0x680e0
classic	instrument-raw-writer	0xeb9810	0xec408d	call	0x529cf0
classic	instrument-raw-writer	0xeb9810	0xec40a0	call	0x6f4f0
classic	instrument-raw-writer	0xeb9810	0xec40b1	call	0xbb700
classic	instrument-raw-writer	0xeb9810	0xec40be	call	0x67dc0
classic	instrument-raw-writer	0xeb9810	0xec40cf	call	0xbb870
classic	instrument-raw-writer	0xeb9810	0xec40e0	call	0xbb870
classic	instrument-raw-writer	0xeb9810	0xec40f1	call	0xbb870
classic	instrument-raw-writer	0xeb9810	0xec4104	call	0x6f510
classic	instrument-raw-writer	0xeb9810	0xec4117	call	0xb9ca0
classic	instrument-raw-writer	0xeb9810	0xec412a	call	0x6f4f0
classic	instrument-raw-writer	0xeb9810	0xec413d	call	0xb9ca0
classic	instrument-raw-writer	0xeb9810	0xec4150	call	0x6f4f0
classic	instrument-raw-writer	0xeb9810	0xec4163	call	0xb9ca0
classic	instrument-raw-writer	0xeb9810	0xec4176	call	0x6f4f0
classic	instrument-raw-writer	0xeb9810	0xec4189	call	0xb9ca0
classic	instrument-raw-writer	0xeb9810	0xec419c	call	0x6f4f0
classic	instrument-raw-writer	0xeb9810	0xec41ad	call	0xbb700
classic	instrument-raw-writer	0xeb9810	0xec41be	call	0xbb870
classic	instrument-raw-writer	0xeb9810	0xec41d1	call	0xeb4380
classic	instrument-raw-writer	0xeb9810	0xec41e2	call	0xbb870
classic	instrument-raw-writer	0xeb9810	0xec41f5	call	0x6f510
classic	instrument-raw-writer	0xeb9810	0xec4206	call	0x529cf0
classic	instrument-raw-writer	0xeb9810	0xec4219	call	0x6f4f0
classic	instrument-raw-writer	0xeb9810	0xec422a	call	0xbb700
classic	instrument-raw-writer	0xeb9810	0xec423d	call	0x6f510
classic	instrument-raw-writer	0xeb9810	0xec424e	call	0x529cf0
classic	instrument-raw-writer	0xeb9810	0xec4261	call	0x6f4f0
classic	instrument-raw-writer	0xeb9810	0xec4272	call	0xbb700
classic	instrument-raw-writer	0xeb9810	0xec4285	call	0x6f510
classic	instrument-raw-writer	0xeb9810	0xec4298	call	0xb9ca0
classic	instrument-raw-writer	0xeb9810	0xec42ab	call	0x6f4f0
classic	instrument-raw-writer	0xeb9810	0xec42c6	call	0xb9ca0
classic	instrument-raw-writer	0xeb9810	0xec42d2	jmp	0xec42f0
classic	instrument-raw-writer	0xeb9810	0xec42d8	jmp	0xec3f6b
classic	instrument-raw-writer	0xeb9810	0xec42e4	call	0xb9ca0
classic	instrument-raw-writer	0xeb9810	0xec42f7	call	0x6f4f0
classic	instrument-raw-writer	0xeb9810	0xec430a	call	0x6f4f0
classic	instrument-raw-writer	0xeb9810	0xec431b	call	0xbb700
classic	instrument-raw-writer	0xeb9810	0xec4320	jmp	0xec4326
classic	instrument-raw-writer	0xeb9810	0xec4334	call	0x6f510
classic	instrument-raw-writer	0xeb9810	0xec4347	call	0xb9ca0
classic	instrument-raw-writer	0xeb9810	0xec435a	call	0x6f4f0
classic	instrument-raw-writer	0xeb9810	0xec436b	call	0xbb700
classic	instrument-raw-writer	0xeb9810	0xec437c	call	0xbb870
classic	instrument-raw-writer	0xeb9810	0xec439a	call	0x680e0
classic	instrument-raw-writer	0xeb9810	0xec43af	call	0x529cf0
classic	instrument-raw-writer	0xeb9810	0xec43c2	call	0x6f4f0
classic	instrument-raw-writer	0xeb9810	0xec43d3	call	0xbb700
classic	instrument-raw-writer	0xeb9810	0xec43e0	call	0x67dc0
classic	instrument-raw-writer	0xeb9810	0xec43fe	call	0x680e0
classic	instrument-raw-writer	0xeb9810	0xec4413	call	0x529cf0
classic	instrument-raw-writer	0xeb9810	0xec4426	call	0x6f4f0
classic	instrument-raw-writer	0xeb9810	0xec4437	call	0xbb700
classic	instrument-raw-writer	0xeb9810	0xec4444	call	0x67dc0
classic	instrument-raw-writer	0xeb9810	0xec4457	call	0x6f510
classic	instrument-raw-writer	0xeb9810	0xec446a	call	0xb9ca0
classic	instrument-raw-writer	0xeb9810	0xec447d	call	0x6f4f0
classic	instrument-raw-writer	0xeb9810	0xec4490	call	0xb9ca0
classic	instrument-raw-writer	0xeb9810	0xec44a3	call	0x6f4f0
classic	instrument-raw-writer	0xeb9810	0xec44b4	call	0xbb700
classic	instrument-raw-writer	0xeb9810	0xec44c5	call	0xbb870
classic	instrument-raw-writer	0xeb9810	0xec44d8	call	0x6f510
classic	instrument-raw-writer	0xeb9810	0xec44e6	call	0x529cf0
classic	instrument-raw-writer	0xeb9810	0xec44f9	call	0x6f4f0
classic	instrument-raw-writer	0xeb9810	0xec450a	call	0xbb700
classic	instrument-raw-writer	0xeb9810	0xec452b	call	0x6f510
classic	instrument-raw-writer	0xeb9810	0xec454a	call	0x529cf0
classic	instrument-raw-writer	0xeb9810	0xec455d	call	0x6f4f0
classic	instrument-raw-writer	0xeb9810	0xec456e	call	0xbb700
classic	instrument-raw-writer	0xeb9810	0xec4581	call	0xeb4380
classic	instrument-raw-writer	0xeb9810	0xec459f	call	0xbb870
classic	instrument-raw-writer	0xeb9810	0xec45c2	call	0xbb870
classic	instrument-raw-writer	0xeb9810	0xec45d5	call	0x6f510
classic	instrument-raw-writer	0xeb9810	0xec45e8	call	0x6f4f0
classic	instrument-raw-writer	0xeb9810	0xec45fb	call	0xb9ca0
classic	instrument-raw-writer	0xeb9810	0xec460e	call	0x6f4f0
classic	instrument-raw-writer	0xeb9810	0xec4621	call	0xb9ca0
classic	instrument-raw-writer	0xeb9810	0xec4634	call	0x6f4f0
classic	instrument-raw-writer	0xeb9810	0xec4647	call	0xb9ca0
classic	instrument-raw-writer	0xeb9810	0xec4667	call	0x6f4f0
classic	instrument-raw-writer	0xeb9810	0xec4678	call	0xbb700
classic	instrument-raw-writer	0xeb9810	0xec4690	call	0x6f510
classic	instrument-raw-writer	0xeb9810	0xec46a3	call	0x6f4f0
classic	instrument-raw-writer	0xeb9810	0xec46b6	call	0xb9ca0
classic	instrument-raw-writer	0xeb9810	0xec46c9	call	0x6f4f0
classic	instrument-raw-writer	0xeb9810	0xec46dc	call	0x6f4f0
classic	instrument-raw-writer	0xeb9810	0xec46ed	call	0xbb700
classic	instrument-raw-writer	0xeb9810	0xec4708	call	0x6f510
classic	instrument-raw-writer	0xeb9810	0xec471b	call	0x6f4f0
classic	instrument-raw-writer	0xeb9810	0xec472e	call	0xb9ca0
classic	instrument-raw-writer	0xeb9810	0xec4747	call	0x6f4f0
classic	instrument-raw-writer	0xeb9810	0xec4753	jmp	0xec4768
classic	instrument-raw-writer	0xeb9810	0xec475c	call	0x6f4f0
classic	instrument-raw-writer	0xeb9810	0xec476f	call	0x6f4f0
classic	instrument-raw-writer	0xeb9810	0xec4780	call	0xbb700
classic	instrument-raw-writer	0xeb9810	0xec479c	call	0x6f510
classic	instrument-raw-writer	0xeb9810	0xec47af	call	0x6f4f0
classic	instrument-raw-writer	0xeb9810	0xec47c2	call	0xb9ca0
classic	instrument-raw-writer	0xeb9810	0xec47d5	call	0x6f4f0
classic	instrument-raw-writer	0xeb9810	0xec47e8	call	0xb9ca0
classic	instrument-raw-writer	0xeb9810	0xec47fb	call	0x6f4f0
classic	instrument-raw-writer	0xeb9810	0xec480e	call	0xb9ca0
classic	instrument-raw-writer	0xeb9810	0xec482c	call	0x6f4f0
classic	instrument-raw-writer	0xeb9810	0xec483d	call	0xbb700
classic	instrument-raw-writer	0xeb9810	0xec4850	call	0x6f510
classic	instrument-raw-writer	0xeb9810	0xec485e	call	0x529cf0
classic	instrument-raw-writer	0xeb9810	0xec4871	call	0x6f4f0
classic	instrument-raw-writer	0xeb9810	0xec4882	call	0x529cf0
classic	instrument-raw-writer	0xeb9810	0xec4895	call	0x6f4f0
classic	instrument-raw-writer	0xeb9810	0xec48a6	call	0xbb700
classic	instrument-raw-writer	0xeb9810	0xec48c3	call	0xbb870
classic	instrument-raw-writer	0xeb9810	0xec48f4	call	0x71ec0
classic	instrument-raw-writer	0xeb9810	0xec4909	call	0xbb870
classic	instrument-raw-writer	0xeb9810	0xec4917	jmp	0xec4ace
classic	instrument-raw-writer	0xeb9810	0xec4923	call	0xbb870
classic	instrument-raw-writer	0xeb9810	0xec4931	jmp	0xec4ace
classic	instrument-raw-writer	0xeb9810	0xec4944	call	0x6fe10
classic	instrument-raw-writer	0xeb9810	0xec4952	call	0x71ec0
classic	instrument-raw-writer	0xeb9810	0xec4967	call	0xbb870
classic	instrument-raw-writer	0xeb9810	0xec4977	jmp	0xec4ace
classic	instrument-raw-writer	0xeb9810	0xec4981	call	0x71ec0
classic	instrument-raw-writer	0xeb9810	0xec4996	call	0xbb870
classic	instrument-raw-writer	0xeb9810	0xec49a4	jmp	0xec4ace
classic	instrument-raw-writer	0xeb9810	0xec49b0	call	0xbb870
classic	instrument-raw-writer	0xeb9810	0xec49be	jmp	0xec4ace
classic	instrument-raw-writer	0xeb9810	0xec49d7	call	0x71ec0
classic	instrument-raw-writer	0xeb9810	0xec49ec	call	0xbb870
classic	instrument-raw-writer	0xeb9810	0xec49f4	jmp	0xec4ace
classic	instrument-raw-writer	0xeb9810	0xec4a00	jmp	0xec4ac4
classic	instrument-raw-writer	0xeb9810	0xec4a15	call	0xbb870
classic	instrument-raw-writer	0xeb9810	0xec4a1d	jmp	0xec4ace
classic	instrument-raw-writer	0xeb9810	0xec4a29	call	0x71ec0
classic	instrument-raw-writer	0xeb9810	0xec4a3e	call	0xbb870
classic	instrument-raw-writer	0xeb9810	0xec4a46	jmp	0xec4ace
classic	instrument-raw-writer	0xeb9810	0xec4a4d	call	0x71ec0
classic	instrument-raw-writer	0xeb9810	0xec4a6c	call	0xbb870
classic	instrument-raw-writer	0xeb9810	0xec4a76	jmp	0xec4ace
classic	instrument-raw-writer	0xeb9810	0xec4a8a	call	0xbb870
classic	instrument-raw-writer	0xeb9810	0xec4aa5	jmp	0xec4ace
classic	instrument-raw-writer	0xeb9810	0xec4aae	call	0xbb870
classic	instrument-raw-writer	0xeb9810	0xec4ab6	jmp	0xec4ace
classic	instrument-raw-writer	0xeb9810	0xec4ac4	call	0xbb870
classic	instrument-raw-writer	0xeb9810	0xec4aec	call	0xbb870
classic	instrument-raw-writer	0xeb9810	0xec4b13	jmp	0xec4b25
classic	instrument-raw-writer	0xeb9810	0xec4b1c	jmp	0xec4b25
classic	instrument-raw-writer	0xeb9810	0xec4b2a	call	0xbb870
classic	instrument-raw-writer	0xeb9810	0xec4b4d	call	0xbb870
classic	instrument-raw-writer	0xeb9810	0xec4ba0	call	0x71ec0
classic	instrument-raw-writer	0xeb9810	0xec4bb7	jmp	0xec4be1
classic	instrument-raw-writer	0xeb9810	0xec4bc5	jmp	0xec4be1
classic	instrument-raw-writer	0xeb9810	0xec4bd3	jmp	0xec4be1
classic	instrument-raw-writer	0xeb9810	0xec4bf9	call	0x6f510
classic	instrument-raw-writer	0xeb9810	0xec4c08	call	0x529cf0
classic	instrument-raw-writer	0xeb9810	0xec4c1b	call	0x6f4f0
classic	instrument-raw-writer	0xeb9810	0xec4c29	call	0x529cf0
classic	instrument-raw-writer	0xeb9810	0xec4c3c	call	0x6f4f0
classic	instrument-raw-writer	0xeb9810	0xec4c4d	call	0xbb700
classic	instrument-raw-writer	0xeb9810	0xec4c59	call	0x296b90
classic	instrument-raw-writer	0xeb9810	0xec4c6f	call	0xeb2f60
classic	instrument-raw-writer	0xeb9810	0xec4c80	call	0xeb36d0
classic	instrument-raw-writer	0xeb9810	0xec4c91	call	0xbb870
classic	instrument-raw-writer	0xeb9810	0xec4ca4	call	0x6f510
classic	instrument-raw-writer	0xeb9810	0xec4cb0	call	0x6f620
classic	instrument-raw-writer	0xeb9810	0xec4cc4	call	0x6f510
classic	instrument-raw-writer	0xeb9810	0xec4cd7	call	0xb9ca0
classic	instrument-raw-writer	0xeb9810	0xec4cea	call	0x6f4f0
classic	instrument-raw-writer	0xeb9810	0xec4d06	call	0x6f4f0
classic	instrument-raw-writer	0xeb9810	0xec4d10	jmp	0xec4dd1
classic	instrument-raw-writer	0xeb9810	0xec4d2c	call	0x6f4f0
classic	instrument-raw-writer	0xeb9810	0xec4d36	jmp	0xec4dd1
classic	instrument-raw-writer	0xeb9810	0xec4d54	jmp	0xec4dc5
classic	instrument-raw-writer	0xeb9810	0xec4d66	jmp	0xec4dc5
classic	instrument-raw-writer	0xeb9810	0xec4d7f	jmp	0xec4dcc
classic	instrument-raw-writer	0xeb9810	0xec4d88	jmp	0xec4dcc
classic	instrument-raw-writer	0xeb9810	0xec4d9a	jmp	0xec4dc5
classic	instrument-raw-writer	0xeb9810	0xec4dac	jmp	0xec4dc5
classic	instrument-raw-writer	0xeb9810	0xec4dcc	call	0x6f4f0
classic	instrument-raw-writer	0xeb9810	0xec4ddf	call	0x6f4f0
classic	instrument-raw-writer	0xeb9810	0xec4df2	call	0x6f4f0
classic	instrument-raw-writer	0xeb9810	0xec4e16	call	0x6f4f0
classic	instrument-raw-writer	0xeb9810	0xec4e29	call	0x6fe10
classic	instrument-raw-writer	0xeb9810	0xec4e40	call	0x6f4f0
classic	instrument-raw-writer	0xeb9810	0xec4e45	jmp	0xec4e83
classic	instrument-raw-writer	0xeb9810	0xec4e4e	call	0x6f620
classic	instrument-raw-writer	0xeb9810	0xec4e5e	call	0x52bd80
classic	instrument-raw-writer	0xeb9810	0xec4e71	call	0xb9ca0
classic	instrument-raw-writer	0xeb9810	0xec4e7e	call	0x67dc0
classic	instrument-raw-writer	0xeb9810	0xec4e91	call	0x6f4f0
classic	instrument-raw-writer	0xeb9810	0xec4ea4	call	0xb9ca0
classic	instrument-raw-writer	0xeb9810	0xec4eb7	call	0x6f4f0
classic	instrument-raw-writer	0xeb9810	0xec4ec6	call	0xeb3dd0
classic	instrument-raw-writer	0xeb9810	0xec4ed9	call	0x6f4f0
classic	instrument-raw-writer	0xeb9810	0xec4eec	call	0xb9ca0
classic	instrument-raw-writer	0xeb9810	0xec4eff	call	0x6f4f0
classic	instrument-raw-writer	0xeb9810	0xec4f18	call	0x6f4f0
classic	instrument-raw-writer	0xeb9810	0xec4f27	call	0xeb3dd0
classic	instrument-raw-writer	0xeb9810	0xec4f33	jmp	0xec4f64
classic	instrument-raw-writer	0xeb9810	0xec4f3f	call	0xeb3dd0
classic	instrument-raw-writer	0xeb9810	0xec4f52	call	0x6f4f0
classic	instrument-raw-writer	0xeb9810	0xec4f6b	call	0x6f4f0
classic	instrument-raw-writer	0xeb9810	0xec4f86	call	0x6f4f0
classic	instrument-raw-writer	0xeb9810	0xec4f9f	call	0x6f4f0
classic	instrument-raw-writer	0xeb9810	0xec4fab	jmp	0xec505a
classic	instrument-raw-writer	0xeb9810	0xec4fc4	call	0x6f4f0
classic	instrument-raw-writer	0xeb9810	0xec4fc9	jmp	0xec5007
classic	instrument-raw-writer	0xeb9810	0xec4fd2	call	0x6f620
classic	instrument-raw-writer	0xeb9810	0xec4fe2	call	0x52bd80
classic	instrument-raw-writer	0xeb9810	0xec4ff5	call	0xb9ca0
classic	instrument-raw-writer	0xeb9810	0xec5002	call	0x67dc0
classic	instrument-raw-writer	0xeb9810	0xec5015	call	0x6f4f0
classic	instrument-raw-writer	0xeb9810	0xec5024	call	0xeb3dd0
classic	instrument-raw-writer	0xeb9810	0xec5037	call	0x6f4f0
classic	instrument-raw-writer	0xeb9810	0xec504a	call	0xb9ca0
classic	instrument-raw-writer	0xeb9810	0xec5061	call	0x6f4f0
classic	instrument-raw-writer	0xeb9810	0xec5070	call	0xeb3dd0
classic	instrument-raw-writer	0xeb9810	0xec5083	call	0x6f4f0
classic	instrument-raw-writer	0xeb9810	0xec5096	call	0x6f4f0
classic	instrument-raw-writer	0xeb9810	0xec50a9	call	0x6f4f0
classic	instrument-raw-writer	0xeb9810	0xec50c5	jmp	0xec50e3
classic	instrument-raw-writer	0xeb9810	0xec50d3	jmp	0xec50e3
classic	instrument-raw-writer	0xeb9810	0xec50ea	call	0x6f4f0
classic	instrument-raw-writer	0xeb9810	0xec50fd	call	0x6f4f0
classic	instrument-raw-writer	0xeb9810	0xec5118	call	0x6f4f0
classic	instrument-raw-writer	0xeb9810	0xec5131	call	0x6f4f0
classic	instrument-raw-writer	0xeb9810	0xec5136	jmp	0xec5144
classic	instrument-raw-writer	0xeb9810	0xec513f	call	0xb9ca0
classic	instrument-raw-writer	0xeb9810	0xec5152	call	0x6f4f0
classic	instrument-raw-writer	0xeb9810	0xec516c	call	0x6f4f0
classic	instrument-raw-writer	0xeb9810	0xec517b	call	0xeb3dd0
classic	instrument-raw-writer	0xeb9810	0xec518e	call	0x6f4f0
classic	instrument-raw-writer	0xeb9810	0xec51a1	call	0xb9ca0
classic	instrument-raw-writer	0xeb9810	0xec51b4	call	0x6f4f0
classic	instrument-raw-writer	0xeb9810	0xec51b9	jmp	0xec528f
classic	instrument-raw-writer	0xeb9810	0xec51d8	jmp	0xec5201
classic	instrument-raw-writer	0xeb9810	0xec51e8	jmp	0xec5201
classic	instrument-raw-writer	0xeb9810	0xec51f8	jmp	0xec5201
classic	instrument-raw-writer	0xeb9810	0xec5208	call	0x6f4f0
classic	instrument-raw-writer	0xeb9810	0xec521b	call	0x6f4f0
classic	instrument-raw-writer	0xeb9810	0xec5235	call	0x6f4f0
classic	instrument-raw-writer	0xeb9810	0xec524e	call	0x6f4f0
classic	instrument-raw-writer	0xeb9810	0xec5253	jmp	0xec5261
classic	instrument-raw-writer	0xeb9810	0xec525c	call	0xb9ca0
classic	instrument-raw-writer	0xeb9810	0xec5273	call	0x6f4f0
classic	instrument-raw-writer	0xeb9810	0xec5286	call	0x6f4f0
classic	instrument-raw-writer	0xeb9810	0xec52aa	call	0x6f4f0
classic	instrument-raw-writer	0xeb9810	0xec52af	jmp	0xec52c3
classic	instrument-raw-writer	0xeb9810	0xec52be	call	0xeb1f50
classic	instrument-raw-writer	0xeb9810	0xec52de	call	0x6f4f0
classic	instrument-raw-writer	0xeb9810	0xec52f1	call	0xeb3a60
classic	instrument-raw-writer	0xeb9810	0xec52fd	call	0x6f2c0
classic	instrument-raw-writer	0xeb9810	0xec530d	call	0xfb4d0
classic	instrument-raw-writer	0xeb9810	0xec5327	call	0x6f2c0
classic	instrument-raw-writer	0xeb9810	0xec533a	call	0xe11c0
classic	instrument-raw-writer	0xeb9810	0xec5346	call	0x6f2c0
classic	instrument-raw-writer	0xeb9810	0xec5356	call	0xfb4d0
classic	instrument-raw-writer	0xeb9810	0xec536e	call	0xb9ca0
classic	instrument-raw-writer	0xeb9810	0xec5381	call	0x6f4f0
classic	instrument-raw-writer	0xeb9810	0xec5392	call	0xbb700
classic	instrument-raw-writer	0xeb9810	0xec539f	call	0x67dc0
classic	instrument-raw-writer	0xeb9810	0xec53ac	call	0xcc88d0
classic	instrument-raw-writer	0xeb9810	0xec53b9	call	0x67dc0
classic	instrument-raw-writer	0xeb9810	0xec53c6	call	0x67dc0
classic	instrument-raw-writer	0xeb9810	0xec53d3	call	0x67dc0
classic	instrument-raw-writer	0xeb9810	0xec53e0	call	0x67dc0
classic	instrument-raw-writer	0xeb9810	0xec53ed	call	0x67dc0
classic	instrument-raw-writer	0xeb9810	0xec53fa	call	0x67dc0
classic	instrument-raw-writer	0xeb9810	0xec5407	call	0x67dc0
classic	instrument-raw-writer	0xeb9810	0xec5414	call	0x67dc0
classic	instrument-raw-writer	0xeb9810	0xec5421	call	0x67dc0
classic	instrument-raw-writer	0xeb9810	0xec542e	call	0x67dc0
classic	instrument-raw-writer	0xeb9810	0xec543b	call	0x67dc0
classic	instrument-raw-writer	0xeb9810	0xec5448	call	0x67dc0
classic	instrument-raw-writer	0xeb9810	0xec547b	call	0x6ede0
classic	instrument-raw-writer	0xeb9810	0xec548a	call	0x6ede0
classic	instrument-raw-writer	0xeb9810	0xec549d	call	0x6ede0
classic	instrument-raw-writer	0xeb9810	0xec54b4	call	0xcd3b50
classic	instrument-raw-writer	0xeb9810	0xec54c0	call	0xcc8e40
classic	instrument-raw-writer	0xeb9810	0xec54cc	call	0x6ede0
classic	instrument-raw-writer	0xeb9810	0xec54e7	call	0xcc8e50
classic	instrument-raw-writer	0xeb9810	0xec54f6	call	0x6f1b0
classic	instrument-raw-writer	0xeb9810	0xec5516	call	0xcc9ae0
classic	instrument-raw-writer	0xeb9810	0xec5524	call	0x6ede0
classic	instrument-raw-writer	0xeb9810	0xec5534	call	0x6ede0
classic	instrument-raw-writer	0xeb9810	0xec5543	call	0x6ede0
classic	instrument-raw-writer	0xeb9810	0xec5551	call	0x14d670
classic	instrument-raw-writer	0xeb9810	0xec5562	call	0xbb870
classic	instrument-raw-writer	0xeb9810	0xec5573	call	0xbb870
classic	instrument-raw-writer	0xeb9810	0xec55aa	call	0x6f1b0
classic	instrument-raw-writer	0xeb9810	0xec55c0	call	0x680e0
classic	instrument-raw-writer	0xeb9810	0xec55d1	call	0xb9ca0
classic	instrument-raw-writer	0xeb9810	0xec55e4	call	0x680e0
classic	instrument-raw-writer	0xeb9810	0xec55f8	call	0xb9ca0
classic	instrument-raw-writer	0xeb9810	0xec560b	call	0x6f4f0
classic	instrument-raw-writer	0xeb9810	0xec561c	call	0xbb700
classic	instrument-raw-writer	0xeb9810	0xec562d	call	0xbb870
classic	instrument-raw-writer	0xeb9810	0xec5647	call	0x680e0
classic	instrument-raw-writer	0xeb9810	0xec5658	call	0x529cf0
classic	instrument-raw-writer	0xeb9810	0xec566b	call	0x6f4f0
classic	instrument-raw-writer	0xeb9810	0xec567c	call	0xbb700
classic	instrument-raw-writer	0xeb9810	0xec5689	call	0x67dc0
classic	instrument-raw-writer	0xeb9810	0xec56a3	call	0x680e0
classic	instrument-raw-writer	0xeb9810	0xec56b4	call	0x529cf0
classic	instrument-raw-writer	0xeb9810	0xec56c7	call	0x6f4f0
classic	instrument-raw-writer	0xeb9810	0xec56d8	call	0xbb700
classic	instrument-raw-writer	0xeb9810	0xec56e5	call	0x67dc0
classic	instrument-raw-writer	0xeb9810	0xec56fd	call	0x71f20
classic	instrument-raw-writer	0xeb9810	0xec571b	call	0x6f510
classic	instrument-raw-writer	0xeb9810	0xec572b	call	0xb9ca0
classic	instrument-raw-writer	0xeb9810	0xec573e	call	0x6f4f0
classic	instrument-raw-writer	0xeb9810	0xec574f	call	0xbb700
classic	instrument-raw-writer	0xeb9810	0xec5760	call	0xbb870
classic	instrument-raw-writer	0xeb9810	0xec576d	call	0x71f20
classic	instrument-raw-writer	0xeb9810	0xec5786	call	0xbb870
classic	instrument-raw-writer	0xeb9810	0xec5797	call	0xbb870
classic	instrument-raw-writer	0xeb9810	0xec57a8	call	0xbb870
classic	instrument-raw-writer	0xeb9810	0xec57bb	call	0x6f510
classic	instrument-raw-writer	0xeb9810	0xec57cb	call	0xb9ca0
classic	instrument-raw-writer	0xeb9810	0xec57de	call	0x6f4f0
classic	instrument-raw-writer	0xeb9810	0xec57ef	call	0xbb700
classic	instrument-raw-writer	0xeb9810	0xec5800	call	0xbb870
classic	instrument-raw-writer	0xeb9810	0xec5811	call	0xbb870
classic	instrument-raw-writer	0xeb9810	0xec581e	call	0x71f20
classic	instrument-raw-writer	0xeb9810	0xec5833	call	0xbb870
classic	instrument-raw-writer	0xeb9810	0xec5844	call	0xbb870
classic	instrument-raw-writer	0xeb9810	0xec5857	call	0x6f510
classic	instrument-raw-writer	0xeb9810	0xec5867	call	0xb9ca0
classic	instrument-raw-writer	0xeb9810	0xec587a	call	0x6f4f0
classic	instrument-raw-writer	0xeb9810	0xec588b	call	0xbb700
classic	instrument-raw-writer	0xeb9810	0xec589c	call	0xbb870
classic	instrument-raw-writer	0xeb9810	0xec58a9	call	0x71f20
classic	instrument-raw-writer	0xeb9810	0xec58c2	call	0xbb870
classic	instrument-raw-writer	0xeb9810	0xec58d3	call	0xbb870
classic	instrument-raw-writer	0xeb9810	0xec58e4	call	0xbb870
classic	instrument-raw-writer	0xeb9810	0xec58f5	call	0xbb870
classic	instrument-raw-writer	0xeb9810	0xec5906	call	0xbb870
classic	instrument-raw-writer	0xeb9810	0xec5917	call	0xbb870
classic	instrument-raw-writer	0xeb9810	0xec5928	call	0xbb870
classic	instrument-raw-writer	0xeb9810	0xec593b	call	0x6f510
classic	instrument-raw-writer	0xeb9810	0xec594b	call	0xb9ca0
classic	instrument-raw-writer	0xeb9810	0xec595e	call	0x6f4f0
classic	instrument-raw-writer	0xeb9810	0xec596f	call	0xbb700
classic	instrument-raw-writer	0xeb9810	0xec5980	call	0xbb870
classic	instrument-raw-writer	0xeb9810	0xec5991	call	0xbb870
classic	instrument-raw-writer	0xeb9810	0xec599c	call	0x71f20
classic	instrument-raw-writer	0xeb9810	0xec59b5	call	0xbb870
classic	instrument-raw-writer	0xeb9810	0xec59d6	call	0xbb870
classic	instrument-raw-writer	0xeb9810	0xec59e7	call	0xbb870
classic	instrument-raw-writer	0xeb9810	0xec59fa	call	0x6f510
classic	instrument-raw-writer	0xeb9810	0xec5a0a	call	0xb9ca0
classic	instrument-raw-writer	0xeb9810	0xec5a1d	call	0x6f4f0
classic	instrument-raw-writer	0xeb9810	0xec5a2e	call	0xbb700
classic	instrument-raw-writer	0xeb9810	0xec5a3f	call	0xbb870
classic	instrument-raw-writer	0xeb9810	0xec5a4c	call	0x71f20
classic	instrument-raw-writer	0xeb9810	0xec5a71	call	0xbb870
classic	instrument-raw-writer	0xeb9810	0xec5a82	call	0xbb870
classic	instrument-raw-writer	0xeb9810	0xec5a95	call	0x6f510
classic	instrument-raw-writer	0xeb9810	0xec5aa5	call	0xb9ca0
classic	instrument-raw-writer	0xeb9810	0xec5ab8	call	0x6f4f0
classic	instrument-raw-writer	0xeb9810	0xec5ac9	call	0xbb700
classic	instrument-raw-writer	0xeb9810	0xec5ada	call	0xbb870
classic	instrument-raw-writer	0xeb9810	0xec5ae7	call	0x71f20
classic	instrument-raw-writer	0xeb9810	0xec5b10	call	0xbb870
classic	instrument-raw-writer	0xeb9810	0xec5b21	call	0xbb870
classic	instrument-raw-writer	0xeb9810	0xec5b32	call	0xbb870
classic	instrument-raw-writer	0xeb9810	0xec5b43	call	0xbb870
classic	instrument-raw-writer	0xeb9810	0xec5b56	call	0x6f510
classic	instrument-raw-writer	0xeb9810	0xec5b66	call	0xb9ca0
classic	instrument-raw-writer	0xeb9810	0xec5b79	call	0x6f4f0
classic	instrument-raw-writer	0xeb9810	0xec5b8a	call	0xbb700
classic	instrument-raw-writer	0xeb9810	0xec5b9b	call	0xbb870
classic	instrument-raw-writer	0xeb9810	0xec5ba8	call	0x71f20
classic	instrument-raw-writer	0xeb9810	0xec5bcd	call	0xbb870
classic	instrument-raw-writer	0xeb9810	0xec5bde	call	0xbb870
classic	instrument-raw-writer	0xeb9810	0xec5bf1	call	0x6f510
classic	instrument-raw-writer	0xeb9810	0xec5c01	call	0xb9ca0
classic	instrument-raw-writer	0xeb9810	0xec5c14	call	0x6f4f0
classic	instrument-raw-writer	0xeb9810	0xec5c25	call	0xbb700
classic	instrument-raw-writer	0xeb9810	0xec5c36	call	0xbb870
classic	instrument-raw-writer	0xeb9810	0xec5c43	call	0x71f20
classic	instrument-raw-writer	0xeb9810	0xec5c6c	call	0xbb870
classic	instrument-raw-writer	0xeb9810	0xec5c7d	call	0xbb870
classic	instrument-raw-writer	0xeb9810	0xec5c8e	call	0xbb870
classic	instrument-raw-writer	0xeb9810	0xec5c9f	call	0xbb870
classic	instrument-raw-writer	0xeb9810	0xec5cb2	call	0x6f510
classic	instrument-raw-writer	0xeb9810	0xec5cc2	call	0xb9ca0
classic	instrument-raw-writer	0xeb9810	0xec5cd5	call	0x6f4f0
classic	instrument-raw-writer	0xeb9810	0xec5ce6	call	0xbb700
classic	instrument-raw-writer	0xeb9810	0xec5cf7	call	0xbb870
classic	instrument-raw-writer	0xeb9810	0xec5d04	call	0x71f20
classic	instrument-raw-writer	0xeb9810	0xec5d1d	call	0xbb870
classic	instrument-raw-writer	0xeb9810	0xec5d2c	call	0x6f2c0
classic	instrument-raw-writer	0xeb9810	0xec5d44	call	0xfb4d0
classic	instrument-raw-writer	0xeb9810	0xec5d59	call	0xfb4d0
classic	instrument-raw-writer	0xeb9810	0xec5d6e	call	0xfb4d0
classic	instrument-raw-writer	0xeb9810	0xec5d83	call	0xfb4d0
classic	instrument-raw-writer	0xeb9810	0xec5d98	call	0xfb4d0
classic	instrument-raw-writer	0xeb9810	0xec5dad	call	0xfb4d0
classic	instrument-raw-writer	0xeb9810	0xec5dc2	call	0xfb4d0
classic	instrument-raw-writer	0xeb9810	0xec5dd8	call	0xbb870
classic	instrument-raw-writer	0xeb9810	0xec5de9	call	0xbb870
classic	instrument-raw-writer	0xeb9810	0xec5dfa	call	0xbb870
classic	instrument-raw-writer	0xeb9810	0xec5e0d	call	0x6f510
classic	instrument-raw-writer	0xeb9810	0xec5e1d	call	0xb9ca0
classic	instrument-raw-writer	0xeb9810	0xec5e29	jmp	0xec5e77
classic	instrument-raw-writer	0xeb9810	0xec5e37	call	0xbb870
classic	instrument-raw-writer	0xeb9810	0xec5e48	call	0xbb870
classic	instrument-raw-writer	0xeb9810	0xec5e5b	call	0x6f510
classic	instrument-raw-writer	0xeb9810	0xec5e6b	call	0xb9ca0
classic	instrument-raw-writer	0xeb9810	0xec5e7e	call	0x6f4f0
classic	instrument-raw-writer	0xeb9810	0xec5e8f	call	0xbb700
classic	instrument-raw-writer	0xeb9810	0xec5ea0	call	0xbb870
classic	instrument-raw-writer	0xeb9810	0xec5ead	call	0x71f20
classic	instrument-raw-writer	0xeb9810	0xec5ec6	call	0xbb870
classic	instrument-raw-writer	0xeb9810	0xec5ed5	call	0x6f2c0
classic	instrument-raw-writer	0xeb9810	0xec5eed	call	0xfb4d0
classic	instrument-raw-writer	0xeb9810	0xec5f02	call	0xfb4d0
classic	instrument-raw-writer	0xeb9810	0xec5f17	call	0xfb4d0
classic	instrument-raw-writer	0xeb9810	0xec5f2c	call	0xfb4d0
classic	instrument-raw-writer	0xeb9810	0xec5f41	call	0xfb4d0
classic	instrument-raw-writer	0xeb9810	0xec5f56	call	0xfb4d0
classic	instrument-raw-writer	0xeb9810	0xec5f6b	call	0xfb4d0
classic	instrument-raw-writer	0xeb9810	0xec5f81	call	0xbb870
classic	instrument-raw-writer	0xeb9810	0xec5f92	call	0xbb870
classic	instrument-raw-writer	0xeb9810	0xec5fa3	call	0xbb870
classic	instrument-raw-writer	0xeb9810	0xec5fb6	call	0x6f510
classic	instrument-raw-writer	0xeb9810	0xec5fc6	call	0xb9ca0
classic	instrument-raw-writer	0xeb9810	0xec5fd2	jmp	0xec6020
classic	instrument-raw-writer	0xeb9810	0xec5fe0	call	0xbb870
classic	instrument-raw-writer	0xeb9810	0xec5ff1	call	0xbb870
classic	instrument-raw-writer	0xeb9810	0xec6004	call	0x6f510
classic	instrument-raw-writer	0xeb9810	0xec6014	call	0xb9ca0
classic	instrument-raw-writer	0xeb9810	0xec6027	call	0x6f4f0
classic	instrument-raw-writer	0xeb9810	0xec6038	call	0xbb700
classic	instrument-raw-writer	0xeb9810	0xec6049	call	0xbb870
classic	instrument-raw-writer	0xeb9810	0xec6056	call	0x71f20
classic	instrument-raw-writer	0xeb9810	0xec606f	call	0xbb870
classic	instrument-raw-writer	0xeb9810	0xec6080	call	0xbb870
classic	instrument-raw-writer	0xeb9810	0xec6091	call	0xbb870
classic	instrument-raw-writer	0xeb9810	0xec60a2	call	0xbb870
classic	instrument-raw-writer	0xeb9810	0xec60b5	call	0x6f510
classic	instrument-raw-writer	0xeb9810	0xec60c5	call	0xb9ca0
classic	instrument-raw-writer	0xeb9810	0xec60d8	call	0x6f4f0
classic	instrument-raw-writer	0xeb9810	0xec60e9	call	0xbb700
classic	instrument-raw-writer	0xeb9810	0xec60fa	call	0xbb870
classic	instrument-raw-writer	0xeb9810	0xec6107	call	0x71f20
classic	instrument-raw-writer	0xeb9810	0xec6120	call	0xbb870
classic	instrument-raw-writer	0xeb9810	0xec6131	call	0xbb870
classic	instrument-raw-writer	0xeb9810	0xec6142	call	0xbb870
classic	instrument-raw-writer	0xeb9810	0xec6153	call	0xbb870
classic	instrument-raw-writer	0xeb9810	0xec6166	call	0x6f510
classic	instrument-raw-writer	0xeb9810	0xec6176	call	0xb9ca0
classic	instrument-raw-writer	0xeb9810	0xec6189	call	0x6f4f0
classic	instrument-raw-writer	0xeb9810	0xec619a	call	0xbb700
classic	instrument-raw-writer	0xeb9810	0xec61ab	call	0xbb870
classic	instrument-raw-writer	0xeb9810	0xec61be	call	0x6f510
classic	instrument-raw-writer	0xeb9810	0xec61ce	call	0xb9ca0
classic	instrument-raw-writer	0xeb9810	0xec61e1	call	0x6f4f0
classic	instrument-raw-writer	0xeb9810	0xec61f2	call	0xbb700
classic	instrument-raw-writer	0xeb9810	0xec6203	call	0xbb870
classic	instrument-raw-writer	0xeb9810	0xec6219	call	0xbb870
classic	instrument-raw-writer	0xeb9810	0xec622a	call	0xbb870
classic	instrument-raw-writer	0xeb9810	0xec6239	call	0x67dc0
classic	instrument-raw-writer	0xeb9810	0xec6246	call	0x67dc0
classic	instrument-raw-writer	0xeb9810	0xec628a	call	0x6f1b0
classic	instrument-raw-writer	0xeb9810	0xec62a0	call	0x680e0
classic	instrument-raw-writer	0xeb9810	0xec62b1	call	0xb9ca0
classic	instrument-raw-writer	0xeb9810	0xec62c4	call	0x680e0
classic	instrument-raw-writer	0xeb9810	0xec62d8	call	0xb9ca0
classic	instrument-raw-writer	0xeb9810	0xec62eb	call	0x6f4f0
classic	instrument-raw-writer	0xeb9810	0xec62fc	call	0xbb700
classic	instrument-raw-writer	0xeb9810	0xec630d	call	0xbb870
classic	instrument-raw-writer	0xeb9810	0xec632b	call	0x680e0
classic	instrument-raw-writer	0xeb9810	0xec633b	call	0x529cf0
classic	instrument-raw-writer	0xeb9810	0xec634e	call	0x6f4f0
classic	instrument-raw-writer	0xeb9810	0xec635f	call	0xbb700
classic	instrument-raw-writer	0xeb9810	0xec636c	call	0x67dc0
classic	instrument-raw-writer	0xeb9810	0xec6385	call	0x680e0
classic	instrument-raw-writer	0xeb9810	0xec6395	call	0x529cf0
classic	instrument-raw-writer	0xeb9810	0xec63a8	call	0x6f4f0
classic	instrument-raw-writer	0xeb9810	0xec63b9	call	0xbb700
classic	instrument-raw-writer	0xeb9810	0xec63c6	call	0x67dc0
classic	instrument-raw-writer	0xeb9810	0xec63dc	call	0x6ede0
classic	instrument-raw-writer	0xeb9810	0xec63ee	call	0x71f20
classic	instrument-raw-writer	0xeb9810	0xec6405	jmp	0xec641e
classic	instrument-raw-writer	0xeb9810	0xec640e	jmp	0xec641e
classic	instrument-raw-writer	0xeb9810	0xec641e	call	0x6f510
classic	instrument-raw-writer	0xeb9810	0xec642e	call	0xb9ca0
classic	instrument-raw-writer	0xeb9810	0xec6441	call	0x6f4f0
classic	instrument-raw-writer	0xeb9810	0xec6452	call	0xbb700
classic	instrument-raw-writer	0xeb9810	0xec6463	call	0xbb870
classic	instrument-raw-writer	0xeb9810	0xec646b	call	0x6ede0
classic	instrument-raw-writer	0xeb9810	0xec6480	call	0x6f620
classic	instrument-raw-writer	0xeb9810	0xec6491	call	0x6f1d0
classic	instrument-raw-writer	0xeb9810	0xec64a0	call	0x6f1c0
classic	instrument-raw-writer	0xeb9810	0xec64b4	call	0x6edb0
classic	instrument-raw-writer	0xeb9810	0xec64be	call	0x65740
classic	instrument-raw-writer	0xeb9810	0xec64d4	call	0x6eda0
classic	instrument-raw-writer	0xeb9810	0xec64e3	call	0x6fdd0
classic	instrument-raw-writer	0xeb9810	0xec64f4	call	0x6eda0
classic	instrument-raw-writer	0xeb9810	0xec6507	call	0x6f530
classic	instrument-raw-writer	0xeb9810	0xec6517	call	0x6f1d0
classic	instrument-raw-writer	0xeb9810	0xec652a	call	0x6f1c0
classic	instrument-raw-writer	0xeb9810	0xec653e	call	0x6edb0
classic	instrument-raw-writer	0xeb9810	0xec6548	call	0x65740
classic	instrument-raw-writer	0xeb9810	0xec6555	call	0x6eda0
classic	instrument-raw-writer	0xeb9810	0xec6561	call	0x6eda0
classic	instrument-raw-writer	0xeb9810	0xec6571	call	0x6fdd0
classic	instrument-raw-writer	0xeb9810	0xec657e	call	0x6ed90
classic	instrument-raw-writer	0xeb9810	0xec6592	call	0x6edb0
classic	instrument-raw-writer	0xeb9810	0xec659c	call	0x65740
classic	instrument-raw-writer	0xeb9810	0xec65a5	jmp	0xec65af
classic	instrument-raw-writer	0xeb9810	0xec65a7	call	0x6eda0
classic	instrument-raw-writer	0xeb9810	0xec65b3	call	0x6ed90
classic	instrument-raw-writer	0xeb9810	0xec65c7	call	0x6edb0
classic	instrument-raw-writer	0xeb9810	0xec65d1	call	0x65740
classic	instrument-raw-writer	0xeb9810	0xec65ea	call	0xbb870
classic	instrument-raw-writer	0xeb9810	0xec65f6	call	0x6f1d0
classic	instrument-raw-writer	0xeb9810	0xec6605	call	0x6f1c0
classic	instrument-raw-writer	0xeb9810	0xec6619	call	0x6edb0
classic	instrument-raw-writer	0xeb9810	0xec6623	call	0x65740
classic	instrument-raw-writer	0xeb9810	0xec663e	call	0x6f510
classic	instrument-raw-writer	0xeb9810	0xec6647	call	0x6eda0
classic	instrument-raw-writer	0xeb9810	0xec665a	call	0xb9ca0
classic	instrument-raw-writer	0xeb9810	0xec666d	call	0x6f4f0
classic	instrument-raw-writer	0xeb9810	0xec6676	call	0x6eda0
classic	instrument-raw-writer	0xeb9810	0xec6689	call	0xb9ca0
classic	instrument-raw-writer	0xeb9810	0xec669c	call	0x6f4f0
classic	instrument-raw-writer	0xeb9810	0xec66ad	call	0xbb700
classic	instrument-raw-writer	0xeb9810	0xec66b6	call	0x6ed90
classic	instrument-raw-writer	0xeb9810	0xec66ca	call	0x6edb0
classic	instrument-raw-writer	0xeb9810	0xec66d4	call	0x65740
classic	instrument-raw-writer	0xeb9810	0xec66ef	call	0x6f510
classic	instrument-raw-writer	0xeb9810	0xec66ff	call	0xb9ca0
classic	instrument-raw-writer	0xeb9810	0xec6712	call	0x6f4f0
classic	instrument-raw-writer	0xeb9810	0xec6725	call	0xb9ca0
classic	instrument-raw-writer	0xeb9810	0xec6738	call	0x6f4f0
classic	instrument-raw-writer	0xeb9810	0xec6749	call	0xbb700
classic	instrument-raw-writer	0xeb9810	0xec675c	call	0x6f510
classic	instrument-raw-writer	0xeb9810	0xec676d	call	0xbb700
classic	instrument-raw-writer	0xeb9810	0xec6779	call	0x6f1d0
classic	instrument-raw-writer	0xeb9810	0xec6788	call	0x6f1c0
classic	instrument-raw-writer	0xeb9810	0xec67c3	call	0x6f860
classic	instrument-raw-writer	0xeb9810	0xec67d6	call	0xb9ca0
classic	instrument-raw-writer	0xeb9810	0xec67ef	call	0x6f9a0
classic	instrument-raw-writer	0xeb9810	0xec6806	call	0xb9ca0
classic	instrument-raw-writer	0xeb9810	0xec681f	call	0x6f9a0
classic	instrument-raw-writer	0xeb9810	0xec6830	call	0xbb700
classic	instrument-raw-writer	0xeb9810	0xec6841	jmp	0xec6791
classic	instrument-raw-writer	0xeb9810	0xec685e	call	0x71f20
classic	instrument-raw-writer	0xeb9810	0xec6873	call	0xbb870
classic	instrument-raw-writer	0xeb9810	0xec6880	call	0x71f20
classic	instrument-raw-writer	0xeb9810	0xec6895	call	0xbb870
classic	instrument-raw-writer	0xeb9810	0xec68a2	call	0x71f20
classic	instrument-raw-writer	0xeb9810	0xec68b7	call	0xbb870
classic	instrument-raw-writer	0xeb9810	0xec68d6	call	0xbb870
classic	instrument-raw-writer	0xeb9810	0xec68e3	call	0x71f20
classic	instrument-raw-writer	0xeb9810	0xec6904	call	0xbb870
classic	instrument-raw-writer	0xeb9810	0xec6911	call	0x71f20
classic	instrument-raw-writer	0xeb9810	0xec6932	call	0xbb870
classic	instrument-raw-writer	0xeb9810	0xec693f	call	0x71f20
classic	instrument-raw-writer	0xeb9810	0xec6960	call	0xbb870
classic	instrument-raw-writer	0xeb9810	0xec6993	call	0xbb870
classic	instrument-raw-writer	0xeb9810	0xec69ba	call	0xbb870
classic	instrument-raw-writer	0xeb9810	0xec69e1	call	0xbb870
classic	instrument-raw-writer	0xeb9810	0xec69ee	call	0x71f20
classic	instrument-raw-writer	0xeb9810	0xec6a03	call	0xbb870
classic	instrument-raw-writer	0xeb9810	0xec6a10	call	0x71f20
classic	instrument-raw-writer	0xeb9810	0xec6a25	call	0xbb870
classic	instrument-raw-writer	0xeb9810	0xec6a32	call	0x6f7e0
classic	instrument-raw-writer	0xeb9810	0xec6a3b	jmp	0xec70b2
classic	instrument-raw-writer	0xeb9810	0xec6a48	call	0x71f20
classic	instrument-raw-writer	0xeb9810	0xec6a61	call	0xbb870
classic	instrument-raw-writer	0xeb9810	0xec6a82	call	0xbb870
classic	instrument-raw-writer	0xeb9810	0xec6a93	call	0xbb870
classic	instrument-raw-writer	0xeb9810	0xec6aa6	call	0x6f510
classic	instrument-raw-writer	0xeb9810	0xec6ab6	call	0xb9ca0
classic	instrument-raw-writer	0xeb9810	0xec6ac9	call	0x6f4f0
classic	instrument-raw-writer	0xeb9810	0xec6ada	call	0xbb700
classic	instrument-raw-writer	0xeb9810	0xec6aeb	call	0xbb870
classic	instrument-raw-writer	0xeb9810	0xec6afc	call	0x71f20
classic	instrument-raw-writer	0xeb9810	0xec6b25	call	0xbb870
classic	instrument-raw-writer	0xeb9810	0xec6b36	call	0xbb870
classic	instrument-raw-writer	0xeb9810	0xec6b47	call	0xbb870
classic	instrument-raw-writer	0xeb9810	0xec6b58	call	0xbb870
classic	instrument-raw-writer	0xeb9810	0xec6b6b	call	0x6f510
classic	instrument-raw-writer	0xeb9810	0xec6b7b	call	0xb9ca0
classic	instrument-raw-writer	0xeb9810	0xec6b8e	call	0x6f4f0
classic	instrument-raw-writer	0xeb9810	0xec6b9f	call	0xbb700
classic	instrument-raw-writer	0xeb9810	0xec6bb0	call	0xbb870
classic	instrument-raw-writer	0xeb9810	0xec6bbb	call	0x71f20
classic	instrument-raw-writer	0xeb9810	0xec6be4	call	0xbb870
classic	instrument-raw-writer	0xeb9810	0xec6bf5	call	0xbb870
classic	instrument-raw-writer	0xeb9810	0xec6c06	call	0xbb870
classic	instrument-raw-writer	0xeb9810	0xec6c17	call	0xbb870
classic	instrument-raw-writer	0xeb9810	0xec6c2a	call	0x6f510
classic	instrument-raw-writer	0xeb9810	0xec6c3a	call	0xb9ca0
classic	instrument-raw-writer	0xeb9810	0xec6c4d	call	0x6f4f0
classic	instrument-raw-writer	0xeb9810	0xec6c5e	call	0xbb700
classic	instrument-raw-writer	0xeb9810	0xec6c6f	call	0xbb870
classic	instrument-raw-writer	0xeb9810	0xec6c7c	call	0x71f20
classic	instrument-raw-writer	0xeb9810	0xec6ca1	call	0xbb870
classic	instrument-raw-writer	0xeb9810	0xec6cb2	call	0xbb870
classic	instrument-raw-writer	0xeb9810	0xec6cc5	call	0x6f510
classic	instrument-raw-writer	0xeb9810	0xec6cd5	call	0xb9ca0
classic	instrument-raw-writer	0xeb9810	0xec6ce8	call	0x6f4f0
classic	instrument-raw-writer	0xeb9810	0xec6cf9	call	0xbb700
classic	instrument-raw-writer	0xeb9810	0xec6d0a	call	0xbb870
classic	instrument-raw-writer	0xeb9810	0xec6d17	call	0x71f20
classic	instrument-raw-writer	0xeb9810	0xec6d3c	call	0xbb870
classic	instrument-raw-writer	0xeb9810	0xec6d4d	call	0xbb870
classic	instrument-raw-writer	0xeb9810	0xec6d60	call	0x6f510
classic	instrument-raw-writer	0xeb9810	0xec6d70	call	0xb9ca0
classic	instrument-raw-writer	0xeb9810	0xec6d83	call	0x6f4f0
classic	instrument-raw-writer	0xeb9810	0xec6d94	call	0xbb700
classic	instrument-raw-writer	0xeb9810	0xec6da5	call	0xbb870
classic	instrument-raw-writer	0xeb9810	0xec6db2	call	0x71f20
classic	instrument-raw-writer	0xeb9810	0xec6dcb	call	0xbb870
classic	instrument-raw-writer	0xeb9810	0xec6ddc	call	0xbb870
classic	instrument-raw-writer	0xeb9810	0xec6ded	call	0xbb870
classic	instrument-raw-writer	0xeb9810	0xec6dfe	call	0xbb870
classic	instrument-raw-writer	0xeb9810	0xec6e0f	call	0xbb870
classic	instrument-raw-writer	0xeb9810	0xec6e20	call	0xbb870
classic	instrument-raw-writer	0xeb9810	0xec6e31	call	0xbb870
classic	instrument-raw-writer	0xeb9810	0xec6e44	call	0x6f510
classic	instrument-raw-writer	0xeb9810	0xec6e54	call	0xb9ca0
classic	instrument-raw-writer	0xeb9810	0xec6e67	call	0x6f4f0
classic	instrument-raw-writer	0xeb9810	0xec6e78	call	0xbb700
classic	instrument-raw-writer	0xeb9810	0xec6e89	call	0xbb870
classic	instrument-raw-writer	0xeb9810	0xec6e9a	call	0xbb870
classic	instrument-raw-writer	0xeb9810	0xec6ea7	call	0x71f20
classic	instrument-raw-writer	0xeb9810	0xec6ec0	call	0xbb870
classic	instrument-raw-writer	0xeb9810	0xec6ed1	call	0xbb870
classic	instrument-raw-writer	0xeb9810	0xec6ee2	call	0xbb870
classic	instrument-raw-writer	0xeb9810	0xec6ef5	call	0x6f510
classic	instrument-raw-writer	0xeb9810	0xec6f05	call	0xb9ca0
classic	instrument-raw-writer	0xeb9810	0xec6f18	call	0x6f4f0
classic	instrument-raw-writer	0xeb9810	0xec6f29	call	0xbb700
classic	instrument-raw-writer	0xeb9810	0xec6f3a	call	0xbb870
classic	instrument-raw-writer	0xeb9810	0xec6f4b	call	0xbb870
classic	instrument-raw-writer	0xeb9810	0xec6f58	call	0x71f20
classic	instrument-raw-writer	0xeb9810	0xec6f71	call	0xbb870
classic	instrument-raw-writer	0xeb9810	0xec6f82	call	0xbb870
classic	instrument-raw-writer	0xeb9810	0xec6f93	call	0xbb870
classic	instrument-raw-writer	0xeb9810	0xec6fa4	call	0xbb870
classic	instrument-raw-writer	0xeb9810	0xec6fb7	call	0x6f510
classic	instrument-raw-writer	0xeb9810	0xec6fc7	call	0xb9ca0
classic	instrument-raw-writer	0xeb9810	0xec6fda	call	0x6f4f0
classic	instrument-raw-writer	0xeb9810	0xec6feb	call	0xbb700
classic	instrument-raw-writer	0xeb9810	0xec6ffc	call	0xbb870
classic	instrument-raw-writer	0xeb9810	0xec7009	call	0x71f20
classic	instrument-raw-writer	0xeb9810	0xec7022	call	0xbb870
classic	instrument-raw-writer	0xeb9810	0xec7033	call	0xbb870
classic	instrument-raw-writer	0xeb9810	0xec7044	call	0xbb870
classic	instrument-raw-writer	0xeb9810	0xec7055	call	0xbb870
classic	instrument-raw-writer	0xeb9810	0xec7068	call	0x6f510
classic	instrument-raw-writer	0xeb9810	0xec7078	call	0xb9ca0
classic	instrument-raw-writer	0xeb9810	0xec708b	call	0x6f4f0
classic	instrument-raw-writer	0xeb9810	0xec709c	call	0xbb700
classic	instrument-raw-writer	0xeb9810	0xec70ad	call	0xbb870
classic	instrument-raw-writer	0xeb9810	0xec70c6	call	0x6f860
classic	instrument-raw-writer	0xeb9810	0xec70d6	call	0xb9ca0
classic	instrument-raw-writer	0xeb9810	0xec70ef	call	0x6f9a0
classic	instrument-raw-writer	0xeb9810	0xec7100	call	0xbb700
classic	instrument-raw-writer	0xeb9810	0xec7111	call	0xbb870
classic	instrument-raw-writer	0xeb9810	0xec7129	call	0xbb870
classic	instrument-raw-writer	0xeb9810	0xec713a	call	0xbb870
classic	instrument-raw-writer	0xeb9810	0xec714b	call	0x6f7e0
classic	instrument-raw-writer	0xeb9810	0xec7158	call	0x6f7e0
classic	instrument-raw-writer	0xeb9810	0xec7170	call	0x6ede0
classic	instrument-raw-writer	0xeb9810	0xec7187	call	0xecb7d0
classic	instrument-raw-writer	0xeb9810	0xec7193	call	0xde0ea0
classic	instrument-raw-writer	0xeb9810	0xec719f	call	0x6ede0
classic	instrument-raw-writer	0xeb9810	0xec71b7	call	0xde0ec0
classic	instrument-raw-writer	0xeb9810	0xec71c6	call	0x6f1b0
classic	instrument-raw-writer	0xeb9810	0xec71e6	call	0xeccb40
classic	instrument-raw-writer	0xeb9810	0xec71f4	call	0x6ede0
classic	instrument-raw-writer	0xeb9810	0xec7204	call	0x67dc0
classic	instrument-raw-writer	0xeb9810	0xec720f	call	0xbb920
classic	instrument-raw-writer	0xeb9810	0xec721c	call	0xbb920
classic	instrument-raw-writer	0xeb9810	0xec7226	call	0xbb920
classic	instrument-raw-writer	0xeb9810	0xec7230	call	0xbb920
classic	instrument-raw-writer	0xeb9810	0xec723f	call	0x15345d0
