edition	owner	function_rva	instruction_rva	instruction	target_or_operands	fallthrough_rva
steam	take-from-pack-animal-caption	0x8932c0	0x8932f7	je	0x8935c8	0x8932fd
steam	take-from-pack-animal-caption	0x8932c0	0x89334c	cmova	rdx,QWORD PTR [rbp+0x7]	0x893351
steam	take-from-pack-animal-caption	0x8932c0	0x893371	jne	0x89343a	0x893377
steam	take-from-pack-animal-caption	0x8932c0	0x893379	je	0x893422	0x89337f
steam	take-from-pack-animal-caption	0x8932c0	0x89338a	jae	0x8933ed	0x89338c
steam	take-from-pack-animal-caption	0x8932c0	0x893398	je	0x8933c3	0x89339a
steam	take-from-pack-animal-caption	0x8932c0	0x89339d	jne	0x8933d1	0x89339f
steam	take-from-pack-animal-caption	0x8932c0	0x8933ab	je	0x8933d1	0x8933ad
steam	take-from-pack-animal-caption	0x8932c0	0x8933c1	jmp	0x89343a	0x8933c3
steam	take-from-pack-animal-caption	0x8932c0	0x8933cf	jne	0x8933d7	0x8933d1
steam	take-from-pack-animal-caption	0x8932c0	0x8933d5	jmp	0x893387	0x8933d7
steam	take-from-pack-animal-caption	0x8932c0	0x8933eb	jmp	0x89343a	0x8933ed
steam	take-from-pack-animal-caption	0x8932c0	0x8933f8	jae	0x89343a	0x8933fa
steam	take-from-pack-animal-caption	0x8932c0	0x893400	je	0x893408	0x893402
steam	take-from-pack-animal-caption	0x8932c0	0x893406	jmp	0x8933f5	0x893408
steam	take-from-pack-animal-caption	0x8932c0	0x893420	jmp	0x893436	0x893422
steam	take-from-pack-animal-caption	0x8932c0	0x89343f	jne	0x8934e9	0x893445
steam	take-from-pack-animal-caption	0x8932c0	0x89344a	je	0x8934e9	0x893450
steam	take-from-pack-animal-caption	0x8932c0	0x893499	cmova	rdx,QWORD PTR [rbp-0x19]	0x89349e
steam	take-from-pack-animal-caption	0x8932c0	0x8934b3	jbe	0x8934e9	0x8934b5
steam	take-from-pack-animal-caption	0x8932c0	0x8934c6	jb	0x8934e4	0x8934c8
steam	take-from-pack-animal-caption	0x8932c0	0x8934db	jbe	0x8934e4	0x8934dd
steam	take-from-pack-animal-caption	0x8932c0	0x8934f1	je	0x89358a	0x8934f7
steam	take-from-pack-animal-caption	0x8932c0	0x893505	jne	0x893521	0x893507
steam	take-from-pack-animal-caption	0x8932c0	0x893512	jne	0x893521	0x893514
steam	take-from-pack-animal-caption	0x8932c0	0x89351f	je	0x89358a	0x893521
steam	take-from-pack-animal-caption	0x8932c0	0x893592	jbe	0x8935c8	0x893594
steam	take-from-pack-animal-caption	0x8932c0	0x8935a5	jb	0x8935c3	0x8935a7
steam	take-from-pack-animal-caption	0x8932c0	0x8935ba	jbe	0x8935c3	0x8935bc
steam	shared-item-noun	0xa82c10	0xa82c96	jne	0xa82d5c	0xa82c9c
steam	shared-item-noun	0xa82c10	0xa82ca2	je	0xa82cbc	0xa82ca4
steam	shared-item-noun	0xa82c10	0xa82ca7	je	0xa82cbc	0xa82ca9
steam	shared-item-noun	0xa82c10	0xa82cac	je	0xa82cbc	0xa82cae
steam	shared-item-noun	0xa82c10	0xa82cb1	je	0xa82cbc	0xa82cb3
steam	shared-item-noun	0xa82c10	0xa82cb6	jne	0xa82d5a	0xa82cbc
steam	shared-item-noun	0xa82c10	0xa82cc5	jne	0xa82cf4	0xa82cc7
steam	shared-item-noun	0xa82c10	0xa82cdc	je	0xa82d02	0xa82cde
steam	shared-item-noun	0xa82c10	0xa82ce8	je	0xa82d02	0xa82cea
steam	shared-item-noun	0xa82c10	0xa82cf2	jmp	0xa82d08	0xa82cf4
steam	shared-item-noun	0xa82c10	0xa82cf6	jne	0xa82d02	0xa82cf8
steam	shared-item-noun	0xa82c10	0xa82d00	jmp	0xa82d08	0xa82d02
steam	shared-item-noun	0xa82c10	0xa82d20	je	0xa82d39	0xa82d22
steam	shared-item-noun	0xa82c10	0xa82d25	jne	0xa82d5a	0xa82d27
steam	shared-item-noun	0xa82c10	0xa82d37	jmp	0xa82d49	0xa82d39
steam	shared-item-noun	0xa82c10	0xa82d63	jne	0xa82d7d	0xa82d65
steam	shared-item-noun	0xa82c10	0xa82d71	jbe	0xa82d76	0xa82d73
steam	shared-item-noun	0xa82c10	0xa82d84	je	0xa82d9f	0xa82d86
steam	shared-item-noun	0xa82c10	0xa82dcc	ja	0xa87fe8	0xa82dd2
steam	shared-item-noun	0xa82c10	0xa82de3	jmp	rax	0xa82de5
steam	shared-item-noun	0xa82c10	0xa82df6	jne	0xa82dfc	0xa82df8
steam	shared-item-noun	0xa82c10	0xa82dfa	je	0xa82e56	0xa82dfc
steam	shared-item-noun	0xa82c10	0xa82e2d	cmova	rdx,QWORD PTR [rsp+0x68]	0xa82e33
steam	shared-item-noun	0xa82c10	0xa82e44	jne	0xa8806b	0xa82e4a
steam	shared-item-noun	0xa82c10	0xa82e54	jmp	0xa82e60	0xa82e56
steam	shared-item-noun	0xa82c10	0xa82e5a	jne	0xa8806b	0xa82e60
steam	shared-item-noun	0xa82c10	0xa82e75	jmp	0xa8806b	0xa82e7a
steam	shared-item-noun	0xa82c10	0xa82e84	jne	0xa82e8a	0xa82e86
steam	shared-item-noun	0xa82c10	0xa82e88	je	0xa82ed8	0xa82e8a
steam	shared-item-noun	0xa82c10	0xa82ebb	cmova	rdx,QWORD PTR [rsp+0x68]	0xa82ec1
steam	shared-item-noun	0xa82c10	0xa82ef1	je	0xa880a7	0xa82ef7
steam	shared-item-noun	0xa82c10	0xa82f0c	jmp	0xa8806b	0xa82f11
steam	shared-item-noun	0xa82c10	0xa82f15	jne	0xa82f31	0xa82f17
steam	shared-item-noun	0xa82c10	0xa82f2c	jmp	0xa8806b	0xa82f31
steam	shared-item-noun	0xa82c10	0xa82f34	jne	0xa82f4a	0xa82f36
steam	shared-item-noun	0xa82c10	0xa82f45	jmp	0xa8806b	0xa82f4a
steam	shared-item-noun	0xa82c10	0xa82f4d	jne	0xa82f63	0xa82f4f
steam	shared-item-noun	0xa82c10	0xa82f5e	jmp	0xa8806b	0xa82f63
steam	shared-item-noun	0xa82c10	0xa82f66	jne	0xa82f7c	0xa82f68
steam	shared-item-noun	0xa82c10	0xa82f77	jmp	0xa8806b	0xa82f7c
steam	shared-item-noun	0xa82c10	0xa82f7f	jne	0xa82f9e	0xa82f81
steam	shared-item-noun	0xa82c10	0xa82f84	jne	0xa8806b	0xa82f8a
steam	shared-item-noun	0xa82c10	0xa82f99	jmp	0xa8806b	0xa82f9e
steam	shared-item-noun	0xa82c10	0xa82fe9	jmp	0xa8806b	0xa82fee
steam	shared-item-noun	0xa82c10	0xa82ffb	jne	0xa83058	0xa82ffd
steam	shared-item-noun	0xa82c10	0xa82fff	js	0xa83041	0xa83001
steam	shared-item-noun	0xa82c10	0xa83019	jae	0xa83041	0xa8301b
steam	shared-item-noun	0xa82c10	0xa83023	jle	0xa83035	0xa83025
steam	shared-item-noun	0xa82c10	0xa8302d	je	0xa83035	0xa8302f
steam	shared-item-noun	0xa82c10	0xa83033	jmp	0xa83037	0xa83035
steam	shared-item-noun	0xa82c10	0xa83039	je	0xa83058	0xa8303b
steam	shared-item-noun	0xa82c10	0xa8303f	jmp	0xa8307f	0xa83041
steam	shared-item-noun	0xa82c10	0xa83056	jmp	0xa8307c	0xa83058
steam	shared-item-noun	0xa82c10	0xa83071	jne	0xa8307c	0xa83073
steam	shared-item-noun	0xa82c10	0xa83076	je	0xa83138	0xa8307c
steam	shared-item-noun	0xa82c10	0xa830c6	cmova	rdx,QWORD PTR [rbp-0x38]	0xa830cb
steam	shared-item-noun	0xa82c10	0xa830da	jne	0xa830e7	0xa830dc
steam	shared-item-noun	0xa82c10	0xa830ef	jbe	0xa83122	0xa830f1
steam	shared-item-noun	0xa82c10	0xa83102	jb	0xa8311d	0xa83104
steam	shared-item-noun	0xa82c10	0xa83117	ja	0xa86cfe	0xa8311d
steam	shared-item-noun	0xa82c10	0xa83136	jne	0xa8314d	0xa83138
steam	shared-item-noun	0xa82c10	0xa83152	jne	0xa8806b	0xa83158
steam	shared-item-noun	0xa82c10	0xa8316d	jmp	0xa8806b	0xa83172
steam	shared-item-noun	0xa82c10	0xa83175	jne	0xa831cb	0xa83177
steam	shared-item-noun	0xa82c10	0xa8317a	je	0xa831b7	0xa8317c
steam	shared-item-noun	0xa82c10	0xa831b2	jmp	0xa8806b	0xa831b7
steam	shared-item-noun	0xa82c10	0xa831c6	jmp	0xa8806b	0xa831cb
steam	shared-item-noun	0xa82c10	0xa831d6	jne	0xa831f1	0xa831d8
steam	shared-item-noun	0xa82c10	0xa831db	jne	0xa831f1	0xa831dd
steam	shared-item-noun	0xa82c10	0xa831ec	jmp	0xa8806b	0xa831f1
steam	shared-item-noun	0xa82c10	0xa83244	jmp	0xa8806b	0xa83249
steam	shared-item-noun	0xa82c10	0xa8324c	je	0xa83306	0xa83252
steam	shared-item-noun	0xa82c10	0xa83255	je	0xa832ce	0xa83257
steam	shared-item-noun	0xa82c10	0xa8325b	je	0xa832ba	0xa8325d
steam	shared-item-noun	0xa82c10	0xa832b5	jmp	0xa8806b	0xa832ba
steam	shared-item-noun	0xa82c10	0xa832c9	jmp	0xa8806b	0xa832ce
steam	shared-item-noun	0xa82c10	0xa832d1	jne	0xa832e7	0xa832d3
steam	shared-item-noun	0xa82c10	0xa832e2	jmp	0xa8806b	0xa832e7
steam	shared-item-noun	0xa82c10	0xa832f0	je	0xa832f9	0xa832f2
steam	shared-item-noun	0xa82c10	0xa83301	jmp	0xa8806b	0xa83306
steam	shared-item-noun	0xa82c10	0xa83309	jne	0xa8332e	0xa8330b
steam	shared-item-noun	0xa82c10	0xa83329	jmp	0xa8806b	0xa8332e
steam	shared-item-noun	0xa82c10	0xa83388	js	0xa8331a	0xa8338a
steam	shared-item-noun	0xa82c10	0xa833a2	jae	0xa8331a	0xa833a8
steam	shared-item-noun	0xa82c10	0xa833b0	jle	0xa833c0	0xa833b2
steam	shared-item-noun	0xa82c10	0xa833ba	je	0xa833c0	0xa833bc
steam	shared-item-noun	0xa82c10	0xa833be	jmp	0xa833c2	0xa833c0
steam	shared-item-noun	0xa82c10	0xa833c4	je	0xa8331a	0xa833ca
steam	shared-item-noun	0xa82c10	0xa833d9	jmp	0xa8806b	0xa833de
steam	shared-item-noun	0xa82c10	0xa833ea	je	0xa83451	0xa833ec
steam	shared-item-noun	0xa82c10	0xa83404	je	0xa83451	0xa83406
steam	shared-item-noun	0xa82c10	0xa8340d	js	0xa8343a	0xa8340f
steam	shared-item-noun	0xa82c10	0xa83421	je	0xa8343d	0xa83423
steam	shared-item-noun	0xa82c10	0xa83426	cmovle	edx,eax	0xa83429
steam	shared-item-noun	0xa82c10	0xa8342c	cmovle	eax,r8d	0xa83430
steam	shared-item-noun	0xa82c10	0xa83435	jle	0xa83410	0xa83437
steam	shared-item-noun	0xa82c10	0xa83440	je	0xa83451	0xa83442
steam	shared-item-noun	0xa82c10	0xa83491	je	0xa834b2	0xa83493
steam	shared-item-noun	0xa82c10	0xa8349c	cmova	rdx,QWORD PTR [rbp-0x18]	0xa834a1
steam	shared-item-noun	0xa82c10	0xa834ad	jmp	0xa83575	0xa834b2
steam	shared-item-noun	0xa82c10	0xa834b6	jne	0xa834cc	0xa834b8
steam	shared-item-noun	0xa82c10	0xa834c7	jmp	0xa83575	0xa834cc
steam	shared-item-noun	0xa82c10	0xa834cf	jne	0xa834e5	0xa834d1
steam	shared-item-noun	0xa82c10	0xa834e0	jmp	0xa83575	0xa834e5
steam	shared-item-noun	0xa82c10	0xa834e8	jne	0xa834fb	0xa834ea
steam	shared-item-noun	0xa82c10	0xa834f9	jmp	0xa83575	0xa834fb
steam	shared-item-noun	0xa82c10	0xa834fe	jne	0xa83511	0xa83500
steam	shared-item-noun	0xa82c10	0xa8350f	jmp	0xa83575	0xa83511
steam	shared-item-noun	0xa82c10	0xa83514	jne	0xa8352c	0xa83516
steam	shared-item-noun	0xa82c10	0xa83519	jne	0xa83575	0xa8351b
steam	shared-item-noun	0xa82c10	0xa8352a	jmp	0xa83575	0xa8352c
steam	shared-item-noun	0xa82c10	0xa8357d	jbe	0xa835b0	0xa8357f
steam	shared-item-noun	0xa82c10	0xa83590	jb	0xa835ab	0xa83592
steam	shared-item-noun	0xa82c10	0xa835a5	ja	0xa86cfe	0xa835ab
steam	shared-item-noun	0xa82c10	0xa835c0	jmp	0xa8806b	0xa835c5
steam	shared-item-noun	0xa82c10	0xa835cf	jne	0xa835d5	0xa835d1
steam	shared-item-noun	0xa82c10	0xa835d3	je	0xa83623	0xa835d5
steam	shared-item-noun	0xa82c10	0xa83606	cmova	rdx,QWORD PTR [rsp+0x68]	0xa8360c
steam	shared-item-noun	0xa82c10	0xa8363b	je	0xa83669	0xa8363d
steam	shared-item-noun	0xa82c10	0xa83645	je	0xa83658	0xa83647
steam	shared-item-noun	0xa82c10	0xa83653	jmp	0xa8806b	0xa83658
steam	shared-item-noun	0xa82c10	0xa83664	jmp	0xa8806b	0xa83669
steam	shared-item-noun	0xa82c10	0xa8367b	jmp	0xa8806b	0xa83680
steam	shared-item-noun	0xa82c10	0xa8368a	jne	0xa83690	0xa8368c
steam	shared-item-noun	0xa82c10	0xa8368e	je	0xa836de	0xa83690
steam	shared-item-noun	0xa82c10	0xa836c1	cmova	rdx,QWORD PTR [rsp+0x68]	0xa836c7
steam	shared-item-noun	0xa82c10	0xa836f3	je	0xa8370f	0xa836f5
steam	shared-item-noun	0xa82c10	0xa836fc	jle	0xa8370f	0xa836fe
steam	shared-item-noun	0xa82c10	0xa83709	je	0xa8370f	0xa8370b
steam	shared-item-noun	0xa82c10	0xa8370d	jmp	0xa83711	0xa8370f
steam	shared-item-noun	0xa82c10	0xa8372d	cmove	rdx,rcx	0xa83731
steam	shared-item-noun	0xa82c10	0xa83731	jmp	0xa88053	0xa83736
steam	shared-item-noun	0xa82c10	0xa83740	jne	0xa83746	0xa83742
steam	shared-item-noun	0xa82c10	0xa83744	je	0xa83794	0xa83746
steam	shared-item-noun	0xa82c10	0xa83777	cmova	rdx,QWORD PTR [rsp+0x68]	0xa8377d
steam	shared-item-noun	0xa82c10	0xa837a1	jmp	0xa88053	0xa837a6
steam	shared-item-noun	0xa82c10	0xa837b0	jne	0xa837b6	0xa837b2
steam	shared-item-noun	0xa82c10	0xa837b4	je	0xa83804	0xa837b6
steam	shared-item-noun	0xa82c10	0xa837e7	cmova	rdx,QWORD PTR [rsp+0x68]	0xa837ed
steam	shared-item-noun	0xa82c10	0xa83811	jmp	0xa88053	0xa83816
steam	shared-item-noun	0xa82c10	0xa83820	jne	0xa83826	0xa83822
steam	shared-item-noun	0xa82c10	0xa83824	je	0xa83874	0xa83826
steam	shared-item-noun	0xa82c10	0xa83857	cmova	rdx,QWORD PTR [rsp+0x68]	0xa8385d
steam	shared-item-noun	0xa82c10	0xa83881	jmp	0xa88053	0xa83886
steam	shared-item-noun	0xa82c10	0xa83890	jne	0xa83896	0xa83892
steam	shared-item-noun	0xa82c10	0xa83894	je	0xa838e4	0xa83896
steam	shared-item-noun	0xa82c10	0xa838c7	cmova	rdx,QWORD PTR [rsp+0x68]	0xa838cd
steam	shared-item-noun	0xa82c10	0xa838f1	jmp	0xa88053	0xa838f6
steam	shared-item-noun	0xa82c10	0xa83900	jne	0xa83906	0xa83902
steam	shared-item-noun	0xa82c10	0xa83904	je	0xa83954	0xa83906
steam	shared-item-noun	0xa82c10	0xa83937	cmova	rdx,QWORD PTR [rsp+0x68]	0xa8393d
steam	shared-item-noun	0xa82c10	0xa83961	jmp	0xa88053	0xa83966
steam	shared-item-noun	0xa82c10	0xa83970	jne	0xa83976	0xa83972
steam	shared-item-noun	0xa82c10	0xa83974	je	0xa839c4	0xa83976
steam	shared-item-noun	0xa82c10	0xa839a7	cmova	rdx,QWORD PTR [rsp+0x68]	0xa839ad
steam	shared-item-noun	0xa82c10	0xa839d1	jmp	0xa88053	0xa839d6
steam	shared-item-noun	0xa82c10	0xa839e0	jne	0xa839e6	0xa839e2
steam	shared-item-noun	0xa82c10	0xa839e4	je	0xa83a34	0xa839e6
steam	shared-item-noun	0xa82c10	0xa83a17	cmova	rdx,QWORD PTR [rsp+0x68]	0xa83a1d
steam	shared-item-noun	0xa82c10	0xa83a41	jmp	0xa88053	0xa83a46
steam	shared-item-noun	0xa82c10	0xa83a50	jne	0xa83a56	0xa83a52
steam	shared-item-noun	0xa82c10	0xa83a54	je	0xa83aa4	0xa83a56
steam	shared-item-noun	0xa82c10	0xa83a87	cmova	rdx,QWORD PTR [rsp+0x68]	0xa83a8d
steam	shared-item-noun	0xa82c10	0xa83ab1	jmp	0xa88053	0xa83ab6
steam	shared-item-noun	0xa82c10	0xa83ac0	jne	0xa83ac6	0xa83ac2
steam	shared-item-noun	0xa82c10	0xa83ac4	je	0xa83b14	0xa83ac6
steam	shared-item-noun	0xa82c10	0xa83af7	cmova	rdx,QWORD PTR [rsp+0x68]	0xa83afd
steam	shared-item-noun	0xa82c10	0xa83b29	je	0xa83b73	0xa83b2b
steam	shared-item-noun	0xa82c10	0xa83b32	jle	0xa83b45	0xa83b34
steam	shared-item-noun	0xa82c10	0xa83b3f	je	0xa83b45	0xa83b41
steam	shared-item-noun	0xa82c10	0xa83b43	jmp	0xa83b47	0xa83b45
steam	shared-item-noun	0xa82c10	0xa83b49	je	0xa83b73	0xa83b4b
steam	shared-item-noun	0xa82c10	0xa83b64	je	0xa880a7	0xa83b6a
steam	shared-item-noun	0xa82c10	0xa83b71	jmp	0xa83bca	0xa83b73
steam	shared-item-noun	0xa82c10	0xa83b76	jne	0xa83b9c	0xa83b78
steam	shared-item-noun	0xa82c10	0xa83b91	jne	0xa83ba2	0xa83b93
steam	shared-item-noun	0xa82c10	0xa83b9a	jmp	0xa83ba9	0xa83b9c
steam	shared-item-noun	0xa82c10	0xa83ba0	je	0xa83bbd	0xa83ba2
steam	shared-item-noun	0xa82c10	0xa83bb5	je	0xa880a7	0xa83bbb
steam	shared-item-noun	0xa82c10	0xa83bbb	jmp	0xa83bd2	0xa83bbd
steam	shared-item-noun	0xa82c10	0xa83bc1	je	0xa83bec	0xa83bc3
steam	shared-item-noun	0xa82c10	0xa83be7	jmp	0xa8806b	0xa83bec
steam	shared-item-noun	0xa82c10	0xa83bfb	jmp	0xa880a7	0xa83c00
steam	shared-item-noun	0xa82c10	0xa83c0a	jne	0xa83c10	0xa83c0c
steam	shared-item-noun	0xa82c10	0xa83c0e	je	0xa83c5e	0xa83c10
steam	shared-item-noun	0xa82c10	0xa83c41	cmova	rdx,QWORD PTR [rsp+0x68]	0xa83c47
steam	shared-item-noun	0xa82c10	0xa83c6b	jmp	0xa88053	0xa83c70
steam	shared-item-noun	0xa82c10	0xa83c73	je	0xa83c9b	0xa83c75
steam	shared-item-noun	0xa82c10	0xa83c7e	cmova	rdx,QWORD PTR [rbp-0x78]	0xa83c83
steam	shared-item-noun	0xa82c10	0xa83ca5	jne	0xa83cab	0xa83ca7
steam	shared-item-noun	0xa82c10	0xa83ca9	je	0xa83cf9	0xa83cab
steam	shared-item-noun	0xa82c10	0xa83cdc	cmova	rdx,QWORD PTR [rsp+0x68]	0xa83ce2
steam	shared-item-noun	0xa82c10	0xa83d06	jmp	0xa88053	0xa83d0b
steam	shared-item-noun	0xa82c10	0xa83d0f	je	0xa83de3	0xa83d15
steam	shared-item-noun	0xa82c10	0xa83d2d	je	0xa83dc8	0xa83d33
steam	shared-item-noun	0xa82c10	0xa83d3a	js	0xa83d6a	0xa83d3c
steam	shared-item-noun	0xa82c10	0xa83d51	je	0xa83d6d	0xa83d53
steam	shared-item-noun	0xa82c10	0xa83d56	cmovle	edx,eax	0xa83d59
steam	shared-item-noun	0xa82c10	0xa83d5c	cmovle	eax,r8d	0xa83d60
steam	shared-item-noun	0xa82c10	0xa83d65	jle	0xa83d40	0xa83d67
steam	shared-item-noun	0xa82c10	0xa83d70	je	0xa83dc8	0xa83d72
steam	shared-item-noun	0xa82c10	0xa83d89	je	0xa83d95	0xa83d8b
steam	shared-item-noun	0xa82c10	0xa83dac	je	0xa83e46	0xa83db2
steam	shared-item-noun	0xa82c10	0xa83dc3	jmp	0xa8804d	0xa83dc8
steam	shared-item-noun	0xa82c10	0xa83dde	jmp	0xa8804d	0xa83de3
steam	shared-item-noun	0xa82c10	0xa83ded	jne	0xa83df3	0xa83def
steam	shared-item-noun	0xa82c10	0xa83df1	je	0xa83e31	0xa83df3
steam	shared-item-noun	0xa82c10	0xa83e4d	jmp	0xa8804d	0xa83e52
steam	shared-item-noun	0xa82c10	0xa83e5c	jne	0xa83e62	0xa83e5e
steam	shared-item-noun	0xa82c10	0xa83e60	je	0xa83eb0	0xa83e62
steam	shared-item-noun	0xa82c10	0xa83e93	cmova	rdx,QWORD PTR [rsp+0x68]	0xa83e99
steam	shared-item-noun	0xa82c10	0xa83ebd	jmp	0xa88053	0xa83ec2
steam	shared-item-noun	0xa82c10	0xa83ecc	jne	0xa83ed2	0xa83ece
steam	shared-item-noun	0xa82c10	0xa83ed0	je	0xa83f20	0xa83ed2
steam	shared-item-noun	0xa82c10	0xa83f03	cmova	rdx,QWORD PTR [rsp+0x68]	0xa83f09
steam	shared-item-noun	0xa82c10	0xa83f27	jmp	0xa82edf	0xa83f2c
steam	shared-item-noun	0xa82c10	0xa83f2f	je	0xa83f57	0xa83f31
steam	shared-item-noun	0xa82c10	0xa83f3a	cmova	rdx,QWORD PTR [rbp-0x78]	0xa83f3f
steam	shared-item-noun	0xa82c10	0xa83f61	jne	0xa83f67	0xa83f63
steam	shared-item-noun	0xa82c10	0xa83f65	je	0xa83fb5	0xa83f67
steam	shared-item-noun	0xa82c10	0xa83f98	cmova	rdx,QWORD PTR [rsp+0x68]	0xa83f9e
steam	shared-item-noun	0xa82c10	0xa83fc2	jmp	0xa88053	0xa83fc7
steam	shared-item-noun	0xa82c10	0xa83fd1	jne	0xa83fd7	0xa83fd3
steam	shared-item-noun	0xa82c10	0xa83fd5	je	0xa8404e	0xa83fd7
steam	shared-item-noun	0xa82c10	0xa84008	cmova	rdx,QWORD PTR [rsp+0x68]	0xa8400e
steam	shared-item-noun	0xa82c10	0xa84038	ja	0xa8404e	0xa8403a
steam	shared-item-noun	0xa82c10	0xa84049	jmp	0xa8805b	0xa8404e
steam	shared-item-noun	0xa82c10	0xa84063	je	0xa840b7	0xa84065
steam	shared-item-noun	0xa82c10	0xa8406c	jle	0xa8407f	0xa8406e
steam	shared-item-noun	0xa82c10	0xa84079	jge	0xa8407f	0xa8407b
steam	shared-item-noun	0xa82c10	0xa8407d	jmp	0xa84081	0xa8407f
steam	shared-item-noun	0xa82c10	0xa84083	je	0xa840b7	0xa84085
steam	shared-item-noun	0xa82c10	0xa840a6	cmove	rdx,rax	0xa840aa
steam	shared-item-noun	0xa82c10	0xa840b2	jmp	0xa8806b	0xa840b7
steam	shared-item-noun	0xa82c10	0xa840c6	jmp	0xa8805b	0xa840cb
steam	shared-item-noun	0xa82c10	0xa840d6	jne	0xa840dd	0xa840d8
steam	shared-item-noun	0xa82c10	0xa840db	je	0xa8412c	0xa840dd
steam	shared-item-noun	0xa82c10	0xa8410f	cmova	rdx,QWORD PTR [rsp+0x68]	0xa84115
steam	shared-item-noun	0xa82c10	0xa84141	je	0xa84167	0xa84143
steam	shared-item-noun	0xa82c10	0xa8414a	jle	0xa8415d	0xa8414c
steam	shared-item-noun	0xa82c10	0xa84157	je	0xa8415d	0xa84159
steam	shared-item-noun	0xa82c10	0xa8415b	jmp	0xa8415f	0xa8415d
steam	shared-item-noun	0xa82c10	0xa84161	jne	0xa841e8	0xa84167
steam	shared-item-noun	0xa82c10	0xa8416b	jne	0xa841e8	0xa8416d
steam	shared-item-noun	0xa82c10	0xa84187	jne	0xa841e8	0xa84189
steam	shared-item-noun	0xa82c10	0xa8418d	jne	0xa841e8	0xa8418f
steam	shared-item-noun	0xa82c10	0xa841a9	jne	0xa841e8	0xa841ab
steam	shared-item-noun	0xa82c10	0xa841af	jne	0xa841e8	0xa841b1
steam	shared-item-noun	0xa82c10	0xa841cb	jne	0xa841e8	0xa841cd
steam	shared-item-noun	0xa82c10	0xa841d2	jb	0xa841e8	0xa841d4
steam	shared-item-noun	0xa82c10	0xa841e3	jmp	0xa8805b	0xa841e8
steam	shared-item-noun	0xa82c10	0xa841ef	jmp	0xa8804d	0xa841f4
steam	shared-item-noun	0xa82c10	0xa841ff	jne	0xa84206	0xa84201
steam	shared-item-noun	0xa82c10	0xa84204	je	0xa84255	0xa84206
steam	shared-item-noun	0xa82c10	0xa84238	cmova	rdx,QWORD PTR [rsp+0x68]	0xa8423e
steam	shared-item-noun	0xa82c10	0xa8426a	je	0xa84290	0xa8426c
steam	shared-item-noun	0xa82c10	0xa84273	jle	0xa84286	0xa84275
steam	shared-item-noun	0xa82c10	0xa84280	je	0xa84286	0xa84282
steam	shared-item-noun	0xa82c10	0xa84284	jmp	0xa84288	0xa84286
steam	shared-item-noun	0xa82c10	0xa8428a	jne	0xa8434a	0xa84290
steam	shared-item-noun	0xa82c10	0xa84294	jne	0xa8434a	0xa8429a
steam	shared-item-noun	0xa82c10	0xa842b4	jne	0xa8434a	0xa842ba
steam	shared-item-noun	0xa82c10	0xa842be	jne	0xa8434a	0xa842c4
steam	shared-item-noun	0xa82c10	0xa842de	jne	0xa8434a	0xa842e0
steam	shared-item-noun	0xa82c10	0xa842e4	jne	0xa8434a	0xa842e6
steam	shared-item-noun	0xa82c10	0xa84300	jne	0xa8434a	0xa84302
steam	shared-item-noun	0xa82c10	0xa84307	jb	0xa8434a	0xa84309
steam	shared-item-noun	0xa82c10	0xa84326	je	0xa84339	0xa84328
steam	shared-item-noun	0xa82c10	0xa84334	jmp	0xa8805b	0xa84339
steam	shared-item-noun	0xa82c10	0xa84345	jmp	0xa8805b	0xa8434a
steam	shared-item-noun	0xa82c10	0xa84357	jmp	0xa88053	0xa8435c
steam	shared-item-noun	0xa82c10	0xa84366	jne	0xa8436c	0xa84368
steam	shared-item-noun	0xa82c10	0xa8436a	je	0xa843ba	0xa8436c
steam	shared-item-noun	0xa82c10	0xa8439d	cmova	rdx,QWORD PTR [rsp+0x68]	0xa843a3
steam	shared-item-noun	0xa82c10	0xa843d5	js	0xa843f3	0xa843d7
steam	shared-item-noun	0xa82c10	0xa843e9	je	0xa84405	0xa843eb
steam	shared-item-noun	0xa82c10	0xa843f1	jns	0xa843e0	0xa843f3
steam	shared-item-noun	0xa82c10	0xa84400	jmp	0xa88053	0xa84405
steam	shared-item-noun	0xa82c10	0xa8440f	je	0xa843f3	0xa84411
steam	shared-item-noun	0xa82c10	0xa8441f	cmove	edx,eax	0xa84422
steam	shared-item-noun	0xa82c10	0xa8442d	jmp	0xa8806b	0xa84432
steam	shared-item-noun	0xa82c10	0xa8444d	js	0xa84467	0xa8444f
steam	shared-item-noun	0xa82c10	0xa84459	je	0xa84613	0xa8445f
steam	shared-item-noun	0xa82c10	0xa84465	jns	0xa84450	0xa84467
steam	shared-item-noun	0xa82c10	0xa84475	jne	0xa84480	0xa84477
steam	shared-item-noun	0xa82c10	0xa8447a	je	0xa8453a	0xa84480
steam	shared-item-noun	0xa82c10	0xa84483	je	0xa844ea	0xa84485
steam	shared-item-noun	0xa82c10	0xa84499	je	0xa844ea	0xa8449b
steam	shared-item-noun	0xa82c10	0xa844b5	je	0xa844ea	0xa844b7
steam	shared-item-noun	0xa82c10	0xa844c9	je	0xa844ea	0xa844cb
steam	shared-item-noun	0xa82c10	0xa844d9	jne	0xa844ea	0xa844db
steam	shared-item-noun	0xa82c10	0xa8451d	cmova	rdx,QWORD PTR [rsp+0x68]	0xa84523
steam	shared-item-noun	0xa82c10	0xa8453e	je	0xa845ed	0xa84544
steam	shared-item-noun	0xa82c10	0xa8455c	je	0xa845ed	0xa84562
steam	shared-item-noun	0xa82c10	0xa8456a	js	0xa84597	0xa8456c
steam	shared-item-noun	0xa82c10	0xa84581	je	0xa8459a	0xa84583
steam	shared-item-noun	0xa82c10	0xa84586	cmovle	edx,eax	0xa84589
steam	shared-item-noun	0xa82c10	0xa8458c	cmovle	eax,r8d	0xa84590
steam	shared-item-noun	0xa82c10	0xa84595	jle	0xa84570	0xa84597
steam	shared-item-noun	0xa82c10	0xa8459d	je	0xa845ed	0xa8459f
steam	shared-item-noun	0xa82c10	0xa845ae	je	0xa845ed	0xa845b0
steam	shared-item-noun	0xa82c10	0xa845d6	je	0xa845ed	0xa845d8
steam	shared-item-noun	0xa82c10	0xa845f3	je	0xa84657	0xa845f5
steam	shared-item-noun	0xa82c10	0xa84603	cmove	edx,eax	0xa84606
steam	shared-item-noun	0xa82c10	0xa8460e	jmp	0xa8806b	0xa84613
steam	shared-item-noun	0xa82c10	0xa84620	je	0xa8446a	0xa84626
steam	shared-item-noun	0xa82c10	0xa8462e	je	0xa8446a	0xa84634
steam	shared-item-noun	0xa82c10	0xa84652	jmp	0xa8446a	0xa84657
steam	shared-item-noun	0xa82c10	0xa84664	jmp	0xa88056	0xa84669
steam	shared-item-noun	0xa82c10	0xa84673	jne	0xa84679	0xa84675
steam	shared-item-noun	0xa82c10	0xa84677	je	0xa846c7	0xa84679
steam	shared-item-noun	0xa82c10	0xa846aa	cmova	rdx,QWORD PTR [rsp+0x68]	0xa846b0
steam	shared-item-noun	0xa82c10	0xa846e2	js	0xa846f7	0xa846e4
steam	shared-item-noun	0xa82c10	0xa846ed	je	0xa84709	0xa846ef
steam	shared-item-noun	0xa82c10	0xa846f5	jns	0xa846e4	0xa846f7
steam	shared-item-noun	0xa82c10	0xa84704	jmp	0xa88053	0xa84709
steam	shared-item-noun	0xa82c10	0xa84713	je	0xa846f7	0xa84715
steam	shared-item-noun	0xa82c10	0xa84723	cmove	edx,eax	0xa84726
steam	shared-item-noun	0xa82c10	0xa84731	jmp	0xa8806b	0xa84736
steam	shared-item-noun	0xa82c10	0xa84740	jne	0xa8474a	0xa84742
steam	shared-item-noun	0xa82c10	0xa84744	je	0xa847f5	0xa8474a
steam	shared-item-noun	0xa82c10	0xa8477b	cmova	rdx,QWORD PTR [rsp+0x68]	0xa84781
steam	shared-item-noun	0xa82c10	0xa847ab	ja	0xa847c1	0xa847ad
steam	shared-item-noun	0xa82c10	0xa847bc	jmp	0xa8805b	0xa847c1
steam	shared-item-noun	0xa82c10	0xa847c4	jne	0xa847f5	0xa847c6
steam	shared-item-noun	0xa82c10	0xa847df	jne	0xa847f5	0xa847e1
steam	shared-item-noun	0xa82c10	0xa847f0	jmp	0xa8805b	0xa847f5
steam	shared-item-noun	0xa82c10	0xa84802	jmp	0xa88053	0xa84807
steam	shared-item-noun	0xa82c10	0xa84811	jne	0xa84817	0xa84813
steam	shared-item-noun	0xa82c10	0xa84815	je	0xa84865	0xa84817
steam	shared-item-noun	0xa82c10	0xa84848	cmova	rdx,QWORD PTR [rsp+0x68]	0xa8484e
steam	shared-item-noun	0xa82c10	0xa84872	jmp	0xa88053	0xa84877
steam	shared-item-noun	0xa82c10	0xa84881	jne	0xa84887	0xa84883
steam	shared-item-noun	0xa82c10	0xa84885	je	0xa848d5	0xa84887
steam	shared-item-noun	0xa82c10	0xa848b8	cmova	rdx,QWORD PTR [rsp+0x68]	0xa848be
steam	shared-item-noun	0xa82c10	0xa848ea	je	0xa84906	0xa848ec
steam	shared-item-noun	0xa82c10	0xa848f3	jle	0xa84906	0xa848f5
steam	shared-item-noun	0xa82c10	0xa84900	je	0xa84906	0xa84902
steam	shared-item-noun	0xa82c10	0xa84904	jmp	0xa84908	0xa84906
steam	shared-item-noun	0xa82c10	0xa84916	cmove	r8d,r15d	0xa8491a
steam	shared-item-noun	0xa82c10	0xa84928	cmove	rdx,rcx	0xa8492c
steam	shared-item-noun	0xa82c10	0xa8492c	jmp	0xa88053	0xa84931
steam	shared-item-noun	0xa82c10	0xa8493b	jne	0xa84941	0xa8493d
steam	shared-item-noun	0xa82c10	0xa8493f	je	0xa8498f	0xa84941
steam	shared-item-noun	0xa82c10	0xa84972	cmova	rdx,QWORD PTR [rsp+0x68]	0xa84978
steam	shared-item-noun	0xa82c10	0xa8499c	jmp	0xa88053	0xa849a1
steam	shared-item-noun	0xa82c10	0xa849ab	jne	0xa849b1	0xa849ad
steam	shared-item-noun	0xa82c10	0xa849af	je	0xa849ff	0xa849b1
steam	shared-item-noun	0xa82c10	0xa849e2	cmova	rdx,QWORD PTR [rsp+0x68]	0xa849e8
steam	shared-item-noun	0xa82c10	0xa84a0c	jmp	0xa88053	0xa84a11
steam	shared-item-noun	0xa82c10	0xa84a1b	jne	0xa84a21	0xa84a1d
steam	shared-item-noun	0xa82c10	0xa84a1f	je	0xa84a6f	0xa84a21
steam	shared-item-noun	0xa82c10	0xa84a52	cmova	rdx,QWORD PTR [rsp+0x68]	0xa84a58
steam	shared-item-noun	0xa82c10	0xa84a7c	jmp	0xa88053	0xa84a81
steam	shared-item-noun	0xa82c10	0xa84a8b	jne	0xa84a91	0xa84a8d
steam	shared-item-noun	0xa82c10	0xa84a8f	je	0xa84b05	0xa84a91
steam	shared-item-noun	0xa82c10	0xa84ac2	cmova	rdx,QWORD PTR [rsp+0x68]	0xa84ac8
steam	shared-item-noun	0xa82c10	0xa84aef	ja	0xa84b05	0xa84af1
steam	shared-item-noun	0xa82c10	0xa84b00	jmp	0xa8805b	0xa84b05
steam	shared-item-noun	0xa82c10	0xa84b12	jmp	0xa88053	0xa84b17
steam	shared-item-noun	0xa82c10	0xa84b22	jne	0xa84b29	0xa84b24
steam	shared-item-noun	0xa82c10	0xa84b27	je	0xa84b78	0xa84b29
steam	shared-item-noun	0xa82c10	0xa84b5b	cmova	rdx,QWORD PTR [rsp+0x68]	0xa84b61
steam	shared-item-noun	0xa82c10	0xa84b8d	je	0xa84baf	0xa84b8f
steam	shared-item-noun	0xa82c10	0xa84b96	jle	0xa84ba9	0xa84b98
steam	shared-item-noun	0xa82c10	0xa84ba3	je	0xa84ba9	0xa84ba5
steam	shared-item-noun	0xa82c10	0xa84ba7	jmp	0xa84bab	0xa84ba9
steam	shared-item-noun	0xa82c10	0xa84bad	jne	0xa84bb5	0xa84baf
steam	shared-item-noun	0xa82c10	0xa84bb3	je	0xa84bd5	0xa84bb5
steam	shared-item-noun	0xa82c10	0xa84bbf	je	0xa84bd5	0xa84bc1
steam	shared-item-noun	0xa82c10	0xa84bd0	jmp	0xa8805b	0xa84bd5
steam	shared-item-noun	0xa82c10	0xa84bea	je	0xa84c20	0xa84bec
steam	shared-item-noun	0xa82c10	0xa84bf3	jle	0xa84c06	0xa84bf5
steam	shared-item-noun	0xa82c10	0xa84c00	jge	0xa84c06	0xa84c02
steam	shared-item-noun	0xa82c10	0xa84c04	jmp	0xa84c08	0xa84c06
steam	shared-item-noun	0xa82c10	0xa84c0a	je	0xa84c20	0xa84c0c
steam	shared-item-noun	0xa82c10	0xa84c1b	jmp	0xa8806b	0xa84c20
steam	shared-item-noun	0xa82c10	0xa84c3d	je	0xa84c50	0xa84c3f
steam	shared-item-noun	0xa82c10	0xa84c4b	jmp	0xa8806b	0xa84c50
steam	shared-item-noun	0xa82c10	0xa84c5c	jmp	0xa8806b	0xa84c61
steam	shared-item-noun	0xa82c10	0xa84c6b	jne	0xa84c71	0xa84c6d
steam	shared-item-noun	0xa82c10	0xa84c6f	je	0xa84cbf	0xa84c71
steam	shared-item-noun	0xa82c10	0xa84ca2	cmova	rdx,QWORD PTR [rsp+0x68]	0xa84ca8
steam	shared-item-noun	0xa82c10	0xa84cd4	jmp	0xa8806b	0xa84cd9
steam	shared-item-noun	0xa82c10	0xa84ce4	jne	0xa84cef	0xa84ce6
steam	shared-item-noun	0xa82c10	0xa84ce9	je	0xa84dc9	0xa84cef
steam	shared-item-noun	0xa82c10	0xa84d07	je	0xa84d76	0xa84d09
steam	shared-item-noun	0xa82c10	0xa84d0d	je	0xa84d76	0xa84d0f
steam	shared-item-noun	0xa82c10	0xa84d16	js	0xa84d4a	0xa84d18
steam	shared-item-noun	0xa82c10	0xa84d31	je	0xa84d65	0xa84d33
steam	shared-item-noun	0xa82c10	0xa84d36	cmovle	edx,eax	0xa84d39
steam	shared-item-noun	0xa82c10	0xa84d3c	cmovle	eax,r8d	0xa84d40
steam	shared-item-noun	0xa82c10	0xa84d45	jle	0xa84d20	0xa84d47
steam	shared-item-noun	0xa82c10	0xa84d50	je	0xa84d76	0xa84d52
steam	shared-item-noun	0xa82c10	0xa84d5b	je	0xa84d6a	0xa84d5d
steam	shared-item-noun	0xa82c10	0xa84d63	jmp	0xa84d7a	0xa84d65
steam	shared-item-noun	0xa82c10	0xa84d68	jmp	0xa84d4d	0xa84d6a
steam	shared-item-noun	0xa82c10	0xa84d6c	je	0xa84d76	0xa84d6e
steam	shared-item-noun	0xa82c10	0xa84d74	jmp	0xa84d7a	0xa84d76
steam	shared-item-noun	0xa82c10	0xa84dac	cmova	rdx,QWORD PTR [rsp+0x68]	0xa84db2
steam	shared-item-noun	0xa82c10	0xa84dde	jmp	0xa8806b	0xa84de3
steam	shared-item-noun	0xa82c10	0xa84dec	jne	0xa84e06	0xa84dee
steam	shared-item-noun	0xa82c10	0xa84df0	jne	0xa84e06	0xa84df2
steam	shared-item-noun	0xa82c10	0xa84e01	jmp	0xa8805b	0xa84e06
steam	shared-item-noun	0xa82c10	0xa84e37	cmova	rdx,QWORD PTR [rsp+0x68]	0xa84e3d
steam	shared-item-noun	0xa82c10	0xa84e4a	jmp	0xa8806b	0xa84e4f
steam	shared-item-noun	0xa82c10	0xa84e5c	jmp	0xa88053	0xa84e61
steam	shared-item-noun	0xa82c10	0xa84e71	jne	0xa84e77	0xa84e73
steam	shared-item-noun	0xa82c10	0xa84e75	je	0xa84ecd	0xa84e77
steam	shared-item-noun	0xa82c10	0xa84ea8	cmova	rdx,QWORD PTR [rsp+0x68]	0xa84eae
steam	shared-item-noun	0xa82c10	0xa84ed6	cmove	r15,rax	0xa84eda
steam	shared-item-noun	0xa82c10	0xa84ee8	cmove	rdx,rax	0xa84eec
steam	shared-item-noun	0xa82c10	0xa84ef7	jmp	0xa8806b	0xa84efc
steam	shared-item-noun	0xa82c10	0xa84f06	jne	0xa84f0c	0xa84f08
steam	shared-item-noun	0xa82c10	0xa84f0a	je	0xa84f5a	0xa84f0c
steam	shared-item-noun	0xa82c10	0xa84f3d	cmova	rdx,QWORD PTR [rsp+0x68]	0xa84f43
steam	shared-item-noun	0xa82c10	0xa84f67	jmp	0xa88053	0xa84f6c
steam	shared-item-noun	0xa82c10	0xa84f76	je	0xa84f93	0xa84f78
steam	shared-item-noun	0xa82c10	0xa84f9d	jne	0xa84fb7	0xa84f9f
steam	shared-item-noun	0xa82c10	0xa84fa1	jne	0xa84fb7	0xa84fa3
steam	shared-item-noun	0xa82c10	0xa84fb2	jmp	0xa8805b	0xa84fb7
steam	shared-item-noun	0xa82c10	0xa84fc2	jmp	0xa84e11	0xa84fc7
steam	shared-item-noun	0xa82c10	0xa84fe1	je	0xa84ff8	0xa84fe3
steam	shared-item-noun	0xa82c10	0xa84ffc	je	0xa852ca	0xa85002
steam	shared-item-noun	0xa82c10	0xa8504a	je	0xa852d1	0xa85050
steam	shared-item-noun	0xa82c10	0xa85057	js	0xa85093	0xa85059
steam	shared-item-noun	0xa82c10	0xa85076	je	0xa8514d	0xa8507c
steam	shared-item-noun	0xa82c10	0xa8507f	cmovle	edx,eax	0xa85082
steam	shared-item-noun	0xa82c10	0xa85085	cmovle	eax,r10d	0xa85089
steam	shared-item-noun	0xa82c10	0xa8508e	jle	0xa85060	0xa85090
steam	shared-item-noun	0xa82c10	0xa8509e	je	0xa852d1	0xa850a4
steam	shared-item-noun	0xa82c10	0xa850ae	je	0xa852d1	0xa850b4
steam	shared-item-noun	0xa82c10	0xa850c5	je	0xa852d1	0xa850cb
steam	shared-item-noun	0xa82c10	0xa850fd	je	0xa85175	0xa850ff
steam	shared-item-noun	0xa82c10	0xa85102	je	0xa8534e	0xa85108
steam	shared-item-noun	0xa82c10	0xa8510b	je	0xa8534e	0xa85111
steam	shared-item-noun	0xa82c10	0xa85114	je	0xa85385	0xa8511a
steam	shared-item-noun	0xa82c10	0xa8511d	je	0xa8536a	0xa85123
steam	shared-item-noun	0xa82c10	0xa8513a	ja	0xa8535b	0xa85140
steam	shared-item-noun	0xa82c10	0xa8514b	jmp	rcx	0xa8514d
steam	shared-item-noun	0xa82c10	0xa85150	jmp	0xa8509b	0xa85155
steam	shared-item-noun	0xa82c10	0xa85160	jmp	0xa8517a	0xa85162
steam	shared-item-noun	0xa82c10	0xa8516d	jmp	0xa8517a	0xa8516f
steam	shared-item-noun	0xa82c10	0xa8519c	jb	0xa850f0	0xa851a2
steam	shared-item-noun	0xa82c10	0xa851c6	je	0xa851da	0xa851c8
steam	shared-item-noun	0xa82c10	0xa851df	je	0xa851f3	0xa851e1
steam	shared-item-noun	0xa82c10	0xa851fe	je	0xa85212	0xa85200
steam	shared-item-noun	0xa82c10	0xa85217	je	0xa8522e	0xa85219
steam	shared-item-noun	0xa82c10	0xa85233	je	0xa85247	0xa85235
steam	shared-item-noun	0xa82c10	0xa8524c	je	0xa85263	0xa8524e
steam	shared-item-noun	0xa82c10	0xa85268	je	0xa8527f	0xa8526a
steam	shared-item-noun	0xa82c10	0xa85284	je	0xa85298	0xa85286
steam	shared-item-noun	0xa82c10	0xa8529d	je	0xa852b1	0xa8529f
steam	shared-item-noun	0xa82c10	0xa852b6	je	0xa852ca	0xa852b8
steam	shared-item-noun	0xa82c10	0xa852da	jne	0xa85475	0xa852e0
steam	shared-item-noun	0xa82c10	0xa852eb	jne	0xa8538f	0xa852f1
steam	shared-item-noun	0xa82c10	0xa852f4	jne	0xa8538f	0xa852fa
steam	shared-item-noun	0xa82c10	0xa85309	jmp	0xa85575	0xa8530e
steam	shared-item-noun	0xa82c10	0xa85319	jmp	0xa8517a	0xa8531e
steam	shared-item-noun	0xa82c10	0xa85329	jmp	0xa8517a	0xa8532e
steam	shared-item-noun	0xa82c10	0xa85339	jmp	0xa8517a	0xa8533e
steam	shared-item-noun	0xa82c10	0xa85349	jmp	0xa8517a	0xa8534e
steam	shared-item-noun	0xa82c10	0xa85356	jmp	0xa8517a	0xa8535b
steam	shared-item-noun	0xa82c10	0xa85365	jmp	0xa8517a	0xa8536a
steam	shared-item-noun	0xa82c10	0xa8536f	jne	0xa8537b	0xa85371
steam	shared-item-noun	0xa82c10	0xa85376	jmp	0xa8517a	0xa8537b
steam	shared-item-noun	0xa82c10	0xa85380	jmp	0xa8517a	0xa85385
steam	shared-item-noun	0xa82c10	0xa8538a	jmp	0xa8517a	0xa8538f
steam	shared-item-noun	0xa82c10	0xa85393	je	0xa8545f	0xa85399
steam	shared-item-noun	0xa82c10	0xa853aa	je	0xa8545f	0xa853b0
steam	shared-item-noun	0xa82c10	0xa853ba	js	0xa853e7	0xa853bc
steam	shared-item-noun	0xa82c10	0xa853d1	je	0xa853ea	0xa853d3
steam	shared-item-noun	0xa82c10	0xa853d6	cmovle	edx,eax	0xa853d9
steam	shared-item-noun	0xa82c10	0xa853dc	cmovle	eax,r9d	0xa853e0
steam	shared-item-noun	0xa82c10	0xa853e5	jle	0xa853c0	0xa853e7
steam	shared-item-noun	0xa82c10	0xa853ed	je	0xa8545f	0xa853ef
steam	shared-item-noun	0xa82c10	0xa853f7	je	0xa8545f	0xa853f9
steam	shared-item-noun	0xa82c10	0xa85404	ja	0xa8545f	0xa85406
steam	shared-item-noun	0xa82c10	0xa8545a	jmp	0xa85558	0xa8545f
steam	shared-item-noun	0xa82c10	0xa85470	jmp	0xa85540	0xa85475
steam	shared-item-noun	0xa82c10	0xa85479	jne	0xa8557c	0xa8547f
steam	shared-item-noun	0xa82c10	0xa8548a	jne	0xa854a5	0xa8548c
steam	shared-item-noun	0xa82c10	0xa8548f	jne	0xa854a5	0xa85491
steam	shared-item-noun	0xa82c10	0xa854a0	jmp	0xa85575	0xa854a5
steam	shared-item-noun	0xa82c10	0xa854b6	je	0xa8552a	0xa854b8
steam	shared-item-noun	0xa82c10	0xa854bc	je	0xa8552a	0xa854be
steam	shared-item-noun	0xa82c10	0xa854c6	js	0xa854f9	0xa854c8
steam	shared-item-noun	0xa82c10	0xa854e1	je	0xa85514	0xa854e3
steam	shared-item-noun	0xa82c10	0xa854e6	cmovle	edx,eax	0xa854e9
steam	shared-item-noun	0xa82c10	0xa854ec	cmovle	eax,r9d	0xa854f0
steam	shared-item-noun	0xa82c10	0xa854f5	jle	0xa854d0	0xa854f7
steam	shared-item-noun	0xa82c10	0xa854ff	je	0xa8552a	0xa85501
steam	shared-item-noun	0xa82c10	0xa8550a	je	0xa85518	0xa8550c
steam	shared-item-noun	0xa82c10	0xa85512	jmp	0xa85530	0xa85514
steam	shared-item-noun	0xa82c10	0xa85516	jmp	0xa854fc	0xa85518
steam	shared-item-noun	0xa82c10	0xa8551a	je	0xa85524	0xa8551c
steam	shared-item-noun	0xa82c10	0xa85522	jmp	0xa85530	0xa85524
steam	shared-item-noun	0xa82c10	0xa85528	jmp	0xa85530	0xa8552a
steam	shared-item-noun	0xa82c10	0xa85567	cmova	rdx,QWORD PTR [rsp+0x68]	0xa8556d
steam	shared-item-noun	0xa82c10	0xa85586	jle	0xa8806b	0xa8558c
steam	shared-item-noun	0xa82c10	0xa8559d	je	0xa8806b	0xa855a3
steam	shared-item-noun	0xa82c10	0xa855a7	je	0xa8806b	0xa855ad
steam	shared-item-noun	0xa82c10	0xa855b7	js	0xa855e7	0xa855b9
steam	shared-item-noun	0xa82c10	0xa855d1	je	0xa855ea	0xa855d3
steam	shared-item-noun	0xa82c10	0xa855d6	cmovle	edx,eax	0xa855d9
steam	shared-item-noun	0xa82c10	0xa855dc	cmovle	eax,r9d	0xa855e0
steam	shared-item-noun	0xa82c10	0xa855e5	jle	0xa855c0	0xa855e7
steam	shared-item-noun	0xa82c10	0xa855ed	je	0xa8806b	0xa855f3
steam	shared-item-noun	0xa82c10	0xa855fd	je	0xa8806b	0xa85603
steam	shared-item-noun	0xa82c10	0xa8561a	je	0xa8806b	0xa85620
steam	shared-item-noun	0xa82c10	0xa8563d	je	0xa85735	0xa85643
steam	shared-item-noun	0xa82c10	0xa85646	je	0xa85735	0xa8564c
steam	shared-item-noun	0xa82c10	0xa8564f	je	0xa85735	0xa85655
steam	shared-item-noun	0xa82c10	0xa85658	je	0xa85735	0xa8565e
steam	shared-item-noun	0xa82c10	0xa85661	je	0xa85735	0xa85667
steam	shared-item-noun	0xa82c10	0xa8567e	ja	0xa8568d	0xa85680
steam	shared-item-noun	0xa82c10	0xa8568b	jmp	rcx	0xa8568d
steam	shared-item-noun	0xa82c10	0xa85690	jne	0xa856a4	0xa85692
steam	shared-item-noun	0xa82c10	0xa85704	jl	0xa8570f	0xa85706
steam	shared-item-noun	0xa82c10	0xa8570d	jmp	0xa8571d	0xa8570f
steam	shared-item-noun	0xa82c10	0xa85714	jne	0xa85725	0xa85716
steam	shared-item-noun	0xa82c10	0xa85757	jb	0xa85630	0xa8575d
steam	shared-item-noun	0xa82c10	0xa85764	jmp	0xa8806b	0xa85769
steam	shared-item-noun	0xa82c10	0xa85773	je	0xa8578d	0xa85775
steam	shared-item-noun	0xa82c10	0xa85791	je	0xa8582c	0xa85797
steam	shared-item-noun	0xa82c10	0xa857af	je	0xa8582c	0xa857b1
steam	shared-item-noun	0xa82c10	0xa857b8	js	0xa857ea	0xa857ba
steam	shared-item-noun	0xa82c10	0xa857d1	je	0xa857ed	0xa857d3
steam	shared-item-noun	0xa82c10	0xa857d6	cmovle	edx,eax	0xa857d9
steam	shared-item-noun	0xa82c10	0xa857dc	cmovle	eax,r8d	0xa857e0
steam	shared-item-noun	0xa82c10	0xa857e5	jle	0xa857c0	0xa857e7
steam	shared-item-noun	0xa82c10	0xa857f0	je	0xa8582c	0xa857f2
steam	shared-item-noun	0xa82c10	0xa857fc	je	0xa8582c	0xa857fe
steam	shared-item-noun	0xa82c10	0xa85827	jmp	0xa8806b	0xa8582c
steam	shared-item-noun	0xa82c10	0xa85836	jne	0xa85850	0xa85838
steam	shared-item-noun	0xa82c10	0xa8583a	jne	0xa85850	0xa8583c
steam	shared-item-noun	0xa82c10	0xa8584b	jmp	0xa8806b	0xa85850
steam	shared-item-noun	0xa82c10	0xa85885	jmp	0xa8806b	0xa8588a
steam	shared-item-noun	0xa82c10	0xa85894	je	0xa858a8	0xa85896
steam	shared-item-noun	0xa82c10	0xa858b2	jne	0xa858cc	0xa858b4
steam	shared-item-noun	0xa82c10	0xa858b6	jne	0xa858cc	0xa858b8
steam	shared-item-noun	0xa82c10	0xa858c7	jmp	0xa8806b	0xa858cc
steam	shared-item-noun	0xa82c10	0xa858d7	jmp	0xa84e11	0xa858dc
steam	shared-item-noun	0xa82c10	0xa858e6	jne	0xa858ec	0xa858e8
steam	shared-item-noun	0xa82c10	0xa858ea	je	0xa8593a	0xa858ec
steam	shared-item-noun	0xa82c10	0xa8591d	cmova	rdx,QWORD PTR [rsp+0x68]	0xa85923
steam	shared-item-noun	0xa82c10	0xa8594f	jmp	0xa8806b	0xa85954
steam	shared-item-noun	0xa82c10	0xa8595e	jne	0xa85964	0xa85960
steam	shared-item-noun	0xa82c10	0xa85962	je	0xa859b2	0xa85964
steam	shared-item-noun	0xa82c10	0xa85995	cmova	rdx,QWORD PTR [rsp+0x68]	0xa8599b
steam	shared-item-noun	0xa82c10	0xa859c7	jmp	0xa8806b	0xa859cc
steam	shared-item-noun	0xa82c10	0xa859d6	jne	0xa859dc	0xa859d8
steam	shared-item-noun	0xa82c10	0xa859da	je	0xa85a2a	0xa859dc
steam	shared-item-noun	0xa82c10	0xa85a0d	cmova	rdx,QWORD PTR [rsp+0x68]	0xa85a13
steam	shared-item-noun	0xa82c10	0xa85a3f	jmp	0xa8806b	0xa85a44
steam	shared-item-noun	0xa82c10	0xa85a4e	jne	0xa85a54	0xa85a50
steam	shared-item-noun	0xa82c10	0xa85a52	je	0xa85aa2	0xa85a54
steam	shared-item-noun	0xa82c10	0xa85a85	cmova	rdx,QWORD PTR [rsp+0x68]	0xa85a8b
steam	shared-item-noun	0xa82c10	0xa85ab7	je	0xa85af3	0xa85ab9
steam	shared-item-noun	0xa82c10	0xa85ac0	jle	0xa85ad3	0xa85ac2
steam	shared-item-noun	0xa82c10	0xa85acd	je	0xa85ad3	0xa85acf
steam	shared-item-noun	0xa82c10	0xa85ad1	jmp	0xa85ad5	0xa85ad3
steam	shared-item-noun	0xa82c10	0xa85ad7	je	0xa85af3	0xa85ad9
steam	shared-item-noun	0xa82c10	0xa85aee	jmp	0xa8806b	0xa85af3
steam	shared-item-noun	0xa82c10	0xa85b08	jmp	0xa8806b	0xa85b0d
steam	shared-item-noun	0xa82c10	0xa85b28	js	0xa85b43	0xa85b2a
steam	shared-item-noun	0xa82c10	0xa85b39	je	0xa85ba3	0xa85b3b
steam	shared-item-noun	0xa82c10	0xa85b41	jns	0xa85b30	0xa85b43
steam	shared-item-noun	0xa82c10	0xa85b4d	jne	0xa85b53	0xa85b4f
steam	shared-item-noun	0xa82c10	0xa85b51	je	0xa85b91	0xa85b53
steam	shared-item-noun	0xa82c10	0xa85b9e	jmp	0xa88053	0xa85ba3
steam	shared-item-noun	0xa82c10	0xa85bad	je	0xa85b43	0xa85baf
steam	shared-item-noun	0xa82c10	0xa85bb7	je	0xa85bda	0xa85bb9
steam	shared-item-noun	0xa82c10	0xa85be4	jne	0xa85bea	0xa85be6
steam	shared-item-noun	0xa82c10	0xa85be8	je	0xa85c28	0xa85bea
steam	shared-item-noun	0xa82c10	0xa85c33	jne	0xa85c39	0xa85c35
steam	shared-item-noun	0xa82c10	0xa85c41	jmp	0xa8806b	0xa85c46
steam	shared-item-noun	0xa82c10	0xa85c50	jne	0xa85c56	0xa85c52
steam	shared-item-noun	0xa82c10	0xa85c54	je	0xa85ca4	0xa85c56
steam	shared-item-noun	0xa82c10	0xa85c87	cmova	rdx,QWORD PTR [rsp+0x68]	0xa85c8d
steam	shared-item-noun	0xa82c10	0xa85cb9	jmp	0xa8806b	0xa85cbe
steam	shared-item-noun	0xa82c10	0xa85cc8	jne	0xa85cce	0xa85cca
steam	shared-item-noun	0xa82c10	0xa85ccc	je	0xa85d1c	0xa85cce
steam	shared-item-noun	0xa82c10	0xa85cff	cmova	rdx,QWORD PTR [rsp+0x68]	0xa85d05
steam	shared-item-noun	0xa82c10	0xa85d29	jmp	0xa88053	0xa85d2e
steam	shared-item-noun	0xa82c10	0xa85d38	jne	0xa85d3e	0xa85d3a
steam	shared-item-noun	0xa82c10	0xa85d3c	je	0xa85d8c	0xa85d3e
steam	shared-item-noun	0xa82c10	0xa85d6f	cmova	rdx,QWORD PTR [rsp+0x68]	0xa85d75
steam	shared-item-noun	0xa82c10	0xa85d99	jmp	0xa88053	0xa85d9e
steam	shared-item-noun	0xa82c10	0xa85da8	jne	0xa85dae	0xa85daa
steam	shared-item-noun	0xa82c10	0xa85dac	je	0xa85dfc	0xa85dae
steam	shared-item-noun	0xa82c10	0xa85ddf	cmova	rdx,QWORD PTR [rsp+0x68]	0xa85de5
steam	shared-item-noun	0xa82c10	0xa85e09	jmp	0xa88053	0xa85e0e
steam	shared-item-noun	0xa82c10	0xa85e18	jne	0xa85e1e	0xa85e1a
steam	shared-item-noun	0xa82c10	0xa85e1c	je	0xa85e6c	0xa85e1e
steam	shared-item-noun	0xa82c10	0xa85e4f	cmova	rdx,QWORD PTR [rsp+0x68]	0xa85e55
steam	shared-item-noun	0xa82c10	0xa85e87	js	0xa85ea3	0xa85e89
steam	shared-item-noun	0xa82c10	0xa85e99	je	0xa85ebd	0xa85e9b
steam	shared-item-noun	0xa82c10	0xa85ea1	jns	0xa85e90	0xa85ea3
steam	shared-item-noun	0xa82c10	0xa85eb8	jmp	0xa8806b	0xa85ebd
steam	shared-item-noun	0xa82c10	0xa85ec7	je	0xa85ea3	0xa85ec9
steam	shared-item-noun	0xa82c10	0xa85ed7	cmove	edx,eax	0xa85eda
steam	shared-item-noun	0xa82c10	0xa85ee5	jmp	0xa8806b	0xa85eea
steam	shared-item-noun	0xa82c10	0xa85f05	js	0xa85f27	0xa85f07
steam	shared-item-noun	0xa82c10	0xa85f19	je	0xa85fab	0xa85f1f
steam	shared-item-noun	0xa82c10	0xa85f25	jns	0xa85f10	0xa85f27
steam	shared-item-noun	0xa82c10	0xa85f34	jne	0xa85f3a	0xa85f36
steam	shared-item-noun	0xa82c10	0xa85f38	je	0xa85f88	0xa85f3a
steam	shared-item-noun	0xa82c10	0xa85f6b	cmova	rdx,QWORD PTR [rsp+0x68]	0xa85f71
steam	shared-item-noun	0xa82c10	0xa85f8b	je	0xa85fed	0xa85f8d
steam	shared-item-noun	0xa82c10	0xa85f98	jne	0xa85f9e	0xa85f9a
steam	shared-item-noun	0xa82c10	0xa85fa6	jmp	0xa8806b	0xa85fab
steam	shared-item-noun	0xa82c10	0xa85fb8	je	0xa85f2a	0xa85fbe
steam	shared-item-noun	0xa82c10	0xa85fc6	je	0xa85f2a	0xa85fcc
steam	shared-item-noun	0xa82c10	0xa85fe8	jmp	0xa85f2a	0xa85fed
steam	shared-item-noun	0xa82c10	0xa86002	jmp	0xa8806b	0xa86007
steam	shared-item-noun	0xa82c10	0xa86011	jne	0xa86017	0xa86013
steam	shared-item-noun	0xa82c10	0xa86015	je	0xa86065	0xa86017
steam	shared-item-noun	0xa82c10	0xa86048	cmova	rdx,QWORD PTR [rsp+0x68]	0xa8604e
steam	shared-item-noun	0xa82c10	0xa86072	jmp	0xa88053	0xa86077
steam	shared-item-noun	0xa82c10	0xa86081	jne	0xa86087	0xa86083
steam	shared-item-noun	0xa82c10	0xa86085	je	0xa860d5	0xa86087
steam	shared-item-noun	0xa82c10	0xa860b8	cmova	rdx,QWORD PTR [rsp+0x68]	0xa860be
steam	shared-item-noun	0xa82c10	0xa860e2	jmp	0xa88053	0xa860e7
steam	shared-item-noun	0xa82c10	0xa860f1	jne	0xa860f7	0xa860f3
steam	shared-item-noun	0xa82c10	0xa860f5	je	0xa86145	0xa860f7
steam	shared-item-noun	0xa82c10	0xa86128	cmova	rdx,QWORD PTR [rsp+0x68]	0xa8612e
steam	shared-item-noun	0xa82c10	0xa8614c	jmp	0xa8804d	0xa86151
steam	shared-item-noun	0xa82c10	0xa8615c	je	0xa8616d	0xa8615e
steam	shared-item-noun	0xa82c10	0xa8616b	jmp	0xa8617a	0xa8616d
steam	shared-item-noun	0xa82c10	0xa86186	je	0xa861f0	0xa86188
steam	shared-item-noun	0xa82c10	0xa861a0	je	0xa861f0	0xa861a2
steam	shared-item-noun	0xa82c10	0xa861a9	js	0xa861d7	0xa861ab
steam	shared-item-noun	0xa82c10	0xa861c1	je	0xa861da	0xa861c3
steam	shared-item-noun	0xa82c10	0xa861c6	cmovle	edx,eax	0xa861c9
steam	shared-item-noun	0xa82c10	0xa861cc	cmovle	eax,r8d	0xa861d0
steam	shared-item-noun	0xa82c10	0xa861d5	jle	0xa861b0	0xa861d7
steam	shared-item-noun	0xa82c10	0xa861dd	je	0xa861f0	0xa861df
steam	shared-item-noun	0xa82c10	0xa861ee	jmp	0xa861f6	0xa861f0
steam	shared-item-noun	0xa82c10	0xa86235	je	0xa86256	0xa86237
steam	shared-item-noun	0xa82c10	0xa86240	cmova	rdx,QWORD PTR [rbp+0x8]	0xa86245
steam	shared-item-noun	0xa82c10	0xa86251	jmp	0xa86388	0xa86256
steam	shared-item-noun	0xa82c10	0xa86259	jne	0xa8626c	0xa8625b
steam	shared-item-noun	0xa82c10	0xa8626a	jmp	0xa862a3	0xa8626c
steam	shared-item-noun	0xa82c10	0xa8626f	jne	0xa86282	0xa86271
steam	shared-item-noun	0xa82c10	0xa86280	jmp	0xa862a3	0xa86282
steam	shared-item-noun	0xa82c10	0xa86285	jne	0xa86298	0xa86287
steam	shared-item-noun	0xa82c10	0xa86296	jmp	0xa862a3	0xa86298
steam	shared-item-noun	0xa82c10	0xa8629c	jne	0xa862cb	0xa8629e
steam	shared-item-noun	0xa82c10	0xa862a1	jne	0xa86315	0xa862a3
steam	shared-item-noun	0xa82c10	0xa862b6	je	0xa86388	0xa862bc
steam	shared-item-noun	0xa82c10	0xa862c6	jmp	0xa86388	0xa862cb
steam	shared-item-noun	0xa82c10	0xa862ce	jne	0xa86315	0xa862d0
steam	shared-item-noun	0xa82c10	0xa862ef	je	0xa862f8	0xa862f1
steam	shared-item-noun	0xa82c10	0xa862f6	jmp	0xa862fd	0xa862f8
steam	shared-item-noun	0xa82c10	0xa86313	jmp	0xa86382	0xa86315
steam	shared-item-noun	0xa82c10	0xa8636e	je	0xa8637b	0xa86370
steam	shared-item-noun	0xa82c10	0xa86390	jbe	0xa863c3	0xa86392
steam	shared-item-noun	0xa82c10	0xa863a3	jb	0xa863be	0xa863a5
steam	shared-item-noun	0xa82c10	0xa863b8	ja	0xa86cfe	0xa863be
steam	shared-item-noun	0xa82c10	0xa863d3	jmp	0xa8806b	0xa863d8
steam	shared-item-noun	0xa82c10	0xa863e2	jne	0xa863e8	0xa863e4
steam	shared-item-noun	0xa82c10	0xa863e6	je	0xa86436	0xa863e8
steam	shared-item-noun	0xa82c10	0xa86419	cmova	rdx,QWORD PTR [rsp+0x68]	0xa8641f
steam	shared-item-noun	0xa82c10	0xa8643d	jmp	0xa8804d	0xa86442
steam	shared-item-noun	0xa82c10	0xa8644c	jne	0xa86452	0xa8644e
steam	shared-item-noun	0xa82c10	0xa86450	je	0xa864a0	0xa86452
steam	shared-item-noun	0xa82c10	0xa86483	cmova	rdx,QWORD PTR [rsp+0x68]	0xa86489
steam	shared-item-noun	0xa82c10	0xa864ad	jmp	0xa88053	0xa864b2
steam	shared-item-noun	0xa82c10	0xa864bc	jne	0xa864c2	0xa864be
steam	shared-item-noun	0xa82c10	0xa864c0	je	0xa86510	0xa864c2
steam	shared-item-noun	0xa82c10	0xa864f3	cmova	rdx,QWORD PTR [rsp+0x68]	0xa864f9
steam	shared-item-noun	0xa82c10	0xa8651d	jmp	0xa88053	0xa86522
steam	shared-item-noun	0xa82c10	0xa8652c	jne	0xa86532	0xa8652e
steam	shared-item-noun	0xa82c10	0xa86530	je	0xa86580	0xa86532
steam	shared-item-noun	0xa82c10	0xa86563	cmova	rdx,QWORD PTR [rsp+0x68]	0xa86569
steam	shared-item-noun	0xa82c10	0xa8658d	jmp	0xa88053	0xa86592
steam	shared-item-noun	0xa82c10	0xa8659c	jne	0xa865a2	0xa8659e
steam	shared-item-noun	0xa82c10	0xa865a0	je	0xa865f0	0xa865a2
steam	shared-item-noun	0xa82c10	0xa865d3	cmova	rdx,QWORD PTR [rsp+0x68]	0xa865d9
steam	shared-item-noun	0xa82c10	0xa865fd	jmp	0xa82ee5	0xa86602
steam	shared-item-noun	0xa82c10	0xa8660c	jne	0xa86612	0xa8660e
steam	shared-item-noun	0xa82c10	0xa86610	je	0xa86660	0xa86612
steam	shared-item-noun	0xa82c10	0xa86643	cmova	rdx,QWORD PTR [rsp+0x68]	0xa86649
steam	shared-item-noun	0xa82c10	0xa8666d	jmp	0xa88053	0xa86672
steam	shared-item-noun	0xa82c10	0xa8667c	jne	0xa86682	0xa8667e
steam	shared-item-noun	0xa82c10	0xa86680	je	0xa866d0	0xa86682
steam	shared-item-noun	0xa82c10	0xa866b3	cmova	rdx,QWORD PTR [rsp+0x68]	0xa866b9
steam	shared-item-noun	0xa82c10	0xa866dd	jmp	0xa88053	0xa866e2
steam	shared-item-noun	0xa82c10	0xa866ec	jne	0xa866f2	0xa866ee
steam	shared-item-noun	0xa82c10	0xa866f0	je	0xa86740	0xa866f2
steam	shared-item-noun	0xa82c10	0xa86723	cmova	rdx,QWORD PTR [rsp+0x68]	0xa86729
steam	shared-item-noun	0xa82c10	0xa8674d	jmp	0xa88053	0xa86752
steam	shared-item-noun	0xa82c10	0xa8675c	jne	0xa86762	0xa8675e
steam	shared-item-noun	0xa82c10	0xa86760	je	0xa867b3	0xa86762
steam	shared-item-noun	0xa82c10	0xa86793	cmova	rdx,QWORD PTR [rsp+0x68]	0xa86799
steam	shared-item-noun	0xa82c10	0xa867cb	je	0xa869f6	0xa867d1
steam	shared-item-noun	0xa82c10	0xa867d5	je	0xa869f6	0xa867db
steam	shared-item-noun	0xa82c10	0xa867e2	js	0xa8681a	0xa867e4
steam	shared-item-noun	0xa82c10	0xa86801	je	0xa8681d	0xa86803
steam	shared-item-noun	0xa82c10	0xa86806	cmovle	edx,eax	0xa86809
steam	shared-item-noun	0xa82c10	0xa8680c	cmovle	eax,r8d	0xa86810
steam	shared-item-noun	0xa82c10	0xa86815	jle	0xa867f0	0xa86817
steam	shared-item-noun	0xa82c10	0xa86820	je	0xa869f6	0xa86826
steam	shared-item-noun	0xa82c10	0xa86839	ja	0xa869e2	0xa8683f
steam	shared-item-noun	0xa82c10	0xa86850	jmp	rcx	0xa86852
steam	shared-item-noun	0xa82c10	0xa86861	jmp	0xa8805b	0xa86866
steam	shared-item-noun	0xa82c10	0xa86875	jmp	0xa8805b	0xa8687a
steam	shared-item-noun	0xa82c10	0xa86889	jmp	0xa8805b	0xa8688e
steam	shared-item-noun	0xa82c10	0xa8689d	jmp	0xa8805b	0xa868a2
steam	shared-item-noun	0xa82c10	0xa868b1	jmp	0xa8805b	0xa868b6
steam	shared-item-noun	0xa82c10	0xa868c5	jmp	0xa8805b	0xa868ca
steam	shared-item-noun	0xa82c10	0xa868d9	jmp	0xa8805b	0xa868de
steam	shared-item-noun	0xa82c10	0xa868ed	jmp	0xa8805b	0xa868f2
steam	shared-item-noun	0xa82c10	0xa86901	jmp	0xa8805b	0xa86906
steam	shared-item-noun	0xa82c10	0xa86915	jmp	0xa8805b	0xa8691a
steam	shared-item-noun	0xa82c10	0xa86929	jmp	0xa8805b	0xa8692e
steam	shared-item-noun	0xa82c10	0xa8693d	jmp	0xa8805b	0xa86942
steam	shared-item-noun	0xa82c10	0xa86951	jmp	0xa8805b	0xa86956
steam	shared-item-noun	0xa82c10	0xa86965	jmp	0xa8805b	0xa8696a
steam	shared-item-noun	0xa82c10	0xa86979	jmp	0xa8805b	0xa8697e
steam	shared-item-noun	0xa82c10	0xa8698d	jmp	0xa8805b	0xa86992
steam	shared-item-noun	0xa82c10	0xa869a1	jmp	0xa8805b	0xa869a6
steam	shared-item-noun	0xa82c10	0xa869b5	jmp	0xa8805b	0xa869ba
steam	shared-item-noun	0xa82c10	0xa869c9	jmp	0xa8805b	0xa869ce
steam	shared-item-noun	0xa82c10	0xa869dd	jmp	0xa8805b	0xa869e2
steam	shared-item-noun	0xa82c10	0xa869f1	jmp	0xa8805b	0xa869f6
steam	shared-item-noun	0xa82c10	0xa869fd	jmp	0xa8804d	0xa86a02
steam	shared-item-noun	0xa82c10	0xa86a0c	je	0xa86a23	0xa86a0e
steam	shared-item-noun	0xa82c10	0xa86a30	jmp	0xa88053	0xa86a35
steam	shared-item-noun	0xa82c10	0xa86a3f	je	0xa86a56	0xa86a41
steam	shared-item-noun	0xa82c10	0xa86a60	jae	0xa86a8d	0xa86a62
steam	shared-item-noun	0xa82c10	0xa86a69	jne	0xa86a7c	0xa86a6b
steam	shared-item-noun	0xa82c10	0xa86a77	jmp	0xa880a7	0xa86a7c
steam	shared-item-noun	0xa82c10	0xa86a88	jmp	0xa8806b	0xa86a8d
steam	shared-item-noun	0xa82c10	0xa86a8f	je	0xa86aa5	0xa86a91
steam	shared-item-noun	0xa82c10	0xa86aa0	jmp	0xa8805b	0xa86aa5
steam	shared-item-noun	0xa82c10	0xa86aa7	je	0xa86abd	0xa86aa9
steam	shared-item-noun	0xa82c10	0xa86ab8	jmp	0xa8805b	0xa86abd
steam	shared-item-noun	0xa82c10	0xa86abf	je	0xa86ad5	0xa86ac1
steam	shared-item-noun	0xa82c10	0xa86ad0	jmp	0xa8805b	0xa86ad5
steam	shared-item-noun	0xa82c10	0xa86ad7	je	0xa86aed	0xa86ad9
steam	shared-item-noun	0xa82c10	0xa86ae8	jmp	0xa8805b	0xa86aed
steam	shared-item-noun	0xa82c10	0xa86aef	je	0xa86b05	0xa86af1
steam	shared-item-noun	0xa82c10	0xa86b00	jmp	0xa8805b	0xa86b05
steam	shared-item-noun	0xa82c10	0xa86b07	jns	0xa86b1d	0xa86b09
steam	shared-item-noun	0xa82c10	0xa86b18	jmp	0xa8805b	0xa86b1d
steam	shared-item-noun	0xa82c10	0xa86b21	jae	0xa86b37	0xa86b23
steam	shared-item-noun	0xa82c10	0xa86b32	jmp	0xa8805b	0xa86b37
steam	shared-item-noun	0xa82c10	0xa86b3b	jae	0xa86b51	0xa86b3d
steam	shared-item-noun	0xa82c10	0xa86b4c	jmp	0xa8805b	0xa86b51
steam	shared-item-noun	0xa82c10	0xa86b55	jae	0xa86b6b	0xa86b57
steam	shared-item-noun	0xa82c10	0xa86b66	jmp	0xa8805b	0xa86b6b
steam	shared-item-noun	0xa82c10	0xa86b6f	jae	0xa86b85	0xa86b71
steam	shared-item-noun	0xa82c10	0xa86b80	jmp	0xa8805b	0xa86b85
steam	shared-item-noun	0xa82c10	0xa86b90	jb	0xa86b99	0xa86b92
steam	shared-item-noun	0xa82c10	0xa86ba1	jmp	0xa8805b	0xa86ba6
steam	shared-item-noun	0xa82c10	0xa86bb6	je	0xa86bd1	0xa86bb8
steam	shared-item-noun	0xa82c10	0xa86bd5	je	0xa86d1f	0xa86bdb
steam	shared-item-noun	0xa82c10	0xa86be9	cmova	rax,QWORD PTR [rsp+0x68]	0xa86bef
steam	shared-item-noun	0xa82c10	0xa86bf5	js	0xa86c3b	0xa86bf7
steam	shared-item-noun	0xa82c10	0xa86c0f	jae	0xa86c3b	0xa86c11
steam	shared-item-noun	0xa82c10	0xa86c21	je	0xa86c3b	0xa86c23
steam	shared-item-noun	0xa82c10	0xa86c2c	jbe	0xa86c31	0xa86c2e
steam	shared-item-noun	0xa82c10	0xa86c45	cmova	rdx,QWORD PTR [rsp+0x68]	0xa86c4b
steam	shared-item-noun	0xa82c10	0xa86c98	je	0xa86ca4	0xa86c9a
steam	shared-item-noun	0xa82c10	0xa86ca2	jmp	0xa86cac	0xa86ca4
steam	shared-item-noun	0xa82c10	0xa86cba	cmova	rdx,QWORD PTR [rbp-0x58]	0xa86cbf
steam	shared-item-noun	0xa82c10	0xa86cd4	jbe	0xa86d0a	0xa86cd6
steam	shared-item-noun	0xa82c10	0xa86ce7	jb	0xa86d05	0xa86ce9
steam	shared-item-noun	0xa82c10	0xa86cfc	jbe	0xa86d05	0xa86cfe
steam	shared-item-noun	0xa82c10	0xa86d1a	jmp	0xa8806b	0xa86d1f
steam	shared-item-noun	0xa82c10	0xa86d31	jmp	0xa8806b	0xa86d36
steam	shared-item-noun	0xa82c10	0xa86d49	ja	0xa86d71	0xa86d4b
steam	shared-item-noun	0xa82c10	0xa86d6c	jmp	0xa8806b	0xa86d71
steam	shared-item-noun	0xa82c10	0xa86d7b	jne	0xa86d95	0xa86d7d
steam	shared-item-noun	0xa82c10	0xa86d7f	jne	0xa86d95	0xa86d81
steam	shared-item-noun	0xa82c10	0xa86d90	jmp	0xa8806b	0xa86d95
steam	shared-item-noun	0xa82c10	0xa86dc6	cmova	rdx,QWORD PTR [rsp+0x68]	0xa86dcc
steam	shared-item-noun	0xa82c10	0xa86ddb	jmp	0xa88063	0xa86de0
steam	shared-item-noun	0xa82c10	0xa86dea	je	0xa86e04	0xa86dec
steam	shared-item-noun	0xa82c10	0xa86e17	ja	0xa86e4d	0xa86e19
steam	shared-item-noun	0xa82c10	0xa86e1d	setne	al	0xa86e20
steam	shared-item-noun	0xa82c10	0xa86e48	jmp	0xa8806b	0xa86e4d
steam	shared-item-noun	0xa82c10	0xa86e57	jne	0xa86e88	0xa86e59
steam	shared-item-noun	0xa82c10	0xa86e5b	jne	0xa86e88	0xa86e5d
steam	shared-item-noun	0xa82c10	0xa86e64	je	0xa86e77	0xa86e66
steam	shared-item-noun	0xa82c10	0xa86e72	jmp	0xa8806b	0xa86e77
steam	shared-item-noun	0xa82c10	0xa86e83	jmp	0xa880a7	0xa86e88
steam	shared-item-noun	0xa82c10	0xa86e93	jmp	0xa84e11	0xa86e98
steam	shared-item-noun	0xa82c10	0xa86ea2	je	0xa86eb9	0xa86ea4
steam	shared-item-noun	0xa82c10	0xa86ebd	je	0xa86ef7	0xa86ebf
steam	shared-item-noun	0xa82c10	0xa86ec2	je	0xa86ef7	0xa86ec4
steam	shared-item-noun	0xa82c10	0xa86ec8	setne	al	0xa86ecb
steam	shared-item-noun	0xa82c10	0xa86ef2	jmp	0xa8806b	0xa86ef7
steam	shared-item-noun	0xa82c10	0xa86f10	je	0xa880a7	0xa86f16
steam	shared-item-noun	0xa82c10	0xa86f25	jmp	0xa8806b	0xa86f2a
steam	shared-item-noun	0xa82c10	0xa86f34	je	0xa86f4b	0xa86f36
steam	shared-item-noun	0xa82c10	0xa86f67	je	0xa87101	0xa86f6d
steam	shared-item-noun	0xa82c10	0xa86f7e	cmova	rax,QWORD PTR [rsp+0x68]	0xa86f84
steam	shared-item-noun	0xa82c10	0xa86f8b	je	0xa8700b	0xa86f8d
steam	shared-item-noun	0xa82c10	0xa86f90	js	0xa87054	0xa86f96
steam	shared-item-noun	0xa82c10	0xa86fae	jae	0xa87010	0xa86fb0
steam	shared-item-noun	0xa82c10	0xa86fb3	js	0xa87010	0xa86fb5
steam	shared-item-noun	0xa82c10	0xa86fd5	jae	0xa87010	0xa86fd7
steam	shared-item-noun	0xa82c10	0xa86fe7	je	0xa87001	0xa86fe9
steam	shared-item-noun	0xa82c10	0xa86ff2	jbe	0xa86ff7	0xa86ff4
steam	shared-item-noun	0xa82c10	0xa87007	jbe	0xa87010	0xa87009
steam	shared-item-noun	0xa82c10	0xa87009	jmp	0xa87054	0xa8700b
steam	shared-item-noun	0xa82c10	0xa8700e	js	0xa87054	0xa87010
steam	shared-item-noun	0xa82c10	0xa87028	jae	0xa87054	0xa8702a
steam	shared-item-noun	0xa82c10	0xa8703a	je	0xa87054	0xa8703c
steam	shared-item-noun	0xa82c10	0xa87045	jbe	0xa8704a	0xa87047
steam	shared-item-noun	0xa82c10	0xa8705e	cmova	rdx,QWORD PTR [rsp+0x68]	0xa87064
steam	shared-item-noun	0xa82c10	0xa87074	js	0xa870c3	0xa87076
steam	shared-item-noun	0xa82c10	0xa8708e	jae	0xa870c3	0xa87090
steam	shared-item-noun	0xa82c10	0xa87093	js	0xa870c3	0xa87095
steam	shared-item-noun	0xa82c10	0xa870b4	jae	0xa870c3	0xa870b6
steam	shared-item-noun	0xa82c10	0xa870c1	jmp	0xa870c5	0xa870c3
steam	shared-item-noun	0xa82c10	0xa870ca	je	0xa870eb	0xa870cc
steam	shared-item-noun	0xa82c10	0xa870cf	jne	0xa8806b	0xa870d5
steam	shared-item-noun	0xa82c10	0xa870e6	jmp	0xa88063	0xa870eb
steam	shared-item-noun	0xa82c10	0xa870fc	jmp	0xa88063	0xa87101
steam	shared-item-noun	0xa82c10	0xa87113	jmp	0xa8806b	0xa87118
steam	shared-item-noun	0xa82c10	0xa87122	je	0xa87140	0xa87124
steam	shared-item-noun	0xa82c10	0xa87144	je	0xa87260	0xa8714a
steam	shared-item-noun	0xa82c10	0xa87158	cmova	rax,QWORD PTR [rsp+0x68]	0xa8715e
steam	shared-item-noun	0xa82c10	0xa87165	je	0xa871e5	0xa87167
steam	shared-item-noun	0xa82c10	0xa8716a	js	0xa8722e	0xa87170
steam	shared-item-noun	0xa82c10	0xa87188	jae	0xa871ea	0xa8718a
steam	shared-item-noun	0xa82c10	0xa8718d	js	0xa871ea	0xa8718f
steam	shared-item-noun	0xa82c10	0xa871af	jae	0xa871ea	0xa871b1
steam	shared-item-noun	0xa82c10	0xa871c1	je	0xa871db	0xa871c3
steam	shared-item-noun	0xa82c10	0xa871cc	jbe	0xa871d1	0xa871ce
steam	shared-item-noun	0xa82c10	0xa871e1	jbe	0xa871ea	0xa871e3
steam	shared-item-noun	0xa82c10	0xa871e3	jmp	0xa8722e	0xa871e5
steam	shared-item-noun	0xa82c10	0xa871e8	js	0xa8722e	0xa871ea
steam	shared-item-noun	0xa82c10	0xa87202	jae	0xa8722e	0xa87204
steam	shared-item-noun	0xa82c10	0xa87214	je	0xa8722e	0xa87216
steam	shared-item-noun	0xa82c10	0xa8721f	jbe	0xa87224	0xa87221
steam	shared-item-noun	0xa82c10	0xa87238	cmova	rdx,QWORD PTR [rsp+0x68]	0xa8723e
steam	shared-item-noun	0xa82c10	0xa87275	jmp	0xa8806b	0xa8727a
steam	shared-item-noun	0xa82c10	0xa87284	je	0xa872a2	0xa87286
steam	shared-item-noun	0xa82c10	0xa872a6	je	0xa8738b	0xa872ac
steam	shared-item-noun	0xa82c10	0xa872ba	cmova	rax,QWORD PTR [rsp+0x68]	0xa872c0
steam	shared-item-noun	0xa82c10	0xa872c7	je	0xa87341	0xa872c9
steam	shared-item-noun	0xa82c10	0xa872cc	js	0xa87341	0xa872ce
steam	shared-item-noun	0xa82c10	0xa872e6	jae	0xa87341	0xa872e8
steam	shared-item-noun	0xa82c10	0xa872eb	js	0xa87341	0xa872ed
steam	shared-item-noun	0xa82c10	0xa8730d	jae	0xa87341	0xa8730f
steam	shared-item-noun	0xa82c10	0xa8731f	je	0xa87339	0xa87321
steam	shared-item-noun	0xa82c10	0xa8732a	jbe	0xa8732f	0xa8732c
steam	shared-item-noun	0xa82c10	0xa8733f	ja	0xa87361	0xa87341
steam	shared-item-noun	0xa82c10	0xa87386	jmp	0xa870ca	0xa8738b
steam	shared-item-noun	0xa82c10	0xa8739a	jmp	0xa8806b	0xa8739f
steam	shared-item-noun	0xa82c10	0xa873a6	je	0xa873e1	0xa873a8
steam	shared-item-noun	0xa82c10	0xa873be	setne	r8b	0xa873c2
steam	shared-item-noun	0xa82c10	0xa873dc	jmp	0xa8806b	0xa873e1
steam	shared-item-noun	0xa82c10	0xa873ed	jmp	0xa8805b	0xa873f2
steam	shared-item-noun	0xa82c10	0xa873f9	je	0xa87404	0xa873fb
steam	shared-item-noun	0xa82c10	0xa87402	jmp	0xa873af	0xa87404
steam	shared-item-noun	0xa82c10	0xa87410	jmp	0xa8805b	0xa87415
steam	shared-item-noun	0xa82c10	0xa87422	jmp	0xa88053	0xa87427
steam	shared-item-noun	0xa82c10	0xa87433	jae	0xa87444	0xa87435
steam	shared-item-noun	0xa82c10	0xa87448	je	0xa87459	0xa8744a
steam	shared-item-noun	0xa82c10	0xa8745d	je	0xa8756a	0xa87463
steam	shared-item-noun	0xa82c10	0xa87466	je	0xa8756a	0xa8746c
steam	shared-item-noun	0xa82c10	0xa87484	je	0xa87556	0xa8748a
steam	shared-item-noun	0xa82c10	0xa87492	je	0xa874ad	0xa87494
steam	shared-item-noun	0xa82c10	0xa874bb	je	0xa874ea	0xa874bd
steam	shared-item-noun	0xa82c10	0xa874f5	jne	0xa8752e	0xa874f7
steam	shared-item-noun	0xa82c10	0xa8750a	jle	0xa8751d	0xa8750c
steam	shared-item-noun	0xa82c10	0xa87518	jmp	0xa88071	0xa8751d
steam	shared-item-noun	0xa82c10	0xa87529	jmp	0xa880a7	0xa8752e
steam	shared-item-noun	0xa82c10	0xa87532	jne	0xa87545	0xa87534
steam	shared-item-noun	0xa82c10	0xa87540	jmp	0xa880a7	0xa87545
steam	shared-item-noun	0xa82c10	0xa87551	jmp	0xa8806b	0xa87556
steam	shared-item-noun	0xa82c10	0xa87565	jmp	0xa8806b	0xa8756a
steam	shared-item-noun	0xa82c10	0xa8757f	jmp	0xa8806b	0xa87584
steam	shared-item-noun	0xa82c10	0xa8759f	js	0xa875b4	0xa875a1
steam	shared-item-noun	0xa82c10	0xa875aa	je	0xa87616	0xa875ac
steam	shared-item-noun	0xa82c10	0xa875b2	jns	0xa875a1	0xa875b4
steam	shared-item-noun	0xa82c10	0xa875be	jne	0xa875c4	0xa875c0
steam	shared-item-noun	0xa82c10	0xa875c2	je	0xa87602	0xa875c4
steam	shared-item-noun	0xa82c10	0xa87611	jmp	0xa8805b	0xa87616
steam	shared-item-noun	0xa82c10	0xa87620	je	0xa875b4	0xa87622
steam	shared-item-noun	0xa82c10	0xa8762a	je	0xa8764d	0xa8762c
steam	shared-item-noun	0xa82c10	0xa87657	jne	0xa8765d	0xa87659
steam	shared-item-noun	0xa82c10	0xa8765b	je	0xa8769b	0xa8765d
steam	shared-item-noun	0xa82c10	0xa876a6	jne	0xa873d4	0xa876ac
steam	shared-item-noun	0xa82c10	0xa876b8	jmp	0xa8806b	0xa876bd
steam	shared-item-noun	0xa82c10	0xa876c0	je	0xa876db	0xa876c2
steam	shared-item-noun	0xa82c10	0xa876f6	js	0xa87713	0xa876f8
steam	shared-item-noun	0xa82c10	0xa87709	je	0xa8778a	0xa8770b
steam	shared-item-noun	0xa82c10	0xa87711	jns	0xa87700	0xa87713
steam	shared-item-noun	0xa82c10	0xa8771d	jne	0xa87723	0xa8771f
steam	shared-item-noun	0xa82c10	0xa87721	je	0xa87761	0xa87723
steam	shared-item-noun	0xa82c10	0xa87765	jle	0xa87776	0xa87767
steam	shared-item-noun	0xa82c10	0xa87785	jmp	0xa8806b	0xa8778a
steam	shared-item-noun	0xa82c10	0xa87794	je	0xa87713	0xa8779a
steam	shared-item-noun	0xa82c10	0xa8779e	jle	0xa877c3	0xa877a0
steam	shared-item-noun	0xa82c10	0xa877a8	je	0xa877c3	0xa877aa
steam	shared-item-noun	0xa82c10	0xa877cb	je	0xa877eb	0xa877cd
steam	shared-item-noun	0xa82c10	0xa877f5	jne	0xa8780e	0xa877f7
steam	shared-item-noun	0xa82c10	0xa877f9	jne	0xa8780e	0xa877fb
steam	shared-item-noun	0xa82c10	0xa87803	je	0xa8784d	0xa87805
steam	shared-item-noun	0xa82c10	0xa8780c	jmp	0xa8783b	0xa8780e
steam	shared-item-noun	0xa82c10	0xa87867	je	0xa8769b	0xa8786d
steam	shared-item-noun	0xa82c10	0xa87880	je	0xa8769b	0xa87886
steam	shared-item-noun	0xa82c10	0xa87895	jmp	0xa8769b	0xa8789a
steam	shared-item-noun	0xa82c10	0xa8789d	je	0xa878b8	0xa8789f
steam	shared-item-noun	0xa82c10	0xa878d3	js	0xa878f7	0xa878d5
steam	shared-item-noun	0xa82c10	0xa878e9	je	0xa87a2f	0xa878ef
steam	shared-item-noun	0xa82c10	0xa878f5	jns	0xa878e0	0xa878f7
steam	shared-item-noun	0xa82c10	0xa87904	jne	0xa8790a	0xa87906
steam	shared-item-noun	0xa82c10	0xa87908	je	0xa87959	0xa8790a
steam	shared-item-noun	0xa82c10	0xa8793c	cmova	rdx,QWORD PTR [rsp+0x68]	0xa87942
steam	shared-item-noun	0xa82c10	0xa8795d	je	0xa879c4	0xa8795f
steam	shared-item-noun	0xa82c10	0xa87971	je	0xa879c4	0xa87973
steam	shared-item-noun	0xa82c10	0xa87985	je	0xa879c4	0xa87987
steam	shared-item-noun	0xa82c10	0xa87993	je	0xa879a4	0xa87995
steam	shared-item-noun	0xa82c10	0xa879b3	je	0xa879c4	0xa879b5
steam	shared-item-noun	0xa82c10	0xa879c7	je	0xa87a73	0xa879cd
steam	shared-item-noun	0xa82c10	0xa879e7	je	0xa87a0d	0xa879e9
steam	shared-item-noun	0xa82c10	0xa879fc	je	0xa87a0d	0xa879fe
steam	shared-item-noun	0xa82c10	0xa87a18	jne	0xa873d4	0xa87a1e
steam	shared-item-noun	0xa82c10	0xa87a2a	jmp	0xa8806b	0xa87a2f
steam	shared-item-noun	0xa82c10	0xa87a3c	je	0xa878fa	0xa87a42
steam	shared-item-noun	0xa82c10	0xa87a4a	je	0xa878fa	0xa87a50
steam	shared-item-noun	0xa82c10	0xa87a6e	jmp	0xa878fa	0xa87a73
steam	shared-item-noun	0xa82c10	0xa87a82	jmp	0xa8806b	0xa87a87
steam	shared-item-noun	0xa82c10	0xa87aa2	js	0xa87ac9	0xa87aa4
steam	shared-item-noun	0xa82c10	0xa87aad	je	0xa87ab9	0xa87aaf
steam	shared-item-noun	0xa82c10	0xa87ab5	jns	0xa87aa4	0xa87ab7
steam	shared-item-noun	0xa82c10	0xa87ab7	jmp	0xa87ac9	0xa87ab9
steam	shared-item-noun	0xa82c10	0xa87ac3	jne	0xa87622	0xa87ac9
steam	shared-item-noun	0xa82c10	0xa87ad3	jne	0xa87ad9	0xa87ad5
steam	shared-item-noun	0xa82c10	0xa87ad7	je	0xa87b17	0xa87ad9
steam	shared-item-noun	0xa82c10	0xa87b2d	je	0xa87b4a	0xa87b2f
steam	shared-item-noun	0xa82c10	0xa87b45	jmp	0xa88061	0xa87b4a
steam	shared-item-noun	0xa82c10	0xa87b56	jmp	0xa880a7	0xa87b5b
steam	shared-item-noun	0xa82c10	0xa87b5e	je	0xa87b79	0xa87b60
steam	shared-item-noun	0xa82c10	0xa87b94	js	0xa87bb7	0xa87b96
steam	shared-item-noun	0xa82c10	0xa87ba9	je	0xa87c57	0xa87baf
steam	shared-item-noun	0xa82c10	0xa87bb5	jns	0xa87ba0	0xa87bb7
steam	shared-item-noun	0xa82c10	0xa87bc4	jne	0xa87bca	0xa87bc6
steam	shared-item-noun	0xa82c10	0xa87bc8	je	0xa87c19	0xa87bca
steam	shared-item-noun	0xa82c10	0xa87bfc	cmova	rdx,QWORD PTR [rsp+0x68]	0xa87c02
steam	shared-item-noun	0xa82c10	0xa87c1c	je	0xa87cb1	0xa87c22
steam	shared-item-noun	0xa82c10	0xa87c37	je	0xa8769b	0xa87c3d
steam	shared-item-noun	0xa82c10	0xa87c44	jle	0xa87c9b	0xa87c46
steam	shared-item-noun	0xa82c10	0xa87c51	jge	0xa87c9b	0xa87c53
steam	shared-item-noun	0xa82c10	0xa87c55	jmp	0xa87c9d	0xa87c57
steam	shared-item-noun	0xa82c10	0xa87c64	je	0xa87bba	0xa87c6a
steam	shared-item-noun	0xa82c10	0xa87c72	je	0xa87bba	0xa87c78
steam	shared-item-noun	0xa82c10	0xa87c96	jmp	0xa87bba	0xa87c9b
steam	shared-item-noun	0xa82c10	0xa87c9f	je	0xa8769b	0xa87ca5
steam	shared-item-noun	0xa82c10	0xa87cac	jmp	0xa87874	0xa87cb1
steam	shared-item-noun	0xa82c10	0xa87cc6	jmp	0xa8806b	0xa87ccb
steam	shared-item-noun	0xa82c10	0xa87cce	je	0xa87cf6	0xa87cd0
steam	shared-item-noun	0xa82c10	0xa87cd9	cmova	rdx,QWORD PTR [rbp-0x78]	0xa87cde
steam	shared-item-noun	0xa82c10	0xa87d11	js	0xa87d37	0xa87d13
steam	shared-item-noun	0xa82c10	0xa87d29	je	0xa87dbc	0xa87d2f
steam	shared-item-noun	0xa82c10	0xa87d35	jns	0xa87d20	0xa87d37
steam	shared-item-noun	0xa82c10	0xa87d44	jne	0xa87d4a	0xa87d46
steam	shared-item-noun	0xa82c10	0xa87d48	je	0xa87d99	0xa87d4a
steam	shared-item-noun	0xa82c10	0xa87d7c	cmova	rdx,QWORD PTR [rsp+0x68]	0xa87d82
steam	shared-item-noun	0xa82c10	0xa87d9c	jne	0xa87c22	0xa87da2
steam	shared-item-noun	0xa82c10	0xa87db7	jmp	0xa8806b	0xa87dbc
steam	shared-item-noun	0xa82c10	0xa87dc9	je	0xa87d3a	0xa87dcf
steam	shared-item-noun	0xa82c10	0xa87dd7	je	0xa87d3a	0xa87ddd
steam	shared-item-noun	0xa82c10	0xa87dfb	jmp	0xa87d3a	0xa87e00
steam	shared-item-noun	0xa82c10	0xa87e1b	js	0xa87e36	0xa87e1d
steam	shared-item-noun	0xa82c10	0xa87e29	je	0xa87ebc	0xa87e2f
steam	shared-item-noun	0xa82c10	0xa87e34	jns	0xa87e20	0xa87e36
steam	shared-item-noun	0xa82c10	0xa87e39	je	0xa87e54	0xa87e3b
steam	shared-item-noun	0xa82c10	0xa87e5e	jne	0xa87e64	0xa87e60
steam	shared-item-noun	0xa82c10	0xa87e62	je	0xa87ea2	0xa87e64
steam	shared-item-noun	0xa82c10	0xa87eb7	jmp	0xa8806b	0xa87ebc
steam	shared-item-noun	0xa82c10	0xa87ec6	je	0xa87e36	0xa87ecc
steam	shared-item-noun	0xa82c10	0xa87ecf	jle	0xa87ef8	0xa87ed1
steam	shared-item-noun	0xa82c10	0xa87ed9	je	0xa87ef8	0xa87edb
steam	shared-item-noun	0xa82c10	0xa87efb	je	0xa87f13	0xa87efd
steam	shared-item-noun	0xa82c10	0xa87f1b	je	0xa87f3b	0xa87f1d
steam	shared-item-noun	0xa82c10	0xa87f45	jne	0xa87f5e	0xa87f47
steam	shared-item-noun	0xa82c10	0xa87f49	jne	0xa87f5e	0xa87f4b
steam	shared-item-noun	0xa82c10	0xa87f53	je	0xa87f9d	0xa87f55
steam	shared-item-noun	0xa82c10	0xa87f5c	jmp	0xa87f8b	0xa87f5e
steam	shared-item-noun	0xa82c10	0xa87fb2	je	0xa8769b	0xa87fb8
steam	shared-item-noun	0xa82c10	0xa87fbf	jle	0xa87fd2	0xa87fc1
steam	shared-item-noun	0xa82c10	0xa87fcc	jge	0xa87fd2	0xa87fce
steam	shared-item-noun	0xa82c10	0xa87fd0	jmp	0xa87fd4	0xa87fd2
steam	shared-item-noun	0xa82c10	0xa87fd6	je	0xa8769b	0xa87fdc
steam	shared-item-noun	0xa82c10	0xa87fe3	jmp	0xa87874	0xa87fe8
steam	shared-item-noun	0xa82c10	0xa87ff2	jne	0xa87ff8	0xa87ff4
steam	shared-item-noun	0xa82c10	0xa87ff6	je	0xa88046	0xa87ff8
steam	shared-item-noun	0xa82c10	0xa88029	cmova	rdx,QWORD PTR [rsp+0x68]	0xa8802f
steam	shared-item-noun	0xa82c10	0xa8805f	je	0xa880a7	0xa88061
steam	shared-item-noun	0xa82c10	0xa8806f	jle	0xa880a7	0xa88071
steam	item_toolst-title-with-article;item_weaponst-title-with-article;item_instrumentst-title-with-article	0xc653e0	0xc653ed	jne	0xc65409	0xc653ef
steam	item_toolst-title-with-article;item_weaponst-title-with-article;item_instrumentst-title-with-article	0xc653e0	0xc65404	jmp	0x6fa10	0xc65409
steam	item_toolst-title-with-article;item_weaponst-title-with-article;item_instrumentst-title-with-article	0xc653e0	0xc6540c	jne	0xc6543f	0xc6540e
steam	item_toolst-title-with-article;item_weaponst-title-with-article;item_instrumentst-title-with-article	0xc653e0	0xc65415	jne	0xc6543f	0xc65417
steam	item_toolst-title-with-article;item_weaponst-title-with-article;item_instrumentst-title-with-article	0xc653e0	0xc65423	jne	0xc6543f	0xc65425
steam	item_toolst-title-with-article;item_weaponst-title-with-article;item_instrumentst-title-with-article	0xc653e0	0xc6543a	jmp	0x6fa10	0xc6543f
steam	complete-item-designation	0xc65450	0xc65482	jbe	0xc65487	0xc65484
steam	complete-item-designation	0xc65450	0xc65495	jae	0xc654e7	0xc65497
steam	complete-item-designation	0xc65450	0xc654a3	je	0xc654ab	0xc654a5
steam	complete-item-designation	0xc65450	0xc654a9	jmp	0xc65492	0xc654ab
steam	complete-item-designation	0xc65450	0xc654b7	je	0xc654e7	0xc654b9
steam	complete-item-designation	0xc65450	0xc654c1	je	0xc65716	0xc654c7
steam	complete-item-designation	0xc65450	0xc654c9	jne	0xc65716	0xc654cf
steam	complete-item-designation	0xc65450	0xc654e2	jmp	0xa94030	0xc654e7
steam	complete-item-designation	0xc65450	0xc654ed	jne	0xc65716	0xc654f3
steam	complete-item-designation	0xc65450	0xc65500	jne	0xc65518	0xc65502
steam	complete-item-designation	0xc65450	0xc6550a	je	0xc65518	0xc6550c
steam	complete-item-designation	0xc65450	0xc65513	jmp	0xc656d3	0xc65518
steam	complete-item-designation	0xc65450	0xc65525	jne	0xc65716	0xc6552b
steam	complete-item-designation	0xc65450	0xc65543	jae	0xc6570f	0xc65549
steam	complete-item-designation	0xc65450	0xc65555	jne	0xc65603	0xc6555b
steam	complete-item-designation	0xc65450	0xc65570	je	0xc65603	0xc65576
steam	complete-item-designation	0xc65450	0xc65590	je	0xc65603	0xc65592
steam	complete-item-designation	0xc65450	0xc65599	jle	0xc655c3	0xc6559b
steam	complete-item-designation	0xc65450	0xc655b3	cmovl	edx,r9d	0xc655b7
steam	complete-item-designation	0xc65450	0xc655c1	jg	0xc655a0	0xc655c3
steam	complete-item-designation	0xc65450	0xc655ca	je	0xc65603	0xc655cc
steam	complete-item-designation	0xc65450	0xc655cf	jge	0xc65603	0xc655d1
steam	complete-item-designation	0xc65450	0xc655dd	je	0xc655ec	0xc655df
steam	complete-item-designation	0xc65450	0xc655e8	jl	0xc655d7	0xc655ea
steam	complete-item-designation	0xc65450	0xc655ea	jmp	0xc65603	0xc655ec
steam	complete-item-designation	0xc65450	0xc655f6	je	0xc65603	0xc655f8
steam	complete-item-designation	0xc65450	0xc655fd	jne	0xc656cf	0xc65603
steam	complete-item-designation	0xc65450	0xc6560f	jne	0xc656c6	0xc65615
steam	complete-item-designation	0xc65450	0xc6562a	je	0xc656c6	0xc65630
steam	complete-item-designation	0xc65450	0xc6564a	je	0xc656c6	0xc6564c
steam	complete-item-designation	0xc65450	0xc65653	jle	0xc65683	0xc65655
steam	complete-item-designation	0xc65450	0xc65673	cmovl	edx,r9d	0xc65677
steam	complete-item-designation	0xc65450	0xc65681	jg	0xc65660	0xc65683
steam	complete-item-designation	0xc65450	0xc6568a	je	0xc656c6	0xc6568c
steam	complete-item-designation	0xc65450	0xc6568f	jge	0xc656c6	0xc65691
steam	complete-item-designation	0xc65450	0xc6569d	je	0xc656b3	0xc6569f
steam	complete-item-designation	0xc65450	0xc656a8	jl	0xc65697	0xc656aa
steam	complete-item-designation	0xc65450	0xc656ae	jmp	0xc65540	0xc656b3
steam	complete-item-designation	0xc65450	0xc656bd	je	0xc656c6	0xc656bf
steam	complete-item-designation	0xc65450	0xc656c4	jne	0xc656cf	0xc656c6
steam	complete-item-designation	0xc65450	0xc656ca	jmp	0xc65540	0xc656cf
steam	complete-item-designation	0xc65450	0xc656d6	je	0xc656ee	0xc656d8
steam	complete-item-designation	0xc65450	0xc656e1	jbe	0xc656e6	0xc656e3
steam	complete-item-designation	0xc65450	0xc6570a	jmp	0x6fa10	0xc6570f
steam	complete-item-designation	0xc65450	0xc65751	jne	0xc6575c	0xc65753
steam	complete-item-designation	0xc65450	0xc65757	cmovl	r14w,r12w	0xc6575c
steam	complete-item-designation	0xc65450	0xc65778	jne	0xc65bb3	0xc6577e
steam	complete-item-designation	0xc65450	0xc65785	jne	0xc657b7	0xc65787
steam	complete-item-designation	0xc65450	0xc65793	jae	0xc657b3	0xc65795
steam	complete-item-designation	0xc65450	0xc657a1	je	0xc657a9	0xc657a3
steam	complete-item-designation	0xc65450	0xc657a7	jmp	0xc65790	0xc657a9
steam	complete-item-designation	0xc65450	0xc657bf	je	0xc657cb	0xc657c1
steam	complete-item-designation	0xc65450	0xc657e0	jl	0xc6581c	0xc657e2
steam	complete-item-designation	0xc65450	0xc657f8	jne	0xc657f0	0xc657fa
steam	complete-item-designation	0xc65450	0xc65818	jne	0xc65810	0xc6581a
steam	complete-item-designation	0xc65450	0xc6581a	jmp	0xc6585a	0xc6581c
steam	complete-item-designation	0xc65450	0xc65820	jne	0xc6583c	0xc65822
steam	complete-item-designation	0xc65450	0xc65838	jne	0xc65830	0xc6583a
steam	complete-item-designation	0xc65450	0xc6583a	jmp	0xc6585a	0xc6583c
steam	complete-item-designation	0xc65450	0xc65840	jne	0xc65866	0xc65842
steam	complete-item-designation	0xc65450	0xc65858	jne	0xc65850	0xc6585a
steam	complete-item-designation	0xc65450	0xc6586d	jne	0xc658c6	0xc6586f
steam	complete-item-designation	0xc65450	0xc65877	je	0xc6589a	0xc65879
steam	complete-item-designation	0xc65450	0xc6588c	jne	0xc65884	0xc6588e
steam	complete-item-designation	0xc65450	0xc658a2	je	0xc658c6	0xc658a4
steam	complete-item-designation	0xc65450	0xc658b8	jne	0xc658b0	0xc658ba
steam	complete-item-designation	0xc65450	0xc658d5	je	0xc659c7	0xc658db
steam	complete-item-designation	0xc65450	0xc658e2	jle	0xc659a6	0xc658e8
steam	complete-item-designation	0xc65450	0xc658f2	je	0xc659a6	0xc658f8
steam	complete-item-designation	0xc65450	0xc658fd	jne	0xc6591c	0xc658ff
steam	complete-item-designation	0xc65450	0xc65918	jne	0xc65910	0xc6591a
steam	complete-item-designation	0xc65450	0xc6591a	jmp	0xc6599a	0xc6591c
steam	complete-item-designation	0xc65450	0xc65921	jne	0xc6593c	0xc65923
steam	complete-item-designation	0xc65450	0xc65938	jne	0xc65930	0xc6593a
steam	complete-item-designation	0xc65450	0xc6593a	jmp	0xc6599a	0xc6593c
steam	complete-item-designation	0xc65450	0xc65941	jne	0xc6595c	0xc65943
steam	complete-item-designation	0xc65450	0xc65958	jne	0xc65950	0xc6595a
steam	complete-item-designation	0xc65450	0xc6595a	jmp	0xc6599a	0xc6595c
steam	complete-item-designation	0xc65450	0xc65961	jne	0xc6597c	0xc65963
steam	complete-item-designation	0xc65450	0xc65978	jne	0xc65970	0xc6597a
steam	complete-item-designation	0xc65450	0xc6597a	jmp	0xc6599a	0xc6597c
steam	complete-item-designation	0xc65450	0xc65981	jne	0xc659a6	0xc65983
steam	complete-item-designation	0xc65450	0xc65998	jne	0xc65990	0xc6599a
steam	complete-item-designation	0xc65450	0xc659b9	jne	0xc659b1	0xc659bb
steam	complete-item-designation	0xc65450	0xc659d7	je	0xc659fa	0xc659d9
steam	complete-item-designation	0xc65450	0xc659ec	jne	0xc659e4	0xc659ee
steam	complete-item-designation	0xc65450	0xc659ff	jne	0xc65a53	0xc65a01
steam	complete-item-designation	0xc65450	0xc65a18	jne	0xc65a10	0xc65a1a
steam	complete-item-designation	0xc65450	0xc65a4e	jmp	0xc65bea	0xc65a53
steam	complete-item-designation	0xc65450	0xc65a58	jne	0xc65aa8	0xc65a5a
steam	complete-item-designation	0xc65450	0xc65a6d	jne	0xc65a65	0xc65a6f
steam	complete-item-designation	0xc65450	0xc65aa3	jmp	0xc65c08	0xc65aa8
steam	complete-item-designation	0xc65450	0xc65aad	jne	0xc65b03	0xc65aaf
steam	complete-item-designation	0xc65450	0xc65ac8	jne	0xc65ac0	0xc65aca
steam	complete-item-designation	0xc65450	0xc65afe	jmp	0xc65c26	0xc65b03
steam	complete-item-designation	0xc65450	0xc65b08	jne	0xc65b58	0xc65b0a
steam	complete-item-designation	0xc65450	0xc65b1d	jne	0xc65b15	0xc65b1f
steam	complete-item-designation	0xc65450	0xc65b53	jmp	0xc65c44	0xc65b58
steam	complete-item-designation	0xc65450	0xc65b5d	jne	0xc65bb3	0xc65b5f
steam	complete-item-designation	0xc65450	0xc65b78	jne	0xc65b70	0xc65b7a
steam	complete-item-designation	0xc65450	0xc65bae	jmp	0xc65c63	0xc65bb3
steam	complete-item-designation	0xc65450	0xc65bc9	jne	0xc65ef3	0xc65bcf
steam	complete-item-designation	0xc65450	0xc65be8	jne	0xc65c01	0xc65bea
steam	complete-item-designation	0xc65450	0xc65bfd	jne	0xc65bf5	0xc65bff
steam	complete-item-designation	0xc65450	0xc65bff	jmp	0xc65c7a	0xc65c01
steam	complete-item-designation	0xc65450	0xc65c06	jne	0xc65c1f	0xc65c08
steam	complete-item-designation	0xc65450	0xc65c1b	jne	0xc65c13	0xc65c1d
steam	complete-item-designation	0xc65450	0xc65c1d	jmp	0xc65c7a	0xc65c1f
steam	complete-item-designation	0xc65450	0xc65c24	jne	0xc65c3d	0xc65c26
steam	complete-item-designation	0xc65450	0xc65c39	jne	0xc65c31	0xc65c3b
steam	complete-item-designation	0xc65450	0xc65c3b	jmp	0xc65c7a	0xc65c3d
steam	complete-item-designation	0xc65450	0xc65c42	jne	0xc65c5c	0xc65c44
steam	complete-item-designation	0xc65450	0xc65c58	jne	0xc65c50	0xc65c5a
steam	complete-item-designation	0xc65450	0xc65c5a	jmp	0xc65c7a	0xc65c5c
steam	complete-item-designation	0xc65450	0xc65c61	jne	0xc65c86	0xc65c63
steam	complete-item-designation	0xc65450	0xc65c78	jne	0xc65c70	0xc65c7a
steam	complete-item-designation	0xc65450	0xc65c96	je	0xc65cb9	0xc65c98
steam	complete-item-designation	0xc65450	0xc65cab	jne	0xc65ca3	0xc65cad
steam	complete-item-designation	0xc65450	0xc65cc8	je	0xc65db6	0xc65cce
steam	complete-item-designation	0xc65450	0xc65ce8	jne	0xc65ce0	0xc65cea
steam	complete-item-designation	0xc65450	0xc65cfd	jle	0xc65db6	0xc65d03
steam	complete-item-designation	0xc65450	0xc65d0d	je	0xc65db6	0xc65d13
steam	complete-item-designation	0xc65450	0xc65d18	jne	0xc65d31	0xc65d1a
steam	complete-item-designation	0xc65450	0xc65d2d	jne	0xc65d25	0xc65d2f
steam	complete-item-designation	0xc65450	0xc65d2f	jmp	0xc65daa	0xc65d31
steam	complete-item-designation	0xc65450	0xc65d36	jne	0xc65d4f	0xc65d38
steam	complete-item-designation	0xc65450	0xc65d4b	jne	0xc65d43	0xc65d4d
steam	complete-item-designation	0xc65450	0xc65d4d	jmp	0xc65daa	0xc65d4f
steam	complete-item-designation	0xc65450	0xc65d54	jne	0xc65d6d	0xc65d56
steam	complete-item-designation	0xc65450	0xc65d69	jne	0xc65d61	0xc65d6b
steam	complete-item-designation	0xc65450	0xc65d6b	jmp	0xc65daa	0xc65d6d
steam	complete-item-designation	0xc65450	0xc65d72	jne	0xc65d8c	0xc65d74
steam	complete-item-designation	0xc65450	0xc65d88	jne	0xc65d80	0xc65d8a
steam	complete-item-designation	0xc65450	0xc65d8a	jmp	0xc65daa	0xc65d8c
steam	complete-item-designation	0xc65450	0xc65d91	jne	0xc65db6	0xc65d93
steam	complete-item-designation	0xc65450	0xc65da8	jne	0xc65da0	0xc65daa
steam	complete-item-designation	0xc65450	0xc65dbd	jne	0xc65e16	0xc65dbf
steam	complete-item-designation	0xc65450	0xc65dc7	je	0xc65dea	0xc65dc9
steam	complete-item-designation	0xc65450	0xc65ddc	jne	0xc65dd4	0xc65dde
steam	complete-item-designation	0xc65450	0xc65df2	je	0xc65e16	0xc65df4
steam	complete-item-designation	0xc65450	0xc65e08	jne	0xc65e00	0xc65e0a
steam	complete-item-designation	0xc65450	0xc65e1a	jl	0xc65e5b	0xc65e1c
steam	complete-item-designation	0xc65450	0xc65e38	jne	0xc65e30	0xc65e3a
steam	complete-item-designation	0xc65450	0xc65e57	jne	0xc65e50	0xc65e59
steam	complete-item-designation	0xc65450	0xc65e59	jmp	0xc65e99	0xc65e5b
steam	complete-item-designation	0xc65450	0xc65e5f	jne	0xc65e7b	0xc65e61
steam	complete-item-designation	0xc65450	0xc65e77	jne	0xc65e70	0xc65e79
steam	complete-item-designation	0xc65450	0xc65e79	jmp	0xc65e99	0xc65e7b
steam	complete-item-designation	0xc65450	0xc65e7f	jne	0xc65ea8	0xc65e81
steam	complete-item-designation	0xc65450	0xc65e97	jne	0xc65e90	0xc65e99
steam	complete-item-designation	0xc65450	0xc65eb0	je	0xc65ebc	0xc65eb2
steam	complete-item-designation	0xc65450	0xc65ec3	jne	0xc65ef3	0xc65ec5
steam	complete-item-designation	0xc65450	0xc65ed3	jae	0xc65ef3	0xc65ed5
steam	complete-item-designation	0xc65450	0xc65ee1	je	0xc65ee9	0xc65ee3
steam	complete-item-designation	0xc65450	0xc65ee7	jmp	0xc65ed0	0xc65ee9
steam	item_toolst-title	0xca39f0	0xca3a2b	jne	0xca43e5	0xca3a31
steam	item_toolst-title	0xca39f0	0xca3a3f	je	0xca438b	0xca3a45
steam	item_toolst-title	0xca39f0	0xca3a4d	je	0xca3fe9	0xca3a53
steam	item_toolst-title	0xca39f0	0xca3a66	jne	0xca3a82	0xca3a68
steam	item_toolst-title	0xca39f0	0xca3a7d	jmp	0xca3ce7	0xca3a82
steam	item_toolst-title	0xca39f0	0xca3a8c	jne	0xca3aa8	0xca3a8e
steam	item_toolst-title	0xca39f0	0xca3aa3	jmp	0xca3ce7	0xca3aa8
steam	item_toolst-title	0xca39f0	0xca3ab2	jne	0xca3ace	0xca3ab4
steam	item_toolst-title	0xca39f0	0xca3ac9	jmp	0xca3ce7	0xca3ace
steam	item_toolst-title	0xca39f0	0xca3ad8	jne	0xca3af4	0xca3ada
steam	item_toolst-title	0xca39f0	0xca3aef	jmp	0xca3ce7	0xca3af4
steam	item_toolst-title	0xca39f0	0xca3afe	jne	0xca3b1a	0xca3b00
steam	item_toolst-title	0xca39f0	0xca3b15	jmp	0xca3ce7	0xca3b1a
steam	item_toolst-title	0xca39f0	0xca3b24	jne	0xca3b40	0xca3b26
steam	item_toolst-title	0xca39f0	0xca3b3b	jmp	0xca3ce7	0xca3b40
steam	item_toolst-title	0xca39f0	0xca3b4a	jne	0xca3b66	0xca3b4c
steam	item_toolst-title	0xca39f0	0xca3b61	jmp	0xca3ce7	0xca3b66
steam	item_toolst-title	0xca39f0	0xca3b70	jne	0xca3b8c	0xca3b72
steam	item_toolst-title	0xca39f0	0xca3b87	jmp	0xca3ce7	0xca3b8c
steam	item_toolst-title	0xca39f0	0xca3b96	jne	0xca3bb2	0xca3b98
steam	item_toolst-title	0xca39f0	0xca3bad	jmp	0xca3ce7	0xca3bb2
steam	item_toolst-title	0xca39f0	0xca3bbc	jne	0xca3bd8	0xca3bbe
steam	item_toolst-title	0xca39f0	0xca3bd3	jmp	0xca3ce7	0xca3bd8
steam	item_toolst-title	0xca39f0	0xca3be2	jne	0xca3bfe	0xca3be4
steam	item_toolst-title	0xca39f0	0xca3bf9	jmp	0xca3ce7	0xca3bfe
steam	item_toolst-title	0xca39f0	0xca3c08	jne	0xca3c24	0xca3c0a
steam	item_toolst-title	0xca39f0	0xca3c1f	jmp	0xca3ce7	0xca3c24
steam	item_toolst-title	0xca39f0	0xca3c33	jae	0xca3c57	0xca3c35
steam	item_toolst-title	0xca39f0	0xca3c41	je	0xca3c49	0xca3c43
steam	item_toolst-title	0xca39f0	0xca3c47	jmp	0xca3c30	0xca3c49
steam	item_toolst-title	0xca39f0	0xca3c55	jmp	0xca3c5a	0xca3c57
steam	item_toolst-title	0xca39f0	0xca3c65	jae	0xca3c86	0xca3c67
steam	item_toolst-title	0xca39f0	0xca3c73	je	0xca3c7b	0xca3c75
steam	item_toolst-title	0xca39f0	0xca3c79	jmp	0xca3c62	0xca3c7b
steam	item_toolst-title	0xca39f0	0xca3c84	jmp	0xca3c89	0xca3c86
steam	item_toolst-title	0xca39f0	0xca3cb3	jne	0xca3cb8	0xca3cb5
steam	item_toolst-title	0xca39f0	0xca3cca	cmova	rdx,QWORD PTR [rbp-0x49]	0xca3ccf
steam	item_toolst-title	0xca39f0	0xca3d10	jbe	0xca3d15	0xca3d12
steam	item_toolst-title	0xca39f0	0xca3d2a	je	0xca4397	0xca3d30
steam	item_toolst-title	0xca39f0	0xca3d5e	ja	0xca3ec6	0xca3d64
steam	item_toolst-title	0xca39f0	0xca3d7c	je	0xca3ec6	0xca3d82
steam	item_toolst-title	0xca39f0	0xca3d85	je	0xca3ec6	0xca3d8b
steam	item_toolst-title	0xca39f0	0xca3d92	js	0xca3ec6	0xca3d98
steam	item_toolst-title	0xca39f0	0xca3db3	je	0xca3dce	0xca3db5
steam	item_toolst-title	0xca39f0	0xca3db8	cmovle	edx,eax	0xca3dbb
steam	item_toolst-title	0xca39f0	0xca3dbe	cmovle	eax,r8d	0xca3dc2
steam	item_toolst-title	0xca39f0	0xca3dc7	jle	0xca3da0	0xca3dc9
steam	item_toolst-title	0xca39f0	0xca3dc9	jmp	0xca3ec6	0xca3dce
steam	item_toolst-title	0xca39f0	0xca3dd1	je	0xca3ec6	0xca3dd7
steam	item_toolst-title	0xca39f0	0xca3dde	je	0xca3ec6	0xca3de4
steam	item_toolst-title	0xca39f0	0xca3e01	je	0xca3e2f	0xca3e03
steam	item_toolst-title	0xca39f0	0xca3e0a	je	0xca3e2f	0xca3e0c
steam	item_toolst-title	0xca39f0	0xca3e12	je	0xca3e2f	0xca3e14
steam	item_toolst-title	0xca39f0	0xca3e23	je	0xca3e2f	0xca3e25
steam	item_toolst-title	0xca39f0	0xca3e2d	jmp	0xca3e33	0xca3e2f
steam	item_toolst-title	0xca39f0	0xca3e36	je	0xca3e58	0xca3e38
steam	item_toolst-title	0xca39f0	0xca3e3c	je	0xca3e58	0xca3e3e
steam	item_toolst-title	0xca39f0	0xca3e60	cmova	rdx,QWORD PTR [rbp-0x29]	0xca3e65
steam	item_toolst-title	0xca39f0	0xca3e90	jbe	0xca3ec6	0xca3e92
steam	item_toolst-title	0xca39f0	0xca3ea3	jb	0xca3ec1	0xca3ea5
steam	item_toolst-title	0xca39f0	0xca3eb8	jbe	0xca3ec1	0xca3eba
steam	item_toolst-title	0xca39f0	0xca3edf	je	0xca3f36	0xca3ee1
steam	item_toolst-title	0xca39f0	0xca3ee9	je	0xca3f1f	0xca3eeb
steam	item_toolst-title	0xca39f0	0xca3efb	jbe	0xca3f00	0xca3efd
steam	item_toolst-title	0xca39f0	0xca3f2f	jbe	0xca3f43	0xca3f31
steam	item_toolst-title	0xca39f0	0xca3f34	jmp	0xca3f43	0xca3f36
steam	item_toolst-title	0xca39f0	0xca3f6a	cmova	rdx,QWORD PTR [rbp-0x49]	0xca3f6f
steam	item_toolst-title	0xca39f0	0xca3f8a	je	0xca3fc5	0xca3f8c
steam	item_toolst-title	0xca39f0	0xca3fb8	jbe	0xca3fbd	0xca3fba
steam	item_toolst-title	0xca39f0	0xca3fe4	jmp	0xca4397	0xca3fe9
steam	item_toolst-title	0xca39f0	0xca3ff4	je	0xca4388	0xca3ffa
steam	item_toolst-title	0xca39f0	0xca4033	cmova	rdx,QWORD PTR [rbp-0x9]	0xca4038
steam	item_toolst-title	0xca39f0	0xca406c	jbe	0xca4071	0xca406e
steam	item_toolst-title	0xca39f0	0xca4086	je	0xca437d	0xca408c
steam	item_toolst-title	0xca39f0	0xca40ba	ja	0xca4227	0xca40c0
steam	item_toolst-title	0xca39f0	0xca40d8	je	0xca4227	0xca40de
steam	item_toolst-title	0xca39f0	0xca40e1	je	0xca4227	0xca40e7
steam	item_toolst-title	0xca39f0	0xca40ee	js	0xca4227	0xca40f4
steam	item_toolst-title	0xca39f0	0xca4113	je	0xca412f	0xca4115
steam	item_toolst-title	0xca39f0	0xca4118	cmovle	eax,r8d	0xca411c
steam	item_toolst-title	0xca39f0	0xca4122	cmovle	edx,eax	0xca4125
steam	item_toolst-title	0xca39f0	0xca4128	jle	0xca4100	0xca412a
steam	item_toolst-title	0xca39f0	0xca412a	jmp	0xca4227	0xca412f
steam	item_toolst-title	0xca39f0	0xca4132	je	0xca4227	0xca4138
steam	item_toolst-title	0xca39f0	0xca413f	je	0xca4227	0xca4145
steam	item_toolst-title	0xca39f0	0xca4162	je	0xca4190	0xca4164
steam	item_toolst-title	0xca39f0	0xca416b	je	0xca4190	0xca416d
steam	item_toolst-title	0xca39f0	0xca4173	je	0xca4190	0xca4175
steam	item_toolst-title	0xca39f0	0xca4184	je	0xca4190	0xca4186
steam	item_toolst-title	0xca39f0	0xca418e	jmp	0xca4194	0xca4190
steam	item_toolst-title	0xca39f0	0xca4197	je	0xca41b9	0xca4199
steam	item_toolst-title	0xca39f0	0xca419d	je	0xca41b9	0xca419f
steam	item_toolst-title	0xca39f0	0xca41c1	cmova	rdx,QWORD PTR [rbp-0x29]	0xca41c6
steam	item_toolst-title	0xca39f0	0xca41f1	jbe	0xca4227	0xca41f3
steam	item_toolst-title	0xca39f0	0xca4204	jb	0xca4222	0xca4206
steam	item_toolst-title	0xca39f0	0xca4219	jbe	0xca4222	0xca421b
steam	item_toolst-title	0xca39f0	0xca4240	je	0xca4297	0xca4242
steam	item_toolst-title	0xca39f0	0xca424a	je	0xca4280	0xca424c
steam	item_toolst-title	0xca39f0	0xca425c	jbe	0xca4261	0xca425e
steam	item_toolst-title	0xca39f0	0xca4290	jbe	0xca42a3	0xca4292
steam	item_toolst-title	0xca39f0	0xca4295	jmp	0xca42a3	0xca4297
steam	item_toolst-title	0xca39f0	0xca42cd	cmova	rdx,QWORD PTR [rbp-0x49]	0xca42d2
steam	item_toolst-title	0xca39f0	0xca42ed	je	0xca4328	0xca42ef
steam	item_toolst-title	0xca39f0	0xca431b	jbe	0xca4320	0xca431d
steam	item_toolst-title	0xca39f0	0xca4346	jbe	0xca437d	0xca4348
steam	item_toolst-title	0xca39f0	0xca4359	jb	0xca4377	0xca435b
steam	item_toolst-title	0xca39f0	0xca436e	jbe	0xca4377	0xca4370
steam	item_toolst-title	0xca39f0	0xca4386	jmp	0xca4397	0xca4388
steam	item_toolst-title	0xca39f0	0xca43a9	je	0xca43ea	0xca43ab
steam	item_toolst-title	0xca39f0	0xca43e3	jmp	0xca43ea	0xca43e5
steam	item_weaponst-title;item_instrumentst-title	0xca5bb0	0xca5bdb	jae	0xca5bff	0xca5bdd
steam	item_weaponst-title;item_instrumentst-title	0xca5bb0	0xca5be9	je	0xca5bf1	0xca5beb
steam	item_weaponst-title;item_instrumentst-title	0xca5bb0	0xca5bef	jmp	0xca5bd8	0xca5bf1
steam	item_weaponst-title;item_instrumentst-title	0xca5bb0	0xca5bfd	jmp	0xca5c01	0xca5bff
steam	item_weaponst-title;item_instrumentst-title	0xca5bb0	0xca5c11	jne	0xca5c64	0xca5c13
steam	item_weaponst-title;item_instrumentst-title	0xca5bb0	0xca5c5f	jmp	0xca5cf2	0xca5c64
steam	item_weaponst-title;item_instrumentst-title	0xca5bb0	0xca5c89	jne	0xca5cbb	0xca5c8b
steam	item_weaponst-title;item_instrumentst-title	0xca5bb0	0xca5cb9	jmp	0xca5cf2	0xca5cbb
steam	instrument-raw-writer	0xebe8a0	0xebe8f6	jg	0xebe917	0xebe8f8
steam	instrument-raw-writer	0xebe8a0	0xebe8ff	jg	0xebe917	0xebe901
steam	instrument-raw-writer	0xebe8a0	0xebe908	jg	0xebe917	0xebe90a
steam	instrument-raw-writer	0xebe8a0	0xebe911	jle	0xecc2c5	0xebe917
steam	instrument-raw-writer	0xebe8a0	0xebe91a	je	0xecc2c5	0xebe920
steam	instrument-raw-writer	0xebe8a0	0xebe994	jle	0xec0aa6	0xebe99a
steam	instrument-raw-writer	0xebe8a0	0xebe9b2	je	0xebeb36	0xebe9b8
steam	instrument-raw-writer	0xebe8a0	0xebe9d8	jle	0xebeb36	0xebe9de
steam	instrument-raw-writer	0xebe8a0	0xebea46	je	0xebea9f	0xebea48
steam	instrument-raw-writer	0xebe8a0	0xebea6e	jne	0xebeb29	0xebea74
steam	instrument-raw-writer	0xebe8a0	0xebea9d	jne	0xebea50	0xebea9f
steam	instrument-raw-writer	0xebe8a0	0xebeadc	je	0xebeb42	0xebeade
steam	instrument-raw-writer	0xebe8a0	0xebeafa	jne	0xebeb29	0xebeafc
steam	instrument-raw-writer	0xebe8a0	0xebeb25	jne	0xebeae0	0xebeb27
steam	instrument-raw-writer	0xebe8a0	0xebeb27	jmp	0xebeb42	0xebeb29
steam	instrument-raw-writer	0xebe8a0	0xebeb2e	jl	0xebe9e1	0xebeb34
steam	instrument-raw-writer	0xebe8a0	0xebeb34	jmp	0xebeb42	0xebeb36
steam	instrument-raw-writer	0xebe8a0	0xebebf0	je	0xebed1f	0xebebf6
steam	instrument-raw-writer	0xebe8a0	0xebebf9	je	0xebed18	0xebebff
steam	instrument-raw-writer	0xebe8a0	0xebec02	je	0xebeccc	0xebec08
steam	instrument-raw-writer	0xebe8a0	0xebec0b	je	0xebec65	0xebec0d
steam	instrument-raw-writer	0xebe8a0	0xebec10	jne	0xebed79	0xebec16
steam	instrument-raw-writer	0xebe8a0	0xebec60	jmp	0xebed72	0xebec65
steam	instrument-raw-writer	0xebe8a0	0xebecc7	jmp	0xebed75	0xebeccc
steam	instrument-raw-writer	0xebe8a0	0xebed16	jmp	0xebed79	0xebed18
steam	instrument-raw-writer	0xebe8a0	0xebed1d	jmp	0xebed24	0xebed1f
steam	instrument-raw-writer	0xebe8a0	0xebed8a	cmovl	r14d,ecx	0xebed8e
steam	instrument-raw-writer	0xebe8a0	0xebed9a	cmovl	r12d,ecx	0xebed9e
steam	instrument-raw-writer	0xebe8a0	0xebedab	cmovl	r13d,ecx	0xebedaf
steam	instrument-raw-writer	0xebe8a0	0xebedbc	cmovl	eax,ecx	0xebedbf
steam	instrument-raw-writer	0xebe8a0	0xebee64	je	0xebeec4	0xebee66
steam	instrument-raw-writer	0xebe8a0	0xebeec8	je	0xebef23	0xebeeca
steam	instrument-raw-writer	0xebe8a0	0xebf187	je	0xebf1dd	0xebf189
steam	instrument-raw-writer	0xebe8a0	0xebf1e1	je	0xebf237	0xebf1e3
steam	instrument-raw-writer	0xebe8a0	0xebf29e	jne	0xebf2a4	0xebf2a0
steam	instrument-raw-writer	0xebe8a0	0xebf2a2	je	0xebf2be	0xebf2a4
steam	instrument-raw-writer	0xebe8a0	0xebf2aa	jl	0xebf2b5	0xebf2ac
steam	instrument-raw-writer	0xebe8a0	0xebf2b3	jmp	0xebf2de	0xebf2b5
steam	instrument-raw-writer	0xebe8a0	0xebf2b8	jne	0xebf2d7	0xebf2ba
steam	instrument-raw-writer	0xebe8a0	0xebf2bc	jne	0xebf2d7	0xebf2be
steam	instrument-raw-writer	0xebe8a0	0xebf2d1	cmove	rdx,rax	0xebf2d5
steam	instrument-raw-writer	0xebe8a0	0xebf2d5	jmp	0xebf2de	0xebf2d7
steam	instrument-raw-writer	0xebe8a0	0xebf313	jne	0xebf319	0xebf315
steam	instrument-raw-writer	0xebe8a0	0xebf317	je	0xebf333	0xebf319
steam	instrument-raw-writer	0xebe8a0	0xebf31f	jl	0xebf32a	0xebf321
steam	instrument-raw-writer	0xebe8a0	0xebf328	jmp	0xebf353	0xebf32a
steam	instrument-raw-writer	0xebe8a0	0xebf32d	jne	0xebf34c	0xebf32f
steam	instrument-raw-writer	0xebe8a0	0xebf331	jne	0xebf34c	0xebf333
steam	instrument-raw-writer	0xebe8a0	0xebf346	cmove	rdx,rax	0xebf34a
steam	instrument-raw-writer	0xebe8a0	0xebf34a	jmp	0xebf353	0xebf34c
steam	instrument-raw-writer	0xebe8a0	0xebf46c	jne	0xebf472	0xebf46e
steam	instrument-raw-writer	0xebe8a0	0xebf470	je	0xebf48c	0xebf472
steam	instrument-raw-writer	0xebe8a0	0xebf478	jl	0xebf483	0xebf47a
steam	instrument-raw-writer	0xebe8a0	0xebf481	jmp	0xebf4b0	0xebf483
steam	instrument-raw-writer	0xebe8a0	0xebf486	jne	0xebf4a9	0xebf488
steam	instrument-raw-writer	0xebe8a0	0xebf48a	jne	0xebf4a9	0xebf48c
steam	instrument-raw-writer	0xebe8a0	0xebf4a3	cmove	rdx,rax	0xebf4a7
steam	instrument-raw-writer	0xebe8a0	0xebf4a7	jmp	0xebf4b6	0xebf4a9
steam	instrument-raw-writer	0xebe8a0	0xebf4fd	jne	0xebf89c	0xebf503
steam	instrument-raw-writer	0xebe8a0	0xebf59d	je	0xebf5f3	0xebf59f
steam	instrument-raw-writer	0xebe8a0	0xebf5f7	je	0xebf64d	0xebf5f9
steam	instrument-raw-writer	0xebe8a0	0xebf6b2	je	0xebf6bd	0xebf6b4
steam	instrument-raw-writer	0xebe8a0	0xebf6bb	jmp	0xebf6d2	0xebf6bd
steam	instrument-raw-writer	0xebe8a0	0xebf6ce	cmove	rdx,rax	0xebf6d2
steam	instrument-raw-writer	0xebe8a0	0xebf706	je	0xebf711	0xebf708
steam	instrument-raw-writer	0xebe8a0	0xebf70f	jmp	0xebf726	0xebf711
steam	instrument-raw-writer	0xebe8a0	0xebf722	cmove	rdx,rax	0xebf726
steam	instrument-raw-writer	0xebe8a0	0xebf777	je	0xebf780	0xebf779
steam	instrument-raw-writer	0xebe8a0	0xebf77e	jmp	0xebf785	0xebf780
steam	instrument-raw-writer	0xebe8a0	0xebf84a	je	0xebf855	0xebf84c
steam	instrument-raw-writer	0xebe8a0	0xebf853	jmp	0xebf86a	0xebf855
steam	instrument-raw-writer	0xebe8a0	0xebf866	cmove	rdx,rax	0xebf86a
steam	instrument-raw-writer	0xebe8a0	0xebf89a	jmp	0xebf8a1	0xebf89c
steam	instrument-raw-writer	0xebe8a0	0xebf8bd	jne	0xebfc17	0xebf8c3
steam	instrument-raw-writer	0xebe8a0	0xebf8c6	jne	0xebfc17	0xebf8cc
steam	instrument-raw-writer	0xebe8a0	0xebf966	je	0xebf9bc	0xebf968
steam	instrument-raw-writer	0xebe8a0	0xebf9c0	je	0xebfa16	0xebf9c2
steam	instrument-raw-writer	0xebe8a0	0xebfa80	cmove	rbx,rax	0xebfa84
steam	instrument-raw-writer	0xebe8a0	0xebfb0e	je	0xebfb17	0xebfb10
steam	instrument-raw-writer	0xebe8a0	0xebfb15	jmp	0xebfb1c	0xebfb17
steam	instrument-raw-writer	0xebe8a0	0xebfbf1	jne	0xebfbfa	0xebfbf3
steam	instrument-raw-writer	0xebe8a0	0xebfc15	jmp	0xebfc1c	0xebfc17
steam	instrument-raw-writer	0xebe8a0	0xebfc7b	je	0xebfcd1	0xebfc7d
steam	instrument-raw-writer	0xebe8a0	0xebfcd5	je	0xebfd2b	0xebfcd7
steam	instrument-raw-writer	0xebe8a0	0xebfdf7	jl	0xebfe0a	0xebfdf9
steam	instrument-raw-writer	0xebe8a0	0xebfecc	jne	0xebfed3	0xebfece
steam	instrument-raw-writer	0xebe8a0	0xebfed1	je	0xebfeee	0xebfed3
steam	instrument-raw-writer	0xebe8a0	0xebfed9	jl	0xebfee4	0xebfedb
steam	instrument-raw-writer	0xebe8a0	0xebfee2	jmp	0xebff4b	0xebfee4
steam	instrument-raw-writer	0xebe8a0	0xebfee7	jne	0xebff44	0xebfee9
steam	instrument-raw-writer	0xebe8a0	0xebfeec	jne	0xebff44	0xebfeee
steam	instrument-raw-writer	0xebe8a0	0xebfef8	je	0xebff12	0xebfefa
steam	instrument-raw-writer	0xebe8a0	0xebff0d	jmp	0xebfff0	0xebff12
steam	instrument-raw-writer	0xebe8a0	0xebff42	jmp	0xebff84	0xebff44
steam	instrument-raw-writer	0xebe8a0	0xebff7e	jne	0xec000d	0xebff84
steam	instrument-raw-writer	0xebe8a0	0xebffbf	je	0xebffca	0xebffc1
steam	instrument-raw-writer	0xebe8a0	0xebffc8	jmp	0xebffdd	0xebffca
steam	instrument-raw-writer	0xebe8a0	0xebffd4	jne	0xebffdd	0xebffd6
steam	instrument-raw-writer	0xebe8a0	0xec000f	jne	0xec0096	0xec0015
steam	instrument-raw-writer	0xebe8a0	0xec0018	jne	0xec0096	0xec001a
steam	instrument-raw-writer	0xebe8a0	0xec0064	jne	0xec006d	0xec0066
steam	instrument-raw-writer	0xebe8a0	0xec00d3	cmovg	ebx,eax	0xec00d6
steam	instrument-raw-writer	0xebe8a0	0xec0154	je	0xec0195	0xec0156
steam	instrument-raw-writer	0xebe8a0	0xec0167	je	0xec0180	0xec0169
steam	instrument-raw-writer	0xebe8a0	0xec017b	jmp	0xec02a2	0xec0180
steam	instrument-raw-writer	0xebe8a0	0xec0190	jmp	0xec02a2	0xec0195
steam	instrument-raw-writer	0xebe8a0	0xec0199	je	0xec01b1	0xec019b
steam	instrument-raw-writer	0xebe8a0	0xec01ac	jmp	0xec02a2	0xec01b1
steam	instrument-raw-writer	0xebe8a0	0xec01b5	je	0xec01cd	0xec01b7
steam	instrument-raw-writer	0xebe8a0	0xec01c8	jmp	0xec02a0	0xec01cd
steam	instrument-raw-writer	0xebe8a0	0xec01d0	je	0xec022c	0xec01d2
steam	instrument-raw-writer	0xebe8a0	0xec01e0	je	0xec01f9	0xec01e2
steam	instrument-raw-writer	0xebe8a0	0xec0202	je	0xec021b	0xec0204
steam	instrument-raw-writer	0xebe8a0	0xec0224	jne	0xec028c	0xec0226
steam	instrument-raw-writer	0xebe8a0	0xec0228	je	0xec01d7	0xec022a
steam	instrument-raw-writer	0xebe8a0	0xec022a	jmp	0xec02a0	0xec022c
steam	instrument-raw-writer	0xebe8a0	0xec0230	je	0xec02a2	0xec0232
steam	instrument-raw-writer	0xebe8a0	0xec0240	je	0xec0259	0xec0242
steam	instrument-raw-writer	0xebe8a0	0xec0262	je	0xec027b	0xec0264
steam	instrument-raw-writer	0xebe8a0	0xec0284	jne	0xec028c	0xec0286
steam	instrument-raw-writer	0xebe8a0	0xec0288	je	0xec0237	0xec028a
steam	instrument-raw-writer	0xebe8a0	0xec028a	jmp	0xec02a0	0xec028c
steam	instrument-raw-writer	0xebe8a0	0xec0330	jl	0xec035b	0xec0332
steam	instrument-raw-writer	0xebe8a0	0xec033e	jne	0xec035b	0xec0340
steam	instrument-raw-writer	0xebe8a0	0xec0345	jne	0xec035b	0xec0347
steam	instrument-raw-writer	0xebe8a0	0xec036d	jne	0xec037b	0xec036f
steam	instrument-raw-writer	0xebe8a0	0xec0374	jne	0xec037b	0xec0376
steam	instrument-raw-writer	0xebe8a0	0xec0379	jmp	0xec037e	0xec037b
steam	instrument-raw-writer	0xebe8a0	0xec0413	jl	0xec041e	0xec0415
steam	instrument-raw-writer	0xebe8a0	0xec041c	jmp	0xec0467	0xec041e
steam	instrument-raw-writer	0xebe8a0	0xec0424	jl	0xec042f	0xec0426
steam	instrument-raw-writer	0xebe8a0	0xec042d	jmp	0xec0467	0xec042f
steam	instrument-raw-writer	0xebe8a0	0xec0435	jl	0xec0440	0xec0437
steam	instrument-raw-writer	0xebe8a0	0xec043e	jmp	0xec0467	0xec0440
steam	instrument-raw-writer	0xebe8a0	0xec0446	jl	0xec0451	0xec0448
steam	instrument-raw-writer	0xebe8a0	0xec044f	jmp	0xec0467	0xec0451
steam	instrument-raw-writer	0xebe8a0	0xec045e	jge	0xec0467	0xec0460
steam	instrument-raw-writer	0xebe8a0	0xec04b0	jne	0xec04bd	0xec04b2
steam	instrument-raw-writer	0xebe8a0	0xec04b7	je	0xec0675	0xec04bd
steam	instrument-raw-writer	0xebe8a0	0xec04f0	jne	0xec04f9	0xec04f2
steam	instrument-raw-writer	0xebe8a0	0xec05ae	je	0xec05c3	0xec05b0
steam	instrument-raw-writer	0xebe8a0	0xec05d9	je	0xec0615	0xec05db
steam	instrument-raw-writer	0xebe8a0	0xec05e5	je	0xec05fe	0xec05e7
steam	instrument-raw-writer	0xebe8a0	0xec05ea	je	0xec05f5	0xec05ec
steam	instrument-raw-writer	0xebe8a0	0xec05f3	jmp	0xec064b	0xec05f5
steam	instrument-raw-writer	0xebe8a0	0xec05fc	jmp	0xec064b	0xec05fe
steam	instrument-raw-writer	0xebe8a0	0xec0601	je	0xec060c	0xec0603
steam	instrument-raw-writer	0xebe8a0	0xec060a	jmp	0xec064b	0xec060c
steam	instrument-raw-writer	0xebe8a0	0xec0613	jmp	0xec064b	0xec0615
steam	instrument-raw-writer	0xebe8a0	0xec0618	je	0xec0638	0xec061a
steam	instrument-raw-writer	0xebe8a0	0xec0624	je	0xec062f	0xec0626
steam	instrument-raw-writer	0xebe8a0	0xec062d	jmp	0xec064b	0xec062f
steam	instrument-raw-writer	0xebe8a0	0xec0636	jmp	0xec064b	0xec0638
steam	instrument-raw-writer	0xebe8a0	0xec063b	je	0xec0650	0xec063d
steam	instrument-raw-writer	0xebe8a0	0xec0673	jmp	0xec0679	0xec0675
steam	instrument-raw-writer	0xebe8a0	0xec067e	je	0xec0700	0xec0684
steam	instrument-raw-writer	0xebe8a0	0xec0705	je	0xec0840	0xec070b
steam	instrument-raw-writer	0xebe8a0	0xec07bf	je	0xec07d4	0xec07c1
steam	instrument-raw-writer	0xebe8a0	0xec07fa	jne	0xec0803	0xec07fc
steam	instrument-raw-writer	0xebe8a0	0xec081c	je	0xec0832	0xec081e
steam	instrument-raw-writer	0xebe8a0	0xec083e	jmp	0xec0845	0xec0840
steam	instrument-raw-writer	0xebe8a0	0xec084a	je	0xec0946	0xec0850
steam	instrument-raw-writer	0xebe8a0	0xec08ff	je	0xec0914	0xec0901
steam	instrument-raw-writer	0xebe8a0	0xec0978	jne	0xec09c0	0xec097a
steam	instrument-raw-writer	0xebe8a0	0xec09be	je	0xec0980	0xec09c0
steam	instrument-raw-writer	0xebe8a0	0xec0a9d	jl	0xebe9a2	0xec0aa3
steam	instrument-raw-writer	0xebe8a0	0xec0ab3	jle	0xec4a27	0xec0ab9
steam	instrument-raw-writer	0xebe8a0	0xec0ad1	je	0xec0c4b	0xec0ad7
steam	instrument-raw-writer	0xebe8a0	0xec0af7	jle	0xec0c4b	0xec0afd
steam	instrument-raw-writer	0xebe8a0	0xec0b65	je	0xec0bb6	0xec0b67
steam	instrument-raw-writer	0xebe8a0	0xec0b85	jne	0xec0c3e	0xec0b8b
steam	instrument-raw-writer	0xebe8a0	0xec0bb4	jne	0xec0b67	0xec0bb6
steam	instrument-raw-writer	0xebe8a0	0xec0bf3	je	0xec0c57	0xec0bf5
steam	instrument-raw-writer	0xebe8a0	0xec0c0f	jne	0xec0c3e	0xec0c11
steam	instrument-raw-writer	0xebe8a0	0xec0c3a	jne	0xec0bf5	0xec0c3c
steam	instrument-raw-writer	0xebe8a0	0xec0c3c	jmp	0xec0c57	0xec0c3e
steam	instrument-raw-writer	0xebe8a0	0xec0c43	jl	0xec0b00	0xec0c49
steam	instrument-raw-writer	0xebe8a0	0xec0c49	jmp	0xec0c57	0xec0c4b
steam	instrument-raw-writer	0xebe8a0	0xec0d63	je	0xec26f5	0xec0d69
steam	instrument-raw-writer	0xebe8a0	0xec0d6c	je	0xec1fa3	0xec0d72
steam	instrument-raw-writer	0xebe8a0	0xec0d75	je	0xec1b22	0xec0d7b
steam	instrument-raw-writer	0xebe8a0	0xec0d7e	jne	0xec14e0	0xec0d84
steam	instrument-raw-writer	0xebe8a0	0xec0def	je	0xec0e01	0xec0df1
steam	instrument-raw-writer	0xebe8a0	0xec0dff	jmp	0xec0e0f	0xec0e01
steam	instrument-raw-writer	0xebe8a0	0xec0e16	jge	0xec0e26	0xec0e18
steam	instrument-raw-writer	0xebe8a0	0xec0e1c	jle	0xec0e3c	0xec0e1e
steam	instrument-raw-writer	0xebe8a0	0xec0e24	jmp	0xec0e3c	0xec0e26
steam	instrument-raw-writer	0xebe8a0	0xec0e2d	jge	0xec0e3c	0xec0e2f
steam	instrument-raw-writer	0xebe8a0	0xec0e38	cmovg	r15d,eax	0xec0e3c
steam	instrument-raw-writer	0xebe8a0	0xec0eb8	cmovl	edi,eax	0xec0ebb
steam	instrument-raw-writer	0xebe8a0	0xec0ec7	cmovl	r14d,eax	0xec0ecb
steam	instrument-raw-writer	0xebe8a0	0xec0f2f	je	0xec0f8f	0xec0f31
steam	instrument-raw-writer	0xebe8a0	0xec0f93	je	0xec0fee	0xec0f95
steam	instrument-raw-writer	0xebe8a0	0xec1224	je	0xec127a	0xec1226
steam	instrument-raw-writer	0xebe8a0	0xec127e	je	0xec12d4	0xec1280
steam	instrument-raw-writer	0xebe8a0	0xec14b3	je	0xec14cc	0xec14b5
steam	instrument-raw-writer	0xebe8a0	0xec14b8	jne	0xec14d1	0xec14ba
steam	instrument-raw-writer	0xebe8a0	0xec14ca	jmp	0xec14e0	0xec14cc
steam	instrument-raw-writer	0xebe8a0	0xec14f1	cmovl	ebx,eax	0xec14f4
steam	instrument-raw-writer	0xebe8a0	0xec1596	je	0xec15f6	0xec1598
steam	instrument-raw-writer	0xebe8a0	0xec15fa	je	0xec1655	0xec15fc
steam	instrument-raw-writer	0xebe8a0	0xec16d3	jge	0xec16dc	0xec16d5
steam	instrument-raw-writer	0xebe8a0	0xec1849	jge	0xec1852	0xec184b
steam	instrument-raw-writer	0xebe8a0	0xec189e	jne	0xec18ac	0xec18a0
steam	instrument-raw-writer	0xebe8a0	0xec18a3	jne	0xec18ac	0xec18a5
steam	instrument-raw-writer	0xebe8a0	0xec18aa	je	0xec18e2	0xec18ac
steam	instrument-raw-writer	0xebe8a0	0xec18e8	je	0xec1920	0xec18ea
steam	instrument-raw-writer	0xebe8a0	0xec1936	jne	0xec312b	0xec193c
steam	instrument-raw-writer	0xebe8a0	0xec1949	cmove	ebx,eax	0xec194c
steam	instrument-raw-writer	0xebe8a0	0xec19b0	je	0xec1a10	0xec19b2
steam	instrument-raw-writer	0xebe8a0	0xec1a14	je	0xec1a6f	0xec1a16
steam	instrument-raw-writer	0xebe8a0	0xec1ad2	je	0xec2eef	0xec1ad8
steam	instrument-raw-writer	0xebe8a0	0xec1b1d	jmp	0xec2fa8	0xec1b22
steam	instrument-raw-writer	0xebe8a0	0xec1b84	je	0xec1bb4	0xec1b86
steam	instrument-raw-writer	0xebe8a0	0xec1b92	je	0xec1ba4	0xec1b94
steam	instrument-raw-writer	0xebe8a0	0xec1ba2	jmp	0xec1bc6	0xec1ba4
steam	instrument-raw-writer	0xebe8a0	0xec1bb2	jmp	0xec1bc6	0xec1bb4
steam	instrument-raw-writer	0xebe8a0	0xec1bc2	cmovne	r15d,ebx	0xec1bc6
steam	instrument-raw-writer	0xebe8a0	0xec1bcd	jge	0xec1bdd	0xec1bcf
steam	instrument-raw-writer	0xebe8a0	0xec1bd3	jle	0xec1bf3	0xec1bd5
steam	instrument-raw-writer	0xebe8a0	0xec1bdb	jmp	0xec1bf3	0xec1bdd
steam	instrument-raw-writer	0xebe8a0	0xec1be4	jge	0xec1bf3	0xec1be6
steam	instrument-raw-writer	0xebe8a0	0xec1bef	cmovg	r15d,eax	0xec1bf3
steam	instrument-raw-writer	0xebe8a0	0xec1c39	cmovl	ebx,ecx	0xec1c3c
steam	instrument-raw-writer	0xebe8a0	0xec1ca0	je	0xec1d00	0xec1ca2
steam	instrument-raw-writer	0xebe8a0	0xec1d04	je	0xec1d5f	0xec1d06
steam	instrument-raw-writer	0xebe8a0	0xec1f24	jl	0xec1f39	0xec1f26
steam	instrument-raw-writer	0xebe8a0	0xec1f69	je	0xec1f94	0xec1f6b
steam	instrument-raw-writer	0xebe8a0	0xec1f6e	je	0xec1f87	0xec1f70
steam	instrument-raw-writer	0xebe8a0	0xec1f78	jne	0xec14e0	0xec1f7e
steam	instrument-raw-writer	0xebe8a0	0xec1f82	jmp	0xec14e0	0xec1f87
steam	instrument-raw-writer	0xebe8a0	0xec1f8f	jmp	0xec14e0	0xec1f94
steam	instrument-raw-writer	0xebe8a0	0xec1f9e	jmp	0xec14e0	0xec1fa3
steam	instrument-raw-writer	0xebe8a0	0xec201e	je	0xec2030	0xec2020
steam	instrument-raw-writer	0xebe8a0	0xec202e	jmp	0xec203e	0xec2030
steam	instrument-raw-writer	0xebe8a0	0xec2045	jge	0xec2055	0xec2047
steam	instrument-raw-writer	0xebe8a0	0xec204b	jle	0xec206b	0xec204d
steam	instrument-raw-writer	0xebe8a0	0xec2053	jmp	0xec206b	0xec2055
steam	instrument-raw-writer	0xebe8a0	0xec205c	jge	0xec206b	0xec205e
steam	instrument-raw-writer	0xebe8a0	0xec2067	cmovg	r15d,eax	0xec206b
steam	instrument-raw-writer	0xebe8a0	0xec20e7	cmovl	edi,eax	0xec20ea
steam	instrument-raw-writer	0xebe8a0	0xec20f6	cmovl	r14d,eax	0xec20fa
steam	instrument-raw-writer	0xebe8a0	0xec215e	je	0xec21be	0xec2160
steam	instrument-raw-writer	0xebe8a0	0xec21c2	je	0xec221d	0xec21c4
steam	instrument-raw-writer	0xebe8a0	0xec2453	je	0xec24a9	0xec2455
steam	instrument-raw-writer	0xebe8a0	0xec24ad	je	0xec2503	0xec24af
steam	instrument-raw-writer	0xebe8a0	0xec26e2	setne	dil	0xec26e6
steam	instrument-raw-writer	0xebe8a0	0xec26f0	jmp	0xec14da	0xec26f5
steam	instrument-raw-writer	0xebe8a0	0xec2764	je	0xec2794	0xec2766
steam	instrument-raw-writer	0xebe8a0	0xec2772	jne	0xec2784	0xec2774
steam	instrument-raw-writer	0xebe8a0	0xec2782	jmp	0xec27a6	0xec2784
steam	instrument-raw-writer	0xebe8a0	0xec2792	jmp	0xec27a6	0xec2794
steam	instrument-raw-writer	0xebe8a0	0xec27a2	cmovne	r15d,ebx	0xec27a6
steam	instrument-raw-writer	0xebe8a0	0xec27ad	jge	0xec27bd	0xec27af
steam	instrument-raw-writer	0xebe8a0	0xec27b3	jle	0xec27d3	0xec27b5
steam	instrument-raw-writer	0xebe8a0	0xec27bb	jmp	0xec27d3	0xec27bd
steam	instrument-raw-writer	0xebe8a0	0xec27c4	jge	0xec27d3	0xec27c6
steam	instrument-raw-writer	0xebe8a0	0xec27cf	cmovg	r15d,eax	0xec27d3
steam	instrument-raw-writer	0xebe8a0	0xec284f	cmovl	ebx,eax	0xec2852
steam	instrument-raw-writer	0xebe8a0	0xec285e	cmovl	esi,eax	0xec2861
steam	instrument-raw-writer	0xebe8a0	0xec28c5	je	0xec2925	0xec28c7
steam	instrument-raw-writer	0xebe8a0	0xec2929	je	0xec2984	0xec292b
steam	instrument-raw-writer	0xebe8a0	0xec2b57	jge	0xec2b60	0xec2b59
steam	instrument-raw-writer	0xebe8a0	0xec2bed	je	0xec2c43	0xec2bef
steam	instrument-raw-writer	0xebe8a0	0xec2c47	je	0xec2c9d	0xec2c49
steam	instrument-raw-writer	0xebe8a0	0xec2e63	jl	0xec2e78	0xec2e65
steam	instrument-raw-writer	0xebe8a0	0xec2ea8	je	0xec2eb8	0xec2eaa
steam	instrument-raw-writer	0xebe8a0	0xec2ead	jne	0xec2ebd	0xec2eaf
steam	instrument-raw-writer	0xebe8a0	0xec2eb6	jmp	0xec2ec2	0xec2eb8
steam	instrument-raw-writer	0xebe8a0	0xec2eda	cmove	ecx,eax	0xec2edd
steam	instrument-raw-writer	0xebe8a0	0xec2eea	jmp	0xec14e0	0xec2eef
steam	instrument-raw-writer	0xebe8a0	0xec2ef2	je	0xec2f3b	0xec2ef4
steam	instrument-raw-writer	0xebe8a0	0xec2f39	jmp	0xec2fa8	0xec2f3b
steam	instrument-raw-writer	0xebe8a0	0xec2f40	je	0xec2f89	0xec2f42
steam	instrument-raw-writer	0xebe8a0	0xec2f87	jmp	0xec2fa8	0xec2f89
steam	instrument-raw-writer	0xebe8a0	0xec30b7	je	0xec30c2	0xec30b9
steam	instrument-raw-writer	0xebe8a0	0xec30c0	jmp	0xec30de	0xec30c2
steam	instrument-raw-writer	0xebe8a0	0xec30c5	je	0xec30d0	0xec30c7
steam	instrument-raw-writer	0xebe8a0	0xec30ce	jmp	0xec30de	0xec30d0
steam	instrument-raw-writer	0xebe8a0	0xec30d5	je	0xec30ea	0xec30d7
steam	instrument-raw-writer	0xebe8a0	0xec30ee	jl	0xec3103	0xec30f0
steam	instrument-raw-writer	0xebe8a0	0xec312d	je	0xec342e	0xec3133
steam	instrument-raw-writer	0xebe8a0	0xec3197	je	0xec31f7	0xec3199
steam	instrument-raw-writer	0xebe8a0	0xec31fb	je	0xec3256	0xec31fd
steam	instrument-raw-writer	0xebe8a0	0xec3492	je	0xec34f2	0xec3494
steam	instrument-raw-writer	0xebe8a0	0xec34f6	je	0xec3551	0xec34f8
steam	instrument-raw-writer	0xebe8a0	0xec361f	jl	0xec3632	0xec3621
steam	instrument-raw-writer	0xebe8a0	0xec3637	je	0xec372e	0xec363d
steam	instrument-raw-writer	0xebe8a0	0xec3731	je	0xec3828	0xec3737
steam	instrument-raw-writer	0xebe8a0	0xec382d	je	0xec38b4	0xec3833
steam	instrument-raw-writer	0xebe8a0	0xec38b7	je	0xec39ae	0xec38bd
steam	instrument-raw-writer	0xebe8a0	0xec39f9	jge	0xec3a02	0xec39fb
steam	instrument-raw-writer	0xebe8a0	0xec3a26	jne	0xec3aac	0xec3a2c
steam	instrument-raw-writer	0xebe8a0	0xec3a68	je	0xec3a73	0xec3a6a
steam	instrument-raw-writer	0xebe8a0	0xec3a71	jmp	0xec3a8f	0xec3a73
steam	instrument-raw-writer	0xebe8a0	0xec3a76	je	0xec3a81	0xec3a78
steam	instrument-raw-writer	0xebe8a0	0xec3a7f	jmp	0xec3a8f	0xec3a81
steam	instrument-raw-writer	0xebe8a0	0xec3a86	je	0xec3a9b	0xec3a88
steam	instrument-raw-writer	0xebe8a0	0xec3aae	je	0xec3b20	0xec3ab0
steam	instrument-raw-writer	0xebe8a0	0xec3b8c	je	0xec3b9f	0xec3b8e
steam	instrument-raw-writer	0xebe8a0	0xec3ba2	je	0xec3bb5	0xec3ba4
steam	instrument-raw-writer	0xebe8a0	0xec3bbc	je	0xec3bd4	0xec3bbe
steam	instrument-raw-writer	0xebe8a0	0xec3bd7	jne	0xec3bf3	0xec3bd9
steam	instrument-raw-writer	0xebe8a0	0xec3bdc	jne	0xec3bf3	0xec3bde
steam	instrument-raw-writer	0xebe8a0	0xec3be0	jne	0xec3bf3	0xec3be2
steam	instrument-raw-writer	0xebe8a0	0xec3bf5	je	0xec3c08	0xec3bf7
steam	instrument-raw-writer	0xebe8a0	0xec3c14	jl	0xec3cd0	0xec3c1a
steam	instrument-raw-writer	0xebe8a0	0xec3c3d	sete	dil	0xec3c41
steam	instrument-raw-writer	0xebe8a0	0xec3c4d	sete	r8b	0xec3c51
steam	instrument-raw-writer	0xebe8a0	0xec3c5b	jne	0xec3c66	0xec3c5d
steam	instrument-raw-writer	0xebe8a0	0xec3c5f	jne	0xec3c66	0xec3c61
steam	instrument-raw-writer	0xebe8a0	0xec3c64	jle	0xec3cd0	0xec3c66
steam	instrument-raw-writer	0xebe8a0	0xec3c68	je	0xec3cb3	0xec3c6a
steam	instrument-raw-writer	0xebe8a0	0xec3c6c	je	0xec3c9a	0xec3c6e
steam	instrument-raw-writer	0xebe8a0	0xec3c98	jmp	0xec3cf0	0xec3c9a
steam	instrument-raw-writer	0xebe8a0	0xec3cb1	jmp	0xec3cf0	0xec3cb3
steam	instrument-raw-writer	0xebe8a0	0xec3cb5	je	0xec3cd0	0xec3cb7
steam	instrument-raw-writer	0xebe8a0	0xec3cce	jmp	0xec3cf0	0xec3cd0
steam	instrument-raw-writer	0xebe8a0	0xec3cee	jle	0xec3d03	0xec3cf0
steam	instrument-raw-writer	0xebe8a0	0xec3d0d	je	0xec3d45	0xec3d0f
steam	instrument-raw-writer	0xebe8a0	0xec3d1d	je	0xec3d32	0xec3d1f
steam	instrument-raw-writer	0xebe8a0	0xec3d30	jmp	0xec3d43	0xec3d32
steam	instrument-raw-writer	0xebe8a0	0xec3d4a	je	0xec3d74	0xec3d4c
steam	instrument-raw-writer	0xebe8a0	0xec3d55	jne	0xec3d5d	0xec3d57
steam	instrument-raw-writer	0xebe8a0	0xec3d5b	jne	0xec3d74	0xec3d5d
steam	instrument-raw-writer	0xebe8a0	0xec3d7e	jl	0xec3da5	0xec3d80
steam	instrument-raw-writer	0xebe8a0	0xec3d8c	jne	0xec3da5	0xec3d8e
steam	instrument-raw-writer	0xebe8a0	0xec3dd6	jl	0xec3de0	0xec3dd8
steam	instrument-raw-writer	0xebe8a0	0xec3dde	jmp	0xec3e08	0xec3de0
steam	instrument-raw-writer	0xebe8a0	0xec3de4	jl	0xec3dee	0xec3de6
steam	instrument-raw-writer	0xebe8a0	0xec3dec	jmp	0xec3e08	0xec3dee
steam	instrument-raw-writer	0xebe8a0	0xec3df2	jl	0xec3dfc	0xec3df4
steam	instrument-raw-writer	0xebe8a0	0xec3dfa	jmp	0xec3e08	0xec3dfc
steam	instrument-raw-writer	0xebe8a0	0xec3e00	jl	0xec3e08	0xec3e02
steam	instrument-raw-writer	0xebe8a0	0xec3e0c	cmovne	esi,ecx	0xec3e0f
steam	instrument-raw-writer	0xebe8a0	0xec3e87	je	0xec3eac	0xec3e89
steam	instrument-raw-writer	0xebe8a0	0xec3e95	je	0xec3eac	0xec3e97
steam	instrument-raw-writer	0xebe8a0	0xec3eaa	jmp	0xec3ec2	0xec3eac
steam	instrument-raw-writer	0xebe8a0	0xec3ece	jne	0xec3ee6	0xec3ed0
steam	instrument-raw-writer	0xebe8a0	0xec3f8c	jl	0xec3f97	0xec3f8e
steam	instrument-raw-writer	0xebe8a0	0xec3f95	jmp	0xec3fdc	0xec3f97
steam	instrument-raw-writer	0xebe8a0	0xec3f9c	jl	0xec3fa7	0xec3f9e
steam	instrument-raw-writer	0xebe8a0	0xec3fa5	jmp	0xec3fdc	0xec3fa7
steam	instrument-raw-writer	0xebe8a0	0xec3fac	jl	0xec3fb7	0xec3fae
steam	instrument-raw-writer	0xebe8a0	0xec3fb5	jmp	0xec3fdc	0xec3fb7
steam	instrument-raw-writer	0xebe8a0	0xec3fbc	jl	0xec3fc7	0xec3fbe
steam	instrument-raw-writer	0xebe8a0	0xec3fc5	jmp	0xec3fdc	0xec3fc7
steam	instrument-raw-writer	0xebe8a0	0xec3fd3	jge	0xec3fdc	0xec3fd5
steam	instrument-raw-writer	0xebe8a0	0xec4022	je	0xec407b	0xec4024
steam	instrument-raw-writer	0xebe8a0	0xec4080	je	0xec40d9	0xec4082
steam	instrument-raw-writer	0xebe8a0	0xec40de	je	0xec4137	0xec40e0
steam	instrument-raw-writer	0xebe8a0	0xec413c	je	0xec4173	0xec413e
steam	instrument-raw-writer	0xebe8a0	0xec418b	je	0xec41a0	0xec418d
steam	instrument-raw-writer	0xebe8a0	0xec41a5	je	0xec41ba	0xec41a7
steam	instrument-raw-writer	0xebe8a0	0xec41bf	je	0xec41d4	0xec41c1
steam	instrument-raw-writer	0xebe8a0	0xec41d9	je	0xec41ee	0xec41db
steam	instrument-raw-writer	0xebe8a0	0xec4206	je	0xec42fe	0xec420c
steam	instrument-raw-writer	0xebe8a0	0xec4229	jne	0xec4252	0xec422b
steam	instrument-raw-writer	0xebe8a0	0xec422e	jne	0xec4241	0xec4230
steam	instrument-raw-writer	0xebe8a0	0xec423c	jmp	0xec42c9	0xec4241
steam	instrument-raw-writer	0xebe8a0	0xec424d	jmp	0xec42c9	0xec4252
steam	instrument-raw-writer	0xebe8a0	0xec428f	jg	0xec4296	0xec4291
steam	instrument-raw-writer	0xebe8a0	0xec4294	jle	0xec42a9	0xec4296
steam	instrument-raw-writer	0xebe8a0	0xec4303	je	0xec43fb	0xec4309
steam	instrument-raw-writer	0xebe8a0	0xec4326	jne	0xec434f	0xec4328
steam	instrument-raw-writer	0xebe8a0	0xec432b	jne	0xec433e	0xec432d
steam	instrument-raw-writer	0xebe8a0	0xec4339	jmp	0xec43c6	0xec433e
steam	instrument-raw-writer	0xebe8a0	0xec434a	jmp	0xec43c6	0xec434f
steam	instrument-raw-writer	0xebe8a0	0xec438c	jg	0xec4393	0xec438e
steam	instrument-raw-writer	0xebe8a0	0xec4391	jle	0xec43a6	0xec4393
steam	instrument-raw-writer	0xebe8a0	0xec4402	je	0xec44ff	0xec4408
steam	instrument-raw-writer	0xebe8a0	0xec4425	jne	0xec444e	0xec4427
steam	instrument-raw-writer	0xebe8a0	0xec442a	jne	0xec443d	0xec442c
steam	instrument-raw-writer	0xebe8a0	0xec4438	jmp	0xec44c5	0xec443d
steam	instrument-raw-writer	0xebe8a0	0xec4449	jmp	0xec44c5	0xec444e
steam	instrument-raw-writer	0xebe8a0	0xec448b	jg	0xec4492	0xec448d
steam	instrument-raw-writer	0xebe8a0	0xec4490	jle	0xec44a5	0xec4492
steam	instrument-raw-writer	0xebe8a0	0xec4504	jne	0xec45da	0xec450a
steam	instrument-raw-writer	0xebe8a0	0xec450f	jne	0xec45da	0xec4515
steam	instrument-raw-writer	0xebe8a0	0xec4517	jne	0xec45da	0xec451d
steam	instrument-raw-writer	0xebe8a0	0xec453a	jne	0xec4563	0xec453c
steam	instrument-raw-writer	0xebe8a0	0xec453f	jne	0xec4552	0xec4541
steam	instrument-raw-writer	0xebe8a0	0xec454d	jmp	0xec45da	0xec4552
steam	instrument-raw-writer	0xebe8a0	0xec455e	jmp	0xec45da	0xec4563
steam	instrument-raw-writer	0xebe8a0	0xec45a0	jg	0xec45a7	0xec45a2
steam	instrument-raw-writer	0xebe8a0	0xec45a5	jle	0xec45ba	0xec45a7
steam	instrument-raw-writer	0xebe8a0	0xec45f0	jle	0xec467f	0xec45f6
steam	instrument-raw-writer	0xebe8a0	0xec45fa	jne	0xec4611	0xec45fc
steam	instrument-raw-writer	0xebe8a0	0xec460f	jmp	0xec466c	0xec4611
steam	instrument-raw-writer	0xebe8a0	0xec4682	jle	0xec471f	0xec4688
steam	instrument-raw-writer	0xebe8a0	0xec468c	jne	0xec46a3	0xec468e
steam	instrument-raw-writer	0xebe8a0	0xec46a1	jmp	0xec46fe	0xec46a3
steam	instrument-raw-writer	0xebe8a0	0xec4711	jne	0xec471a	0xec4713
steam	instrument-raw-writer	0xebe8a0	0xec4724	je	0xec4796	0xec4726
steam	instrument-raw-writer	0xebe8a0	0xec472b	je	0xec4740	0xec472d
steam	instrument-raw-writer	0xebe8a0	0xec4747	je	0xec479b	0xec4749
steam	instrument-raw-writer	0xebe8a0	0xec4767	jl	0xec4777	0xec4769
steam	instrument-raw-writer	0xebe8a0	0xec4775	jmp	0xec4783	0xec4777
steam	instrument-raw-writer	0xebe8a0	0xec47a0	je	0xec47f3	0xec47a2
steam	instrument-raw-writer	0xebe8a0	0xec47a4	je	0xec47f3	0xec47a6
steam	instrument-raw-writer	0xebe8a0	0xec47c4	jl	0xec47d4	0xec47c6
steam	instrument-raw-writer	0xebe8a0	0xec47d2	jmp	0xec47e0	0xec47d4
steam	instrument-raw-writer	0xebe8a0	0xec47f5	je	0xec480a	0xec47f7
steam	instrument-raw-writer	0xebe8a0	0xec480f	je	0xec4824	0xec4811
steam	instrument-raw-writer	0xebe8a0	0xec4829	je	0xec483e	0xec482b
steam	instrument-raw-writer	0xebe8a0	0xec4843	je	0xec4858	0xec4845
steam	instrument-raw-writer	0xebe8a0	0xec486f	je	0xec48a6	0xec4871
steam	instrument-raw-writer	0xebe8a0	0xec48d8	jne	0xec4920	0xec48da
steam	instrument-raw-writer	0xebe8a0	0xec491e	je	0xec48e0	0xec4920
steam	instrument-raw-writer	0xebe8a0	0xec4a1e	jl	0xec0ac1	0xec4a24
steam	instrument-raw-writer	0xebe8a0	0xec4a33	jle	0xec7dd6	0xec4a39
steam	instrument-raw-writer	0xebe8a0	0xec4a46	jmp	0xec4a56	0xec4a48
steam	instrument-raw-writer	0xebe8a0	0xec4a6a	je	0xec4beb	0xec4a70
steam	instrument-raw-writer	0xebe8a0	0xec4a90	jle	0xec4beb	0xec4a96
steam	instrument-raw-writer	0xebe8a0	0xec4b05	je	0xec4b56	0xec4b07
steam	instrument-raw-writer	0xebe8a0	0xec4b25	jne	0xec4bde	0xec4b2b
steam	instrument-raw-writer	0xebe8a0	0xec4b54	jne	0xec4b07	0xec4b56
steam	instrument-raw-writer	0xebe8a0	0xec4b93	je	0xec4bf7	0xec4b95
steam	instrument-raw-writer	0xebe8a0	0xec4baf	jne	0xec4bde	0xec4bb1
steam	instrument-raw-writer	0xebe8a0	0xec4bda	jne	0xec4b95	0xec4bdc
steam	instrument-raw-writer	0xebe8a0	0xec4bdc	jmp	0xec4bf7	0xec4bde
steam	instrument-raw-writer	0xebe8a0	0xec4be3	jl	0xec4aa0	0xec4be9
steam	instrument-raw-writer	0xebe8a0	0xec4be9	jmp	0xec4bf7	0xec4beb
steam	instrument-raw-writer	0xebe8a0	0xec4d05	je	0xec5757	0xec4d0b
steam	instrument-raw-writer	0xebe8a0	0xec4d0e	je	0xec574a	0xec4d14
steam	instrument-raw-writer	0xebe8a0	0xec4d17	je	0xec573d	0xec4d1d
steam	instrument-raw-writer	0xebe8a0	0xec4d20	je	0xec5730	0xec4d26
steam	instrument-raw-writer	0xebe8a0	0xec4d29	jne	0xec6770	0xec4d2f
steam	instrument-raw-writer	0xebe8a0	0xec4e33	cmovl	edi,eax	0xec4e36
steam	instrument-raw-writer	0xebe8a0	0xec4e42	cmovl	r14d,eax	0xec4e46
steam	instrument-raw-writer	0xebe8a0	0xec4e53	cmovl	r12d,eax	0xec4e57
steam	instrument-raw-writer	0xebe8a0	0xec4ebb	je	0xec4f1b	0xec4ebd
steam	instrument-raw-writer	0xebe8a0	0xec4f1f	je	0xec4f7a	0xec4f21
steam	instrument-raw-writer	0xebe8a0	0xec51b0	je	0xec5206	0xec51b2
steam	instrument-raw-writer	0xebe8a0	0xec520a	je	0xec5260	0xec520c
steam	instrument-raw-writer	0xebe8a0	0xec5495	je	0xec54eb	0xec5497
steam	instrument-raw-writer	0xebe8a0	0xec54ef	je	0xec5545	0xec54f1
steam	instrument-raw-writer	0xebe8a0	0xec572b	jmp	0xec676b	0xec5730
steam	instrument-raw-writer	0xebe8a0	0xec5738	jmp	0xec6770	0xec573d
steam	instrument-raw-writer	0xebe8a0	0xec5745	jmp	0xec6770	0xec574a
steam	instrument-raw-writer	0xebe8a0	0xec5752	jmp	0xec6770	0xec5757
steam	instrument-raw-writer	0xebe8a0	0xec576a	sete	al	0xec576d
steam	instrument-raw-writer	0xebe8a0	0xec58d9	cmovl	esi,ecx	0xec58dc
steam	instrument-raw-writer	0xebe8a0	0xec58e9	cmovl	r15d,ecx	0xec58ed
steam	instrument-raw-writer	0xebe8a0	0xec58fa	cmovl	r13d,ecx	0xec58fe
steam	instrument-raw-writer	0xebe8a0	0xec590b	cmovl	eax,ecx	0xec590e
steam	instrument-raw-writer	0xebe8a0	0xec5973	jne	0xec5be7	0xec5979
steam	instrument-raw-writer	0xebe8a0	0xec597d	je	0xec59d3	0xec597f
steam	instrument-raw-writer	0xebe8a0	0xec59d7	je	0xec5a2d	0xec59d9
steam	instrument-raw-writer	0xebe8a0	0xec5be2	jmp	0xec5e50	0xec5be7
steam	instrument-raw-writer	0xebe8a0	0xec5beb	je	0xec5c41	0xec5bed
steam	instrument-raw-writer	0xebe8a0	0xec5c45	je	0xec5c9b	0xec5c47
steam	instrument-raw-writer	0xebe8a0	0xec5ecc	je	0xec5f22	0xec5ece
steam	instrument-raw-writer	0xebe8a0	0xec5f26	je	0xec5f7c	0xec5f28
steam	instrument-raw-writer	0xebe8a0	0xec61b2	je	0xec6208	0xec61b4
steam	instrument-raw-writer	0xebe8a0	0xec620c	je	0xec6262	0xec620e
steam	instrument-raw-writer	0xebe8a0	0xec6493	je	0xec64e9	0xec6495
steam	instrument-raw-writer	0xebe8a0	0xec64ed	je	0xec6543	0xec64ef
steam	instrument-raw-writer	0xebe8a0	0xec65b8	jl	0xec65cd	0xec65ba
steam	instrument-raw-writer	0xebe8a0	0xec6722	jge	0xec672b	0xec6724
steam	instrument-raw-writer	0xebe8a0	0xec67d4	je	0xec6834	0xec67d6
steam	instrument-raw-writer	0xebe8a0	0xec6838	je	0xec6893	0xec683a
steam	instrument-raw-writer	0xebe8a0	0xec695d	jne	0xec6969	0xec695f
steam	instrument-raw-writer	0xebe8a0	0xec6962	jne	0xec6969	0xec6964
steam	instrument-raw-writer	0xebe8a0	0xec6967	je	0xec69d3	0xec6969
steam	instrument-raw-writer	0xebe8a0	0xec698d	cmovl	ecx,eax	0xec6990
steam	instrument-raw-writer	0xebe8a0	0xec69da	jl	0xec69ed	0xec69dc
steam	instrument-raw-writer	0xebe8a0	0xec69ef	je	0xec6bcc	0xec69f5
steam	instrument-raw-writer	0xebe8a0	0xec6a50	jne	0xec6a59	0xec6a52
steam	instrument-raw-writer	0xebe8a0	0xec6bad	jge	0xec6bb6	0xec6baf
steam	instrument-raw-writer	0xebe8a0	0xec6bd1	je	0xec6d38	0xec6bd7
steam	instrument-raw-writer	0xebe8a0	0xec6d78	je	0xec6e18	0xec6d7e
steam	instrument-raw-writer	0xebe8a0	0xec6d8a	sete	bl	0xec6d8d
steam	instrument-raw-writer	0xebe8a0	0xec6d99	sete	BYTE PTR [rsp+0x60]	0xec6d9e
steam	instrument-raw-writer	0xebe8a0	0xec6daa	sete	BYTE PTR [rsp+0x5c]	0xec6daf
steam	instrument-raw-writer	0xebe8a0	0xec6de2	je	0xec6df7	0xec6de4
steam	instrument-raw-writer	0xebe8a0	0xec6df5	jmp	0xec6e18	0xec6df7
steam	instrument-raw-writer	0xebe8a0	0xec6e1d	je	0xec6eb3	0xec6e23
steam	instrument-raw-writer	0xebe8a0	0xec6e4c	je	0xec6e9f	0xec6e4e
steam	instrument-raw-writer	0xebe8a0	0xec6e51	je	0xec6e89	0xec6e53
steam	instrument-raw-writer	0xebe8a0	0xec6e56	je	0xec6e73	0xec6e58
steam	instrument-raw-writer	0xebe8a0	0xec6e5b	jne	0xec6eb3	0xec6e5d
steam	instrument-raw-writer	0xebe8a0	0xec6e71	jmp	0xec6eb3	0xec6e73
steam	instrument-raw-writer	0xebe8a0	0xec6e87	jmp	0xec6eb3	0xec6e89
steam	instrument-raw-writer	0xebe8a0	0xec6e9d	jmp	0xec6eb3	0xec6e9f
steam	instrument-raw-writer	0xebe8a0	0xec6eb8	je	0xec704d	0xec6ebe
steam	instrument-raw-writer	0xebe8a0	0xec6eca	jne	0xec6eec	0xec6ecc
steam	instrument-raw-writer	0xebe8a0	0xec6ee7	jmp	0xec6fe3	0xec6eec
steam	instrument-raw-writer	0xebe8a0	0xec6efe	jne	0xec6f07	0xec6f00
steam	instrument-raw-writer	0xebe8a0	0xec6f05	jmp	0xec6f43	0xec6f07
steam	instrument-raw-writer	0xebe8a0	0xec6f1d	cmove	ecx,eax	0xec6f20
steam	instrument-raw-writer	0xebe8a0	0xec6f3c	cmove	ecx,eax	0xec6f3f
steam	instrument-raw-writer	0xebe8a0	0xec6f4f	je	0xec6fcd	0xec6f51
steam	instrument-raw-writer	0xebe8a0	0xec6f54	je	0xec6f96	0xec6f56
steam	instrument-raw-writer	0xebe8a0	0xec6f59	jne	0xec6fe3	0xec6f5f
steam	instrument-raw-writer	0xebe8a0	0xec6f6e	je	0xec6f83	0xec6f70
steam	instrument-raw-writer	0xebe8a0	0xec6f81	jmp	0xec6fe3	0xec6f83
steam	instrument-raw-writer	0xebe8a0	0xec6f94	jmp	0xec6fe3	0xec6f96
steam	instrument-raw-writer	0xebe8a0	0xec6fa5	je	0xec6fba	0xec6fa7
steam	instrument-raw-writer	0xebe8a0	0xec6fb8	jmp	0xec6fe3	0xec6fba
steam	instrument-raw-writer	0xebe8a0	0xec6fcb	jmp	0xec6fe3	0xec6fcd
steam	instrument-raw-writer	0xebe8a0	0xec6fef	sete	r13b	0xec6ff3
steam	instrument-raw-writer	0xebe8a0	0xec6ff5	jne	0xec7016	0xec6ff7
steam	instrument-raw-writer	0xebe8a0	0xec7014	je	0xec704d	0xec7016
steam	instrument-raw-writer	0xebe8a0	0xec7027	je	0xec703c	0xec7029
steam	instrument-raw-writer	0xebe8a0	0xec703a	jmp	0xec704d	0xec703c
steam	instrument-raw-writer	0xebe8a0	0xec7052	je	0xec7171	0xec7058
steam	instrument-raw-writer	0xebe8a0	0xec7064	jne	0xec706d	0xec7066
steam	instrument-raw-writer	0xebe8a0	0xec706b	jmp	0xec70a7	0xec706d
steam	instrument-raw-writer	0xebe8a0	0xec7083	cmove	ecx,eax	0xec7086
steam	instrument-raw-writer	0xebe8a0	0xec70a0	cmove	ecx,eax	0xec70a3
steam	instrument-raw-writer	0xebe8a0	0xec70c4	je	0xec714a	0xec70ca
steam	instrument-raw-writer	0xebe8a0	0xec70cd	je	0xec7111	0xec70cf
steam	instrument-raw-writer	0xebe8a0	0xec70d2	jne	0xec7160	0xec70d8
steam	instrument-raw-writer	0xebe8a0	0xec70e9	je	0xec70fe	0xec70eb
steam	instrument-raw-writer	0xebe8a0	0xec70fc	jmp	0xec7160	0xec70fe
steam	instrument-raw-writer	0xebe8a0	0xec710f	jmp	0xec7160	0xec7111
steam	instrument-raw-writer	0xebe8a0	0xec7122	je	0xec7137	0xec7124
steam	instrument-raw-writer	0xebe8a0	0xec7135	jmp	0xec7160	0xec7137
steam	instrument-raw-writer	0xebe8a0	0xec7148	jmp	0xec7160	0xec714a
steam	instrument-raw-writer	0xebe8a0	0xec7176	je	0xec720f	0xec717c
steam	instrument-raw-writer	0xebe8a0	0xec7192	cmove	ecx,eax	0xec7195
steam	instrument-raw-writer	0xebe8a0	0xec71af	cmove	ecx,eax	0xec71b2
steam	instrument-raw-writer	0xebe8a0	0xec71e9	je	0xec71fe	0xec71eb
steam	instrument-raw-writer	0xebe8a0	0xec71fc	jmp	0xec720f	0xec71fe
steam	instrument-raw-writer	0xebe8a0	0xec7322	je	0xec7343	0xec7324
steam	instrument-raw-writer	0xebe8a0	0xec7330	je	0xec7343	0xec7332
steam	instrument-raw-writer	0xebe8a0	0xec73ea	jl	0xec73f5	0xec73ec
steam	instrument-raw-writer	0xebe8a0	0xec73f3	jmp	0xec7442	0xec73f5
steam	instrument-raw-writer	0xebe8a0	0xec73fc	jl	0xec7407	0xec73fe
steam	instrument-raw-writer	0xebe8a0	0xec7405	jmp	0xec7442	0xec7407
steam	instrument-raw-writer	0xebe8a0	0xec740e	jl	0xec7419	0xec7410
steam	instrument-raw-writer	0xebe8a0	0xec7417	jmp	0xec7442	0xec7419
steam	instrument-raw-writer	0xebe8a0	0xec7420	jl	0xec742b	0xec7422
steam	instrument-raw-writer	0xebe8a0	0xec7429	jmp	0xec7442	0xec742b
steam	instrument-raw-writer	0xebe8a0	0xec7439	jge	0xec7442	0xec743b
steam	instrument-raw-writer	0xebe8a0	0xec7466	je	0xec76cf	0xec746c
steam	instrument-raw-writer	0xebe8a0	0xec74ad	je	0xec74c0	0xec74af
steam	instrument-raw-writer	0xebe8a0	0xec74be	jmp	0xec74cf	0xec74c0
steam	instrument-raw-writer	0xebe8a0	0xec7514	jne	0xec751d	0xec7516
steam	instrument-raw-writer	0xebe8a0	0xec7580	jne	0xec7589	0xec7582
steam	instrument-raw-writer	0xebe8a0	0xec75aa	je	0xec75c8	0xec75ac
steam	instrument-raw-writer	0xebe8a0	0xec75bd	je	0xec75ee	0xec75bf
steam	instrument-raw-writer	0xebe8a0	0xec75c6	jmp	0xec75e2	0xec75c8
steam	instrument-raw-writer	0xebe8a0	0xec75d9	je	0xec75ee	0xec75db
steam	instrument-raw-writer	0xebe8a0	0xec7608	jne	0xec761f	0xec760a
steam	instrument-raw-writer	0xebe8a0	0xec761d	jmp	0xec7666	0xec761f
steam	instrument-raw-writer	0xebe8a0	0xec76ac	jge	0xec76b5	0xec76ae
steam	instrument-raw-writer	0xebe8a0	0xec76cd	jmp	0xec76d4	0xec76cf
steam	instrument-raw-writer	0xebe8a0	0xec76d9	je	0xec77e0	0xec76df
steam	instrument-raw-writer	0xebe8a0	0xec76e1	jne	0xec76ec	0xec76e3
steam	instrument-raw-writer	0xebe8a0	0xec76ea	jmp	0xec7706	0xec76ec
steam	instrument-raw-writer	0xebe8a0	0xec76ef	jne	0xec76fa	0xec76f1
steam	instrument-raw-writer	0xebe8a0	0xec76f8	jmp	0xec7706	0xec76fa
steam	instrument-raw-writer	0xebe8a0	0xec76fd	jne	0xec7712	0xec76ff
steam	instrument-raw-writer	0xebe8a0	0xec7770	je	0xec7785	0xec7772
steam	instrument-raw-writer	0xebe8a0	0xec7788	je	0xec779d	0xec778a
steam	instrument-raw-writer	0xebe8a0	0xec77a0	je	0xec77b5	0xec77a2
steam	instrument-raw-writer	0xebe8a0	0xec77b8	je	0xec77cd	0xec77ba
steam	instrument-raw-writer	0xebe8a0	0xec77ea	je	0xec79cb	0xec77f0
steam	instrument-raw-writer	0xebe8a0	0xec77f3	je	0xec77fe	0xec77f5
steam	instrument-raw-writer	0xebe8a0	0xec77fc	jmp	0xec7821	0xec77fe
steam	instrument-raw-writer	0xebe8a0	0xec7803	je	0xec780e	0xec7805
steam	instrument-raw-writer	0xebe8a0	0xec780c	jmp	0xec7821	0xec780e
steam	instrument-raw-writer	0xebe8a0	0xec7818	jne	0xec7821	0xec781a
steam	instrument-raw-writer	0xebe8a0	0xec7868	je	0xec787d	0xec786a
steam	instrument-raw-writer	0xebe8a0	0xec7899	je	0xec78bb	0xec789b
steam	instrument-raw-writer	0xebe8a0	0xec78b9	jmp	0xec791d	0xec78bb
steam	instrument-raw-writer	0xebe8a0	0xec78c4	je	0xec78e0	0xec78c6
steam	instrument-raw-writer	0xebe8a0	0xec78de	jmp	0xec791d	0xec78e0
steam	instrument-raw-writer	0xebe8a0	0xec78e8	je	0xec78f3	0xec78ea
steam	instrument-raw-writer	0xebe8a0	0xec78f1	jmp	0xec7911	0xec78f3
steam	instrument-raw-writer	0xebe8a0	0xec78f8	je	0xec7903	0xec78fa
steam	instrument-raw-writer	0xebe8a0	0xec7901	jmp	0xec7911	0xec7903
steam	instrument-raw-writer	0xebe8a0	0xec7908	je	0xec791d	0xec790a
steam	instrument-raw-writer	0xebe8a0	0xec793a	je	0xec7989	0xec793c
steam	instrument-raw-writer	0xebe8a0	0xec794d	jne	0xec7956	0xec794f
steam	instrument-raw-writer	0xebe8a0	0xec7954	je	0xec79b6	0xec7956
steam	instrument-raw-writer	0xebe8a0	0xec7975	je	0xec7980	0xec7977
steam	instrument-raw-writer	0xebe8a0	0xec797e	jmp	0xec79b1	0xec7980
steam	instrument-raw-writer	0xebe8a0	0xec7987	jmp	0xec79b1	0xec7989
steam	instrument-raw-writer	0xebe8a0	0xec79a8	jne	0xec79b1	0xec79aa
steam	instrument-raw-writer	0xebe8a0	0xec79c9	jmp	0xec79e0	0xec79cb
steam	instrument-raw-writer	0xebe8a0	0xec79e5	je	0xec7b1d	0xec79eb
steam	instrument-raw-writer	0xebe8a0	0xec7a48	je	0xec7a53	0xec7a4a
steam	instrument-raw-writer	0xebe8a0	0xec7a51	jmp	0xec7a66	0xec7a53
steam	instrument-raw-writer	0xebe8a0	0xec7a5d	jne	0xec7a66	0xec7a5f
steam	instrument-raw-writer	0xebe8a0	0xec7aaa	je	0xec7ab5	0xec7aac
steam	instrument-raw-writer	0xebe8a0	0xec7ab3	jmp	0xec7aef	0xec7ab5
steam	instrument-raw-writer	0xebe8a0	0xec7ab8	je	0xec7ac3	0xec7aba
steam	instrument-raw-writer	0xebe8a0	0xec7ac1	jmp	0xec7aef	0xec7ac3
steam	instrument-raw-writer	0xebe8a0	0xec7ac6	je	0xec7ad1	0xec7ac8
steam	instrument-raw-writer	0xebe8a0	0xec7acf	jmp	0xec7aef	0xec7ad1
steam	instrument-raw-writer	0xebe8a0	0xec7ad6	je	0xec7ae1	0xec7ad8
steam	instrument-raw-writer	0xebe8a0	0xec7adf	jmp	0xec7aef	0xec7ae1
steam	instrument-raw-writer	0xebe8a0	0xec7ae6	je	0xec7afb	0xec7ae8
steam	instrument-raw-writer	0xebe8a0	0xec7b1b	jmp	0xec7b22	0xec7b1d
steam	instrument-raw-writer	0xebe8a0	0xec7b27	je	0xec7c63	0xec7b2d
steam	instrument-raw-writer	0xebe8a0	0xec7ba2	jne	0xec7bab	0xec7ba4
steam	instrument-raw-writer	0xebe8a0	0xec7be7	je	0xec7bfc	0xec7be9
steam	instrument-raw-writer	0xebe8a0	0xec7c35	jne	0xec7c3e	0xec7c37
steam	instrument-raw-writer	0xebe8a0	0xec7caa	jne	0xec7cf0	0xec7cac
steam	instrument-raw-writer	0xebe8a0	0xec7cee	je	0xec7cb0	0xec7cf0
steam	instrument-raw-writer	0xebe8a0	0xec7dcd	jl	0xec4a50	0xec7dd3
steam	instrument-raw-writer	0xebe8a0	0xec7de2	jle	0xeca504	0xec7de8
steam	instrument-raw-writer	0xebe8a0	0xec7df3	jmp	0xec7e03	0xec7df5
steam	instrument-raw-writer	0xebe8a0	0xec7e17	je	0xec7f96	0xec7e1d
steam	instrument-raw-writer	0xebe8a0	0xec7e3d	jle	0xec7f96	0xec7e43
steam	instrument-raw-writer	0xebe8a0	0xec7eab	je	0xec7eff	0xec7ead
steam	instrument-raw-writer	0xebe8a0	0xec7ece	jne	0xec7f89	0xec7ed4
steam	instrument-raw-writer	0xebe8a0	0xec7efd	jne	0xec7eb0	0xec7eff
steam	instrument-raw-writer	0xebe8a0	0xec7f3c	je	0xec7fa2	0xec7f3e
steam	instrument-raw-writer	0xebe8a0	0xec7f5a	jne	0xec7f89	0xec7f5c
steam	instrument-raw-writer	0xebe8a0	0xec7f85	jne	0xec7f40	0xec7f87
steam	instrument-raw-writer	0xebe8a0	0xec7f87	jmp	0xec7fa2	0xec7f89
steam	instrument-raw-writer	0xebe8a0	0xec7f8e	jl	0xec7e46	0xec7f94
steam	instrument-raw-writer	0xebe8a0	0xec7f94	jmp	0xec7fa2	0xec7f96
steam	instrument-raw-writer	0xebe8a0	0xec8032	jl	0xec8047	0xec8034
steam	instrument-raw-writer	0xebe8a0	0xec803e	sete	r12b	0xec8042
steam	instrument-raw-writer	0xebe8a0	0xec8090	jne	0xec8144	0xec8096
steam	instrument-raw-writer	0xebe8a0	0xec80a0	je	0xec8105	0xec80a2
steam	instrument-raw-writer	0xebe8a0	0xec80a5	je	0xec80d0	0xec80a7
steam	instrument-raw-writer	0xebe8a0	0xec80aa	jne	0xec8144	0xec80b0
steam	instrument-raw-writer	0xebe8a0	0xec80c5	je	0xec811c	0xec80c7
steam	instrument-raw-writer	0xebe8a0	0xec80ce	jmp	0xec8138	0xec80d0
steam	instrument-raw-writer	0xebe8a0	0xec80ec	jne	0xec80fc	0xec80ee
steam	instrument-raw-writer	0xebe8a0	0xec80fa	jmp	0xec8144	0xec80fc
steam	instrument-raw-writer	0xebe8a0	0xec8103	jmp	0xec813f	0xec8105
steam	instrument-raw-writer	0xebe8a0	0xec811a	jne	0xec8131	0xec811c
steam	instrument-raw-writer	0xebe8a0	0xec812f	jmp	0xec8144	0xec8131
steam	instrument-raw-writer	0xebe8a0	0xec8195	je	0xec81fb	0xec8197
steam	instrument-raw-writer	0xebe8a0	0xec819f	jne	0xec81d2	0xec81a1
steam	instrument-raw-writer	0xebe8a0	0xec81d0	jmp	0xec8219	0xec81d2
steam	instrument-raw-writer	0xebe8a0	0xec81f9	jmp	0xec8230	0xec81fb
steam	instrument-raw-writer	0xebe8a0	0xec81fe	jne	0xec8230	0xec8200
steam	instrument-raw-writer	0xebe8a0	0xec8260	jne	0xec835a	0xec8266
steam	instrument-raw-writer	0xebe8a0	0xec8272	jne	0xec829a	0xec8274
steam	instrument-raw-writer	0xebe8a0	0xec8277	je	0xec829a	0xec8279
steam	instrument-raw-writer	0xebe8a0	0xec828a	jne	0xec8291	0xec828c
steam	instrument-raw-writer	0xebe8a0	0xec82b8	jl	0xec82c8	0xec82ba
steam	instrument-raw-writer	0xebe8a0	0xec82c6	jmp	0xec82d4	0xec82c8
steam	instrument-raw-writer	0xebe8a0	0xec82e0	je	0xec82fb	0xec82e2
steam	instrument-raw-writer	0xebe8a0	0xec82e5	je	0xec830e	0xec82e7
steam	instrument-raw-writer	0xebe8a0	0xec82ea	je	0xec8321	0xec82ec
steam	instrument-raw-writer	0xebe8a0	0xec82ef	je	0xec8334	0xec82f1
steam	instrument-raw-writer	0xebe8a0	0xec82f4	je	0xec8347	0xec82f6
steam	instrument-raw-writer	0xebe8a0	0xec82f6	jmp	0xec8544	0xec82fb
steam	instrument-raw-writer	0xebe8a0	0xec8355	jmp	0xec853f	0xec835a
steam	instrument-raw-writer	0xebe8a0	0xec835d	je	0xec8380	0xec835f
steam	instrument-raw-writer	0xebe8a0	0xec8370	jne	0xec8377	0xec8372
steam	instrument-raw-writer	0xebe8a0	0xec838d	ja	0xec8544	0xec8393
steam	instrument-raw-writer	0xebe8a0	0xec83a6	jmp	rcx	0xec83a8
steam	instrument-raw-writer	0xebe8a0	0xec83c6	jl	0xec83d9	0xec83c8
steam	instrument-raw-writer	0xebe8a0	0xec83d4	jmp	0xec8544	0xec83d9
steam	instrument-raw-writer	0xebe8a0	0xec83e0	jmp	0xec853f	0xec83e5
steam	instrument-raw-writer	0xebe8a0	0xec8403	jl	0xec8416	0xec8405
steam	instrument-raw-writer	0xebe8a0	0xec8411	jmp	0xec8544	0xec8416
steam	instrument-raw-writer	0xebe8a0	0xec841d	jmp	0xec853f	0xec8422
steam	instrument-raw-writer	0xebe8a0	0xec8440	jl	0xec8453	0xec8442
steam	instrument-raw-writer	0xebe8a0	0xec844e	jmp	0xec8544	0xec8453
steam	instrument-raw-writer	0xebe8a0	0xec845a	jmp	0xec853f	0xec845f
steam	instrument-raw-writer	0xebe8a0	0xec847d	jl	0xec8490	0xec847f
steam	instrument-raw-writer	0xebe8a0	0xec848b	jmp	0xec8544	0xec8490
steam	instrument-raw-writer	0xebe8a0	0xec8497	jmp	0xec853f	0xec849c
steam	instrument-raw-writer	0xebe8a0	0xec84ba	jl	0xec84ca	0xec84bc
steam	instrument-raw-writer	0xebe8a0	0xec84c8	jmp	0xec8544	0xec84ca
steam	instrument-raw-writer	0xebe8a0	0xec84d1	jmp	0xec853f	0xec84d3
steam	instrument-raw-writer	0xebe8a0	0xec84f1	jl	0xec8501	0xec84f3
steam	instrument-raw-writer	0xebe8a0	0xec84ff	jmp	0xec8544	0xec8501
steam	instrument-raw-writer	0xebe8a0	0xec8508	jmp	0xec853f	0xec850a
steam	instrument-raw-writer	0xebe8a0	0xec8528	jl	0xec8538	0xec852a
steam	instrument-raw-writer	0xebe8a0	0xec8536	jmp	0xec8544	0xec8538
steam	instrument-raw-writer	0xebe8a0	0xec8548	setge	r13b	0xec854c
steam	instrument-raw-writer	0xebe8a0	0xec854f	jne	0xec8563	0xec8551
steam	instrument-raw-writer	0xebe8a0	0xec8556	je	0xec8563	0xec8558
steam	instrument-raw-writer	0xebe8a0	0xec855d	jne	0xec8ff7	0xec8563
steam	instrument-raw-writer	0xebe8a0	0xec85a9	cmovl	edi,eax	0xec85ac
steam	instrument-raw-writer	0xebe8a0	0xec8610	je	0xec8670	0xec8612
steam	instrument-raw-writer	0xebe8a0	0xec8674	je	0xec86cf	0xec8676
steam	instrument-raw-writer	0xebe8a0	0xec889e	jne	0xec88c6	0xec88a0
steam	instrument-raw-writer	0xebe8a0	0xec8916	jne	0xec892b	0xec8918
steam	instrument-raw-writer	0xebe8a0	0xec8952	je	0xec8c89	0xec8958
steam	instrument-raw-writer	0xebe8a0	0xec899e	cmovl	ebx,eax	0xec89a1
steam	instrument-raw-writer	0xebe8a0	0xec8a05	je	0xec8a5b	0xec8a07
steam	instrument-raw-writer	0xebe8a0	0xec8a5f	je	0xec8ab5	0xec8a61
steam	instrument-raw-writer	0xebe8a0	0xec8c87	jmp	0xec8c8e	0xec8c89
steam	instrument-raw-writer	0xebe8a0	0xec8c94	jne	0xec9364	0xec8c9a
steam	instrument-raw-writer	0xebe8a0	0xec8ce1	cmovl	ebx,eax	0xec8ce4
steam	instrument-raw-writer	0xebe8a0	0xec8d43	je	0xec8d99	0xec8d45
steam	instrument-raw-writer	0xebe8a0	0xec8d9d	je	0xec8df3	0xec8d9f
steam	instrument-raw-writer	0xebe8a0	0xec8e5e	jge	0xec8e67	0xec8e60
steam	instrument-raw-writer	0xebe8a0	0xec8fc1	jge	0xec8fca	0xec8fc3
steam	instrument-raw-writer	0xebe8a0	0xec9003	jne	0xec93b2	0xec9009
steam	instrument-raw-writer	0xebe8a0	0xec90a3	je	0xec90f9	0xec90a5
steam	instrument-raw-writer	0xebe8a0	0xec90fd	je	0xec9153	0xec90ff
steam	instrument-raw-writer	0xebe8a0	0xec934d	jne	0xec936d	0xec934f
steam	instrument-raw-writer	0xebe8a0	0xec9362	jmp	0xec9380	0xec9364
steam	instrument-raw-writer	0xebe8a0	0xec9368	jmp	0xec8ffb	0xec936d
steam	instrument-raw-writer	0xebe8a0	0xec93b0	jmp	0xec93b6	0xec93b2
steam	instrument-raw-writer	0xebe8a0	0xec941a	je	0xec947a	0xec941c
steam	instrument-raw-writer	0xebe8a0	0xec947e	je	0xec94d9	0xec9480
steam	instrument-raw-writer	0xebe8a0	0xec95a2	jne	0xec9616	0xec95a4
steam	instrument-raw-writer	0xebe8a0	0xec95a6	je	0xec9616	0xec95a8
steam	instrument-raw-writer	0xebe8a0	0xec95ab	je	0xec9616	0xec95ad
steam	instrument-raw-writer	0xebe8a0	0xec95d0	cmovl	ecx,eax	0xec95d3
steam	instrument-raw-writer	0xebe8a0	0xec961c	jge	0xec9623	0xec961e
steam	instrument-raw-writer	0xebe8a0	0xec9621	je	0xec9639	0xec9623
steam	instrument-raw-writer	0xebe8a0	0xec9637	jne	0xec9646	0xec9639
steam	instrument-raw-writer	0xebe8a0	0xec963b	je	0xec9646	0xec963d
steam	instrument-raw-writer	0xebe8a0	0xec9640	jne	0xec98d2	0xec9646
steam	instrument-raw-writer	0xebe8a0	0xec96ee	jge	0xec96f7	0xec96f0
steam	instrument-raw-writer	0xebe8a0	0xec9710	je	0xec9782	0xec9712
steam	instrument-raw-writer	0xebe8a0	0xec9784	jne	0xec9815	0xec978a
steam	instrument-raw-writer	0xebe8a0	0xec97ce	jl	0xec97e5	0xec97d0
steam	instrument-raw-writer	0xebe8a0	0xec97e3	jmp	0xec97f8	0xec97e5
steam	instrument-raw-writer	0xebe8a0	0xec9818	jne	0xec98d2	0xec981e
steam	instrument-raw-writer	0xebe8a0	0xec98b3	je	0xec98bc	0xec98b5
steam	instrument-raw-writer	0xebe8a0	0xec9941	jl	0xec9958	0xec9943
steam	instrument-raw-writer	0xebe8a0	0xec9945	jne	0xec9958	0xec9947
steam	instrument-raw-writer	0xebe8a0	0xec9975	jne	0xec9a53	0xec997b
steam	instrument-raw-writer	0xebe8a0	0xec997d	jne	0xec99c6	0xec997f
steam	instrument-raw-writer	0xebe8a0	0xec9990	je	0xec99ac	0xec9992
steam	instrument-raw-writer	0xebe8a0	0xec99a7	jmp	0xec9b5e	0xec99ac
steam	instrument-raw-writer	0xebe8a0	0xec99c1	jmp	0xec9b5e	0xec99c6
steam	instrument-raw-writer	0xebe8a0	0xec99db	je	0xec9a0c	0xec99dd
steam	instrument-raw-writer	0xebe8a0	0xec99e9	jne	0xec9a0c	0xec99eb
steam	instrument-raw-writer	0xebe8a0	0xec9a07	jmp	0xec9b5e	0xec9a0c
steam	instrument-raw-writer	0xebe8a0	0xec9a1d	je	0xec9a39	0xec9a1f
steam	instrument-raw-writer	0xebe8a0	0xec9a34	jmp	0xec9b5e	0xec9a39
steam	instrument-raw-writer	0xebe8a0	0xec9a4e	jmp	0xec9b5e	0xec9a53
steam	instrument-raw-writer	0xebe8a0	0xec9a5c	je	0xec9a95	0xec9a5e
steam	instrument-raw-writer	0xebe8a0	0xec9a60	je	0xec9a99	0xec9a62
steam	instrument-raw-writer	0xebe8a0	0xec9a73	je	0xec9a89	0xec9a75
steam	instrument-raw-writer	0xebe8a0	0xec9a84	jmp	0xec9b5e	0xec9a89
steam	instrument-raw-writer	0xebe8a0	0xec9a90	jmp	0xec9b54	0xec9a95
steam	instrument-raw-writer	0xebe8a0	0xec9a97	jne	0xec9ab2	0xec9a99
steam	instrument-raw-writer	0xebe8a0	0xec9aad	jmp	0xec9b5e	0xec9ab2
steam	instrument-raw-writer	0xebe8a0	0xec9ac0	je	0xec9adb	0xec9ac2
steam	instrument-raw-writer	0xebe8a0	0xec9ad6	jmp	0xec9b5e	0xec9adb
steam	instrument-raw-writer	0xebe8a0	0xec9ae4	je	0xec9b48	0xec9ae6
steam	instrument-raw-writer	0xebe8a0	0xec9ae9	je	0xec9b08	0xec9aeb
steam	instrument-raw-writer	0xebe8a0	0xec9aee	jne	0xec9b5e	0xec9af0
steam	instrument-raw-writer	0xebe8a0	0xec9b06	jmp	0xec9b5e	0xec9b08
steam	instrument-raw-writer	0xebe8a0	0xec9b11	jl	0xec9b37	0xec9b13
steam	instrument-raw-writer	0xebe8a0	0xec9b2c	cmove	r13d,eax	0xec9b30
steam	instrument-raw-writer	0xebe8a0	0xec9b35	jmp	0xec9b5e	0xec9b37
steam	instrument-raw-writer	0xebe8a0	0xec9b46	jmp	0xec9b5e	0xec9b48
steam	instrument-raw-writer	0xebe8a0	0xec9b6a	jge	0xec9b87	0xec9b6c
steam	instrument-raw-writer	0xebe8a0	0xec9b6e	jne	0xec9b87	0xec9b70
steam	instrument-raw-writer	0xebe8a0	0xec9b8a	je	0xec9bc1	0xec9b8c
steam	instrument-raw-writer	0xebe8a0	0xec9b8e	je	0xec9bae	0xec9b90
steam	instrument-raw-writer	0xebe8a0	0xec9b93	jne	0xec9ba5	0xec9b95
steam	instrument-raw-writer	0xebe8a0	0xec9b9a	je	0xec9ba5	0xec9b9c
steam	instrument-raw-writer	0xebe8a0	0xec9ba3	jmp	0xec9bb5	0xec9ba5
steam	instrument-raw-writer	0xebe8a0	0xec9bac	jmp	0xec9bb5	0xec9bae
steam	instrument-raw-writer	0xebe8a0	0xec9bcb	jge	0xec9be6	0xec9bcd
steam	instrument-raw-writer	0xebe8a0	0xec9bcf	jne	0xec9be6	0xec9bd1
steam	instrument-raw-writer	0xebe8a0	0xec9bf9	jl	0xec9c03	0xec9bfb
steam	instrument-raw-writer	0xebe8a0	0xec9bfd	je	0xec9ce2	0xec9c03
steam	instrument-raw-writer	0xebe8a0	0xec9c3f	jl	0xec9c49	0xec9c41
steam	instrument-raw-writer	0xebe8a0	0xec9c47	jmp	0xec9c71	0xec9c49
steam	instrument-raw-writer	0xebe8a0	0xec9c4d	jl	0xec9c57	0xec9c4f
steam	instrument-raw-writer	0xebe8a0	0xec9c55	jmp	0xec9c71	0xec9c57
steam	instrument-raw-writer	0xebe8a0	0xec9c5b	jl	0xec9c65	0xec9c5d
steam	instrument-raw-writer	0xebe8a0	0xec9c63	jmp	0xec9c71	0xec9c65
steam	instrument-raw-writer	0xebe8a0	0xec9c69	jl	0xec9c71	0xec9c6b
steam	instrument-raw-writer	0xebe8a0	0xec9c75	cmovne	edi,ecx	0xec9c78
steam	instrument-raw-writer	0xebe8a0	0xec9d86	jl	0xec9da5	0xec9d88
steam	instrument-raw-writer	0xebe8a0	0xec9da0	jmp	0xec9e61	0xec9da5
steam	instrument-raw-writer	0xebe8a0	0xec9dac	jl	0xec9dcb	0xec9dae
steam	instrument-raw-writer	0xebe8a0	0xec9dc6	jmp	0xec9e61	0xec9dcb
steam	instrument-raw-writer	0xebe8a0	0xec9dd2	je	0xec9e1a	0xec9dd4
steam	instrument-raw-writer	0xebe8a0	0xec9ddb	jl	0xec9de6	0xec9ddd
steam	instrument-raw-writer	0xebe8a0	0xec9de4	jmp	0xec9e55	0xec9de6
steam	instrument-raw-writer	0xebe8a0	0xec9ded	jl	0xec9df8	0xec9def
steam	instrument-raw-writer	0xebe8a0	0xec9df6	jmp	0xec9e55	0xec9df8
steam	instrument-raw-writer	0xebe8a0	0xec9e06	jl	0xec9e11	0xec9e08
steam	instrument-raw-writer	0xebe8a0	0xec9e0f	jmp	0xec9e5c	0xec9e11
steam	instrument-raw-writer	0xebe8a0	0xec9e18	jmp	0xec9e5c	0xec9e1a
steam	instrument-raw-writer	0xebe8a0	0xec9e21	jl	0xec9e2c	0xec9e23
steam	instrument-raw-writer	0xebe8a0	0xec9e2a	jmp	0xec9e55	0xec9e2c
steam	instrument-raw-writer	0xebe8a0	0xec9e33	jl	0xec9e3e	0xec9e35
steam	instrument-raw-writer	0xebe8a0	0xec9e3c	jmp	0xec9e55	0xec9e3e
steam	instrument-raw-writer	0xebe8a0	0xec9e4c	jge	0xec9e55	0xec9e4e
steam	instrument-raw-writer	0xebe8a0	0xec9e8c	jne	0xeca040	0xec9e92
steam	instrument-raw-writer	0xebe8a0	0xec9e96	jne	0xec9ed7	0xec9e98
steam	instrument-raw-writer	0xebe8a0	0xec9ec0	je	0xec9f13	0xec9ec2
steam	instrument-raw-writer	0xebe8a0	0xec9ed5	jmp	0xec9f13	0xec9ed7
steam	instrument-raw-writer	0xebe8a0	0xec9f98	jne	0xec9fc5	0xec9f9a
steam	instrument-raw-writer	0xebe8a0	0xec9fc3	jmp	0xec9ff4	0xec9fc5
steam	instrument-raw-writer	0xebe8a0	0xec9feb	jl	0xeca000	0xec9fed
steam	instrument-raw-writer	0xebe8a0	0xeca002	je	0xeca118	0xeca008
steam	instrument-raw-writer	0xebe8a0	0xeca01f	jne	0xeca034	0xeca021
steam	instrument-raw-writer	0xebe8a0	0xeca03b	jmp	0xeca0ea	0xeca040
steam	instrument-raw-writer	0xebe8a0	0xeca044	jne	0xeca05b	0xeca046
steam	instrument-raw-writer	0xebe8a0	0xeca059	jmp	0xeca097	0xeca05b
steam	instrument-raw-writer	0xebe8a0	0xeca0e1	je	0xeca118	0xeca0e3
steam	instrument-raw-writer	0xebe8a0	0xeca143	jne	0xeca24e	0xeca149
steam	instrument-raw-writer	0xebe8a0	0xeca14c	je	0xeca157	0xeca14e
steam	instrument-raw-writer	0xebe8a0	0xeca155	jmp	0xeca173	0xeca157
steam	instrument-raw-writer	0xebe8a0	0xeca15a	je	0xeca165	0xeca15c
steam	instrument-raw-writer	0xebe8a0	0xeca163	jmp	0xeca173	0xeca165
steam	instrument-raw-writer	0xebe8a0	0xeca16a	je	0xeca17f	0xeca16c
steam	instrument-raw-writer	0xebe8a0	0xeca19f	jne	0xeca1c8	0xeca1a1
steam	instrument-raw-writer	0xebe8a0	0xeca1b1	jl	0xeca1d4	0xeca1b3
steam	instrument-raw-writer	0xebe8a0	0xeca1c6	jmp	0xeca1d4	0xeca1c8
steam	instrument-raw-writer	0xebe8a0	0xeca1ec	je	0xeca201	0xeca1ee
steam	instrument-raw-writer	0xebe8a0	0xeca249	jmp	0xeca31f	0xeca24e
steam	instrument-raw-writer	0xebe8a0	0xeca256	jne	0xeca28a	0xeca258
steam	instrument-raw-writer	0xebe8a0	0xeca25a	jne	0xeca28a	0xeca25c
steam	instrument-raw-writer	0xebe8a0	0xeca25f	je	0xeca26a	0xeca261
steam	instrument-raw-writer	0xebe8a0	0xeca268	jmp	0xeca291	0xeca26a
steam	instrument-raw-writer	0xebe8a0	0xeca26f	je	0xeca27a	0xeca271
steam	instrument-raw-writer	0xebe8a0	0xeca278	jmp	0xeca291	0xeca27a
steam	instrument-raw-writer	0xebe8a0	0xeca27f	je	0xeca29d	0xeca281
steam	instrument-raw-writer	0xebe8a0	0xeca288	jmp	0xeca291	0xeca28a
steam	instrument-raw-writer	0xebe8a0	0xeca2bc	jne	0xeca2e5	0xeca2be
steam	instrument-raw-writer	0xebe8a0	0xeca2ce	jl	0xeca2f1	0xeca2d0
steam	instrument-raw-writer	0xebe8a0	0xeca2e3	jmp	0xeca2f1	0xeca2e5
steam	instrument-raw-writer	0xebe8a0	0xeca2f3	je	0xeca308	0xeca2f5
steam	instrument-raw-writer	0xebe8a0	0xeca326	jl	0xeca341	0xeca328
steam	instrument-raw-writer	0xebe8a0	0xeca32a	jne	0xeca341	0xeca32c
steam	instrument-raw-writer	0xebe8a0	0xeca33f	jmp	0xeca353	0xeca341
steam	instrument-raw-writer	0xebe8a0	0xeca35a	jge	0xeca373	0xeca35c
steam	instrument-raw-writer	0xebe8a0	0xeca35e	jne	0xeca373	0xeca360
steam	instrument-raw-writer	0xebe8a0	0xeca3a5	jne	0xeca3f0	0xeca3a7
steam	instrument-raw-writer	0xebe8a0	0xeca3ee	je	0xeca3b0	0xeca3f0
steam	instrument-raw-writer	0xebe8a0	0xeca4fb	jl	0xec7e00	0xeca501
steam	instrument-raw-writer	0xebe8a0	0xeca563	jge	0xeca5bd	0xeca565
steam	instrument-raw-writer	0xebe8a0	0xeca5bb	jl	0xeca570	0xeca5bd
steam	instrument-raw-writer	0xebe8a0	0xeca613	jge	0xecb2f3	0xeca619
steam	instrument-raw-writer	0xebe8a0	0xeca6c7	je	0xeca71e	0xeca6c9
steam	instrument-raw-writer	0xebe8a0	0xeca723	je	0xeca77a	0xeca725
steam	instrument-raw-writer	0xebe8a0	0xeca7a2	jne	0xeca7ab	0xeca7a4
steam	instrument-raw-writer	0xebe8a0	0xeca804	je	0xeca8a6	0xeca80a
steam	instrument-raw-writer	0xebe8a0	0xeca8b5	je	0xeca931	0xeca8b7
steam	instrument-raw-writer	0xebe8a0	0xeca940	je	0xecaa26	0xeca946
steam	instrument-raw-writer	0xebe8a0	0xecaa33	je	0xecaad4	0xecaa39
steam	instrument-raw-writer	0xebe8a0	0xecaa5d	jge	0xecaa66	0xecaa5f
steam	instrument-raw-writer	0xebe8a0	0xecaae3	je	0xecab6f	0xecaae9
steam	instrument-raw-writer	0xebe8a0	0xecaaf3	jl	0xecab6f	0xecaaf5
steam	instrument-raw-writer	0xebe8a0	0xecab7e	je	0xecac30	0xecab84
steam	instrument-raw-writer	0xebe8a0	0xecab8e	jl	0xecac30	0xecab94
steam	instrument-raw-writer	0xebe8a0	0xecac3f	je	0xecaccb	0xecac45
steam	instrument-raw-writer	0xebe8a0	0xecac4f	jge	0xecaccb	0xecac51
steam	instrument-raw-writer	0xebe8a0	0xecacda	je	0xecad8c	0xecace0
steam	instrument-raw-writer	0xebe8a0	0xecacea	jge	0xecad8c	0xecacf0
steam	instrument-raw-writer	0xebe8a0	0xecad9b	je	0xecaf35	0xecada1
steam	instrument-raw-writer	0xebe8a0	0xecadc4	jl	0xecaebb	0xecadca
steam	instrument-raw-writer	0xebe8a0	0xecaddc	jne	0xecaebb	0xecade2
steam	instrument-raw-writer	0xebe8a0	0xecadf1	jne	0xecaebb	0xecadf7
steam	instrument-raw-writer	0xebe8a0	0xecae06	jne	0xecaebb	0xecae0c
steam	instrument-raw-writer	0xebe8a0	0xecae1b	jne	0xecaebb	0xecae21
steam	instrument-raw-writer	0xebe8a0	0xecae30	jne	0xecaebb	0xecae36
steam	instrument-raw-writer	0xebe8a0	0xecae45	jne	0xecaebb	0xecae47
steam	instrument-raw-writer	0xebe8a0	0xecae5a	jne	0xecaebb	0xecae5c
steam	instrument-raw-writer	0xebe8a0	0xecaeb9	jmp	0xecaf07	0xecaebb
steam	instrument-raw-writer	0xebe8a0	0xecaf44	je	0xecb0de	0xecaf4a
steam	instrument-raw-writer	0xebe8a0	0xecaf6d	jl	0xecb064	0xecaf73
steam	instrument-raw-writer	0xebe8a0	0xecaf85	jne	0xecb064	0xecaf8b
steam	instrument-raw-writer	0xebe8a0	0xecaf9a	jne	0xecb064	0xecafa0
steam	instrument-raw-writer	0xebe8a0	0xecafaf	jne	0xecb064	0xecafb5
steam	instrument-raw-writer	0xebe8a0	0xecafc4	jne	0xecb064	0xecafca
steam	instrument-raw-writer	0xebe8a0	0xecafd9	jne	0xecb064	0xecafdf
steam	instrument-raw-writer	0xebe8a0	0xecafee	jne	0xecb064	0xecaff0
steam	instrument-raw-writer	0xebe8a0	0xecb003	jne	0xecb064	0xecb005
steam	instrument-raw-writer	0xebe8a0	0xecb062	jmp	0xecb0b0	0xecb064
steam	instrument-raw-writer	0xebe8a0	0xecb0ed	je	0xecb18f	0xecb0f3
steam	instrument-raw-writer	0xebe8a0	0xecb19e	je	0xecb240	0xecb1a4
steam	instrument-raw-writer	0xebe8a0	0xecb29b	jne	0xecb2c2	0xecb29d
steam	instrument-raw-writer	0xebe8a0	0xecb2e9	jne	0xeca630	0xecb2ef
steam	instrument-raw-writer	0xebe8a0	0xecb2fa	jge	0xecc1f9	0xecb300
steam	instrument-raw-writer	0xebe8a0	0xecb3ab	je	0xecb401	0xecb3ad
steam	instrument-raw-writer	0xebe8a0	0xecb405	je	0xecb45b	0xecb407
steam	instrument-raw-writer	0xebe8a0	0xecb474	jne	0xecb4a0	0xecb476
steam	instrument-raw-writer	0xebe8a0	0xecb48c	je	0xecb497	0xecb48e
steam	instrument-raw-writer	0xebe8a0	0xecb495	jmp	0xecb4ae	0xecb497
steam	instrument-raw-writer	0xebe8a0	0xecb49e	jmp	0xecb4ae	0xecb4a0
steam	instrument-raw-writer	0xebe8a0	0xecb503	je	0xecbad0	0xecb509
steam	instrument-raw-writer	0xebe8a0	0xecb555	je	0xecb66e	0xecb55b
steam	instrument-raw-writer	0xebe8a0	0xecb57a	je	0xecb63f	0xecb580
steam	instrument-raw-writer	0xebe8a0	0xecb5df	je	0xecb63f	0xecb5e1
steam	instrument-raw-writer	0xebe8a0	0xecb60c	jne	0xecb637	0xecb60e
steam	instrument-raw-writer	0xebe8a0	0xecb633	jne	0xecb5e1	0xecb635
steam	instrument-raw-writer	0xebe8a0	0xecb635	jmp	0xecb63f	0xecb637
steam	instrument-raw-writer	0xebe8a0	0xecb668	jne	0xecb560	0xecb66e
steam	instrument-raw-writer	0xebe8a0	0xecb6ba	je	0xecb771	0xecb6c0
steam	instrument-raw-writer	0xebe8a0	0xecb76b	jne	0xecb6c0	0xecb771
steam	instrument-raw-writer	0xebe8a0	0xecb828	je	0xecb8d6	0xecb82e
steam	instrument-raw-writer	0xebe8a0	0xecb833	cmovb	edx,r13d	0xecb837
steam	instrument-raw-writer	0xebe8a0	0xecb839	jns	0xecb8d6	0xecb83f
steam	instrument-raw-writer	0xebe8a0	0xecb8d1	jmp	0xecb821	0xecb8d6
steam	instrument-raw-writer	0xebe8a0	0xecb8d9	je	0xecbabb	0xecb8df
steam	instrument-raw-writer	0xebe8a0	0xecb8f5	je	0xecb908	0xecb8f7
steam	instrument-raw-writer	0xebe8a0	0xecb917	je	0xecb92a	0xecb919
steam	instrument-raw-writer	0xebe8a0	0xecb939	je	0xecb94c	0xecb93b
steam	instrument-raw-writer	0xebe8a0	0xecb950	jle	0xecb96b	0xecb952
steam	instrument-raw-writer	0xebe8a0	0xecb958	je	0xecb96b	0xecb95a
steam	instrument-raw-writer	0xebe8a0	0xecb97a	je	0xecb999	0xecb97c
steam	instrument-raw-writer	0xebe8a0	0xecb986	jl	0xecb999	0xecb988
steam	instrument-raw-writer	0xebe8a0	0xecb9a8	je	0xecb9c7	0xecb9aa
steam	instrument-raw-writer	0xebe8a0	0xecb9b4	jl	0xecb9c7	0xecb9b6
steam	instrument-raw-writer	0xebe8a0	0xecb9d6	je	0xecb9f5	0xecb9d8
steam	instrument-raw-writer	0xebe8a0	0xecb9e2	jge	0xecb9f5	0xecb9e4
steam	instrument-raw-writer	0xebe8a0	0xecb9fc	jle	0xecba76	0xecb9fe
steam	instrument-raw-writer	0xebe8a0	0xecba09	je	0xecba28	0xecba0b
steam	instrument-raw-writer	0xebe8a0	0xecba15	jge	0xecba28	0xecba17
steam	instrument-raw-writer	0xebe8a0	0xecba2f	jle	0xecba76	0xecba31
steam	instrument-raw-writer	0xebe8a0	0xecba3c	je	0xecba4f	0xecba3e
steam	instrument-raw-writer	0xebe8a0	0xecba56	jle	0xecba76	0xecba58
steam	instrument-raw-writer	0xebe8a0	0xecba63	je	0xecba76	0xecba65
steam	instrument-raw-writer	0xebe8a0	0xecba85	je	0xecba98	0xecba87
steam	instrument-raw-writer	0xebe8a0	0xecbaa7	je	0xecbabb	0xecbaa9
steam	instrument-raw-writer	0xebe8a0	0xecbacb	jmp	0xecc142	0xecbad0
steam	instrument-raw-writer	0xebe8a0	0xecbadf	je	0xecbb80	0xecbae5
steam	instrument-raw-writer	0xebe8a0	0xecbb09	jge	0xecbb12	0xecbb0b
steam	instrument-raw-writer	0xebe8a0	0xecbb93	je	0xecbc45	0xecbb99
steam	instrument-raw-writer	0xebe8a0	0xecbba3	jl	0xecbc45	0xecbba9
steam	instrument-raw-writer	0xebe8a0	0xecbc52	je	0xecbd04	0xecbc58
steam	instrument-raw-writer	0xebe8a0	0xecbc62	jge	0xecbd04	0xecbc68
steam	instrument-raw-writer	0xebe8a0	0xecbd13	je	0xecbd9f	0xecbd19
steam	instrument-raw-writer	0xebe8a0	0xecbd23	jl	0xecbd9f	0xecbd25
steam	instrument-raw-writer	0xebe8a0	0xecbdae	je	0xecbe3a	0xecbdb4
steam	instrument-raw-writer	0xebe8a0	0xecbdbe	jge	0xecbe3a	0xecbdc0
steam	instrument-raw-writer	0xebe8a0	0xecbe49	je	0xecbf2f	0xecbe4f
steam	instrument-raw-writer	0xebe8a0	0xecbf3e	je	0xecbfe0	0xecbf44
steam	instrument-raw-writer	0xebe8a0	0xecbfef	je	0xecc091	0xecbff5
steam	instrument-raw-writer	0xebe8a0	0xecc0a0	je	0xecc142	0xecc0a6
steam	instrument-raw-writer	0xebe8a0	0xecc1ab	jne	0xecc1d4	0xecc1ad
steam	instrument-raw-writer	0xebe8a0	0xecc1f3	jl	0xecb310	0xecc1f9
steam	instrument-raw-writer	0xebe8a0	0xecc236	jge	0xecc28d	0xecc238
steam	instrument-raw-writer	0xebe8a0	0xecc28b	jl	0xecc240	0xecc28d
classic	take-from-pack-animal-caption	0x890b40	0x890b77	je	0x890e48	0x890b7d
classic	take-from-pack-animal-caption	0x890b40	0x890bcc	cmova	rdx,QWORD PTR [rbp+0x7]	0x890bd1
classic	take-from-pack-animal-caption	0x890b40	0x890bf1	jne	0x890cba	0x890bf7
classic	take-from-pack-animal-caption	0x890b40	0x890bf9	je	0x890ca2	0x890bff
classic	take-from-pack-animal-caption	0x890b40	0x890c0a	jae	0x890c6d	0x890c0c
classic	take-from-pack-animal-caption	0x890b40	0x890c18	je	0x890c43	0x890c1a
classic	take-from-pack-animal-caption	0x890b40	0x890c1d	jne	0x890c51	0x890c1f
classic	take-from-pack-animal-caption	0x890b40	0x890c2b	je	0x890c51	0x890c2d
classic	take-from-pack-animal-caption	0x890b40	0x890c41	jmp	0x890cba	0x890c43
classic	take-from-pack-animal-caption	0x890b40	0x890c4f	jne	0x890c57	0x890c51
classic	take-from-pack-animal-caption	0x890b40	0x890c55	jmp	0x890c07	0x890c57
classic	take-from-pack-animal-caption	0x890b40	0x890c6b	jmp	0x890cba	0x890c6d
classic	take-from-pack-animal-caption	0x890b40	0x890c78	jae	0x890cba	0x890c7a
classic	take-from-pack-animal-caption	0x890b40	0x890c80	je	0x890c88	0x890c82
classic	take-from-pack-animal-caption	0x890b40	0x890c86	jmp	0x890c75	0x890c88
classic	take-from-pack-animal-caption	0x890b40	0x890ca0	jmp	0x890cb6	0x890ca2
classic	take-from-pack-animal-caption	0x890b40	0x890cbf	jne	0x890d69	0x890cc5
classic	take-from-pack-animal-caption	0x890b40	0x890cca	je	0x890d69	0x890cd0
classic	take-from-pack-animal-caption	0x890b40	0x890d19	cmova	rdx,QWORD PTR [rbp-0x19]	0x890d1e
classic	take-from-pack-animal-caption	0x890b40	0x890d33	jbe	0x890d69	0x890d35
classic	take-from-pack-animal-caption	0x890b40	0x890d46	jb	0x890d64	0x890d48
classic	take-from-pack-animal-caption	0x890b40	0x890d5b	jbe	0x890d64	0x890d5d
classic	take-from-pack-animal-caption	0x890b40	0x890d71	je	0x890e0a	0x890d77
classic	take-from-pack-animal-caption	0x890b40	0x890d85	jne	0x890da1	0x890d87
classic	take-from-pack-animal-caption	0x890b40	0x890d92	jne	0x890da1	0x890d94
classic	take-from-pack-animal-caption	0x890b40	0x890d9f	je	0x890e0a	0x890da1
classic	take-from-pack-animal-caption	0x890b40	0x890e12	jbe	0x890e48	0x890e14
classic	take-from-pack-animal-caption	0x890b40	0x890e25	jb	0x890e43	0x890e27
classic	take-from-pack-animal-caption	0x890b40	0x890e3a	jbe	0x890e43	0x890e3c
classic	shared-item-noun	0xa7fc90	0xa7fd16	jne	0xa7fddc	0xa7fd1c
classic	shared-item-noun	0xa7fc90	0xa7fd22	je	0xa7fd3c	0xa7fd24
classic	shared-item-noun	0xa7fc90	0xa7fd27	je	0xa7fd3c	0xa7fd29
classic	shared-item-noun	0xa7fc90	0xa7fd2c	je	0xa7fd3c	0xa7fd2e
classic	shared-item-noun	0xa7fc90	0xa7fd31	je	0xa7fd3c	0xa7fd33
classic	shared-item-noun	0xa7fc90	0xa7fd36	jne	0xa7fdda	0xa7fd3c
classic	shared-item-noun	0xa7fc90	0xa7fd45	jne	0xa7fd74	0xa7fd47
classic	shared-item-noun	0xa7fc90	0xa7fd5c	je	0xa7fd82	0xa7fd5e
classic	shared-item-noun	0xa7fc90	0xa7fd68	je	0xa7fd82	0xa7fd6a
classic	shared-item-noun	0xa7fc90	0xa7fd72	jmp	0xa7fd88	0xa7fd74
classic	shared-item-noun	0xa7fc90	0xa7fd76	jne	0xa7fd82	0xa7fd78
classic	shared-item-noun	0xa7fc90	0xa7fd80	jmp	0xa7fd88	0xa7fd82
classic	shared-item-noun	0xa7fc90	0xa7fda0	je	0xa7fdb9	0xa7fda2
classic	shared-item-noun	0xa7fc90	0xa7fda5	jne	0xa7fdda	0xa7fda7
classic	shared-item-noun	0xa7fc90	0xa7fdb7	jmp	0xa7fdc9	0xa7fdb9
classic	shared-item-noun	0xa7fc90	0xa7fde3	jne	0xa7fdfd	0xa7fde5
classic	shared-item-noun	0xa7fc90	0xa7fdf1	jbe	0xa7fdf6	0xa7fdf3
classic	shared-item-noun	0xa7fc90	0xa7fe04	je	0xa7fe1f	0xa7fe06
classic	shared-item-noun	0xa7fc90	0xa7fe4c	ja	0xa85068	0xa7fe52
classic	shared-item-noun	0xa7fc90	0xa7fe63	jmp	rax	0xa7fe65
classic	shared-item-noun	0xa7fc90	0xa7fe76	jne	0xa7fe7c	0xa7fe78
classic	shared-item-noun	0xa7fc90	0xa7fe7a	je	0xa7fed6	0xa7fe7c
classic	shared-item-noun	0xa7fc90	0xa7fead	cmova	rdx,QWORD PTR [rsp+0x68]	0xa7feb3
classic	shared-item-noun	0xa7fc90	0xa7fec4	jne	0xa850eb	0xa7feca
classic	shared-item-noun	0xa7fc90	0xa7fed4	jmp	0xa7fee0	0xa7fed6
classic	shared-item-noun	0xa7fc90	0xa7feda	jne	0xa850eb	0xa7fee0
classic	shared-item-noun	0xa7fc90	0xa7fef5	jmp	0xa850eb	0xa7fefa
classic	shared-item-noun	0xa7fc90	0xa7ff04	jne	0xa7ff0a	0xa7ff06
classic	shared-item-noun	0xa7fc90	0xa7ff08	je	0xa7ff58	0xa7ff0a
classic	shared-item-noun	0xa7fc90	0xa7ff3b	cmova	rdx,QWORD PTR [rsp+0x68]	0xa7ff41
classic	shared-item-noun	0xa7fc90	0xa7ff71	je	0xa85127	0xa7ff77
classic	shared-item-noun	0xa7fc90	0xa7ff8c	jmp	0xa850eb	0xa7ff91
classic	shared-item-noun	0xa7fc90	0xa7ff95	jne	0xa7ffb1	0xa7ff97
classic	shared-item-noun	0xa7fc90	0xa7ffac	jmp	0xa850eb	0xa7ffb1
classic	shared-item-noun	0xa7fc90	0xa7ffb4	jne	0xa7ffca	0xa7ffb6
classic	shared-item-noun	0xa7fc90	0xa7ffc5	jmp	0xa850eb	0xa7ffca
classic	shared-item-noun	0xa7fc90	0xa7ffcd	jne	0xa7ffe3	0xa7ffcf
classic	shared-item-noun	0xa7fc90	0xa7ffde	jmp	0xa850eb	0xa7ffe3
classic	shared-item-noun	0xa7fc90	0xa7ffe6	jne	0xa7fffc	0xa7ffe8
classic	shared-item-noun	0xa7fc90	0xa7fff7	jmp	0xa850eb	0xa7fffc
classic	shared-item-noun	0xa7fc90	0xa7ffff	jne	0xa8001e	0xa80001
classic	shared-item-noun	0xa7fc90	0xa80004	jne	0xa850eb	0xa8000a
classic	shared-item-noun	0xa7fc90	0xa80019	jmp	0xa850eb	0xa8001e
classic	shared-item-noun	0xa7fc90	0xa80069	jmp	0xa850eb	0xa8006e
classic	shared-item-noun	0xa7fc90	0xa8007b	jne	0xa800d8	0xa8007d
classic	shared-item-noun	0xa7fc90	0xa8007f	js	0xa800c1	0xa80081
classic	shared-item-noun	0xa7fc90	0xa80099	jae	0xa800c1	0xa8009b
classic	shared-item-noun	0xa7fc90	0xa800a3	jle	0xa800b5	0xa800a5
classic	shared-item-noun	0xa7fc90	0xa800ad	je	0xa800b5	0xa800af
classic	shared-item-noun	0xa7fc90	0xa800b3	jmp	0xa800b7	0xa800b5
classic	shared-item-noun	0xa7fc90	0xa800b9	je	0xa800d8	0xa800bb
classic	shared-item-noun	0xa7fc90	0xa800bf	jmp	0xa800ff	0xa800c1
classic	shared-item-noun	0xa7fc90	0xa800d6	jmp	0xa800fc	0xa800d8
classic	shared-item-noun	0xa7fc90	0xa800f1	jne	0xa800fc	0xa800f3
classic	shared-item-noun	0xa7fc90	0xa800f6	je	0xa801b8	0xa800fc
classic	shared-item-noun	0xa7fc90	0xa80146	cmova	rdx,QWORD PTR [rbp-0x38]	0xa8014b
classic	shared-item-noun	0xa7fc90	0xa8015a	jne	0xa80167	0xa8015c
classic	shared-item-noun	0xa7fc90	0xa8016f	jbe	0xa801a2	0xa80171
classic	shared-item-noun	0xa7fc90	0xa80182	jb	0xa8019d	0xa80184
classic	shared-item-noun	0xa7fc90	0xa80197	ja	0xa83d7e	0xa8019d
classic	shared-item-noun	0xa7fc90	0xa801b6	jne	0xa801cd	0xa801b8
classic	shared-item-noun	0xa7fc90	0xa801d2	jne	0xa850eb	0xa801d8
classic	shared-item-noun	0xa7fc90	0xa801ed	jmp	0xa850eb	0xa801f2
classic	shared-item-noun	0xa7fc90	0xa801f5	jne	0xa8024b	0xa801f7
classic	shared-item-noun	0xa7fc90	0xa801fa	je	0xa80237	0xa801fc
classic	shared-item-noun	0xa7fc90	0xa80232	jmp	0xa850eb	0xa80237
classic	shared-item-noun	0xa7fc90	0xa80246	jmp	0xa850eb	0xa8024b
classic	shared-item-noun	0xa7fc90	0xa80256	jne	0xa80271	0xa80258
classic	shared-item-noun	0xa7fc90	0xa8025b	jne	0xa80271	0xa8025d
classic	shared-item-noun	0xa7fc90	0xa8026c	jmp	0xa850eb	0xa80271
classic	shared-item-noun	0xa7fc90	0xa802c4	jmp	0xa850eb	0xa802c9
classic	shared-item-noun	0xa7fc90	0xa802cc	je	0xa80386	0xa802d2
classic	shared-item-noun	0xa7fc90	0xa802d5	je	0xa8034e	0xa802d7
classic	shared-item-noun	0xa7fc90	0xa802db	je	0xa8033a	0xa802dd
classic	shared-item-noun	0xa7fc90	0xa80335	jmp	0xa850eb	0xa8033a
classic	shared-item-noun	0xa7fc90	0xa80349	jmp	0xa850eb	0xa8034e
classic	shared-item-noun	0xa7fc90	0xa80351	jne	0xa80367	0xa80353
classic	shared-item-noun	0xa7fc90	0xa80362	jmp	0xa850eb	0xa80367
classic	shared-item-noun	0xa7fc90	0xa80370	je	0xa80379	0xa80372
classic	shared-item-noun	0xa7fc90	0xa80381	jmp	0xa850eb	0xa80386
classic	shared-item-noun	0xa7fc90	0xa80389	jne	0xa803ae	0xa8038b
classic	shared-item-noun	0xa7fc90	0xa803a9	jmp	0xa850eb	0xa803ae
classic	shared-item-noun	0xa7fc90	0xa80408	js	0xa8039a	0xa8040a
classic	shared-item-noun	0xa7fc90	0xa80422	jae	0xa8039a	0xa80428
classic	shared-item-noun	0xa7fc90	0xa80430	jle	0xa80440	0xa80432
classic	shared-item-noun	0xa7fc90	0xa8043a	je	0xa80440	0xa8043c
classic	shared-item-noun	0xa7fc90	0xa8043e	jmp	0xa80442	0xa80440
classic	shared-item-noun	0xa7fc90	0xa80444	je	0xa8039a	0xa8044a
classic	shared-item-noun	0xa7fc90	0xa80459	jmp	0xa850eb	0xa8045e
classic	shared-item-noun	0xa7fc90	0xa8046a	je	0xa804d1	0xa8046c
classic	shared-item-noun	0xa7fc90	0xa80484	je	0xa804d1	0xa80486
classic	shared-item-noun	0xa7fc90	0xa8048d	js	0xa804ba	0xa8048f
classic	shared-item-noun	0xa7fc90	0xa804a1	je	0xa804bd	0xa804a3
classic	shared-item-noun	0xa7fc90	0xa804a6	cmovle	edx,eax	0xa804a9
classic	shared-item-noun	0xa7fc90	0xa804ac	cmovle	eax,r8d	0xa804b0
classic	shared-item-noun	0xa7fc90	0xa804b5	jle	0xa80490	0xa804b7
classic	shared-item-noun	0xa7fc90	0xa804c0	je	0xa804d1	0xa804c2
classic	shared-item-noun	0xa7fc90	0xa80511	je	0xa80532	0xa80513
classic	shared-item-noun	0xa7fc90	0xa8051c	cmova	rdx,QWORD PTR [rbp-0x18]	0xa80521
classic	shared-item-noun	0xa7fc90	0xa8052d	jmp	0xa805f5	0xa80532
classic	shared-item-noun	0xa7fc90	0xa80536	jne	0xa8054c	0xa80538
classic	shared-item-noun	0xa7fc90	0xa80547	jmp	0xa805f5	0xa8054c
classic	shared-item-noun	0xa7fc90	0xa8054f	jne	0xa80565	0xa80551
classic	shared-item-noun	0xa7fc90	0xa80560	jmp	0xa805f5	0xa80565
classic	shared-item-noun	0xa7fc90	0xa80568	jne	0xa8057b	0xa8056a
classic	shared-item-noun	0xa7fc90	0xa80579	jmp	0xa805f5	0xa8057b
classic	shared-item-noun	0xa7fc90	0xa8057e	jne	0xa80591	0xa80580
classic	shared-item-noun	0xa7fc90	0xa8058f	jmp	0xa805f5	0xa80591
classic	shared-item-noun	0xa7fc90	0xa80594	jne	0xa805ac	0xa80596
classic	shared-item-noun	0xa7fc90	0xa80599	jne	0xa805f5	0xa8059b
classic	shared-item-noun	0xa7fc90	0xa805aa	jmp	0xa805f5	0xa805ac
classic	shared-item-noun	0xa7fc90	0xa805fd	jbe	0xa80630	0xa805ff
classic	shared-item-noun	0xa7fc90	0xa80610	jb	0xa8062b	0xa80612
classic	shared-item-noun	0xa7fc90	0xa80625	ja	0xa83d7e	0xa8062b
classic	shared-item-noun	0xa7fc90	0xa80640	jmp	0xa850eb	0xa80645
classic	shared-item-noun	0xa7fc90	0xa8064f	jne	0xa80655	0xa80651
classic	shared-item-noun	0xa7fc90	0xa80653	je	0xa806a3	0xa80655
classic	shared-item-noun	0xa7fc90	0xa80686	cmova	rdx,QWORD PTR [rsp+0x68]	0xa8068c
classic	shared-item-noun	0xa7fc90	0xa806bb	je	0xa806e9	0xa806bd
classic	shared-item-noun	0xa7fc90	0xa806c5	je	0xa806d8	0xa806c7
classic	shared-item-noun	0xa7fc90	0xa806d3	jmp	0xa850eb	0xa806d8
classic	shared-item-noun	0xa7fc90	0xa806e4	jmp	0xa850eb	0xa806e9
classic	shared-item-noun	0xa7fc90	0xa806fb	jmp	0xa850eb	0xa80700
classic	shared-item-noun	0xa7fc90	0xa8070a	jne	0xa80710	0xa8070c
classic	shared-item-noun	0xa7fc90	0xa8070e	je	0xa8075e	0xa80710
classic	shared-item-noun	0xa7fc90	0xa80741	cmova	rdx,QWORD PTR [rsp+0x68]	0xa80747
classic	shared-item-noun	0xa7fc90	0xa80773	je	0xa8078f	0xa80775
classic	shared-item-noun	0xa7fc90	0xa8077c	jle	0xa8078f	0xa8077e
classic	shared-item-noun	0xa7fc90	0xa80789	je	0xa8078f	0xa8078b
classic	shared-item-noun	0xa7fc90	0xa8078d	jmp	0xa80791	0xa8078f
classic	shared-item-noun	0xa7fc90	0xa807ad	cmove	rdx,rcx	0xa807b1
classic	shared-item-noun	0xa7fc90	0xa807b1	jmp	0xa850d3	0xa807b6
classic	shared-item-noun	0xa7fc90	0xa807c0	jne	0xa807c6	0xa807c2
classic	shared-item-noun	0xa7fc90	0xa807c4	je	0xa80814	0xa807c6
classic	shared-item-noun	0xa7fc90	0xa807f7	cmova	rdx,QWORD PTR [rsp+0x68]	0xa807fd
classic	shared-item-noun	0xa7fc90	0xa80821	jmp	0xa850d3	0xa80826
classic	shared-item-noun	0xa7fc90	0xa80830	jne	0xa80836	0xa80832
classic	shared-item-noun	0xa7fc90	0xa80834	je	0xa80884	0xa80836
classic	shared-item-noun	0xa7fc90	0xa80867	cmova	rdx,QWORD PTR [rsp+0x68]	0xa8086d
classic	shared-item-noun	0xa7fc90	0xa80891	jmp	0xa850d3	0xa80896
classic	shared-item-noun	0xa7fc90	0xa808a0	jne	0xa808a6	0xa808a2
classic	shared-item-noun	0xa7fc90	0xa808a4	je	0xa808f4	0xa808a6
classic	shared-item-noun	0xa7fc90	0xa808d7	cmova	rdx,QWORD PTR [rsp+0x68]	0xa808dd
classic	shared-item-noun	0xa7fc90	0xa80901	jmp	0xa850d3	0xa80906
classic	shared-item-noun	0xa7fc90	0xa80910	jne	0xa80916	0xa80912
classic	shared-item-noun	0xa7fc90	0xa80914	je	0xa80964	0xa80916
classic	shared-item-noun	0xa7fc90	0xa80947	cmova	rdx,QWORD PTR [rsp+0x68]	0xa8094d
classic	shared-item-noun	0xa7fc90	0xa80971	jmp	0xa850d3	0xa80976
classic	shared-item-noun	0xa7fc90	0xa80980	jne	0xa80986	0xa80982
classic	shared-item-noun	0xa7fc90	0xa80984	je	0xa809d4	0xa80986
classic	shared-item-noun	0xa7fc90	0xa809b7	cmova	rdx,QWORD PTR [rsp+0x68]	0xa809bd
classic	shared-item-noun	0xa7fc90	0xa809e1	jmp	0xa850d3	0xa809e6
classic	shared-item-noun	0xa7fc90	0xa809f0	jne	0xa809f6	0xa809f2
classic	shared-item-noun	0xa7fc90	0xa809f4	je	0xa80a44	0xa809f6
classic	shared-item-noun	0xa7fc90	0xa80a27	cmova	rdx,QWORD PTR [rsp+0x68]	0xa80a2d
classic	shared-item-noun	0xa7fc90	0xa80a51	jmp	0xa850d3	0xa80a56
classic	shared-item-noun	0xa7fc90	0xa80a60	jne	0xa80a66	0xa80a62
classic	shared-item-noun	0xa7fc90	0xa80a64	je	0xa80ab4	0xa80a66
classic	shared-item-noun	0xa7fc90	0xa80a97	cmova	rdx,QWORD PTR [rsp+0x68]	0xa80a9d
classic	shared-item-noun	0xa7fc90	0xa80ac1	jmp	0xa850d3	0xa80ac6
classic	shared-item-noun	0xa7fc90	0xa80ad0	jne	0xa80ad6	0xa80ad2
classic	shared-item-noun	0xa7fc90	0xa80ad4	je	0xa80b24	0xa80ad6
classic	shared-item-noun	0xa7fc90	0xa80b07	cmova	rdx,QWORD PTR [rsp+0x68]	0xa80b0d
classic	shared-item-noun	0xa7fc90	0xa80b31	jmp	0xa850d3	0xa80b36
classic	shared-item-noun	0xa7fc90	0xa80b40	jne	0xa80b46	0xa80b42
classic	shared-item-noun	0xa7fc90	0xa80b44	je	0xa80b94	0xa80b46
classic	shared-item-noun	0xa7fc90	0xa80b77	cmova	rdx,QWORD PTR [rsp+0x68]	0xa80b7d
classic	shared-item-noun	0xa7fc90	0xa80ba9	je	0xa80bf3	0xa80bab
classic	shared-item-noun	0xa7fc90	0xa80bb2	jle	0xa80bc5	0xa80bb4
classic	shared-item-noun	0xa7fc90	0xa80bbf	je	0xa80bc5	0xa80bc1
classic	shared-item-noun	0xa7fc90	0xa80bc3	jmp	0xa80bc7	0xa80bc5
classic	shared-item-noun	0xa7fc90	0xa80bc9	je	0xa80bf3	0xa80bcb
classic	shared-item-noun	0xa7fc90	0xa80be4	je	0xa85127	0xa80bea
classic	shared-item-noun	0xa7fc90	0xa80bf1	jmp	0xa80c4a	0xa80bf3
classic	shared-item-noun	0xa7fc90	0xa80bf6	jne	0xa80c1c	0xa80bf8
classic	shared-item-noun	0xa7fc90	0xa80c11	jne	0xa80c22	0xa80c13
classic	shared-item-noun	0xa7fc90	0xa80c1a	jmp	0xa80c29	0xa80c1c
classic	shared-item-noun	0xa7fc90	0xa80c20	je	0xa80c3d	0xa80c22
classic	shared-item-noun	0xa7fc90	0xa80c35	je	0xa85127	0xa80c3b
classic	shared-item-noun	0xa7fc90	0xa80c3b	jmp	0xa80c52	0xa80c3d
classic	shared-item-noun	0xa7fc90	0xa80c41	je	0xa80c6c	0xa80c43
classic	shared-item-noun	0xa7fc90	0xa80c67	jmp	0xa850eb	0xa80c6c
classic	shared-item-noun	0xa7fc90	0xa80c7b	jmp	0xa85127	0xa80c80
classic	shared-item-noun	0xa7fc90	0xa80c8a	jne	0xa80c90	0xa80c8c
classic	shared-item-noun	0xa7fc90	0xa80c8e	je	0xa80cde	0xa80c90
classic	shared-item-noun	0xa7fc90	0xa80cc1	cmova	rdx,QWORD PTR [rsp+0x68]	0xa80cc7
classic	shared-item-noun	0xa7fc90	0xa80ceb	jmp	0xa850d3	0xa80cf0
classic	shared-item-noun	0xa7fc90	0xa80cf3	je	0xa80d1b	0xa80cf5
classic	shared-item-noun	0xa7fc90	0xa80cfe	cmova	rdx,QWORD PTR [rbp-0x78]	0xa80d03
classic	shared-item-noun	0xa7fc90	0xa80d25	jne	0xa80d2b	0xa80d27
classic	shared-item-noun	0xa7fc90	0xa80d29	je	0xa80d79	0xa80d2b
classic	shared-item-noun	0xa7fc90	0xa80d5c	cmova	rdx,QWORD PTR [rsp+0x68]	0xa80d62
classic	shared-item-noun	0xa7fc90	0xa80d86	jmp	0xa850d3	0xa80d8b
classic	shared-item-noun	0xa7fc90	0xa80d8f	je	0xa80e63	0xa80d95
classic	shared-item-noun	0xa7fc90	0xa80dad	je	0xa80e48	0xa80db3
classic	shared-item-noun	0xa7fc90	0xa80dba	js	0xa80dea	0xa80dbc
classic	shared-item-noun	0xa7fc90	0xa80dd1	je	0xa80ded	0xa80dd3
classic	shared-item-noun	0xa7fc90	0xa80dd6	cmovle	edx,eax	0xa80dd9
classic	shared-item-noun	0xa7fc90	0xa80ddc	cmovle	eax,r8d	0xa80de0
classic	shared-item-noun	0xa7fc90	0xa80de5	jle	0xa80dc0	0xa80de7
classic	shared-item-noun	0xa7fc90	0xa80df0	je	0xa80e48	0xa80df2
classic	shared-item-noun	0xa7fc90	0xa80e09	je	0xa80e15	0xa80e0b
classic	shared-item-noun	0xa7fc90	0xa80e2c	je	0xa80ec6	0xa80e32
classic	shared-item-noun	0xa7fc90	0xa80e43	jmp	0xa850cd	0xa80e48
classic	shared-item-noun	0xa7fc90	0xa80e5e	jmp	0xa850cd	0xa80e63
classic	shared-item-noun	0xa7fc90	0xa80e6d	jne	0xa80e73	0xa80e6f
classic	shared-item-noun	0xa7fc90	0xa80e71	je	0xa80eb1	0xa80e73
classic	shared-item-noun	0xa7fc90	0xa80ecd	jmp	0xa850cd	0xa80ed2
classic	shared-item-noun	0xa7fc90	0xa80edc	jne	0xa80ee2	0xa80ede
classic	shared-item-noun	0xa7fc90	0xa80ee0	je	0xa80f30	0xa80ee2
classic	shared-item-noun	0xa7fc90	0xa80f13	cmova	rdx,QWORD PTR [rsp+0x68]	0xa80f19
classic	shared-item-noun	0xa7fc90	0xa80f3d	jmp	0xa850d3	0xa80f42
classic	shared-item-noun	0xa7fc90	0xa80f4c	jne	0xa80f52	0xa80f4e
classic	shared-item-noun	0xa7fc90	0xa80f50	je	0xa80fa0	0xa80f52
classic	shared-item-noun	0xa7fc90	0xa80f83	cmova	rdx,QWORD PTR [rsp+0x68]	0xa80f89
classic	shared-item-noun	0xa7fc90	0xa80fa7	jmp	0xa7ff5f	0xa80fac
classic	shared-item-noun	0xa7fc90	0xa80faf	je	0xa80fd7	0xa80fb1
classic	shared-item-noun	0xa7fc90	0xa80fba	cmova	rdx,QWORD PTR [rbp-0x78]	0xa80fbf
classic	shared-item-noun	0xa7fc90	0xa80fe1	jne	0xa80fe7	0xa80fe3
classic	shared-item-noun	0xa7fc90	0xa80fe5	je	0xa81035	0xa80fe7
classic	shared-item-noun	0xa7fc90	0xa81018	cmova	rdx,QWORD PTR [rsp+0x68]	0xa8101e
classic	shared-item-noun	0xa7fc90	0xa81042	jmp	0xa850d3	0xa81047
classic	shared-item-noun	0xa7fc90	0xa81051	jne	0xa81057	0xa81053
classic	shared-item-noun	0xa7fc90	0xa81055	je	0xa810ce	0xa81057
classic	shared-item-noun	0xa7fc90	0xa81088	cmova	rdx,QWORD PTR [rsp+0x68]	0xa8108e
classic	shared-item-noun	0xa7fc90	0xa810b8	ja	0xa810ce	0xa810ba
classic	shared-item-noun	0xa7fc90	0xa810c9	jmp	0xa850db	0xa810ce
classic	shared-item-noun	0xa7fc90	0xa810e3	je	0xa81137	0xa810e5
classic	shared-item-noun	0xa7fc90	0xa810ec	jle	0xa810ff	0xa810ee
classic	shared-item-noun	0xa7fc90	0xa810f9	jge	0xa810ff	0xa810fb
classic	shared-item-noun	0xa7fc90	0xa810fd	jmp	0xa81101	0xa810ff
classic	shared-item-noun	0xa7fc90	0xa81103	je	0xa81137	0xa81105
classic	shared-item-noun	0xa7fc90	0xa81126	cmove	rdx,rax	0xa8112a
classic	shared-item-noun	0xa7fc90	0xa81132	jmp	0xa850eb	0xa81137
classic	shared-item-noun	0xa7fc90	0xa81146	jmp	0xa850db	0xa8114b
classic	shared-item-noun	0xa7fc90	0xa81156	jne	0xa8115d	0xa81158
classic	shared-item-noun	0xa7fc90	0xa8115b	je	0xa811ac	0xa8115d
classic	shared-item-noun	0xa7fc90	0xa8118f	cmova	rdx,QWORD PTR [rsp+0x68]	0xa81195
classic	shared-item-noun	0xa7fc90	0xa811c1	je	0xa811e7	0xa811c3
classic	shared-item-noun	0xa7fc90	0xa811ca	jle	0xa811dd	0xa811cc
classic	shared-item-noun	0xa7fc90	0xa811d7	je	0xa811dd	0xa811d9
classic	shared-item-noun	0xa7fc90	0xa811db	jmp	0xa811df	0xa811dd
classic	shared-item-noun	0xa7fc90	0xa811e1	jne	0xa81268	0xa811e7
classic	shared-item-noun	0xa7fc90	0xa811eb	jne	0xa81268	0xa811ed
classic	shared-item-noun	0xa7fc90	0xa81207	jne	0xa81268	0xa81209
classic	shared-item-noun	0xa7fc90	0xa8120d	jne	0xa81268	0xa8120f
classic	shared-item-noun	0xa7fc90	0xa81229	jne	0xa81268	0xa8122b
classic	shared-item-noun	0xa7fc90	0xa8122f	jne	0xa81268	0xa81231
classic	shared-item-noun	0xa7fc90	0xa8124b	jne	0xa81268	0xa8124d
classic	shared-item-noun	0xa7fc90	0xa81252	jb	0xa81268	0xa81254
classic	shared-item-noun	0xa7fc90	0xa81263	jmp	0xa850db	0xa81268
classic	shared-item-noun	0xa7fc90	0xa8126f	jmp	0xa850cd	0xa81274
classic	shared-item-noun	0xa7fc90	0xa8127f	jne	0xa81286	0xa81281
classic	shared-item-noun	0xa7fc90	0xa81284	je	0xa812d5	0xa81286
classic	shared-item-noun	0xa7fc90	0xa812b8	cmova	rdx,QWORD PTR [rsp+0x68]	0xa812be
classic	shared-item-noun	0xa7fc90	0xa812ea	je	0xa81310	0xa812ec
classic	shared-item-noun	0xa7fc90	0xa812f3	jle	0xa81306	0xa812f5
classic	shared-item-noun	0xa7fc90	0xa81300	je	0xa81306	0xa81302
classic	shared-item-noun	0xa7fc90	0xa81304	jmp	0xa81308	0xa81306
classic	shared-item-noun	0xa7fc90	0xa8130a	jne	0xa813ca	0xa81310
classic	shared-item-noun	0xa7fc90	0xa81314	jne	0xa813ca	0xa8131a
classic	shared-item-noun	0xa7fc90	0xa81334	jne	0xa813ca	0xa8133a
classic	shared-item-noun	0xa7fc90	0xa8133e	jne	0xa813ca	0xa81344
classic	shared-item-noun	0xa7fc90	0xa8135e	jne	0xa813ca	0xa81360
classic	shared-item-noun	0xa7fc90	0xa81364	jne	0xa813ca	0xa81366
classic	shared-item-noun	0xa7fc90	0xa81380	jne	0xa813ca	0xa81382
classic	shared-item-noun	0xa7fc90	0xa81387	jb	0xa813ca	0xa81389
classic	shared-item-noun	0xa7fc90	0xa813a6	je	0xa813b9	0xa813a8
classic	shared-item-noun	0xa7fc90	0xa813b4	jmp	0xa850db	0xa813b9
classic	shared-item-noun	0xa7fc90	0xa813c5	jmp	0xa850db	0xa813ca
classic	shared-item-noun	0xa7fc90	0xa813d7	jmp	0xa850d3	0xa813dc
classic	shared-item-noun	0xa7fc90	0xa813e6	jne	0xa813ec	0xa813e8
classic	shared-item-noun	0xa7fc90	0xa813ea	je	0xa8143a	0xa813ec
classic	shared-item-noun	0xa7fc90	0xa8141d	cmova	rdx,QWORD PTR [rsp+0x68]	0xa81423
classic	shared-item-noun	0xa7fc90	0xa81455	js	0xa81473	0xa81457
classic	shared-item-noun	0xa7fc90	0xa81469	je	0xa81485	0xa8146b
classic	shared-item-noun	0xa7fc90	0xa81471	jns	0xa81460	0xa81473
classic	shared-item-noun	0xa7fc90	0xa81480	jmp	0xa850d3	0xa81485
classic	shared-item-noun	0xa7fc90	0xa8148f	je	0xa81473	0xa81491
classic	shared-item-noun	0xa7fc90	0xa8149f	cmove	edx,eax	0xa814a2
classic	shared-item-noun	0xa7fc90	0xa814ad	jmp	0xa850eb	0xa814b2
classic	shared-item-noun	0xa7fc90	0xa814cd	js	0xa814e7	0xa814cf
classic	shared-item-noun	0xa7fc90	0xa814d9	je	0xa81693	0xa814df
classic	shared-item-noun	0xa7fc90	0xa814e5	jns	0xa814d0	0xa814e7
classic	shared-item-noun	0xa7fc90	0xa814f5	jne	0xa81500	0xa814f7
classic	shared-item-noun	0xa7fc90	0xa814fa	je	0xa815ba	0xa81500
classic	shared-item-noun	0xa7fc90	0xa81503	je	0xa8156a	0xa81505
classic	shared-item-noun	0xa7fc90	0xa81519	je	0xa8156a	0xa8151b
classic	shared-item-noun	0xa7fc90	0xa81535	je	0xa8156a	0xa81537
classic	shared-item-noun	0xa7fc90	0xa81549	je	0xa8156a	0xa8154b
classic	shared-item-noun	0xa7fc90	0xa81559	jne	0xa8156a	0xa8155b
classic	shared-item-noun	0xa7fc90	0xa8159d	cmova	rdx,QWORD PTR [rsp+0x68]	0xa815a3
classic	shared-item-noun	0xa7fc90	0xa815be	je	0xa8166d	0xa815c4
classic	shared-item-noun	0xa7fc90	0xa815dc	je	0xa8166d	0xa815e2
classic	shared-item-noun	0xa7fc90	0xa815ea	js	0xa81617	0xa815ec
classic	shared-item-noun	0xa7fc90	0xa81601	je	0xa8161a	0xa81603
classic	shared-item-noun	0xa7fc90	0xa81606	cmovle	edx,eax	0xa81609
classic	shared-item-noun	0xa7fc90	0xa8160c	cmovle	eax,r8d	0xa81610
classic	shared-item-noun	0xa7fc90	0xa81615	jle	0xa815f0	0xa81617
classic	shared-item-noun	0xa7fc90	0xa8161d	je	0xa8166d	0xa8161f
classic	shared-item-noun	0xa7fc90	0xa8162e	je	0xa8166d	0xa81630
classic	shared-item-noun	0xa7fc90	0xa81656	je	0xa8166d	0xa81658
classic	shared-item-noun	0xa7fc90	0xa81673	je	0xa816d7	0xa81675
classic	shared-item-noun	0xa7fc90	0xa81683	cmove	edx,eax	0xa81686
classic	shared-item-noun	0xa7fc90	0xa8168e	jmp	0xa850eb	0xa81693
classic	shared-item-noun	0xa7fc90	0xa816a0	je	0xa814ea	0xa816a6
classic	shared-item-noun	0xa7fc90	0xa816ae	je	0xa814ea	0xa816b4
classic	shared-item-noun	0xa7fc90	0xa816d2	jmp	0xa814ea	0xa816d7
classic	shared-item-noun	0xa7fc90	0xa816e4	jmp	0xa850d6	0xa816e9
classic	shared-item-noun	0xa7fc90	0xa816f3	jne	0xa816f9	0xa816f5
classic	shared-item-noun	0xa7fc90	0xa816f7	je	0xa81747	0xa816f9
classic	shared-item-noun	0xa7fc90	0xa8172a	cmova	rdx,QWORD PTR [rsp+0x68]	0xa81730
classic	shared-item-noun	0xa7fc90	0xa81762	js	0xa81777	0xa81764
classic	shared-item-noun	0xa7fc90	0xa8176d	je	0xa81789	0xa8176f
classic	shared-item-noun	0xa7fc90	0xa81775	jns	0xa81764	0xa81777
classic	shared-item-noun	0xa7fc90	0xa81784	jmp	0xa850d3	0xa81789
classic	shared-item-noun	0xa7fc90	0xa81793	je	0xa81777	0xa81795
classic	shared-item-noun	0xa7fc90	0xa817a3	cmove	edx,eax	0xa817a6
classic	shared-item-noun	0xa7fc90	0xa817b1	jmp	0xa850eb	0xa817b6
classic	shared-item-noun	0xa7fc90	0xa817c0	jne	0xa817ca	0xa817c2
classic	shared-item-noun	0xa7fc90	0xa817c4	je	0xa81875	0xa817ca
classic	shared-item-noun	0xa7fc90	0xa817fb	cmova	rdx,QWORD PTR [rsp+0x68]	0xa81801
classic	shared-item-noun	0xa7fc90	0xa8182b	ja	0xa81841	0xa8182d
classic	shared-item-noun	0xa7fc90	0xa8183c	jmp	0xa850db	0xa81841
classic	shared-item-noun	0xa7fc90	0xa81844	jne	0xa81875	0xa81846
classic	shared-item-noun	0xa7fc90	0xa8185f	jne	0xa81875	0xa81861
classic	shared-item-noun	0xa7fc90	0xa81870	jmp	0xa850db	0xa81875
classic	shared-item-noun	0xa7fc90	0xa81882	jmp	0xa850d3	0xa81887
classic	shared-item-noun	0xa7fc90	0xa81891	jne	0xa81897	0xa81893
classic	shared-item-noun	0xa7fc90	0xa81895	je	0xa818e5	0xa81897
classic	shared-item-noun	0xa7fc90	0xa818c8	cmova	rdx,QWORD PTR [rsp+0x68]	0xa818ce
classic	shared-item-noun	0xa7fc90	0xa818f2	jmp	0xa850d3	0xa818f7
classic	shared-item-noun	0xa7fc90	0xa81901	jne	0xa81907	0xa81903
classic	shared-item-noun	0xa7fc90	0xa81905	je	0xa81955	0xa81907
classic	shared-item-noun	0xa7fc90	0xa81938	cmova	rdx,QWORD PTR [rsp+0x68]	0xa8193e
classic	shared-item-noun	0xa7fc90	0xa8196a	je	0xa81986	0xa8196c
classic	shared-item-noun	0xa7fc90	0xa81973	jle	0xa81986	0xa81975
classic	shared-item-noun	0xa7fc90	0xa81980	je	0xa81986	0xa81982
classic	shared-item-noun	0xa7fc90	0xa81984	jmp	0xa81988	0xa81986
classic	shared-item-noun	0xa7fc90	0xa81996	cmove	r8d,r15d	0xa8199a
classic	shared-item-noun	0xa7fc90	0xa819a8	cmove	rdx,rcx	0xa819ac
classic	shared-item-noun	0xa7fc90	0xa819ac	jmp	0xa850d3	0xa819b1
classic	shared-item-noun	0xa7fc90	0xa819bb	jne	0xa819c1	0xa819bd
classic	shared-item-noun	0xa7fc90	0xa819bf	je	0xa81a0f	0xa819c1
classic	shared-item-noun	0xa7fc90	0xa819f2	cmova	rdx,QWORD PTR [rsp+0x68]	0xa819f8
classic	shared-item-noun	0xa7fc90	0xa81a1c	jmp	0xa850d3	0xa81a21
classic	shared-item-noun	0xa7fc90	0xa81a2b	jne	0xa81a31	0xa81a2d
classic	shared-item-noun	0xa7fc90	0xa81a2f	je	0xa81a7f	0xa81a31
classic	shared-item-noun	0xa7fc90	0xa81a62	cmova	rdx,QWORD PTR [rsp+0x68]	0xa81a68
classic	shared-item-noun	0xa7fc90	0xa81a8c	jmp	0xa850d3	0xa81a91
classic	shared-item-noun	0xa7fc90	0xa81a9b	jne	0xa81aa1	0xa81a9d
classic	shared-item-noun	0xa7fc90	0xa81a9f	je	0xa81aef	0xa81aa1
classic	shared-item-noun	0xa7fc90	0xa81ad2	cmova	rdx,QWORD PTR [rsp+0x68]	0xa81ad8
classic	shared-item-noun	0xa7fc90	0xa81afc	jmp	0xa850d3	0xa81b01
classic	shared-item-noun	0xa7fc90	0xa81b0b	jne	0xa81b11	0xa81b0d
classic	shared-item-noun	0xa7fc90	0xa81b0f	je	0xa81b85	0xa81b11
classic	shared-item-noun	0xa7fc90	0xa81b42	cmova	rdx,QWORD PTR [rsp+0x68]	0xa81b48
classic	shared-item-noun	0xa7fc90	0xa81b6f	ja	0xa81b85	0xa81b71
classic	shared-item-noun	0xa7fc90	0xa81b80	jmp	0xa850db	0xa81b85
classic	shared-item-noun	0xa7fc90	0xa81b92	jmp	0xa850d3	0xa81b97
classic	shared-item-noun	0xa7fc90	0xa81ba2	jne	0xa81ba9	0xa81ba4
classic	shared-item-noun	0xa7fc90	0xa81ba7	je	0xa81bf8	0xa81ba9
classic	shared-item-noun	0xa7fc90	0xa81bdb	cmova	rdx,QWORD PTR [rsp+0x68]	0xa81be1
classic	shared-item-noun	0xa7fc90	0xa81c0d	je	0xa81c2f	0xa81c0f
classic	shared-item-noun	0xa7fc90	0xa81c16	jle	0xa81c29	0xa81c18
classic	shared-item-noun	0xa7fc90	0xa81c23	je	0xa81c29	0xa81c25
classic	shared-item-noun	0xa7fc90	0xa81c27	jmp	0xa81c2b	0xa81c29
classic	shared-item-noun	0xa7fc90	0xa81c2d	jne	0xa81c35	0xa81c2f
classic	shared-item-noun	0xa7fc90	0xa81c33	je	0xa81c55	0xa81c35
classic	shared-item-noun	0xa7fc90	0xa81c3f	je	0xa81c55	0xa81c41
classic	shared-item-noun	0xa7fc90	0xa81c50	jmp	0xa850db	0xa81c55
classic	shared-item-noun	0xa7fc90	0xa81c6a	je	0xa81ca0	0xa81c6c
classic	shared-item-noun	0xa7fc90	0xa81c73	jle	0xa81c86	0xa81c75
classic	shared-item-noun	0xa7fc90	0xa81c80	jge	0xa81c86	0xa81c82
classic	shared-item-noun	0xa7fc90	0xa81c84	jmp	0xa81c88	0xa81c86
classic	shared-item-noun	0xa7fc90	0xa81c8a	je	0xa81ca0	0xa81c8c
classic	shared-item-noun	0xa7fc90	0xa81c9b	jmp	0xa850eb	0xa81ca0
classic	shared-item-noun	0xa7fc90	0xa81cbd	je	0xa81cd0	0xa81cbf
classic	shared-item-noun	0xa7fc90	0xa81ccb	jmp	0xa850eb	0xa81cd0
classic	shared-item-noun	0xa7fc90	0xa81cdc	jmp	0xa850eb	0xa81ce1
classic	shared-item-noun	0xa7fc90	0xa81ceb	jne	0xa81cf1	0xa81ced
classic	shared-item-noun	0xa7fc90	0xa81cef	je	0xa81d3f	0xa81cf1
classic	shared-item-noun	0xa7fc90	0xa81d22	cmova	rdx,QWORD PTR [rsp+0x68]	0xa81d28
classic	shared-item-noun	0xa7fc90	0xa81d54	jmp	0xa850eb	0xa81d59
classic	shared-item-noun	0xa7fc90	0xa81d64	jne	0xa81d6f	0xa81d66
classic	shared-item-noun	0xa7fc90	0xa81d69	je	0xa81e49	0xa81d6f
classic	shared-item-noun	0xa7fc90	0xa81d87	je	0xa81df6	0xa81d89
classic	shared-item-noun	0xa7fc90	0xa81d8d	je	0xa81df6	0xa81d8f
classic	shared-item-noun	0xa7fc90	0xa81d96	js	0xa81dca	0xa81d98
classic	shared-item-noun	0xa7fc90	0xa81db1	je	0xa81de5	0xa81db3
classic	shared-item-noun	0xa7fc90	0xa81db6	cmovle	edx,eax	0xa81db9
classic	shared-item-noun	0xa7fc90	0xa81dbc	cmovle	eax,r8d	0xa81dc0
classic	shared-item-noun	0xa7fc90	0xa81dc5	jle	0xa81da0	0xa81dc7
classic	shared-item-noun	0xa7fc90	0xa81dd0	je	0xa81df6	0xa81dd2
classic	shared-item-noun	0xa7fc90	0xa81ddb	je	0xa81dea	0xa81ddd
classic	shared-item-noun	0xa7fc90	0xa81de3	jmp	0xa81dfa	0xa81de5
classic	shared-item-noun	0xa7fc90	0xa81de8	jmp	0xa81dcd	0xa81dea
classic	shared-item-noun	0xa7fc90	0xa81dec	je	0xa81df6	0xa81dee
classic	shared-item-noun	0xa7fc90	0xa81df4	jmp	0xa81dfa	0xa81df6
classic	shared-item-noun	0xa7fc90	0xa81e2c	cmova	rdx,QWORD PTR [rsp+0x68]	0xa81e32
classic	shared-item-noun	0xa7fc90	0xa81e5e	jmp	0xa850eb	0xa81e63
classic	shared-item-noun	0xa7fc90	0xa81e6c	jne	0xa81e86	0xa81e6e
classic	shared-item-noun	0xa7fc90	0xa81e70	jne	0xa81e86	0xa81e72
classic	shared-item-noun	0xa7fc90	0xa81e81	jmp	0xa850db	0xa81e86
classic	shared-item-noun	0xa7fc90	0xa81eb7	cmova	rdx,QWORD PTR [rsp+0x68]	0xa81ebd
classic	shared-item-noun	0xa7fc90	0xa81eca	jmp	0xa850eb	0xa81ecf
classic	shared-item-noun	0xa7fc90	0xa81edc	jmp	0xa850d3	0xa81ee1
classic	shared-item-noun	0xa7fc90	0xa81ef1	jne	0xa81ef7	0xa81ef3
classic	shared-item-noun	0xa7fc90	0xa81ef5	je	0xa81f4d	0xa81ef7
classic	shared-item-noun	0xa7fc90	0xa81f28	cmova	rdx,QWORD PTR [rsp+0x68]	0xa81f2e
classic	shared-item-noun	0xa7fc90	0xa81f56	cmove	r15,rax	0xa81f5a
classic	shared-item-noun	0xa7fc90	0xa81f68	cmove	rdx,rax	0xa81f6c
classic	shared-item-noun	0xa7fc90	0xa81f77	jmp	0xa850eb	0xa81f7c
classic	shared-item-noun	0xa7fc90	0xa81f86	jne	0xa81f8c	0xa81f88
classic	shared-item-noun	0xa7fc90	0xa81f8a	je	0xa81fda	0xa81f8c
classic	shared-item-noun	0xa7fc90	0xa81fbd	cmova	rdx,QWORD PTR [rsp+0x68]	0xa81fc3
classic	shared-item-noun	0xa7fc90	0xa81fe7	jmp	0xa850d3	0xa81fec
classic	shared-item-noun	0xa7fc90	0xa81ff6	je	0xa82013	0xa81ff8
classic	shared-item-noun	0xa7fc90	0xa8201d	jne	0xa82037	0xa8201f
classic	shared-item-noun	0xa7fc90	0xa82021	jne	0xa82037	0xa82023
classic	shared-item-noun	0xa7fc90	0xa82032	jmp	0xa850db	0xa82037
classic	shared-item-noun	0xa7fc90	0xa82042	jmp	0xa81e91	0xa82047
classic	shared-item-noun	0xa7fc90	0xa82061	je	0xa82078	0xa82063
classic	shared-item-noun	0xa7fc90	0xa8207c	je	0xa8234a	0xa82082
classic	shared-item-noun	0xa7fc90	0xa820ca	je	0xa82351	0xa820d0
classic	shared-item-noun	0xa7fc90	0xa820d7	js	0xa82113	0xa820d9
classic	shared-item-noun	0xa7fc90	0xa820f6	je	0xa821cd	0xa820fc
classic	shared-item-noun	0xa7fc90	0xa820ff	cmovle	edx,eax	0xa82102
classic	shared-item-noun	0xa7fc90	0xa82105	cmovle	eax,r10d	0xa82109
classic	shared-item-noun	0xa7fc90	0xa8210e	jle	0xa820e0	0xa82110
classic	shared-item-noun	0xa7fc90	0xa8211e	je	0xa82351	0xa82124
classic	shared-item-noun	0xa7fc90	0xa8212e	je	0xa82351	0xa82134
classic	shared-item-noun	0xa7fc90	0xa82145	je	0xa82351	0xa8214b
classic	shared-item-noun	0xa7fc90	0xa8217d	je	0xa821f5	0xa8217f
classic	shared-item-noun	0xa7fc90	0xa82182	je	0xa823ce	0xa82188
classic	shared-item-noun	0xa7fc90	0xa8218b	je	0xa823ce	0xa82191
classic	shared-item-noun	0xa7fc90	0xa82194	je	0xa82405	0xa8219a
classic	shared-item-noun	0xa7fc90	0xa8219d	je	0xa823ea	0xa821a3
classic	shared-item-noun	0xa7fc90	0xa821ba	ja	0xa823db	0xa821c0
classic	shared-item-noun	0xa7fc90	0xa821cb	jmp	rcx	0xa821cd
classic	shared-item-noun	0xa7fc90	0xa821d0	jmp	0xa8211b	0xa821d5
classic	shared-item-noun	0xa7fc90	0xa821e0	jmp	0xa821fa	0xa821e2
classic	shared-item-noun	0xa7fc90	0xa821ed	jmp	0xa821fa	0xa821ef
classic	shared-item-noun	0xa7fc90	0xa8221c	jb	0xa82170	0xa82222
classic	shared-item-noun	0xa7fc90	0xa82246	je	0xa8225a	0xa82248
classic	shared-item-noun	0xa7fc90	0xa8225f	je	0xa82273	0xa82261
classic	shared-item-noun	0xa7fc90	0xa8227e	je	0xa82292	0xa82280
classic	shared-item-noun	0xa7fc90	0xa82297	je	0xa822ae	0xa82299
classic	shared-item-noun	0xa7fc90	0xa822b3	je	0xa822c7	0xa822b5
classic	shared-item-noun	0xa7fc90	0xa822cc	je	0xa822e3	0xa822ce
classic	shared-item-noun	0xa7fc90	0xa822e8	je	0xa822ff	0xa822ea
classic	shared-item-noun	0xa7fc90	0xa82304	je	0xa82318	0xa82306
classic	shared-item-noun	0xa7fc90	0xa8231d	je	0xa82331	0xa8231f
classic	shared-item-noun	0xa7fc90	0xa82336	je	0xa8234a	0xa82338
classic	shared-item-noun	0xa7fc90	0xa8235a	jne	0xa824f5	0xa82360
classic	shared-item-noun	0xa7fc90	0xa8236b	jne	0xa8240f	0xa82371
classic	shared-item-noun	0xa7fc90	0xa82374	jne	0xa8240f	0xa8237a
classic	shared-item-noun	0xa7fc90	0xa82389	jmp	0xa825f5	0xa8238e
classic	shared-item-noun	0xa7fc90	0xa82399	jmp	0xa821fa	0xa8239e
classic	shared-item-noun	0xa7fc90	0xa823a9	jmp	0xa821fa	0xa823ae
classic	shared-item-noun	0xa7fc90	0xa823b9	jmp	0xa821fa	0xa823be
classic	shared-item-noun	0xa7fc90	0xa823c9	jmp	0xa821fa	0xa823ce
classic	shared-item-noun	0xa7fc90	0xa823d6	jmp	0xa821fa	0xa823db
classic	shared-item-noun	0xa7fc90	0xa823e5	jmp	0xa821fa	0xa823ea
classic	shared-item-noun	0xa7fc90	0xa823ef	jne	0xa823fb	0xa823f1
classic	shared-item-noun	0xa7fc90	0xa823f6	jmp	0xa821fa	0xa823fb
classic	shared-item-noun	0xa7fc90	0xa82400	jmp	0xa821fa	0xa82405
classic	shared-item-noun	0xa7fc90	0xa8240a	jmp	0xa821fa	0xa8240f
classic	shared-item-noun	0xa7fc90	0xa82413	je	0xa824df	0xa82419
classic	shared-item-noun	0xa7fc90	0xa8242a	je	0xa824df	0xa82430
classic	shared-item-noun	0xa7fc90	0xa8243a	js	0xa82467	0xa8243c
classic	shared-item-noun	0xa7fc90	0xa82451	je	0xa8246a	0xa82453
classic	shared-item-noun	0xa7fc90	0xa82456	cmovle	edx,eax	0xa82459
classic	shared-item-noun	0xa7fc90	0xa8245c	cmovle	eax,r9d	0xa82460
classic	shared-item-noun	0xa7fc90	0xa82465	jle	0xa82440	0xa82467
classic	shared-item-noun	0xa7fc90	0xa8246d	je	0xa824df	0xa8246f
classic	shared-item-noun	0xa7fc90	0xa82477	je	0xa824df	0xa82479
classic	shared-item-noun	0xa7fc90	0xa82484	ja	0xa824df	0xa82486
classic	shared-item-noun	0xa7fc90	0xa824da	jmp	0xa825d8	0xa824df
classic	shared-item-noun	0xa7fc90	0xa824f0	jmp	0xa825c0	0xa824f5
classic	shared-item-noun	0xa7fc90	0xa824f9	jne	0xa825fc	0xa824ff
classic	shared-item-noun	0xa7fc90	0xa8250a	jne	0xa82525	0xa8250c
classic	shared-item-noun	0xa7fc90	0xa8250f	jne	0xa82525	0xa82511
classic	shared-item-noun	0xa7fc90	0xa82520	jmp	0xa825f5	0xa82525
classic	shared-item-noun	0xa7fc90	0xa82536	je	0xa825aa	0xa82538
classic	shared-item-noun	0xa7fc90	0xa8253c	je	0xa825aa	0xa8253e
classic	shared-item-noun	0xa7fc90	0xa82546	js	0xa82579	0xa82548
classic	shared-item-noun	0xa7fc90	0xa82561	je	0xa82594	0xa82563
classic	shared-item-noun	0xa7fc90	0xa82566	cmovle	edx,eax	0xa82569
classic	shared-item-noun	0xa7fc90	0xa8256c	cmovle	eax,r9d	0xa82570
classic	shared-item-noun	0xa7fc90	0xa82575	jle	0xa82550	0xa82577
classic	shared-item-noun	0xa7fc90	0xa8257f	je	0xa825aa	0xa82581
classic	shared-item-noun	0xa7fc90	0xa8258a	je	0xa82598	0xa8258c
classic	shared-item-noun	0xa7fc90	0xa82592	jmp	0xa825b0	0xa82594
classic	shared-item-noun	0xa7fc90	0xa82596	jmp	0xa8257c	0xa82598
classic	shared-item-noun	0xa7fc90	0xa8259a	je	0xa825a4	0xa8259c
classic	shared-item-noun	0xa7fc90	0xa825a2	jmp	0xa825b0	0xa825a4
classic	shared-item-noun	0xa7fc90	0xa825a8	jmp	0xa825b0	0xa825aa
classic	shared-item-noun	0xa7fc90	0xa825e7	cmova	rdx,QWORD PTR [rsp+0x68]	0xa825ed
classic	shared-item-noun	0xa7fc90	0xa82606	jle	0xa850eb	0xa8260c
classic	shared-item-noun	0xa7fc90	0xa8261d	je	0xa850eb	0xa82623
classic	shared-item-noun	0xa7fc90	0xa82627	je	0xa850eb	0xa8262d
classic	shared-item-noun	0xa7fc90	0xa82637	js	0xa82667	0xa82639
classic	shared-item-noun	0xa7fc90	0xa82651	je	0xa8266a	0xa82653
classic	shared-item-noun	0xa7fc90	0xa82656	cmovle	edx,eax	0xa82659
classic	shared-item-noun	0xa7fc90	0xa8265c	cmovle	eax,r9d	0xa82660
classic	shared-item-noun	0xa7fc90	0xa82665	jle	0xa82640	0xa82667
classic	shared-item-noun	0xa7fc90	0xa8266d	je	0xa850eb	0xa82673
classic	shared-item-noun	0xa7fc90	0xa8267d	je	0xa850eb	0xa82683
classic	shared-item-noun	0xa7fc90	0xa8269a	je	0xa850eb	0xa826a0
classic	shared-item-noun	0xa7fc90	0xa826bd	je	0xa827b5	0xa826c3
classic	shared-item-noun	0xa7fc90	0xa826c6	je	0xa827b5	0xa826cc
classic	shared-item-noun	0xa7fc90	0xa826cf	je	0xa827b5	0xa826d5
classic	shared-item-noun	0xa7fc90	0xa826d8	je	0xa827b5	0xa826de
classic	shared-item-noun	0xa7fc90	0xa826e1	je	0xa827b5	0xa826e7
classic	shared-item-noun	0xa7fc90	0xa826fe	ja	0xa8270d	0xa82700
classic	shared-item-noun	0xa7fc90	0xa8270b	jmp	rcx	0xa8270d
classic	shared-item-noun	0xa7fc90	0xa82710	jne	0xa82724	0xa82712
classic	shared-item-noun	0xa7fc90	0xa82784	jl	0xa8278f	0xa82786
classic	shared-item-noun	0xa7fc90	0xa8278d	jmp	0xa8279d	0xa8278f
classic	shared-item-noun	0xa7fc90	0xa82794	jne	0xa827a5	0xa82796
classic	shared-item-noun	0xa7fc90	0xa827d7	jb	0xa826b0	0xa827dd
classic	shared-item-noun	0xa7fc90	0xa827e4	jmp	0xa850eb	0xa827e9
classic	shared-item-noun	0xa7fc90	0xa827f3	je	0xa8280d	0xa827f5
classic	shared-item-noun	0xa7fc90	0xa82811	je	0xa828ac	0xa82817
classic	shared-item-noun	0xa7fc90	0xa8282f	je	0xa828ac	0xa82831
classic	shared-item-noun	0xa7fc90	0xa82838	js	0xa8286a	0xa8283a
classic	shared-item-noun	0xa7fc90	0xa82851	je	0xa8286d	0xa82853
classic	shared-item-noun	0xa7fc90	0xa82856	cmovle	edx,eax	0xa82859
classic	shared-item-noun	0xa7fc90	0xa8285c	cmovle	eax,r8d	0xa82860
classic	shared-item-noun	0xa7fc90	0xa82865	jle	0xa82840	0xa82867
classic	shared-item-noun	0xa7fc90	0xa82870	je	0xa828ac	0xa82872
classic	shared-item-noun	0xa7fc90	0xa8287c	je	0xa828ac	0xa8287e
classic	shared-item-noun	0xa7fc90	0xa828a7	jmp	0xa850eb	0xa828ac
classic	shared-item-noun	0xa7fc90	0xa828b6	jne	0xa828d0	0xa828b8
classic	shared-item-noun	0xa7fc90	0xa828ba	jne	0xa828d0	0xa828bc
classic	shared-item-noun	0xa7fc90	0xa828cb	jmp	0xa850eb	0xa828d0
classic	shared-item-noun	0xa7fc90	0xa82905	jmp	0xa850eb	0xa8290a
classic	shared-item-noun	0xa7fc90	0xa82914	je	0xa82928	0xa82916
classic	shared-item-noun	0xa7fc90	0xa82932	jne	0xa8294c	0xa82934
classic	shared-item-noun	0xa7fc90	0xa82936	jne	0xa8294c	0xa82938
classic	shared-item-noun	0xa7fc90	0xa82947	jmp	0xa850eb	0xa8294c
classic	shared-item-noun	0xa7fc90	0xa82957	jmp	0xa81e91	0xa8295c
classic	shared-item-noun	0xa7fc90	0xa82966	jne	0xa8296c	0xa82968
classic	shared-item-noun	0xa7fc90	0xa8296a	je	0xa829ba	0xa8296c
classic	shared-item-noun	0xa7fc90	0xa8299d	cmova	rdx,QWORD PTR [rsp+0x68]	0xa829a3
classic	shared-item-noun	0xa7fc90	0xa829cf	jmp	0xa850eb	0xa829d4
classic	shared-item-noun	0xa7fc90	0xa829de	jne	0xa829e4	0xa829e0
classic	shared-item-noun	0xa7fc90	0xa829e2	je	0xa82a32	0xa829e4
classic	shared-item-noun	0xa7fc90	0xa82a15	cmova	rdx,QWORD PTR [rsp+0x68]	0xa82a1b
classic	shared-item-noun	0xa7fc90	0xa82a47	jmp	0xa850eb	0xa82a4c
classic	shared-item-noun	0xa7fc90	0xa82a56	jne	0xa82a5c	0xa82a58
classic	shared-item-noun	0xa7fc90	0xa82a5a	je	0xa82aaa	0xa82a5c
classic	shared-item-noun	0xa7fc90	0xa82a8d	cmova	rdx,QWORD PTR [rsp+0x68]	0xa82a93
classic	shared-item-noun	0xa7fc90	0xa82abf	jmp	0xa850eb	0xa82ac4
classic	shared-item-noun	0xa7fc90	0xa82ace	jne	0xa82ad4	0xa82ad0
classic	shared-item-noun	0xa7fc90	0xa82ad2	je	0xa82b22	0xa82ad4
classic	shared-item-noun	0xa7fc90	0xa82b05	cmova	rdx,QWORD PTR [rsp+0x68]	0xa82b0b
classic	shared-item-noun	0xa7fc90	0xa82b37	je	0xa82b73	0xa82b39
classic	shared-item-noun	0xa7fc90	0xa82b40	jle	0xa82b53	0xa82b42
classic	shared-item-noun	0xa7fc90	0xa82b4d	je	0xa82b53	0xa82b4f
classic	shared-item-noun	0xa7fc90	0xa82b51	jmp	0xa82b55	0xa82b53
classic	shared-item-noun	0xa7fc90	0xa82b57	je	0xa82b73	0xa82b59
classic	shared-item-noun	0xa7fc90	0xa82b6e	jmp	0xa850eb	0xa82b73
classic	shared-item-noun	0xa7fc90	0xa82b88	jmp	0xa850eb	0xa82b8d
classic	shared-item-noun	0xa7fc90	0xa82ba8	js	0xa82bc3	0xa82baa
classic	shared-item-noun	0xa7fc90	0xa82bb9	je	0xa82c23	0xa82bbb
classic	shared-item-noun	0xa7fc90	0xa82bc1	jns	0xa82bb0	0xa82bc3
classic	shared-item-noun	0xa7fc90	0xa82bcd	jne	0xa82bd3	0xa82bcf
classic	shared-item-noun	0xa7fc90	0xa82bd1	je	0xa82c11	0xa82bd3
classic	shared-item-noun	0xa7fc90	0xa82c1e	jmp	0xa850d3	0xa82c23
classic	shared-item-noun	0xa7fc90	0xa82c2d	je	0xa82bc3	0xa82c2f
classic	shared-item-noun	0xa7fc90	0xa82c37	je	0xa82c5a	0xa82c39
classic	shared-item-noun	0xa7fc90	0xa82c64	jne	0xa82c6a	0xa82c66
classic	shared-item-noun	0xa7fc90	0xa82c68	je	0xa82ca8	0xa82c6a
classic	shared-item-noun	0xa7fc90	0xa82cb3	jne	0xa82cb9	0xa82cb5
classic	shared-item-noun	0xa7fc90	0xa82cc1	jmp	0xa850eb	0xa82cc6
classic	shared-item-noun	0xa7fc90	0xa82cd0	jne	0xa82cd6	0xa82cd2
classic	shared-item-noun	0xa7fc90	0xa82cd4	je	0xa82d24	0xa82cd6
classic	shared-item-noun	0xa7fc90	0xa82d07	cmova	rdx,QWORD PTR [rsp+0x68]	0xa82d0d
classic	shared-item-noun	0xa7fc90	0xa82d39	jmp	0xa850eb	0xa82d3e
classic	shared-item-noun	0xa7fc90	0xa82d48	jne	0xa82d4e	0xa82d4a
classic	shared-item-noun	0xa7fc90	0xa82d4c	je	0xa82d9c	0xa82d4e
classic	shared-item-noun	0xa7fc90	0xa82d7f	cmova	rdx,QWORD PTR [rsp+0x68]	0xa82d85
classic	shared-item-noun	0xa7fc90	0xa82da9	jmp	0xa850d3	0xa82dae
classic	shared-item-noun	0xa7fc90	0xa82db8	jne	0xa82dbe	0xa82dba
classic	shared-item-noun	0xa7fc90	0xa82dbc	je	0xa82e0c	0xa82dbe
classic	shared-item-noun	0xa7fc90	0xa82def	cmova	rdx,QWORD PTR [rsp+0x68]	0xa82df5
classic	shared-item-noun	0xa7fc90	0xa82e19	jmp	0xa850d3	0xa82e1e
classic	shared-item-noun	0xa7fc90	0xa82e28	jne	0xa82e2e	0xa82e2a
classic	shared-item-noun	0xa7fc90	0xa82e2c	je	0xa82e7c	0xa82e2e
classic	shared-item-noun	0xa7fc90	0xa82e5f	cmova	rdx,QWORD PTR [rsp+0x68]	0xa82e65
classic	shared-item-noun	0xa7fc90	0xa82e89	jmp	0xa850d3	0xa82e8e
classic	shared-item-noun	0xa7fc90	0xa82e98	jne	0xa82e9e	0xa82e9a
classic	shared-item-noun	0xa7fc90	0xa82e9c	je	0xa82eec	0xa82e9e
classic	shared-item-noun	0xa7fc90	0xa82ecf	cmova	rdx,QWORD PTR [rsp+0x68]	0xa82ed5
classic	shared-item-noun	0xa7fc90	0xa82f07	js	0xa82f23	0xa82f09
classic	shared-item-noun	0xa7fc90	0xa82f19	je	0xa82f3d	0xa82f1b
classic	shared-item-noun	0xa7fc90	0xa82f21	jns	0xa82f10	0xa82f23
classic	shared-item-noun	0xa7fc90	0xa82f38	jmp	0xa850eb	0xa82f3d
classic	shared-item-noun	0xa7fc90	0xa82f47	je	0xa82f23	0xa82f49
classic	shared-item-noun	0xa7fc90	0xa82f57	cmove	edx,eax	0xa82f5a
classic	shared-item-noun	0xa7fc90	0xa82f65	jmp	0xa850eb	0xa82f6a
classic	shared-item-noun	0xa7fc90	0xa82f85	js	0xa82fa7	0xa82f87
classic	shared-item-noun	0xa7fc90	0xa82f99	je	0xa8302b	0xa82f9f
classic	shared-item-noun	0xa7fc90	0xa82fa5	jns	0xa82f90	0xa82fa7
classic	shared-item-noun	0xa7fc90	0xa82fb4	jne	0xa82fba	0xa82fb6
classic	shared-item-noun	0xa7fc90	0xa82fb8	je	0xa83008	0xa82fba
classic	shared-item-noun	0xa7fc90	0xa82feb	cmova	rdx,QWORD PTR [rsp+0x68]	0xa82ff1
classic	shared-item-noun	0xa7fc90	0xa8300b	je	0xa8306d	0xa8300d
classic	shared-item-noun	0xa7fc90	0xa83018	jne	0xa8301e	0xa8301a
classic	shared-item-noun	0xa7fc90	0xa83026	jmp	0xa850eb	0xa8302b
classic	shared-item-noun	0xa7fc90	0xa83038	je	0xa82faa	0xa8303e
classic	shared-item-noun	0xa7fc90	0xa83046	je	0xa82faa	0xa8304c
classic	shared-item-noun	0xa7fc90	0xa83068	jmp	0xa82faa	0xa8306d
classic	shared-item-noun	0xa7fc90	0xa83082	jmp	0xa850eb	0xa83087
classic	shared-item-noun	0xa7fc90	0xa83091	jne	0xa83097	0xa83093
classic	shared-item-noun	0xa7fc90	0xa83095	je	0xa830e5	0xa83097
classic	shared-item-noun	0xa7fc90	0xa830c8	cmova	rdx,QWORD PTR [rsp+0x68]	0xa830ce
classic	shared-item-noun	0xa7fc90	0xa830f2	jmp	0xa850d3	0xa830f7
classic	shared-item-noun	0xa7fc90	0xa83101	jne	0xa83107	0xa83103
classic	shared-item-noun	0xa7fc90	0xa83105	je	0xa83155	0xa83107
classic	shared-item-noun	0xa7fc90	0xa83138	cmova	rdx,QWORD PTR [rsp+0x68]	0xa8313e
classic	shared-item-noun	0xa7fc90	0xa83162	jmp	0xa850d3	0xa83167
classic	shared-item-noun	0xa7fc90	0xa83171	jne	0xa83177	0xa83173
classic	shared-item-noun	0xa7fc90	0xa83175	je	0xa831c5	0xa83177
classic	shared-item-noun	0xa7fc90	0xa831a8	cmova	rdx,QWORD PTR [rsp+0x68]	0xa831ae
classic	shared-item-noun	0xa7fc90	0xa831cc	jmp	0xa850cd	0xa831d1
classic	shared-item-noun	0xa7fc90	0xa831dc	je	0xa831ed	0xa831de
classic	shared-item-noun	0xa7fc90	0xa831eb	jmp	0xa831fa	0xa831ed
classic	shared-item-noun	0xa7fc90	0xa83206	je	0xa83270	0xa83208
classic	shared-item-noun	0xa7fc90	0xa83220	je	0xa83270	0xa83222
classic	shared-item-noun	0xa7fc90	0xa83229	js	0xa83257	0xa8322b
classic	shared-item-noun	0xa7fc90	0xa83241	je	0xa8325a	0xa83243
classic	shared-item-noun	0xa7fc90	0xa83246	cmovle	edx,eax	0xa83249
classic	shared-item-noun	0xa7fc90	0xa8324c	cmovle	eax,r8d	0xa83250
classic	shared-item-noun	0xa7fc90	0xa83255	jle	0xa83230	0xa83257
classic	shared-item-noun	0xa7fc90	0xa8325d	je	0xa83270	0xa8325f
classic	shared-item-noun	0xa7fc90	0xa8326e	jmp	0xa83276	0xa83270
classic	shared-item-noun	0xa7fc90	0xa832b5	je	0xa832d6	0xa832b7
classic	shared-item-noun	0xa7fc90	0xa832c0	cmova	rdx,QWORD PTR [rbp+0x8]	0xa832c5
classic	shared-item-noun	0xa7fc90	0xa832d1	jmp	0xa83408	0xa832d6
classic	shared-item-noun	0xa7fc90	0xa832d9	jne	0xa832ec	0xa832db
classic	shared-item-noun	0xa7fc90	0xa832ea	jmp	0xa83323	0xa832ec
classic	shared-item-noun	0xa7fc90	0xa832ef	jne	0xa83302	0xa832f1
classic	shared-item-noun	0xa7fc90	0xa83300	jmp	0xa83323	0xa83302
classic	shared-item-noun	0xa7fc90	0xa83305	jne	0xa83318	0xa83307
classic	shared-item-noun	0xa7fc90	0xa83316	jmp	0xa83323	0xa83318
classic	shared-item-noun	0xa7fc90	0xa8331c	jne	0xa8334b	0xa8331e
classic	shared-item-noun	0xa7fc90	0xa83321	jne	0xa83395	0xa83323
classic	shared-item-noun	0xa7fc90	0xa83336	je	0xa83408	0xa8333c
classic	shared-item-noun	0xa7fc90	0xa83346	jmp	0xa83408	0xa8334b
classic	shared-item-noun	0xa7fc90	0xa8334e	jne	0xa83395	0xa83350
classic	shared-item-noun	0xa7fc90	0xa8336f	je	0xa83378	0xa83371
classic	shared-item-noun	0xa7fc90	0xa83376	jmp	0xa8337d	0xa83378
classic	shared-item-noun	0xa7fc90	0xa83393	jmp	0xa83402	0xa83395
classic	shared-item-noun	0xa7fc90	0xa833ee	je	0xa833fb	0xa833f0
classic	shared-item-noun	0xa7fc90	0xa83410	jbe	0xa83443	0xa83412
classic	shared-item-noun	0xa7fc90	0xa83423	jb	0xa8343e	0xa83425
classic	shared-item-noun	0xa7fc90	0xa83438	ja	0xa83d7e	0xa8343e
classic	shared-item-noun	0xa7fc90	0xa83453	jmp	0xa850eb	0xa83458
classic	shared-item-noun	0xa7fc90	0xa83462	jne	0xa83468	0xa83464
classic	shared-item-noun	0xa7fc90	0xa83466	je	0xa834b6	0xa83468
classic	shared-item-noun	0xa7fc90	0xa83499	cmova	rdx,QWORD PTR [rsp+0x68]	0xa8349f
classic	shared-item-noun	0xa7fc90	0xa834bd	jmp	0xa850cd	0xa834c2
classic	shared-item-noun	0xa7fc90	0xa834cc	jne	0xa834d2	0xa834ce
classic	shared-item-noun	0xa7fc90	0xa834d0	je	0xa83520	0xa834d2
classic	shared-item-noun	0xa7fc90	0xa83503	cmova	rdx,QWORD PTR [rsp+0x68]	0xa83509
classic	shared-item-noun	0xa7fc90	0xa8352d	jmp	0xa850d3	0xa83532
classic	shared-item-noun	0xa7fc90	0xa8353c	jne	0xa83542	0xa8353e
classic	shared-item-noun	0xa7fc90	0xa83540	je	0xa83590	0xa83542
classic	shared-item-noun	0xa7fc90	0xa83573	cmova	rdx,QWORD PTR [rsp+0x68]	0xa83579
classic	shared-item-noun	0xa7fc90	0xa8359d	jmp	0xa850d3	0xa835a2
classic	shared-item-noun	0xa7fc90	0xa835ac	jne	0xa835b2	0xa835ae
classic	shared-item-noun	0xa7fc90	0xa835b0	je	0xa83600	0xa835b2
classic	shared-item-noun	0xa7fc90	0xa835e3	cmova	rdx,QWORD PTR [rsp+0x68]	0xa835e9
classic	shared-item-noun	0xa7fc90	0xa8360d	jmp	0xa850d3	0xa83612
classic	shared-item-noun	0xa7fc90	0xa8361c	jne	0xa83622	0xa8361e
classic	shared-item-noun	0xa7fc90	0xa83620	je	0xa83670	0xa83622
classic	shared-item-noun	0xa7fc90	0xa83653	cmova	rdx,QWORD PTR [rsp+0x68]	0xa83659
classic	shared-item-noun	0xa7fc90	0xa8367d	jmp	0xa7ff65	0xa83682
classic	shared-item-noun	0xa7fc90	0xa8368c	jne	0xa83692	0xa8368e
classic	shared-item-noun	0xa7fc90	0xa83690	je	0xa836e0	0xa83692
classic	shared-item-noun	0xa7fc90	0xa836c3	cmova	rdx,QWORD PTR [rsp+0x68]	0xa836c9
classic	shared-item-noun	0xa7fc90	0xa836ed	jmp	0xa850d3	0xa836f2
classic	shared-item-noun	0xa7fc90	0xa836fc	jne	0xa83702	0xa836fe
classic	shared-item-noun	0xa7fc90	0xa83700	je	0xa83750	0xa83702
classic	shared-item-noun	0xa7fc90	0xa83733	cmova	rdx,QWORD PTR [rsp+0x68]	0xa83739
classic	shared-item-noun	0xa7fc90	0xa8375d	jmp	0xa850d3	0xa83762
classic	shared-item-noun	0xa7fc90	0xa8376c	jne	0xa83772	0xa8376e
classic	shared-item-noun	0xa7fc90	0xa83770	je	0xa837c0	0xa83772
classic	shared-item-noun	0xa7fc90	0xa837a3	cmova	rdx,QWORD PTR [rsp+0x68]	0xa837a9
classic	shared-item-noun	0xa7fc90	0xa837cd	jmp	0xa850d3	0xa837d2
classic	shared-item-noun	0xa7fc90	0xa837dc	jne	0xa837e2	0xa837de
classic	shared-item-noun	0xa7fc90	0xa837e0	je	0xa83833	0xa837e2
classic	shared-item-noun	0xa7fc90	0xa83813	cmova	rdx,QWORD PTR [rsp+0x68]	0xa83819
classic	shared-item-noun	0xa7fc90	0xa8384b	je	0xa83a76	0xa83851
classic	shared-item-noun	0xa7fc90	0xa83855	je	0xa83a76	0xa8385b
classic	shared-item-noun	0xa7fc90	0xa83862	js	0xa8389a	0xa83864
classic	shared-item-noun	0xa7fc90	0xa83881	je	0xa8389d	0xa83883
classic	shared-item-noun	0xa7fc90	0xa83886	cmovle	edx,eax	0xa83889
classic	shared-item-noun	0xa7fc90	0xa8388c	cmovle	eax,r8d	0xa83890
classic	shared-item-noun	0xa7fc90	0xa83895	jle	0xa83870	0xa83897
classic	shared-item-noun	0xa7fc90	0xa838a0	je	0xa83a76	0xa838a6
classic	shared-item-noun	0xa7fc90	0xa838b9	ja	0xa83a62	0xa838bf
classic	shared-item-noun	0xa7fc90	0xa838d0	jmp	rcx	0xa838d2
classic	shared-item-noun	0xa7fc90	0xa838e1	jmp	0xa850db	0xa838e6
classic	shared-item-noun	0xa7fc90	0xa838f5	jmp	0xa850db	0xa838fa
classic	shared-item-noun	0xa7fc90	0xa83909	jmp	0xa850db	0xa8390e
classic	shared-item-noun	0xa7fc90	0xa8391d	jmp	0xa850db	0xa83922
classic	shared-item-noun	0xa7fc90	0xa83931	jmp	0xa850db	0xa83936
classic	shared-item-noun	0xa7fc90	0xa83945	jmp	0xa850db	0xa8394a
classic	shared-item-noun	0xa7fc90	0xa83959	jmp	0xa850db	0xa8395e
classic	shared-item-noun	0xa7fc90	0xa8396d	jmp	0xa850db	0xa83972
classic	shared-item-noun	0xa7fc90	0xa83981	jmp	0xa850db	0xa83986
classic	shared-item-noun	0xa7fc90	0xa83995	jmp	0xa850db	0xa8399a
classic	shared-item-noun	0xa7fc90	0xa839a9	jmp	0xa850db	0xa839ae
classic	shared-item-noun	0xa7fc90	0xa839bd	jmp	0xa850db	0xa839c2
classic	shared-item-noun	0xa7fc90	0xa839d1	jmp	0xa850db	0xa839d6
classic	shared-item-noun	0xa7fc90	0xa839e5	jmp	0xa850db	0xa839ea
classic	shared-item-noun	0xa7fc90	0xa839f9	jmp	0xa850db	0xa839fe
classic	shared-item-noun	0xa7fc90	0xa83a0d	jmp	0xa850db	0xa83a12
classic	shared-item-noun	0xa7fc90	0xa83a21	jmp	0xa850db	0xa83a26
classic	shared-item-noun	0xa7fc90	0xa83a35	jmp	0xa850db	0xa83a3a
classic	shared-item-noun	0xa7fc90	0xa83a49	jmp	0xa850db	0xa83a4e
classic	shared-item-noun	0xa7fc90	0xa83a5d	jmp	0xa850db	0xa83a62
classic	shared-item-noun	0xa7fc90	0xa83a71	jmp	0xa850db	0xa83a76
classic	shared-item-noun	0xa7fc90	0xa83a7d	jmp	0xa850cd	0xa83a82
classic	shared-item-noun	0xa7fc90	0xa83a8c	je	0xa83aa3	0xa83a8e
classic	shared-item-noun	0xa7fc90	0xa83ab0	jmp	0xa850d3	0xa83ab5
classic	shared-item-noun	0xa7fc90	0xa83abf	je	0xa83ad6	0xa83ac1
classic	shared-item-noun	0xa7fc90	0xa83ae0	jae	0xa83b0d	0xa83ae2
classic	shared-item-noun	0xa7fc90	0xa83ae9	jne	0xa83afc	0xa83aeb
classic	shared-item-noun	0xa7fc90	0xa83af7	jmp	0xa85127	0xa83afc
classic	shared-item-noun	0xa7fc90	0xa83b08	jmp	0xa850eb	0xa83b0d
classic	shared-item-noun	0xa7fc90	0xa83b0f	je	0xa83b25	0xa83b11
classic	shared-item-noun	0xa7fc90	0xa83b20	jmp	0xa850db	0xa83b25
classic	shared-item-noun	0xa7fc90	0xa83b27	je	0xa83b3d	0xa83b29
classic	shared-item-noun	0xa7fc90	0xa83b38	jmp	0xa850db	0xa83b3d
classic	shared-item-noun	0xa7fc90	0xa83b3f	je	0xa83b55	0xa83b41
classic	shared-item-noun	0xa7fc90	0xa83b50	jmp	0xa850db	0xa83b55
classic	shared-item-noun	0xa7fc90	0xa83b57	je	0xa83b6d	0xa83b59
classic	shared-item-noun	0xa7fc90	0xa83b68	jmp	0xa850db	0xa83b6d
classic	shared-item-noun	0xa7fc90	0xa83b6f	je	0xa83b85	0xa83b71
classic	shared-item-noun	0xa7fc90	0xa83b80	jmp	0xa850db	0xa83b85
classic	shared-item-noun	0xa7fc90	0xa83b87	jns	0xa83b9d	0xa83b89
classic	shared-item-noun	0xa7fc90	0xa83b98	jmp	0xa850db	0xa83b9d
classic	shared-item-noun	0xa7fc90	0xa83ba1	jae	0xa83bb7	0xa83ba3
classic	shared-item-noun	0xa7fc90	0xa83bb2	jmp	0xa850db	0xa83bb7
classic	shared-item-noun	0xa7fc90	0xa83bbb	jae	0xa83bd1	0xa83bbd
classic	shared-item-noun	0xa7fc90	0xa83bcc	jmp	0xa850db	0xa83bd1
classic	shared-item-noun	0xa7fc90	0xa83bd5	jae	0xa83beb	0xa83bd7
classic	shared-item-noun	0xa7fc90	0xa83be6	jmp	0xa850db	0xa83beb
classic	shared-item-noun	0xa7fc90	0xa83bef	jae	0xa83c05	0xa83bf1
classic	shared-item-noun	0xa7fc90	0xa83c00	jmp	0xa850db	0xa83c05
classic	shared-item-noun	0xa7fc90	0xa83c10	jb	0xa83c19	0xa83c12
classic	shared-item-noun	0xa7fc90	0xa83c21	jmp	0xa850db	0xa83c26
classic	shared-item-noun	0xa7fc90	0xa83c36	je	0xa83c51	0xa83c38
classic	shared-item-noun	0xa7fc90	0xa83c55	je	0xa83d9f	0xa83c5b
classic	shared-item-noun	0xa7fc90	0xa83c69	cmova	rax,QWORD PTR [rsp+0x68]	0xa83c6f
classic	shared-item-noun	0xa7fc90	0xa83c75	js	0xa83cbb	0xa83c77
classic	shared-item-noun	0xa7fc90	0xa83c8f	jae	0xa83cbb	0xa83c91
classic	shared-item-noun	0xa7fc90	0xa83ca1	je	0xa83cbb	0xa83ca3
classic	shared-item-noun	0xa7fc90	0xa83cac	jbe	0xa83cb1	0xa83cae
classic	shared-item-noun	0xa7fc90	0xa83cc5	cmova	rdx,QWORD PTR [rsp+0x68]	0xa83ccb
classic	shared-item-noun	0xa7fc90	0xa83d18	je	0xa83d24	0xa83d1a
classic	shared-item-noun	0xa7fc90	0xa83d22	jmp	0xa83d2c	0xa83d24
classic	shared-item-noun	0xa7fc90	0xa83d3a	cmova	rdx,QWORD PTR [rbp-0x58]	0xa83d3f
classic	shared-item-noun	0xa7fc90	0xa83d54	jbe	0xa83d8a	0xa83d56
classic	shared-item-noun	0xa7fc90	0xa83d67	jb	0xa83d85	0xa83d69
classic	shared-item-noun	0xa7fc90	0xa83d7c	jbe	0xa83d85	0xa83d7e
classic	shared-item-noun	0xa7fc90	0xa83d9a	jmp	0xa850eb	0xa83d9f
classic	shared-item-noun	0xa7fc90	0xa83db1	jmp	0xa850eb	0xa83db6
classic	shared-item-noun	0xa7fc90	0xa83dc9	ja	0xa83df1	0xa83dcb
classic	shared-item-noun	0xa7fc90	0xa83dec	jmp	0xa850eb	0xa83df1
classic	shared-item-noun	0xa7fc90	0xa83dfb	jne	0xa83e15	0xa83dfd
classic	shared-item-noun	0xa7fc90	0xa83dff	jne	0xa83e15	0xa83e01
classic	shared-item-noun	0xa7fc90	0xa83e10	jmp	0xa850eb	0xa83e15
classic	shared-item-noun	0xa7fc90	0xa83e46	cmova	rdx,QWORD PTR [rsp+0x68]	0xa83e4c
classic	shared-item-noun	0xa7fc90	0xa83e5b	jmp	0xa850e3	0xa83e60
classic	shared-item-noun	0xa7fc90	0xa83e6a	je	0xa83e84	0xa83e6c
classic	shared-item-noun	0xa7fc90	0xa83e97	ja	0xa83ecd	0xa83e99
classic	shared-item-noun	0xa7fc90	0xa83e9d	setne	al	0xa83ea0
classic	shared-item-noun	0xa7fc90	0xa83ec8	jmp	0xa850eb	0xa83ecd
classic	shared-item-noun	0xa7fc90	0xa83ed7	jne	0xa83f08	0xa83ed9
classic	shared-item-noun	0xa7fc90	0xa83edb	jne	0xa83f08	0xa83edd
classic	shared-item-noun	0xa7fc90	0xa83ee4	je	0xa83ef7	0xa83ee6
classic	shared-item-noun	0xa7fc90	0xa83ef2	jmp	0xa850eb	0xa83ef7
classic	shared-item-noun	0xa7fc90	0xa83f03	jmp	0xa85127	0xa83f08
classic	shared-item-noun	0xa7fc90	0xa83f13	jmp	0xa81e91	0xa83f18
classic	shared-item-noun	0xa7fc90	0xa83f22	je	0xa83f39	0xa83f24
classic	shared-item-noun	0xa7fc90	0xa83f3d	je	0xa83f77	0xa83f3f
classic	shared-item-noun	0xa7fc90	0xa83f42	je	0xa83f77	0xa83f44
classic	shared-item-noun	0xa7fc90	0xa83f48	setne	al	0xa83f4b
classic	shared-item-noun	0xa7fc90	0xa83f72	jmp	0xa850eb	0xa83f77
classic	shared-item-noun	0xa7fc90	0xa83f90	je	0xa85127	0xa83f96
classic	shared-item-noun	0xa7fc90	0xa83fa5	jmp	0xa850eb	0xa83faa
classic	shared-item-noun	0xa7fc90	0xa83fb4	je	0xa83fcb	0xa83fb6
classic	shared-item-noun	0xa7fc90	0xa83fe7	je	0xa84181	0xa83fed
classic	shared-item-noun	0xa7fc90	0xa83ffe	cmova	rax,QWORD PTR [rsp+0x68]	0xa84004
classic	shared-item-noun	0xa7fc90	0xa8400b	je	0xa8408b	0xa8400d
classic	shared-item-noun	0xa7fc90	0xa84010	js	0xa840d4	0xa84016
classic	shared-item-noun	0xa7fc90	0xa8402e	jae	0xa84090	0xa84030
classic	shared-item-noun	0xa7fc90	0xa84033	js	0xa84090	0xa84035
classic	shared-item-noun	0xa7fc90	0xa84055	jae	0xa84090	0xa84057
classic	shared-item-noun	0xa7fc90	0xa84067	je	0xa84081	0xa84069
classic	shared-item-noun	0xa7fc90	0xa84072	jbe	0xa84077	0xa84074
classic	shared-item-noun	0xa7fc90	0xa84087	jbe	0xa84090	0xa84089
classic	shared-item-noun	0xa7fc90	0xa84089	jmp	0xa840d4	0xa8408b
classic	shared-item-noun	0xa7fc90	0xa8408e	js	0xa840d4	0xa84090
classic	shared-item-noun	0xa7fc90	0xa840a8	jae	0xa840d4	0xa840aa
classic	shared-item-noun	0xa7fc90	0xa840ba	je	0xa840d4	0xa840bc
classic	shared-item-noun	0xa7fc90	0xa840c5	jbe	0xa840ca	0xa840c7
classic	shared-item-noun	0xa7fc90	0xa840de	cmova	rdx,QWORD PTR [rsp+0x68]	0xa840e4
classic	shared-item-noun	0xa7fc90	0xa840f4	js	0xa84143	0xa840f6
classic	shared-item-noun	0xa7fc90	0xa8410e	jae	0xa84143	0xa84110
classic	shared-item-noun	0xa7fc90	0xa84113	js	0xa84143	0xa84115
classic	shared-item-noun	0xa7fc90	0xa84134	jae	0xa84143	0xa84136
classic	shared-item-noun	0xa7fc90	0xa84141	jmp	0xa84145	0xa84143
classic	shared-item-noun	0xa7fc90	0xa8414a	je	0xa8416b	0xa8414c
classic	shared-item-noun	0xa7fc90	0xa8414f	jne	0xa850eb	0xa84155
classic	shared-item-noun	0xa7fc90	0xa84166	jmp	0xa850e3	0xa8416b
classic	shared-item-noun	0xa7fc90	0xa8417c	jmp	0xa850e3	0xa84181
classic	shared-item-noun	0xa7fc90	0xa84193	jmp	0xa850eb	0xa84198
classic	shared-item-noun	0xa7fc90	0xa841a2	je	0xa841c0	0xa841a4
classic	shared-item-noun	0xa7fc90	0xa841c4	je	0xa842e0	0xa841ca
classic	shared-item-noun	0xa7fc90	0xa841d8	cmova	rax,QWORD PTR [rsp+0x68]	0xa841de
classic	shared-item-noun	0xa7fc90	0xa841e5	je	0xa84265	0xa841e7
classic	shared-item-noun	0xa7fc90	0xa841ea	js	0xa842ae	0xa841f0
classic	shared-item-noun	0xa7fc90	0xa84208	jae	0xa8426a	0xa8420a
classic	shared-item-noun	0xa7fc90	0xa8420d	js	0xa8426a	0xa8420f
classic	shared-item-noun	0xa7fc90	0xa8422f	jae	0xa8426a	0xa84231
classic	shared-item-noun	0xa7fc90	0xa84241	je	0xa8425b	0xa84243
classic	shared-item-noun	0xa7fc90	0xa8424c	jbe	0xa84251	0xa8424e
classic	shared-item-noun	0xa7fc90	0xa84261	jbe	0xa8426a	0xa84263
classic	shared-item-noun	0xa7fc90	0xa84263	jmp	0xa842ae	0xa84265
classic	shared-item-noun	0xa7fc90	0xa84268	js	0xa842ae	0xa8426a
classic	shared-item-noun	0xa7fc90	0xa84282	jae	0xa842ae	0xa84284
classic	shared-item-noun	0xa7fc90	0xa84294	je	0xa842ae	0xa84296
classic	shared-item-noun	0xa7fc90	0xa8429f	jbe	0xa842a4	0xa842a1
classic	shared-item-noun	0xa7fc90	0xa842b8	cmova	rdx,QWORD PTR [rsp+0x68]	0xa842be
classic	shared-item-noun	0xa7fc90	0xa842f5	jmp	0xa850eb	0xa842fa
classic	shared-item-noun	0xa7fc90	0xa84304	je	0xa84322	0xa84306
classic	shared-item-noun	0xa7fc90	0xa84326	je	0xa8440b	0xa8432c
classic	shared-item-noun	0xa7fc90	0xa8433a	cmova	rax,QWORD PTR [rsp+0x68]	0xa84340
classic	shared-item-noun	0xa7fc90	0xa84347	je	0xa843c1	0xa84349
classic	shared-item-noun	0xa7fc90	0xa8434c	js	0xa843c1	0xa8434e
classic	shared-item-noun	0xa7fc90	0xa84366	jae	0xa843c1	0xa84368
classic	shared-item-noun	0xa7fc90	0xa8436b	js	0xa843c1	0xa8436d
classic	shared-item-noun	0xa7fc90	0xa8438d	jae	0xa843c1	0xa8438f
classic	shared-item-noun	0xa7fc90	0xa8439f	je	0xa843b9	0xa843a1
classic	shared-item-noun	0xa7fc90	0xa843aa	jbe	0xa843af	0xa843ac
classic	shared-item-noun	0xa7fc90	0xa843bf	ja	0xa843e1	0xa843c1
classic	shared-item-noun	0xa7fc90	0xa84406	jmp	0xa8414a	0xa8440b
classic	shared-item-noun	0xa7fc90	0xa8441a	jmp	0xa850eb	0xa8441f
classic	shared-item-noun	0xa7fc90	0xa84426	je	0xa84461	0xa84428
classic	shared-item-noun	0xa7fc90	0xa8443e	setne	r8b	0xa84442
classic	shared-item-noun	0xa7fc90	0xa8445c	jmp	0xa850eb	0xa84461
classic	shared-item-noun	0xa7fc90	0xa8446d	jmp	0xa850db	0xa84472
classic	shared-item-noun	0xa7fc90	0xa84479	je	0xa84484	0xa8447b
classic	shared-item-noun	0xa7fc90	0xa84482	jmp	0xa8442f	0xa84484
classic	shared-item-noun	0xa7fc90	0xa84490	jmp	0xa850db	0xa84495
classic	shared-item-noun	0xa7fc90	0xa844a2	jmp	0xa850d3	0xa844a7
classic	shared-item-noun	0xa7fc90	0xa844b3	jae	0xa844c4	0xa844b5
classic	shared-item-noun	0xa7fc90	0xa844c8	je	0xa844d9	0xa844ca
classic	shared-item-noun	0xa7fc90	0xa844dd	je	0xa845ea	0xa844e3
classic	shared-item-noun	0xa7fc90	0xa844e6	je	0xa845ea	0xa844ec
classic	shared-item-noun	0xa7fc90	0xa84504	je	0xa845d6	0xa8450a
classic	shared-item-noun	0xa7fc90	0xa84512	je	0xa8452d	0xa84514
classic	shared-item-noun	0xa7fc90	0xa8453b	je	0xa8456a	0xa8453d
classic	shared-item-noun	0xa7fc90	0xa84575	jne	0xa845ae	0xa84577
classic	shared-item-noun	0xa7fc90	0xa8458a	jle	0xa8459d	0xa8458c
classic	shared-item-noun	0xa7fc90	0xa84598	jmp	0xa850f1	0xa8459d
classic	shared-item-noun	0xa7fc90	0xa845a9	jmp	0xa85127	0xa845ae
classic	shared-item-noun	0xa7fc90	0xa845b2	jne	0xa845c5	0xa845b4
classic	shared-item-noun	0xa7fc90	0xa845c0	jmp	0xa85127	0xa845c5
classic	shared-item-noun	0xa7fc90	0xa845d1	jmp	0xa850eb	0xa845d6
classic	shared-item-noun	0xa7fc90	0xa845e5	jmp	0xa850eb	0xa845ea
classic	shared-item-noun	0xa7fc90	0xa845ff	jmp	0xa850eb	0xa84604
classic	shared-item-noun	0xa7fc90	0xa8461f	js	0xa84634	0xa84621
classic	shared-item-noun	0xa7fc90	0xa8462a	je	0xa84696	0xa8462c
classic	shared-item-noun	0xa7fc90	0xa84632	jns	0xa84621	0xa84634
classic	shared-item-noun	0xa7fc90	0xa8463e	jne	0xa84644	0xa84640
classic	shared-item-noun	0xa7fc90	0xa84642	je	0xa84682	0xa84644
classic	shared-item-noun	0xa7fc90	0xa84691	jmp	0xa850db	0xa84696
classic	shared-item-noun	0xa7fc90	0xa846a0	je	0xa84634	0xa846a2
classic	shared-item-noun	0xa7fc90	0xa846aa	je	0xa846cd	0xa846ac
classic	shared-item-noun	0xa7fc90	0xa846d7	jne	0xa846dd	0xa846d9
classic	shared-item-noun	0xa7fc90	0xa846db	je	0xa8471b	0xa846dd
classic	shared-item-noun	0xa7fc90	0xa84726	jne	0xa84454	0xa8472c
classic	shared-item-noun	0xa7fc90	0xa84738	jmp	0xa850eb	0xa8473d
classic	shared-item-noun	0xa7fc90	0xa84740	je	0xa8475b	0xa84742
classic	shared-item-noun	0xa7fc90	0xa84776	js	0xa84793	0xa84778
classic	shared-item-noun	0xa7fc90	0xa84789	je	0xa8480a	0xa8478b
classic	shared-item-noun	0xa7fc90	0xa84791	jns	0xa84780	0xa84793
classic	shared-item-noun	0xa7fc90	0xa8479d	jne	0xa847a3	0xa8479f
classic	shared-item-noun	0xa7fc90	0xa847a1	je	0xa847e1	0xa847a3
classic	shared-item-noun	0xa7fc90	0xa847e5	jle	0xa847f6	0xa847e7
classic	shared-item-noun	0xa7fc90	0xa84805	jmp	0xa850eb	0xa8480a
classic	shared-item-noun	0xa7fc90	0xa84814	je	0xa84793	0xa8481a
classic	shared-item-noun	0xa7fc90	0xa8481e	jle	0xa84843	0xa84820
classic	shared-item-noun	0xa7fc90	0xa84828	je	0xa84843	0xa8482a
classic	shared-item-noun	0xa7fc90	0xa8484b	je	0xa8486b	0xa8484d
classic	shared-item-noun	0xa7fc90	0xa84875	jne	0xa8488e	0xa84877
classic	shared-item-noun	0xa7fc90	0xa84879	jne	0xa8488e	0xa8487b
classic	shared-item-noun	0xa7fc90	0xa84883	je	0xa848cd	0xa84885
classic	shared-item-noun	0xa7fc90	0xa8488c	jmp	0xa848bb	0xa8488e
classic	shared-item-noun	0xa7fc90	0xa848e7	je	0xa8471b	0xa848ed
classic	shared-item-noun	0xa7fc90	0xa84900	je	0xa8471b	0xa84906
classic	shared-item-noun	0xa7fc90	0xa84915	jmp	0xa8471b	0xa8491a
classic	shared-item-noun	0xa7fc90	0xa8491d	je	0xa84938	0xa8491f
classic	shared-item-noun	0xa7fc90	0xa84953	js	0xa84977	0xa84955
classic	shared-item-noun	0xa7fc90	0xa84969	je	0xa84aaf	0xa8496f
classic	shared-item-noun	0xa7fc90	0xa84975	jns	0xa84960	0xa84977
classic	shared-item-noun	0xa7fc90	0xa84984	jne	0xa8498a	0xa84986
classic	shared-item-noun	0xa7fc90	0xa84988	je	0xa849d9	0xa8498a
classic	shared-item-noun	0xa7fc90	0xa849bc	cmova	rdx,QWORD PTR [rsp+0x68]	0xa849c2
classic	shared-item-noun	0xa7fc90	0xa849dd	je	0xa84a44	0xa849df
classic	shared-item-noun	0xa7fc90	0xa849f1	je	0xa84a44	0xa849f3
classic	shared-item-noun	0xa7fc90	0xa84a05	je	0xa84a44	0xa84a07
classic	shared-item-noun	0xa7fc90	0xa84a13	je	0xa84a24	0xa84a15
classic	shared-item-noun	0xa7fc90	0xa84a33	je	0xa84a44	0xa84a35
classic	shared-item-noun	0xa7fc90	0xa84a47	je	0xa84af3	0xa84a4d
classic	shared-item-noun	0xa7fc90	0xa84a67	je	0xa84a8d	0xa84a69
classic	shared-item-noun	0xa7fc90	0xa84a7c	je	0xa84a8d	0xa84a7e
classic	shared-item-noun	0xa7fc90	0xa84a98	jne	0xa84454	0xa84a9e
classic	shared-item-noun	0xa7fc90	0xa84aaa	jmp	0xa850eb	0xa84aaf
classic	shared-item-noun	0xa7fc90	0xa84abc	je	0xa8497a	0xa84ac2
classic	shared-item-noun	0xa7fc90	0xa84aca	je	0xa8497a	0xa84ad0
classic	shared-item-noun	0xa7fc90	0xa84aee	jmp	0xa8497a	0xa84af3
classic	shared-item-noun	0xa7fc90	0xa84b02	jmp	0xa850eb	0xa84b07
classic	shared-item-noun	0xa7fc90	0xa84b22	js	0xa84b49	0xa84b24
classic	shared-item-noun	0xa7fc90	0xa84b2d	je	0xa84b39	0xa84b2f
classic	shared-item-noun	0xa7fc90	0xa84b35	jns	0xa84b24	0xa84b37
classic	shared-item-noun	0xa7fc90	0xa84b37	jmp	0xa84b49	0xa84b39
classic	shared-item-noun	0xa7fc90	0xa84b43	jne	0xa846a2	0xa84b49
classic	shared-item-noun	0xa7fc90	0xa84b53	jne	0xa84b59	0xa84b55
classic	shared-item-noun	0xa7fc90	0xa84b57	je	0xa84b97	0xa84b59
classic	shared-item-noun	0xa7fc90	0xa84bad	je	0xa84bca	0xa84baf
classic	shared-item-noun	0xa7fc90	0xa84bc5	jmp	0xa850e1	0xa84bca
classic	shared-item-noun	0xa7fc90	0xa84bd6	jmp	0xa85127	0xa84bdb
classic	shared-item-noun	0xa7fc90	0xa84bde	je	0xa84bf9	0xa84be0
classic	shared-item-noun	0xa7fc90	0xa84c14	js	0xa84c37	0xa84c16
classic	shared-item-noun	0xa7fc90	0xa84c29	je	0xa84cd7	0xa84c2f
classic	shared-item-noun	0xa7fc90	0xa84c35	jns	0xa84c20	0xa84c37
classic	shared-item-noun	0xa7fc90	0xa84c44	jne	0xa84c4a	0xa84c46
classic	shared-item-noun	0xa7fc90	0xa84c48	je	0xa84c99	0xa84c4a
classic	shared-item-noun	0xa7fc90	0xa84c7c	cmova	rdx,QWORD PTR [rsp+0x68]	0xa84c82
classic	shared-item-noun	0xa7fc90	0xa84c9c	je	0xa84d31	0xa84ca2
classic	shared-item-noun	0xa7fc90	0xa84cb7	je	0xa8471b	0xa84cbd
classic	shared-item-noun	0xa7fc90	0xa84cc4	jle	0xa84d1b	0xa84cc6
classic	shared-item-noun	0xa7fc90	0xa84cd1	jge	0xa84d1b	0xa84cd3
classic	shared-item-noun	0xa7fc90	0xa84cd5	jmp	0xa84d1d	0xa84cd7
classic	shared-item-noun	0xa7fc90	0xa84ce4	je	0xa84c3a	0xa84cea
classic	shared-item-noun	0xa7fc90	0xa84cf2	je	0xa84c3a	0xa84cf8
classic	shared-item-noun	0xa7fc90	0xa84d16	jmp	0xa84c3a	0xa84d1b
classic	shared-item-noun	0xa7fc90	0xa84d1f	je	0xa8471b	0xa84d25
classic	shared-item-noun	0xa7fc90	0xa84d2c	jmp	0xa848f4	0xa84d31
classic	shared-item-noun	0xa7fc90	0xa84d46	jmp	0xa850eb	0xa84d4b
classic	shared-item-noun	0xa7fc90	0xa84d4e	je	0xa84d76	0xa84d50
classic	shared-item-noun	0xa7fc90	0xa84d59	cmova	rdx,QWORD PTR [rbp-0x78]	0xa84d5e
classic	shared-item-noun	0xa7fc90	0xa84d91	js	0xa84db7	0xa84d93
classic	shared-item-noun	0xa7fc90	0xa84da9	je	0xa84e3c	0xa84daf
classic	shared-item-noun	0xa7fc90	0xa84db5	jns	0xa84da0	0xa84db7
classic	shared-item-noun	0xa7fc90	0xa84dc4	jne	0xa84dca	0xa84dc6
classic	shared-item-noun	0xa7fc90	0xa84dc8	je	0xa84e19	0xa84dca
classic	shared-item-noun	0xa7fc90	0xa84dfc	cmova	rdx,QWORD PTR [rsp+0x68]	0xa84e02
classic	shared-item-noun	0xa7fc90	0xa84e1c	jne	0xa84ca2	0xa84e22
classic	shared-item-noun	0xa7fc90	0xa84e37	jmp	0xa850eb	0xa84e3c
classic	shared-item-noun	0xa7fc90	0xa84e49	je	0xa84dba	0xa84e4f
classic	shared-item-noun	0xa7fc90	0xa84e57	je	0xa84dba	0xa84e5d
classic	shared-item-noun	0xa7fc90	0xa84e7b	jmp	0xa84dba	0xa84e80
classic	shared-item-noun	0xa7fc90	0xa84e9b	js	0xa84eb6	0xa84e9d
classic	shared-item-noun	0xa7fc90	0xa84ea9	je	0xa84f3c	0xa84eaf
classic	shared-item-noun	0xa7fc90	0xa84eb4	jns	0xa84ea0	0xa84eb6
classic	shared-item-noun	0xa7fc90	0xa84eb9	je	0xa84ed4	0xa84ebb
classic	shared-item-noun	0xa7fc90	0xa84ede	jne	0xa84ee4	0xa84ee0
classic	shared-item-noun	0xa7fc90	0xa84ee2	je	0xa84f22	0xa84ee4
classic	shared-item-noun	0xa7fc90	0xa84f37	jmp	0xa850eb	0xa84f3c
classic	shared-item-noun	0xa7fc90	0xa84f46	je	0xa84eb6	0xa84f4c
classic	shared-item-noun	0xa7fc90	0xa84f4f	jle	0xa84f78	0xa84f51
classic	shared-item-noun	0xa7fc90	0xa84f59	je	0xa84f78	0xa84f5b
classic	shared-item-noun	0xa7fc90	0xa84f7b	je	0xa84f93	0xa84f7d
classic	shared-item-noun	0xa7fc90	0xa84f9b	je	0xa84fbb	0xa84f9d
classic	shared-item-noun	0xa7fc90	0xa84fc5	jne	0xa84fde	0xa84fc7
classic	shared-item-noun	0xa7fc90	0xa84fc9	jne	0xa84fde	0xa84fcb
classic	shared-item-noun	0xa7fc90	0xa84fd3	je	0xa8501d	0xa84fd5
classic	shared-item-noun	0xa7fc90	0xa84fdc	jmp	0xa8500b	0xa84fde
classic	shared-item-noun	0xa7fc90	0xa85032	je	0xa8471b	0xa85038
classic	shared-item-noun	0xa7fc90	0xa8503f	jle	0xa85052	0xa85041
classic	shared-item-noun	0xa7fc90	0xa8504c	jge	0xa85052	0xa8504e
classic	shared-item-noun	0xa7fc90	0xa85050	jmp	0xa85054	0xa85052
classic	shared-item-noun	0xa7fc90	0xa85056	je	0xa8471b	0xa8505c
classic	shared-item-noun	0xa7fc90	0xa85063	jmp	0xa848f4	0xa85068
classic	shared-item-noun	0xa7fc90	0xa85072	jne	0xa85078	0xa85074
classic	shared-item-noun	0xa7fc90	0xa85076	je	0xa850c6	0xa85078
classic	shared-item-noun	0xa7fc90	0xa850a9	cmova	rdx,QWORD PTR [rsp+0x68]	0xa850af
classic	shared-item-noun	0xa7fc90	0xa850df	je	0xa85127	0xa850e1
classic	shared-item-noun	0xa7fc90	0xa850ef	jle	0xa85127	0xa850f1
classic	item_toolst-title-with-article;item_weaponst-title-with-article;item_instrumentst-title-with-article	0xc62420	0xc6242d	jne	0xc62449	0xc6242f
classic	item_toolst-title-with-article;item_weaponst-title-with-article;item_instrumentst-title-with-article	0xc62420	0xc62444	jmp	0x6f9a0	0xc62449
classic	item_toolst-title-with-article;item_weaponst-title-with-article;item_instrumentst-title-with-article	0xc62420	0xc6244c	jne	0xc6247f	0xc6244e
classic	item_toolst-title-with-article;item_weaponst-title-with-article;item_instrumentst-title-with-article	0xc62420	0xc62455	jne	0xc6247f	0xc62457
classic	item_toolst-title-with-article;item_weaponst-title-with-article;item_instrumentst-title-with-article	0xc62420	0xc62463	jne	0xc6247f	0xc62465
classic	item_toolst-title-with-article;item_weaponst-title-with-article;item_instrumentst-title-with-article	0xc62420	0xc6247a	jmp	0x6f9a0	0xc6247f
classic	complete-item-designation	0xc62490	0xc624c2	jbe	0xc624c7	0xc624c4
classic	complete-item-designation	0xc62490	0xc624d5	jae	0xc62527	0xc624d7
classic	complete-item-designation	0xc62490	0xc624e3	je	0xc624eb	0xc624e5
classic	complete-item-designation	0xc62490	0xc624e9	jmp	0xc624d2	0xc624eb
classic	complete-item-designation	0xc62490	0xc624f7	je	0xc62527	0xc624f9
classic	complete-item-designation	0xc62490	0xc62501	je	0xc62756	0xc62507
classic	complete-item-designation	0xc62490	0xc62509	jne	0xc62756	0xc6250f
classic	complete-item-designation	0xc62490	0xc62522	jmp	0xa910b0	0xc62527
classic	complete-item-designation	0xc62490	0xc6252d	jne	0xc62756	0xc62533
classic	complete-item-designation	0xc62490	0xc62540	jne	0xc62558	0xc62542
classic	complete-item-designation	0xc62490	0xc6254a	je	0xc62558	0xc6254c
classic	complete-item-designation	0xc62490	0xc62553	jmp	0xc62713	0xc62558
classic	complete-item-designation	0xc62490	0xc62565	jne	0xc62756	0xc6256b
classic	complete-item-designation	0xc62490	0xc62583	jae	0xc6274f	0xc62589
classic	complete-item-designation	0xc62490	0xc62595	jne	0xc62643	0xc6259b
classic	complete-item-designation	0xc62490	0xc625b0	je	0xc62643	0xc625b6
classic	complete-item-designation	0xc62490	0xc625d0	je	0xc62643	0xc625d2
classic	complete-item-designation	0xc62490	0xc625d9	jle	0xc62603	0xc625db
classic	complete-item-designation	0xc62490	0xc625f3	cmovl	edx,r9d	0xc625f7
classic	complete-item-designation	0xc62490	0xc62601	jg	0xc625e0	0xc62603
classic	complete-item-designation	0xc62490	0xc6260a	je	0xc62643	0xc6260c
classic	complete-item-designation	0xc62490	0xc6260f	jge	0xc62643	0xc62611
classic	complete-item-designation	0xc62490	0xc6261d	je	0xc6262c	0xc6261f
classic	complete-item-designation	0xc62490	0xc62628	jl	0xc62617	0xc6262a
classic	complete-item-designation	0xc62490	0xc6262a	jmp	0xc62643	0xc6262c
classic	complete-item-designation	0xc62490	0xc62636	je	0xc62643	0xc62638
classic	complete-item-designation	0xc62490	0xc6263d	jne	0xc6270f	0xc62643
classic	complete-item-designation	0xc62490	0xc6264f	jne	0xc62706	0xc62655
classic	complete-item-designation	0xc62490	0xc6266a	je	0xc62706	0xc62670
classic	complete-item-designation	0xc62490	0xc6268a	je	0xc62706	0xc6268c
classic	complete-item-designation	0xc62490	0xc62693	jle	0xc626c3	0xc62695
classic	complete-item-designation	0xc62490	0xc626b3	cmovl	edx,r9d	0xc626b7
classic	complete-item-designation	0xc62490	0xc626c1	jg	0xc626a0	0xc626c3
classic	complete-item-designation	0xc62490	0xc626ca	je	0xc62706	0xc626cc
classic	complete-item-designation	0xc62490	0xc626cf	jge	0xc62706	0xc626d1
classic	complete-item-designation	0xc62490	0xc626dd	je	0xc626f3	0xc626df
classic	complete-item-designation	0xc62490	0xc626e8	jl	0xc626d7	0xc626ea
classic	complete-item-designation	0xc62490	0xc626ee	jmp	0xc62580	0xc626f3
classic	complete-item-designation	0xc62490	0xc626fd	je	0xc62706	0xc626ff
classic	complete-item-designation	0xc62490	0xc62704	jne	0xc6270f	0xc62706
classic	complete-item-designation	0xc62490	0xc6270a	jmp	0xc62580	0xc6270f
classic	complete-item-designation	0xc62490	0xc62716	je	0xc6272e	0xc62718
classic	complete-item-designation	0xc62490	0xc62721	jbe	0xc62726	0xc62723
classic	complete-item-designation	0xc62490	0xc6274a	jmp	0x6f9a0	0xc6274f
classic	complete-item-designation	0xc62490	0xc62791	jne	0xc6279c	0xc62793
classic	complete-item-designation	0xc62490	0xc62797	cmovl	r14w,r12w	0xc6279c
classic	complete-item-designation	0xc62490	0xc627b8	jne	0xc62bf3	0xc627be
classic	complete-item-designation	0xc62490	0xc627c5	jne	0xc627f7	0xc627c7
classic	complete-item-designation	0xc62490	0xc627d3	jae	0xc627f3	0xc627d5
classic	complete-item-designation	0xc62490	0xc627e1	je	0xc627e9	0xc627e3
classic	complete-item-designation	0xc62490	0xc627e7	jmp	0xc627d0	0xc627e9
classic	complete-item-designation	0xc62490	0xc627ff	je	0xc6280b	0xc62801
classic	complete-item-designation	0xc62490	0xc62820	jl	0xc6285c	0xc62822
classic	complete-item-designation	0xc62490	0xc62838	jne	0xc62830	0xc6283a
classic	complete-item-designation	0xc62490	0xc62858	jne	0xc62850	0xc6285a
classic	complete-item-designation	0xc62490	0xc6285a	jmp	0xc6289a	0xc6285c
classic	complete-item-designation	0xc62490	0xc62860	jne	0xc6287c	0xc62862
classic	complete-item-designation	0xc62490	0xc62878	jne	0xc62870	0xc6287a
classic	complete-item-designation	0xc62490	0xc6287a	jmp	0xc6289a	0xc6287c
classic	complete-item-designation	0xc62490	0xc62880	jne	0xc628a6	0xc62882
classic	complete-item-designation	0xc62490	0xc62898	jne	0xc62890	0xc6289a
classic	complete-item-designation	0xc62490	0xc628ad	jne	0xc62906	0xc628af
classic	complete-item-designation	0xc62490	0xc628b7	je	0xc628da	0xc628b9
classic	complete-item-designation	0xc62490	0xc628cc	jne	0xc628c4	0xc628ce
classic	complete-item-designation	0xc62490	0xc628e2	je	0xc62906	0xc628e4
classic	complete-item-designation	0xc62490	0xc628f8	jne	0xc628f0	0xc628fa
classic	complete-item-designation	0xc62490	0xc62915	je	0xc62a07	0xc6291b
classic	complete-item-designation	0xc62490	0xc62922	jle	0xc629e6	0xc62928
classic	complete-item-designation	0xc62490	0xc62932	je	0xc629e6	0xc62938
classic	complete-item-designation	0xc62490	0xc6293d	jne	0xc6295c	0xc6293f
classic	complete-item-designation	0xc62490	0xc62958	jne	0xc62950	0xc6295a
classic	complete-item-designation	0xc62490	0xc6295a	jmp	0xc629da	0xc6295c
classic	complete-item-designation	0xc62490	0xc62961	jne	0xc6297c	0xc62963
classic	complete-item-designation	0xc62490	0xc62978	jne	0xc62970	0xc6297a
classic	complete-item-designation	0xc62490	0xc6297a	jmp	0xc629da	0xc6297c
classic	complete-item-designation	0xc62490	0xc62981	jne	0xc6299c	0xc62983
classic	complete-item-designation	0xc62490	0xc62998	jne	0xc62990	0xc6299a
classic	complete-item-designation	0xc62490	0xc6299a	jmp	0xc629da	0xc6299c
classic	complete-item-designation	0xc62490	0xc629a1	jne	0xc629bc	0xc629a3
classic	complete-item-designation	0xc62490	0xc629b8	jne	0xc629b0	0xc629ba
classic	complete-item-designation	0xc62490	0xc629ba	jmp	0xc629da	0xc629bc
classic	complete-item-designation	0xc62490	0xc629c1	jne	0xc629e6	0xc629c3
classic	complete-item-designation	0xc62490	0xc629d8	jne	0xc629d0	0xc629da
classic	complete-item-designation	0xc62490	0xc629f9	jne	0xc629f1	0xc629fb
classic	complete-item-designation	0xc62490	0xc62a17	je	0xc62a3a	0xc62a19
classic	complete-item-designation	0xc62490	0xc62a2c	jne	0xc62a24	0xc62a2e
classic	complete-item-designation	0xc62490	0xc62a3f	jne	0xc62a93	0xc62a41
classic	complete-item-designation	0xc62490	0xc62a58	jne	0xc62a50	0xc62a5a
classic	complete-item-designation	0xc62490	0xc62a8e	jmp	0xc62c2a	0xc62a93
classic	complete-item-designation	0xc62490	0xc62a98	jne	0xc62ae8	0xc62a9a
classic	complete-item-designation	0xc62490	0xc62aad	jne	0xc62aa5	0xc62aaf
classic	complete-item-designation	0xc62490	0xc62ae3	jmp	0xc62c48	0xc62ae8
classic	complete-item-designation	0xc62490	0xc62aed	jne	0xc62b43	0xc62aef
classic	complete-item-designation	0xc62490	0xc62b08	jne	0xc62b00	0xc62b0a
classic	complete-item-designation	0xc62490	0xc62b3e	jmp	0xc62c66	0xc62b43
classic	complete-item-designation	0xc62490	0xc62b48	jne	0xc62b98	0xc62b4a
classic	complete-item-designation	0xc62490	0xc62b5d	jne	0xc62b55	0xc62b5f
classic	complete-item-designation	0xc62490	0xc62b93	jmp	0xc62c84	0xc62b98
classic	complete-item-designation	0xc62490	0xc62b9d	jne	0xc62bf3	0xc62b9f
classic	complete-item-designation	0xc62490	0xc62bb8	jne	0xc62bb0	0xc62bba
classic	complete-item-designation	0xc62490	0xc62bee	jmp	0xc62ca3	0xc62bf3
classic	complete-item-designation	0xc62490	0xc62c09	jne	0xc62f33	0xc62c0f
classic	complete-item-designation	0xc62490	0xc62c28	jne	0xc62c41	0xc62c2a
classic	complete-item-designation	0xc62490	0xc62c3d	jne	0xc62c35	0xc62c3f
classic	complete-item-designation	0xc62490	0xc62c3f	jmp	0xc62cba	0xc62c41
classic	complete-item-designation	0xc62490	0xc62c46	jne	0xc62c5f	0xc62c48
classic	complete-item-designation	0xc62490	0xc62c5b	jne	0xc62c53	0xc62c5d
classic	complete-item-designation	0xc62490	0xc62c5d	jmp	0xc62cba	0xc62c5f
classic	complete-item-designation	0xc62490	0xc62c64	jne	0xc62c7d	0xc62c66
classic	complete-item-designation	0xc62490	0xc62c79	jne	0xc62c71	0xc62c7b
classic	complete-item-designation	0xc62490	0xc62c7b	jmp	0xc62cba	0xc62c7d
classic	complete-item-designation	0xc62490	0xc62c82	jne	0xc62c9c	0xc62c84
classic	complete-item-designation	0xc62490	0xc62c98	jne	0xc62c90	0xc62c9a
classic	complete-item-designation	0xc62490	0xc62c9a	jmp	0xc62cba	0xc62c9c
classic	complete-item-designation	0xc62490	0xc62ca1	jne	0xc62cc6	0xc62ca3
classic	complete-item-designation	0xc62490	0xc62cb8	jne	0xc62cb0	0xc62cba
classic	complete-item-designation	0xc62490	0xc62cd6	je	0xc62cf9	0xc62cd8
classic	complete-item-designation	0xc62490	0xc62ceb	jne	0xc62ce3	0xc62ced
classic	complete-item-designation	0xc62490	0xc62d08	je	0xc62df6	0xc62d0e
classic	complete-item-designation	0xc62490	0xc62d28	jne	0xc62d20	0xc62d2a
classic	complete-item-designation	0xc62490	0xc62d3d	jle	0xc62df6	0xc62d43
classic	complete-item-designation	0xc62490	0xc62d4d	je	0xc62df6	0xc62d53
classic	complete-item-designation	0xc62490	0xc62d58	jne	0xc62d71	0xc62d5a
classic	complete-item-designation	0xc62490	0xc62d6d	jne	0xc62d65	0xc62d6f
classic	complete-item-designation	0xc62490	0xc62d6f	jmp	0xc62dea	0xc62d71
classic	complete-item-designation	0xc62490	0xc62d76	jne	0xc62d8f	0xc62d78
classic	complete-item-designation	0xc62490	0xc62d8b	jne	0xc62d83	0xc62d8d
classic	complete-item-designation	0xc62490	0xc62d8d	jmp	0xc62dea	0xc62d8f
classic	complete-item-designation	0xc62490	0xc62d94	jne	0xc62dad	0xc62d96
classic	complete-item-designation	0xc62490	0xc62da9	jne	0xc62da1	0xc62dab
classic	complete-item-designation	0xc62490	0xc62dab	jmp	0xc62dea	0xc62dad
classic	complete-item-designation	0xc62490	0xc62db2	jne	0xc62dcc	0xc62db4
classic	complete-item-designation	0xc62490	0xc62dc8	jne	0xc62dc0	0xc62dca
classic	complete-item-designation	0xc62490	0xc62dca	jmp	0xc62dea	0xc62dcc
classic	complete-item-designation	0xc62490	0xc62dd1	jne	0xc62df6	0xc62dd3
classic	complete-item-designation	0xc62490	0xc62de8	jne	0xc62de0	0xc62dea
classic	complete-item-designation	0xc62490	0xc62dfd	jne	0xc62e56	0xc62dff
classic	complete-item-designation	0xc62490	0xc62e07	je	0xc62e2a	0xc62e09
classic	complete-item-designation	0xc62490	0xc62e1c	jne	0xc62e14	0xc62e1e
classic	complete-item-designation	0xc62490	0xc62e32	je	0xc62e56	0xc62e34
classic	complete-item-designation	0xc62490	0xc62e48	jne	0xc62e40	0xc62e4a
classic	complete-item-designation	0xc62490	0xc62e5a	jl	0xc62e9b	0xc62e5c
classic	complete-item-designation	0xc62490	0xc62e78	jne	0xc62e70	0xc62e7a
classic	complete-item-designation	0xc62490	0xc62e97	jne	0xc62e90	0xc62e99
classic	complete-item-designation	0xc62490	0xc62e99	jmp	0xc62ed9	0xc62e9b
classic	complete-item-designation	0xc62490	0xc62e9f	jne	0xc62ebb	0xc62ea1
classic	complete-item-designation	0xc62490	0xc62eb7	jne	0xc62eb0	0xc62eb9
classic	complete-item-designation	0xc62490	0xc62eb9	jmp	0xc62ed9	0xc62ebb
classic	complete-item-designation	0xc62490	0xc62ebf	jne	0xc62ee8	0xc62ec1
classic	complete-item-designation	0xc62490	0xc62ed7	jne	0xc62ed0	0xc62ed9
classic	complete-item-designation	0xc62490	0xc62ef0	je	0xc62efc	0xc62ef2
classic	complete-item-designation	0xc62490	0xc62f03	jne	0xc62f33	0xc62f05
classic	complete-item-designation	0xc62490	0xc62f13	jae	0xc62f33	0xc62f15
classic	complete-item-designation	0xc62490	0xc62f21	je	0xc62f29	0xc62f23
classic	complete-item-designation	0xc62490	0xc62f27	jmp	0xc62f10	0xc62f29
classic	item_toolst-title	0xca0a30	0xca0a6b	jne	0xca1425	0xca0a71
classic	item_toolst-title	0xca0a30	0xca0a7f	je	0xca13cb	0xca0a85
classic	item_toolst-title	0xca0a30	0xca0a8d	je	0xca1029	0xca0a93
classic	item_toolst-title	0xca0a30	0xca0aa6	jne	0xca0ac2	0xca0aa8
classic	item_toolst-title	0xca0a30	0xca0abd	jmp	0xca0d27	0xca0ac2
classic	item_toolst-title	0xca0a30	0xca0acc	jne	0xca0ae8	0xca0ace
classic	item_toolst-title	0xca0a30	0xca0ae3	jmp	0xca0d27	0xca0ae8
classic	item_toolst-title	0xca0a30	0xca0af2	jne	0xca0b0e	0xca0af4
classic	item_toolst-title	0xca0a30	0xca0b09	jmp	0xca0d27	0xca0b0e
classic	item_toolst-title	0xca0a30	0xca0b18	jne	0xca0b34	0xca0b1a
classic	item_toolst-title	0xca0a30	0xca0b2f	jmp	0xca0d27	0xca0b34
classic	item_toolst-title	0xca0a30	0xca0b3e	jne	0xca0b5a	0xca0b40
classic	item_toolst-title	0xca0a30	0xca0b55	jmp	0xca0d27	0xca0b5a
classic	item_toolst-title	0xca0a30	0xca0b64	jne	0xca0b80	0xca0b66
classic	item_toolst-title	0xca0a30	0xca0b7b	jmp	0xca0d27	0xca0b80
classic	item_toolst-title	0xca0a30	0xca0b8a	jne	0xca0ba6	0xca0b8c
classic	item_toolst-title	0xca0a30	0xca0ba1	jmp	0xca0d27	0xca0ba6
classic	item_toolst-title	0xca0a30	0xca0bb0	jne	0xca0bcc	0xca0bb2
classic	item_toolst-title	0xca0a30	0xca0bc7	jmp	0xca0d27	0xca0bcc
classic	item_toolst-title	0xca0a30	0xca0bd6	jne	0xca0bf2	0xca0bd8
classic	item_toolst-title	0xca0a30	0xca0bed	jmp	0xca0d27	0xca0bf2
classic	item_toolst-title	0xca0a30	0xca0bfc	jne	0xca0c18	0xca0bfe
classic	item_toolst-title	0xca0a30	0xca0c13	jmp	0xca0d27	0xca0c18
classic	item_toolst-title	0xca0a30	0xca0c22	jne	0xca0c3e	0xca0c24
classic	item_toolst-title	0xca0a30	0xca0c39	jmp	0xca0d27	0xca0c3e
classic	item_toolst-title	0xca0a30	0xca0c48	jne	0xca0c64	0xca0c4a
classic	item_toolst-title	0xca0a30	0xca0c5f	jmp	0xca0d27	0xca0c64
classic	item_toolst-title	0xca0a30	0xca0c73	jae	0xca0c97	0xca0c75
classic	item_toolst-title	0xca0a30	0xca0c81	je	0xca0c89	0xca0c83
classic	item_toolst-title	0xca0a30	0xca0c87	jmp	0xca0c70	0xca0c89
classic	item_toolst-title	0xca0a30	0xca0c95	jmp	0xca0c9a	0xca0c97
classic	item_toolst-title	0xca0a30	0xca0ca5	jae	0xca0cc6	0xca0ca7
classic	item_toolst-title	0xca0a30	0xca0cb3	je	0xca0cbb	0xca0cb5
classic	item_toolst-title	0xca0a30	0xca0cb9	jmp	0xca0ca2	0xca0cbb
classic	item_toolst-title	0xca0a30	0xca0cc4	jmp	0xca0cc9	0xca0cc6
classic	item_toolst-title	0xca0a30	0xca0cf3	jne	0xca0cf8	0xca0cf5
classic	item_toolst-title	0xca0a30	0xca0d0a	cmova	rdx,QWORD PTR [rbp-0x49]	0xca0d0f
classic	item_toolst-title	0xca0a30	0xca0d50	jbe	0xca0d55	0xca0d52
classic	item_toolst-title	0xca0a30	0xca0d6a	je	0xca13d7	0xca0d70
classic	item_toolst-title	0xca0a30	0xca0d9e	ja	0xca0f06	0xca0da4
classic	item_toolst-title	0xca0a30	0xca0dbc	je	0xca0f06	0xca0dc2
classic	item_toolst-title	0xca0a30	0xca0dc5	je	0xca0f06	0xca0dcb
classic	item_toolst-title	0xca0a30	0xca0dd2	js	0xca0f06	0xca0dd8
classic	item_toolst-title	0xca0a30	0xca0df3	je	0xca0e0e	0xca0df5
classic	item_toolst-title	0xca0a30	0xca0df8	cmovle	edx,eax	0xca0dfb
classic	item_toolst-title	0xca0a30	0xca0dfe	cmovle	eax,r8d	0xca0e02
classic	item_toolst-title	0xca0a30	0xca0e07	jle	0xca0de0	0xca0e09
classic	item_toolst-title	0xca0a30	0xca0e09	jmp	0xca0f06	0xca0e0e
classic	item_toolst-title	0xca0a30	0xca0e11	je	0xca0f06	0xca0e17
classic	item_toolst-title	0xca0a30	0xca0e1e	je	0xca0f06	0xca0e24
classic	item_toolst-title	0xca0a30	0xca0e41	je	0xca0e6f	0xca0e43
classic	item_toolst-title	0xca0a30	0xca0e4a	je	0xca0e6f	0xca0e4c
classic	item_toolst-title	0xca0a30	0xca0e52	je	0xca0e6f	0xca0e54
classic	item_toolst-title	0xca0a30	0xca0e63	je	0xca0e6f	0xca0e65
classic	item_toolst-title	0xca0a30	0xca0e6d	jmp	0xca0e73	0xca0e6f
classic	item_toolst-title	0xca0a30	0xca0e76	je	0xca0e98	0xca0e78
classic	item_toolst-title	0xca0a30	0xca0e7c	je	0xca0e98	0xca0e7e
classic	item_toolst-title	0xca0a30	0xca0ea0	cmova	rdx,QWORD PTR [rbp-0x29]	0xca0ea5
classic	item_toolst-title	0xca0a30	0xca0ed0	jbe	0xca0f06	0xca0ed2
classic	item_toolst-title	0xca0a30	0xca0ee3	jb	0xca0f01	0xca0ee5
classic	item_toolst-title	0xca0a30	0xca0ef8	jbe	0xca0f01	0xca0efa
classic	item_toolst-title	0xca0a30	0xca0f1f	je	0xca0f76	0xca0f21
classic	item_toolst-title	0xca0a30	0xca0f29	je	0xca0f5f	0xca0f2b
classic	item_toolst-title	0xca0a30	0xca0f3b	jbe	0xca0f40	0xca0f3d
classic	item_toolst-title	0xca0a30	0xca0f6f	jbe	0xca0f83	0xca0f71
classic	item_toolst-title	0xca0a30	0xca0f74	jmp	0xca0f83	0xca0f76
classic	item_toolst-title	0xca0a30	0xca0faa	cmova	rdx,QWORD PTR [rbp-0x49]	0xca0faf
classic	item_toolst-title	0xca0a30	0xca0fca	je	0xca1005	0xca0fcc
classic	item_toolst-title	0xca0a30	0xca0ff8	jbe	0xca0ffd	0xca0ffa
classic	item_toolst-title	0xca0a30	0xca1024	jmp	0xca13d7	0xca1029
classic	item_toolst-title	0xca0a30	0xca1034	je	0xca13c8	0xca103a
classic	item_toolst-title	0xca0a30	0xca1073	cmova	rdx,QWORD PTR [rbp-0x9]	0xca1078
classic	item_toolst-title	0xca0a30	0xca10ac	jbe	0xca10b1	0xca10ae
classic	item_toolst-title	0xca0a30	0xca10c6	je	0xca13bd	0xca10cc
classic	item_toolst-title	0xca0a30	0xca10fa	ja	0xca1267	0xca1100
classic	item_toolst-title	0xca0a30	0xca1118	je	0xca1267	0xca111e
classic	item_toolst-title	0xca0a30	0xca1121	je	0xca1267	0xca1127
classic	item_toolst-title	0xca0a30	0xca112e	js	0xca1267	0xca1134
classic	item_toolst-title	0xca0a30	0xca1153	je	0xca116f	0xca1155
classic	item_toolst-title	0xca0a30	0xca1158	cmovle	eax,r8d	0xca115c
classic	item_toolst-title	0xca0a30	0xca1162	cmovle	edx,eax	0xca1165
classic	item_toolst-title	0xca0a30	0xca1168	jle	0xca1140	0xca116a
classic	item_toolst-title	0xca0a30	0xca116a	jmp	0xca1267	0xca116f
classic	item_toolst-title	0xca0a30	0xca1172	je	0xca1267	0xca1178
classic	item_toolst-title	0xca0a30	0xca117f	je	0xca1267	0xca1185
classic	item_toolst-title	0xca0a30	0xca11a2	je	0xca11d0	0xca11a4
classic	item_toolst-title	0xca0a30	0xca11ab	je	0xca11d0	0xca11ad
classic	item_toolst-title	0xca0a30	0xca11b3	je	0xca11d0	0xca11b5
classic	item_toolst-title	0xca0a30	0xca11c4	je	0xca11d0	0xca11c6
classic	item_toolst-title	0xca0a30	0xca11ce	jmp	0xca11d4	0xca11d0
classic	item_toolst-title	0xca0a30	0xca11d7	je	0xca11f9	0xca11d9
classic	item_toolst-title	0xca0a30	0xca11dd	je	0xca11f9	0xca11df
classic	item_toolst-title	0xca0a30	0xca1201	cmova	rdx,QWORD PTR [rbp-0x29]	0xca1206
classic	item_toolst-title	0xca0a30	0xca1231	jbe	0xca1267	0xca1233
classic	item_toolst-title	0xca0a30	0xca1244	jb	0xca1262	0xca1246
classic	item_toolst-title	0xca0a30	0xca1259	jbe	0xca1262	0xca125b
classic	item_toolst-title	0xca0a30	0xca1280	je	0xca12d7	0xca1282
classic	item_toolst-title	0xca0a30	0xca128a	je	0xca12c0	0xca128c
classic	item_toolst-title	0xca0a30	0xca129c	jbe	0xca12a1	0xca129e
classic	item_toolst-title	0xca0a30	0xca12d0	jbe	0xca12e3	0xca12d2
classic	item_toolst-title	0xca0a30	0xca12d5	jmp	0xca12e3	0xca12d7
classic	item_toolst-title	0xca0a30	0xca130d	cmova	rdx,QWORD PTR [rbp-0x49]	0xca1312
classic	item_toolst-title	0xca0a30	0xca132d	je	0xca1368	0xca132f
classic	item_toolst-title	0xca0a30	0xca135b	jbe	0xca1360	0xca135d
classic	item_toolst-title	0xca0a30	0xca1386	jbe	0xca13bd	0xca1388
classic	item_toolst-title	0xca0a30	0xca1399	jb	0xca13b7	0xca139b
classic	item_toolst-title	0xca0a30	0xca13ae	jbe	0xca13b7	0xca13b0
classic	item_toolst-title	0xca0a30	0xca13c6	jmp	0xca13d7	0xca13c8
classic	item_toolst-title	0xca0a30	0xca13e9	je	0xca142a	0xca13eb
classic	item_toolst-title	0xca0a30	0xca1423	jmp	0xca142a	0xca1425
classic	item_weaponst-title;item_instrumentst-title	0xca2bf0	0xca2c1b	jae	0xca2c3f	0xca2c1d
classic	item_weaponst-title;item_instrumentst-title	0xca2bf0	0xca2c29	je	0xca2c31	0xca2c2b
classic	item_weaponst-title;item_instrumentst-title	0xca2bf0	0xca2c2f	jmp	0xca2c18	0xca2c31
classic	item_weaponst-title;item_instrumentst-title	0xca2bf0	0xca2c3d	jmp	0xca2c41	0xca2c3f
classic	item_weaponst-title;item_instrumentst-title	0xca2bf0	0xca2c51	jne	0xca2ca4	0xca2c53
classic	item_weaponst-title;item_instrumentst-title	0xca2bf0	0xca2c9f	jmp	0xca2d32	0xca2ca4
classic	item_weaponst-title;item_instrumentst-title	0xca2bf0	0xca2cc9	jne	0xca2cfb	0xca2ccb
classic	item_weaponst-title;item_instrumentst-title	0xca2bf0	0xca2cf9	jmp	0xca2d32	0xca2cfb
classic	instrument-raw-writer	0xeb9810	0xeb9866	jg	0xeb9887	0xeb9868
classic	instrument-raw-writer	0xeb9810	0xeb986f	jg	0xeb9887	0xeb9871
classic	instrument-raw-writer	0xeb9810	0xeb9878	jg	0xeb9887	0xeb987a
classic	instrument-raw-writer	0xeb9810	0xeb9881	jle	0xec7235	0xeb9887
classic	instrument-raw-writer	0xeb9810	0xeb988a	je	0xec7235	0xeb9890
classic	instrument-raw-writer	0xeb9810	0xeb9904	jle	0xebba16	0xeb990a
classic	instrument-raw-writer	0xeb9810	0xeb9922	je	0xeb9aa6	0xeb9928
classic	instrument-raw-writer	0xeb9810	0xeb9948	jle	0xeb9aa6	0xeb994e
classic	instrument-raw-writer	0xeb9810	0xeb99b6	je	0xeb9a0f	0xeb99b8
classic	instrument-raw-writer	0xeb9810	0xeb99de	jne	0xeb9a99	0xeb99e4
classic	instrument-raw-writer	0xeb9810	0xeb9a0d	jne	0xeb99c0	0xeb9a0f
classic	instrument-raw-writer	0xeb9810	0xeb9a4c	je	0xeb9ab2	0xeb9a4e
classic	instrument-raw-writer	0xeb9810	0xeb9a6a	jne	0xeb9a99	0xeb9a6c
classic	instrument-raw-writer	0xeb9810	0xeb9a95	jne	0xeb9a50	0xeb9a97
classic	instrument-raw-writer	0xeb9810	0xeb9a97	jmp	0xeb9ab2	0xeb9a99
classic	instrument-raw-writer	0xeb9810	0xeb9a9e	jl	0xeb9951	0xeb9aa4
classic	instrument-raw-writer	0xeb9810	0xeb9aa4	jmp	0xeb9ab2	0xeb9aa6
classic	instrument-raw-writer	0xeb9810	0xeb9b60	je	0xeb9c8f	0xeb9b66
classic	instrument-raw-writer	0xeb9810	0xeb9b69	je	0xeb9c88	0xeb9b6f
classic	instrument-raw-writer	0xeb9810	0xeb9b72	je	0xeb9c3c	0xeb9b78
classic	instrument-raw-writer	0xeb9810	0xeb9b7b	je	0xeb9bd5	0xeb9b7d
classic	instrument-raw-writer	0xeb9810	0xeb9b80	jne	0xeb9ce9	0xeb9b86
classic	instrument-raw-writer	0xeb9810	0xeb9bd0	jmp	0xeb9ce2	0xeb9bd5
classic	instrument-raw-writer	0xeb9810	0xeb9c37	jmp	0xeb9ce5	0xeb9c3c
classic	instrument-raw-writer	0xeb9810	0xeb9c86	jmp	0xeb9ce9	0xeb9c88
classic	instrument-raw-writer	0xeb9810	0xeb9c8d	jmp	0xeb9c94	0xeb9c8f
classic	instrument-raw-writer	0xeb9810	0xeb9cfa	cmovl	r14d,ecx	0xeb9cfe
classic	instrument-raw-writer	0xeb9810	0xeb9d0a	cmovl	r12d,ecx	0xeb9d0e
classic	instrument-raw-writer	0xeb9810	0xeb9d1b	cmovl	r13d,ecx	0xeb9d1f
classic	instrument-raw-writer	0xeb9810	0xeb9d2c	cmovl	eax,ecx	0xeb9d2f
classic	instrument-raw-writer	0xeb9810	0xeb9dd4	je	0xeb9e34	0xeb9dd6
classic	instrument-raw-writer	0xeb9810	0xeb9e38	je	0xeb9e93	0xeb9e3a
classic	instrument-raw-writer	0xeb9810	0xeba0f7	je	0xeba14d	0xeba0f9
classic	instrument-raw-writer	0xeb9810	0xeba151	je	0xeba1a7	0xeba153
classic	instrument-raw-writer	0xeb9810	0xeba20e	jne	0xeba214	0xeba210
classic	instrument-raw-writer	0xeb9810	0xeba212	je	0xeba22e	0xeba214
classic	instrument-raw-writer	0xeb9810	0xeba21a	jl	0xeba225	0xeba21c
classic	instrument-raw-writer	0xeb9810	0xeba223	jmp	0xeba24e	0xeba225
classic	instrument-raw-writer	0xeb9810	0xeba228	jne	0xeba247	0xeba22a
classic	instrument-raw-writer	0xeb9810	0xeba22c	jne	0xeba247	0xeba22e
classic	instrument-raw-writer	0xeb9810	0xeba241	cmove	rdx,rax	0xeba245
classic	instrument-raw-writer	0xeb9810	0xeba245	jmp	0xeba24e	0xeba247
classic	instrument-raw-writer	0xeb9810	0xeba283	jne	0xeba289	0xeba285
classic	instrument-raw-writer	0xeb9810	0xeba287	je	0xeba2a3	0xeba289
classic	instrument-raw-writer	0xeb9810	0xeba28f	jl	0xeba29a	0xeba291
classic	instrument-raw-writer	0xeb9810	0xeba298	jmp	0xeba2c3	0xeba29a
classic	instrument-raw-writer	0xeb9810	0xeba29d	jne	0xeba2bc	0xeba29f
classic	instrument-raw-writer	0xeb9810	0xeba2a1	jne	0xeba2bc	0xeba2a3
classic	instrument-raw-writer	0xeb9810	0xeba2b6	cmove	rdx,rax	0xeba2ba
classic	instrument-raw-writer	0xeb9810	0xeba2ba	jmp	0xeba2c3	0xeba2bc
classic	instrument-raw-writer	0xeb9810	0xeba3dc	jne	0xeba3e2	0xeba3de
classic	instrument-raw-writer	0xeb9810	0xeba3e0	je	0xeba3fc	0xeba3e2
classic	instrument-raw-writer	0xeb9810	0xeba3e8	jl	0xeba3f3	0xeba3ea
classic	instrument-raw-writer	0xeb9810	0xeba3f1	jmp	0xeba420	0xeba3f3
classic	instrument-raw-writer	0xeb9810	0xeba3f6	jne	0xeba419	0xeba3f8
classic	instrument-raw-writer	0xeb9810	0xeba3fa	jne	0xeba419	0xeba3fc
classic	instrument-raw-writer	0xeb9810	0xeba413	cmove	rdx,rax	0xeba417
classic	instrument-raw-writer	0xeb9810	0xeba417	jmp	0xeba426	0xeba419
classic	instrument-raw-writer	0xeb9810	0xeba46d	jne	0xeba80c	0xeba473
classic	instrument-raw-writer	0xeb9810	0xeba50d	je	0xeba563	0xeba50f
classic	instrument-raw-writer	0xeb9810	0xeba567	je	0xeba5bd	0xeba569
classic	instrument-raw-writer	0xeb9810	0xeba622	je	0xeba62d	0xeba624
classic	instrument-raw-writer	0xeb9810	0xeba62b	jmp	0xeba642	0xeba62d
classic	instrument-raw-writer	0xeb9810	0xeba63e	cmove	rdx,rax	0xeba642
classic	instrument-raw-writer	0xeb9810	0xeba676	je	0xeba681	0xeba678
classic	instrument-raw-writer	0xeb9810	0xeba67f	jmp	0xeba696	0xeba681
classic	instrument-raw-writer	0xeb9810	0xeba692	cmove	rdx,rax	0xeba696
classic	instrument-raw-writer	0xeb9810	0xeba6e7	je	0xeba6f0	0xeba6e9
classic	instrument-raw-writer	0xeb9810	0xeba6ee	jmp	0xeba6f5	0xeba6f0
classic	instrument-raw-writer	0xeb9810	0xeba7ba	je	0xeba7c5	0xeba7bc
classic	instrument-raw-writer	0xeb9810	0xeba7c3	jmp	0xeba7da	0xeba7c5
classic	instrument-raw-writer	0xeb9810	0xeba7d6	cmove	rdx,rax	0xeba7da
classic	instrument-raw-writer	0xeb9810	0xeba80a	jmp	0xeba811	0xeba80c
classic	instrument-raw-writer	0xeb9810	0xeba82d	jne	0xebab87	0xeba833
classic	instrument-raw-writer	0xeb9810	0xeba836	jne	0xebab87	0xeba83c
classic	instrument-raw-writer	0xeb9810	0xeba8d6	je	0xeba92c	0xeba8d8
classic	instrument-raw-writer	0xeb9810	0xeba930	je	0xeba986	0xeba932
classic	instrument-raw-writer	0xeb9810	0xeba9f0	cmove	rbx,rax	0xeba9f4
classic	instrument-raw-writer	0xeb9810	0xebaa7e	je	0xebaa87	0xebaa80
classic	instrument-raw-writer	0xeb9810	0xebaa85	jmp	0xebaa8c	0xebaa87
classic	instrument-raw-writer	0xeb9810	0xebab61	jne	0xebab6a	0xebab63
classic	instrument-raw-writer	0xeb9810	0xebab85	jmp	0xebab8c	0xebab87
classic	instrument-raw-writer	0xeb9810	0xebabeb	je	0xebac41	0xebabed
classic	instrument-raw-writer	0xeb9810	0xebac45	je	0xebac9b	0xebac47
classic	instrument-raw-writer	0xeb9810	0xebad67	jl	0xebad7a	0xebad69
classic	instrument-raw-writer	0xeb9810	0xebae3c	jne	0xebae43	0xebae3e
classic	instrument-raw-writer	0xeb9810	0xebae41	je	0xebae5e	0xebae43
classic	instrument-raw-writer	0xeb9810	0xebae49	jl	0xebae54	0xebae4b
classic	instrument-raw-writer	0xeb9810	0xebae52	jmp	0xebaebb	0xebae54
classic	instrument-raw-writer	0xeb9810	0xebae57	jne	0xebaeb4	0xebae59
classic	instrument-raw-writer	0xeb9810	0xebae5c	jne	0xebaeb4	0xebae5e
classic	instrument-raw-writer	0xeb9810	0xebae68	je	0xebae82	0xebae6a
classic	instrument-raw-writer	0xeb9810	0xebae7d	jmp	0xebaf60	0xebae82
classic	instrument-raw-writer	0xeb9810	0xebaeb2	jmp	0xebaef4	0xebaeb4
classic	instrument-raw-writer	0xeb9810	0xebaeee	jne	0xebaf7d	0xebaef4
classic	instrument-raw-writer	0xeb9810	0xebaf2f	je	0xebaf3a	0xebaf31
classic	instrument-raw-writer	0xeb9810	0xebaf38	jmp	0xebaf4d	0xebaf3a
classic	instrument-raw-writer	0xeb9810	0xebaf44	jne	0xebaf4d	0xebaf46
classic	instrument-raw-writer	0xeb9810	0xebaf7f	jne	0xebb006	0xebaf85
classic	instrument-raw-writer	0xeb9810	0xebaf88	jne	0xebb006	0xebaf8a
classic	instrument-raw-writer	0xeb9810	0xebafd4	jne	0xebafdd	0xebafd6
classic	instrument-raw-writer	0xeb9810	0xebb043	cmovg	ebx,eax	0xebb046
classic	instrument-raw-writer	0xeb9810	0xebb0c4	je	0xebb105	0xebb0c6
classic	instrument-raw-writer	0xeb9810	0xebb0d7	je	0xebb0f0	0xebb0d9
classic	instrument-raw-writer	0xeb9810	0xebb0eb	jmp	0xebb212	0xebb0f0
classic	instrument-raw-writer	0xeb9810	0xebb100	jmp	0xebb212	0xebb105
classic	instrument-raw-writer	0xeb9810	0xebb109	je	0xebb121	0xebb10b
classic	instrument-raw-writer	0xeb9810	0xebb11c	jmp	0xebb212	0xebb121
classic	instrument-raw-writer	0xeb9810	0xebb125	je	0xebb13d	0xebb127
classic	instrument-raw-writer	0xeb9810	0xebb138	jmp	0xebb210	0xebb13d
classic	instrument-raw-writer	0xeb9810	0xebb140	je	0xebb19c	0xebb142
classic	instrument-raw-writer	0xeb9810	0xebb150	je	0xebb169	0xebb152
classic	instrument-raw-writer	0xeb9810	0xebb172	je	0xebb18b	0xebb174
classic	instrument-raw-writer	0xeb9810	0xebb194	jne	0xebb1fc	0xebb196
classic	instrument-raw-writer	0xeb9810	0xebb198	je	0xebb147	0xebb19a
classic	instrument-raw-writer	0xeb9810	0xebb19a	jmp	0xebb210	0xebb19c
classic	instrument-raw-writer	0xeb9810	0xebb1a0	je	0xebb212	0xebb1a2
classic	instrument-raw-writer	0xeb9810	0xebb1b0	je	0xebb1c9	0xebb1b2
classic	instrument-raw-writer	0xeb9810	0xebb1d2	je	0xebb1eb	0xebb1d4
classic	instrument-raw-writer	0xeb9810	0xebb1f4	jne	0xebb1fc	0xebb1f6
classic	instrument-raw-writer	0xeb9810	0xebb1f8	je	0xebb1a7	0xebb1fa
classic	instrument-raw-writer	0xeb9810	0xebb1fa	jmp	0xebb210	0xebb1fc
classic	instrument-raw-writer	0xeb9810	0xebb2a0	jl	0xebb2cb	0xebb2a2
classic	instrument-raw-writer	0xeb9810	0xebb2ae	jne	0xebb2cb	0xebb2b0
classic	instrument-raw-writer	0xeb9810	0xebb2b5	jne	0xebb2cb	0xebb2b7
classic	instrument-raw-writer	0xeb9810	0xebb2dd	jne	0xebb2eb	0xebb2df
classic	instrument-raw-writer	0xeb9810	0xebb2e4	jne	0xebb2eb	0xebb2e6
classic	instrument-raw-writer	0xeb9810	0xebb2e9	jmp	0xebb2ee	0xebb2eb
classic	instrument-raw-writer	0xeb9810	0xebb383	jl	0xebb38e	0xebb385
classic	instrument-raw-writer	0xeb9810	0xebb38c	jmp	0xebb3d7	0xebb38e
classic	instrument-raw-writer	0xeb9810	0xebb394	jl	0xebb39f	0xebb396
classic	instrument-raw-writer	0xeb9810	0xebb39d	jmp	0xebb3d7	0xebb39f
classic	instrument-raw-writer	0xeb9810	0xebb3a5	jl	0xebb3b0	0xebb3a7
classic	instrument-raw-writer	0xeb9810	0xebb3ae	jmp	0xebb3d7	0xebb3b0
classic	instrument-raw-writer	0xeb9810	0xebb3b6	jl	0xebb3c1	0xebb3b8
classic	instrument-raw-writer	0xeb9810	0xebb3bf	jmp	0xebb3d7	0xebb3c1
classic	instrument-raw-writer	0xeb9810	0xebb3ce	jge	0xebb3d7	0xebb3d0
classic	instrument-raw-writer	0xeb9810	0xebb420	jne	0xebb42d	0xebb422
classic	instrument-raw-writer	0xeb9810	0xebb427	je	0xebb5e5	0xebb42d
classic	instrument-raw-writer	0xeb9810	0xebb460	jne	0xebb469	0xebb462
classic	instrument-raw-writer	0xeb9810	0xebb51e	je	0xebb533	0xebb520
classic	instrument-raw-writer	0xeb9810	0xebb549	je	0xebb585	0xebb54b
classic	instrument-raw-writer	0xeb9810	0xebb555	je	0xebb56e	0xebb557
classic	instrument-raw-writer	0xeb9810	0xebb55a	je	0xebb565	0xebb55c
classic	instrument-raw-writer	0xeb9810	0xebb563	jmp	0xebb5bb	0xebb565
classic	instrument-raw-writer	0xeb9810	0xebb56c	jmp	0xebb5bb	0xebb56e
classic	instrument-raw-writer	0xeb9810	0xebb571	je	0xebb57c	0xebb573
classic	instrument-raw-writer	0xeb9810	0xebb57a	jmp	0xebb5bb	0xebb57c
classic	instrument-raw-writer	0xeb9810	0xebb583	jmp	0xebb5bb	0xebb585
classic	instrument-raw-writer	0xeb9810	0xebb588	je	0xebb5a8	0xebb58a
classic	instrument-raw-writer	0xeb9810	0xebb594	je	0xebb59f	0xebb596
classic	instrument-raw-writer	0xeb9810	0xebb59d	jmp	0xebb5bb	0xebb59f
classic	instrument-raw-writer	0xeb9810	0xebb5a6	jmp	0xebb5bb	0xebb5a8
classic	instrument-raw-writer	0xeb9810	0xebb5ab	je	0xebb5c0	0xebb5ad
classic	instrument-raw-writer	0xeb9810	0xebb5e3	jmp	0xebb5e9	0xebb5e5
classic	instrument-raw-writer	0xeb9810	0xebb5ee	je	0xebb670	0xebb5f4
classic	instrument-raw-writer	0xeb9810	0xebb675	je	0xebb7b0	0xebb67b
classic	instrument-raw-writer	0xeb9810	0xebb72f	je	0xebb744	0xebb731
classic	instrument-raw-writer	0xeb9810	0xebb76a	jne	0xebb773	0xebb76c
classic	instrument-raw-writer	0xeb9810	0xebb78c	je	0xebb7a2	0xebb78e
classic	instrument-raw-writer	0xeb9810	0xebb7ae	jmp	0xebb7b5	0xebb7b0
classic	instrument-raw-writer	0xeb9810	0xebb7ba	je	0xebb8b6	0xebb7c0
classic	instrument-raw-writer	0xeb9810	0xebb86f	je	0xebb884	0xebb871
classic	instrument-raw-writer	0xeb9810	0xebb8e8	jne	0xebb930	0xebb8ea
classic	instrument-raw-writer	0xeb9810	0xebb92e	je	0xebb8f0	0xebb930
classic	instrument-raw-writer	0xeb9810	0xebba0d	jl	0xeb9912	0xebba13
classic	instrument-raw-writer	0xeb9810	0xebba23	jle	0xebf997	0xebba29
classic	instrument-raw-writer	0xeb9810	0xebba41	je	0xebbbbb	0xebba47
classic	instrument-raw-writer	0xeb9810	0xebba67	jle	0xebbbbb	0xebba6d
classic	instrument-raw-writer	0xeb9810	0xebbad5	je	0xebbb26	0xebbad7
classic	instrument-raw-writer	0xeb9810	0xebbaf5	jne	0xebbbae	0xebbafb
classic	instrument-raw-writer	0xeb9810	0xebbb24	jne	0xebbad7	0xebbb26
classic	instrument-raw-writer	0xeb9810	0xebbb63	je	0xebbbc7	0xebbb65
classic	instrument-raw-writer	0xeb9810	0xebbb7f	jne	0xebbbae	0xebbb81
classic	instrument-raw-writer	0xeb9810	0xebbbaa	jne	0xebbb65	0xebbbac
classic	instrument-raw-writer	0xeb9810	0xebbbac	jmp	0xebbbc7	0xebbbae
classic	instrument-raw-writer	0xeb9810	0xebbbb3	jl	0xebba70	0xebbbb9
classic	instrument-raw-writer	0xeb9810	0xebbbb9	jmp	0xebbbc7	0xebbbbb
classic	instrument-raw-writer	0xeb9810	0xebbcd3	je	0xebd665	0xebbcd9
classic	instrument-raw-writer	0xeb9810	0xebbcdc	je	0xebcf13	0xebbce2
classic	instrument-raw-writer	0xeb9810	0xebbce5	je	0xebca92	0xebbceb
classic	instrument-raw-writer	0xeb9810	0xebbcee	jne	0xebc450	0xebbcf4
classic	instrument-raw-writer	0xeb9810	0xebbd5f	je	0xebbd71	0xebbd61
classic	instrument-raw-writer	0xeb9810	0xebbd6f	jmp	0xebbd7f	0xebbd71
classic	instrument-raw-writer	0xeb9810	0xebbd86	jge	0xebbd96	0xebbd88
classic	instrument-raw-writer	0xeb9810	0xebbd8c	jle	0xebbdac	0xebbd8e
classic	instrument-raw-writer	0xeb9810	0xebbd94	jmp	0xebbdac	0xebbd96
classic	instrument-raw-writer	0xeb9810	0xebbd9d	jge	0xebbdac	0xebbd9f
classic	instrument-raw-writer	0xeb9810	0xebbda8	cmovg	r15d,eax	0xebbdac
classic	instrument-raw-writer	0xeb9810	0xebbe28	cmovl	edi,eax	0xebbe2b
classic	instrument-raw-writer	0xeb9810	0xebbe37	cmovl	r14d,eax	0xebbe3b
classic	instrument-raw-writer	0xeb9810	0xebbe9f	je	0xebbeff	0xebbea1
classic	instrument-raw-writer	0xeb9810	0xebbf03	je	0xebbf5e	0xebbf05
classic	instrument-raw-writer	0xeb9810	0xebc194	je	0xebc1ea	0xebc196
classic	instrument-raw-writer	0xeb9810	0xebc1ee	je	0xebc244	0xebc1f0
classic	instrument-raw-writer	0xeb9810	0xebc423	je	0xebc43c	0xebc425
classic	instrument-raw-writer	0xeb9810	0xebc428	jne	0xebc441	0xebc42a
classic	instrument-raw-writer	0xeb9810	0xebc43a	jmp	0xebc450	0xebc43c
classic	instrument-raw-writer	0xeb9810	0xebc461	cmovl	ebx,eax	0xebc464
classic	instrument-raw-writer	0xeb9810	0xebc506	je	0xebc566	0xebc508
classic	instrument-raw-writer	0xeb9810	0xebc56a	je	0xebc5c5	0xebc56c
classic	instrument-raw-writer	0xeb9810	0xebc643	jge	0xebc64c	0xebc645
classic	instrument-raw-writer	0xeb9810	0xebc7b9	jge	0xebc7c2	0xebc7bb
classic	instrument-raw-writer	0xeb9810	0xebc80e	jne	0xebc81c	0xebc810
classic	instrument-raw-writer	0xeb9810	0xebc813	jne	0xebc81c	0xebc815
classic	instrument-raw-writer	0xeb9810	0xebc81a	je	0xebc852	0xebc81c
classic	instrument-raw-writer	0xeb9810	0xebc858	je	0xebc890	0xebc85a
classic	instrument-raw-writer	0xeb9810	0xebc8a6	jne	0xebe09b	0xebc8ac
classic	instrument-raw-writer	0xeb9810	0xebc8b9	cmove	ebx,eax	0xebc8bc
classic	instrument-raw-writer	0xeb9810	0xebc920	je	0xebc980	0xebc922
classic	instrument-raw-writer	0xeb9810	0xebc984	je	0xebc9df	0xebc986
classic	instrument-raw-writer	0xeb9810	0xebca42	je	0xebde5f	0xebca48
classic	instrument-raw-writer	0xeb9810	0xebca8d	jmp	0xebdf18	0xebca92
classic	instrument-raw-writer	0xeb9810	0xebcaf4	je	0xebcb24	0xebcaf6
classic	instrument-raw-writer	0xeb9810	0xebcb02	je	0xebcb14	0xebcb04
classic	instrument-raw-writer	0xeb9810	0xebcb12	jmp	0xebcb36	0xebcb14
classic	instrument-raw-writer	0xeb9810	0xebcb22	jmp	0xebcb36	0xebcb24
classic	instrument-raw-writer	0xeb9810	0xebcb32	cmovne	r15d,ebx	0xebcb36
classic	instrument-raw-writer	0xeb9810	0xebcb3d	jge	0xebcb4d	0xebcb3f
classic	instrument-raw-writer	0xeb9810	0xebcb43	jle	0xebcb63	0xebcb45
classic	instrument-raw-writer	0xeb9810	0xebcb4b	jmp	0xebcb63	0xebcb4d
classic	instrument-raw-writer	0xeb9810	0xebcb54	jge	0xebcb63	0xebcb56
classic	instrument-raw-writer	0xeb9810	0xebcb5f	cmovg	r15d,eax	0xebcb63
classic	instrument-raw-writer	0xeb9810	0xebcba9	cmovl	ebx,ecx	0xebcbac
classic	instrument-raw-writer	0xeb9810	0xebcc10	je	0xebcc70	0xebcc12
classic	instrument-raw-writer	0xeb9810	0xebcc74	je	0xebcccf	0xebcc76
classic	instrument-raw-writer	0xeb9810	0xebce94	jl	0xebcea9	0xebce96
classic	instrument-raw-writer	0xeb9810	0xebced9	je	0xebcf04	0xebcedb
classic	instrument-raw-writer	0xeb9810	0xebcede	je	0xebcef7	0xebcee0
classic	instrument-raw-writer	0xeb9810	0xebcee8	jne	0xebc450	0xebceee
classic	instrument-raw-writer	0xeb9810	0xebcef2	jmp	0xebc450	0xebcef7
classic	instrument-raw-writer	0xeb9810	0xebceff	jmp	0xebc450	0xebcf04
classic	instrument-raw-writer	0xeb9810	0xebcf0e	jmp	0xebc450	0xebcf13
classic	instrument-raw-writer	0xeb9810	0xebcf8e	je	0xebcfa0	0xebcf90
classic	instrument-raw-writer	0xeb9810	0xebcf9e	jmp	0xebcfae	0xebcfa0
classic	instrument-raw-writer	0xeb9810	0xebcfb5	jge	0xebcfc5	0xebcfb7
classic	instrument-raw-writer	0xeb9810	0xebcfbb	jle	0xebcfdb	0xebcfbd
classic	instrument-raw-writer	0xeb9810	0xebcfc3	jmp	0xebcfdb	0xebcfc5
classic	instrument-raw-writer	0xeb9810	0xebcfcc	jge	0xebcfdb	0xebcfce
classic	instrument-raw-writer	0xeb9810	0xebcfd7	cmovg	r15d,eax	0xebcfdb
classic	instrument-raw-writer	0xeb9810	0xebd057	cmovl	edi,eax	0xebd05a
classic	instrument-raw-writer	0xeb9810	0xebd066	cmovl	r14d,eax	0xebd06a
classic	instrument-raw-writer	0xeb9810	0xebd0ce	je	0xebd12e	0xebd0d0
classic	instrument-raw-writer	0xeb9810	0xebd132	je	0xebd18d	0xebd134
classic	instrument-raw-writer	0xeb9810	0xebd3c3	je	0xebd419	0xebd3c5
classic	instrument-raw-writer	0xeb9810	0xebd41d	je	0xebd473	0xebd41f
classic	instrument-raw-writer	0xeb9810	0xebd652	setne	dil	0xebd656
classic	instrument-raw-writer	0xeb9810	0xebd660	jmp	0xebc44a	0xebd665
classic	instrument-raw-writer	0xeb9810	0xebd6d4	je	0xebd704	0xebd6d6
classic	instrument-raw-writer	0xeb9810	0xebd6e2	jne	0xebd6f4	0xebd6e4
classic	instrument-raw-writer	0xeb9810	0xebd6f2	jmp	0xebd716	0xebd6f4
classic	instrument-raw-writer	0xeb9810	0xebd702	jmp	0xebd716	0xebd704
classic	instrument-raw-writer	0xeb9810	0xebd712	cmovne	r15d,ebx	0xebd716
classic	instrument-raw-writer	0xeb9810	0xebd71d	jge	0xebd72d	0xebd71f
classic	instrument-raw-writer	0xeb9810	0xebd723	jle	0xebd743	0xebd725
classic	instrument-raw-writer	0xeb9810	0xebd72b	jmp	0xebd743	0xebd72d
classic	instrument-raw-writer	0xeb9810	0xebd734	jge	0xebd743	0xebd736
classic	instrument-raw-writer	0xeb9810	0xebd73f	cmovg	r15d,eax	0xebd743
classic	instrument-raw-writer	0xeb9810	0xebd7bf	cmovl	ebx,eax	0xebd7c2
classic	instrument-raw-writer	0xeb9810	0xebd7ce	cmovl	esi,eax	0xebd7d1
classic	instrument-raw-writer	0xeb9810	0xebd835	je	0xebd895	0xebd837
classic	instrument-raw-writer	0xeb9810	0xebd899	je	0xebd8f4	0xebd89b
classic	instrument-raw-writer	0xeb9810	0xebdac7	jge	0xebdad0	0xebdac9
classic	instrument-raw-writer	0xeb9810	0xebdb5d	je	0xebdbb3	0xebdb5f
classic	instrument-raw-writer	0xeb9810	0xebdbb7	je	0xebdc0d	0xebdbb9
classic	instrument-raw-writer	0xeb9810	0xebddd3	jl	0xebdde8	0xebddd5
classic	instrument-raw-writer	0xeb9810	0xebde18	je	0xebde28	0xebde1a
classic	instrument-raw-writer	0xeb9810	0xebde1d	jne	0xebde2d	0xebde1f
classic	instrument-raw-writer	0xeb9810	0xebde26	jmp	0xebde32	0xebde28
classic	instrument-raw-writer	0xeb9810	0xebde4a	cmove	ecx,eax	0xebde4d
classic	instrument-raw-writer	0xeb9810	0xebde5a	jmp	0xebc450	0xebde5f
classic	instrument-raw-writer	0xeb9810	0xebde62	je	0xebdeab	0xebde64
classic	instrument-raw-writer	0xeb9810	0xebdea9	jmp	0xebdf18	0xebdeab
classic	instrument-raw-writer	0xeb9810	0xebdeb0	je	0xebdef9	0xebdeb2
classic	instrument-raw-writer	0xeb9810	0xebdef7	jmp	0xebdf18	0xebdef9
classic	instrument-raw-writer	0xeb9810	0xebe027	je	0xebe032	0xebe029
classic	instrument-raw-writer	0xeb9810	0xebe030	jmp	0xebe04e	0xebe032
classic	instrument-raw-writer	0xeb9810	0xebe035	je	0xebe040	0xebe037
classic	instrument-raw-writer	0xeb9810	0xebe03e	jmp	0xebe04e	0xebe040
classic	instrument-raw-writer	0xeb9810	0xebe045	je	0xebe05a	0xebe047
classic	instrument-raw-writer	0xeb9810	0xebe05e	jl	0xebe073	0xebe060
classic	instrument-raw-writer	0xeb9810	0xebe09d	je	0xebe39e	0xebe0a3
classic	instrument-raw-writer	0xeb9810	0xebe107	je	0xebe167	0xebe109
classic	instrument-raw-writer	0xeb9810	0xebe16b	je	0xebe1c6	0xebe16d
classic	instrument-raw-writer	0xeb9810	0xebe402	je	0xebe462	0xebe404
classic	instrument-raw-writer	0xeb9810	0xebe466	je	0xebe4c1	0xebe468
classic	instrument-raw-writer	0xeb9810	0xebe58f	jl	0xebe5a2	0xebe591
classic	instrument-raw-writer	0xeb9810	0xebe5a7	je	0xebe69e	0xebe5ad
classic	instrument-raw-writer	0xeb9810	0xebe6a1	je	0xebe798	0xebe6a7
classic	instrument-raw-writer	0xeb9810	0xebe79d	je	0xebe824	0xebe7a3
classic	instrument-raw-writer	0xeb9810	0xebe827	je	0xebe91e	0xebe82d
classic	instrument-raw-writer	0xeb9810	0xebe969	jge	0xebe972	0xebe96b
classic	instrument-raw-writer	0xeb9810	0xebe996	jne	0xebea1c	0xebe99c
classic	instrument-raw-writer	0xeb9810	0xebe9d8	je	0xebe9e3	0xebe9da
classic	instrument-raw-writer	0xeb9810	0xebe9e1	jmp	0xebe9ff	0xebe9e3
classic	instrument-raw-writer	0xeb9810	0xebe9e6	je	0xebe9f1	0xebe9e8
classic	instrument-raw-writer	0xeb9810	0xebe9ef	jmp	0xebe9ff	0xebe9f1
classic	instrument-raw-writer	0xeb9810	0xebe9f6	je	0xebea0b	0xebe9f8
classic	instrument-raw-writer	0xeb9810	0xebea1e	je	0xebea90	0xebea20
classic	instrument-raw-writer	0xeb9810	0xebeafc	je	0xebeb0f	0xebeafe
classic	instrument-raw-writer	0xeb9810	0xebeb12	je	0xebeb25	0xebeb14
classic	instrument-raw-writer	0xeb9810	0xebeb2c	je	0xebeb44	0xebeb2e
classic	instrument-raw-writer	0xeb9810	0xebeb47	jne	0xebeb63	0xebeb49
classic	instrument-raw-writer	0xeb9810	0xebeb4c	jne	0xebeb63	0xebeb4e
classic	instrument-raw-writer	0xeb9810	0xebeb50	jne	0xebeb63	0xebeb52
classic	instrument-raw-writer	0xeb9810	0xebeb65	je	0xebeb78	0xebeb67
classic	instrument-raw-writer	0xeb9810	0xebeb84	jl	0xebec40	0xebeb8a
classic	instrument-raw-writer	0xeb9810	0xebebad	sete	dil	0xebebb1
classic	instrument-raw-writer	0xeb9810	0xebebbd	sete	r8b	0xebebc1
classic	instrument-raw-writer	0xeb9810	0xebebcb	jne	0xebebd6	0xebebcd
classic	instrument-raw-writer	0xeb9810	0xebebcf	jne	0xebebd6	0xebebd1
classic	instrument-raw-writer	0xeb9810	0xebebd4	jle	0xebec40	0xebebd6
classic	instrument-raw-writer	0xeb9810	0xebebd8	je	0xebec23	0xebebda
classic	instrument-raw-writer	0xeb9810	0xebebdc	je	0xebec0a	0xebebde
classic	instrument-raw-writer	0xeb9810	0xebec08	jmp	0xebec60	0xebec0a
classic	instrument-raw-writer	0xeb9810	0xebec21	jmp	0xebec60	0xebec23
classic	instrument-raw-writer	0xeb9810	0xebec25	je	0xebec40	0xebec27
classic	instrument-raw-writer	0xeb9810	0xebec3e	jmp	0xebec60	0xebec40
classic	instrument-raw-writer	0xeb9810	0xebec5e	jle	0xebec73	0xebec60
classic	instrument-raw-writer	0xeb9810	0xebec7d	je	0xebecb5	0xebec7f
classic	instrument-raw-writer	0xeb9810	0xebec8d	je	0xebeca2	0xebec8f
classic	instrument-raw-writer	0xeb9810	0xebeca0	jmp	0xebecb3	0xebeca2
classic	instrument-raw-writer	0xeb9810	0xebecba	je	0xebece4	0xebecbc
classic	instrument-raw-writer	0xeb9810	0xebecc5	jne	0xebeccd	0xebecc7
classic	instrument-raw-writer	0xeb9810	0xebeccb	jne	0xebece4	0xebeccd
classic	instrument-raw-writer	0xeb9810	0xebecee	jl	0xebed15	0xebecf0
classic	instrument-raw-writer	0xeb9810	0xebecfc	jne	0xebed15	0xebecfe
classic	instrument-raw-writer	0xeb9810	0xebed46	jl	0xebed50	0xebed48
classic	instrument-raw-writer	0xeb9810	0xebed4e	jmp	0xebed78	0xebed50
classic	instrument-raw-writer	0xeb9810	0xebed54	jl	0xebed5e	0xebed56
classic	instrument-raw-writer	0xeb9810	0xebed5c	jmp	0xebed78	0xebed5e
classic	instrument-raw-writer	0xeb9810	0xebed62	jl	0xebed6c	0xebed64
classic	instrument-raw-writer	0xeb9810	0xebed6a	jmp	0xebed78	0xebed6c
classic	instrument-raw-writer	0xeb9810	0xebed70	jl	0xebed78	0xebed72
classic	instrument-raw-writer	0xeb9810	0xebed7c	cmovne	esi,ecx	0xebed7f
classic	instrument-raw-writer	0xeb9810	0xebedf7	je	0xebee1c	0xebedf9
classic	instrument-raw-writer	0xeb9810	0xebee05	je	0xebee1c	0xebee07
classic	instrument-raw-writer	0xeb9810	0xebee1a	jmp	0xebee32	0xebee1c
classic	instrument-raw-writer	0xeb9810	0xebee3e	jne	0xebee56	0xebee40
classic	instrument-raw-writer	0xeb9810	0xebeefc	jl	0xebef07	0xebeefe
classic	instrument-raw-writer	0xeb9810	0xebef05	jmp	0xebef4c	0xebef07
classic	instrument-raw-writer	0xeb9810	0xebef0c	jl	0xebef17	0xebef0e
classic	instrument-raw-writer	0xeb9810	0xebef15	jmp	0xebef4c	0xebef17
classic	instrument-raw-writer	0xeb9810	0xebef1c	jl	0xebef27	0xebef1e
classic	instrument-raw-writer	0xeb9810	0xebef25	jmp	0xebef4c	0xebef27
classic	instrument-raw-writer	0xeb9810	0xebef2c	jl	0xebef37	0xebef2e
classic	instrument-raw-writer	0xeb9810	0xebef35	jmp	0xebef4c	0xebef37
classic	instrument-raw-writer	0xeb9810	0xebef43	jge	0xebef4c	0xebef45
classic	instrument-raw-writer	0xeb9810	0xebef92	je	0xebefeb	0xebef94
classic	instrument-raw-writer	0xeb9810	0xebeff0	je	0xebf049	0xebeff2
classic	instrument-raw-writer	0xeb9810	0xebf04e	je	0xebf0a7	0xebf050
classic	instrument-raw-writer	0xeb9810	0xebf0ac	je	0xebf0e3	0xebf0ae
classic	instrument-raw-writer	0xeb9810	0xebf0fb	je	0xebf110	0xebf0fd
classic	instrument-raw-writer	0xeb9810	0xebf115	je	0xebf12a	0xebf117
classic	instrument-raw-writer	0xeb9810	0xebf12f	je	0xebf144	0xebf131
classic	instrument-raw-writer	0xeb9810	0xebf149	je	0xebf15e	0xebf14b
classic	instrument-raw-writer	0xeb9810	0xebf176	je	0xebf26e	0xebf17c
classic	instrument-raw-writer	0xeb9810	0xebf199	jne	0xebf1c2	0xebf19b
classic	instrument-raw-writer	0xeb9810	0xebf19e	jne	0xebf1b1	0xebf1a0
classic	instrument-raw-writer	0xeb9810	0xebf1ac	jmp	0xebf239	0xebf1b1
classic	instrument-raw-writer	0xeb9810	0xebf1bd	jmp	0xebf239	0xebf1c2
classic	instrument-raw-writer	0xeb9810	0xebf1ff	jg	0xebf206	0xebf201
classic	instrument-raw-writer	0xeb9810	0xebf204	jle	0xebf219	0xebf206
classic	instrument-raw-writer	0xeb9810	0xebf273	je	0xebf36b	0xebf279
classic	instrument-raw-writer	0xeb9810	0xebf296	jne	0xebf2bf	0xebf298
classic	instrument-raw-writer	0xeb9810	0xebf29b	jne	0xebf2ae	0xebf29d
classic	instrument-raw-writer	0xeb9810	0xebf2a9	jmp	0xebf336	0xebf2ae
classic	instrument-raw-writer	0xeb9810	0xebf2ba	jmp	0xebf336	0xebf2bf
classic	instrument-raw-writer	0xeb9810	0xebf2fc	jg	0xebf303	0xebf2fe
classic	instrument-raw-writer	0xeb9810	0xebf301	jle	0xebf316	0xebf303
classic	instrument-raw-writer	0xeb9810	0xebf372	je	0xebf46f	0xebf378
classic	instrument-raw-writer	0xeb9810	0xebf395	jne	0xebf3be	0xebf397
classic	instrument-raw-writer	0xeb9810	0xebf39a	jne	0xebf3ad	0xebf39c
classic	instrument-raw-writer	0xeb9810	0xebf3a8	jmp	0xebf435	0xebf3ad
classic	instrument-raw-writer	0xeb9810	0xebf3b9	jmp	0xebf435	0xebf3be
classic	instrument-raw-writer	0xeb9810	0xebf3fb	jg	0xebf402	0xebf3fd
classic	instrument-raw-writer	0xeb9810	0xebf400	jle	0xebf415	0xebf402
classic	instrument-raw-writer	0xeb9810	0xebf474	jne	0xebf54a	0xebf47a
classic	instrument-raw-writer	0xeb9810	0xebf47f	jne	0xebf54a	0xebf485
classic	instrument-raw-writer	0xeb9810	0xebf487	jne	0xebf54a	0xebf48d
classic	instrument-raw-writer	0xeb9810	0xebf4aa	jne	0xebf4d3	0xebf4ac
classic	instrument-raw-writer	0xeb9810	0xebf4af	jne	0xebf4c2	0xebf4b1
classic	instrument-raw-writer	0xeb9810	0xebf4bd	jmp	0xebf54a	0xebf4c2
classic	instrument-raw-writer	0xeb9810	0xebf4ce	jmp	0xebf54a	0xebf4d3
classic	instrument-raw-writer	0xeb9810	0xebf510	jg	0xebf517	0xebf512
classic	instrument-raw-writer	0xeb9810	0xebf515	jle	0xebf52a	0xebf517
classic	instrument-raw-writer	0xeb9810	0xebf560	jle	0xebf5ef	0xebf566
classic	instrument-raw-writer	0xeb9810	0xebf56a	jne	0xebf581	0xebf56c
classic	instrument-raw-writer	0xeb9810	0xebf57f	jmp	0xebf5dc	0xebf581
classic	instrument-raw-writer	0xeb9810	0xebf5f2	jle	0xebf68f	0xebf5f8
classic	instrument-raw-writer	0xeb9810	0xebf5fc	jne	0xebf613	0xebf5fe
classic	instrument-raw-writer	0xeb9810	0xebf611	jmp	0xebf66e	0xebf613
classic	instrument-raw-writer	0xeb9810	0xebf681	jne	0xebf68a	0xebf683
classic	instrument-raw-writer	0xeb9810	0xebf694	je	0xebf706	0xebf696
classic	instrument-raw-writer	0xeb9810	0xebf69b	je	0xebf6b0	0xebf69d
classic	instrument-raw-writer	0xeb9810	0xebf6b7	je	0xebf70b	0xebf6b9
classic	instrument-raw-writer	0xeb9810	0xebf6d7	jl	0xebf6e7	0xebf6d9
classic	instrument-raw-writer	0xeb9810	0xebf6e5	jmp	0xebf6f3	0xebf6e7
classic	instrument-raw-writer	0xeb9810	0xebf710	je	0xebf763	0xebf712
classic	instrument-raw-writer	0xeb9810	0xebf714	je	0xebf763	0xebf716
classic	instrument-raw-writer	0xeb9810	0xebf734	jl	0xebf744	0xebf736
classic	instrument-raw-writer	0xeb9810	0xebf742	jmp	0xebf750	0xebf744
classic	instrument-raw-writer	0xeb9810	0xebf765	je	0xebf77a	0xebf767
classic	instrument-raw-writer	0xeb9810	0xebf77f	je	0xebf794	0xebf781
classic	instrument-raw-writer	0xeb9810	0xebf799	je	0xebf7ae	0xebf79b
classic	instrument-raw-writer	0xeb9810	0xebf7b3	je	0xebf7c8	0xebf7b5
classic	instrument-raw-writer	0xeb9810	0xebf7df	je	0xebf816	0xebf7e1
classic	instrument-raw-writer	0xeb9810	0xebf848	jne	0xebf890	0xebf84a
classic	instrument-raw-writer	0xeb9810	0xebf88e	je	0xebf850	0xebf890
classic	instrument-raw-writer	0xeb9810	0xebf98e	jl	0xebba31	0xebf994
classic	instrument-raw-writer	0xeb9810	0xebf9a3	jle	0xec2d46	0xebf9a9
classic	instrument-raw-writer	0xeb9810	0xebf9b6	jmp	0xebf9c6	0xebf9b8
classic	instrument-raw-writer	0xeb9810	0xebf9da	je	0xebfb5b	0xebf9e0
classic	instrument-raw-writer	0xeb9810	0xebfa00	jle	0xebfb5b	0xebfa06
classic	instrument-raw-writer	0xeb9810	0xebfa75	je	0xebfac6	0xebfa77
classic	instrument-raw-writer	0xeb9810	0xebfa95	jne	0xebfb4e	0xebfa9b
classic	instrument-raw-writer	0xeb9810	0xebfac4	jne	0xebfa77	0xebfac6
classic	instrument-raw-writer	0xeb9810	0xebfb03	je	0xebfb67	0xebfb05
classic	instrument-raw-writer	0xeb9810	0xebfb1f	jne	0xebfb4e	0xebfb21
classic	instrument-raw-writer	0xeb9810	0xebfb4a	jne	0xebfb05	0xebfb4c
classic	instrument-raw-writer	0xeb9810	0xebfb4c	jmp	0xebfb67	0xebfb4e
classic	instrument-raw-writer	0xeb9810	0xebfb53	jl	0xebfa10	0xebfb59
classic	instrument-raw-writer	0xeb9810	0xebfb59	jmp	0xebfb67	0xebfb5b
classic	instrument-raw-writer	0xeb9810	0xebfc75	je	0xec06c7	0xebfc7b
classic	instrument-raw-writer	0xeb9810	0xebfc7e	je	0xec06ba	0xebfc84
classic	instrument-raw-writer	0xeb9810	0xebfc87	je	0xec06ad	0xebfc8d
classic	instrument-raw-writer	0xeb9810	0xebfc90	je	0xec06a0	0xebfc96
classic	instrument-raw-writer	0xeb9810	0xebfc99	jne	0xec16e0	0xebfc9f
classic	instrument-raw-writer	0xeb9810	0xebfda3	cmovl	edi,eax	0xebfda6
classic	instrument-raw-writer	0xeb9810	0xebfdb2	cmovl	r14d,eax	0xebfdb6
classic	instrument-raw-writer	0xeb9810	0xebfdc3	cmovl	r12d,eax	0xebfdc7
classic	instrument-raw-writer	0xeb9810	0xebfe2b	je	0xebfe8b	0xebfe2d
classic	instrument-raw-writer	0xeb9810	0xebfe8f	je	0xebfeea	0xebfe91
classic	instrument-raw-writer	0xeb9810	0xec0120	je	0xec0176	0xec0122
classic	instrument-raw-writer	0xeb9810	0xec017a	je	0xec01d0	0xec017c
classic	instrument-raw-writer	0xeb9810	0xec0405	je	0xec045b	0xec0407
classic	instrument-raw-writer	0xeb9810	0xec045f	je	0xec04b5	0xec0461
classic	instrument-raw-writer	0xeb9810	0xec069b	jmp	0xec16db	0xec06a0
classic	instrument-raw-writer	0xeb9810	0xec06a8	jmp	0xec16e0	0xec06ad
classic	instrument-raw-writer	0xeb9810	0xec06b5	jmp	0xec16e0	0xec06ba
classic	instrument-raw-writer	0xeb9810	0xec06c2	jmp	0xec16e0	0xec06c7
classic	instrument-raw-writer	0xeb9810	0xec06da	sete	al	0xec06dd
classic	instrument-raw-writer	0xeb9810	0xec0849	cmovl	esi,ecx	0xec084c
classic	instrument-raw-writer	0xeb9810	0xec0859	cmovl	r15d,ecx	0xec085d
classic	instrument-raw-writer	0xeb9810	0xec086a	cmovl	r13d,ecx	0xec086e
classic	instrument-raw-writer	0xeb9810	0xec087b	cmovl	eax,ecx	0xec087e
classic	instrument-raw-writer	0xeb9810	0xec08e3	jne	0xec0b57	0xec08e9
classic	instrument-raw-writer	0xeb9810	0xec08ed	je	0xec0943	0xec08ef
classic	instrument-raw-writer	0xeb9810	0xec0947	je	0xec099d	0xec0949
classic	instrument-raw-writer	0xeb9810	0xec0b52	jmp	0xec0dc0	0xec0b57
classic	instrument-raw-writer	0xeb9810	0xec0b5b	je	0xec0bb1	0xec0b5d
classic	instrument-raw-writer	0xeb9810	0xec0bb5	je	0xec0c0b	0xec0bb7
classic	instrument-raw-writer	0xeb9810	0xec0e3c	je	0xec0e92	0xec0e3e
classic	instrument-raw-writer	0xeb9810	0xec0e96	je	0xec0eec	0xec0e98
classic	instrument-raw-writer	0xeb9810	0xec1122	je	0xec1178	0xec1124
classic	instrument-raw-writer	0xeb9810	0xec117c	je	0xec11d2	0xec117e
classic	instrument-raw-writer	0xeb9810	0xec1403	je	0xec1459	0xec1405
classic	instrument-raw-writer	0xeb9810	0xec145d	je	0xec14b3	0xec145f
classic	instrument-raw-writer	0xeb9810	0xec1528	jl	0xec153d	0xec152a
classic	instrument-raw-writer	0xeb9810	0xec1692	jge	0xec169b	0xec1694
classic	instrument-raw-writer	0xeb9810	0xec1744	je	0xec17a4	0xec1746
classic	instrument-raw-writer	0xeb9810	0xec17a8	je	0xec1803	0xec17aa
classic	instrument-raw-writer	0xeb9810	0xec18cd	jne	0xec18d9	0xec18cf
classic	instrument-raw-writer	0xeb9810	0xec18d2	jne	0xec18d9	0xec18d4
classic	instrument-raw-writer	0xeb9810	0xec18d7	je	0xec1943	0xec18d9
classic	instrument-raw-writer	0xeb9810	0xec18fd	cmovl	ecx,eax	0xec1900
classic	instrument-raw-writer	0xeb9810	0xec194a	jl	0xec195d	0xec194c
classic	instrument-raw-writer	0xeb9810	0xec195f	je	0xec1b3c	0xec1965
classic	instrument-raw-writer	0xeb9810	0xec19c0	jne	0xec19c9	0xec19c2
classic	instrument-raw-writer	0xeb9810	0xec1b1d	jge	0xec1b26	0xec1b1f
classic	instrument-raw-writer	0xeb9810	0xec1b41	je	0xec1ca8	0xec1b47
classic	instrument-raw-writer	0xeb9810	0xec1ce8	je	0xec1d88	0xec1cee
classic	instrument-raw-writer	0xeb9810	0xec1cfa	sete	bl	0xec1cfd
classic	instrument-raw-writer	0xeb9810	0xec1d09	sete	BYTE PTR [rsp+0x60]	0xec1d0e
classic	instrument-raw-writer	0xeb9810	0xec1d1a	sete	BYTE PTR [rsp+0x5c]	0xec1d1f
classic	instrument-raw-writer	0xeb9810	0xec1d52	je	0xec1d67	0xec1d54
classic	instrument-raw-writer	0xeb9810	0xec1d65	jmp	0xec1d88	0xec1d67
classic	instrument-raw-writer	0xeb9810	0xec1d8d	je	0xec1e23	0xec1d93
classic	instrument-raw-writer	0xeb9810	0xec1dbc	je	0xec1e0f	0xec1dbe
classic	instrument-raw-writer	0xeb9810	0xec1dc1	je	0xec1df9	0xec1dc3
classic	instrument-raw-writer	0xeb9810	0xec1dc6	je	0xec1de3	0xec1dc8
classic	instrument-raw-writer	0xeb9810	0xec1dcb	jne	0xec1e23	0xec1dcd
classic	instrument-raw-writer	0xeb9810	0xec1de1	jmp	0xec1e23	0xec1de3
classic	instrument-raw-writer	0xeb9810	0xec1df7	jmp	0xec1e23	0xec1df9
classic	instrument-raw-writer	0xeb9810	0xec1e0d	jmp	0xec1e23	0xec1e0f
classic	instrument-raw-writer	0xeb9810	0xec1e28	je	0xec1fbd	0xec1e2e
classic	instrument-raw-writer	0xeb9810	0xec1e3a	jne	0xec1e5c	0xec1e3c
classic	instrument-raw-writer	0xeb9810	0xec1e57	jmp	0xec1f53	0xec1e5c
classic	instrument-raw-writer	0xeb9810	0xec1e6e	jne	0xec1e77	0xec1e70
classic	instrument-raw-writer	0xeb9810	0xec1e75	jmp	0xec1eb3	0xec1e77
classic	instrument-raw-writer	0xeb9810	0xec1e8d	cmove	ecx,eax	0xec1e90
classic	instrument-raw-writer	0xeb9810	0xec1eac	cmove	ecx,eax	0xec1eaf
classic	instrument-raw-writer	0xeb9810	0xec1ebf	je	0xec1f3d	0xec1ec1
classic	instrument-raw-writer	0xeb9810	0xec1ec4	je	0xec1f06	0xec1ec6
classic	instrument-raw-writer	0xeb9810	0xec1ec9	jne	0xec1f53	0xec1ecf
classic	instrument-raw-writer	0xeb9810	0xec1ede	je	0xec1ef3	0xec1ee0
classic	instrument-raw-writer	0xeb9810	0xec1ef1	jmp	0xec1f53	0xec1ef3
classic	instrument-raw-writer	0xeb9810	0xec1f04	jmp	0xec1f53	0xec1f06
classic	instrument-raw-writer	0xeb9810	0xec1f15	je	0xec1f2a	0xec1f17
classic	instrument-raw-writer	0xeb9810	0xec1f28	jmp	0xec1f53	0xec1f2a
classic	instrument-raw-writer	0xeb9810	0xec1f3b	jmp	0xec1f53	0xec1f3d
classic	instrument-raw-writer	0xeb9810	0xec1f5f	sete	r13b	0xec1f63
classic	instrument-raw-writer	0xeb9810	0xec1f65	jne	0xec1f86	0xec1f67
classic	instrument-raw-writer	0xeb9810	0xec1f84	je	0xec1fbd	0xec1f86
classic	instrument-raw-writer	0xeb9810	0xec1f97	je	0xec1fac	0xec1f99
classic	instrument-raw-writer	0xeb9810	0xec1faa	jmp	0xec1fbd	0xec1fac
classic	instrument-raw-writer	0xeb9810	0xec1fc2	je	0xec20e1	0xec1fc8
classic	instrument-raw-writer	0xeb9810	0xec1fd4	jne	0xec1fdd	0xec1fd6
classic	instrument-raw-writer	0xeb9810	0xec1fdb	jmp	0xec2017	0xec1fdd
classic	instrument-raw-writer	0xeb9810	0xec1ff3	cmove	ecx,eax	0xec1ff6
classic	instrument-raw-writer	0xeb9810	0xec2010	cmove	ecx,eax	0xec2013
classic	instrument-raw-writer	0xeb9810	0xec2034	je	0xec20ba	0xec203a
classic	instrument-raw-writer	0xeb9810	0xec203d	je	0xec2081	0xec203f
classic	instrument-raw-writer	0xeb9810	0xec2042	jne	0xec20d0	0xec2048
classic	instrument-raw-writer	0xeb9810	0xec2059	je	0xec206e	0xec205b
classic	instrument-raw-writer	0xeb9810	0xec206c	jmp	0xec20d0	0xec206e
classic	instrument-raw-writer	0xeb9810	0xec207f	jmp	0xec20d0	0xec2081
classic	instrument-raw-writer	0xeb9810	0xec2092	je	0xec20a7	0xec2094
classic	instrument-raw-writer	0xeb9810	0xec20a5	jmp	0xec20d0	0xec20a7
classic	instrument-raw-writer	0xeb9810	0xec20b8	jmp	0xec20d0	0xec20ba
classic	instrument-raw-writer	0xeb9810	0xec20e6	je	0xec217f	0xec20ec
classic	instrument-raw-writer	0xeb9810	0xec2102	cmove	ecx,eax	0xec2105
classic	instrument-raw-writer	0xeb9810	0xec211f	cmove	ecx,eax	0xec2122
classic	instrument-raw-writer	0xeb9810	0xec2159	je	0xec216e	0xec215b
classic	instrument-raw-writer	0xeb9810	0xec216c	jmp	0xec217f	0xec216e
classic	instrument-raw-writer	0xeb9810	0xec2292	je	0xec22b3	0xec2294
classic	instrument-raw-writer	0xeb9810	0xec22a0	je	0xec22b3	0xec22a2
classic	instrument-raw-writer	0xeb9810	0xec235a	jl	0xec2365	0xec235c
classic	instrument-raw-writer	0xeb9810	0xec2363	jmp	0xec23b2	0xec2365
classic	instrument-raw-writer	0xeb9810	0xec236c	jl	0xec2377	0xec236e
classic	instrument-raw-writer	0xeb9810	0xec2375	jmp	0xec23b2	0xec2377
classic	instrument-raw-writer	0xeb9810	0xec237e	jl	0xec2389	0xec2380
classic	instrument-raw-writer	0xeb9810	0xec2387	jmp	0xec23b2	0xec2389
classic	instrument-raw-writer	0xeb9810	0xec2390	jl	0xec239b	0xec2392
classic	instrument-raw-writer	0xeb9810	0xec2399	jmp	0xec23b2	0xec239b
classic	instrument-raw-writer	0xeb9810	0xec23a9	jge	0xec23b2	0xec23ab
classic	instrument-raw-writer	0xeb9810	0xec23d6	je	0xec263f	0xec23dc
classic	instrument-raw-writer	0xeb9810	0xec241d	je	0xec2430	0xec241f
classic	instrument-raw-writer	0xeb9810	0xec242e	jmp	0xec243f	0xec2430
classic	instrument-raw-writer	0xeb9810	0xec2484	jne	0xec248d	0xec2486
classic	instrument-raw-writer	0xeb9810	0xec24f0	jne	0xec24f9	0xec24f2
classic	instrument-raw-writer	0xeb9810	0xec251a	je	0xec2538	0xec251c
classic	instrument-raw-writer	0xeb9810	0xec252d	je	0xec255e	0xec252f
classic	instrument-raw-writer	0xeb9810	0xec2536	jmp	0xec2552	0xec2538
classic	instrument-raw-writer	0xeb9810	0xec2549	je	0xec255e	0xec254b
classic	instrument-raw-writer	0xeb9810	0xec2578	jne	0xec258f	0xec257a
classic	instrument-raw-writer	0xeb9810	0xec258d	jmp	0xec25d6	0xec258f
classic	instrument-raw-writer	0xeb9810	0xec261c	jge	0xec2625	0xec261e
classic	instrument-raw-writer	0xeb9810	0xec263d	jmp	0xec2644	0xec263f
classic	instrument-raw-writer	0xeb9810	0xec2649	je	0xec2750	0xec264f
classic	instrument-raw-writer	0xeb9810	0xec2651	jne	0xec265c	0xec2653
classic	instrument-raw-writer	0xeb9810	0xec265a	jmp	0xec2676	0xec265c
classic	instrument-raw-writer	0xeb9810	0xec265f	jne	0xec266a	0xec2661
classic	instrument-raw-writer	0xeb9810	0xec2668	jmp	0xec2676	0xec266a
classic	instrument-raw-writer	0xeb9810	0xec266d	jne	0xec2682	0xec266f
classic	instrument-raw-writer	0xeb9810	0xec26e0	je	0xec26f5	0xec26e2
classic	instrument-raw-writer	0xeb9810	0xec26f8	je	0xec270d	0xec26fa
classic	instrument-raw-writer	0xeb9810	0xec2710	je	0xec2725	0xec2712
classic	instrument-raw-writer	0xeb9810	0xec2728	je	0xec273d	0xec272a
classic	instrument-raw-writer	0xeb9810	0xec275a	je	0xec293b	0xec2760
classic	instrument-raw-writer	0xeb9810	0xec2763	je	0xec276e	0xec2765
classic	instrument-raw-writer	0xeb9810	0xec276c	jmp	0xec2791	0xec276e
classic	instrument-raw-writer	0xeb9810	0xec2773	je	0xec277e	0xec2775
classic	instrument-raw-writer	0xeb9810	0xec277c	jmp	0xec2791	0xec277e
classic	instrument-raw-writer	0xeb9810	0xec2788	jne	0xec2791	0xec278a
classic	instrument-raw-writer	0xeb9810	0xec27d8	je	0xec27ed	0xec27da
classic	instrument-raw-writer	0xeb9810	0xec2809	je	0xec282b	0xec280b
classic	instrument-raw-writer	0xeb9810	0xec2829	jmp	0xec288d	0xec282b
classic	instrument-raw-writer	0xeb9810	0xec2834	je	0xec2850	0xec2836
classic	instrument-raw-writer	0xeb9810	0xec284e	jmp	0xec288d	0xec2850
classic	instrument-raw-writer	0xeb9810	0xec2858	je	0xec2863	0xec285a
classic	instrument-raw-writer	0xeb9810	0xec2861	jmp	0xec2881	0xec2863
classic	instrument-raw-writer	0xeb9810	0xec2868	je	0xec2873	0xec286a
classic	instrument-raw-writer	0xeb9810	0xec2871	jmp	0xec2881	0xec2873
classic	instrument-raw-writer	0xeb9810	0xec2878	je	0xec288d	0xec287a
classic	instrument-raw-writer	0xeb9810	0xec28aa	je	0xec28f9	0xec28ac
classic	instrument-raw-writer	0xeb9810	0xec28bd	jne	0xec28c6	0xec28bf
classic	instrument-raw-writer	0xeb9810	0xec28c4	je	0xec2926	0xec28c6
classic	instrument-raw-writer	0xeb9810	0xec28e5	je	0xec28f0	0xec28e7
classic	instrument-raw-writer	0xeb9810	0xec28ee	jmp	0xec2921	0xec28f0
classic	instrument-raw-writer	0xeb9810	0xec28f7	jmp	0xec2921	0xec28f9
classic	instrument-raw-writer	0xeb9810	0xec2918	jne	0xec2921	0xec291a
classic	instrument-raw-writer	0xeb9810	0xec2939	jmp	0xec2950	0xec293b
classic	instrument-raw-writer	0xeb9810	0xec2955	je	0xec2a8d	0xec295b
classic	instrument-raw-writer	0xeb9810	0xec29b8	je	0xec29c3	0xec29ba
classic	instrument-raw-writer	0xeb9810	0xec29c1	jmp	0xec29d6	0xec29c3
classic	instrument-raw-writer	0xeb9810	0xec29cd	jne	0xec29d6	0xec29cf
classic	instrument-raw-writer	0xeb9810	0xec2a1a	je	0xec2a25	0xec2a1c
classic	instrument-raw-writer	0xeb9810	0xec2a23	jmp	0xec2a5f	0xec2a25
classic	instrument-raw-writer	0xeb9810	0xec2a28	je	0xec2a33	0xec2a2a
classic	instrument-raw-writer	0xeb9810	0xec2a31	jmp	0xec2a5f	0xec2a33
classic	instrument-raw-writer	0xeb9810	0xec2a36	je	0xec2a41	0xec2a38
classic	instrument-raw-writer	0xeb9810	0xec2a3f	jmp	0xec2a5f	0xec2a41
classic	instrument-raw-writer	0xeb9810	0xec2a46	je	0xec2a51	0xec2a48
classic	instrument-raw-writer	0xeb9810	0xec2a4f	jmp	0xec2a5f	0xec2a51
classic	instrument-raw-writer	0xeb9810	0xec2a56	je	0xec2a6b	0xec2a58
classic	instrument-raw-writer	0xeb9810	0xec2a8b	jmp	0xec2a92	0xec2a8d
classic	instrument-raw-writer	0xeb9810	0xec2a97	je	0xec2bd3	0xec2a9d
classic	instrument-raw-writer	0xeb9810	0xec2b12	jne	0xec2b1b	0xec2b14
classic	instrument-raw-writer	0xeb9810	0xec2b57	je	0xec2b6c	0xec2b59
classic	instrument-raw-writer	0xeb9810	0xec2ba5	jne	0xec2bae	0xec2ba7
classic	instrument-raw-writer	0xeb9810	0xec2c1a	jne	0xec2c60	0xec2c1c
classic	instrument-raw-writer	0xeb9810	0xec2c5e	je	0xec2c20	0xec2c60
classic	instrument-raw-writer	0xeb9810	0xec2d3d	jl	0xebf9c0	0xec2d43
classic	instrument-raw-writer	0xeb9810	0xec2d52	jle	0xec5474	0xec2d58
classic	instrument-raw-writer	0xeb9810	0xec2d63	jmp	0xec2d73	0xec2d65
classic	instrument-raw-writer	0xeb9810	0xec2d87	je	0xec2f06	0xec2d8d
classic	instrument-raw-writer	0xeb9810	0xec2dad	jle	0xec2f06	0xec2db3
classic	instrument-raw-writer	0xeb9810	0xec2e1b	je	0xec2e6f	0xec2e1d
classic	instrument-raw-writer	0xeb9810	0xec2e3e	jne	0xec2ef9	0xec2e44
classic	instrument-raw-writer	0xeb9810	0xec2e6d	jne	0xec2e20	0xec2e6f
classic	instrument-raw-writer	0xeb9810	0xec2eac	je	0xec2f12	0xec2eae
classic	instrument-raw-writer	0xeb9810	0xec2eca	jne	0xec2ef9	0xec2ecc
classic	instrument-raw-writer	0xeb9810	0xec2ef5	jne	0xec2eb0	0xec2ef7
classic	instrument-raw-writer	0xeb9810	0xec2ef7	jmp	0xec2f12	0xec2ef9
classic	instrument-raw-writer	0xeb9810	0xec2efe	jl	0xec2db6	0xec2f04
classic	instrument-raw-writer	0xeb9810	0xec2f04	jmp	0xec2f12	0xec2f06
classic	instrument-raw-writer	0xeb9810	0xec2fa2	jl	0xec2fb7	0xec2fa4
classic	instrument-raw-writer	0xeb9810	0xec2fae	sete	r12b	0xec2fb2
classic	instrument-raw-writer	0xeb9810	0xec3000	jne	0xec30b4	0xec3006
classic	instrument-raw-writer	0xeb9810	0xec3010	je	0xec3075	0xec3012
classic	instrument-raw-writer	0xeb9810	0xec3015	je	0xec3040	0xec3017
classic	instrument-raw-writer	0xeb9810	0xec301a	jne	0xec30b4	0xec3020
classic	instrument-raw-writer	0xeb9810	0xec3035	je	0xec308c	0xec3037
classic	instrument-raw-writer	0xeb9810	0xec303e	jmp	0xec30a8	0xec3040
classic	instrument-raw-writer	0xeb9810	0xec305c	jne	0xec306c	0xec305e
classic	instrument-raw-writer	0xeb9810	0xec306a	jmp	0xec30b4	0xec306c
classic	instrument-raw-writer	0xeb9810	0xec3073	jmp	0xec30af	0xec3075
classic	instrument-raw-writer	0xeb9810	0xec308a	jne	0xec30a1	0xec308c
classic	instrument-raw-writer	0xeb9810	0xec309f	jmp	0xec30b4	0xec30a1
classic	instrument-raw-writer	0xeb9810	0xec3105	je	0xec316b	0xec3107
classic	instrument-raw-writer	0xeb9810	0xec310f	jne	0xec3142	0xec3111
classic	instrument-raw-writer	0xeb9810	0xec3140	jmp	0xec3189	0xec3142
classic	instrument-raw-writer	0xeb9810	0xec3169	jmp	0xec31a0	0xec316b
classic	instrument-raw-writer	0xeb9810	0xec316e	jne	0xec31a0	0xec3170
classic	instrument-raw-writer	0xeb9810	0xec31d0	jne	0xec32ca	0xec31d6
classic	instrument-raw-writer	0xeb9810	0xec31e2	jne	0xec320a	0xec31e4
classic	instrument-raw-writer	0xeb9810	0xec31e7	je	0xec320a	0xec31e9
classic	instrument-raw-writer	0xeb9810	0xec31fa	jne	0xec3201	0xec31fc
classic	instrument-raw-writer	0xeb9810	0xec3228	jl	0xec3238	0xec322a
classic	instrument-raw-writer	0xeb9810	0xec3236	jmp	0xec3244	0xec3238
classic	instrument-raw-writer	0xeb9810	0xec3250	je	0xec326b	0xec3252
classic	instrument-raw-writer	0xeb9810	0xec3255	je	0xec327e	0xec3257
classic	instrument-raw-writer	0xeb9810	0xec325a	je	0xec3291	0xec325c
classic	instrument-raw-writer	0xeb9810	0xec325f	je	0xec32a4	0xec3261
classic	instrument-raw-writer	0xeb9810	0xec3264	je	0xec32b7	0xec3266
classic	instrument-raw-writer	0xeb9810	0xec3266	jmp	0xec34b4	0xec326b
classic	instrument-raw-writer	0xeb9810	0xec32c5	jmp	0xec34af	0xec32ca
classic	instrument-raw-writer	0xeb9810	0xec32cd	je	0xec32f0	0xec32cf
classic	instrument-raw-writer	0xeb9810	0xec32e0	jne	0xec32e7	0xec32e2
classic	instrument-raw-writer	0xeb9810	0xec32fd	ja	0xec34b4	0xec3303
classic	instrument-raw-writer	0xeb9810	0xec3316	jmp	rcx	0xec3318
classic	instrument-raw-writer	0xeb9810	0xec3336	jl	0xec3349	0xec3338
classic	instrument-raw-writer	0xeb9810	0xec3344	jmp	0xec34b4	0xec3349
classic	instrument-raw-writer	0xeb9810	0xec3350	jmp	0xec34af	0xec3355
classic	instrument-raw-writer	0xeb9810	0xec3373	jl	0xec3386	0xec3375
classic	instrument-raw-writer	0xeb9810	0xec3381	jmp	0xec34b4	0xec3386
classic	instrument-raw-writer	0xeb9810	0xec338d	jmp	0xec34af	0xec3392
classic	instrument-raw-writer	0xeb9810	0xec33b0	jl	0xec33c3	0xec33b2
classic	instrument-raw-writer	0xeb9810	0xec33be	jmp	0xec34b4	0xec33c3
classic	instrument-raw-writer	0xeb9810	0xec33ca	jmp	0xec34af	0xec33cf
classic	instrument-raw-writer	0xeb9810	0xec33ed	jl	0xec3400	0xec33ef
classic	instrument-raw-writer	0xeb9810	0xec33fb	jmp	0xec34b4	0xec3400
classic	instrument-raw-writer	0xeb9810	0xec3407	jmp	0xec34af	0xec340c
classic	instrument-raw-writer	0xeb9810	0xec342a	jl	0xec343a	0xec342c
classic	instrument-raw-writer	0xeb9810	0xec3438	jmp	0xec34b4	0xec343a
classic	instrument-raw-writer	0xeb9810	0xec3441	jmp	0xec34af	0xec3443
classic	instrument-raw-writer	0xeb9810	0xec3461	jl	0xec3471	0xec3463
classic	instrument-raw-writer	0xeb9810	0xec346f	jmp	0xec34b4	0xec3471
classic	instrument-raw-writer	0xeb9810	0xec3478	jmp	0xec34af	0xec347a
classic	instrument-raw-writer	0xeb9810	0xec3498	jl	0xec34a8	0xec349a
classic	instrument-raw-writer	0xeb9810	0xec34a6	jmp	0xec34b4	0xec34a8
classic	instrument-raw-writer	0xeb9810	0xec34b8	setge	r13b	0xec34bc
classic	instrument-raw-writer	0xeb9810	0xec34bf	jne	0xec34d3	0xec34c1
classic	instrument-raw-writer	0xeb9810	0xec34c6	je	0xec34d3	0xec34c8
classic	instrument-raw-writer	0xeb9810	0xec34cd	jne	0xec3f67	0xec34d3
classic	instrument-raw-writer	0xeb9810	0xec3519	cmovl	edi,eax	0xec351c
classic	instrument-raw-writer	0xeb9810	0xec3580	je	0xec35e0	0xec3582
classic	instrument-raw-writer	0xeb9810	0xec35e4	je	0xec363f	0xec35e6
classic	instrument-raw-writer	0xeb9810	0xec380e	jne	0xec3836	0xec3810
classic	instrument-raw-writer	0xeb9810	0xec3886	jne	0xec389b	0xec3888
classic	instrument-raw-writer	0xeb9810	0xec38c2	je	0xec3bf9	0xec38c8
classic	instrument-raw-writer	0xeb9810	0xec390e	cmovl	ebx,eax	0xec3911
classic	instrument-raw-writer	0xeb9810	0xec3975	je	0xec39cb	0xec3977
classic	instrument-raw-writer	0xeb9810	0xec39cf	je	0xec3a25	0xec39d1
classic	instrument-raw-writer	0xeb9810	0xec3bf7	jmp	0xec3bfe	0xec3bf9
classic	instrument-raw-writer	0xeb9810	0xec3c04	jne	0xec42d4	0xec3c0a
classic	instrument-raw-writer	0xeb9810	0xec3c51	cmovl	ebx,eax	0xec3c54
classic	instrument-raw-writer	0xeb9810	0xec3cb3	je	0xec3d09	0xec3cb5
classic	instrument-raw-writer	0xeb9810	0xec3d0d	je	0xec3d63	0xec3d0f
classic	instrument-raw-writer	0xeb9810	0xec3dce	jge	0xec3dd7	0xec3dd0
classic	instrument-raw-writer	0xeb9810	0xec3f31	jge	0xec3f3a	0xec3f33
classic	instrument-raw-writer	0xeb9810	0xec3f73	jne	0xec4322	0xec3f79
classic	instrument-raw-writer	0xeb9810	0xec4013	je	0xec4069	0xec4015
classic	instrument-raw-writer	0xeb9810	0xec406d	je	0xec40c3	0xec406f
classic	instrument-raw-writer	0xeb9810	0xec42bd	jne	0xec42dd	0xec42bf
classic	instrument-raw-writer	0xeb9810	0xec42d2	jmp	0xec42f0	0xec42d4
classic	instrument-raw-writer	0xeb9810	0xec42d8	jmp	0xec3f6b	0xec42dd
classic	instrument-raw-writer	0xeb9810	0xec4320	jmp	0xec4326	0xec4322
classic	instrument-raw-writer	0xeb9810	0xec438a	je	0xec43ea	0xec438c
classic	instrument-raw-writer	0xeb9810	0xec43ee	je	0xec4449	0xec43f0
classic	instrument-raw-writer	0xeb9810	0xec4512	jne	0xec4586	0xec4514
classic	instrument-raw-writer	0xeb9810	0xec4516	je	0xec4586	0xec4518
classic	instrument-raw-writer	0xeb9810	0xec451b	je	0xec4586	0xec451d
classic	instrument-raw-writer	0xeb9810	0xec4540	cmovl	ecx,eax	0xec4543
classic	instrument-raw-writer	0xeb9810	0xec458c	jge	0xec4593	0xec458e
classic	instrument-raw-writer	0xeb9810	0xec4591	je	0xec45a9	0xec4593
classic	instrument-raw-writer	0xeb9810	0xec45a7	jne	0xec45b6	0xec45a9
classic	instrument-raw-writer	0xeb9810	0xec45ab	je	0xec45b6	0xec45ad
classic	instrument-raw-writer	0xeb9810	0xec45b0	jne	0xec4842	0xec45b6
classic	instrument-raw-writer	0xeb9810	0xec465e	jge	0xec4667	0xec4660
classic	instrument-raw-writer	0xeb9810	0xec4680	je	0xec46f2	0xec4682
classic	instrument-raw-writer	0xeb9810	0xec46f4	jne	0xec4785	0xec46fa
classic	instrument-raw-writer	0xeb9810	0xec473e	jl	0xec4755	0xec4740
classic	instrument-raw-writer	0xeb9810	0xec4753	jmp	0xec4768	0xec4755
classic	instrument-raw-writer	0xeb9810	0xec4788	jne	0xec4842	0xec478e
classic	instrument-raw-writer	0xeb9810	0xec4823	je	0xec482c	0xec4825
classic	instrument-raw-writer	0xeb9810	0xec48b1	jl	0xec48c8	0xec48b3
classic	instrument-raw-writer	0xeb9810	0xec48b5	jne	0xec48c8	0xec48b7
classic	instrument-raw-writer	0xeb9810	0xec48e5	jne	0xec49c3	0xec48eb
classic	instrument-raw-writer	0xeb9810	0xec48ed	jne	0xec4936	0xec48ef
classic	instrument-raw-writer	0xeb9810	0xec4900	je	0xec491c	0xec4902
classic	instrument-raw-writer	0xeb9810	0xec4917	jmp	0xec4ace	0xec491c
classic	instrument-raw-writer	0xeb9810	0xec4931	jmp	0xec4ace	0xec4936
classic	instrument-raw-writer	0xeb9810	0xec494b	je	0xec497c	0xec494d
classic	instrument-raw-writer	0xeb9810	0xec4959	jne	0xec497c	0xec495b
classic	instrument-raw-writer	0xeb9810	0xec4977	jmp	0xec4ace	0xec497c
classic	instrument-raw-writer	0xeb9810	0xec498d	je	0xec49a9	0xec498f
classic	instrument-raw-writer	0xeb9810	0xec49a4	jmp	0xec4ace	0xec49a9
classic	instrument-raw-writer	0xeb9810	0xec49be	jmp	0xec4ace	0xec49c3
classic	instrument-raw-writer	0xeb9810	0xec49cc	je	0xec4a05	0xec49ce
classic	instrument-raw-writer	0xeb9810	0xec49d0	je	0xec4a09	0xec49d2
classic	instrument-raw-writer	0xeb9810	0xec49e3	je	0xec49f9	0xec49e5
classic	instrument-raw-writer	0xeb9810	0xec49f4	jmp	0xec4ace	0xec49f9
classic	instrument-raw-writer	0xeb9810	0xec4a00	jmp	0xec4ac4	0xec4a05
classic	instrument-raw-writer	0xeb9810	0xec4a07	jne	0xec4a22	0xec4a09
classic	instrument-raw-writer	0xeb9810	0xec4a1d	jmp	0xec4ace	0xec4a22
classic	instrument-raw-writer	0xeb9810	0xec4a30	je	0xec4a4b	0xec4a32
classic	instrument-raw-writer	0xeb9810	0xec4a46	jmp	0xec4ace	0xec4a4b
classic	instrument-raw-writer	0xeb9810	0xec4a54	je	0xec4ab8	0xec4a56
classic	instrument-raw-writer	0xeb9810	0xec4a59	je	0xec4a78	0xec4a5b
classic	instrument-raw-writer	0xeb9810	0xec4a5e	jne	0xec4ace	0xec4a60
classic	instrument-raw-writer	0xeb9810	0xec4a76	jmp	0xec4ace	0xec4a78
classic	instrument-raw-writer	0xeb9810	0xec4a81	jl	0xec4aa7	0xec4a83
classic	instrument-raw-writer	0xeb9810	0xec4a9c	cmove	r13d,eax	0xec4aa0
classic	instrument-raw-writer	0xeb9810	0xec4aa5	jmp	0xec4ace	0xec4aa7
classic	instrument-raw-writer	0xeb9810	0xec4ab6	jmp	0xec4ace	0xec4ab8
classic	instrument-raw-writer	0xeb9810	0xec4ada	jge	0xec4af7	0xec4adc
classic	instrument-raw-writer	0xeb9810	0xec4ade	jne	0xec4af7	0xec4ae0
classic	instrument-raw-writer	0xeb9810	0xec4afa	je	0xec4b31	0xec4afc
classic	instrument-raw-writer	0xeb9810	0xec4afe	je	0xec4b1e	0xec4b00
classic	instrument-raw-writer	0xeb9810	0xec4b03	jne	0xec4b15	0xec4b05
classic	instrument-raw-writer	0xeb9810	0xec4b0a	je	0xec4b15	0xec4b0c
classic	instrument-raw-writer	0xeb9810	0xec4b13	jmp	0xec4b25	0xec4b15
classic	instrument-raw-writer	0xeb9810	0xec4b1c	jmp	0xec4b25	0xec4b1e
classic	instrument-raw-writer	0xeb9810	0xec4b3b	jge	0xec4b56	0xec4b3d
classic	instrument-raw-writer	0xeb9810	0xec4b3f	jne	0xec4b56	0xec4b41
classic	instrument-raw-writer	0xeb9810	0xec4b69	jl	0xec4b73	0xec4b6b
classic	instrument-raw-writer	0xeb9810	0xec4b6d	je	0xec4c52	0xec4b73
classic	instrument-raw-writer	0xeb9810	0xec4baf	jl	0xec4bb9	0xec4bb1
classic	instrument-raw-writer	0xeb9810	0xec4bb7	jmp	0xec4be1	0xec4bb9
classic	instrument-raw-writer	0xeb9810	0xec4bbd	jl	0xec4bc7	0xec4bbf
classic	instrument-raw-writer	0xeb9810	0xec4bc5	jmp	0xec4be1	0xec4bc7
classic	instrument-raw-writer	0xeb9810	0xec4bcb	jl	0xec4bd5	0xec4bcd
classic	instrument-raw-writer	0xeb9810	0xec4bd3	jmp	0xec4be1	0xec4bd5
classic	instrument-raw-writer	0xeb9810	0xec4bd9	jl	0xec4be1	0xec4bdb
classic	instrument-raw-writer	0xeb9810	0xec4be5	cmovne	edi,ecx	0xec4be8
classic	instrument-raw-writer	0xeb9810	0xec4cf6	jl	0xec4d15	0xec4cf8
classic	instrument-raw-writer	0xeb9810	0xec4d10	jmp	0xec4dd1	0xec4d15
classic	instrument-raw-writer	0xeb9810	0xec4d1c	jl	0xec4d3b	0xec4d1e
classic	instrument-raw-writer	0xeb9810	0xec4d36	jmp	0xec4dd1	0xec4d3b
classic	instrument-raw-writer	0xeb9810	0xec4d42	je	0xec4d8a	0xec4d44
classic	instrument-raw-writer	0xeb9810	0xec4d4b	jl	0xec4d56	0xec4d4d
classic	instrument-raw-writer	0xeb9810	0xec4d54	jmp	0xec4dc5	0xec4d56
classic	instrument-raw-writer	0xeb9810	0xec4d5d	jl	0xec4d68	0xec4d5f
classic	instrument-raw-writer	0xeb9810	0xec4d66	jmp	0xec4dc5	0xec4d68
classic	instrument-raw-writer	0xeb9810	0xec4d76	jl	0xec4d81	0xec4d78
classic	instrument-raw-writer	0xeb9810	0xec4d7f	jmp	0xec4dcc	0xec4d81
classic	instrument-raw-writer	0xeb9810	0xec4d88	jmp	0xec4dcc	0xec4d8a
classic	instrument-raw-writer	0xeb9810	0xec4d91	jl	0xec4d9c	0xec4d93
classic	instrument-raw-writer	0xeb9810	0xec4d9a	jmp	0xec4dc5	0xec4d9c
classic	instrument-raw-writer	0xeb9810	0xec4da3	jl	0xec4dae	0xec4da5
classic	instrument-raw-writer	0xeb9810	0xec4dac	jmp	0xec4dc5	0xec4dae
classic	instrument-raw-writer	0xeb9810	0xec4dbc	jge	0xec4dc5	0xec4dbe
classic	instrument-raw-writer	0xeb9810	0xec4dfc	jne	0xec4fb0	0xec4e02
classic	instrument-raw-writer	0xeb9810	0xec4e06	jne	0xec4e47	0xec4e08
classic	instrument-raw-writer	0xeb9810	0xec4e30	je	0xec4e83	0xec4e32
classic	instrument-raw-writer	0xeb9810	0xec4e45	jmp	0xec4e83	0xec4e47
classic	instrument-raw-writer	0xeb9810	0xec4f08	jne	0xec4f35	0xec4f0a
classic	instrument-raw-writer	0xeb9810	0xec4f33	jmp	0xec4f64	0xec4f35
classic	instrument-raw-writer	0xeb9810	0xec4f5b	jl	0xec4f70	0xec4f5d
classic	instrument-raw-writer	0xeb9810	0xec4f72	je	0xec5088	0xec4f78
classic	instrument-raw-writer	0xeb9810	0xec4f8f	jne	0xec4fa4	0xec4f91
classic	instrument-raw-writer	0xeb9810	0xec4fab	jmp	0xec505a	0xec4fb0
classic	instrument-raw-writer	0xeb9810	0xec4fb4	jne	0xec4fcb	0xec4fb6
classic	instrument-raw-writer	0xeb9810	0xec4fc9	jmp	0xec5007	0xec4fcb
classic	instrument-raw-writer	0xeb9810	0xec5051	je	0xec5088	0xec5053
classic	instrument-raw-writer	0xeb9810	0xec50b3	jne	0xec51be	0xec50b9
classic	instrument-raw-writer	0xeb9810	0xec50bc	je	0xec50c7	0xec50be
classic	instrument-raw-writer	0xeb9810	0xec50c5	jmp	0xec50e3	0xec50c7
classic	instrument-raw-writer	0xeb9810	0xec50ca	je	0xec50d5	0xec50cc
classic	instrument-raw-writer	0xeb9810	0xec50d3	jmp	0xec50e3	0xec50d5
classic	instrument-raw-writer	0xeb9810	0xec50da	je	0xec50ef	0xec50dc
classic	instrument-raw-writer	0xeb9810	0xec510f	jne	0xec5138	0xec5111
classic	instrument-raw-writer	0xeb9810	0xec5121	jl	0xec5144	0xec5123
classic	instrument-raw-writer	0xeb9810	0xec5136	jmp	0xec5144	0xec5138
classic	instrument-raw-writer	0xeb9810	0xec515c	je	0xec5171	0xec515e
classic	instrument-raw-writer	0xeb9810	0xec51b9	jmp	0xec528f	0xec51be
classic	instrument-raw-writer	0xeb9810	0xec51c6	jne	0xec51fa	0xec51c8
classic	instrument-raw-writer	0xeb9810	0xec51ca	jne	0xec51fa	0xec51cc
classic	instrument-raw-writer	0xeb9810	0xec51cf	je	0xec51da	0xec51d1
classic	instrument-raw-writer	0xeb9810	0xec51d8	jmp	0xec5201	0xec51da
classic	instrument-raw-writer	0xeb9810	0xec51df	je	0xec51ea	0xec51e1
classic	instrument-raw-writer	0xeb9810	0xec51e8	jmp	0xec5201	0xec51ea
classic	instrument-raw-writer	0xeb9810	0xec51ef	je	0xec520d	0xec51f1
classic	instrument-raw-writer	0xeb9810	0xec51f8	jmp	0xec5201	0xec51fa
classic	instrument-raw-writer	0xeb9810	0xec522c	jne	0xec5255	0xec522e
classic	instrument-raw-writer	0xeb9810	0xec523e	jl	0xec5261	0xec5240
classic	instrument-raw-writer	0xeb9810	0xec5253	jmp	0xec5261	0xec5255
classic	instrument-raw-writer	0xeb9810	0xec5263	je	0xec5278	0xec5265
classic	instrument-raw-writer	0xeb9810	0xec5296	jl	0xec52b1	0xec5298
classic	instrument-raw-writer	0xeb9810	0xec529a	jne	0xec52b1	0xec529c
classic	instrument-raw-writer	0xeb9810	0xec52af	jmp	0xec52c3	0xec52b1
classic	instrument-raw-writer	0xeb9810	0xec52ca	jge	0xec52e3	0xec52cc
classic	instrument-raw-writer	0xeb9810	0xec52ce	jne	0xec52e3	0xec52d0
classic	instrument-raw-writer	0xeb9810	0xec5315	jne	0xec5360	0xec5317
classic	instrument-raw-writer	0xeb9810	0xec535e	je	0xec5320	0xec5360
classic	instrument-raw-writer	0xeb9810	0xec546b	jl	0xec2d70	0xec5471
classic	instrument-raw-writer	0xeb9810	0xec54d3	jge	0xec552d	0xec54d5
classic	instrument-raw-writer	0xeb9810	0xec552b	jl	0xec54e0	0xec552d
classic	instrument-raw-writer	0xeb9810	0xec5583	jge	0xec6263	0xec5589
classic	instrument-raw-writer	0xeb9810	0xec5637	je	0xec568e	0xec5639
classic	instrument-raw-writer	0xeb9810	0xec5693	je	0xec56ea	0xec5695
classic	instrument-raw-writer	0xeb9810	0xec5712	jne	0xec571b	0xec5714
classic	instrument-raw-writer	0xeb9810	0xec5774	je	0xec5816	0xec577a
classic	instrument-raw-writer	0xeb9810	0xec5825	je	0xec58a1	0xec5827
classic	instrument-raw-writer	0xeb9810	0xec58b0	je	0xec5996	0xec58b6
classic	instrument-raw-writer	0xeb9810	0xec59a3	je	0xec5a44	0xec59a9
classic	instrument-raw-writer	0xeb9810	0xec59cd	jge	0xec59d6	0xec59cf
classic	instrument-raw-writer	0xeb9810	0xec5a53	je	0xec5adf	0xec5a59
classic	instrument-raw-writer	0xeb9810	0xec5a63	jl	0xec5adf	0xec5a65
classic	instrument-raw-writer	0xeb9810	0xec5aee	je	0xec5ba0	0xec5af4
classic	instrument-raw-writer	0xeb9810	0xec5afe	jl	0xec5ba0	0xec5b04
classic	instrument-raw-writer	0xeb9810	0xec5baf	je	0xec5c3b	0xec5bb5
classic	instrument-raw-writer	0xeb9810	0xec5bbf	jge	0xec5c3b	0xec5bc1
classic	instrument-raw-writer	0xeb9810	0xec5c4a	je	0xec5cfc	0xec5c50
classic	instrument-raw-writer	0xeb9810	0xec5c5a	jge	0xec5cfc	0xec5c60
classic	instrument-raw-writer	0xeb9810	0xec5d0b	je	0xec5ea5	0xec5d11
classic	instrument-raw-writer	0xeb9810	0xec5d34	jl	0xec5e2b	0xec5d3a
classic	instrument-raw-writer	0xeb9810	0xec5d4c	jne	0xec5e2b	0xec5d52
classic	instrument-raw-writer	0xeb9810	0xec5d61	jne	0xec5e2b	0xec5d67
classic	instrument-raw-writer	0xeb9810	0xec5d76	jne	0xec5e2b	0xec5d7c
classic	instrument-raw-writer	0xeb9810	0xec5d8b	jne	0xec5e2b	0xec5d91
classic	instrument-raw-writer	0xeb9810	0xec5da0	jne	0xec5e2b	0xec5da6
classic	instrument-raw-writer	0xeb9810	0xec5db5	jne	0xec5e2b	0xec5db7
classic	instrument-raw-writer	0xeb9810	0xec5dca	jne	0xec5e2b	0xec5dcc
classic	instrument-raw-writer	0xeb9810	0xec5e29	jmp	0xec5e77	0xec5e2b
classic	instrument-raw-writer	0xeb9810	0xec5eb4	je	0xec604e	0xec5eba
classic	instrument-raw-writer	0xeb9810	0xec5edd	jl	0xec5fd4	0xec5ee3
classic	instrument-raw-writer	0xeb9810	0xec5ef5	jne	0xec5fd4	0xec5efb
classic	instrument-raw-writer	0xeb9810	0xec5f0a	jne	0xec5fd4	0xec5f10
classic	instrument-raw-writer	0xeb9810	0xec5f1f	jne	0xec5fd4	0xec5f25
classic	instrument-raw-writer	0xeb9810	0xec5f34	jne	0xec5fd4	0xec5f3a
classic	instrument-raw-writer	0xeb9810	0xec5f49	jne	0xec5fd4	0xec5f4f
classic	instrument-raw-writer	0xeb9810	0xec5f5e	jne	0xec5fd4	0xec5f60
classic	instrument-raw-writer	0xeb9810	0xec5f73	jne	0xec5fd4	0xec5f75
classic	instrument-raw-writer	0xeb9810	0xec5fd2	jmp	0xec6020	0xec5fd4
classic	instrument-raw-writer	0xeb9810	0xec605d	je	0xec60ff	0xec6063
classic	instrument-raw-writer	0xeb9810	0xec610e	je	0xec61b0	0xec6114
classic	instrument-raw-writer	0xeb9810	0xec620b	jne	0xec6232	0xec620d
classic	instrument-raw-writer	0xeb9810	0xec6259	jne	0xec55a0	0xec625f
classic	instrument-raw-writer	0xeb9810	0xec626a	jge	0xec7169	0xec6270
classic	instrument-raw-writer	0xeb9810	0xec631b	je	0xec6371	0xec631d
classic	instrument-raw-writer	0xeb9810	0xec6375	je	0xec63cb	0xec6377
classic	instrument-raw-writer	0xeb9810	0xec63e4	jne	0xec6410	0xec63e6
classic	instrument-raw-writer	0xeb9810	0xec63fc	je	0xec6407	0xec63fe
classic	instrument-raw-writer	0xeb9810	0xec6405	jmp	0xec641e	0xec6407
classic	instrument-raw-writer	0xeb9810	0xec640e	jmp	0xec641e	0xec6410
classic	instrument-raw-writer	0xeb9810	0xec6473	je	0xec6a40	0xec6479
classic	instrument-raw-writer	0xeb9810	0xec64c5	je	0xec65de	0xec64cb
classic	instrument-raw-writer	0xeb9810	0xec64ea	je	0xec65af	0xec64f0
classic	instrument-raw-writer	0xeb9810	0xec654f	je	0xec65af	0xec6551
classic	instrument-raw-writer	0xeb9810	0xec657c	jne	0xec65a7	0xec657e
classic	instrument-raw-writer	0xeb9810	0xec65a3	jne	0xec6551	0xec65a5
classic	instrument-raw-writer	0xeb9810	0xec65a5	jmp	0xec65af	0xec65a7
classic	instrument-raw-writer	0xeb9810	0xec65d8	jne	0xec64d0	0xec65de
classic	instrument-raw-writer	0xeb9810	0xec662a	je	0xec66e1	0xec6630
classic	instrument-raw-writer	0xeb9810	0xec66db	jne	0xec6630	0xec66e1
classic	instrument-raw-writer	0xeb9810	0xec6798	je	0xec6846	0xec679e
classic	instrument-raw-writer	0xeb9810	0xec67a3	cmovb	edx,r13d	0xec67a7
classic	instrument-raw-writer	0xeb9810	0xec67a9	jns	0xec6846	0xec67af
classic	instrument-raw-writer	0xeb9810	0xec6841	jmp	0xec6791	0xec6846
classic	instrument-raw-writer	0xeb9810	0xec6849	je	0xec6a2b	0xec684f
classic	instrument-raw-writer	0xeb9810	0xec6865	je	0xec6878	0xec6867
classic	instrument-raw-writer	0xeb9810	0xec6887	je	0xec689a	0xec6889
classic	instrument-raw-writer	0xeb9810	0xec68a9	je	0xec68bc	0xec68ab
classic	instrument-raw-writer	0xeb9810	0xec68c0	jle	0xec68db	0xec68c2
classic	instrument-raw-writer	0xeb9810	0xec68c8	je	0xec68db	0xec68ca
classic	instrument-raw-writer	0xeb9810	0xec68ea	je	0xec6909	0xec68ec
classic	instrument-raw-writer	0xeb9810	0xec68f6	jl	0xec6909	0xec68f8
classic	instrument-raw-writer	0xeb9810	0xec6918	je	0xec6937	0xec691a
classic	instrument-raw-writer	0xeb9810	0xec6924	jl	0xec6937	0xec6926
classic	instrument-raw-writer	0xeb9810	0xec6946	je	0xec6965	0xec6948
classic	instrument-raw-writer	0xeb9810	0xec6952	jge	0xec6965	0xec6954
classic	instrument-raw-writer	0xeb9810	0xec696c	jle	0xec69e6	0xec696e
classic	instrument-raw-writer	0xeb9810	0xec6979	je	0xec6998	0xec697b
classic	instrument-raw-writer	0xeb9810	0xec6985	jge	0xec6998	0xec6987
classic	instrument-raw-writer	0xeb9810	0xec699f	jle	0xec69e6	0xec69a1
classic	instrument-raw-writer	0xeb9810	0xec69ac	je	0xec69bf	0xec69ae
classic	instrument-raw-writer	0xeb9810	0xec69c6	jle	0xec69e6	0xec69c8
classic	instrument-raw-writer	0xeb9810	0xec69d3	je	0xec69e6	0xec69d5
classic	instrument-raw-writer	0xeb9810	0xec69f5	je	0xec6a08	0xec69f7
classic	instrument-raw-writer	0xeb9810	0xec6a17	je	0xec6a2b	0xec6a19
classic	instrument-raw-writer	0xeb9810	0xec6a3b	jmp	0xec70b2	0xec6a40
classic	instrument-raw-writer	0xeb9810	0xec6a4f	je	0xec6af0	0xec6a55
classic	instrument-raw-writer	0xeb9810	0xec6a79	jge	0xec6a82	0xec6a7b
classic	instrument-raw-writer	0xeb9810	0xec6b03	je	0xec6bb5	0xec6b09
classic	instrument-raw-writer	0xeb9810	0xec6b13	jl	0xec6bb5	0xec6b19
classic	instrument-raw-writer	0xeb9810	0xec6bc2	je	0xec6c74	0xec6bc8
classic	instrument-raw-writer	0xeb9810	0xec6bd2	jge	0xec6c74	0xec6bd8
classic	instrument-raw-writer	0xeb9810	0xec6c83	je	0xec6d0f	0xec6c89
classic	instrument-raw-writer	0xeb9810	0xec6c93	jl	0xec6d0f	0xec6c95
classic	instrument-raw-writer	0xeb9810	0xec6d1e	je	0xec6daa	0xec6d24
classic	instrument-raw-writer	0xeb9810	0xec6d2e	jge	0xec6daa	0xec6d30
classic	instrument-raw-writer	0xeb9810	0xec6db9	je	0xec6e9f	0xec6dbf
classic	instrument-raw-writer	0xeb9810	0xec6eae	je	0xec6f50	0xec6eb4
classic	instrument-raw-writer	0xeb9810	0xec6f5f	je	0xec7001	0xec6f65
classic	instrument-raw-writer	0xeb9810	0xec7010	je	0xec70b2	0xec7016
classic	instrument-raw-writer	0xeb9810	0xec711b	jne	0xec7144	0xec711d
classic	instrument-raw-writer	0xeb9810	0xec7163	jl	0xec6280	0xec7169
classic	instrument-raw-writer	0xeb9810	0xec71a6	jge	0xec71fd	0xec71a8
classic	instrument-raw-writer	0xeb9810	0xec71fb	jl	0xec71b0	0xec71fd
