edition	owner	function_rva	instruction_rva	literal_rva	encoding	source
steam	take-from-pack-animal-caption	0x8932c0	0x893303	0x16b4350	rip-relative	Get 
steam	take-from-pack-animal-caption	0x8932c0	0x893456	0x15ed97c	rip-relative	 from 
steam	take-from-pack-animal-caption	0x8932c0	0x893527	0x1615540	rip-relative	 (
steam	take-from-pack-animal-caption	0x8932c0	0x89357a	0x1615580	rip-relative	)
steam	shared-item-noun	0xa82c10	0xa82d27	0x1649d9c	rip-relative	large
steam	shared-item-noun	0xa82c10	0xa82d30	0x1649da0	rip-relative	e
steam	shared-item-noun	0xa82c10	0xa82d39	0x1686358	rip-relative	small
steam	shared-item-noun	0xa82c10	0xa82d42	0x168635c	rip-relative	l
steam	shared-item-noun	0xa82c10	0xa82d8c	0x16cbf50	rip-relative	grown 
steam	shared-item-noun	0xa82c10	0xa82e66	0x167ccf0	rip-relative	logs
steam	shared-item-noun	0xa82c10	0xa82ed8	0x16ce7e0	rip-relative	branch
steam	shared-item-noun	0xa82c10	0xa82efd	0x16ce880	rip-relative	es
steam	shared-item-noun	0xa82c10	0xa82f1d	0x1601038	rip-relative	rough gems
steam	shared-item-noun	0xa82c10	0xa82f36	0x16ce870	rip-relative	raw green glass
steam	shared-item-noun	0xa82c10	0xa82f4f	0x16ce860	rip-relative	raw clear glass
steam	shared-item-noun	0xa82c10	0xa82f68	0x16ce848	rip-relative	raw crystal glass
steam	shared-item-noun	0xa82c10	0xa82f8a	0x1601038	rip-relative	rough gems
steam	shared-item-noun	0xa82c10	0xa82fa8	0x16cc1b0	rip-relative	rough 
steam	shared-item-noun	0xa82c10	0xa83047	0x16862ac	rip-relative	small 
steam	shared-item-noun	0xa82c10	0xa8305e	0x16862ac	rip-relative	small 
steam	shared-item-noun	0xa82c10	0xa8313e	0x16ce7ac	rip-relative	rock
steam	shared-item-noun	0xa82c10	0xa8315e	0x16ce7a0	rip-relative	small rock
steam	shared-item-noun	0xa82c10	0xa831b7	0x16ce790	rip-relative	stone boulders
steam	shared-item-noun	0xa82c10	0xa831dd	0x16ce780	rip-relative	boulders
steam	shared-item-noun	0xa82c10	0xa832ba	0x16ce738	rip-relative	bars
steam	shared-item-noun	0xa82c10	0xa832d3	0x16ce7c0	rip-relative	charcoal
steam	shared-item-noun	0xa82c10	0xa832e9	0x16ce7b4	rip-relative	coke
steam	shared-item-noun	0xa82c10	0xa832f2	0x16ce740	rip-relative	refined coal
steam	shared-item-noun	0xa82c10	0xa8330b	0x163e59c	rip-relative	metal
steam	shared-item-noun	0xa82c10	0xa8331a	0x16ce7cc	rip-relative	 bars
steam	shared-item-noun	0xa82c10	0xa833ca	0x16ce7d8	rip-relative	 wafers
steam	shared-item-noun	0xa82c10	0xa834b8	0x16011f0	rip-relative	cut gems
steam	shared-item-noun	0xa82c10	0xa834d1	0x16ce720	rip-relative	cut green glass gems
steam	shared-item-noun	0xa82c10	0xa834ea	0x16ce708	rip-relative	cut clear glass gems
steam	shared-item-noun	0xa82c10	0xa83500	0x16ce768	rip-relative	cut crystal glass gems
steam	shared-item-noun	0xa82c10	0xa8351b	0x16ce760	rip-relative	gems
steam	shared-item-noun	0xa82c10	0xa83658	0x16ce758	rip-relative	blocks
steam	shared-item-noun	0xa82c10	0xa8366f	0x16ce758	rip-relative	blocks
steam	shared-item-noun	0xa82c10	0xa8371d	0x16ce6ec	rip-relative	door
steam	shared-item-noun	0xa82c10	0xa83724	0x16ce750	rip-relative	portal
steam	shared-item-noun	0xa82c10	0xa8379a	0x16ce6e0	rip-relative	floodgate
steam	shared-item-noun	0xa82c10	0xa8380a	0x16ce6d0	rip-relative	hatch cover
steam	shared-item-noun	0xa82c10	0xa8387a	0x16ce6c8	rip-relative	grate
steam	shared-item-noun	0xa82c10	0xa838ea	0x162fdb4	rip-relative	table
steam	shared-item-noun	0xa82c10	0xa8395a	0x163cea0	rip-relative	cabinet
steam	shared-item-noun	0xa82c10	0xa839ca	0x163ce90	rip-relative	weapon rack
steam	shared-item-noun	0xa82c10	0xa83a3a	0x163ce08	rip-relative	armor stand
steam	shared-item-noun	0xa82c10	0xa83aaa	0x16ce704	rip-relative	bin
steam	shared-item-noun	0xa82c10	0xa83b51	0x16ce700	rip-relative	box
steam	shared-item-noun	0xa82c10	0xa83b6a	0x16ce6fc	rip-relative	e
steam	shared-item-noun	0xa82c10	0xa83b93	0x16ce6f4	rip-relative	coffer
steam	shared-item-noun	0xa82c10	0xa83ba2	0x163cea8	rip-relative	chest
steam	shared-item-noun	0xa82c10	0xa83bc3	0x16ce6a0	rip-relative	boxe
steam	shared-item-noun	0xa82c10	0xa83bd8	0x15e9298	rip-relative	s
steam	shared-item-noun	0xa82c10	0xa83bec	0x16ce700	rip-relative	box
steam	shared-item-noun	0xa82c10	0xa83c64	0x16ce69c	rip-relative	bag
steam	shared-item-noun	0xa82c10	0xa83cff	0x16ce690	rip-relative	backpack
steam	shared-item-noun	0xa82c10	0xa83dbc	0x16ce6c0	rip-relative	cast
steam	shared-item-noun	0xa82c10	0xa83dc8	0x16ce680	rip-relative	limb/body 
steam	shared-item-noun	0xa82c10	0xa83dd7	0x16ce6c0	rip-relative	cast
steam	shared-item-noun	0xa82c10	0xa83e37	0x16ce680	rip-relative	limb/body 
steam	shared-item-noun	0xa82c10	0xa83e46	0x16ce6c0	rip-relative	cast
steam	shared-item-noun	0xa82c10	0xa83eb6	0x16ce6b8	rip-relative	splint
steam	shared-item-noun	0xa82c10	0xa83f20	0x16ce6b0	rip-relative	crutch
steam	shared-item-noun	0xa82c10	0xa83fbb	0x16ce6a8	rip-relative	quiver
steam	shared-item-noun	0xa82c10	0xa8403a	0x16ce63c	rip-relative	casket
steam	shared-item-noun	0xa82c10	0xa84085	0x16ce630	rip-relative	sarcophag
steam	shared-item-noun	0xa82c10	0xa84094	0x1642184	rip-relative	us
steam	shared-item-noun	0xa82c10	0xa8409b	0x16c0828	rip-relative	i
steam	shared-item-noun	0xa82c10	0xa840b7	0x162fe0c	rip-relative	coffin
steam	shared-item-noun	0xa82c10	0xa841d4	0x16ce61c	rip-relative	chain
steam	shared-item-noun	0xa82c10	0xa841e8	0x16ce624	rip-relative	rope
steam	shared-item-noun	0xa82c10	0xa84328	0x16ce664	rip-relative	vial
steam	shared-item-noun	0xa82c10	0xa84339	0x16ce65c	rip-relative	flask
steam	shared-item-noun	0xa82c10	0xa84350	0x16ce670	rip-relative	waterskin
steam	shared-item-noun	0xa82c10	0xa843f9	0x16ce648	rip-relative	musical instrument
steam	shared-item-noun	0xa82c10	0xa844db	0x16ce5e8	rip-relative	unglazed 
steam	shared-item-noun	0xa82c10	0xa84643	0x15e873c	rip-relative	 
steam	shared-item-noun	0xa82c10	0xa8465d	0x16c1e44	rip-relative	tool
steam	shared-item-noun	0xa82c10	0xa846fd	0x16c1d64	rip-relative	toy
steam	shared-item-noun	0xa82c10	0xa847ad	0x16ce5e0	rip-relative	cup
steam	shared-item-noun	0xa82c10	0xa847e1	0x16ce5dc	rip-relative	mug
steam	shared-item-noun	0xa82c10	0xa847fb	0x16ce5d4	rip-relative	goblet
steam	shared-item-noun	0xa82c10	0xa8486b	0x16ce614	rip-relative	window
steam	shared-item-noun	0xa82c10	0xa8491a	0x16ce5fc	rip-relative	cage
steam	shared-item-noun	0xa82c10	0xa84921	0x16ce608	rip-relative	terrarium
steam	shared-item-noun	0xa82c10	0xa84995	0x16ce5f4	rip-relative	barrel
steam	shared-item-noun	0xa82c10	0xa84a05	0x16cec8c	rip-relative	bucket
steam	shared-item-noun	0xa82c10	0xa84a75	0x16cec80	rip-relative	animal trap
steam	shared-item-noun	0xa82c10	0xa84af1	0x162fe04	rip-relative	chair
steam	shared-item-noun	0xa82c10	0xa84b0b	0x16cec74	rip-relative	throne
steam	shared-item-noun	0xa82c10	0xa84bc1	0x16cec70	rip-relative	web
steam	shared-item-noun	0xa82c10	0xa84c0c	0x16cecb8	rip-relative	strands
steam	shared-item-noun	0xa82c10	0xa84c3f	0x16158b4	rip-relative	yarn
steam	shared-item-noun	0xa82c10	0xa84c50	0x161589c	rip-relative	thread
steam	shared-item-noun	0xa82c10	0xa84cc5	0x16158a4	rip-relative	cloth
steam	shared-item-noun	0xa82c10	0xa84dcf	0x16cecac	rip-relative	sheet
steam	shared-item-noun	0xa82c10	0xa84df2	0x16ceca0	rip-relative	tanned hide
steam	shared-item-noun	0xa82c10	0xa84e55	0x16cec94	rip-relative	totem
steam	shared-item-noun	0xa82c10	0xa84ebe	0x16cec40	rip-relative	-bound 
steam	shared-item-noun	0xa82c10	0xa84eda	0x16cec2c	rip-relative	codex
steam	shared-item-noun	0xa82c10	0xa84ee1	0x16cec38	rip-relative	codices
steam	shared-item-noun	0xa82c10	0xa84f60	0x16cec20	rip-relative	figurine
steam	shared-item-noun	0xa82c10	0xa84f7e	0x16cec68	rip-relative	rotten 
steam	shared-item-noun	0xa82c10	0xa84fa3	0x164fc00	rip-relative	drink
steam	shared-item-noun	0xa82c10	0xa84fe6	0x16cec68	rip-relative	rotten 
steam	shared-item-noun	0xa82c10	0xa851cb	0x16cec60	rip-relative	filthy 
steam	shared-item-noun	0xa82c10	0xa851e4	0x16cec58	rip-relative	sticky 
steam	shared-item-noun	0xa82c10	0xa85203	0x16cec48	rip-relative	vomitous 
steam	shared-item-noun	0xa82c10	0xa8521f	0x16cebec	rip-relative	slimy 
steam	shared-item-noun	0xa82c10	0xa85238	0x16b1070	rip-relative	stagnant 
steam	shared-item-noun	0xa82c10	0xa85254	0x16cebe4	rip-relative	dirty 
steam	shared-item-noun	0xa82c10	0xa85270	0x16cebdc	rip-relative	gooey 
steam	shared-item-noun	0xa82c10	0xa85289	0x16cebd0	rip-relative	purulent 
steam	shared-item-noun	0xa82c10	0xa852a2	0x16cec10	rip-relative	ichorous 
steam	shared-item-noun	0xa82c10	0xa852bb	0x16cec08	rip-relative	bloody 
steam	shared-item-noun	0xa82c10	0xa852fa	0x16a6358	rip-relative	liquid
steam	shared-item-noun	0xa82c10	0xa8543c	0x16cebfc	rip-relative	 paste
steam	shared-item-noun	0xa82c10	0xa85491	0x16cebf4	rip-relative	glob
steam	shared-item-noun	0xa82c10	0xa85692	0x16ceb80	rip-relative	 laced with 
steam	shared-item-noun	0xa82c10	0xa85706	0x15e90d8	rip-relative	, 
steam	shared-item-noun	0xa82c10	0xa85716	0x15e9110	rip-relative	 and 
steam	shared-item-noun	0xa82c10	0xa8577b	0x16cec68	rip-relative	rotten 
steam	shared-item-noun	0xa82c10	0xa85818	0x16ceb70	rip-relative	 dye mix
steam	shared-item-noun	0xa82c10	0xa8583c	0x16ceb64	rip-relative	powder
steam	shared-item-noun	0xa82c10	0xa85896	0x16cec68	rip-relative	rotten 
steam	shared-item-noun	0xa82c10	0xa858b8	0x16ceb5c	rip-relative	cheese
steam	shared-item-noun	0xa82c10	0xa85940	0x16cebc0	rip-relative	catapult parts
steam	shared-item-noun	0xa82c10	0xa859b8	0x16ceba8	rip-relative	bolt thrower parts
steam	shared-item-noun	0xa82c10	0xa85a30	0x16ceb98	rip-relative	mechanisms
steam	shared-item-noun	0xa82c10	0xa85adf	0x16ceb90	rip-relative	tube
steam	shared-item-noun	0xa82c10	0xa85af9	0x16ceb10	rip-relative	pipe section
steam	shared-item-noun	0xa82c10	0xa85b97	0x16ceb00	rip-relative	trap component
steam	shared-item-noun	0xa82c10	0xa85bc8	0x15e873c	rip-relative	 
steam	shared-item-noun	0xa82c10	0xa85caa	0x16ceaf0	rip-relative	ballista parts
steam	shared-item-noun	0xa82c10	0xa85d22	0x16ceae8	rip-relative	anvil
steam	shared-item-noun	0xa82c10	0xa85d92	0x16ceb54	rip-relative	amulet
steam	shared-item-noun	0xa82c10	0xa85e02	0x16ceb40	rip-relative	ballista arrow head
steam	shared-item-noun	0xa82c10	0xa85ea9	0x16ceb30	rip-relative	siege ammo
steam	shared-item-noun	0xa82c10	0xa85ff3	0x16ceb20	rip-relative	ammunition
steam	shared-item-noun	0xa82c10	0xa8606b	0x16ceaa8	rip-relative	scepter
steam	shared-item-noun	0xa82c10	0xa860db	0x16cea9c	rip-relative	crown
steam	shared-item-noun	0xa82c10	0xa86145	0x16cea94	rip-relative	coin
steam	shared-item-noun	0xa82c10	0xa86164	0x16cea88	rip-relative	perfect 
steam	shared-item-noun	0xa82c10	0xa86173	0x164a2c8	rip-relative	large 
steam	shared-item-noun	0xa82c10	0xa8625b	0x16cead8	rip-relative	green glass 
steam	shared-item-noun	0xa82c10	0xa86271	0x16ceac8	rip-relative	clear glass 
steam	shared-item-noun	0xa82c10	0xa86287	0x16ceab8	rip-relative	crystal glass 
steam	shared-item-noun	0xa82c10	0xa862a3	0x16158fc	rip-relative	gem
steam	shared-item-noun	0xa82c10	0xa8635b	0x16ceab0	rip-relative	 gem
steam	shared-item-noun	0xa82c10	0xa86436	0x16cea50	rip-relative	ring
steam	shared-item-noun	0xa82c10	0xa864a6	0x16cea48	rip-relative	earring
steam	shared-item-noun	0xa82c10	0xa86516	0x16cea38	rip-relative	bracelet
steam	shared-item-noun	0xa82c10	0xa86586	0x162fdb0	rip-relative	bed
steam	shared-item-noun	0xa82c10	0xa865f6	0x16cea28	rip-relative	traction bench
steam	shared-item-noun	0xa82c10	0xa86666	0x16cea7c	rip-relative	quern
steam	shared-item-noun	0xa82c10	0xa866d6	0x16cea70	rip-relative	millstone
steam	shared-item-noun	0xa82c10	0xa86746	0x16cea64	rip-relative	statue
steam	shared-item-noun	0xa82c10	0xa86852	0x16cea58	rip-relative	memorial
steam	shared-item-noun	0xa82c10	0xa86866	0x16ce9a0	rip-relative	food imports sign
steam	shared-item-noun	0xa82c10	0xa8687a	0x16ce988	rip-relative	clothing imports sign
steam	shared-item-noun	0xa82c10	0xa8688e	0x16ce970	rip-relative	general imports sign
steam	shared-item-noun	0xa82c10	0xa868a2	0x16ce960	rip-relative	cloth shop sign
steam	shared-item-noun	0xa82c10	0xa868b6	0x16cea10	rip-relative	leather shop sign
steam	shared-item-noun	0xa82c10	0xa868ca	0x16ce9f0	rip-relative	woven clothing shop sign
steam	shared-item-noun	0xa82c10	0xa868de	0x16ce9d0	rip-relative	leather clothing shop sign
steam	shared-item-noun	0xa82c10	0xa868f2	0x16ce9b8	rip-relative	bone carver's shop sign
steam	shared-item-noun	0xa82c10	0xa86906	0x16cf090	rip-relative	gem cutter's shop sign
steam	shared-item-noun	0xa82c10	0xa8691a	0x16cf078	rip-relative	weaponsmith's shop sign
steam	shared-item-noun	0xa82c10	0xa8692e	0x16cf060	rip-relative	bowyer's shop sign
steam	shared-item-noun	0xa82c10	0xa86942	0x16cf048	rip-relative	blacksmith's shop sign
steam	shared-item-noun	0xa82c10	0xa86956	0x16cf0f0	rip-relative	armorsmith's shop sign
steam	shared-item-noun	0xa82c10	0xa8696a	0x16cf0d8	rip-relative	metal craft shop sign
steam	shared-item-noun	0xa82c10	0xa8697e	0x16cf0c0	rip-relative	leather goods shop sign
steam	shared-item-noun	0xa82c10	0xa86992	0x16cf0a8	rip-relative	carpenter's shop sign
steam	shared-item-noun	0xa82c10	0xa869a6	0x16ceff8	rip-relative	stone furniture shop sign
steam	shared-item-noun	0xa82c10	0xa869ba	0x16cefd8	rip-relative	metal furniture shop sign
steam	shared-item-noun	0xa82c10	0xa869ce	0x16cefc8	rip-relative	tavern sign
steam	shared-item-noun	0xa82c10	0xa869e2	0x16cefbc	rip-relative	slab
steam	shared-item-noun	0xa82c10	0xa869f6	0x16cefbc	rip-relative	slab
steam	shared-item-noun	0xa82c10	0xa86a14	0x16cec68	rip-relative	rotten 
steam	shared-item-noun	0xa82c10	0xa86a29	0x16cf03c	rip-relative	corpse
steam	shared-item-noun	0xa82c10	0xa86a47	0x16cec68	rip-relative	rotten 
steam	shared-item-noun	0xa82c10	0xa86a6b	0x16158cc	rip-relative	tooth
steam	shared-item-noun	0xa82c10	0xa86a7c	0x16cf034	rip-relative	teeth
steam	shared-item-noun	0xa82c10	0xa86a91	0x16158c4	rip-relative	bone
steam	shared-item-noun	0xa82c10	0xa86aa9	0x16158bc	rip-relative	shell
steam	shared-item-noun	0xa82c10	0xa86ac1	0x16cf028	rip-relative	plant part
steam	shared-item-noun	0xa82c10	0xa86ad9	0x16cf018	rip-relative	silk body part
steam	shared-item-noun	0xa82c10	0xa86af1	0x16cef70	rip-relative	leather body part
steam	shared-item-noun	0xa82c10	0xa86b09	0x16cef58	rip-relative	wooden body part
steam	shared-item-noun	0xa82c10	0xa86b23	0x16cef48	rip-relative	soap body part
steam	shared-item-noun	0xa82c10	0xa86b3d	0x16158e4	rip-relative	horn
steam	shared-item-noun	0xa82c10	0xa86b57	0x16158dc	rip-relative	pearl
steam	shared-item-noun	0xa82c10	0xa86b71	0x16cef38	rip-relative	yarn body part
steam	shared-item-noun	0xa82c10	0xa86b89	0x16cefa8	rip-relative	strand body part
steam	shared-item-noun	0xa82c10	0xa86b92	0x1681050	rip-relative	body part
steam	shared-item-noun	0xa82c10	0xa86bbb	0x16cefa0	rip-relative	Rotten 
steam	shared-item-noun	0xa82c10	0xa86d22	0x167f0c0	rip-relative	remains
steam	shared-item-noun	0xa82c10	0xa86d81	0x16cef94	rip-relative	seeds
steam	shared-item-noun	0xa82c10	0xa86df2	0x16cef88	rip-relative	withered 
steam	shared-item-noun	0xa82c10	0xa86e66	0x16ceee0	rip-relative	leaves and fruit
steam	shared-item-noun	0xa82c10	0xa86e77	0x16ceed0	rip-relative	leaf or fruit
steam	shared-item-noun	0xa82c10	0xa86eaa	0x16cef88	rip-relative	withered 
steam	shared-item-noun	0xa82c10	0xa86efd	0x1614d54	rip-relative	plant
steam	shared-item-noun	0xa82c10	0xa86f16	0x15e9298	rip-relative	s
steam	shared-item-noun	0xa82c10	0xa86f3c	0x16cec68	rip-relative	rotten 
steam	shared-item-noun	0xa82c10	0xa86f54	0x16ceec8	rip-relative	raw 
steam	shared-item-noun	0xa82c10	0xa870d5	0x15e90d8	rip-relative	, 
steam	shared-item-noun	0xa82c10	0xa870eb	0x15e90d8	rip-relative	, 
steam	shared-item-noun	0xa82c10	0xa87104	0x16a11f0	rip-relative	fish
steam	shared-item-noun	0xa82c10	0xa8712a	0x16cec68	rip-relative	rotten 
steam	shared-item-noun	0xa82c10	0xa87251	0x15e873c	rip-relative	 
steam	shared-item-noun	0xa82c10	0xa87266	0x16ceec4	rip-relative	egg
steam	shared-item-noun	0xa82c10	0xa8728c	0x16cec68	rip-relative	rotten 
steam	shared-item-noun	0xa82c10	0xa8738b	0x16a11f0	rip-relative	fish
steam	shared-item-noun	0xa82c10	0xa873a8	0x16cef2c	rip-relative	live 
steam	shared-item-noun	0xa82c10	0xa873e1	0x16cef18	rip-relative	small live animal
steam	shared-item-noun	0xa82c10	0xa873fb	0x16cef0c	rip-relative	tame 
steam	shared-item-noun	0xa82c10	0xa87404	0x16ceef8	rip-relative	small tame animal
steam	shared-item-noun	0xa82c10	0xa8741b	0x16cee88	rip-relative	prepared meal
steam	shared-item-noun	0xa82c10	0xa87435	0x16cec68	rip-relative	rotten 
steam	shared-item-noun	0xa82c10	0xa8744a	0x16cee78	rip-relative	preserved 
steam	shared-item-noun	0xa82c10	0xa8750c	0x16cee70	rip-relative	 chops
steam	shared-item-noun	0xa82c10	0xa8751d	0x16cee68	rip-relative	 chop
steam	shared-item-noun	0xa82c10	0xa87556	0x16ceebc	rip-relative	meat
steam	shared-item-noun	0xa82c10	0xa87570	0x16ceebc	rip-relative	meat
steam	shared-item-noun	0xa82c10	0xa87602	0x16c1ecc	rip-relative	weapon
steam	shared-item-noun	0xa82c10	0xa8763b	0x15e873c	rip-relative	 
steam	shared-item-noun	0xa82c10	0xa87767	0x16ceea8	rip-relative	suits of 
steam	shared-item-noun	0xa82c10	0xa87776	0x16c1ec4	rip-relative	armor
steam	shared-item-noun	0xa82c10	0xa877dc	0x15e873c	rip-relative	 
steam	shared-item-noun	0xa82c10	0xa87886	0x16ceeb4	rip-relative	chain 
steam	shared-item-noun	0xa82c10	0xa87995	0x163a34c	rip-relative	right 
steam	shared-item-noun	0xa82c10	0xa879b5	0x163a324	rip-relative	left 
steam	shared-item-noun	0xa82c10	0xa879fe	0x16ceeb4	rip-relative	chain 
steam	shared-item-noun	0xa82c10	0xa87a5f	0x15e873c	rip-relative	 
steam	shared-item-noun	0xa82c10	0xa87a73	0x16cee98	rip-relative	handwear
steam	shared-item-noun	0xa82c10	0xa87b17	0x16c1d74	rip-relative	shield
steam	shared-item-noun	0xa82c10	0xa87b36	0x16cee10	rip-relative	/buckler
steam	shared-item-noun	0xa82c10	0xa87b4a	0x16cee10	rip-relative	/buckler
steam	shared-item-noun	0xa82c10	0xa87c87	0x15e873c	rip-relative	 
steam	shared-item-noun	0xa82c10	0xa87cb7	0x16cee00	rip-relative	footwear
steam	shared-item-noun	0xa82c10	0xa87da8	0x16cedf0	rip-relative	headwear
steam	shared-item-noun	0xa82c10	0xa87dec	0x15e873c	rip-relative	 
steam	shared-item-noun	0xa82c10	0xa87ea8	0x16cede8	rip-relative	legwear
steam	shared-item-noun	0xa82c10	0xa87f2c	0x15e873c	rip-relative	 
steam	shared-item-noun	0xa82c10	0xa88046	0x15fcfe0	rip-relative	item
steam	shared-item-noun	0xa82c10	0xa88077	0x161bdcc	rip-relative	 [
steam	shared-item-noun	0xa82c10	0xa88097	0x15fd690	rip-relative	]
steam	item_toolst-title-with-article;item_weaponst-title-with-article;item_instrumentst-title-with-article	0xc653e0	0xc653f5	0x15e8e48	rip-relative	the 
steam	item_toolst-title-with-article;item_weaponst-title-with-article;item_instrumentst-title-with-article	0xc653e0	0xc6542b	0x15ed620	rip-relative	a 
steam	complete-item-designation	0xc65450	0xc656f4	0x16ee318	rip-relative	 (copy)
steam	item_toolst-title	0xca39f0	0xca3a6e	0x16ee3e8	rip-relative	Prepared Food
steam	item_toolst-title	0xca39f0	0xca3a94	0x16ee370	rip-relative	Seed
steam	item_toolst-title	0xca39f0	0xca3aba	0x16156e0	rip-relative	Plant
steam	item_toolst-title	0xca39f0	0xca3ae0	0x16ee368	rip-relative	Cheese
steam	item_toolst-title	0xca39f0	0xca3b06	0x1601d84	rip-relative	Fish
steam	item_toolst-title	0xca39f0	0xca3b2c	0x1601d8c	rip-relative	Meat
steam	item_toolst-title	0xca39f0	0xca3b52	0x16ee360	rip-relative	Spice
steam	item_toolst-title	0xca39f0	0xca3b78	0x16ee358	rip-relative	Mill
steam	item_toolst-title	0xca39f0	0xca3b9e	0x162a2a0	rip-relative	Fat
steam	item_toolst-title	0xca39f0	0xca3bc4	0x16ee348	rip-relative	Rendered Fat
steam	item_toolst-title	0xca39f0	0xca3bea	0x162a298	rip-relative	Paste
steam	item_toolst-title	0xca39f0	0xca3c10	0x16ee330	rip-relative	Pressed Material
steam	item_toolst-title	0xca39f0	0xca3ced	0x15e873c	rip-relative	 
steam	item_toolst-title	0xca39f0	0xca3e77	0x15edb24	rip-relative	's 
steam	item_toolst-title	0xca39f0	0xca3f0f	0x15e873c	rip-relative	 
steam	item_toolst-title	0xca39f0	0xca3f36	0x1789108	rip-relative	unknown material
steam	item_toolst-title	0xca39f0	0xca3f52	0x1615540	rip-relative	 (
steam	item_toolst-title	0xca39f0	0xca3f92	0x15e90d8	rip-relative	, 
steam	item_toolst-title	0xca39f0	0xca3fcb	0x1615580	rip-relative	)
steam	item_toolst-title	0xca39f0	0xca404a	0x15e873c	rip-relative	 
steam	item_toolst-title	0xca39f0	0xca41d8	0x15edb24	rip-relative	's 
steam	item_toolst-title	0xca39f0	0xca4270	0x15e873c	rip-relative	 
steam	item_toolst-title	0xca39f0	0xca4297	0x1789108	rip-relative	unknown material
steam	item_toolst-title	0xca39f0	0xca42b5	0x1615540	rip-relative	 (
steam	item_toolst-title	0xca39f0	0xca42f5	0x15e90d8	rip-relative	, 
steam	item_toolst-title	0xca39f0	0xca432e	0x1615580	rip-relative	)
steam	item_toolst-title	0xca39f0	0xca43b1	0x16ee324	rip-relative	 <#
steam	item_toolst-title	0xca39f0	0xca43d4	0x16ee320	rip-relative	>
steam	instrument-raw-writer	0xebe8a0	0xebe95d	0x1704c58	rip-relative	item_layer
steam	instrument-raw-writer	0xebe8a0	0xebe96e	0x1704c68	rip-relative	[OBJECT:ITEM]
steam	instrument-raw-writer	0xebe8a0	0xebeb66	0x1733794	rip-relative	INK
steam	instrument-raw-writer	0xebe8a0	0xebedd6	0x17337a8	rip-relative	_KEYBOARD
steam	instrument-raw-writer	0xebe8a0	0xebee00	0x1733798	rip-relative	[ITEM_TOOL:
steam	instrument-raw-writer	0xebe8a0	0xebee26	0x15fd690	rip-relative	]
steam	instrument-raw-writer	0xebe8a0	0xebee4a	0x16ab080	rip-relative	[GENERATED]
steam	instrument-raw-writer	0xebe8a0	0xebee66	0x17321f8	rip-relative	[SOURCE_HFID:
steam	instrument-raw-writer	0xebe8a0	0xebee8e	0x15fd690	rip-relative	]
steam	instrument-raw-writer	0xebe8a0	0xebeeca	0x1732208	rip-relative	[SOURCE_ENID:
steam	instrument-raw-writer	0xebe8a0	0xebeef2	0x15fd690	rip-relative	]
steam	instrument-raw-writer	0xebe8a0	0xebef23	0x1733768	rip-relative	[NO_DEFAULT_JOB]
steam	instrument-raw-writer	0xebe8a0	0xebef34	0x1733750	rip-relative	[INCOMPLETE_ITEM]
steam	instrument-raw-writer	0xebe8a0	0xebef45	0x173378c	rip-relative	[NAME:
steam	instrument-raw-writer	0xebe8a0	0xebef6b	0x1733780	rip-relative	 keyboard
steam	instrument-raw-writer	0xebe8a0	0xebef7e	0x1618434	rip-relative	:
steam	instrument-raw-writer	0xebe8a0	0xebefa4	0x1733848	rip-relative	 keyboards
steam	instrument-raw-writer	0xebe8a0	0xebefb7	0x15fd690	rip-relative	]
steam	instrument-raw-writer	0xebe8a0	0xebefdb	0x1733838	rip-relative	[VALUE:10]
steam	instrument-raw-writer	0xebe8a0	0xebefff	0x1733860	rip-relative	[TILE:155][UNIMPROVABLE]
steam	instrument-raw-writer	0xebe8a0	0xebf010	0x1733854	rip-relative	[SIZE:
steam	instrument-raw-writer	0xebe8a0	0xebf031	0x15fd690	rip-relative	]
steam	instrument-raw-writer	0xebe8a0	0xebf055	0x17337d0	rip-relative	[MATERIAL_SIZE:
steam	instrument-raw-writer	0xebe8a0	0xebf077	0x15fd690	rip-relative	]
steam	instrument-raw-writer	0xebe8a0	0xebf09b	0x17337b8	rip-relative	[DESCRIPTION:The 
steam	instrument-raw-writer	0xebe8a0	0xebf0c1	0x17337f0	rip-relative	 keyboard allows the musician to select the pitch of the instrument.]
steam	instrument-raw-writer	0xebe8a0	0xebf0f9	0x17337e0	rip-relative	_BODY
steam	instrument-raw-writer	0xebe8a0	0xebf123	0x1733798	rip-relative	[ITEM_TOOL:
steam	instrument-raw-writer	0xebe8a0	0xebf149	0x15fd690	rip-relative	]
steam	instrument-raw-writer	0xebe8a0	0xebf16d	0x16ab080	rip-relative	[GENERATED]
steam	instrument-raw-writer	0xebe8a0	0xebf189	0x17321f8	rip-relative	[SOURCE_HFID:
steam	instrument-raw-writer	0xebe8a0	0xebf1ac	0x15fd690	rip-relative	]
steam	instrument-raw-writer	0xebe8a0	0xebf1e3	0x1732208	rip-relative	[SOURCE_ENID:
steam	instrument-raw-writer	0xebe8a0	0xebf206	0x15fd690	rip-relative	]
steam	instrument-raw-writer	0xebe8a0	0xebf237	0x1733768	rip-relative	[NO_DEFAULT_JOB]
steam	instrument-raw-writer	0xebe8a0	0xebf248	0x1733750	rip-relative	[INCOMPLETE_ITEM]
steam	instrument-raw-writer	0xebe8a0	0xebf259	0x17338e0	rip-relative	[UNIMPROVABLE]
steam	instrument-raw-writer	0xebe8a0	0xebf26a	0x173378c	rip-relative	[NAME:
steam	instrument-raw-writer	0xebe8a0	0xebf2ac	0x17338d0	rip-relative	 console
steam	instrument-raw-writer	0xebe8a0	0xebf2be	0x172a0a4	rip-relative	 body
steam	instrument-raw-writer	0xebe8a0	0xebf2ca	0x17338fc	rip-relative	 case
steam	instrument-raw-writer	0xebe8a0	0xebf2d7	0x1705888	rip-relative	 chest
steam	instrument-raw-writer	0xebe8a0	0xebf2ea	0x1618434	rip-relative	:
steam	instrument-raw-writer	0xebe8a0	0xebf321	0x17338f0	rip-relative	 consoles
steam	instrument-raw-writer	0xebe8a0	0xebf333	0x1733880	rip-relative	 bodies
steam	instrument-raw-writer	0xebe8a0	0xebf33f	0x17338c8	rip-relative	 cases
steam	instrument-raw-writer	0xebe8a0	0xebf34c	0x1733888	rip-relative	 chests
steam	instrument-raw-writer	0xebe8a0	0xebf35f	0x15fd690	rip-relative	]
steam	instrument-raw-writer	0xebe8a0	0xebf383	0x1733838	rip-relative	[VALUE:10]
steam	instrument-raw-writer	0xebe8a0	0xebf3a7	0x1733860	rip-relative	[TILE:155][UNIMPROVABLE]
steam	instrument-raw-writer	0xebe8a0	0xebf3b8	0x1733854	rip-relative	[SIZE:
steam	instrument-raw-writer	0xebe8a0	0xebf3d9	0x15fd690	rip-relative	]
steam	instrument-raw-writer	0xebe8a0	0xebf3fd	0x17337d0	rip-relative	[MATERIAL_SIZE:
steam	instrument-raw-writer	0xebe8a0	0xebf41f	0x15fd690	rip-relative	]
steam	instrument-raw-writer	0xebe8a0	0xebf443	0x17337b8	rip-relative	[DESCRIPTION:The 
steam	instrument-raw-writer	0xebe8a0	0xebf47a	0x17338d0	rip-relative	 console
steam	instrument-raw-writer	0xebe8a0	0xebf48c	0x172a0a4	rip-relative	 body
steam	instrument-raw-writer	0xebe8a0	0xebf49c	0x17338fc	rip-relative	 case
steam	instrument-raw-writer	0xebe8a0	0xebf4a9	0x1705888	rip-relative	 chest
steam	instrument-raw-writer	0xebe8a0	0xebf4c2	0x1733890	rip-relative	 is the housing for the workings of the instrument.]
steam	instrument-raw-writer	0xebe8a0	0xebf516	0x1733974	rip-relative	_VIB
steam	instrument-raw-writer	0xebe8a0	0xebf539	0x1733798	rip-relative	[ITEM_TOOL:
steam	instrument-raw-writer	0xebe8a0	0xebf55f	0x15fd690	rip-relative	]
steam	instrument-raw-writer	0xebe8a0	0xebf583	0x16ab080	rip-relative	[GENERATED]
steam	instrument-raw-writer	0xebe8a0	0xebf59f	0x17321f8	rip-relative	[SOURCE_HFID:
steam	instrument-raw-writer	0xebe8a0	0xebf5c2	0x15fd690	rip-relative	]
steam	instrument-raw-writer	0xebe8a0	0xebf5f9	0x1732208	rip-relative	[SOURCE_ENID:
steam	instrument-raw-writer	0xebe8a0	0xebf61c	0x15fd690	rip-relative	]
steam	instrument-raw-writer	0xebe8a0	0xebf64d	0x1733768	rip-relative	[NO_DEFAULT_JOB]
steam	instrument-raw-writer	0xebe8a0	0xebf65e	0x1733750	rip-relative	[INCOMPLETE_ITEM]
steam	instrument-raw-writer	0xebe8a0	0xebf66f	0x17338e0	rip-relative	[UNIMPROVABLE]
steam	instrument-raw-writer	0xebe8a0	0xebf680	0x173378c	rip-relative	[NAME:
steam	instrument-raw-writer	0xebe8a0	0xebf6b4	0x1733968	rip-relative	 strings
steam	instrument-raw-writer	0xebe8a0	0xebf6bd	0x1733984	rip-relative	 bells
steam	instrument-raw-writer	0xebe8a0	0xebf6c7	0x173397c	rip-relative	 pipes
steam	instrument-raw-writer	0xebe8a0	0xebf6de	0x1618434	rip-relative	:
steam	instrument-raw-writer	0xebe8a0	0xebf708	0x1733968	rip-relative	 strings
steam	instrument-raw-writer	0xebe8a0	0xebf711	0x1733984	rip-relative	 bells
steam	instrument-raw-writer	0xebe8a0	0xebf71b	0x173397c	rip-relative	 pipes
steam	instrument-raw-writer	0xebe8a0	0xebf732	0x15fd690	rip-relative	]
steam	instrument-raw-writer	0xebe8a0	0xebf756	0x1733838	rip-relative	[VALUE:10]
steam	instrument-raw-writer	0xebe8a0	0xebf785	0x1733860	rip-relative	[TILE:155][UNIMPROVABLE]
steam	instrument-raw-writer	0xebe8a0	0xebf796	0x1733854	rip-relative	[SIZE:
steam	instrument-raw-writer	0xebe8a0	0xebf7b8	0x15fd690	rip-relative	]
steam	instrument-raw-writer	0xebe8a0	0xebf7dc	0x17337d0	rip-relative	[MATERIAL_SIZE:
steam	instrument-raw-writer	0xebe8a0	0xebf7fe	0x15fd690	rip-relative	]
steam	instrument-raw-writer	0xebe8a0	0xebf822	0x17337b8	rip-relative	[DESCRIPTION:The 
steam	instrument-raw-writer	0xebe8a0	0xebf84c	0x1733968	rip-relative	 strings
steam	instrument-raw-writer	0xebe8a0	0xebf855	0x1733984	rip-relative	 bells
steam	instrument-raw-writer	0xebe8a0	0xebf85f	0x173397c	rip-relative	 pipes
steam	instrument-raw-writer	0xebe8a0	0xebf876	0x1733918	rip-relative	 vibrate, producing the sound of the instrument.]
steam	instrument-raw-writer	0xebe8a0	0xebf8df	0x1733908	rip-relative	_BELLOWS
steam	instrument-raw-writer	0xebe8a0	0xebf902	0x1733798	rip-relative	[ITEM_TOOL:
steam	instrument-raw-writer	0xebe8a0	0xebf928	0x15fd690	rip-relative	]
steam	instrument-raw-writer	0xebe8a0	0xebf94c	0x16ab080	rip-relative	[GENERATED]
steam	instrument-raw-writer	0xebe8a0	0xebf968	0x17321f8	rip-relative	[SOURCE_HFID:
steam	instrument-raw-writer	0xebe8a0	0xebf98b	0x15fd690	rip-relative	]
steam	instrument-raw-writer	0xebe8a0	0xebf9c2	0x1732208	rip-relative	[SOURCE_ENID:
steam	instrument-raw-writer	0xebe8a0	0xebf9e5	0x15fd690	rip-relative	]
steam	instrument-raw-writer	0xebe8a0	0xebfa16	0x1733768	rip-relative	[NO_DEFAULT_JOB]
steam	instrument-raw-writer	0xebe8a0	0xebfa27	0x1733750	rip-relative	[INCOMPLETE_ITEM]
steam	instrument-raw-writer	0xebe8a0	0xebfa38	0x17338e0	rip-relative	[UNIMPROVABLE]
steam	instrument-raw-writer	0xebe8a0	0xebfa49	0x173378c	rip-relative	[NAME:
steam	instrument-raw-writer	0xebe8a0	0xebfa6f	0x173395c	rip-relative	 pump
steam	instrument-raw-writer	0xebe8a0	0xebfa79	0x1733950	rip-relative	 bellows
steam	instrument-raw-writer	0xebe8a0	0xebfa93	0x1618434	rip-relative	:
steam	instrument-raw-writer	0xebe8a0	0xebfac8	0x15fd690	rip-relative	]
steam	instrument-raw-writer	0xebe8a0	0xebfaec	0x1733838	rip-relative	[VALUE:10]
steam	instrument-raw-writer	0xebe8a0	0xebfb1c	0x1733860	rip-relative	[TILE:155][UNIMPROVABLE]
steam	instrument-raw-writer	0xebe8a0	0xebfb2d	0x1733854	rip-relative	[SIZE:
steam	instrument-raw-writer	0xebe8a0	0xebfb50	0x15fd690	rip-relative	]
steam	instrument-raw-writer	0xebe8a0	0xebfb74	0x17337d0	rip-relative	[MATERIAL_SIZE:
steam	instrument-raw-writer	0xebe8a0	0xebfb96	0x15fd690	rip-relative	]
steam	instrument-raw-writer	0xebe8a0	0xebfbba	0x17337b8	rip-relative	[DESCRIPTION:The 
steam	instrument-raw-writer	0xebe8a0	0xebfbea	0x1733a28	rip-relative	 pump is used to supply air to the instrument.]
steam	instrument-raw-writer	0xebe8a0	0xebfbf3	0x17339f0	rip-relative	 bellows is used to send air through the instrument.]
steam	instrument-raw-writer	0xebe8a0	0xebfc1c	0x1733a68	rip-relative	[ITEM_INSTRUMENT:
steam	instrument-raw-writer	0xebe8a0	0xebfc42	0x15fd690	rip-relative	]
steam	instrument-raw-writer	0xebe8a0	0xebfc66	0x16ab080	rip-relative	[GENERATED]
steam	instrument-raw-writer	0xebe8a0	0xebfc7d	0x17321f8	rip-relative	[SOURCE_HFID:
steam	instrument-raw-writer	0xebe8a0	0xebfca0	0x15fd690	rip-relative	]
steam	instrument-raw-writer	0xebe8a0	0xebfcd7	0x1732208	rip-relative	[SOURCE_ENID:
steam	instrument-raw-writer	0xebe8a0	0xebfcfa	0x15fd690	rip-relative	]
steam	instrument-raw-writer	0xebe8a0	0xebfd2b	0x173378c	rip-relative	[NAME:
steam	instrument-raw-writer	0xebe8a0	0xebfd51	0x1618434	rip-relative	:
steam	instrument-raw-writer	0xebe8a0	0xebfd77	0x15fd690	rip-relative	]
steam	instrument-raw-writer	0xebe8a0	0xebfd9b	0x1733a58	rip-relative	[VALUE:50]
steam	instrument-raw-writer	0xebe8a0	0xebfdac	0x1733854	rip-relative	[SIZE:
steam	instrument-raw-writer	0xebe8a0	0xebfdcd	0x15fd690	rip-relative	]
steam	instrument-raw-writer	0xebe8a0	0xebfdf9	0x17339b0	rip-relative	[PLACED_AS_BUILDING]
steam	instrument-raw-writer	0xebe8a0	0xebfe0a	0x1733990	rip-relative	[DOMINANT_MATERIAL_PIECE:BODY]
steam	instrument-raw-writer	0xebe8a0	0xebfe1b	0x17339d8	rip-relative	[INSTRUMENT_PIECE:
steam	instrument-raw-writer	0xebe8a0	0xebfe2e	0x17339c8	rip-relative	KEYBOARD:
steam	instrument-raw-writer	0xebe8a0	0xebfe54	0x1733ac8	rip-relative	:keyboard:keyboards
steam	instrument-raw-writer	0xebe8a0	0xebfe67	0x1733ab8	rip-relative	:STANDARD]
steam	instrument-raw-writer	0xebe8a0	0xebfe8b	0x17339d8	rip-relative	[INSTRUMENT_PIECE:
steam	instrument-raw-writer	0xebe8a0	0xebfe9e	0x1733af4	rip-relative	BODY:
steam	instrument-raw-writer	0xebe8a0	0xebfedb	0x1733ae0	rip-relative	:console:consoles
steam	instrument-raw-writer	0xebe8a0	0xebfefa	0x1733a80	rip-relative	:body:bodies
steam	instrument-raw-writer	0xebe8a0	0xebff06	0x1733ab8	rip-relative	:STANDARD]
steam	instrument-raw-writer	0xebe8a0	0xebff12	0x1733aa8	rip-relative	:case:cases
steam	instrument-raw-writer	0xebe8a0	0xebff1e	0x1733ab8	rip-relative	:STANDARD]
steam	instrument-raw-writer	0xebe8a0	0xebff44	0x1733a90	rip-relative	:chest:chests
steam	instrument-raw-writer	0xebe8a0	0xebff57	0x1733ab8	rip-relative	:STANDARD]
steam	instrument-raw-writer	0xebe8a0	0xebff84	0x17339d8	rip-relative	[INSTRUMENT_PIECE:
steam	instrument-raw-writer	0xebe8a0	0xebff97	0x1733aa0	rip-relative	VIB:
steam	instrument-raw-writer	0xebe8a0	0xebffc1	0x1733010	rip-relative	:strings:strings
steam	instrument-raw-writer	0xebe8a0	0xebffcd	0x1733000	rip-relative	:bells:bells
steam	instrument-raw-writer	0xebe8a0	0xebffd6	0x1733038	rip-relative	:pipes:pipes
steam	instrument-raw-writer	0xebe8a0	0xebffe9	0x1733028	rip-relative	:ALWAYS_PLURAL]
steam	instrument-raw-writer	0xebe8a0	0xec001a	0x17339d8	rip-relative	[INSTRUMENT_PIECE:
steam	instrument-raw-writer	0xebe8a0	0xec002d	0x1732fc8	rip-relative	BELLOWS:
steam	instrument-raw-writer	0xebe8a0	0xec005d	0x1732fb8	rip-relative	:pump:pumps
steam	instrument-raw-writer	0xebe8a0	0xec0066	0x1732fe8	rip-relative	:bellows:bellows
steam	instrument-raw-writer	0xebe8a0	0xec0072	0x1733ab8	rip-relative	:STANDARD]
steam	instrument-raw-writer	0xebe8a0	0xec00da	0x1732fd8	rip-relative	[PITCH_RANGE:
steam	instrument-raw-writer	0xebe8a0	0xec00fc	0x1618434	rip-relative	:
steam	instrument-raw-writer	0xebe8a0	0xec011d	0x15fd690	rip-relative	]
steam	instrument-raw-writer	0xebe8a0	0xec0169	0x1733118	rip-relative	[SOUND_PRODUCTION:PLUCKED:BODY:VIB]
steam	instrument-raw-writer	0xebe8a0	0xec0180	0x17330f0	rip-relative	[SOUND_PRODUCTION:STRUCK:BODY:VIB]
steam	instrument-raw-writer	0xebe8a0	0xec019b	0x17330f0	rip-relative	[SOUND_PRODUCTION:STRUCK:BODY:VIB]
steam	instrument-raw-writer	0xebe8a0	0xec01b7	0x1733170	rip-relative	[SOUND_PRODUCTION:AIR_OVER_FREE_REED:BELLOWS:BODY]
steam	instrument-raw-writer	0xebe8a0	0xec01e2	0x1733140	rip-relative	[SOUND_PRODUCTION:AIR_OVER_REED:BELLOWS:VIB]
steam	instrument-raw-writer	0xebe8a0	0xec0204	0x1733080	rip-relative	[SOUND_PRODUCTION:AIR_OVER_FREE_REED:BELLOWS:VIB]
steam	instrument-raw-writer	0xebe8a0	0xec0242	0x1733140	rip-relative	[SOUND_PRODUCTION:AIR_OVER_REED:BELLOWS:VIB]
steam	instrument-raw-writer	0xebe8a0	0xec0264	0x1733080	rip-relative	[SOUND_PRODUCTION:AIR_OVER_FREE_REED:BELLOWS:VIB]
steam	instrument-raw-writer	0xebe8a0	0xec028c	0x1733048	rip-relative	[SOUND_PRODUCTION:AIR_AGAINST_FIPPLE:BELLOWS:VIB]
steam	instrument-raw-writer	0xebe8a0	0xec02a2	0x17330e0	rip-relative	[VOLUME_mB:
steam	instrument-raw-writer	0xebe8a0	0xec02ce	0x1618434	rip-relative	:
steam	instrument-raw-writer	0xebe8a0	0xec02f2	0x15fd690	rip-relative	]
steam	instrument-raw-writer	0xebe8a0	0xec0316	0x17330b8	rip-relative	[PITCH_CHOICE:KEYBOARD:KEYBOARD]
steam	instrument-raw-writer	0xebe8a0	0xec0347	0x1733220	rip-relative	[PITCH_CHOICE:FOOT_PEDALS:VIB:BODY]
steam	instrument-raw-writer	0xebe8a0	0xec03a3	0x17331f8	rip-relative	[MUSIC_SKILL:PLAY_KEYBOARD_INSTRUMENT]
steam	instrument-raw-writer	0xebe8a0	0xec03b4	0x1733258	rip-relative	[DESCRIPTION:
steam	instrument-raw-writer	0xebe8a0	0xec03d4	0x15ed9bc	rip-relative	The 
steam	instrument-raw-writer	0xebe8a0	0xec03fa	0x1649b7c	rip-relative	 is a 
steam	instrument-raw-writer	0xebe8a0	0xec0415	0x1733248	rip-relative	huge stationary
steam	instrument-raw-writer	0xebe8a0	0xec0426	0x17331b8	rip-relative	large stationary
steam	instrument-raw-writer	0xebe8a0	0xec0437	0x17331a8	rip-relative	large hand-held
steam	instrument-raw-writer	0xebe8a0	0xec0448	0x17331e0	rip-relative	mid-size hand-held
steam	instrument-raw-writer	0xebe8a0	0xec0457	0x17331d0	rip-relative	small hand-held
steam	instrument-raw-writer	0xebe8a0	0xec0460	0x1733320	rip-relative	tiny hand-held
steam	instrument-raw-writer	0xebe8a0	0xec0473	0x15e873c	rip-relative	 
steam	instrument-raw-writer	0xebe8a0	0xec0495	0x1733308	rip-relative	 musical instrument
steam	instrument-raw-writer	0xebe8a0	0xec04bd	0x1733378	rip-relative	 which uses a 
steam	instrument-raw-writer	0xebe8a0	0xec04e9	0x1733330	rip-relative	 pump to send water into a chamber, ultimately supplying air to blow
steam	instrument-raw-writer	0xebe8a0	0xec04f2	0x1733280	rip-relative	 bellows to pressurize air, ultimately blowing it
steam	instrument-raw-writer	0xebe8a0	0xec04fe	0x1733268	rip-relative	 through any of 
steam	instrument-raw-writer	0xebe8a0	0xec0541	0x15e873c	rip-relative	 
steam	instrument-raw-writer	0xebe8a0	0xec0563	0x17332f8	rip-relative	 pipes.  
steam	instrument-raw-writer	0xebe8a0	0xec0576	0x17332b8	rip-relative	The musician directs air through chosen pipes by playing a 
steam	instrument-raw-writer	0xebe8a0	0xec0598	0x1733780	rip-relative	 keyboard
steam	instrument-raw-writer	0xebe8a0	0xec05b0	0x1733490	rip-relative	 and a pedalboard
steam	instrument-raw-writer	0xebe8a0	0xec05c3	0x15fd968	rip-relative	.  
steam	instrument-raw-writer	0xebe8a0	0xec05ec	0x1733440	rip-relative	The instrument has flue pipes and both single reed and free reed pipes.  
steam	instrument-raw-writer	0xebe8a0	0xec05f5	0x17334d8	rip-relative	The instrument has both single reed and free reed pipes.  
steam	instrument-raw-writer	0xebe8a0	0xec0603	0x17333b0	rip-relative	The instrument has flue pipes and free reed pipes.  
steam	instrument-raw-writer	0xebe8a0	0xec060c	0x1733388	rip-relative	All of the pipes are single reed.  
steam	instrument-raw-writer	0xebe8a0	0xec0626	0x17334a8	rip-relative	The instrument has flue pipes and reed pipes.  
steam	instrument-raw-writer	0xebe8a0	0xec062f	0x1733410	rip-relative	All of the pipes are free reed.  
steam	instrument-raw-writer	0xebe8a0	0xec063d	0x17333e8	rip-relative	All of the pipes are flue pipes.  
steam	instrument-raw-writer	0xebe8a0	0xec0684	0x1733590	rip-relative	.  The musician uses a 
steam	instrument-raw-writer	0xebe8a0	0xec06a6	0x1733560	rip-relative	 bellows to send air over interior reeds.  
steam	instrument-raw-writer	0xebe8a0	0xec06b9	0x17335b8	rip-relative	The desired pitch is selected using a 
steam	instrument-raw-writer	0xebe8a0	0xec06db	0x17335a8	rip-relative	 keyboard.  
steam	instrument-raw-writer	0xebe8a0	0xec070b	0x1733528	rip-relative	 which houses 
steam	instrument-raw-writer	0xebe8a0	0xec0752	0x15e873c	rip-relative	 
steam	instrument-raw-writer	0xebe8a0	0xec0774	0x1733518	rip-relative	 strings.  
steam	instrument-raw-writer	0xebe8a0	0xec0787	0x1733548	rip-relative	The musician uses a 
steam	instrument-raw-writer	0xebe8a0	0xec07a9	0x1733538	rip-relative	 keyboard 
steam	instrument-raw-writer	0xebe8a0	0xec07c1	0x1733690	rip-relative	and a pedalboard 
steam	instrument-raw-writer	0xebe8a0	0xec07d4	0x1733668	rip-relative	to select which of these strings are 
steam	instrument-raw-writer	0xebe8a0	0xec07f3	0x17336b8	rip-relative	plucked.  
steam	instrument-raw-writer	0xebe8a0	0xec07fc	0x17336a8	rip-relative	struck.  
steam	instrument-raw-writer	0xebe8a0	0xec081e	0x17335f8	rip-relative	The musician cannot control the volume.  
steam	instrument-raw-writer	0xebe8a0	0xec0850	0x17335e0	rip-relative	 above which hang 
steam	instrument-raw-writer	0xebe8a0	0xec0892	0x15e873c	rip-relative	 
steam	instrument-raw-writer	0xebe8a0	0xec08b4	0x1733658	rip-relative	 bells.  
steam	instrument-raw-writer	0xebe8a0	0xec08c7	0x1733548	rip-relative	The musician uses a 
steam	instrument-raw-writer	0xebe8a0	0xec08e9	0x1733538	rip-relative	 keyboard 
steam	instrument-raw-writer	0xebe8a0	0xec0901	0x1733690	rip-relative	and a pedalboard 
steam	instrument-raw-writer	0xebe8a0	0xec0914	0x1733628	rip-relative	to select which of these bells are struck.  
steam	instrument-raw-writer	0xebe8a0	0xec09d3	0x15fd690	rip-relative	]
steam	instrument-raw-writer	0xebe8a0	0xec0c7b	0x173373c	rip-relative	INS
steam	instrument-raw-writer	0xebe8a0	0xec0e4f	0x1734484	rip-relative	_YOKE
steam	instrument-raw-writer	0xebe8a0	0xec0e85	0x17337e0	rip-relative	_BODY
steam	instrument-raw-writer	0xebe8a0	0xec0ecb	0x1733798	rip-relative	[ITEM_TOOL:
steam	instrument-raw-writer	0xebe8a0	0xec0ef1	0x15fd690	rip-relative	]
steam	instrument-raw-writer	0xebe8a0	0xec0f15	0x16ab080	rip-relative	[GENERATED]
steam	instrument-raw-writer	0xebe8a0	0xec0f31	0x17321f8	rip-relative	[SOURCE_HFID:
steam	instrument-raw-writer	0xebe8a0	0xec0f59	0x15fd690	rip-relative	]
steam	instrument-raw-writer	0xebe8a0	0xec0f95	0x1732208	rip-relative	[SOURCE_ENID:
steam	instrument-raw-writer	0xebe8a0	0xec0fbd	0x15fd690	rip-relative	]
steam	instrument-raw-writer	0xebe8a0	0xec0fee	0x1733768	rip-relative	[NO_DEFAULT_JOB]
steam	instrument-raw-writer	0xebe8a0	0xec0fff	0x1733750	rip-relative	[INCOMPLETE_ITEM]
steam	instrument-raw-writer	0xebe8a0	0xec1010	0x17338e0	rip-relative	[UNIMPROVABLE]
steam	instrument-raw-writer	0xebe8a0	0xec1021	0x173378c	rip-relative	[NAME:
steam	instrument-raw-writer	0xebe8a0	0xec1047	0x173447c	rip-relative	 yoke
steam	instrument-raw-writer	0xebe8a0	0xec105a	0x1618434	rip-relative	:
steam	instrument-raw-writer	0xebe8a0	0xec1080	0x1734498	rip-relative	 yokes
steam	instrument-raw-writer	0xebe8a0	0xec1093	0x15fd690	rip-relative	]
steam	instrument-raw-writer	0xebe8a0	0xec10b7	0x1733838	rip-relative	[VALUE:10]
steam	instrument-raw-writer	0xebe8a0	0xec10db	0x1733860	rip-relative	[TILE:155][UNIMPROVABLE]
steam	instrument-raw-writer	0xebe8a0	0xec10ec	0x1733854	rip-relative	[SIZE:
steam	instrument-raw-writer	0xebe8a0	0xec110d	0x15fd690	rip-relative	]
steam	instrument-raw-writer	0xebe8a0	0xec1131	0x17337d0	rip-relative	[MATERIAL_SIZE:
steam	instrument-raw-writer	0xebe8a0	0xec1152	0x15fd690	rip-relative	]
steam	instrument-raw-writer	0xebe8a0	0xec1176	0x1734300	rip-relative	[DESCRIPTION:The strings of the instrument are attached to the 
steam	instrument-raw-writer	0xebe8a0	0xec119c	0x1734490	rip-relative	 yoke.]
steam	instrument-raw-writer	0xebe8a0	0xec11c0	0x1733798	rip-relative	[ITEM_TOOL:
steam	instrument-raw-writer	0xebe8a0	0xec11e6	0x15fd690	rip-relative	]
steam	instrument-raw-writer	0xebe8a0	0xec120a	0x16ab080	rip-relative	[GENERATED]
steam	instrument-raw-writer	0xebe8a0	0xec1226	0x17321f8	rip-relative	[SOURCE_HFID:
steam	instrument-raw-writer	0xebe8a0	0xec1249	0x15fd690	rip-relative	]
steam	instrument-raw-writer	0xebe8a0	0xec1280	0x1732208	rip-relative	[SOURCE_ENID:
steam	instrument-raw-writer	0xebe8a0	0xec12a3	0x15fd690	rip-relative	]
steam	instrument-raw-writer	0xebe8a0	0xec12d4	0x1733768	rip-relative	[NO_DEFAULT_JOB]
steam	instrument-raw-writer	0xebe8a0	0xec12e5	0x1733750	rip-relative	[INCOMPLETE_ITEM]
steam	instrument-raw-writer	0xebe8a0	0xec12f6	0x17338e0	rip-relative	[UNIMPROVABLE]
steam	instrument-raw-writer	0xebe8a0	0xec1307	0x173378c	rip-relative	[NAME:
steam	instrument-raw-writer	0xebe8a0	0xec132d	0x1734418	rip-relative	 sound-chest
steam	instrument-raw-writer	0xebe8a0	0xec1340	0x1618434	rip-relative	:
steam	instrument-raw-writer	0xebe8a0	0xec1366	0x1734408	rip-relative	 sound-chests
steam	instrument-raw-writer	0xebe8a0	0xec1379	0x15fd690	rip-relative	]
steam	instrument-raw-writer	0xebe8a0	0xec139d	0x1733838	rip-relative	[VALUE:10]
steam	instrument-raw-writer	0xebe8a0	0xec13c1	0x1733860	rip-relative	[TILE:155][UNIMPROVABLE]
steam	instrument-raw-writer	0xebe8a0	0xec13d2	0x1733854	rip-relative	[SIZE:
steam	instrument-raw-writer	0xebe8a0	0xec13f3	0x15fd690	rip-relative	]
steam	instrument-raw-writer	0xebe8a0	0xec1417	0x17337d0	rip-relative	[MATERIAL_SIZE:
steam	instrument-raw-writer	0xebe8a0	0xec1439	0x15fd690	rip-relative	]
steam	instrument-raw-writer	0xebe8a0	0xec145d	0x17337b8	rip-relative	[DESCRIPTION:The 
steam	instrument-raw-writer	0xebe8a0	0xec1483	0x1734430	rip-relative	 sound-chest of the instrument vibrates with the strings, producing sound.]
steam	instrument-raw-writer	0xebe8a0	0xec150f	0x1734428	rip-relative	STRINGS
steam	instrument-raw-writer	0xebe8a0	0xec1532	0x1733798	rip-relative	[ITEM_TOOL:
steam	instrument-raw-writer	0xebe8a0	0xec1558	0x15fd690	rip-relative	]
steam	instrument-raw-writer	0xebe8a0	0xec157c	0x16ab080	rip-relative	[GENERATED]
steam	instrument-raw-writer	0xebe8a0	0xec1598	0x17321f8	rip-relative	[SOURCE_HFID:
steam	instrument-raw-writer	0xebe8a0	0xec15c0	0x15fd690	rip-relative	]
steam	instrument-raw-writer	0xebe8a0	0xec15fc	0x1732208	rip-relative	[SOURCE_ENID:
steam	instrument-raw-writer	0xebe8a0	0xec1624	0x15fd690	rip-relative	]
steam	instrument-raw-writer	0xebe8a0	0xec1655	0x1733768	rip-relative	[NO_DEFAULT_JOB]
steam	instrument-raw-writer	0xebe8a0	0xec1666	0x1733750	rip-relative	[INCOMPLETE_ITEM]
steam	instrument-raw-writer	0xebe8a0	0xec1677	0x17338e0	rip-relative	[UNIMPROVABLE]
steam	instrument-raw-writer	0xebe8a0	0xec1688	0x173378c	rip-relative	[NAME:
steam	instrument-raw-writer	0xebe8a0	0xec16ae	0x15e873c	rip-relative	 
steam	instrument-raw-writer	0xebe8a0	0xec16cc	0x17336c8	rip-relative	strings
steam	instrument-raw-writer	0xebe8a0	0xec16d5	0x16d2b20	rip-relative	string
steam	instrument-raw-writer	0xebe8a0	0xec16e1	0x1618434	rip-relative	:
steam	instrument-raw-writer	0xebe8a0	0xec1707	0x1733968	rip-relative	 strings
steam	instrument-raw-writer	0xebe8a0	0xec171a	0x15fd690	rip-relative	]
steam	instrument-raw-writer	0xebe8a0	0xec173e	0x1733838	rip-relative	[VALUE:10]
steam	instrument-raw-writer	0xebe8a0	0xec1762	0x1733860	rip-relative	[TILE:155][UNIMPROVABLE]
steam	instrument-raw-writer	0xebe8a0	0xec1773	0x1733854	rip-relative	[SIZE:
steam	instrument-raw-writer	0xebe8a0	0xec1795	0x15fd690	rip-relative	]
steam	instrument-raw-writer	0xebe8a0	0xec17b9	0x17337d0	rip-relative	[MATERIAL_SIZE:
steam	instrument-raw-writer	0xebe8a0	0xec17da	0x15fd690	rip-relative	]
steam	instrument-raw-writer	0xebe8a0	0xec17fe	0x17337b8	rip-relative	[DESCRIPTION:The 
steam	instrument-raw-writer	0xebe8a0	0xec1824	0x15e873c	rip-relative	 
steam	instrument-raw-writer	0xebe8a0	0xec1842	0x17344e8	rip-relative	strings vibrate
steam	instrument-raw-writer	0xebe8a0	0xec184b	0x17344d8	rip-relative	string vibrates
steam	instrument-raw-writer	0xebe8a0	0xec1857	0x1734500	rip-relative	, causing the instrument to produce sound.]
steam	instrument-raw-writer	0xebe8a0	0xec18bf	0x17344f8	rip-relative	_PROD
steam	instrument-raw-writer	0xebe8a0	0xec18fd	0x17344a8	rip-relative	_NECK_RES
steam	instrument-raw-writer	0xebe8a0	0xec194c	0x1733798	rip-relative	[ITEM_TOOL:
steam	instrument-raw-writer	0xebe8a0	0xec1972	0x15fd690	rip-relative	]
steam	instrument-raw-writer	0xebe8a0	0xec1996	0x16ab080	rip-relative	[GENERATED]
steam	instrument-raw-writer	0xebe8a0	0xec19b2	0x17321f8	rip-relative	[SOURCE_HFID:
steam	instrument-raw-writer	0xebe8a0	0xec19da	0x15fd690	rip-relative	]
steam	instrument-raw-writer	0xebe8a0	0xec1a16	0x1732208	rip-relative	[SOURCE_ENID:
steam	instrument-raw-writer	0xebe8a0	0xec1a3e	0x15fd690	rip-relative	]
steam	instrument-raw-writer	0xebe8a0	0xec1a6f	0x1733768	rip-relative	[NO_DEFAULT_JOB]
steam	instrument-raw-writer	0xebe8a0	0xec1a80	0x1733750	rip-relative	[INCOMPLETE_ITEM]
steam	instrument-raw-writer	0xebe8a0	0xec1a91	0x17338e0	rip-relative	[UNIMPROVABLE]
steam	instrument-raw-writer	0xebe8a0	0xec1aa2	0x173378c	rip-relative	[NAME:
steam	instrument-raw-writer	0xebe8a0	0xec1ad8	0x17344a0	rip-relative	 bow
steam	instrument-raw-writer	0xebe8a0	0xec1ae4	0x1618434	rip-relative	:
steam	instrument-raw-writer	0xebe8a0	0xec1b0a	0x1734594	rip-relative	 bows
steam	instrument-raw-writer	0xebe8a0	0xec1c06	0x17337e0	rip-relative	_BODY
steam	instrument-raw-writer	0xebe8a0	0xec1c3c	0x1733798	rip-relative	[ITEM_TOOL:
steam	instrument-raw-writer	0xebe8a0	0xec1c62	0x15fd690	rip-relative	]
steam	instrument-raw-writer	0xebe8a0	0xec1c86	0x16ab080	rip-relative	[GENERATED]
steam	instrument-raw-writer	0xebe8a0	0xec1ca2	0x17321f8	rip-relative	[SOURCE_HFID:
steam	instrument-raw-writer	0xebe8a0	0xec1cca	0x15fd690	rip-relative	]
steam	instrument-raw-writer	0xebe8a0	0xec1d06	0x1732208	rip-relative	[SOURCE_ENID:
steam	instrument-raw-writer	0xebe8a0	0xec1d2e	0x15fd690	rip-relative	]
steam	instrument-raw-writer	0xebe8a0	0xec1d5f	0x1733768	rip-relative	[NO_DEFAULT_JOB]
steam	instrument-raw-writer	0xebe8a0	0xec1d70	0x1733750	rip-relative	[INCOMPLETE_ITEM]
steam	instrument-raw-writer	0xebe8a0	0xec1d81	0x17338e0	rip-relative	[UNIMPROVABLE]
steam	instrument-raw-writer	0xebe8a0	0xec1d92	0x173378c	rip-relative	[NAME:
steam	instrument-raw-writer	0xebe8a0	0xec1db8	0x172a0a4	rip-relative	 body
steam	instrument-raw-writer	0xebe8a0	0xec1dcb	0x1618434	rip-relative	:
steam	instrument-raw-writer	0xebe8a0	0xec1df1	0x1733880	rip-relative	 bodies
steam	instrument-raw-writer	0xebe8a0	0xec1e04	0x15fd690	rip-relative	]
steam	instrument-raw-writer	0xebe8a0	0xec1e28	0x1733838	rip-relative	[VALUE:10]
steam	instrument-raw-writer	0xebe8a0	0xec1e4c	0x1733860	rip-relative	[TILE:155][UNIMPROVABLE]
steam	instrument-raw-writer	0xebe8a0	0xec1e5d	0x1733854	rip-relative	[SIZE:
steam	instrument-raw-writer	0xebe8a0	0xec1e7e	0x15fd690	rip-relative	]
steam	instrument-raw-writer	0xebe8a0	0xec1ea2	0x17337d0	rip-relative	[MATERIAL_SIZE:
steam	instrument-raw-writer	0xebe8a0	0xec1ec3	0x15fd690	rip-relative	]
steam	instrument-raw-writer	0xebe8a0	0xec1ee7	0x17337b8	rip-relative	[DESCRIPTION:The 
steam	instrument-raw-writer	0xebe8a0	0xec1f0d	0x17343c0	rip-relative	 body of the instrument vibrates with the string
steam	instrument-raw-writer	0xebe8a0	0xec1f26	0x15e9298	rip-relative	s
steam	instrument-raw-writer	0xebe8a0	0xec1f39	0x17343a8	rip-relative	, producing sound.]
steam	instrument-raw-writer	0xebe8a0	0xec207e	0x17343fc	rip-relative	_FRAME
steam	instrument-raw-writer	0xebe8a0	0xec20b4	0x17337e0	rip-relative	_BODY
steam	instrument-raw-writer	0xebe8a0	0xec20fa	0x1733798	rip-relative	[ITEM_TOOL:
steam	instrument-raw-writer	0xebe8a0	0xec2120	0x15fd690	rip-relative	]
steam	instrument-raw-writer	0xebe8a0	0xec2144	0x16ab080	rip-relative	[GENERATED]
steam	instrument-raw-writer	0xebe8a0	0xec2160	0x17321f8	rip-relative	[SOURCE_HFID:
steam	instrument-raw-writer	0xebe8a0	0xec2188	0x15fd690	rip-relative	]
steam	instrument-raw-writer	0xebe8a0	0xec21c4	0x1732208	rip-relative	[SOURCE_ENID:
steam	instrument-raw-writer	0xebe8a0	0xec21ec	0x15fd690	rip-relative	]
steam	instrument-raw-writer	0xebe8a0	0xec221d	0x1733768	rip-relative	[NO_DEFAULT_JOB]
steam	instrument-raw-writer	0xebe8a0	0xec222e	0x1733750	rip-relative	[INCOMPLETE_ITEM]
steam	instrument-raw-writer	0xebe8a0	0xec223f	0x17338e0	rip-relative	[UNIMPROVABLE]
steam	instrument-raw-writer	0xebe8a0	0xec2250	0x173378c	rip-relative	[NAME:
steam	instrument-raw-writer	0xebe8a0	0xec2276	0x17343f4	rip-relative	 frame
steam	instrument-raw-writer	0xebe8a0	0xec2289	0x1618434	rip-relative	:
steam	instrument-raw-writer	0xebe8a0	0xec22af	0x1734340	rip-relative	 frames
steam	instrument-raw-writer	0xebe8a0	0xec22c2	0x15fd690	rip-relative	]
steam	instrument-raw-writer	0xebe8a0	0xec22e6	0x1733838	rip-relative	[VALUE:10]
steam	instrument-raw-writer	0xebe8a0	0xec230a	0x1733860	rip-relative	[TILE:155][UNIMPROVABLE]
steam	instrument-raw-writer	0xebe8a0	0xec231b	0x1733854	rip-relative	[SIZE:
steam	instrument-raw-writer	0xebe8a0	0xec233c	0x15fd690	rip-relative	]
steam	instrument-raw-writer	0xebe8a0	0xec2360	0x17337d0	rip-relative	[MATERIAL_SIZE:
steam	instrument-raw-writer	0xebe8a0	0xec2381	0x15fd690	rip-relative	]
steam	instrument-raw-writer	0xebe8a0	0xec23a5	0x1734300	rip-relative	[DESCRIPTION:The strings of the instrument are attached to the 
steam	instrument-raw-writer	0xebe8a0	0xec23cb	0x1734398	rip-relative	 frame.]
steam	instrument-raw-writer	0xebe8a0	0xec23ef	0x1733798	rip-relative	[ITEM_TOOL:
steam	instrument-raw-writer	0xebe8a0	0xec2415	0x15fd690	rip-relative	]
steam	instrument-raw-writer	0xebe8a0	0xec2439	0x16ab080	rip-relative	[GENERATED]
steam	instrument-raw-writer	0xebe8a0	0xec2455	0x17321f8	rip-relative	[SOURCE_HFID:
steam	instrument-raw-writer	0xebe8a0	0xec2478	0x15fd690	rip-relative	]
steam	instrument-raw-writer	0xebe8a0	0xec24af	0x1732208	rip-relative	[SOURCE_ENID:
steam	instrument-raw-writer	0xebe8a0	0xec24d2	0x15fd690	rip-relative	]
steam	instrument-raw-writer	0xebe8a0	0xec2503	0x1733768	rip-relative	[NO_DEFAULT_JOB]
steam	instrument-raw-writer	0xebe8a0	0xec2514	0x1733750	rip-relative	[INCOMPLETE_ITEM]
steam	instrument-raw-writer	0xebe8a0	0xec2525	0x17338e0	rip-relative	[UNIMPROVABLE]
steam	instrument-raw-writer	0xebe8a0	0xec2536	0x173378c	rip-relative	[NAME:
steam	instrument-raw-writer	0xebe8a0	0xec255c	0x172a0a4	rip-relative	 body
steam	instrument-raw-writer	0xebe8a0	0xec256f	0x1618434	rip-relative	:
steam	instrument-raw-writer	0xebe8a0	0xec2595	0x1733880	rip-relative	 bodies
steam	instrument-raw-writer	0xebe8a0	0xec25a8	0x15fd690	rip-relative	]
steam	instrument-raw-writer	0xebe8a0	0xec25cc	0x1733838	rip-relative	[VALUE:10]
steam	instrument-raw-writer	0xebe8a0	0xec25f0	0x1733860	rip-relative	[TILE:155][UNIMPROVABLE]
steam	instrument-raw-writer	0xebe8a0	0xec2601	0x1733854	rip-relative	[SIZE:
steam	instrument-raw-writer	0xebe8a0	0xec2622	0x15fd690	rip-relative	]
steam	instrument-raw-writer	0xebe8a0	0xec2646	0x17337d0	rip-relative	[MATERIAL_SIZE:
steam	instrument-raw-writer	0xebe8a0	0xec2668	0x15fd690	rip-relative	]
steam	instrument-raw-writer	0xebe8a0	0xec268c	0x17337b8	rip-relative	[DESCRIPTION:The 
steam	instrument-raw-writer	0xebe8a0	0xec26b2	0x1734350	rip-relative	 body of the instrument vibrates with the strings, producing sound.]
steam	instrument-raw-writer	0xebe8a0	0xec27e6	0x1733734	rip-relative	_NECK
steam	instrument-raw-writer	0xebe8a0	0xec281c	0x17337e0	rip-relative	_BODY
steam	instrument-raw-writer	0xebe8a0	0xec2861	0x1733798	rip-relative	[ITEM_TOOL:
steam	instrument-raw-writer	0xebe8a0	0xec2887	0x15fd690	rip-relative	]
steam	instrument-raw-writer	0xebe8a0	0xec28ab	0x16ab080	rip-relative	[GENERATED]
steam	instrument-raw-writer	0xebe8a0	0xec28c7	0x17321f8	rip-relative	[SOURCE_HFID:
steam	instrument-raw-writer	0xebe8a0	0xec28ef	0x15fd690	rip-relative	]
steam	instrument-raw-writer	0xebe8a0	0xec292b	0x1732208	rip-relative	[SOURCE_ENID:
steam	instrument-raw-writer	0xebe8a0	0xec2953	0x15fd690	rip-relative	]
steam	instrument-raw-writer	0xebe8a0	0xec2984	0x1733768	rip-relative	[NO_DEFAULT_JOB]
steam	instrument-raw-writer	0xebe8a0	0xec2995	0x1733750	rip-relative	[INCOMPLETE_ITEM]
steam	instrument-raw-writer	0xebe8a0	0xec29a6	0x17338e0	rip-relative	[UNIMPROVABLE]
steam	instrument-raw-writer	0xebe8a0	0xec29b7	0x173378c	rip-relative	[NAME:
steam	instrument-raw-writer	0xebe8a0	0xec29dd	0x1733748	rip-relative	 neck
steam	instrument-raw-writer	0xebe8a0	0xec29f0	0x1618434	rip-relative	:
steam	instrument-raw-writer	0xebe8a0	0xec2a16	0x1733740	rip-relative	 necks
steam	instrument-raw-writer	0xebe8a0	0xec2a29	0x15fd690	rip-relative	]
steam	instrument-raw-writer	0xebe8a0	0xec2a4d	0x1733838	rip-relative	[VALUE:10]
steam	instrument-raw-writer	0xebe8a0	0xec2a71	0x1733860	rip-relative	[TILE:155][UNIMPROVABLE]
steam	instrument-raw-writer	0xebe8a0	0xec2a82	0x1733854	rip-relative	[SIZE:
steam	instrument-raw-writer	0xebe8a0	0xec2aa3	0x15fd690	rip-relative	]
steam	instrument-raw-writer	0xebe8a0	0xec2ac7	0x17337d0	rip-relative	[MATERIAL_SIZE:
steam	instrument-raw-writer	0xebe8a0	0xec2ae8	0x15fd690	rip-relative	]
steam	instrument-raw-writer	0xebe8a0	0xec2b0c	0x17337b8	rip-relative	[DESCRIPTION:The 
steam	instrument-raw-writer	0xebe8a0	0xec2b32	0x17336d0	rip-relative	 neck allows the musician room to stop 
steam	instrument-raw-writer	0xebe8a0	0xec2b50	0x17336c8	rip-relative	strings
steam	instrument-raw-writer	0xebe8a0	0xec2b59	0x1733728	rip-relative	the string
steam	instrument-raw-writer	0xebe8a0	0xec2b65	0x17336f8	rip-relative	 and select the pitch of the instrument.]
steam	instrument-raw-writer	0xebe8a0	0xec2b89	0x1733798	rip-relative	[ITEM_TOOL:
steam	instrument-raw-writer	0xebe8a0	0xec2baf	0x15fd690	rip-relative	]
steam	instrument-raw-writer	0xebe8a0	0xec2bd3	0x16ab080	rip-relative	[GENERATED]
steam	instrument-raw-writer	0xebe8a0	0xec2bef	0x17321f8	rip-relative	[SOURCE_HFID:
steam	instrument-raw-writer	0xebe8a0	0xec2c12	0x15fd690	rip-relative	]
steam	instrument-raw-writer	0xebe8a0	0xec2c49	0x1732208	rip-relative	[SOURCE_ENID:
steam	instrument-raw-writer	0xebe8a0	0xec2c6c	0x15fd690	rip-relative	]
steam	instrument-raw-writer	0xebe8a0	0xec2c9d	0x1733768	rip-relative	[NO_DEFAULT_JOB]
steam	instrument-raw-writer	0xebe8a0	0xec2cae	0x1733750	rip-relative	[INCOMPLETE_ITEM]
steam	instrument-raw-writer	0xebe8a0	0xec2cbf	0x17338e0	rip-relative	[UNIMPROVABLE]
steam	instrument-raw-writer	0xebe8a0	0xec2cd0	0x173378c	rip-relative	[NAME:
steam	instrument-raw-writer	0xebe8a0	0xec2cf6	0x172a0a4	rip-relative	 body
steam	instrument-raw-writer	0xebe8a0	0xec2d09	0x1618434	rip-relative	:
steam	instrument-raw-writer	0xebe8a0	0xec2d2f	0x1733880	rip-relative	 bodies
steam	instrument-raw-writer	0xebe8a0	0xec2d42	0x15fd690	rip-relative	]
steam	instrument-raw-writer	0xebe8a0	0xec2d66	0x1733838	rip-relative	[VALUE:10]
steam	instrument-raw-writer	0xebe8a0	0xec2d8a	0x1733860	rip-relative	[TILE:155][UNIMPROVABLE]
steam	instrument-raw-writer	0xebe8a0	0xec2d9b	0x1733854	rip-relative	[SIZE:
steam	instrument-raw-writer	0xebe8a0	0xec2dbd	0x15fd690	rip-relative	]
steam	instrument-raw-writer	0xebe8a0	0xec2de1	0x17337d0	rip-relative	[MATERIAL_SIZE:
steam	instrument-raw-writer	0xebe8a0	0xec2e02	0x15fd690	rip-relative	]
steam	instrument-raw-writer	0xebe8a0	0xec2e26	0x17337b8	rip-relative	[DESCRIPTION:The 
steam	instrument-raw-writer	0xebe8a0	0xec2e4c	0x17343c0	rip-relative	 body of the instrument vibrates with the string
steam	instrument-raw-writer	0xebe8a0	0xec2e65	0x15e9298	rip-relative	s
steam	instrument-raw-writer	0xebe8a0	0xec2e78	0x17343a8	rip-relative	, producing sound.]
steam	instrument-raw-writer	0xebe8a0	0xec2ef4	0x17344c8	rip-relative	 plectrum
steam	instrument-raw-writer	0xebe8a0	0xec2f00	0x1618434	rip-relative	:
steam	instrument-raw-writer	0xebe8a0	0xec2f26	0x1734588	rip-relative	 plectra
steam	instrument-raw-writer	0xebe8a0	0xec2f42	0x17344b8	rip-relative	 hammers
steam	instrument-raw-writer	0xebe8a0	0xec2f4e	0x1618434	rip-relative	:
steam	instrument-raw-writer	0xebe8a0	0xec2f74	0x17344b8	rip-relative	 hammers
steam	instrument-raw-writer	0xebe8a0	0xec2f89	0x1618434	rip-relative	:
steam	instrument-raw-writer	0xebe8a0	0xec2fa8	0x15fd690	rip-relative	]
steam	instrument-raw-writer	0xebe8a0	0xec2fcc	0x1733838	rip-relative	[VALUE:10]
steam	instrument-raw-writer	0xebe8a0	0xec2ff0	0x1733860	rip-relative	[TILE:155][UNIMPROVABLE]
steam	instrument-raw-writer	0xebe8a0	0xec3001	0x1733854	rip-relative	[SIZE:
steam	instrument-raw-writer	0xebe8a0	0xec3022	0x15fd690	rip-relative	]
steam	instrument-raw-writer	0xebe8a0	0xec3046	0x17337d0	rip-relative	[MATERIAL_SIZE:
steam	instrument-raw-writer	0xebe8a0	0xec306a	0x15fd690	rip-relative	]
steam	instrument-raw-writer	0xebe8a0	0xec308e	0x17337b8	rip-relative	[DESCRIPTION:The 
steam	instrument-raw-writer	0xebe8a0	0xec30b9	0x17345c0	rip-relative	 bow is drawn across the string
steam	instrument-raw-writer	0xebe8a0	0xec30c7	0x17345a0	rip-relative	 plectrum plucks the string
steam	instrument-raw-writer	0xebe8a0	0xec30d7	0x1734548	rip-relative	 hammers strike the string
steam	instrument-raw-writer	0xebe8a0	0xec30f0	0x15e9298	rip-relative	s
steam	instrument-raw-writer	0xebe8a0	0xec3103	0x1734530	rip-relative	 of the instrument.]
steam	instrument-raw-writer	0xebe8a0	0xec3133	0x1733798	rip-relative	[ITEM_TOOL:
steam	instrument-raw-writer	0xebe8a0	0xec3159	0x15fd690	rip-relative	]
steam	instrument-raw-writer	0xebe8a0	0xec317d	0x16ab080	rip-relative	[GENERATED]
steam	instrument-raw-writer	0xebe8a0	0xec3199	0x17321f8	rip-relative	[SOURCE_HFID:
steam	instrument-raw-writer	0xebe8a0	0xec31c1	0x15fd690	rip-relative	]
steam	instrument-raw-writer	0xebe8a0	0xec31fd	0x1732208	rip-relative	[SOURCE_ENID:
steam	instrument-raw-writer	0xebe8a0	0xec3225	0x15fd690	rip-relative	]
steam	instrument-raw-writer	0xebe8a0	0xec3256	0x1733768	rip-relative	[NO_DEFAULT_JOB]
steam	instrument-raw-writer	0xebe8a0	0xec3267	0x1733750	rip-relative	[INCOMPLETE_ITEM]
steam	instrument-raw-writer	0xebe8a0	0xec3278	0x17338e0	rip-relative	[UNIMPROVABLE]
steam	instrument-raw-writer	0xebe8a0	0xec3289	0x173378c	rip-relative	[NAME:
steam	instrument-raw-writer	0xebe8a0	0xec32af	0x1734578	rip-relative	 neck bowl
steam	instrument-raw-writer	0xebe8a0	0xec32c2	0x1618434	rip-relative	:
steam	instrument-raw-writer	0xebe8a0	0xec32e8	0x1734568	rip-relative	 neck bowls
steam	instrument-raw-writer	0xebe8a0	0xec32fb	0x15fd690	rip-relative	]
steam	instrument-raw-writer	0xebe8a0	0xec331f	0x1733838	rip-relative	[VALUE:10]
steam	instrument-raw-writer	0xebe8a0	0xec3343	0x1733860	rip-relative	[TILE:155][UNIMPROVABLE]
steam	instrument-raw-writer	0xebe8a0	0xec3354	0x1733854	rip-relative	[SIZE:
steam	instrument-raw-writer	0xebe8a0	0xec3378	0x15fd690	rip-relative	]
steam	instrument-raw-writer	0xebe8a0	0xec339c	0x17337d0	rip-relative	[MATERIAL_SIZE:
steam	instrument-raw-writer	0xebe8a0	0xec33c0	0x15fd690	rip-relative	]
steam	instrument-raw-writer	0xebe8a0	0xec33e4	0x17337b8	rip-relative	[DESCRIPTION:The 
steam	instrument-raw-writer	0xebe8a0	0xec340a	0x1734620	rip-relative	 neck bowl vibrates with the rest of the instrument, producing sound.]
steam	instrument-raw-writer	0xebe8a0	0xec342e	0x1733a68	rip-relative	[ITEM_INSTRUMENT:
steam	instrument-raw-writer	0xebe8a0	0xec3454	0x15fd690	rip-relative	]
steam	instrument-raw-writer	0xebe8a0	0xec3478	0x16ab080	rip-relative	[GENERATED]
steam	instrument-raw-writer	0xebe8a0	0xec3494	0x17321f8	rip-relative	[SOURCE_HFID:
steam	instrument-raw-writer	0xebe8a0	0xec34bc	0x15fd690	rip-relative	]
steam	instrument-raw-writer	0xebe8a0	0xec34f8	0x1732208	rip-relative	[SOURCE_ENID:
steam	instrument-raw-writer	0xebe8a0	0xec3520	0x15fd690	rip-relative	]
steam	instrument-raw-writer	0xebe8a0	0xec3551	0x173378c	rip-relative	[NAME:
steam	instrument-raw-writer	0xebe8a0	0xec3577	0x1618434	rip-relative	:
steam	instrument-raw-writer	0xebe8a0	0xec359d	0x15fd690	rip-relative	]
steam	instrument-raw-writer	0xebe8a0	0xec35c1	0x1733a58	rip-relative	[VALUE:50]
steam	instrument-raw-writer	0xebe8a0	0xec35d2	0x1733854	rip-relative	[SIZE:
steam	instrument-raw-writer	0xebe8a0	0xec35f4	0x15fd690	rip-relative	]
steam	instrument-raw-writer	0xebe8a0	0xec3621	0x17339b0	rip-relative	[PLACED_AS_BUILDING]
steam	instrument-raw-writer	0xebe8a0	0xec363d	0x1733990	rip-relative	[DOMINANT_MATERIAL_PIECE:BODY]
steam	instrument-raw-writer	0xebe8a0	0xec364e	0x17339d8	rip-relative	[INSTRUMENT_PIECE:
steam	instrument-raw-writer	0xebe8a0	0xec3661	0x173460c	rip-relative	NECK:
steam	instrument-raw-writer	0xebe8a0	0xec3687	0x1734688	rip-relative	:neck:necks
steam	instrument-raw-writer	0xebe8a0	0xec369a	0x1733ab8	rip-relative	:STANDARD]
steam	instrument-raw-writer	0xebe8a0	0xec36be	0x17339d8	rip-relative	[INSTRUMENT_PIECE:
steam	instrument-raw-writer	0xebe8a0	0xec36d1	0x1733af4	rip-relative	BODY:
steam	instrument-raw-writer	0xebe8a0	0xec36f7	0x1733a80	rip-relative	:body:bodies
steam	instrument-raw-writer	0xebe8a0	0xec370a	0x1733ab8	rip-relative	:STANDARD]
steam	instrument-raw-writer	0xebe8a0	0xec3737	0x1734668	rip-relative	[DOMINANT_MATERIAL_PIECE:FRAME]
steam	instrument-raw-writer	0xebe8a0	0xec3748	0x17339d8	rip-relative	[INSTRUMENT_PIECE:
steam	instrument-raw-writer	0xebe8a0	0xec375b	0x17345f0	rip-relative	FRAME:
steam	instrument-raw-writer	0xebe8a0	0xec3781	0x17345e0	rip-relative	:frame:frames
steam	instrument-raw-writer	0xebe8a0	0xec3794	0x1733ab8	rip-relative	:STANDARD]
steam	instrument-raw-writer	0xebe8a0	0xec37b8	0x17339d8	rip-relative	[INSTRUMENT_PIECE:
steam	instrument-raw-writer	0xebe8a0	0xec37cb	0x1733af4	rip-relative	BODY:
steam	instrument-raw-writer	0xebe8a0	0xec37f1	0x1733a80	rip-relative	:body:bodies
steam	instrument-raw-writer	0xebe8a0	0xec3804	0x1733ab8	rip-relative	:STANDARD]
steam	instrument-raw-writer	0xebe8a0	0xec3833	0x1733990	rip-relative	[DOMINANT_MATERIAL_PIECE:BODY]
steam	instrument-raw-writer	0xebe8a0	0xec3844	0x17339d8	rip-relative	[INSTRUMENT_PIECE:
steam	instrument-raw-writer	0xebe8a0	0xec3857	0x1733af4	rip-relative	BODY:
steam	instrument-raw-writer	0xebe8a0	0xec387d	0x1733a80	rip-relative	:body:bodies
steam	instrument-raw-writer	0xebe8a0	0xec3890	0x1733ab8	rip-relative	:STANDARD]
steam	instrument-raw-writer	0xebe8a0	0xec38bd	0x1733990	rip-relative	[DOMINANT_MATERIAL_PIECE:BODY]
steam	instrument-raw-writer	0xebe8a0	0xec38ce	0x17339d8	rip-relative	[INSTRUMENT_PIECE:
steam	instrument-raw-writer	0xebe8a0	0xec38e1	0x1734604	rip-relative	YOKE:
steam	instrument-raw-writer	0xebe8a0	0xec3907	0x17345f8	rip-relative	:yoke:yokes
steam	instrument-raw-writer	0xebe8a0	0xec391a	0x1733ab8	rip-relative	:STANDARD]
steam	instrument-raw-writer	0xebe8a0	0xec393e	0x17339d8	rip-relative	[INSTRUMENT_PIECE:
steam	instrument-raw-writer	0xebe8a0	0xec3951	0x1733af4	rip-relative	BODY:
steam	instrument-raw-writer	0xebe8a0	0xec3977	0x1734708	rip-relative	:sound-chest:sound-chests
steam	instrument-raw-writer	0xebe8a0	0xec398a	0x1733ab8	rip-relative	:STANDARD]
steam	instrument-raw-writer	0xebe8a0	0xec39ae	0x17339d8	rip-relative	[INSTRUMENT_PIECE:
steam	instrument-raw-writer	0xebe8a0	0xec39c1	0x17346f8	rip-relative	STRINGS:
steam	instrument-raw-writer	0xebe8a0	0xec39f2	0x1734748	rip-relative	:strings:strings:ALWAYS_PLURAL]
steam	instrument-raw-writer	0xebe8a0	0xec39fb	0x1734728	rip-relative	:string:strings:STANDARD]
steam	instrument-raw-writer	0xebe8a0	0xec3a2c	0x17339d8	rip-relative	[INSTRUMENT_PIECE:
steam	instrument-raw-writer	0xebe8a0	0xec3a3f	0x17346ac	rip-relative	PROD:
steam	instrument-raw-writer	0xebe8a0	0xec3a6a	0x1734698	rip-relative	:bow:bows:STANDARD]
steam	instrument-raw-writer	0xebe8a0	0xec3a78	0x17346d8	rip-relative	:plectrum:plectra:STANDARD]
steam	instrument-raw-writer	0xebe8a0	0xec3a88	0x17346b8	rip-relative	:hammers:hammers:ALWAYS_PLURAL]
steam	instrument-raw-writer	0xebe8a0	0xec3ab0	0x17339d8	rip-relative	[INSTRUMENT_PIECE:
steam	instrument-raw-writer	0xebe8a0	0xec3ac3	0x1734828	rip-relative	NECK_RES:
steam	instrument-raw-writer	0xebe8a0	0xec3ae9	0x1734810	rip-relative	:neck bowl:neck bowls
steam	instrument-raw-writer	0xebe8a0	0xec3afc	0x1733ab8	rip-relative	:STANDARD]
steam	instrument-raw-writer	0xebe8a0	0xec3b20	0x17330e0	rip-relative	[VOLUME_mB:
steam	instrument-raw-writer	0xebe8a0	0xec3b41	0x1618434	rip-relative	:
steam	instrument-raw-writer	0xebe8a0	0xec3b65	0x15fd690	rip-relative	]
steam	instrument-raw-writer	0xebe8a0	0xec3b8e	0x1734860	rip-relative	[SOUND_PRODUCTION:BOWED:PROD:STRINGS]
steam	instrument-raw-writer	0xebe8a0	0xec3ba4	0x1734838	rip-relative	[SOUND_PRODUCTION:PLUCKED:PROD:STRINGS]
steam	instrument-raw-writer	0xebe8a0	0xec3bbe	0x1734798	rip-relative	[SOUND_PRODUCTION:STRUCK:PROD:STRINGS]
steam	instrument-raw-writer	0xebe8a0	0xec3be2	0x1734768	rip-relative	[SOUND_PRODUCTION:PLUCKED_BY_BP:STRINGS]
steam	instrument-raw-writer	0xebe8a0	0xec3bf7	0x17347e8	rip-relative	[SOUND_PRODUCTION:RESONATOR:NECK_RES]
steam	instrument-raw-writer	0xebe8a0	0xec3cf0	0x17347c0	rip-relative	[PITCH_CHOICE:SUBPART_CHOICE:STRINGS]
steam	instrument-raw-writer	0xebe8a0	0xec3d1f	0x1734940	rip-relative	[PITCH_CHOICE:STOPPING_FRET:STRINGS:NECK]
steam	instrument-raw-writer	0xebe8a0	0xec3d32	0x1734908	rip-relative	[PITCH_CHOICE:STOPPING_AGAINST_BODY:STRINGS:NECK]
steam	instrument-raw-writer	0xebe8a0	0xec3d5d	0x1734998	rip-relative	[PITCH_CHOICE:STOPPING_AGAINST_BODY:STRINGS:BODY]
steam	instrument-raw-writer	0xebe8a0	0xec3d8e	0x1734970	rip-relative	[PITCH_CHOICE:FOOT_PEDALS:STRINGS:BODY]
steam	instrument-raw-writer	0xebe8a0	0xec3e12	0x1732fd8	rip-relative	[PITCH_RANGE:
steam	instrument-raw-writer	0xebe8a0	0xec3e34	0x1618434	rip-relative	:
steam	instrument-raw-writer	0xebe8a0	0xec3e55	0x15fd690	rip-relative	]
steam	instrument-raw-writer	0xebe8a0	0xec3e97	0x17348a0	rip-relative	[TUNING:ADJUSTABLE_BRIDGES:STRINGS]
steam	instrument-raw-writer	0xebe8a0	0xec3eac	0x1734888	rip-relative	[TUNING:PEGS:STRINGS]
steam	instrument-raw-writer	0xebe8a0	0xec3ed0	0x17348f0	rip-relative	[TUNING:LEVERS:STRINGS]
steam	instrument-raw-writer	0xebe8a0	0xec3f19	0x17348c8	rip-relative	[MUSIC_SKILL:PLAY_STRINGED_INSTRUMENT]
steam	instrument-raw-writer	0xebe8a0	0xec3f2a	0x1733258	rip-relative	[DESCRIPTION:
steam	instrument-raw-writer	0xebe8a0	0xec3f4a	0x15ed9bc	rip-relative	The 
steam	instrument-raw-writer	0xebe8a0	0xec3f70	0x1649b7c	rip-relative	 is a 
steam	instrument-raw-writer	0xebe8a0	0xec3f8e	0x1733248	rip-relative	huge stationary
steam	instrument-raw-writer	0xebe8a0	0xec3f9e	0x17331b8	rip-relative	large stationary
steam	instrument-raw-writer	0xebe8a0	0xec3fae	0x17331a8	rip-relative	large hand-held
steam	instrument-raw-writer	0xebe8a0	0xec3fbe	0x17331e0	rip-relative	mid-size hand-held
steam	instrument-raw-writer	0xebe8a0	0xec3fcc	0x17331d0	rip-relative	small hand-held
steam	instrument-raw-writer	0xebe8a0	0xec3fd5	0x1733320	rip-relative	tiny hand-held
steam	instrument-raw-writer	0xebe8a0	0xec3fe8	0x15e873c	rip-relative	 
steam	instrument-raw-writer	0xebe8a0	0xec400a	0x1733c00	rip-relative	-stringed instrument
steam	instrument-raw-writer	0xebe8a0	0xec4024	0x165ffb0	rip-relative	 with a 
steam	instrument-raw-writer	0xebe8a0	0xec4046	0x1733be8	rip-relative	 neck connecting to a 
steam	instrument-raw-writer	0xebe8a0	0xec4068	0x172a0a4	rip-relative	 body
steam	instrument-raw-writer	0xebe8a0	0xec4082	0x165ffb0	rip-relative	 with a 
steam	instrument-raw-writer	0xebe8a0	0xec40a4	0x1733c28	rip-relative	 frame and a 
steam	instrument-raw-writer	0xebe8a0	0xec40c6	0x172a0a4	rip-relative	 body
steam	instrument-raw-writer	0xebe8a0	0xec40e0	0x165ffb0	rip-relative	 with a 
steam	instrument-raw-writer	0xebe8a0	0xec4102	0x1733c18	rip-relative	 yoke and a 
steam	instrument-raw-writer	0xebe8a0	0xec4124	0x172a0a4	rip-relative	 body
steam	instrument-raw-writer	0xebe8a0	0xec413e	0x165ffb0	rip-relative	 with a 
steam	instrument-raw-writer	0xebe8a0	0xec4160	0x172a0a4	rip-relative	 body
steam	instrument-raw-writer	0xebe8a0	0xec4173	0x15fd968	rip-relative	.  
steam	instrument-raw-writer	0xebe8a0	0xec418d	0x1733b40	rip-relative	The strings are tied from the top of the neck down over the body and
steam	instrument-raw-writer	0xebe8a0	0xec41a7	0x1733b00	rip-relative	The strings are suspended from the frame down to the body and
steam	instrument-raw-writer	0xebe8a0	0xec41c1	0x1733ba8	rip-relative	The strings are suspended from the yoke down to the body and
steam	instrument-raw-writer	0xebe8a0	0xec41db	0x1733b88	rip-relative	The instrument rests flat as
steam	instrument-raw-writer	0xebe8a0	0xec41ee	0x1733ca0	rip-relative	 the musician 
steam	instrument-raw-writer	0xebe8a0	0xec420c	0x1733c98	rip-relative	plays 
steam	instrument-raw-writer	0xebe8a0	0xec4230	0x1733728	rip-relative	the string
steam	instrument-raw-writer	0xebe8a0	0xec4241	0x1733cb8	rip-relative	the main string
steam	instrument-raw-writer	0xebe8a0	0xec4252	0x15e8e48	rip-relative	the 
steam	instrument-raw-writer	0xebe8a0	0xec4296	0x1733cb0	rip-relative	 main
steam	instrument-raw-writer	0xebe8a0	0xec42a9	0x1733968	rip-relative	 strings
steam	instrument-raw-writer	0xebe8a0	0xec42c9	0x165ffb0	rip-relative	 with a 
steam	instrument-raw-writer	0xebe8a0	0xec42eb	0x17344a0	rip-relative	 bow
steam	instrument-raw-writer	0xebe8a0	0xec4309	0x1733c44	rip-relative	picks 
steam	instrument-raw-writer	0xebe8a0	0xec432d	0x1733728	rip-relative	the string
steam	instrument-raw-writer	0xebe8a0	0xec433e	0x1733cb8	rip-relative	the main string
steam	instrument-raw-writer	0xebe8a0	0xec434f	0x15e8e48	rip-relative	the 
steam	instrument-raw-writer	0xebe8a0	0xec4393	0x1733cb0	rip-relative	 main
steam	instrument-raw-writer	0xebe8a0	0xec43a6	0x1733968	rip-relative	 strings
steam	instrument-raw-writer	0xebe8a0	0xec43c6	0x165ffb0	rip-relative	 with a 
steam	instrument-raw-writer	0xebe8a0	0xec43e8	0x17344c8	rip-relative	 plectrum
steam	instrument-raw-writer	0xebe8a0	0xec4408	0x1733c38	rip-relative	strikes 
steam	instrument-raw-writer	0xebe8a0	0xec442c	0x1733728	rip-relative	the string
steam	instrument-raw-writer	0xebe8a0	0xec443d	0x1733cb8	rip-relative	the main string
steam	instrument-raw-writer	0xebe8a0	0xec444e	0x15e8e48	rip-relative	the 
steam	instrument-raw-writer	0xebe8a0	0xec4492	0x1733cb0	rip-relative	 main
steam	instrument-raw-writer	0xebe8a0	0xec44a5	0x1733968	rip-relative	 strings
steam	instrument-raw-writer	0xebe8a0	0xec44c5	0x15ee5e0	rip-relative	 with 
steam	instrument-raw-writer	0xebe8a0	0xec44e7	0x17344b8	rip-relative	 hammers
steam	instrument-raw-writer	0xebe8a0	0xec451d	0x1733c90	rip-relative	plucks 
steam	instrument-raw-writer	0xebe8a0	0xec4541	0x1733728	rip-relative	the string
steam	instrument-raw-writer	0xebe8a0	0xec4552	0x1733cb8	rip-relative	the main string
steam	instrument-raw-writer	0xebe8a0	0xec4563	0x15e8e48	rip-relative	the 
steam	instrument-raw-writer	0xebe8a0	0xec45a7	0x1733cb0	rip-relative	 main
steam	instrument-raw-writer	0xebe8a0	0xec45ba	0x1733968	rip-relative	 strings
steam	instrument-raw-writer	0xebe8a0	0xec45da	0x15fd968	rip-relative	.  
steam	instrument-raw-writer	0xebe8a0	0xec45fc	0x1733c50	rip-relative	Another string vibrates in sympathy and is rarely played itself
steam	instrument-raw-writer	0xebe8a0	0xec464c	0x1733da0	rip-relative	 other strings vibrate in sympathy and are rarely played themselves
steam	instrument-raw-writer	0xebe8a0	0xec466c	0x15fd968	rip-relative	.  
steam	instrument-raw-writer	0xebe8a0	0xec468e	0x1733d80	rip-relative	A drone string is
steam	instrument-raw-writer	0xebe8a0	0xec46de	0x1733e00	rip-relative	 drone strings are
steam	instrument-raw-writer	0xebe8a0	0xec470a	0x1733de8	rip-relative	 occasionally struck.  
steam	instrument-raw-writer	0xebe8a0	0xec4713	0x1733d08	rip-relative	 occasionally plucked.  
steam	instrument-raw-writer	0xebe8a0	0xec472d	0x1733cc8	rip-relative	Frets on the neck allow the musician to alter the pitch.  
steam	instrument-raw-writer	0xebe8a0	0xec4749	0x1733d58	rip-relative	The musician can alter the pitch of 
steam	instrument-raw-writer	0xebe8a0	0xec4769	0x1602db4	rip-relative	a
steam	instrument-raw-writer	0xebe8a0	0xec4777	0x1663d84	rip-relative	the
steam	instrument-raw-writer	0xebe8a0	0xec4783	0x1733d28	rip-relative	 string by stopping it against the neck.  
steam	instrument-raw-writer	0xebe8a0	0xec47a6	0x1733d58	rip-relative	The musician can alter the pitch of 
steam	instrument-raw-writer	0xebe8a0	0xec47c6	0x1602db4	rip-relative	a
steam	instrument-raw-writer	0xebe8a0	0xec47d4	0x1663d84	rip-relative	the
steam	instrument-raw-writer	0xebe8a0	0xec47e0	0x1733ed0	rip-relative	 string by stopping it against the body.  
steam	instrument-raw-writer	0xebe8a0	0xec47f7	0x1733ea0	rip-relative	Tuning is possible with adjustable bridges.  
steam	instrument-raw-writer	0xebe8a0	0xec4811	0x1733f30	rip-relative	Tuning is accomplished by pegs.  
steam	instrument-raw-writer	0xebe8a0	0xec482b	0x1733f00	rip-relative	Tuning is also possible using small levers.  
steam	instrument-raw-writer	0xebe8a0	0xec4845	0x1733e68	rip-relative	Pitch can also be altered by pedals.  
steam	instrument-raw-writer	0xebe8a0	0xec4871	0x15ed67c	rip-relative	A 
steam	instrument-raw-writer	0xebe8a0	0xec4893	0x1733e20	rip-relative	 bowl is attached to the neck to provide additional overtones.  
steam	instrument-raw-writer	0xebe8a0	0xec4933	0x15fd690	rip-relative	]
steam	instrument-raw-writer	0xebe8a0	0xec4c1b	0x1733e98	rip-relative	INW
steam	instrument-raw-writer	0xebe8a0	0xec4d94	0x1733e90	rip-relative	_BLOW
steam	instrument-raw-writer	0xebe8a0	0xec4dca	0x17337e0	rip-relative	_BODY
steam	instrument-raw-writer	0xebe8a0	0xec4e00	0x17340bc	rip-relative	_PIPES
steam	instrument-raw-writer	0xebe8a0	0xec4e57	0x1733798	rip-relative	[ITEM_TOOL:
steam	instrument-raw-writer	0xebe8a0	0xec4e7d	0x15fd690	rip-relative	]
steam	instrument-raw-writer	0xebe8a0	0xec4ea1	0x16ab080	rip-relative	[GENERATED]
steam	instrument-raw-writer	0xebe8a0	0xec4ebd	0x17321f8	rip-relative	[SOURCE_HFID:
steam	instrument-raw-writer	0xebe8a0	0xec4ee5	0x15fd690	rip-relative	]
steam	instrument-raw-writer	0xebe8a0	0xec4f21	0x1732208	rip-relative	[SOURCE_ENID:
steam	instrument-raw-writer	0xebe8a0	0xec4f49	0x15fd690	rip-relative	]
steam	instrument-raw-writer	0xebe8a0	0xec4f7a	0x1733768	rip-relative	[NO_DEFAULT_JOB]
steam	instrument-raw-writer	0xebe8a0	0xec4f8b	0x1733750	rip-relative	[INCOMPLETE_ITEM]
steam	instrument-raw-writer	0xebe8a0	0xec4f9c	0x17338e0	rip-relative	[UNIMPROVABLE]
steam	instrument-raw-writer	0xebe8a0	0xec4fad	0x173378c	rip-relative	[NAME:
steam	instrument-raw-writer	0xebe8a0	0xec4fd3	0x1734048	rip-relative	 blowpipe
steam	instrument-raw-writer	0xebe8a0	0xec4fe6	0x1618434	rip-relative	:
steam	instrument-raw-writer	0xebe8a0	0xec500c	0x1734038	rip-relative	 blowpipes
steam	instrument-raw-writer	0xebe8a0	0xec501f	0x15fd690	rip-relative	]
steam	instrument-raw-writer	0xebe8a0	0xec5043	0x1733838	rip-relative	[VALUE:10]
steam	instrument-raw-writer	0xebe8a0	0xec5067	0x1733860	rip-relative	[TILE:155][UNIMPROVABLE]
steam	instrument-raw-writer	0xebe8a0	0xec5078	0x1733854	rip-relative	[SIZE:
steam	instrument-raw-writer	0xebe8a0	0xec5099	0x15fd690	rip-relative	]
steam	instrument-raw-writer	0xebe8a0	0xec50bd	0x17337d0	rip-relative	[MATERIAL_SIZE:
steam	instrument-raw-writer	0xebe8a0	0xec50de	0x15fd690	rip-relative	]
steam	instrument-raw-writer	0xebe8a0	0xec5102	0x17337b8	rip-relative	[DESCRIPTION:The 
steam	instrument-raw-writer	0xebe8a0	0xec5128	0x1733fc0	rip-relative	 blowpipe is used by the musician to send air into the instrument.]
steam	instrument-raw-writer	0xebe8a0	0xec514c	0x1733798	rip-relative	[ITEM_TOOL:
steam	instrument-raw-writer	0xebe8a0	0xec5172	0x15fd690	rip-relative	]
steam	instrument-raw-writer	0xebe8a0	0xec5196	0x16ab080	rip-relative	[GENERATED]
steam	instrument-raw-writer	0xebe8a0	0xec51b2	0x17321f8	rip-relative	[SOURCE_HFID:
steam	instrument-raw-writer	0xebe8a0	0xec51d5	0x15fd690	rip-relative	]
steam	instrument-raw-writer	0xebe8a0	0xec520c	0x1732208	rip-relative	[SOURCE_ENID:
steam	instrument-raw-writer	0xebe8a0	0xec522f	0x15fd690	rip-relative	]
steam	instrument-raw-writer	0xebe8a0	0xec5260	0x1733768	rip-relative	[NO_DEFAULT_JOB]
steam	instrument-raw-writer	0xebe8a0	0xec5271	0x1733750	rip-relative	[INCOMPLETE_ITEM]
steam	instrument-raw-writer	0xebe8a0	0xec5282	0x17338e0	rip-relative	[UNIMPROVABLE]
steam	instrument-raw-writer	0xebe8a0	0xec5293	0x173378c	rip-relative	[NAME:
steam	instrument-raw-writer	0xebe8a0	0xec52b9	0x17340b0	rip-relative	 wind chest
steam	instrument-raw-writer	0xebe8a0	0xec52cc	0x1618434	rip-relative	:
steam	instrument-raw-writer	0xebe8a0	0xec52f2	0x1734208	rip-relative	 wind chests
steam	instrument-raw-writer	0xebe8a0	0xec5305	0x15fd690	rip-relative	]
steam	instrument-raw-writer	0xebe8a0	0xec5329	0x1733838	rip-relative	[VALUE:10]
steam	instrument-raw-writer	0xebe8a0	0xec5350	0x1733860	rip-relative	[TILE:155][UNIMPROVABLE]
steam	instrument-raw-writer	0xebe8a0	0xec5361	0x1733854	rip-relative	[SIZE:
steam	instrument-raw-writer	0xebe8a0	0xec5382	0x15fd690	rip-relative	]
steam	instrument-raw-writer	0xebe8a0	0xec53a6	0x17337d0	rip-relative	[MATERIAL_SIZE:
steam	instrument-raw-writer	0xebe8a0	0xec53c8	0x15fd690	rip-relative	]
steam	instrument-raw-writer	0xebe8a0	0xec53ec	0x17337b8	rip-relative	[DESCRIPTION:The 
steam	instrument-raw-writer	0xebe8a0	0xec5412	0x17341d8	rip-relative	 wind chest is the body of the instrument.]
steam	instrument-raw-writer	0xebe8a0	0xec5436	0x1733798	rip-relative	[ITEM_TOOL:
steam	instrument-raw-writer	0xebe8a0	0xec545c	0x15fd690	rip-relative	]
steam	instrument-raw-writer	0xebe8a0	0xec5480	0x16ab080	rip-relative	[GENERATED]
steam	instrument-raw-writer	0xebe8a0	0xec5497	0x17321f8	rip-relative	[SOURCE_HFID:
steam	instrument-raw-writer	0xebe8a0	0xec54ba	0x15fd690	rip-relative	]
steam	instrument-raw-writer	0xebe8a0	0xec54f1	0x1732208	rip-relative	[SOURCE_ENID:
steam	instrument-raw-writer	0xebe8a0	0xec5514	0x15fd690	rip-relative	]
steam	instrument-raw-writer	0xebe8a0	0xec5545	0x1733768	rip-relative	[NO_DEFAULT_JOB]
steam	instrument-raw-writer	0xebe8a0	0xec5556	0x1733750	rip-relative	[INCOMPLETE_ITEM]
steam	instrument-raw-writer	0xebe8a0	0xec5567	0x17338e0	rip-relative	[UNIMPROVABLE]
steam	instrument-raw-writer	0xebe8a0	0xec5578	0x173378c	rip-relative	[NAME:
steam	instrument-raw-writer	0xebe8a0	0xec559e	0x173423c	rip-relative	 pipe
steam	instrument-raw-writer	0xebe8a0	0xec55b1	0x1618434	rip-relative	:
steam	instrument-raw-writer	0xebe8a0	0xec55d7	0x173397c	rip-relative	 pipes
steam	instrument-raw-writer	0xebe8a0	0xec55ea	0x15fd690	rip-relative	]
steam	instrument-raw-writer	0xebe8a0	0xec560e	0x1733838	rip-relative	[VALUE:10]
steam	instrument-raw-writer	0xebe8a0	0xec5630	0x1733860	rip-relative	[TILE:155][UNIMPROVABLE]
steam	instrument-raw-writer	0xebe8a0	0xec5641	0x1733854	rip-relative	[SIZE:
steam	instrument-raw-writer	0xebe8a0	0xec5663	0x15fd690	rip-relative	]
steam	instrument-raw-writer	0xebe8a0	0xec5687	0x17337d0	rip-relative	[MATERIAL_SIZE:
steam	instrument-raw-writer	0xebe8a0	0xec56a9	0x15fd690	rip-relative	]
steam	instrument-raw-writer	0xebe8a0	0xec56cd	0x1734218	rip-relative	[DESCRIPTION:The musician uses the 
steam	instrument-raw-writer	0xebe8a0	0xec56f3	0x1734178	rip-relative	 pipes to select the pitch as the air leaves the instrument.]
steam	instrument-raw-writer	0xebe8a0	0xec5804	0x1733e90	rip-relative	_BLOW
steam	instrument-raw-writer	0xebe8a0	0xec583a	0x17337e0	rip-relative	_BODY
steam	instrument-raw-writer	0xebe8a0	0xec5870	0x1734030	rip-relative	_MELODY
steam	instrument-raw-writer	0xebe8a0	0xec58a6	0x1734028	rip-relative	_DRONE
steam	instrument-raw-writer	0xebe8a0	0xec5911	0x1733798	rip-relative	[ITEM_TOOL:
steam	instrument-raw-writer	0xebe8a0	0xec5937	0x15fd690	rip-relative	]
steam	instrument-raw-writer	0xebe8a0	0xec595b	0x16ab080	rip-relative	[GENERATED]
steam	instrument-raw-writer	0xebe8a0	0xec597f	0x17321f8	rip-relative	[SOURCE_HFID:
steam	instrument-raw-writer	0xebe8a0	0xec59a2	0x15fd690	rip-relative	]
steam	instrument-raw-writer	0xebe8a0	0xec59d9	0x1732208	rip-relative	[SOURCE_ENID:
steam	instrument-raw-writer	0xebe8a0	0xec59fc	0x15fd690	rip-relative	]
steam	instrument-raw-writer	0xebe8a0	0xec5a2d	0x1733768	rip-relative	[NO_DEFAULT_JOB]
steam	instrument-raw-writer	0xebe8a0	0xec5a3e	0x1733750	rip-relative	[INCOMPLETE_ITEM]
steam	instrument-raw-writer	0xebe8a0	0xec5a4f	0x17338e0	rip-relative	[UNIMPROVABLE]
steam	instrument-raw-writer	0xebe8a0	0xec5a60	0x173378c	rip-relative	[NAME:
steam	instrument-raw-writer	0xebe8a0	0xec5a86	0x1733950	rip-relative	 bellows
steam	instrument-raw-writer	0xebe8a0	0xec5a99	0x1618434	rip-relative	:
steam	instrument-raw-writer	0xebe8a0	0xec5abf	0x1733950	rip-relative	 bellows
steam	instrument-raw-writer	0xebe8a0	0xec5ad2	0x15fd690	rip-relative	]
steam	instrument-raw-writer	0xebe8a0	0xec5af6	0x1733838	rip-relative	[VALUE:10]
steam	instrument-raw-writer	0xebe8a0	0xec5b1a	0x1733860	rip-relative	[TILE:155][UNIMPROVABLE]
steam	instrument-raw-writer	0xebe8a0	0xec5b2b	0x1733854	rip-relative	[SIZE:
steam	instrument-raw-writer	0xebe8a0	0xec5b4c	0x15fd690	rip-relative	]
steam	instrument-raw-writer	0xebe8a0	0xec5b70	0x17337d0	rip-relative	[MATERIAL_SIZE:
steam	instrument-raw-writer	0xebe8a0	0xec5b91	0x15fd690	rip-relative	]
steam	instrument-raw-writer	0xebe8a0	0xec5bb5	0x17337b8	rip-relative	[DESCRIPTION:The 
steam	instrument-raw-writer	0xebe8a0	0xec5bdb	0x17339f0	rip-relative	 bellows is used to send air through the instrument.]
steam	instrument-raw-writer	0xebe8a0	0xec5bed	0x17321f8	rip-relative	[SOURCE_HFID:
steam	instrument-raw-writer	0xebe8a0	0xec5c10	0x15fd690	rip-relative	]
steam	instrument-raw-writer	0xebe8a0	0xec5c47	0x1732208	rip-relative	[SOURCE_ENID:
steam	instrument-raw-writer	0xebe8a0	0xec5c6a	0x15fd690	rip-relative	]
steam	instrument-raw-writer	0xebe8a0	0xec5c9b	0x1733768	rip-relative	[NO_DEFAULT_JOB]
steam	instrument-raw-writer	0xebe8a0	0xec5cac	0x1733750	rip-relative	[INCOMPLETE_ITEM]
steam	instrument-raw-writer	0xebe8a0	0xec5cbd	0x17338e0	rip-relative	[UNIMPROVABLE]
steam	instrument-raw-writer	0xebe8a0	0xec5cce	0x173378c	rip-relative	[NAME:
steam	instrument-raw-writer	0xebe8a0	0xec5cf4	0x1734048	rip-relative	 blowpipe
steam	instrument-raw-writer	0xebe8a0	0xec5d07	0x1618434	rip-relative	:
steam	instrument-raw-writer	0xebe8a0	0xec5d2d	0x1734038	rip-relative	 blowpipes
steam	instrument-raw-writer	0xebe8a0	0xec5d40	0x15fd690	rip-relative	]
steam	instrument-raw-writer	0xebe8a0	0xec5d64	0x1733838	rip-relative	[VALUE:10]
steam	instrument-raw-writer	0xebe8a0	0xec5d88	0x1733860	rip-relative	[TILE:155][UNIMPROVABLE]
steam	instrument-raw-writer	0xebe8a0	0xec5d99	0x1733854	rip-relative	[SIZE:
steam	instrument-raw-writer	0xebe8a0	0xec5dba	0x15fd690	rip-relative	]
steam	instrument-raw-writer	0xebe8a0	0xec5dde	0x17337d0	rip-relative	[MATERIAL_SIZE:
steam	instrument-raw-writer	0xebe8a0	0xec5dff	0x15fd690	rip-relative	]
steam	instrument-raw-writer	0xebe8a0	0xec5e23	0x17337b8	rip-relative	[DESCRIPTION:The 
steam	instrument-raw-writer	0xebe8a0	0xec5e49	0x1733fc0	rip-relative	 blowpipe is used by the musician to send air into the instrument.]
steam	instrument-raw-writer	0xebe8a0	0xec5e6d	0x1733798	rip-relative	[ITEM_TOOL:
steam	instrument-raw-writer	0xebe8a0	0xec5e93	0x15fd690	rip-relative	]
steam	instrument-raw-writer	0xebe8a0	0xec5eb7	0x16ab080	rip-relative	[GENERATED]
steam	instrument-raw-writer	0xebe8a0	0xec5ece	0x17321f8	rip-relative	[SOURCE_HFID:
steam	instrument-raw-writer	0xebe8a0	0xec5ef1	0x15fd690	rip-relative	]
steam	instrument-raw-writer	0xebe8a0	0xec5f28	0x1732208	rip-relative	[SOURCE_ENID:
steam	instrument-raw-writer	0xebe8a0	0xec5f4b	0x15fd690	rip-relative	]
steam	instrument-raw-writer	0xebe8a0	0xec5f7c	0x1733768	rip-relative	[NO_DEFAULT_JOB]
steam	instrument-raw-writer	0xebe8a0	0xec5f8d	0x1733750	rip-relative	[INCOMPLETE_ITEM]
steam	instrument-raw-writer	0xebe8a0	0xec5f9e	0x17338e0	rip-relative	[UNIMPROVABLE]
steam	instrument-raw-writer	0xebe8a0	0xec5faf	0x173378c	rip-relative	[NAME:
steam	instrument-raw-writer	0xebe8a0	0xec5fd5	0x1705890	rip-relative	 bag
steam	instrument-raw-writer	0xebe8a0	0xec5fe8	0x1618434	rip-relative	:
steam	instrument-raw-writer	0xebe8a0	0xec600e	0x16deae0	rip-relative	 bags
steam	instrument-raw-writer	0xebe8a0	0xec6021	0x15fd690	rip-relative	]
steam	instrument-raw-writer	0xebe8a0	0xec6045	0x1733838	rip-relative	[VALUE:10]
steam	instrument-raw-writer	0xebe8a0	0xec606c	0x1733860	rip-relative	[TILE:155][UNIMPROVABLE]
steam	instrument-raw-writer	0xebe8a0	0xec607d	0x1733854	rip-relative	[SIZE:
steam	instrument-raw-writer	0xebe8a0	0xec609f	0x15fd690	rip-relative	]
steam	instrument-raw-writer	0xebe8a0	0xec60c3	0x17337d0	rip-relative	[MATERIAL_SIZE:
steam	instrument-raw-writer	0xebe8a0	0xec60e5	0x15fd690	rip-relative	]
steam	instrument-raw-writer	0xebe8a0	0xec6109	0x17337b8	rip-relative	[DESCRIPTION:The 
steam	instrument-raw-writer	0xebe8a0	0xec612f	0x1733f60	rip-relative	 bag is used by the musician to control the steady flow of air through the instrument.]
steam	instrument-raw-writer	0xebe8a0	0xec6153	0x1733798	rip-relative	[ITEM_TOOL:
steam	instrument-raw-writer	0xebe8a0	0xec6179	0x15fd690	rip-relative	]
steam	instrument-raw-writer	0xebe8a0	0xec619d	0x16ab080	rip-relative	[GENERATED]
steam	instrument-raw-writer	0xebe8a0	0xec61b4	0x17321f8	rip-relative	[SOURCE_HFID:
steam	instrument-raw-writer	0xebe8a0	0xec61d7	0x15fd690	rip-relative	]
steam	instrument-raw-writer	0xebe8a0	0xec620e	0x1732208	rip-relative	[SOURCE_ENID:
steam	instrument-raw-writer	0xebe8a0	0xec6231	0x15fd690	rip-relative	]
steam	instrument-raw-writer	0xebe8a0	0xec6262	0x1733768	rip-relative	[NO_DEFAULT_JOB]
steam	instrument-raw-writer	0xebe8a0	0xec6273	0x1733750	rip-relative	[INCOMPLETE_ITEM]
steam	instrument-raw-writer	0xebe8a0	0xec6284	0x17338e0	rip-relative	[UNIMPROVABLE]
steam	instrument-raw-writer	0xebe8a0	0xec6295	0x173378c	rip-relative	[NAME:
steam	instrument-raw-writer	0xebe8a0	0xec62bb	0x1734018	rip-relative	 melody pipe
steam	instrument-raw-writer	0xebe8a0	0xec62ce	0x1618434	rip-relative	:
steam	instrument-raw-writer	0xebe8a0	0xec62f4	0x1734008	rip-relative	 melody pipes
steam	instrument-raw-writer	0xebe8a0	0xec6307	0x15fd690	rip-relative	]
steam	instrument-raw-writer	0xebe8a0	0xec632b	0x1733838	rip-relative	[VALUE:10]
steam	instrument-raw-writer	0xebe8a0	0xec634d	0x1733860	rip-relative	[TILE:155][UNIMPROVABLE]
steam	instrument-raw-writer	0xebe8a0	0xec635e	0x1733854	rip-relative	[SIZE:
steam	instrument-raw-writer	0xebe8a0	0xec6380	0x15fd690	rip-relative	]
steam	instrument-raw-writer	0xebe8a0	0xec63a4	0x17337d0	rip-relative	[MATERIAL_SIZE:
steam	instrument-raw-writer	0xebe8a0	0xec63c6	0x15fd690	rip-relative	]
steam	instrument-raw-writer	0xebe8a0	0xec63ea	0x17337b8	rip-relative	[DESCRIPTION:The 
steam	instrument-raw-writer	0xebe8a0	0xec6410	0x17340e0	rip-relative	 melody pipe is used by the musician to select the pitch of the instrument.]
steam	instrument-raw-writer	0xebe8a0	0xec6434	0x1733798	rip-relative	[ITEM_TOOL:
steam	instrument-raw-writer	0xebe8a0	0xec645a	0x15fd690	rip-relative	]
steam	instrument-raw-writer	0xebe8a0	0xec647e	0x16ab080	rip-relative	[GENERATED]
steam	instrument-raw-writer	0xebe8a0	0xec6495	0x17321f8	rip-relative	[SOURCE_HFID:
steam	instrument-raw-writer	0xebe8a0	0xec64b8	0x15fd690	rip-relative	]
steam	instrument-raw-writer	0xebe8a0	0xec64ef	0x1732208	rip-relative	[SOURCE_ENID:
steam	instrument-raw-writer	0xebe8a0	0xec6512	0x15fd690	rip-relative	]
steam	instrument-raw-writer	0xebe8a0	0xec6543	0x1733768	rip-relative	[NO_DEFAULT_JOB]
steam	instrument-raw-writer	0xebe8a0	0xec6554	0x1733750	rip-relative	[INCOMPLETE_ITEM]
steam	instrument-raw-writer	0xebe8a0	0xec6565	0x17338e0	rip-relative	[UNIMPROVABLE]
steam	instrument-raw-writer	0xebe8a0	0xec6576	0x173378c	rip-relative	[NAME:
steam	instrument-raw-writer	0xebe8a0	0xec659c	0x17340c8	rip-relative	 drone pipe
steam	instrument-raw-writer	0xebe8a0	0xec65ba	0x15e9298	rip-relative	s
steam	instrument-raw-writer	0xebe8a0	0xec65cd	0x1618434	rip-relative	:
steam	instrument-raw-writer	0xebe8a0	0xec65f3	0x1734148	rip-relative	 drone pipes
steam	instrument-raw-writer	0xebe8a0	0xec6606	0x15fd690	rip-relative	]
steam	instrument-raw-writer	0xebe8a0	0xec662a	0x1733838	rip-relative	[VALUE:10]
steam	instrument-raw-writer	0xebe8a0	0xec664c	0x1733860	rip-relative	[TILE:155][UNIMPROVABLE]
steam	instrument-raw-writer	0xebe8a0	0xec665d	0x1733854	rip-relative	[SIZE:
steam	instrument-raw-writer	0xebe8a0	0xec6680	0x15fd690	rip-relative	]
steam	instrument-raw-writer	0xebe8a0	0xec66a4	0x17337d0	rip-relative	[MATERIAL_SIZE:
steam	instrument-raw-writer	0xebe8a0	0xec66c6	0x15fd690	rip-relative	]
steam	instrument-raw-writer	0xebe8a0	0xec66ea	0x17337b8	rip-relative	[DESCRIPTION:The 
steam	instrument-raw-writer	0xebe8a0	0xec671b	0x1734130	rip-relative	 drone pipes produce
steam	instrument-raw-writer	0xebe8a0	0xec6724	0x1734098	rip-relative	 drone pipe produces
steam	instrument-raw-writer	0xebe8a0	0xec6730	0x1734058	rip-relative	 a constant pitch with the flow of air out of the instrument.]
steam	instrument-raw-writer	0xebe8a0	0xec6770	0x1733a68	rip-relative	[ITEM_INSTRUMENT:
steam	instrument-raw-writer	0xebe8a0	0xec6796	0x15fd690	rip-relative	]
steam	instrument-raw-writer	0xebe8a0	0xec67ba	0x16ab080	rip-relative	[GENERATED]
steam	instrument-raw-writer	0xebe8a0	0xec67d6	0x17321f8	rip-relative	[SOURCE_HFID:
steam	instrument-raw-writer	0xebe8a0	0xec67fe	0x15fd690	rip-relative	]
steam	instrument-raw-writer	0xebe8a0	0xec683a	0x1732208	rip-relative	[SOURCE_ENID:
steam	instrument-raw-writer	0xebe8a0	0xec6862	0x15fd690	rip-relative	]
steam	instrument-raw-writer	0xebe8a0	0xec6893	0x173378c	rip-relative	[NAME:
steam	instrument-raw-writer	0xebe8a0	0xec68b9	0x1618434	rip-relative	:
steam	instrument-raw-writer	0xebe8a0	0xec68df	0x15fd690	rip-relative	]
steam	instrument-raw-writer	0xebe8a0	0xec6903	0x1733a58	rip-relative	[VALUE:50]
steam	instrument-raw-writer	0xebe8a0	0xec6914	0x1733854	rip-relative	[SIZE:
steam	instrument-raw-writer	0xebe8a0	0xec6936	0x15fd690	rip-relative	]
steam	instrument-raw-writer	0xebe8a0	0xec6969	0x17337d0	rip-relative	[MATERIAL_SIZE:
steam	instrument-raw-writer	0xebe8a0	0xec699c	0x15fd690	rip-relative	]
steam	instrument-raw-writer	0xebe8a0	0xec69dc	0x17339b0	rip-relative	[PLACED_AS_BUILDING]
steam	instrument-raw-writer	0xebe8a0	0xec69f5	0x1734158	rip-relative	[DOMINANT_MATERIAL_PIECE:BAG]
steam	instrument-raw-writer	0xebe8a0	0xec6a06	0x17339d8	rip-relative	[INSTRUMENT_PIECE:
steam	instrument-raw-writer	0xebe8a0	0xec6a19	0x17341cc	rip-relative	BLOW:
steam	instrument-raw-writer	0xebe8a0	0xec6a49	0x1732fe8	rip-relative	:bellows:bellows
steam	instrument-raw-writer	0xebe8a0	0xec6a52	0x17341b8	rip-relative	:blowpipe:blowpipes
steam	instrument-raw-writer	0xebe8a0	0xec6a5e	0x1733ab8	rip-relative	:STANDARD]
steam	instrument-raw-writer	0xebe8a0	0xec6a82	0x17339d8	rip-relative	[INSTRUMENT_PIECE:
steam	instrument-raw-writer	0xebe8a0	0xec6a95	0x17342cc	rip-relative	BAG:
steam	instrument-raw-writer	0xebe8a0	0xec6abb	0x17342c0	rip-relative	:bag:bags
steam	instrument-raw-writer	0xebe8a0	0xec6ace	0x1733ab8	rip-relative	:STANDARD]
steam	instrument-raw-writer	0xebe8a0	0xec6af2	0x17339d8	rip-relative	[INSTRUMENT_PIECE:
steam	instrument-raw-writer	0xebe8a0	0xec6b05	0x17342f8	rip-relative	MELODY:
steam	instrument-raw-writer	0xebe8a0	0xec6b2b	0x17342d8	rip-relative	:melody pipe:melody pipes
steam	instrument-raw-writer	0xebe8a0	0xec6b3e	0x1733ab8	rip-relative	:STANDARD]
steam	instrument-raw-writer	0xebe8a0	0xec6b62	0x17339d8	rip-relative	[INSTRUMENT_PIECE:
steam	instrument-raw-writer	0xebe8a0	0xec6b75	0x1734270	rip-relative	DRONES:
steam	instrument-raw-writer	0xebe8a0	0xec6ba6	0x1734248	rip-relative	:drone pipes:drone pipes:ALWAYS_PLURAL]
steam	instrument-raw-writer	0xebe8a0	0xec6baf	0x1734298	rip-relative	:drone pipe:drone pipes:STANDARD]
steam	instrument-raw-writer	0xebe8a0	0xec6bd7	0x1734278	rip-relative	[DOMINANT_MATERIAL_PIECE:CHEST]
steam	instrument-raw-writer	0xebe8a0	0xec6be8	0x17339d8	rip-relative	[INSTRUMENT_PIECE:
steam	instrument-raw-writer	0xebe8a0	0xec6bfb	0x17341cc	rip-relative	BLOW:
steam	instrument-raw-writer	0xebe8a0	0xec6c21	0x17341b8	rip-relative	:blowpipe:blowpipes
steam	instrument-raw-writer	0xebe8a0	0xec6c34	0x1733ab8	rip-relative	:STANDARD]
steam	instrument-raw-writer	0xebe8a0	0xec6c58	0x17339d8	rip-relative	[INSTRUMENT_PIECE:
steam	instrument-raw-writer	0xebe8a0	0xec6c6b	0x17350d8	rip-relative	CHEST:
steam	instrument-raw-writer	0xebe8a0	0xec6c91	0x17350c0	rip-relative	:wind chest:wind chests
steam	instrument-raw-writer	0xebe8a0	0xec6ca4	0x1733ab8	rip-relative	:STANDARD]
steam	instrument-raw-writer	0xebe8a0	0xec6cc8	0x17339d8	rip-relative	[INSTRUMENT_PIECE:
steam	instrument-raw-writer	0xebe8a0	0xec6cdb	0x17350ec	rip-relative	PIPES:
steam	instrument-raw-writer	0xebe8a0	0xec6d01	0x17350e0	rip-relative	:pipe:pipes
steam	instrument-raw-writer	0xebe8a0	0xec6d14	0x1733ab8	rip-relative	:STANDARD]
steam	instrument-raw-writer	0xebe8a0	0xec6daf	0x1735040	rip-relative	[SOUND_PRODUCTION:BAG_OVER_REED:BAG:MELODY]
steam	instrument-raw-writer	0xebe8a0	0xec6dc0	0x1735010	rip-relative	[SOUND_PRODUCTION:BAG_OVER_REED:BAG:DRONES]
steam	instrument-raw-writer	0xebe8a0	0xec6de4	0x1735098	rip-relative	[PITCH_CHOICE:STOPPING_HOLE:MELODY]
steam	instrument-raw-writer	0xebe8a0	0xec6df7	0x1735070	rip-relative	[PITCH_CHOICE:STOPPING_HOLE_KEY:MELODY]
steam	instrument-raw-writer	0xebe8a0	0xec6e2f	0x17351c8	rip-relative	[SOUND_PRODUCTION:VIBRATE_BP_AGAINST_OPENING:SELF]
steam	instrument-raw-writer	0xebe8a0	0xec6e5d	0x1735128	rip-relative	[PITCH_CHOICE:BP_IN_BELL:SELF]
steam	instrument-raw-writer	0xebe8a0	0xec6e73	0x1735200	rip-relative	[PITCH_CHOICE:VALVE_ROUTES_AIR:SELF]
steam	instrument-raw-writer	0xebe8a0	0xec6e89	0x1735228	rip-relative	[PITCH_CHOICE:HARMONIC_SERIES:SELF]
steam	instrument-raw-writer	0xebe8a0	0xec6e9f	0x17351a8	rip-relative	[PITCH_CHOICE:SLIDE:SELF]
steam	instrument-raw-writer	0xebe8a0	0xec6ed1	0x17350f8	rip-relative	[SOUND_PRODUCTION:BLOW_OVER_OPENING_END:SELF]
steam	instrument-raw-writer	0xebe8a0	0xec6f70	0x1735328	rip-relative	[SOUND_PRODUCTION:BLOW_OVER_SINGLE_REED:SELF]
steam	instrument-raw-writer	0xebe8a0	0xec6f83	0x17352f8	rip-relative	[SOUND_PRODUCTION:BLOW_OVER_DOUBLE_REED:SELF]
steam	instrument-raw-writer	0xebe8a0	0xec6fa7	0x1735148	rip-relative	[SOUND_PRODUCTION:BLOW_OVER_OPENING_SIDE:SELF]
steam	instrument-raw-writer	0xebe8a0	0xec6fba	0x17350f8	rip-relative	[SOUND_PRODUCTION:BLOW_OVER_OPENING_END:SELF]
steam	instrument-raw-writer	0xebe8a0	0xec6fcd	0x1735178	rip-relative	[SOUND_PRODUCTION:BLOW_AGAINST_FIPPLE:SELF]
steam	instrument-raw-writer	0xebe8a0	0xec6ff7	0x1735228	rip-relative	[PITCH_CHOICE:HARMONIC_SERIES:SELF]
steam	instrument-raw-writer	0xebe8a0	0xec7029	0x1735380	rip-relative	[PITCH_CHOICE:STOPPING_HOLE:SELF]
steam	instrument-raw-writer	0xebe8a0	0xec703c	0x1735358	rip-relative	[PITCH_CHOICE:STOPPING_HOLE_KEY:SELF]
steam	instrument-raw-writer	0xebe8a0	0xec70eb	0x1735328	rip-relative	[SOUND_PRODUCTION:BLOW_OVER_SINGLE_REED:SELF]
steam	instrument-raw-writer	0xebe8a0	0xec70fe	0x17352f8	rip-relative	[SOUND_PRODUCTION:BLOW_OVER_DOUBLE_REED:SELF]
steam	instrument-raw-writer	0xebe8a0	0xec7124	0x1735148	rip-relative	[SOUND_PRODUCTION:BLOW_OVER_OPENING_SIDE:SELF]
steam	instrument-raw-writer	0xebe8a0	0xec7137	0x17350f8	rip-relative	[SOUND_PRODUCTION:BLOW_OVER_OPENING_END:SELF]
steam	instrument-raw-writer	0xebe8a0	0xec714a	0x1735178	rip-relative	[SOUND_PRODUCTION:BLOW_AGAINST_FIPPLE:SELF]
steam	instrument-raw-writer	0xebe8a0	0xec7160	0x1735280	rip-relative	[PITCH_CHOICE:SUBPART_CHOICE:SELF]
steam	instrument-raw-writer	0xebe8a0	0xec71c7	0x1735250	rip-relative	[SOUND_PRODUCTION:BLOW_OVER_FREE_REED:CHEST]
steam	instrument-raw-writer	0xebe8a0	0xec71eb	0x17352d0	rip-relative	[PITCH_CHOICE:STOPPING_HOLE:CHEST]
steam	instrument-raw-writer	0xebe8a0	0xec71fe	0x17352a8	rip-relative	[PITCH_CHOICE:STOPPING_HOLE_KEY:CHEST]
steam	instrument-raw-writer	0xebe8a0	0xec720f	0x17330e0	rip-relative	[VOLUME_mB:
steam	instrument-raw-writer	0xebe8a0	0xec7230	0x1618434	rip-relative	:
steam	instrument-raw-writer	0xebe8a0	0xec7254	0x15fd690	rip-relative	]
steam	instrument-raw-writer	0xebe8a0	0xec72b3	0x1732fd8	rip-relative	[PITCH_RANGE:
steam	instrument-raw-writer	0xebe8a0	0xec72d6	0x1618434	rip-relative	:
steam	instrument-raw-writer	0xebe8a0	0xec72f9	0x15fd690	rip-relative	]
steam	instrument-raw-writer	0xebe8a0	0xec7332	0x1735450	rip-relative	[TUNING:CROOKS:SELF]
steam	instrument-raw-writer	0xebe8a0	0xec7379	0x1735428	rip-relative	[MUSIC_SKILL:PLAY_WIND_INSTRUMENT]
steam	instrument-raw-writer	0xebe8a0	0xec738a	0x1733258	rip-relative	[DESCRIPTION:
steam	instrument-raw-writer	0xebe8a0	0xec73aa	0x15ed9bc	rip-relative	The 
steam	instrument-raw-writer	0xebe8a0	0xec73d0	0x1649b7c	rip-relative	 is a 
steam	instrument-raw-writer	0xebe8a0	0xec73ec	0x1733248	rip-relative	huge stationary
steam	instrument-raw-writer	0xebe8a0	0xec73fe	0x17331b8	rip-relative	large stationary
steam	instrument-raw-writer	0xebe8a0	0xec7410	0x17331a8	rip-relative	large hand-held
steam	instrument-raw-writer	0xebe8a0	0xec7422	0x17331e0	rip-relative	mid-size hand-held
steam	instrument-raw-writer	0xebe8a0	0xec7432	0x17331d0	rip-relative	small hand-held
steam	instrument-raw-writer	0xebe8a0	0xec743b	0x1733320	rip-relative	tiny hand-held
steam	instrument-raw-writer	0xebe8a0	0xec744e	0x15e873c	rip-relative	 
steam	instrument-raw-writer	0xebe8a0	0xec746c	0x1735490	rip-relative	wind instrument through which constant air flow is maintained by use of a 
steam	instrument-raw-writer	0xebe8a0	0xec748e	0x1735468	rip-relative	 bag, itself supplied by a 
steam	instrument-raw-writer	0xebe8a0	0xec74b7	0x1733950	rip-relative	 bellows
steam	instrument-raw-writer	0xebe8a0	0xec74c8	0x1734048	rip-relative	 blowpipe
steam	instrument-raw-writer	0xebe8a0	0xec74db	0x15fd968	rip-relative	.  
steam	instrument-raw-writer	0xebe8a0	0xec74ee	0x17353c8	rip-relative	The musician selects the pitch by 
steam	instrument-raw-writer	0xebe8a0	0xec750d	0x17353a8	rip-relative	pressing keys to stop holes
steam	instrument-raw-writer	0xebe8a0	0xec7516	0x1735418	rip-relative	stopping holes
steam	instrument-raw-writer	0xebe8a0	0xec7522	0x15ee508	rip-relative	 in the 
steam	instrument-raw-writer	0xebe8a0	0xec7544	0x17353f0	rip-relative	 melody pipe attached to the bag.  
steam	instrument-raw-writer	0xebe8a0	0xec7557	0x1735540	rip-relative	The melody pipe is a 
steam	instrument-raw-writer	0xebe8a0	0xec7579	0x1735530	rip-relative	conical bore
steam	instrument-raw-writer	0xebe8a0	0xec7582	0x1735568	rip-relative	cylindrical bore
steam	instrument-raw-writer	0xebe8a0	0xec758e	0x15e873c	rip-relative	 
steam	instrument-raw-writer	0xebe8a0	0xec75ac	0x1735558	rip-relative	double-tube
steam	instrument-raw-writer	0xebe8a0	0xec75bf	0x17354f8	rip-relative	 with flared bells
steam	instrument-raw-writer	0xebe8a0	0xec75c8	0x16ceb90	rip-relative	tube
steam	instrument-raw-writer	0xebe8a0	0xec75db	0x17354e0	rip-relative	 with a flared bell
steam	instrument-raw-writer	0xebe8a0	0xec75ee	0x15fd968	rip-relative	.  
steam	instrument-raw-writer	0xebe8a0	0xec760a	0x166b990	rip-relative	A
steam	instrument-raw-writer	0xebe8a0	0xec7666	0x15e873c	rip-relative	 
steam	instrument-raw-writer	0xebe8a0	0xec7688	0x17340c8	rip-relative	 drone pipe
steam	instrument-raw-writer	0xebe8a0	0xec76a5	0x1735520	rip-relative	s provide
steam	instrument-raw-writer	0xebe8a0	0xec76ae	0x1735510	rip-relative	 provides
steam	instrument-raw-writer	0xebe8a0	0xec76ba	0x1735648	rip-relative	 constant accompaniment.  
steam	instrument-raw-writer	0xebe8a0	0xec76e3	0x1685580	rip-relative	straight
steam	instrument-raw-writer	0xebe8a0	0xec76f1	0x173563c	rip-relative	curved
steam	instrument-raw-writer	0xebe8a0	0xec76ff	0x1735670	rip-relative	looping
steam	instrument-raw-writer	0xebe8a0	0xec7712	0x15e873c	rip-relative	 
steam	instrument-raw-writer	0xebe8a0	0xec7734	0x15e873c	rip-relative	 
steam	instrument-raw-writer	0xebe8a0	0xec7747	0x1735668	rip-relative	horn.  
steam	instrument-raw-writer	0xebe8a0	0xec775a	0x1735598	rip-relative	The musician blows into the instrument and selects pitch 
steam	instrument-raw-writer	0xebe8a0	0xec7772	0x1735580	rip-relative	by adjusting a slide
steam	instrument-raw-writer	0xebe8a0	0xec778a	0x1735610	rip-relative	by achieving higher and higher harmonics
steam	instrument-raw-writer	0xebe8a0	0xec77a2	0x17355d8	rip-relative	by pressing valves to route air through different tube
steam	instrument-raw-writer	0xebe8a0	0xec77ba	0x1735750	rip-relative	by restricting air flow out of the bell
steam	instrument-raw-writer	0xebe8a0	0xec77cd	0x15fd968	rip-relative	.  
steam	instrument-raw-writer	0xebe8a0	0xec77f5	0x1735738	rip-relative	closed cylindrical
steam	instrument-raw-writer	0xebe8a0	0xec7805	0x1735790	rip-relative	globular
steam	instrument-raw-writer	0xebe8a0	0xec7811	0x1735530	rip-relative	conical bore
steam	instrument-raw-writer	0xebe8a0	0xec781a	0x1735568	rip-relative	cylindrical bore
steam	instrument-raw-writer	0xebe8a0	0xec782d	0x15e873c	rip-relative	 
steam	instrument-raw-writer	0xebe8a0	0xec784f	0x1735778	rip-relative	 wind instrument
steam	instrument-raw-writer	0xebe8a0	0xec786a	0x17354e0	rip-relative	 with a flared bell
steam	instrument-raw-writer	0xebe8a0	0xec787d	0x15fd968	rip-relative	.  
steam	instrument-raw-writer	0xebe8a0	0xec789b	0x17356a8	rip-relative	The musician blows into the fipple at one end
steam	instrument-raw-writer	0xebe8a0	0xec78c6	0x1735678	rip-relative	The musician blows across a hole in the side
steam	instrument-raw-writer	0xebe8a0	0xec78ea	0x1735710	rip-relative	The musician blows across the end hole
steam	instrument-raw-writer	0xebe8a0	0xec78fa	0x17356d8	rip-relative	The musician blows over a single reed at one end
steam	instrument-raw-writer	0xebe8a0	0xec790a	0x1735838	rip-relative	The musician blows through a double reed at one end
steam	instrument-raw-writer	0xebe8a0	0xec791d	0x15fd968	rip-relative	.  
steam	instrument-raw-writer	0xebe8a0	0xec793c	0x17357f0	rip-relative	The musician selects the pitch by achieving higher and higher harmonics
steam	instrument-raw-writer	0xebe8a0	0xec7956	0x1735890	rip-relative	 and can also 
steam	instrument-raw-writer	0xebe8a0	0xec7977	0x1735870	rip-relative	press keys to stop holes
steam	instrument-raw-writer	0xebe8a0	0xec7980	0x17357c0	rip-relative	stop holes
steam	instrument-raw-writer	0xebe8a0	0xec7989	0x17353c8	rip-relative	The musician selects the pitch by 
steam	instrument-raw-writer	0xebe8a0	0xec79a1	0x17353a8	rip-relative	pressing keys to stop holes
steam	instrument-raw-writer	0xebe8a0	0xec79aa	0x1735418	rip-relative	stopping holes
steam	instrument-raw-writer	0xebe8a0	0xec79b6	0x15fd968	rip-relative	.  
steam	instrument-raw-writer	0xebe8a0	0xec79eb	0x17357a0	rip-relative	wind instrument consisting of 
steam	instrument-raw-writer	0xebe8a0	0xec7a32	0x17357d8	rip-relative	 adjacent 
steam	instrument-raw-writer	0xebe8a0	0xec7a4a	0x17357cc	rip-relative	closed
steam	instrument-raw-writer	0xebe8a0	0xec7a56	0x1734ac0	rip-relative	conical
steam	instrument-raw-writer	0xebe8a0	0xec7a5f	0x1734ab0	rip-relative	cylindrical
steam	instrument-raw-writer	0xebe8a0	0xec7a72	0x15e873c	rip-relative	 
steam	instrument-raw-writer	0xebe8a0	0xec7a94	0x17332f8	rip-relative	 pipes.  
steam	instrument-raw-writer	0xebe8a0	0xec7aac	0x1734b08	rip-relative	The musician blows into the fipple at the end of each pipe
steam	instrument-raw-writer	0xebe8a0	0xec7aba	0x1734ac8	rip-relative	The musician blows across a hole in the side of each pipe
steam	instrument-raw-writer	0xebe8a0	0xec7ac8	0x1734a08	rip-relative	The musician blows across the end of each pipe
steam	instrument-raw-writer	0xebe8a0	0xec7ad8	0x17349d0	rip-relative	The musician blows over a single reed in each pipe
steam	instrument-raw-writer	0xebe8a0	0xec7ae8	0x1734a78	rip-relative	The musician blows through a double reed in each pipe
steam	instrument-raw-writer	0xebe8a0	0xec7afb	0x15fd968	rip-relative	.  
steam	instrument-raw-writer	0xebe8a0	0xec7b3c	0x1734a38	rip-relative	 wind instrument consisting of a central wind chest and 
steam	instrument-raw-writer	0xebe8a0	0xec7b7e	0x15e873c	rip-relative	 
steam	instrument-raw-writer	0xebe8a0	0xec7b9b	0x1734ac0	rip-relative	conical
steam	instrument-raw-writer	0xebe8a0	0xec7ba4	0x1734ab0	rip-relative	cylindrical
steam	instrument-raw-writer	0xebe8a0	0xec7bb0	0x15e873c	rip-relative	 
steam	instrument-raw-writer	0xebe8a0	0xec7bd2	0x173397c	rip-relative	 pipes
steam	instrument-raw-writer	0xebe8a0	0xec7be9	0x17354f8	rip-relative	 with flared bells
steam	instrument-raw-writer	0xebe8a0	0xec7bfc	0x1734b70	rip-relative	, fitted with free reeds.  
steam	instrument-raw-writer	0xebe8a0	0xec7c0f	0x17353c8	rip-relative	The musician selects the pitch by 
steam	instrument-raw-writer	0xebe8a0	0xec7c2e	0x17353a8	rip-relative	pressing keys to stop holes
steam	instrument-raw-writer	0xebe8a0	0xec7c37	0x1735418	rip-relative	stopping holes
steam	instrument-raw-writer	0xebe8a0	0xec7c43	0x15fd968	rip-relative	.  
steam	instrument-raw-writer	0xebe8a0	0xec7d03	0x15fd690	rip-relative	]
steam	instrument-raw-writer	0xebe8a0	0xec7fc6	0x1734b68	rip-relative	INP
steam	instrument-raw-writer	0xebe8a0	0xec80b0	0x1734b44	rip-relative	sticks
steam	instrument-raw-writer	0xebe8a0	0xec80c7	0x1734b60	rip-relative	stick
steam	instrument-raw-writer	0xebe8a0	0xec80d0	0x1734b50	rip-relative	hammers
steam	instrument-raw-writer	0xebe8a0	0xec80fc	0x16c0f34	rip-relative	hammer
steam	instrument-raw-writer	0xebe8a0	0xec8105	0x1734b98	rip-relative	mallets
steam	instrument-raw-writer	0xebe8a0	0xec8131	0x1734b8c	rip-relative	mallet
steam	instrument-raw-writer	0xebe8a0	0xec829a	0x164f9b8	rip-relative	drums
steam	instrument-raw-writer	0xebe8a0	0xec82c8	0x1734b58	rip-relative	drum
steam	instrument-raw-writer	0xebe8a0	0xec82fb	0x1734bd0	rip-relative	bowl-shaped
steam	instrument-raw-writer	0xebe8a0	0xec830e	0x16ceb90	rip-relative	tube
steam	instrument-raw-writer	0xebe8a0	0xec8321	0x16ce5f4	rip-relative	barrel
steam	instrument-raw-writer	0xebe8a0	0xec8334	0x16ce5d4	rip-relative	goblet
steam	instrument-raw-writer	0xebe8a0	0xec8347	0x1734bc0	rip-relative	hourglass
steam	instrument-raw-writer	0xebe8a0	0xec83a8	0x16ce738	rip-relative	bars
steam	instrument-raw-writer	0xebe8a0	0xec83d9	0x1734be4	rip-relative	bar
steam	instrument-raw-writer	0xebe8a0	0xec83e5	0x1734bdc	rip-relative	chimes
steam	instrument-raw-writer	0xebe8a0	0xec8416	0x1734ba8	rip-relative	chime
steam	instrument-raw-writer	0xebe8a0	0xec8422	0x16ce758	rip-relative	blocks
steam	instrument-raw-writer	0xebe8a0	0xec8453	0x1734ba0	rip-relative	block
steam	instrument-raw-writer	0xebe8a0	0xec845f	0x1734bb8	rip-relative	bowls
steam	instrument-raw-writer	0xebe8a0	0xec8490	0x1734bb0	rip-relative	bowl
steam	instrument-raw-writer	0xebe8a0	0xec849c	0x1734c38	rip-relative	triangles
steam	instrument-raw-writer	0xebe8a0	0xec84ca	0x1734c28	rip-relative	triangle
steam	instrument-raw-writer	0xebe8a0	0xec84d3	0x1734c4c	rip-relative	bells
steam	instrument-raw-writer	0xebe8a0	0xec8501	0x1734c44	rip-relative	bell
steam	instrument-raw-writer	0xebe8a0	0xec850a	0x1734c0c	rip-relative	rings
steam	instrument-raw-writer	0xebe8a0	0xec8538	0x16cea50	rip-relative	ring
steam	instrument-raw-writer	0xebe8a0	0xec8576	0x17337e0	rip-relative	_BODY
steam	instrument-raw-writer	0xebe8a0	0xec85ac	0x1733798	rip-relative	[ITEM_TOOL:
steam	instrument-raw-writer	0xebe8a0	0xec85d2	0x15fd690	rip-relative	]
steam	instrument-raw-writer	0xebe8a0	0xec85f6	0x16ab080	rip-relative	[GENERATED]
steam	instrument-raw-writer	0xebe8a0	0xec8612	0x17321f8	rip-relative	[SOURCE_HFID:
steam	instrument-raw-writer	0xebe8a0	0xec863a	0x15fd690	rip-relative	]
steam	instrument-raw-writer	0xebe8a0	0xec8676	0x1732208	rip-relative	[SOURCE_ENID:
steam	instrument-raw-writer	0xebe8a0	0xec869e	0x15fd690	rip-relative	]
steam	instrument-raw-writer	0xebe8a0	0xec86cf	0x1733768	rip-relative	[NO_DEFAULT_JOB]
steam	instrument-raw-writer	0xebe8a0	0xec86e0	0x1733750	rip-relative	[INCOMPLETE_ITEM]
steam	instrument-raw-writer	0xebe8a0	0xec86f1	0x17338e0	rip-relative	[UNIMPROVABLE]
steam	instrument-raw-writer	0xebe8a0	0xec8702	0x173378c	rip-relative	[NAME:
steam	instrument-raw-writer	0xebe8a0	0xec8728	0x15e873c	rip-relative	 
steam	instrument-raw-writer	0xebe8a0	0xec874e	0x1618434	rip-relative	:
steam	instrument-raw-writer	0xebe8a0	0xec8774	0x15e873c	rip-relative	 
steam	instrument-raw-writer	0xebe8a0	0xec879a	0x15fd690	rip-relative	]
steam	instrument-raw-writer	0xebe8a0	0xec87be	0x1733838	rip-relative	[VALUE:10]
steam	instrument-raw-writer	0xebe8a0	0xec87e2	0x1733860	rip-relative	[TILE:155][UNIMPROVABLE]
steam	instrument-raw-writer	0xebe8a0	0xec87f3	0x1733854	rip-relative	[SIZE:
steam	instrument-raw-writer	0xebe8a0	0xec8814	0x15fd690	rip-relative	]
steam	instrument-raw-writer	0xebe8a0	0xec8838	0x17337d0	rip-relative	[MATERIAL_SIZE:
steam	instrument-raw-writer	0xebe8a0	0xec8859	0x15fd690	rip-relative	]
steam	instrument-raw-writer	0xebe8a0	0xec887d	0x17337b8	rip-relative	[DESCRIPTION:The 
steam	instrument-raw-writer	0xebe8a0	0xec88b3	0x15e873c	rip-relative	 
steam	instrument-raw-writer	0xebe8a0	0xec88d9	0x15e873c	rip-relative	 
steam	instrument-raw-writer	0xebe8a0	0xec88ff	0x15e960c	rip-relative	 make
steam	instrument-raw-writer	0xebe8a0	0xec8918	0x15e9298	rip-relative	s
steam	instrument-raw-writer	0xebe8a0	0xec892b	0x1734be8	rip-relative	 up the bulk of the instrument.]
steam	instrument-raw-writer	0xebe8a0	0xec896b	0x1734c1c	rip-relative	_STAND
steam	instrument-raw-writer	0xebe8a0	0xec89a1	0x1733798	rip-relative	[ITEM_TOOL:
steam	instrument-raw-writer	0xebe8a0	0xec89c7	0x15fd690	rip-relative	]
steam	instrument-raw-writer	0xebe8a0	0xec89eb	0x16ab080	rip-relative	[GENERATED]
steam	instrument-raw-writer	0xebe8a0	0xec8a07	0x17321f8	rip-relative	[SOURCE_HFID:
steam	instrument-raw-writer	0xebe8a0	0xec8a2a	0x15fd690	rip-relative	]
steam	instrument-raw-writer	0xebe8a0	0xec8a61	0x1732208	rip-relative	[SOURCE_ENID:
steam	instrument-raw-writer	0xebe8a0	0xec8a84	0x15fd690	rip-relative	]
steam	instrument-raw-writer	0xebe8a0	0xec8ab5	0x1733768	rip-relative	[NO_DEFAULT_JOB]
steam	instrument-raw-writer	0xebe8a0	0xec8ac6	0x1733750	rip-relative	[INCOMPLETE_ITEM]
steam	instrument-raw-writer	0xebe8a0	0xec8ad7	0x17338e0	rip-relative	[UNIMPROVABLE]
steam	instrument-raw-writer	0xebe8a0	0xec8ae8	0x173378c	rip-relative	[NAME:
steam	instrument-raw-writer	0xebe8a0	0xec8b0e	0x1734c14	rip-relative	 stand
steam	instrument-raw-writer	0xebe8a0	0xec8b21	0x1618434	rip-relative	:
steam	instrument-raw-writer	0xebe8a0	0xec8b47	0x1734cf0	rip-relative	 stands
steam	instrument-raw-writer	0xebe8a0	0xec8b5a	0x15fd690	rip-relative	]
steam	instrument-raw-writer	0xebe8a0	0xec8b7e	0x1733838	rip-relative	[VALUE:10]
steam	instrument-raw-writer	0xebe8a0	0xec8ba2	0x1733860	rip-relative	[TILE:155][UNIMPROVABLE]
steam	instrument-raw-writer	0xebe8a0	0xec8bb3	0x1733854	rip-relative	[SIZE:
steam	instrument-raw-writer	0xebe8a0	0xec8bd4	0x15fd690	rip-relative	]
steam	instrument-raw-writer	0xebe8a0	0xec8bf8	0x17337d0	rip-relative	[MATERIAL_SIZE:
steam	instrument-raw-writer	0xebe8a0	0xec8c19	0x15fd690	rip-relative	]
steam	instrument-raw-writer	0xebe8a0	0xec8c3d	0x17337b8	rip-relative	[DESCRIPTION:The 
steam	instrument-raw-writer	0xebe8a0	0xec8c63	0x1734cc0	rip-relative	 stand is used to support the instrument.]
steam	instrument-raw-writer	0xebe8a0	0xec8cad	0x1734d00	rip-relative	_HEAD
steam	instrument-raw-writer	0xebe8a0	0xec8ce4	0x1733798	rip-relative	[ITEM_TOOL:
steam	instrument-raw-writer	0xebe8a0	0xec8d0a	0x15fd690	rip-relative	]
steam	instrument-raw-writer	0xebe8a0	0xec8d2e	0x16ab080	rip-relative	[GENERATED]
steam	instrument-raw-writer	0xebe8a0	0xec8d45	0x17321f8	rip-relative	[SOURCE_HFID:
steam	instrument-raw-writer	0xebe8a0	0xec8d68	0x15fd690	rip-relative	]
steam	instrument-raw-writer	0xebe8a0	0xec8d9f	0x1732208	rip-relative	[SOURCE_ENID:
steam	instrument-raw-writer	0xebe8a0	0xec8dc2	0x15fd690	rip-relative	]
steam	instrument-raw-writer	0xebe8a0	0xec8df3	0x1733768	rip-relative	[NO_DEFAULT_JOB]
steam	instrument-raw-writer	0xebe8a0	0xec8e04	0x1733750	rip-relative	[INCOMPLETE_ITEM]
steam	instrument-raw-writer	0xebe8a0	0xec8e15	0x17338e0	rip-relative	[UNIMPROVABLE]
steam	instrument-raw-writer	0xebe8a0	0xec8e26	0x173378c	rip-relative	[NAME:
steam	instrument-raw-writer	0xebe8a0	0xec8e57	0x1734cf8	rip-relative	 heads
steam	instrument-raw-writer	0xebe8a0	0xec8e60	0x1734c64	rip-relative	 head
steam	instrument-raw-writer	0xebe8a0	0xec8e6c	0x1618434	rip-relative	:
steam	instrument-raw-writer	0xebe8a0	0xec8e92	0x1734cf8	rip-relative	 heads
steam	instrument-raw-writer	0xebe8a0	0xec8ea5	0x15fd690	rip-relative	]
steam	instrument-raw-writer	0xebe8a0	0xec8ec9	0x1733838	rip-relative	[VALUE:10]
steam	instrument-raw-writer	0xebe8a0	0xec8eed	0x1733860	rip-relative	[TILE:155][UNIMPROVABLE]
steam	instrument-raw-writer	0xebe8a0	0xec8efe	0x1733854	rip-relative	[SIZE:
steam	instrument-raw-writer	0xebe8a0	0xec8f20	0x15fd690	rip-relative	]
steam	instrument-raw-writer	0xebe8a0	0xec8f44	0x17337d0	rip-relative	[MATERIAL_SIZE:
steam	instrument-raw-writer	0xebe8a0	0xec8f65	0x15fd690	rip-relative	]
steam	instrument-raw-writer	0xebe8a0	0xec8f89	0x17337b8	rip-relative	[DESCRIPTION:The 
steam	instrument-raw-writer	0xebe8a0	0xec8fba	0x1734c58	rip-relative	 heads are
steam	instrument-raw-writer	0xebe8a0	0xec8fc3	0x1734cb0	rip-relative	 head is
steam	instrument-raw-writer	0xebe8a0	0xec8fcf	0x1734c70	rip-relative	 stretched over the instrument and used to produce sound.]
steam	instrument-raw-writer	0xebe8a0	0xec901c	0x1734d88	rip-relative	_MALLET
steam	instrument-raw-writer	0xebe8a0	0xec903f	0x1733798	rip-relative	[ITEM_TOOL:
steam	instrument-raw-writer	0xebe8a0	0xec9065	0x15fd690	rip-relative	]
steam	instrument-raw-writer	0xebe8a0	0xec9089	0x16ab080	rip-relative	[GENERATED]
steam	instrument-raw-writer	0xebe8a0	0xec90a5	0x17321f8	rip-relative	[SOURCE_HFID:
steam	instrument-raw-writer	0xebe8a0	0xec90c8	0x15fd690	rip-relative	]
steam	instrument-raw-writer	0xebe8a0	0xec90ff	0x1732208	rip-relative	[SOURCE_ENID:
steam	instrument-raw-writer	0xebe8a0	0xec9122	0x15fd690	rip-relative	]
steam	instrument-raw-writer	0xebe8a0	0xec9153	0x1733768	rip-relative	[NO_DEFAULT_JOB]
steam	instrument-raw-writer	0xebe8a0	0xec9164	0x1733750	rip-relative	[INCOMPLETE_ITEM]
steam	instrument-raw-writer	0xebe8a0	0xec9175	0x17338e0	rip-relative	[UNIMPROVABLE]
steam	instrument-raw-writer	0xebe8a0	0xec9186	0x173378c	rip-relative	[NAME:
steam	instrument-raw-writer	0xebe8a0	0xec91ac	0x15e873c	rip-relative	 
steam	instrument-raw-writer	0xebe8a0	0xec91d2	0x1618434	rip-relative	:
steam	instrument-raw-writer	0xebe8a0	0xec91f8	0x15e873c	rip-relative	 
steam	instrument-raw-writer	0xebe8a0	0xec921e	0x15fd690	rip-relative	]
steam	instrument-raw-writer	0xebe8a0	0xec9242	0x1733838	rip-relative	[VALUE:10]
steam	instrument-raw-writer	0xebe8a0	0xec9266	0x1733860	rip-relative	[TILE:155][UNIMPROVABLE]
steam	instrument-raw-writer	0xebe8a0	0xec9277	0x1733854	rip-relative	[SIZE:
steam	instrument-raw-writer	0xebe8a0	0xec929b	0x15fd690	rip-relative	]
steam	instrument-raw-writer	0xebe8a0	0xec92bf	0x17337d0	rip-relative	[MATERIAL_SIZE:
steam	instrument-raw-writer	0xebe8a0	0xec92e3	0x15fd690	rip-relative	]
steam	instrument-raw-writer	0xebe8a0	0xec9307	0x17337b8	rip-relative	[DESCRIPTION:The 
steam	instrument-raw-writer	0xebe8a0	0xec932d	0x15e873c	rip-relative	 
steam	instrument-raw-writer	0xebe8a0	0xec935b	0x15eebd0	rip-relative	 are
steam	instrument-raw-writer	0xebe8a0	0xec9379	0x15eebd8	rip-relative	 is
steam	instrument-raw-writer	0xebe8a0	0xec938c	0x1734d40	rip-relative	 used by the musician to strike the instrument and produce sound.]
steam	instrument-raw-writer	0xebe8a0	0xec93b6	0x1733a68	rip-relative	[ITEM_INSTRUMENT:
steam	instrument-raw-writer	0xebe8a0	0xec93dc	0x15fd690	rip-relative	]
steam	instrument-raw-writer	0xebe8a0	0xec9400	0x16ab080	rip-relative	[GENERATED]
steam	instrument-raw-writer	0xebe8a0	0xec941c	0x17321f8	rip-relative	[SOURCE_HFID:
steam	instrument-raw-writer	0xebe8a0	0xec9444	0x15fd690	rip-relative	]
steam	instrument-raw-writer	0xebe8a0	0xec9480	0x1732208	rip-relative	[SOURCE_ENID:
steam	instrument-raw-writer	0xebe8a0	0xec94a8	0x15fd690	rip-relative	]
steam	instrument-raw-writer	0xebe8a0	0xec94d9	0x173378c	rip-relative	[NAME:
steam	instrument-raw-writer	0xebe8a0	0xec94ff	0x1618434	rip-relative	:
steam	instrument-raw-writer	0xebe8a0	0xec9525	0x15fd690	rip-relative	]
steam	instrument-raw-writer	0xebe8a0	0xec9549	0x1733a58	rip-relative	[VALUE:50]
steam	instrument-raw-writer	0xebe8a0	0xec955a	0x1733854	rip-relative	[SIZE:
steam	instrument-raw-writer	0xebe8a0	0xec957b	0x15fd690	rip-relative	]
steam	instrument-raw-writer	0xebe8a0	0xec95ad	0x17337d0	rip-relative	[MATERIAL_SIZE:
steam	instrument-raw-writer	0xebe8a0	0xec95df	0x15fd690	rip-relative	]
steam	instrument-raw-writer	0xebe8a0	0xec9623	0x17339b0	rip-relative	[PLACED_AS_BUILDING]
steam	instrument-raw-writer	0xebe8a0	0xec9646	0x1733990	rip-relative	[DOMINANT_MATERIAL_PIECE:BODY]
steam	instrument-raw-writer	0xebe8a0	0xec9657	0x17339d8	rip-relative	[INSTRUMENT_PIECE:
steam	instrument-raw-writer	0xebe8a0	0xec966a	0x1733af4	rip-relative	BODY:
steam	instrument-raw-writer	0xebe8a0	0xec9690	0x1618434	rip-relative	:
steam	instrument-raw-writer	0xebe8a0	0xec96b6	0x1618434	rip-relative	:
steam	instrument-raw-writer	0xebe8a0	0xec96e7	0x1733028	rip-relative	:ALWAYS_PLURAL]
steam	instrument-raw-writer	0xebe8a0	0xec96f0	0x1733ab8	rip-relative	:STANDARD]
steam	instrument-raw-writer	0xebe8a0	0xec9712	0x17339d8	rip-relative	[INSTRUMENT_PIECE:
steam	instrument-raw-writer	0xebe8a0	0xec9725	0x1734da0	rip-relative	STAND:
steam	instrument-raw-writer	0xebe8a0	0xec974b	0x1734d90	rip-relative	:stand:stands
steam	instrument-raw-writer	0xebe8a0	0xec975e	0x1733ab8	rip-relative	:STANDARD]
steam	instrument-raw-writer	0xebe8a0	0xec978a	0x17339d8	rip-relative	[INSTRUMENT_PIECE:
steam	instrument-raw-writer	0xebe8a0	0xec979d	0x1734d18	rip-relative	HEAD:
steam	instrument-raw-writer	0xebe8a0	0xec97d0	0x1734d08	rip-relative	:heads:heads
steam	instrument-raw-writer	0xebe8a0	0xec97dc	0x1733028	rip-relative	:ALWAYS_PLURAL]
steam	instrument-raw-writer	0xebe8a0	0xec97e5	0x1734d28	rip-relative	:head:heads
steam	instrument-raw-writer	0xebe8a0	0xec97f1	0x1733ab8	rip-relative	:STANDARD]
steam	instrument-raw-writer	0xebe8a0	0xec981e	0x17339d8	rip-relative	[INSTRUMENT_PIECE:
steam	instrument-raw-writer	0xebe8a0	0xec9831	0x1734d20	rip-relative	MALLET:
steam	instrument-raw-writer	0xebe8a0	0xec9857	0x1618434	rip-relative	:
steam	instrument-raw-writer	0xebe8a0	0xec987d	0x1618434	rip-relative	:
steam	instrument-raw-writer	0xebe8a0	0xec98ac	0x1733028	rip-relative	:ALWAYS_PLURAL]
steam	instrument-raw-writer	0xebe8a0	0xec98b5	0x1733ab8	rip-relative	:STANDARD]
steam	instrument-raw-writer	0xebe8a0	0xec98d2	0x17330e0	rip-relative	[VOLUME_mB:
steam	instrument-raw-writer	0xebe8a0	0xec98f3	0x1618434	rip-relative	:
steam	instrument-raw-writer	0xebe8a0	0xec9917	0x15fd690	rip-relative	]
steam	instrument-raw-writer	0xebe8a0	0xec9947	0x1734e70	rip-relative	[INDEFINITE_PITCH]
steam	instrument-raw-writer	0xebe8a0	0xec9992	0x1734e48	rip-relative	[SOUND_PRODUCTION:STRUCK:MALLET:HEAD]
steam	instrument-raw-writer	0xebe8a0	0xec99ac	0x1734eb0	rip-relative	[SOUND_PRODUCTION:SCRAPED:MALLET:HEAD]
steam	instrument-raw-writer	0xebe8a0	0xec99c6	0x1734bb8	rip-relative	bowls
steam	instrument-raw-writer	0xebe8a0	0xec99eb	0x1734e88	rip-relative	[SOUND_PRODUCTION:FRICTION:MALLET:BODY]
steam	instrument-raw-writer	0xebe8a0	0xec9a1f	0x1734dd0	rip-relative	[SOUND_PRODUCTION:STRUCK:MALLET:BODY]
steam	instrument-raw-writer	0xebe8a0	0xec9a39	0x1734da8	rip-relative	[SOUND_PRODUCTION:SCRAPED:MALLET:BODY]
steam	instrument-raw-writer	0xebe8a0	0xec9a75	0x1734df8	rip-relative	[SOUND_PRODUCTION:STRUCK_BY_BP:BODY]
steam	instrument-raw-writer	0xebe8a0	0xec9a89	0x1734f98	rip-relative	[SOUND_PRODUCTION:PLUCKED_BY_BP:BODY]
steam	instrument-raw-writer	0xebe8a0	0xec9a99	0x1734e20	rip-relative	[SOUND_PRODUCTION:STRUCK_BY_BP:HEAD]
steam	instrument-raw-writer	0xebe8a0	0xec9ac2	0x1734f70	rip-relative	[SOUND_PRODUCTION:STRUCK_BY_BP:SELF]
steam	instrument-raw-writer	0xebe8a0	0xec9af0	0x1734f00	rip-relative	[SOUND_PRODUCTION:SHAKEN:SELF]
steam	instrument-raw-writer	0xebe8a0	0xec9b13	0x1734fc0	rip-relative	[SOUND_PRODUCTION:STRUCK_TOGETHER:SELF]
steam	instrument-raw-writer	0xebe8a0	0xec9b37	0x1734f70	rip-relative	[SOUND_PRODUCTION:STRUCK_BY_BP:SELF]
steam	instrument-raw-writer	0xebe8a0	0xec9b48	0x1734fe8	rip-relative	[SOUND_PRODUCTION:PLUCKED_BY_BP:SELF]
steam	instrument-raw-writer	0xebe8a0	0xec9b70	0x1734ed8	rip-relative	[PITCH_CHOICE:MEMBRANE_POSITION:HEAD]
steam	instrument-raw-writer	0xebe8a0	0xec9b9c	0x1735280	rip-relative	[PITCH_CHOICE:SUBPART_CHOICE:SELF]
steam	instrument-raw-writer	0xebe8a0	0xec9ba5	0x1734f20	rip-relative	[PITCH_CHOICE:SUBPART_CHOICE:BODY]
steam	instrument-raw-writer	0xebe8a0	0xec9bae	0x1734f48	rip-relative	[PITCH_CHOICE:SUBPART_CHOICE:HEAD]
steam	instrument-raw-writer	0xebe8a0	0xec9bd1	0x1735da8	rip-relative	[TUNING:TIGHTENING:HEAD]
steam	instrument-raw-writer	0xebe8a0	0xec9c7b	0x1732fd8	rip-relative	[PITCH_RANGE:
steam	instrument-raw-writer	0xebe8a0	0xec9c9d	0x1618434	rip-relative	:
steam	instrument-raw-writer	0xebe8a0	0xec9cbe	0x15fd690	rip-relative	]
steam	instrument-raw-writer	0xebe8a0	0xec9d15	0x1735d78	rip-relative	[MUSIC_SKILL:PLAY_PERCUSSION_INSTRUMENT]
steam	instrument-raw-writer	0xebe8a0	0xec9d26	0x1733258	rip-relative	[DESCRIPTION:
steam	instrument-raw-writer	0xebe8a0	0xec9d46	0x15ed9bc	rip-relative	The 
steam	instrument-raw-writer	0xebe8a0	0xec9d6c	0x1649b7c	rip-relative	 is a 
steam	instrument-raw-writer	0xebe8a0	0xec9d88	0x1733248	rip-relative	huge stationary
steam	instrument-raw-writer	0xebe8a0	0xec9dae	0x17331b8	rip-relative	large stationary
steam	instrument-raw-writer	0xebe8a0	0xec9ddd	0x17331b8	rip-relative	large stationary
steam	instrument-raw-writer	0xebe8a0	0xec9def	0x1735de0	rip-relative	mid-size stationary
steam	instrument-raw-writer	0xebe8a0	0xec9e08	0x1735dc8	rip-relative	small stationary
steam	instrument-raw-writer	0xebe8a0	0xec9e11	0x1735d48	rip-relative	tiny stationary
steam	instrument-raw-writer	0xebe8a0	0xec9e23	0x17331a8	rip-relative	large hand-held
steam	instrument-raw-writer	0xebe8a0	0xec9e35	0x17331e0	rip-relative	mid-size hand-held
steam	instrument-raw-writer	0xebe8a0	0xec9e45	0x17331d0	rip-relative	small hand-held
steam	instrument-raw-writer	0xebe8a0	0xec9e4e	0x1733320	rip-relative	tiny hand-held
steam	instrument-raw-writer	0xebe8a0	0xec9e61	0x1735d28	rip-relative	 percussion instrument.  
steam	instrument-raw-writer	0xebe8a0	0xec9e74	0x1735d68	rip-relative	It consists of 
steam	instrument-raw-writer	0xebe8a0	0xec9e98	0x1602db4	rip-relative	a
steam	instrument-raw-writer	0xebe8a0	0xec9eab	0x1734bc0	rip-relative	hourglass
steam	instrument-raw-writer	0xebe8a0	0xec9ec2	0x1649304	rip-relative	n
steam	instrument-raw-writer	0xebe8a0	0xec9f13	0x15e873c	rip-relative	 
steam	instrument-raw-writer	0xebe8a0	0xec9f39	0x15e873c	rip-relative	 
steam	instrument-raw-writer	0xebe8a0	0xec9f5b	0x15e873c	rip-relative	 
steam	instrument-raw-writer	0xebe8a0	0xec9f81	0x15ee5e0	rip-relative	 with 
steam	instrument-raw-writer	0xebe8a0	0xec9f9a	0x15ed620	rip-relative	a 
steam	instrument-raw-writer	0xebe8a0	0xec9fbc	0x1734c64	rip-relative	 head
steam	instrument-raw-writer	0xebe8a0	0xec9fd4	0x1734c64	rip-relative	 head
steam	instrument-raw-writer	0xebe8a0	0xec9fed	0x15e9298	rip-relative	s
steam	instrument-raw-writer	0xebe8a0	0xeca008	0x1735d58	rip-relative	 which rest
steam	instrument-raw-writer	0xebe8a0	0xeca021	0x15e9298	rip-relative	s
steam	instrument-raw-writer	0xebe8a0	0xeca034	0x1735e40	rip-relative	 on a 
steam	instrument-raw-writer	0xebe8a0	0xeca046	0x1602db4	rip-relative	a
steam	instrument-raw-writer	0xebe8a0	0xeca097	0x15e873c	rip-relative	 
steam	instrument-raw-writer	0xebe8a0	0xeca0b9	0x15e873c	rip-relative	 
steam	instrument-raw-writer	0xebe8a0	0xeca0e3	0x1735e30	rip-relative	 attached to a 
steam	instrument-raw-writer	0xebe8a0	0xeca105	0x1734c14	rip-relative	 stand
steam	instrument-raw-writer	0xebe8a0	0xeca118	0x15fd968	rip-relative	.  
steam	instrument-raw-writer	0xebe8a0	0xeca12b	0x1735e50	rip-relative	The musician 
steam	instrument-raw-writer	0xebe8a0	0xeca14e	0x1662710	rip-relative	strikes
steam	instrument-raw-writer	0xebe8a0	0xeca15c	0x1735e48	rip-relative	scrapes
steam	instrument-raw-writer	0xebe8a0	0xeca16c	0x1735e00	rip-relative	rubs around the lip of
steam	instrument-raw-writer	0xebe8a0	0xeca17f	0x15e956c	rip-relative	 the 
steam	instrument-raw-writer	0xebe8a0	0xeca1a1	0x165fbc8	rip-relative	head
steam	instrument-raw-writer	0xebe8a0	0xeca1b3	0x15e9298	rip-relative	s
steam	instrument-raw-writer	0xebe8a0	0xeca1d4	0x15ee5e0	rip-relative	 with 
steam	instrument-raw-writer	0xebe8a0	0xeca1ee	0x15ed620	rip-relative	a 
steam	instrument-raw-writer	0xebe8a0	0xeca210	0x15e873c	rip-relative	 
steam	instrument-raw-writer	0xebe8a0	0xeca236	0x15fd968	rip-relative	.  
steam	instrument-raw-writer	0xebe8a0	0xeca261	0x1735e48	rip-relative	scrapes
steam	instrument-raw-writer	0xebe8a0	0xeca271	0x1735df4	rip-relative	plucks
steam	instrument-raw-writer	0xebe8a0	0xeca281	0x1735e24	rip-relative	shakes
steam	instrument-raw-writer	0xebe8a0	0xeca28a	0x1662710	rip-relative	strikes
steam	instrument-raw-writer	0xebe8a0	0xeca29d	0x15e956c	rip-relative	 the 
steam	instrument-raw-writer	0xebe8a0	0xeca2be	0x165fbc8	rip-relative	head
steam	instrument-raw-writer	0xebe8a0	0xeca2d0	0x15e9298	rip-relative	s
steam	instrument-raw-writer	0xebe8a0	0xeca2f5	0x1735e18	rip-relative	 together
steam	instrument-raw-writer	0xebe8a0	0xeca308	0x15fd968	rip-relative	.  
steam	instrument-raw-writer	0xebe8a0	0xeca32c	0x1735ee0	rip-relative	The instrument produces a complex sound that cannot be said to be of a single pitch.  
steam	instrument-raw-writer	0xebe8a0	0xeca360	0x1735e98	rip-relative	Tuning is accomplished by adjusting the tension of the head.  
steam	instrument-raw-writer	0xebe8a0	0xeca403	0x15fd690	rip-relative	]
steam	instrument-raw-writer	0xebe8a0	0xeca5e6	0x1735f50	rip-relative	reaction_layer
steam	instrument-raw-writer	0xebe8a0	0xeca5f7	0x1735f38	rip-relative	[OBJECT:REACTION]
steam	instrument-raw-writer	0xebe8a0	0xeca642	0x1735e6c	rip-relative	MAKE_
steam	instrument-raw-writer	0xebe8a0	0xeca666	0x1735e60	rip-relative	[REACTION:
steam	instrument-raw-writer	0xebe8a0	0xeca68d	0x15fd690	rip-relative	]
steam	instrument-raw-writer	0xebe8a0	0xeca6b1	0x16ab080	rip-relative	[GENERATED]
steam	instrument-raw-writer	0xebe8a0	0xeca6c9	0x17321f8	rip-relative	[SOURCE_HFID:
steam	instrument-raw-writer	0xebe8a0	0xeca6ed	0x15fd690	rip-relative	]
steam	instrument-raw-writer	0xebe8a0	0xeca725	0x1732208	rip-relative	[SOURCE_ENID:
steam	instrument-raw-writer	0xebe8a0	0xeca749	0x15fd690	rip-relative	]
steam	instrument-raw-writer	0xebe8a0	0xeca79b	0x1735e88	rip-relative	[NAME:forge 
steam	instrument-raw-writer	0xebe8a0	0xeca7a4	0x1735e78	rip-relative	[NAME:make 
steam	instrument-raw-writer	0xebe8a0	0xeca7c0	0x15fd690	rip-relative	]
steam	instrument-raw-writer	0xebe8a0	0xeca7e4	0x1735fd8	rip-relative	[MAX_MULTIPLIER:1]
steam	instrument-raw-writer	0xebe8a0	0xeca80a	0x1735fc0	rip-relative	[BUILDING:KILN:NONE]
steam	instrument-raw-writer	0xebe8a0	0xeca81b	0x1736020	rip-relative	[REAGENT:clay:1:BOULDER:NONE:NONE:NONE]
steam	instrument-raw-writer	0xebe8a0	0xeca82c	0x1735ff0	rip-relative	[HAS_MATERIAL_REACTION_PRODUCT:FIRED_MAT]
steam	instrument-raw-writer	0xebe8a0	0xeca83d	0x1735f90	rip-relative	[PRODUCT:100:1:TOOL:
steam	instrument-raw-writer	0xebe8a0	0xeca860	0x1735f60	rip-relative	:GET_MATERIAL_FROM_REAGENT:clay:FIRED_MAT]
steam	instrument-raw-writer	0xebe8a0	0xeca884	0x1735fb8	rip-relative	[FUEL]
steam	instrument-raw-writer	0xebe8a0	0xeca895	0x1735fa8	rip-relative	[SKILL:POTTERY]
steam	instrument-raw-writer	0xebe8a0	0xeca8b7	0x1736108	rip-relative	[BUILDING:LEATHER:NONE]
steam	instrument-raw-writer	0xebe8a0	0xeca8c8	0x17360d8	rip-relative	[REAGENT:leather:1:SKIN_TANNED:NONE:NONE:NONE]
steam	instrument-raw-writer	0xebe8a0	0xeca8d9	0x1735f90	rip-relative	[PRODUCT:100:1:TOOL:
steam	instrument-raw-writer	0xebe8a0	0xeca8fc	0x1736138	rip-relative	:GET_MATERIAL_FROM_REAGENT:leather:NONE]
steam	instrument-raw-writer	0xebe8a0	0xeca920	0x1736120	rip-relative	[SKILL:LEATHERWORK]
steam	instrument-raw-writer	0xebe8a0	0xeca946	0x1736078	rip-relative	[BUILDING:GLASS:NONE]
steam	instrument-raw-writer	0xebe8a0	0xeca957	0x1736048	rip-relative	[REAGENT:sand:150:POWDER_MISC:NONE:NONE:NONE]
steam	instrument-raw-writer	0xebe8a0	0xeca968	0x17360c0	rip-relative	[IS_SAND_MATERIAL]
steam	instrument-raw-writer	0xebe8a0	0xeca979	0x1736090	rip-relative	[REAGENT:sand bag:1:NONE:NONE:NONE:NONE]
steam	instrument-raw-writer	0xebe8a0	0xeca98a	0x1736228	rip-relative	[CONTAINS:sand]
steam	instrument-raw-writer	0xebe8a0	0xeca99b	0x1736210	rip-relative	[PRESERVE_REAGENT]
steam	instrument-raw-writer	0xebe8a0	0xeca9ac	0x1736250	rip-relative	[DOES_NOT_DETERMINE_PRODUCT_AMOUNT]
steam	instrument-raw-writer	0xebe8a0	0xeca9bd	0x1735f90	rip-relative	[PRODUCT:100:1:TOOL:
steam	instrument-raw-writer	0xebe8a0	0xeca9e0	0x1736238	rip-relative	:GLASS_GREEN:NONE]
steam	instrument-raw-writer	0xebe8a0	0xecaa04	0x1735fb8	rip-relative	[FUEL]
steam	instrument-raw-writer	0xebe8a0	0xecaa15	0x1736188	rip-relative	[SKILL:GLASSMAKER]
steam	instrument-raw-writer	0xebe8a0	0xecaa39	0x1736168	rip-relative	[BUILDING:METALSMITH:NONE]
steam	instrument-raw-writer	0xebe8a0	0xecaa56	0x17361d8	rip-relative	[REAGENT:metal bars:300:BAR:NONE:INORGANIC:NONE]
steam	instrument-raw-writer	0xebe8a0	0xecaa5f	0x17361a0	rip-relative	[REAGENT:metal bars:150:BAR:NONE:INORGANIC:NONE]
steam	instrument-raw-writer	0xebe8a0	0xecaa6b	0x1736328	rip-relative	[METAL_ITEM_MATERIAL]
steam	instrument-raw-writer	0xebe8a0	0xecaa7c	0x1735f90	rip-relative	[PRODUCT:100:1:TOOL:
steam	instrument-raw-writer	0xebe8a0	0xecaa9f	0x17362f8	rip-relative	:GET_MATERIAL_FROM_REAGENT:metal bars:NONE]
steam	instrument-raw-writer	0xebe8a0	0xecaac3	0x1736360	rip-relative	[SKILL:METALCRAFT]
steam	instrument-raw-writer	0xebe8a0	0xecaaf5	0x1736340	rip-relative	[BUILDING:CARPENTER:NONE]
steam	instrument-raw-writer	0xebe8a0	0xecab06	0x17362a0	rip-relative	[REAGENT:wood:1:WOOD:NONE:NONE:NONE]
steam	instrument-raw-writer	0xebe8a0	0xecab17	0x1735f90	rip-relative	[PRODUCT:100:1:TOOL:
steam	instrument-raw-writer	0xebe8a0	0xecab3a	0x1736278	rip-relative	:GET_MATERIAL_FROM_REAGENT:wood:NONE]
steam	instrument-raw-writer	0xebe8a0	0xecab5e	0x17362e0	rip-relative	[SKILL:CARPENTRY]
steam	instrument-raw-writer	0xebe8a0	0xecab94	0x17362c8	rip-relative	[BUILDING:MASON:NONE]
steam	instrument-raw-writer	0xebe8a0	0xecaba5	0x17363f8	rip-relative	[REAGENT:stone:1:BOULDER:NONE:INORGANIC:NONE]
steam	instrument-raw-writer	0xebe8a0	0xecabb6	0x17363e0	rip-relative	[WORTHLESS_STONE_ONLY]
steam	instrument-raw-writer	0xebe8a0	0xecabc7	0x1736450	rip-relative	[HARD_ITEM_MATERIAL]
steam	instrument-raw-writer	0xebe8a0	0xecabd8	0x1735f90	rip-relative	[PRODUCT:100:1:TOOL:
steam	instrument-raw-writer	0xebe8a0	0xecabfb	0x1736428	rip-relative	:GET_MATERIAL_FROM_REAGENT:stone:NONE]
steam	instrument-raw-writer	0xebe8a0	0xecac1f	0x1736398	rip-relative	[SKILL:CARVE_STONE]
steam	instrument-raw-writer	0xebe8a0	0xecac51	0x1736378	rip-relative	[BUILDING:CRAFTSMAN:NONE]
steam	instrument-raw-writer	0xebe8a0	0xecac62	0x17362a0	rip-relative	[REAGENT:wood:1:WOOD:NONE:NONE:NONE]
steam	instrument-raw-writer	0xebe8a0	0xecac73	0x1735f90	rip-relative	[PRODUCT:100:1:TOOL:
steam	instrument-raw-writer	0xebe8a0	0xecac96	0x1736278	rip-relative	:GET_MATERIAL_FROM_REAGENT:wood:NONE]
steam	instrument-raw-writer	0xebe8a0	0xecacba	0x17363c8	rip-relative	[SKILL:WOODCRAFT]
steam	instrument-raw-writer	0xebe8a0	0xecacf0	0x1736378	rip-relative	[BUILDING:CRAFTSMAN:NONE]
steam	instrument-raw-writer	0xebe8a0	0xecad01	0x17363f8	rip-relative	[REAGENT:stone:1:BOULDER:NONE:INORGANIC:NONE]
steam	instrument-raw-writer	0xebe8a0	0xecad12	0x17363e0	rip-relative	[WORTHLESS_STONE_ONLY]
steam	instrument-raw-writer	0xebe8a0	0xecad23	0x1736450	rip-relative	[HARD_ITEM_MATERIAL]
steam	instrument-raw-writer	0xebe8a0	0xecad34	0x1735f90	rip-relative	[PRODUCT:100:1:TOOL:
steam	instrument-raw-writer	0xebe8a0	0xecad57	0x1736428	rip-relative	:GET_MATERIAL_FROM_REAGENT:stone:NONE]
steam	instrument-raw-writer	0xebe8a0	0xecad7b	0x17363b0	rip-relative	[SKILL:STONECRAFT]
steam	instrument-raw-writer	0xebe8a0	0xecada1	0x1736378	rip-relative	[BUILDING:CRAFTSMAN:NONE]
steam	instrument-raw-writer	0xebe8a0	0xecae5c	0x1735928	rip-relative	[REAGENT:thread:15000:THREAD:NONE:NONE:NONE]
steam	instrument-raw-writer	0xebe8a0	0xecae6d	0x1735918	rip-relative	[NOT_WEB]
steam	instrument-raw-writer	0xebe8a0	0xecae7e	0x1735958	rip-relative	[ANY_SILK_MATERIAL]
steam	instrument-raw-writer	0xebe8a0	0xecae8f	0x1735f90	rip-relative	[PRODUCT:100:1:TOOL:
steam	instrument-raw-writer	0xebe8a0	0xecaeb2	0x17358c8	rip-relative	:GET_MATERIAL_FROM_REAGENT:thread:NONE]
steam	instrument-raw-writer	0xebe8a0	0xecaebb	0x1735970	rip-relative	[REAGENT:cloth:10000:CLOTH:NONE:NONE:NONE]
steam	instrument-raw-writer	0xebe8a0	0xecaecc	0x1735958	rip-relative	[ANY_SILK_MATERIAL]
steam	instrument-raw-writer	0xebe8a0	0xecaedd	0x1735f90	rip-relative	[PRODUCT:100:1:TOOL:
steam	instrument-raw-writer	0xebe8a0	0xecaf00	0x17358a0	rip-relative	:GET_MATERIAL_FROM_REAGENT:cloth:NONE]
steam	instrument-raw-writer	0xebe8a0	0xecaf24	0x1735908	rip-relative	[SKILL:WEAVING]
steam	instrument-raw-writer	0xebe8a0	0xecaf4a	0x1736378	rip-relative	[BUILDING:CRAFTSMAN:NONE]
steam	instrument-raw-writer	0xebe8a0	0xecb005	0x1735928	rip-relative	[REAGENT:thread:15000:THREAD:NONE:NONE:NONE]
steam	instrument-raw-writer	0xebe8a0	0xecb016	0x1735918	rip-relative	[NOT_WEB]
steam	instrument-raw-writer	0xebe8a0	0xecb027	0x17358f0	rip-relative	[ANY_PLANT_MATERIAL]
steam	instrument-raw-writer	0xebe8a0	0xecb038	0x1735f90	rip-relative	[PRODUCT:100:1:TOOL:
steam	instrument-raw-writer	0xebe8a0	0xecb05b	0x17358c8	rip-relative	:GET_MATERIAL_FROM_REAGENT:thread:NONE]
steam	instrument-raw-writer	0xebe8a0	0xecb064	0x1735970	rip-relative	[REAGENT:cloth:10000:CLOTH:NONE:NONE:NONE]
steam	instrument-raw-writer	0xebe8a0	0xecb075	0x17358f0	rip-relative	[ANY_PLANT_MATERIAL]
steam	instrument-raw-writer	0xebe8a0	0xecb086	0x1735f90	rip-relative	[PRODUCT:100:1:TOOL:
steam	instrument-raw-writer	0xebe8a0	0xecb0a9	0x17358a0	rip-relative	:GET_MATERIAL_FROM_REAGENT:cloth:NONE]
steam	instrument-raw-writer	0xebe8a0	0xecb0cd	0x1735908	rip-relative	[SKILL:WEAVING]
steam	instrument-raw-writer	0xebe8a0	0xecb0f3	0x1736378	rip-relative	[BUILDING:CRAFTSMAN:NONE]
steam	instrument-raw-writer	0xebe8a0	0xecb104	0x1735a40	rip-relative	[REAGENT:shell:1:NONE:NONE:NONE:NONE]
steam	instrument-raw-writer	0xebe8a0	0xecb115	0x1735a20	rip-relative	[USE_BODY_COMPONENT][UNROTTEN]
steam	instrument-raw-writer	0xebe8a0	0xecb126	0x1735a90	rip-relative	[ANY_SHELL_MATERIAL]
steam	instrument-raw-writer	0xebe8a0	0xecb137	0x1735f90	rip-relative	[PRODUCT:100:1:TOOL:
steam	instrument-raw-writer	0xebe8a0	0xecb15a	0x1735a68	rip-relative	:GET_MATERIAL_FROM_REAGENT:shell:NONE]
steam	instrument-raw-writer	0xebe8a0	0xecb17e	0x17359c8	rip-relative	[SKILL:BONECARVE]
steam	instrument-raw-writer	0xebe8a0	0xecb1a4	0x1736378	rip-relative	[BUILDING:CRAFTSMAN:NONE]
steam	instrument-raw-writer	0xebe8a0	0xecb1b5	0x17359a0	rip-relative	[REAGENT:bone:1:NONE:NONE:NONE:NONE]
steam	instrument-raw-writer	0xebe8a0	0xecb1c6	0x1735a20	rip-relative	[USE_BODY_COMPONENT][UNROTTEN]
steam	instrument-raw-writer	0xebe8a0	0xecb1d7	0x1735a08	rip-relative	[ANY_BONE_MATERIAL]
steam	instrument-raw-writer	0xebe8a0	0xecb1e8	0x1735f90	rip-relative	[PRODUCT:100:1:TOOL:
steam	instrument-raw-writer	0xebe8a0	0xecb20b	0x17359e0	rip-relative	:GET_MATERIAL_FROM_REAGENT:bone:NONE]
steam	instrument-raw-writer	0xebe8a0	0xecb22f	0x17359c8	rip-relative	[SKILL:BONECARVE]
steam	instrument-raw-writer	0xebe8a0	0xecb240	0x1735b08	rip-relative	[DESCRIPTION:USE_TOOL:
steam	instrument-raw-writer	0xebe8a0	0xecb263	0x15fd690	rip-relative	]
steam	instrument-raw-writer	0xebe8a0	0xecb287	0x1735ae8	rip-relative	[CATEGORY:INSTRUMENT_PIECE]
steam	instrument-raw-writer	0xebe8a0	0xecb29d	0x1735b90	rip-relative	[CATEGORY_NAME:Make instrument piece
steam	instrument-raw-writer	0xebe8a0	0xecb2ae	0x1735b20	rip-relative	[CATEGORY_DESCRIPTION:Make instrument pieces which can be used to assemble complete musical instruments.]
steam	instrument-raw-writer	0xebe8a0	0xecb322	0x1735e6c	rip-relative	MAKE_
steam	instrument-raw-writer	0xebe8a0	0xecb346	0x1735e60	rip-relative	[REACTION:
steam	instrument-raw-writer	0xebe8a0	0xecb36d	0x15fd690	rip-relative	]
steam	instrument-raw-writer	0xebe8a0	0xecb391	0x16ab080	rip-relative	[GENERATED]
steam	instrument-raw-writer	0xebe8a0	0xecb3ad	0x17321f8	rip-relative	[SOURCE_HFID:
steam	instrument-raw-writer	0xebe8a0	0xecb3d0	0x15fd690	rip-relative	]
steam	instrument-raw-writer	0xebe8a0	0xecb407	0x1732208	rip-relative	[SOURCE_ENID:
steam	instrument-raw-writer	0xebe8a0	0xecb42a	0x15fd690	rip-relative	]
steam	instrument-raw-writer	0xebe8a0	0xecb48e	0x1735e88	rip-relative	[NAME:forge 
steam	instrument-raw-writer	0xebe8a0	0xecb497	0x1735e78	rip-relative	[NAME:make 
steam	instrument-raw-writer	0xebe8a0	0xecb4a0	0x1735ab8	rip-relative	[NAME:assemble 
steam	instrument-raw-writer	0xebe8a0	0xecb4c3	0x15fd690	rip-relative	]
steam	instrument-raw-writer	0xebe8a0	0xecb4e7	0x1735fd8	rip-relative	[MAX_MULTIPLIER:1]
steam	instrument-raw-writer	0xebe8a0	0xecb66e	0x1736378	rip-relative	[BUILDING:CRAFTSMAN:NONE]
steam	instrument-raw-writer	0xebe8a0	0xecb6c0	0x1735aa8	rip-relative	[REAGENT:
steam	instrument-raw-writer	0xebe8a0	0xecb6ef	0x1735ad8	rip-relative	:1:TOOL:
steam	instrument-raw-writer	0xebe8a0	0xecb71e	0x1735ac8	rip-relative	:NONE:NONE]
steam	instrument-raw-writer	0xebe8a0	0xecb771	0x1735c50	rip-relative	[PRODUCT:100:1:INSTRUMENT:
steam	instrument-raw-writer	0xebe8a0	0xecb794	0x1735c30	rip-relative	:GET_MATERIAL_FROM_REAGENT:
steam	instrument-raw-writer	0xebe8a0	0xecb7ba	0x1735c8c	rip-relative	:NONE]
steam	instrument-raw-writer	0xebe8a0	0xecb7de	0x1735c70	rip-relative	[PRODUCT_TOKEN:instrument]
steam	instrument-raw-writer	0xebe8a0	0xecb845	0x1735bc8	rip-relative	[IMPROVEMENT:100:instrument:INSTRUMENT_PIECE:
steam	instrument-raw-writer	0xebe8a0	0xecb871	0x1735c30	rip-relative	:GET_MATERIAL_FROM_REAGENT:
steam	instrument-raw-writer	0xebe8a0	0xecb8a1	0x1735c8c	rip-relative	:NONE]
steam	instrument-raw-writer	0xebe8a0	0xecb8f7	0x1735fa8	rip-relative	[SKILL:POTTERY]
steam	instrument-raw-writer	0xebe8a0	0xecb919	0x1736120	rip-relative	[SKILL:LEATHERWORK]
steam	instrument-raw-writer	0xebe8a0	0xecb93b	0x1736188	rip-relative	[SKILL:GLASSMAKER]
steam	instrument-raw-writer	0xebe8a0	0xecb95a	0x1736360	rip-relative	[SKILL:METALCRAFT]
steam	instrument-raw-writer	0xebe8a0	0xecb988	0x17362e0	rip-relative	[SKILL:CARPENTRY]
steam	instrument-raw-writer	0xebe8a0	0xecb9b6	0x1736398	rip-relative	[SKILL:CARVE_STONE]
steam	instrument-raw-writer	0xebe8a0	0xecb9e4	0x17363c8	rip-relative	[SKILL:WOODCRAFT]
steam	instrument-raw-writer	0xebe8a0	0xecba17	0x17363b0	rip-relative	[SKILL:STONECRAFT]
steam	instrument-raw-writer	0xebe8a0	0xecba3e	0x1735908	rip-relative	[SKILL:WEAVING]
steam	instrument-raw-writer	0xebe8a0	0xecba65	0x1735908	rip-relative	[SKILL:WEAVING]
steam	instrument-raw-writer	0xebe8a0	0xecba87	0x17359c8	rip-relative	[SKILL:BONECARVE]
steam	instrument-raw-writer	0xebe8a0	0xecbaa9	0x17359c8	rip-relative	[SKILL:BONECARVE]
steam	instrument-raw-writer	0xebe8a0	0xecbae5	0x1736168	rip-relative	[BUILDING:METALSMITH:NONE]
steam	instrument-raw-writer	0xebe8a0	0xecbb02	0x17361d8	rip-relative	[REAGENT:metal bars:300:BAR:NONE:INORGANIC:NONE]
steam	instrument-raw-writer	0xebe8a0	0xecbb0b	0x17361a0	rip-relative	[REAGENT:metal bars:150:BAR:NONE:INORGANIC:NONE]
steam	instrument-raw-writer	0xebe8a0	0xecbb17	0x1736328	rip-relative	[METAL_ITEM_MATERIAL]
steam	instrument-raw-writer	0xebe8a0	0xecbb28	0x1735c50	rip-relative	[PRODUCT:100:1:INSTRUMENT:
steam	instrument-raw-writer	0xebe8a0	0xecbb4b	0x17362f8	rip-relative	:GET_MATERIAL_FROM_REAGENT:metal bars:NONE]
steam	instrument-raw-writer	0xebe8a0	0xecbb6f	0x1736360	rip-relative	[SKILL:METALCRAFT]
steam	instrument-raw-writer	0xebe8a0	0xecbba9	0x17362c8	rip-relative	[BUILDING:MASON:NONE]
steam	instrument-raw-writer	0xebe8a0	0xecbbba	0x17363f8	rip-relative	[REAGENT:stone:1:BOULDER:NONE:INORGANIC:NONE]
steam	instrument-raw-writer	0xebe8a0	0xecbbcb	0x17363e0	rip-relative	[WORTHLESS_STONE_ONLY]
steam	instrument-raw-writer	0xebe8a0	0xecbbdc	0x1736450	rip-relative	[HARD_ITEM_MATERIAL]
steam	instrument-raw-writer	0xebe8a0	0xecbbed	0x1735c50	rip-relative	[PRODUCT:100:1:INSTRUMENT:
steam	instrument-raw-writer	0xebe8a0	0xecbc10	0x1736428	rip-relative	:GET_MATERIAL_FROM_REAGENT:stone:NONE]
steam	instrument-raw-writer	0xebe8a0	0xecbc34	0x1735bb8	rip-relative	[SKILL:MASONRY]
steam	instrument-raw-writer	0xebe8a0	0xecbc68	0x1736378	rip-relative	[BUILDING:CRAFTSMAN:NONE]
steam	instrument-raw-writer	0xebe8a0	0xecbc79	0x17363f8	rip-relative	[REAGENT:stone:1:BOULDER:NONE:INORGANIC:NONE]
steam	instrument-raw-writer	0xebe8a0	0xecbc8a	0x17363e0	rip-relative	[WORTHLESS_STONE_ONLY]
steam	instrument-raw-writer	0xebe8a0	0xecbc9b	0x1736450	rip-relative	[HARD_ITEM_MATERIAL]
steam	instrument-raw-writer	0xebe8a0	0xecbcac	0x1735c50	rip-relative	[PRODUCT:100:1:INSTRUMENT:
steam	instrument-raw-writer	0xebe8a0	0xecbccf	0x1736428	rip-relative	:GET_MATERIAL_FROM_REAGENT:stone:NONE]
steam	instrument-raw-writer	0xebe8a0	0xecbcf3	0x17363b0	rip-relative	[SKILL:STONECRAFT]
steam	instrument-raw-writer	0xebe8a0	0xecbd25	0x1736340	rip-relative	[BUILDING:CARPENTER:NONE]
steam	instrument-raw-writer	0xebe8a0	0xecbd36	0x17362a0	rip-relative	[REAGENT:wood:1:WOOD:NONE:NONE:NONE]
steam	instrument-raw-writer	0xebe8a0	0xecbd47	0x1735c50	rip-relative	[PRODUCT:100:1:INSTRUMENT:
steam	instrument-raw-writer	0xebe8a0	0xecbd6a	0x1736278	rip-relative	:GET_MATERIAL_FROM_REAGENT:wood:NONE]
steam	instrument-raw-writer	0xebe8a0	0xecbd8e	0x17362e0	rip-relative	[SKILL:CARPENTRY]
steam	instrument-raw-writer	0xebe8a0	0xecbdc0	0x1736378	rip-relative	[BUILDING:CRAFTSMAN:NONE]
steam	instrument-raw-writer	0xebe8a0	0xecbdd1	0x17362a0	rip-relative	[REAGENT:wood:1:WOOD:NONE:NONE:NONE]
steam	instrument-raw-writer	0xebe8a0	0xecbde2	0x1735c50	rip-relative	[PRODUCT:100:1:INSTRUMENT:
steam	instrument-raw-writer	0xebe8a0	0xecbe05	0x1736278	rip-relative	:GET_MATERIAL_FROM_REAGENT:wood:NONE]
steam	instrument-raw-writer	0xebe8a0	0xecbe29	0x17363c8	rip-relative	[SKILL:WOODCRAFT]
steam	instrument-raw-writer	0xebe8a0	0xecbe4f	0x1736078	rip-relative	[BUILDING:GLASS:NONE]
steam	instrument-raw-writer	0xebe8a0	0xecbe60	0x1736048	rip-relative	[REAGENT:sand:150:POWDER_MISC:NONE:NONE:NONE]
steam	instrument-raw-writer	0xebe8a0	0xecbe71	0x17360c0	rip-relative	[IS_SAND_MATERIAL]
steam	instrument-raw-writer	0xebe8a0	0xecbe82	0x1736090	rip-relative	[REAGENT:sand bag:1:NONE:NONE:NONE:NONE]
steam	instrument-raw-writer	0xebe8a0	0xecbe93	0x1736228	rip-relative	[CONTAINS:sand]
steam	instrument-raw-writer	0xebe8a0	0xecbea4	0x1736210	rip-relative	[PRESERVE_REAGENT]
steam	instrument-raw-writer	0xebe8a0	0xecbeb5	0x1736250	rip-relative	[DOES_NOT_DETERMINE_PRODUCT_AMOUNT]
steam	instrument-raw-writer	0xebe8a0	0xecbec6	0x1735c50	rip-relative	[PRODUCT:100:1:INSTRUMENT:
steam	instrument-raw-writer	0xebe8a0	0xecbee9	0x1736238	rip-relative	:GLASS_GREEN:NONE]
steam	instrument-raw-writer	0xebe8a0	0xecbf0d	0x1735fb8	rip-relative	[FUEL]
steam	instrument-raw-writer	0xebe8a0	0xecbf1e	0x1736188	rip-relative	[SKILL:GLASSMAKER]
steam	instrument-raw-writer	0xebe8a0	0xecbf44	0x1735fc0	rip-relative	[BUILDING:KILN:NONE]
steam	instrument-raw-writer	0xebe8a0	0xecbf55	0x1736020	rip-relative	[REAGENT:clay:1:BOULDER:NONE:NONE:NONE]
steam	instrument-raw-writer	0xebe8a0	0xecbf66	0x1735ff0	rip-relative	[HAS_MATERIAL_REACTION_PRODUCT:FIRED_MAT]
steam	instrument-raw-writer	0xebe8a0	0xecbf77	0x1735c50	rip-relative	[PRODUCT:100:1:INSTRUMENT:
steam	instrument-raw-writer	0xebe8a0	0xecbf9a	0x1735f60	rip-relative	:GET_MATERIAL_FROM_REAGENT:clay:FIRED_MAT]
steam	instrument-raw-writer	0xebe8a0	0xecbfbe	0x1735fb8	rip-relative	[FUEL]
steam	instrument-raw-writer	0xebe8a0	0xecbfcf	0x1735fa8	rip-relative	[SKILL:POTTERY]
steam	instrument-raw-writer	0xebe8a0	0xecbff5	0x1736378	rip-relative	[BUILDING:CRAFTSMAN:NONE]
steam	instrument-raw-writer	0xebe8a0	0xecc006	0x1735a40	rip-relative	[REAGENT:shell:1:NONE:NONE:NONE:NONE]
steam	instrument-raw-writer	0xebe8a0	0xecc017	0x1735a20	rip-relative	[USE_BODY_COMPONENT][UNROTTEN]
steam	instrument-raw-writer	0xebe8a0	0xecc028	0x1735a90	rip-relative	[ANY_SHELL_MATERIAL]
steam	instrument-raw-writer	0xebe8a0	0xecc039	0x1735c50	rip-relative	[PRODUCT:100:1:INSTRUMENT:
steam	instrument-raw-writer	0xebe8a0	0xecc05c	0x1735a68	rip-relative	:GET_MATERIAL_FROM_REAGENT:shell:NONE]
steam	instrument-raw-writer	0xebe8a0	0xecc080	0x17359c8	rip-relative	[SKILL:BONECARVE]
steam	instrument-raw-writer	0xebe8a0	0xecc0a6	0x1736378	rip-relative	[BUILDING:CRAFTSMAN:NONE]
steam	instrument-raw-writer	0xebe8a0	0xecc0b7	0x17359a0	rip-relative	[REAGENT:bone:1:NONE:NONE:NONE:NONE]
steam	instrument-raw-writer	0xebe8a0	0xecc0c8	0x1735a20	rip-relative	[USE_BODY_COMPONENT][UNROTTEN]
steam	instrument-raw-writer	0xebe8a0	0xecc0d9	0x1735a08	rip-relative	[ANY_BONE_MATERIAL]
steam	instrument-raw-writer	0xebe8a0	0xecc0ea	0x1735c50	rip-relative	[PRODUCT:100:1:INSTRUMENT:
steam	instrument-raw-writer	0xebe8a0	0xecc10d	0x17359e0	rip-relative	:GET_MATERIAL_FROM_REAGENT:bone:NONE]
steam	instrument-raw-writer	0xebe8a0	0xecc131	0x17359c8	rip-relative	[SKILL:BONECARVE]
steam	instrument-raw-writer	0xebe8a0	0xecc148	0x1735c10	rip-relative	[DESCRIPTION:USE_INSTRUMENT:
steam	instrument-raw-writer	0xebe8a0	0xecc171	0x15fd690	rip-relative	]
steam	instrument-raw-writer	0xebe8a0	0xecc195	0x1735bf8	rip-relative	[CATEGORY:INSTRUMENT]
steam	instrument-raw-writer	0xebe8a0	0xecc1ad	0x1735d08	rip-relative	[CATEGORY_NAME:Make instrument
steam	instrument-raw-writer	0xebe8a0	0xecc1be	0x1735ca0	rip-relative	[CATEGORY_DESCRIPTION:Assemble complete musical instruments and construct single-piece instruments.]
classic	take-from-pack-animal-caption	0x890b40	0x890b83	0x16af5c8	rip-relative	Get 
classic	take-from-pack-animal-caption	0x890b40	0x890cd6	0x15e8984	rip-relative	 from 
classic	take-from-pack-animal-caption	0x890b40	0x890da7	0x1610298	rip-relative	 (
classic	take-from-pack-animal-caption	0x890b40	0x890dfa	0x16102d8	rip-relative	)
classic	shared-item-noun	0xa7fc90	0xa7fda7	0x164517c	rip-relative	large
classic	shared-item-noun	0xa7fc90	0xa7fdb0	0x1645180	rip-relative	e
classic	shared-item-noun	0xa7fc90	0xa7fdb9	0x1681108	rip-relative	small
classic	shared-item-noun	0xa7fc90	0xa7fdc2	0x168110c	rip-relative	l
classic	shared-item-noun	0xa7fc90	0xa7fe0c	0x16c6848	rip-relative	grown 
classic	shared-item-noun	0xa7fc90	0xa7fee6	0x1677d30	rip-relative	logs
classic	shared-item-noun	0xa7fc90	0xa7ff58	0x16ca230	rip-relative	branch
classic	shared-item-noun	0xa7fc90	0xa7ff7d	0x16ca2d0	rip-relative	es
classic	shared-item-noun	0xa7fc90	0xa7ff9d	0x15fc0c8	rip-relative	rough gems
classic	shared-item-noun	0xa7fc90	0xa7ffb6	0x16ca2c0	rip-relative	raw green glass
classic	shared-item-noun	0xa7fc90	0xa7ffcf	0x16ca2b0	rip-relative	raw clear glass
classic	shared-item-noun	0xa7fc90	0xa7ffe8	0x16ca298	rip-relative	raw crystal glass
classic	shared-item-noun	0xa7fc90	0xa8000a	0x15fc0c8	rip-relative	rough gems
classic	shared-item-noun	0xa7fc90	0xa80028	0x16c70a4	rip-relative	rough 
classic	shared-item-noun	0xa7fc90	0xa800c7	0x1680d5c	rip-relative	small 
classic	shared-item-noun	0xa7fc90	0xa800de	0x1680d5c	rip-relative	small 
classic	shared-item-noun	0xa7fc90	0xa801be	0x16ca1fc	rip-relative	rock
classic	shared-item-noun	0xa7fc90	0xa801de	0x16ca1f0	rip-relative	small rock
classic	shared-item-noun	0xa7fc90	0xa80237	0x16ca1e0	rip-relative	stone boulders
classic	shared-item-noun	0xa7fc90	0xa8025d	0x16ca1d0	rip-relative	boulders
classic	shared-item-noun	0xa7fc90	0xa8033a	0x16ca188	rip-relative	bars
classic	shared-item-noun	0xa7fc90	0xa80353	0x16ca210	rip-relative	charcoal
classic	shared-item-noun	0xa7fc90	0xa80369	0x16ca204	rip-relative	coke
classic	shared-item-noun	0xa7fc90	0xa80372	0x16ca190	rip-relative	refined coal
classic	shared-item-noun	0xa7fc90	0xa8038b	0x16396f8	rip-relative	metal
classic	shared-item-noun	0xa7fc90	0xa8039a	0x16ca21c	rip-relative	 bars
classic	shared-item-noun	0xa7fc90	0xa8044a	0x16ca228	rip-relative	 wafers
classic	shared-item-noun	0xa7fc90	0xa80538	0x15fc088	rip-relative	cut gems
classic	shared-item-noun	0xa7fc90	0xa80551	0x16ca170	rip-relative	cut green glass gems
classic	shared-item-noun	0xa7fc90	0xa8056a	0x16ca158	rip-relative	cut clear glass gems
classic	shared-item-noun	0xa7fc90	0xa80580	0x16ca1b8	rip-relative	cut crystal glass gems
classic	shared-item-noun	0xa7fc90	0xa8059b	0x16ca1b0	rip-relative	gems
classic	shared-item-noun	0xa7fc90	0xa806d8	0x16ca1a8	rip-relative	blocks
classic	shared-item-noun	0xa7fc90	0xa806ef	0x16ca1a8	rip-relative	blocks
classic	shared-item-noun	0xa7fc90	0xa8079d	0x16ca13c	rip-relative	door
classic	shared-item-noun	0xa7fc90	0xa807a4	0x16ca1a0	rip-relative	portal
classic	shared-item-noun	0xa7fc90	0xa8081a	0x16ca130	rip-relative	floodgate
classic	shared-item-noun	0xa7fc90	0xa8088a	0x16ca120	rip-relative	hatch cover
classic	shared-item-noun	0xa7fc90	0xa808fa	0x16ca118	rip-relative	grate
classic	shared-item-noun	0xa7fc90	0xa8096a	0x162aa9c	rip-relative	table
classic	shared-item-noun	0xa7fc90	0xa809da	0x1637a60	rip-relative	cabinet
classic	shared-item-noun	0xa7fc90	0xa80a4a	0x1637a50	rip-relative	weapon rack
classic	shared-item-noun	0xa7fc90	0xa80aba	0x1637a40	rip-relative	armor stand
classic	shared-item-noun	0xa7fc90	0xa80b2a	0x16ca154	rip-relative	bin
classic	shared-item-noun	0xa7fc90	0xa80bd1	0x16ca150	rip-relative	box
classic	shared-item-noun	0xa7fc90	0xa80bea	0x16ca14c	rip-relative	e
classic	shared-item-noun	0xa7fc90	0xa80c13	0x16ca144	rip-relative	coffer
classic	shared-item-noun	0xa7fc90	0xa80c22	0x1637a68	rip-relative	chest
classic	shared-item-noun	0xa7fc90	0xa80c43	0x16caa88	rip-relative	boxe
classic	shared-item-noun	0xa7fc90	0xa80c58	0x15e4220	rip-relative	s
classic	shared-item-noun	0xa7fc90	0xa80c6c	0x16ca150	rip-relative	box
classic	shared-item-noun	0xa7fc90	0xa80ce4	0x16caa84	rip-relative	bag
classic	shared-item-noun	0xa7fc90	0xa80d7f	0x16caa78	rip-relative	backpack
classic	shared-item-noun	0xa7fc90	0xa80e3c	0x16caaa8	rip-relative	cast
classic	shared-item-noun	0xa7fc90	0xa80e48	0x16caa68	rip-relative	limb/body 
classic	shared-item-noun	0xa7fc90	0xa80e57	0x16caaa8	rip-relative	cast
classic	shared-item-noun	0xa7fc90	0xa80eb7	0x16caa68	rip-relative	limb/body 
classic	shared-item-noun	0xa7fc90	0xa80ec6	0x16caaa8	rip-relative	cast
classic	shared-item-noun	0xa7fc90	0xa80f36	0x16caaa0	rip-relative	splint
classic	shared-item-noun	0xa7fc90	0xa80fa0	0x16caa98	rip-relative	crutch
classic	shared-item-noun	0xa7fc90	0xa8103b	0x16caa90	rip-relative	quiver
classic	shared-item-noun	0xa7fc90	0xa810ba	0x16caa24	rip-relative	casket
classic	shared-item-noun	0xa7fc90	0xa81105	0x16caa18	rip-relative	sarcophag
classic	shared-item-noun	0xa7fc90	0xa81114	0x163d170	rip-relative	us
classic	shared-item-noun	0xa7fc90	0xa8111b	0x16bafec	rip-relative	i
classic	shared-item-noun	0xa7fc90	0xa81137	0x162a9ec	rip-relative	coffin
classic	shared-item-noun	0xa7fc90	0xa81254	0x16caa04	rip-relative	chain
classic	shared-item-noun	0xa7fc90	0xa81268	0x16caa0c	rip-relative	rope
classic	shared-item-noun	0xa7fc90	0xa813a8	0x16caa4c	rip-relative	vial
classic	shared-item-noun	0xa7fc90	0xa813b9	0x16caa44	rip-relative	flask
classic	shared-item-noun	0xa7fc90	0xa813d0	0x16caa58	rip-relative	waterskin
classic	shared-item-noun	0xa7fc90	0xa81479	0x16caa30	rip-relative	musical instrument
classic	shared-item-noun	0xa7fc90	0xa8155b	0x16ca9d0	rip-relative	unglazed 
classic	shared-item-noun	0xa7fc90	0xa816c3	0x15e3720	rip-relative	 
classic	shared-item-noun	0xa7fc90	0xa816dd	0x16bcee4	rip-relative	tool
classic	shared-item-noun	0xa7fc90	0xa8177d	0x16bcefc	rip-relative	toy
classic	shared-item-noun	0xa7fc90	0xa8182d	0x16ca9cc	rip-relative	cup
classic	shared-item-noun	0xa7fc90	0xa81861	0x16ca9c8	rip-relative	mug
classic	shared-item-noun	0xa7fc90	0xa8187b	0x16ca9c0	rip-relative	goblet
classic	shared-item-noun	0xa7fc90	0xa818eb	0x16ca9fc	rip-relative	window
classic	shared-item-noun	0xa7fc90	0xa8199a	0x16ca9e4	rip-relative	cage
classic	shared-item-noun	0xa7fc90	0xa819a1	0x16ca9f0	rip-relative	terrarium
classic	shared-item-noun	0xa7fc90	0xa81a15	0x16ca9dc	rip-relative	barrel
classic	shared-item-noun	0xa7fc90	0xa81a85	0x16ca98c	rip-relative	bucket
classic	shared-item-noun	0xa7fc90	0xa81af5	0x16ca980	rip-relative	animal trap
classic	shared-item-noun	0xa7fc90	0xa81b71	0x162aaa4	rip-relative	chair
classic	shared-item-noun	0xa7fc90	0xa81b8b	0x16ca974	rip-relative	throne
classic	shared-item-noun	0xa7fc90	0xa81c41	0x16ca970	rip-relative	web
classic	shared-item-noun	0xa7fc90	0xa81c8c	0x16ca9b8	rip-relative	strands
classic	shared-item-noun	0xa7fc90	0xa81cbf	0x16106b8	rip-relative	yarn
classic	shared-item-noun	0xa7fc90	0xa81cd0	0x16106a0	rip-relative	thread
classic	shared-item-noun	0xa7fc90	0xa81d45	0x16106a8	rip-relative	cloth
classic	shared-item-noun	0xa7fc90	0xa81e4f	0x16ca9ac	rip-relative	sheet
classic	shared-item-noun	0xa7fc90	0xa81e72	0x16ca9a0	rip-relative	tanned hide
classic	shared-item-noun	0xa7fc90	0xa81ed5	0x16ca994	rip-relative	totem
classic	shared-item-noun	0xa7fc90	0xa81f3e	0x16ca940	rip-relative	-bound 
classic	shared-item-noun	0xa7fc90	0xa81f5a	0x16ca92c	rip-relative	codex
classic	shared-item-noun	0xa7fc90	0xa81f61	0x16ca938	rip-relative	codices
classic	shared-item-noun	0xa7fc90	0xa81fe0	0x16ca920	rip-relative	figurine
classic	shared-item-noun	0xa7fc90	0xa81ffe	0x16ca968	rip-relative	rotten 
classic	shared-item-noun	0xa7fc90	0xa82023	0x164aac0	rip-relative	drink
classic	shared-item-noun	0xa7fc90	0xa82066	0x16ca968	rip-relative	rotten 
classic	shared-item-noun	0xa7fc90	0xa8224b	0x16ca960	rip-relative	filthy 
classic	shared-item-noun	0xa7fc90	0xa82264	0x16ca958	rip-relative	sticky 
classic	shared-item-noun	0xa7fc90	0xa82283	0x16ca948	rip-relative	vomitous 
classic	shared-item-noun	0xa7fc90	0xa8229f	0x16ca8ec	rip-relative	slimy 
classic	shared-item-noun	0xa7fc90	0xa822b8	0x16ab578	rip-relative	stagnant 
classic	shared-item-noun	0xa7fc90	0xa822d4	0x16ca8e4	rip-relative	dirty 
classic	shared-item-noun	0xa7fc90	0xa822f0	0x16ca8dc	rip-relative	gooey 
classic	shared-item-noun	0xa7fc90	0xa82309	0x16ca8d0	rip-relative	purulent 
classic	shared-item-noun	0xa7fc90	0xa82322	0x16ca910	rip-relative	ichorous 
classic	shared-item-noun	0xa7fc90	0xa8233b	0x16ca908	rip-relative	bloody 
classic	shared-item-noun	0xa7fc90	0xa8237a	0x16a1240	rip-relative	liquid
classic	shared-item-noun	0xa7fc90	0xa824bc	0x16ca8fc	rip-relative	 paste
classic	shared-item-noun	0xa7fc90	0xa82511	0x16ca8f4	rip-relative	glob
classic	shared-item-noun	0xa7fc90	0xa82712	0x16ca880	rip-relative	 laced with 
classic	shared-item-noun	0xa7fc90	0xa82786	0x15e40c4	rip-relative	, 
classic	shared-item-noun	0xa7fc90	0xa82796	0x15e40bc	rip-relative	 and 
classic	shared-item-noun	0xa7fc90	0xa827fb	0x16ca968	rip-relative	rotten 
classic	shared-item-noun	0xa7fc90	0xa82898	0x16ca870	rip-relative	 dye mix
classic	shared-item-noun	0xa7fc90	0xa828bc	0x16ca864	rip-relative	powder
classic	shared-item-noun	0xa7fc90	0xa82916	0x16ca968	rip-relative	rotten 
classic	shared-item-noun	0xa7fc90	0xa82938	0x16ca85c	rip-relative	cheese
classic	shared-item-noun	0xa7fc90	0xa829c0	0x16ca8c0	rip-relative	catapult parts
classic	shared-item-noun	0xa7fc90	0xa82a38	0x16ca8a8	rip-relative	bolt thrower parts
classic	shared-item-noun	0xa7fc90	0xa82ab0	0x16ca898	rip-relative	mechanisms
classic	shared-item-noun	0xa7fc90	0xa82b5f	0x16ca890	rip-relative	tube
classic	shared-item-noun	0xa7fc90	0xa82b79	0x16ca810	rip-relative	pipe section
classic	shared-item-noun	0xa7fc90	0xa82c17	0x16ca800	rip-relative	trap component
classic	shared-item-noun	0xa7fc90	0xa82c48	0x15e3720	rip-relative	 
classic	shared-item-noun	0xa7fc90	0xa82d2a	0x16ca7f0	rip-relative	ballista parts
classic	shared-item-noun	0xa7fc90	0xa82da2	0x16ca7e4	rip-relative	anvil
classic	shared-item-noun	0xa7fc90	0xa82e12	0x16ca854	rip-relative	amulet
classic	shared-item-noun	0xa7fc90	0xa82e82	0x16ca840	rip-relative	ballista arrow head
classic	shared-item-noun	0xa7fc90	0xa82f29	0x16ca830	rip-relative	siege ammo
classic	shared-item-noun	0xa7fc90	0xa83073	0x16ca820	rip-relative	ammunition
classic	shared-item-noun	0xa7fc90	0xa830eb	0x16cae98	rip-relative	scepter
classic	shared-item-noun	0xa7fc90	0xa8315b	0x16cae8c	rip-relative	crown
classic	shared-item-noun	0xa7fc90	0xa831c5	0x16cae84	rip-relative	coin
classic	shared-item-noun	0xa7fc90	0xa831e4	0x16cae78	rip-relative	perfect 
classic	shared-item-noun	0xa7fc90	0xa831f3	0x16455a8	rip-relative	large 
classic	shared-item-noun	0xa7fc90	0xa832db	0x16caec8	rip-relative	green glass 
classic	shared-item-noun	0xa7fc90	0xa832f1	0x16caeb8	rip-relative	clear glass 
classic	shared-item-noun	0xa7fc90	0xa83307	0x16caea8	rip-relative	crystal glass 
classic	shared-item-noun	0xa7fc90	0xa83323	0x16106fc	rip-relative	gem
classic	shared-item-noun	0xa7fc90	0xa833db	0x16caea0	rip-relative	 gem
classic	shared-item-noun	0xa7fc90	0xa834b6	0x16cae40	rip-relative	ring
classic	shared-item-noun	0xa7fc90	0xa83526	0x16cae38	rip-relative	earring
classic	shared-item-noun	0xa7fc90	0xa83596	0x16cae28	rip-relative	bracelet
classic	shared-item-noun	0xa7fc90	0xa83606	0x162aab0	rip-relative	bed
classic	shared-item-noun	0xa7fc90	0xa83676	0x16cae18	rip-relative	traction bench
classic	shared-item-noun	0xa7fc90	0xa836e6	0x16cae6c	rip-relative	quern
classic	shared-item-noun	0xa7fc90	0xa83756	0x16cae60	rip-relative	millstone
classic	shared-item-noun	0xa7fc90	0xa837c6	0x16cae54	rip-relative	statue
classic	shared-item-noun	0xa7fc90	0xa838d2	0x16cae48	rip-relative	memorial
classic	shared-item-noun	0xa7fc90	0xa838e6	0x16cad90	rip-relative	food imports sign
classic	shared-item-noun	0xa7fc90	0xa838fa	0x16cad78	rip-relative	clothing imports sign
classic	shared-item-noun	0xa7fc90	0xa8390e	0x16cad60	rip-relative	general imports sign
classic	shared-item-noun	0xa7fc90	0xa83922	0x16cad50	rip-relative	cloth shop sign
classic	shared-item-noun	0xa7fc90	0xa83936	0x16cae00	rip-relative	leather shop sign
classic	shared-item-noun	0xa7fc90	0xa8394a	0x16cade0	rip-relative	woven clothing shop sign
classic	shared-item-noun	0xa7fc90	0xa8395e	0x16cadc0	rip-relative	leather clothing shop sign
classic	shared-item-noun	0xa7fc90	0xa83972	0x16cada8	rip-relative	bone carver's shop sign
classic	shared-item-noun	0xa7fc90	0xa83986	0x16cacd8	rip-relative	gem cutter's shop sign
classic	shared-item-noun	0xa7fc90	0xa8399a	0x16cacc0	rip-relative	weaponsmith's shop sign
classic	shared-item-noun	0xa7fc90	0xa839ae	0x16caca8	rip-relative	bowyer's shop sign
classic	shared-item-noun	0xa7fc90	0xa839c2	0x16cac90	rip-relative	blacksmith's shop sign
classic	shared-item-noun	0xa7fc90	0xa839d6	0x16cad38	rip-relative	armorsmith's shop sign
classic	shared-item-noun	0xa7fc90	0xa839ea	0x16cad20	rip-relative	metal craft shop sign
classic	shared-item-noun	0xa7fc90	0xa839fe	0x16cad08	rip-relative	leather goods shop sign
classic	shared-item-noun	0xa7fc90	0xa83a12	0x16cacf0	rip-relative	carpenter's shop sign
classic	shared-item-noun	0xa7fc90	0xa83a26	0x16cac40	rip-relative	stone furniture shop sign
classic	shared-item-noun	0xa7fc90	0xa83a3a	0x16cac20	rip-relative	metal furniture shop sign
classic	shared-item-noun	0xa7fc90	0xa83a4e	0x16cac10	rip-relative	tavern sign
classic	shared-item-noun	0xa7fc90	0xa83a62	0x16cac04	rip-relative	slab
classic	shared-item-noun	0xa7fc90	0xa83a76	0x16cac04	rip-relative	slab
classic	shared-item-noun	0xa7fc90	0xa83a94	0x16ca968	rip-relative	rotten 
classic	shared-item-noun	0xa7fc90	0xa83aa9	0x16cac84	rip-relative	corpse
classic	shared-item-noun	0xa7fc90	0xa83ac7	0x16ca968	rip-relative	rotten 
classic	shared-item-noun	0xa7fc90	0xa83aeb	0x16106d0	rip-relative	tooth
classic	shared-item-noun	0xa7fc90	0xa83afc	0x16cac7c	rip-relative	teeth
classic	shared-item-noun	0xa7fc90	0xa83b11	0x16106c8	rip-relative	bone
classic	shared-item-noun	0xa7fc90	0xa83b29	0x16106c0	rip-relative	shell
classic	shared-item-noun	0xa7fc90	0xa83b41	0x16cac70	rip-relative	plant part
classic	shared-item-noun	0xa7fc90	0xa83b59	0x16cac60	rip-relative	silk body part
classic	shared-item-noun	0xa7fc90	0xa83b71	0x16cabb8	rip-relative	leather body part
classic	shared-item-noun	0xa7fc90	0xa83b89	0x16caba0	rip-relative	wooden body part
classic	shared-item-noun	0xa7fc90	0xa83ba3	0x16cab90	rip-relative	soap body part
classic	shared-item-noun	0xa7fc90	0xa83bbd	0x16106e8	rip-relative	horn
classic	shared-item-noun	0xa7fc90	0xa83bd7	0x16106e0	rip-relative	pearl
classic	shared-item-noun	0xa7fc90	0xa83bf1	0x16cab80	rip-relative	yarn body part
classic	shared-item-noun	0xa7fc90	0xa83c09	0x16cabf0	rip-relative	strand body part
classic	shared-item-noun	0xa7fc90	0xa83c12	0x167bdf0	rip-relative	body part
classic	shared-item-noun	0xa7fc90	0xa83c3b	0x16cabe8	rip-relative	Rotten 
classic	shared-item-noun	0xa7fc90	0xa83da2	0x1679ef8	rip-relative	remains
classic	shared-item-noun	0xa7fc90	0xa83e01	0x16cabdc	rip-relative	seeds
classic	shared-item-noun	0xa7fc90	0xa83e72	0x16cabd0	rip-relative	withered 
classic	shared-item-noun	0xa7fc90	0xa83ee6	0x16cab28	rip-relative	leaves and fruit
classic	shared-item-noun	0xa7fc90	0xa83ef7	0x16cab18	rip-relative	leaf or fruit
classic	shared-item-noun	0xa7fc90	0xa83f2a	0x16cabd0	rip-relative	withered 
classic	shared-item-noun	0xa7fc90	0xa83f7d	0x160fd14	rip-relative	plant
classic	shared-item-noun	0xa7fc90	0xa83f96	0x15e4220	rip-relative	s
classic	shared-item-noun	0xa7fc90	0xa83fbc	0x16ca968	rip-relative	rotten 
classic	shared-item-noun	0xa7fc90	0xa83fd4	0x16cab10	rip-relative	raw 
classic	shared-item-noun	0xa7fc90	0xa84155	0x15e40c4	rip-relative	, 
classic	shared-item-noun	0xa7fc90	0xa8416b	0x15e40c4	rip-relative	, 
classic	shared-item-noun	0xa7fc90	0xa84184	0x169c0e8	rip-relative	fish
classic	shared-item-noun	0xa7fc90	0xa841aa	0x16ca968	rip-relative	rotten 
classic	shared-item-noun	0xa7fc90	0xa842d1	0x15e3720	rip-relative	 
classic	shared-item-noun	0xa7fc90	0xa842e6	0x16cab0c	rip-relative	egg
classic	shared-item-noun	0xa7fc90	0xa8430c	0x16ca968	rip-relative	rotten 
classic	shared-item-noun	0xa7fc90	0xa8440b	0x169c0e8	rip-relative	fish
classic	shared-item-noun	0xa7fc90	0xa84428	0x16cab74	rip-relative	live 
classic	shared-item-noun	0xa7fc90	0xa84461	0x16cab60	rip-relative	small live animal
classic	shared-item-noun	0xa7fc90	0xa8447b	0x16cab54	rip-relative	tame 
classic	shared-item-noun	0xa7fc90	0xa84484	0x16cab40	rip-relative	small tame animal
classic	shared-item-noun	0xa7fc90	0xa8449b	0x16caad0	rip-relative	prepared meal
classic	shared-item-noun	0xa7fc90	0xa844b5	0x16ca968	rip-relative	rotten 
classic	shared-item-noun	0xa7fc90	0xa844ca	0x16caac0	rip-relative	preserved 
classic	shared-item-noun	0xa7fc90	0xa8458c	0x16caab8	rip-relative	 chops
classic	shared-item-noun	0xa7fc90	0xa8459d	0x16caab0	rip-relative	 chop
classic	shared-item-noun	0xa7fc90	0xa845d6	0x16cab04	rip-relative	meat
classic	shared-item-noun	0xa7fc90	0xa845f0	0x16cab04	rip-relative	meat
classic	shared-item-noun	0xa7fc90	0xa84682	0x16bce90	rip-relative	weapon
classic	shared-item-noun	0xa7fc90	0xa846bb	0x15e3720	rip-relative	 
classic	shared-item-noun	0xa7fc90	0xa847e7	0x16caaf0	rip-relative	suits of 
classic	shared-item-noun	0xa7fc90	0xa847f6	0x16bce88	rip-relative	armor
classic	shared-item-noun	0xa7fc90	0xa8485c	0x15e3720	rip-relative	 
classic	shared-item-noun	0xa7fc90	0xa84906	0x16caafc	rip-relative	chain 
classic	shared-item-noun	0xa7fc90	0xa84a15	0x1635604	rip-relative	right 
classic	shared-item-noun	0xa7fc90	0xa84a35	0x163560c	rip-relative	left 
classic	shared-item-noun	0xa7fc90	0xa84a7e	0x16caafc	rip-relative	chain 
classic	shared-item-noun	0xa7fc90	0xa84adf	0x15e3720	rip-relative	 
classic	shared-item-noun	0xa7fc90	0xa84af3	0x16caae0	rip-relative	handwear
classic	shared-item-noun	0xa7fc90	0xa84b97	0x16bce58	rip-relative	shield
classic	shared-item-noun	0xa7fc90	0xa84bb6	0x16cb2a0	rip-relative	/buckler
classic	shared-item-noun	0xa7fc90	0xa84bca	0x16cb2a0	rip-relative	/buckler
classic	shared-item-noun	0xa7fc90	0xa84d07	0x15e3720	rip-relative	 
classic	shared-item-noun	0xa7fc90	0xa84d37	0x16cb290	rip-relative	footwear
classic	shared-item-noun	0xa7fc90	0xa84e28	0x16cb280	rip-relative	headwear
classic	shared-item-noun	0xa7fc90	0xa84e6c	0x15e3720	rip-relative	 
classic	shared-item-noun	0xa7fc90	0xa84f28	0x16cb278	rip-relative	legwear
classic	shared-item-noun	0xa7fc90	0xa84fac	0x15e3720	rip-relative	 
classic	shared-item-noun	0xa7fc90	0xa850c6	0x15f7fb0	rip-relative	item
classic	shared-item-noun	0xa7fc90	0xa850f7	0x1616f6c	rip-relative	 [
classic	shared-item-noun	0xa7fc90	0xa85117	0x15f8664	rip-relative	]
classic	item_toolst-title-with-article;item_weaponst-title-with-article;item_instrumentst-title-with-article	0xc62420	0xc62435	0x15e3e34	rip-relative	the 
classic	item_toolst-title-with-article;item_weaponst-title-with-article;item_instrumentst-title-with-article	0xc62420	0xc6246b	0x15e8618	rip-relative	a 
classic	complete-item-designation	0xc62490	0xc62734	0x16e8e38	rip-relative	 (copy)
classic	item_toolst-title	0xca0a30	0xca0aae	0x16e9660	rip-relative	Prepared Food
classic	item_toolst-title	0xca0a30	0xca0ad4	0x16e95e8	rip-relative	Seed
classic	item_toolst-title	0xca0a30	0xca0afa	0x1610410	rip-relative	Plant
classic	item_toolst-title	0xca0a30	0xca0b20	0x16e95e0	rip-relative	Cheese
classic	item_toolst-title	0xca0a30	0xca0b46	0x15fce5c	rip-relative	Fish
classic	item_toolst-title	0xca0a30	0xca0b6c	0x15fce64	rip-relative	Meat
classic	item_toolst-title	0xca0a30	0xca0b92	0x16e95d8	rip-relative	Spice
classic	item_toolst-title	0xca0a30	0xca0bb8	0x16e95d0	rip-relative	Mill
classic	item_toolst-title	0xca0a30	0xca0bde	0x16259b8	rip-relative	Fat
classic	item_toolst-title	0xca0a30	0xca0c04	0x16e95c0	rip-relative	Rendered Fat
classic	item_toolst-title	0xca0a30	0xca0c2a	0x16259e4	rip-relative	Paste
classic	item_toolst-title	0xca0a30	0xca0c50	0x16e95a8	rip-relative	Pressed Material
classic	item_toolst-title	0xca0a30	0xca0d2d	0x15e3720	rip-relative	 
classic	item_toolst-title	0xca0a30	0xca0eb7	0x15e8b58	rip-relative	's 
classic	item_toolst-title	0xca0a30	0xca0f4f	0x15e3720	rip-relative	 
classic	item_toolst-title	0xca0a30	0xca0f76	0x1782ab0	rip-relative	unknown material
classic	item_toolst-title	0xca0a30	0xca0f92	0x1610298	rip-relative	 (
classic	item_toolst-title	0xca0a30	0xca0fd2	0x15e40c4	rip-relative	, 
classic	item_toolst-title	0xca0a30	0xca100b	0x16102d8	rip-relative	)
classic	item_toolst-title	0xca0a30	0xca108a	0x15e3720	rip-relative	 
classic	item_toolst-title	0xca0a30	0xca1218	0x15e8b58	rip-relative	's 
classic	item_toolst-title	0xca0a30	0xca12b0	0x15e3720	rip-relative	 
classic	item_toolst-title	0xca0a30	0xca12d7	0x1782ab0	rip-relative	unknown material
classic	item_toolst-title	0xca0a30	0xca12f5	0x1610298	rip-relative	 (
classic	item_toolst-title	0xca0a30	0xca1335	0x15e40c4	rip-relative	, 
classic	item_toolst-title	0xca0a30	0xca136e	0x16102d8	rip-relative	)
classic	item_toolst-title	0xca0a30	0xca13f1	0x16e9598	rip-relative	 <#
classic	item_toolst-title	0xca0a30	0xca1414	0x16e9594	rip-relative	>
classic	instrument-raw-writer	0xeb9810	0xeb98cd	0x16ff9f8	rip-relative	item_layer
classic	instrument-raw-writer	0xeb9810	0xeb98de	0x16ffa08	rip-relative	[OBJECT:ITEM]
classic	instrument-raw-writer	0xeb9810	0xeb9ad6	0x172d5b4	rip-relative	INK
classic	instrument-raw-writer	0xeb9810	0xeb9d46	0x172d5a8	rip-relative	_KEYBOARD
classic	instrument-raw-writer	0xeb9810	0xeb9d70	0x172d5d0	rip-relative	[ITEM_TOOL:
classic	instrument-raw-writer	0xeb9810	0xeb9d96	0x15f8664	rip-relative	]
classic	instrument-raw-writer	0xeb9810	0xeb9dba	0x16a5fd8	rip-relative	[GENERATED]
classic	instrument-raw-writer	0xeb9810	0xeb9dd6	0x172ca60	rip-relative	[SOURCE_HFID:
classic	instrument-raw-writer	0xeb9810	0xeb9dfe	0x15f8664	rip-relative	]
classic	instrument-raw-writer	0xeb9810	0xeb9e3a	0x172ca50	rip-relative	[SOURCE_ENID:
classic	instrument-raw-writer	0xeb9810	0xeb9e62	0x15f8664	rip-relative	]
classic	instrument-raw-writer	0xeb9810	0xeb9e93	0x172d5b8	rip-relative	[NO_DEFAULT_JOB]
classic	instrument-raw-writer	0xeb9810	0xeb9ea4	0x172e158	rip-relative	[INCOMPLETE_ITEM]
classic	instrument-raw-writer	0xeb9810	0xeb9eb5	0x172e150	rip-relative	[NAME:
classic	instrument-raw-writer	0xeb9810	0xeb9edb	0x172e180	rip-relative	 keyboard
classic	instrument-raw-writer	0xeb9810	0xeb9eee	0x1613404	rip-relative	:
classic	instrument-raw-writer	0xeb9810	0xeb9f14	0x172e170	rip-relative	 keyboards
classic	instrument-raw-writer	0xeb9810	0xeb9f27	0x15f8664	rip-relative	]
classic	instrument-raw-writer	0xeb9810	0xeb9f4b	0x172e128	rip-relative	[VALUE:10]
classic	instrument-raw-writer	0xeb9810	0xeb9f6f	0x172e108	rip-relative	[TILE:155][UNIMPROVABLE]
classic	instrument-raw-writer	0xeb9810	0xeb9f80	0x172e148	rip-relative	[SIZE:
classic	instrument-raw-writer	0xeb9810	0xeb9fa1	0x15f8664	rip-relative	]
classic	instrument-raw-writer	0xeb9810	0xeb9fc5	0x172e138	rip-relative	[MATERIAL_SIZE:
classic	instrument-raw-writer	0xeb9810	0xeb9fe7	0x15f8664	rip-relative	]
classic	instrument-raw-writer	0xeb9810	0xeba00b	0x172e208	rip-relative	[DESCRIPTION:The 
classic	instrument-raw-writer	0xeb9810	0xeba031	0x172e1c0	rip-relative	 keyboard allows the musician to select the pitch of the instrument.]
classic	instrument-raw-writer	0xeb9810	0xeba069	0x172e230	rip-relative	_BODY
classic	instrument-raw-writer	0xeb9810	0xeba093	0x172d5d0	rip-relative	[ITEM_TOOL:
classic	instrument-raw-writer	0xeb9810	0xeba0b9	0x15f8664	rip-relative	]
classic	instrument-raw-writer	0xeb9810	0xeba0dd	0x16a5fd8	rip-relative	[GENERATED]
classic	instrument-raw-writer	0xeb9810	0xeba0f9	0x172ca60	rip-relative	[SOURCE_HFID:
classic	instrument-raw-writer	0xeb9810	0xeba11c	0x15f8664	rip-relative	]
classic	instrument-raw-writer	0xeb9810	0xeba153	0x172ca50	rip-relative	[SOURCE_ENID:
classic	instrument-raw-writer	0xeb9810	0xeba176	0x15f8664	rip-relative	]
classic	instrument-raw-writer	0xeb9810	0xeba1a7	0x172d5b8	rip-relative	[NO_DEFAULT_JOB]
classic	instrument-raw-writer	0xeb9810	0xeba1b8	0x172e158	rip-relative	[INCOMPLETE_ITEM]
classic	instrument-raw-writer	0xeb9810	0xeba1c9	0x172e220	rip-relative	[UNIMPROVABLE]
classic	instrument-raw-writer	0xeb9810	0xeba1da	0x172e150	rip-relative	[NAME:
classic	instrument-raw-writer	0xeb9810	0xeba21c	0x172e198	rip-relative	 console
classic	instrument-raw-writer	0xeb9810	0xeba22e	0x17249fc	rip-relative	 body
classic	instrument-raw-writer	0xeb9810	0xeba23a	0x172e18c	rip-relative	 case
classic	instrument-raw-writer	0xeb9810	0xeba247	0x16ffeb8	rip-relative	 chest
classic	instrument-raw-writer	0xeb9810	0xeba25a	0x1613404	rip-relative	:
classic	instrument-raw-writer	0xeb9810	0xeba291	0x172e1b0	rip-relative	 consoles
classic	instrument-raw-writer	0xeb9810	0xeba2a3	0x172e298	rip-relative	 bodies
classic	instrument-raw-writer	0xeb9810	0xeba2af	0x172e28c	rip-relative	 cases
classic	instrument-raw-writer	0xeb9810	0xeba2bc	0x172e1a8	rip-relative	 chests
classic	instrument-raw-writer	0xeb9810	0xeba2cf	0x15f8664	rip-relative	]
classic	instrument-raw-writer	0xeb9810	0xeba2f3	0x172e128	rip-relative	[VALUE:10]
classic	instrument-raw-writer	0xeb9810	0xeba317	0x172e108	rip-relative	[TILE:155][UNIMPROVABLE]
classic	instrument-raw-writer	0xeb9810	0xeba328	0x172e148	rip-relative	[SIZE:
classic	instrument-raw-writer	0xeb9810	0xeba349	0x15f8664	rip-relative	]
classic	instrument-raw-writer	0xeb9810	0xeba36d	0x172e138	rip-relative	[MATERIAL_SIZE:
classic	instrument-raw-writer	0xeb9810	0xeba38f	0x15f8664	rip-relative	]
classic	instrument-raw-writer	0xeb9810	0xeba3b3	0x172e208	rip-relative	[DESCRIPTION:The 
classic	instrument-raw-writer	0xeb9810	0xeba3ea	0x172e198	rip-relative	 console
classic	instrument-raw-writer	0xeb9810	0xeba3fc	0x17249fc	rip-relative	 body
classic	instrument-raw-writer	0xeb9810	0xeba40c	0x172e18c	rip-relative	 case
classic	instrument-raw-writer	0xeb9810	0xeba419	0x16ffeb8	rip-relative	 chest
classic	instrument-raw-writer	0xeb9810	0xeba432	0x172e2a8	rip-relative	 is the housing for the workings of the instrument.]
classic	instrument-raw-writer	0xeb9810	0xeba486	0x172e2a0	rip-relative	_VIB
classic	instrument-raw-writer	0xeb9810	0xeba4a9	0x172d5d0	rip-relative	[ITEM_TOOL:
classic	instrument-raw-writer	0xeb9810	0xeba4cf	0x15f8664	rip-relative	]
classic	instrument-raw-writer	0xeb9810	0xeba4f3	0x16a5fd8	rip-relative	[GENERATED]
classic	instrument-raw-writer	0xeb9810	0xeba50f	0x172ca60	rip-relative	[SOURCE_HFID:
classic	instrument-raw-writer	0xeb9810	0xeba532	0x15f8664	rip-relative	]
classic	instrument-raw-writer	0xeb9810	0xeba569	0x172ca50	rip-relative	[SOURCE_ENID:
classic	instrument-raw-writer	0xeb9810	0xeba58c	0x15f8664	rip-relative	]
classic	instrument-raw-writer	0xeb9810	0xeba5bd	0x172d5b8	rip-relative	[NO_DEFAULT_JOB]
classic	instrument-raw-writer	0xeb9810	0xeba5ce	0x172e158	rip-relative	[INCOMPLETE_ITEM]
classic	instrument-raw-writer	0xeb9810	0xeba5df	0x172e220	rip-relative	[UNIMPROVABLE]
classic	instrument-raw-writer	0xeb9810	0xeba5f0	0x172e150	rip-relative	[NAME:
classic	instrument-raw-writer	0xeb9810	0xeba624	0x172e240	rip-relative	 strings
classic	instrument-raw-writer	0xeb9810	0xeba62d	0x172e238	rip-relative	 bells
classic	instrument-raw-writer	0xeb9810	0xeba637	0x172e284	rip-relative	 pipes
classic	instrument-raw-writer	0xeb9810	0xeba64e	0x1613404	rip-relative	:
classic	instrument-raw-writer	0xeb9810	0xeba678	0x172e240	rip-relative	 strings
classic	instrument-raw-writer	0xeb9810	0xeba681	0x172e238	rip-relative	 bells
classic	instrument-raw-writer	0xeb9810	0xeba68b	0x172e284	rip-relative	 pipes
classic	instrument-raw-writer	0xeb9810	0xeba6a2	0x15f8664	rip-relative	]
classic	instrument-raw-writer	0xeb9810	0xeba6c6	0x172e128	rip-relative	[VALUE:10]
classic	instrument-raw-writer	0xeb9810	0xeba6f5	0x172e108	rip-relative	[TILE:155][UNIMPROVABLE]
classic	instrument-raw-writer	0xeb9810	0xeba706	0x172e148	rip-relative	[SIZE:
classic	instrument-raw-writer	0xeb9810	0xeba728	0x15f8664	rip-relative	]
classic	instrument-raw-writer	0xeb9810	0xeba74c	0x172e138	rip-relative	[MATERIAL_SIZE:
classic	instrument-raw-writer	0xeb9810	0xeba76e	0x15f8664	rip-relative	]
classic	instrument-raw-writer	0xeb9810	0xeba792	0x172e208	rip-relative	[DESCRIPTION:The 
classic	instrument-raw-writer	0xeb9810	0xeba7bc	0x172e240	rip-relative	 strings
classic	instrument-raw-writer	0xeb9810	0xeba7c5	0x172e238	rip-relative	 bells
classic	instrument-raw-writer	0xeb9810	0xeba7cf	0x172e284	rip-relative	 pipes
classic	instrument-raw-writer	0xeb9810	0xeba7e6	0x172e250	rip-relative	 vibrate, producing the sound of the instrument.]
classic	instrument-raw-writer	0xeb9810	0xeba84f	0x172e360	rip-relative	_BELLOWS
classic	instrument-raw-writer	0xeb9810	0xeba872	0x172d5d0	rip-relative	[ITEM_TOOL:
classic	instrument-raw-writer	0xeb9810	0xeba898	0x15f8664	rip-relative	]
classic	instrument-raw-writer	0xeb9810	0xeba8bc	0x16a5fd8	rip-relative	[GENERATED]
classic	instrument-raw-writer	0xeb9810	0xeba8d8	0x172ca60	rip-relative	[SOURCE_HFID:
classic	instrument-raw-writer	0xeb9810	0xeba8fb	0x15f8664	rip-relative	]
classic	instrument-raw-writer	0xeb9810	0xeba932	0x172ca50	rip-relative	[SOURCE_ENID:
classic	instrument-raw-writer	0xeb9810	0xeba955	0x15f8664	rip-relative	]
classic	instrument-raw-writer	0xeb9810	0xeba986	0x172d5b8	rip-relative	[NO_DEFAULT_JOB]
classic	instrument-raw-writer	0xeb9810	0xeba997	0x172e158	rip-relative	[INCOMPLETE_ITEM]
classic	instrument-raw-writer	0xeb9810	0xeba9a8	0x172e220	rip-relative	[UNIMPROVABLE]
classic	instrument-raw-writer	0xeb9810	0xeba9b9	0x172e150	rip-relative	[NAME:
classic	instrument-raw-writer	0xeb9810	0xeba9df	0x172e354	rip-relative	 pump
classic	instrument-raw-writer	0xeb9810	0xeba9e9	0x172e3a0	rip-relative	 bellows
classic	instrument-raw-writer	0xeb9810	0xebaa03	0x1613404	rip-relative	:
classic	instrument-raw-writer	0xeb9810	0xebaa38	0x15f8664	rip-relative	]
classic	instrument-raw-writer	0xeb9810	0xebaa5c	0x172e128	rip-relative	[VALUE:10]
classic	instrument-raw-writer	0xeb9810	0xebaa8c	0x172e108	rip-relative	[TILE:155][UNIMPROVABLE]
classic	instrument-raw-writer	0xeb9810	0xebaa9d	0x172e148	rip-relative	[SIZE:
classic	instrument-raw-writer	0xeb9810	0xebaac0	0x15f8664	rip-relative	]
classic	instrument-raw-writer	0xeb9810	0xebaae4	0x172e138	rip-relative	[MATERIAL_SIZE:
classic	instrument-raw-writer	0xeb9810	0xebab06	0x15f8664	rip-relative	]
classic	instrument-raw-writer	0xeb9810	0xebab2a	0x172e208	rip-relative	[DESCRIPTION:The 
classic	instrument-raw-writer	0xeb9810	0xebab5a	0x172e370	rip-relative	 pump is used to supply air to the instrument.]
classic	instrument-raw-writer	0xeb9810	0xebab63	0x172e2f8	rip-relative	 bellows is used to send air through the instrument.]
classic	instrument-raw-writer	0xeb9810	0xebab8c	0x172e2e0	rip-relative	[ITEM_INSTRUMENT:
classic	instrument-raw-writer	0xeb9810	0xebabb2	0x15f8664	rip-relative	]
classic	instrument-raw-writer	0xeb9810	0xebabd6	0x16a5fd8	rip-relative	[GENERATED]
classic	instrument-raw-writer	0xeb9810	0xebabed	0x172ca60	rip-relative	[SOURCE_HFID:
classic	instrument-raw-writer	0xeb9810	0xebac10	0x15f8664	rip-relative	]
classic	instrument-raw-writer	0xeb9810	0xebac47	0x172ca50	rip-relative	[SOURCE_ENID:
classic	instrument-raw-writer	0xeb9810	0xebac6a	0x15f8664	rip-relative	]
classic	instrument-raw-writer	0xeb9810	0xebac9b	0x172e150	rip-relative	[NAME:
classic	instrument-raw-writer	0xeb9810	0xebacc1	0x1613404	rip-relative	:
classic	instrument-raw-writer	0xeb9810	0xebace7	0x15f8664	rip-relative	]
classic	instrument-raw-writer	0xeb9810	0xebad0b	0x172e348	rip-relative	[VALUE:50]
classic	instrument-raw-writer	0xeb9810	0xebad1c	0x172e148	rip-relative	[SIZE:
classic	instrument-raw-writer	0xeb9810	0xebad3d	0x15f8664	rip-relative	]
classic	instrument-raw-writer	0xeb9810	0xebad69	0x172e330	rip-relative	[PLACED_AS_BUILDING]
classic	instrument-raw-writer	0xeb9810	0xebad7a	0x172e408	rip-relative	[DOMINANT_MATERIAL_PIECE:BODY]
classic	instrument-raw-writer	0xeb9810	0xebad8b	0x172e3f0	rip-relative	[INSTRUMENT_PIECE:
classic	instrument-raw-writer	0xeb9810	0xebad9e	0x172e440	rip-relative	KEYBOARD:
classic	instrument-raw-writer	0xeb9810	0xebadc4	0x172e428	rip-relative	:keyboard:keyboards
classic	instrument-raw-writer	0xeb9810	0xebadd7	0x172e3b8	rip-relative	:STANDARD]
classic	instrument-raw-writer	0xeb9810	0xebadfb	0x172e3f0	rip-relative	[INSTRUMENT_PIECE:
classic	instrument-raw-writer	0xeb9810	0xebae0e	0x172e3ac	rip-relative	BODY:
classic	instrument-raw-writer	0xeb9810	0xebae4b	0x172e3d8	rip-relative	:console:consoles
classic	instrument-raw-writer	0xeb9810	0xebae6a	0x172e4a0	rip-relative	:body:bodies
classic	instrument-raw-writer	0xeb9810	0xebae76	0x172e3b8	rip-relative	:STANDARD]
classic	instrument-raw-writer	0xeb9810	0xebae82	0x172e490	rip-relative	:case:cases
classic	instrument-raw-writer	0xeb9810	0xebae8e	0x172e3b8	rip-relative	:STANDARD]
classic	instrument-raw-writer	0xeb9810	0xebaeb4	0x172e3c8	rip-relative	:chest:chests
classic	instrument-raw-writer	0xeb9810	0xebaec7	0x172e3b8	rip-relative	:STANDARD]
classic	instrument-raw-writer	0xeb9810	0xebaef4	0x172e3f0	rip-relative	[INSTRUMENT_PIECE:
classic	instrument-raw-writer	0xeb9810	0xebaf07	0x172e4c4	rip-relative	VIB:
classic	instrument-raw-writer	0xeb9810	0xebaf31	0x172e4b0	rip-relative	:strings:strings
classic	instrument-raw-writer	0xeb9810	0xebaf3d	0x172e460	rip-relative	:bells:bells
classic	instrument-raw-writer	0xeb9810	0xebaf46	0x172e450	rip-relative	:pipes:pipes
classic	instrument-raw-writer	0xeb9810	0xebaf59	0x172e480	rip-relative	:ALWAYS_PLURAL]
classic	instrument-raw-writer	0xeb9810	0xebaf8a	0x172e3f0	rip-relative	[INSTRUMENT_PIECE:
classic	instrument-raw-writer	0xeb9810	0xebaf9d	0x172e470	rip-relative	BELLOWS:
classic	instrument-raw-writer	0xeb9810	0xebafcd	0x172e5b0	rip-relative	:pump:pumps
classic	instrument-raw-writer	0xeb9810	0xebafd6	0x172e598	rip-relative	:bellows:bellows
classic	instrument-raw-writer	0xeb9810	0xebafe2	0x172e3b8	rip-relative	:STANDARD]
classic	instrument-raw-writer	0xeb9810	0xebb04a	0x172e5e8	rip-relative	[PITCH_RANGE:
classic	instrument-raw-writer	0xeb9810	0xebb06c	0x1613404	rip-relative	:
classic	instrument-raw-writer	0xeb9810	0xebb08d	0x15f8664	rip-relative	]
classic	instrument-raw-writer	0xeb9810	0xebb0d9	0x172e5c0	rip-relative	[SOUND_PRODUCTION:PLUCKED:BODY:VIB]
classic	instrument-raw-writer	0xeb9810	0xebb0f0	0x172e508	rip-relative	[SOUND_PRODUCTION:STRUCK:BODY:VIB]
classic	instrument-raw-writer	0xeb9810	0xebb10b	0x172e508	rip-relative	[SOUND_PRODUCTION:STRUCK:BODY:VIB]
classic	instrument-raw-writer	0xeb9810	0xebb127	0x172e4d0	rip-relative	[SOUND_PRODUCTION:AIR_OVER_FREE_REED:BELLOWS:BODY]
classic	instrument-raw-writer	0xeb9810	0xebb152	0x172e568	rip-relative	[SOUND_PRODUCTION:AIR_OVER_REED:BELLOWS:VIB]
classic	instrument-raw-writer	0xeb9810	0xebb174	0x172e530	rip-relative	[SOUND_PRODUCTION:AIR_OVER_FREE_REED:BELLOWS:VIB]
classic	instrument-raw-writer	0xeb9810	0xebb1b2	0x172e568	rip-relative	[SOUND_PRODUCTION:AIR_OVER_REED:BELLOWS:VIB]
classic	instrument-raw-writer	0xeb9810	0xebb1d4	0x172e530	rip-relative	[SOUND_PRODUCTION:AIR_OVER_FREE_REED:BELLOWS:VIB]
classic	instrument-raw-writer	0xeb9810	0xebb1fc	0x172e668	rip-relative	[SOUND_PRODUCTION:AIR_AGAINST_FIPPLE:BELLOWS:VIB]
classic	instrument-raw-writer	0xeb9810	0xebb212	0x172e658	rip-relative	[VOLUME_mB:
classic	instrument-raw-writer	0xeb9810	0xebb23e	0x1613404	rip-relative	:
classic	instrument-raw-writer	0xeb9810	0xebb262	0x15f8664	rip-relative	]
classic	instrument-raw-writer	0xeb9810	0xebb286	0x172e6c8	rip-relative	[PITCH_CHOICE:KEYBOARD:KEYBOARD]
classic	instrument-raw-writer	0xeb9810	0xebb2b7	0x172e6a0	rip-relative	[PITCH_CHOICE:FOOT_PEDALS:VIB:BODY]
classic	instrument-raw-writer	0xeb9810	0xebb313	0x172e608	rip-relative	[MUSIC_SKILL:PLAY_KEYBOARD_INSTRUMENT]
classic	instrument-raw-writer	0xeb9810	0xebb324	0x172e5f8	rip-relative	[DESCRIPTION:
classic	instrument-raw-writer	0xeb9810	0xebb344	0x15e89c4	rip-relative	The 
classic	instrument-raw-writer	0xeb9810	0xebb36a	0x16445f4	rip-relative	 is a 
classic	instrument-raw-writer	0xeb9810	0xebb385	0x172e648	rip-relative	huge stationary
classic	instrument-raw-writer	0xeb9810	0xebb396	0x172e630	rip-relative	large stationary
classic	instrument-raw-writer	0xeb9810	0xebb3a7	0x172daa0	rip-relative	large hand-held
classic	instrument-raw-writer	0xeb9810	0xebb3b8	0x172da88	rip-relative	mid-size hand-held
classic	instrument-raw-writer	0xeb9810	0xebb3c7	0x172dac0	rip-relative	small hand-held
classic	instrument-raw-writer	0xeb9810	0xebb3d0	0x172dab0	rip-relative	tiny hand-held
classic	instrument-raw-writer	0xeb9810	0xebb3e3	0x15e3720	rip-relative	 
classic	instrument-raw-writer	0xeb9810	0xebb405	0x172d9f0	rip-relative	 musical instrument
classic	instrument-raw-writer	0xeb9810	0xebb42d	0x172d9e0	rip-relative	 which uses a 
classic	instrument-raw-writer	0xeb9810	0xebb459	0x172da40	rip-relative	 pump to send water into a chamber, ultimately supplying air to blow
classic	instrument-raw-writer	0xeb9810	0xebb462	0x172da08	rip-relative	 bellows to pressurize air, ultimately blowing it
classic	instrument-raw-writer	0xeb9810	0xebb46e	0x172dbd8	rip-relative	 through any of 
classic	instrument-raw-writer	0xeb9810	0xebb4b1	0x15e3720	rip-relative	 
classic	instrument-raw-writer	0xeb9810	0xebb4d3	0x172dbc8	rip-relative	 pipes.  
classic	instrument-raw-writer	0xeb9810	0xebb4e6	0x172dc08	rip-relative	The musician directs air through chosen pipes by playing a 
classic	instrument-raw-writer	0xeb9810	0xebb508	0x172e180	rip-relative	 keyboard
classic	instrument-raw-writer	0xeb9810	0xebb520	0x172dbf0	rip-relative	 and a pedalboard
classic	instrument-raw-writer	0xeb9810	0xebb533	0x15f8850	rip-relative	.  
classic	instrument-raw-writer	0xeb9810	0xebb55c	0x172db10	rip-relative	The instrument has flue pipes and both single reed and free reed pipes.  
classic	instrument-raw-writer	0xeb9810	0xebb565	0x172dad0	rip-relative	The instrument has both single reed and free reed pipes.  
classic	instrument-raw-writer	0xeb9810	0xebb573	0x172db60	rip-relative	The instrument has flue pipes and free reed pipes.  
classic	instrument-raw-writer	0xeb9810	0xebb57c	0x172dce8	rip-relative	All of the pipes are single reed.  
classic	instrument-raw-writer	0xeb9810	0xebb596	0x172db98	rip-relative	The instrument has flue pipes and reed pipes.  
classic	instrument-raw-writer	0xeb9810	0xebb59f	0x172dcc0	rip-relative	All of the pipes are free reed.  
classic	instrument-raw-writer	0xeb9810	0xebb5ad	0x172dd28	rip-relative	All of the pipes are flue pipes.  
classic	instrument-raw-writer	0xeb9810	0xebb5f4	0x172dd10	rip-relative	.  The musician uses a 
classic	instrument-raw-writer	0xeb9810	0xebb616	0x172dc70	rip-relative	 bellows to send air over interior reeds.  
classic	instrument-raw-writer	0xeb9810	0xebb629	0x172dc48	rip-relative	The desired pitch is selected using a 
classic	instrument-raw-writer	0xeb9810	0xebb64b	0x172dcb0	rip-relative	 keyboard.  
classic	instrument-raw-writer	0xeb9810	0xebb67b	0x172dca0	rip-relative	 which houses 
classic	instrument-raw-writer	0xeb9810	0xebb6c2	0x15e3720	rip-relative	 
classic	instrument-raw-writer	0xeb9810	0xebb6e4	0x172dde0	rip-relative	 strings.  
classic	instrument-raw-writer	0xeb9810	0xebb6f7	0x172ddc8	rip-relative	The musician uses a 
classic	instrument-raw-writer	0xeb9810	0xebb719	0x172de08	rip-relative	 keyboard 
classic	instrument-raw-writer	0xeb9810	0xebb731	0x172ddf0	rip-relative	and a pedalboard 
classic	instrument-raw-writer	0xeb9810	0xebb744	0x172dd60	rip-relative	to select which of these strings are 
classic	instrument-raw-writer	0xeb9810	0xebb763	0x172dd50	rip-relative	plucked.  
classic	instrument-raw-writer	0xeb9810	0xebb76c	0x172ddb8	rip-relative	struck.  
classic	instrument-raw-writer	0xeb9810	0xebb78e	0x172dd88	rip-relative	The musician cannot control the volume.  
classic	instrument-raw-writer	0xeb9810	0xebb7c0	0x172de68	rip-relative	 above which hang 
classic	instrument-raw-writer	0xeb9810	0xebb802	0x15e3720	rip-relative	 
classic	instrument-raw-writer	0xeb9810	0xebb824	0x172de58	rip-relative	 bells.  
classic	instrument-raw-writer	0xeb9810	0xebb837	0x172ddc8	rip-relative	The musician uses a 
classic	instrument-raw-writer	0xeb9810	0xebb859	0x172de08	rip-relative	 keyboard 
classic	instrument-raw-writer	0xeb9810	0xebb871	0x172ddf0	rip-relative	and a pedalboard 
classic	instrument-raw-writer	0xeb9810	0xebb884	0x172de80	rip-relative	to select which of these bells are struck.  
classic	instrument-raw-writer	0xeb9810	0xebb943	0x15f8664	rip-relative	]
classic	instrument-raw-writer	0xeb9810	0xebbbeb	0x172de7c	rip-relative	INS
classic	instrument-raw-writer	0xeb9810	0xebbdbf	0x172dfe0	rip-relative	_YOKE
classic	instrument-raw-writer	0xeb9810	0xebbdf5	0x172e230	rip-relative	_BODY
classic	instrument-raw-writer	0xeb9810	0xebbe3b	0x172d5d0	rip-relative	[ITEM_TOOL:
classic	instrument-raw-writer	0xeb9810	0xebbe61	0x15f8664	rip-relative	]
classic	instrument-raw-writer	0xeb9810	0xebbe85	0x16a5fd8	rip-relative	[GENERATED]
classic	instrument-raw-writer	0xeb9810	0xebbea1	0x172ca60	rip-relative	[SOURCE_HFID:
classic	instrument-raw-writer	0xeb9810	0xebbec9	0x15f8664	rip-relative	]
classic	instrument-raw-writer	0xeb9810	0xebbf05	0x172ca50	rip-relative	[SOURCE_ENID:
classic	instrument-raw-writer	0xeb9810	0xebbf2d	0x15f8664	rip-relative	]
classic	instrument-raw-writer	0xeb9810	0xebbf5e	0x172d5b8	rip-relative	[NO_DEFAULT_JOB]
classic	instrument-raw-writer	0xeb9810	0xebbf6f	0x172e158	rip-relative	[INCOMPLETE_ITEM]
classic	instrument-raw-writer	0xeb9810	0xebbf80	0x172e220	rip-relative	[UNIMPROVABLE]
classic	instrument-raw-writer	0xeb9810	0xebbf91	0x172e150	rip-relative	[NAME:
classic	instrument-raw-writer	0xeb9810	0xebbfb7	0x172df64	rip-relative	 yoke
classic	instrument-raw-writer	0xeb9810	0xebbfca	0x1613404	rip-relative	:
classic	instrument-raw-writer	0xeb9810	0xebbff0	0x172df5c	rip-relative	 yokes
classic	instrument-raw-writer	0xeb9810	0xebc003	0x15f8664	rip-relative	]
classic	instrument-raw-writer	0xeb9810	0xebc027	0x172e128	rip-relative	[VALUE:10]
classic	instrument-raw-writer	0xeb9810	0xebc04b	0x172e108	rip-relative	[TILE:155][UNIMPROVABLE]
classic	instrument-raw-writer	0xeb9810	0xebc05c	0x172e148	rip-relative	[SIZE:
classic	instrument-raw-writer	0xeb9810	0xebc07d	0x15f8664	rip-relative	]
classic	instrument-raw-writer	0xeb9810	0xebc0a1	0x172e138	rip-relative	[MATERIAL_SIZE:
classic	instrument-raw-writer	0xeb9810	0xebc0c2	0x15f8664	rip-relative	]
classic	instrument-raw-writer	0xeb9810	0xebc0e6	0x172dfa0	rip-relative	[DESCRIPTION:The strings of the instrument are attached to the 
classic	instrument-raw-writer	0xeb9810	0xebc10c	0x172df80	rip-relative	 yoke.]
classic	instrument-raw-writer	0xeb9810	0xebc130	0x172d5d0	rip-relative	[ITEM_TOOL:
classic	instrument-raw-writer	0xeb9810	0xebc156	0x15f8664	rip-relative	]
classic	instrument-raw-writer	0xeb9810	0xebc17a	0x16a5fd8	rip-relative	[GENERATED]
classic	instrument-raw-writer	0xeb9810	0xebc196	0x172ca60	rip-relative	[SOURCE_HFID:
classic	instrument-raw-writer	0xeb9810	0xebc1b9	0x15f8664	rip-relative	]
classic	instrument-raw-writer	0xeb9810	0xebc1f0	0x172ca50	rip-relative	[SOURCE_ENID:
classic	instrument-raw-writer	0xeb9810	0xebc213	0x15f8664	rip-relative	]
classic	instrument-raw-writer	0xeb9810	0xebc244	0x172d5b8	rip-relative	[NO_DEFAULT_JOB]
classic	instrument-raw-writer	0xeb9810	0xebc255	0x172e158	rip-relative	[INCOMPLETE_ITEM]
classic	instrument-raw-writer	0xeb9810	0xebc266	0x172e220	rip-relative	[UNIMPROVABLE]
classic	instrument-raw-writer	0xeb9810	0xebc277	0x172e150	rip-relative	[NAME:
classic	instrument-raw-writer	0xeb9810	0xebc29d	0x172df70	rip-relative	 sound-chest
classic	instrument-raw-writer	0xeb9810	0xebc2b0	0x1613404	rip-relative	:
classic	instrument-raw-writer	0xeb9810	0xebc2d6	0x172e0e0	rip-relative	 sound-chests
classic	instrument-raw-writer	0xeb9810	0xebc2e9	0x15f8664	rip-relative	]
classic	instrument-raw-writer	0xeb9810	0xebc30d	0x172e128	rip-relative	[VALUE:10]
classic	instrument-raw-writer	0xeb9810	0xebc331	0x172e108	rip-relative	[TILE:155][UNIMPROVABLE]
classic	instrument-raw-writer	0xeb9810	0xebc342	0x172e148	rip-relative	[SIZE:
classic	instrument-raw-writer	0xeb9810	0xebc363	0x15f8664	rip-relative	]
classic	instrument-raw-writer	0xeb9810	0xebc387	0x172e138	rip-relative	[MATERIAL_SIZE:
classic	instrument-raw-writer	0xeb9810	0xebc3a9	0x15f8664	rip-relative	]
classic	instrument-raw-writer	0xeb9810	0xebc3cd	0x172e208	rip-relative	[DESCRIPTION:The 
classic	instrument-raw-writer	0xeb9810	0xebc3f3	0x172e090	rip-relative	 sound-chest of the instrument vibrates with the strings, producing sound.]
classic	instrument-raw-writer	0xeb9810	0xebc47f	0x172e100	rip-relative	STRINGS
classic	instrument-raw-writer	0xeb9810	0xebc4a2	0x172d5d0	rip-relative	[ITEM_TOOL:
classic	instrument-raw-writer	0xeb9810	0xebc4c8	0x15f8664	rip-relative	]
classic	instrument-raw-writer	0xeb9810	0xebc4ec	0x16a5fd8	rip-relative	[GENERATED]
classic	instrument-raw-writer	0xeb9810	0xebc508	0x172ca60	rip-relative	[SOURCE_HFID:
classic	instrument-raw-writer	0xeb9810	0xebc530	0x15f8664	rip-relative	]
classic	instrument-raw-writer	0xeb9810	0xebc56c	0x172ca50	rip-relative	[SOURCE_ENID:
classic	instrument-raw-writer	0xeb9810	0xebc594	0x15f8664	rip-relative	]
classic	instrument-raw-writer	0xeb9810	0xebc5c5	0x172d5b8	rip-relative	[NO_DEFAULT_JOB]
classic	instrument-raw-writer	0xeb9810	0xebc5d6	0x172e158	rip-relative	[INCOMPLETE_ITEM]
classic	instrument-raw-writer	0xeb9810	0xebc5e7	0x172e220	rip-relative	[UNIMPROVABLE]
classic	instrument-raw-writer	0xeb9810	0xebc5f8	0x172e150	rip-relative	[NAME:
classic	instrument-raw-writer	0xeb9810	0xebc61e	0x15e3720	rip-relative	 
classic	instrument-raw-writer	0xeb9810	0xebc63c	0x172def0	rip-relative	strings
classic	instrument-raw-writer	0xeb9810	0xebc645	0x16cd990	rip-relative	string
classic	instrument-raw-writer	0xeb9810	0xebc651	0x1613404	rip-relative	:
classic	instrument-raw-writer	0xeb9810	0xebc677	0x172e240	rip-relative	 strings
classic	instrument-raw-writer	0xeb9810	0xebc68a	0x15f8664	rip-relative	]
classic	instrument-raw-writer	0xeb9810	0xebc6ae	0x172e128	rip-relative	[VALUE:10]
classic	instrument-raw-writer	0xeb9810	0xebc6d2	0x172e108	rip-relative	[TILE:155][UNIMPROVABLE]
classic	instrument-raw-writer	0xeb9810	0xebc6e3	0x172e148	rip-relative	[SIZE:
classic	instrument-raw-writer	0xeb9810	0xebc705	0x15f8664	rip-relative	]
classic	instrument-raw-writer	0xeb9810	0xebc729	0x172e138	rip-relative	[MATERIAL_SIZE:
classic	instrument-raw-writer	0xeb9810	0xebc74a	0x15f8664	rip-relative	]
classic	instrument-raw-writer	0xeb9810	0xebc76e	0x172e208	rip-relative	[DESCRIPTION:The 
classic	instrument-raw-writer	0xeb9810	0xebc794	0x15e3720	rip-relative	 
classic	instrument-raw-writer	0xeb9810	0xebc7b2	0x172e0f0	rip-relative	strings vibrate
classic	instrument-raw-writer	0xeb9810	0xebc7bb	0x172e068	rip-relative	string vibrates
classic	instrument-raw-writer	0xeb9810	0xebc7c7	0x172e038	rip-relative	, causing the instrument to produce sound.]
classic	instrument-raw-writer	0xeb9810	0xebc82f	0x172e084	rip-relative	_PROD
classic	instrument-raw-writer	0xeb9810	0xebc86d	0x172e078	rip-relative	_NECK_RES
classic	instrument-raw-writer	0xeb9810	0xebc8bc	0x172d5d0	rip-relative	[ITEM_TOOL:
classic	instrument-raw-writer	0xeb9810	0xebc8e2	0x15f8664	rip-relative	]
classic	instrument-raw-writer	0xeb9810	0xebc906	0x16a5fd8	rip-relative	[GENERATED]
classic	instrument-raw-writer	0xeb9810	0xebc922	0x172ca60	rip-relative	[SOURCE_HFID:
classic	instrument-raw-writer	0xeb9810	0xebc94a	0x15f8664	rip-relative	]
classic	instrument-raw-writer	0xeb9810	0xebc986	0x172ca50	rip-relative	[SOURCE_ENID:
classic	instrument-raw-writer	0xeb9810	0xebc9ae	0x15f8664	rip-relative	]
classic	instrument-raw-writer	0xeb9810	0xebc9df	0x172d5b8	rip-relative	[NO_DEFAULT_JOB]
classic	instrument-raw-writer	0xeb9810	0xebc9f0	0x172e158	rip-relative	[INCOMPLETE_ITEM]
classic	instrument-raw-writer	0xeb9810	0xebca01	0x172e220	rip-relative	[UNIMPROVABLE]
classic	instrument-raw-writer	0xeb9810	0xebca12	0x172e150	rip-relative	[NAME:
classic	instrument-raw-writer	0xeb9810	0xebca48	0x172eff4	rip-relative	 bow
classic	instrument-raw-writer	0xeb9810	0xebca54	0x1613404	rip-relative	:
classic	instrument-raw-writer	0xeb9810	0xebca7a	0x172effc	rip-relative	 bows
classic	instrument-raw-writer	0xeb9810	0xebcb76	0x172e230	rip-relative	_BODY
classic	instrument-raw-writer	0xeb9810	0xebcbac	0x172d5d0	rip-relative	[ITEM_TOOL:
classic	instrument-raw-writer	0xeb9810	0xebcbd2	0x15f8664	rip-relative	]
classic	instrument-raw-writer	0xeb9810	0xebcbf6	0x16a5fd8	rip-relative	[GENERATED]
classic	instrument-raw-writer	0xeb9810	0xebcc12	0x172ca60	rip-relative	[SOURCE_HFID:
classic	instrument-raw-writer	0xeb9810	0xebcc3a	0x15f8664	rip-relative	]
classic	instrument-raw-writer	0xeb9810	0xebcc76	0x172ca50	rip-relative	[SOURCE_ENID:
classic	instrument-raw-writer	0xeb9810	0xebcc9e	0x15f8664	rip-relative	]
classic	instrument-raw-writer	0xeb9810	0xebcccf	0x172d5b8	rip-relative	[NO_DEFAULT_JOB]
classic	instrument-raw-writer	0xeb9810	0xebcce0	0x172e158	rip-relative	[INCOMPLETE_ITEM]
classic	instrument-raw-writer	0xeb9810	0xebccf1	0x172e220	rip-relative	[UNIMPROVABLE]
classic	instrument-raw-writer	0xeb9810	0xebcd02	0x172e150	rip-relative	[NAME:
classic	instrument-raw-writer	0xeb9810	0xebcd28	0x17249fc	rip-relative	 body
classic	instrument-raw-writer	0xeb9810	0xebcd3b	0x1613404	rip-relative	:
classic	instrument-raw-writer	0xeb9810	0xebcd61	0x172e298	rip-relative	 bodies
classic	instrument-raw-writer	0xeb9810	0xebcd74	0x15f8664	rip-relative	]
classic	instrument-raw-writer	0xeb9810	0xebcd98	0x172e128	rip-relative	[VALUE:10]
classic	instrument-raw-writer	0xeb9810	0xebcdbc	0x172e108	rip-relative	[TILE:155][UNIMPROVABLE]
classic	instrument-raw-writer	0xeb9810	0xebcdcd	0x172e148	rip-relative	[SIZE:
classic	instrument-raw-writer	0xeb9810	0xebcdee	0x15f8664	rip-relative	]
classic	instrument-raw-writer	0xeb9810	0xebce12	0x172e138	rip-relative	[MATERIAL_SIZE:
classic	instrument-raw-writer	0xeb9810	0xebce33	0x15f8664	rip-relative	]
classic	instrument-raw-writer	0xeb9810	0xebce57	0x172e208	rip-relative	[DESCRIPTION:The 
classic	instrument-raw-writer	0xeb9810	0xebce7d	0x172def8	rip-relative	 body of the instrument vibrates with the string
classic	instrument-raw-writer	0xeb9810	0xebce96	0x15e4220	rip-relative	s
classic	instrument-raw-writer	0xeb9810	0xebcea9	0x172deb8	rip-relative	, producing sound.]
classic	instrument-raw-writer	0xeb9810	0xebcfee	0x172deb0	rip-relative	_FRAME
classic	instrument-raw-writer	0xeb9810	0xebd024	0x172e230	rip-relative	_BODY
classic	instrument-raw-writer	0xeb9810	0xebd06a	0x172d5d0	rip-relative	[ITEM_TOOL:
classic	instrument-raw-writer	0xeb9810	0xebd090	0x15f8664	rip-relative	]
classic	instrument-raw-writer	0xeb9810	0xebd0b4	0x16a5fd8	rip-relative	[GENERATED]
classic	instrument-raw-writer	0xeb9810	0xebd0d0	0x172ca60	rip-relative	[SOURCE_HFID:
classic	instrument-raw-writer	0xeb9810	0xebd0f8	0x15f8664	rip-relative	]
classic	instrument-raw-writer	0xeb9810	0xebd134	0x172ca50	rip-relative	[SOURCE_ENID:
classic	instrument-raw-writer	0xeb9810	0xebd15c	0x15f8664	rip-relative	]
classic	instrument-raw-writer	0xeb9810	0xebd18d	0x172d5b8	rip-relative	[NO_DEFAULT_JOB]
classic	instrument-raw-writer	0xeb9810	0xebd19e	0x172e158	rip-relative	[INCOMPLETE_ITEM]
classic	instrument-raw-writer	0xeb9810	0xebd1af	0x172e220	rip-relative	[UNIMPROVABLE]
classic	instrument-raw-writer	0xeb9810	0xebd1c0	0x172e150	rip-relative	[NAME:
classic	instrument-raw-writer	0xeb9810	0xebd1e6	0x172ded8	rip-relative	 frame
classic	instrument-raw-writer	0xeb9810	0xebd1f9	0x1613404	rip-relative	:
classic	instrument-raw-writer	0xeb9810	0xebd21f	0x172ded0	rip-relative	 frames
classic	instrument-raw-writer	0xeb9810	0xebd232	0x15f8664	rip-relative	]
classic	instrument-raw-writer	0xeb9810	0xebd256	0x172e128	rip-relative	[VALUE:10]
classic	instrument-raw-writer	0xeb9810	0xebd27a	0x172e108	rip-relative	[TILE:155][UNIMPROVABLE]
classic	instrument-raw-writer	0xeb9810	0xebd28b	0x172e148	rip-relative	[SIZE:
classic	instrument-raw-writer	0xeb9810	0xebd2ac	0x15f8664	rip-relative	]
classic	instrument-raw-writer	0xeb9810	0xebd2d0	0x172e138	rip-relative	[MATERIAL_SIZE:
classic	instrument-raw-writer	0xeb9810	0xebd2f1	0x15f8664	rip-relative	]
classic	instrument-raw-writer	0xeb9810	0xebd315	0x172dfa0	rip-relative	[DESCRIPTION:The strings of the instrument are attached to the 
classic	instrument-raw-writer	0xeb9810	0xebd33b	0x172df88	rip-relative	 frame.]
classic	instrument-raw-writer	0xeb9810	0xebd35f	0x172d5d0	rip-relative	[ITEM_TOOL:
classic	instrument-raw-writer	0xeb9810	0xebd385	0x15f8664	rip-relative	]
classic	instrument-raw-writer	0xeb9810	0xebd3a9	0x16a5fd8	rip-relative	[GENERATED]
classic	instrument-raw-writer	0xeb9810	0xebd3c5	0x172ca60	rip-relative	[SOURCE_HFID:
classic	instrument-raw-writer	0xeb9810	0xebd3e8	0x15f8664	rip-relative	]
classic	instrument-raw-writer	0xeb9810	0xebd41f	0x172ca50	rip-relative	[SOURCE_ENID:
classic	instrument-raw-writer	0xeb9810	0xebd442	0x15f8664	rip-relative	]
classic	instrument-raw-writer	0xeb9810	0xebd473	0x172d5b8	rip-relative	[NO_DEFAULT_JOB]
classic	instrument-raw-writer	0xeb9810	0xebd484	0x172e158	rip-relative	[INCOMPLETE_ITEM]
classic	instrument-raw-writer	0xeb9810	0xebd495	0x172e220	rip-relative	[UNIMPROVABLE]
classic	instrument-raw-writer	0xeb9810	0xebd4a6	0x172e150	rip-relative	[NAME:
classic	instrument-raw-writer	0xeb9810	0xebd4cc	0x17249fc	rip-relative	 body
classic	instrument-raw-writer	0xeb9810	0xebd4df	0x1613404	rip-relative	:
classic	instrument-raw-writer	0xeb9810	0xebd505	0x172e298	rip-relative	 bodies
classic	instrument-raw-writer	0xeb9810	0xebd518	0x15f8664	rip-relative	]
classic	instrument-raw-writer	0xeb9810	0xebd53c	0x172e128	rip-relative	[VALUE:10]
classic	instrument-raw-writer	0xeb9810	0xebd560	0x172e108	rip-relative	[TILE:155][UNIMPROVABLE]
classic	instrument-raw-writer	0xeb9810	0xebd571	0x172e148	rip-relative	[SIZE:
classic	instrument-raw-writer	0xeb9810	0xebd592	0x15f8664	rip-relative	]
classic	instrument-raw-writer	0xeb9810	0xebd5b6	0x172e138	rip-relative	[MATERIAL_SIZE:
classic	instrument-raw-writer	0xeb9810	0xebd5d8	0x15f8664	rip-relative	]
classic	instrument-raw-writer	0xeb9810	0xebd5fc	0x172e208	rip-relative	[DESCRIPTION:The 
classic	instrument-raw-writer	0xeb9810	0xebd622	0x172dff0	rip-relative	 body of the instrument vibrates with the strings, producing sound.]
classic	instrument-raw-writer	0xeb9810	0xebd756	0x172de1c	rip-relative	_NECK
classic	instrument-raw-writer	0xeb9810	0xebd78c	0x172e230	rip-relative	_BODY
classic	instrument-raw-writer	0xeb9810	0xebd7d1	0x172d5d0	rip-relative	[ITEM_TOOL:
classic	instrument-raw-writer	0xeb9810	0xebd7f7	0x15f8664	rip-relative	]
classic	instrument-raw-writer	0xeb9810	0xebd81b	0x16a5fd8	rip-relative	[GENERATED]
classic	instrument-raw-writer	0xeb9810	0xebd837	0x172ca60	rip-relative	[SOURCE_HFID:
classic	instrument-raw-writer	0xeb9810	0xebd85f	0x15f8664	rip-relative	]
classic	instrument-raw-writer	0xeb9810	0xebd89b	0x172ca50	rip-relative	[SOURCE_ENID:
classic	instrument-raw-writer	0xeb9810	0xebd8c3	0x15f8664	rip-relative	]
classic	instrument-raw-writer	0xeb9810	0xebd8f4	0x172d5b8	rip-relative	[NO_DEFAULT_JOB]
classic	instrument-raw-writer	0xeb9810	0xebd905	0x172e158	rip-relative	[INCOMPLETE_ITEM]
classic	instrument-raw-writer	0xeb9810	0xebd916	0x172e220	rip-relative	[UNIMPROVABLE]
classic	instrument-raw-writer	0xeb9810	0xebd927	0x172e150	rip-relative	[NAME:
classic	instrument-raw-writer	0xeb9810	0xebd94d	0x172de14	rip-relative	 neck
classic	instrument-raw-writer	0xeb9810	0xebd960	0x1613404	rip-relative	:
classic	instrument-raw-writer	0xeb9810	0xebd986	0x172de50	rip-relative	 necks
classic	instrument-raw-writer	0xeb9810	0xebd999	0x15f8664	rip-relative	]
classic	instrument-raw-writer	0xeb9810	0xebd9bd	0x172e128	rip-relative	[VALUE:10]
classic	instrument-raw-writer	0xeb9810	0xebd9e1	0x172e108	rip-relative	[TILE:155][UNIMPROVABLE]
classic	instrument-raw-writer	0xeb9810	0xebd9f2	0x172e148	rip-relative	[SIZE:
classic	instrument-raw-writer	0xeb9810	0xebda13	0x15f8664	rip-relative	]
classic	instrument-raw-writer	0xeb9810	0xebda37	0x172e138	rip-relative	[MATERIAL_SIZE:
classic	instrument-raw-writer	0xeb9810	0xebda58	0x15f8664	rip-relative	]
classic	instrument-raw-writer	0xeb9810	0xebda7c	0x172e208	rip-relative	[DESCRIPTION:The 
classic	instrument-raw-writer	0xeb9810	0xebdaa2	0x172de28	rip-relative	 neck allows the musician room to stop 
classic	instrument-raw-writer	0xeb9810	0xebdac0	0x172def0	rip-relative	strings
classic	instrument-raw-writer	0xeb9810	0xebdac9	0x172dee0	rip-relative	the string
classic	instrument-raw-writer	0xeb9810	0xebdad5	0x172df30	rip-relative	 and select the pitch of the instrument.]
classic	instrument-raw-writer	0xeb9810	0xebdaf9	0x172d5d0	rip-relative	[ITEM_TOOL:
classic	instrument-raw-writer	0xeb9810	0xebdb1f	0x15f8664	rip-relative	]
classic	instrument-raw-writer	0xeb9810	0xebdb43	0x16a5fd8	rip-relative	[GENERATED]
classic	instrument-raw-writer	0xeb9810	0xebdb5f	0x172ca60	rip-relative	[SOURCE_HFID:
classic	instrument-raw-writer	0xeb9810	0xebdb82	0x15f8664	rip-relative	]
classic	instrument-raw-writer	0xeb9810	0xebdbb9	0x172ca50	rip-relative	[SOURCE_ENID:
classic	instrument-raw-writer	0xeb9810	0xebdbdc	0x15f8664	rip-relative	]
classic	instrument-raw-writer	0xeb9810	0xebdc0d	0x172d5b8	rip-relative	[NO_DEFAULT_JOB]
classic	instrument-raw-writer	0xeb9810	0xebdc1e	0x172e158	rip-relative	[INCOMPLETE_ITEM]
classic	instrument-raw-writer	0xeb9810	0xebdc2f	0x172e220	rip-relative	[UNIMPROVABLE]
classic	instrument-raw-writer	0xeb9810	0xebdc40	0x172e150	rip-relative	[NAME:
classic	instrument-raw-writer	0xeb9810	0xebdc66	0x17249fc	rip-relative	 body
classic	instrument-raw-writer	0xeb9810	0xebdc79	0x1613404	rip-relative	:
classic	instrument-raw-writer	0xeb9810	0xebdc9f	0x172e298	rip-relative	 bodies
classic	instrument-raw-writer	0xeb9810	0xebdcb2	0x15f8664	rip-relative	]
classic	instrument-raw-writer	0xeb9810	0xebdcd6	0x172e128	rip-relative	[VALUE:10]
classic	instrument-raw-writer	0xeb9810	0xebdcfa	0x172e108	rip-relative	[TILE:155][UNIMPROVABLE]
classic	instrument-raw-writer	0xeb9810	0xebdd0b	0x172e148	rip-relative	[SIZE:
classic	instrument-raw-writer	0xeb9810	0xebdd2d	0x15f8664	rip-relative	]
classic	instrument-raw-writer	0xeb9810	0xebdd51	0x172e138	rip-relative	[MATERIAL_SIZE:
classic	instrument-raw-writer	0xeb9810	0xebdd72	0x15f8664	rip-relative	]
classic	instrument-raw-writer	0xeb9810	0xebdd96	0x172e208	rip-relative	[DESCRIPTION:The 
classic	instrument-raw-writer	0xeb9810	0xebddbc	0x172def8	rip-relative	 body of the instrument vibrates with the string
classic	instrument-raw-writer	0xeb9810	0xebddd5	0x15e4220	rip-relative	s
classic	instrument-raw-writer	0xeb9810	0xebdde8	0x172deb8	rip-relative	, producing sound.]
classic	instrument-raw-writer	0xeb9810	0xebde64	0x172efe8	rip-relative	 plectrum
classic	instrument-raw-writer	0xeb9810	0xebde70	0x1613404	rip-relative	:
classic	instrument-raw-writer	0xeb9810	0xebde96	0x172ef98	rip-relative	 plectra
classic	instrument-raw-writer	0xeb9810	0xebdeb2	0x172f008	rip-relative	 hammers
classic	instrument-raw-writer	0xeb9810	0xebdebe	0x1613404	rip-relative	:
classic	instrument-raw-writer	0xeb9810	0xebdee4	0x172f008	rip-relative	 hammers
classic	instrument-raw-writer	0xeb9810	0xebdef9	0x1613404	rip-relative	:
classic	instrument-raw-writer	0xeb9810	0xebdf18	0x15f8664	rip-relative	]
classic	instrument-raw-writer	0xeb9810	0xebdf3c	0x172e128	rip-relative	[VALUE:10]
classic	instrument-raw-writer	0xeb9810	0xebdf60	0x172e108	rip-relative	[TILE:155][UNIMPROVABLE]
classic	instrument-raw-writer	0xeb9810	0xebdf71	0x172e148	rip-relative	[SIZE:
classic	instrument-raw-writer	0xeb9810	0xebdf92	0x15f8664	rip-relative	]
classic	instrument-raw-writer	0xeb9810	0xebdfb6	0x172e138	rip-relative	[MATERIAL_SIZE:
classic	instrument-raw-writer	0xeb9810	0xebdfda	0x15f8664	rip-relative	]
classic	instrument-raw-writer	0xeb9810	0xebdffe	0x172e208	rip-relative	[DESCRIPTION:The 
classic	instrument-raw-writer	0xeb9810	0xebe029	0x172ef78	rip-relative	 bow is drawn across the string
classic	instrument-raw-writer	0xeb9810	0xebe037	0x172efc8	rip-relative	 plectrum plucks the string
classic	instrument-raw-writer	0xeb9810	0xebe047	0x172efa8	rip-relative	 hammers strike the string
classic	instrument-raw-writer	0xeb9810	0xebe060	0x15e4220	rip-relative	s
classic	instrument-raw-writer	0xeb9810	0xebe073	0x172f068	rip-relative	 of the instrument.]
classic	instrument-raw-writer	0xeb9810	0xebe0a3	0x172d5d0	rip-relative	[ITEM_TOOL:
classic	instrument-raw-writer	0xeb9810	0xebe0c9	0x15f8664	rip-relative	]
classic	instrument-raw-writer	0xeb9810	0xebe0ed	0x16a5fd8	rip-relative	[GENERATED]
classic	instrument-raw-writer	0xeb9810	0xebe109	0x172ca60	rip-relative	[SOURCE_HFID:
classic	instrument-raw-writer	0xeb9810	0xebe131	0x15f8664	rip-relative	]
classic	instrument-raw-writer	0xeb9810	0xebe16d	0x172ca50	rip-relative	[SOURCE_ENID:
classic	instrument-raw-writer	0xeb9810	0xebe195	0x15f8664	rip-relative	]
classic	instrument-raw-writer	0xeb9810	0xebe1c6	0x172d5b8	rip-relative	[NO_DEFAULT_JOB]
classic	instrument-raw-writer	0xeb9810	0xebe1d7	0x172e158	rip-relative	[INCOMPLETE_ITEM]
classic	instrument-raw-writer	0xeb9810	0xebe1e8	0x172e220	rip-relative	[UNIMPROVABLE]
classic	instrument-raw-writer	0xeb9810	0xebe1f9	0x172e150	rip-relative	[NAME:
classic	instrument-raw-writer	0xeb9810	0xebe21f	0x172f058	rip-relative	 neck bowl
classic	instrument-raw-writer	0xeb9810	0xebe232	0x1613404	rip-relative	:
classic	instrument-raw-writer	0xeb9810	0xebe258	0x172f0c8	rip-relative	 neck bowls
classic	instrument-raw-writer	0xeb9810	0xebe26b	0x15f8664	rip-relative	]
classic	instrument-raw-writer	0xeb9810	0xebe28f	0x172e128	rip-relative	[VALUE:10]
classic	instrument-raw-writer	0xeb9810	0xebe2b3	0x172e108	rip-relative	[TILE:155][UNIMPROVABLE]
classic	instrument-raw-writer	0xeb9810	0xebe2c4	0x172e148	rip-relative	[SIZE:
classic	instrument-raw-writer	0xeb9810	0xebe2e8	0x15f8664	rip-relative	]
classic	instrument-raw-writer	0xeb9810	0xebe30c	0x172e138	rip-relative	[MATERIAL_SIZE:
classic	instrument-raw-writer	0xeb9810	0xebe330	0x15f8664	rip-relative	]
classic	instrument-raw-writer	0xeb9810	0xebe354	0x172e208	rip-relative	[DESCRIPTION:The 
classic	instrument-raw-writer	0xeb9810	0xebe37a	0x172f080	rip-relative	 neck bowl vibrates with the rest of the instrument, producing sound.]
classic	instrument-raw-writer	0xeb9810	0xebe39e	0x172e2e0	rip-relative	[ITEM_INSTRUMENT:
classic	instrument-raw-writer	0xeb9810	0xebe3c4	0x15f8664	rip-relative	]
classic	instrument-raw-writer	0xeb9810	0xebe3e8	0x16a5fd8	rip-relative	[GENERATED]
classic	instrument-raw-writer	0xeb9810	0xebe404	0x172ca60	rip-relative	[SOURCE_HFID:
classic	instrument-raw-writer	0xeb9810	0xebe42c	0x15f8664	rip-relative	]
classic	instrument-raw-writer	0xeb9810	0xebe468	0x172ca50	rip-relative	[SOURCE_ENID:
classic	instrument-raw-writer	0xeb9810	0xebe490	0x15f8664	rip-relative	]
classic	instrument-raw-writer	0xeb9810	0xebe4c1	0x172e150	rip-relative	[NAME:
classic	instrument-raw-writer	0xeb9810	0xebe4e7	0x1613404	rip-relative	:
classic	instrument-raw-writer	0xeb9810	0xebe50d	0x15f8664	rip-relative	]
classic	instrument-raw-writer	0xeb9810	0xebe531	0x172e348	rip-relative	[VALUE:50]
classic	instrument-raw-writer	0xeb9810	0xebe542	0x172e148	rip-relative	[SIZE:
classic	instrument-raw-writer	0xeb9810	0xebe564	0x15f8664	rip-relative	]
classic	instrument-raw-writer	0xeb9810	0xebe591	0x172e330	rip-relative	[PLACED_AS_BUILDING]
classic	instrument-raw-writer	0xeb9810	0xebe5ad	0x172e408	rip-relative	[DOMINANT_MATERIAL_PIECE:BODY]
classic	instrument-raw-writer	0xeb9810	0xebe5be	0x172e3f0	rip-relative	[INSTRUMENT_PIECE:
classic	instrument-raw-writer	0xeb9810	0xebe5d1	0x172f024	rip-relative	NECK:
classic	instrument-raw-writer	0xeb9810	0xebe5f7	0x172f018	rip-relative	:neck:necks
classic	instrument-raw-writer	0xeb9810	0xebe60a	0x172e3b8	rip-relative	:STANDARD]
classic	instrument-raw-writer	0xeb9810	0xebe62e	0x172e3f0	rip-relative	[INSTRUMENT_PIECE:
classic	instrument-raw-writer	0xeb9810	0xebe641	0x172e3ac	rip-relative	BODY:
classic	instrument-raw-writer	0xeb9810	0xebe667	0x172e4a0	rip-relative	:body:bodies
classic	instrument-raw-writer	0xeb9810	0xebe67a	0x172e3b8	rip-relative	:STANDARD]
classic	instrument-raw-writer	0xeb9810	0xebe6a7	0x172f038	rip-relative	[DOMINANT_MATERIAL_PIECE:FRAME]
classic	instrument-raw-writer	0xeb9810	0xebe6b8	0x172e3f0	rip-relative	[INSTRUMENT_PIECE:
classic	instrument-raw-writer	0xeb9810	0xebe6cb	0x172f02c	rip-relative	FRAME:
classic	instrument-raw-writer	0xeb9810	0xebe6f1	0x172f138	rip-relative	:frame:frames
classic	instrument-raw-writer	0xeb9810	0xebe704	0x172e3b8	rip-relative	:STANDARD]
classic	instrument-raw-writer	0xeb9810	0xebe728	0x172e3f0	rip-relative	[INSTRUMENT_PIECE:
classic	instrument-raw-writer	0xeb9810	0xebe73b	0x172e3ac	rip-relative	BODY:
classic	instrument-raw-writer	0xeb9810	0xebe761	0x172e4a0	rip-relative	:body:bodies
classic	instrument-raw-writer	0xeb9810	0xebe774	0x172e3b8	rip-relative	:STANDARD]
classic	instrument-raw-writer	0xeb9810	0xebe7a3	0x172e408	rip-relative	[DOMINANT_MATERIAL_PIECE:BODY]
classic	instrument-raw-writer	0xeb9810	0xebe7b4	0x172e3f0	rip-relative	[INSTRUMENT_PIECE:
classic	instrument-raw-writer	0xeb9810	0xebe7c7	0x172e3ac	rip-relative	BODY:
classic	instrument-raw-writer	0xeb9810	0xebe7ed	0x172e4a0	rip-relative	:body:bodies
classic	instrument-raw-writer	0xeb9810	0xebe800	0x172e3b8	rip-relative	:STANDARD]
classic	instrument-raw-writer	0xeb9810	0xebe82d	0x172e408	rip-relative	[DOMINANT_MATERIAL_PIECE:BODY]
classic	instrument-raw-writer	0xeb9810	0xebe83e	0x172e3f0	rip-relative	[INSTRUMENT_PIECE:
classic	instrument-raw-writer	0xeb9810	0xebe851	0x172f12c	rip-relative	YOKE:
classic	instrument-raw-writer	0xeb9810	0xebe877	0x172f168	rip-relative	:yoke:yokes
classic	instrument-raw-writer	0xeb9810	0xebe88a	0x172e3b8	rip-relative	:STANDARD]
classic	instrument-raw-writer	0xeb9810	0xebe8ae	0x172e3f0	rip-relative	[INSTRUMENT_PIECE:
classic	instrument-raw-writer	0xeb9810	0xebe8c1	0x172e3ac	rip-relative	BODY:
classic	instrument-raw-writer	0xeb9810	0xebe8e7	0x172f148	rip-relative	:sound-chest:sound-chests
classic	instrument-raw-writer	0xeb9810	0xebe8fa	0x172e3b8	rip-relative	:STANDARD]
classic	instrument-raw-writer	0xeb9810	0xebe91e	0x172e3f0	rip-relative	[INSTRUMENT_PIECE:
classic	instrument-raw-writer	0xeb9810	0xebe931	0x172f0f8	rip-relative	STRINGS:
classic	instrument-raw-writer	0xeb9810	0xebe962	0x172f0d8	rip-relative	:strings:strings:ALWAYS_PLURAL]
classic	instrument-raw-writer	0xeb9810	0xebe96b	0x172f110	rip-relative	:string:strings:STANDARD]
classic	instrument-raw-writer	0xeb9810	0xebe99c	0x172e3f0	rip-relative	[INSTRUMENT_PIECE:
classic	instrument-raw-writer	0xeb9810	0xebe9af	0x172f104	rip-relative	PROD:
classic	instrument-raw-writer	0xeb9810	0xebe9da	0x172f228	rip-relative	:bow:bows:STANDARD]
classic	instrument-raw-writer	0xeb9810	0xebe9e8	0x172f208	rip-relative	:plectrum:plectra:STANDARD]
classic	instrument-raw-writer	0xeb9810	0xebe9f8	0x172f250	rip-relative	:hammers:hammers:ALWAYS_PLURAL]
classic	instrument-raw-writer	0xeb9810	0xebea20	0x172e3f0	rip-relative	[INSTRUMENT_PIECE:
classic	instrument-raw-writer	0xeb9810	0xebea33	0x172f240	rip-relative	NECK_RES:
classic	instrument-raw-writer	0xeb9810	0xebea59	0x172f1a0	rip-relative	:neck bowl:neck bowls
classic	instrument-raw-writer	0xeb9810	0xebea6c	0x172e3b8	rip-relative	:STANDARD]
classic	instrument-raw-writer	0xeb9810	0xebea90	0x172e658	rip-relative	[VOLUME_mB:
classic	instrument-raw-writer	0xeb9810	0xebeab1	0x1613404	rip-relative	:
classic	instrument-raw-writer	0xeb9810	0xebead5	0x15f8664	rip-relative	]
classic	instrument-raw-writer	0xeb9810	0xebeafe	0x172f178	rip-relative	[SOUND_PRODUCTION:BOWED:PROD:STRINGS]
classic	instrument-raw-writer	0xeb9810	0xebeb14	0x172f1e0	rip-relative	[SOUND_PRODUCTION:PLUCKED:PROD:STRINGS]
classic	instrument-raw-writer	0xeb9810	0xebeb2e	0x172f1b8	rip-relative	[SOUND_PRODUCTION:STRUCK:PROD:STRINGS]
classic	instrument-raw-writer	0xeb9810	0xebeb52	0x172f358	rip-relative	[SOUND_PRODUCTION:PLUCKED_BY_BP:STRINGS]
classic	instrument-raw-writer	0xeb9810	0xebeb67	0x172f330	rip-relative	[SOUND_PRODUCTION:RESONATOR:NECK_RES]
classic	instrument-raw-writer	0xeb9810	0xebec60	0x172f3b8	rip-relative	[PITCH_CHOICE:SUBPART_CHOICE:STRINGS]
classic	instrument-raw-writer	0xeb9810	0xebec8f	0x172f388	rip-relative	[PITCH_CHOICE:STOPPING_FRET:STRINGS:NECK]
classic	instrument-raw-writer	0xeb9810	0xebeca2	0x172f2a8	rip-relative	[PITCH_CHOICE:STOPPING_AGAINST_BODY:STRINGS:NECK]
classic	instrument-raw-writer	0xeb9810	0xebeccd	0x172f270	rip-relative	[PITCH_CHOICE:STOPPING_AGAINST_BODY:STRINGS:BODY]
classic	instrument-raw-writer	0xeb9810	0xebecfe	0x172f308	rip-relative	[PITCH_CHOICE:FOOT_PEDALS:STRINGS:BODY]
classic	instrument-raw-writer	0xeb9810	0xebed82	0x172e5e8	rip-relative	[PITCH_RANGE:
classic	instrument-raw-writer	0xeb9810	0xebeda4	0x1613404	rip-relative	:
classic	instrument-raw-writer	0xeb9810	0xebedc5	0x15f8664	rip-relative	]
classic	instrument-raw-writer	0xeb9810	0xebee07	0x172f2e0	rip-relative	[TUNING:ADJUSTABLE_BRIDGES:STRINGS]
classic	instrument-raw-writer	0xeb9810	0xebee1c	0x172f480	rip-relative	[TUNING:PEGS:STRINGS]
classic	instrument-raw-writer	0xeb9810	0xebee40	0x172f468	rip-relative	[TUNING:LEVERS:STRINGS]
classic	instrument-raw-writer	0xeb9810	0xebee89	0x172f4b0	rip-relative	[MUSIC_SKILL:PLAY_STRINGED_INSTRUMENT]
classic	instrument-raw-writer	0xeb9810	0xebee9a	0x172e5f8	rip-relative	[DESCRIPTION:
classic	instrument-raw-writer	0xeb9810	0xebeeba	0x15e89c4	rip-relative	The 
classic	instrument-raw-writer	0xeb9810	0xebeee0	0x16445f4	rip-relative	 is a 
classic	instrument-raw-writer	0xeb9810	0xebeefe	0x172e648	rip-relative	huge stationary
classic	instrument-raw-writer	0xeb9810	0xebef0e	0x172e630	rip-relative	large stationary
classic	instrument-raw-writer	0xeb9810	0xebef1e	0x172daa0	rip-relative	large hand-held
classic	instrument-raw-writer	0xeb9810	0xebef2e	0x172da88	rip-relative	mid-size hand-held
classic	instrument-raw-writer	0xeb9810	0xebef3c	0x172dac0	rip-relative	small hand-held
classic	instrument-raw-writer	0xeb9810	0xebef45	0x172dab0	rip-relative	tiny hand-held
classic	instrument-raw-writer	0xeb9810	0xebef58	0x15e3720	rip-relative	 
classic	instrument-raw-writer	0xeb9810	0xebef7a	0x172f498	rip-relative	-stringed instrument
classic	instrument-raw-writer	0xeb9810	0xebef94	0x165b590	rip-relative	 with a 
classic	instrument-raw-writer	0xeb9810	0xebefb6	0x172f3f0	rip-relative	 neck connecting to a 
classic	instrument-raw-writer	0xeb9810	0xebefd8	0x17249fc	rip-relative	 body
classic	instrument-raw-writer	0xeb9810	0xebeff2	0x165b590	rip-relative	 with a 
classic	instrument-raw-writer	0xeb9810	0xebf014	0x172f3e0	rip-relative	 frame and a 
classic	instrument-raw-writer	0xeb9810	0xebf036	0x17249fc	rip-relative	 body
classic	instrument-raw-writer	0xeb9810	0xebf050	0x165b590	rip-relative	 with a 
classic	instrument-raw-writer	0xeb9810	0xebf072	0x172f458	rip-relative	 yoke and a 
classic	instrument-raw-writer	0xeb9810	0xebf094	0x17249fc	rip-relative	 body
classic	instrument-raw-writer	0xeb9810	0xebf0ae	0x165b590	rip-relative	 with a 
classic	instrument-raw-writer	0xeb9810	0xebf0d0	0x17249fc	rip-relative	 body
classic	instrument-raw-writer	0xeb9810	0xebf0e3	0x15f8850	rip-relative	.  
classic	instrument-raw-writer	0xeb9810	0xebf0fd	0x172f410	rip-relative	The strings are tied from the top of the neck down over the body and
classic	instrument-raw-writer	0xeb9810	0xebf117	0x172f540	rip-relative	The strings are suspended from the frame down to the body and
classic	instrument-raw-writer	0xeb9810	0xebf131	0x172f500	rip-relative	The strings are suspended from the yoke down to the body and
classic	instrument-raw-writer	0xeb9810	0xebf14b	0x172f590	rip-relative	The instrument rests flat as
classic	instrument-raw-writer	0xeb9810	0xebf15e	0x172f580	rip-relative	 the musician 
classic	instrument-raw-writer	0xeb9810	0xebf17c	0x172f4e8	rip-relative	plays 
classic	instrument-raw-writer	0xeb9810	0xebf1a0	0x172dee0	rip-relative	the string
classic	instrument-raw-writer	0xeb9810	0xebf1b1	0x172f4d8	rip-relative	the main string
classic	instrument-raw-writer	0xeb9810	0xebf1c2	0x15e3e34	rip-relative	the 
classic	instrument-raw-writer	0xeb9810	0xebf206	0x172f4f8	rip-relative	 main
classic	instrument-raw-writer	0xeb9810	0xebf219	0x172e240	rip-relative	 strings
classic	instrument-raw-writer	0xeb9810	0xebf239	0x165b590	rip-relative	 with a 
classic	instrument-raw-writer	0xeb9810	0xebf25b	0x172eff4	rip-relative	 bow
classic	instrument-raw-writer	0xeb9810	0xebf279	0x172f4f0	rip-relative	picks 
classic	instrument-raw-writer	0xeb9810	0xebf29d	0x172dee0	rip-relative	the string
classic	instrument-raw-writer	0xeb9810	0xebf2ae	0x172f4d8	rip-relative	the main string
classic	instrument-raw-writer	0xeb9810	0xebf2bf	0x15e3e34	rip-relative	the 
classic	instrument-raw-writer	0xeb9810	0xebf303	0x172f4f8	rip-relative	 main
classic	instrument-raw-writer	0xeb9810	0xebf316	0x172e240	rip-relative	 strings
classic	instrument-raw-writer	0xeb9810	0xebf336	0x165b590	rip-relative	 with a 
classic	instrument-raw-writer	0xeb9810	0xebf358	0x172efe8	rip-relative	 plectrum
classic	instrument-raw-writer	0xeb9810	0xebf378	0x172f620	rip-relative	strikes 
classic	instrument-raw-writer	0xeb9810	0xebf39c	0x172dee0	rip-relative	the string
classic	instrument-raw-writer	0xeb9810	0xebf3ad	0x172f4d8	rip-relative	the main string
classic	instrument-raw-writer	0xeb9810	0xebf3be	0x15e3e34	rip-relative	the 
classic	instrument-raw-writer	0xeb9810	0xebf402	0x172f4f8	rip-relative	 main
classic	instrument-raw-writer	0xeb9810	0xebf415	0x172e240	rip-relative	 strings
classic	instrument-raw-writer	0xeb9810	0xebf435	0x15e9590	rip-relative	 with 
classic	instrument-raw-writer	0xeb9810	0xebf457	0x172f008	rip-relative	 hammers
classic	instrument-raw-writer	0xeb9810	0xebf48d	0x172f618	rip-relative	plucks 
classic	instrument-raw-writer	0xeb9810	0xebf4b1	0x172dee0	rip-relative	the string
classic	instrument-raw-writer	0xeb9810	0xebf4c2	0x172f4d8	rip-relative	the main string
classic	instrument-raw-writer	0xeb9810	0xebf4d3	0x15e3e34	rip-relative	the 
classic	instrument-raw-writer	0xeb9810	0xebf517	0x172f4f8	rip-relative	 main
classic	instrument-raw-writer	0xeb9810	0xebf52a	0x172e240	rip-relative	 strings
classic	instrument-raw-writer	0xeb9810	0xebf54a	0x15f8850	rip-relative	.  
classic	instrument-raw-writer	0xeb9810	0xebf56c	0x172f680	rip-relative	Another string vibrates in sympathy and is rarely played itself
classic	instrument-raw-writer	0xeb9810	0xebf5bc	0x172f630	rip-relative	 other strings vibrate in sympathy and are rarely played themselves
classic	instrument-raw-writer	0xeb9810	0xebf5dc	0x15f8850	rip-relative	.  
classic	instrument-raw-writer	0xeb9810	0xebf5fe	0x172f5c8	rip-relative	A drone string is
classic	instrument-raw-writer	0xeb9810	0xebf64e	0x172f5b0	rip-relative	 drone strings are
classic	instrument-raw-writer	0xeb9810	0xebf67a	0x172f600	rip-relative	 occasionally struck.  
classic	instrument-raw-writer	0xeb9810	0xebf683	0x172f5e0	rip-relative	 occasionally plucked.  
classic	instrument-raw-writer	0xeb9810	0xebf69d	0x172e7c8	rip-relative	Frets on the neck allow the musician to alter the pitch.  
classic	instrument-raw-writer	0xeb9810	0xebf6b9	0x172e7a0	rip-relative	The musician can alter the pitch of 
classic	instrument-raw-writer	0xeb9810	0xebf6d9	0x15fdc64	rip-relative	a
classic	instrument-raw-writer	0xeb9810	0xebf6e7	0x165e71c	rip-relative	the
classic	instrument-raw-writer	0xeb9810	0xebf6f3	0x172e838	rip-relative	 string by stopping it against the neck.  
classic	instrument-raw-writer	0xeb9810	0xebf716	0x172e7a0	rip-relative	The musician can alter the pitch of 
classic	instrument-raw-writer	0xeb9810	0xebf736	0x15fdc64	rip-relative	a
classic	instrument-raw-writer	0xeb9810	0xebf744	0x165e71c	rip-relative	the
classic	instrument-raw-writer	0xeb9810	0xebf750	0x172e808	rip-relative	 string by stopping it against the body.  
classic	instrument-raw-writer	0xeb9810	0xebf767	0x172e718	rip-relative	Tuning is possible with adjustable bridges.  
classic	instrument-raw-writer	0xeb9810	0xebf781	0x172e6f0	rip-relative	Tuning is accomplished by pegs.  
classic	instrument-raw-writer	0xeb9810	0xebf79b	0x172e770	rip-relative	Tuning is also possible using small levers.  
classic	instrument-raw-writer	0xeb9810	0xebf7b5	0x172e748	rip-relative	Pitch can also be altered by pedals.  
classic	instrument-raw-writer	0xeb9810	0xebf7e1	0x15e85e4	rip-relative	A 
classic	instrument-raw-writer	0xeb9810	0xebf803	0x172e8e0	rip-relative	 bowl is attached to the neck to provide additional overtones.  
classic	instrument-raw-writer	0xeb9810	0xebf8a3	0x15f8664	rip-relative	]
classic	instrument-raw-writer	0xeb9810	0xebfb8b	0x172e8d4	rip-relative	INW
classic	instrument-raw-writer	0xeb9810	0xebfd04	0x172e930	rip-relative	_BLOW
classic	instrument-raw-writer	0xeb9810	0xebfd3a	0x172e230	rip-relative	_BODY
classic	instrument-raw-writer	0xeb9810	0xebfd70	0x172eafc	rip-relative	_PIPES
classic	instrument-raw-writer	0xeb9810	0xebfdc7	0x172d5d0	rip-relative	[ITEM_TOOL:
classic	instrument-raw-writer	0xeb9810	0xebfded	0x15f8664	rip-relative	]
classic	instrument-raw-writer	0xeb9810	0xebfe11	0x16a5fd8	rip-relative	[GENERATED]
classic	instrument-raw-writer	0xeb9810	0xebfe2d	0x172ca60	rip-relative	[SOURCE_HFID:
classic	instrument-raw-writer	0xeb9810	0xebfe55	0x15f8664	rip-relative	]
classic	instrument-raw-writer	0xeb9810	0xebfe91	0x172ca50	rip-relative	[SOURCE_ENID:
classic	instrument-raw-writer	0xeb9810	0xebfeb9	0x15f8664	rip-relative	]
classic	instrument-raw-writer	0xeb9810	0xebfeea	0x172d5b8	rip-relative	[NO_DEFAULT_JOB]
classic	instrument-raw-writer	0xeb9810	0xebfefb	0x172e158	rip-relative	[INCOMPLETE_ITEM]
classic	instrument-raw-writer	0xeb9810	0xebff0c	0x172e220	rip-relative	[UNIMPROVABLE]
classic	instrument-raw-writer	0xeb9810	0xebff1d	0x172e150	rip-relative	[NAME:
classic	instrument-raw-writer	0xeb9810	0xebff43	0x172e868	rip-relative	 blowpipe
classic	instrument-raw-writer	0xeb9810	0xebff56	0x1613404	rip-relative	:
classic	instrument-raw-writer	0xeb9810	0xebff7c	0x172e8c8	rip-relative	 blowpipes
classic	instrument-raw-writer	0xeb9810	0xebff8f	0x15f8664	rip-relative	]
classic	instrument-raw-writer	0xeb9810	0xebffb3	0x172e128	rip-relative	[VALUE:10]
classic	instrument-raw-writer	0xeb9810	0xebffd7	0x172e108	rip-relative	[TILE:155][UNIMPROVABLE]
classic	instrument-raw-writer	0xeb9810	0xebffe8	0x172e148	rip-relative	[SIZE:
classic	instrument-raw-writer	0xeb9810	0xec0009	0x15f8664	rip-relative	]
classic	instrument-raw-writer	0xeb9810	0xec002d	0x172e138	rip-relative	[MATERIAL_SIZE:
classic	instrument-raw-writer	0xeb9810	0xec004e	0x15f8664	rip-relative	]
classic	instrument-raw-writer	0xeb9810	0xec0072	0x172e208	rip-relative	[DESCRIPTION:The 
classic	instrument-raw-writer	0xeb9810	0xec0098	0x172e880	rip-relative	 blowpipe is used by the musician to send air into the instrument.]
classic	instrument-raw-writer	0xeb9810	0xec00bc	0x172d5d0	rip-relative	[ITEM_TOOL:
classic	instrument-raw-writer	0xeb9810	0xec00e2	0x15f8664	rip-relative	]
classic	instrument-raw-writer	0xeb9810	0xec0106	0x16a5fd8	rip-relative	[GENERATED]
classic	instrument-raw-writer	0xeb9810	0xec0122	0x172ca60	rip-relative	[SOURCE_HFID:
classic	instrument-raw-writer	0xeb9810	0xec0145	0x15f8664	rip-relative	]
classic	instrument-raw-writer	0xeb9810	0xec017c	0x172ca50	rip-relative	[SOURCE_ENID:
classic	instrument-raw-writer	0xeb9810	0xec019f	0x15f8664	rip-relative	]
classic	instrument-raw-writer	0xeb9810	0xec01d0	0x172d5b8	rip-relative	[NO_DEFAULT_JOB]
classic	instrument-raw-writer	0xeb9810	0xec01e1	0x172e158	rip-relative	[INCOMPLETE_ITEM]
classic	instrument-raw-writer	0xeb9810	0xec01f2	0x172e220	rip-relative	[UNIMPROVABLE]
classic	instrument-raw-writer	0xeb9810	0xec0203	0x172e150	rip-relative	[NAME:
classic	instrument-raw-writer	0xeb9810	0xec0229	0x172eb58	rip-relative	 wind chest
classic	instrument-raw-writer	0xeb9810	0xec023c	0x1613404	rip-relative	:
classic	instrument-raw-writer	0xeb9810	0xec0262	0x172eb48	rip-relative	 wind chests
classic	instrument-raw-writer	0xeb9810	0xec0275	0x15f8664	rip-relative	]
classic	instrument-raw-writer	0xeb9810	0xec0299	0x172e128	rip-relative	[VALUE:10]
classic	instrument-raw-writer	0xeb9810	0xec02c0	0x172e108	rip-relative	[TILE:155][UNIMPROVABLE]
classic	instrument-raw-writer	0xeb9810	0xec02d1	0x172e148	rip-relative	[SIZE:
classic	instrument-raw-writer	0xeb9810	0xec02f2	0x15f8664	rip-relative	]
classic	instrument-raw-writer	0xeb9810	0xec0316	0x172e138	rip-relative	[MATERIAL_SIZE:
classic	instrument-raw-writer	0xeb9810	0xec0338	0x15f8664	rip-relative	]
classic	instrument-raw-writer	0xeb9810	0xec035c	0x172e208	rip-relative	[DESCRIPTION:The 
classic	instrument-raw-writer	0xeb9810	0xec0382	0x172ea68	rip-relative	 wind chest is the body of the instrument.]
classic	instrument-raw-writer	0xeb9810	0xec03a6	0x172d5d0	rip-relative	[ITEM_TOOL:
classic	instrument-raw-writer	0xeb9810	0xec03cc	0x15f8664	rip-relative	]
classic	instrument-raw-writer	0xeb9810	0xec03f0	0x16a5fd8	rip-relative	[GENERATED]
classic	instrument-raw-writer	0xeb9810	0xec0407	0x172ca60	rip-relative	[SOURCE_HFID:
classic	instrument-raw-writer	0xeb9810	0xec042a	0x15f8664	rip-relative	]
classic	instrument-raw-writer	0xeb9810	0xec0461	0x172ca50	rip-relative	[SOURCE_ENID:
classic	instrument-raw-writer	0xeb9810	0xec0484	0x15f8664	rip-relative	]
classic	instrument-raw-writer	0xeb9810	0xec04b5	0x172d5b8	rip-relative	[NO_DEFAULT_JOB]
classic	instrument-raw-writer	0xeb9810	0xec04c6	0x172e158	rip-relative	[INCOMPLETE_ITEM]
classic	instrument-raw-writer	0xeb9810	0xec04d7	0x172e220	rip-relative	[UNIMPROVABLE]
classic	instrument-raw-writer	0xeb9810	0xec04e8	0x172e150	rip-relative	[NAME:
classic	instrument-raw-writer	0xeb9810	0xec050e	0x172ea60	rip-relative	 pipe
classic	instrument-raw-writer	0xeb9810	0xec0521	0x1613404	rip-relative	:
classic	instrument-raw-writer	0xeb9810	0xec0547	0x172e284	rip-relative	 pipes
classic	instrument-raw-writer	0xeb9810	0xec055a	0x15f8664	rip-relative	]
classic	instrument-raw-writer	0xeb9810	0xec057e	0x172e128	rip-relative	[VALUE:10]
classic	instrument-raw-writer	0xeb9810	0xec05a0	0x172e108	rip-relative	[TILE:155][UNIMPROVABLE]
classic	instrument-raw-writer	0xeb9810	0xec05b1	0x172e148	rip-relative	[SIZE:
classic	instrument-raw-writer	0xeb9810	0xec05d3	0x15f8664	rip-relative	]
classic	instrument-raw-writer	0xeb9810	0xec05f7	0x172e138	rip-relative	[MATERIAL_SIZE:
classic	instrument-raw-writer	0xeb9810	0xec0619	0x15f8664	rip-relative	]
classic	instrument-raw-writer	0xeb9810	0xec063d	0x172ead8	rip-relative	[DESCRIPTION:The musician uses the 
classic	instrument-raw-writer	0xeb9810	0xec0663	0x172ea98	rip-relative	 pipes to select the pitch as the air leaves the instrument.]
classic	instrument-raw-writer	0xeb9810	0xec0774	0x172e930	rip-relative	_BLOW
classic	instrument-raw-writer	0xeb9810	0xec07aa	0x172e230	rip-relative	_BODY
classic	instrument-raw-writer	0xeb9810	0xec07e0	0x172e928	rip-relative	_MELODY
classic	instrument-raw-writer	0xeb9810	0xec0816	0x172e874	rip-relative	_DRONE
classic	instrument-raw-writer	0xeb9810	0xec0881	0x172d5d0	rip-relative	[ITEM_TOOL:
classic	instrument-raw-writer	0xeb9810	0xec08a7	0x15f8664	rip-relative	]
classic	instrument-raw-writer	0xeb9810	0xec08cb	0x16a5fd8	rip-relative	[GENERATED]
classic	instrument-raw-writer	0xeb9810	0xec08ef	0x172ca60	rip-relative	[SOURCE_HFID:
classic	instrument-raw-writer	0xeb9810	0xec0912	0x15f8664	rip-relative	]
classic	instrument-raw-writer	0xeb9810	0xec0949	0x172ca50	rip-relative	[SOURCE_ENID:
classic	instrument-raw-writer	0xeb9810	0xec096c	0x15f8664	rip-relative	]
classic	instrument-raw-writer	0xeb9810	0xec099d	0x172d5b8	rip-relative	[NO_DEFAULT_JOB]
classic	instrument-raw-writer	0xeb9810	0xec09ae	0x172e158	rip-relative	[INCOMPLETE_ITEM]
classic	instrument-raw-writer	0xeb9810	0xec09bf	0x172e220	rip-relative	[UNIMPROVABLE]
classic	instrument-raw-writer	0xeb9810	0xec09d0	0x172e150	rip-relative	[NAME:
classic	instrument-raw-writer	0xeb9810	0xec09f6	0x172e3a0	rip-relative	 bellows
classic	instrument-raw-writer	0xeb9810	0xec0a09	0x1613404	rip-relative	:
classic	instrument-raw-writer	0xeb9810	0xec0a2f	0x172e3a0	rip-relative	 bellows
classic	instrument-raw-writer	0xeb9810	0xec0a42	0x15f8664	rip-relative	]
classic	instrument-raw-writer	0xeb9810	0xec0a66	0x172e128	rip-relative	[VALUE:10]
classic	instrument-raw-writer	0xeb9810	0xec0a8a	0x172e108	rip-relative	[TILE:155][UNIMPROVABLE]
classic	instrument-raw-writer	0xeb9810	0xec0a9b	0x172e148	rip-relative	[SIZE:
classic	instrument-raw-writer	0xeb9810	0xec0abc	0x15f8664	rip-relative	]
classic	instrument-raw-writer	0xeb9810	0xec0ae0	0x172e138	rip-relative	[MATERIAL_SIZE:
classic	instrument-raw-writer	0xeb9810	0xec0b01	0x15f8664	rip-relative	]
classic	instrument-raw-writer	0xeb9810	0xec0b25	0x172e208	rip-relative	[DESCRIPTION:The 
classic	instrument-raw-writer	0xeb9810	0xec0b4b	0x172e2f8	rip-relative	 bellows is used to send air through the instrument.]
classic	instrument-raw-writer	0xeb9810	0xec0b5d	0x172ca60	rip-relative	[SOURCE_HFID:
classic	instrument-raw-writer	0xeb9810	0xec0b80	0x15f8664	rip-relative	]
classic	instrument-raw-writer	0xeb9810	0xec0bb7	0x172ca50	rip-relative	[SOURCE_ENID:
classic	instrument-raw-writer	0xeb9810	0xec0bda	0x15f8664	rip-relative	]
classic	instrument-raw-writer	0xeb9810	0xec0c0b	0x172d5b8	rip-relative	[NO_DEFAULT_JOB]
classic	instrument-raw-writer	0xeb9810	0xec0c1c	0x172e158	rip-relative	[INCOMPLETE_ITEM]
classic	instrument-raw-writer	0xeb9810	0xec0c2d	0x172e220	rip-relative	[UNIMPROVABLE]
classic	instrument-raw-writer	0xeb9810	0xec0c3e	0x172e150	rip-relative	[NAME:
classic	instrument-raw-writer	0xeb9810	0xec0c64	0x172e868	rip-relative	 blowpipe
classic	instrument-raw-writer	0xeb9810	0xec0c77	0x1613404	rip-relative	:
classic	instrument-raw-writer	0xeb9810	0xec0c9d	0x172e8c8	rip-relative	 blowpipes
classic	instrument-raw-writer	0xeb9810	0xec0cb0	0x15f8664	rip-relative	]
classic	instrument-raw-writer	0xeb9810	0xec0cd4	0x172e128	rip-relative	[VALUE:10]
classic	instrument-raw-writer	0xeb9810	0xec0cf8	0x172e108	rip-relative	[TILE:155][UNIMPROVABLE]
classic	instrument-raw-writer	0xeb9810	0xec0d09	0x172e148	rip-relative	[SIZE:
classic	instrument-raw-writer	0xeb9810	0xec0d2a	0x15f8664	rip-relative	]
classic	instrument-raw-writer	0xeb9810	0xec0d4e	0x172e138	rip-relative	[MATERIAL_SIZE:
classic	instrument-raw-writer	0xeb9810	0xec0d6f	0x15f8664	rip-relative	]
classic	instrument-raw-writer	0xeb9810	0xec0d93	0x172e208	rip-relative	[DESCRIPTION:The 
classic	instrument-raw-writer	0xeb9810	0xec0db9	0x172e880	rip-relative	 blowpipe is used by the musician to send air into the instrument.]
classic	instrument-raw-writer	0xeb9810	0xec0ddd	0x172d5d0	rip-relative	[ITEM_TOOL:
classic	instrument-raw-writer	0xeb9810	0xec0e03	0x15f8664	rip-relative	]
classic	instrument-raw-writer	0xeb9810	0xec0e27	0x16a5fd8	rip-relative	[GENERATED]
classic	instrument-raw-writer	0xeb9810	0xec0e3e	0x172ca60	rip-relative	[SOURCE_HFID:
classic	instrument-raw-writer	0xeb9810	0xec0e61	0x15f8664	rip-relative	]
classic	instrument-raw-writer	0xeb9810	0xec0e98	0x172ca50	rip-relative	[SOURCE_ENID:
classic	instrument-raw-writer	0xeb9810	0xec0ebb	0x15f8664	rip-relative	]
classic	instrument-raw-writer	0xeb9810	0xec0eec	0x172d5b8	rip-relative	[NO_DEFAULT_JOB]
classic	instrument-raw-writer	0xeb9810	0xec0efd	0x172e158	rip-relative	[INCOMPLETE_ITEM]
classic	instrument-raw-writer	0xeb9810	0xec0f0e	0x172e220	rip-relative	[UNIMPROVABLE]
classic	instrument-raw-writer	0xeb9810	0xec0f1f	0x172e150	rip-relative	[NAME:
classic	instrument-raw-writer	0xeb9810	0xec0f45	0x16ffec0	rip-relative	 bag
classic	instrument-raw-writer	0xeb9810	0xec0f58	0x1613404	rip-relative	:
classic	instrument-raw-writer	0xeb9810	0xec0f7e	0x16d993c	rip-relative	 bags
classic	instrument-raw-writer	0xeb9810	0xec0f91	0x15f8664	rip-relative	]
classic	instrument-raw-writer	0xeb9810	0xec0fb5	0x172e128	rip-relative	[VALUE:10]
classic	instrument-raw-writer	0xeb9810	0xec0fdc	0x172e108	rip-relative	[TILE:155][UNIMPROVABLE]
classic	instrument-raw-writer	0xeb9810	0xec0fed	0x172e148	rip-relative	[SIZE:
classic	instrument-raw-writer	0xeb9810	0xec100f	0x15f8664	rip-relative	]
classic	instrument-raw-writer	0xeb9810	0xec1033	0x172e138	rip-relative	[MATERIAL_SIZE:
classic	instrument-raw-writer	0xeb9810	0xec1055	0x15f8664	rip-relative	]
classic	instrument-raw-writer	0xeb9810	0xec1079	0x172e208	rip-relative	[DESCRIPTION:The 
classic	instrument-raw-writer	0xeb9810	0xec109f	0x172e9a0	rip-relative	 bag is used by the musician to control the steady flow of air through the instrument.]
classic	instrument-raw-writer	0xeb9810	0xec10c3	0x172d5d0	rip-relative	[ITEM_TOOL:
classic	instrument-raw-writer	0xeb9810	0xec10e9	0x15f8664	rip-relative	]
classic	instrument-raw-writer	0xeb9810	0xec110d	0x16a5fd8	rip-relative	[GENERATED]
classic	instrument-raw-writer	0xeb9810	0xec1124	0x172ca60	rip-relative	[SOURCE_HFID:
classic	instrument-raw-writer	0xeb9810	0xec1147	0x15f8664	rip-relative	]
classic	instrument-raw-writer	0xeb9810	0xec117e	0x172ca50	rip-relative	[SOURCE_ENID:
classic	instrument-raw-writer	0xeb9810	0xec11a1	0x15f8664	rip-relative	]
classic	instrument-raw-writer	0xeb9810	0xec11d2	0x172d5b8	rip-relative	[NO_DEFAULT_JOB]
classic	instrument-raw-writer	0xeb9810	0xec11e3	0x172e158	rip-relative	[INCOMPLETE_ITEM]
classic	instrument-raw-writer	0xeb9810	0xec11f4	0x172e220	rip-relative	[UNIMPROVABLE]
classic	instrument-raw-writer	0xeb9810	0xec1205	0x172e150	rip-relative	[NAME:
classic	instrument-raw-writer	0xeb9810	0xec122b	0x172e988	rip-relative	 melody pipe
classic	instrument-raw-writer	0xeb9810	0xec123e	0x1613404	rip-relative	:
classic	instrument-raw-writer	0xeb9810	0xec1264	0x172ea50	rip-relative	 melody pipes
classic	instrument-raw-writer	0xeb9810	0xec1277	0x15f8664	rip-relative	]
classic	instrument-raw-writer	0xeb9810	0xec129b	0x172e128	rip-relative	[VALUE:10]
classic	instrument-raw-writer	0xeb9810	0xec12bd	0x172e108	rip-relative	[TILE:155][UNIMPROVABLE]
classic	instrument-raw-writer	0xeb9810	0xec12ce	0x172e148	rip-relative	[SIZE:
classic	instrument-raw-writer	0xeb9810	0xec12f0	0x15f8664	rip-relative	]
classic	instrument-raw-writer	0xeb9810	0xec1314	0x172e138	rip-relative	[MATERIAL_SIZE:
classic	instrument-raw-writer	0xeb9810	0xec1336	0x15f8664	rip-relative	]
classic	instrument-raw-writer	0xeb9810	0xec135a	0x172e208	rip-relative	[DESCRIPTION:The 
classic	instrument-raw-writer	0xeb9810	0xec1380	0x172ea00	rip-relative	 melody pipe is used by the musician to select the pitch of the instrument.]
classic	instrument-raw-writer	0xeb9810	0xec13a4	0x172d5d0	rip-relative	[ITEM_TOOL:
classic	instrument-raw-writer	0xeb9810	0xec13ca	0x15f8664	rip-relative	]
classic	instrument-raw-writer	0xeb9810	0xec13ee	0x16a5fd8	rip-relative	[GENERATED]
classic	instrument-raw-writer	0xeb9810	0xec1405	0x172ca60	rip-relative	[SOURCE_HFID:
classic	instrument-raw-writer	0xeb9810	0xec1428	0x15f8664	rip-relative	]
classic	instrument-raw-writer	0xeb9810	0xec145f	0x172ca50	rip-relative	[SOURCE_ENID:
classic	instrument-raw-writer	0xeb9810	0xec1482	0x15f8664	rip-relative	]
classic	instrument-raw-writer	0xeb9810	0xec14b3	0x172d5b8	rip-relative	[NO_DEFAULT_JOB]
classic	instrument-raw-writer	0xeb9810	0xec14c4	0x172e158	rip-relative	[INCOMPLETE_ITEM]
classic	instrument-raw-writer	0xeb9810	0xec14d5	0x172e220	rip-relative	[UNIMPROVABLE]
classic	instrument-raw-writer	0xeb9810	0xec14e6	0x172e150	rip-relative	[NAME:
classic	instrument-raw-writer	0xeb9810	0xec150c	0x172e948	rip-relative	 drone pipe
classic	instrument-raw-writer	0xeb9810	0xec152a	0x15e4220	rip-relative	s
classic	instrument-raw-writer	0xeb9810	0xec153d	0x1613404	rip-relative	:
classic	instrument-raw-writer	0xeb9810	0xec1563	0x172e938	rip-relative	 drone pipes
classic	instrument-raw-writer	0xeb9810	0xec1576	0x15f8664	rip-relative	]
classic	instrument-raw-writer	0xeb9810	0xec159a	0x172e128	rip-relative	[VALUE:10]
classic	instrument-raw-writer	0xeb9810	0xec15bc	0x172e108	rip-relative	[TILE:155][UNIMPROVABLE]
classic	instrument-raw-writer	0xeb9810	0xec15cd	0x172e148	rip-relative	[SIZE:
classic	instrument-raw-writer	0xeb9810	0xec15f0	0x15f8664	rip-relative	]
classic	instrument-raw-writer	0xeb9810	0xec1614	0x172e138	rip-relative	[MATERIAL_SIZE:
classic	instrument-raw-writer	0xeb9810	0xec1636	0x15f8664	rip-relative	]
classic	instrument-raw-writer	0xeb9810	0xec165a	0x172e208	rip-relative	[DESCRIPTION:The 
classic	instrument-raw-writer	0xeb9810	0xec168b	0x172e970	rip-relative	 drone pipes produce
classic	instrument-raw-writer	0xeb9810	0xec1694	0x172e958	rip-relative	 drone pipe produces
classic	instrument-raw-writer	0xeb9810	0xec16a0	0x172eb08	rip-relative	 a constant pitch with the flow of air out of the instrument.]
classic	instrument-raw-writer	0xeb9810	0xec16e0	0x172e2e0	rip-relative	[ITEM_INSTRUMENT:
classic	instrument-raw-writer	0xeb9810	0xec1706	0x15f8664	rip-relative	]
classic	instrument-raw-writer	0xeb9810	0xec172a	0x16a5fd8	rip-relative	[GENERATED]
classic	instrument-raw-writer	0xeb9810	0xec1746	0x172ca60	rip-relative	[SOURCE_HFID:
classic	instrument-raw-writer	0xeb9810	0xec176e	0x15f8664	rip-relative	]
classic	instrument-raw-writer	0xeb9810	0xec17aa	0x172ca50	rip-relative	[SOURCE_ENID:
classic	instrument-raw-writer	0xeb9810	0xec17d2	0x15f8664	rip-relative	]
classic	instrument-raw-writer	0xeb9810	0xec1803	0x172e150	rip-relative	[NAME:
classic	instrument-raw-writer	0xeb9810	0xec1829	0x1613404	rip-relative	:
classic	instrument-raw-writer	0xeb9810	0xec184f	0x15f8664	rip-relative	]
classic	instrument-raw-writer	0xeb9810	0xec1873	0x172e348	rip-relative	[VALUE:50]
classic	instrument-raw-writer	0xeb9810	0xec1884	0x172e148	rip-relative	[SIZE:
classic	instrument-raw-writer	0xeb9810	0xec18a6	0x15f8664	rip-relative	]
classic	instrument-raw-writer	0xeb9810	0xec18d9	0x172e138	rip-relative	[MATERIAL_SIZE:
classic	instrument-raw-writer	0xeb9810	0xec190c	0x15f8664	rip-relative	]
classic	instrument-raw-writer	0xeb9810	0xec194c	0x172e330	rip-relative	[PLACED_AS_BUILDING]
classic	instrument-raw-writer	0xeb9810	0xec1965	0x172ebb0	rip-relative	[DOMINANT_MATERIAL_PIECE:BAG]
classic	instrument-raw-writer	0xeb9810	0xec1976	0x172e3f0	rip-relative	[INSTRUMENT_PIECE:
classic	instrument-raw-writer	0xeb9810	0xec1989	0x172eba4	rip-relative	BLOW:
classic	instrument-raw-writer	0xeb9810	0xec19b9	0x172e598	rip-relative	:bellows:bellows
classic	instrument-raw-writer	0xeb9810	0xec19c2	0x172ebd8	rip-relative	:blowpipe:blowpipes
classic	instrument-raw-writer	0xeb9810	0xec19ce	0x172e3b8	rip-relative	:STANDARD]
classic	instrument-raw-writer	0xeb9810	0xec19f2	0x172e3f0	rip-relative	[INSTRUMENT_PIECE:
classic	instrument-raw-writer	0xeb9810	0xec1a05	0x172ebd0	rip-relative	BAG:
classic	instrument-raw-writer	0xeb9810	0xec1a2b	0x172eb70	rip-relative	:bag:bags
classic	instrument-raw-writer	0xeb9810	0xec1a3e	0x172e3b8	rip-relative	:STANDARD]
classic	instrument-raw-writer	0xeb9810	0xec1a62	0x172e3f0	rip-relative	[INSTRUMENT_PIECE:
classic	instrument-raw-writer	0xeb9810	0xec1a75	0x172eb68	rip-relative	MELODY:
classic	instrument-raw-writer	0xeb9810	0xec1a9b	0x172eb88	rip-relative	:melody pipe:melody pipes
classic	instrument-raw-writer	0xeb9810	0xec1aae	0x172e3b8	rip-relative	:STANDARD]
classic	instrument-raw-writer	0xeb9810	0xec1ad2	0x172e3f0	rip-relative	[INSTRUMENT_PIECE:
classic	instrument-raw-writer	0xeb9810	0xec1ae5	0x172eb80	rip-relative	DRONES:
classic	instrument-raw-writer	0xeb9810	0xec1b16	0x172ec78	rip-relative	:drone pipes:drone pipes:ALWAYS_PLURAL]
classic	instrument-raw-writer	0xeb9810	0xec1b1f	0x172ec50	rip-relative	:drone pipe:drone pipes:STANDARD]
classic	instrument-raw-writer	0xeb9810	0xec1b47	0x172eca8	rip-relative	[DOMINANT_MATERIAL_PIECE:CHEST]
classic	instrument-raw-writer	0xeb9810	0xec1b58	0x172e3f0	rip-relative	[INSTRUMENT_PIECE:
classic	instrument-raw-writer	0xeb9810	0xec1b6b	0x172eba4	rip-relative	BLOW:
classic	instrument-raw-writer	0xeb9810	0xec1b91	0x172ebd8	rip-relative	:blowpipe:blowpipes
classic	instrument-raw-writer	0xeb9810	0xec1ba4	0x172e3b8	rip-relative	:STANDARD]
classic	instrument-raw-writer	0xeb9810	0xec1bc8	0x172e3f0	rip-relative	[INSTRUMENT_PIECE:
classic	instrument-raw-writer	0xeb9810	0xec1bdb	0x172eca0	rip-relative	CHEST:
classic	instrument-raw-writer	0xeb9810	0xec1c01	0x172ebf8	rip-relative	:wind chest:wind chests
classic	instrument-raw-writer	0xeb9810	0xec1c14	0x172e3b8	rip-relative	:STANDARD]
classic	instrument-raw-writer	0xeb9810	0xec1c38	0x172e3f0	rip-relative	[INSTRUMENT_PIECE:
classic	instrument-raw-writer	0xeb9810	0xec1c4b	0x172ebec	rip-relative	PIPES:
classic	instrument-raw-writer	0xeb9810	0xec1c71	0x172ec40	rip-relative	:pipe:pipes
classic	instrument-raw-writer	0xeb9810	0xec1c84	0x172e3b8	rip-relative	:STANDARD]
classic	instrument-raw-writer	0xeb9810	0xec1d1f	0x172ec10	rip-relative	[SOUND_PRODUCTION:BAG_OVER_REED:BAG:MELODY]
classic	instrument-raw-writer	0xeb9810	0xec1d30	0x172ed80	rip-relative	[SOUND_PRODUCTION:BAG_OVER_REED:BAG:DRONES]
classic	instrument-raw-writer	0xeb9810	0xec1d54	0x172ed58	rip-relative	[PITCH_CHOICE:STOPPING_HOLE:MELODY]
classic	instrument-raw-writer	0xeb9810	0xec1d67	0x172ede8	rip-relative	[PITCH_CHOICE:STOPPING_HOLE_KEY:MELODY]
classic	instrument-raw-writer	0xeb9810	0xec1d9f	0x172edb0	rip-relative	[SOUND_PRODUCTION:VIBRATE_BP_AGAINST_OPENING:SELF]
classic	instrument-raw-writer	0xeb9810	0xec1dcd	0x172ed10	rip-relative	[PITCH_CHOICE:BP_IN_BELL:SELF]
classic	instrument-raw-writer	0xeb9810	0xec1de3	0x172ed30	rip-relative	[PITCH_CHOICE:VALVE_ROUTES_AIR:SELF]
classic	instrument-raw-writer	0xeb9810	0xec1df9	0x172ecc8	rip-relative	[PITCH_CHOICE:HARMONIC_SERIES:SELF]
classic	instrument-raw-writer	0xeb9810	0xec1e0f	0x172ecf0	rip-relative	[PITCH_CHOICE:SLIDE:SELF]
classic	instrument-raw-writer	0xeb9810	0xec1e41	0x172eee8	rip-relative	[SOUND_PRODUCTION:BLOW_OVER_OPENING_END:SELF]
classic	instrument-raw-writer	0xeb9810	0xec1ee0	0x172ef18	rip-relative	[SOUND_PRODUCTION:BLOW_OVER_SINGLE_REED:SELF]
classic	instrument-raw-writer	0xeb9810	0xec1ef3	0x172ee38	rip-relative	[SOUND_PRODUCTION:BLOW_OVER_DOUBLE_REED:SELF]
classic	instrument-raw-writer	0xeb9810	0xec1f17	0x172ef48	rip-relative	[SOUND_PRODUCTION:BLOW_OVER_OPENING_SIDE:SELF]
classic	instrument-raw-writer	0xeb9810	0xec1f2a	0x172eee8	rip-relative	[SOUND_PRODUCTION:BLOW_OVER_OPENING_END:SELF]
classic	instrument-raw-writer	0xeb9810	0xec1f3d	0x172eeb8	rip-relative	[SOUND_PRODUCTION:BLOW_AGAINST_FIPPLE:SELF]
classic	instrument-raw-writer	0xeb9810	0xec1f67	0x172ecc8	rip-relative	[PITCH_CHOICE:HARMONIC_SERIES:SELF]
classic	instrument-raw-writer	0xeb9810	0xec1f99	0x172ee10	rip-relative	[PITCH_CHOICE:STOPPING_HOLE:SELF]
classic	instrument-raw-writer	0xeb9810	0xec1fac	0x172ee90	rip-relative	[PITCH_CHOICE:STOPPING_HOLE_KEY:SELF]
classic	instrument-raw-writer	0xeb9810	0xec205b	0x172ef18	rip-relative	[SOUND_PRODUCTION:BLOW_OVER_SINGLE_REED:SELF]
classic	instrument-raw-writer	0xeb9810	0xec206e	0x172ee38	rip-relative	[SOUND_PRODUCTION:BLOW_OVER_DOUBLE_REED:SELF]
classic	instrument-raw-writer	0xeb9810	0xec2094	0x172ef48	rip-relative	[SOUND_PRODUCTION:BLOW_OVER_OPENING_SIDE:SELF]
classic	instrument-raw-writer	0xeb9810	0xec20a7	0x172eee8	rip-relative	[SOUND_PRODUCTION:BLOW_OVER_OPENING_END:SELF]
classic	instrument-raw-writer	0xeb9810	0xec20ba	0x172eeb8	rip-relative	[SOUND_PRODUCTION:BLOW_AGAINST_FIPPLE:SELF]
classic	instrument-raw-writer	0xeb9810	0xec20d0	0x172ee68	rip-relative	[PITCH_CHOICE:SUBPART_CHOICE:SELF]
classic	instrument-raw-writer	0xeb9810	0xec2137	0x172fde8	rip-relative	[SOUND_PRODUCTION:BLOW_OVER_FREE_REED:CHEST]
classic	instrument-raw-writer	0xeb9810	0xec215b	0x172fdc0	rip-relative	[PITCH_CHOICE:STOPPING_HOLE:CHEST]
classic	instrument-raw-writer	0xeb9810	0xec216e	0x172fe30	rip-relative	[PITCH_CHOICE:STOPPING_HOLE_KEY:CHEST]
classic	instrument-raw-writer	0xeb9810	0xec217f	0x172e658	rip-relative	[VOLUME_mB:
classic	instrument-raw-writer	0xeb9810	0xec21a0	0x1613404	rip-relative	:
classic	instrument-raw-writer	0xeb9810	0xec21c4	0x15f8664	rip-relative	]
classic	instrument-raw-writer	0xeb9810	0xec2223	0x172e5e8	rip-relative	[PITCH_RANGE:
classic	instrument-raw-writer	0xeb9810	0xec2246	0x1613404	rip-relative	:
classic	instrument-raw-writer	0xeb9810	0xec2269	0x15f8664	rip-relative	]
classic	instrument-raw-writer	0xeb9810	0xec22a2	0x172fe18	rip-relative	[TUNING:CROOKS:SELF]
classic	instrument-raw-writer	0xeb9810	0xec22e9	0x172fd50	rip-relative	[MUSIC_SKILL:PLAY_WIND_INSTRUMENT]
classic	instrument-raw-writer	0xeb9810	0xec22fa	0x172e5f8	rip-relative	[DESCRIPTION:
classic	instrument-raw-writer	0xeb9810	0xec231a	0x15e89c4	rip-relative	The 
classic	instrument-raw-writer	0xeb9810	0xec2340	0x16445f4	rip-relative	 is a 
classic	instrument-raw-writer	0xeb9810	0xec235c	0x172e648	rip-relative	huge stationary
classic	instrument-raw-writer	0xeb9810	0xec236e	0x172e630	rip-relative	large stationary
classic	instrument-raw-writer	0xeb9810	0xec2380	0x172daa0	rip-relative	large hand-held
classic	instrument-raw-writer	0xeb9810	0xec2392	0x172da88	rip-relative	mid-size hand-held
classic	instrument-raw-writer	0xeb9810	0xec23a2	0x172dac0	rip-relative	small hand-held
classic	instrument-raw-writer	0xeb9810	0xec23ab	0x172dab0	rip-relative	tiny hand-held
classic	instrument-raw-writer	0xeb9810	0xec23be	0x15e3720	rip-relative	 
classic	instrument-raw-writer	0xeb9810	0xec23dc	0x172fd00	rip-relative	wind instrument through which constant air flow is maintained by use of a 
classic	instrument-raw-writer	0xeb9810	0xec23fe	0x172fda0	rip-relative	 bag, itself supplied by a 
classic	instrument-raw-writer	0xeb9810	0xec2427	0x172e3a0	rip-relative	 bellows
classic	instrument-raw-writer	0xeb9810	0xec2438	0x172e868	rip-relative	 blowpipe
classic	instrument-raw-writer	0xeb9810	0xec244b	0x15f8850	rip-relative	.  
classic	instrument-raw-writer	0xeb9810	0xec245e	0x172fd78	rip-relative	The musician selects the pitch by 
classic	instrument-raw-writer	0xeb9810	0xec247d	0x172feb8	rip-relative	pressing keys to stop holes
classic	instrument-raw-writer	0xeb9810	0xec2486	0x172fea8	rip-relative	stopping holes
classic	instrument-raw-writer	0xeb9810	0xec2492	0x15e94b8	rip-relative	 in the 
classic	instrument-raw-writer	0xeb9810	0xec24b4	0x172fef0	rip-relative	 melody pipe attached to the bag.  
classic	instrument-raw-writer	0xeb9810	0xec24c7	0x172fed8	rip-relative	The melody pipe is a 
classic	instrument-raw-writer	0xeb9810	0xec24e9	0x172fe70	rip-relative	conical bore
classic	instrument-raw-writer	0xeb9810	0xec24f2	0x172fe58	rip-relative	cylindrical bore
classic	instrument-raw-writer	0xeb9810	0xec24fe	0x15e3720	rip-relative	 
classic	instrument-raw-writer	0xeb9810	0xec251c	0x172fe98	rip-relative	double-tube
classic	instrument-raw-writer	0xeb9810	0xec252f	0x172fe80	rip-relative	 with flared bells
classic	instrument-raw-writer	0xeb9810	0xec2538	0x16ca890	rip-relative	tube
classic	instrument-raw-writer	0xeb9810	0xec254b	0x172ff80	rip-relative	 with a flared bell
classic	instrument-raw-writer	0xeb9810	0xec255e	0x15f8850	rip-relative	.  
classic	instrument-raw-writer	0xeb9810	0xec257a	0x1666d2c	rip-relative	A
classic	instrument-raw-writer	0xeb9810	0xec25d6	0x15e3720	rip-relative	 
classic	instrument-raw-writer	0xeb9810	0xec25f8	0x172e948	rip-relative	 drone pipe
classic	instrument-raw-writer	0xeb9810	0xec2615	0x172ff70	rip-relative	s provide
classic	instrument-raw-writer	0xeb9810	0xec261e	0x172ffb8	rip-relative	 provides
classic	instrument-raw-writer	0xeb9810	0xec262a	0x172ff98	rip-relative	 constant accompaniment.  
classic	instrument-raw-writer	0xeb9810	0xec2653	0x167fe68	rip-relative	straight
classic	instrument-raw-writer	0xeb9810	0xec2661	0x172ff20	rip-relative	curved
classic	instrument-raw-writer	0xeb9810	0xec266f	0x172ff18	rip-relative	looping
classic	instrument-raw-writer	0xeb9810	0xec2682	0x15e3720	rip-relative	 
classic	instrument-raw-writer	0xeb9810	0xec26a4	0x15e3720	rip-relative	 
classic	instrument-raw-writer	0xeb9810	0xec26b7	0x172ff68	rip-relative	horn.  
classic	instrument-raw-writer	0xeb9810	0xec26ca	0x172ff28	rip-relative	The musician blows into the instrument and selects pitch 
classic	instrument-raw-writer	0xeb9810	0xec26e2	0x1730068	rip-relative	by adjusting a slide
classic	instrument-raw-writer	0xeb9810	0xec26fa	0x1730038	rip-relative	by achieving higher and higher harmonics
classic	instrument-raw-writer	0xeb9810	0xec2712	0x17300a8	rip-relative	by pressing valves to route air through different tube
classic	instrument-raw-writer	0xeb9810	0xec272a	0x1730080	rip-relative	by restricting air flow out of the bell
classic	instrument-raw-writer	0xeb9810	0xec273d	0x15f8850	rip-relative	.  
classic	instrument-raw-writer	0xeb9810	0xec2765	0x172ffd8	rip-relative	closed cylindrical
classic	instrument-raw-writer	0xeb9810	0xec2775	0x172ffc8	rip-relative	globular
classic	instrument-raw-writer	0xeb9810	0xec2781	0x172fe70	rip-relative	conical bore
classic	instrument-raw-writer	0xeb9810	0xec278a	0x172fe58	rip-relative	cylindrical bore
classic	instrument-raw-writer	0xeb9810	0xec279d	0x15e3720	rip-relative	 
classic	instrument-raw-writer	0xeb9810	0xec27bf	0x1730020	rip-relative	 wind instrument
classic	instrument-raw-writer	0xeb9810	0xec27da	0x172ff80	rip-relative	 with a flared bell
classic	instrument-raw-writer	0xeb9810	0xec27ed	0x15f8850	rip-relative	.  
classic	instrument-raw-writer	0xeb9810	0xec280b	0x172fff0	rip-relative	The musician blows into the fipple at one end
classic	instrument-raw-writer	0xeb9810	0xec2836	0x1730190	rip-relative	The musician blows across a hole in the side
classic	instrument-raw-writer	0xeb9810	0xec285a	0x1730168	rip-relative	The musician blows across the end hole
classic	instrument-raw-writer	0xeb9810	0xec286a	0x17301f8	rip-relative	The musician blows over a single reed at one end
classic	instrument-raw-writer	0xeb9810	0xec287a	0x17301c0	rip-relative	The musician blows through a double reed at one end
classic	instrument-raw-writer	0xeb9810	0xec288d	0x15f8850	rip-relative	.  
classic	instrument-raw-writer	0xeb9810	0xec28ac	0x17300f0	rip-relative	The musician selects the pitch by achieving higher and higher harmonics
classic	instrument-raw-writer	0xeb9810	0xec28c6	0x17300e0	rip-relative	 and can also 
classic	instrument-raw-writer	0xeb9810	0xec28e7	0x1730148	rip-relative	press keys to stop holes
classic	instrument-raw-writer	0xeb9810	0xec28f0	0x1730138	rip-relative	stop holes
classic	instrument-raw-writer	0xeb9810	0xec28f9	0x172fd78	rip-relative	The musician selects the pitch by 
classic	instrument-raw-writer	0xeb9810	0xec2911	0x172feb8	rip-relative	pressing keys to stop holes
classic	instrument-raw-writer	0xeb9810	0xec291a	0x172fea8	rip-relative	stopping holes
classic	instrument-raw-writer	0xeb9810	0xec2926	0x15f8850	rip-relative	.  
classic	instrument-raw-writer	0xeb9810	0xec295b	0x1730300	rip-relative	wind instrument consisting of 
classic	instrument-raw-writer	0xeb9810	0xec29a2	0x17302f0	rip-relative	 adjacent 
classic	instrument-raw-writer	0xeb9810	0xec29ba	0x1730328	rip-relative	closed
classic	instrument-raw-writer	0xeb9810	0xec29c6	0x1730320	rip-relative	conical
classic	instrument-raw-writer	0xeb9810	0xec29cf	0x1730270	rip-relative	cylindrical
classic	instrument-raw-writer	0xeb9810	0xec29e2	0x15e3720	rip-relative	 
classic	instrument-raw-writer	0xeb9810	0xec2a04	0x172dbc8	rip-relative	 pipes.  
classic	instrument-raw-writer	0xeb9810	0xec2a1c	0x1730230	rip-relative	The musician blows into the fipple at the end of each pipe
classic	instrument-raw-writer	0xeb9810	0xec2a2a	0x17302b0	rip-relative	The musician blows across a hole in the side of each pipe
classic	instrument-raw-writer	0xeb9810	0xec2a38	0x1730280	rip-relative	The musician blows across the end of each pipe
classic	instrument-raw-writer	0xeb9810	0xec2a48	0x1730388	rip-relative	The musician blows over a single reed in each pipe
classic	instrument-raw-writer	0xeb9810	0xec2a58	0x1730350	rip-relative	The musician blows through a double reed in each pipe
classic	instrument-raw-writer	0xeb9810	0xec2a6b	0x15f8850	rip-relative	.  
classic	instrument-raw-writer	0xeb9810	0xec2aac	0x17303e0	rip-relative	 wind instrument consisting of a central wind chest and 
classic	instrument-raw-writer	0xeb9810	0xec2aee	0x15e3720	rip-relative	 
classic	instrument-raw-writer	0xeb9810	0xec2b0b	0x1730320	rip-relative	conical
classic	instrument-raw-writer	0xeb9810	0xec2b14	0x1730270	rip-relative	cylindrical
classic	instrument-raw-writer	0xeb9810	0xec2b20	0x15e3720	rip-relative	 
classic	instrument-raw-writer	0xeb9810	0xec2b42	0x172e284	rip-relative	 pipes
classic	instrument-raw-writer	0xeb9810	0xec2b59	0x172fe80	rip-relative	 with flared bells
classic	instrument-raw-writer	0xeb9810	0xec2b6c	0x17303c0	rip-relative	, fitted with free reeds.  
classic	instrument-raw-writer	0xeb9810	0xec2b7f	0x172fd78	rip-relative	The musician selects the pitch by 
classic	instrument-raw-writer	0xeb9810	0xec2b9e	0x172feb8	rip-relative	pressing keys to stop holes
classic	instrument-raw-writer	0xeb9810	0xec2ba7	0x172fea8	rip-relative	stopping holes
classic	instrument-raw-writer	0xeb9810	0xec2bb3	0x15f8850	rip-relative	.  
classic	instrument-raw-writer	0xeb9810	0xec2c73	0x15f8664	rip-relative	]
classic	instrument-raw-writer	0xeb9810	0xec2f36	0x1730338	rip-relative	INP
classic	instrument-raw-writer	0xeb9810	0xec3020	0x1730444	rip-relative	sticks
classic	instrument-raw-writer	0xeb9810	0xec3037	0x173043c	rip-relative	stick
classic	instrument-raw-writer	0xeb9810	0xec3040	0x1730340	rip-relative	hammers
classic	instrument-raw-writer	0xeb9810	0xec306c	0x16bbfbc	rip-relative	hammer
classic	instrument-raw-writer	0xeb9810	0xec3075	0x1730330	rip-relative	mallets
classic	instrument-raw-writer	0xeb9810	0xec30a1	0x1730348	rip-relative	mallet
classic	instrument-raw-writer	0xeb9810	0xec320a	0x164a8c8	rip-relative	drums
classic	instrument-raw-writer	0xeb9810	0xec3238	0x173045c	rip-relative	drum
classic	instrument-raw-writer	0xeb9810	0xec326b	0x1730450	rip-relative	bowl-shaped
classic	instrument-raw-writer	0xeb9810	0xec327e	0x16ca890	rip-relative	tube
classic	instrument-raw-writer	0xeb9810	0xec3291	0x16ca9dc	rip-relative	barrel
classic	instrument-raw-writer	0xeb9810	0xec32a4	0x16ca9c0	rip-relative	goblet
classic	instrument-raw-writer	0xeb9810	0xec32b7	0x1730420	rip-relative	hourglass
classic	instrument-raw-writer	0xeb9810	0xec3318	0x16ca188	rip-relative	bars
classic	instrument-raw-writer	0xeb9810	0xec3349	0x173041c	rip-relative	bar
classic	instrument-raw-writer	0xeb9810	0xec3355	0x1730434	rip-relative	chimes
classic	instrument-raw-writer	0xeb9810	0xec3386	0x173042c	rip-relative	chime
classic	instrument-raw-writer	0xeb9810	0xec3392	0x16ca1a8	rip-relative	blocks
classic	instrument-raw-writer	0xeb9810	0xec33c3	0x172f6ec	rip-relative	block
classic	instrument-raw-writer	0xeb9810	0xec33cf	0x172f6e4	rip-relative	bowls
classic	instrument-raw-writer	0xeb9810	0xec3400	0x172f704	rip-relative	bowl
classic	instrument-raw-writer	0xeb9810	0xec340c	0x172f6f8	rip-relative	triangles
classic	instrument-raw-writer	0xeb9810	0xec343a	0x172f6c8	rip-relative	triangle
classic	instrument-raw-writer	0xeb9810	0xec3443	0x172f6c0	rip-relative	bells
classic	instrument-raw-writer	0xeb9810	0xec3471	0x172f6dc	rip-relative	bell
classic	instrument-raw-writer	0xeb9810	0xec347a	0x172f6d4	rip-relative	rings
classic	instrument-raw-writer	0xeb9810	0xec34a8	0x16cae40	rip-relative	ring
classic	instrument-raw-writer	0xeb9810	0xec34e6	0x172e230	rip-relative	_BODY
classic	instrument-raw-writer	0xeb9810	0xec351c	0x172d5d0	rip-relative	[ITEM_TOOL:
classic	instrument-raw-writer	0xeb9810	0xec3542	0x15f8664	rip-relative	]
classic	instrument-raw-writer	0xeb9810	0xec3566	0x16a5fd8	rip-relative	[GENERATED]
classic	instrument-raw-writer	0xeb9810	0xec3582	0x172ca60	rip-relative	[SOURCE_HFID:
classic	instrument-raw-writer	0xeb9810	0xec35aa	0x15f8664	rip-relative	]
classic	instrument-raw-writer	0xeb9810	0xec35e6	0x172ca50	rip-relative	[SOURCE_ENID:
classic	instrument-raw-writer	0xeb9810	0xec360e	0x15f8664	rip-relative	]
classic	instrument-raw-writer	0xeb9810	0xec363f	0x172d5b8	rip-relative	[NO_DEFAULT_JOB]
classic	instrument-raw-writer	0xeb9810	0xec3650	0x172e158	rip-relative	[INCOMPLETE_ITEM]
classic	instrument-raw-writer	0xeb9810	0xec3661	0x172e220	rip-relative	[UNIMPROVABLE]
classic	instrument-raw-writer	0xeb9810	0xec3672	0x172e150	rip-relative	[NAME:
classic	instrument-raw-writer	0xeb9810	0xec3698	0x15e3720	rip-relative	 
classic	instrument-raw-writer	0xeb9810	0xec36be	0x1613404	rip-relative	:
classic	instrument-raw-writer	0xeb9810	0xec36e4	0x15e3720	rip-relative	 
classic	instrument-raw-writer	0xeb9810	0xec370a	0x15f8664	rip-relative	]
classic	instrument-raw-writer	0xeb9810	0xec372e	0x172e128	rip-relative	[VALUE:10]
classic	instrument-raw-writer	0xeb9810	0xec3752	0x172e108	rip-relative	[TILE:155][UNIMPROVABLE]
classic	instrument-raw-writer	0xeb9810	0xec3763	0x172e148	rip-relative	[SIZE:
classic	instrument-raw-writer	0xeb9810	0xec3784	0x15f8664	rip-relative	]
classic	instrument-raw-writer	0xeb9810	0xec37a8	0x172e138	rip-relative	[MATERIAL_SIZE:
classic	instrument-raw-writer	0xeb9810	0xec37c9	0x15f8664	rip-relative	]
classic	instrument-raw-writer	0xeb9810	0xec37ed	0x172e208	rip-relative	[DESCRIPTION:The 
classic	instrument-raw-writer	0xeb9810	0xec3823	0x15e3720	rip-relative	 
classic	instrument-raw-writer	0xeb9810	0xec3849	0x15e3720	rip-relative	 
classic	instrument-raw-writer	0xeb9810	0xec386f	0x15e45b0	rip-relative	 make
classic	instrument-raw-writer	0xeb9810	0xec3888	0x15e4220	rip-relative	s
classic	instrument-raw-writer	0xeb9810	0xec389b	0x172f760	rip-relative	 up the bulk of the instrument.]
classic	instrument-raw-writer	0xeb9810	0xec38db	0x172f754	rip-relative	_STAND
classic	instrument-raw-writer	0xeb9810	0xec3911	0x172d5d0	rip-relative	[ITEM_TOOL:
classic	instrument-raw-writer	0xeb9810	0xec3937	0x15f8664	rip-relative	]
classic	instrument-raw-writer	0xeb9810	0xec395b	0x16a5fd8	rip-relative	[GENERATED]
classic	instrument-raw-writer	0xeb9810	0xec3977	0x172ca60	rip-relative	[SOURCE_HFID:
classic	instrument-raw-writer	0xeb9810	0xec399a	0x15f8664	rip-relative	]
classic	instrument-raw-writer	0xeb9810	0xec39d1	0x172ca50	rip-relative	[SOURCE_ENID:
classic	instrument-raw-writer	0xeb9810	0xec39f4	0x15f8664	rip-relative	]
classic	instrument-raw-writer	0xeb9810	0xec3a25	0x172d5b8	rip-relative	[NO_DEFAULT_JOB]
classic	instrument-raw-writer	0xeb9810	0xec3a36	0x172e158	rip-relative	[INCOMPLETE_ITEM]
classic	instrument-raw-writer	0xeb9810	0xec3a47	0x172e220	rip-relative	[UNIMPROVABLE]
classic	instrument-raw-writer	0xeb9810	0xec3a58	0x172e150	rip-relative	[NAME:
classic	instrument-raw-writer	0xeb9810	0xec3a7e	0x172f790	rip-relative	 stand
classic	instrument-raw-writer	0xeb9810	0xec3a91	0x1613404	rip-relative	:
classic	instrument-raw-writer	0xeb9810	0xec3ab7	0x172f788	rip-relative	 stands
classic	instrument-raw-writer	0xeb9810	0xec3aca	0x15f8664	rip-relative	]
classic	instrument-raw-writer	0xeb9810	0xec3aee	0x172e128	rip-relative	[VALUE:10]
classic	instrument-raw-writer	0xeb9810	0xec3b12	0x172e108	rip-relative	[TILE:155][UNIMPROVABLE]
classic	instrument-raw-writer	0xeb9810	0xec3b23	0x172e148	rip-relative	[SIZE:
classic	instrument-raw-writer	0xeb9810	0xec3b44	0x15f8664	rip-relative	]
classic	instrument-raw-writer	0xeb9810	0xec3b68	0x172e138	rip-relative	[MATERIAL_SIZE:
classic	instrument-raw-writer	0xeb9810	0xec3b89	0x15f8664	rip-relative	]
classic	instrument-raw-writer	0xeb9810	0xec3bad	0x172e208	rip-relative	[DESCRIPTION:The 
classic	instrument-raw-writer	0xeb9810	0xec3bd3	0x172f718	rip-relative	 stand is used to support the instrument.]
classic	instrument-raw-writer	0xeb9810	0xec3c1d	0x172f70c	rip-relative	_HEAD
classic	instrument-raw-writer	0xeb9810	0xec3c54	0x172d5d0	rip-relative	[ITEM_TOOL:
classic	instrument-raw-writer	0xeb9810	0xec3c7a	0x15f8664	rip-relative	]
classic	instrument-raw-writer	0xeb9810	0xec3c9e	0x16a5fd8	rip-relative	[GENERATED]
classic	instrument-raw-writer	0xeb9810	0xec3cb5	0x172ca60	rip-relative	[SOURCE_HFID:
classic	instrument-raw-writer	0xeb9810	0xec3cd8	0x15f8664	rip-relative	]
classic	instrument-raw-writer	0xeb9810	0xec3d0f	0x172ca50	rip-relative	[SOURCE_ENID:
classic	instrument-raw-writer	0xeb9810	0xec3d32	0x15f8664	rip-relative	]
classic	instrument-raw-writer	0xeb9810	0xec3d63	0x172d5b8	rip-relative	[NO_DEFAULT_JOB]
classic	instrument-raw-writer	0xeb9810	0xec3d74	0x172e158	rip-relative	[INCOMPLETE_ITEM]
classic	instrument-raw-writer	0xeb9810	0xec3d85	0x172e220	rip-relative	[UNIMPROVABLE]
classic	instrument-raw-writer	0xeb9810	0xec3d96	0x172e150	rip-relative	[NAME:
classic	instrument-raw-writer	0xeb9810	0xec3dc7	0x172f74c	rip-relative	 heads
classic	instrument-raw-writer	0xeb9810	0xec3dd0	0x172f744	rip-relative	 head
classic	instrument-raw-writer	0xeb9810	0xec3ddc	0x1613404	rip-relative	:
classic	instrument-raw-writer	0xeb9810	0xec3e02	0x172f74c	rip-relative	 heads
classic	instrument-raw-writer	0xeb9810	0xec3e15	0x15f8664	rip-relative	]
classic	instrument-raw-writer	0xeb9810	0xec3e39	0x172e128	rip-relative	[VALUE:10]
classic	instrument-raw-writer	0xeb9810	0xec3e5d	0x172e108	rip-relative	[TILE:155][UNIMPROVABLE]
classic	instrument-raw-writer	0xeb9810	0xec3e6e	0x172e148	rip-relative	[SIZE:
classic	instrument-raw-writer	0xeb9810	0xec3e90	0x15f8664	rip-relative	]
classic	instrument-raw-writer	0xeb9810	0xec3eb4	0x172e138	rip-relative	[MATERIAL_SIZE:
classic	instrument-raw-writer	0xeb9810	0xec3ed5	0x15f8664	rip-relative	]
classic	instrument-raw-writer	0xeb9810	0xec3ef9	0x172e208	rip-relative	[DESCRIPTION:The 
classic	instrument-raw-writer	0xeb9810	0xec3f2a	0x172f810	rip-relative	 heads are
classic	instrument-raw-writer	0xeb9810	0xec3f33	0x172f800	rip-relative	 head is
classic	instrument-raw-writer	0xeb9810	0xec3f3f	0x172f828	rip-relative	 stretched over the instrument and used to produce sound.]
classic	instrument-raw-writer	0xeb9810	0xec3f8c	0x172f820	rip-relative	_MALLET
classic	instrument-raw-writer	0xeb9810	0xec3faf	0x172d5d0	rip-relative	[ITEM_TOOL:
classic	instrument-raw-writer	0xeb9810	0xec3fd5	0x15f8664	rip-relative	]
classic	instrument-raw-writer	0xeb9810	0xec3ff9	0x16a5fd8	rip-relative	[GENERATED]
classic	instrument-raw-writer	0xeb9810	0xec4015	0x172ca60	rip-relative	[SOURCE_HFID:
classic	instrument-raw-writer	0xeb9810	0xec4038	0x15f8664	rip-relative	]
classic	instrument-raw-writer	0xeb9810	0xec406f	0x172ca50	rip-relative	[SOURCE_ENID:
classic	instrument-raw-writer	0xeb9810	0xec4092	0x15f8664	rip-relative	]
classic	instrument-raw-writer	0xeb9810	0xec40c3	0x172d5b8	rip-relative	[NO_DEFAULT_JOB]
classic	instrument-raw-writer	0xeb9810	0xec40d4	0x172e158	rip-relative	[INCOMPLETE_ITEM]
classic	instrument-raw-writer	0xeb9810	0xec40e5	0x172e220	rip-relative	[UNIMPROVABLE]
classic	instrument-raw-writer	0xeb9810	0xec40f6	0x172e150	rip-relative	[NAME:
classic	instrument-raw-writer	0xeb9810	0xec411c	0x15e3720	rip-relative	 
classic	instrument-raw-writer	0xeb9810	0xec4142	0x1613404	rip-relative	:
classic	instrument-raw-writer	0xeb9810	0xec4168	0x15e3720	rip-relative	 
classic	instrument-raw-writer	0xeb9810	0xec418e	0x15f8664	rip-relative	]
classic	instrument-raw-writer	0xeb9810	0xec41b2	0x172e128	rip-relative	[VALUE:10]
classic	instrument-raw-writer	0xeb9810	0xec41d6	0x172e108	rip-relative	[TILE:155][UNIMPROVABLE]
classic	instrument-raw-writer	0xeb9810	0xec41e7	0x172e148	rip-relative	[SIZE:
classic	instrument-raw-writer	0xeb9810	0xec420b	0x15f8664	rip-relative	]
classic	instrument-raw-writer	0xeb9810	0xec422f	0x172e138	rip-relative	[MATERIAL_SIZE:
classic	instrument-raw-writer	0xeb9810	0xec4253	0x15f8664	rip-relative	]
classic	instrument-raw-writer	0xeb9810	0xec4277	0x172e208	rip-relative	[DESCRIPTION:The 
classic	instrument-raw-writer	0xeb9810	0xec429d	0x15e3720	rip-relative	 
classic	instrument-raw-writer	0xeb9810	0xec42cb	0x15e9b80	rip-relative	 are
classic	instrument-raw-writer	0xeb9810	0xec42e9	0x15e9b88	rip-relative	 is
classic	instrument-raw-writer	0xeb9810	0xec42fc	0x172f7a0	rip-relative	 used by the musician to strike the instrument and produce sound.]
classic	instrument-raw-writer	0xeb9810	0xec4326	0x172e2e0	rip-relative	[ITEM_INSTRUMENT:
classic	instrument-raw-writer	0xeb9810	0xec434c	0x15f8664	rip-relative	]
classic	instrument-raw-writer	0xeb9810	0xec4370	0x16a5fd8	rip-relative	[GENERATED]
classic	instrument-raw-writer	0xeb9810	0xec438c	0x172ca60	rip-relative	[SOURCE_HFID:
classic	instrument-raw-writer	0xeb9810	0xec43b4	0x15f8664	rip-relative	]
classic	instrument-raw-writer	0xeb9810	0xec43f0	0x172ca50	rip-relative	[SOURCE_ENID:
classic	instrument-raw-writer	0xeb9810	0xec4418	0x15f8664	rip-relative	]
classic	instrument-raw-writer	0xeb9810	0xec4449	0x172e150	rip-relative	[NAME:
classic	instrument-raw-writer	0xeb9810	0xec446f	0x1613404	rip-relative	:
classic	instrument-raw-writer	0xeb9810	0xec4495	0x15f8664	rip-relative	]
classic	instrument-raw-writer	0xeb9810	0xec44b9	0x172e348	rip-relative	[VALUE:50]
classic	instrument-raw-writer	0xeb9810	0xec44ca	0x172e148	rip-relative	[SIZE:
classic	instrument-raw-writer	0xeb9810	0xec44eb	0x15f8664	rip-relative	]
classic	instrument-raw-writer	0xeb9810	0xec451d	0x172e138	rip-relative	[MATERIAL_SIZE:
classic	instrument-raw-writer	0xeb9810	0xec454f	0x15f8664	rip-relative	]
classic	instrument-raw-writer	0xeb9810	0xec4593	0x172e330	rip-relative	[PLACED_AS_BUILDING]
classic	instrument-raw-writer	0xeb9810	0xec45b6	0x172e408	rip-relative	[DOMINANT_MATERIAL_PIECE:BODY]
classic	instrument-raw-writer	0xeb9810	0xec45c7	0x172e3f0	rip-relative	[INSTRUMENT_PIECE:
classic	instrument-raw-writer	0xeb9810	0xec45da	0x172e3ac	rip-relative	BODY:
classic	instrument-raw-writer	0xeb9810	0xec4600	0x1613404	rip-relative	:
classic	instrument-raw-writer	0xeb9810	0xec4626	0x1613404	rip-relative	:
classic	instrument-raw-writer	0xeb9810	0xec4657	0x172e480	rip-relative	:ALWAYS_PLURAL]
classic	instrument-raw-writer	0xeb9810	0xec4660	0x172e3b8	rip-relative	:STANDARD]
classic	instrument-raw-writer	0xeb9810	0xec4682	0x172e3f0	rip-relative	[INSTRUMENT_PIECE:
classic	instrument-raw-writer	0xeb9810	0xec4695	0x172f798	rip-relative	STAND:
classic	instrument-raw-writer	0xeb9810	0xec46bb	0x172f7f0	rip-relative	:stand:stands
classic	instrument-raw-writer	0xeb9810	0xec46ce	0x172e3b8	rip-relative	:STANDARD]
classic	instrument-raw-writer	0xeb9810	0xec46fa	0x172e3f0	rip-relative	[INSTRUMENT_PIECE:
classic	instrument-raw-writer	0xeb9810	0xec470d	0x172f7e4	rip-relative	HEAD:
classic	instrument-raw-writer	0xeb9810	0xec4740	0x172f918	rip-relative	:heads:heads
classic	instrument-raw-writer	0xeb9810	0xec474c	0x172e480	rip-relative	:ALWAYS_PLURAL]
classic	instrument-raw-writer	0xeb9810	0xec4755	0x172f908	rip-relative	:head:heads
classic	instrument-raw-writer	0xeb9810	0xec4761	0x172e3b8	rip-relative	:STANDARD]
classic	instrument-raw-writer	0xeb9810	0xec478e	0x172e3f0	rip-relative	[INSTRUMENT_PIECE:
classic	instrument-raw-writer	0xeb9810	0xec47a1	0x172f940	rip-relative	MALLET:
classic	instrument-raw-writer	0xeb9810	0xec47c7	0x1613404	rip-relative	:
classic	instrument-raw-writer	0xeb9810	0xec47ed	0x1613404	rip-relative	:
classic	instrument-raw-writer	0xeb9810	0xec481c	0x172e480	rip-relative	:ALWAYS_PLURAL]
classic	instrument-raw-writer	0xeb9810	0xec4825	0x172e3b8	rip-relative	:STANDARD]
classic	instrument-raw-writer	0xeb9810	0xec4842	0x172e658	rip-relative	[VOLUME_mB:
classic	instrument-raw-writer	0xeb9810	0xec4863	0x1613404	rip-relative	:
classic	instrument-raw-writer	0xeb9810	0xec4887	0x15f8664	rip-relative	]
classic	instrument-raw-writer	0xeb9810	0xec48b7	0x172f928	rip-relative	[INDEFINITE_PITCH]
classic	instrument-raw-writer	0xeb9810	0xec4902	0x172f890	rip-relative	[SOUND_PRODUCTION:STRUCK:MALLET:HEAD]
classic	instrument-raw-writer	0xeb9810	0xec491c	0x172f868	rip-relative	[SOUND_PRODUCTION:SCRAPED:MALLET:HEAD]
classic	instrument-raw-writer	0xeb9810	0xec4936	0x172f6e4	rip-relative	bowls
classic	instrument-raw-writer	0xeb9810	0xec495b	0x172f8e0	rip-relative	[SOUND_PRODUCTION:FRICTION:MALLET:BODY]
classic	instrument-raw-writer	0xeb9810	0xec498f	0x172f8b8	rip-relative	[SOUND_PRODUCTION:STRUCK:MALLET:BODY]
classic	instrument-raw-writer	0xeb9810	0xec49a9	0x172fa08	rip-relative	[SOUND_PRODUCTION:SCRAPED:MALLET:BODY]
classic	instrument-raw-writer	0xeb9810	0xec49e5	0x172fa58	rip-relative	[SOUND_PRODUCTION:STRUCK_BY_BP:BODY]
classic	instrument-raw-writer	0xeb9810	0xec49f9	0x172fa30	rip-relative	[SOUND_PRODUCTION:PLUCKED_BY_BP:BODY]
classic	instrument-raw-writer	0xeb9810	0xec4a09	0x172f9e0	rip-relative	[SOUND_PRODUCTION:STRUCK_BY_BP:HEAD]
classic	instrument-raw-writer	0xeb9810	0xec4a32	0x172f970	rip-relative	[SOUND_PRODUCTION:STRUCK_BY_BP:SELF]
classic	instrument-raw-writer	0xeb9810	0xec4a60	0x172f998	rip-relative	[SOUND_PRODUCTION:SHAKEN:SELF]
classic	instrument-raw-writer	0xeb9810	0xec4a83	0x172f9b8	rip-relative	[SOUND_PRODUCTION:STRUCK_TOGETHER:SELF]
classic	instrument-raw-writer	0xeb9810	0xec4aa7	0x172f970	rip-relative	[SOUND_PRODUCTION:STRUCK_BY_BP:SELF]
classic	instrument-raw-writer	0xeb9810	0xec4ab8	0x172f948	rip-relative	[SOUND_PRODUCTION:PLUCKED_BY_BP:SELF]
classic	instrument-raw-writer	0xeb9810	0xec4ae0	0x172fb18	rip-relative	[PITCH_CHOICE:MEMBRANE_POSITION:HEAD]
classic	instrument-raw-writer	0xeb9810	0xec4b0c	0x172ee68	rip-relative	[PITCH_CHOICE:SUBPART_CHOICE:SELF]
classic	instrument-raw-writer	0xeb9810	0xec4b15	0x172fb60	rip-relative	[PITCH_CHOICE:SUBPART_CHOICE:BODY]
classic	instrument-raw-writer	0xeb9810	0xec4b1e	0x172faf0	rip-relative	[PITCH_CHOICE:SUBPART_CHOICE:HEAD]
classic	instrument-raw-writer	0xeb9810	0xec4b41	0x172fb40	rip-relative	[TUNING:TIGHTENING:HEAD]
classic	instrument-raw-writer	0xeb9810	0xec4beb	0x172e5e8	rip-relative	[PITCH_RANGE:
classic	instrument-raw-writer	0xeb9810	0xec4c0d	0x1613404	rip-relative	:
classic	instrument-raw-writer	0xeb9810	0xec4c2e	0x15f8664	rip-relative	]
classic	instrument-raw-writer	0xeb9810	0xec4c85	0x172fa98	rip-relative	[MUSIC_SKILL:PLAY_PERCUSSION_INSTRUMENT]
classic	instrument-raw-writer	0xeb9810	0xec4c96	0x172e5f8	rip-relative	[DESCRIPTION:
classic	instrument-raw-writer	0xeb9810	0xec4cb6	0x15e89c4	rip-relative	The 
classic	instrument-raw-writer	0xeb9810	0xec4cdc	0x16445f4	rip-relative	 is a 
classic	instrument-raw-writer	0xeb9810	0xec4cf8	0x172e648	rip-relative	huge stationary
classic	instrument-raw-writer	0xeb9810	0xec4d1e	0x172e630	rip-relative	large stationary
classic	instrument-raw-writer	0xeb9810	0xec4d4d	0x172e630	rip-relative	large stationary
classic	instrument-raw-writer	0xeb9810	0xec4d5f	0x172fa80	rip-relative	mid-size stationary
classic	instrument-raw-writer	0xeb9810	0xec4d78	0x172fad8	rip-relative	small stationary
classic	instrument-raw-writer	0xeb9810	0xec4d81	0x172fac8	rip-relative	tiny stationary
classic	instrument-raw-writer	0xeb9810	0xec4d93	0x172daa0	rip-relative	large hand-held
classic	instrument-raw-writer	0xeb9810	0xec4da5	0x172da88	rip-relative	mid-size hand-held
classic	instrument-raw-writer	0xeb9810	0xec4db5	0x172dac0	rip-relative	small hand-held
classic	instrument-raw-writer	0xeb9810	0xec4dbe	0x172dab0	rip-relative	tiny hand-held
classic	instrument-raw-writer	0xeb9810	0xec4dd1	0x172fbd8	rip-relative	 percussion instrument.  
classic	instrument-raw-writer	0xeb9810	0xec4de4	0x172fbc8	rip-relative	It consists of 
classic	instrument-raw-writer	0xeb9810	0xec4e08	0x15fdc64	rip-relative	a
classic	instrument-raw-writer	0xeb9810	0xec4e1b	0x1730420	rip-relative	hourglass
classic	instrument-raw-writer	0xeb9810	0xec4e32	0x164412c	rip-relative	n
classic	instrument-raw-writer	0xeb9810	0xec4e83	0x15e3720	rip-relative	 
classic	instrument-raw-writer	0xeb9810	0xec4ea9	0x15e3720	rip-relative	 
classic	instrument-raw-writer	0xeb9810	0xec4ecb	0x15e3720	rip-relative	 
classic	instrument-raw-writer	0xeb9810	0xec4ef1	0x15e9590	rip-relative	 with 
classic	instrument-raw-writer	0xeb9810	0xec4f0a	0x15e8618	rip-relative	a 
classic	instrument-raw-writer	0xeb9810	0xec4f2c	0x172f744	rip-relative	 head
classic	instrument-raw-writer	0xeb9810	0xec4f44	0x172f744	rip-relative	 head
classic	instrument-raw-writer	0xeb9810	0xec4f5d	0x15e4220	rip-relative	s
classic	instrument-raw-writer	0xeb9810	0xec4f78	0x172fc00	rip-relative	 which rest
classic	instrument-raw-writer	0xeb9810	0xec4f91	0x15e4220	rip-relative	s
classic	instrument-raw-writer	0xeb9810	0xec4fa4	0x172fbf4	rip-relative	 on a 
classic	instrument-raw-writer	0xeb9810	0xec4fb6	0x15fdc64	rip-relative	a
classic	instrument-raw-writer	0xeb9810	0xec5007	0x15e3720	rip-relative	 
classic	instrument-raw-writer	0xeb9810	0xec5029	0x15e3720	rip-relative	 
classic	instrument-raw-writer	0xeb9810	0xec5053	0x172fb98	rip-relative	 attached to a 
classic	instrument-raw-writer	0xeb9810	0xec5075	0x172f790	rip-relative	 stand
classic	instrument-raw-writer	0xeb9810	0xec5088	0x15f8850	rip-relative	.  
classic	instrument-raw-writer	0xeb9810	0xec509b	0x172fb88	rip-relative	The musician 
classic	instrument-raw-writer	0xeb9810	0xec50be	0x165d5f0	rip-relative	strikes
classic	instrument-raw-writer	0xeb9810	0xec50cc	0x172fbc0	rip-relative	scrapes
classic	instrument-raw-writer	0xeb9810	0xec50dc	0x172fba8	rip-relative	rubs around the lip of
classic	instrument-raw-writer	0xeb9810	0xec50ef	0x15e4548	rip-relative	 the 
classic	instrument-raw-writer	0xeb9810	0xec5111	0x165ac58	rip-relative	head
classic	instrument-raw-writer	0xeb9810	0xec5123	0x15e4220	rip-relative	s
classic	instrument-raw-writer	0xeb9810	0xec5144	0x15e9590	rip-relative	 with 
classic	instrument-raw-writer	0xeb9810	0xec515e	0x15e8618	rip-relative	a 
classic	instrument-raw-writer	0xeb9810	0xec5180	0x15e3720	rip-relative	 
classic	instrument-raw-writer	0xeb9810	0xec51a6	0x15f8850	rip-relative	.  
classic	instrument-raw-writer	0xeb9810	0xec51d1	0x172fbc0	rip-relative	scrapes
classic	instrument-raw-writer	0xeb9810	0xec51e1	0x172fc84	rip-relative	plucks
classic	instrument-raw-writer	0xeb9810	0xec51f1	0x172fc7c	rip-relative	shakes
classic	instrument-raw-writer	0xeb9810	0xec51fa	0x165d5f0	rip-relative	strikes
classic	instrument-raw-writer	0xeb9810	0xec520d	0x15e4548	rip-relative	 the 
classic	instrument-raw-writer	0xeb9810	0xec522e	0x165ac58	rip-relative	head
classic	instrument-raw-writer	0xeb9810	0xec5240	0x15e4220	rip-relative	s
classic	instrument-raw-writer	0xeb9810	0xec5265	0x172fce8	rip-relative	 together
classic	instrument-raw-writer	0xeb9810	0xec5278	0x15f8850	rip-relative	.  
classic	instrument-raw-writer	0xeb9810	0xec529c	0x172fc90	rip-relative	The instrument produces a complex sound that cannot be said to be of a single pitch.  
classic	instrument-raw-writer	0xeb9810	0xec52d0	0x172fc20	rip-relative	Tuning is accomplished by adjusting the tension of the head.  
classic	instrument-raw-writer	0xeb9810	0xec5373	0x15f8664	rip-relative	]
classic	instrument-raw-writer	0xeb9810	0xec5556	0x172fc10	rip-relative	reaction_layer
classic	instrument-raw-writer	0xeb9810	0xec5567	0x172fc68	rip-relative	[OBJECT:REACTION]
classic	instrument-raw-writer	0xeb9810	0xec55b2	0x172fc60	rip-relative	MAKE_
classic	instrument-raw-writer	0xeb9810	0xec55d6	0x17306a0	rip-relative	[REACTION:
classic	instrument-raw-writer	0xeb9810	0xec55fd	0x15f8664	rip-relative	]
classic	instrument-raw-writer	0xeb9810	0xec5621	0x16a5fd8	rip-relative	[GENERATED]
classic	instrument-raw-writer	0xeb9810	0xec5639	0x172ca60	rip-relative	[SOURCE_HFID:
classic	instrument-raw-writer	0xeb9810	0xec565d	0x15f8664	rip-relative	]
classic	instrument-raw-writer	0xeb9810	0xec5695	0x172ca50	rip-relative	[SOURCE_ENID:
classic	instrument-raw-writer	0xeb9810	0xec56b9	0x15f8664	rip-relative	]
classic	instrument-raw-writer	0xeb9810	0xec570b	0x1730690	rip-relative	[NAME:forge 
classic	instrument-raw-writer	0xeb9810	0xec5714	0x17306c8	rip-relative	[NAME:make 
classic	instrument-raw-writer	0xeb9810	0xec5730	0x15f8664	rip-relative	]
classic	instrument-raw-writer	0xeb9810	0xec5754	0x17306b0	rip-relative	[MAX_MULTIPLIER:1]
classic	instrument-raw-writer	0xeb9810	0xec577a	0x1730630	rip-relative	[BUILDING:KILN:NONE]
classic	instrument-raw-writer	0xeb9810	0xec578b	0x1730608	rip-relative	[REAGENT:clay:1:BOULDER:NONE:NONE:NONE]
classic	instrument-raw-writer	0xeb9810	0xec579c	0x1730660	rip-relative	[HAS_MATERIAL_REACTION_PRODUCT:FIRED_MAT]
classic	instrument-raw-writer	0xeb9810	0xec57ad	0x1730648	rip-relative	[PRODUCT:100:1:TOOL:
classic	instrument-raw-writer	0xeb9810	0xec57d0	0x1730770	rip-relative	:GET_MATERIAL_FROM_REAGENT:clay:FIRED_MAT]
classic	instrument-raw-writer	0xeb9810	0xec57f4	0x1730764	rip-relative	[FUEL]
classic	instrument-raw-writer	0xeb9810	0xec5805	0x17307b8	rip-relative	[SKILL:POTTERY]
classic	instrument-raw-writer	0xeb9810	0xec5827	0x17307a0	rip-relative	[BUILDING:LEATHER:NONE]
classic	instrument-raw-writer	0xeb9810	0xec5838	0x1730708	rip-relative	[REAGENT:leather:1:SKIN_TANNED:NONE:NONE:NONE]
classic	instrument-raw-writer	0xeb9810	0xec5849	0x1730648	rip-relative	[PRODUCT:100:1:TOOL:
classic	instrument-raw-writer	0xeb9810	0xec586c	0x17306d8	rip-relative	:GET_MATERIAL_FROM_REAGENT:leather:NONE]
classic	instrument-raw-writer	0xeb9810	0xec5890	0x1730750	rip-relative	[SKILL:LEATHERWORK]
classic	instrument-raw-writer	0xeb9810	0xec58b6	0x1730738	rip-relative	[BUILDING:GLASS:NONE]
classic	instrument-raw-writer	0xeb9810	0xec58c7	0x1730850	rip-relative	[REAGENT:sand:150:POWDER_MISC:NONE:NONE:NONE]
classic	instrument-raw-writer	0xeb9810	0xec58d8	0x1730838	rip-relative	[IS_SAND_MATERIAL]
classic	instrument-raw-writer	0xeb9810	0xec58e9	0x1730890	rip-relative	[REAGENT:sand bag:1:NONE:NONE:NONE:NONE]
classic	instrument-raw-writer	0xeb9810	0xec58fa	0x1730880	rip-relative	[CONTAINS:sand]
classic	instrument-raw-writer	0xeb9810	0xec590b	0x17307f0	rip-relative	[PRESERVE_REAGENT]
classic	instrument-raw-writer	0xeb9810	0xec591c	0x17307c8	rip-relative	[DOES_NOT_DETERMINE_PRODUCT_AMOUNT]
classic	instrument-raw-writer	0xeb9810	0xec592d	0x1730648	rip-relative	[PRODUCT:100:1:TOOL:
classic	instrument-raw-writer	0xeb9810	0xec5950	0x1730820	rip-relative	:GLASS_GREEN:NONE]
classic	instrument-raw-writer	0xeb9810	0xec5974	0x1730764	rip-relative	[FUEL]
classic	instrument-raw-writer	0xeb9810	0xec5985	0x1730808	rip-relative	[SKILL:GLASSMAKER]
classic	instrument-raw-writer	0xeb9810	0xec59a9	0x1730988	rip-relative	[BUILDING:METALSMITH:NONE]
classic	instrument-raw-writer	0xeb9810	0xec59c6	0x1730950	rip-relative	[REAGENT:metal bars:300:BAR:NONE:INORGANIC:NONE]
classic	instrument-raw-writer	0xeb9810	0xec59cf	0x17309c0	rip-relative	[REAGENT:metal bars:150:BAR:NONE:INORGANIC:NONE]
classic	instrument-raw-writer	0xeb9810	0xec59db	0x17309a8	rip-relative	[METAL_ITEM_MATERIAL]
classic	instrument-raw-writer	0xeb9810	0xec59ec	0x1730648	rip-relative	[PRODUCT:100:1:TOOL:
classic	instrument-raw-writer	0xeb9810	0xec5a0f	0x17308d8	rip-relative	:GET_MATERIAL_FROM_REAGENT:metal bars:NONE]
classic	instrument-raw-writer	0xeb9810	0xec5a33	0x17308c0	rip-relative	[SKILL:METALCRAFT]
classic	instrument-raw-writer	0xeb9810	0xec5a65	0x1730930	rip-relative	[BUILDING:CARPENTER:NONE]
classic	instrument-raw-writer	0xeb9810	0xec5a76	0x1730908	rip-relative	[REAGENT:wood:1:WOOD:NONE:NONE:NONE]
classic	instrument-raw-writer	0xeb9810	0xec5a87	0x1730648	rip-relative	[PRODUCT:100:1:TOOL:
classic	instrument-raw-writer	0xeb9810	0xec5aaa	0x1730a80	rip-relative	:GET_MATERIAL_FROM_REAGENT:wood:NONE]
classic	instrument-raw-writer	0xeb9810	0xec5ace	0x1730a68	rip-relative	[SKILL:CARPENTRY]
classic	instrument-raw-writer	0xeb9810	0xec5b04	0x1730ad8	rip-relative	[BUILDING:MASON:NONE]
classic	instrument-raw-writer	0xeb9810	0xec5b15	0x1730aa8	rip-relative	[REAGENT:stone:1:BOULDER:NONE:INORGANIC:NONE]
classic	instrument-raw-writer	0xeb9810	0xec5b26	0x1730a10	rip-relative	[WORTHLESS_STONE_ONLY]
classic	instrument-raw-writer	0xeb9810	0xec5b37	0x17309f8	rip-relative	[HARD_ITEM_MATERIAL]
classic	instrument-raw-writer	0xeb9810	0xec5b48	0x1730648	rip-relative	[PRODUCT:100:1:TOOL:
classic	instrument-raw-writer	0xeb9810	0xec5b6b	0x1730a40	rip-relative	:GET_MATERIAL_FROM_REAGENT:stone:NONE]
classic	instrument-raw-writer	0xeb9810	0xec5b8f	0x1730a28	rip-relative	[SKILL:CARVE_STONE]
classic	instrument-raw-writer	0xeb9810	0xec5bc1	0x1730b88	rip-relative	[BUILDING:CRAFTSMAN:NONE]
classic	instrument-raw-writer	0xeb9810	0xec5bd2	0x1730908	rip-relative	[REAGENT:wood:1:WOOD:NONE:NONE:NONE]
classic	instrument-raw-writer	0xeb9810	0xec5be3	0x1730648	rip-relative	[PRODUCT:100:1:TOOL:
classic	instrument-raw-writer	0xeb9810	0xec5c06	0x1730a80	rip-relative	:GET_MATERIAL_FROM_REAGENT:wood:NONE]
classic	instrument-raw-writer	0xeb9810	0xec5c2a	0x1730b70	rip-relative	[SKILL:WOODCRAFT]
classic	instrument-raw-writer	0xeb9810	0xec5c60	0x1730b88	rip-relative	[BUILDING:CRAFTSMAN:NONE]
classic	instrument-raw-writer	0xeb9810	0xec5c71	0x1730aa8	rip-relative	[REAGENT:stone:1:BOULDER:NONE:INORGANIC:NONE]
classic	instrument-raw-writer	0xeb9810	0xec5c82	0x1730a10	rip-relative	[WORTHLESS_STONE_ONLY]
classic	instrument-raw-writer	0xeb9810	0xec5c93	0x17309f8	rip-relative	[HARD_ITEM_MATERIAL]
classic	instrument-raw-writer	0xeb9810	0xec5ca4	0x1730648	rip-relative	[PRODUCT:100:1:TOOL:
classic	instrument-raw-writer	0xeb9810	0xec5cc7	0x1730a40	rip-relative	:GET_MATERIAL_FROM_REAGENT:stone:NONE]
classic	instrument-raw-writer	0xeb9810	0xec5ceb	0x1730bd8	rip-relative	[SKILL:STONECRAFT]
classic	instrument-raw-writer	0xeb9810	0xec5d11	0x1730b88	rip-relative	[BUILDING:CRAFTSMAN:NONE]
classic	instrument-raw-writer	0xeb9810	0xec5dcc	0x1730ba8	rip-relative	[REAGENT:thread:15000:THREAD:NONE:NONE:NONE]
classic	instrument-raw-writer	0xeb9810	0xec5ddd	0x1730b20	rip-relative	[NOT_WEB]
classic	instrument-raw-writer	0xeb9810	0xec5dee	0x1730b58	rip-relative	[ANY_SILK_MATERIAL]
classic	instrument-raw-writer	0xeb9810	0xec5dff	0x1730648	rip-relative	[PRODUCT:100:1:TOOL:
classic	instrument-raw-writer	0xeb9810	0xec5e22	0x1730b30	rip-relative	:GET_MATERIAL_FROM_REAGENT:thread:NONE]
classic	instrument-raw-writer	0xeb9810	0xec5e2b	0x1730af0	rip-relative	[REAGENT:cloth:10000:CLOTH:NONE:NONE:NONE]
classic	instrument-raw-writer	0xeb9810	0xec5e3c	0x1730b58	rip-relative	[ANY_SILK_MATERIAL]
classic	instrument-raw-writer	0xeb9810	0xec5e4d	0x1730648	rip-relative	[PRODUCT:100:1:TOOL:
classic	instrument-raw-writer	0xeb9810	0xec5e70	0x1730c78	rip-relative	:GET_MATERIAL_FROM_REAGENT:cloth:NONE]
classic	instrument-raw-writer	0xeb9810	0xec5e94	0x1730c68	rip-relative	[SKILL:WEAVING]
classic	instrument-raw-writer	0xeb9810	0xec5eba	0x1730b88	rip-relative	[BUILDING:CRAFTSMAN:NONE]
classic	instrument-raw-writer	0xeb9810	0xec5f75	0x1730ba8	rip-relative	[REAGENT:thread:15000:THREAD:NONE:NONE:NONE]
classic	instrument-raw-writer	0xeb9810	0xec5f86	0x1730b20	rip-relative	[NOT_WEB]
classic	instrument-raw-writer	0xeb9810	0xec5f97	0x1730cc8	rip-relative	[ANY_PLANT_MATERIAL]
classic	instrument-raw-writer	0xeb9810	0xec5fa8	0x1730648	rip-relative	[PRODUCT:100:1:TOOL:
classic	instrument-raw-writer	0xeb9810	0xec5fcb	0x1730b30	rip-relative	:GET_MATERIAL_FROM_REAGENT:thread:NONE]
classic	instrument-raw-writer	0xeb9810	0xec5fd4	0x1730af0	rip-relative	[REAGENT:cloth:10000:CLOTH:NONE:NONE:NONE]
classic	instrument-raw-writer	0xeb9810	0xec5fe5	0x1730cc8	rip-relative	[ANY_PLANT_MATERIAL]
classic	instrument-raw-writer	0xeb9810	0xec5ff6	0x1730648	rip-relative	[PRODUCT:100:1:TOOL:
classic	instrument-raw-writer	0xeb9810	0xec6019	0x1730c78	rip-relative	:GET_MATERIAL_FROM_REAGENT:cloth:NONE]
classic	instrument-raw-writer	0xeb9810	0xec603d	0x1730c68	rip-relative	[SKILL:WEAVING]
classic	instrument-raw-writer	0xeb9810	0xec6063	0x1730b88	rip-relative	[BUILDING:CRAFTSMAN:NONE]
classic	instrument-raw-writer	0xeb9810	0xec6074	0x1730ca0	rip-relative	[REAGENT:shell:1:NONE:NONE:NONE:NONE]
classic	instrument-raw-writer	0xeb9810	0xec6085	0x1730c08	rip-relative	[USE_BODY_COMPONENT][UNROTTEN]
classic	instrument-raw-writer	0xeb9810	0xec6096	0x1730bf0	rip-relative	[ANY_SHELL_MATERIAL]
classic	instrument-raw-writer	0xeb9810	0xec60a7	0x1730648	rip-relative	[PRODUCT:100:1:TOOL:
classic	instrument-raw-writer	0xeb9810	0xec60ca	0x1730c40	rip-relative	:GET_MATERIAL_FROM_REAGENT:shell:NONE]
classic	instrument-raw-writer	0xeb9810	0xec60ee	0x1730c28	rip-relative	[SKILL:BONECARVE]
classic	instrument-raw-writer	0xeb9810	0xec6114	0x1730b88	rip-relative	[BUILDING:CRAFTSMAN:NONE]
classic	instrument-raw-writer	0xeb9810	0xec6125	0x1730dc8	rip-relative	[REAGENT:bone:1:NONE:NONE:NONE:NONE]
classic	instrument-raw-writer	0xeb9810	0xec6136	0x1730c08	rip-relative	[USE_BODY_COMPONENT][UNROTTEN]
classic	instrument-raw-writer	0xeb9810	0xec6147	0x1730db0	rip-relative	[ANY_BONE_MATERIAL]
classic	instrument-raw-writer	0xeb9810	0xec6158	0x1730648	rip-relative	[PRODUCT:100:1:TOOL:
classic	instrument-raw-writer	0xeb9810	0xec617b	0x1730e08	rip-relative	:GET_MATERIAL_FROM_REAGENT:bone:NONE]
classic	instrument-raw-writer	0xeb9810	0xec619f	0x1730c28	rip-relative	[SKILL:BONECARVE]
classic	instrument-raw-writer	0xeb9810	0xec61b0	0x1730df0	rip-relative	[DESCRIPTION:USE_TOOL:
classic	instrument-raw-writer	0xeb9810	0xec61d3	0x15f8664	rip-relative	]
classic	instrument-raw-writer	0xeb9810	0xec61f7	0x1730d08	rip-relative	[CATEGORY:INSTRUMENT_PIECE]
classic	instrument-raw-writer	0xeb9810	0xec620d	0x1730ce0	rip-relative	[CATEGORY_NAME:Make instrument piece
classic	instrument-raw-writer	0xeb9810	0xec621e	0x1730d40	rip-relative	[CATEGORY_DESCRIPTION:Make instrument pieces which can be used to assemble complete musical instruments.]
classic	instrument-raw-writer	0xeb9810	0xec6292	0x172fc60	rip-relative	MAKE_
classic	instrument-raw-writer	0xeb9810	0xec62b6	0x17306a0	rip-relative	[REACTION:
classic	instrument-raw-writer	0xeb9810	0xec62dd	0x15f8664	rip-relative	]
classic	instrument-raw-writer	0xeb9810	0xec6301	0x16a5fd8	rip-relative	[GENERATED]
classic	instrument-raw-writer	0xeb9810	0xec631d	0x172ca60	rip-relative	[SOURCE_HFID:
classic	instrument-raw-writer	0xeb9810	0xec6340	0x15f8664	rip-relative	]
classic	instrument-raw-writer	0xeb9810	0xec6377	0x172ca50	rip-relative	[SOURCE_ENID:
classic	instrument-raw-writer	0xeb9810	0xec639a	0x15f8664	rip-relative	]
classic	instrument-raw-writer	0xeb9810	0xec63fe	0x1730690	rip-relative	[NAME:forge 
classic	instrument-raw-writer	0xeb9810	0xec6407	0x17306c8	rip-relative	[NAME:make 
classic	instrument-raw-writer	0xeb9810	0xec6410	0x1730d28	rip-relative	[NAME:assemble 
classic	instrument-raw-writer	0xeb9810	0xec6433	0x15f8664	rip-relative	]
classic	instrument-raw-writer	0xeb9810	0xec6457	0x17306b0	rip-relative	[MAX_MULTIPLIER:1]
classic	instrument-raw-writer	0xeb9810	0xec65de	0x1730b88	rip-relative	[BUILDING:CRAFTSMAN:NONE]
classic	instrument-raw-writer	0xeb9810	0xec6630	0x17304f0	rip-relative	[REAGENT:
classic	instrument-raw-writer	0xeb9810	0xec665f	0x17304e0	rip-relative	:1:TOOL:
classic	instrument-raw-writer	0xeb9810	0xec668e	0x1730520	rip-relative	:NONE:NONE]
classic	instrument-raw-writer	0xeb9810	0xec66e1	0x1730500	rip-relative	[PRODUCT:100:1:INSTRUMENT:
classic	instrument-raw-writer	0xeb9810	0xec6704	0x1730470	rip-relative	:GET_MATERIAL_FROM_REAGENT:
classic	instrument-raw-writer	0xeb9810	0xec672a	0x1730464	rip-relative	:NONE]
classic	instrument-raw-writer	0xeb9810	0xec674e	0x17304c0	rip-relative	[PRODUCT_TOKEN:instrument]
classic	instrument-raw-writer	0xeb9810	0xec67b5	0x1730490	rip-relative	[IMPROVEMENT:100:instrument:INSTRUMENT_PIECE:
classic	instrument-raw-writer	0xeb9810	0xec67e1	0x1730470	rip-relative	:GET_MATERIAL_FROM_REAGENT:
classic	instrument-raw-writer	0xeb9810	0xec6811	0x1730464	rip-relative	:NONE]
classic	instrument-raw-writer	0xeb9810	0xec6867	0x17307b8	rip-relative	[SKILL:POTTERY]
classic	instrument-raw-writer	0xeb9810	0xec6889	0x1730750	rip-relative	[SKILL:LEATHERWORK]
classic	instrument-raw-writer	0xeb9810	0xec68ab	0x1730808	rip-relative	[SKILL:GLASSMAKER]
classic	instrument-raw-writer	0xeb9810	0xec68ca	0x17308c0	rip-relative	[SKILL:METALCRAFT]
classic	instrument-raw-writer	0xeb9810	0xec68f8	0x1730a68	rip-relative	[SKILL:CARPENTRY]
classic	instrument-raw-writer	0xeb9810	0xec6926	0x1730a28	rip-relative	[SKILL:CARVE_STONE]
classic	instrument-raw-writer	0xeb9810	0xec6954	0x1730b70	rip-relative	[SKILL:WOODCRAFT]
classic	instrument-raw-writer	0xeb9810	0xec6987	0x1730bd8	rip-relative	[SKILL:STONECRAFT]
classic	instrument-raw-writer	0xeb9810	0xec69ae	0x1730c68	rip-relative	[SKILL:WEAVING]
classic	instrument-raw-writer	0xeb9810	0xec69d5	0x1730c68	rip-relative	[SKILL:WEAVING]
classic	instrument-raw-writer	0xeb9810	0xec69f7	0x1730c28	rip-relative	[SKILL:BONECARVE]
classic	instrument-raw-writer	0xeb9810	0xec6a19	0x1730c28	rip-relative	[SKILL:BONECARVE]
classic	instrument-raw-writer	0xeb9810	0xec6a55	0x1730988	rip-relative	[BUILDING:METALSMITH:NONE]
classic	instrument-raw-writer	0xeb9810	0xec6a72	0x1730950	rip-relative	[REAGENT:metal bars:300:BAR:NONE:INORGANIC:NONE]
classic	instrument-raw-writer	0xeb9810	0xec6a7b	0x17309c0	rip-relative	[REAGENT:metal bars:150:BAR:NONE:INORGANIC:NONE]
classic	instrument-raw-writer	0xeb9810	0xec6a87	0x17309a8	rip-relative	[METAL_ITEM_MATERIAL]
classic	instrument-raw-writer	0xeb9810	0xec6a98	0x1730500	rip-relative	[PRODUCT:100:1:INSTRUMENT:
classic	instrument-raw-writer	0xeb9810	0xec6abb	0x17308d8	rip-relative	:GET_MATERIAL_FROM_REAGENT:metal bars:NONE]
classic	instrument-raw-writer	0xeb9810	0xec6adf	0x17308c0	rip-relative	[SKILL:METALCRAFT]
classic	instrument-raw-writer	0xeb9810	0xec6b19	0x1730ad8	rip-relative	[BUILDING:MASON:NONE]
classic	instrument-raw-writer	0xeb9810	0xec6b2a	0x1730aa8	rip-relative	[REAGENT:stone:1:BOULDER:NONE:INORGANIC:NONE]
classic	instrument-raw-writer	0xeb9810	0xec6b3b	0x1730a10	rip-relative	[WORTHLESS_STONE_ONLY]
classic	instrument-raw-writer	0xeb9810	0xec6b4c	0x17309f8	rip-relative	[HARD_ITEM_MATERIAL]
classic	instrument-raw-writer	0xeb9810	0xec6b5d	0x1730500	rip-relative	[PRODUCT:100:1:INSTRUMENT:
classic	instrument-raw-writer	0xeb9810	0xec6b80	0x1730a40	rip-relative	:GET_MATERIAL_FROM_REAGENT:stone:NONE]
classic	instrument-raw-writer	0xeb9810	0xec6ba4	0x17305b8	rip-relative	[SKILL:MASONRY]
classic	instrument-raw-writer	0xeb9810	0xec6bd8	0x1730b88	rip-relative	[BUILDING:CRAFTSMAN:NONE]
classic	instrument-raw-writer	0xeb9810	0xec6be9	0x1730aa8	rip-relative	[REAGENT:stone:1:BOULDER:NONE:INORGANIC:NONE]
classic	instrument-raw-writer	0xeb9810	0xec6bfa	0x1730a10	rip-relative	[WORTHLESS_STONE_ONLY]
classic	instrument-raw-writer	0xeb9810	0xec6c0b	0x17309f8	rip-relative	[HARD_ITEM_MATERIAL]
classic	instrument-raw-writer	0xeb9810	0xec6c1c	0x1730500	rip-relative	[PRODUCT:100:1:INSTRUMENT:
classic	instrument-raw-writer	0xeb9810	0xec6c3f	0x1730a40	rip-relative	:GET_MATERIAL_FROM_REAGENT:stone:NONE]
classic	instrument-raw-writer	0xeb9810	0xec6c63	0x1730bd8	rip-relative	[SKILL:STONECRAFT]
classic	instrument-raw-writer	0xeb9810	0xec6c95	0x1730930	rip-relative	[BUILDING:CARPENTER:NONE]
classic	instrument-raw-writer	0xeb9810	0xec6ca6	0x1730908	rip-relative	[REAGENT:wood:1:WOOD:NONE:NONE:NONE]
classic	instrument-raw-writer	0xeb9810	0xec6cb7	0x1730500	rip-relative	[PRODUCT:100:1:INSTRUMENT:
classic	instrument-raw-writer	0xeb9810	0xec6cda	0x1730a80	rip-relative	:GET_MATERIAL_FROM_REAGENT:wood:NONE]
classic	instrument-raw-writer	0xeb9810	0xec6cfe	0x1730a68	rip-relative	[SKILL:CARPENTRY]
classic	instrument-raw-writer	0xeb9810	0xec6d30	0x1730b88	rip-relative	[BUILDING:CRAFTSMAN:NONE]
classic	instrument-raw-writer	0xeb9810	0xec6d41	0x1730908	rip-relative	[REAGENT:wood:1:WOOD:NONE:NONE:NONE]
classic	instrument-raw-writer	0xeb9810	0xec6d52	0x1730500	rip-relative	[PRODUCT:100:1:INSTRUMENT:
classic	instrument-raw-writer	0xeb9810	0xec6d75	0x1730a80	rip-relative	:GET_MATERIAL_FROM_REAGENT:wood:NONE]
classic	instrument-raw-writer	0xeb9810	0xec6d99	0x1730b70	rip-relative	[SKILL:WOODCRAFT]
classic	instrument-raw-writer	0xeb9810	0xec6dbf	0x1730738	rip-relative	[BUILDING:GLASS:NONE]
classic	instrument-raw-writer	0xeb9810	0xec6dd0	0x1730850	rip-relative	[REAGENT:sand:150:POWDER_MISC:NONE:NONE:NONE]
classic	instrument-raw-writer	0xeb9810	0xec6de1	0x1730838	rip-relative	[IS_SAND_MATERIAL]
classic	instrument-raw-writer	0xeb9810	0xec6df2	0x1730890	rip-relative	[REAGENT:sand bag:1:NONE:NONE:NONE:NONE]
classic	instrument-raw-writer	0xeb9810	0xec6e03	0x1730880	rip-relative	[CONTAINS:sand]
classic	instrument-raw-writer	0xeb9810	0xec6e14	0x17307f0	rip-relative	[PRESERVE_REAGENT]
classic	instrument-raw-writer	0xeb9810	0xec6e25	0x17307c8	rip-relative	[DOES_NOT_DETERMINE_PRODUCT_AMOUNT]
classic	instrument-raw-writer	0xeb9810	0xec6e36	0x1730500	rip-relative	[PRODUCT:100:1:INSTRUMENT:
classic	instrument-raw-writer	0xeb9810	0xec6e59	0x1730820	rip-relative	:GLASS_GREEN:NONE]
classic	instrument-raw-writer	0xeb9810	0xec6e7d	0x1730764	rip-relative	[FUEL]
classic	instrument-raw-writer	0xeb9810	0xec6e8e	0x1730808	rip-relative	[SKILL:GLASSMAKER]
classic	instrument-raw-writer	0xeb9810	0xec6eb4	0x1730630	rip-relative	[BUILDING:KILN:NONE]
classic	instrument-raw-writer	0xeb9810	0xec6ec5	0x1730608	rip-relative	[REAGENT:clay:1:BOULDER:NONE:NONE:NONE]
classic	instrument-raw-writer	0xeb9810	0xec6ed6	0x1730660	rip-relative	[HAS_MATERIAL_REACTION_PRODUCT:FIRED_MAT]
classic	instrument-raw-writer	0xeb9810	0xec6ee7	0x1730500	rip-relative	[PRODUCT:100:1:INSTRUMENT:
classic	instrument-raw-writer	0xeb9810	0xec6f0a	0x1730770	rip-relative	:GET_MATERIAL_FROM_REAGENT:clay:FIRED_MAT]
classic	instrument-raw-writer	0xeb9810	0xec6f2e	0x1730764	rip-relative	[FUEL]
classic	instrument-raw-writer	0xeb9810	0xec6f3f	0x17307b8	rip-relative	[SKILL:POTTERY]
classic	instrument-raw-writer	0xeb9810	0xec6f65	0x1730b88	rip-relative	[BUILDING:CRAFTSMAN:NONE]
classic	instrument-raw-writer	0xeb9810	0xec6f76	0x1730ca0	rip-relative	[REAGENT:shell:1:NONE:NONE:NONE:NONE]
classic	instrument-raw-writer	0xeb9810	0xec6f87	0x1730c08	rip-relative	[USE_BODY_COMPONENT][UNROTTEN]
classic	instrument-raw-writer	0xeb9810	0xec6f98	0x1730bf0	rip-relative	[ANY_SHELL_MATERIAL]
classic	instrument-raw-writer	0xeb9810	0xec6fa9	0x1730500	rip-relative	[PRODUCT:100:1:INSTRUMENT:
classic	instrument-raw-writer	0xeb9810	0xec6fcc	0x1730c40	rip-relative	:GET_MATERIAL_FROM_REAGENT:shell:NONE]
classic	instrument-raw-writer	0xeb9810	0xec6ff0	0x1730c28	rip-relative	[SKILL:BONECARVE]
classic	instrument-raw-writer	0xeb9810	0xec7016	0x1730b88	rip-relative	[BUILDING:CRAFTSMAN:NONE]
classic	instrument-raw-writer	0xeb9810	0xec7027	0x1730dc8	rip-relative	[REAGENT:bone:1:NONE:NONE:NONE:NONE]
classic	instrument-raw-writer	0xeb9810	0xec7038	0x1730c08	rip-relative	[USE_BODY_COMPONENT][UNROTTEN]
classic	instrument-raw-writer	0xeb9810	0xec7049	0x1730db0	rip-relative	[ANY_BONE_MATERIAL]
classic	instrument-raw-writer	0xeb9810	0xec705a	0x1730500	rip-relative	[PRODUCT:100:1:INSTRUMENT:
classic	instrument-raw-writer	0xeb9810	0xec707d	0x1730e08	rip-relative	:GET_MATERIAL_FROM_REAGENT:bone:NONE]
classic	instrument-raw-writer	0xeb9810	0xec70a1	0x1730c28	rip-relative	[SKILL:BONECARVE]
classic	instrument-raw-writer	0xeb9810	0xec70b8	0x1730598	rip-relative	[DESCRIPTION:USE_INSTRUMENT:
classic	instrument-raw-writer	0xeb9810	0xec70e1	0x15f8664	rip-relative	]
classic	instrument-raw-writer	0xeb9810	0xec7105	0x17305e8	rip-relative	[CATEGORY:INSTRUMENT]
classic	instrument-raw-writer	0xeb9810	0xec711d	0x17305c8	rip-relative	[CATEGORY_NAME:Make instrument
classic	instrument-raw-writer	0xeb9810	0xec712e	0x1730530	rip-relative	[CATEGORY_DESCRIPTION:Assemble complete musical instruments and construct single-piece instruments.]
