# Legends event-family grammar, reviewed against native DF 53.16.
# The Windows catalogue and shared builders are reviewed at their actual
# sentence branches; see data/extracted/legends-source-review.md for corrections and scope.
# Native narrative catalogue: dwarfort .rodata, file offsets 0x1ce1008–0x1ce5f69
# and 0x1ce8130 onward (long literal continuations). No sampled world names.
# source<TAB>target<TAB>mode: action / event / title / clause / statement / term;
# response / concession compile the reviewed recruitment contrast family.
# action/event compile complete sentences AND clauses, with optional native
# in/at/within/during/wilds suffixes. action also compiles omitted subjects and
# coordinated actions. a=typed person/entity/unnamed creature; s=shared term.

# A worldgen viewport can start in the middle of the previous record. These
# productions apply ONLY at that clipped start, after complete prose fails.
# Translate the visible participant/term and location without inventing the
# missing date, subject or predicate. All vocabulary still uses shared slots.
{s} in {p}	{s}（于{p}）	continuation
{a} in {p}	{a}（于{p}）	continuation
{s} at {p}	{s}（于{p}）	continuation
{a} at {p}	{a}（于{p}）	continuation
{s} within {p}	{s}（于{p}）	continuation
{a} within {p}	{a}（于{p}）	continuation
in {p}	于{p}	continuation
at {p}	于{p}	continuation
within {p}	于{p}	continuation
was called {p}	名为{p}	continuation
government was called {p}	政府名为{p}	continuation
new government was called {p}	新政府名为{p}	continuation
{s}	{s}	continuation
{a}	{a}	continuation

# Participant relations retain EACH original link instead of flattening a
# person's organization, an army's civilization or a list into one label.
{a} of {a}	{a2}的{a1}	participant
{p} of {p}	{p2}的{p1}	participant
{a} from {p}	来自{p}的{a}	participant
{a} and {a}	{a1}与{a2}	participant
{p} and {p}	{p1}与{p2}	participant
{a}, and {a}	{a1}与{a2}	participant
{a}, {a}	{a1}、{a2}	participant
the forces of {p}	{p}的部队	participant
The forces of {p}	{p}的部队	participant
a caravan from {p}	来自{p}的商队	participant
A caravan from {p}	来自{p}的商队	participant
{a} and others	{a}等人	participant
{c} {s}	{c}{s}	participant
a multitude of {s}	大量{s}	participant
hundreds of {s}	数百{s}	participant
dozens of {s}	数十{s}	participant
several {s}	数个{s}	participant
a few {s}	少数{s}	participant

# Injuries: all native severing/wounding variants share one body-part grammar.
# Scoped corrections to BODY imports: do not inherit the Back button's
# translation or swap an anatomical side/orientation from the community PO.
back	后	term
left antenna	左触角	term
right antenna	右触角	term
left upper foreleg	左前大腿	term
right upper foreleg	右前大腿	term
left lower foreleg	左前小腿	term
right lower foreleg	右前小腿	term
{n}'s {t} was {s} by {a}	{n}的{t}被{a}{s}	event
{n}'s {t} was {s} by {a} as a means of torture	{a}以酷刑折磨{n}，将其{t}{s}	event
{n}'s {t} was {s} as a means of torture by {a}	{a}以酷刑折磨{n}，将其{t}{s}	event
{n}'s {t} was {s}	{n}的{t}被{s}	event
{n}'s	{n}的	clause
{n}'	{n}的	clause
{t} was {s} by {a}	{t}被{a}{s}	event
broken away	折断了	term
slashed out	割除了	term
slashed off	砍断了	term
torn out	撕掉了	term
torn off	撕断了	term
stabbed out	刺掉了	term
ripped off	扯断了	term
burned out	烧毁了	term
burned away	烧掉了	term
smashed	砸伤了	term
slashed	砍伤了	term
ripped	撕伤了	term
stabbed	刺伤了	term
burned	烧伤了	term
as a means of torture	以此施加酷刑	clause

# Battles, encounters, pursuits, commanders, aftermath and tribute.
attacked {a}	攻击了{a}	action
confronted {a}	与{a}对峙	action
surprised {a}	突袭了{a}	action
ambushed {a}	伏击了{a}	action
happened upon {a}	偶遇了{a}	action
cornered {a}	将{a}逼入绝境	action
got into a brawl with {a}	与{a}发生了斗殴	action
fought with {a}	与{a}交战	action
fought with and subdued {a}	与{a}交战并将其制服	action
subdued {a}	制服了{a}	action
defeated {a}	击败了{a}	action
routed {a}	击溃了{a}	action
devoured {a}	吞噬了{a}	action
struck down {a}	击杀了{a}	action
killed {a}	杀死了{a}	action
wounded {a}	击伤了{a}	action
raided {p}	袭击了{p}	action
conquered {p}	征服了{p}	action
pillaged {p}	劫掠了{p}	action
destroyed {p}	摧毁了{p}	action
razed {p}	夷平了{p}	action
rampaged throughout {p}	在{p}肆虐	action
slipped into {p}	潜入了{p}	action
spotted the forces of {p} slipping out of {p}	发现{p1}的部队正悄悄撤出{p2}	action
spotted the forces of {p} leaving {p}	发现{p1}的部队正在离开{p2}	action
stole treasure from {p}	从{p}偷走了财宝	action
looted treasure from {p}	从{p}掠走了财宝	action
stole livestock from {p}	从{p}偷走了牲畜	action
seized livestock from {p}	从{p}夺走了牲畜	action
stole treasure and livestock from {p}	从{p}偷走了财宝和牲畜	action
looted treasure and seized livestock from {p}	从{p}掠走了财宝并夺走了牲畜	action
demanded treasure from {p}	向{p}索要财宝	action
demanded and received treasure from {p}	向{p}索要并得到了财宝	action
tried to secure tribute from {p}	试图迫使{p}进贡	action
secured tribute from {p}	迫使{p}进贡	action
took over {p}	接管了{p}	action
surrendered {p}	交出了{p}	action
freed {a}	解救了{a}	action
led the attack	率领进攻	action
led the attack on {a}	率领进攻了{a}	action
{a} led the attack, and the defenders were led by {a}	{a1}率领进攻，{a2}率领防守	event
The defenders were led by {a}	{a}率领防守	event
{a} were hired by the attackers	进攻方雇佣了{a}	event
The defenders hired {a} as scouts	防守方雇佣{a}担任斥候	event
The defenders hired {a}	防守方雇佣了{a}	event
and hired {a} as scouts	并雇佣了{a}担任斥候	clause
and hired {a}	并雇佣了{a}	clause
and placed {n} in charge of {p}	并任命{n}掌管{p}	clause
and placed {a} in charge of {p}	并任命{a}掌管{p}	clause
and found nothing	但一无所获	clause
, undetected by {a}	，未被{a}发现	clause
, the forces of {p}	，{p}的部队	clause
but they had nothing left to give	但对方已无物可献	clause
, to be delivered from {p} every {s}	，由{p}每逢{s}缴纳	clause
and lordship of {p}	以及对{p}的统治权	clause
in defense of {p}	以保卫{p}	clause
The new government was called {p}	新政府名为{p}	clause

# Native site conquest (48/50) keeps defeat and its outcome in one sentence.
# The parties are entities; appointed leaders retain the participant/list
# grammar. Explicit ownership keeps the defender's civilization out of its
# generated title, including plain gray reclaim histories without link colors.
{p} defeated {p} and took over {p}.	{p1}击败了{p2}，并接管了{p3}。	clause
{p} defeated {p} of {p} and took over {p}.	{p1}击败了{p3}的{p2}，并接管了{p4}。	clause
{p} defeated {p} and placed {a} in charge of {p}.	{p1}击败了{p2}，并任命{a}掌管{p3}。	clause
{p} defeated {p} of {p} and placed {a} in charge of {p}.	{p1}击败了{p3}的{p2}，并任命{a}掌管{p4}。	clause
# The optional government sentence is part of the same native event record.
# Keep its complete boundary available before shorter action decompositions.
{p} defeated {p} and took over {p}. The new government was called {p}.	{p1}击败了{p2}，并接管了{p3}。新政府名为{p4}。	clause
{p} defeated {p} of {p} and took over {p}. The new government was called {p}.	{p1}击败了{p3}的{p2}，并接管了{p4}。新政府名为{p5}。	clause
{p} defeated {p} and placed {a} in charge of {p}. The new government was called {p}.	{p1}击败了{p2}，并任命{a}掌管{p3}。新政府名为{p4}。	clause
{p} defeated {p} of {p} and placed {a} in charge of {p}. The new government was called {p}.	{p1}击败了{p3}的{p2}，并任命{a}掌管{p4}。新政府名为{p5}。	clause

# Tactical situations use the same actor field as one-on-one encounters.
outmatched {a} with a cunning plan	以巧妙的计划胜过了{a}	action
entirely outwitted {a}	以计谋彻底挫败了{a}	action
outmanuevered {a}	以战术机动压倒了{a}	action
made a poor plan	制定了糟糕的计划	action
made an outright foolish plan	制定了极其愚蠢的计划	action
put forth a sound plan	提出了稳妥的计划	action
blundered terribly	犯下了严重失误	action
hatched a stunning strategy	想出了惊人的战略	action
unrolled a brilliant tactical plan	展开了出色的战术部署	action
used poor tactics	采用了糟糕的战术	action
used good tactics	采用了良好的战术	action
{n}'s tactical planning was superior to {n}'s	{n1}的战术谋划胜过了{n2}	event
the forces were arrayed, and	双方列阵之后，	clause
the forces shifted, and	双方调动之后，	clause
the attackers had a strong positional advantage	进攻方占据了极有利的阵位	clause
the attackers had a positional advantage	进攻方占据了有利阵位	clause
the attackers had a slight positional advantage	进攻方的阵位略占优势	clause
the defenders had a strong positional advantage	防守方占据了极有利的阵位	clause
the defenders had a positional advantage	防守方占据了有利阵位	clause
the defenders had a slight positional advantage	防守方的阵位略占优势	clause
neither side had a positional advantage	双方均无阵位优势	clause
managed to escape from {n}'s onslaught	设法逃过了{n}的猛攻	action
was forced to retreat from {a}	被迫从{a}面前撤退	action
was forced to make a hasty escape	被迫仓促逃离	action
despite the latter's wounds	尽管后者已经负伤	clause
after a punishing fight	在一场惨烈战斗之后	clause
after a horrific combat	在一场可怕战斗之后	clause
in which the former emerged victorious	最终前者取得了胜利	clause

# All native death mechanisms, not one template for each named species.
was struck down by {a}	被{a}击杀	action
was killed by {a}	被{a}杀害了	action
was defeated by {a}	败给了{a}	action
was murdered by {a}	被{a}谋杀了	action
was burned to death by {a}	被{a}烧死了	action
was shot and killed by {a}	被{a}射杀了	action
was banished by {a}	被{a}放逐了	action
was put to rest by {a}	的亡魂被{a}安抚了	action
was executed by {a}	被{a}处决了	action
was beheaded by {a}	被{a}斩首了	action
was crucified by {a}	被{a}钉死在十字架上	action
was buried alive by {a}	被{a}活埋了	action
was drowned by {a}	被{a}溺死了	action
was burned alive by {a}	被{a}活活烧死了	action
was fed to beasts by {a}	被{a}拿去喂了野兽	action
was slaughtered by {a}	被{a}屠杀了	action
was drained of blood by {a}	被{a}吸干了血	action
was hacked to pieces by {a}	被{a}砍成了碎块	action
was impaled on spikes by {a}	被{a}刺穿在尖刺上	action
was scared to death by {a}	被{a}吓死了	action
shot and killed {a}	射杀了{a}	action
mortally wounded {a}	使{a}受了致命伤	action
executed {a}	处决了{a}	action
beheaded {a}	将{a}斩首了	action
crucified {a}	将{a}钉死在十字架上	action
drowned {a}	溺死了{a}	action
slaughtered {a}	屠杀了{a}	action
burned {a} in dragon fire	用龙焰烧死了{a}	action
hacked {a} to pieces	将{a}砍成了碎块	action
buried {a} alive	活埋了{a}	action
fed {a} to beasts	将{a}喂给了野兽	action
drained {a} of blood	吸干了{a}的血	action
threw {a} into a pit of spikes	将{a}扔进了尖刺坑	action
scared {a} to death	吓死了{a}	action
died of old age	寿终正寝	action
starved to death	饿死了	action
died of thirst	渴死了	action
froze to death	冻死了	action
died in the heat	热死了	action
died in the dark	死在了黑暗中	action
died in a cage	死在了笼子里	action
fell into a deep chasm	坠入深渊而死	action
burned up in magma	在岩浆中烧死了	action
burned up in a magma mist	在岩浆雾中烧死了	action
burned up in {n}'s dragon fire	被{n}的龙焰烧死了	action
burned to death	被烧死了	action
was scalded to death	被烫死了	action
was encased in cooling lava	被凝固的熔岩封住了	action
was encased in cooling magma	被凝固的岩浆封住了	action
was encased in ice	被封在了冰中	action
was crushed by a drawbridge	被吊桥压死了	action
was killed by falling rocks	被落石砸死了	action
was crushed under a collapsing ceiling	被坍塌的顶板压死了	action
died after colliding with an obstacle	撞上障碍物后死亡	action
succumbed to infection	因感染而死	action
was killed by a trap	死于陷阱	action
was killed by a vehicle	被车辆撞死了	action
was killed by a flying object	被飞来的物体击杀了	action
was struck down	被击杀	action
was shot and killed	被射杀了	action
was hacked to pieces	被砍成了碎块	action
was executed	被处决了	action
was beheaded	被斩首了	action
was crucified	被钉死在十字架上	action
was buried alive	被活埋了	action
was left out in the air	被丢在空气中窒息而死	action
was drowned	被溺死了	action
was burned alive	被活活烧死了	action
was fed to beasts	被拿去喂了野兽	action
was slaughtered	被屠杀了	action
was scuttled	被凿沉了	action
was drained of blood	被吸干了血	action
was murdered	被谋杀了	action
was put to rest	亡魂得到了安息	action
was impaled on spikes	被尖刺刺穿了	action
was scared to death	被吓死了	action
leapt from a great height	从高处跳下身亡	action
, who bled to death	，最终失血而死	clause
, who suffocated	，最终窒息而死	clause
, slain by {a}	，被{a}杀害	clause
, struck down by {a}	，被{a}击杀	clause
after an attack by {a}	在遭到{a}袭击之后	clause
, after the death strike by {a}	，在受到{a}的致命一击之后	clause
against an obstacle, causing immediate death	撞上障碍物，当场死亡	clause

# Settlements, government, construction, migration and careers.
founded {p}	建立了{p}	action
# World-map site news: all three names are generated fields, not saved-world literals.
a group calling itself {p} founded {p} after a long journey from the lands of {p}	自称{p1}的势力从{p3}的领土长途跋涉而来，建立了{p2}	event
constructed {p}	建造了{p}	action
rebuilt {p}	重建了{p}	action
finished the construction of {p}	完成了{p}的建造	action
thrust a spire of slade up from the underworld, naming it {p}, and established a gateway between worlds	从地下世界升起一座基岩尖塔，将其命名为{p}，并建立了世界之间的通道	action
replaced {p} with {p}	以{p2}取代了{p1}	action
abandoned the settlement of {p}	放弃了{p}聚落	action
launched an expedition to reclaim {p}	发动了收复{p}的远征	action
declared {p} to be a holy city	宣布{p}为圣城	action
toppled the government of {p}	推翻了{p}的政府	action
toppled the government of {a}	推翻了{a}的政府	action
# Native coup builder 0x140b79d20 selects either accession action, then
# appends the same optional "in {p}" and mandatory period. Compile both
# complete endings through action so the place stays attached to accession.
assumed control	掌握了统治权	action
placed {a} in power	扶植{a}掌权	action
laid a series of oppressive edicts upon {p}	对{p}颁布了一系列苛政	action
lifted numerous oppressive laws from {p}	废除了施加于{p}的众多苛法	action
enacted a series of oppressive laws	颁布了一系列苛法	action
repealed numerous oppressive laws	废除了众多苛法	action
became the primary criminal organization	成为了主要犯罪组织	action
began operating at the direction of {a}	开始受{a}指挥行事	action
formed	成立了	action
dissolved	解散了	action
withered	衰亡了	action
joined with {p}	与{p}联合了	action
fully incorporated into {p}	完全并入了{p}	action
settled in {p}	定居在{p}	action
visited {p}	造访了{p}	action
fled to {p}	逃往了{p}	action
fled into {p}	逃进了{p}	action
fled from {p}	逃离了{p}	action
departed to {p}	动身前往{p}	action
returned to {p}	返回了{p}	action
escaped from {p}	逃出了{p}	action
made a journey to {p}	前往了{p}	action
moved to {p}	迁往了{p}	action
moved to study in {p}	搬到{p}求学	action
began wandering {p}	开始在{p}游荡	action
began hunting great beasts	开始猎杀巨兽	action
became a {s}	成为了{s}	action
became an {s}	成为了{s}	action
gave up being a {s}	放弃了{s}的身份	action
gave up being an {s}	放弃了{s}的身份	action
gave up being a {s} to become a {s}	放弃了{s1}的身份，成为了{s2}	action
gave up being a {s} to become an {s}	放弃了{s1}的身份，成为了{s2}	action
gave up being an {s} to become a {s}	放弃了{s1}的身份，成为了{s2}	action
gave up being an {s} to become an {s}	放弃了{s1}的身份，成为了{s2}	action
stopped being a {s}	不再担任{s}	action
ceased to be a {s}	不再担任{s}	action
started working at {p}	开始在{p}工作	action
stopped working at {p}	停止在{p}工作	action
started hanging out at {p}	开始在{p}消磨时光	action
stopped hanging out at {p}	不再到{p}消磨时光	action
took up residence in {p}	在{p}住了下来	action
took up residence	住了下来	action
laired within {p}	在{p}筑巢	action
was imprisoned in {p}	被囚禁在{p}	action
moved out of {p}	搬离了{p}	action
stopped ruling from {p}	不再以{p}为统治中心	action
left the service of {p}	不再为{p}效力	action
made peace with {p}	与{p}讲和了	action
{p} could be found within {p}	{p1}位于{p2}之内	event
{p}, an insurrection, began in {p}	{p2}爆发了名为{p1}的起义	event
{p} crushed the insurrection in {p}	{p1}镇压了{p2}的起义	event
ended with the disappearance of the rebelling population	以起义民众的消失告终	clause
under the leadership of {n}	在{n}的领导下	clause
# Incorporation keeps the native subject, target, optional site and leader
# in one sentence; the final English adjunct precedes the Chinese predicate.
{a} began operating at the direction of {a} under the leadership of {n}	{a1}在{n}的领导下开始受{a2}指挥行事	clause
{a} began operating at the direction of {a} at {p} under the leadership of {n}	{a1}在{n}的领导下，于{p}开始受{a2}指挥行事	clause
{a} fully incorporated into {p} under the leadership of {n}	{a}在{n}的领导下完全并入了{p}	clause
{a} fully incorporated into {p} at {p} under the leadership of {n}	{a}在{n}的领导下，于{p2}完全并入了{p1}	clause
at the settlement of {p}	在{p}聚落	clause
as a part of {p}	作为{p}的一部分	clause
connecting {p} and {p}	连接{p1}和{p2}	clause
and established a gateway between worlds	并建立了世界之间的通道	clause
The support of {a} was crucial to the coup.	{a}的支持对政变起了关键作用。	clause

# Relationships, religion, citizenship, imprisonment and intrigue.
became infatuated with {n}	迷恋上了{n}	action
held a deep hatred of {n}	深深仇恨着{n}	action
formed a grudge against {n}	对{n}怀恨在心	action
became romantically involved with {n}	与{n}相恋了	action
ended the romantic relationship with {n}	结束了与{n}的恋情	action
formed a false friendship with {n}	与{n}建立了虚假的友谊	action
gave birth to {n}	生下了{n}	action
sired {n}	成为了{n}的生父	action
was born to {n}	出生了，其母为{n}	action
was sired by {n}	的生父是{n}	action
received the worship of {a}	受到了{a}的崇拜	action
began worshipping {n}	开始崇拜{n}	action
lost the worship of {a}	不再受到{a}的崇拜	action
lost faith in {n}	不再信奉{n}	action
became the master of {n}	成为了{n}的师傅	action
began an apprenticeship under {n}	拜{n}为师	action
was denied an apprenticeship under {n}	拜{n}为师的请求遭到了拒绝	action
ceased being the apprentice of {n}	不再是{n}的学徒	action
ceased being the master of {n}	不再是{n}的师傅	action
began traveling with {n}	开始与{n}结伴旅行	action
stopped traveling with {n}	不再与{n}结伴旅行	action
became the owner of {a}	成为了{a}的主人	action
became the pet of {n}	成为了{n}的宠物	action
became the parent of {n}	成为了{n}的父母	action
was abducted by {a}	被{a}绑架了	action
was enslaved by {a}	被{a}奴役了	action
was imprisoned by {a}	被{a}囚禁了	action
was no longer imprisoned by {a}	不再被{a}囚禁	action
was brought to the justice of {p}	被交由{p}审判	action
escaped from the slavery of {p}	逃脱了{p}的奴役	action
escaped from the prisons of {p}	逃出了{p}的监狱	action
expelled {a}	驱逐了{a}	action
recruited {a}	招募了{a}	action
ransomed {n}	赎回了{n}	action
was sent to {p}	被送到了{p}	action
sold {n} to {p}	将{n}卖给了{p}	action
persecuted {a}	迫害了{a}	action
sabotaged the activities of {p}	破坏了{p}的活动	action
was recognized and arrested	被认出并逮捕了	action
was arrested	被逮捕了	action
was released	被释放了	action
implicated {n}	供出了{n}	action
attempted to frame {n}	试图诬陷{n}	action
fooled {a} into believing {n} was {n}	欺骗了{a}，使其相信{n1}就是{n2}	action
assumed the identity {n}	冒用了{n}的身份	action
# Named false identities can include species, profession and organization.
# Native Windows formatter 0x140c3a590 emits the quotes and both articles.
# Keep this grammar inside the identity field; ordinary personal epithets
# containing "of" must not be mistaken for an organization's membership.
"{n}"	“{n}”	identity
the {s} the {s} {n} of {p}	{p}的{s1}{s2}·{n}	identity
the {s} the {s} {n}	{s1}{s2}·{n}	identity
# Map unit captions omit the second article before the profession.
# Species and office stay separate typed fields; names use the shared grammar.
the {s} {s} {n} of {p}	{p}的{s1}{s2}·{n}	identity
the {s} {s} {n}	{s1}{s2}·{n}	identity
the {s} {n} of {p}	{p}的{s}·{n}	identity
the {s} {n}	{s}·{n}	identity
{n} of {p}	{p}的{n}	identity
a {s} {s} of {p}	{p}的{s1}{s2}	identity
a {s} {s}	{s1}{s2}	identity
a {s} of {p}	{p}的{s}	identity
a {s}	{s}	identity
an {s} {s} of {p}	{p}的{s1}{s2}	identity
an {s} {s}	{s1}{s2}	identity
an {s} of {p}	{p}的{s}	identity
an {s}	{s}	identity
a secret identity	秘密身份	identity
# A generated alias without species/profession keeps its title-name wording.
assumed the identity "{p}"	化名为“{p}”	action
was bent toward supernatural vengeance upon {n}	执意以超自然力量向{n}复仇	action
{n} and {n} became childhood friends	{n1}与{n2}成为了童年好友	event
{n} and {n} became friends	{n1}与{n2}成为了朋友	event
{n} and {n} became lovers	{n1}与{n2}成为了爱人	event
until {d}	截至第{d}年	clause
{n} and {n} broke up	{n1}与{n2}分手了	event
{n} and {n} developed a business rivalry	{n1}与{n2}成为了商业对手	event
{n} and {n} developed an athletic rivalry	{n1}与{n2}成为了竞技对手	event
{n} and {n} cemented a bond of friendship amidst the horror of combat	{n1}与{n2}在惨烈战斗中结下了深厚友谊	event
in order to extract information	以套取情报	clause
After being interrogated	经过审讯后	clause
Despite the interrogation	尽管受到了审讯	clause
at the behest of {a}	受{a}指使	clause
with fabricated evidence	利用伪造的证据	clause
through the machinations of {a}	通过{a}的阴谋	clause
and sentenced to death	并被判处死刑	clause
and exiled	并被流放	clause
sentenced to {d} hammerstrokes	被判处{d}次锤刑	clause
sentenced to {d} months	被判处{d}个月监禁	clause
sentenced to {d} years	被判处{d}年监禁	clause
during interrogation	在审讯期间	clause
due to persecution	由于受到迫害	clause
due to religious persecution	由于受到宗教迫害	clause
Several people were expelled	数人遭到驱逐	statement
A few people were expelled	少数人遭到驱逐	statement
Somebody was expelled	有人遭到驱逐	statement
Most property was confiscated	大部分财产被没收	statement

# Procedural interaction histories are NOT native event-catalogue literals.
# Installed generators/interactions/curse.lua:53-62, creatures.lua:1055-1100
# and interactions/secret.lua:312-320 provide paired IS_HIST_STRING_1 / _2.
# Translate each full pair with its target participant, not arbitrary text
# after "cursed"/"bit". The shared action compiler places the event location
# before the predicate and preserves subject/recipient links independently.
# Animal forms reuse {s}; vampire/ghoul identities keep the shared caste grammar.
# Native 0x140b78aca..0x140b78c03 also wraps these paired interaction strings
# with "the moment when", then appends location/date. Compile both forms
# together so artwork, written histories and Legends share the whole event.
# Its missing-source branch (0x140b78b05) uses the established "somebody"
# label as an anonymous participant, never as a generated personal name.
somebody	某人	term
cursed {a} to prowl the night in search of blood	诅咒了{a}，使其在夜间游荡觅血	interaction-action
consumed the tainted blood of {a} and was cursed	喝下了{a}受污染的血液，因此遭到诅咒	interaction-action
cursed {a} to assume the form of a {s}-like monster every full moon	诅咒了{a}，使其每逢满月便化为形似{s}的怪物	interaction-action
bit {a} passing on the {s} monster curse	咬了{a}，使其也受到{s}怪物的诅咒	interaction-action
infected {a} with a contagious ghoulish condition	使{a}染上了具有传染性的食尸鬼病症	interaction-action
bit {a}, passing on the ghoulish condition	咬了{a}，将食尸鬼病症传给了对方	interaction-action

# Trade, diplomacy, performances, artifacts and written works.
# Item detail prose uses the shared item/material table, never creature-name
# fallback. The native legendary summary uses "was" even for extant items.
{p} was a legendary {i}.	{p}是一件传奇的{i}。	clause
{b} was a legendary {i}.	《{b}》是一件传奇的{i}。	clause
This was a legendary {i}.	这是一件传奇的{i}。	clause
# The native item slot can contain a bare substance as well as a finished
# object. An English article does not establish a Chinese classifier; keep
# the existing material/item name without inventing a unit or an item type.
This is a {i}.	这是{i}。	clause
This is an {i}.	这是{i}。	clause
All craftsmanship is of the highest quality.	各处工艺均为最高品质。	clause
# Artifact power descriptions from vanilla_procedural's interactions/item_power.lua.
# Keep these whole sentences in the item/Legends prose namespace, not a
# separate material dictionary or global word-by-word replacement.
This item shimmers with frost.	这件物品闪烁着寒霜的光芒。	clause
Air swirls around this item.	气流在这件物品周围盘旋。	clause
This item feels sinister.	这件物品令人感到邪恶。	clause
This item feels prickly.	这件物品给人刺痛感。	clause
This item feels strangely still.	这件物品给人一种诡异的静止感。	clause
This item is unsettling.	这件物品令人不安。	clause
This item smells foul.	这件物品散发着恶臭。	clause
This item is difficult to look at.	这件物品令人难以直视。	clause
This item whistles quietly.	这件物品发出轻微的呼啸声。	clause
This item seems to spin in place.	这件物品似乎在原地旋转。	clause
The pages are blank.	书页是空白的。	clause
You have not read this book.	你还没有读过这本书。	clause
There used to be writing on the item.	这件物品上曾有文字。	clause
The handle is made from {s}.	握柄由{s}制成。	clause
The rollers are made from {s}.	卷筒由{s}制成。	clause
# Written artifact descriptions (native Linux builders 0xe70bb0/0xe71100).
# Page counts, titles and authors are independent typed captures. The title
# grammar already handles punctuation such as ", My Love"; never capture a
# book title as a personal name or encode a particular world's title here.
The written portion consists of a {d} page {s} entitled {b}, authored by {n}.	文字部分为{n}撰写的{s}《{b}》，共{d}页。	clause
The written portion consists of a {d} page {s} entitled {b}.	文字部分为{s}《{b}》，共{d}页。	clause
The written portion consists of a {d} page untitled {s}, authored by {n}.	文字部分为{n}撰写的无题{s}，共{d}页。	clause
The written portion consists of a {d} page untitled {s}.	文字部分为无题{s}，共{d}页。	clause
The written portion consists of nothing.	没有任何文字内容。	clause
Written on the item is a {s} entitled {b}, authored by {n}.	物品上写有{n}撰写的{s}《{b}》。	clause
Written on the item is an {s} entitled {b}, authored by {n}.	物品上写有{n}撰写的{s}《{b}》。	clause
Written on the item is a {s} entitled {b}.	物品上写有{s}《{b}》。	clause
Written on the item is an {s} entitled {b}.	物品上写有{s}《{b}》。	clause
Written on the item is an untitled {s}, authored by {n}.	物品上写有{n}撰写的无题{s}。	clause
Written on the item is an untitled {s}.	物品上写有无题{s}。	clause
# The scroll writer can print the work genre without an indefinite article.
Written on the item is {s} entitled {b}, authored by {n}.	物品上写有{n}撰写的{s}《{b}》。	clause
Written on the item is {s} entitled {b}.	物品上写有{s}《{b}》。	clause
Written on the item is untitled {s}, authored by {n}.	物品上写有{n}撰写的无题{s}。	clause
Written on the item is untitled {s}.	物品上写有无题{s}。	clause
# Work forms live only in the description namespace: a play is 戏剧 here,
# not the global Play button's 游玩; essay/poem retain the reviewed senses.
guide	指南	description
manual	手册	description
chronicle	编年史	description
short story	短篇小说	description
novel	小说	description
biography	传记	description
autobiography	自传	description
poem	诗	description
play	戏剧	description
letter	信	description
essay	论文	description
dialog	对话录	description
musical composition	乐曲	description
choreography	编舞	description
comparative biography	比较传记	description
biographical dictionary	人物辞典	description
genealogy	家谱	description
encyclopedia	百科全书	description
cultural history	文化史	description
cultural comparison	文化比较	description
alternate history	架空历史	description
treatise on technological evolution	技术演变论著	description
dictionary	词典	description
star chart	星图	description
star catalogue	星表	description
atlas	地图集	description
# The native subject formatter emits a site type before its generated name.
# One-word types use the shared term table. These multiword productions keep
# the existing world-site vocabulary, without misreading "retreat" as a name.
It concerns the forest retreat {p}.	内容涉及森林聚落{p}。	clause
It concerns the mountain halls {p}.	内容涉及山地大厅{p}。	clause
It concerns the dark fortress {p}.	内容涉及黑暗要塞{p}。	clause
It concerns the important location {p}.	内容涉及重要地点{p}。	clause
It concerns the {s} {p}.	内容涉及{s}{p}。	clause
# Lower-case subject types reuse the reviewed world-site labels. The global
# title-cased UI literals are case-sensitive, so do not rely on a generic
# compositional fallback to find them inside these description captures.
hamlet	村庄	description
town	城镇	description
hillocks	丘堡	description
pits	深坑	description
labyrinth	迷宫	description
lair	巢穴	description
shrine	圣地	description
tower	高塔	description
monastery	修道院	description
fort	堡垒	description
castle	城堡	description
camp	营地	description
tomb	陵墓	description
vault	秘库	description
monument	纪念碑	description
site	地点	description
palace	宫殿	description
dungeon	地牢	description
It concerns {p}.	内容涉及{p}。	clause
It concerns {n}.	内容涉及{n}。	clause
It concerns the lineage of {n}.	内容涉及{n}的家系。	clause
# Written historical subjects keep the complete event, place and year. The
# nested event uses the same reviewed title grammar as Legends and artwork.
It concerns {e} in {d}.	内容涉及{d}年的{e}。	clause
It concerns {e}.	内容涉及{e}。	clause
The artwork relates to {e}.	图案描绘的历史事件是：{e}。	clause
The work has no particular subject.	这部作品没有特定主题。	clause
The work has a single chapter.	这部作品只有一章。	clause
The work has {d} chapters.	这部作品共{d}章。	clause
The work has {c} chapters.	这部作品共{c}章。	clause
# The native style builder (0xe66120) selects one or two predicates, joining
# them with "and it" or "yet it" (0xe6f720). Keep all quality-dependent
# alternatives scoped to descriptions, never global word replacements.
The writing {s} and it {s}.	文风{s1}，并且{s2}。	clause
The writing {s} yet it {s}.	文风{s1}，但又{s2}。	clause
The writing {s}.	文风{s}。	clause
has its moments of cleverness	偶有巧思	description
tumbles out almost as a rant at times	时而倾泻而出，几近咆哮	description
takes frequent interesting tangents	常常引出有趣的旁枝话题	description
is fairly cheerful	颇为欢快	description
has a touch of melancholy	略带忧郁	description
is organized	条理清楚	description
is reasonably serious	比较严肃	description
has some particularly crisp changes in topic	有些话题转换尤为干脆利落	description
has rare but particularly exquisite turns of phrase	偶有极为精妙的措辞	description
is forceful	有力	description
has a touch of humor	略带幽默	description
manages an artful inclusion here and there of childish material	偶尔巧妙融入童稚的内容	description
contains some asides related to the author's preferences	夹有一些关于作者个人喜好的题外话	description
shows a hint of tenderness	稍带温柔	description
gives a feeling of compassion here and there	不时流露出同情之心	description
has a hint of viciousness to it	稍显刻薄	description
is fairly crisp	颇为简练	description
contains the occasional biting remark	偶有尖刻之语	description
is a bit immature	略显幼稚	description
occasionally changes topic abruptly	偶尔突然转换话题	description
is somewhat self-indulgent	有些自我陶醉	description
gets off track from time to time	不时偏离主题	description
is somewhat showy	有些浮华	description
is a bit stiff	略显生硬	description
tries and fails to be funny at times	有时试图逗趣却未能奏效	description
descends to a rant in places	有些地方沦为咆哮	description
is a pit of bitter scorn	充满尖酸的嘲讽	description
is a monument to concision	堪称简洁的典范	description
is completely serious	完全严肃	description
overflows with sadness	满溢悲伤	description
bubbles over with cheerfulness	洋溢着欢快	description
is a reservoir of amusingly clever quips	妙语连珠，诙谐风趣	description
is as vicious as can be	刻薄到了极点	description
is clear evidence of a compassionate being	充分流露出作者的同情之心	description
could only have been produced by a merciful spirit	只有仁慈之心才能写就	description
drives forward relentlessly	一往无前，毫不停歇	description
is quite cruel	相当残酷	description
is quite touching	颇为动人	description
is quite cheerful	相当欢快	description
has a very serious tone	基调十分严肃	description
is full of force	充满力量	description
is very compassionate	极富同情心	description
is very concise	十分简洁	description
is depressing	令人沮丧	description
is refreshingly witty	机智风趣，令人耳目一新	description
is quite mocking in tone	语气颇为嘲弄	description
indulges the author's every whim	纵容作者的每一个奇想	description
is utterly disjointed	完全支离破碎	description
is stunningly self-indulgent	自我陶醉得令人咋舌	description
hopelessly meanders	漫无边际，不知所云	description
is excessively ornate	过分华丽	description
is thoroughly mechanical	完全机械呆板	description
is littered with terrible jokes inartfully told	充斥着拙劣讲述的糟糕笑话	description
is a completely unhinged rant	完全是失去理智的咆哮	description
is thoroughly organized	条理极为清晰	description
is an awe-inspiring wild rant	如狂烈的咆哮，令人震撼	description
rapidly shifts between topics	在话题间快速跳转	description
is a comedy treasure trove	堪称喜剧宝库	description
artfully flashes through seemingly disjoint topics	巧妙地穿梭于看似无关的话题之间	description
uses only artful words and phrases selected with care	字斟句酌，措辞精妙	description
is artfully suffused with what would otherwise be childish and immature material	巧妙地融入了原本会显得幼稚的内容	description
is absolutely puerile	幼稚至极	description
contains a deft use throughout of what might be considered immature material	通篇巧妙运用了可能被视为幼稚的内容	description
is very childish	非常幼稚	description
breaks sharply between topics with regularity	频繁生硬地转换话题	description
is throughout ornate and refined	通篇华美精致	description
moves quickly from subject to subject	迅速从一个主题转向另一个主题	description
is quite humorous	相当幽默	description
is clearly organized	条理分明	description
careens forward as a rant	如咆哮般横冲直撞	description
has poorly-executed humor	幽默表现拙劣	description
is a rant more or less	几乎就是一通咆哮	description
is quite florid	辞藻相当华丽	description
is very rigid	十分僵硬	description
is quite self-indulgent	相当自我陶醉	description
meanders somewhat	有些漫无边际	description
artfully indulges the author's fancies	巧妙地放任作者的奇思妙想	description
skips around a lot	频繁跳跃	description
# Complete quality sentences, including the native guide/atlas prose branch.
Overall, the prose is masterful.	总体而言，行文堪称杰作。	clause
Overall, the prose is splendid.	总体而言，行文十分出色。	clause
Overall, the prose is great.	总体而言，行文优秀。	clause
Overall, the prose is passable.	总体而言，行文尚可。	clause
Overall, the prose is not awful, but not very good either.	总体而言，行文不算糟糕，但也不太好。	clause
Overall, the prose is amateurish at best.	总体而言，行文充其量只有业余水平。	clause
Overall, the information is compiled masterfully.	总体而言，资料编纂堪称杰作。	clause
Overall, the splendid source of information.	总体而言，这是极为出色的资料来源。	clause
Overall, this is a great source of information.	总体而言，这是优秀的资料来源。	clause
Overall, this is a good source of information.	总体而言，这是良好的资料来源。	clause
Overall, the information is not compiled very well.	总体而言，资料编纂得不太好。	clause
Overall, this is a terrible compilation of information.	总体而言，这份资料汇编非常糟糕。	clause
Overall, the poetry is masterful.	总体而言，诗歌堪称杰作。	clause
Overall, the poetry is inspired.	总体而言，诗歌充满灵感。	clause
Overall, the poetry is great.	总体而言，诗歌优秀。	clause
Overall, the poetry is passable.	总体而言，诗歌尚可。	clause
Overall, the poetry is not awful, but not very good either.	总体而言，诗歌不算糟糕，但也不太好。	clause
Overall, the poetry is very, very bad.	总体而言，诗歌非常、非常糟糕。	clause
Overall, the composition is masterful.	总体而言，乐曲堪称杰作。	clause
Overall, the composition is inspired.	总体而言，乐曲充满灵感。	clause
Overall, the composition is great.	总体而言，乐曲优秀。	clause
Overall, the composition is passable.	总体而言，乐曲尚可。	clause
Overall, the composition is not awful, but not very good either.	总体而言，乐曲不算糟糕，但也不太好。	clause
Overall, the composition is atrocious.	总体而言，乐曲糟糕透顶。	clause
Overall, the choreography is masterful.	总体而言，编舞堪称杰作。	clause
Overall, the choreography is inspired.	总体而言，编舞充满灵感。	clause
Overall, the choreography is great.	总体而言，编舞优秀。	clause
Overall, the choreography is passable.	总体而言，编舞尚可。	clause
Overall, the choreography is not awful, but not very good either.	总体而言，编舞不算糟糕，但也不太好。	clause
Overall, the choreography is just terrible.	总体而言，编舞实在糟糕。	clause
# Native binding inscription (0x1ce5f69 / 0x1d07eca); all three identities
# remain variable and use the same name grammar as the rest of Legends.
The slab reads "I am {n}, {n}, once of the Underworld. By {n}, I bind myself to this place.".	石板上刻着：“我是{n1}，又名{n2}，曾来自地下世界。凭借{n3}之力，我将自身束缚于此地。”	clause
aided {a} in becoming a permanent part of the living world {s}	协助{a}永久留在生者的世界，{s}	action
aided {a} in becoming a permanent part of the living world	协助{a}永久留在生者的世界	action
that more might die	以使更多生灵死亡	history-adjunct
that more might be murdered	以使更多生灵遭到谋杀	history-adjunct
that war might rage forever	以使战火永不止息	history-adjunct
The ritual took place in {p} using {p}.	仪式在{p1}举行，使用了{p2}。	clause
The ritual involved {p}.	仪式使用了{p}。	clause
made contact with {p}	与{p}建立了联系	action
rejected contact with {p}	拒绝与{p}接触	action
voided all agreements with {p}	废除了与{p}的所有协议	action
lost a diplomat at {p}	在{p}损失了一名外交官	action
swore to support {p}	宣誓支持{p}	action
delivered tribute to {p}	向{p}运送了贡品	action
made a fortune gambling	赌博赢得了大笔财富	action
did well gambling	赌博赢了钱	action
lost a fortune gambling	赌博输掉了大笔财富	action
did poorly gambling	赌博输了钱	action
broke even gambling	赌博不输不赢	action
made a fortune trading	经商赚得了大笔财富	action
did well trading	经商获利了	action
lost a fortune trading	经商亏掉了大笔财富	action
did poorly trading	经商亏损了	action
broke even trading	经商不盈不亏	action
and went further into debt	并欠下了更多债务	clause
and went into debt	并欠下了债务	clause
and suffered great hardships	并历尽艰辛	clause
with a positive outcome	取得了积极的结果	clause
in an unsatisfactory fashion	结果并不令人满意	clause
in failure	以失败告终	clause
with miserable outcome	结果惨不忍睹	clause
{p} was hidden in {p} by {n}	{n}将{p1}藏在了{p2}	event
{p} was stored in {p}	{p1}被存放在{p2}	event
{p} was stored in {p} by {a}	{a}将{p1}存放在了{p2}	event
{p} was stored by {a}	{a}存放了{p}	event
{p} was acquired by {a}	{a}获得了{p}	event
{p} was inherited by {n}	{n}继承了{p}	event
{p} was offered to {a} by {n}	{n}将{p}献给了{a}	event
{p} was made a family heirloom by {n}	{n}将{p}定为传家宝	event
{p} was claimed by {a}	{a}宣称拥有{p}	event
# A remote claim places the claimant's remoteness before the predicate.
{p} was claimed by {a} from afar	{a}在远方宣称拥有{p}	event
{p} was claimed from afar	有人在远方宣称拥有{p}	event
{p} was sanctified by {a}	{a}将{p}奉为圣物	event
{p} was created by {n}	{n}创造了{p}	event
# Creation names the physical artifact; book titles and other artifact names
# share this wording even when the book resolver uses its generated-name fallback.
{b} was created in {p} by {n}	{n}在{p}创造了{b}	event
{p} was created in {p} by {n}	{n}在{p2}创造了{p1}	event
{b} was authored by {n}	{n}撰写了《{b}》	event
{b} was authored by {n} in {p}	{n}在{p}撰写了《{b}》	event
# Authoring for a named figure's glory keeps the motive before the verb.
{b} was authored by {n} in order to glorify {a}	{n}为了颂扬{a}而撰写了《{b}》	clause
{b} was authored by {n} in {p} in order to glorify {a}	在{p}，{n}为了颂扬{a}而撰写了《{b}》	clause
# The typed {s} field retains the complete ordinary/temple prayer clause.
{b} was authored by {n} in order to glorify {a} after {s}	{n}{s}，为了颂扬{a}而撰写了《{b}》	clause
{b} was authored by {n} in {p} in order to glorify {a} after {s}	在{p}，{n}{s}，为了颂扬{a}而撰写了《{b}》	clause
{p} received its name	{p}获得了自己的名字	event
# The naming person/entity follows the optional site, before the motivation.
# A person and entity may name it together; retain both participant links.
# Keep all roles in one predicate so "from" denotes the giver of the name.
{p} received its name from {a}	{a}为{p}命名	event
{p} received its name in {p} from {a}	{a}在{p2}为{p1}命名	event
{p} was destroyed by {a}	{p}被{a}摧毁了	event
{p} was destroyed	{p}被摧毁了	event
{p} was lost	{p}遗失了	event
{p} was found by {a}	{a}找到了{p}	event
{p} was found	{p}被找到了	event
{p} was looted by {a}	{a}掠走了{p}	event
{p} was recovered by {a}	{a}找回了{p}	event
{p} was dropped by {n}	{n}丢弃了{p}	event
{p} was stolen from {p} by {a} during {e} and brought to {p}	在{e}期间，{a}从{p2}偷走了{p1}，并将其带到{p3}	event
{p} was stolen from {p} by {a} during {e}	在{e}期间，{a}从{p2}偷走了{p1}	event
made a copy of the original {b}	抄写了《{b}》的原本	action
acquired a copy of {b}	获得了《{b}》的抄本	action
, keeping it within {p}	，并将其保存在{p}	clause
held a dance	举行了舞会	action
held a concert	举行了音乐会	action
held a poetry recital	举行了诗歌朗诵会	action
held a story recital	举行了故事讲述会	action
held a recital of {b}	举行了《{b}》的朗诵会	action
held a performance of {b}	举行了《{b}》的表演	action
held a performance	举行了表演	action
# A story can be the main performance, not just a ceremony's feature.
# Preserve the story's year separately from the outer event date/location.
held the story of the ascension of {n} to the position of {s} of {p} in {d}	讲述了{n}于{d}年就任{p}{s}的故事	action
held the story of the ascension of {n} to the position of {s} of {p}	讲述了{n}就任{p}{s}的故事	action
# Native competition catalogue: dwarfort .rodata 0x1ce5303-0x1ce5439.
# The throwing implement uses the shared item vocabulary (e.g. spear=矛),
# and artistic forms use the same title field as recitals/performances.
held a competition involving {b}	举行了以《{b}》为内容的比赛	action
held a dance competition	举行了舞蹈比赛	action
held a music competition	举行了音乐比赛	action
held a poetry competition	举行了诗歌比赛	action
held a foot race	举行了赛跑	action
held a flying race	举行了飞行比赛	action
held a wrestling competition	举行了摔跤比赛	action
held a {i} throwing competition	举行了{i}投掷比赛	action
held an {i} throwing competition	举行了{i}投掷比赛	action
held a gladiatory competition	举行了角斗比赛	action
held a procession	举行了游行	action
held a ceremony	举行了仪式	action
there was a performance	举行了一场表演	event
there was a competition	举行了一场比赛	event
there was a procession	举行了一场游行	event
there was a ceremony	举行了一场仪式	event
There were {c} competitors	共有{c}名参赛者	event
# Lists can span rows and contain more than two independent person links.
# Reuse participant relations rather than capturing a whole list as one name.
Competing were {a}	参赛者有{a}	event
Victory was spread among {c} winners	共有{c}名参赛者共同获得了胜利	event
{n} was the victor	{n}获得了胜利	event
The victory was shared by {n} and {n}	{n1}与{n2}共同获得了胜利	event
The victory was shared by {a}	{a}共同获得了胜利	event
# Native Windows DF route continuation (file offset 0x16de7d0). A circuit
# keeps one origin capture; the following feature list uses the same grammar
# as ceremonies, regardless of its order or the generated celebration name.
It started at {p} and returned there after following its route	从{p}出发，沿游行路线行进后返回起点	event
It started at {p} and ended at {p}	从{p1}出发，在{p2}结束	event
It started at {p}	从{p}出发	event
It ended at {p}	在{p}结束	event
as part of {e}	作为{e}的一部分	clause
as part of {e}.	作为{e}的一部分。	clause
# Typed occasion events qualify the location by its host and place the
# occasion name before the existing activity predicate, without a suffix.
Native history occasion {a} {s} as part of {e}	{a}在{e}中{s}	clause
Native history occasion {s} as part of {e}	在{e}中{s}	clause

# Site ceremonies append a second sentence containing a variable feature
# list. Keep each program item independent of order/count and each story's
# person, office, entity and year in typed fields across colored links/rows.
# Fixed feature catalogue: installed dwarfort .rodata 0x1de29d0 onward.
The event featured	活动内容包括	clause
# Windows feature formatter 0x140d3bea0 also references strings outside the
# Legends event block. Raw animals have no prefix; the shared parser admits
# their complete species/caste term only at a feature-list item boundary.
mounted {s}	骑乘{s}	clause
images of {n}	{n}的影像	clause
the carrying of {s}	携带{s}	clause
the scattering of {s}	撒播{s}	clause
the giving of {i}	赠送{i}	clause
# Sacrifices can be material/item descriptions, species/castes, or plants.
the sacrifice of {i}	献祭{i}	clause
the sacrifice of {s}	献祭{s}	clause
animals	动物	term
plants	植物	term
a performance	表演	title
the performance	表演	title
the story of {e}	{e}的故事	title
a procession	游行	title
a ceremony	仪式	title
a telling of the story of the ascension of {n} to the position of {s} of {p} in {d}	讲述{n}于{d}年就任{p}{s}的故事	clause
a telling of the story of the ascension of {n} to the position of {s} of {p}	讲述{n}就任{p}{s}的故事	clause
a recital of {b}	《{b}》的朗诵	title
a performance of {b}	《{b}》的表演	title
a poetry recital	诗歌朗诵	title
storytelling	讲故事	term
banners	旗帜	term
images	影像	term
a moving performance stage	移动舞台	term
criers in front	前方的传令员	term
an order of precedence	礼仪位次	term
flowers	花	term
acrobats	杂技演员	term
incense burning	焚香	term
costumes	服装	term
candles	蜡烛	term

# Moods, resurrection, learning, dreams and career changes.
was taken by a fey mood	陷入了古怪心境	action
withdrew from society	退出了社会交往	action
was possessed	被附身了	action
began to skulk and brood	开始鬼祟地徘徊，阴森地沉思	action
was taken by a fell mood	陷入了残暴心境	action
was striken by melancholy	陷入了忧郁	action
became crazed	发疯了	action
went berserk	陷入了狂暴	action
stopped responding to the outside world	不再对外界作出反应	action
came back from the dead	死而复生了	action
was brought back from the dead by {n}	被{n}复活了	action
was disturbed from eternal rest by {n}	被{n}惊扰了永恒的安眠	action
independently discovered {s}	独立发现了{s}	action
was the very first to discover {s}	最早发现了{s}	action
# Native learning sources are named books/artifacts, or unnamed item
# descriptions, not people. Teachers use their separate teaching branch.
# Do not impose book punctuation on an artifact such as an inscribed slab.
learned {s} from {b}	从{b}中学会了{s}	action
learned {s} from {i}	从{i}中学会了{s}	action
# The installed secret generator supplies this complete IS_NAME; keep its
# internal conjunction inside one scoped knowledge term.
the secrets of life and death	生死秘密	term
# Slab writing capitalizes the stored IS_NAME; the quoted item-description
# capture resolves this complete inscription through the same term grammar.
The secrets of life and death	生死秘密	term
Untitled	无题	term
performed horrible experiments	进行了可怕的实验	action
began dreaming of starting a family	开始梦想组建家庭	action
came to desire to rule the world	开始渴望统治世界	action
began dreaming of making a great discovery	开始梦想作出伟大的发现	action
began dreaming of creating a great work of art	开始梦想创作伟大的艺术品	action
began dreaming of crafting a masterwork	开始梦想制作杰作	action
began dreaming of bringing peace to the world	开始梦想为世界带来和平	action
began dreaming of becoming a legendary warrior	开始梦想成为传奇战士	action
began dreaming of mastering a skill	开始梦想精通一门技艺	action
began dreaming of falling in love	开始梦想坠入爱河	action
began dreaming of seeing the great natural wonders of the world	开始梦想见识世界的自然奇观	action
began dreaming of attaining rank in society	开始梦想获得社会地位	action
came to desire to bathe the world in chaos	开始渴望让世界陷入混乱	action
became obsessed with an inscrutable goal	开始执着于一个难以理解的目标	action

# Reasons and adjuncts are scoped clauses, never global word replacements.
for an insurrection	为了发动起义	history-adjunct
to adventure	为了冒险	history-adjunct
in order to be rescued	为了获救	history-adjunct
on a whim	出于一时兴起	history-adjunct
in order to find a relative	为了寻找亲人	history-adjunct
to help with a rescue	为了协助救援	history-adjunct
due to insufficient work	由于工作不足	history-adjunct
to request work	为了寻找工作	history-adjunct
after leaving the site	在离开地点后	history-adjunct
after a violent disagreement	在发生激烈争执后	history-adjunct
after adoption	在被收养后	history-adjunct
in order to eradicate beasts	为了消灭野兽	history-adjunct
in order to entertain people	为了娱乐众人	history-adjunct
in order to study	为了学习	history-adjunct
in order to flee	为了逃亡	history-adjunct
in order to become a citizen	为了成为公民	history-adjunct
due to jealousy	出于嫉妒	history-adjunct
due to a lack of performances	由于缺少表演	history-adjunct
out of curiosity	出于好奇	history-adjunct
to fill a role as a mercenary	为了担任佣兵	history-adjunct
to fill a role as a performer	为了担任表演者	history-adjunct
to fill a role as a scholar	为了担任学者	history-adjunct
in order to drink	为了喝酒	history-adjunct
in order to pray	为了祈祷	history-adjunct
in order to relax	为了放松	history-adjunct
to experience danger	为了体验危险	history-adjunct
due to lack of sleep	由于睡眠不足	history-adjunct
after being trapped in a cage	在被困于笼中后	history-adjunct
after a great deal of stress	在承受巨大压力后	history-adjunct
due to fear of death	由于惧怕死亡	mortality-history-adjunct
due to fear of persecution	由于害怕遭到迫害	history-adjunct
to gather information	为了收集情报	history-adjunct
in order to find sanctuary	为了寻求庇护	history-adjunct
due to a lack of funds	由于缺少资金	history-adjunct
after the death of {n}	在{n}死后	history-adjunct
after praying to {n}	在向{n}祈祷后	history-adjunct
after dreaming of {n}	在梦见{n}后	history-adjunct
after a dream	在做了一场梦后	history-adjunct
after a nightmare	在做了一场噩梦后	history-adjunct
after defeating {a}	在击败{a}后	history-adjunct
after abducting {n}	在绑架{n}后	history-adjunct
after murdering {n}	在谋杀{n}后	history-adjunct
after acquiring {p}	在获得{p}后	history-adjunct
after a scholarly lecture in {p}	在{p}听了一场学术讲座后	history-adjunct
after a performance in {p}	在{p}观看表演后	history-adjunct
after embezzling funds	在挪用资金后	history-adjunct
in order to be brought to safety	为了被带到安全之地	history-adjunct
after going the wrong direction	在走错方向后	history-adjunct
after arriving at the location	在抵达目的地后	history-adjunct
after being reunited with a loved one	在与挚爱之人重聚后	history-adjunct
in order to make a living as a warrior	为了以战士身份谋生	history-adjunct
in order to pursue scholarship	为了从事学术研究	history-adjunct
in order to be with the master	为了陪伴师傅	history-adjunct
in order to continue working alone	为了继续独自工作	history-adjunct
in order to admire architecture	为了欣赏建筑	history-adjunct
after being unable to find an artifact	在未能找到造物后	history-adjunct
after failing to create an artifact	在制造造物失败后	history-adjunct
as part of a trade negotiation	作为贸易谈判的一部分	history-adjunct
in order to cement the bonds of friendship	为了巩固友谊	history-adjunct
after taking heavy losses in battle	在战斗中遭受重创后	history-adjunct
due to a shared scholarly interest	由于共同的学术兴趣	clause
due to a shared artistic interest	由于共同的艺术兴趣	clause
as the latter prefers to work alone	因为后者更喜欢独自工作	clause
once more	再次	clause
through the efforts of {n}	经由{n}的努力	clause

# Event titles, section labels, pronouns and unknown identities.
The Pillaging of {p}	{p}劫掠事件	title
The Conquest of {p}	征服「{p}」	title
The Destruction of {p}	{p}毁灭事件	title
The Raid of {p}	{p}袭击事件	title
The Battle of {p}	{p}之战	title
The Assault on {p}	{p}攻袭事件	title
The Insurrection in {p}	{p}起义	title
The Purge in {p}	{p}清洗事件	title
The Overthrow of {p}	{p}政权倾覆事件	title
The Persecution of {p}	对{p}的迫害	title
The Duel of {n} and {n}	{n1}与{n2}的决斗	title
The Surrender of {p}	{p}的投降	title
The Journey	旅程	title
The Journey of {n}	{n}的旅程	title
The Journey of {n} and {n}	{n1}与{n2}的旅程	title
The Abduction at {p}	{p}的绑架事件	title
The Abduction in {p}	{p}的绑架事件	title
The Abduction of {n} at {p}	{p}绑架{n}的事件	title
The Abduction of {n} in {p}	{p}绑架{n}的事件	title
The Attempted Abduction at {p}	{p}的绑架未遂事件	title
The Attempted Abduction in {p}	{p}的绑架未遂事件	title
The Attempted Abduction of {n} at {p}	{p}绑架{n}未遂的事件	title
The Attempted Abduction of {n} in {p}	{p}绑架{n}未遂的事件	title
The {s} Purge in {p}	{p}的{s}清洗事件	title
The Persecution of {p} in {p}	在{p2}对{p1}的迫害	title
The Overthrow of {p} in {p}	{p2}的{p1}政权倾覆事件	title
The Occasion	庆典	title
The Occasion of {p}	{p}庆典	title
# Collection +0x30 formatters (PE 53.16 RVA 0xbc6fd0/0xbc7270/
# 0xbc7780/0xbc79b0) share The [ordinal] ... [of occasion]. Their bare
# leaves differ from the article-prefixed event titles; Race means a race,
# not a creature's species. Keep them in the event-title namespace.
Occasion	庆典	title
Performance	表演	title
Dance Performance	舞蹈表演	title
Musical Performance	音乐表演	title
Poetry Recital	诗歌朗诵	title
Competition	比赛	title
Dance Competition	舞蹈比赛	title
Musical Competition	音乐比赛	title
Poetry Competition	诗歌比赛	title
Race	赛跑	title
Air Race	飞行竞赛	title
{s} Race	{s}赛跑	title
Wrestling Competition	摔跤比赛	title
{i} Throwing Competition	{i}投掷比赛	title
Gladiatory Games	角斗比赛	title
Procession	游行	title
Ceremony	仪式	title
Opening Ceremony	开幕仪式	title
Closing Ceremony	闭幕仪式	title
Main Ceremony	主要仪式	title
# Native collection fields select these composition rules. No rendered
# English title is parsed to recover the collection, its type or its roles.
Native history collection title of {p}	{p}	title
Native history collection {s} of {p}	{p}的{s}	title
Native history collection {s} Race	{s}赛跑	title
Related Artifacts	相关造物	term
Related Historical Events	相关历史事件	term
Related Historical Event Collections	相关历史事件集	term
Related Regions	相关区域	term
Related Underground Regions	相关地下区域	term
Related Structures	相关建筑	term
He	他	term
She	她	term
It	它	term
They	他们	term
he	他	term
she	她	term
it	它	term
they	他们	term
an unknown civilization	未知政权	term
an unknown site	未知地点	term
an unknown population	未知族群	term
an unknown building	未知建筑	term
an unknown peak	未知山峰	term
unknown lands	未知地域	term
an unknown secret	未知秘密	term
an unknown creature	未知生物	term

# Masterworks, buildings, encounters with structures and artifact displays.
constructed a masterful {i}	建造了杰作级的{i}	action
created a masterful {i}	制作了杰作级的{i}	action
prepared a masterful {i}	烹制了杰作级的{i}	action
masterfully dyed a {i}	以精湛技艺为{i}染了色	action
created a masterful engraving	创作了一幅杰作级雕刻	action
added a masterful image	添加了杰作级的图像	action
added a masterful covering	添加了杰作级的覆盖层	action
added masterful rings	添加了杰作级的圆环装饰	action
added masterful bands	添加了杰作级的镶条	action
added masterful spikes	添加了杰作级的尖刺	action
added a masterful handle	添加了杰作级的把手	action
added masterful rollers	添加了杰作级的滚轮	action
added a masterful rope	添加了杰作级的绳索	action
added a masterful chain	添加了杰作级的链条	action
made a masterful improvement	完成了杰作级的改良	action
added masterful thread	添加了杰作级的纺线装饰	action
added masterful cloth	添加了杰作级的布料装饰	action
wove a masterful sewn image	织出了一幅杰作级的刺绣图像	action
masterfully wrote {b}	以精湛笔法写下了《{b}》	action
created a masterful image set	创作了杰作级的系列图像	action
added masterful coloration	添加了杰作级的着色	action
created a masterful illustration	创作了一幅杰作级插图	action
attached a masterful instrument piece	安装了杰作级的乐器部件	action
had a dungeon constructed within {p}	在{p}内修建了地牢	action
had the fortifications improved of {p}	改善了{p}的防御工事	action
had a gated courtyard added to {p}	为{p}增建了有门的庭院	action
had a feast hall added to {p}	为{p}增建了宴会厅	action
profaned {p}	亵渎了{p}	action
disturbed {p}	惊扰了{p}	action
prayed inside {p}	在{p}内祈祷	action
viewed {p}	观赏了{p}	action
asked about {p}	询问了关于{p}的事情	action
breached {p}	突破了{p}	action
purchased {p}	买下了{p}	action
{i} was masterfully constructed by {n}	{n}以精湛技艺制作了{i}	event
{i} was prepared by {n}	{n}烹制了{i}	event
by melting	因被熔化	clause
by magma	因岩浆而毁	clause
during fortification carving	在雕刻防御工事时	clause
during mining	在采矿时	clause
by falling debris	因坠落的碎石而毁	clause
by growing vegetation	因植被生长而毁	clause
formerly owned by {n}	先前由{n}拥有	clause

# Native interrogation and framing branches (0x140b7ce60–0x140b7e5b2).
# A translated continuation alone cannot consume the person before it.
# Keep every interrogator, suspect and implicated person in typed fields.
was recognized and arrested by {a}	被{a}认出并逮捕了	action
was arrested by {a}	被{a}逮捕了	action
refused to reveal anything and was released	拒绝交代任何事情，随后被释放了	action
revealed nothing during interrogation	在审讯中没有交代任何事情	action
After being interrogated by {a}, {a} implicated {a}	经过{a1}审讯后，{a2}供出了{a3}	event
After being interrogated, {a} implicated {a}	经过审讯后，{a1}供出了{a2}	event
Despite the interrogation by {a}, {a} refused to reveal anything and was released	尽管受到{a1}审讯，{a2}仍拒绝交代任何事情，随后被释放了	event
Despite the interrogation, {a} refused to reveal anything and was released	尽管受到了审讯，{a}仍拒绝交代任何事情，随后被释放了	event
After enduring an interrogation by {a}, {a} was released	忍受{a1}的审讯后，{a2}被释放了	event
After enduring an interrogation, {a} was released	忍受审讯后，{a}被释放了	event
attempted to frame {a} for {s}	试图诬陷{a}犯有{s}	action
the failed attempt by {a} to frame {a} for {s}	{a1}试图诬陷{a2}犯有{s}却未得逞	title
the failed attempt by {a} at the behest of {a} to frame {a} for {s}	{a1}受{a2}指使，试图诬陷{a3}犯有{s}却未得逞	title
{e} by fooling {a} with fabricated evidence in {p}	在{p}利用伪造的证据欺骗{a}而进行的{e}	title

# Agreements, justice and collective religious actions.
accepted an offer of peace from {p}	接受了{p}的和平提议	action
rejected an offer of peace from {p}	拒绝了{p}的和平提议	action
concluded {s}	结束了{s}	action
{s} was made to {a} by {a}	{a2}向{a1}提出了{s}	event
{s} was accepted by {a}	{a}接受了{s}	event
{s} was rejected by {a}	{a}拒绝了{s}	event
preached to {a}	向{a}布道	action
, inveighing against {p}	，痛斥{p}	clause
, urging love be shown to {p}	，劝导众人关爱{p}	clause
in war if the latter did likewise	在战争中相互支持，条件是对方也如此行事	clause
After enduring an interrogation	忍受审讯后	clause
but did not reveal everything	但没有交代全部情况	clause
refused to reveal anything and was released	拒绝交代任何事情，随后被释放了	clause
with fabricated evidence, but nothing came of it	利用伪造的证据，但没有得逞	clause
after being recognized and arrested	在被认出并逮捕后	clause
due to ongoing surveillance as the plot unfolded	由于阴谋进行期间持续受到监视	clause
due to ongoing surveillance on {n}	由于对{n}持续进行监视	clause
as a go-between in a conspiracy to commit {s}	作为实施{s}的阴谋中的中间人	clause
and would have been imprisoned but for lack of accommodations	本应入狱，却因监狱没有空位而作罢	clause
and imprisoned for a term of {d} months	并被判处{d}个月监禁	clause
and imprisoned for a term of {d} years	并被判处{d}年监禁	clause
revealed nothing during interrogation	在审讯中没有交代任何事情	clause
confessed and wrongfully convicted {n} of {s}	认罪，并使{n}被错判犯有{s}	action
wrongfully convicted {n} of {s}	错误地判定{n}犯有{s}	action
convicted {n} of {s}	判定{n}犯有{s}	action
{n} was convicted of {s}	{n}被判定犯有{s}	event
{n} was wrongfully convicted of {s}	{n}被错判犯有{s}	event
with a thousand or more others	与另外至少一千人一同	clause
with five hundred or more others	与另外至少五百人一同	clause
with a hundred or more others	与另外至少一百人一同	clause
with dozens of others	与另外数十人一同	clause
with many others	与其他许多人一同	clause
with some others	与其他一些人一同	clause
# Linux 53.16 persecution aftermath: 0xa4888d-0xa49010. The native builder
# joins separate subjects with "and" and changes Some/Several to some/several
# for sacred sites (0xa48cd0-0xa48d18 vs 0xa48e92-0xa48eb5).
# statement retains each full clause in both positions without a global case
# change or treating its neutral population/site label as a generated name.
A thousand or more people were expelled	至少一千人遭到驱逐	statement
Five hundred or more people were expelled	至少五百人遭到驱逐	statement
A hundred or more people were expelled	至少一百人遭到驱逐	statement
Dozens of people were expelled	数十人遭到驱逐	statement
Several major structures were destroyed	数座主要建筑被摧毁	statement
Several sacred sites were desecrated	数处圣地遭到亵渎	statement
# A named exile precedes an optional companion-count suffix. Move the whole
# phrase before the expulsion, rather than leaving "was expelled, with ..."
# in English order. Every bound is inclusive, as expressed by "or more".
was expelled with a thousand or more others	与另外至少一千人一同被驱逐	action
was expelled with five hundred or more others	与另外至少五百人一同被驱逐	action
was expelled with a hundred or more others	与另外至少一百人一同被驱逐	action
was expelled with dozens of others	与另外数十人一同被驱逐	action
was expelled with many others	与其他许多人一同被驱逐	action
was expelled with some others	与其他一些人一同被驱逐	action
along with several smaller sacred sites	连同数处较小的圣地	clause
along with smaller sacred sites	连同较小的圣地	clause
They suspected the involvement of {a}	他们怀疑{a}参与其中	clause
with the possible involvement of {a}	{a}可能也参与其中	clause
They reported a seizure of goods	他们报告说货物被扣押了	clause
They were greatly offended by the locals	当地人的行为极大地冒犯了他们	clause
They reported irregularities with their goods	他们报告说货物出现了异常	clause
The trade was highly profitable	这次贸易获利丰厚	clause
and were never heard from again	从此杳无音信	clause

# The same table supplies scoped contract/crime nouns to typed {s} captures.
a sabotage plot	破坏阴谋	term
an abduction plot	绑架阴谋	term
an assassination plot	暗杀阴谋	term
a theft deal	盗窃交易	term
corrupt dealing	腐败交易	term
a citizenship agreement	公民资格协议	term
a parley	谈判	term
a residency agreement	居留协议	term
a promise of position	职位承诺	term
a rescue mission	营救任务	term
an insurrection mission	起义任务	term
an adventure	冒险	term
a guide agreement	向导协议	term
a journey to safety	前往安全之地的旅程	term
a performance tour	巡回表演	term
a foiled bribery conspiracy	受挫的贿赂阴谋	term
an infiltration plot	渗透阴谋	term
a framing plot	诬陷阴谋	term
a war starting plot	挑起战争的阴谋	term
a request to offer service	效力请求	term
an agreement	协议	term
a foiled corruption conspiracy	受挫的腐败阴谋	term
a foiled embezzlement conspiracy	受挫的挪用资金阴谋	term
an agreement to establish a temple	建立神殿的协议	term
an agreement to establish a guildhall	建立行会大厅的协议	term
murder	谋杀	term
theft	盗窃	term
treason	叛国	term
vandalism	破坏公物	term
conspiracy	共谋	term
bribery	贿赂	term
embezzlement	挪用资金	term

# Personal links and profession changes, including negative/removal forms.
# Career noun from data/runtime/rulesets/zh-Hans/professions.toml; the shared
# Criminal UI label uses an adjective sense and is not a person's profession.
criminal	罪犯	term
stopped being the master of {n}	不再是{n}的师傅	action
stopped being the apprentice of {n}	不再是{n}的学徒	action
stopped being the owner of {a}	不再是{a}的主人	action
stopped being the parent of {n}	不再是{n}的父母	action
stopped being the mother of {n}	不再是{n}的母亲	action
stopped being the father of {n}	不再是{n}的父亲	action
stopped being the child of {n}	不再是{n}的孩子	action
stopped being the pet of {n}	不再是{n}的宠物	action
became the former spouse of {n}	与{n}离婚了	action
became the deceased spouse of {n}	去世了，成为{n}的亡故配偶	action
became the spouse of the deceased {n}	成为了已故{n}的配偶	action
stopped working for {p}	不再为{p}工作	action
ceased to be a claimant for {s}	不再宣称拥有{s}的职位	action
decided to become a baby-snatcher, operating in {p}	决定成为劫婴者，在{p}活动	action
decided to become a mercenary, operating in {p}	决定成为佣兵，在{p}活动	action
decided to become a thief, operating in {p}	决定成为盗贼，在{p}活动	action
became the {s} of {p}	成为了{p}的{s}	action
# Site news omits the article before the office; share its existing title vocabulary.
became {s} of {p}	成为了{p}的{s}	action
received the title of {s}	获得了{s}的头衔	action
was hired by {p} as a scout	被{p}雇为斥候	action
was hired by {p} to fight in {e}	被{p}雇佣，参加了{e}	action
fought in {e}	参加了{e}	action
, appointed by {a}	，由{a}任命	clause
in fulfillment of a promise	以履行承诺	clause
given to all new members	授予每一位新成员	clause
attaining sufficient skill with {s}	在{s}方面达到足够的技艺水平	clause
being a member for a year	入会满一年	clause
participating in {d} battles	参加了{d}场战斗	clause
slaying an enemy	杀死一名敌人	clause
serving in combat	在战斗中效力	clause
{d} years of membership	拥有{d}年会龄	clause
, based in {p}	，以{p}为据点	clause
throughout {p}	遍及{p}	clause
because the group travelled too slowly	因为队伍行进过慢	history-adjunct
after arriving at the destination	在抵达目的地后	history-adjunct
because of a leadership change at the site	因为当地更换了统治者	history-adjunct
because the group went too far away	因为队伍走得太远	history-adjunct

# Corpse treatment and magical return (each victim remains a separate link).
the body of {n} was {s} by {a}	{n}的尸体被{a}{s}	event
The body of {n} was {s} by {a}	{n}的尸体被{a}{s}	event
the bodies of {a} were {s} by {a}	{a1}的尸体被{a2}{s}	event
The bodies of {a} were {s} by {a}	{a1}的尸体被{a2}{s}	event
added to a grisly mound	堆成了可怖的尸丘	term
added to a grotesque pillar	堆成了怪诞的尸柱	term
added to a gruesome sculpture	拼成了骇人的雕塑	term
animated	复活了	term
horribly mutilated	残忍地肢解了	term
on behalf of {a}	代表{a}	clause
once more, this time {s}	再次归来，这次化为{s}	clause
a murderous ghost	嗜杀的鬼魂	term
a sadistic ghost	虐待成性的鬼魂	term
a violent ghost	暴戾的鬼魂	term
an angry ghost	愤怒的鬼魂	term
a moaning spirit	呻吟的幽魂	term
a howling spirit	嚎叫的幽魂	term
a secretive poltergeist	隐秘的骚灵	term
an energetic poltergeist	活跃的骚灵	term
a troublesome poltergeist	惹事的骚灵	term
a restless haunt	不得安息的幽魂	term
a forlorn haunt	孤苦的幽魂	term

# Narrative adjuncts for supernatural, political and personal motivations.
due to their cosmic similarity	由于彼此在宇宙本源上的相似性	history-adjunct
after pondering the ineffable subtleties of {r}	在思索{r}不可言说的奥妙后	history-adjunct
in order to maintain balance in the universe	为了维持宇宙的平衡	history-adjunct
to create a monument to the boundaries between realities	为了建造标示现实边界的纪念碑	history-adjunct
to sow the seeds of chaos therein	为了在其中播下混乱的种子	history-adjunct
to provide opportunities for courage to rise	为了让勇气有机会展现	history-adjunct
that all should gaze upon a truly gruesome visage	为了让众人目睹真正骇人的面貌	history-adjunct
that great fortresses might be raised and tested in siege	为了让宏伟要塞拔地而起并接受围攻的考验	history-adjunct
that it might bathe in misery forever	为了永远沉浸在苦难之中	history-adjunct
in order to make nightmares reality	为了让噩梦成真	history-adjunct
in order to make thralls of everyone	为了奴役所有人	history-adjunct
in order that acts of torture be perpetrated	为了促成折磨之举	history-adjunct
to provide opportunities for acts of valor to be performed	为了让英勇之举有机会发生	history-adjunct
as insufficient progress was made toward the goal	由于距离目标的进展不足	history-adjunct
as the relevant government was no longer in control	由于相关政府已失去控制权	history-adjunct
after invocation of the true name	在真名被呼唤后	history-adjunct
after being exiled following a criminal conviction	在被定罪并流放后	history-adjunct
after being prevented from leaving	在被阻止离开后	history-adjunct
after being unable to leave a location	在无法离开某地后	history-adjunct
as a symbol of authority within {p}	作为{p}内部权威的象征	history-adjunct
due to envy of those that live on	由于嫉妒仍能活下去的人	mortality-history-adjunct
due to panic about what happens after death	由于恐惧死后的命运	mortality-history-adjunct
unable to face any possible judgment and the afterlife	由于无法面对死后的审判与来世	mortality-history-adjunct
being too proud to give in to death	由于过于骄傲而不愿向死亡屈服	mortality-history-adjunct
being too vain to give in to death	由于过于虚荣而不愿向死亡屈服	mortality-history-adjunct
having ambitions for which death was only a small obstacle	由于其雄心将死亡视作小小的障碍	mortality-history-adjunct
after performing the rites of {n}	在为{n}举行仪式后	history-adjunct
after incompletely performing the rites of {n}	在未能完整举行{n}的仪式后	history-adjunct
in an improperly dedicated temple	在供奉对象不合适的神殿内	clause
in a dedicated temple	在专门供奉的神殿内	clause
after performing the rites of {n} in a dedicated temple	在专门供奉的神殿内为{n}举行仪式后	history-adjunct
after incompletely performing the rites of {n} in an improperly dedicated temple	在供奉对象不合适的神殿内未能完整举行{n}的仪式后	history-adjunct
after incompletely performing the rites of {n} in an undedicated temple	在尚未确定供奉对象的神殿内未能完整举行{n}的仪式后	history-adjunct
after praying to {n} in a dedicated temple	在专门供奉的神殿内向{n}祈祷后	history-adjunct
after {p} was given away	在{p}被赠出后	history-adjunct
during {e}	在{e}期间	history-adjunct
because it was destined	因为命中注定	history-adjunct
as a symbol of everlasting peace	作为永恒和平的象征	history-adjunct
on a pilgrimage	在朝圣途中	history-adjunct
in an undedicated temple	在尚未确定供奉对象的神殿内	clause
as the item was a favorite possession	因为该物品是心爱之物	history-adjunct
by preserving a part of the body	通过保存身体的一部分	history-adjunct
after preying on the blood of civilized creatures	在吸食文明生物的血液后	history-adjunct
after accepting bribes in exchange for leniency	在收受贿赂、徇私宽纵后	history-adjunct
after receiving a cut of corruptly-obtained funds	在分得赃款后	history-adjunct

# Shared literals referenced by the native history constructors outside the
# contiguous narrative catalogue (crime terms: 0x15ec848-0x1627b50).
export prohibition violation	违反出口禁令	term
job order violation	违反工作命令	term
production order violation	违反生产命令	term
disorderly conduct	扰乱秩序	term
building destruction	毁坏建筑	term
conspiracy to slow labor	合谋怠工	term
a conspiracy to slow labor	合谋怠工	term
robbery	抢劫	term
espionage	间谍活动	term
kidnapping	绑架	term
attempted kidnapping	绑架未遂	term
attempted theft	盗窃未遂	term
attempted murder	谋杀未遂	term
blood-drinking	吸血	term
flight	逃离	term
breaking away	折断	term
after finding {n}	在找到{n}后	history-adjunct
by fooling {a}	通过欺骗{a}	clause
divorced {n}	与{n}离婚了	action

# Native Windows narrative catalogue, Dwarf Fortress.exe file offsets
# 0x16d6000 <= offset < 0x16d9800. Shared names, items, bodies and terms.
# Circumstance enum names and XML serialization tags are not narrative text.

# Motives and social circumstances (0x16d6028-0x16d7370).
as the goal was not reached	由于未能达成目标	history-adjunct
to cry on a priest	为了向祭司哭诉	history-adjunct
to vent at a priest	为了向祭司宣泄情绪	history-adjunct
to cry on somebody in charge	为了向负责人哭诉	history-adjunct
to vent at somebody in charge	为了向负责人宣泄情绪	history-adjunct
that weapons be made	为了让武器得以制造	history-adjunct
to offer condolences	为了表达哀悼	history-adjunct
as a guide	作为向导	history-adjunct
from afar	从远方	history-adjunct
during an infiltration mission	在执行渗透任务期间	history-adjunct
due to a shared interest in {s}	由于对{s}有共同兴趣	history-adjunct
due to a belief in {s}	由于信奉{s}	history-adjunct
due to a belief in {n}	由于信奉{n}	history-adjunct
to smooth the operation of {p}	为了让{p}运作顺畅	history-adjunct
as an heirloom of the {n} family	作为{n}家族的传家宝	history-adjunct
as an heirloom of the {p} family	作为{p}家族的传家宝	history-adjunct
# This motivation names the historical figure honored by the relic, not the
# artifact being sanctified in the separate "was sanctified" event family.
# The two native reasons retain the figure as the owner of the item/body.
in order to sanctify {n}	，为了将{n}奉为圣徒	history-adjunct
in order to sanctify {n} as the item was a favorite possession	，因该物品是{n}的心爱之物，借此将其奉为圣徒	history-adjunct
in order to sanctify {n} by preserving a part of the body	，通过保存{n}身体的一部分，将其奉为圣徒	history-adjunct
in order to glorify {a}	为了颂扬{a}	history-adjunct
being unnaturally ageless	由于以超自然方式长生不老	history-adjunct
{p} was given away	{p}被赠送了出去	event
# Discipline senses reuse the reviewed subject vocabulary where it exists.
# Medicine here is a scholarly discipline, not the material/name word 药.
medicine	医学	term
engineering	工程学	term
natural history	自然史	term
philosophy	哲学	term

# Masterwork decorations attach to an ordinary material/item, not a name.
# The source uses the fixed connector "to a" (0x16d73e0).
added masterful coloration to a {i}	为{i}添加了杰作级的着色	action
created a masterful image set to a {i}	为{i}创作了杰作级的系列图像	action
wove a masterful sewn image to a {i}	为{i}织出了一幅杰作级的刺绣图像	action
attached a masterful instrument piece to a {i}	为{i}安装了杰作级的乐器部件	action
created a masterful illustration to a {i}	为{i}创作了一幅杰作级插图	action
made a masterful improvement to a {i}	为{i}完成了杰作级的改良	action
added a masterful chain to a {i}	为{i}添加了杰作级的链条	action
added masterful cloth to a {i}	为{i}添加了杰作级的布料装饰	action
added masterful thread to a {i}	为{i}添加了杰作级的纺线装饰	action
added a masterful handle to a {i}	为{i}添加了杰作级的把手	action
added masterful spikes to a {i}	为{i}添加了杰作级的尖刺	action
added a masterful rope to a {i}	为{i}添加了杰作级的绳索	action
added masterful rollers to a {i}	为{i}添加了杰作级的滚轮	action
added a masterful covering to a {i}	为{i}添加了杰作级的覆盖层	action
added a masterful image to a {i}	为{i}添加了杰作级的图像	action
added masterful bands to a {i}	为{i}添加了杰作级的镶条	action
added masterful rings to a {i}	为{i}添加了杰作级的圆环装饰	action
# The shared native builder 0x140b62d20-0x140b63490 appends an optional
# quoted image/work title, optional decoration material, then item and patron.
masterfully wrote	以精湛笔法写下了文字	action
masterfully wrote "{b}"	以精湛笔法写下了《{b}》	action
masterfully wrote to a {i}	以精湛笔法在{i}上写下了文字	action
"{b}"	《{b}》	clause
in {i}	，使用{i}制作	clause
in {n}'s {i}	，使用{n}的{i}制作	clause
in unknown material	，使用未知物质制作	clause
to a {i}	，添加在{i}上	clause
for {a} at {p}	，为{a}制作，地点在{p}	clause
for {a}	，为{a}制作	clause
as a capable and connected lieutenant with more autonomy to act on plots in the web of intrigue	视为有能力、有人脉的副手，让其在错综复杂的阴谋中有更大的自主权	clause
recognized {a} as a capable and connected lieutenant with more autonomy to act on plots in the web of intrigue	认可{a}作为副手的能力和人脉，让其在错综复杂的阴谋中有更大的自主权	action

# Corruption recruitment uses a separate native narrative catalogue from
# ordinary history events. Linux 53.16: 0x162b4e0 onward (recruitment/relations),
# 0x1623000-0x16261ea (meeting, tactic, response); literals at file
# 0x1d9a900-0x1d9cb00. Long motives and the misreading interjection also use
# fixed-width chunks at 0x1d9ccc0-0x1d9cea0, not null-terminated string lines.
# A relationship is an uncolored prefix attached to ONE real person link.
# Do not capture ex-spouse or other role labels as part of a generated name.
ex-spouse {n}	前配偶{n}	participant
spouse {n}	配偶{n}	participant
lover {n}	爱人{n}	participant
friend {n}	朋友{n}	participant
childhood friend {n}	儿时的朋友{n}	participant
comrade-in-arms {n}	战友{n}	participant
fellow artist {n}	同为艺术家的{n}	participant
fellow athlete {n}	同为运动员的{n}	participant
fellow scholar {n}	同为研究员的{n}	participant
father {n}	父亲{n}	participant
mother {n}	母亲{n}	participant
master {n}	师傅{n}	participant
apprentice {n}	学徒{n}	participant
fellow believer {n}	教友{n}	participant
fellow order member {n}	同一教团的{n}	participant
troupemate {n}	同一表演团的{n}	participant
fellow company member {n}	同团的{n}	participant
guildmate {n}	同一行会的{n}	participant
neighbor {n}	邻居{n}	participant
attempted to corrupt {a}	试图拉拢{a}	action
corrupted {a}	拉拢了{a}	action
subordinated {a}	使{a}臣服	action
in order to have someone to act on plots and schemes in {p}	，想让对方在{p}为自己的阴谋效力	clause
in order to have law enforcement look the other way in {p}	，想让{p}的执法者睁一只眼闭一只眼	clause
in order to have an agent in {p}	，想在{p}安插代理人	clause
in order to secure embezzled funds in {p}	，想拿到{p}被挪用的资金	clause
toward the fulfillment of plots and schemes in {p}	，以促成在{p}策划的阴谋	clause
the corruption of {a}	对{a}的拉拢	title

# The meeting is a new sentence in the same record. The optional neutral
# interjection must not swallow either of the independently colored people.
met with {a}	与{a}会面	action
lured {a} to a meeting with {a}	诱使{a1}与{a2}会面	action
, where the latter	，会面时后者	clause
and, while completely misreading the situation,	，却完全看错了形势，	clause
, while completely misreading the situation,	，却完全看错了形势，	clause
made a threat	出言威胁	action
made flattering remarks	说了一番奉承话	action
pulled rank	摆出上级的架子施压	action
played for sympathy	试图博取同情	action
made a blackmail threat, due to embezzlement	拿挪用资金的事作把柄，出言勒索	action
offered immortality	许诺赐予永生	action
offered revenge upon {a}	许诺帮忙报复{a}	action
by appealing to a shared worship of {a}	，以双方都信奉{a}为由加以劝说	clause

# Outcomes and their optional concessions are independent native choices.
# response/concession compile whole sentences as "虽然……，但……", not the
# English tail "……，尽管……". Keep all reasons and linked people in the TSV;
# neither ordinary UI words nor unknown prose may become a reason/name slot.
valued the law and refused	因尊重法律而拒绝了对方	response
was not afraid and refused	毫不畏惧，拒绝了对方	response
did not fear death and refused	不惧死亡，拒绝了对方	response
was unafraid in the moment	当时毫无畏惧	response
felt no avarice and refused	没有贪念，拒绝了对方	response
loathed abuses of power and refused	厌恶滥用权力，拒绝了对方	response
lacked a desire for vengeance and refused	无意复仇，拒绝了对方	response
was willing to accept eventual death and refused	愿意接受终有一死的命运，拒绝了对方	response
was unswayed by the emotional appeal and refused	不为动情的劝说所动，拒绝了对方	response
was unaffected by the comments and refused	没把这番话放在心上，拒绝了对方	response
gave in to fear of death	因惧怕死亡而屈服了	response
was too afraid not to comply	害怕得不敢违抗	response
succumbed to vanity	被虚荣心左右了	response
was overcome by greed	被贪欲冲昏了头脑	response
spurned the law and agreed willingly	不把法律放在眼里，欣然答应了	response
accepted in admiration of power	崇拜权力，因此答应了	response
desired vengeance and willingly complied	一心想复仇，甘愿听命	response
was swayed by the emotional appeal	被对方的动情劝说打动了	response
was too vain to accept death and agreed	虚荣心太重，不肯接受死亡，便答应了	response
was too proud to accept death and agreed	太过心高气傲，不肯接受死亡，便答应了	response
was too ambitious to accept death and agreed	野心太大，不肯接受死亡，便答应了	response
was too envious of others to face death and agreed	太过嫉妒旁人，不肯面对死亡，便答应了	response
was too unsettled by death to face it and agreed	对死亡惶恐不安，不敢面对，便答应了	response
could not accept the uncertainty following death and agreed	无法接受死后的种种未知，便答应了	response
accepted out of loyalty to {a}	忠于{a}，因此答应了	response
agreed for love of {a}	爱着{a}，因此答应了	response
complied out of fear of {a}	惧怕{a}，只得服从	response
trusted {a}	信任{a}	action
respected {a}	尊重{a}	action
distrusted {a}	不信任{a}	action
felt no loyalty to {a}	不忠于{a}	action
hated {a}	憎恨{a}	action
was unafraid of {a}	不惧怕{a}	action
had no respect for {a}	不尊重{a}	action
trusted {a} and agreed	信任{a}，答应了	response
trusted {a} and refused	信任{a}，拒绝了对方	response
respected {a} and agreed	尊重{a}，答应了	response
respected {a} and refused	尊重{a}，拒绝了对方	response
distrusted {a} and agreed	不信任{a}，答应了	response
distrusted {a} and refused	不信任{a}，拒绝了对方	response
felt no loyalty to {a} and agreed	不忠于{a}，答应了	response
felt no loyalty to {a} and refused	不忠于{a}，拒绝了对方	response
hated {a} and agreed	憎恨{a}，答应了	response
hated {a} and refused	憎恨{a}，拒绝了对方	response
was unafraid of {a} and agreed	不惧怕{a}，答应了	response
was unafraid of {a} and refused	不惧怕{a}，拒绝了对方	response
had no respect for {a} and agreed	不尊重{a}，答应了	response
had no respect for {a} and refused	不尊重{a}，拒绝了对方	response
and agreed	，答应了	clause
and refused	，拒绝了对方	clause
, despite	，尽管	clause
being afraid	心有畏惧	concession
fearing of death	惧怕死亡	concession
feelings of vanity	有虚荣心	concession
feelings of greed	有贪念	concession
a desire for vengeance	渴望复仇	concession
being swayed by the emotional appeal	被动情的劝说打动	concession
valuing the law	尊重法律	concession
disdaining the law	不把法律放在眼里	concession
admiration of power	崇拜权力	concession
loathing the powerful	厌恶权贵	concession
being unafraid in the moment	当时毫无畏惧	concession
being unafraid of death	不惧死亡	concession
being unafraid	毫无畏惧	concession
being willing to accept death	愿意接受死亡	concession
feeling no avarice	没有贪念	concession
an unwillingness to accept death	不愿接受死亡	concession
being unswayed by the emotional appeal	不为动情的劝说所动	concession
a lack of desire for vengeance	无意复仇	concession
being unaffected by the comments	没把这番话放在心上	concession
the efforts of surrounding allies to stop the plot	身边的盟友竭力阻止这场阴谋	concession
the efforts of co-conspirators to further the plot	同谋竭力促成这场阴谋	concession
trust of {a}	信任{a}	concession
respect of {a}	尊重{a}	concession
love of {a}	爱着{a}	concession
loyalty toward {a}	忠于{a}	concession
fear of {a}	惧怕{a}	concession
distrust of {a}	不信任{a}	concession
lack of loyalty toward {a}	不忠于{a}	concession
hatred of {a}	憎恨{a}	concession
lack of fear toward {a}	不惧怕{a}	concession
lack of respect of {a}	不尊重{a}	concession
The plan worked.	计划成功了。	clause
The plan failed.	计划失败了。	clause
a corrupt agreement was formed	双方达成了腐败交易	clause

{n} and {n} become friends over a shared love of athletics	{n1}与{n2}因共同热爱竞技而成为了朋友	event
over the latter's romantic relationship	因为后者的恋情	clause

# Warfare summaries and their native continuations (0x16d7b10 onward).
the destruction of {p}	{p}毁灭事件	title
destruction of {p}	{p}的毁灭	title
the attack on {a}	对{a}的攻击	title
the attack by {a}	{a}发起的攻击	title
the attack of {a}	{a}发起的攻击	title
the infiltration of {p}	对{p}的渗透	title
the defeat of {a}	「{a}」战败	title
# Keep the victor, defeated force, its civilization and the captured site in
# one production. A generic "by" wrapper cannot turn "defeat" plus
# "takeover" into a Chinese predicate without obscuring who defeated whom.
the defeat of {a} by {a}	「{a2}」击败了「{a1}」	title
the defeat of {a} of {p} by {a}	「{a2}」击败了「{p}」的「{a1}」	title
the defeat of {a} and takeover of {p}	「{a}」战败，「{p}」被占领	title
the defeat of {a} of {p} and takeover of {p}	「{p1}」的「{a}」战败，「{p2}」被占领	title
the defeat of {a} and takeover of {p} by {a}	「{a2}」击败了「{a1}」，并占领了「{p}」	title
the defeat of {a} of {p} and takeover of {p} by {a}	「{a2}」击败了「{p1}」的「{a1}」，并占领了「{p2}」	title
the search of {p}	对{p}的搜寻	title
the fleeing of {a}	{a}的逃离	title
the rampage of the forces of {p}	{p}部队的肆虐	title
by the forces of {p}	由{p}的部队实施	clause
by the attackers	由进攻方实施	clause
by {a}	，由{a}实施	clause
to {p}	，前往{p}	clause
from {p}	，来自{p}	clause
against {a}	，针对{a}	clause
over {s}	，涉及{s}	clause
searched {p}	搜寻了{p}	action
fled {p}	逃离了{p}	action
The defenders hired {a} as scouts in {p}	防守方在{p}雇佣{a}担任斥候	event
{a} were hired as scouts by the attackers	进攻方雇佣{a}担任斥候	event
{a} were hired as scouts in {p} by the attackers	进攻方在{p}雇佣{a}担任斥候	event

# Masterwork summaries retain their item, author and material fields.
addition of masterful coloration	添加杰作级的着色	title
creation of a masterful illustration	创作杰作级插图	title
writing of a masterpiece	书写杰作	title
creation of a masterful image set	创作杰作级的系列图像	title
addition of a masterful instrument piece	安装杰作级的乐器部件	title
addition of masterful thread	添加杰作级的纺线装饰	title
making of a masterful improvement	完成杰作级的改良	title
weaving of a masterful sewn image	织出杰作级的刺绣图像	title
addition of masterful cloth	添加杰作级的布料装饰	title
addition of masterful spikes	添加杰作级的尖刺	title
addition of masterful bands	添加杰作级的镶条	title
addition of masterful rollers	添加杰作级的滚轮	title
addition of a masterful handle	添加杰作级的把手	title
addition of a masterful image	添加杰作级的图像	title
addition of masterful rings	添加杰作级的圆环装饰	title
addition of a masterful covering	添加杰作级的覆盖层	title
the masterful engraving	杰作级雕刻	title
the masterful {i}	杰作级的{i}	title
a masterpiece	一件杰作	title
{i} masterfully dyed with {i}	以精湛技艺用{i2}染色的{i1}	title
{i} masterfully constructed by {n}	{n}以精湛技艺制作的{i}	title
{i} prepared by {n}	{n}烹制的{i}	title
{i} created by {n}	{n}制作的{i}	title
destroyed a masterpiece	毁掉了一件杰作	action
destroyed a masterful {i}	毁掉了杰作级的{i}	action
destroyed the masterful {i}	毁掉了杰作级的{i}	action
destroyed a {i}	毁掉了{i}	action

# Government, population, holy cities, tribute, public moods and insurrection.
# In the native builders the settlement precedes the predicate. Complete
# productions retain the population/entity links before this location.
{a} at the settlement of {p} regained their senses after an initial period of questionable judgment	{p}聚落的{a}在首次判断失常后恢复了理智	event
{a} at the settlement of {p} regained their senses after another period of questionable judgment	{p}聚落的{a}在又一次判断失常后恢复了理智	event
{a} and their settlement of {p} withered	{a}及其{p}聚落衰亡了	event
{a} and {a} settlement of {p} withered	{a1}及{a2}的{p}聚落衰亡了	event
regained their senses after another period of questionable judgment	在又一次判断失常后恢复了理智	action
regained their senses after an initial period of questionable judgment	在首次判断失常后恢复了理智	action
were taken by a mood to act against their better judgment at {p}	在{p}一时冲动，违背了理智行事	action
some hundred {s}	约一百{s}	participant
hundreds {s}	数百{s}	participant
moved	迁移了	action
formed {p}	成立了{p}	action
the joining of {a} and {a}	{a1}与{a2}的联合	title
the joining of {a}	{a}的联合	title
the abandonment of {p}	放弃{p}	title
the withering of {p}	{p}的衰亡	title
# Native 0x140b67f30 keeps the population and its settlement in the summary.
the abandonment of {a} and their settlement of {p}	{a}及其{p}聚落的废弃	title
the abandonment of {a} and {a} settlement of {p}	{a1}及{a2}的{p}聚落的废弃	title
the withering of {a} and their settlement of {p}	{a}及其{p}聚落的衰亡	title
the withering of {a} and {a} settlement of {p}	{a1}及{a2}的{p}聚落的衰亡	title
settlement of {p}	在{p}的定居	title
the detection of the forces of {p}	发现{p}的部队	title
the detection of the forces of {p} leaving {p}	发现{p1}的部队撤离{p2}	title
and destruction of {p}	以及摧毁{p}	clause
the rout of {a}	{a}的溃败	title
the declaration that {p} is a holy city	宣布{p}为圣城	title
the surrender of {p}	{p}的投降	title
and takeover of {p}	以及接管{p}	clause
the failure to secure tribute from {p}	未能迫使{p}进贡	title
the securing of tribute from {p}	迫使{p}进贡	title
# Native tribute summary 0x140b670b0-0x140b67211 places the payer's
# participant (possibly a subordinate "of" an entity) before the season.
the failure to secure {a}'s {s} tribute from {p} by {a}	{a2}未能迫使{a1}从{p}缴纳{s}贡品	title
the securing of {a}'s {s} tribute from {p} by {a}	{a2}迫使{a1}从{p}缴纳{s}贡品	title
the failure to secure {a}'s tribute from {p} by {a}	{a2}未能迫使{a1}从{p}缴纳贡品	title
the securing of {a}'s tribute from {p} by {a}	{a2}迫使{a1}从{p}缴纳贡品	title
secured tribute from {a}	迫使{a}进贡	action
tried to secure tribute from {a}	试图迫使{a}进贡	action
demanded treasure from {a}	向{a}索要财宝	action
demanded and received treasure from {a}	向{a}索要并得到了财宝	action
the freeing of {a}	{a}获释	title
raiding of {p}	对{p}的袭击	title
pillaging of {p}	对{p}的劫掠	title
the reclamation of {p}	收复{p}	title
the devouring of {a}	{a}被吞噬	title
the crushing of the insurrection against {p}	镇压反抗{p}的起义	title
the questionable judgment of {a}	{a}的判断失常	title
the end of the insurrection in {p}	{p}起义的结束	title
the overthrow of {p}	{p}政权倾覆事件	title
the insurrection in {p}	{p}起义	title
{p} concluded with the local government overthrown	{p}以当地政府被推翻告终	event
{p} concluded with {p} overthrown	{p1}以{p2}被推翻告终	event
concluded with the local government overthrown	以当地政府被推翻告终	clause
concluded with {p} overthrown	以{p}被推翻告终	clause
the insurrection against {p}	反抗{p}的起义	title
the insurrection	起义	title

# Buildings, visits and oppressive laws.
inquiry after {p}	询问{p}	title
disturbing {p}	惊扰{p}	title
profaning {p}	亵渎{p}	title
viewing of {p}	观赏{p}	title
prayer inside {p}	在{p}内祈祷	title
the emergence of {p} from the underworld through the power of {a}	{a}以自身力量使{p}从地下世界升起	title
from the underworld through the power of {a}	凭借{a}的力量从地下世界而来	clause
the rebuilding of {p}	重建{p}	title
the razing of {p}	夷平{p}	title
the replacement of {p} with {p}	以{p2}取代{p1}	title
the replacement of {p}	替换{p}	title
the construction of {p}	建造{p}	title
the creation of {p}	创造{p}	title
the emergence of {p}	{p}的出现	title
the foundation of {p}	建立{p}	title
created {p}	创造了{p}	action
the completion of {p}	{p}的完工	title
the enactment of a series of oppressive laws	颁布一系列苛法	title
the lifting of numerous oppressive laws from {p}	废除施加于{p}的众多苛法	title
the repeal of numerous oppressive laws	废除众多苛法	title
the proclamation of a series of oppressive edicts upon {p}	对{p}颁布一系列苛政	title
the incorporation of {p} into {p}	将{p1}并入{p2}	title
the incorporation of {p}	{p}的并入	title
the return to reason at the settlement of {p}	{p}聚落恢复理智	title
ascendency of the criminal organization {p}	犯罪组织{p}的崛起	title
the formation of {p}	{p}的成立	title
the subordination of {p} to {p}	{p1}归附{p2}	title
the subordination of {p}	{p}的归附	title
relocation of {a}	{a}的迁移	title

# Tactical contests and their command-quality descriptions.
a lone {a}	独自行动的{a}	participant
a lone {s}	独自行动的{s}	participant
led by {a}	由{a}率领	clause
ably led by {a}	由{a}干练地率领	clause
poorly led by {a}	由{a}拙劣地率领	clause
inspiringly led by {a}	由{a}鼓舞士气地率领	clause
brilliantly led by {a}	由{a}出色地率领	clause
a tactical situation	一次战术态势	title
the tactics of {a}	{a}的战术	title
the tactical contest between {a} and {a}	{a1}与{a2}的战术较量	title
but	但	clause

# Journeys, climbing, torture and obsession with mortality.
the escape from {p}	逃出{p}	title
the journey of {a}	{a}的旅程	title
the return of {a}	{a}的归来	title
the climbing of {p}	攀登{p}	title
was the first to reach the summit of {p}	率先登上了{p}的顶峰	action
were the first to reach the summit of {p}	率先登上了{p}的顶峰	action
, which rises above {p}	，其耸立于{p}之上	clause
stabbing	刺伤	term
smashing	砸伤	term
burning away	烧掉	term
ripping	撕伤	term
slashing	砍伤	term
stabbing out	刺掉	term
tearing off	撕断	term
burning out	烧毁	term
ripping off	扯断	term
slashing out	割除	term
tearing out	撕掉	term
slashing off	砍断	term
the {s} of {n}'s {t}	{n}的{t}遭到{s}的事件	title
{s} of {n}'s {t}	{n}的{t}遭到{s}的事件	title
became obsessed with his own mortality and sought to extend his life by any means	开始执着于自身终将死亡的命运，并不择手段地寻求延寿	mortality-action
became obsessed with her own mortality and sought to extend her life by any means	开始执着于自身终将死亡的命运，并不择手段地寻求延寿	mortality-action
became obsessed with its own mortality and sought to extend its life by any means	开始执着于自身终将死亡的命运，并不择手段地寻求延寿	mortality-action
became obsessed with their own mortality and sought to extend their life by any means	开始执着于自身终将死亡的命运，并不择手段地寻求延寿	mortality-action

# Encounters, taming, purchases and unsuccessful diplomatic visits.
brawl with {a}	与{a}的斗殴	title
confrontation of {a}	与{a}的对峙	title
ambush of {a}	伏击{a}	title
surprising of {a}	突袭{a}	title
cornering of {a}	将{a}逼入绝境	title
happening upon {a}	偶遇{a}	title
# Written-work subjects contain the complete encounter title, including both
# participants and the outcome; standalone fight clauses cannot fill its {e}.
the escape of {a} from {a} after a punishing fight	{a1}在一场惨烈战斗之后从{a2}手中逃脱	title
the escape of {a}	{a}的逃脱	title
attack on {a}	对{a}的攻击	title
the subduing of {a}	制服{a}	title
a scuffle between {a} and {a}	{a1}与{a2}的扭打	title
eventually prevailed and	最终获胜，并	clause
While defeated, the latter escaped unscathed	后者虽被击败，却毫发无伤地逃脱了	clause
the taming of the {s}	驯服{s}	title
tamed the {s}	驯服了{s}	action
wild beasts	野兽	term
the purchased of {s} equipment by {a}	{a}购买{s}装备	title
the purchased of equipment by {a}	{a}购买装备	title
the purchased of {s} equipment	购买{s}装备	title
the purchased of equipment	购买装备	title
the carousal of {a}	{a}的狂欢	title
the horrible experiments of {a}	{a}的可怕实验	title
the failed diplomacy of {a}	{a}失败的外交活动	title
the clash between {a} and {a}	{a1}与{a2}的冲突	title
purchased {s} equipment	购买了{s}装备	action
purchased equipment	购买了装备	action
caroused	纵情狂欢了	action
could not meet with {a}	未能与{a}会面	action
could not meet with their diplomatic target	未能与外交目标会面	action
as there were no suitable representatives	因为没有合适的代表	clause
# Native 0x140b6dfa4 goes directly to the shared location suffix; no
# "alive" or death wording is appended to this diplomatic failure reason.
as the target was no longer in {p}	因为目标已不在{p}	clause
as the target was no longer {p}	因为目标已不在{p}	clause
masterwork	杰作级的	term
superior quality	上等品质的	term

# Native Windows Legends narrative review: Dwarf Fortress.exe file offsets
# Existing complete action families are retained in data/runtime/legends-events.tsv.

# Death, corpse treatment and resurrection: missing active/omitted-agent forms.
clashed with {a}	与{a}发生了冲突	action
murdered {a}	谋杀了{a}	action
burned {a} to death	烧死了{a}	action
burned {a} alive	活活烧死了{a}	action
burned {a}	烧死了{a}	action
threw {a} against an obstacle, causing immediate death	将{a}扔向障碍物，使其当场死亡	action
left {a} out in the air	将{a}丢在空气中，使其窒息而死	action
boiled	沸腾而死	action
melted	熔化而死	action
condensed	凝结而死	action
solidified	凝固而死	action
drowned	溺水而死	action
bled to death	失血而死	action
suffocated	窒息而死	action
vanished	消失了	action
collapsed	倒下了	action
was abducted	被绑架了	action
was brought back from the dead	被复活了	action
was disturbed from eternal rest	永恒的安眠受到了惊扰	action
was brought back from the dead as {s}	被复活为{s}	action
was disturbed from eternal rest as {s}	永恒的安眠受到了惊扰，化为了{s}	action
came back from the dead as {s}	死而复生，化为了{s}	action
was buried in {p}	被埋葬在了{p}	action
was discarded in {p}	被弃置在了{p}	action
was entombed in {p}	被安葬在了{p}的墓中	action
the body of {n} was buried in {p}	{n}的遗体被埋葬在了{p}	event
the body of {n} was discarded in {p}	{n}的遗体被弃置在了{p}	event
the body of {n} was entombed in {p}	{n}的遗体被安葬在了{p}的墓中	event
the bodies of {a} were buried in {p}	{a}的遗体被埋葬在了{p}	event
the bodies of {a} were discarded in {p}	{a}的遗体被弃置在了{p}	event
the bodies of {a} were entombed in {p}	{a}的遗体被安葬在了{p}的墓中	event
, slain	，被杀害	clause
, struck down	，被击杀	clause
after an attack	在遭受袭击之后	clause
once more, this time by {a} as {s}	再次归来，这次被{a}化为了{s}	clause
once more, this time as {s}	再次归来，这次化为了{s}	clause
as {s}	作为{s}	clause
as a {s}	作为{s}	clause
once more, this time	再次归来，这次	clause
burned up in {s} dragon fire	被{s}的龙焰烧死了	action
burned up in dragon fire	被龙焰烧死了	action
burned up in {n}'s fire	被{n}的火焰烧死了	action
was burned to death by {n}'s fire	被{n}的火焰烧死了	action
was burned to death by {n}'s dragon fire	被{n}的龙焰烧死了	action
was burned to death by a {s} fire	被{s}的火焰烧死了	action
was burned to death by {s} fire	被{s}的火焰烧死了	action

# Native event short titles preserve the mechanism and every linked victim.
the melting of {a}	{a}的熔化	title
the boiling of {a}	{a}的沸腾	title
the freezing of {a}	{a}的冻结	title
the condensation of {a}	{a}的凝结	title
the drowning of {a}	{a}的溺亡	title
the dehydration of {a}	{a}脱水而死	title
the burning of {a}	{a}被烧死	title
the burning of {a} in magma	{a}在岩浆中烧死	title
the burning of {a} in a magma mist	{a}在岩浆雾中烧死	title
the burning of {a} in {n}'s dragon fire	{a}被{n}的龙焰烧死	title
the burning of {a} in dragon fire	{a}被龙焰烧死	title
the burning of {a} in {n}'s fire	{a}被{n}的火焰烧死	title
the burning of {a} in a {s} fire	{a}被{s}的火焰烧死	title
the burning of {a} in {s} fire	{a}被{s}的火焰烧死	title
the burning of {a} in {s} dragon fire	{a}被{s}的龙焰烧死	title
the passing of {a}	{a}寿终正寝	title
the starvation of {a}	{a}饿死	title
the death in the dark of {a}	{a}在黑暗中的死亡	title
the death of {a}	{a}的死亡	title
the death of {a} in a cage	{a}在笼中的死亡	title
the fall of {a} into a deep chasm	{a}坠入深渊	title
the fall of {a}	{a}的陨落	title
the scaring of {a} to death	{a}被吓死	title
the leap of {a} from a great height	{a}从高处跳下身亡	title
the impalement of {a} on spikes	{a}被尖刺刺穿	title
the vanishment of {a}	{a}的消失	title
the collision of {a} with an obstacle	{a}撞上障碍物	title
the putting to rest of {a}	{a}亡魂的安息	title
the collapse of {a}	{a}的倒下	title
the murder of {a}	{a}的遇害	title
the scuttling of {a}	{a}被凿沉	title
the slaughter of {a}	{a}遭屠杀	title
the draining of {n}'s blood	{n}的血被吸干	title
the draining of {a} of blood	{a}的血被吸干	title
the leaving of {a} out in the air	{a}被丢在空气中窒息而死	title
the burial of {a} alive	{a}被活埋	title
the killing of {a}	{a}被杀	title
the killing of {a} by a trap	{a}死于陷阱	title
the killing of {a} by a flying object	{a}被飞来的物体击杀	title
the killing of {a} by a vehicle	{a}被车辆撞死	title
the killing of {a} by falling rocks	{a}被落石砸死	title
the feeding of {a} to beasts	{a}被喂给野兽	title
the execution of {a}	{a}被处决	title
the hacking of {a} to pieces	{a}被砍成碎块	title
the crucifixion of {a}	{a}被钉死在十字架上	title
the beheading of {a}	{a}被斩首	title
the shooting of {a}	{a}被射杀	title
the fatal illness of {a}	{a}的致命疾病	title
the mortal wounding of {a}	{a}所受的致命伤	title
the crushing of {a} under a collapsing ceiling	{a}被坍塌的顶板压死	title
the crushing of {a} under a drawbridge	{a}被吊桥压死	title
the crushing of {a} by falling rocks	{a}被落石砸死	title
the scalding of {a}	{a}被烫死	title
the encasement of {a} in ice	{a}被冰封	title
the encasement of {a} in cooling magma	{a}被凝固的岩浆封住	title
the encasement of {a} in cooling lava	{a}被凝固的熔岩封住	title
the heat-induced death of {a}	{a}因高温而死	title
the reunion of {a}	{a}的重聚	title
the reunion of {a} with {a}	{a1}与{a2}的重聚	title
the return of {a} from the dead	{a}的死而复生	title
the return of {a} from the dead as {s}	{a}复生为{s}	title
the return of {a} from the dead as a {s}	{a}复生为{s}	title
the return of {a} from the dead, once more, as {s}	{a}再次复生为{s}	title
the return of {a} from the dead, once more, as a {s}	{a}再次复生为{s}	title
the abduction of {a}	{a}遭绑架	title
the discarding of {a}	{a}遗体的弃置	title
the raising of {a}	{a}的复活	title
the burial of {a}	{a}的埋葬	title
the entombment of {a}	{a}的安葬	title

# Ambitions, moods, discoveries, transformations and suspicion.
aroused general suspicion	引起了普遍的怀疑	action
after appearing not to age	由于看起来不会衰老	clause
appearing not to age	看起来不会衰老	term
general suspicion	普遍的怀疑	term
prefers to work alone	更喜欢独自工作	clause
due to {n}'s jealousy	由于{n}的嫉妒	clause
arose from {p}	从{p}出现了	action
lost a hist fig entry	遗失了一条历史人物记录	action
the loss of a hist fig entry	历史人物记录的遗失	title
the loss of a hist fig entry of {a}	{a}的历史人物记录的遗失	title
learned {s}	学会了{s}	action
learned {s} from the teaching of {a}	在{a}的教导下学会了{s}	action
taught {a} {s}	向{a}传授了{s}	action
# The native teacher and recorded-source branches may both be present.
taught {a} {s} from {b}	向{a}传授了{b}中的{s}	action
taught {a} {s} from {i}	向{a}传授了{i}中的{s}	action
changed from a {s} into a {s}	从{s1}变成了{s2}	action
changed from a {s} into an {s}	从{s1}变成了{s2}	action
changed from an {s} into a {s}	从{s1}变成了{s2}	action
changed from an {s} into an {s}	从{s1}变成了{s2}	action
changed {a} from a {s} into a {s}	将{a}从{s1}变成了{s2}	action
changed {a} from a {s} into an {s}	将{a}从{s1}变成了{s2}	action
changed {a} from an {s} into a {s}	将{a}从{s1}变成了{s2}	action
changed {a} from an {s} into an {s}	将{a}从{s1}变成了{s2}	action
changed into a {s}	变成了{s}	action
changed into an {s}	变成了{s}	action
changed {a} into a {s}	将{a}变成了{s}	action
changed {a} into an {s}	将{a}变成了{s}	action
the learning of {s}	学会{s}	title
the learning of {s} by {a}	{a}学会{s}	title
the initial discovery of {s}	{s}的首次发现	title
the independent discovery of {s}	{s}的独立发现	title
the initial discovery of {s} by {a}	{a}首次发现{s}	title
the independent discovery of {s} by {a}	{a}独立发现{s}	title
the learning of {s} by {a} from the teaching of {a}	{a1}在{a2}的教导下学会{s}	title
the learning of {s} by {a} from {b}	{a}从{b}中学会{s}	title
the learning of {s} by {a} from {i}	{a}从{i}中学会{s}	title
the learning of {s} by {a} from the teaching of {a} from {b}	{a1}在{a2}的教导下从{b}中学会{s}	title
the learning of {s} by {a} from the teaching of {a} from {i}	{a1}在{a2}的教导下从{i}中学会{s}	title
the general suspicion of {a}	对{a}的普遍怀疑	title
the transformation of {a} from a {s} into a {s}	{a}从{s1}变为{s2}	title
the transformation of {a} from a {s} into an {s}	{a}从{s1}变为{s2}	title
the transformation of {a} from an {s} into a {s}	{a}从{s1}变为{s2}	title
the transformation of {a} from an {s} into an {s}	{a}从{s1}变为{s2}	title
the transformation of {a} into a {s}	{a}变为{s}	title
the transformation of {a} into an {s}	{a}变为{s}	title
the transformation of {a}	{a}的变身	title
the insanity of {a}	{a}的疯狂	title
the melancholy of {a}	{a}的忧郁	title
the catatonia of {a}	{a}对外界不再回应	title
the catatonia {a}	{a}对外界不再回应	title
the rampage of {a}	{a}的肆虐	title
the possession of {a}	{a}被附身	title
the withdrawal from society of {a}	{a}不再与外界来往	title
the fell mood of {a}	{a}的残暴心境	title
the dark brooding of {a}	{a}的阴森沉思	title
the fey mood of {a}	{a}的古怪心境	title
the denial of apprenticeship of {a} under {a}	{a1}拜{a2}为师遭拒	title
the new dream of {a} to attain rank in society	{a}获得社会地位的新梦想	title
the new dream of {a} to see the great natural wonders of the world	{a}见识世界自然奇观的新梦想	title
the new dream of {a} to fall in love	{a}坠入爱河的新梦想	title
the new dream of {a} to bring peace to the world	{a}为世界带来和平的新梦想	title
the new dream of {a} to craft a masterwork	{a}制作杰作的新梦想	title
the new dream of {a} to master a skill	{a}精通一门技艺的新梦想	title
the new dream of {a} to become a legendary warrior	{a}成为传奇战士的新梦想	title
the new dream of {a} to start a family	{a}组建家庭的新梦想	title
the new dream of {a} to create a great work of art	{a}创作伟大艺术品的新梦想	title
the new dream of {a} to make a great discovery	{a}作出伟大发现的新梦想	title
the new desire of {a} to rule the world	{a}统治世界的新欲望	title
the new desire of {a} to bathe the world in chaos	{a}让世界陷入混乱的新欲望	title
the new obsession of {a} with an inscrutable goal	{a}对难以理解的目标产生的新执念	title
the new obsession of {a} with extending his own life	{a}延长自己生命的新执念	title
the new obsession of {a} with extending her own life	{a}延长自己生命的新执念	title
the new obsession of {a} with extending its own life	{a}延长自己生命的新执念	title
# Native b72ee0 appends the mortality motive through b5a6c0 before the date.
the new obsession of {a} with extending his own life due to envy of those that live on	{a}因嫉妒仍能活下去的人而产生的延寿新执念	title
the new obsession of {a} with extending her own life due to envy of those that live on	{a}因嫉妒仍能活下去的人而产生的延寿新执念	title
the new obsession of {a} with extending its own life due to envy of those that live on	{a}因嫉妒仍能活下去的人而产生的延寿新执念	title

# Career summaries, including operations outside named settlements.
decided to become a thief, operating	决定成为盗贼并开始活动	action
decided to become a mercenary, operating	决定成为佣兵并开始活动	action
decided to become a baby-snatcher, operating	决定成为劫婴者并开始活动	action
began wandering	开始游荡	action
began wandering the area around {p}	开始在{p}周边游荡	action
in the area around {p}	在{p}周边	clause
into the area around {p}	进入{p}周边	clause
around {p}	在{p}周边	clause
the career change from {s} to {s}	从{s1}转为{s2}的职业变更	title
the giving up on being a {s}	放弃{s}的身份	title
the giving up on being an {s}	放弃{s}的身份	title
the start as a {s}	开始担任{s}	title
the start as an {s}	开始担任{s}	title
the thievery	盗窃活动	title
the hunting of great beasts	猎杀巨兽	title
the scouting	侦察活动	title
the mercenary operation	佣兵活动	title
the baby-snatching	劫婴活动	title
the wandering	游荡	title
the career change from {s} to {s} of {a}	{a}从{s1}转为{s2}的职业变更	title
the giving up on being a {s} of {a}	{a}放弃{s}的身份	title
the start as a {s} of {a}	{a}开始担任{s}	title
the thievery of {a}	{a}的盗窃活动	title
the hunting of great beasts of {a}	{a}对巨兽的猎杀	title
the scouting of {a}	{a}的侦察活动	title
the mercenary operation of {a}	{a}的佣兵活动	title
the baby-snatching of {a}	{a}的劫婴活动	title
the wandering of {a}	{a}的游荡	title
the studies of {a}	{a}的求学	title
the settling of {a}	{a}的定居	title
the visit of {a}	{a}的造访	title
the exile of {a}	{a}的流放	title
the flight of {a}	{a}的逃亡	title

# Offices and organizations. Profession/weapon vocabulary is taken from the
# existing rulesets, with the weapon sense of pike kept separate from fish.
ruled from {p}	以{p}为统治中心	action
ruled from {p} of {p}	以{p2}的{p1}为统治中心	action
became a member of {p}	加入了{p}	action
became a mercenary for {p}	成为了为{p}效力的佣兵	action
became a worker of {p}	成为了{p}的工人	action
became a former mercenary of {p}	不再为{p}担任佣兵	action
became a former member of {p}	不再是{p}的成员	action
became a former prisoner of {p}	不再是{p}的囚犯	action
became a former slave of {p}	不再是{p}的奴隶	action
became a criminal in the eyes of {p}	被{p}视为了罪犯	action
became an enemy of {p}	与{p}为敌	action
became a claimant for {s}	宣称拥有{s}的职位	action
ceased to be a member of {p}	不再是{p}的成员	action
ceased to be a mercenary for {p}	不再为{p}担任佣兵	action
ceased to be a worker of {p}	不再为{p}工作	action
ceased to be a criminal in the eyes of {p}	不再被{p}视为罪犯	action
ceased to be an enemy of {p}	不再与{p}为敌	action
ceased to be the {s} of {p}	不再担任{p}的{s}	action
ceased to be {s} of {p}	不再担任{p}的{s}	action
no longer imprisoned {a}	不再囚禁{a}	action
imprisoned {a}	囚禁了{a}	action
the dissolution of {p}	{p}的解散	title
the bestowal of the title of {s}	{s}头衔的授予	title
, which was given to all new members	，该头衔授予每一位新成员	clause
for slaying an enemy	因为杀死了一名敌人	clause
for slaying {c} enemies	因为杀死了{c}名敌人	clause
slaying {c} enemies	杀死了{c}名敌人	clause
the shield	盾牌	term
the bow	弓	term
the whip	长鞭	term
the tooth	牙齿	term
the blowgun	吹管	term
the spear	矛	term
the hammer	战锤	term
the pike	长枪	term
the crossbow	十字弩	term
the axe	战斧	term
the mace	钉头锤	term
the sword	剑	term
dodging	闪避	term
kicks	踢击	term
strikes	打击	term
grappling	扭打	term
a ranged weapon	远程武器	term
a melee weapon or technique	近战武器或技法	term
a weapon or technique	武器或技法	term
# Generated priest titles are NOT court ranks plus a fixed office. Linux 53.16
# 0x97aba8-0x97acee and branches 0x9825c0/0x982674/0x9826b2/0x986109 choose
# one highest-priest prefix and append a generated language WORD's singular/plural noun.
# Literals: file 0x1cd438e-0x1cd43ec; the no-word fallback is most high priest(s).
# Reuse data/runtime/procedural-word-senses.tsv (e.g. CONTROLLER/NOUN = 控制者), never the
# generic controller = 控制器 dictionary sense. Prefixes/nouns are not emitted
# as standalone words and do not combine with the court or municipal families.
# Ordinary generated priest offices use the same noun forms with their own
# prefixes, including in adventure-journal ascension titles. Keep both ranks
# in this shared vocabulary instead of adding individual office/event names.
high	高阶	religious-prefix
first	第一	religious-prefix
exalted	高尚	religious-prefix
holy	神圣	religious-prefix
sacred	神圣	religious-prefix
most high	至高	religious-prefix
absolute	绝对	religious-prefix
most exalted	至尊	religious-prefix
most holy	至圣	religious-prefix
most sacred	至圣	religious-prefix

# Generated offices: native Linux 53.16 catalogue at file 0x1cd33c1-0x1cd359f.
# The shared generator selects royal/chief/high/head before an official's
# complete role (0x90d0ba-0x90d129; high is written inline at 0x90fff7).
# Existing chamberlain/justiciar/law-giver and Doctor/Cook wording is retained.
# chief counselor and royal executioner follow the existing event translations.
# Rank terms are ONLY combined with these office nouns, not anatomy or names.
royal	皇家	office-prefix
chief	首席	office-prefix
head	首席	office-prefix
high	高阶	office-prefix
chancellor	大臣	office
chancellors	大臣	office
keeper of the seal	掌玺官	office
keepers of the seal	掌玺官	office
justiciar	司法官	office
justiciars	司法官	office
treasurer	司库	office
treasurers	司库	office
counselor	顾问	office
counselors	顾问	office
advisor	顾问	office
advisors	顾问	office
chamberlain	宫廷总管	office
chamberlains	宫廷总管	office
master of beasts	兽群总管	office
masters of beasts	兽群总管	office
butler	管家	office
butlers	管家	office
cup-bearer	斟酒官	office
cup-bearers	斟酒官	office
executioner	刽子手	office
executioners	刽子手	office
chef	厨师	office
chefs	厨师	office
doctor	医生	office
doctors	医生	office
housekeeper	内务管家	office
housekeepers	内务管家	office
# CUSTOM_MARKET_OFFICIAL_ is a different generator, not another court rank.
# Linux 53.16: switch 0x90df02 / table 0x20d1e4c; sewer, grain/harvest,
# fire, judiciary, building and road/bridge/tunnel branches. Titles are
# selected at 0x90e96f / 0x9108f1, including the inline " master" strings.
# Its literals span file 0x1cd35ac-0x1cd3643 plus inline/shared strings.
# Duty/title parts compile only as COMPLETE offices; in particular fire is
# firefighting here, not a replacement for fire elsewhere, and administrator
# retains the existing positions::mountain wording rather than a new glossary.
road	道路	civic-domain
bridge	桥梁	civic-domain
tunnel	隧道	civic-domain
sewer	下水道	civic-domain
grain	粮食	civic-domain
harvest	收获	civic-domain
fire	消防	civic-domain
building	建筑	civic-domain
master	主管	civic-office
masters	主管	civic-office
caretaker	管护员	civic-office
caretakers	管护员	civic-office
commissioner	专员	civic-office
commissioners	专员	civic-office
official	官员	civic-office
officials	官员	civic-office
administrator	管理员	civic-office
administrators	管理员	civic-office
# The judiciary branch emits an unqualified title, without a duty prefix.
# These are office senses; justice's sphere/procedural-name sense is unchanged.
judge	法官	term
judges	法官	term
justice	大法官	term
justices	大法官	term
magistrate	地方法官	term
magistrates	地方法官	term
# Military leadership has its own native branches, not the official ranks.
law-giver	立法者	term
law-givers	立法者	term
war leader	战争领袖	term
war leaders	战争领袖	term
general	将军	term
generals	将军	term
marshal	元帅	term
marshals	元帅	term
field marshal	陆军元帅	term
field marshals	陆军元帅	term
constable	统领	term
constables	统领	term
created the position of {s}	设立了{s}一职	action
compelled the creation of the position of {s}	强行设立了{s}一职	action
collaborated to create the position of {s}	共同设立了{s}一职	action
# These manners modify the act of founding an office. Translate the whole
# predicate rather than appending a Chinese adverb after an already ended act.
created the position of {s} as a matter of course	顺理成章地设立了{s}一职	action
created the position of {s}, pushed by a wave of popular support	在民众的拥护下设立了{s}一职	action
created the position of {s} through force of argument	据理力争，设立了{s}一职	action
compelled the creation of the position of {s} with threats of violence	以暴力威胁，强行设立了{s}一职	action
as a matter of course	顺理成章	clause
, pushed by a wave of popular support	，得到民众的拥护	clause
with threats of violence	以暴力威胁	clause
through force of argument	据理力争	clause
the creation of the position of {s}	设立{s}一职	title
the popularly-supported creation of the position of {s}	在民众拥护下设立{s}一职	title
the collaborative creation of the position of {s}	共同设立{s}一职	title
the forcible creation of the position of {s}	强行设立{s}一职	title
the audacious creation of the position of {s}	大胆设立{s}一职	title
members of {p}	{p}的成员	participant
formed a friendship	结为朋友	action
formed a false friendship where each used the other for information	假意结交，彼此利用以获取情报	action
the impersonation of {a}	对{a}身份的冒用	title
the impersonation of {n} by {a}	{a}冒用{n}身份的事件	title
the impersonation of {n} by {a} before {p}	{a}在{p}面前冒用{n}身份的事件	title
the moment when {a} fooled {a} into believing {n} was {n}	{a1}欺骗{a2}，使其相信{n1}就是{n2}之时	title
the moment when {a} fooled somebody into believing {n} was {n}	{a}欺骗某人，使其相信{n1}就是{n2}之时	title

# Justice, collective expulsion, property and religious event titles.
the sabotage of the activities of {p}	对{p}活动的破坏	title
the ransom of {a}	{a}的赎回	title
the sale of {a}	{a}的出售	title
the alliance between {p} and {p}	{p1}与{p2}之间的联盟	title
the breach of {p}	{p}被攻破	title
the persecution of {a}	对{a}的迫害	title
the sermon of {a}	{a}的布道	title
urging love between {p} and {p}	劝导{p1}与{p2}相互关爱	clause
setting {p} against {p}	挑拨{p1}与{p2}对立	clause
was expelled	被驱逐了	action
were expelled	遭到了驱逐	action
{a} and others were expelled	{a}及其他人遭到了驱逐	event
{a} and some others were expelled	{a}及一些其他人遭到了驱逐	event
Some property was confiscated	部分财产被没收	statement
Some sacred sites were desecrated	一些圣地遭到亵渎	statement
{n}'s property was confiscated	{n}的财产被没收	statement
{n}' property was confiscated	{n}的财产被没收	statement
{p} was desecrated	{p}遭到了亵渎	event
{a} were destroyed	{a}被摧毁了	event
{a} were desecrated	{a}遭到了亵渎	event
# These clauses introduce a NEW linked subject after an expulsion/property
# outcome. Do not use the shared noun-list "and" or an omitted-subject action.
and {a} was destroyed	，{a}被摧毁	clause
and {a} were destroyed	，{a}被摧毁	clause
and {p} was desecrated	，{p}遭到亵渎	clause
and {a} were desecrated	，{a}遭到亵渎	clause
, including {a}	，其中包括{a}	clause
several groups	数个势力	term
inherited {p}	继承了{p}	action
purchased {s} equipment, which {a} received	购买了{s}装备，并交给了{a}	action
, which {a} received	，并交给了{a}	clause
standard	标准	term
artifact	造物	term
the purchase of {p}	{p}的购置	title
the purchase of {s} equipment by {a}	{a}对{s}装备的购置	title
the addition of a feast hall	宴会厅的增建	title
the addition of a gated courtyard	有门庭院的增建	title
the addition of a dungeon	地牢的增建	title
the addition of improved fortifications	防御工事的改善	title
the addition of a feast hall to {p}	为{p}增建宴会厅	title
the addition of a gated courtyard to {p}	为{p}增建有门的庭院	title
the addition of a dungeon to {p}	为{p}增建地牢	title
the addition of improved fortifications to {p}	对{p}防御工事的改善	title
the inheritance of {p}	{p}的继承	title
the conviction of {a}	{a}被定罪	title
the wrongful conviction of {a}	{a}被错判有罪	title
the conviction of {a} for {s}	{a}被判犯有{s}	title
the wrongful conviction of {a} for {s}	{a}被错判犯有{s}	title

# Complete native reputation-level catalogue, Dwarf Fortress.exe file offsets
# 0x15ea720-0x15eb3c0. Scoped labels also serve historical reputation events.
# Existing whole-label and occupation wording takes precedence over new senses.
Reputation:	声望：	reputation
famous hero	名声显赫的英雄	reputation
hero	英雄	reputation
legendary hero	传奇英雄	reputation
legendary training partner	传奇训练伙伴	reputation
famous training partner	名声显赫的训练伙伴	reputation
greatly respected for heroic acts	因英雄之举而备受尊敬	reputation
respected for heroic acts	因英雄之举而受人尊敬	reputation
dabbling training partner	初入门径的训练伙伴	reputation
noted training partner	著名的训练伙伴	reputation
training partner	训练伙伴	reputation
legendary brawler	传奇斗士	reputation
known brawler	众所周知的斗士	reputation
rumored brawler	传闻中的斗士	reputation
famous brawler	名声显赫的斗士	reputation
noted brawler	著名的斗士	reputation
noted villain	著名的恶棍	reputation
known villain	众所周知的恶棍	reputation
legendary villain	传奇恶棍	reputation
infamous villain	臭名昭著的恶棍	reputation
rumored villain	传闻中的恶棍	reputation
famous trade partner	名声显赫的贸易伙伴	reputation
noted trade partner	著名的贸易伙伴	reputation
legendary trade partner	传奇贸易伙伴	reputation
trade partner	贸易伙伴	reputation
dabbling trade partner	初入门径的贸易伙伴	reputation
legendarily polite	礼貌程度堪称传奇	reputation
famously polite	以彬彬有礼而闻名	reputation
possibly polite	可能彬彬有礼	reputation
notably polite	格外彬彬有礼	reputation
polite	彬彬有礼	reputation
legendary killer	传奇杀手	reputation
known killer	众所周知的杀手	reputation
rumored killer	传闻中的杀手	reputation
infamous killer	臭名昭著的杀手	reputation
noted killer	著名杀手	reputation
noted murderer	著名的谋杀犯	reputation
known murderer	众所周知的谋杀犯	reputation
legendary murderer	传奇凶手	reputation
infamous murderer	臭名昭著的杀人犯	reputation
rumored murderer	传闻中的谋杀犯	reputation
famous comrade	名声显赫的同志	reputation
noted comrade	著名的同志	reputation
legendary comrade	传奇同志	reputation
comrade	同志	reputation
possible comrade	可能的同志	reputation
legendary ally	传奇同盟者	reputation
famous ally	名声显赫的同盟者	reputation
rumored ally	传闻中的同盟者	reputation
noted ally	著名的同盟者	reputation
known ally	众所周知的同盟者	reputation
legendary enemy	传奇敌人	reputation
known enemy	众所周知的敌人	reputation
rumored enemy	传闻中的敌人	reputation
infamous enemy	臭名昭著的敌人	reputation
noted enemy	著名的敌人	reputation
noted enemy fighter	著名的敌方战士	reputation
known enemy fighter	众所周知的敌方战士	reputation
legendary enemy fighter	传奇退敌斗士	reputation
infamous enemy fighter	臭名昭著的斗士	reputation
rumored enemy fighter	传闻中的敌方战士	reputation
famous fighter	名声显赫的战士	reputation
noted fighter	著名的战士	reputation
legendary fighter	传奇斗士	reputation
known fighter	众所周知的战士	reputation
rumored fighter	传闻中的战士	reputation
legendary bully	传奇恶霸	reputation
infamous bully	臭名昭著的恶霸	reputation
rumored bully	传闻中的恶霸	reputation
noted bully	著名的恶霸	reputation
known bully	众所周知的恶霸	reputation
legendary brigand	传奇盗贼	reputation
known brigand	众所周知的强盗	reputation
rumored brigand	传闻中的强盗	reputation
infamous brigand	臭名昭著的强盗	reputation
noted brigand	著名的强盗	reputation
noted loyal soldier	著名的忠诚士兵	reputation
known loyal soldier	众所周知的忠诚士兵	reputation
legendary loyal soldier	传奇的忠诚军人	reputation
famous loyal soldier	名声显赫的忠诚军人	reputation
rumored loyal soldier	传闻中的忠诚士兵	reputation
infamous monster	臭名昭著的怪物	reputation
noted monster	著名的怪物	reputation
legendary monster	传奇怪物	reputation
known monster	众所周知的怪物	reputation
rumored monster	传闻中的怪物	reputation
legendary storyteller	传奇说书人	reputation
famous storyteller	名声显赫的说书人	reputation
rumored storyteller	传闻中的说书人	reputation
noted storyteller	著名的说书人	reputation
known storyteller	众所周知的说书人	reputation
legendary poet	传奇诗人	reputation
known poet	众所周知的诗人	reputation
rumored poet	传闻中的诗人	reputation
famous poet	名声显赫的诗人	reputation
noted poet	著名的诗人	reputation
noted bard	著名的吟游诗人	reputation
known bard	众所周知的吟游诗人	reputation
legendary bard	传奇吟游诗人	reputation
famous bard	名声显赫的吟游诗人	reputation
rumored bard	传闻中的吟游诗人	reputation
famous dancer	名声显赫的舞蹈家	reputation
noted dancer	著名的舞蹈家	reputation
legendary dancer	传奇舞蹈家	reputation
known dancer	众所周知的舞蹈家	reputation
rumored dancer	传闻中的舞蹈家	reputation
legendary quarreler	爱争吵的传奇人物	reputation
infamous quarreler	因爱争吵而臭名昭著	reputation
rumored quarreler	据说爱争吵	reputation
noted quarreler	出了名地爱争吵	reputation
known quarreler	以爱争吵而为人所知	reputation
legendary flatterer	爱说好话的传奇人物	reputation
known flatterer	以爱说好话而为人所知	reputation
rumored flatterer	据说爱说好话	reputation
infamous flatterer	因爱说好话而臭名昭著	reputation
noted flatterer	出了名地爱说好话	reputation
talented hunter	天才猎人	reputation
skilled hunter	技巧高超的猎人	reputation
legendary hunter	传奇猎人	reputation
great hunter	伟大的猎人	reputation
rumored hunter	传闻中的猎人	reputation
famous protector of the weak	声名显赫的庇护者	reputation
noted protector of the weak	著名的庇护者	reputation
legendary protector of the weak	传奇庇护者	reputation
known protector of the weak	众所周知的庇护者	reputation
rumored protector of the weak	传闻中的庇护者	reputation
legendary treasure hunter	传奇寻宝者	reputation
famous treasure hunter	名声显赫的宝物猎人	reputation
rumored treasure hunter	传闻中的宝物猎人	reputation
noted treasure hunter	著名的宝物猎人	reputation
known treasure hunter	众所周知的宝物猎人	reputation
legendary thief	传奇盗贼	reputation
known thief	众所周知的盗贼	reputation
rumored thief	传闻中的盗贼	reputation
infamous thief	臭名昭著的盗贼	reputation
noted thief	著名的盗贼	reputation
noted information source	著名的情报来源	reputation
known information source	众所周知的情报来源	reputation
legendary information source	传奇情报来源	reputation
infamous information source	臭名昭著的情报来源	reputation
rumored information source	传闻中的情报来源	reputation
famous preserver of knowledge	名声显赫的博学大师	reputation
noted preserver of knowledge	著名的博学大师	reputation
legendary preserver of knowledge	传奇博学大师	reputation
known preserver of knowledge	众所周知的博学大师	reputation
rumored preserver of knowledge	传闻中的博学大师	reputation
legendary intruder	传奇侵略者	reputation
infamous intruder	臭名昭著的入侵者	reputation
rumored intruder	传闻中的入侵者	reputation
noted intruder	著名的入侵者	reputation
known intruder	众所周知的入侵者	reputation
legendary preacher	传奇传教士	reputation
known preacher	众所周知的传教士	reputation
rumored preacher	传闻中的传教士	reputation
infamous preacher	臭名昭著的传教士	reputation
noted preacher	著名的传教士	reputation

# Native Windows knowledge subjects used by discovery events and written works.
# Dwarf Fortress.exe: 0x1736798–0x173a36f, 0x173a668–0x173acaf,
# and 0x173acc0–0x173acef. The intervening generated-title words are excluded.
# Existing shared terms retain artifact=造物, traction bench=牵引台,
# and orthopedic cast=矫形石膏. No world-specific names are captured here.
discourse on the nature of justification	关于证成的本质的论述	term
discourse on the nature of perception	关于知觉的本质的论述	term
discourse on the nature of existence	关于存在的本质的论述	term
discourse on the nature of belief	关于信念的本质的论述	term
discourse on the meaning of individual happiness	关于个人幸福的意义的论述	term
discourse on medical ethics	关于医学伦理的论述	term
discourse on the nature of truth	关于真理的本质的论述	term
discourse on ethics as it regards the benefit of the state	关于国家利益伦理的论述	term
discourse on the nature of processes	关于过程的本质的论述	term
discourse on the nature of events	关于事件的本质的论述	term
discourse on ethics as applied to war	关于战争伦理的论述	term
discourse on the nature of causation	关于因果关系的本质的论述	term
discourse on the nature of mind and body	关于心灵与身体的本质的论述	term
discourse on the nature of time	关于时间的本质的论述	term
discourse on the relationship between wholes and parts	关于整体与部分的关系的论述	term
discourse on the relationship between objects and their properties	关于事物与其属性的关系的论述	term
discourse on diplomacy	关于外交的论述	term
the notion of etymology	词源学的概念	term
discourse on economic policy	关于经济政策的论述	term
discourse on government	关于政府的论述	term
discourse on law	关于法律的论述	term
discourse on ethics as applied to interpersonal conduct	关于人际行为伦理的论述	term
discourse on grammar	关于语法的论述	term
discourse on education	关于教育的论述	term
discourse on the causes of historical events	关于历史事件成因的论述	term
the idea of source reliability	史料可靠性的概念	term
the notion of bonds between members of a community	社群成员之间纽带的概念	term
the notion of historical, governmental and social cycles	历史、政体与社会循环的概念	term
discourse on the nature of beauty	关于美的本质的论述	term
discourse on social welfare	关于社会福利的论述	term
the idea of using symbolic notation for addition	使用符号表示加法的思想	term
discourse on the value of art	关于艺术价值的论述	term
propositional logic	命题逻辑	term
hypothetical syllogisms	假言三段论	term
analogical inference	类比推理	term
dialectic reasoning	辩证推理	term
formal reasoning	形式推理	term
the notion of conflict between members of a community	社群成员之间冲突的概念	term
syllogistic logic	三段论逻辑	term
deductive reasoning	演绎推理	term
the nature of justification	证成的本质	term
the nature of perception	知觉的本质	term
the nature of existence	存在的本质	term
the nature of belief	信念的本质	term
the meaning of individual happiness	个人幸福的意义	term
medical ethics	医学伦理	term
the nature of truth	真理的本质	term
ethics as it regards the benefit of the state	国家利益伦理	term
the nature of processes	过程的本质	term
the nature of events	事件的本质	term
ethics as applied to war	战争伦理	term
the nature of causation	因果关系的本质	term
the nature of mind and body	心灵与身体的本质	term
the nature of time	时间的本质	term
the relationship between wholes and parts	整体与部分的关系	term
the relationship between objects and their properties	事物与其属性的关系	term
bonds between members of a community	社群成员之间的纽带	term
historical, governmental and social cycles	历史、政体与社会的循环	term
the method of writing the history of a single individual	撰写个人生平历史的方法	term
conflict between members of a community	社群成员之间的冲突	term
the role of state bias and propaganda in sources	国家偏见与宣传对史料的影响	term
the role of systemic bias in sources	系统性偏见对史料的影响	term
the causes of historical events	历史事件的成因	term
using personal interviews as sources	将个人访谈用作史料	term
the method of accurately and comprehensively describing cultures and civilizations	准确而全面地描述文化与政权的方法	term
the compilation of many summaries into a single text	将多篇概述汇编为一部著作	term
the role of cultural differences in source reliability and interpretation	文化差异对史料可靠性与解读的影响	term
the method of comparing and contrasting different cultures	比较不同文化的异同的方法	term
the compilation of brief biographies into one large collection	将简短传记汇编为大型文集	term
the method of compiling several biographies to compare and contrast the subjects' character and to gain insight into history	汇编多篇传记以比较人物性格异同并深入理解历史的方法	term
the compilation of family lineages and methods of displaying them artfully	家族谱系的编纂与艺术化呈现方法	term
the method of writing a biography of oneself, particularly as it concerns a military campaign or adventure	撰写自传的方法，尤其是记述军事行动或冒险经历	term
the path of the moon	月亮的运行轨迹	term
the rise of the moon according to the season	月出随季节的变化	term
the height of the tides, the moon and the sun	潮汐高度与月亮、太阳的关系	term
the relationship between the moon and the tides	月亮与潮汐的关系	term
the method of collecting and evaluating artifacts to learn about history and culture	通过收集与评估造物了解历史与文化的方法	term
the exploration of how history would be different if some key past events had transpired differently	探究若关键历史事件以不同方式发生，历史将如何改变	term
the phases of the moon	月相	term
the method of examining artifacts to determine how techniques have changed over time	通过考察造物判断技术随时间变化的方法	term
the dates of lunar and solar eclipses	月食与日食的日期	term
the theory that the world moves around the sun	世界围绕太阳运行的理论	term
the compilation of information about stars	恒星资料的编纂	term
the creation of star charts	星图的绘制	term
the relationship between the lunar and solar year	太阴年与太阳年的关系	term
the rise of the sun according to the season	日出随季节的变化	term
the theory that the sun moves around the world	太阳围绕世界运行的理论	term
the variation of daylight with the season	日照时长随季节的变化	term
methods of empirical observation in astronomy	天文学中的实证观测方法	term
the precession of the equinoxes over great periods of time	漫长时期内的岁差变化	term
the dissection of creatures	生物解剖	term
the method of forming precise models for the paths of astronomical objects	为天体运行轨迹建立精确模型的方法	term
the classification of stars according to color	按颜色对恒星分类	term
the precise compilation of information about stars	恒星资料的精确编纂	term
the shape of the world	世界的形状	term
the classification of stars according to brightness	按亮度对恒星分类	term
the foraging behavior and diet of creatures	生物的觅食行为与食性	term
the reproductive behavior of creatures	生物的繁殖行为	term
the social behavior of creatures	生物的社会行为	term
the links between the diets of different creatures	不同生物食性之间的联系	term
the comparison of the anatomy of creatures	生物的比较解剖	term
the anatomical study of creatures	生物的解剖学研究	term
the migratory patterns of creatures	生物的迁徙规律	term
the classification of creatures by their physical features	按身体特征对生物分类	term
the classification of ores	矿石分类	term
the classification of combustible materials	可燃材料分类	term
a method of classify the hardness of materials by scratching them against each other	通过相互刻划对材料硬度分级的方法	term
the mixture of metals to produce alloys	混合金属以制成合金	term
the ways that creatures are suited to the climates in which they live	生物适应其栖息地气候的方式	term
the diseases of creatures	生物的疾病	term
the struggle for survival among creatures	生物之间的生存竞争	term
the embriological development of creatures	生物的胚胎发育	term
the theory and methods involved in distillation	蒸馏的理论与方法	term
the theory and methods involved in the extraction of a constituent liquid from one solution to another	将液体成分从一种溶液萃取到另一种溶液中的理论与方法	term
the classification of alkali and acids	碱与酸的分类	term
the theory and methods involved in evaporation	蒸发的理论与方法	term
the preparation and use of adhesive materials	黏合材料的制备与使用	term
the classification of materials based on which elemental materials might form them	根据可能组成材料的元素材料对其分类	term
the construction and use of the alembic	蒸馏器的制造与使用	term
the construction and use of the blast furnace	高炉的建造与使用	term
diplomacy, its forms and recommendations	外交的形式与建议	term
etymology	词源学	term
economic policy, its forms and recommendations	经济政策的形式与建议	term
government, its forms and recommendations	政府的形式与建议	term
law, its forms and recommendations	法律的形式与建议	term
ethics as applied to interpersonal conduct	人际行为伦理	term
grammar	语法	term
education, its forms and recommendations	教育的形式与建议	term
dictionaries	词典	term
the value of art	艺术的价值	term
a symbol for nothingness	表示零的符号	term
the method of proof by contradiction	反证法	term
inductive reasoning	归纳推理	term
social welfare, its forms and recommendations	社会福利的形式与建议	term
the nature of beauty	美的本质	term
direct inference	直接推理	term
the properties of similar and congruent triangles	相似三角形与全等三角形的性质	term
the method of exhaustion	穷竭法	term
the equality of the base angle of isosceles triangles	等腰三角形的底角相等	term
the relationship between the length of the altitude of a right triangle and the lengths of the segments into which it divides the hypotenuse	直角三角形斜边上的高与其划分出的两段斜边的长度关系	term
notation for very large numbers	表示极大数的记号	term
notation for negative quantities	表示负数的记号	term
geometric objects: points, lines, circles, triangles, and so on	几何对象：点、线、圆、三角形等	term
positional notation	位值记数法	term
the existence of incommensurable ratios	不可公度比的存在	term
examples of triples of very large whole numbers which, when taken together, are the lengths of the sides of a right triangle	极大的三个整数组成直角三角形三边长度的例子	term
the unique decomposition of a number into products of its prime divisors	将一个数唯一地分解为其质因数的乘积	term
axiomatic reasoning	公理化推理	term
the relationship between the lengths of the hypotenuse of a right triangle and the other two sides	直角三角形斜边与另两边的长度关系	term
the angles of triangles inscribed in a circle with one edge on the diameter	一边为圆直径的内接三角形的角度	term
examples of triples of large whole numbers which, when taken together, are the lengths of the sides of a right triangle	较大的三个整数组成直角三角形三边长度的例子	term
examples of triples of small whole numbers which, when taken together, are the lengths of the sides of a right triangle	较小的三个整数组成直角三角形三边长度的例子	term
an algorithm for dividing one number into another, possibly yielding a remainder	求一个数除以另一个数的商与余数的算法	term
an approximate value of the ratio of the circumference of a circle to its diameter, using the circumference of polygons and the method of exhaustion	利用多边形周长与穷竭法求圆周长与直径之比的近似值	term
the computation of the area of a triangle from its three side lengths alone	仅用三边长计算三角形面积	term
a table of chord lengths indexed by angle	按角度编排的弦长表	term
the computation of the volume of different pyramids	不同棱锥体积的计算	term
an algorithm for computing the greatest common divisor of two numbers	计算两个数最大公约数的算法	term
the computation of the volume of a sphere	球体体积的计算	term
the computation of the volume of a cone	圆锥体积的计算	term
an algorithm for calculating prime numbers	求质数的算法	term
the area enclosed by a parabola and a line	抛物线与直线围成的面积	term
a proof that there are infinitely many prime numbers	质数有无穷多个的证明	term
an approximation for the length of the diagonal of a square	正方形对角线长度的近似值	term
an approximation of the ratio of the circumference of a circle to its diameter, using the area of polygons and the method of exhaustion	利用多边形面积与穷竭法求圆周长与直径之比的近似值	term
the relationship between the area of a circle and its radius, involving the ratio of the circumference of the circle to its diameter	圆的面积、半径以及圆周长与直径之比之间的关系	term
an algorithm for computing a number which has given remainders when divided by several given primes	求被若干给定质数除后具有指定余数的数的算法	term
the categorization and properties of conic sections	圆锥曲线的分类与性质	term
the solving of quadratic equations by completion of the square	用配方法解二次方程	term
the techniques of balancing and completion for solving equations	通过平衡与配方求解方程的技巧	term
notation for abbreviating the unknown and other elements of an equation in a systematic and useful fashion	系统且实用地简写未知数及方程其他要素的记号	term
a formula which solves quadratic equations	二次方程的求根公式	term
the computation of the surface area of a sphere	球体表面积的计算	term
a proof that the length of the diagonal of a square is incommensurable with its edge	正方形对角线与边长不可公度的证明	term
methods for solving systems of equations	方程组的求解方法	term
simple formulas for certain arbitrarily large sums	求某些任意多项之和的简明公式	term
the divergence of the harmonic series	调和级数的发散性	term
experiments with symbolic notation for addition	使用符号表示加法的尝试	term
the reliability of sources	史料的可靠性	term
the properties of chords	弦的性质	term
trigonometric identities relating to the sums and differences of angles	关于角的和与差的三角恒等式	term
the relationship between the half chords of a triangle's angles, the opposite side lengths, and the diameter of the triangle's circumscribed circle	三角形各角的半弦长、对边长与其外接圆直径之间的关系	term
methods for solving certain equations involving powers higher than the quadratic	某些高于二次的方程的求解方法	term
a triangular configuration of numbers relating to the successive powers of any sum	与两数之和的各次幂有关的三角形数阵	term
the use of plants as surgical models	使用植物作为外科练习模型	term
the use of mud bags as surgical models	使用泥袋作为外科练习模型	term
the use of specialized surgical instruments	专用外科器械的使用	term
the use of animals as surgical models	使用动物作为外科练习模型	term
the surgical method of suturing	外科缝合方法	term
the surgical method of probing	外科探查方法	term
the use of practice models in surgery	外科练习模型的使用	term
the surgical method of ligature	外科结扎方法	term
cauterization	烧灼术	term
cataract surgery	白内障手术	term
pulmonary medicine	肺病学	term
anesthesia	麻醉	term
the construction and use of the scalpel	手术刀的制造与使用	term
the construction and use of forceps	手术钳的制造与使用	term
the construction and use of surgical needles	手术针的制造与使用	term
the construction and use of surgical scissors	手术剪的制造与使用	term
the study of reaction time	反应时间的研究	term
the function of the nervous system	神经系统的功能	term
pulmonary circulation	肺循环	term
the distinction between veins and arteries	静脉与动脉的区别	term
the classification of bodily fluids	体液分类	term
anatomical studies for medical edification	用于医学教育的解剖学研究	term
the distinction between motor and sensory nerves	运动神经与感觉神经的区别	term
the anatomy of the eye	眼的解剖结构	term
the preparation and use of dedicated hospitals	专门医院的设立与使用	term
the treatment of mental illnesses	精神疾病的治疗	term
the use of specialized wards in hospitals	医院专科病房的使用	term
the use of professional hospital staff	医院专业人员的雇用	term
the source of the voice	声音的产生部位	term
comparative anatomical studies for use in medicine	用于医学的比较解剖学研究	term
the classification of mental illnesses	精神疾病分类	term
the classification of muscles	肌肉分类	term
the use of conical shapes in water-based clocks to improve their accuracy	在水钟中使用锥形结构以提高精度	term
the use of water-based devices to tell time	使用水力装置计时	term
the construction and use of the astrarium	天文钟的制造与使用	term
the use of reservoirs in water-based clocks to improve their accuracy	在水钟中使用蓄水池以提高精度	term
schools of medicine	医学学派	term
the use of a laboratory for preparation of remedies in a hospital	在医院中使用实验室配制药物	term
the use of shadows to tell direction and time	利用影子判断方向与时间	term
the creation of asylums for the mentally ill	为精神疾病患者设立收容院	term
the construction and use of the screw	螺杆的制造与使用	term
the reasons why screws are effective	螺杆发挥作用的原理	term
the construction and use of the windlass	绞盘的制造与使用	term
the reasons why the wheel-and-axle construction is effective	轮轴结构发挥作用的原理	term
the construction and use of mechanical clocks	机械钟的制造与使用	term
the construction and use of the hourglass	沙漏的制造与使用	term
the construction and use of the pulley	滑轮的制造与使用	term
the reasons why pulleys are effective	滑轮发挥作用的原理	term
the construction and use of the warded lock	障碍式锁具的制造与使用	term
the reasons why gears are effective	齿轮发挥作用的原理	term
the construction and use of the padlock	挂锁的制造与使用	term
the construction and use of the tumbler lock	制栓锁的制造与使用	term
the reasons why the lever is effective	杠杆发挥作用的原理	term
the reasons why the wedge is effective	楔子发挥作用的原理	term
the construction and use of the straight-beam balance	直梁天平的制造与使用	term
the construction and use of the lever	杠杆的制造与使用	term
the construction and use of the mechanical compass	机械指南装置的制造与使用	term
the construction and use of chain drives	链传动装置的制造与使用	term
the construction and use of combination locks	密码锁的制造与使用	term
the construction and use of the differential gear	差速齿轮的制造与使用	term
the construction and use of the crankshaft	曲轴的制造与使用	term
the construction and use of the camshaft	凸轮轴的制造与使用	term
the construction and use of the chariot odometer	战车里程计的制造与使用	term
the construction and use of the water-powered sawmill	水力锯木厂的建造与使用	term
the construction and use of the crucible	坩埚的制造与使用	term
the construction and use of the funnel	漏斗的制造与使用	term
the preparation of oil of vitriol	硫酸的制备	term
the preparation of spirit of niter	硝酸的制备	term
the construction and use of the flask	烧瓶的制造与使用	term
methods for performing experiments systematically in the laboratory	在实验室中系统进行实验的方法	term
the construction and use of the vial	小药瓶的制造与使用	term
the construction and use of the beaker	烧杯的制造与使用	term
the construction and use of the surveying staff	测量标尺的制造与使用	term
the process of surveying land	土地测量过程	term
surveying by triangulation	三角测量	term
the process involved in creating maps	地图绘制过程	term
the construction and use of the ampoule	安瓿的制造与使用	term
the preparation of aqua regia	王水的制备	term
the construction and use of laboratory ovens	实验室烘炉的制造与使用	term
the construction and use of the retort	曲颈甑的制造与使用	term
the use of a grid system in the creation of maps	绘制地图时使用网格系统	term
the placement of geological information on maps	在地图上标注地质信息	term
the measurement of the heights of land features	地形高度的测量	term
the use of a distance scale in the creation of maps	绘制地图时使用比例尺	term
surveying by triangulation for the purpose of allocating land	用于分配土地的三角测量	term
surveying by triangulation for the purpose of creating maps	用于绘制地图的三角测量	term
surveying by triangulation for engineering projects	用于工程项目的三角测量	term
surveying by triangulation for military purposes	用于军事目的的三角测量	term
the origin of rainfall through evaporation and condensation	降雨通过蒸发与凝结形成的过程	term
the forces that govern wind patterns	决定风向与风力变化的作用力	term
the division of the world into climate zones	世界气候区的划分	term
a world-wide cycle involving precipitation, oceans, rivers and other forms of water	涉及降水、海洋、河流等水体的全球水循环	term
the placement of economic information on maps	在地图上标注经济信息	term
the process of economic data collection	经济数据的收集过程	term
the process of the formation of deltas at the mouths of rivers	河口三角洲的形成过程	term
the collection of maps and other information into a single text	将地图与其他资料汇编为一部著作	term
determining the likely outcome given a patient's current status	根据患者当前状况判断可能的转归	term
the method of autopsy	尸体解剖方法	term
remedies prepared from animals	用动物制备的药物	term
herbal remedies	草药	term
methods of adjusting maps to account for the shape of the world	根据世界形状调整地图的方法	term
the creation of accurate maps	精确地图的绘制	term
the method of physical examination in diagnosing illness	通过体格检查诊断疾病的方法	term
the connection between disease and fouled water	疾病与污水的联系	term
the theory of endemic disease	地方病理论	term
the distinction between acute and chronic conditions	急性与慢性病症的区别	term
the notion of the exacerbation of a patient's condition	患者病情加重的概念	term
the theory of epidemic disease	流行病理论	term
the method of bandaging wounds	包扎伤口的方法	term
mineral remedies	矿物药物	term
the classification of toxic substances	有毒物质的分类	term
the classification of disease	疾病分类	term
the classification of fractures	骨折分类	term
the treatment of fractures	骨折治疗	term
the method of fracture immobilization	骨折固定方法	term
the construction and use of the traction bench	牵引台的制造与使用	term
the notion of relapse	复发的概念	term
the notion of paroxysm	阵发性发作的概念	term
the treatment of traumatic injuries	外伤治疗	term
the theory of convalescence	康复理论	term
the lithotomy surgery	取石手术	term
the tracheotomy surgery	气管切开手术	term
the surgical method of draining	外科引流方法	term
the surgical method of scraping	外科刮除方法	term
the surgical method of excision	外科切除方法	term
the creation and use of the orthopedic cast	矫形石膏的制作与使用	term
hernia surgery	疝修补手术	term
the surgical method of incision	外科切开方法	term

# The engineering/optical continuation is separated by generated book-title
# words in the native image; it is part of the same knowledge catalogue.
the construction and use of the crystal lens	水晶透镜的制造与使用	term
the construction and use of the force pump	压力泵的制造与使用	term
the construction and use of the glass lens	玻璃透镜的制造与使用	term
the construction and use of water-filled sphere as a lens	注水球体透镜的制造与使用	term
the construction and use of the balance wheel	摆轮的制造与使用	term
the construction and use of the verge escapement	冠轮擒纵机构的制造与使用	term
the construction and use of valves	阀门的制造与使用	term
the action of the siphon	虹吸作用	term
the use of models and templates in engineering	工程中模型与模板的使用	term
the relation between refraction and the half chord	折射与半弦长的关系	term
the construction and use of the dioptra	照准仪的制造与使用	term
the use of lamination	层压技术的使用	term
the construction and use of the parabolic mirror	抛物面镜的制造与使用	term
the construction and use of the camera obscura	暗箱的制造与使用	term
the appearance of rainbows based on optical theories	基于光学理论解释彩虹的形成	term
the theory of light and color	光与颜色的理论	term
the construction and use of the water-powered trip hammer	水力锻锤的制造与使用	term
the construction and use of the orrery	太阳系运行仪的制造与使用	term
a precise description of buoyancy and water displacement	浮力与排水量的精确描述	term
the construction and use of double-acting piston bellows	双作用活塞风箱的制造与使用	term
the construction and use of the armillary sphere	浑仪的制造与使用	term
the construction and use of the astrolabe	星盘的制造与使用	term
the construction and use of mural instruments	壁式天文观测仪器的制造与使用	term
the construction and use of the spherical astrolabe	球形星盘的制造与使用	term
the construction and use of the bellows	风箱的制造与使用	term
the construction and use of the crank	曲柄的制造与使用	term
the construction and use of the water wheel	水轮的制造与使用	term
the construction and use of the water-powered piston bellows	水力活塞风箱的制造与使用	term
a precise explanation of the cause of twilight involving atmospheric refraction	考虑大气折射的曙暮光成因的精确解释	term
atmospheric refraction	大气折射	term
the construction and use of the piston	活塞的制造与使用	term
the calculation of the height of the atmosphere based on atmospheric refraction	根据大气折射计算大气层高度	term
the construction and use of the trip hammer	锻锤的制造与使用	term

# Installed Windows Dwarf Fortress.exe narrative catalogue, file offsets
# Justice, surveillance and framed convictions (0x16dc310-0x16dc720).
sentenced to one hammerstroke	被判处一次锤刑	clause
sentenced to {c} hammerstrokes	被判处{c}次锤刑	clause
sentenced to more than {c} hammerstrokes	被判处超过{c}次锤刑	clause
sentenced to one month	被判处一个月监禁	clause
sentenced to one year	被判处一年监禁	clause
sentenced to more than {c} months	被判处超过{c}个月监禁	clause
sentenced to more than {c} years	被判处超过{c}年监禁	clause
and imprisoned for a term of one month	并被判处一个月监禁	clause
and imprisoned for a term of one year	并被判处一年监禁	clause
and imprisoned for a term of more than {c} months	并被判处超过{c}个月监禁	clause
and imprisoned for a term of more than {c} years	并被判处超过{c}年监禁	clause
and beaten	并遭到了殴打	clause
beaten	遭到了殴打	clause
confessed and	认了罪，并	clause
was convicted of {s}	被判定犯有{s}	action
was wrongfully convicted of {s}	被错判犯有{s}	action
the corrupt {a}	腐败的{a}	participant
the target {a}	目标{a}	participant
the contact {a}	联络人{a}	participant
a coconspirator, {a}	同谋{a}	participant
as the plot unfolded	在阴谋逐步展开时	clause
the arrest and interrogation of {a}	对{a}的逮捕和审讯	title

# Event summaries are recursive story subjects, not save-specific strings.
# Role, relationship and employment catalogue (0x16dc740-0x16dccd0).
the claim of {a} to the position of {s} of {p}	{a}对{p}{s}职位的宣称	title
the claim of {a}	{a}的宣称	title
the work of {a}	{a}的工作	title
the acceptance of {a} as a member of {p}	{p}接纳{a}成为成员	title
the acceptance of {a} into the mercenary service of {p}	{p}接纳{a}为佣兵	title
the crimes of {a}	{a}的罪行	title
the imprisonment of {a} by {a}	{a2}对{a1}的囚禁	title
the enslavement of {a} by {a}	{a2}对{a1}的奴役	title
the enslavement of {a}	{a}遭受奴役	title
the selection of {a} to the position of {s} of {p}	{a}被选任为{p}的{s}	title
the election of {a} to the position of {s} of {p}	{a}当选{p}的{s}	title
the rise of {a} to the position of {s} of {p}	{a}升任{p}的{s}	title
the entry of {a} into the mercenary service of {p}	{a}开始为{p}担任佣兵	title
the status of {a} as an enemy of {p}	{a}与{p}为敌的身份	title
the status of {a} as a {s} in the eyes of {p}	{p}眼中{a}的{s}身份	title
the status of {a} as a {s}	{a}的{s}身份	title
the status of {a}	{a}的身份	title
the recruitment of {a}	对{a}的招募	title
the appointment of {a} to the position of {s} of {p}	{a}被任命为「{p}」的{s}	title
the appointment of {a} to the position of {s} of {p} in {d}	第{d}年，{a}被任命为「{p}」的{s}	title
# Adventurer log event headings use possessive summaries of the same events.
# Names, religious organizations and offices retain the shared typed grammar.
{n}'s ascension to {s} of {p}	{n}就任{p}的{s}	title
{n}'s presence in {p}	{n}在{p}出现	title
{p}'s harassment of {p}	{p1}骚扰了{p2}	title
{p}'s march to reclaim {p}	{p1}为收复{p2}而发动的远征	title
abbot	修道院长	term
abbess	修道院长	term
the ascension of {a} to the position of {s} of {p}	{a}就任{p}的{s}	title
the false friendship of {a} and {a}	{a1}与{a2}的虚假友谊	title
the escape of {a} from the prisons of {p}	{a}逃出{p}的监狱	title
the escape of {a} from the slavery of {p}	{a}逃脱{p}的奴役	title
the expulsion of {a}	对{a}的驱逐	title
the friendship of {a} and {a}	{a1}与{a2}的友谊	title
the removal of the seat of power of {a}	{a}不再以此为统治中心	title
the cease of occupation of {a}	{a}停止占领	title
the moving out of {a}	{a}的迁出	title
the stoppage of hanging-out of {a}	{a}不再到此消磨时光	title
the residence of {a}	{a}的居住	title
the hanging-out of {a}	{a}在此消磨时光	title
the lair of {a}	{a}的筑巢	title
the end of the companionship of {a} and {a}	{a1}与{a2}不再结伴	title
the seat of power of {a}	{a}的统治中心	title
the working of {a}	{a}的工作	title
the end of the imprisonment of {a}	{a}获释	title
the end of the imprisonment by {a}	{a}不再囚禁对方	title
the end of the master-apprentice of {a} and {a}	{a1}与{a2}师徒关系的终结	title
the end of the apprenticeship of {a} under {a}	{a1}不再师从{a2}	title
the divorce of {a} and {a}	{a1}与{a2}的离婚	title
the termination of {e}	{e}的终止	title
the end of the romantic relationship between {a} and {a}	{a1}与{a2}恋情的终结	title
the loss of faith of {a} in {a}	{a1}不再信奉{a2}	title
the former master-apprentice relationship of {a} and {a}	{a1}与{a2}昔日的师徒关系	title
the master-apprentice relationship of {a} and {a}	{a1}与{a2}的师徒关系	title
the apprenticeship of {a} under {a}	{a1}师从{a2}	title
the former apprenticeship of {a} under {a}	{a1}昔日师从{a2}	title
the companionship of {a} and {a}	{a1}与{a2}的结伴同行	title
the romantic relationship between {a} and {a}	{a1}与{a2}的恋情	title
the belief of {a} in {a}	{a1}对{a2}的信仰	title
the imprisonment of {a}	{a}遭受囚禁	title
the imprisonment by {a}	{a}实施的囚禁	title
the marriage of {a} and {a}	{a1}与{a2}的婚姻	title
as an enemy of {p}	以{p}敌人的身份	clause
into the mercenary service of {p}	为{p}担任佣兵	clause
as a member of {p}	以{p}成员的身份	clause
in the eyes of {p}	在{p}眼中	clause
to the position of {s} of {p}	担任{p}的{s}	clause
as the pet of {a}	作为{a}的宠物	clause
as the child of {a}	作为{a}的孩子	clause
as the owner of {a}	作为{a}的主人	clause
as the parent of {a}	作为{a}的父母	clause

# Agreements, relation endings and trade assessments (0x16dccd0-0x16dd420).
bound service	受约束的效力	term
the rejection of {s}	对{s}的拒绝	title
the failure of {s}	{s}的失败	title
the unsatisfactory conclusion of {s}	{s}令人不满的结局	title
the miserable failure of {s}	{s}的惨败	title
the brilliant of {s}	{s}的辉煌成果	title
the fair conclusion of {s}	{s}的尚可结果	title
the positive of {s}	{s}的积极结果	title
{e} proposed by {a}	{a}提出的{e}	title
proposed by {a}	由{a}提出	clause
fairly	结果尚可	clause
concluded	结束了	action
, cementing bonds of mutual trust	，从而巩固了相互信任	clause
the rejection of contact by {a}	{a}拒绝接触	title
the first contact of {a} and {a}	{a1}与{a2}的首次接触	title
the end of the claim of {a} to the position of {s} of {p}	{a}放弃对{p}{s}职位的宣称	title
the end of the former enslavement of {a}	{a}不再被视为原先的奴隶	title
the end of the former mercenary status of {a}	{a}失去前佣兵身份	title
the end of work of {a}	{a}工作关系的结束	title
the end of the former imprisonment of {a}	{a}不再被视为原先的囚犯	title
the loss of heroic status of {a}	{a}失去英雄地位	title
the peace-making of {a} and {a}	{a1}与{a2}的讲和	title
the end of the former membership of {a}	{a}失去前成员身份	title
the end of the membership of {a}	{a}成员资格的终止	title
the fall of {a} from the position of {s} of {p}	{a}失去{p}的{s}职位	title
the loss of status of {a}	{a}失去地位	title
the departure of {a}	{a}的离去	title
the removal of {a} from the position of {s} of {p}	{a}被免去{p}的{s}职位	title
from the position of {s} of {p}	离开{p}的{s}职位	clause
from the mercenary service of {p}	结束为{p}担任佣兵	clause
as a former mercenary of {p}	以{p}前佣兵的身份	clause
as a former member of {p}	以{p}前成员的身份	clause
as a former prisoner of {p}	以{p}前囚犯的身份	clause
as a former slave of {p}	以{p}前奴隶的身份	clause
gambling of {a}	{a}的赌博	title
trading of {a}	{a}的交易	title
unfavorable gambling of {a}	{a}不利的赌博	title
favorable gambling of {a}	{a}有利的赌博	title
skillful gambling of {a}	{a}娴熟的赌博	title
masterful gambling of {a}	{a}精湛的赌博	title
unfortunate gambling of {a}	{a}不幸的赌博	title
disastrous gambling of {a}	{a}灾难性的赌博	title
unfavorable trading of {a}	{a}不利的交易	title
favorable trading of {a}	{a}有利的交易	title
skillful trading of {a}	{a}娴熟的交易	title
masterful trading of {a}	{a}精湛的交易	title
unfortunate trading of {a}	{a}不幸的交易	title
disastrous trading of {a}	{a}灾难性的交易	title

# Diplomatic corpses and agreements (0x16dd448-0x16dd970).
the loss of a diplomat of {p}	{p}失去一名外交官	title
the voiding of agreements with {p}	与{p}的协议作废	title
horrible mutilation of {a}	对{a}的残忍肢解	title
hanging from a {s} of the skins of {a}	将{a}的皮挂在{s}上	title
display on {s} of the skins of {a}	将{a}的皮陈列在{s}上	title
construction of a gruesome sculpture from {a}	将{a}拼成骇人的雕塑	title
animation of {a}	{a}的复活	title
impalement on {s} of {a}	将{a}刺穿在{s}上	title
construction of a grotesque pillar from {a}	将{a}堆成怪诞的尸柱	title
construction of a grisly mound from {a}	将{a}堆成可怖的尸丘	title
the body of {a} was flayed and the skin stretched over {p} by {a}	{a2}将{a1}的尸体剥皮，并将皮绷在{p}上	event
the bodies of {a} were flayed and the skin stretched over {p} by {a}	{a2}将{a1}的尸体剥皮，并将皮绷在{p}上	event
the body of {a} was hung from a {s} by {a}	{a2}将{a1}的尸体悬挂在{s}上	event
the bodies of {a} were hung from a {s} by {a}	{a2}将{a1}的尸体悬挂在{s}上	event
the acceptance of an offer of peace from {p}	接受{p}的和平提议	title
the rejection of an offer of peace from {p}	拒绝{p}的和平提议	title
the acceptance of {s}	接受{s}	title
the making of {s}	提出{s}	title
the dispute between {a} and {a} over {s}	{a1}与{a2}关于{s}的争端	title
became embroiled in a dispute over {s}	卷入了关于{s}的争端	action
corrupt dealings	腐败交易	term
the conclusion of {s}	{s}的结束	title
after a joyous reunion	在欢喜地重聚后	history-adjunct
after an adoption	在被收养后	history-adjunct
an agreement to retrieve {p}	找回{p}的协议	title

# Artifact status and merchant visits (0x16dd988-0x16dde14).
the claiming of {p}	对{p}所有权的宣称	title
the sanctification of {p}	将{p}奉为圣物	title
the offering of {p}	献出{p}	title
the storing of {p}	对{p}的存放	title
the acquisition of {p}	获得{p}	title
the concealment of {p}	藏起{p}	title
{p} was sanctified	{p}被奉为圣物	event
{p} was claimed	有人宣称拥有{p}	event
{p} was made a family heirloom	{p}被定为传家宝	event
{p} was offered to {a}	{p}被献给了{a}	event
{p} was acquired	{p}被获得了	event
{p} was inherited	{p}被继承了	event
{p} was stored	{p}被存放了	event
{p} was made an official symbol by {a}	{a}将{p}定为正式象征	event
{p} was made an official symbol	{p}被定为正式象征	event
{p} was made a symbol of {p} by {a}	{a}将{p1}定为{p2}的象征	event
{p} was made a symbol of {p}	{p1}被定为{p2}的象征	event
into a family heirloom	成为传家宝	clause
visit of merchants from {p}	来自{p}的商人来访	title
tribute delivery	运送贡品	title
tribute delivery to {p}	向{p}运送贡品	title
costly visit of merchants from {p}	来自{p}的商人来访，代价高昂	title
terrible visit of merchants from {p}	来自{p}的商人来访，结果糟糕	title
profitable visit of merchants from {p}	来自{p}的商人来访，获利丰厚	title
tragic visit of merchants from {p}	来自{p}的商人来访，酿成悲剧	title
ill-fated visit of merchants from {p}	来自{p}的商人来访，遭遇不幸	title
costly tribute delivery	代价高昂的贡品运送	title
terrible tribute delivery	结果糟糕的贡品运送	title
profitable tribute delivery	获利丰厚的贡品运送	title
tragic tribute delivery	酿成悲剧的贡品运送	title
ill-fated tribute delivery	遭遇不幸的贡品运送	title
merchants from {p}	来自{p}的商人	participant
trading of {i}	{i}的交易	title

# Performance/competition subjects and individual thefts (0x16dde20-0x16de320).
including {a}	其中包括{a}	clause
held the story of {e}	讲述了{e}的故事	action
a telling of the story of {e}	讲述{e}的故事	clause
the performance of {b}	《{b}》的表演	title
a story recital	故事讲述	title
a dance	舞蹈	title
a concert	音乐会	title
a gladiatory competition	角斗比赛	title
a wrestling competition	摔跤比赛	title
a music competition	音乐比赛	title
a dance competition	舞蹈比赛	title
a poetry competition	诗歌比赛	title
a flying race	飞行比赛	title
a foot race	赛跑	title
a {i} throwing competition	{i}投掷比赛	title
an {i} throwing competition	{i}投掷比赛	title
a competition involving {b}	以《{b}》为内容的比赛	title
{e} held by {a}	{a}举办的{e}	title
a procession held by {a}	{a}举办的游行	title
a ceremony held by {a}	{a}举办的仪式	title
held by {a}	由{a}举办	clause
the theft of {p}	对{p}的盗窃	title
the discardment of {p}	丢弃{p}	title
the confiscation of {p}	没收{p}	title
the recovery of {p}	找回{p}	title
the looting of {p}	劫掠{p}	title
the disappearance of {p}	{p}的遗失	title
the discovery of {p}	发现{p}	title
the acquisition of a copy of {b}	获得《{b}》的抄本	title
the naming of {p}	为{p}命名	title
the authoring of {b}	《{b}》的撰写	title
# Creative-work references retain the complete book/form title, optional
# site, and creator in this order. The shared event parser owns the date tail.
the creation of {b}	《{b}》的创作	title
the creation of {b} in {p}	在{p}创作《{b}》	title
the creation of {b} by {a}	{a}创作《{b}》	title
the creation of {b} in {p} by {a}	{a}在{p}创作《{b}》	title
{p} was looted	{p}被劫走了	event
{p} was confiscated	{p}被没收了	event
{p} was confiscated by {a}	{a}没收了{p}	event
{p} was stolen	{p}被偷走了	event
{p} was stolen by {a}	{a}偷走了{p}	event
{p} was stolen from {p}	{p1}被人从{p2}偷走了	event
{p} was stolen from {p} by {a}	{a}从{p2}偷走了{p1}	event
{p} was recovered	{p}被找回了	event
{p} was created	{p}被创造了	event
and brought to {p}	并将其带到了{p}	clause
a work	一部作品	term
a poetic form	一种诗歌形式	term
a dance form	一种舞蹈形式	term
a musical form	一种音乐形式	term

# Group descriptions and link annotations (0x16de330-0x16de758).
deceased spouse	亡故配偶	term
former apprentice	前学徒	term
former master	前师傅	term
former spouse	前配偶	term
imprisoner	囚禁者	term
traveling companion	旅伴	term
apprenticeship	师徒关系	term
object of faithful worship	忠诚崇拜的对象	term
object of dubious worship	怀疑信仰的对象	term
, an assault on {p}	，即对{p}的攻袭	clause
to fight in {e}	以参加{e}	clause
as a scout	担任斥候	clause
was hired by {a}	受雇于{a}	action
centered around the worship of {a}	以崇拜{a}为中心	clause
centered around the worship of various beings	以崇拜众多生灵为中心	clause
known for their use of {s}	以运用{s}的技艺闻名	clause
known for {s}	以{s}闻名	clause
devoted to worship	专心于崇拜	clause
linked to {p}	与{p}有关联	clause
dedicated to the mastery of {s}	致力于精通{s}	clause
devoted to the worship of {a}	专心崇拜{a}	clause
was a {s} civilization of {p}	曾是{p}的{s}政权	action
was a civilization of {p}	曾是{p}的一个政权	action
was a {s} collection of outcasts from {p}	曾是来自{p}的{s}流亡者势力	action
was a collection of outcasts from {p}	曾是来自{p}的流亡者势力	action
was a {s} performance troupe from {p}	曾是来自{p}的{s}演出团	action
was a performance troupe from {p}	曾是来自{p}的演出团	action
was a {s} merchant company from {p}	曾是来自{p}的{s}商贸公司	action
was a merchant company from {p}	曾是来自{p}的商贸公司	action
was a {s} bandit gang from {p}	曾是来自{p}的{s}匪帮	action
was a bandit gang from {p}	曾是来自{p}的匪帮	action
was a {s} religion of {p}	曾是{p}的{s}宗教	action
was a religion of {p}	曾是{p}的一个宗教	action
was a {s} band from {p}	曾是来自{p}的{s}团伙	action
was a {s} company from {p}	曾是来自{p}的{s}队伍	action
shadowy military	隐秘的军事	term
versatile mercenary	多才多艺的佣兵	term
were a population within {p}	是生活在{p}的族群	action

# Nonnamed locations and unknown identities emitted as typed links
# (0x16de848-0x16decf0); these must be recognized by the name resolver too.
an unknown underground region	未知地下区域	term
an unknown region	未知区域	term
the depths of the world	世界深处	term
the Underworld	地下世界	term
the magma sea	岩浆海	term
an unknown artifact	未知造物	term
an unknown construction	未知构筑物	term
an unidentified creature	身份不明的生物	term
a trenches	壕沟	term
a well	井	term
a barrow	坟冢	term
a fortress entrance	要塞入口	term
a meadow	草地	term
a pasture	牧场	term
a yard	院落	term
a waste	荒地	term
a warehouse	仓库	term
a mythical lair	神话巢穴	term
a dining hall	餐厅	term
a dormitory	宿舍	term
a vault	秘库	term
a market square	集市广场	term
a mythical dungeon	神话地牢	term
a mythical palace	神话宫殿	term
a castle courtyard	城堡庭院	term
a castle tower	城堡塔楼	term
a shrine	圣地	term
a shop	商店	term
a castle wall	城堡城墙	term
a cottage plot	小屋地块	term
a tunnel	隧道	term
a road	路	term
a wall	墙	term
a bridge	桥	term
interrogator	审讯者	term
hangout	聚会地点	term
seat of power	统治中心	term
site occ	地点占据者	term
religious worshippers	宗教信徒	term
militant worshippers	武装信徒	term
associated civilization	关联政权	term
former prisoner	前囚犯	term
former slave	前奴隶	term
child slave	童奴	term
former worker	前雇工	term
former mercenary	前佣兵	term
claim to {s}	对{s}的宣称	clause
{d} until {d}	{d1}至{d2}年	clause
{d} to present	{d}年至今	clause
the Wilds	荒野	term

# Collection/event titles (0x16decb8-0x16dedf0).
Raid of {p}	{p}袭击事件	title
Journey of {a}	{a}的旅程	title
Rampage of {a}	{a}的肆虐事件	title
Insurrection in {p}	{p}起义	title
Abduction of {a}	对{a}的绑架	title
Overthrow of {p}	{p}政权倾覆事件	title
Destruction of {p}	{p}毁灭事件	title
Purge in {p}	{p}清洗事件	title
Persecution of {p}	对{p}的迫害	title
Pillaging of {p}	{p}劫掠事件	title
Duel of {a} and {a}	{a1}与{a2}的决斗	title
Surrender of {p}	{p}的投降	title
Conquest of {p}	征服「{p}」	title
Attempted {e}	未遂的{e}	title
Unknown creature in {p}	在{p}的未知生物	clause
Unknown creature in the wilds	荒野中的未知生物	clause
Unknown creature	未知生物	term

# Native age names, special dates and diplomatic agreement nouns
# (0x16dee00-0x16df2a0). Historians' uncertainty sentences already exist.
Unknown Age	未知时代	age
Age of Civilization	文明时代	age
Age of Death	死亡时代	age
Age of Emptiness	空虚时代	age
Age of Fairy Tales	童话时代	age
Twilight Age	暮光时代	age
Golden Age	辉煌时代	age
Age of Heroes	英雄时代	age
Age of One Power	一权时代	age
Age of Two Powers	双权时代	age
Age of Three Powers	三权时代	age
Age of Legends	传说时代	age
Age of Myth	神话时代	age
Age of {a}	{a}时代	title
Age of the {a}	{a}时代	title
Age of Two {s}	双{s}时代	title
{s} Age	{s}的时代	title
The world has passed into {e}	世界已进入{e}	event
The world has passed into {s}	世界已进入{s}	event
In a time before time,	在时间开始之前，	clause
a time before time	时间开始之前	term
some vague concept	某种模糊的概念	term
a vague agreement	含糊的协议	term
a declaration of war	宣战	term
a demand of unconditional surrender	无条件投降的要求	term
a strengthening of trade ties	贸易关系的加强	term
an alliance	联盟	term
the elevation of the landed nobility	领地贵族地位的提升	term
the establishment of landed nobility	领地贵族的设立	term
a tribute agreement	进贡协议	term
a trade agreement	贸易协议	term
an empty population	空无一人的族群	term
a lumber agreement	伐木协议	term
a peace agreement	和平协议	term

# Native compositional tails verified in the role/relationship summary
# builders 0x140b7f4a0, 0x140b7f770, 0x140b80420 and 0x140b80ae0.
# They only wrap another reviewed title; free prose cannot become a name.
the {e}	{e}	title
{e} by {a}	由{a}实施的{e}	title
{e} for {a}	为{a}而进行的{e}	title
{e} from {p}	来自{p}的{e}	title
{e} to {p}	前往{p}的{e}	title
{e} with {a}	与{a}有关的{e}	title
{e} of {p}	{p}的{e}	title
{e} between {a} and {a}	{a1}与{a2}之间的{e}	title
{e} on behalf of {a}	代表{a}进行的{e}	title
{e} as a {s}	以{s}身份发生的{e}	title
{e} as an enemy of {p}	以{p}敌人的身份发生的{e}	title
{e} as a member of {p}	以{p}成员的身份发生的{e}	title
{e} as a former member of {p}	以{p}前成员的身份发生的{e}	title
{e} as a former mercenary of {p}	以{p}前佣兵的身份发生的{e}	title
{e} as a former slave of {p}	以{p}前奴隶的身份发生的{e}	title
{e} as a former prisoner of {p}	以{p}前囚犯的身份发生的{e}	title
{e} in the eyes of {p}	{p}眼中的{e}	title
{e} into the mercenary service of {p}	{e}，为{p}担任佣兵	title
{e} from the mercenary service of {p}	{e}，不再为{p}担任佣兵	title
{e} from the slavery of {p}	{e}，逃脱{p}的奴役	title
{e} from the prisons of {p}	{e}，逃出{p}的监狱	title
{e} to the position of {s} of {p}	{e}，就任{p}的{s}	title
{e} from the position of {s} of {p}	{e}，离开{p}的{s}职位	title
{e} as part of {e}	作为{e2}一部分的{e1}	title
{e} as a means of torture	作为酷刑实施的{e}	title
# Native summary continuations: 0x140b68b60, 0x140b69120,
# 0x140b660c0 and 0x140b678f0. Clause rows alone cannot enter an {e} capture.
{e} under the leadership of {n}	在{n}领导下的{e}	title
{e} as a part of {p}	作为{p}一部分的{e}	title
{e} connecting {p} and {p}	连接{p1}与{p2}的{e}	title
{e} and destruction of {p}	{e}及{p}的毁灭	title
{e} and takeover of {p}	{e}以及接管{p}	title
{e} during {e}	在{e2}期间，{e1}	title
{e} in {d}	{d}年的{e}	title
{e} with {i}	涉及{i}的{e}	title
{e} from {a}	来自{a}的{e}	title
{e} against {a}	针对{a}的{e}	title
{e} around {p}	发生在{p}周边的{e}	title
{e} throughout {p}	遍及{p}的{e}	title
{e} in the area around {p}	发生在{p}周边的{e}	title
{e} into the area around {p}	进入{p}周边时发生的{e}	title
{e} into {p}	进入{p}时发生的{e}	title
{e} after an attack by {a}	在遭到{a}袭击之后发生的{e}	title
{e} after an attack	在遭受袭击之后发生的{e}	title
{e} from a great height	从高处发生的{e}	title
ranged weapons	远程武器	term
Nameless	无名者	term
the appointment of {a}	对{a}的任命	title
the election of {a}	{a}的当选	title
the selection of {a}	对{a}的选任	title
the ascension of {a}	{a}的晋升	title
the entry of {a}	{a}的加入	title
the rise of {a}	{a}的崛起	title
the acceptance of {a}	对{a}的接纳	title
the removal of {a}	对{a}的免职	title
the peace-making of {a}	{a}的讲和	title
the end of the claim of {a}	{a}不再提出宣称	title
the end of work {a}	{a}不再工作	title
the status of {a} as the child of {a}	{a1}作为{a2}孩子的身份	title
the status of {a} as the parent of {a}	{a1}作为{a2}父母的身份	title
the status of {a} as the owner of {a}	{a1}作为{a2}主人的身份	title
the termination of {a} as the child of {a}	{a1}不再是{a2}的孩子	title
the termination of {a} as the parent of {a}	{a1}不再是{a2}的父母	title
the termination of {a} as the pet of {a}	{a1}不再是{a2}的宠物	title
the master-apprentice relationship of {a} over {a}	{a1}担任{a2}师傅的关系	title
the former master-apprentice relationship of {a} over {a}	{a1}昔日担任{a2}师傅的关系	title
the end of the master-apprentice of {a} over {a}	{a1}不再担任{a2}的师傅	title
the imprisonment by {a} of {a}	{a1}对{a2}的囚禁	title
the end of the imprisonment by {a} of {a}	{a1}不再囚禁{a2}	title
the end of the imprisonment of {a} by {a}	{a1}不再受{a2}囚禁	title

# Sentences enclosing dynamic agreement titles (0x140b81830/0x140b81f00).
{s} between {a} and {a} concluded	{a1}与{a2}之间的{s}结束了	event
{s} between {a} and {a} at {p} concluded	{a1}与{a2}在{p}达成的{s}结束了	event
concluded {e}	结束了{e}	action
the conclusion of {e}	{e}的结束	title
{s} with {a}	与{a}的{s}	title
{s} to {a}	向{a}提出的{s}	title
an agreement to retrieve {p} for {a}	为{a}找回{p}的协议	title
{s} was made to {a}	向{a}提出了{s}	event
with fabricated evidence in {p}	在{p}利用伪造的证据	clause

# Corpse builders 0x140b83d10/0x140b84480 retain a plant, an item,
# a building and all victim links as distinct semantic fields.
the body of {a}	{a}的尸体	participant
the bodies of {a}	{a}的尸体	participant
impalement on {i} of {a}	将{a}刺穿在{i}上	title
display on {p} of the skins of {a}	将{a}的皮陈列在{p}上	title
hanging from a {s} on {i} {a}	将{a}以{i}悬挂在{s}上	title
the body of {a} was impaled on {i} by {a}	{a2}将{a1}的尸体刺穿在{i}上	event
the bodies of {a} were impaled on {i} by {a}	{a2}将{a1}的尸体刺穿在{i}上	event
the body of {a} was hung from a {s} on {i} by {a}	{a2}用{i}将{a1}的尸体悬挂在{s}上	event
the bodies of {a} were hung from a {s} on {i} by {a}	{a2}用{i}将{a1}的尸体悬挂在{s}上	event
the body of {a} was impaled on {i}	{a}的尸体被刺穿在{i}上	event
the bodies of {a} were impaled on {i}	{a}的尸体被刺穿在{i}上	event
the body of {a} was flayed and the skin stretched over {p}	{a}的尸体被剥皮，皮被绷在{p}上	event
the bodies of {a} were flayed and the skin stretched over {p}	{a}的尸体被剥皮，皮被绷在{p}上	event
the body of {a} was hung from a {s} on {i}	{a}的尸体被用{i}悬挂在{s}上	event
the bodies of {a} were hung from a {s} on {i}	{a}的尸体被用{i}悬挂在{s}上	event
the body of {a} was {s}	{a}的尸体被{s}	event
the bodies of {a} were {s}	{a}的尸体被{s}	event

# Trade item categories and the native optional article around offices.
foot armor	足部盔甲	term
hand armor	手部盔甲	term
leg armor	腿部盔甲	term
trading of {s}	{s}的交易	title
masterful trading of {s}	{s}的精湛交易	title
favorable trading of {s}	{s}的有利交易	title
disastrous trading of {s}	{s}的灾难性交易	title
unfavorable trading of {s}	{s}的不利交易	title
{p} was made a symbol of a {s}	{p}被定为{s}的象征	event
{p} was made a symbol of the {s}	{p}被定为{s}的象征	event
{p} was made a symbol of a {s} by {a}	{a}将{p}定为{s}的象征	event
{p} was made a symbol of the {s} by {a}	{a}将{p}定为{s}的象征	event
{p} was made a symbol of a {s} of {p}	{p1}被定为{p2}的{s}的象征	event
{p} was made a symbol of the {s} of {p}	{p1}被定为{p2}的{s}的象征	event
{p} was made a symbol of a {s} of {p} by {a}	{a}将{p1}定为{p2}的{s}的象征	event
{p} was made a symbol of the {s} of {p} by {a}	{a}将{p1}定为{p2}的{s}的象征	event

# Competition implementation also emits item/vehicle races and a generic
# unnamed competition (0x140b8c990 and 0x140b8d5f0).
held a {i} race	举行了{i}竞速比赛	action
held a {s} race	举行了{s}竞速比赛	action
held a competition	举行了比赛	action
a {i} race	{i}竞速比赛	title
a {s} race	{s}竞速比赛	title
a competition	比赛	title

# Complete organization type branches of 0x140b8eeb0, including optional
# race and mercenary/order variants. Skills/items keep their shared terms.
was a {s} group from {p}	曾是来自{p}的{s}势力	action
was a group from {p}	曾是来自{p}的势力	action
was a {s} order from {p}	曾是来自{p}的{s}团体	action
was a {s} guild from {p}	曾是来自{p}的{s}行会	action
was a {s} craft guild from {p}	曾是来自{p}的{s}工艺行会	action
was a {s} {s} guild from {p}	曾是来自{p}的{s1}{s2}行会	action
was a {s} mercenary band from {p}	曾是来自{p}的{s}佣兵团	action
was a {s} mercenary company from {p}	曾是来自{p}的{s}佣兵队伍	action
was a {s} mercenary order from {p}	曾是来自{p}的{s}佣兵团体	action
was a {s} versatile mercenary band from {p}	曾是来自{p}的多才多艺的{s}佣兵团	action
was a {s} versatile mercenary company from {p}	曾是来自{p}的多才多艺的{s}佣兵队伍	action
was a {s} versatile mercenary order from {p}	曾是来自{p}的多才多艺的{s}佣兵团体	action
was a {s} shadowy military band from {p}	曾是来自{p}的隐秘的{s}军事团伙	action
was a {s} shadowy military company from {p}	曾是来自{p}的隐秘的{s}军事队伍	action
was a {s} shadowy military order from {p}	曾是来自{p}的隐秘的{s}军事团体	action
was a mercenary band from {p}	曾是来自{p}的佣兵团	action
was a mercenary company from {p}	曾是来自{p}的佣兵队伍	action
was a mercenary order from {p}	曾是来自{p}的佣兵团体	action
was a versatile mercenary band from {p}	曾是来自{p}的多才多艺的佣兵团	action
was a versatile mercenary company from {p}	曾是来自{p}的多才多艺的佣兵队伍	action
was a versatile mercenary order from {p}	曾是来自{p}的多才多艺的佣兵团体	action
was a shadowy military band from {p}	曾是来自{p}的隐秘的军事团伙	action
was a shadowy military company from {p}	曾是来自{p}的隐秘的军事队伍	action
was a shadowy military order from {p}	曾是来自{p}的隐秘的军事团体	action
known for their use of the {i}	以运用{i}的技艺闻名	clause
known for their use of {i}	以运用{i}的技艺闻名	clause
dedicated to the mastery of the {i}	致力于精通{i}	clause
dedicated to the mastery of their use of the {i}	致力于精通{i}的使用	clause
their use of the {i}	他们运用{i}的技艺	clause
, a {s} deity of {r}	，即掌管{r}的{s}神祇	clause
, a {s} deity	，即一位{s}神祇	clause
, a {s} goddess of {r}	，即掌管{r}的{s}女神	clause
, a {s} goddess	，即一位{s}女神	clause
, a {s} god of {r}	，即掌管{r}的{s}男神	clause
, a {s} god	，即一位{s}男神	clause
, a deity of {r}	，即掌管{r}的神祇	clause
, a deity	，即一位神祇	clause
, a goddess of {r}	，即掌管{r}的女神	clause
, a goddess	，即一位女神	clause
, a god of {r}	，即掌管{r}的男神	clause
, a god	，即一位男神	clause
, a force	，即一个自然之灵	clause
, a force which permeates {p}	，即遍及{p}的一个自然之灵	clause
, a force which was said to permeate {p}	，即据说曾遍及{p}的一个自然之灵	clause

# Dated role annotations use the native 'until' and 'to present' spelling.
{a} ({s}, {d} until {d})	{a}（{s}，{d1}至{d2}年）	clause
{a} ({s}, {d} to present)	{a}（{s}，{d}年至今）	clause
({s}, {d} until {d})	（{s}，{d1}至{d2}年）	clause
({s}, {d} to present)	（{s}，{d}年至今）	clause
{a} (claim to {s}, {d} until {d})	{a}（宣称拥有{s}职位，{d1}至{d2}年）	clause
{a} (claim to {s}, {d} to present)	{a}（宣称拥有{s}职位，{d}年至今）	clause
(claim to {s}, {d} until {d})	（宣称拥有{s}职位，{d1}至{d2}年）	clause
(claim to {s}, {d} to present)	（宣称拥有{s}职位，{d}年至今）	clause
Age of {s}	{s}时代	title
Age of the {s}	{s}时代	title
Age of {a} and {a}	{a1}与{a2}的时代	title
Age of {s} and {s}	{s1}与{s2}的时代	title

# Shared neutral lists in organization descriptions; do not interpret
# their weapon/skill nouns as personal names or flatten deity links.
{s} and {s}	{s1}与{s2}	description
{s}, and {s}	{s1}与{s2}	description
{s}, {s}	{s1}、{s2}	description
their use of the {s}	使用{s}的技艺	description
their use of {s}	使用{s}的技艺	description
kicking	踢击	term
striking	搏击	term
biting	撕咬	term
wrestling	摔跤	term

# The same building label functions reference these literals outside the
# adjacent 0x16de848 catalogue (0x140b93cf0 and 0x140b94090).
a counting house	账房	term
a hospital	医院	term
a hillock	土丘住宅	term
a tree	树	term
a house	房子	term
a library	图书馆	term
a tavern	酒馆	term
a mead hall	蜂蜜酒厅	term
a keep	城堡主楼	term
a dark tower	黑暗高塔	term
a market	市场	term
a tomb	陵墓	term
a dungeon	地牢	term
a tower	高塔	term
a temple	神殿	term
a guildhall	行会大厅	term
the catacombs	地下墓穴	term
the sewers	下水道	term
an underworld spire	地下尖塔	term

# Typed structure introduction: the building/site pair and the type label
# come from the same native abstract-building snapshot as historical events.
{p} was {s} in {p}.	{p1}是{p2}的一座{s}。	clause

# Complete native conviction predicates and crime fields from 0x140b7da60.
was convicted	被定罪了	action
was wrongfully convicted	被错误地定罪了	action
was convicted as a go-between in a conspiracy to commit {s}	被判定是实施{s}的阴谋中的中间人	action
was wrongfully convicted as a go-between in a conspiracy to commit {s}	被错判为实施{s}的阴谋中的中间人	action
confessed and was convicted	认罪并被定罪了	action
confessed and was wrongfully convicted	认罪并被错误地定罪了	action
confessed and was convicted of {s}	认罪并被判定犯有{s}	action
confessed and was wrongfully convicted of {s}	认罪并被错判犯有{s}	action
confessed and was convicted as a go-between in a conspiracy to commit {s}	认罪并被判定是实施{s}的阴谋中的中间人	action
confessed and was wrongfully convicted as a go-between in a conspiracy to commit {s}	认罪并被错判为实施{s}的阴谋中的中间人	action
was convicted by {a}	被{a}定罪了	action
was wrongfully convicted by {a}	被{a}错误地定罪了	action
was convicted of {s} by {a}	被{a}判定犯有{s}	action
was wrongfully convicted of {s} by {a}	被{a}错判犯有{s}	action
was convicted as a go-between in a conspiracy to commit {s} by {a}	被{a}判定是实施{s}的阴谋中的中间人	action
was wrongfully convicted as a go-between in a conspiracy to commit {s} by {a}	被{a}错判为实施{s}的阴谋中的中间人	action
confessed and was convicted by {a}	认罪并被{a}定罪了	action
confessed and was wrongfully convicted by {a}	认罪并被{a}错误地定罪了	action
confessed and was convicted of {s} by {a}	认罪并被{a}判定犯有{s}	action
confessed and was wrongfully convicted of {s} by {a}	认罪并被{a}错判犯有{s}	action
confessed and was convicted as a go-between in a conspiracy to commit {s} by {a}	认罪并被{a}判定是实施{s}的阴谋中的中间人	action
confessed and was wrongfully convicted as a go-between in a conspiracy to commit {s} by {a}	认罪并被{a}错判为实施{s}的阴谋中的中间人	action
fooled {a}	欺骗了{a}	action
after {a} fooled {a} with fabricated evidence	在{a1}以伪造证据欺骗{a2}后	clause
after {a} fooled {a}	在{a1}欺骗{a2}后	clause
implicated {a}	供出了{a}	action

# Merchant summary modifiers include a distinct unfortunate branch.
visit of merchants	商人来访	title
unfortunate visit of merchants from {p}	来自{p}的商人来访，遭遇不幸	title
unfortunate tribute delivery	遭遇不幸的贡品运送	title
costly visit of merchants	代价高昂的商人来访	title
terrible visit of merchants	结果糟糕的商人来访	title
profitable visit of merchants	获利丰厚的商人来访	title
tragic visit of merchants	酿成悲剧的商人来访	title
ill-fated visit of merchants	遭遇厄运的商人来访	title
unfortunate visit of merchants	不幸的商人来访	title
Age of the {s} and the {s}	{s1}与{s2}的时代	title

# Anonymous stolen goods use the same item field as named artifacts use p.
the theft of {i}	对{i}的盗窃	title
the confiscation of {i}	没收{i}	title
the recovery of {i}	找回{i}	title
the looting of {i}	劫掠{i}	title
{i} was looted by {a}	{a}掠走了{i}	event
{i} was looted	{i}被劫走了	event
{i} was confiscated by {a}	{a}没收了{i}	event
{i} was confiscated	{i}被没收了	event
{i} was stolen from {p} by {a}	{a}从{p}偷走了{i}	event
{i} was stolen from {p} by {a} during {e}	在{e}期间，{a}从{p}偷走了{i}	event
{i} was stolen from {p} by {a} during {e} and brought to {p}	在{e}期间，{a}从{p1}偷走了{i}，并将其带到{p2}	event
{i} was stolen from {p}	{i}被人从{p}偷走了	event
{i} was stolen by {a}	{a}偷走了{i}	event
{i} was stolen	{i}被偷走了	event
{i} was recovered by {a}	{a}找回了{i}	event
{i} was recovered	{i}被找回了	event
a work was authored by {n}	{n}撰写了一部作品	event
a work was authored by {n} in {p}	{n}在{p}撰写了一部作品	event
an untitled work was authored by {n}	{n}撰写了一部无题作品	event
an untitled work was authored by {n} in {p}	{n}在{p}撰写了一部无题作品	event
a work was authored by {n} in order to glorify {a}	{n}为了颂扬{a}而撰写了一部作品	clause
a work was authored by {n} in {p} in order to glorify {a}	在{p}，{n}为了颂扬{a}而撰写了一部作品	clause
an untitled work was authored by {n} in order to glorify {a}	{n}为了颂扬{a}而撰写了一部无题作品	clause
an untitled work was authored by {n} in {p} in order to glorify {a}	在{p}，{n}为了颂扬{a}而撰写了一部无题作品	clause
a work was authored by {n} in order to glorify {a} after {s}	{n}{s}，为了颂扬{a}而撰写了一部作品	clause
a work was authored by {n} in {p} in order to glorify {a} after {s}	在{p}，{n}{s}，为了颂扬{a}而撰写了一部作品	clause
an untitled work was authored by {n} in order to glorify {a} after {s}	{n}{s}，为了颂扬{a}而撰写了一部无题作品	clause
an untitled work was authored by {n} in {p} in order to glorify {a} after {s}	在{p}，{n}{s}，为了颂扬{a}而撰写了一部无题作品	clause
the authoring of a work	一部作品的撰写	title

# Native repeated-collection ordinal prefix, shared by all collection kinds.
# 0x140bc57f0 calls 0x14052eb70: spelled ordinals through nineteen,
# then a decimal number and its st/nd/rd/th suffix.
The First {e}	第一次{e}	title
The Second {e}	第二次{e}	title
The Third {e}	第三次{e}	title
The Fourth {e}	第四次{e}	title
The Fifth {e}	第五次{e}	title
The Sixth {e}	第六次{e}	title
The Seventh {e}	第七次{e}	title
The Eighth {e}	第八次{e}	title
The Ninth {e}	第九次{e}	title
The Tenth {e}	第十次{e}	title
The Eleventh {e}	第十一次{e}	title
The Twelfth {e}	第十二次{e}	title
The Thirteenth {e}	第十三次{e}	title
The Fourteenth {e}	第十四次{e}	title
The Fifteenth {e}	第十五次{e}	title
The Sixteenth {e}	第十六次{e}	title
The Seventeenth {e}	第十七次{e}	title
The Eighteenth {e}	第十八次{e}	title
The Nineteenth {e}	第十九次{e}	title
The {d}st {e}	第{d}次{e}	title
The {d}nd {e}	第{d}次{e}	title
The {d}rd {e}	第{d}次{e}	title
The {d}th {e}	第{d}次{e}	title
{s} Rampage	{s}肆虐事件	title
{s} Rampage of {a}	{s}{a}的肆虐事件	title
Monster Rampage	怪物肆虐事件	title
sentenced to {c} hammerstroke	被判处{c}次锤刑	clause
sentenced to {c} months	被判处{c}个月监禁	clause
sentenced to {c} years	被判处{c}年监禁	clause
and imprisoned for a term of {c} months	并被判处{c}个月监禁	clause
and imprisoned for a term of {c} years	并被判处{c}年监禁	clause
due to ongoing surveillance on {a}	由于对{a}持续进行监视	clause

# Native title awards: main action 0x140b7a420, title 0x140b7a9f0,
# shared formatter 0x140b7a4dc-0x140b7a937. The latter emits the office,
# its organization, then either automatic membership entitlement or a list.
# Skill, combat, kills and membership appear in that fixed order; each is
# optional, while numeric groups have distinct singular/plural wordings.
# All 53 nonempty combinations are written as complete typed action/title
# templates, preserving chronology without a bare after word replacement.
# Shared {s} weapon names come from the existing reviewed terminology.
# Targets keep each numeric condition separate from title/place captures.
received the title of {s} in {p} after being a member for a year	入会满一年后，获得了{p}的{s1}头衔	action
the bestowal of the title of {s} in {p} after being a member for a year	入会满一年后授予{p}的{s1}头衔	title
received the title of {s} after being a member for a year	入会满一年后，获得了{s1}头衔	action
the bestowal of the title of {s} after being a member for a year	入会满一年后授予{s1}头衔	title
received the title of {s} in {p} after {d} years of membership	拥有{d1}年会龄后，获得了{p}的{s1}头衔	action
the bestowal of the title of {s} in {p} after {d} years of membership	拥有{d1}年会龄后授予{p}的{s1}头衔	title
received the title of {s} after {d} years of membership	拥有{d1}年会龄后，获得了{s1}头衔	action
the bestowal of the title of {s} after {d} years of membership	拥有{d1}年会龄后授予{s1}头衔	title
received the title of {s} in {p} after slaying an enemy	杀死一名敌人后，获得了{p}的{s1}头衔	action
the bestowal of the title of {s} in {p} after slaying an enemy	杀死一名敌人后授予{p}的{s1}头衔	title
received the title of {s} after slaying an enemy	杀死一名敌人后，获得了{s1}头衔	action
the bestowal of the title of {s} after slaying an enemy	杀死一名敌人后授予{s1}头衔	title
received the title of {s} in {p} after slaying an enemy and being a member for a year	杀死一名敌人及入会满一年后，获得了{p}的{s1}头衔	action
the bestowal of the title of {s} in {p} after slaying an enemy and being a member for a year	杀死一名敌人及入会满一年后授予{p}的{s1}头衔	title
received the title of {s} after slaying an enemy and being a member for a year	杀死一名敌人及入会满一年后，获得了{s1}头衔	action
the bestowal of the title of {s} after slaying an enemy and being a member for a year	杀死一名敌人及入会满一年后授予{s1}头衔	title
received the title of {s} in {p} after slaying an enemy and {d} years of membership	杀死一名敌人及拥有{d1}年会龄后，获得了{p}的{s1}头衔	action
the bestowal of the title of {s} in {p} after slaying an enemy and {d} years of membership	杀死一名敌人及拥有{d1}年会龄后授予{p}的{s1}头衔	title
received the title of {s} after slaying an enemy and {d} years of membership	杀死一名敌人及拥有{d1}年会龄后，获得了{s1}头衔	action
the bestowal of the title of {s} after slaying an enemy and {d} years of membership	杀死一名敌人及拥有{d1}年会龄后授予{s1}头衔	title
received the title of {s} in {p} after slaying {d} enemies	杀死{d1}名敌人后，获得了{p}的{s1}头衔	action
the bestowal of the title of {s} in {p} after slaying {d} enemies	杀死{d1}名敌人后授予{p}的{s1}头衔	title
received the title of {s} after slaying {d} enemies	杀死{d1}名敌人后，获得了{s1}头衔	action
the bestowal of the title of {s} after slaying {d} enemies	杀死{d1}名敌人后授予{s1}头衔	title
received the title of {s} in {p} after slaying {d} enemies and being a member for a year	杀死{d1}名敌人及入会满一年后，获得了{p}的{s1}头衔	action
the bestowal of the title of {s} in {p} after slaying {d} enemies and being a member for a year	杀死{d1}名敌人及入会满一年后授予{p}的{s1}头衔	title
received the title of {s} after slaying {d} enemies and being a member for a year	杀死{d1}名敌人及入会满一年后，获得了{s1}头衔	action
the bestowal of the title of {s} after slaying {d} enemies and being a member for a year	杀死{d1}名敌人及入会满一年后授予{s1}头衔	title
received the title of {s} in {p} after slaying {d} enemies and {d} years of membership	杀死{d1}名敌人及拥有{d2}年会龄后，获得了{p}的{s1}头衔	action
the bestowal of the title of {s} in {p} after slaying {d} enemies and {d} years of membership	杀死{d1}名敌人及拥有{d2}年会龄后授予{p}的{s1}头衔	title
received the title of {s} after slaying {d} enemies and {d} years of membership	杀死{d1}名敌人及拥有{d2}年会龄后，获得了{s1}头衔	action
the bestowal of the title of {s} after slaying {d} enemies and {d} years of membership	杀死{d1}名敌人及拥有{d2}年会龄后授予{s1}头衔	title
received the title of {s} in {p} after serving in combat	在战斗中效力后，获得了{p}的{s1}头衔	action
the bestowal of the title of {s} in {p} after serving in combat	在战斗中效力后授予{p}的{s1}头衔	title
received the title of {s} after serving in combat	在战斗中效力后，获得了{s1}头衔	action
the bestowal of the title of {s} after serving in combat	在战斗中效力后授予{s1}头衔	title
received the title of {s} in {p} after serving in combat and being a member for a year	在战斗中效力及入会满一年后，获得了{p}的{s1}头衔	action
the bestowal of the title of {s} in {p} after serving in combat and being a member for a year	在战斗中效力及入会满一年后授予{p}的{s1}头衔	title
received the title of {s} after serving in combat and being a member for a year	在战斗中效力及入会满一年后，获得了{s1}头衔	action
the bestowal of the title of {s} after serving in combat and being a member for a year	在战斗中效力及入会满一年后授予{s1}头衔	title
received the title of {s} in {p} after serving in combat and {d} years of membership	在战斗中效力及拥有{d1}年会龄后，获得了{p}的{s1}头衔	action
the bestowal of the title of {s} in {p} after serving in combat and {d} years of membership	在战斗中效力及拥有{d1}年会龄后授予{p}的{s1}头衔	title
received the title of {s} after serving in combat and {d} years of membership	在战斗中效力及拥有{d1}年会龄后，获得了{s1}头衔	action
the bestowal of the title of {s} after serving in combat and {d} years of membership	在战斗中效力及拥有{d1}年会龄后授予{s1}头衔	title
received the title of {s} in {p} after serving in combat and slaying an enemy	在战斗中效力及杀死一名敌人后，获得了{p}的{s1}头衔	action
the bestowal of the title of {s} in {p} after serving in combat and slaying an enemy	在战斗中效力及杀死一名敌人后授予{p}的{s1}头衔	title
received the title of {s} after serving in combat and slaying an enemy	在战斗中效力及杀死一名敌人后，获得了{s1}头衔	action
the bestowal of the title of {s} after serving in combat and slaying an enemy	在战斗中效力及杀死一名敌人后授予{s1}头衔	title
received the title of {s} in {p} after serving in combat, slaying an enemy, and being a member for a year	在战斗中效力、杀死一名敌人及入会满一年后，获得了{p}的{s1}头衔	action
the bestowal of the title of {s} in {p} after serving in combat, slaying an enemy, and being a member for a year	在战斗中效力、杀死一名敌人及入会满一年后授予{p}的{s1}头衔	title
received the title of {s} after serving in combat, slaying an enemy, and being a member for a year	在战斗中效力、杀死一名敌人及入会满一年后，获得了{s1}头衔	action
the bestowal of the title of {s} after serving in combat, slaying an enemy, and being a member for a year	在战斗中效力、杀死一名敌人及入会满一年后授予{s1}头衔	title
received the title of {s} in {p} after serving in combat, slaying an enemy, and {d} years of membership	在战斗中效力、杀死一名敌人及拥有{d1}年会龄后，获得了{p}的{s1}头衔	action
the bestowal of the title of {s} in {p} after serving in combat, slaying an enemy, and {d} years of membership	在战斗中效力、杀死一名敌人及拥有{d1}年会龄后授予{p}的{s1}头衔	title
received the title of {s} after serving in combat, slaying an enemy, and {d} years of membership	在战斗中效力、杀死一名敌人及拥有{d1}年会龄后，获得了{s1}头衔	action
the bestowal of the title of {s} after serving in combat, slaying an enemy, and {d} years of membership	在战斗中效力、杀死一名敌人及拥有{d1}年会龄后授予{s1}头衔	title
received the title of {s} in {p} after serving in combat and slaying {d} enemies	在战斗中效力及杀死{d1}名敌人后，获得了{p}的{s1}头衔	action
the bestowal of the title of {s} in {p} after serving in combat and slaying {d} enemies	在战斗中效力及杀死{d1}名敌人后授予{p}的{s1}头衔	title
received the title of {s} after serving in combat and slaying {d} enemies	在战斗中效力及杀死{d1}名敌人后，获得了{s1}头衔	action
the bestowal of the title of {s} after serving in combat and slaying {d} enemies	在战斗中效力及杀死{d1}名敌人后授予{s1}头衔	title
received the title of {s} in {p} after serving in combat, slaying {d} enemies, and being a member for a year	在战斗中效力、杀死{d1}名敌人及入会满一年后，获得了{p}的{s1}头衔	action
the bestowal of the title of {s} in {p} after serving in combat, slaying {d} enemies, and being a member for a year	在战斗中效力、杀死{d1}名敌人及入会满一年后授予{p}的{s1}头衔	title
received the title of {s} after serving in combat, slaying {d} enemies, and being a member for a year	在战斗中效力、杀死{d1}名敌人及入会满一年后，获得了{s1}头衔	action
the bestowal of the title of {s} after serving in combat, slaying {d} enemies, and being a member for a year	在战斗中效力、杀死{d1}名敌人及入会满一年后授予{s1}头衔	title
received the title of {s} in {p} after serving in combat, slaying {d} enemies, and {d} years of membership	在战斗中效力、杀死{d1}名敌人及拥有{d2}年会龄后，获得了{p}的{s1}头衔	action
the bestowal of the title of {s} in {p} after serving in combat, slaying {d} enemies, and {d} years of membership	在战斗中效力、杀死{d1}名敌人及拥有{d2}年会龄后授予{p}的{s1}头衔	title
received the title of {s} after serving in combat, slaying {d} enemies, and {d} years of membership	在战斗中效力、杀死{d1}名敌人及拥有{d2}年会龄后，获得了{s1}头衔	action
the bestowal of the title of {s} after serving in combat, slaying {d} enemies, and {d} years of membership	在战斗中效力、杀死{d1}名敌人及拥有{d2}年会龄后授予{s1}头衔	title
received the title of {s} in {p} after participating in {d} battles	参加{d1}场战斗后，获得了{p}的{s1}头衔	action
the bestowal of the title of {s} in {p} after participating in {d} battles	参加{d1}场战斗后授予{p}的{s1}头衔	title
received the title of {s} after participating in {d} battles	参加{d1}场战斗后，获得了{s1}头衔	action
the bestowal of the title of {s} after participating in {d} battles	参加{d1}场战斗后授予{s1}头衔	title
received the title of {s} in {p} after participating in {d} battles and being a member for a year	参加{d1}场战斗及入会满一年后，获得了{p}的{s1}头衔	action
the bestowal of the title of {s} in {p} after participating in {d} battles and being a member for a year	参加{d1}场战斗及入会满一年后授予{p}的{s1}头衔	title
received the title of {s} after participating in {d} battles and being a member for a year	参加{d1}场战斗及入会满一年后，获得了{s1}头衔	action
the bestowal of the title of {s} after participating in {d} battles and being a member for a year	参加{d1}场战斗及入会满一年后授予{s1}头衔	title
received the title of {s} in {p} after participating in {d} battles and {d} years of membership	参加{d1}场战斗及拥有{d2}年会龄后，获得了{p}的{s1}头衔	action
the bestowal of the title of {s} in {p} after participating in {d} battles and {d} years of membership	参加{d1}场战斗及拥有{d2}年会龄后授予{p}的{s1}头衔	title
received the title of {s} after participating in {d} battles and {d} years of membership	参加{d1}场战斗及拥有{d2}年会龄后，获得了{s1}头衔	action
the bestowal of the title of {s} after participating in {d} battles and {d} years of membership	参加{d1}场战斗及拥有{d2}年会龄后授予{s1}头衔	title
received the title of {s} in {p} after participating in {d} battles and slaying an enemy	参加{d1}场战斗及杀死一名敌人后，获得了{p}的{s1}头衔	action
the bestowal of the title of {s} in {p} after participating in {d} battles and slaying an enemy	参加{d1}场战斗及杀死一名敌人后授予{p}的{s1}头衔	title
received the title of {s} after participating in {d} battles and slaying an enemy	参加{d1}场战斗及杀死一名敌人后，获得了{s1}头衔	action
the bestowal of the title of {s} after participating in {d} battles and slaying an enemy	参加{d1}场战斗及杀死一名敌人后授予{s1}头衔	title
received the title of {s} in {p} after participating in {d} battles, slaying an enemy, and being a member for a year	参加{d1}场战斗、杀死一名敌人及入会满一年后，获得了{p}的{s1}头衔	action
the bestowal of the title of {s} in {p} after participating in {d} battles, slaying an enemy, and being a member for a year	参加{d1}场战斗、杀死一名敌人及入会满一年后授予{p}的{s1}头衔	title
received the title of {s} after participating in {d} battles, slaying an enemy, and being a member for a year	参加{d1}场战斗、杀死一名敌人及入会满一年后，获得了{s1}头衔	action
the bestowal of the title of {s} after participating in {d} battles, slaying an enemy, and being a member for a year	参加{d1}场战斗、杀死一名敌人及入会满一年后授予{s1}头衔	title
received the title of {s} in {p} after participating in {d} battles, slaying an enemy, and {d} years of membership	参加{d1}场战斗、杀死一名敌人及拥有{d2}年会龄后，获得了{p}的{s1}头衔	action
the bestowal of the title of {s} in {p} after participating in {d} battles, slaying an enemy, and {d} years of membership	参加{d1}场战斗、杀死一名敌人及拥有{d2}年会龄后授予{p}的{s1}头衔	title
received the title of {s} after participating in {d} battles, slaying an enemy, and {d} years of membership	参加{d1}场战斗、杀死一名敌人及拥有{d2}年会龄后，获得了{s1}头衔	action
the bestowal of the title of {s} after participating in {d} battles, slaying an enemy, and {d} years of membership	参加{d1}场战斗、杀死一名敌人及拥有{d2}年会龄后授予{s1}头衔	title
received the title of {s} in {p} after participating in {d} battles and slaying {d} enemies	参加{d1}场战斗及杀死{d2}名敌人后，获得了{p}的{s1}头衔	action
the bestowal of the title of {s} in {p} after participating in {d} battles and slaying {d} enemies	参加{d1}场战斗及杀死{d2}名敌人后授予{p}的{s1}头衔	title
received the title of {s} after participating in {d} battles and slaying {d} enemies	参加{d1}场战斗及杀死{d2}名敌人后，获得了{s1}头衔	action
the bestowal of the title of {s} after participating in {d} battles and slaying {d} enemies	参加{d1}场战斗及杀死{d2}名敌人后授予{s1}头衔	title
received the title of {s} in {p} after participating in {d} battles, slaying {d} enemies, and being a member for a year	参加{d1}场战斗、杀死{d2}名敌人及入会满一年后，获得了{p}的{s1}头衔	action
the bestowal of the title of {s} in {p} after participating in {d} battles, slaying {d} enemies, and being a member for a year	参加{d1}场战斗、杀死{d2}名敌人及入会满一年后授予{p}的{s1}头衔	title
received the title of {s} after participating in {d} battles, slaying {d} enemies, and being a member for a year	参加{d1}场战斗、杀死{d2}名敌人及入会满一年后，获得了{s1}头衔	action
the bestowal of the title of {s} after participating in {d} battles, slaying {d} enemies, and being a member for a year	参加{d1}场战斗、杀死{d2}名敌人及入会满一年后授予{s1}头衔	title
received the title of {s} in {p} after participating in {d} battles, slaying {d} enemies, and {d} years of membership	参加{d1}场战斗、杀死{d2}名敌人及拥有{d3}年会龄后，获得了{p}的{s1}头衔	action
the bestowal of the title of {s} in {p} after participating in {d} battles, slaying {d} enemies, and {d} years of membership	参加{d1}场战斗、杀死{d2}名敌人及拥有{d3}年会龄后授予{p}的{s1}头衔	title
received the title of {s} after participating in {d} battles, slaying {d} enemies, and {d} years of membership	参加{d1}场战斗、杀死{d2}名敌人及拥有{d3}年会龄后，获得了{s1}头衔	action
the bestowal of the title of {s} after participating in {d} battles, slaying {d} enemies, and {d} years of membership	参加{d1}场战斗、杀死{d2}名敌人及拥有{d3}年会龄后授予{s1}头衔	title
received the title of {s} in {p} after attaining sufficient skill with {s}	在{s2}方面达到足够的技艺水平后，获得了{p}的{s1}头衔	action
the bestowal of the title of {s} in {p} after attaining sufficient skill with {s}	在{s2}方面达到足够的技艺水平后授予{p}的{s1}头衔	title
received the title of {s} after attaining sufficient skill with {s}	在{s2}方面达到足够的技艺水平后，获得了{s1}头衔	action
the bestowal of the title of {s} after attaining sufficient skill with {s}	在{s2}方面达到足够的技艺水平后授予{s1}头衔	title
received the title of {s} in {p} after attaining sufficient skill with {s} and being a member for a year	在{s2}方面达到足够的技艺水平及入会满一年后，获得了{p}的{s1}头衔	action
the bestowal of the title of {s} in {p} after attaining sufficient skill with {s} and being a member for a year	在{s2}方面达到足够的技艺水平及入会满一年后授予{p}的{s1}头衔	title
received the title of {s} after attaining sufficient skill with {s} and being a member for a year	在{s2}方面达到足够的技艺水平及入会满一年后，获得了{s1}头衔	action
the bestowal of the title of {s} after attaining sufficient skill with {s} and being a member for a year	在{s2}方面达到足够的技艺水平及入会满一年后授予{s1}头衔	title
received the title of {s} in {p} after attaining sufficient skill with {s} and {d} years of membership	在{s2}方面达到足够的技艺水平及拥有{d1}年会龄后，获得了{p}的{s1}头衔	action
the bestowal of the title of {s} in {p} after attaining sufficient skill with {s} and {d} years of membership	在{s2}方面达到足够的技艺水平及拥有{d1}年会龄后授予{p}的{s1}头衔	title
received the title of {s} after attaining sufficient skill with {s} and {d} years of membership	在{s2}方面达到足够的技艺水平及拥有{d1}年会龄后，获得了{s1}头衔	action
the bestowal of the title of {s} after attaining sufficient skill with {s} and {d} years of membership	在{s2}方面达到足够的技艺水平及拥有{d1}年会龄后授予{s1}头衔	title
received the title of {s} in {p} after attaining sufficient skill with {s} and slaying an enemy	在{s2}方面达到足够的技艺水平及杀死一名敌人后，获得了{p}的{s1}头衔	action
the bestowal of the title of {s} in {p} after attaining sufficient skill with {s} and slaying an enemy	在{s2}方面达到足够的技艺水平及杀死一名敌人后授予{p}的{s1}头衔	title
received the title of {s} after attaining sufficient skill with {s} and slaying an enemy	在{s2}方面达到足够的技艺水平及杀死一名敌人后，获得了{s1}头衔	action
the bestowal of the title of {s} after attaining sufficient skill with {s} and slaying an enemy	在{s2}方面达到足够的技艺水平及杀死一名敌人后授予{s1}头衔	title
received the title of {s} in {p} after attaining sufficient skill with {s}, slaying an enemy, and being a member for a year	在{s2}方面达到足够的技艺水平、杀死一名敌人及入会满一年后，获得了{p}的{s1}头衔	action
the bestowal of the title of {s} in {p} after attaining sufficient skill with {s}, slaying an enemy, and being a member for a year	在{s2}方面达到足够的技艺水平、杀死一名敌人及入会满一年后授予{p}的{s1}头衔	title
received the title of {s} after attaining sufficient skill with {s}, slaying an enemy, and being a member for a year	在{s2}方面达到足够的技艺水平、杀死一名敌人及入会满一年后，获得了{s1}头衔	action
the bestowal of the title of {s} after attaining sufficient skill with {s}, slaying an enemy, and being a member for a year	在{s2}方面达到足够的技艺水平、杀死一名敌人及入会满一年后授予{s1}头衔	title
received the title of {s} in {p} after attaining sufficient skill with {s}, slaying an enemy, and {d} years of membership	在{s2}方面达到足够的技艺水平、杀死一名敌人及拥有{d1}年会龄后，获得了{p}的{s1}头衔	action
the bestowal of the title of {s} in {p} after attaining sufficient skill with {s}, slaying an enemy, and {d} years of membership	在{s2}方面达到足够的技艺水平、杀死一名敌人及拥有{d1}年会龄后授予{p}的{s1}头衔	title
received the title of {s} after attaining sufficient skill with {s}, slaying an enemy, and {d} years of membership	在{s2}方面达到足够的技艺水平、杀死一名敌人及拥有{d1}年会龄后，获得了{s1}头衔	action
the bestowal of the title of {s} after attaining sufficient skill with {s}, slaying an enemy, and {d} years of membership	在{s2}方面达到足够的技艺水平、杀死一名敌人及拥有{d1}年会龄后授予{s1}头衔	title
received the title of {s} in {p} after attaining sufficient skill with {s} and slaying {d} enemies	在{s2}方面达到足够的技艺水平及杀死{d1}名敌人后，获得了{p}的{s1}头衔	action
the bestowal of the title of {s} in {p} after attaining sufficient skill with {s} and slaying {d} enemies	在{s2}方面达到足够的技艺水平及杀死{d1}名敌人后授予{p}的{s1}头衔	title
received the title of {s} after attaining sufficient skill with {s} and slaying {d} enemies	在{s2}方面达到足够的技艺水平及杀死{d1}名敌人后，获得了{s1}头衔	action
the bestowal of the title of {s} after attaining sufficient skill with {s} and slaying {d} enemies	在{s2}方面达到足够的技艺水平及杀死{d1}名敌人后授予{s1}头衔	title
received the title of {s} in {p} after attaining sufficient skill with {s}, slaying {d} enemies, and being a member for a year	在{s2}方面达到足够的技艺水平、杀死{d1}名敌人及入会满一年后，获得了{p}的{s1}头衔	action
the bestowal of the title of {s} in {p} after attaining sufficient skill with {s}, slaying {d} enemies, and being a member for a year	在{s2}方面达到足够的技艺水平、杀死{d1}名敌人及入会满一年后授予{p}的{s1}头衔	title
received the title of {s} after attaining sufficient skill with {s}, slaying {d} enemies, and being a member for a year	在{s2}方面达到足够的技艺水平、杀死{d1}名敌人及入会满一年后，获得了{s1}头衔	action
the bestowal of the title of {s} after attaining sufficient skill with {s}, slaying {d} enemies, and being a member for a year	在{s2}方面达到足够的技艺水平、杀死{d1}名敌人及入会满一年后授予{s1}头衔	title
received the title of {s} in {p} after attaining sufficient skill with {s}, slaying {d} enemies, and {d} years of membership	在{s2}方面达到足够的技艺水平、杀死{d1}名敌人及拥有{d2}年会龄后，获得了{p}的{s1}头衔	action
the bestowal of the title of {s} in {p} after attaining sufficient skill with {s}, slaying {d} enemies, and {d} years of membership	在{s2}方面达到足够的技艺水平、杀死{d1}名敌人及拥有{d2}年会龄后授予{p}的{s1}头衔	title
received the title of {s} after attaining sufficient skill with {s}, slaying {d} enemies, and {d} years of membership	在{s2}方面达到足够的技艺水平、杀死{d1}名敌人及拥有{d2}年会龄后，获得了{s1}头衔	action
the bestowal of the title of {s} after attaining sufficient skill with {s}, slaying {d} enemies, and {d} years of membership	在{s2}方面达到足够的技艺水平、杀死{d1}名敌人及拥有{d2}年会龄后授予{s1}头衔	title
received the title of {s} in {p} after attaining sufficient skill with {s} and serving in combat	在{s2}方面达到足够的技艺水平及在战斗中效力后，获得了{p}的{s1}头衔	action
the bestowal of the title of {s} in {p} after attaining sufficient skill with {s} and serving in combat	在{s2}方面达到足够的技艺水平及在战斗中效力后授予{p}的{s1}头衔	title
received the title of {s} after attaining sufficient skill with {s} and serving in combat	在{s2}方面达到足够的技艺水平及在战斗中效力后，获得了{s1}头衔	action
the bestowal of the title of {s} after attaining sufficient skill with {s} and serving in combat	在{s2}方面达到足够的技艺水平及在战斗中效力后授予{s1}头衔	title
received the title of {s} in {p} after attaining sufficient skill with {s}, serving in combat, and being a member for a year	在{s2}方面达到足够的技艺水平、在战斗中效力及入会满一年后，获得了{p}的{s1}头衔	action
the bestowal of the title of {s} in {p} after attaining sufficient skill with {s}, serving in combat, and being a member for a year	在{s2}方面达到足够的技艺水平、在战斗中效力及入会满一年后授予{p}的{s1}头衔	title
received the title of {s} after attaining sufficient skill with {s}, serving in combat, and being a member for a year	在{s2}方面达到足够的技艺水平、在战斗中效力及入会满一年后，获得了{s1}头衔	action
the bestowal of the title of {s} after attaining sufficient skill with {s}, serving in combat, and being a member for a year	在{s2}方面达到足够的技艺水平、在战斗中效力及入会满一年后授予{s1}头衔	title
received the title of {s} in {p} after attaining sufficient skill with {s}, serving in combat, and {d} years of membership	在{s2}方面达到足够的技艺水平、在战斗中效力及拥有{d1}年会龄后，获得了{p}的{s1}头衔	action
the bestowal of the title of {s} in {p} after attaining sufficient skill with {s}, serving in combat, and {d} years of membership	在{s2}方面达到足够的技艺水平、在战斗中效力及拥有{d1}年会龄后授予{p}的{s1}头衔	title
received the title of {s} after attaining sufficient skill with {s}, serving in combat, and {d} years of membership	在{s2}方面达到足够的技艺水平、在战斗中效力及拥有{d1}年会龄后，获得了{s1}头衔	action
the bestowal of the title of {s} after attaining sufficient skill with {s}, serving in combat, and {d} years of membership	在{s2}方面达到足够的技艺水平、在战斗中效力及拥有{d1}年会龄后授予{s1}头衔	title
received the title of {s} in {p} after attaining sufficient skill with {s}, serving in combat, and slaying an enemy	在{s2}方面达到足够的技艺水平、在战斗中效力及杀死一名敌人后，获得了{p}的{s1}头衔	action
the bestowal of the title of {s} in {p} after attaining sufficient skill with {s}, serving in combat, and slaying an enemy	在{s2}方面达到足够的技艺水平、在战斗中效力及杀死一名敌人后授予{p}的{s1}头衔	title
received the title of {s} after attaining sufficient skill with {s}, serving in combat, and slaying an enemy	在{s2}方面达到足够的技艺水平、在战斗中效力及杀死一名敌人后，获得了{s1}头衔	action
the bestowal of the title of {s} after attaining sufficient skill with {s}, serving in combat, and slaying an enemy	在{s2}方面达到足够的技艺水平、在战斗中效力及杀死一名敌人后授予{s1}头衔	title
received the title of {s} in {p} after attaining sufficient skill with {s}, serving in combat, slaying an enemy, and being a member for a year	在{s2}方面达到足够的技艺水平、在战斗中效力、杀死一名敌人及入会满一年后，获得了{p}的{s1}头衔	action
the bestowal of the title of {s} in {p} after attaining sufficient skill with {s}, serving in combat, slaying an enemy, and being a member for a year	在{s2}方面达到足够的技艺水平、在战斗中效力、杀死一名敌人及入会满一年后授予{p}的{s1}头衔	title
received the title of {s} after attaining sufficient skill with {s}, serving in combat, slaying an enemy, and being a member for a year	在{s2}方面达到足够的技艺水平、在战斗中效力、杀死一名敌人及入会满一年后，获得了{s1}头衔	action
the bestowal of the title of {s} after attaining sufficient skill with {s}, serving in combat, slaying an enemy, and being a member for a year	在{s2}方面达到足够的技艺水平、在战斗中效力、杀死一名敌人及入会满一年后授予{s1}头衔	title
received the title of {s} in {p} after attaining sufficient skill with {s}, serving in combat, slaying an enemy, and {d} years of membership	在{s2}方面达到足够的技艺水平、在战斗中效力、杀死一名敌人及拥有{d1}年会龄后，获得了{p}的{s1}头衔	action
the bestowal of the title of {s} in {p} after attaining sufficient skill with {s}, serving in combat, slaying an enemy, and {d} years of membership	在{s2}方面达到足够的技艺水平、在战斗中效力、杀死一名敌人及拥有{d1}年会龄后授予{p}的{s1}头衔	title
received the title of {s} after attaining sufficient skill with {s}, serving in combat, slaying an enemy, and {d} years of membership	在{s2}方面达到足够的技艺水平、在战斗中效力、杀死一名敌人及拥有{d1}年会龄后，获得了{s1}头衔	action
the bestowal of the title of {s} after attaining sufficient skill with {s}, serving in combat, slaying an enemy, and {d} years of membership	在{s2}方面达到足够的技艺水平、在战斗中效力、杀死一名敌人及拥有{d1}年会龄后授予{s1}头衔	title
received the title of {s} in {p} after attaining sufficient skill with {s}, serving in combat, and slaying {d} enemies	在{s2}方面达到足够的技艺水平、在战斗中效力及杀死{d1}名敌人后，获得了{p}的{s1}头衔	action
the bestowal of the title of {s} in {p} after attaining sufficient skill with {s}, serving in combat, and slaying {d} enemies	在{s2}方面达到足够的技艺水平、在战斗中效力及杀死{d1}名敌人后授予{p}的{s1}头衔	title
received the title of {s} after attaining sufficient skill with {s}, serving in combat, and slaying {d} enemies	在{s2}方面达到足够的技艺水平、在战斗中效力及杀死{d1}名敌人后，获得了{s1}头衔	action
the bestowal of the title of {s} after attaining sufficient skill with {s}, serving in combat, and slaying {d} enemies	在{s2}方面达到足够的技艺水平、在战斗中效力及杀死{d1}名敌人后授予{s1}头衔	title
received the title of {s} in {p} after attaining sufficient skill with {s}, serving in combat, slaying {d} enemies, and being a member for a year	在{s2}方面达到足够的技艺水平、在战斗中效力、杀死{d1}名敌人及入会满一年后，获得了{p}的{s1}头衔	action
the bestowal of the title of {s} in {p} after attaining sufficient skill with {s}, serving in combat, slaying {d} enemies, and being a member for a year	在{s2}方面达到足够的技艺水平、在战斗中效力、杀死{d1}名敌人及入会满一年后授予{p}的{s1}头衔	title
received the title of {s} after attaining sufficient skill with {s}, serving in combat, slaying {d} enemies, and being a member for a year	在{s2}方面达到足够的技艺水平、在战斗中效力、杀死{d1}名敌人及入会满一年后，获得了{s1}头衔	action
the bestowal of the title of {s} after attaining sufficient skill with {s}, serving in combat, slaying {d} enemies, and being a member for a year	在{s2}方面达到足够的技艺水平、在战斗中效力、杀死{d1}名敌人及入会满一年后授予{s1}头衔	title
received the title of {s} in {p} after attaining sufficient skill with {s}, serving in combat, slaying {d} enemies, and {d} years of membership	在{s2}方面达到足够的技艺水平、在战斗中效力、杀死{d1}名敌人及拥有{d2}年会龄后，获得了{p}的{s1}头衔	action
the bestowal of the title of {s} in {p} after attaining sufficient skill with {s}, serving in combat, slaying {d} enemies, and {d} years of membership	在{s2}方面达到足够的技艺水平、在战斗中效力、杀死{d1}名敌人及拥有{d2}年会龄后授予{p}的{s1}头衔	title
received the title of {s} after attaining sufficient skill with {s}, serving in combat, slaying {d} enemies, and {d} years of membership	在{s2}方面达到足够的技艺水平、在战斗中效力、杀死{d1}名敌人及拥有{d2}年会龄后，获得了{s1}头衔	action
the bestowal of the title of {s} after attaining sufficient skill with {s}, serving in combat, slaying {d} enemies, and {d} years of membership	在{s2}方面达到足够的技艺水平、在战斗中效力、杀死{d1}名敌人及拥有{d2}年会龄后授予{s1}头衔	title
received the title of {s} in {p} after attaining sufficient skill with {s} and participating in {d} battles	在{s2}方面达到足够的技艺水平及参加{d1}场战斗后，获得了{p}的{s1}头衔	action
the bestowal of the title of {s} in {p} after attaining sufficient skill with {s} and participating in {d} battles	在{s2}方面达到足够的技艺水平及参加{d1}场战斗后授予{p}的{s1}头衔	title
received the title of {s} after attaining sufficient skill with {s} and participating in {d} battles	在{s2}方面达到足够的技艺水平及参加{d1}场战斗后，获得了{s1}头衔	action
the bestowal of the title of {s} after attaining sufficient skill with {s} and participating in {d} battles	在{s2}方面达到足够的技艺水平及参加{d1}场战斗后授予{s1}头衔	title
received the title of {s} in {p} after attaining sufficient skill with {s}, participating in {d} battles, and being a member for a year	在{s2}方面达到足够的技艺水平、参加{d1}场战斗及入会满一年后，获得了{p}的{s1}头衔	action
the bestowal of the title of {s} in {p} after attaining sufficient skill with {s}, participating in {d} battles, and being a member for a year	在{s2}方面达到足够的技艺水平、参加{d1}场战斗及入会满一年后授予{p}的{s1}头衔	title
received the title of {s} after attaining sufficient skill with {s}, participating in {d} battles, and being a member for a year	在{s2}方面达到足够的技艺水平、参加{d1}场战斗及入会满一年后，获得了{s1}头衔	action
the bestowal of the title of {s} after attaining sufficient skill with {s}, participating in {d} battles, and being a member for a year	在{s2}方面达到足够的技艺水平、参加{d1}场战斗及入会满一年后授予{s1}头衔	title
received the title of {s} in {p} after attaining sufficient skill with {s}, participating in {d} battles, and {d} years of membership	在{s2}方面达到足够的技艺水平、参加{d1}场战斗及拥有{d2}年会龄后，获得了{p}的{s1}头衔	action
the bestowal of the title of {s} in {p} after attaining sufficient skill with {s}, participating in {d} battles, and {d} years of membership	在{s2}方面达到足够的技艺水平、参加{d1}场战斗及拥有{d2}年会龄后授予{p}的{s1}头衔	title
received the title of {s} after attaining sufficient skill with {s}, participating in {d} battles, and {d} years of membership	在{s2}方面达到足够的技艺水平、参加{d1}场战斗及拥有{d2}年会龄后，获得了{s1}头衔	action
the bestowal of the title of {s} after attaining sufficient skill with {s}, participating in {d} battles, and {d} years of membership	在{s2}方面达到足够的技艺水平、参加{d1}场战斗及拥有{d2}年会龄后授予{s1}头衔	title
received the title of {s} in {p} after attaining sufficient skill with {s}, participating in {d} battles, and slaying an enemy	在{s2}方面达到足够的技艺水平、参加{d1}场战斗及杀死一名敌人后，获得了{p}的{s1}头衔	action
the bestowal of the title of {s} in {p} after attaining sufficient skill with {s}, participating in {d} battles, and slaying an enemy	在{s2}方面达到足够的技艺水平、参加{d1}场战斗及杀死一名敌人后授予{p}的{s1}头衔	title
received the title of {s} after attaining sufficient skill with {s}, participating in {d} battles, and slaying an enemy	在{s2}方面达到足够的技艺水平、参加{d1}场战斗及杀死一名敌人后，获得了{s1}头衔	action
the bestowal of the title of {s} after attaining sufficient skill with {s}, participating in {d} battles, and slaying an enemy	在{s2}方面达到足够的技艺水平、参加{d1}场战斗及杀死一名敌人后授予{s1}头衔	title
received the title of {s} in {p} after attaining sufficient skill with {s}, participating in {d} battles, slaying an enemy, and being a member for a year	在{s2}方面达到足够的技艺水平、参加{d1}场战斗、杀死一名敌人及入会满一年后，获得了{p}的{s1}头衔	action
the bestowal of the title of {s} in {p} after attaining sufficient skill with {s}, participating in {d} battles, slaying an enemy, and being a member for a year	在{s2}方面达到足够的技艺水平、参加{d1}场战斗、杀死一名敌人及入会满一年后授予{p}的{s1}头衔	title
received the title of {s} after attaining sufficient skill with {s}, participating in {d} battles, slaying an enemy, and being a member for a year	在{s2}方面达到足够的技艺水平、参加{d1}场战斗、杀死一名敌人及入会满一年后，获得了{s1}头衔	action
the bestowal of the title of {s} after attaining sufficient skill with {s}, participating in {d} battles, slaying an enemy, and being a member for a year	在{s2}方面达到足够的技艺水平、参加{d1}场战斗、杀死一名敌人及入会满一年后授予{s1}头衔	title
received the title of {s} in {p} after attaining sufficient skill with {s}, participating in {d} battles, slaying an enemy, and {d} years of membership	在{s2}方面达到足够的技艺水平、参加{d1}场战斗、杀死一名敌人及拥有{d2}年会龄后，获得了{p}的{s1}头衔	action
the bestowal of the title of {s} in {p} after attaining sufficient skill with {s}, participating in {d} battles, slaying an enemy, and {d} years of membership	在{s2}方面达到足够的技艺水平、参加{d1}场战斗、杀死一名敌人及拥有{d2}年会龄后授予{p}的{s1}头衔	title
received the title of {s} after attaining sufficient skill with {s}, participating in {d} battles, slaying an enemy, and {d} years of membership	在{s2}方面达到足够的技艺水平、参加{d1}场战斗、杀死一名敌人及拥有{d2}年会龄后，获得了{s1}头衔	action
the bestowal of the title of {s} after attaining sufficient skill with {s}, participating in {d} battles, slaying an enemy, and {d} years of membership	在{s2}方面达到足够的技艺水平、参加{d1}场战斗、杀死一名敌人及拥有{d2}年会龄后授予{s1}头衔	title
received the title of {s} in {p} after attaining sufficient skill with {s}, participating in {d} battles, and slaying {d} enemies	在{s2}方面达到足够的技艺水平、参加{d1}场战斗及杀死{d2}名敌人后，获得了{p}的{s1}头衔	action
the bestowal of the title of {s} in {p} after attaining sufficient skill with {s}, participating in {d} battles, and slaying {d} enemies	在{s2}方面达到足够的技艺水平、参加{d1}场战斗及杀死{d2}名敌人后授予{p}的{s1}头衔	title
received the title of {s} after attaining sufficient skill with {s}, participating in {d} battles, and slaying {d} enemies	在{s2}方面达到足够的技艺水平、参加{d1}场战斗及杀死{d2}名敌人后，获得了{s1}头衔	action
the bestowal of the title of {s} after attaining sufficient skill with {s}, participating in {d} battles, and slaying {d} enemies	在{s2}方面达到足够的技艺水平、参加{d1}场战斗及杀死{d2}名敌人后授予{s1}头衔	title
received the title of {s} in {p} after attaining sufficient skill with {s}, participating in {d} battles, slaying {d} enemies, and being a member for a year	在{s2}方面达到足够的技艺水平、参加{d1}场战斗、杀死{d2}名敌人及入会满一年后，获得了{p}的{s1}头衔	action
the bestowal of the title of {s} in {p} after attaining sufficient skill with {s}, participating in {d} battles, slaying {d} enemies, and being a member for a year	在{s2}方面达到足够的技艺水平、参加{d1}场战斗、杀死{d2}名敌人及入会满一年后授予{p}的{s1}头衔	title
received the title of {s} after attaining sufficient skill with {s}, participating in {d} battles, slaying {d} enemies, and being a member for a year	在{s2}方面达到足够的技艺水平、参加{d1}场战斗、杀死{d2}名敌人及入会满一年后，获得了{s1}头衔	action
the bestowal of the title of {s} after attaining sufficient skill with {s}, participating in {d} battles, slaying {d} enemies, and being a member for a year	在{s2}方面达到足够的技艺水平、参加{d1}场战斗、杀死{d2}名敌人及入会满一年后授予{s1}头衔	title
received the title of {s} in {p} after attaining sufficient skill with {s}, participating in {d} battles, slaying {d} enemies, and {d} years of membership	在{s2}方面达到足够的技艺水平、参加{d1}场战斗、杀死{d2}名敌人及拥有{d3}年会龄后，获得了{p}的{s1}头衔	action
the bestowal of the title of {s} in {p} after attaining sufficient skill with {s}, participating in {d} battles, slaying {d} enemies, and {d} years of membership	在{s2}方面达到足够的技艺水平、参加{d1}场战斗、杀死{d2}名敌人及拥有{d3}年会龄后授予{p}的{s1}头衔	title
received the title of {s} after attaining sufficient skill with {s}, participating in {d} battles, slaying {d} enemies, and {d} years of membership	在{s2}方面达到足够的技艺水平、参加{d1}场战斗、杀死{d2}名敌人及拥有{d3}年会龄后，获得了{s1}头衔	action
the bestowal of the title of {s} after attaining sufficient skill with {s}, participating in {d} battles, slaying {d} enemies, and {d} years of membership	在{s2}方面达到足够的技艺水平、参加{d1}场战斗、杀死{d2}名敌人及拥有{d3}年会龄后授予{s1}头衔	title
received the title of {s} in {p} given to all new members	获得了{p}的{s}头衔，该头衔授予每一位新成员	action
the bestowal of the title of {s} in {p} given to all new members	授予{p}的{s}头衔，该头衔授予每一位新成员	title
received the title of {s} given to all new members	获得了{s}头衔，该头衔授予每一位新成员	action
the bestowal of the title of {s} given to all new members	授予{s}头衔，该头衔授予每一位新成员	title

# Native career and hiring continuations, completed from whole functions.
# 0x140b75660-0x140b75bf4: thief/baby-snatcher/mercenary use out of
# when based at a site; wandering uses around a site or the wilds without in.
# A simultaneously recorded region follows its site with only one space.
# Keep those two independently linked names in separate typed place fields.
decided to become a thief, operating out of {p}	决定成为盗贼，以{p}为据点活动	action
decided to become a thief, operating out of {p} {p}	决定成为盗贼，以{p2}的{p1}为据点活动	action
decided to become a mercenary, operating out of {p}	决定成为佣兵，以{p}为据点活动	action
decided to become a mercenary, operating out of {p} {p}	决定成为佣兵，以{p2}的{p1}为据点活动	action
decided to become a baby-snatcher, operating out of {p}	决定成为劫婴者，以{p}为据点活动	action
decided to become a baby-snatcher, operating out of {p} {p}	决定成为劫婴者，以{p2}的{p1}为据点活动	action
began wandering around {p}	开始在{p}周边游荡	action
began wandering around {p} {p}	开始在{p2}的{p1}周边游荡	action
began wandering the wilds	开始在荒野中游荡	action
became a {s} in {p} {p}	在{p2}的{p1}成为了{s}	action
became an {s} in {p} {p}	在{p2}的{p1}成为了{s}	action
began hunting great beasts in {p} {p}	开始在{p2}的{p1}猎杀巨兽	action
stopped being a {s} in {p} {p}	在{p2}的{p1}不再担任{s}	action
gave up being a {s} in {p} {p}	在{p2}的{p1}放弃了{s}的身份	action
gave up being an {s} in {p} {p}	在{p2}的{p1}放弃了{s}的身份	action
gave up being a {s} to become a {s} in {p} {p}	在{p2}的{p1}放弃了{s1}的身份，成为了{s2}	action
gave up being a {s} to become an {s} in {p} {p}	在{p2}的{p1}放弃了{s1}的身份，成为了{s2}	action
gave up being an {s} to become a {s} in {p} {p}	在{p2}的{p1}放弃了{s1}的身份，成为了{s2}	action
gave up being an {s} to become an {s} in {p} {p}	在{p2}的{p1}放弃了{s1}的身份，成为了{s2}	action

# Native biography military entries, 0x140b90271-0x140b90473 inside
# 0x140b8eeb0. Hiring may be solo, as part of an organization, or scouting
# (optionally from an organization); the unaffiliated branch says fought in.
# Every branch has the same defense/assault/site-free regional suffixes.
# Region-only in {p} and absent-location forms use action's shared expansion.
was hired to fight in {e}	受雇参加了{e}	action
was hired to fight in {e} in defense of {p}	受雇参加了{e}，以保卫{p1}	action
was hired to fight in {e}, an assault on {p}	受雇参加了{e}（对{p1}的攻袭）	action
was hired as part of {p} to fight in {e}	作为{p1}的一员受雇，参加了{e}	action
was hired as part of {p} to fight in {e} in defense of {p}	作为{p1}的一员受雇，参加了{e}，以保卫{p2}	action
was hired as part of {p} to fight in {e}, an assault on {p}	作为{p1}的一员受雇，参加了{e}（对{p2}的攻袭）	action
was hired as a scout for {e}	受雇为{e}担任斥候	action
was hired as a scout for {e} in defense of {p}	受雇为{e}担任斥候，以保卫{p1}	action
was hired as a scout for {e}, an assault on {p}	受雇为{e}担任斥候（对{p1}的攻袭）	action
was hired as a scout from {p} for {e}	作为来自{p1}的斥候受雇，参加了{e}	action
was hired as a scout from {p} for {e} in defense of {p}	作为来自{p1}的斥候受雇，参加了{e}，以保卫{p2}	action
was hired as a scout from {p} for {e}, an assault on {p}	作为来自{p1}的斥候受雇，参加了{e}（对{p2}的攻袭）	action
fought in {e} in defense of {p}	参加了{e}，以保卫{p1}	action
fought in {e}, an assault on {p}	参加了{e}（对{p1}的攻袭）	action
{e}, an assault on {p}	{e}（对{p}的攻袭）	title
{e} in defense of {p}	保卫{p}的{e}	title

# Complete native event branches with typed memory fields.
{a} defeated {a} and destroyed {p}	{a1}击败了{a2}，并摧毁了{p1}	clause
{n} routed {p} and destroyed {p}	{n1}击溃了{p1}，并摧毁了{p2}	clause
{p} was hidden in {p}	{p1}被藏在了{p2}	clause
surrendered {p} to {p}	向{p2}交出了{p1}	action
expelled {a} from {p}	将{a}逐出了{p}	action
territory	领土	term
the local government	当地政府	term
an insurrection began in {p}	{p}爆发了起义	event
an insurrection against {p} began in {p}	{p2}爆发了反抗{p1}的起义	event
the insurrection in {p} against {p}	{p1}反抗{p2}的起义	title
{a} founded {p} for {p}	{a1}为{p2}建立了{p1}	clause
{a} constructed {p} for {p}	{a1}为{p2}建造了{p1}	clause
{a} created {p} for {p}	{a1}为{p2}创造了{p1}	clause
{n} married {n}	{n1}与{n2}结婚了	clause
well-crafted	制作良好的	term
finely-crafted	精制的	term
exceptional	卓越品质的	term
ransomed {n} to {a}	收取赎金后将{n}交还给了{a}	action
Native ransom: released {n} for ransom	收取赎金后释放了{n}	clause
sabotaged activities	破坏了活动	action
The support of {a} was crucial to the coup	{a}的支持对政变起了关键作用	clause
in the wilds	在荒野中	clause
the wilds	荒野	term
was reunited with {a}	与{a}重聚了	action
were reunited with {a}	与{a}重聚了	action
abducted {a}	绑架了{a}	action
abducted {a} from {p}	从{p}绑架了{a}	action
was abducted from {p} by {a}	被{a}从{p}绑架了	action
after a murder	在一起谋杀发生后	clause
as {n} prefers to work alone	因为{n}更喜欢独自工作	clause
{p} was offered	{p}被献出了	clause
{p} was offered by {n}	{n}献出了{p}	clause
{p} was inherited from {a}	{p}从{a}处被继承了	clause
{p} was inherited by {n} from {a}	{n}从{a}处继承了{p}	clause
freed {a} from {p}	从{p}解救了{a}	action
{s} of {p}	{p1}的{s1}	participant
{a} left {p}	{a1}离开了{p1}	clause
{a} became {p}	{a1}成为了{p1}	clause
in fulfillment of a promise to {a}	以履行对{a1}的承诺	clause
the area around {p}	{p}周边	participant
made a copy of the original {p}	抄写了{p}的原本	action
acquired a copy of {p}	获得了{p}的抄本	action
# Artifact-copy events keep provenance attached to the original/copy,
# followed by its recipient and complete storage location.
{a} made a copy of the original {p} from {p}, keeping it within {p}	来自{p2}的{p1}的原本，被{a}抄写并放在了{p3}	clause
{a} acquired a copy of {p} from {p}, keeping it within {p}	来自{p2}的{p1}的抄本，被{a}获得并放在了{p3}	clause
{p} was recovered by {a} from {p} in {p}	{a1}从{p3}的{p2}找回了{p1}	clause
with {i}	使用{i}	clause
with {i} from {i}	使用由{i2}发射的{i1}	clause
was left out in the air by {a}	被{a}丢在空气中窒息而死	action
drowned oneself	投水自尽	action
and	并	clause
{p}, {s}	{p}（{s}）	participant
{p} was made by {a}	{a}制成了{p}	clause
{p} was made from {p} by {a}	{a}用{p2}制成了{p1}	clause
{n}'s {s}	{n}的{s}	participant
unknown material	未知材料	term
recruited from {p}	从{p}进行了招募	action
{p} was confiscated from {p} by {a}	{a}从{p2}没收了{p1}	event
{p} was looted from {p} by {a}	{a}从{p2}掠走了{p1}	event
{p} was recovered from {p} by {a}	{a}从{p2}找回了{p1}	event
offered a bribe	提出行贿	action
as {a} of {p}	，以{p}的{a}身份	clause
using the position {a} of {p}	，利用担任{p}的{a}之职	clause
a jealous grudge, {a}	因嫉妒而结怨的{a}	participant
a business rival, {a}	商业对手{a}	participant
the tormentor {a}	折磨过自己的{a}	participant
the persecutor {a}	迫害过自己的{a}	participant
a grudge, {a}	结怨的{a}	participant
the sacrilegious {a}	亵渎神灵的{a}	participant
Effective pressure to comply came from co-conspirators surrounding {a}.	{a}身边的同谋施加了有效压力，迫使其服从。	clause
Allies surrounding {a} raised their suspicions and the plan was foiled.	{a}身边的盟友提出了怀疑，使计划落空。	clause
Native history intrigue concession {a} response {a}	虽然{a1}，但{a2}	event
after being recognized and arrested by {a}	在被{a}认出并逮捕后	clause
due to ongoing surveillance on {a} as the plot unfolded	由于阴谋进行期间对{a}持续进行监视	clause
{e} to {i}	对{i}的{e}	title
{e} in {s}	{s}的{e}	title
companion {n}	同伴{n}	participant
, as {a}	，化名为{a}	clause
{p} was made a family heirloom by {a}	{a}将{p}定为传家宝	event
{p} was made a symbol	{p}被定为象征	event
{p} was made a symbol by {a}	{a}将{p}定为象征	event
Native history held story {e}	讲述了以下往事：「{e}」	action
Native history telling story {e}	讲述往事：「{e}」	clause
an unknown party	身份不明的一方	term
animated {s}	复活的{s}	participant
a single {s}	独自行动的{s}	participant
slaying them	将对方全部杀死	clause
slaying {c}	杀死了{c}个敌人	clause
dying	死去	clause
losing everyone	全员丧生	clause
losing {c}	损失了{c}个成员	clause
made a fortune trading {s} from {p} to {p}	通过将{s}从{p1}运往{p2}交易，赚得了大笔财富	action
did well trading {s} from {p} to {p}	通过将{s}从{p1}运往{p2}交易，获得了利润	action
lost a fortune trading {s} from {p} to {p}	将{s}从{p1}运往{p2}交易，亏掉了大笔财富	action
did poorly trading {s} from {p} to {p}	将{s}从{p1}运往{p2}交易，出现了亏损	action
broke even trading {s} from {p} to {p}	将{s}从{p1}运往{p2}交易，不盈不亏	action
goods	货物	term
hunting peasant	受过狩猎训练的平民	term
war peasant	受过战斗训练的平民	term
Native history office: master	首领	term
Native history office: masters	首领	term
Native history office: boss	首领	term
Native history office: bosses	首领	term
Native history office: ringleader	首领	term
Native history office: ringleaders	首领	term
Native history office: chieftain	酋长	term
Native history office: chieftains	酋长	term
Native history office: chief	酋长	term
Native history office: chiefs	酋长	term
Native history office: warlord	军阀	term
Native history office: warlords	军阀	term
Native history office: overlord	霸主	term
Native history office: overlords	霸主	term
Native history office: commander	指挥官	term
Native history office: commanders	指挥官	term
Native history office: representative	代表	term
Native history office: representatives	代表	term
# Native CUSTOM_GUILD_ALDERPERSON title (Windows literal FILE 0x16c1098).
Native history office: alderperson	行会理事	term
{p} was made by {a} in {p}	{a}在{p2}制成了{p1}	clause
{p} was made from {p} by {a} in {p}	{a}在{p3}用{p2}制成了{p1}	clause
Native Legends numbered age {d}: {s}	第{d}{s}	clause
Native Legends age was a time {s}: {s}	{s1}是这样一个时代：{s2}。	clause
Native Legends only great power {a}	{a}是世上唯一的权能强者	clause
Native Legends only great powers {a}	{a}是世上仅有的权能强者	clause
Native Legends creatures ruled the world {s}	{s}统治着世界	clause
Native Legends living gods and beasts held sway	活着的神灵与强大的野兽主宰着世界	term
Native Legends living gods and beasts still held sway	活着的神灵与强大的野兽仍主宰着世界	term
Native Legends great powers still existed	世上仍存在权能强者	term
Native Legends great powers were fading	世上的权能强者正逐渐消亡	term
Native Legends great powers had returned	权能强者已重返世界	term
Native Legends fantastic creatures no longer numerous	奇幻生物已不再大量存在	term
Native Legends fantastic creatures few and doubted	奇幻生物已寥寥无几，有些人甚至怀疑它们是否存在	term
Native Legends final battles of ancient powers	最后的古老权能强者展开了最后的战斗	term
Native Legends final battles of powers	最后的权能强者展开了最后的战斗	term
Native Legends civilized races peopled the world	各个文明种族遍布世界	term
Native Legends civilization crumbled completely	文明已彻底崩溃	term
Native Legends fantastic creatures mere travelers stories	奇幻生物已成为旅人口中虚无缥缈的故事	term
Native Legends only simple creatures existed	世上只有简单的生物栖居	term
Native Legends no civilized peoples existed	世上已不存在文明族群	term
Native Legends once again {s}	{s}，这一情形又一次出现	clause
Native Legends again {s}	{s}，这一情形再次出现	clause
Native Legends part of {s}	属于{s}的一部分。	clause
Native Legends collection ended {s}	{s}结束了。	clause
Native Legends collection occurred {s}	发生了{s}。	clause
Native Legends collection began {s}	{s}开始了。	clause
Native Legends animated force {d} {s}	{d}个被赋予生命的{s}	clause
Native Legends force {d} {s}	{d}个{s}	clause
Native Legends unknown force {d}	{d}个不明生物	clause
Native Legends all forces lost	全军覆没	term
Native Legends no forces lost	没有损失	term
Native Legends forces lost {d}	损失{d}个成员	clause
Native Legends defender forces {s}: {s}	防守方：{s1}，{s2}。	clause
Native Legends attacker forces {s}: {s}	进攻方：{s1}，{s2}。	clause
Native Legends defender victorious	防守方获胜。	term
Native Legends attacker uncontested	进攻方未遭抵抗。	term
Native Legends attacker victorious	进攻方获胜。	term
Native Legends attacking beast	野兽	term
Native Legends fearsome beast attacks {s}	一只可怕的{s}来袭！	clause
Native Legends beasts attack {d} {s}	{d}只{s}来袭！	clause
Native Legends fair occurred	举行了一场集市	term
Native Legends commemorative festival {e}	举行了纪念“{e}”的节庆	clause
Native Legends holy period dedicated to {n}	举办了奉献给{n}的圣期	clause
Native Legends centered on divine aspect {s}	，围绕其{s}神性展开	clause
Native Legends war waged {e} by {p} on {p}	{e}由{p1}向{p2}发起。	clause
Native Legends war causes debated	学者们对这场冲突的起因争论不休，确切的事实却鲜为人知。	term
Native Legends significant war cause {s}	这场冲突最重要的起因是{s}。	clause
Native Legends one significant war cause {s}	这场冲突最重要的起因之一是{s}。	clause
Native Legends war godlessness {n}	{n}对敌方不敬神灵的厌恶	clause
Native Legends war family matter {n}	{n}的一桩家事	clause
Native Legends war religious worship {n} {s}	{n}从宗教上反对敌方崇拜{s}	clause
Native Legends war religious association {n} {s}	{n}从宗教上反对敌方与{s}的内在联系	clause
Native Legends war natural worship {n} {s}	{n}天生厌恶敌方崇拜{s}	clause
Native Legends war natural association {n} {s}	{n}天生厌恶敌方与{s}的内在联系	clause
Native Legends war disturbed eternal rest	原本永恒的安息受到打扰	term
Native Legends war kill living	杀死生者及其他反对者的欲望	term
Native Legends war cannot communicate	敌方无法沟通及缔结条约	term
Native Legends war dispute {s}	关于{s}的争端	clause
Native Legends war animal treatment	对待动物的方式	term
Native Legends war plant treatment	对待植物的方式	term
Native Legends war torture	酷刑	term
Native Legends war formal agreement	正式协议	term
Native Legends war truthfulness	诚实	term
Native Legends war eating sapients	吞食智慧生物的尸体	term
Native Legends war trophies	展示战争及狩猎战利品	term
Native Legends war artifact ownership {i}	关于{i}归属的争端	clause
Native Legends war historical ill feelings	对过往历史事件的普遍恶感	term
Native Legends war prior aggression	敌方先前的侵略	term
Native Legends war failed first contact	一场结果极糟的首次接触	term
Native Legends war treaty refusal	敌方拒绝缔结条约	term
Native Legends war fallen abuse	敌方对进攻方死者的侮辱	term
Native Legends war lost diplomat	一场涉及失踪外交官的事件	term
Native Legends war treaty disagreement	对先前条约的分歧	term
Native Legends war trade caravan	一场涉及贸易商队的事件	term
Native Legends war territory	领土	term
Native Legends war water rights	用水权	term
Native Legends war grazing rights	放牧权	term
Native Legends war fishing rights	捕鱼权	term
Native Legends war rights of way	通行权	term
Native Legends war livestock ownership	牲畜归属	term
Native Legends previous war	先前的一场战争	term
Native Legends previous battle	先前的一场战斗	term
Native Legends previous duel	先前的一场决斗	term
Native Legends previous conquest	先前的一次征服	term
Native Legends abduction	一次绑架	term
Native Legends act of theft	一次盗窃	term
Native Legends beast attack	一次野兽袭击	term
Native Legends journey	一次旅程	term
Native Legends previous insurrection	先前的一场叛乱	term
Native Legends special occasion	一次特殊庆典	term
Native Legends purge	一次清洗	term
Native Legends raid	一次袭击	term
Native Legends persecution	迫害	term
Native Legends coup	一次政变	term
Native Legends commemorative festival	举行了一场纪念节庆	term
Native overview collection memory {s}	那是{s}。	clause

# Artwork/history summary slot +0xd8 is independent of the agreement's
# ordinary action slot +0xc8. Native 0x1402ad7f0, eighteen-way table
# 0x1402afde4, supplies these noun phrases; 0x1402afe78 chooses joining
# purposes, and 0x1402afe2c supplies the existing scoped crime terms.
# Party captures retain native figure-then-entity lists and unknown parties.
# Office, optional targets, influence and messenger tails remain separate.
the formation of a corrupt agreement	一项腐败协议的形成	title
the embezzlement conspiracy concocted by {a}	{a}策划的挪用资金阴谋	title
the corruption conspiracy concocted by {a}	{a}策划的腐败阴谋	title
the bribery conspiracy concocted by {a}	{a}策划的贿赂阴谋	title
the plot of {a} to infiltrate {p}	{a}渗透{p}的阴谋	title
the plot of {a} to infiltrate	{a}的渗透阴谋	title
the plot of {a} to frame {a} for {s} by fooling {a}	{a1}通过欺骗{a3}、以{s}罪名陷害{a2}的阴谋	title
the plot of {a} to frame for {s} by fooling {a}	{a1}通过欺骗{a2}、以{s}罪名陷害他人的阴谋	title
the plot of {a} to frame {a} for {s} by fooling	{a1}以{s}罪名陷害{a2}的欺诈阴谋	title
the plot of {a} to frame for {s} by fooling	{a}以{s}罪名陷害他人的欺诈阴谋	title
the plot of {a} to induce a war of {p} upon {p}	{a}挑起{p1}对{p2}战争的阴谋	title
the plot of {a} to induce a war of {p} upon	{a}挑起{p}对外战争的阴谋	title
the plot of {a} to induce a war of upon {p}	{a}挑起针对{p}战争的阴谋	title
the plot of {a} to induce a war of upon	{a}挑起战争的阴谋	title
the plot of {a} to sabotage the activities of {a}	{a1}破坏{a2}活动的阴谋	title
the plot of {a} to sabotage the activities of {p}	{a}破坏{p}活动的阴谋	title
the plot of {a} to sabotage the activities of	{a}破坏活动的阴谋	title
the plot of {a} to abduct {a}	{a1}绑架{a2}的阴谋	title
the plot of {a} to abduct	{a}的绑架阴谋	title
the plot of {a} to assassinate {a}	{a1}暗杀{a2}的阴谋	title
the plot of {a} to assassinate	{a}的暗杀阴谋	title
the plot of {a} to steal {p}	{a}盗窃{p}的阴谋	title
the plot of {a} to steal	{a}的盗窃阴谋	title
# 0x1402aeb9f compares recipient and beneficiary: equal parties produce
# "to ... of a position"; distinct parties produce "to ... to give ...".
the promise by {a} to {a} of a position	{a1}向{a2}许诺职位	title
the promise by {a} to {a} of a position in {p}	{a1}向{a2}许诺{p}的职位	title
the promise by {a} to {a} to give {a} a position	{a1}向{a2}许诺授予{a3}职位	title
the promise by {a} to {a} to give {a} a position in {p}	{a1}向{a2}许诺授予{a3}在{p}的职位	title
the promise by {a} to {a} to give a position	{a1}向{a2}许诺授予职位	title
the promise by {a} to {a} to give a position in {p}	{a1}向{a2}许诺授予{p}的职位	title
the passing of corruptly-obtained funds by {a}	{a}转交贪腐所得资金	title
the embezzlement of {a}	{a}挪用资金	title
the bribery of {a}	{a}受贿	title
{e} as the {s} of {p}	担任{p}的{s}期间发生的{e}	title
{e} as a {s} of {p}	担任{p}的{s}期间发生的{e}	title
{e} under the influence of {a}	在{a}影响下发生的{e}	title
{e} via {a}	经由{a}促成的{e}	title
the permanent joining by {a} of {a} to the living world	{a1}使{a2}永久留在生者世界	title
the parley between {a} and {a}	{a1}与{a2}的会谈	title
the agreement between {a} and {a}	{a1}与{a2}的协议	title
the agreement between {a} and {a} to study	{a1}与{a2}达成的求学协议	title
the agreement between {a} and {a} to work as a mercenary	{a1}与{a2}达成的佣兵效力协议	title
the agreement between {a} and {a} to entertain the citizenry	{a1}与{a2}达成的娱乐居民协议	title
the agreement between {a} and {a} to eradicate monsters	{a1}与{a2}达成的消灭怪物协议	title
{e} and become a resident of {p}	{e}，其中前者成为{p}的居民	title
{e} and become a citizen of {p}	{e}，其中前者成为{p}的公民	title
the joining of {a} with {a}	{a1}与{a2}的结伴	title
the joining of {a} with {a} to help rescue {a}	{a1}与{a2}结伴协助营救{a3}	title
the joining of {a} with {a} to help rescue	{a1}与{a2}结伴协助营救	title
the joining of {a} with {a} to oust {p} from {p}	{a1}与{a2}结伴将{p1}逐出{p2}	title
the joining of {a} with {a} to oust from {p}	{a1}与{a2}结伴驱逐{p}的势力	title
the joining of {a} with {a} to oust {p} from	{a1}与{a2}结伴驱逐{p}	title
the joining of {a} with {a} to oust from	{a1}与{a2}结伴进行驱逐	title
the joining of {a} with {a} to entertain the world	{a1}与{a2}结伴周游世界、带来欢乐	title
the joining of {a} with {a} to live a life of adventure	{a1}与{a2}结伴过上冒险生活	title
the joining of {a} with {a} in bound service	{a1}在效力约束下与{a2}结伴	title
the joining of {a} with {a} as a guide	{a1}担任向导，与{a2}结伴	title
the joining of {a} with {a} as a guide to find {a}	{a1}担任向导，与{a2}结伴寻找{a3}	title
the joining of {a} with {a} as a guide to {p}	{a1}担任向导，与{a2}结伴前往{p}	title
the joining of {a} with {a} in order to be brought to safety	{a1}与{a2}结伴以获带往安全之地	title
the agreement by {a} to establish a grand guildhall for {a}	{a1}为{a2}建立大型行会大厅的协议	title
the agreement by {a} to establish a guildhall for {a}	{a1}为{a2}建立行会大厅的协议	title
the agreement by {a} to establish a temple complex for {a}	{a1}为{a2}建立神殿群的协议	title
the agreement by {a} to establish a temple for {a}	{a1}为{a2}建立神殿的协议	title
the agreement by {a} to establish for {a}	{a1}为{a2}建设设施的协议	title
the request by {a} that {a} make an offer of service	{a1}要求{a2}提出效力邀约	title
the request by {a} that {a} make an offer of service to {p}	{a1}要求{a2}向{p}提出效力邀约	title
the request by {a} that {a} retrieve {p}	{a1}要求{a2}找回{p}	title
the request by {a} that {a} retrieve {p} from {p}	{a1}要求{a2}从{p2}找回{p1}	title
the request by {a} that {a} retrieve {p} for {p}	{a1}要求{a2}为{p2}找回{p1}	title
the request by {a} that {a} retrieve {p} from {p} for {p}	{a1}要求{a2}从{p2}为{p3}找回{p1}	title
# The native dispute noun uses hyphens, unlike the page-specific field key.
rights-of-way	通行权	term
# The collection title's leaf is a title, not only the schedule term.
Storytelling	故事讲述	title

# Related +0xd8 roots also append semantic tails rather than ordinary
# clauses. A clause-only entry cannot complete a recursive {e} subject.
# Artifact transformation/claim: 0x140b8a720 and 0x140b88790.
the making of {p}	{p}的制作	title
the making of {b}	《{b}》的制作	title
the making of {p} from {p}	以{p2}制作{p1}	title
the making of {b} from {p}	以{p}制作《{b}》	title
the making of {p} into a family heirloom	将{p}定为传家宝	title
the making of {p} into an official symbol	将{p}定为正式象征	title
the making of {p} into a symbol of {p}	将{p1}定为{p2}的象征	title
the making of {p} into a symbol of a {s} of {p}	将{p1}定为{p2}的{s}职位的象征	title
the making of {p} into a symbol of the {s} of {p}	将{p1}定为{p2}的{s}职位的象征	title
the making of {p} into a symbol of a {s}	将{p}定为{s}职位的象征	title
the making of {p} into a symbol of the {s}	将{p}定为{s}职位的象征	title
# Preaching and career summaries: 0x140b7b6a0 and 0x140b75c00.
{e} urging love between {p} and {p}	{e}，劝导{p1}与{p2}相互关爱	title
{e} setting {p} against {p}	{e}，挑拨{p1}与{p2}对立	title
{e}, based in {p}	{e}，以{p}为据点	title
# Encounter outcomes (0x140b6f040) and reunion efforts (0x140b750d0).
{e} after a horrific combat	在一场可怕战斗之后发生的{e}	title
{e} despite the latter's wounds	{e}，尽管后者已经负伤	title
{e} in which the former emerged victorious	{e}，前者最终获胜	title
{e} through the efforts of {n}	经由{n}的努力而发生的{e}	title
# The collapse/death-strike branches of 0x140b73780 preserve the attacker,
# the weapon and its originating artifact independently. The artifact
# branch literally appends " attack with " after its attack introduction.
{e}, after the death strike by {a}	在受到{a}的致命一击之后发生的{e}	title
{e} after an attack with {i}	在遭到{i}袭击之后发生的{e}	title
{e} after an attack with {p}	在遭到{p}袭击之后发生的{e}	title
{e} after an attack by {a} with {i}	在遭到{a}用{i}袭击之后发生的{e}	title
{e} after an attack by {a} with {p}	在遭到{a}用{p}袭击之后发生的{e}	title
{e} after an attack attack with {i} from {p}	在遭到来自{p}的{i}袭击之后发生的{e}	title
{e} after an attack attack with {p} from {p}	在遭到来自{p2}的{p1}袭击之后发生的{e}	title
{e} after an attack by {a} attack with {i} from {p}	在遭到{a}用来自{p}的{i}袭击之后发生的{e}	title
{e} after an attack by {a} attack with {p} from {p}	在遭到{a}用来自{p2}的{p1}袭击之后发生的{e}	title
# Suspicion reasons at 0x140b76ba0 are part of the summary, including
# the combined two-reason branch, rather than new historical events.
{e} after a murder	在一起谋杀发生后产生的{e}	title
{e} after appearing not to age	因看起来不会衰老而产生的{e}	title
{e} after a murder and appearing not to age	因发生一起谋杀且看起来不会衰老而产生的{e}	title
# Conviction summary causes at 0x140b7e640, with both deceiver and target.
{e} after {a} fooled {a} with fabricated evidence	在{a1}以伪造证据欺骗{a2}之后发生的{e}	title
{e} at the behest of {a}	应{a}指使发生的{e}	title
{e} through the machinations of {a}	因{a}的阴谋而发生的{e}	title
# Masterwork loss (0x140b65030) recursively names its creation event before
# selecting the independent destruction mechanism, site and date suffixes.
the destruction of {e}	{e}成果的毁灭	title
{e} by melting	{e}，其原因是熔化	title
{e} by magma	{e}，其原因是岩浆	title
{e} during fortification carving	在雕刻箭垛时发生的{e}	title
{e} during mining	在采矿时发生的{e}	title
{e} by falling debris	{e}，其原因是坠落碎片	title
{e} by growing vegetation	{e}，其原因是植物生长	title

# The beast-attack collection's underground branch literally appends
# " in " twice: 0x140bc6afa and 0x140bc6b2c before 0x140b94940.
# Preserve that native source spelling only in these rampage titles.
# Bare leaves also occur after the independently composed ordinal prefix.
Rampage in in {p}	{p}的肆虐事件	title
Rampage of {n} in in {p}	{n}在{p}的肆虐事件	title
{s} Rampage in in {p}	{p}的{s}肆虐事件	title
{s} Rampage of {n} in in {p}	{n}在{p}的{s}肆虐事件	title
Monster Rampage in in {p}	{p}的怪物肆虐事件	title
Monster Rampage of {n} in in {p}	{n}在{p}的怪物肆虐事件	title
The Rampage in in {p}	{p}的肆虐事件	title
The Rampage of {n} in in {p}	{n}在{p}的肆虐事件	title
The {s} Rampage in in {p}	{p}的{s}肆虐事件	title
The {s} Rampage of {n} in in {p}	{n}在{p}的{s}肆虐事件	title
The Monster Rampage in in {p}	{p}的怪物肆虐事件	title
The Monster Rampage of {n} in in {p}	{n}在{p}的怪物肆虐事件	title
# An out-of-range framing crime takes 0x1402ade4c without a crime noun;
# the native "for" and "by fooling" separators are still emitted.
the plot of {a} to frame {a} for by fooling {a}	{a1}通过欺骗{a3}陷害{a2}的阴谋	title
the plot of {a} to frame for by fooling {a}	{a1}通过欺骗{a2}陷害他人的阴谋	title
the plot of {a} to frame {a} for by fooling	{a1}欺诈陷害{a2}的阴谋	title
the plot of {a} to frame for by fooling	{a}欺诈陷害他人的阴谋	title
# Empty occasion names leave a native separator without a title. Scope
# their handling to the observed artwork/occasion/activity spellings.
{e} during	在活动期间，{e}	title
The Occasion of	庆典	title
Occasion of	庆典	title
Performance of	表演	title
Dance Performance of	舞蹈表演	title
Musical Performance of	音乐表演	title
Poetry Recital of	诗歌朗诵	title
Storytelling of	故事讲述	title
Competition of	比赛	title
Dance Competition of	舞蹈比赛	title
Musical Competition of	音乐比赛	title
Poetry Competition of	诗歌比赛	title
Race of	赛跑	title
Air Race of	飞行竞赛	title
{s} Race of	{s}赛跑	title
Wrestling Competition of	摔跤比赛	title
{i} Throwing Competition of	{i}投掷比赛	title
Gladiatory Games of	角斗比赛	title
Procession of	游行	title
Ceremony of	仪式	title
Opening Ceremony of	开幕仪式	title
Closing Ceremony of	闭幕仪式	title
Main Ceremony of	主要仪式	title
# New-leader summary 0x140b66c00 outputs the literal "over" immediately
# before "at" and the site: 0x140b66e51..0x140b66e8e.
{e} and lordship of {a} over at {p}	{e}，此后{a}统治{p}	title
{e} and lordship of over at {p}	{e}，此后{p}的统治权发生变化	title
# Item-improvement summaries' chain/rope arms retain the original "added"
# wording; named images/engravings preserve the quoted generated name.
the added a masterful chain	杰作级链条的添加	title
the added a masterful rope	杰作级绳索的添加	title
{e} "{b}"	{e}《{b}》	title
the masterful engraving "{b}" created by {n}	{n}创作的杰作级雕刻《{b}》	title
{e} with the possible involvement of {p}	{e}，可能涉及{p}	title
{e} and raiding of {p}	{e}及对{p}的袭击	title
{e} and pillaging of {p}	{e}及对{p}的劫掠	title
# Two recorded pet races use two creature-name calls; neither species
# belongs to an unrestricted proper-name or concatenated generic term.
the taming of the {s} and {s}	驯服{s1}与{s2}	title
{e} after appearing not to age and a murder	因看起来不会衰老且发生一起谋杀而产生的{e}	title
# Complete improvement-title tails follow the producer's caption/material/
# item/author order, keeping a nested destroyed creation below the shared
# recursion limit without dropping any caption, medium or author field.
{e} "{b}" in {i} to {i} by {n}	{n}以{i1}为材，为{i2}完成{e}《{b}》	title
{e} "{b}" to {i} by {n}	{n}为{i}完成{e}《{b}》	title
{e} in {i} to {i} by {n}	{n}以{i1}为材，为{i2}完成{e}	title
{e} to {i} by {n}	{n}为{i}完成{e}	title
the masterful engraving created by {n}	{n}创作的杰作级雕刻	title
# Copy acquisition root 0x140b8a150 always preserves source/destination
# structure, site and entity fields; flag+44 bit1 prefixes the original.
the acquisition of a copy of {p}	获得{p}的抄本	title
the acquisition of a copy of the original {p}	获得原本{p}的抄本	title
the acquisition of a copy of the original {b}	获得原本《{b}》的抄本	title
the acquisition of a copy of {p} from {p} in {p} of {p} by {a} for {p} in {p}	{a}为{p5}（位于{p6}）从{p2}（位于{p3}，属于{p4}）获得{p1}的抄本	title
the acquisition of a copy of the original {p} from {p} in {p} of {p} by {a} for {p} in {p}	{a}为{p5}（位于{p6}）从{p2}（位于{p3}，属于{p4}）获得原本{p1}的抄本	title
the acquisition of a copy of {b} from {p} in {p} of {p} by {a} for {p} in {p}	{a}为{p4}（位于{p5}）从{p1}（位于{p2}，属于{p3}）获得《{b}》的抄本	title
the acquisition of a copy of the original {b} from {p} in {p} of {p} by {a} for {p} in {p}	{a}为{p4}（位于{p5}）从{p1}（位于{p2}，属于{p3}）获得原本《{b}》的抄本	title
# Ordinary encounters at 0x140b6f040 use the first actor's possessive
# figure-name style, retaining both actors before the location and date.
{a}'s attack on {a}	{a1}对{a2}的攻击	title
{a}'s surprising of {a}	{a1}对{a2}的突袭	title
{a}'s ambush of {a}	{a1}对{a2}的伏击	title
{a}'s happening upon {a}	{a1}与{a2}的偶遇	title
{a}'s cornering of {a}	{a1}将{a2}逼入绝境	title
{a}'s confrontation of {a}	{a1}与{a2}的对峙	title
{a}'s brawl with {a}	{a1}与{a2}的斗殴	title
# Native event-summary branches can emit no subject text. Preserve only
# the relationship stated by the art wrapper and its known collection.
The artwork relates to .	这件艺术品与历史事件有关。	clause
The artwork relates to during {e}.	这件艺术品与{e}期间的历史事件有关。	clause
The artwork relates to during .	这件艺术品与活动期间的历史事件有关。	clause
# Building-action root 0x140b6a110 always appends " of " after its
# selected action. Its default and artifact-action 0x140b6a250's default
# retain their typed references without supplying an action name.
the profaning of {p}	对{p}的亵渎	title
the disturbing of {p}	对{p}的惊扰	title
the prayer inside of {p}	在{p}内的祈祷	title
the of {p} in {p} by {a}	{a}在{p2}涉及{p1}的历史事件	title
the {p} in {p} by {a}	{a}在{p2}涉及{p1}的历史事件	title
the {p} in {p} in {p} by {a}	{a}在{p3}的{p2}涉及{p1}的历史事件	title
# Invalid season selectors keep the selected phase and year, rather than
# inventing a season discarded by the original switch default.
In the early of {d},	第{d}年初期，	clause
In the mid of {d},	第{d}年中期，	clause
In the late of {d},	第{d}年后期，	clause
# Entity-link title selectors4/6 use ASSIGN "by", while selectors11/14
# and default retain only "of" and the two independently typed subjects.
by {p}	由{p}实施的历史事件	title
of {a} {p}	涉及{a}与{p}的历史事件	title
# Missing office/figure paths keep the chosen noun root but omit its
# position connector; both person and organization references still remain.
the status of {a} {p}	{a}在{p}的身份	title
the appointment of {a} {p}	{p}对{a}的任命	title
the ascension of {a} {p}	{a}在{p}的晋升	title
the election of {a} {p}	{a}在{p}的当选	title
the selection of {a} {p}	{p}对{a}的选任	title
the claim of {a} {p}	{a}涉及{p}的宣称	title
# Empty raw office names retain the original adjacent connectors. Preserve
# the action and both references without manufacturing an office label.
the appointment of {a} to the position of of {p}	{a}获任{p}的职位	title
the ascension of {a} to the position of of {p}	{a}晋升至{p}的职位	title
the election of {a} to the position of of {p}	{a}当选{p}的职位	title
the selection of {a} to the position of of {p}	{a}被选任{p}的职位	title
the claim of {a} to the position of of {p}	{a}宣称担任{p}的职位	title
the status of {a} as a of {p}	{a}在{p}的任职身份	title
