edition	image_identity	owner	function_rva	instruction_rva	instruction	target_rva	edge_kind
steam	PE:6a70a6d9:02711000	inventory-selection-renderer	0x8819f0	0x881a39	je	0x881a4f	conditional-or-direct-control-edge
steam	PE:6a70a6d9:02711000	inventory-selection-renderer	0x8819f0	0x881aa3	jle	0x881ab3	conditional-or-direct-control-edge
steam	PE:6a70a6d9:02711000	inventory-selection-renderer	0x8819f0	0x881ab9	jg	0x881b87	conditional-or-direct-control-edge
steam	PE:6a70a6d9:02711000	inventory-selection-renderer	0x8819f0	0x881ac6	jg	0x881b7d	conditional-or-direct-control-edge
steam	PE:6a70a6d9:02711000	inventory-selection-renderer	0x8819f0	0x881af0	jne	0x881b1b	conditional-or-direct-control-edge
steam	PE:6a70a6d9:02711000	inventory-selection-renderer	0x8819f0	0x881af5	jne	0x881aff	conditional-or-direct-control-edge
steam	PE:6a70a6d9:02711000	inventory-selection-renderer	0x8819f0	0x881afd	jmp	0x881b66	conditional-or-direct-control-edge
steam	PE:6a70a6d9:02711000	inventory-selection-renderer	0x8819f0	0x881b09	jne	0x881b13	conditional-or-direct-control-edge
steam	PE:6a70a6d9:02711000	inventory-selection-renderer	0x8819f0	0x881b11	jmp	0x881b6d	conditional-or-direct-control-edge
steam	PE:6a70a6d9:02711000	inventory-selection-renderer	0x8819f0	0x881b19	jmp	0x881b6d	conditional-or-direct-control-edge
steam	PE:6a70a6d9:02711000	inventory-selection-renderer	0x8819f0	0x881b1d	jne	0x881b48	conditional-or-direct-control-edge
steam	PE:6a70a6d9:02711000	inventory-selection-renderer	0x8819f0	0x881b22	jne	0x881b2c	conditional-or-direct-control-edge
steam	PE:6a70a6d9:02711000	inventory-selection-renderer	0x8819f0	0x881b2a	jmp	0x881b66	conditional-or-direct-control-edge
steam	PE:6a70a6d9:02711000	inventory-selection-renderer	0x8819f0	0x881b36	jne	0x881b40	conditional-or-direct-control-edge
steam	PE:6a70a6d9:02711000	inventory-selection-renderer	0x8819f0	0x881b3e	jmp	0x881b6d	conditional-or-direct-control-edge
steam	PE:6a70a6d9:02711000	inventory-selection-renderer	0x8819f0	0x881b46	jmp	0x881b6d	conditional-or-direct-control-edge
steam	PE:6a70a6d9:02711000	inventory-selection-renderer	0x8819f0	0x881b4b	jne	0x881b55	conditional-or-direct-control-edge
steam	PE:6a70a6d9:02711000	inventory-selection-renderer	0x8819f0	0x881b53	jmp	0x881b66	conditional-or-direct-control-edge
steam	PE:6a70a6d9:02711000	inventory-selection-renderer	0x8819f0	0x881b5e	je	0x881b66	conditional-or-direct-control-edge
steam	PE:6a70a6d9:02711000	inventory-selection-renderer	0x8819f0	0x881b77	jle	0x881ad0	conditional-or-direct-control-edge
steam	PE:6a70a6d9:02711000	inventory-selection-renderer	0x8819f0	0x881b81	jle	0x881ac0	conditional-or-direct-control-edge
steam	PE:6a70a6d9:02711000	inventory-selection-renderer	0x8819f0	0x881bbe	jne	0x881bc6	conditional-or-direct-control-edge
steam	PE:6a70a6d9:02711000	inventory-selection-renderer	0x8819f0	0x881bc4	jmp	0x881bd4	conditional-or-direct-control-edge
steam	PE:6a70a6d9:02711000	inventory-selection-renderer	0x8819f0	0x881bc9	jne	0x881bd0	conditional-or-direct-control-edge
steam	PE:6a70a6d9:02711000	inventory-selection-renderer	0x8819f0	0x881bce	jmp	0x881bd4	conditional-or-direct-control-edge
steam	PE:6a70a6d9:02711000	inventory-selection-renderer	0x8819f0	0x881bf0	jl	0x881bb0	conditional-or-direct-control-edge
steam	PE:6a70a6d9:02711000	inventory-selection-renderer	0x8819f0	0x881bf7	jl	0x881b90	conditional-or-direct-control-edge
steam	PE:6a70a6d9:02711000	inventory-selection-renderer	0x8819f0	0x881c57	jbe	0x881c8a	conditional-or-direct-control-edge
steam	PE:6a70a6d9:02711000	inventory-selection-renderer	0x8819f0	0x881c6a	jb	0x881c85	conditional-or-direct-control-edge
steam	PE:6a70a6d9:02711000	inventory-selection-renderer	0x8819f0	0x881c7f	ja	0x8826e4	conditional-or-direct-control-edge
steam	PE:6a70a6d9:02711000	inventory-selection-renderer	0x8819f0	0x881cb0	ja	0x88235f	conditional-or-direct-control-edge
steam	PE:6a70a6d9:02711000	inventory-selection-renderer	0x8819f0	0x881cc7	jmp	rcx	indirect-control-edge
steam	PE:6a70a6d9:02711000	inventory-selection-renderer	0x8819f0	0x881d31	je	0x881d99	conditional-or-direct-control-edge
steam	PE:6a70a6d9:02711000	inventory-selection-renderer	0x8819f0	0x881d52	je	0x881d99	conditional-or-direct-control-edge
steam	PE:6a70a6d9:02711000	inventory-selection-renderer	0x8819f0	0x881d58	je	0x881d99	conditional-or-direct-control-edge
steam	PE:6a70a6d9:02711000	inventory-selection-renderer	0x8819f0	0x881d60	js	0x881d8c	conditional-or-direct-control-edge
steam	PE:6a70a6d9:02711000	inventory-selection-renderer	0x8819f0	0x881d76	je	0x881d8f	conditional-or-direct-control-edge
steam	PE:6a70a6d9:02711000	inventory-selection-renderer	0x8819f0	0x881d8a	jle	0x881d62	conditional-or-direct-control-edge
steam	PE:6a70a6d9:02711000	inventory-selection-renderer	0x8819f0	0x881d92	je	0x881d99	conditional-or-direct-control-edge
steam	PE:6a70a6d9:02711000	inventory-selection-renderer	0x8819f0	0x881d97	jmp	0x881da2	conditional-or-direct-control-edge
steam	PE:6a70a6d9:02711000	inventory-selection-renderer	0x8819f0	0x881d9c	je	0x88235f	conditional-or-direct-control-edge
steam	PE:6a70a6d9:02711000	inventory-selection-renderer	0x8819f0	0x881db7	jne	0x881e0a	conditional-or-direct-control-edge
steam	PE:6a70a6d9:02711000	inventory-selection-renderer	0x8819f0	0x881dc1	jne	0x881e0a	conditional-or-direct-control-edge
steam	PE:6a70a6d9:02711000	inventory-selection-renderer	0x8819f0	0x881dcb	jne	0x881e03	conditional-or-direct-control-edge
steam	PE:6a70a6d9:02711000	inventory-selection-renderer	0x8819f0	0x881dd8	jne	0x881e03	conditional-or-direct-control-edge
steam	PE:6a70a6d9:02711000	inventory-selection-renderer	0x8819f0	0x881de5	je	0x881dee	conditional-or-direct-control-edge
steam	PE:6a70a6d9:02711000	inventory-selection-renderer	0x8819f0	0x881dec	jmp	0x881e0f	conditional-or-direct-control-edge
steam	PE:6a70a6d9:02711000	inventory-selection-renderer	0x8819f0	0x881dfa	je	0x881e0f	conditional-or-direct-control-edge
steam	PE:6a70a6d9:02711000	inventory-selection-renderer	0x8819f0	0x881e01	jmp	0x881e0f	conditional-or-direct-control-edge
steam	PE:6a70a6d9:02711000	inventory-selection-renderer	0x8819f0	0x881e08	jmp	0x881e0f	conditional-or-direct-control-edge
steam	PE:6a70a6d9:02711000	inventory-selection-renderer	0x8819f0	0x881e1c	js	0x881e4c	conditional-or-direct-control-edge
steam	PE:6a70a6d9:02711000	inventory-selection-renderer	0x8819f0	0x881e46	jae	0x881e4c	conditional-or-direct-control-edge
steam	PE:6a70a6d9:02711000	inventory-selection-renderer	0x8819f0	0x881e64	je	0x881e81	conditional-or-direct-control-edge
steam	PE:6a70a6d9:02711000	inventory-selection-renderer	0x8819f0	0x881e92	je	0x881e9e	conditional-or-direct-control-edge
steam	PE:6a70a6d9:02711000	inventory-selection-renderer	0x8819f0	0x881e9c	je	0x881ed8	conditional-or-direct-control-edge
steam	PE:6a70a6d9:02711000	inventory-selection-renderer	0x8819f0	0x881ea6	jne	0x881ed8	conditional-or-direct-control-edge
steam	PE:6a70a6d9:02711000	inventory-selection-renderer	0x8819f0	0x881eb3	je	0x881ed8	conditional-or-direct-control-edge
steam	PE:6a70a6d9:02711000	inventory-selection-renderer	0x8819f0	0x881ebc	jne	0x881ed8	conditional-or-direct-control-edge
steam	PE:6a70a6d9:02711000	inventory-selection-renderer	0x8819f0	0x881f03	jae	0x881fff	conditional-or-direct-control-edge
steam	PE:6a70a6d9:02711000	inventory-selection-renderer	0x8819f0	0x881f1d	jne	0x881f2c	conditional-or-direct-control-edge
steam	PE:6a70a6d9:02711000	inventory-selection-renderer	0x8819f0	0x881f3e	je	0x881f46	conditional-or-direct-control-edge
steam	PE:6a70a6d9:02711000	inventory-selection-renderer	0x8819f0	0x881f44	jne	0x881f87	conditional-or-direct-control-edge
steam	PE:6a70a6d9:02711000	inventory-selection-renderer	0x8819f0	0x881f54	je	0x881f87	conditional-or-direct-control-edge
steam	PE:6a70a6d9:02711000	inventory-selection-renderer	0x8819f0	0x881f5f	jl	0x881f69	conditional-or-direct-control-edge
steam	PE:6a70a6d9:02711000	inventory-selection-renderer	0x8819f0	0x881f67	jmp	0x881f87	conditional-or-direct-control-edge
steam	PE:6a70a6d9:02711000	inventory-selection-renderer	0x8819f0	0x881f6d	jle	0x881f87	conditional-or-direct-control-edge
steam	PE:6a70a6d9:02711000	inventory-selection-renderer	0x8819f0	0x881f93	jle	0x881fba	conditional-or-direct-control-edge
steam	PE:6a70a6d9:02711000	inventory-selection-renderer	0x8819f0	0x881fb5	jmp	0x881f00	conditional-or-direct-control-edge
steam	PE:6a70a6d9:02711000	inventory-selection-renderer	0x8819f0	0x881fbc	jns	0x881ff6	conditional-or-direct-control-edge
steam	PE:6a70a6d9:02711000	inventory-selection-renderer	0x8819f0	0x881feb	jns	0x881ff6	conditional-or-direct-control-edge
steam	PE:6a70a6d9:02711000	inventory-selection-renderer	0x8819f0	0x881ffa	jmp	0x881f00	conditional-or-direct-control-edge
steam	PE:6a70a6d9:02711000	inventory-selection-renderer	0x8819f0	0x882011	jl	0x882028	conditional-or-direct-control-edge
steam	PE:6a70a6d9:02711000	inventory-selection-renderer	0x8819f0	0x882026	jmp	0x88203b	conditional-or-direct-control-edge
steam	PE:6a70a6d9:02711000	inventory-selection-renderer	0x8819f0	0x8820bb	jg	0x8820d5	conditional-or-direct-control-edge
steam	PE:6a70a6d9:02711000	inventory-selection-renderer	0x8819f0	0x8820d3	jmp	0x8820e1	conditional-or-direct-control-edge
steam	PE:6a70a6d9:02711000	inventory-selection-renderer	0x8819f0	0x882141	jg	0x88215b	conditional-or-direct-control-edge
steam	PE:6a70a6d9:02711000	inventory-selection-renderer	0x8819f0	0x882159	jmp	0x882164	conditional-or-direct-control-edge
steam	PE:6a70a6d9:02711000	inventory-selection-renderer	0x8819f0	0x88216f	jae	0x882196	conditional-or-direct-control-edge
steam	PE:6a70a6d9:02711000	inventory-selection-renderer	0x8819f0	0x882191	jmp	0x88225c	conditional-or-direct-control-edge
steam	PE:6a70a6d9:02711000	inventory-selection-renderer	0x8819f0	0x8821aa	jb	0x883f0c	conditional-or-direct-control-edge
steam	PE:6a70a6d9:02711000	inventory-selection-renderer	0x8819f0	0x8821be	ja	0x8821df	conditional-or-direct-control-edge
steam	PE:6a70a6d9:02711000	inventory-selection-renderer	0x8819f0	0x8821cf	ja	0x8821df	conditional-or-direct-control-edge
steam	PE:6a70a6d9:02711000	inventory-selection-renderer	0x8819f0	0x8821fd	jbe	0x882248	conditional-or-direct-control-edge
steam	PE:6a70a6d9:02711000	inventory-selection-renderer	0x8819f0	0x88221d	jb	0x882237	conditional-or-direct-control-edge
steam	PE:6a70a6d9:02711000	inventory-selection-renderer	0x8819f0	0x882232	ja	0x882241	conditional-or-direct-control-edge
steam	PE:6a70a6d9:02711000	inventory-selection-renderer	0x8819f0	0x88223f	jmp	0x882258	conditional-or-direct-control-edge
steam	PE:6a70a6d9:02711000	inventory-selection-renderer	0x8819f0	0x882281	jge	0x88228f	conditional-or-direct-control-edge
steam	PE:6a70a6d9:02711000	inventory-selection-renderer	0x8819f0	0x88228d	jmp	0x8822a8	conditional-or-direct-control-edge
steam	PE:6a70a6d9:02711000	inventory-selection-renderer	0x8819f0	0x88229c	jg	0x8822a8	conditional-or-direct-control-edge
steam	PE:6a70a6d9:02711000	inventory-selection-renderer	0x8819f0	0x8822c4	jbe	0x8822fa	conditional-or-direct-control-edge
steam	PE:6a70a6d9:02711000	inventory-selection-renderer	0x8819f0	0x8822d7	jb	0x8822f5	conditional-or-direct-control-edge
steam	PE:6a70a6d9:02711000	inventory-selection-renderer	0x8819f0	0x8822ec	jbe	0x8822f5	conditional-or-direct-control-edge
steam	PE:6a70a6d9:02711000	inventory-selection-renderer	0x8819f0	0x882316	jbe	0x88234c	conditional-or-direct-control-edge
steam	PE:6a70a6d9:02711000	inventory-selection-renderer	0x8819f0	0x882329	jb	0x882347	conditional-or-direct-control-edge
steam	PE:6a70a6d9:02711000	inventory-selection-renderer	0x8819f0	0x88233e	jbe	0x882347	conditional-or-direct-control-edge
steam	PE:6a70a6d9:02711000	inventory-selection-renderer	0x8819f0	0x882364	je	0x8833af	conditional-or-direct-control-edge
steam	PE:6a70a6d9:02711000	inventory-selection-renderer	0x8819f0	0x882374	jbe	0x8833af	conditional-or-direct-control-edge
steam	PE:6a70a6d9:02711000	inventory-selection-renderer	0x8819f0	0x8823c2	jne	0x8828f0	conditional-or-direct-control-edge
steam	PE:6a70a6d9:02711000	inventory-selection-renderer	0x8819f0	0x8823cb	jmp	0x8828f3	conditional-or-direct-control-edge
steam	PE:6a70a6d9:02711000	inventory-selection-renderer	0x8819f0	0x882434	jmp	0x88235f	conditional-or-direct-control-edge
steam	PE:6a70a6d9:02711000	inventory-selection-renderer	0x8819f0	0x88249d	jmp	0x88235f	conditional-or-direct-control-edge
steam	PE:6a70a6d9:02711000	inventory-selection-renderer	0x8819f0	0x882514	jmp	0x88235f	conditional-or-direct-control-edge
steam	PE:6a70a6d9:02711000	inventory-selection-renderer	0x8819f0	0x88257e	jmp	0x88235f	conditional-or-direct-control-edge
steam	PE:6a70a6d9:02711000	inventory-selection-renderer	0x8819f0	0x8825e5	jmp	0x88235f	conditional-or-direct-control-edge
steam	PE:6a70a6d9:02711000	inventory-selection-renderer	0x8819f0	0x88264f	jmp	0x88235f	conditional-or-direct-control-edge
steam	PE:6a70a6d9:02711000	inventory-selection-renderer	0x8819f0	0x8826b6	jbe	0x88235f	conditional-or-direct-control-edge
steam	PE:6a70a6d9:02711000	inventory-selection-renderer	0x8819f0	0x8826cd	jb	0x8826eb	conditional-or-direct-control-edge
steam	PE:6a70a6d9:02711000	inventory-selection-renderer	0x8819f0	0x8826e2	jbe	0x8826eb	conditional-or-direct-control-edge
steam	PE:6a70a6d9:02711000	inventory-selection-renderer	0x8819f0	0x8826f0	jmp	0x88235f	conditional-or-direct-control-edge
steam	PE:6a70a6d9:02711000	inventory-selection-renderer	0x8819f0	0x88274b	jbe	0x882781	conditional-or-direct-control-edge
steam	PE:6a70a6d9:02711000	inventory-selection-renderer	0x8819f0	0x88275e	jb	0x88277c	conditional-or-direct-control-edge
steam	PE:6a70a6d9:02711000	inventory-selection-renderer	0x8819f0	0x882773	jbe	0x88277c	conditional-or-direct-control-edge
steam	PE:6a70a6d9:02711000	inventory-selection-renderer	0x8819f0	0x882803	jmp	0x88235b	conditional-or-direct-control-edge
steam	PE:6a70a6d9:02711000	inventory-selection-renderer	0x8819f0	0x8828eb	jmp	0x88235b	conditional-or-direct-control-edge
steam	PE:6a70a6d9:02711000	inventory-selection-renderer	0x8819f0	0x882906	jle	0x88292a	conditional-or-direct-control-edge
steam	PE:6a70a6d9:02711000	inventory-selection-renderer	0x8819f0	0x882912	je	0x88292a	conditional-or-direct-control-edge
steam	PE:6a70a6d9:02711000	inventory-selection-renderer	0x8819f0	0x882940	je	0x882945	conditional-or-direct-control-edge
steam	PE:6a70a6d9:02711000	inventory-selection-renderer	0x8819f0	0x88295a	jle	0x88297e	conditional-or-direct-control-edge
steam	PE:6a70a6d9:02711000	inventory-selection-renderer	0x8819f0	0x882966	je	0x88297e	conditional-or-direct-control-edge
steam	PE:6a70a6d9:02711000	inventory-selection-renderer	0x8819f0	0x88298f	jne	0x882996	conditional-or-direct-control-edge
steam	PE:6a70a6d9:02711000	inventory-selection-renderer	0x8819f0	0x882994	jmp	0x882999	conditional-or-direct-control-edge
steam	PE:6a70a6d9:02711000	inventory-selection-renderer	0x8819f0	0x8829ac	jle	0x8829d0	conditional-or-direct-control-edge
steam	PE:6a70a6d9:02711000	inventory-selection-renderer	0x8819f0	0x8829b8	je	0x8829d0	conditional-or-direct-control-edge
steam	PE:6a70a6d9:02711000	inventory-selection-renderer	0x8819f0	0x8829e2	jne	0x8829e9	conditional-or-direct-control-edge
steam	PE:6a70a6d9:02711000	inventory-selection-renderer	0x8819f0	0x8829e7	jmp	0x8829ec	conditional-or-direct-control-edge
steam	PE:6a70a6d9:02711000	inventory-selection-renderer	0x8819f0	0x8829ff	jle	0x882a23	conditional-or-direct-control-edge
steam	PE:6a70a6d9:02711000	inventory-selection-renderer	0x8819f0	0x882a0b	je	0x882a23	conditional-or-direct-control-edge
steam	PE:6a70a6d9:02711000	inventory-selection-renderer	0x8819f0	0x882a33	jl	0x8823b0	conditional-or-direct-control-edge
steam	PE:6a70a6d9:02711000	inventory-selection-renderer	0x8819f0	0x882a44	jl	0x882a88	conditional-or-direct-control-edge
steam	PE:6a70a6d9:02711000	inventory-selection-renderer	0x8819f0	0x882a49	jge	0x882a88	conditional-or-direct-control-edge
steam	PE:6a70a6d9:02711000	inventory-selection-renderer	0x8819f0	0x882a54	jl	0x882a88	conditional-or-direct-control-edge
steam	PE:6a70a6d9:02711000	inventory-selection-renderer	0x8819f0	0x882a5b	jge	0x882a88	conditional-or-direct-control-edge
steam	PE:6a70a6d9:02711000	inventory-selection-renderer	0x8819f0	0x882ab2	jne	0x882ab9	conditional-or-direct-control-edge
steam	PE:6a70a6d9:02711000	inventory-selection-renderer	0x8819f0	0x882ab7	jmp	0x882abc	conditional-or-direct-control-edge
steam	PE:6a70a6d9:02711000	inventory-selection-renderer	0x8819f0	0x882acf	jle	0x882af3	conditional-or-direct-control-edge
steam	PE:6a70a6d9:02711000	inventory-selection-renderer	0x8819f0	0x882adb	je	0x882af3	conditional-or-direct-control-edge
steam	PE:6a70a6d9:02711000	inventory-selection-renderer	0x8819f0	0x882b09	je	0x882b0e	conditional-or-direct-control-edge
steam	PE:6a70a6d9:02711000	inventory-selection-renderer	0x8819f0	0x882b23	jle	0x882b47	conditional-or-direct-control-edge
steam	PE:6a70a6d9:02711000	inventory-selection-renderer	0x8819f0	0x882b2f	je	0x882b47	conditional-or-direct-control-edge
steam	PE:6a70a6d9:02711000	inventory-selection-renderer	0x8819f0	0x882b58	jne	0x882b5f	conditional-or-direct-control-edge
steam	PE:6a70a6d9:02711000	inventory-selection-renderer	0x8819f0	0x882b5d	jmp	0x882b62	conditional-or-direct-control-edge
steam	PE:6a70a6d9:02711000	inventory-selection-renderer	0x8819f0	0x882b75	jle	0x882b99	conditional-or-direct-control-edge
steam	PE:6a70a6d9:02711000	inventory-selection-renderer	0x8819f0	0x882b81	je	0x882b99	conditional-or-direct-control-edge
steam	PE:6a70a6d9:02711000	inventory-selection-renderer	0x8819f0	0x882bab	jne	0x882bb2	conditional-or-direct-control-edge
steam	PE:6a70a6d9:02711000	inventory-selection-renderer	0x8819f0	0x882bb0	jmp	0x882bb5	conditional-or-direct-control-edge
steam	PE:6a70a6d9:02711000	inventory-selection-renderer	0x8819f0	0x882bc8	jle	0x882bec	conditional-or-direct-control-edge
steam	PE:6a70a6d9:02711000	inventory-selection-renderer	0x8819f0	0x882bd4	je	0x882bec	conditional-or-direct-control-edge
steam	PE:6a70a6d9:02711000	inventory-selection-renderer	0x8819f0	0x882bfc	jl	0x882aa0	conditional-or-direct-control-edge
steam	PE:6a70a6d9:02711000	inventory-selection-renderer	0x8819f0	0x882c09	jl	0x882c4d	conditional-or-direct-control-edge
steam	PE:6a70a6d9:02711000	inventory-selection-renderer	0x8819f0	0x882c11	jge	0x882c4d	conditional-or-direct-control-edge
steam	PE:6a70a6d9:02711000	inventory-selection-renderer	0x8819f0	0x882c1f	jl	0x882c4d	conditional-or-direct-control-edge
steam	PE:6a70a6d9:02711000	inventory-selection-renderer	0x8819f0	0x882c26	jge	0x882c4d	conditional-or-direct-control-edge
steam	PE:6a70a6d9:02711000	inventory-selection-renderer	0x8819f0	0x882c82	jne	0x882c89	conditional-or-direct-control-edge
steam	PE:6a70a6d9:02711000	inventory-selection-renderer	0x8819f0	0x882c87	jmp	0x882c8c	conditional-or-direct-control-edge
steam	PE:6a70a6d9:02711000	inventory-selection-renderer	0x8819f0	0x882c9f	jle	0x882cc3	conditional-or-direct-control-edge
steam	PE:6a70a6d9:02711000	inventory-selection-renderer	0x8819f0	0x882cab	je	0x882cc3	conditional-or-direct-control-edge
steam	PE:6a70a6d9:02711000	inventory-selection-renderer	0x8819f0	0x882cd9	je	0x882cde	conditional-or-direct-control-edge
steam	PE:6a70a6d9:02711000	inventory-selection-renderer	0x8819f0	0x882cf3	jle	0x882d17	conditional-or-direct-control-edge
steam	PE:6a70a6d9:02711000	inventory-selection-renderer	0x8819f0	0x882cff	je	0x882d17	conditional-or-direct-control-edge
steam	PE:6a70a6d9:02711000	inventory-selection-renderer	0x8819f0	0x882d28	jne	0x882d2f	conditional-or-direct-control-edge
steam	PE:6a70a6d9:02711000	inventory-selection-renderer	0x8819f0	0x882d2d	jmp	0x882d32	conditional-or-direct-control-edge
steam	PE:6a70a6d9:02711000	inventory-selection-renderer	0x8819f0	0x882d45	jle	0x882d69	conditional-or-direct-control-edge
steam	PE:6a70a6d9:02711000	inventory-selection-renderer	0x8819f0	0x882d51	je	0x882d69	conditional-or-direct-control-edge
steam	PE:6a70a6d9:02711000	inventory-selection-renderer	0x8819f0	0x882d7b	jne	0x882d82	conditional-or-direct-control-edge
steam	PE:6a70a6d9:02711000	inventory-selection-renderer	0x8819f0	0x882d80	jmp	0x882d85	conditional-or-direct-control-edge
steam	PE:6a70a6d9:02711000	inventory-selection-renderer	0x8819f0	0x882d98	jle	0x882dbc	conditional-or-direct-control-edge
steam	PE:6a70a6d9:02711000	inventory-selection-renderer	0x8819f0	0x882da4	je	0x882dbc	conditional-or-direct-control-edge
steam	PE:6a70a6d9:02711000	inventory-selection-renderer	0x8819f0	0x882dcc	jl	0x882c70	conditional-or-direct-control-edge
steam	PE:6a70a6d9:02711000	inventory-selection-renderer	0x8819f0	0x882ddc	jl	0x882e1e	conditional-or-direct-control-edge
steam	PE:6a70a6d9:02711000	inventory-selection-renderer	0x8819f0	0x882de3	jge	0x882e1e	conditional-or-direct-control-edge
steam	PE:6a70a6d9:02711000	inventory-selection-renderer	0x8819f0	0x882df1	jl	0x882e1e	conditional-or-direct-control-edge
steam	PE:6a70a6d9:02711000	inventory-selection-renderer	0x8819f0	0x882df8	jge	0x882e1e	conditional-or-direct-control-edge
steam	PE:6a70a6d9:02711000	inventory-selection-renderer	0x8819f0	0x882e52	jne	0x882e59	conditional-or-direct-control-edge
steam	PE:6a70a6d9:02711000	inventory-selection-renderer	0x8819f0	0x882e57	jmp	0x882e5c	conditional-or-direct-control-edge
steam	PE:6a70a6d9:02711000	inventory-selection-renderer	0x8819f0	0x882e6f	jle	0x882e93	conditional-or-direct-control-edge
steam	PE:6a70a6d9:02711000	inventory-selection-renderer	0x8819f0	0x882e7b	je	0x882e93	conditional-or-direct-control-edge
steam	PE:6a70a6d9:02711000	inventory-selection-renderer	0x8819f0	0x882ea9	je	0x882eae	conditional-or-direct-control-edge
steam	PE:6a70a6d9:02711000	inventory-selection-renderer	0x8819f0	0x882ec3	jle	0x882ee7	conditional-or-direct-control-edge
steam	PE:6a70a6d9:02711000	inventory-selection-renderer	0x8819f0	0x882ecf	je	0x882ee7	conditional-or-direct-control-edge
steam	PE:6a70a6d9:02711000	inventory-selection-renderer	0x8819f0	0x882ef8	jne	0x882eff	conditional-or-direct-control-edge
steam	PE:6a70a6d9:02711000	inventory-selection-renderer	0x8819f0	0x882efd	jmp	0x882f02	conditional-or-direct-control-edge
steam	PE:6a70a6d9:02711000	inventory-selection-renderer	0x8819f0	0x882f15	jle	0x882f39	conditional-or-direct-control-edge
steam	PE:6a70a6d9:02711000	inventory-selection-renderer	0x8819f0	0x882f21	je	0x882f39	conditional-or-direct-control-edge
steam	PE:6a70a6d9:02711000	inventory-selection-renderer	0x8819f0	0x882f4b	jne	0x882f52	conditional-or-direct-control-edge
steam	PE:6a70a6d9:02711000	inventory-selection-renderer	0x8819f0	0x882f50	jmp	0x882f55	conditional-or-direct-control-edge
steam	PE:6a70a6d9:02711000	inventory-selection-renderer	0x8819f0	0x882f68	jle	0x882f8c	conditional-or-direct-control-edge
steam	PE:6a70a6d9:02711000	inventory-selection-renderer	0x8819f0	0x882f74	je	0x882f8c	conditional-or-direct-control-edge
steam	PE:6a70a6d9:02711000	inventory-selection-renderer	0x8819f0	0x882f9c	jl	0x882e40	conditional-or-direct-control-edge
steam	PE:6a70a6d9:02711000	inventory-selection-renderer	0x8819f0	0x882fac	jl	0x882fee	conditional-or-direct-control-edge
steam	PE:6a70a6d9:02711000	inventory-selection-renderer	0x8819f0	0x882fb3	jge	0x882fee	conditional-or-direct-control-edge
steam	PE:6a70a6d9:02711000	inventory-selection-renderer	0x8819f0	0x882fc1	jl	0x882fee	conditional-or-direct-control-edge
steam	PE:6a70a6d9:02711000	inventory-selection-renderer	0x8819f0	0x882fc8	jge	0x882fee	conditional-or-direct-control-edge
steam	PE:6a70a6d9:02711000	inventory-selection-renderer	0x8819f0	0x883022	jne	0x883029	conditional-or-direct-control-edge
steam	PE:6a70a6d9:02711000	inventory-selection-renderer	0x8819f0	0x883027	jmp	0x88302c	conditional-or-direct-control-edge
steam	PE:6a70a6d9:02711000	inventory-selection-renderer	0x8819f0	0x88303f	jle	0x883063	conditional-or-direct-control-edge
steam	PE:6a70a6d9:02711000	inventory-selection-renderer	0x8819f0	0x88304b	je	0x883063	conditional-or-direct-control-edge
steam	PE:6a70a6d9:02711000	inventory-selection-renderer	0x8819f0	0x883079	je	0x88307e	conditional-or-direct-control-edge
steam	PE:6a70a6d9:02711000	inventory-selection-renderer	0x8819f0	0x883093	jle	0x8830b7	conditional-or-direct-control-edge
steam	PE:6a70a6d9:02711000	inventory-selection-renderer	0x8819f0	0x88309f	je	0x8830b7	conditional-or-direct-control-edge
steam	PE:6a70a6d9:02711000	inventory-selection-renderer	0x8819f0	0x8830c8	jne	0x8830cf	conditional-or-direct-control-edge
steam	PE:6a70a6d9:02711000	inventory-selection-renderer	0x8819f0	0x8830cd	jmp	0x8830d2	conditional-or-direct-control-edge
steam	PE:6a70a6d9:02711000	inventory-selection-renderer	0x8819f0	0x8830e5	jle	0x883109	conditional-or-direct-control-edge
steam	PE:6a70a6d9:02711000	inventory-selection-renderer	0x8819f0	0x8830f1	je	0x883109	conditional-or-direct-control-edge
steam	PE:6a70a6d9:02711000	inventory-selection-renderer	0x8819f0	0x88311b	jne	0x883122	conditional-or-direct-control-edge
steam	PE:6a70a6d9:02711000	inventory-selection-renderer	0x8819f0	0x883120	jmp	0x883125	conditional-or-direct-control-edge
steam	PE:6a70a6d9:02711000	inventory-selection-renderer	0x8819f0	0x883138	jle	0x88315c	conditional-or-direct-control-edge
steam	PE:6a70a6d9:02711000	inventory-selection-renderer	0x8819f0	0x883144	je	0x88315c	conditional-or-direct-control-edge
steam	PE:6a70a6d9:02711000	inventory-selection-renderer	0x8819f0	0x88316c	jl	0x883010	conditional-or-direct-control-edge
steam	PE:6a70a6d9:02711000	inventory-selection-renderer	0x8819f0	0x88317c	jl	0x8831c1	conditional-or-direct-control-edge
steam	PE:6a70a6d9:02711000	inventory-selection-renderer	0x8819f0	0x883183	jge	0x8831c1	conditional-or-direct-control-edge
steam	PE:6a70a6d9:02711000	inventory-selection-renderer	0x8819f0	0x883193	jl	0x8831c1	conditional-or-direct-control-edge
steam	PE:6a70a6d9:02711000	inventory-selection-renderer	0x8819f0	0x88319b	jge	0x8831c1	conditional-or-direct-control-edge
steam	PE:6a70a6d9:02711000	inventory-selection-renderer	0x8819f0	0x883202	jne	0x883209	conditional-or-direct-control-edge
steam	PE:6a70a6d9:02711000	inventory-selection-renderer	0x8819f0	0x883207	jmp	0x88320c	conditional-or-direct-control-edge
steam	PE:6a70a6d9:02711000	inventory-selection-renderer	0x8819f0	0x88321f	jle	0x883243	conditional-or-direct-control-edge
steam	PE:6a70a6d9:02711000	inventory-selection-renderer	0x8819f0	0x88322b	je	0x883243	conditional-or-direct-control-edge
steam	PE:6a70a6d9:02711000	inventory-selection-renderer	0x8819f0	0x883259	je	0x88325e	conditional-or-direct-control-edge
steam	PE:6a70a6d9:02711000	inventory-selection-renderer	0x8819f0	0x883273	jle	0x883297	conditional-or-direct-control-edge
steam	PE:6a70a6d9:02711000	inventory-selection-renderer	0x8819f0	0x88327f	je	0x883297	conditional-or-direct-control-edge
steam	PE:6a70a6d9:02711000	inventory-selection-renderer	0x8819f0	0x8832a8	jne	0x8832af	conditional-or-direct-control-edge
steam	PE:6a70a6d9:02711000	inventory-selection-renderer	0x8819f0	0x8832ad	jmp	0x8832b2	conditional-or-direct-control-edge
steam	PE:6a70a6d9:02711000	inventory-selection-renderer	0x8819f0	0x8832c5	jle	0x8832e9	conditional-or-direct-control-edge
steam	PE:6a70a6d9:02711000	inventory-selection-renderer	0x8819f0	0x8832d1	je	0x8832e9	conditional-or-direct-control-edge
steam	PE:6a70a6d9:02711000	inventory-selection-renderer	0x8819f0	0x8832fb	jne	0x883302	conditional-or-direct-control-edge
steam	PE:6a70a6d9:02711000	inventory-selection-renderer	0x8819f0	0x883300	jmp	0x883305	conditional-or-direct-control-edge
steam	PE:6a70a6d9:02711000	inventory-selection-renderer	0x8819f0	0x883318	jle	0x88333c	conditional-or-direct-control-edge
steam	PE:6a70a6d9:02711000	inventory-selection-renderer	0x8819f0	0x883324	je	0x88333c	conditional-or-direct-control-edge
steam	PE:6a70a6d9:02711000	inventory-selection-renderer	0x8819f0	0x88334c	jl	0x8831f0	conditional-or-direct-control-edge
steam	PE:6a70a6d9:02711000	inventory-selection-renderer	0x8819f0	0x883361	jl	0x8833a8	conditional-or-direct-control-edge
steam	PE:6a70a6d9:02711000	inventory-selection-renderer	0x8819f0	0x883368	jge	0x8833a8	conditional-or-direct-control-edge
steam	PE:6a70a6d9:02711000	inventory-selection-renderer	0x8819f0	0x883372	jl	0x8833a8	conditional-or-direct-control-edge
steam	PE:6a70a6d9:02711000	inventory-selection-renderer	0x8819f0	0x883380	jge	0x8833b3	conditional-or-direct-control-edge
steam	PE:6a70a6d9:02711000	inventory-selection-renderer	0x8819f0	0x8833a6	jmp	0x8833b3	conditional-or-direct-control-edge
steam	PE:6a70a6d9:02711000	inventory-selection-renderer	0x8819f0	0x8833ad	jmp	0x8833b3	conditional-or-direct-control-edge
steam	PE:6a70a6d9:02711000	inventory-selection-renderer	0x8819f0	0x883402	jle	0x883408	conditional-or-direct-control-edge
steam	PE:6a70a6d9:02711000	inventory-selection-renderer	0x8819f0	0x88343d	jge	0x883e77	conditional-or-direct-control-edge
steam	PE:6a70a6d9:02711000	inventory-selection-renderer	0x8819f0	0x883475	jae	0x883e6b	conditional-or-direct-control-edge
steam	PE:6a70a6d9:02711000	inventory-selection-renderer	0x8819f0	0x88349e	jg	0x883595	conditional-or-direct-control-edge
steam	PE:6a70a6d9:02711000	inventory-selection-renderer	0x8819f0	0x8834b5	jge	0x883581	conditional-or-direct-control-edge
steam	PE:6a70a6d9:02711000	inventory-selection-renderer	0x8819f0	0x8834df	je	0x88351c	conditional-or-direct-control-edge
steam	PE:6a70a6d9:02711000	inventory-selection-renderer	0x8819f0	0x8834e4	jne	0x8834eb	conditional-or-direct-control-edge
steam	PE:6a70a6d9:02711000	inventory-selection-renderer	0x8819f0	0x8834e9	jmp	0x88353c	conditional-or-direct-control-edge
steam	PE:6a70a6d9:02711000	inventory-selection-renderer	0x8819f0	0x8834f1	jne	0x8834f7	conditional-or-direct-control-edge
steam	PE:6a70a6d9:02711000	inventory-selection-renderer	0x8819f0	0x8834f5	jmp	0x88353c	conditional-or-direct-control-edge
steam	PE:6a70a6d9:02711000	inventory-selection-renderer	0x8819f0	0x8834fd	jne	0x883503	conditional-or-direct-control-edge
steam	PE:6a70a6d9:02711000	inventory-selection-renderer	0x8819f0	0x883501	jmp	0x88353c	conditional-or-direct-control-edge
steam	PE:6a70a6d9:02711000	inventory-selection-renderer	0x8819f0	0x883509	jne	0x88350f	conditional-or-direct-control-edge
steam	PE:6a70a6d9:02711000	inventory-selection-renderer	0x8819f0	0x88350d	jmp	0x88353c	conditional-or-direct-control-edge
steam	PE:6a70a6d9:02711000	inventory-selection-renderer	0x8819f0	0x883515	jne	0x883529	conditional-or-direct-control-edge
steam	PE:6a70a6d9:02711000	inventory-selection-renderer	0x8819f0	0x88351a	jmp	0x88353c	conditional-or-direct-control-edge
steam	PE:6a70a6d9:02711000	inventory-selection-renderer	0x8819f0	0x88351f	jne	0x883529	conditional-or-direct-control-edge
steam	PE:6a70a6d9:02711000	inventory-selection-renderer	0x8819f0	0x883527	jmp	0x88353c	conditional-or-direct-control-edge
steam	PE:6a70a6d9:02711000	inventory-selection-renderer	0x8819f0	0x88352c	jne	0x883536	conditional-or-direct-control-edge
steam	PE:6a70a6d9:02711000	inventory-selection-renderer	0x8819f0	0x883534	jmp	0x88353c	conditional-or-direct-control-edge
steam	PE:6a70a6d9:02711000	inventory-selection-renderer	0x8819f0	0x88354f	jle	0x88356e	conditional-or-direct-control-edge
steam	PE:6a70a6d9:02711000	inventory-selection-renderer	0x8819f0	0x88355b	je	0x88356e	conditional-or-direct-control-edge
steam	PE:6a70a6d9:02711000	inventory-selection-renderer	0x8819f0	0x883577	jl	0x8834d0	conditional-or-direct-control-edge
steam	PE:6a70a6d9:02711000	inventory-selection-renderer	0x8819f0	0x883586	jle	0x8834b0	conditional-or-direct-control-edge
steam	PE:6a70a6d9:02711000	inventory-selection-renderer	0x8819f0	0x883598	je	0x8835d4	conditional-or-direct-control-edge
steam	PE:6a70a6d9:02711000	inventory-selection-renderer	0x8819f0	0x88363a	jbe	0x883641	conditional-or-direct-control-edge
steam	PE:6a70a6d9:02711000	inventory-selection-renderer	0x8819f0	0x88363f	jmp	0x883644	conditional-or-direct-control-edge
steam	PE:6a70a6d9:02711000	inventory-selection-renderer	0x8819f0	0x883688	jne	0x8836f5	conditional-or-direct-control-edge
steam	PE:6a70a6d9:02711000	inventory-selection-renderer	0x8819f0	0x883691	jb	0x88377d	conditional-or-direct-control-edge
steam	PE:6a70a6d9:02711000	inventory-selection-renderer	0x8819f0	0x88369c	js	0x8836d1	conditional-or-direct-control-edge
steam	PE:6a70a6d9:02711000	inventory-selection-renderer	0x8819f0	0x8836a8	ja	0x8836c2	conditional-or-direct-control-edge
steam	PE:6a70a6d9:02711000	inventory-selection-renderer	0x8819f0	0x8836c0	jmp	0x8836d1	conditional-or-direct-control-edge
steam	PE:6a70a6d9:02711000	inventory-selection-renderer	0x8819f0	0x8836d4	jle	0x88377d	conditional-or-direct-control-edge
steam	PE:6a70a6d9:02711000	inventory-selection-renderer	0x8819f0	0x8836f3	jmp	0x883756	conditional-or-direct-control-edge
steam	PE:6a70a6d9:02711000	inventory-selection-renderer	0x8819f0	0x8836fc	jb	0x88377d	conditional-or-direct-control-edge
steam	PE:6a70a6d9:02711000	inventory-selection-renderer	0x8819f0	0x883703	js	0x883738	conditional-or-direct-control-edge
steam	PE:6a70a6d9:02711000	inventory-selection-renderer	0x8819f0	0x88370f	ja	0x883729	conditional-or-direct-control-edge
steam	PE:6a70a6d9:02711000	inventory-selection-renderer	0x8819f0	0x883727	jmp	0x883738	conditional-or-direct-control-edge
steam	PE:6a70a6d9:02711000	inventory-selection-renderer	0x8819f0	0x88373b	jle	0x88377d	conditional-or-direct-control-edge
steam	PE:6a70a6d9:02711000	inventory-selection-renderer	0x8819f0	0x8837a4	je	0x8838d1	conditional-or-direct-control-edge
steam	PE:6a70a6d9:02711000	inventory-selection-renderer	0x8819f0	0x883831	jb	0x8838b2	conditional-or-direct-control-edge
steam	PE:6a70a6d9:02711000	inventory-selection-renderer	0x8819f0	0x883838	js	0x88386d	conditional-or-direct-control-edge
steam	PE:6a70a6d9:02711000	inventory-selection-renderer	0x8819f0	0x883844	ja	0x88385e	conditional-or-direct-control-edge
steam	PE:6a70a6d9:02711000	inventory-selection-renderer	0x8819f0	0x88385c	jmp	0x88386d	conditional-or-direct-control-edge
steam	PE:6a70a6d9:02711000	inventory-selection-renderer	0x8819f0	0x883870	jle	0x8838b2	conditional-or-direct-control-edge
steam	PE:6a70a6d9:02711000	inventory-selection-renderer	0x8819f0	0x8838cf	jmp	0x8838db	conditional-or-direct-control-edge
steam	PE:6a70a6d9:02711000	inventory-selection-renderer	0x8819f0	0x8838f6	je	0x8839b3	conditional-or-direct-control-edge
steam	PE:6a70a6d9:02711000	inventory-selection-renderer	0x8819f0	0x883949	jne	0x883920	conditional-or-direct-control-edge
steam	PE:6a70a6d9:02711000	inventory-selection-renderer	0x8819f0	0x88395b	jl	0x883910	conditional-or-direct-control-edge
steam	PE:6a70a6d9:02711000	inventory-selection-renderer	0x8819f0	0x88396d	jl	0x8839b7	conditional-or-direct-control-edge
steam	PE:6a70a6d9:02711000	inventory-selection-renderer	0x8819f0	0x883978	jge	0x8839bb	conditional-or-direct-control-edge
steam	PE:6a70a6d9:02711000	inventory-selection-renderer	0x8819f0	0x883984	jl	0x8839bb	conditional-or-direct-control-edge
steam	PE:6a70a6d9:02711000	inventory-selection-renderer	0x8819f0	0x88398b	jge	0x8839bb	conditional-or-direct-control-edge
steam	PE:6a70a6d9:02711000	inventory-selection-renderer	0x8819f0	0x8839b1	jmp	0x8839bb	conditional-or-direct-control-edge
steam	PE:6a70a6d9:02711000	inventory-selection-renderer	0x8819f0	0x8839bf	je	0x883a73	conditional-or-direct-control-edge
steam	PE:6a70a6d9:02711000	inventory-selection-renderer	0x8819f0	0x883a09	jne	0x8839e0	conditional-or-direct-control-edge
steam	PE:6a70a6d9:02711000	inventory-selection-renderer	0x8819f0	0x883a1b	jl	0x8839d0	conditional-or-direct-control-edge
steam	PE:6a70a6d9:02711000	inventory-selection-renderer	0x8819f0	0x883a2d	jl	0x883a73	conditional-or-direct-control-edge
steam	PE:6a70a6d9:02711000	inventory-selection-renderer	0x8819f0	0x883a38	jge	0x883a77	conditional-or-direct-control-edge
steam	PE:6a70a6d9:02711000	inventory-selection-renderer	0x8819f0	0x883a44	jl	0x883a77	conditional-or-direct-control-edge
steam	PE:6a70a6d9:02711000	inventory-selection-renderer	0x8819f0	0x883a4b	jge	0x883a77	conditional-or-direct-control-edge
steam	PE:6a70a6d9:02711000	inventory-selection-renderer	0x8819f0	0x883a71	jmp	0x883a77	conditional-or-direct-control-edge
steam	PE:6a70a6d9:02711000	inventory-selection-renderer	0x8819f0	0x883a7b	je	0x883b33	conditional-or-direct-control-edge
steam	PE:6a70a6d9:02711000	inventory-selection-renderer	0x8819f0	0x883ac9	jne	0x883aa0	conditional-or-direct-control-edge
steam	PE:6a70a6d9:02711000	inventory-selection-renderer	0x8819f0	0x883adb	jl	0x883a90	conditional-or-direct-control-edge
steam	PE:6a70a6d9:02711000	inventory-selection-renderer	0x8819f0	0x883aed	jl	0x883b33	conditional-or-direct-control-edge
steam	PE:6a70a6d9:02711000	inventory-selection-renderer	0x8819f0	0x883af8	jge	0x883b37	conditional-or-direct-control-edge
steam	PE:6a70a6d9:02711000	inventory-selection-renderer	0x8819f0	0x883b04	jl	0x883b37	conditional-or-direct-control-edge
steam	PE:6a70a6d9:02711000	inventory-selection-renderer	0x8819f0	0x883b0b	jge	0x883b37	conditional-or-direct-control-edge
steam	PE:6a70a6d9:02711000	inventory-selection-renderer	0x8819f0	0x883b31	jmp	0x883b37	conditional-or-direct-control-edge
steam	PE:6a70a6d9:02711000	inventory-selection-renderer	0x8819f0	0x883b3b	je	0x883bf3	conditional-or-direct-control-edge
steam	PE:6a70a6d9:02711000	inventory-selection-renderer	0x8819f0	0x883b89	jne	0x883b60	conditional-or-direct-control-edge
steam	PE:6a70a6d9:02711000	inventory-selection-renderer	0x8819f0	0x883b9b	jl	0x883b50	conditional-or-direct-control-edge
steam	PE:6a70a6d9:02711000	inventory-selection-renderer	0x8819f0	0x883bad	jl	0x883bf3	conditional-or-direct-control-edge
steam	PE:6a70a6d9:02711000	inventory-selection-renderer	0x8819f0	0x883bb8	jge	0x883bf7	conditional-or-direct-control-edge
steam	PE:6a70a6d9:02711000	inventory-selection-renderer	0x8819f0	0x883bc4	jl	0x883bf7	conditional-or-direct-control-edge
steam	PE:6a70a6d9:02711000	inventory-selection-renderer	0x8819f0	0x883bcb	jge	0x883bf7	conditional-or-direct-control-edge
steam	PE:6a70a6d9:02711000	inventory-selection-renderer	0x8819f0	0x883bf1	jmp	0x883bf7	conditional-or-direct-control-edge
steam	PE:6a70a6d9:02711000	inventory-selection-renderer	0x8819f0	0x883bfb	je	0x883cb3	conditional-or-direct-control-edge
steam	PE:6a70a6d9:02711000	inventory-selection-renderer	0x8819f0	0x883c49	jne	0x883c20	conditional-or-direct-control-edge
steam	PE:6a70a6d9:02711000	inventory-selection-renderer	0x8819f0	0x883c5b	jl	0x883c10	conditional-or-direct-control-edge
steam	PE:6a70a6d9:02711000	inventory-selection-renderer	0x8819f0	0x883c6d	jl	0x883cb3	conditional-or-direct-control-edge
steam	PE:6a70a6d9:02711000	inventory-selection-renderer	0x8819f0	0x883c78	jge	0x883cb7	conditional-or-direct-control-edge
steam	PE:6a70a6d9:02711000	inventory-selection-renderer	0x8819f0	0x883c84	jl	0x883cb7	conditional-or-direct-control-edge
steam	PE:6a70a6d9:02711000	inventory-selection-renderer	0x8819f0	0x883c8b	jge	0x883cb7	conditional-or-direct-control-edge
steam	PE:6a70a6d9:02711000	inventory-selection-renderer	0x8819f0	0x883cb1	jmp	0x883cb7	conditional-or-direct-control-edge
steam	PE:6a70a6d9:02711000	inventory-selection-renderer	0x8819f0	0x883cbb	je	0x883d73	conditional-or-direct-control-edge
steam	PE:6a70a6d9:02711000	inventory-selection-renderer	0x8819f0	0x883d09	jne	0x883ce0	conditional-or-direct-control-edge
steam	PE:6a70a6d9:02711000	inventory-selection-renderer	0x8819f0	0x883d1b	jl	0x883cd0	conditional-or-direct-control-edge
steam	PE:6a70a6d9:02711000	inventory-selection-renderer	0x8819f0	0x883d2d	jl	0x883d73	conditional-or-direct-control-edge
steam	PE:6a70a6d9:02711000	inventory-selection-renderer	0x8819f0	0x883d38	jge	0x883d77	conditional-or-direct-control-edge
steam	PE:6a70a6d9:02711000	inventory-selection-renderer	0x8819f0	0x883d44	jl	0x883d77	conditional-or-direct-control-edge
steam	PE:6a70a6d9:02711000	inventory-selection-renderer	0x8819f0	0x883d4b	jge	0x883d77	conditional-or-direct-control-edge
steam	PE:6a70a6d9:02711000	inventory-selection-renderer	0x8819f0	0x883d71	jmp	0x883d77	conditional-or-direct-control-edge
steam	PE:6a70a6d9:02711000	inventory-selection-renderer	0x8819f0	0x883d7b	je	0x883e2b	conditional-or-direct-control-edge
steam	PE:6a70a6d9:02711000	inventory-selection-renderer	0x8819f0	0x883dc9	jne	0x883da0	conditional-or-direct-control-edge
steam	PE:6a70a6d9:02711000	inventory-selection-renderer	0x8819f0	0x883ddb	jl	0x883d90	conditional-or-direct-control-edge
steam	PE:6a70a6d9:02711000	inventory-selection-renderer	0x8819f0	0x883de4	jl	0x883e2b	conditional-or-direct-control-edge
steam	PE:6a70a6d9:02711000	inventory-selection-renderer	0x8819f0	0x883df0	jge	0x883e2f	conditional-or-direct-control-edge
steam	PE:6a70a6d9:02711000	inventory-selection-renderer	0x8819f0	0x883dfc	jl	0x883e2f	conditional-or-direct-control-edge
steam	PE:6a70a6d9:02711000	inventory-selection-renderer	0x8819f0	0x883e03	jge	0x883e2f	conditional-or-direct-control-edge
steam	PE:6a70a6d9:02711000	inventory-selection-renderer	0x8819f0	0x883e29	jmp	0x883e2f	conditional-or-direct-control-edge
steam	PE:6a70a6d9:02711000	inventory-selection-renderer	0x8819f0	0x883e65	jl	0x883460	conditional-or-direct-control-edge
steam	PE:6a70a6d9:02711000	inventory-selection-renderer	0x8819f0	0x883e86	jle	0x883eec	conditional-or-direct-control-edge
steam	PE:6a70a6d9:02711000	item-location-label	0x1393900	0x139393b	jbe	0x1393940	conditional-or-direct-control-edge
steam	PE:6a70a6d9:02711000	item-location-label	0x1393900	0x1393962	ja	0x13946c6	conditional-or-direct-control-edge
steam	PE:6a70a6d9:02711000	item-location-label	0x1393900	0x1393979	jmp	rcx	indirect-control-edge
steam	PE:6a70a6d9:02711000	item-location-label	0x1393900	0x1393982	jne	0x13939bd	conditional-or-direct-control-edge
steam	PE:6a70a6d9:02711000	item-location-label	0x1393900	0x13939a7	je	0x13939bd	conditional-or-direct-control-edge
steam	PE:6a70a6d9:02711000	item-location-label	0x1393900	0x13939b8	jmp	0x13946c6	conditional-or-direct-control-edge
steam	PE:6a70a6d9:02711000	item-location-label	0x1393900	0x13939c7	je	0x13939fb	conditional-or-direct-control-edge
steam	PE:6a70a6d9:02711000	item-location-label	0x1393900	0x13939dd	jne	0x13939ef	conditional-or-direct-control-edge
steam	PE:6a70a6d9:02711000	item-location-label	0x1393900	0x13939e7	jne	0x13939ef	conditional-or-direct-control-edge
steam	PE:6a70a6d9:02711000	item-location-label	0x1393900	0x13939f9	jne	0x1393a02	conditional-or-direct-control-edge
steam	PE:6a70a6d9:02711000	item-location-label	0x1393900	0x1393a0a	jmp	0x13946c6	conditional-or-direct-control-edge
steam	PE:6a70a6d9:02711000	item-location-label	0x1393900	0x1393a17	js	0x1393c21	conditional-or-direct-control-edge
steam	PE:6a70a6d9:02711000	item-location-label	0x1393900	0x1393a38	jae	0x1393c21	conditional-or-direct-control-edge
steam	PE:6a70a6d9:02711000	item-location-label	0x1393900	0x1393a65	je	0x1393bd2	conditional-or-direct-control-edge
steam	PE:6a70a6d9:02711000	item-location-label	0x1393900	0x1393a6f	jbe	0x1393a74	conditional-or-direct-control-edge
steam	PE:6a70a6d9:02711000	item-location-label	0x1393900	0x1393a8c	jg	0x1393a97	conditional-or-direct-control-edge
steam	PE:6a70a6d9:02711000	item-location-label	0x1393900	0x1393a95	jmp	0x1393a9e	conditional-or-direct-control-edge
steam	PE:6a70a6d9:02711000	item-location-label	0x1393900	0x1393aaa	jbe	0x1393aaf	conditional-or-direct-control-edge
steam	PE:6a70a6d9:02711000	item-location-label	0x1393900	0x1393abf	jmp	0x13946c6	conditional-or-direct-control-edge
steam	PE:6a70a6d9:02711000	item-location-label	0x1393900	0x1393ad8	je	0x1393afa	conditional-or-direct-control-edge
steam	PE:6a70a6d9:02711000	item-location-label	0x1393900	0x1393ae4	jne	0x1393afa	conditional-or-direct-control-edge
steam	PE:6a70a6d9:02711000	item-location-label	0x1393900	0x1393af5	jmp	0x13946c6	conditional-or-direct-control-edge
steam	PE:6a70a6d9:02711000	item-location-label	0x1393900	0x1393b1c	jmp	0x13946c6	conditional-or-direct-control-edge
steam	PE:6a70a6d9:02711000	item-location-label	0x1393900	0x1393b29	js	0x1393c21	conditional-or-direct-control-edge
steam	PE:6a70a6d9:02711000	item-location-label	0x1393900	0x1393b4a	jae	0x1393c21	conditional-or-direct-control-edge
steam	PE:6a70a6d9:02711000	item-location-label	0x1393900	0x1393b77	je	0x1393bd2	conditional-or-direct-control-edge
steam	PE:6a70a6d9:02711000	item-location-label	0x1393900	0x1393b7d	jbe	0x1393b82	conditional-or-direct-control-edge
steam	PE:6a70a6d9:02711000	item-location-label	0x1393900	0x1393b9a	jg	0x1393ba5	conditional-or-direct-control-edge
steam	PE:6a70a6d9:02711000	item-location-label	0x1393900	0x1393ba3	jmp	0x1393bac	conditional-or-direct-control-edge
steam	PE:6a70a6d9:02711000	item-location-label	0x1393900	0x1393bb8	jbe	0x1393bbd	conditional-or-direct-control-edge
steam	PE:6a70a6d9:02711000	item-location-label	0x1393900	0x1393bcd	jmp	0x13946c6	conditional-or-direct-control-edge
steam	PE:6a70a6d9:02711000	item-location-label	0x1393900	0x1393bd6	jbe	0x1393bdb	conditional-or-direct-control-edge
steam	PE:6a70a6d9:02711000	item-location-label	0x1393900	0x1393c08	jle	0x1393c36	conditional-or-direct-control-edge
steam	PE:6a70a6d9:02711000	item-location-label	0x1393900	0x1393c1c	jmp	0x13946c6	conditional-or-direct-control-edge
steam	PE:6a70a6d9:02711000	item-location-label	0x1393900	0x1393c3e	jmp	0x13946c6	conditional-or-direct-control-edge
steam	PE:6a70a6d9:02711000	item-location-label	0x1393900	0x1393c60	js	0x1393e37	conditional-or-direct-control-edge
steam	PE:6a70a6d9:02711000	item-location-label	0x1393900	0x1393c81	jae	0x1393e37	conditional-or-direct-control-edge
steam	PE:6a70a6d9:02711000	item-location-label	0x1393900	0x1393ca8	je	0x1393cfd	conditional-or-direct-control-edge
steam	PE:6a70a6d9:02711000	item-location-label	0x1393900	0x1393ccc	jg	0x1393cd7	conditional-or-direct-control-edge
steam	PE:6a70a6d9:02711000	item-location-label	0x1393900	0x1393cd5	jmp	0x1393cde	conditional-or-direct-control-edge
steam	PE:6a70a6d9:02711000	item-location-label	0x1393900	0x1393cea	jbe	0x1393cef	conditional-or-direct-control-edge
steam	PE:6a70a6d9:02711000	item-location-label	0x1393900	0x1393cf8	jmp	0x1393f0d	conditional-or-direct-control-edge
steam	PE:6a70a6d9:02711000	item-location-label	0x1393900	0x1393d35	jle	0x1393f0d	conditional-or-direct-control-edge
steam	PE:6a70a6d9:02711000	item-location-label	0x1393900	0x1393d46	jae	0x1393d68	conditional-or-direct-control-edge
steam	PE:6a70a6d9:02711000	item-location-label	0x1393900	0x1393d63	jmp	0x1393f0d	conditional-or-direct-control-edge
steam	PE:6a70a6d9:02711000	item-location-label	0x1393900	0x1393d7c	jb	0x13946ed	conditional-or-direct-control-edge
steam	PE:6a70a6d9:02711000	item-location-label	0x1393900	0x1393d90	ja	0x1393db1	conditional-or-direct-control-edge
steam	PE:6a70a6d9:02711000	item-location-label	0x1393900	0x1393da1	ja	0x1393db1	conditional-or-direct-control-edge
steam	PE:6a70a6d9:02711000	item-location-label	0x1393900	0x1393dcf	jbe	0x1393e1e	conditional-or-direct-control-edge
steam	PE:6a70a6d9:02711000	item-location-label	0x1393900	0x1393def	jb	0x1393e0d	conditional-or-direct-control-edge
steam	PE:6a70a6d9:02711000	item-location-label	0x1393900	0x1393e04	ja	0x13945f6	conditional-or-direct-control-edge
steam	PE:6a70a6d9:02711000	item-location-label	0x1393900	0x1393e19	jmp	0x1393f0d	conditional-or-direct-control-edge
steam	PE:6a70a6d9:02711000	item-location-label	0x1393900	0x1393e32	jmp	0x1393f0d	conditional-or-direct-control-edge
steam	PE:6a70a6d9:02711000	item-location-label	0x1393900	0x1393e3f	jb	0x1393e74	conditional-or-direct-control-edge
steam	PE:6a70a6d9:02711000	item-location-label	0x1393900	0x1393e6f	jmp	0x1393f0d	conditional-or-direct-control-edge
steam	PE:6a70a6d9:02711000	item-location-label	0x1393900	0x1393e8d	ja	0x1393e9f	conditional-or-direct-control-edge
steam	PE:6a70a6d9:02711000	item-location-label	0x1393900	0x1393ed5	jbe	0x1393f09	conditional-or-direct-control-edge
steam	PE:6a70a6d9:02711000	item-location-label	0x1393900	0x1393ee9	jb	0x1393f04	conditional-or-direct-control-edge
steam	PE:6a70a6d9:02711000	item-location-label	0x1393900	0x1393efe	ja	0x13945f6	conditional-or-direct-control-edge
steam	PE:6a70a6d9:02711000	item-location-label	0x1393900	0x1393f30	jmp	0x13946c6	conditional-or-direct-control-edge
steam	PE:6a70a6d9:02711000	item-location-label	0x1393900	0x1393f65	jmp	0x1393f0d	conditional-or-direct-control-edge
steam	PE:6a70a6d9:02711000	item-location-label	0x1393900	0x1393f84	js	0x1394075	conditional-or-direct-control-edge
steam	PE:6a70a6d9:02711000	item-location-label	0x1393900	0x1393fa5	jae	0x1394075	conditional-or-direct-control-edge
steam	PE:6a70a6d9:02711000	item-location-label	0x1393900	0x1393fcc	je	0x1394021	conditional-or-direct-control-edge
steam	PE:6a70a6d9:02711000	item-location-label	0x1393900	0x1393ff0	jg	0x1393ffb	conditional-or-direct-control-edge
steam	PE:6a70a6d9:02711000	item-location-label	0x1393900	0x1393ff9	jmp	0x1394002	conditional-or-direct-control-edge
steam	PE:6a70a6d9:02711000	item-location-label	0x1393900	0x139400e	jbe	0x1394013	conditional-or-direct-control-edge
steam	PE:6a70a6d9:02711000	item-location-label	0x1393900	0x139401c	jmp	0x1393f0d	conditional-or-direct-control-edge
steam	PE:6a70a6d9:02711000	item-location-label	0x1393900	0x1394059	jle	0x1393f0d	conditional-or-direct-control-edge
steam	PE:6a70a6d9:02711000	item-location-label	0x1393900	0x139406a	jb	0x1393d48	conditional-or-direct-control-edge
steam	PE:6a70a6d9:02711000	item-location-label	0x1393900	0x1394070	jmp	0x1393d68	conditional-or-direct-control-edge
steam	PE:6a70a6d9:02711000	item-location-label	0x1393900	0x139407d	jae	0x1393e41	conditional-or-direct-control-edge
steam	PE:6a70a6d9:02711000	item-location-label	0x1393900	0x139409c	ja	0x1393e9f	conditional-or-direct-control-edge
steam	PE:6a70a6d9:02711000	item-location-label	0x1393900	0x13940a6	jmp	0x1393e93	conditional-or-direct-control-edge
steam	PE:6a70a6d9:02711000	item-location-label	0x1393900	0x13940c9	je	0x1394109	conditional-or-direct-control-edge
steam	PE:6a70a6d9:02711000	item-location-label	0x1393900	0x13940db	je	0x13940e3	conditional-or-direct-control-edge
steam	PE:6a70a6d9:02711000	item-location-label	0x1393900	0x13940e1	jne	0x13940f1	conditional-or-direct-control-edge
steam	PE:6a70a6d9:02711000	item-location-label	0x1393900	0x13940eb	je	0x1394198	conditional-or-direct-control-edge
steam	PE:6a70a6d9:02711000	item-location-label	0x1393900	0x1394107	jb	0x13940d0	conditional-or-direct-control-edge
steam	PE:6a70a6d9:02711000	item-location-label	0x1393900	0x1394111	js	0x1393c21	conditional-or-direct-control-edge
steam	PE:6a70a6d9:02711000	item-location-label	0x1393900	0x1394132	jae	0x1393c21	conditional-or-direct-control-edge
steam	PE:6a70a6d9:02711000	item-location-label	0x1393900	0x139415f	je	0x1393bd2	conditional-or-direct-control-edge
steam	PE:6a70a6d9:02711000	item-location-label	0x1393900	0x1394169	jbe	0x139416e	conditional-or-direct-control-edge
steam	PE:6a70a6d9:02711000	item-location-label	0x1393900	0x1394186	jg	0x1393ba5	conditional-or-direct-control-edge
steam	PE:6a70a6d9:02711000	item-location-label	0x1393900	0x1394193	jmp	0x1393bac	conditional-or-direct-control-edge
steam	PE:6a70a6d9:02711000	item-location-label	0x1393900	0x13941a5	je	0x1394109	conditional-or-direct-control-edge
steam	PE:6a70a6d9:02711000	item-location-label	0x1393900	0x13941c4	jmp	0x13946c6	conditional-or-direct-control-edge
steam	PE:6a70a6d9:02711000	item-location-label	0x1393900	0x13941d9	jbe	0x13941de	conditional-or-direct-control-edge
steam	PE:6a70a6d9:02711000	item-location-label	0x1393900	0x1394256	je	0x139431e	conditional-or-direct-control-edge
steam	PE:6a70a6d9:02711000	item-location-label	0x1393900	0x139425f	je	0x1394304	conditional-or-direct-control-edge
steam	PE:6a70a6d9:02711000	item-location-label	0x1393900	0x1394268	jne	0x1394250	conditional-or-direct-control-edge
steam	PE:6a70a6d9:02711000	item-location-label	0x1393900	0x1394289	je	0x1394250	conditional-or-direct-control-edge
steam	PE:6a70a6d9:02711000	item-location-label	0x1393900	0x139429a	jne	0x13942ce	conditional-or-direct-control-edge
steam	PE:6a70a6d9:02711000	item-location-label	0x1393900	0x13942a0	js	0x13942ce	conditional-or-direct-control-edge
steam	PE:6a70a6d9:02711000	item-location-label	0x1393900	0x13942af	jae	0x13942ce	conditional-or-direct-control-edge
steam	PE:6a70a6d9:02711000	item-location-label	0x1393900	0x13942b9	jle	0x13942c8	conditional-or-direct-control-edge
steam	PE:6a70a6d9:02711000	item-location-label	0x1393900	0x13942c2	je	0x13942c8	conditional-or-direct-control-edge
steam	PE:6a70a6d9:02711000	item-location-label	0x1393900	0x13942c6	jmp	0x13942ca	conditional-or-direct-control-edge
steam	PE:6a70a6d9:02711000	item-location-label	0x1393900	0x13942cc	jne	0x13942ea	conditional-or-direct-control-edge
steam	PE:6a70a6d9:02711000	item-location-label	0x1393900	0x13942e3	jb	0x1394295	conditional-or-direct-control-edge
steam	PE:6a70a6d9:02711000	item-location-label	0x1393900	0x13942e5	jmp	0x1394250	conditional-or-direct-control-edge
steam	PE:6a70a6d9:02711000	item-location-label	0x1393900	0x13942ff	jmp	0x13946c6	conditional-or-direct-control-edge
steam	PE:6a70a6d9:02711000	item-location-label	0x1393900	0x1394319	jmp	0x13946c6	conditional-or-direct-control-edge
steam	PE:6a70a6d9:02711000	item-location-label	0x1393900	0x1394333	jmp	0x13946c6	conditional-or-direct-control-edge
steam	PE:6a70a6d9:02711000	item-location-label	0x1393900	0x1394355	js	0x139452d	conditional-or-direct-control-edge
steam	PE:6a70a6d9:02711000	item-location-label	0x1393900	0x1394376	jae	0x139452d	conditional-or-direct-control-edge
steam	PE:6a70a6d9:02711000	item-location-label	0x1393900	0x139439d	je	0x13943f3	conditional-or-direct-control-edge
steam	PE:6a70a6d9:02711000	item-location-label	0x1393900	0x13943c1	jg	0x13943db	conditional-or-direct-control-edge
steam	PE:6a70a6d9:02711000	item-location-label	0x1393900	0x13943d6	jmp	0x1394606	conditional-or-direct-control-edge
steam	PE:6a70a6d9:02711000	item-location-label	0x1393900	0x13943ee	jmp	0x1394606	conditional-or-direct-control-edge
steam	PE:6a70a6d9:02711000	item-location-label	0x1393900	0x139442b	jle	0x1394606	conditional-or-direct-control-edge
steam	PE:6a70a6d9:02711000	item-location-label	0x1393900	0x139443c	jae	0x139445e	conditional-or-direct-control-edge
steam	PE:6a70a6d9:02711000	item-location-label	0x1393900	0x1394459	jmp	0x1394606	conditional-or-direct-control-edge
steam	PE:6a70a6d9:02711000	item-location-label	0x1393900	0x1394472	jb	0x13946ed	conditional-or-direct-control-edge
steam	PE:6a70a6d9:02711000	item-location-label	0x1393900	0x1394486	ja	0x13944a7	conditional-or-direct-control-edge
steam	PE:6a70a6d9:02711000	item-location-label	0x1393900	0x1394497	ja	0x13944a7	conditional-or-direct-control-edge
steam	PE:6a70a6d9:02711000	item-location-label	0x1393900	0x13944c5	jbe	0x1394514	conditional-or-direct-control-edge
steam	PE:6a70a6d9:02711000	item-location-label	0x1393900	0x13944e5	jb	0x1394503	conditional-or-direct-control-edge
steam	PE:6a70a6d9:02711000	item-location-label	0x1393900	0x13944fa	ja	0x13945f6	conditional-or-direct-control-edge
steam	PE:6a70a6d9:02711000	item-location-label	0x1393900	0x139450f	jmp	0x1394606	conditional-or-direct-control-edge
steam	PE:6a70a6d9:02711000	item-location-label	0x1393900	0x1394528	jmp	0x1394606	conditional-or-direct-control-edge
steam	PE:6a70a6d9:02711000	item-location-label	0x1393900	0x1394535	jb	0x139456a	conditional-or-direct-control-edge
steam	PE:6a70a6d9:02711000	item-location-label	0x1393900	0x1394565	jmp	0x1394606	conditional-or-direct-control-edge
steam	PE:6a70a6d9:02711000	item-location-label	0x1393900	0x1394583	ja	0x1394595	conditional-or-direct-control-edge
steam	PE:6a70a6d9:02711000	item-location-label	0x1393900	0x13945cb	jbe	0x1394602	conditional-or-direct-control-edge
steam	PE:6a70a6d9:02711000	item-location-label	0x1393900	0x13945df	jb	0x13945fd	conditional-or-direct-control-edge
steam	PE:6a70a6d9:02711000	item-location-label	0x1393900	0x13945f4	jbe	0x13945fd	conditional-or-direct-control-edge
steam	PE:6a70a6d9:02711000	item-location-label	0x1393900	0x139461b	jmp	0x13946c6	conditional-or-direct-control-edge
steam	PE:6a70a6d9:02711000	item-location-label	0x1393900	0x1394650	jmp	0x1394606	conditional-or-direct-control-edge
steam	PE:6a70a6d9:02711000	item-location-label	0x1393900	0x1394676	je	0x13946c6	conditional-or-direct-control-edge
steam	PE:6a70a6d9:02711000	inventory-item-caption	0x894180	0x8941f6	jbe	0x89422d	conditional-or-direct-control-edge
steam	PE:6a70a6d9:02711000	inventory-item-caption	0x894180	0x89420a	jb	0x894228	conditional-or-direct-control-edge
steam	PE:6a70a6d9:02711000	inventory-item-caption	0x894180	0x89421f	jbe	0x894228	conditional-or-direct-control-edge
steam	PE:6a70a6d9:02711000	complete-item-designation	0xc65450	0xc65482	jbe	0xc65487	conditional-or-direct-control-edge
steam	PE:6a70a6d9:02711000	complete-item-designation	0xc65450	0xc65495	jae	0xc654e7	conditional-or-direct-control-edge
steam	PE:6a70a6d9:02711000	complete-item-designation	0xc65450	0xc654a3	je	0xc654ab	conditional-or-direct-control-edge
steam	PE:6a70a6d9:02711000	complete-item-designation	0xc65450	0xc654a9	jmp	0xc65492	conditional-or-direct-control-edge
steam	PE:6a70a6d9:02711000	complete-item-designation	0xc65450	0xc654b7	je	0xc654e7	conditional-or-direct-control-edge
steam	PE:6a70a6d9:02711000	complete-item-designation	0xc65450	0xc654c1	je	0xc65716	conditional-or-direct-control-edge
steam	PE:6a70a6d9:02711000	complete-item-designation	0xc65450	0xc654c9	jne	0xc65716	conditional-or-direct-control-edge
steam	PE:6a70a6d9:02711000	complete-item-designation	0xc65450	0xc654e2	jmp	0xa94030	conditional-or-direct-control-edge
steam	PE:6a70a6d9:02711000	complete-item-designation	0xc65450	0xc654ed	jne	0xc65716	conditional-or-direct-control-edge
steam	PE:6a70a6d9:02711000	complete-item-designation	0xc65450	0xc65500	jne	0xc65518	conditional-or-direct-control-edge
steam	PE:6a70a6d9:02711000	complete-item-designation	0xc65450	0xc6550a	je	0xc65518	conditional-or-direct-control-edge
steam	PE:6a70a6d9:02711000	complete-item-designation	0xc65450	0xc65513	jmp	0xc656d3	conditional-or-direct-control-edge
steam	PE:6a70a6d9:02711000	complete-item-designation	0xc65450	0xc65525	jne	0xc65716	conditional-or-direct-control-edge
steam	PE:6a70a6d9:02711000	complete-item-designation	0xc65450	0xc65543	jae	0xc6570f	conditional-or-direct-control-edge
steam	PE:6a70a6d9:02711000	complete-item-designation	0xc65450	0xc65555	jne	0xc65603	conditional-or-direct-control-edge
steam	PE:6a70a6d9:02711000	complete-item-designation	0xc65450	0xc65570	je	0xc65603	conditional-or-direct-control-edge
steam	PE:6a70a6d9:02711000	complete-item-designation	0xc65450	0xc65590	je	0xc65603	conditional-or-direct-control-edge
steam	PE:6a70a6d9:02711000	complete-item-designation	0xc65450	0xc65599	jle	0xc655c3	conditional-or-direct-control-edge
steam	PE:6a70a6d9:02711000	complete-item-designation	0xc65450	0xc655c1	jg	0xc655a0	conditional-or-direct-control-edge
steam	PE:6a70a6d9:02711000	complete-item-designation	0xc65450	0xc655ca	je	0xc65603	conditional-or-direct-control-edge
steam	PE:6a70a6d9:02711000	complete-item-designation	0xc65450	0xc655cf	jge	0xc65603	conditional-or-direct-control-edge
steam	PE:6a70a6d9:02711000	complete-item-designation	0xc65450	0xc655dd	je	0xc655ec	conditional-or-direct-control-edge
steam	PE:6a70a6d9:02711000	complete-item-designation	0xc65450	0xc655e8	jl	0xc655d7	conditional-or-direct-control-edge
steam	PE:6a70a6d9:02711000	complete-item-designation	0xc65450	0xc655ea	jmp	0xc65603	conditional-or-direct-control-edge
steam	PE:6a70a6d9:02711000	complete-item-designation	0xc65450	0xc655f6	je	0xc65603	conditional-or-direct-control-edge
steam	PE:6a70a6d9:02711000	complete-item-designation	0xc65450	0xc655fd	jne	0xc656cf	conditional-or-direct-control-edge
steam	PE:6a70a6d9:02711000	complete-item-designation	0xc65450	0xc6560f	jne	0xc656c6	conditional-or-direct-control-edge
steam	PE:6a70a6d9:02711000	complete-item-designation	0xc65450	0xc6562a	je	0xc656c6	conditional-or-direct-control-edge
steam	PE:6a70a6d9:02711000	complete-item-designation	0xc65450	0xc6564a	je	0xc656c6	conditional-or-direct-control-edge
steam	PE:6a70a6d9:02711000	complete-item-designation	0xc65450	0xc65653	jle	0xc65683	conditional-or-direct-control-edge
steam	PE:6a70a6d9:02711000	complete-item-designation	0xc65450	0xc65681	jg	0xc65660	conditional-or-direct-control-edge
steam	PE:6a70a6d9:02711000	complete-item-designation	0xc65450	0xc6568a	je	0xc656c6	conditional-or-direct-control-edge
steam	PE:6a70a6d9:02711000	complete-item-designation	0xc65450	0xc6568f	jge	0xc656c6	conditional-or-direct-control-edge
steam	PE:6a70a6d9:02711000	complete-item-designation	0xc65450	0xc6569d	je	0xc656b3	conditional-or-direct-control-edge
steam	PE:6a70a6d9:02711000	complete-item-designation	0xc65450	0xc656a8	jl	0xc65697	conditional-or-direct-control-edge
steam	PE:6a70a6d9:02711000	complete-item-designation	0xc65450	0xc656ae	jmp	0xc65540	conditional-or-direct-control-edge
steam	PE:6a70a6d9:02711000	complete-item-designation	0xc65450	0xc656bd	je	0xc656c6	conditional-or-direct-control-edge
steam	PE:6a70a6d9:02711000	complete-item-designation	0xc65450	0xc656c4	jne	0xc656cf	conditional-or-direct-control-edge
steam	PE:6a70a6d9:02711000	complete-item-designation	0xc65450	0xc656ca	jmp	0xc65540	conditional-or-direct-control-edge
steam	PE:6a70a6d9:02711000	complete-item-designation	0xc65450	0xc656d6	je	0xc656ee	conditional-or-direct-control-edge
steam	PE:6a70a6d9:02711000	complete-item-designation	0xc65450	0xc656e1	jbe	0xc656e6	conditional-or-direct-control-edge
steam	PE:6a70a6d9:02711000	complete-item-designation	0xc65450	0xc6570a	jmp	0x6fa10	conditional-or-direct-control-edge
steam	PE:6a70a6d9:02711000	complete-item-designation	0xc65450	0xc65751	jne	0xc6575c	conditional-or-direct-control-edge
steam	PE:6a70a6d9:02711000	complete-item-designation	0xc65450	0xc65778	jne	0xc65bb3	conditional-or-direct-control-edge
steam	PE:6a70a6d9:02711000	complete-item-designation	0xc65450	0xc65785	jne	0xc657b7	conditional-or-direct-control-edge
steam	PE:6a70a6d9:02711000	complete-item-designation	0xc65450	0xc65793	jae	0xc657b3	conditional-or-direct-control-edge
steam	PE:6a70a6d9:02711000	complete-item-designation	0xc65450	0xc657a1	je	0xc657a9	conditional-or-direct-control-edge
steam	PE:6a70a6d9:02711000	complete-item-designation	0xc65450	0xc657a7	jmp	0xc65790	conditional-or-direct-control-edge
steam	PE:6a70a6d9:02711000	complete-item-designation	0xc65450	0xc657bf	je	0xc657cb	conditional-or-direct-control-edge
steam	PE:6a70a6d9:02711000	complete-item-designation	0xc65450	0xc657e0	jl	0xc6581c	conditional-or-direct-control-edge
steam	PE:6a70a6d9:02711000	complete-item-designation	0xc65450	0xc657f8	jne	0xc657f0	conditional-or-direct-control-edge
steam	PE:6a70a6d9:02711000	complete-item-designation	0xc65450	0xc65818	jne	0xc65810	conditional-or-direct-control-edge
steam	PE:6a70a6d9:02711000	complete-item-designation	0xc65450	0xc6581a	jmp	0xc6585a	conditional-or-direct-control-edge
steam	PE:6a70a6d9:02711000	complete-item-designation	0xc65450	0xc65820	jne	0xc6583c	conditional-or-direct-control-edge
steam	PE:6a70a6d9:02711000	complete-item-designation	0xc65450	0xc65838	jne	0xc65830	conditional-or-direct-control-edge
steam	PE:6a70a6d9:02711000	complete-item-designation	0xc65450	0xc6583a	jmp	0xc6585a	conditional-or-direct-control-edge
steam	PE:6a70a6d9:02711000	complete-item-designation	0xc65450	0xc65840	jne	0xc65866	conditional-or-direct-control-edge
steam	PE:6a70a6d9:02711000	complete-item-designation	0xc65450	0xc65858	jne	0xc65850	conditional-or-direct-control-edge
steam	PE:6a70a6d9:02711000	complete-item-designation	0xc65450	0xc6586d	jne	0xc658c6	conditional-or-direct-control-edge
steam	PE:6a70a6d9:02711000	complete-item-designation	0xc65450	0xc65877	je	0xc6589a	conditional-or-direct-control-edge
steam	PE:6a70a6d9:02711000	complete-item-designation	0xc65450	0xc6588c	jne	0xc65884	conditional-or-direct-control-edge
steam	PE:6a70a6d9:02711000	complete-item-designation	0xc65450	0xc658a2	je	0xc658c6	conditional-or-direct-control-edge
steam	PE:6a70a6d9:02711000	complete-item-designation	0xc65450	0xc658b8	jne	0xc658b0	conditional-or-direct-control-edge
steam	PE:6a70a6d9:02711000	complete-item-designation	0xc65450	0xc658d5	je	0xc659c7	conditional-or-direct-control-edge
steam	PE:6a70a6d9:02711000	complete-item-designation	0xc65450	0xc658e2	jle	0xc659a6	conditional-or-direct-control-edge
steam	PE:6a70a6d9:02711000	complete-item-designation	0xc65450	0xc658f2	je	0xc659a6	conditional-or-direct-control-edge
steam	PE:6a70a6d9:02711000	complete-item-designation	0xc65450	0xc658fd	jne	0xc6591c	conditional-or-direct-control-edge
steam	PE:6a70a6d9:02711000	complete-item-designation	0xc65450	0xc65918	jne	0xc65910	conditional-or-direct-control-edge
steam	PE:6a70a6d9:02711000	complete-item-designation	0xc65450	0xc6591a	jmp	0xc6599a	conditional-or-direct-control-edge
steam	PE:6a70a6d9:02711000	complete-item-designation	0xc65450	0xc65921	jne	0xc6593c	conditional-or-direct-control-edge
steam	PE:6a70a6d9:02711000	complete-item-designation	0xc65450	0xc65938	jne	0xc65930	conditional-or-direct-control-edge
steam	PE:6a70a6d9:02711000	complete-item-designation	0xc65450	0xc6593a	jmp	0xc6599a	conditional-or-direct-control-edge
steam	PE:6a70a6d9:02711000	complete-item-designation	0xc65450	0xc65941	jne	0xc6595c	conditional-or-direct-control-edge
steam	PE:6a70a6d9:02711000	complete-item-designation	0xc65450	0xc65958	jne	0xc65950	conditional-or-direct-control-edge
steam	PE:6a70a6d9:02711000	complete-item-designation	0xc65450	0xc6595a	jmp	0xc6599a	conditional-or-direct-control-edge
steam	PE:6a70a6d9:02711000	complete-item-designation	0xc65450	0xc65961	jne	0xc6597c	conditional-or-direct-control-edge
steam	PE:6a70a6d9:02711000	complete-item-designation	0xc65450	0xc65978	jne	0xc65970	conditional-or-direct-control-edge
steam	PE:6a70a6d9:02711000	complete-item-designation	0xc65450	0xc6597a	jmp	0xc6599a	conditional-or-direct-control-edge
steam	PE:6a70a6d9:02711000	complete-item-designation	0xc65450	0xc65981	jne	0xc659a6	conditional-or-direct-control-edge
steam	PE:6a70a6d9:02711000	complete-item-designation	0xc65450	0xc65998	jne	0xc65990	conditional-or-direct-control-edge
steam	PE:6a70a6d9:02711000	complete-item-designation	0xc65450	0xc659b9	jne	0xc659b1	conditional-or-direct-control-edge
steam	PE:6a70a6d9:02711000	complete-item-designation	0xc65450	0xc659d7	je	0xc659fa	conditional-or-direct-control-edge
steam	PE:6a70a6d9:02711000	complete-item-designation	0xc65450	0xc659ec	jne	0xc659e4	conditional-or-direct-control-edge
steam	PE:6a70a6d9:02711000	complete-item-designation	0xc65450	0xc659ff	jne	0xc65a53	conditional-or-direct-control-edge
steam	PE:6a70a6d9:02711000	complete-item-designation	0xc65450	0xc65a18	jne	0xc65a10	conditional-or-direct-control-edge
steam	PE:6a70a6d9:02711000	complete-item-designation	0xc65450	0xc65a4e	jmp	0xc65bea	conditional-or-direct-control-edge
steam	PE:6a70a6d9:02711000	complete-item-designation	0xc65450	0xc65a58	jne	0xc65aa8	conditional-or-direct-control-edge
steam	PE:6a70a6d9:02711000	complete-item-designation	0xc65450	0xc65a6d	jne	0xc65a65	conditional-or-direct-control-edge
steam	PE:6a70a6d9:02711000	complete-item-designation	0xc65450	0xc65aa3	jmp	0xc65c08	conditional-or-direct-control-edge
steam	PE:6a70a6d9:02711000	complete-item-designation	0xc65450	0xc65aad	jne	0xc65b03	conditional-or-direct-control-edge
steam	PE:6a70a6d9:02711000	complete-item-designation	0xc65450	0xc65ac8	jne	0xc65ac0	conditional-or-direct-control-edge
steam	PE:6a70a6d9:02711000	complete-item-designation	0xc65450	0xc65afe	jmp	0xc65c26	conditional-or-direct-control-edge
steam	PE:6a70a6d9:02711000	complete-item-designation	0xc65450	0xc65b08	jne	0xc65b58	conditional-or-direct-control-edge
steam	PE:6a70a6d9:02711000	complete-item-designation	0xc65450	0xc65b1d	jne	0xc65b15	conditional-or-direct-control-edge
steam	PE:6a70a6d9:02711000	complete-item-designation	0xc65450	0xc65b53	jmp	0xc65c44	conditional-or-direct-control-edge
steam	PE:6a70a6d9:02711000	complete-item-designation	0xc65450	0xc65b5d	jne	0xc65bb3	conditional-or-direct-control-edge
steam	PE:6a70a6d9:02711000	complete-item-designation	0xc65450	0xc65b78	jne	0xc65b70	conditional-or-direct-control-edge
steam	PE:6a70a6d9:02711000	complete-item-designation	0xc65450	0xc65bae	jmp	0xc65c63	conditional-or-direct-control-edge
steam	PE:6a70a6d9:02711000	complete-item-designation	0xc65450	0xc65bc9	jne	0xc65ef3	conditional-or-direct-control-edge
steam	PE:6a70a6d9:02711000	complete-item-designation	0xc65450	0xc65be8	jne	0xc65c01	conditional-or-direct-control-edge
steam	PE:6a70a6d9:02711000	complete-item-designation	0xc65450	0xc65bfd	jne	0xc65bf5	conditional-or-direct-control-edge
steam	PE:6a70a6d9:02711000	complete-item-designation	0xc65450	0xc65bff	jmp	0xc65c7a	conditional-or-direct-control-edge
steam	PE:6a70a6d9:02711000	complete-item-designation	0xc65450	0xc65c06	jne	0xc65c1f	conditional-or-direct-control-edge
steam	PE:6a70a6d9:02711000	complete-item-designation	0xc65450	0xc65c1b	jne	0xc65c13	conditional-or-direct-control-edge
steam	PE:6a70a6d9:02711000	complete-item-designation	0xc65450	0xc65c1d	jmp	0xc65c7a	conditional-or-direct-control-edge
steam	PE:6a70a6d9:02711000	complete-item-designation	0xc65450	0xc65c24	jne	0xc65c3d	conditional-or-direct-control-edge
steam	PE:6a70a6d9:02711000	complete-item-designation	0xc65450	0xc65c39	jne	0xc65c31	conditional-or-direct-control-edge
steam	PE:6a70a6d9:02711000	complete-item-designation	0xc65450	0xc65c3b	jmp	0xc65c7a	conditional-or-direct-control-edge
steam	PE:6a70a6d9:02711000	complete-item-designation	0xc65450	0xc65c42	jne	0xc65c5c	conditional-or-direct-control-edge
steam	PE:6a70a6d9:02711000	complete-item-designation	0xc65450	0xc65c58	jne	0xc65c50	conditional-or-direct-control-edge
steam	PE:6a70a6d9:02711000	complete-item-designation	0xc65450	0xc65c5a	jmp	0xc65c7a	conditional-or-direct-control-edge
steam	PE:6a70a6d9:02711000	complete-item-designation	0xc65450	0xc65c61	jne	0xc65c86	conditional-or-direct-control-edge
steam	PE:6a70a6d9:02711000	complete-item-designation	0xc65450	0xc65c78	jne	0xc65c70	conditional-or-direct-control-edge
steam	PE:6a70a6d9:02711000	complete-item-designation	0xc65450	0xc65c96	je	0xc65cb9	conditional-or-direct-control-edge
steam	PE:6a70a6d9:02711000	complete-item-designation	0xc65450	0xc65cab	jne	0xc65ca3	conditional-or-direct-control-edge
steam	PE:6a70a6d9:02711000	complete-item-designation	0xc65450	0xc65cc8	je	0xc65db6	conditional-or-direct-control-edge
steam	PE:6a70a6d9:02711000	complete-item-designation	0xc65450	0xc65ce8	jne	0xc65ce0	conditional-or-direct-control-edge
steam	PE:6a70a6d9:02711000	complete-item-designation	0xc65450	0xc65cfd	jle	0xc65db6	conditional-or-direct-control-edge
steam	PE:6a70a6d9:02711000	complete-item-designation	0xc65450	0xc65d0d	je	0xc65db6	conditional-or-direct-control-edge
steam	PE:6a70a6d9:02711000	complete-item-designation	0xc65450	0xc65d18	jne	0xc65d31	conditional-or-direct-control-edge
steam	PE:6a70a6d9:02711000	complete-item-designation	0xc65450	0xc65d2d	jne	0xc65d25	conditional-or-direct-control-edge
steam	PE:6a70a6d9:02711000	complete-item-designation	0xc65450	0xc65d2f	jmp	0xc65daa	conditional-or-direct-control-edge
steam	PE:6a70a6d9:02711000	complete-item-designation	0xc65450	0xc65d36	jne	0xc65d4f	conditional-or-direct-control-edge
steam	PE:6a70a6d9:02711000	complete-item-designation	0xc65450	0xc65d4b	jne	0xc65d43	conditional-or-direct-control-edge
steam	PE:6a70a6d9:02711000	complete-item-designation	0xc65450	0xc65d4d	jmp	0xc65daa	conditional-or-direct-control-edge
steam	PE:6a70a6d9:02711000	complete-item-designation	0xc65450	0xc65d54	jne	0xc65d6d	conditional-or-direct-control-edge
steam	PE:6a70a6d9:02711000	complete-item-designation	0xc65450	0xc65d69	jne	0xc65d61	conditional-or-direct-control-edge
steam	PE:6a70a6d9:02711000	complete-item-designation	0xc65450	0xc65d6b	jmp	0xc65daa	conditional-or-direct-control-edge
steam	PE:6a70a6d9:02711000	complete-item-designation	0xc65450	0xc65d72	jne	0xc65d8c	conditional-or-direct-control-edge
steam	PE:6a70a6d9:02711000	complete-item-designation	0xc65450	0xc65d88	jne	0xc65d80	conditional-or-direct-control-edge
steam	PE:6a70a6d9:02711000	complete-item-designation	0xc65450	0xc65d8a	jmp	0xc65daa	conditional-or-direct-control-edge
steam	PE:6a70a6d9:02711000	complete-item-designation	0xc65450	0xc65d91	jne	0xc65db6	conditional-or-direct-control-edge
steam	PE:6a70a6d9:02711000	complete-item-designation	0xc65450	0xc65da8	jne	0xc65da0	conditional-or-direct-control-edge
steam	PE:6a70a6d9:02711000	complete-item-designation	0xc65450	0xc65dbd	jne	0xc65e16	conditional-or-direct-control-edge
steam	PE:6a70a6d9:02711000	complete-item-designation	0xc65450	0xc65dc7	je	0xc65dea	conditional-or-direct-control-edge
steam	PE:6a70a6d9:02711000	complete-item-designation	0xc65450	0xc65ddc	jne	0xc65dd4	conditional-or-direct-control-edge
steam	PE:6a70a6d9:02711000	complete-item-designation	0xc65450	0xc65df2	je	0xc65e16	conditional-or-direct-control-edge
steam	PE:6a70a6d9:02711000	complete-item-designation	0xc65450	0xc65e08	jne	0xc65e00	conditional-or-direct-control-edge
steam	PE:6a70a6d9:02711000	complete-item-designation	0xc65450	0xc65e1a	jl	0xc65e5b	conditional-or-direct-control-edge
steam	PE:6a70a6d9:02711000	complete-item-designation	0xc65450	0xc65e38	jne	0xc65e30	conditional-or-direct-control-edge
steam	PE:6a70a6d9:02711000	complete-item-designation	0xc65450	0xc65e57	jne	0xc65e50	conditional-or-direct-control-edge
steam	PE:6a70a6d9:02711000	complete-item-designation	0xc65450	0xc65e59	jmp	0xc65e99	conditional-or-direct-control-edge
steam	PE:6a70a6d9:02711000	complete-item-designation	0xc65450	0xc65e5f	jne	0xc65e7b	conditional-or-direct-control-edge
steam	PE:6a70a6d9:02711000	complete-item-designation	0xc65450	0xc65e77	jne	0xc65e70	conditional-or-direct-control-edge
steam	PE:6a70a6d9:02711000	complete-item-designation	0xc65450	0xc65e79	jmp	0xc65e99	conditional-or-direct-control-edge
steam	PE:6a70a6d9:02711000	complete-item-designation	0xc65450	0xc65e7f	jne	0xc65ea8	conditional-or-direct-control-edge
steam	PE:6a70a6d9:02711000	complete-item-designation	0xc65450	0xc65e97	jne	0xc65e90	conditional-or-direct-control-edge
steam	PE:6a70a6d9:02711000	complete-item-designation	0xc65450	0xc65eb0	je	0xc65ebc	conditional-or-direct-control-edge
steam	PE:6a70a6d9:02711000	complete-item-designation	0xc65450	0xc65ec3	jne	0xc65ef3	conditional-or-direct-control-edge
steam	PE:6a70a6d9:02711000	complete-item-designation	0xc65450	0xc65ed3	jae	0xc65ef3	conditional-or-direct-control-edge
steam	PE:6a70a6d9:02711000	complete-item-designation	0xc65450	0xc65ee1	je	0xc65ee9	conditional-or-direct-control-edge
steam	PE:6a70a6d9:02711000	complete-item-designation	0xc65450	0xc65ee7	jmp	0xc65ed0	conditional-or-direct-control-edge
steam	PE:6a70a6d9:02711000	coin-title	0xca0d00	0xca0d25	je	0xca0d37	conditional-or-direct-control-edge
steam	PE:6a70a6d9:02711000	coin-title	0xca0d00	0xca0d50	jmp	0xca5bb0	conditional-or-direct-control-edge
steam	PE:6a70a6d9:02711000	coin-identity	0x5be970	0x5be9a9	je	0x5bee6d	conditional-or-direct-control-edge
steam	PE:6a70a6d9:02711000	coin-identity	0x5be970	0x5be9c3	je	0x5be9d6	conditional-or-direct-control-edge
steam	PE:6a70a6d9:02711000	coin-identity	0x5be970	0x5be9d4	jmp	0x5be9d9	conditional-or-direct-control-edge
steam	PE:6a70a6d9:02711000	coin-identity	0x5be970	0x5bea16	jb	0x5bee9a	conditional-or-direct-control-edge
steam	PE:6a70a6d9:02711000	coin-identity	0x5be970	0x5bea46	jbe	0x5bea73	conditional-or-direct-control-edge
steam	PE:6a70a6d9:02711000	coin-identity	0x5be970	0x5bea51	jbe	0x5bea58	conditional-or-direct-control-edge
steam	PE:6a70a6d9:02711000	coin-identity	0x5be970	0x5bea56	jmp	0x5bea5f	conditional-or-direct-control-edge
steam	PE:6a70a6d9:02711000	coin-identity	0x5be970	0x5beaba	jbe	0x5beaed	conditional-or-direct-control-edge
steam	PE:6a70a6d9:02711000	coin-identity	0x5be970	0x5beacd	jb	0x5beae8	conditional-or-direct-control-edge
steam	PE:6a70a6d9:02711000	coin-identity	0x5be970	0x5beae2	ja	0x5bec56	conditional-or-direct-control-edge
steam	PE:6a70a6d9:02711000	coin-identity	0x5be970	0x5beaf8	jle	0x5becab	conditional-or-direct-control-edge
steam	PE:6a70a6d9:02711000	coin-identity	0x5be970	0x5beb09	je	0x5becab	conditional-or-direct-control-edge
steam	PE:6a70a6d9:02711000	coin-identity	0x5be970	0x5beb15	je	0x5bec66	conditional-or-direct-control-edge
steam	PE:6a70a6d9:02711000	coin-identity	0x5be970	0x5beb53	jb	0x5beea0	conditional-or-direct-control-edge
steam	PE:6a70a6d9:02711000	coin-identity	0x5be970	0x5beb80	jbe	0x5bebb0	conditional-or-direct-control-edge
steam	PE:6a70a6d9:02711000	coin-identity	0x5be970	0x5beb8c	jbe	0x5beb93	conditional-or-direct-control-edge
steam	PE:6a70a6d9:02711000	coin-identity	0x5be970	0x5beb91	jmp	0x5beba0	conditional-or-direct-control-edge
steam	PE:6a70a6d9:02711000	coin-identity	0x5be970	0x5bebf4	jbe	0x5bec2b	conditional-or-direct-control-edge
steam	PE:6a70a6d9:02711000	coin-identity	0x5be970	0x5bec07	jb	0x5bec25	conditional-or-direct-control-edge
steam	PE:6a70a6d9:02711000	coin-identity	0x5be970	0x5bec1c	jbe	0x5bec25	conditional-or-direct-control-edge
steam	PE:6a70a6d9:02711000	coin-identity	0x5be970	0x5bec2f	jbe	0x5bec66	conditional-or-direct-control-edge
steam	PE:6a70a6d9:02711000	coin-identity	0x5be970	0x5bec3f	jb	0x5bec5d	conditional-or-direct-control-edge
steam	PE:6a70a6d9:02711000	coin-identity	0x5be970	0x5bec54	jbe	0x5bec5d	conditional-or-direct-control-edge
steam	PE:6a70a6d9:02711000	coin-identity	0x5be970	0x5bec6e	jbe	0x5bee6d	conditional-or-direct-control-edge
steam	PE:6a70a6d9:02711000	coin-identity	0x5be970	0x5bec85	jb	0x5bee68	conditional-or-direct-control-edge
steam	PE:6a70a6d9:02711000	coin-identity	0x5be970	0x5bec9e	jbe	0x5bee68	conditional-or-direct-control-edge
steam	PE:6a70a6d9:02711000	coin-identity	0x5be970	0x5becb3	je	0x5bec66	conditional-or-direct-control-edge
steam	PE:6a70a6d9:02711000	coin-identity	0x5be970	0x5beccd	je	0x5bed0c	conditional-or-direct-control-edge
steam	PE:6a70a6d9:02711000	coin-identity	0x5be970	0x5becd6	js	0x5bed0c	conditional-or-direct-control-edge
steam	PE:6a70a6d9:02711000	coin-identity	0x5be970	0x5becf4	je	0x5bed0e	conditional-or-direct-control-edge
steam	PE:6a70a6d9:02711000	coin-identity	0x5be970	0x5bed0a	jle	0x5bece0	conditional-or-direct-control-edge
steam	PE:6a70a6d9:02711000	coin-identity	0x5be970	0x5bed11	je	0x5bec66	conditional-or-direct-control-edge
steam	PE:6a70a6d9:02711000	coin-identity	0x5be970	0x5bed53	jb	0x5bee94	conditional-or-direct-control-edge
steam	PE:6a70a6d9:02711000	coin-identity	0x5be970	0x5bed7a	jbe	0x5bedaa	conditional-or-direct-control-edge
steam	PE:6a70a6d9:02711000	coin-identity	0x5be970	0x5bed86	jbe	0x5bed8d	conditional-or-direct-control-edge
steam	PE:6a70a6d9:02711000	coin-identity	0x5be970	0x5bed8b	jmp	0x5bed9a	conditional-or-direct-control-edge
steam	PE:6a70a6d9:02711000	coin-identity	0x5be970	0x5bedec	jbe	0x5bee23	conditional-or-direct-control-edge
steam	PE:6a70a6d9:02711000	coin-identity	0x5be970	0x5bedff	jb	0x5bee1d	conditional-or-direct-control-edge
steam	PE:6a70a6d9:02711000	coin-identity	0x5be970	0x5bee14	jbe	0x5bee1d	conditional-or-direct-control-edge
steam	PE:6a70a6d9:02711000	coin-identity	0x5be970	0x5bee2b	jbe	0x5bec66	conditional-or-direct-control-edge
steam	PE:6a70a6d9:02711000	coin-identity	0x5be970	0x5bee42	jb	0x5bec60	conditional-or-direct-control-edge
steam	PE:6a70a6d9:02711000	coin-identity	0x5be970	0x5bee5b	jbe	0x5bec60	conditional-or-direct-control-edge
steam	PE:6a70a6d9:02711000	coin-material-noun	0xca5bb0	0xca5bdb	jae	0xca5bff	conditional-or-direct-control-edge
steam	PE:6a70a6d9:02711000	coin-material-noun	0xca5bb0	0xca5be9	je	0xca5bf1	conditional-or-direct-control-edge
steam	PE:6a70a6d9:02711000	coin-material-noun	0xca5bb0	0xca5bef	jmp	0xca5bd8	conditional-or-direct-control-edge
steam	PE:6a70a6d9:02711000	coin-material-noun	0xca5bb0	0xca5bfd	jmp	0xca5c01	conditional-or-direct-control-edge
steam	PE:6a70a6d9:02711000	coin-material-noun	0xca5bb0	0xca5c11	jne	0xca5c64	conditional-or-direct-control-edge
steam	PE:6a70a6d9:02711000	coin-material-noun	0xca5bb0	0xca5c5f	jmp	0xca5cf2	conditional-or-direct-control-edge
steam	PE:6a70a6d9:02711000	coin-material-noun	0xca5bb0	0xca5c89	jne	0xca5cbb	conditional-or-direct-control-edge
steam	PE:6a70a6d9:02711000	coin-material-noun	0xca5bb0	0xca5cb9	jmp	0xca5cf2	conditional-or-direct-control-edge
steam	PE:6a70a6d9:02711000	inventory-body-part-name	0x13345d0	0x13345f1	js	0x13347dd	conditional-or-direct-control-edge
steam	PE:6a70a6d9:02711000	inventory-body-part-name	0x13345d0	0x1334613	jae	0x13347dd	conditional-or-direct-control-edge
steam	PE:6a70a6d9:02711000	inventory-body-part-name	0x13345d0	0x1334632	je	0x133476a	conditional-or-direct-control-edge
steam	PE:6a70a6d9:02711000	inventory-body-part-name	0x13345d0	0x133463b	jle	0x13346a8	conditional-or-direct-control-edge
steam	PE:6a70a6d9:02711000	inventory-body-part-name	0x13345d0	0x1334640	jbe	0x13346a8	conditional-or-direct-control-edge
steam	PE:6a70a6d9:02711000	inventory-body-part-name	0x13345d0	0x1334648	jne	0x1334679	conditional-or-direct-control-edge
steam	PE:6a70a6d9:02711000	inventory-body-part-name	0x13345d0	0x1334658	je	0x1334804	conditional-or-direct-control-edge
steam	PE:6a70a6d9:02711000	inventory-body-part-name	0x13345d0	0x1334667	jbe	0x133466c	conditional-or-direct-control-edge
steam	PE:6a70a6d9:02711000	inventory-body-part-name	0x13345d0	0x1334674	jmp	0x1334804	conditional-or-direct-control-edge
steam	PE:6a70a6d9:02711000	inventory-body-part-name	0x13345d0	0x1334687	je	0x1334804	conditional-or-direct-control-edge
steam	PE:6a70a6d9:02711000	inventory-body-part-name	0x13345d0	0x1334696	jbe	0x133469b	conditional-or-direct-control-edge
steam	PE:6a70a6d9:02711000	inventory-body-part-name	0x13345d0	0x13346a3	jmp	0x1334804	conditional-or-direct-control-edge
steam	PE:6a70a6d9:02711000	inventory-body-part-name	0x13345d0	0x13346b8	jbe	0x13346bd	conditional-or-direct-control-edge
steam	PE:6a70a6d9:02711000	inventory-body-part-name	0x13345d0	0x13346c3	jle	0x13346d9	conditional-or-direct-control-edge
steam	PE:6a70a6d9:02711000	inventory-body-part-name	0x13345d0	0x13346e1	je	0x1334737	conditional-or-direct-control-edge
steam	PE:6a70a6d9:02711000	inventory-body-part-name	0x13345d0	0x13346e5	jne	0x1334704	conditional-or-direct-control-edge
steam	PE:6a70a6d9:02711000	inventory-body-part-name	0x13345d0	0x13346fc	jle	0x1334704	conditional-or-direct-control-edge
steam	PE:6a70a6d9:02711000	inventory-body-part-name	0x13345d0	0x1334702	je	0x1334737	conditional-or-direct-control-edge
steam	PE:6a70a6d9:02711000	inventory-body-part-name	0x13345d0	0x1334725	jbe	0x133472a	conditional-or-direct-control-edge
steam	PE:6a70a6d9:02711000	inventory-body-part-name	0x13345d0	0x1334732	jmp	0x1334804	conditional-or-direct-control-edge
steam	PE:6a70a6d9:02711000	inventory-body-part-name	0x13345d0	0x1334758	jbe	0x133475d	conditional-or-direct-control-edge
steam	PE:6a70a6d9:02711000	inventory-body-part-name	0x13345d0	0x1334765	jmp	0x1334804	conditional-or-direct-control-edge
steam	PE:6a70a6d9:02711000	inventory-body-part-name	0x13345d0	0x133477a	jbe	0x133477f	conditional-or-direct-control-edge
steam	PE:6a70a6d9:02711000	inventory-body-part-name	0x13345d0	0x1334785	jle	0x133479b	conditional-or-direct-control-edge
steam	PE:6a70a6d9:02711000	inventory-body-part-name	0x13345d0	0x13347b8	je	0x13347fa	conditional-or-direct-control-edge
steam	PE:6a70a6d9:02711000	inventory-body-part-name	0x13345d0	0x13347bc	jne	0x1334804	conditional-or-direct-control-edge
steam	PE:6a70a6d9:02711000	inventory-body-part-name	0x13345d0	0x13347d3	jle	0x1334804	conditional-or-direct-control-edge
steam	PE:6a70a6d9:02711000	inventory-body-part-name	0x13345d0	0x13347d9	je	0x13347fa	conditional-or-direct-control-edge
steam	PE:6a70a6d9:02711000	inventory-body-part-name	0x13345d0	0x13347db	jmp	0x1334804	conditional-or-direct-control-edge
steam	PE:6a70a6d9:02711000	inventory-body-part-name	0x13345d0	0x13347f8	jne	0x1334804	conditional-or-direct-control-edge
steam	PE:6a70a6d9:02711000	inventory-icon-getter	0x7e1310	0x7e1317	jne	0xc7cbc0	conditional-or-direct-control-edge
steam	PE:6a70a6d9:02711000	shortcut-binding-display-name	0x8ecb30	0x8ecb7e	jne	0x8ecb97	conditional-or-direct-control-edge
steam	PE:6a70a6d9:02711000	shortcut-binding-display-name	0x8ecb30	0x8ecb83	jge	0x8ecb8b	conditional-or-direct-control-edge
steam	PE:6a70a6d9:02711000	shortcut-binding-display-name	0x8ecb30	0x8ecb89	jmp	0x8ecb91	conditional-or-direct-control-edge
steam	PE:6a70a6d9:02711000	shortcut-binding-display-name	0x8ecb30	0x8ecb95	je	0x8ecb80	conditional-or-direct-control-edge
steam	PE:6a70a6d9:02711000	shortcut-binding-display-name	0x8ecb30	0x8ecb9b	jne	0x8ecba2	conditional-or-direct-control-edge
steam	PE:6a70a6d9:02711000	shortcut-binding-display-name	0x8ecb30	0x8ecba0	jge	0x8ecba5	conditional-or-direct-control-edge
steam	PE:6a70a6d9:02711000	shortcut-binding-display-name	0x8ecb30	0x8ecba8	je	0x8ecbc8	conditional-or-direct-control-edge
steam	PE:6a70a6d9:02711000	shortcut-binding-display-name	0x8ecb30	0x8ecbae	je	0x8ecbc8	conditional-or-direct-control-edge
steam	PE:6a70a6d9:02711000	shortcut-binding-display-name	0x8ecb30	0x8ecbc3	jmp	0x8ecdf5	conditional-or-direct-control-edge
steam	PE:6a70a6d9:02711000	shortcut-binding-display-name	0x8ecb30	0x8ecbeb	jne	0x8ecc19	conditional-or-direct-control-edge
steam	PE:6a70a6d9:02711000	shortcut-binding-display-name	0x8ecb30	0x8ecbf8	jge	0x8ecc05	conditional-or-direct-control-edge
steam	PE:6a70a6d9:02711000	shortcut-binding-display-name	0x8ecb30	0x8ecc03	jmp	0x8ecc13	conditional-or-direct-control-edge
steam	PE:6a70a6d9:02711000	shortcut-binding-display-name	0x8ecb30	0x8ecc17	je	0x8ecbf0	conditional-or-direct-control-edge
steam	PE:6a70a6d9:02711000	shortcut-binding-display-name	0x8ecb30	0x8ecc1d	jne	0x8ecc24	conditional-or-direct-control-edge
steam	PE:6a70a6d9:02711000	shortcut-binding-display-name	0x8ecb30	0x8ecc22	jge	0x8ecc9f	conditional-or-direct-control-edge
steam	PE:6a70a6d9:02711000	shortcut-binding-display-name	0x8ecb30	0x8ecc35	je	0x8ece2c	conditional-or-direct-control-edge
steam	PE:6a70a6d9:02711000	shortcut-binding-display-name	0x8ecb30	0x8eccbb	jb	0x8ece26	conditional-or-direct-control-edge
steam	PE:6a70a6d9:02711000	shortcut-binding-display-name	0x8ecb30	0x8eccc6	jbe	0x8ecccb	conditional-or-direct-control-edge
steam	PE:6a70a6d9:02711000	shortcut-binding-display-name	0x8ecb30	0x8ecced	jbe	0x8ecd1d	conditional-or-direct-control-edge
steam	PE:6a70a6d9:02711000	shortcut-binding-display-name	0x8ecb30	0x8eccf9	jbe	0x8ecd00	conditional-or-direct-control-edge
steam	PE:6a70a6d9:02711000	shortcut-binding-display-name	0x8ecb30	0x8eccfe	jmp	0x8ecd0c	conditional-or-direct-control-edge
steam	PE:6a70a6d9:02711000	shortcut-binding-display-name	0x8ecb30	0x8ecda3	jbe	0x8ecdda	conditional-or-direct-control-edge
steam	PE:6a70a6d9:02711000	shortcut-binding-display-name	0x8ecb30	0x8ecdb7	jb	0x8ecdd5	conditional-or-direct-control-edge
steam	PE:6a70a6d9:02711000	shortcut-binding-display-name	0x8ecb30	0x8ecdcc	jbe	0x8ecdd5	conditional-or-direct-control-edge
steam	PE:6a70a6d9:02711000	inventory-view-contaminant-caption	0x8392a0	0x8392d2	je	0x839646	conditional-or-direct-control-edge
steam	PE:6a70a6d9:02711000	inventory-view-contaminant-caption	0x8392a0	0x8392df	je	0x839646	conditional-or-direct-control-edge
steam	PE:6a70a6d9:02711000	inventory-view-contaminant-caption	0x8392a0	0x839313	js	0x8394ea	conditional-or-direct-control-edge
steam	PE:6a70a6d9:02711000	inventory-view-contaminant-caption	0x8392a0	0x839334	jae	0x8394ea	conditional-or-direct-control-edge
steam	PE:6a70a6d9:02711000	inventory-view-contaminant-caption	0x8392a0	0x83935b	je	0x8393b0	conditional-or-direct-control-edge
steam	PE:6a70a6d9:02711000	inventory-view-contaminant-caption	0x8392a0	0x83937f	jg	0x83938a	conditional-or-direct-control-edge
steam	PE:6a70a6d9:02711000	inventory-view-contaminant-caption	0x8392a0	0x839388	jmp	0x839391	conditional-or-direct-control-edge
steam	PE:6a70a6d9:02711000	inventory-view-contaminant-caption	0x8392a0	0x83939d	jbe	0x8393a2	conditional-or-direct-control-edge
steam	PE:6a70a6d9:02711000	inventory-view-contaminant-caption	0x8392a0	0x8393ab	jmp	0x8395c3	conditional-or-direct-control-edge
steam	PE:6a70a6d9:02711000	inventory-view-contaminant-caption	0x8392a0	0x8393e8	jle	0x8395c3	conditional-or-direct-control-edge
steam	PE:6a70a6d9:02711000	inventory-view-contaminant-caption	0x8392a0	0x8393f9	jae	0x83941b	conditional-or-direct-control-edge
steam	PE:6a70a6d9:02711000	inventory-view-contaminant-caption	0x8392a0	0x839416	jmp	0x8395c3	conditional-or-direct-control-edge
steam	PE:6a70a6d9:02711000	inventory-view-contaminant-caption	0x8392a0	0x83942f	jb	0x83966b	conditional-or-direct-control-edge
steam	PE:6a70a6d9:02711000	inventory-view-contaminant-caption	0x8392a0	0x839443	ja	0x839464	conditional-or-direct-control-edge
steam	PE:6a70a6d9:02711000	inventory-view-contaminant-caption	0x8392a0	0x839454	ja	0x839464	conditional-or-direct-control-edge
steam	PE:6a70a6d9:02711000	inventory-view-contaminant-caption	0x8392a0	0x839482	jbe	0x8394d1	conditional-or-direct-control-edge
steam	PE:6a70a6d9:02711000	inventory-view-contaminant-caption	0x8392a0	0x8394a2	jb	0x8394c0	conditional-or-direct-control-edge
steam	PE:6a70a6d9:02711000	inventory-view-contaminant-caption	0x8392a0	0x8394b7	ja	0x8395b3	conditional-or-direct-control-edge
steam	PE:6a70a6d9:02711000	inventory-view-contaminant-caption	0x8392a0	0x8394cc	jmp	0x8395c3	conditional-or-direct-control-edge
steam	PE:6a70a6d9:02711000	inventory-view-contaminant-caption	0x8392a0	0x8394e5	jmp	0x8395c3	conditional-or-direct-control-edge
steam	PE:6a70a6d9:02711000	inventory-view-contaminant-caption	0x8392a0	0x8394f2	jb	0x839527	conditional-or-direct-control-edge
steam	PE:6a70a6d9:02711000	inventory-view-contaminant-caption	0x8392a0	0x839522	jmp	0x8395c3	conditional-or-direct-control-edge
steam	PE:6a70a6d9:02711000	inventory-view-contaminant-caption	0x8392a0	0x839540	ja	0x839552	conditional-or-direct-control-edge
steam	PE:6a70a6d9:02711000	inventory-view-contaminant-caption	0x8392a0	0x839588	jbe	0x8395bf	conditional-or-direct-control-edge
steam	PE:6a70a6d9:02711000	inventory-view-contaminant-caption	0x8392a0	0x83959c	jb	0x8395ba	conditional-or-direct-control-edge
steam	PE:6a70a6d9:02711000	inventory-view-contaminant-caption	0x8392a0	0x8395b1	jbe	0x8395ba	conditional-or-direct-control-edge
steam	PE:6a70a6d9:02711000	inventory-view-contaminant-caption	0x8392a0	0x839610	jbe	0x839646	conditional-or-direct-control-edge
steam	PE:6a70a6d9:02711000	inventory-view-contaminant-caption	0x8392a0	0x839623	jb	0x839641	conditional-or-direct-control-edge
steam	PE:6a70a6d9:02711000	inventory-view-contaminant-caption	0x8392a0	0x839638	jbe	0x839641	conditional-or-direct-control-edge
steam	PE:6a70a6d9:02711000	inventory-eat-unit-contaminant-caption	0x839850	0x839882	je	0x839c6a	conditional-or-direct-control-edge
steam	PE:6a70a6d9:02711000	inventory-eat-unit-contaminant-caption	0x839850	0x83988f	je	0x839c6a	conditional-or-direct-control-edge
steam	PE:6a70a6d9:02711000	inventory-eat-unit-contaminant-caption	0x839850	0x83989b	je	0x8398b5	conditional-or-direct-control-edge
steam	PE:6a70a6d9:02711000	inventory-eat-unit-contaminant-caption	0x839850	0x8398a0	je	0x8398ae	conditional-or-direct-control-edge
steam	PE:6a70a6d9:02711000	inventory-eat-unit-contaminant-caption	0x839850	0x8398a5	jne	0x8398b5	conditional-or-direct-control-edge
steam	PE:6a70a6d9:02711000	inventory-eat-unit-contaminant-caption	0x839850	0x8398ac	jmp	0x8398ba	conditional-or-direct-control-edge
steam	PE:6a70a6d9:02711000	inventory-eat-unit-contaminant-caption	0x839850	0x8398b3	jmp	0x8398ba	conditional-or-direct-control-edge
steam	PE:6a70a6d9:02711000	inventory-eat-unit-contaminant-caption	0x839850	0x839937	js	0x839b0e	conditional-or-direct-control-edge
steam	PE:6a70a6d9:02711000	inventory-eat-unit-contaminant-caption	0x839850	0x839958	jae	0x839b0e	conditional-or-direct-control-edge
steam	PE:6a70a6d9:02711000	inventory-eat-unit-contaminant-caption	0x839850	0x83997f	je	0x8399d4	conditional-or-direct-control-edge
steam	PE:6a70a6d9:02711000	inventory-eat-unit-contaminant-caption	0x839850	0x8399a3	jg	0x8399ae	conditional-or-direct-control-edge
steam	PE:6a70a6d9:02711000	inventory-eat-unit-contaminant-caption	0x839850	0x8399ac	jmp	0x8399b5	conditional-or-direct-control-edge
steam	PE:6a70a6d9:02711000	inventory-eat-unit-contaminant-caption	0x839850	0x8399c1	jbe	0x8399c6	conditional-or-direct-control-edge
steam	PE:6a70a6d9:02711000	inventory-eat-unit-contaminant-caption	0x839850	0x8399cf	jmp	0x839be7	conditional-or-direct-control-edge
steam	PE:6a70a6d9:02711000	inventory-eat-unit-contaminant-caption	0x839850	0x839a0c	jle	0x839be7	conditional-or-direct-control-edge
steam	PE:6a70a6d9:02711000	inventory-eat-unit-contaminant-caption	0x839850	0x839a1d	jae	0x839a3f	conditional-or-direct-control-edge
steam	PE:6a70a6d9:02711000	inventory-eat-unit-contaminant-caption	0x839850	0x839a3a	jmp	0x839be7	conditional-or-direct-control-edge
steam	PE:6a70a6d9:02711000	inventory-eat-unit-contaminant-caption	0x839850	0x839a53	jb	0x839c8f	conditional-or-direct-control-edge
steam	PE:6a70a6d9:02711000	inventory-eat-unit-contaminant-caption	0x839850	0x839a67	ja	0x839a88	conditional-or-direct-control-edge
steam	PE:6a70a6d9:02711000	inventory-eat-unit-contaminant-caption	0x839850	0x839a78	ja	0x839a88	conditional-or-direct-control-edge
steam	PE:6a70a6d9:02711000	inventory-eat-unit-contaminant-caption	0x839850	0x839aa6	jbe	0x839af5	conditional-or-direct-control-edge
steam	PE:6a70a6d9:02711000	inventory-eat-unit-contaminant-caption	0x839850	0x839ac6	jb	0x839ae4	conditional-or-direct-control-edge
steam	PE:6a70a6d9:02711000	inventory-eat-unit-contaminant-caption	0x839850	0x839adb	ja	0x839bd7	conditional-or-direct-control-edge
steam	PE:6a70a6d9:02711000	inventory-eat-unit-contaminant-caption	0x839850	0x839af0	jmp	0x839be7	conditional-or-direct-control-edge
steam	PE:6a70a6d9:02711000	inventory-eat-unit-contaminant-caption	0x839850	0x839b09	jmp	0x839be7	conditional-or-direct-control-edge
steam	PE:6a70a6d9:02711000	inventory-eat-unit-contaminant-caption	0x839850	0x839b16	jb	0x839b4b	conditional-or-direct-control-edge
steam	PE:6a70a6d9:02711000	inventory-eat-unit-contaminant-caption	0x839850	0x839b46	jmp	0x839be7	conditional-or-direct-control-edge
steam	PE:6a70a6d9:02711000	inventory-eat-unit-contaminant-caption	0x839850	0x839b64	ja	0x839b76	conditional-or-direct-control-edge
steam	PE:6a70a6d9:02711000	inventory-eat-unit-contaminant-caption	0x839850	0x839bac	jbe	0x839be3	conditional-or-direct-control-edge
steam	PE:6a70a6d9:02711000	inventory-eat-unit-contaminant-caption	0x839850	0x839bc0	jb	0x839bde	conditional-or-direct-control-edge
steam	PE:6a70a6d9:02711000	inventory-eat-unit-contaminant-caption	0x839850	0x839bd5	jbe	0x839bde	conditional-or-direct-control-edge
steam	PE:6a70a6d9:02711000	inventory-eat-unit-contaminant-caption	0x839850	0x839c34	jbe	0x839c6a	conditional-or-direct-control-edge
steam	PE:6a70a6d9:02711000	inventory-eat-unit-contaminant-caption	0x839850	0x839c47	jb	0x839c65	conditional-or-direct-control-edge
steam	PE:6a70a6d9:02711000	inventory-eat-unit-contaminant-caption	0x839850	0x839c5c	jbe	0x839c65	conditional-or-direct-control-edge
steam	PE:6a70a6d9:02711000	inventory-eat-item-contaminant-caption	0x839ca0	0x839cc4	je	0x839e22	conditional-or-direct-control-edge
steam	PE:6a70a6d9:02711000	inventory-eat-item-contaminant-caption	0x839ca0	0x839ccf	je	0x839e22	conditional-or-direct-control-edge
steam	PE:6a70a6d9:02711000	inventory-eat-item-contaminant-caption	0x839ca0	0x839cdc	je	0x839e22	conditional-or-direct-control-edge
steam	PE:6a70a6d9:02711000	inventory-eat-item-contaminant-caption	0x839ca0	0x839ce8	je	0x839d02	conditional-or-direct-control-edge
steam	PE:6a70a6d9:02711000	inventory-eat-item-contaminant-caption	0x839ca0	0x839ced	je	0x839cfb	conditional-or-direct-control-edge
steam	PE:6a70a6d9:02711000	inventory-eat-item-contaminant-caption	0x839ca0	0x839cf2	jne	0x839d02	conditional-or-direct-control-edge
steam	PE:6a70a6d9:02711000	inventory-eat-item-contaminant-caption	0x839ca0	0x839cf9	jmp	0x839d07	conditional-or-direct-control-edge
steam	PE:6a70a6d9:02711000	inventory-eat-item-contaminant-caption	0x839ca0	0x839d00	jmp	0x839d07	conditional-or-direct-control-edge
steam	PE:6a70a6d9:02711000	inventory-eat-item-contaminant-caption	0x839ca0	0x839deb	jbe	0x839e22	conditional-or-direct-control-edge
steam	PE:6a70a6d9:02711000	inventory-eat-item-contaminant-caption	0x839ca0	0x839dff	jb	0x839e1d	conditional-or-direct-control-edge
steam	PE:6a70a6d9:02711000	inventory-eat-item-contaminant-caption	0x839ca0	0x839e14	jbe	0x839e1d	conditional-or-direct-control-edge
steam	PE:6a70a6d9:02711000	put-target-options-builder	0x899370	0x8993b2	je	0x8993ff	conditional-or-direct-control-edge
steam	PE:6a70a6d9:02711000	put-target-options-builder	0x899370	0x8993c5	jae	0x899423	conditional-or-direct-control-edge
steam	PE:6a70a6d9:02711000	put-target-options-builder	0x899370	0x8993d3	jne	0x8993e3	conditional-or-direct-control-edge
steam	PE:6a70a6d9:02711000	put-target-options-builder	0x899370	0x8993e1	jne	0x8993e9	conditional-or-direct-control-edge
steam	PE:6a70a6d9:02711000	put-target-options-builder	0x899370	0x8993e7	jmp	0x8993c2	conditional-or-direct-control-edge
steam	PE:6a70a6d9:02711000	put-target-options-builder	0x899370	0x8993fd	jmp	0x899423	conditional-or-direct-control-edge
steam	PE:6a70a6d9:02711000	put-target-options-builder	0x899370	0x899445	je	0x89962e	conditional-or-direct-control-edge
steam	PE:6a70a6d9:02711000	put-target-options-builder	0x899370	0x899488	je	0x8994cb	conditional-or-direct-control-edge
steam	PE:6a70a6d9:02711000	put-target-options-builder	0x899370	0x8994a2	js	0x8994cb	conditional-or-direct-control-edge
steam	PE:6a70a6d9:02711000	put-target-options-builder	0x899370	0x8994ba	je	0x8994c8	conditional-or-direct-control-edge
steam	PE:6a70a6d9:02711000	put-target-options-builder	0x899370	0x8994c4	jns	0x8994b2	conditional-or-direct-control-edge
steam	PE:6a70a6d9:02711000	put-target-options-builder	0x899370	0x8994c6	jmp	0x8994cb	conditional-or-direct-control-edge
steam	PE:6a70a6d9:02711000	put-target-options-builder	0x899370	0x8994e7	jae	0x89950d	conditional-or-direct-control-edge
steam	PE:6a70a6d9:02711000	put-target-options-builder	0x899370	0x8994f5	jne	0x899504	conditional-or-direct-control-edge
steam	PE:6a70a6d9:02711000	put-target-options-builder	0x899370	0x899502	je	0x89950a	conditional-or-direct-control-edge
steam	PE:6a70a6d9:02711000	put-target-options-builder	0x899370	0x899508	jmp	0x8994e4	conditional-or-direct-control-edge
steam	PE:6a70a6d9:02711000	put-target-options-builder	0x899370	0x89953d	jl	0x8995d6	conditional-or-direct-control-edge
steam	PE:6a70a6d9:02711000	put-target-options-builder	0x899370	0x899546	je	0x8995d6	conditional-or-direct-control-edge
steam	PE:6a70a6d9:02711000	put-target-options-builder	0x899370	0x8995bb	je	0x8995c7	conditional-or-direct-control-edge
steam	PE:6a70a6d9:02711000	put-target-options-builder	0x899370	0x8995c5	jmp	0x8995d6	conditional-or-direct-control-edge
steam	PE:6a70a6d9:02711000	put-target-options-builder	0x899370	0x899628	jb	0x899450	conditional-or-direct-control-edge
steam	PE:6a70a6d9:02711000	put-target-options-builder	0x899370	0x89964a	jae	0x899908	conditional-or-direct-control-edge
steam	PE:6a70a6d9:02711000	put-target-options-builder	0x899370	0x89965b	jne	0x8998ff	conditional-or-direct-control-edge
steam	PE:6a70a6d9:02711000	put-target-options-builder	0x899370	0x89966d	je	0x8998ff	conditional-or-direct-control-edge
steam	PE:6a70a6d9:02711000	put-target-options-builder	0x899370	0x899677	je	0x8998ff	conditional-or-direct-control-edge
steam	PE:6a70a6d9:02711000	put-target-options-builder	0x899370	0x899684	je	0x8998ff	conditional-or-direct-control-edge
steam	PE:6a70a6d9:02711000	put-target-options-builder	0x899370	0x89969e	je	0x8996f4	conditional-or-direct-control-edge
steam	PE:6a70a6d9:02711000	put-target-options-builder	0x899370	0x8996b3	jae	0x8996eb	conditional-or-direct-control-edge
steam	PE:6a70a6d9:02711000	put-target-options-builder	0x899370	0x8996c1	jne	0x8996d1	conditional-or-direct-control-edge
steam	PE:6a70a6d9:02711000	put-target-options-builder	0x899370	0x8996cf	jne	0x8996d7	conditional-or-direct-control-edge
steam	PE:6a70a6d9:02711000	put-target-options-builder	0x899370	0x8996d5	jmp	0x8996b0	conditional-or-direct-control-edge
steam	PE:6a70a6d9:02711000	put-target-options-builder	0x899370	0x8996f2	jmp	0x899718	conditional-or-direct-control-edge
steam	PE:6a70a6d9:02711000	put-target-options-builder	0x899370	0x89974f	je	0x8998ff	conditional-or-direct-control-edge
steam	PE:6a70a6d9:02711000	put-target-options-builder	0x899370	0x899760	jne	0x899846	conditional-or-direct-control-edge
steam	PE:6a70a6d9:02711000	put-target-options-builder	0x899370	0x899783	jae	0x8997a0	conditional-or-direct-control-edge
steam	PE:6a70a6d9:02711000	put-target-options-builder	0x899370	0x899788	je	0x899790	conditional-or-direct-control-edge
steam	PE:6a70a6d9:02711000	put-target-options-builder	0x899370	0x89978e	jmp	0x899780	conditional-or-direct-control-edge
steam	PE:6a70a6d9:02711000	put-target-options-builder	0x899370	0x89979a	jne	0x899846	conditional-or-direct-control-edge
steam	PE:6a70a6d9:02711000	put-target-options-builder	0x899370	0x8997b4	jae	0x8997cd	conditional-or-direct-control-edge
steam	PE:6a70a6d9:02711000	put-target-options-builder	0x899370	0x8997b9	je	0x8997c1	conditional-or-direct-control-edge
steam	PE:6a70a6d9:02711000	put-target-options-builder	0x899370	0x8997bf	jmp	0x8997b1	conditional-or-direct-control-edge
steam	PE:6a70a6d9:02711000	put-target-options-builder	0x899370	0x8997cb	jne	0x899846	conditional-or-direct-control-edge
steam	PE:6a70a6d9:02711000	put-target-options-builder	0x899370	0x8997e3	jae	0x8997fc	conditional-or-direct-control-edge
steam	PE:6a70a6d9:02711000	put-target-options-builder	0x899370	0x8997e8	je	0x8997f0	conditional-or-direct-control-edge
steam	PE:6a70a6d9:02711000	put-target-options-builder	0x899370	0x8997ee	jmp	0x8997e0	conditional-or-direct-control-edge
steam	PE:6a70a6d9:02711000	put-target-options-builder	0x899370	0x8997fa	jne	0x899846	conditional-or-direct-control-edge
steam	PE:6a70a6d9:02711000	put-target-options-builder	0x899370	0x899813	jae	0x89982c	conditional-or-direct-control-edge
steam	PE:6a70a6d9:02711000	put-target-options-builder	0x899370	0x899818	je	0x899820	conditional-or-direct-control-edge
steam	PE:6a70a6d9:02711000	put-target-options-builder	0x899370	0x89981e	jmp	0x899810	conditional-or-direct-control-edge
steam	PE:6a70a6d9:02711000	put-target-options-builder	0x899370	0x89982a	jne	0x899846	conditional-or-direct-control-edge
steam	PE:6a70a6d9:02711000	put-target-options-builder	0x899370	0x899840	jne	0x8998ff	conditional-or-direct-control-edge
steam	PE:6a70a6d9:02711000	put-target-options-builder	0x899370	0x89984e	jle	0x8998ff	conditional-or-direct-control-edge
steam	PE:6a70a6d9:02711000	put-target-options-builder	0x899370	0x89985f	je	0x8998ff	conditional-or-direct-control-edge
steam	PE:6a70a6d9:02711000	put-target-options-builder	0x899370	0x8998e0	je	0x8998f3	conditional-or-direct-control-edge
steam	PE:6a70a6d9:02711000	put-target-options-builder	0x899370	0x8998ee	jmp	0x899647	conditional-or-direct-control-edge
steam	PE:6a70a6d9:02711000	put-target-options-builder	0x899370	0x899903	jmp	0x899647	conditional-or-direct-control-edge
steam	PE:6a70a6d9:02711000	put-target-options-builder	0x899370	0x899923	jae	0x899a6b	conditional-or-direct-control-edge
steam	PE:6a70a6d9:02711000	put-target-options-builder	0x899370	0x899963	je	0x899a62	conditional-or-direct-control-edge
steam	PE:6a70a6d9:02711000	put-target-options-builder	0x899370	0x899988	jne	0x899a62	conditional-or-direct-control-edge
steam	PE:6a70a6d9:02711000	put-target-options-builder	0x899370	0x89999d	je	0x8999b7	conditional-or-direct-control-edge
steam	PE:6a70a6d9:02711000	put-target-options-builder	0x899370	0x8999a2	je	0x8999b7	conditional-or-direct-control-edge
steam	PE:6a70a6d9:02711000	put-target-options-builder	0x899370	0x8999a7	je	0x8999b7	conditional-or-direct-control-edge
steam	PE:6a70a6d9:02711000	put-target-options-builder	0x899370	0x8999ac	je	0x8999b7	conditional-or-direct-control-edge
steam	PE:6a70a6d9:02711000	put-target-options-builder	0x899370	0x8999b1	jne	0x899a62	conditional-or-direct-control-edge
steam	PE:6a70a6d9:02711000	put-target-options-builder	0x899370	0x899a40	je	0x899a53	conditional-or-direct-control-edge
steam	PE:6a70a6d9:02711000	put-target-options-builder	0x899370	0x899a4e	jmp	0x899920	conditional-or-direct-control-edge
steam	PE:6a70a6d9:02711000	put-target-options-builder	0x899370	0x899a66	jmp	0x899920	conditional-or-direct-control-edge
steam	PE:6a70a6d9:02711000	put-target-options-builder	0x899370	0x899a83	jae	0x899bf7	conditional-or-direct-control-edge
steam	PE:6a70a6d9:02711000	put-target-options-builder	0x899370	0x899a90	je	0x899bee	conditional-or-direct-control-edge
steam	PE:6a70a6d9:02711000	put-target-options-builder	0x899370	0x899acd	je	0x899bee	conditional-or-direct-control-edge
steam	PE:6a70a6d9:02711000	put-target-options-builder	0x899370	0x899ad9	je	0x899bee	conditional-or-direct-control-edge
steam	PE:6a70a6d9:02711000	put-target-options-builder	0x899370	0x899af3	jae	0x899b1b	conditional-or-direct-control-edge
steam	PE:6a70a6d9:02711000	put-target-options-builder	0x899370	0x899b01	jne	0x899b15	conditional-or-direct-control-edge
steam	PE:6a70a6d9:02711000	put-target-options-builder	0x899370	0x899b0f	je	0x899bee	conditional-or-direct-control-edge
steam	PE:6a70a6d9:02711000	put-target-options-builder	0x899370	0x899b19	jmp	0x899af0	conditional-or-direct-control-edge
steam	PE:6a70a6d9:02711000	put-target-options-builder	0x899370	0x899b36	jl	0x899bee	conditional-or-direct-control-edge
steam	PE:6a70a6d9:02711000	put-target-options-builder	0x899370	0x899bcc	je	0x899bdf	conditional-or-direct-control-edge
steam	PE:6a70a6d9:02711000	put-target-options-builder	0x899370	0x899bda	jmp	0x899a80	conditional-or-direct-control-edge
steam	PE:6a70a6d9:02711000	put-target-options-builder	0x899370	0x899bf2	jmp	0x899a80	conditional-or-direct-control-edge
steam	PE:6a70a6d9:02711000	put-nested-container-options-builder	0x899c10	0x899c32	je	0x899dd9	conditional-or-direct-control-edge
steam	PE:6a70a6d9:02711000	put-nested-container-options-builder	0x899c10	0x899c5d	je	0x899dcf	conditional-or-direct-control-edge
steam	PE:6a70a6d9:02711000	put-nested-container-options-builder	0x899c10	0x899c7f	jne	0x899d98	conditional-or-direct-control-edge
steam	PE:6a70a6d9:02711000	put-nested-container-options-builder	0x899c10	0x899c99	je	0x899d98	conditional-or-direct-control-edge
steam	PE:6a70a6d9:02711000	put-nested-container-options-builder	0x899c10	0x899cb5	jae	0x899cdb	conditional-or-direct-control-edge
steam	PE:6a70a6d9:02711000	put-nested-container-options-builder	0x899c10	0x899cc3	jne	0x899cd2	conditional-or-direct-control-edge
steam	PE:6a70a6d9:02711000	put-nested-container-options-builder	0x899c10	0x899cd0	je	0x899cd8	conditional-or-direct-control-edge
steam	PE:6a70a6d9:02711000	put-nested-container-options-builder	0x899c10	0x899cd6	jmp	0x899cb2	conditional-or-direct-control-edge
steam	PE:6a70a6d9:02711000	put-nested-container-options-builder	0x899c10	0x899cf5	jl	0x899d69	conditional-or-direct-control-edge
steam	PE:6a70a6d9:02711000	put-nested-container-options-builder	0x899c10	0x899cfa	je	0x899d69	conditional-or-direct-control-edge
steam	PE:6a70a6d9:02711000	put-nested-container-options-builder	0x899c10	0x899d50	je	0x899d5c	conditional-or-direct-control-edge
steam	PE:6a70a6d9:02711000	put-nested-container-options-builder	0x899c10	0x899d5a	jmp	0x899d69	conditional-or-direct-control-edge
steam	PE:6a70a6d9:02711000	put-nested-container-options-builder	0x899c10	0x899db7	jb	0x899c72	conditional-or-direct-control-edge
steam	PE:6a70a6d9:02711000	inventory-options-builder	0x860040	0x86007c	je	0x8600d1	conditional-or-direct-control-edge
steam	PE:6a70a6d9:02711000	inventory-options-builder	0x860040	0x860093	jae	0x8600cb	conditional-or-direct-control-edge
steam	PE:6a70a6d9:02711000	inventory-options-builder	0x860040	0x8600a1	jne	0x8600b1	conditional-or-direct-control-edge
steam	PE:6a70a6d9:02711000	inventory-options-builder	0x860040	0x8600af	jne	0x8600b7	conditional-or-direct-control-edge
steam	PE:6a70a6d9:02711000	inventory-options-builder	0x860040	0x8600b5	jmp	0x860090	conditional-or-direct-control-edge
steam	PE:6a70a6d9:02711000	inventory-options-builder	0x860040	0x8600cf	jmp	0x8600f2	conditional-or-direct-control-edge
steam	PE:6a70a6d9:02711000	inventory-options-builder	0x860040	0x860104	jle	0x860126	conditional-or-direct-control-edge
steam	PE:6a70a6d9:02711000	inventory-options-builder	0x860040	0x860111	je	0x860126	conditional-or-direct-control-edge
steam	PE:6a70a6d9:02711000	inventory-options-builder	0x860040	0x86011e	jne	0x86038e	conditional-or-direct-control-edge
steam	PE:6a70a6d9:02711000	inventory-options-builder	0x860040	0x860124	jmp	0x86014f	conditional-or-direct-control-edge
steam	PE:6a70a6d9:02711000	inventory-options-builder	0x860040	0x860138	jne	0x86038e	conditional-or-direct-control-edge
steam	PE:6a70a6d9:02711000	inventory-options-builder	0x860040	0x860149	je	0x86038e	conditional-or-direct-control-edge
steam	PE:6a70a6d9:02711000	inventory-options-builder	0x860040	0x860167	jae	0x86038b	conditional-or-direct-control-edge
steam	PE:6a70a6d9:02711000	inventory-options-builder	0x860040	0x860177	je	0x860382	conditional-or-direct-control-edge
steam	PE:6a70a6d9:02711000	inventory-options-builder	0x860040	0x860188	jne	0x860382	conditional-or-direct-control-edge
steam	PE:6a70a6d9:02711000	inventory-options-builder	0x860040	0x860197	jle	0x860382	conditional-or-direct-control-edge
steam	PE:6a70a6d9:02711000	inventory-options-builder	0x860040	0x8601a7	je	0x860382	conditional-or-direct-control-edge
steam	PE:6a70a6d9:02711000	inventory-options-builder	0x860040	0x8601c5	jg	0x860382	conditional-or-direct-control-edge
steam	PE:6a70a6d9:02711000	inventory-options-builder	0x860040	0x8601e3	jg	0x860382	conditional-or-direct-control-edge
steam	PE:6a70a6d9:02711000	inventory-options-builder	0x860040	0x8601f1	jne	0x860382	conditional-or-direct-control-edge
steam	PE:6a70a6d9:02711000	inventory-options-builder	0x860040	0x86020a	js	0x860382	conditional-or-direct-control-edge
steam	PE:6a70a6d9:02711000	inventory-options-builder	0x860040	0x86022b	jae	0x860382	conditional-or-direct-control-edge
steam	PE:6a70a6d9:02711000	inventory-options-builder	0x860040	0x860234	js	0x860382	conditional-or-direct-control-edge
steam	PE:6a70a6d9:02711000	inventory-options-builder	0x860040	0x860256	jae	0x860382	conditional-or-direct-control-edge
steam	PE:6a70a6d9:02711000	inventory-options-builder	0x860040	0x860263	je	0x860382	conditional-or-direct-control-edge
steam	PE:6a70a6d9:02711000	inventory-options-builder	0x860040	0x860274	je	0x860382	conditional-or-direct-control-edge
steam	PE:6a70a6d9:02711000	inventory-options-builder	0x860040	0x860290	je	0x86037e	conditional-or-direct-control-edge
steam	PE:6a70a6d9:02711000	inventory-options-builder	0x860040	0x86029d	jle	0x8602b0	conditional-or-direct-control-edge
steam	PE:6a70a6d9:02711000	inventory-options-builder	0x860040	0x8602aa	je	0x8602b0	conditional-or-direct-control-edge
steam	PE:6a70a6d9:02711000	inventory-options-builder	0x860040	0x8602ae	jmp	0x8602b2	conditional-or-direct-control-edge
steam	PE:6a70a6d9:02711000	inventory-options-builder	0x860040	0x8602b4	je	0x86037e	conditional-or-direct-control-edge
steam	PE:6a70a6d9:02711000	inventory-options-builder	0x860040	0x860352	je	0x86036d	conditional-or-direct-control-edge
steam	PE:6a70a6d9:02711000	inventory-options-builder	0x860040	0x860368	jmp	0x860164	conditional-or-direct-control-edge
steam	PE:6a70a6d9:02711000	inventory-options-builder	0x860040	0x860386	jmp	0x860164	conditional-or-direct-control-edge
steam	PE:6a70a6d9:02711000	inventory-options-builder	0x860040	0x8603ae	je	0x860e34	conditional-or-direct-control-edge
steam	PE:6a70a6d9:02711000	inventory-options-builder	0x860040	0x8603f6	ja	0x8604c0	conditional-or-direct-control-edge
steam	PE:6a70a6d9:02711000	inventory-options-builder	0x860040	0x8603ff	jae	0x8604c0	conditional-or-direct-control-edge
steam	PE:6a70a6d9:02711000	inventory-options-builder	0x860040	0x860421	ja	0x860435	conditional-or-direct-control-edge
steam	PE:6a70a6d9:02711000	inventory-options-builder	0x860040	0x860430	jmp	rcx	indirect-control-edge
steam	PE:6a70a6d9:02711000	inventory-options-builder	0x860040	0x86043c	je	0x860681	conditional-or-direct-control-edge
steam	PE:6a70a6d9:02711000	inventory-options-builder	0x860040	0x860472	je	0x8604b9	conditional-or-direct-control-edge
steam	PE:6a70a6d9:02711000	inventory-options-builder	0x860040	0x86048c	js	0x8604b9	conditional-or-direct-control-edge
steam	PE:6a70a6d9:02711000	inventory-options-builder	0x860040	0x8604a8	je	0x8604b6	conditional-or-direct-control-edge
steam	PE:6a70a6d9:02711000	inventory-options-builder	0x860040	0x8604b2	jns	0x8604a0	conditional-or-direct-control-edge
steam	PE:6a70a6d9:02711000	inventory-options-builder	0x860040	0x8604b4	jmp	0x8604b9	conditional-or-direct-control-edge
steam	PE:6a70a6d9:02711000	inventory-options-builder	0x860040	0x8604c3	jne	0x860681	conditional-or-direct-control-edge
steam	PE:6a70a6d9:02711000	inventory-options-builder	0x860040	0x8604e5	ja	0x8604f9	conditional-or-direct-control-edge
steam	PE:6a70a6d9:02711000	inventory-options-builder	0x860040	0x8604f4	jmp	rcx	indirect-control-edge
steam	PE:6a70a6d9:02711000	inventory-options-builder	0x860040	0x86052d	je	0x860d6f	conditional-or-direct-control-edge
steam	PE:6a70a6d9:02711000	inventory-options-builder	0x860040	0x86054b	js	0x860578	conditional-or-direct-control-edge
steam	PE:6a70a6d9:02711000	inventory-options-builder	0x860040	0x860568	je	0x860679	conditional-or-direct-control-edge
steam	PE:6a70a6d9:02711000	inventory-options-builder	0x860040	0x860576	jns	0x860560	conditional-or-direct-control-edge
steam	PE:6a70a6d9:02711000	inventory-options-builder	0x860040	0x860595	jne	0x860d6b	conditional-or-direct-control-edge
steam	PE:6a70a6d9:02711000	inventory-options-builder	0x860040	0x86061f	je	0x860d60	conditional-or-direct-control-edge
steam	PE:6a70a6d9:02711000	inventory-options-builder	0x860040	0x860630	jbe	0x86063c	conditional-or-direct-control-edge
steam	PE:6a70a6d9:02711000	inventory-options-builder	0x860040	0x860636	jne	0x860d60	conditional-or-direct-control-edge
steam	PE:6a70a6d9:02711000	inventory-options-builder	0x860040	0x860654	je	0x860d73	conditional-or-direct-control-edge
steam	PE:6a70a6d9:02711000	inventory-options-builder	0x860040	0x86065d	ja	0x860d73	conditional-or-direct-control-edge
steam	PE:6a70a6d9:02711000	inventory-options-builder	0x860040	0x860677	jmp	rcx	indirect-control-edge
steam	PE:6a70a6d9:02711000	inventory-options-builder	0x860040	0x86067c	jmp	0x86057c	conditional-or-direct-control-edge
steam	PE:6a70a6d9:02711000	inventory-options-builder	0x860040	0x860684	jne	0x860750	conditional-or-direct-control-edge
steam	PE:6a70a6d9:02711000	inventory-options-builder	0x860040	0x8606d2	je	0x860719	conditional-or-direct-control-edge
steam	PE:6a70a6d9:02711000	inventory-options-builder	0x860040	0x8606ec	js	0x860719	conditional-or-direct-control-edge
steam	PE:6a70a6d9:02711000	inventory-options-builder	0x860040	0x860708	je	0x860716	conditional-or-direct-control-edge
steam	PE:6a70a6d9:02711000	inventory-options-builder	0x860040	0x860712	jns	0x860700	conditional-or-direct-control-edge
steam	PE:6a70a6d9:02711000	inventory-options-builder	0x860040	0x860714	jmp	0x860719	conditional-or-direct-control-edge
steam	PE:6a70a6d9:02711000	inventory-options-builder	0x860040	0x860721	je	0x860651	conditional-or-direct-control-edge
steam	PE:6a70a6d9:02711000	inventory-options-builder	0x860040	0x86072a	je	0x860651	conditional-or-direct-control-edge
steam	PE:6a70a6d9:02711000	inventory-options-builder	0x860040	0x860733	je	0x860651	conditional-or-direct-control-edge
steam	PE:6a70a6d9:02711000	inventory-options-builder	0x860040	0x86073c	je	0x860651	conditional-or-direct-control-edge
steam	PE:6a70a6d9:02711000	inventory-options-builder	0x860040	0x860745	je	0x860651	conditional-or-direct-control-edge
steam	PE:6a70a6d9:02711000	inventory-options-builder	0x860040	0x86074b	jmp	0x860d73	conditional-or-direct-control-edge
steam	PE:6a70a6d9:02711000	inventory-options-builder	0x860040	0x860753	jne	0x86064f	conditional-or-direct-control-edge
steam	PE:6a70a6d9:02711000	inventory-options-builder	0x860040	0x860775	ja	0x860789	conditional-or-direct-control-edge
steam	PE:6a70a6d9:02711000	inventory-options-builder	0x860040	0x860784	jmp	rcx	indirect-control-edge
steam	PE:6a70a6d9:02711000	inventory-options-builder	0x860040	0x8607c3	je	0x860651	conditional-or-direct-control-edge
steam	PE:6a70a6d9:02711000	inventory-options-builder	0x860040	0x8607e1	js	0x860651	conditional-or-direct-control-edge
steam	PE:6a70a6d9:02711000	inventory-options-builder	0x860040	0x860808	je	0x860d73	conditional-or-direct-control-edge
steam	PE:6a70a6d9:02711000	inventory-options-builder	0x860040	0x860816	jns	0x860800	conditional-or-direct-control-edge
steam	PE:6a70a6d9:02711000	inventory-options-builder	0x860040	0x860818	jmp	0x860651	conditional-or-direct-control-edge
steam	PE:6a70a6d9:02711000	inventory-options-builder	0x860040	0x860897	je	0x8608a6	conditional-or-direct-control-edge
steam	PE:6a70a6d9:02711000	inventory-options-builder	0x860040	0x8608a1	jmp	0x860d73	conditional-or-direct-control-edge
steam	PE:6a70a6d9:02711000	inventory-options-builder	0x860040	0x8608b2	jmp	0x860d73	conditional-or-direct-control-edge
steam	PE:6a70a6d9:02711000	inventory-options-builder	0x860040	0x86092f	je	0x86093e	conditional-or-direct-control-edge
steam	PE:6a70a6d9:02711000	inventory-options-builder	0x860040	0x860939	jmp	0x860d73	conditional-or-direct-control-edge
steam	PE:6a70a6d9:02711000	inventory-options-builder	0x860040	0x860947	jmp	0x860d73	conditional-or-direct-control-edge
steam	PE:6a70a6d9:02711000	inventory-options-builder	0x860040	0x8609c8	je	0x86093e	conditional-or-direct-control-edge
steam	PE:6a70a6d9:02711000	inventory-options-builder	0x860040	0x8609d6	jmp	0x860d73	conditional-or-direct-control-edge
steam	PE:6a70a6d9:02711000	inventory-options-builder	0x860040	0x8609fd	jmp	0x86096e	conditional-or-direct-control-edge
steam	PE:6a70a6d9:02711000	inventory-options-builder	0x860040	0x860a5e	jmp	0x8609a8	conditional-or-direct-control-edge
steam	PE:6a70a6d9:02711000	inventory-options-builder	0x860040	0x860aa3	je	0x860b6a	conditional-or-direct-control-edge
steam	PE:6a70a6d9:02711000	inventory-options-builder	0x860040	0x860b23	je	0x860b3c	conditional-or-direct-control-edge
steam	PE:6a70a6d9:02711000	inventory-options-builder	0x860040	0x860b54	je	0x860b60	conditional-or-direct-control-edge
steam	PE:6a70a6d9:02711000	inventory-options-builder	0x860040	0x860b5e	jmp	0x860b6a	conditional-or-direct-control-edge
steam	PE:6a70a6d9:02711000	inventory-options-builder	0x860040	0x860b73	jmp	0x860d73	conditional-or-direct-control-edge
steam	PE:6a70a6d9:02711000	inventory-options-builder	0x860040	0x860b9a	jmp	0x86096e	conditional-or-direct-control-edge
steam	PE:6a70a6d9:02711000	inventory-options-builder	0x860040	0x860bff	je	0x860cc6	conditional-or-direct-control-edge
steam	PE:6a70a6d9:02711000	inventory-options-builder	0x860040	0x860c7f	je	0x860c98	conditional-or-direct-control-edge
steam	PE:6a70a6d9:02711000	inventory-options-builder	0x860040	0x860cb0	je	0x860cbc	conditional-or-direct-control-edge
steam	PE:6a70a6d9:02711000	inventory-options-builder	0x860040	0x860cba	jmp	0x860cc6	conditional-or-direct-control-edge
steam	PE:6a70a6d9:02711000	inventory-options-builder	0x860040	0x860ccf	jmp	0x860d73	conditional-or-direct-control-edge
steam	PE:6a70a6d9:02711000	inventory-options-builder	0x860040	0x860d50	je	0x86093e	conditional-or-direct-control-edge
steam	PE:6a70a6d9:02711000	inventory-options-builder	0x860040	0x860d5e	jmp	0x860d73	conditional-or-direct-control-edge
steam	PE:6a70a6d9:02711000	inventory-options-builder	0x860040	0x860de0	jl	0x8603f0	conditional-or-direct-control-edge
steam	PE:6a70a6d9:02711000	inventory-options-builder	0x860040	0x860e26	jb	0x8603d0	conditional-or-direct-control-edge
steam	PE:6a70a6d9:02711000	inventory-options-builder	0x860040	0x860e53	je	0x860f0c	conditional-or-direct-control-edge
steam	PE:6a70a6d9:02711000	inventory-options-builder	0x860040	0x860ebc	je	0x860ec9	conditional-or-direct-control-edge
steam	PE:6a70a6d9:02711000	inventory-options-builder	0x860040	0x860ec7	jmp	0x860edd	conditional-or-direct-control-edge
steam	PE:6a70a6d9:02711000	inventory-options-builder	0x860040	0x860f02	jb	0x860e63	conditional-or-direct-control-edge
steam	PE:6a70a6d9:02711000	inventory-options-builder	0x860040	0x860f28	je	0x861189	conditional-or-direct-control-edge
steam	PE:6a70a6d9:02711000	inventory-options-builder	0x860040	0x860f61	jl	0x861159	conditional-or-direct-control-edge
steam	PE:6a70a6d9:02711000	inventory-options-builder	0x860040	0x860f85	jg	0x861159	conditional-or-direct-control-edge
steam	PE:6a70a6d9:02711000	inventory-options-builder	0x860040	0x860f9e	jg	0x861159	conditional-or-direct-control-edge
steam	PE:6a70a6d9:02711000	inventory-options-builder	0x860040	0x860fad	jne	0x86115d	conditional-or-direct-control-edge
steam	PE:6a70a6d9:02711000	inventory-options-builder	0x860040	0x860fbc	jne	0x86115d	conditional-or-direct-control-edge
steam	PE:6a70a6d9:02711000	inventory-options-builder	0x860040	0x860fda	js	0x86115d	conditional-or-direct-control-edge
steam	PE:6a70a6d9:02711000	inventory-options-builder	0x860040	0x861002	je	0x861011	conditional-or-direct-control-edge
steam	PE:6a70a6d9:02711000	inventory-options-builder	0x860040	0x86100a	jns	0x860fe0	conditional-or-direct-control-edge
steam	PE:6a70a6d9:02711000	inventory-options-builder	0x860040	0x86100c	jmp	0x861159	conditional-or-direct-control-edge
steam	PE:6a70a6d9:02711000	inventory-options-builder	0x860040	0x861030	je	0x861159	conditional-or-direct-control-edge
steam	PE:6a70a6d9:02711000	inventory-options-builder	0x860040	0x86103a	je	0x861159	conditional-or-direct-control-edge
steam	PE:6a70a6d9:02711000	inventory-options-builder	0x860040	0x861052	js	0x861159	conditional-or-direct-control-edge
steam	PE:6a70a6d9:02711000	inventory-options-builder	0x860040	0x861071	jne	0x86114b	conditional-or-direct-control-edge
steam	PE:6a70a6d9:02711000	inventory-options-builder	0x860040	0x86108b	je	0x86114b	conditional-or-direct-control-edge
steam	PE:6a70a6d9:02711000	inventory-options-builder	0x860040	0x861133	je	0x86113f	conditional-or-direct-control-edge
steam	PE:6a70a6d9:02711000	inventory-options-builder	0x860040	0x86113d	jmp	0x86114b	conditional-or-direct-control-edge
steam	PE:6a70a6d9:02711000	inventory-options-builder	0x860040	0x86114f	jns	0x861060	conditional-or-direct-control-edge
steam	PE:6a70a6d9:02711000	inventory-options-builder	0x860040	0x861180	jb	0x860f40	conditional-or-direct-control-edge
steam	PE:6a70a6d9:02711000	inventory-options-builder	0x860040	0x86119a	jg	0x86196d	conditional-or-direct-control-edge
steam	PE:6a70a6d9:02711000	inventory-options-builder	0x860040	0x8611c0	jg	0x861956	conditional-or-direct-control-edge
steam	PE:6a70a6d9:02711000	inventory-options-builder	0x860040	0x8611ca	js	0x861276	conditional-or-direct-control-edge
steam	PE:6a70a6d9:02711000	inventory-options-builder	0x860040	0x8611d7	jge	0x861276	conditional-or-direct-control-edge
steam	PE:6a70a6d9:02711000	inventory-options-builder	0x860040	0x8611e1	js	0x861276	conditional-or-direct-control-edge
steam	PE:6a70a6d9:02711000	inventory-options-builder	0x860040	0x8611ed	jge	0x861276	conditional-or-direct-control-edge
steam	PE:6a70a6d9:02711000	inventory-options-builder	0x860040	0x8611f6	js	0x861276	conditional-or-direct-control-edge
steam	PE:6a70a6d9:02711000	inventory-options-builder	0x860040	0x861201	jge	0x861276	conditional-or-direct-control-edge
steam	PE:6a70a6d9:02711000	inventory-options-builder	0x860040	0x86121d	je	0x861276	conditional-or-direct-control-edge
steam	PE:6a70a6d9:02711000	inventory-options-builder	0x860040	0x86123a	je	0x861276	conditional-or-direct-control-edge
steam	PE:6a70a6d9:02711000	inventory-options-builder	0x860040	0x861244	jge	0x86124d	conditional-or-direct-control-edge
steam	PE:6a70a6d9:02711000	inventory-options-builder	0x860040	0x86125f	jge	0x861268	conditional-or-direct-control-edge
steam	PE:6a70a6d9:02711000	inventory-options-builder	0x860040	0x861274	jmp	0x86127a	conditional-or-direct-control-edge
steam	PE:6a70a6d9:02711000	inventory-options-builder	0x860040	0x86127f	jne	0x86135d	conditional-or-direct-control-edge
steam	PE:6a70a6d9:02711000	inventory-options-builder	0x860040	0x86128a	jne	0x86135d	conditional-or-direct-control-edge
steam	PE:6a70a6d9:02711000	inventory-options-builder	0x860040	0x8612aa	jle	0x86135d	conditional-or-direct-control-edge
steam	PE:6a70a6d9:02711000	inventory-options-builder	0x860040	0x861338	je	0x861348	conditional-or-direct-control-edge
steam	PE:6a70a6d9:02711000	inventory-options-builder	0x860040	0x861346	jmp	0x861359	conditional-or-direct-control-edge
steam	PE:6a70a6d9:02711000	inventory-options-builder	0x860040	0x861377	jne	0x86193d	conditional-or-direct-control-edge
steam	PE:6a70a6d9:02711000	inventory-options-builder	0x860040	0x861393	jne	0x86193d	conditional-or-direct-control-edge
steam	PE:6a70a6d9:02711000	inventory-options-builder	0x860040	0x86139d	js	0x86165d	conditional-or-direct-control-edge
steam	PE:6a70a6d9:02711000	inventory-options-builder	0x860040	0x8613aa	jge	0x86165d	conditional-or-direct-control-edge
steam	PE:6a70a6d9:02711000	inventory-options-builder	0x860040	0x8613b4	js	0x86165d	conditional-or-direct-control-edge
steam	PE:6a70a6d9:02711000	inventory-options-builder	0x860040	0x8613c0	jge	0x86165d	conditional-or-direct-control-edge
steam	PE:6a70a6d9:02711000	inventory-options-builder	0x860040	0x8613c9	js	0x86165d	conditional-or-direct-control-edge
steam	PE:6a70a6d9:02711000	inventory-options-builder	0x860040	0x8613d8	jge	0x86165d	conditional-or-direct-control-edge
steam	PE:6a70a6d9:02711000	inventory-options-builder	0x860040	0x86140c	je	0x86165d	conditional-or-direct-control-edge
steam	PE:6a70a6d9:02711000	inventory-options-builder	0x860040	0x86141c	ja	0x86143e	conditional-or-direct-control-edge
steam	PE:6a70a6d9:02711000	inventory-options-builder	0x860040	0x86141e	je	0x861658	conditional-or-direct-control-edge
steam	PE:6a70a6d9:02711000	inventory-options-builder	0x860040	0x861427	je	0x861658	conditional-or-direct-control-edge
steam	PE:6a70a6d9:02711000	inventory-options-builder	0x860040	0x861433	je	0x861658	conditional-or-direct-control-edge
steam	PE:6a70a6d9:02711000	inventory-options-builder	0x860040	0x86143c	jmp	0x86144d	conditional-or-direct-control-edge
steam	PE:6a70a6d9:02711000	inventory-options-builder	0x860040	0x861444	je	0x861658	conditional-or-direct-control-edge
steam	PE:6a70a6d9:02711000	inventory-options-builder	0x860040	0x86144d	je	0x861658	conditional-or-direct-control-edge
steam	PE:6a70a6d9:02711000	inventory-options-builder	0x860040	0x861469	je	0x861658	conditional-or-direct-control-edge
steam	PE:6a70a6d9:02711000	inventory-options-builder	0x860040	0x861472	jne	0x8614c8	conditional-or-direct-control-edge
steam	PE:6a70a6d9:02711000	inventory-options-builder	0x860040	0x86148a	jne	0x86165d	conditional-or-direct-control-edge
steam	PE:6a70a6d9:02711000	inventory-options-builder	0x860040	0x8614a6	jne	0x86165d	conditional-or-direct-control-edge
steam	PE:6a70a6d9:02711000	inventory-options-builder	0x860040	0x8614c2	jne	0x86165d	conditional-or-direct-control-edge
steam	PE:6a70a6d9:02711000	inventory-options-builder	0x860040	0x8614cf	jge	0x861658	conditional-or-direct-control-edge
steam	PE:6a70a6d9:02711000	inventory-options-builder	0x860040	0x8614db	jge	0x861658	conditional-or-direct-control-edge
steam	PE:6a70a6d9:02711000	inventory-options-builder	0x860040	0x8614e7	jge	0x861658	conditional-or-direct-control-edge
steam	PE:6a70a6d9:02711000	inventory-options-builder	0x860040	0x861507	je	0x861658	conditional-or-direct-control-edge
steam	PE:6a70a6d9:02711000	inventory-options-builder	0x860040	0x861528	je	0x861658	conditional-or-direct-control-edge
steam	PE:6a70a6d9:02711000	inventory-options-builder	0x860040	0x861538	jge	0x861544	conditional-or-direct-control-edge
steam	PE:6a70a6d9:02711000	inventory-options-builder	0x860040	0x86154d	jge	0x861556	conditional-or-direct-control-edge
steam	PE:6a70a6d9:02711000	inventory-options-builder	0x860040	0x861579	je	0x86165d	conditional-or-direct-control-edge
steam	PE:6a70a6d9:02711000	inventory-options-builder	0x860040	0x861599	jle	0x86165d	conditional-or-direct-control-edge
steam	PE:6a70a6d9:02711000	inventory-options-builder	0x860040	0x86162f	je	0x861642	conditional-or-direct-control-edge
steam	PE:6a70a6d9:02711000	inventory-options-builder	0x860040	0x861640	jmp	0x86166a	conditional-or-direct-control-edge
steam	PE:6a70a6d9:02711000	inventory-options-builder	0x860040	0x861656	jmp	0x86166a	conditional-or-direct-control-edge
steam	PE:6a70a6d9:02711000	inventory-options-builder	0x860040	0x86165b	jmp	0x86166a	conditional-or-direct-control-edge
steam	PE:6a70a6d9:02711000	inventory-options-builder	0x860040	0x861664	js	0x861858	conditional-or-direct-control-edge
steam	PE:6a70a6d9:02711000	inventory-options-builder	0x860040	0x861671	jge	0x861858	conditional-or-direct-control-edge
steam	PE:6a70a6d9:02711000	inventory-options-builder	0x860040	0x86167b	js	0x861858	conditional-or-direct-control-edge
steam	PE:6a70a6d9:02711000	inventory-options-builder	0x860040	0x861687	jge	0x861858	conditional-or-direct-control-edge
steam	PE:6a70a6d9:02711000	inventory-options-builder	0x860040	0x861690	js	0x861858	conditional-or-direct-control-edge
steam	PE:6a70a6d9:02711000	inventory-options-builder	0x860040	0x86169f	jge	0x861858	conditional-or-direct-control-edge
steam	PE:6a70a6d9:02711000	inventory-options-builder	0x860040	0x8616bf	je	0x861858	conditional-or-direct-control-edge
steam	PE:6a70a6d9:02711000	inventory-options-builder	0x860040	0x8616e0	je	0x861854	conditional-or-direct-control-edge
steam	PE:6a70a6d9:02711000	inventory-options-builder	0x860040	0x8616f8	js	0x861854	conditional-or-direct-control-edge
steam	PE:6a70a6d9:02711000	inventory-options-builder	0x860040	0x861713	jne	0x861846	conditional-or-direct-control-edge
steam	PE:6a70a6d9:02711000	inventory-options-builder	0x860040	0x86172a	jge	0x861733	conditional-or-direct-control-edge
steam	PE:6a70a6d9:02711000	inventory-options-builder	0x860040	0x861740	jge	0x861749	conditional-or-direct-control-edge
steam	PE:6a70a6d9:02711000	inventory-options-builder	0x860040	0x861755	jb	0x861846	conditional-or-direct-control-edge
steam	PE:6a70a6d9:02711000	inventory-options-builder	0x860040	0x861760	je	0x861846	conditional-or-direct-control-edge
steam	PE:6a70a6d9:02711000	inventory-options-builder	0x860040	0x86180d	je	0x86181c	conditional-or-direct-control-edge
steam	PE:6a70a6d9:02711000	inventory-options-builder	0x860040	0x86181a	jmp	0x861832	conditional-or-direct-control-edge
steam	PE:6a70a6d9:02711000	inventory-options-builder	0x860040	0x861837	jne	0x861846	conditional-or-direct-control-edge
steam	PE:6a70a6d9:02711000	inventory-options-builder	0x860040	0x86184a	jns	0x861702	conditional-or-direct-control-edge
steam	PE:6a70a6d9:02711000	inventory-options-builder	0x860040	0x861863	je	0x861932	conditional-or-direct-control-edge
steam	PE:6a70a6d9:02711000	inventory-options-builder	0x860040	0x86186c	jne	0x861932	conditional-or-direct-control-edge
steam	PE:6a70a6d9:02711000	inventory-options-builder	0x860040	0x861907	je	0x86191b	conditional-or-direct-control-edge
steam	PE:6a70a6d9:02711000	inventory-options-builder	0x860040	0x861919	jmp	0x861940	conditional-or-direct-control-edge
steam	PE:6a70a6d9:02711000	inventory-options-builder	0x860040	0x861930	jmp	0x86193d	conditional-or-direct-control-edge
steam	PE:6a70a6d9:02711000	inventory-options-builder	0x860040	0x861950	jle	0x8611c6	conditional-or-direct-control-edge
steam	PE:6a70a6d9:02711000	inventory-options-builder	0x860040	0x861967	jle	0x8611b0	conditional-or-direct-control-edge
steam	PE:6a70a6d9:02711000	inventory-options-builder	0x860040	0x861990	je	0x861a51	conditional-or-direct-control-edge
steam	PE:6a70a6d9:02711000	inventory-options-builder	0x860040	0x8619fd	je	0x861a0c	conditional-or-direct-control-edge
steam	PE:6a70a6d9:02711000	inventory-options-builder	0x860040	0x861a0a	jmp	0x861a22	conditional-or-direct-control-edge
steam	PE:6a70a6d9:02711000	inventory-options-builder	0x860040	0x861a47	jb	0x8619a0	conditional-or-direct-control-edge
steam	PE:6a70a6d9:02711000	inventory-options-builder	0x860040	0x861a74	je	0x861c34	conditional-or-direct-control-edge
steam	PE:6a70a6d9:02711000	inventory-options-builder	0x860040	0x861a98	je	0x861c04	conditional-or-direct-control-edge
steam	PE:6a70a6d9:02711000	inventory-options-builder	0x860040	0x861aa9	je	0x861c04	conditional-or-direct-control-edge
steam	PE:6a70a6d9:02711000	inventory-options-builder	0x860040	0x861acf	jne	0x861c04	conditional-or-direct-control-edge
steam	PE:6a70a6d9:02711000	inventory-options-builder	0x860040	0x861af3	je	0x861c04	conditional-or-direct-control-edge
steam	PE:6a70a6d9:02711000	inventory-options-builder	0x860040	0x861b18	je	0x861c04	conditional-or-direct-control-edge
steam	PE:6a70a6d9:02711000	inventory-options-builder	0x860040	0x861b32	je	0x861c04	conditional-or-direct-control-edge
steam	PE:6a70a6d9:02711000	inventory-options-builder	0x860040	0x861bbd	je	0x861bc9	conditional-or-direct-control-edge
steam	PE:6a70a6d9:02711000	inventory-options-builder	0x860040	0x861bc7	jmp	0x861bd8	conditional-or-direct-control-edge
steam	PE:6a70a6d9:02711000	inventory-options-builder	0x860040	0x861bf6	jb	0x861b50	conditional-or-direct-control-edge
steam	PE:6a70a6d9:02711000	inventory-options-builder	0x860040	0x861c2e	jb	0x861a80	conditional-or-direct-control-edge
steam	PE:6a70a6d9:02711000	inventory-options-builder	0x860040	0x861c43	jae	0x861e16	conditional-or-direct-control-edge
steam	PE:6a70a6d9:02711000	inventory-options-builder	0x860040	0x861c5b	je	0x861e0d	conditional-or-direct-control-edge
steam	PE:6a70a6d9:02711000	inventory-options-builder	0x860040	0x861c73	jae	0x861c9d	conditional-or-direct-control-edge
steam	PE:6a70a6d9:02711000	inventory-options-builder	0x860040	0x861c84	jne	0x861c97	conditional-or-direct-control-edge
steam	PE:6a70a6d9:02711000	inventory-options-builder	0x860040	0x861c9b	jmp	0x861c70	conditional-or-direct-control-edge
steam	PE:6a70a6d9:02711000	inventory-options-builder	0x860040	0x861ca8	jae	0x861cd2	conditional-or-direct-control-edge
steam	PE:6a70a6d9:02711000	inventory-options-builder	0x860040	0x861cb9	jne	0x861ccc	conditional-or-direct-control-edge
steam	PE:6a70a6d9:02711000	inventory-options-builder	0x860040	0x861cd0	jmp	0x861ca5	conditional-or-direct-control-edge
steam	PE:6a70a6d9:02711000	inventory-options-builder	0x860040	0x861ce3	jae	0x861d0d	conditional-or-direct-control-edge
steam	PE:6a70a6d9:02711000	inventory-options-builder	0x860040	0x861cf4	jne	0x861d07	conditional-or-direct-control-edge
steam	PE:6a70a6d9:02711000	inventory-options-builder	0x860040	0x861d0b	jmp	0x861ce0	conditional-or-direct-control-edge
steam	PE:6a70a6d9:02711000	inventory-options-builder	0x860040	0x861d23	jae	0x861d4d	conditional-or-direct-control-edge
steam	PE:6a70a6d9:02711000	inventory-options-builder	0x860040	0x861d34	jne	0x861d47	conditional-or-direct-control-edge
steam	PE:6a70a6d9:02711000	inventory-options-builder	0x860040	0x861d4b	jmp	0x861d20	conditional-or-direct-control-edge
steam	PE:6a70a6d9:02711000	inventory-options-builder	0x860040	0x861d63	jae	0x861d8d	conditional-or-direct-control-edge
steam	PE:6a70a6d9:02711000	inventory-options-builder	0x860040	0x861d74	jne	0x861d87	conditional-or-direct-control-edge
steam	PE:6a70a6d9:02711000	inventory-options-builder	0x860040	0x861d8b	jmp	0x861d60	conditional-or-direct-control-edge
steam	PE:6a70a6d9:02711000	inventory-options-builder	0x860040	0x861da3	jae	0x861dcd	conditional-or-direct-control-edge
steam	PE:6a70a6d9:02711000	inventory-options-builder	0x860040	0x861db4	jne	0x861dc7	conditional-or-direct-control-edge
steam	PE:6a70a6d9:02711000	inventory-options-builder	0x860040	0x861dcb	jmp	0x861da0	conditional-or-direct-control-edge
steam	PE:6a70a6d9:02711000	inventory-options-builder	0x860040	0x861de3	jae	0x861e0d	conditional-or-direct-control-edge
steam	PE:6a70a6d9:02711000	inventory-options-builder	0x860040	0x861df4	jne	0x861e07	conditional-or-direct-control-edge
steam	PE:6a70a6d9:02711000	inventory-options-builder	0x860040	0x861e0b	jmp	0x861de0	conditional-or-direct-control-edge
steam	PE:6a70a6d9:02711000	inventory-options-builder	0x860040	0x861e11	jmp	0x861c40	conditional-or-direct-control-edge
steam	PE:6a70a6d9:02711000	inventory-contained-options-builder	0x861ec0	0x861ef8	je	0x8625b9	conditional-or-direct-control-edge
steam	PE:6a70a6d9:02711000	inventory-contained-options-builder	0x861ec0	0x861f1a	je	0x8625b9	conditional-or-direct-control-edge
steam	PE:6a70a6d9:02711000	inventory-contained-options-builder	0x861ec0	0x861f3d	jne	0x86258f	conditional-or-direct-control-edge
steam	PE:6a70a6d9:02711000	inventory-contained-options-builder	0x861ec0	0x861f57	je	0x86258f	conditional-or-direct-control-edge
steam	PE:6a70a6d9:02711000	inventory-contained-options-builder	0x861ec0	0x861f60	jne	0x862031	conditional-or-direct-control-edge
steam	PE:6a70a6d9:02711000	inventory-contained-options-builder	0x861ec0	0x861f7f	jne	0x862548	conditional-or-direct-control-edge
steam	PE:6a70a6d9:02711000	inventory-contained-options-builder	0x861ec0	0x862010	je	0x86254b	conditional-or-direct-control-edge
steam	PE:6a70a6d9:02711000	inventory-contained-options-builder	0x861ec0	0x862021	jbe	0x862150	conditional-or-direct-control-edge
steam	PE:6a70a6d9:02711000	inventory-contained-options-builder	0x861ec0	0x86202b	jne	0x86254b	conditional-or-direct-control-edge
steam	PE:6a70a6d9:02711000	inventory-contained-options-builder	0x861ec0	0x862034	ja	0x86254b	conditional-or-direct-control-edge
steam	PE:6a70a6d9:02711000	inventory-contained-options-builder	0x861ec0	0x86204e	jmp	rcx	indirect-control-edge
steam	PE:6a70a6d9:02711000	inventory-contained-options-builder	0x861ec0	0x862093	je	0x8620a2	conditional-or-direct-control-edge
steam	PE:6a70a6d9:02711000	inventory-contained-options-builder	0x861ec0	0x86209d	jmp	0x86254b	conditional-or-direct-control-edge
steam	PE:6a70a6d9:02711000	inventory-contained-options-builder	0x861ec0	0x8620ab	jmp	0x86254b	conditional-or-direct-control-edge
steam	PE:6a70a6d9:02711000	inventory-contained-options-builder	0x861ec0	0x8620ef	je	0x8620a2	conditional-or-direct-control-edge
steam	PE:6a70a6d9:02711000	inventory-contained-options-builder	0x861ec0	0x8620f9	jmp	0x86254b	conditional-or-direct-control-edge
steam	PE:6a70a6d9:02711000	inventory-contained-options-builder	0x861ec0	0x86213d	je	0x8620a2	conditional-or-direct-control-edge
steam	PE:6a70a6d9:02711000	inventory-contained-options-builder	0x861ec0	0x86214b	jmp	0x86254b	conditional-or-direct-control-edge
steam	PE:6a70a6d9:02711000	inventory-contained-options-builder	0x861ec0	0x862195	je	0x8620a2	conditional-or-direct-control-edge
steam	PE:6a70a6d9:02711000	inventory-contained-options-builder	0x861ec0	0x8621a6	jmp	0x86254b	conditional-or-direct-control-edge
steam	PE:6a70a6d9:02711000	inventory-contained-options-builder	0x861ec0	0x8621f3	je	0x8620a2	conditional-or-direct-control-edge
steam	PE:6a70a6d9:02711000	inventory-contained-options-builder	0x861ec0	0x862204	jmp	0x86254b	conditional-or-direct-control-edge
steam	PE:6a70a6d9:02711000	inventory-contained-options-builder	0x861ec0	0x862236	je	0x8622d6	conditional-or-direct-control-edge
steam	PE:6a70a6d9:02711000	inventory-contained-options-builder	0x861ec0	0x862288	je	0x86229e	conditional-or-direct-control-edge
steam	PE:6a70a6d9:02711000	inventory-contained-options-builder	0x861ec0	0x8622b7	je	0x8622c6	conditional-or-direct-control-edge
steam	PE:6a70a6d9:02711000	inventory-contained-options-builder	0x861ec0	0x8622c4	jmp	0x8622cf	conditional-or-direct-control-edge
steam	PE:6a70a6d9:02711000	inventory-contained-options-builder	0x861ec0	0x8622d9	je	0x86254b	conditional-or-direct-control-edge
steam	PE:6a70a6d9:02711000	inventory-contained-options-builder	0x861ec0	0x8622f4	jb	0x86230f	conditional-or-direct-control-edge
steam	PE:6a70a6d9:02711000	inventory-contained-options-builder	0x861ec0	0x862309	ja	0x8625d4	conditional-or-direct-control-edge
steam	PE:6a70a6d9:02711000	inventory-contained-options-builder	0x861ec0	0x862314	jmp	0x86254b	conditional-or-direct-control-edge
steam	PE:6a70a6d9:02711000	inventory-contained-options-builder	0x861ec0	0x862361	je	0x8620a2	conditional-or-direct-control-edge
steam	PE:6a70a6d9:02711000	inventory-contained-options-builder	0x861ec0	0x862372	jmp	0x86254b	conditional-or-direct-control-edge
steam	PE:6a70a6d9:02711000	inventory-contained-options-builder	0x861ec0	0x8623d8	je	0x8624df	conditional-or-direct-control-edge
steam	PE:6a70a6d9:02711000	inventory-contained-options-builder	0x861ec0	0x8623e1	je	0x86244f	conditional-or-direct-control-edge
steam	PE:6a70a6d9:02711000	inventory-contained-options-builder	0x861ec0	0x8623f3	jae	0x862438	conditional-or-direct-control-edge
steam	PE:6a70a6d9:02711000	inventory-contained-options-builder	0x861ec0	0x8623fc	je	0x86241c	conditional-or-direct-control-edge
steam	PE:6a70a6d9:02711000	inventory-contained-options-builder	0x861ec0	0x86241a	jmp	0x8623f0	conditional-or-direct-control-edge
steam	PE:6a70a6d9:02711000	inventory-contained-options-builder	0x861ec0	0x862436	jmp	0x8623f0	conditional-or-direct-control-edge
steam	PE:6a70a6d9:02711000	inventory-contained-options-builder	0x861ec0	0x862440	je	0x8624df	conditional-or-direct-control-edge
steam	PE:6a70a6d9:02711000	inventory-contained-options-builder	0x861ec0	0x86244a	jmp	0x8624df	conditional-or-direct-control-edge
steam	PE:6a70a6d9:02711000	inventory-contained-options-builder	0x861ec0	0x862497	je	0x8624ad	conditional-or-direct-control-edge
steam	PE:6a70a6d9:02711000	inventory-contained-options-builder	0x861ec0	0x8624c6	je	0x8624d5	conditional-or-direct-control-edge
steam	PE:6a70a6d9:02711000	inventory-contained-options-builder	0x861ec0	0x8624d3	jmp	0x8624df	conditional-or-direct-control-edge
steam	PE:6a70a6d9:02711000	inventory-contained-options-builder	0x861ec0	0x8624eb	jmp	0x86254b	conditional-or-direct-control-edge
steam	PE:6a70a6d9:02711000	inventory-contained-options-builder	0x861ec0	0x862535	je	0x8620a2	conditional-or-direct-control-edge
steam	PE:6a70a6d9:02711000	inventory-contained-options-builder	0x861ec0	0x862546	jmp	0x86254b	conditional-or-direct-control-edge
steam	PE:6a70a6d9:02711000	inventory-contained-options-builder	0x861ec0	0x8625b3	jb	0x861f30	conditional-or-direct-control-edge
steam	PE:6a70a6d9:02711000	put-item-modal-action	0x895f20	0x895f46	je	0x895f7b	conditional-or-direct-control-edge
steam	PE:6a70a6d9:02711000	put-item-modal-action	0x895f20	0x895f79	jb	0x895f50	conditional-or-direct-control-edge
steam	PE:6a70a6d9:02711000	put-item-modal-action	0x895f20	0x895f9e	je	0x895fb3	conditional-or-direct-control-edge
classic	PE:6a70b91c:0270a000	inventory-selection-renderer	0x87f270	0x87f2b9	je	0x87f2cf	conditional-or-direct-control-edge
classic	PE:6a70b91c:0270a000	inventory-selection-renderer	0x87f270	0x87f323	jle	0x87f333	conditional-or-direct-control-edge
classic	PE:6a70b91c:0270a000	inventory-selection-renderer	0x87f270	0x87f339	jg	0x87f407	conditional-or-direct-control-edge
classic	PE:6a70b91c:0270a000	inventory-selection-renderer	0x87f270	0x87f346	jg	0x87f3fd	conditional-or-direct-control-edge
classic	PE:6a70b91c:0270a000	inventory-selection-renderer	0x87f270	0x87f370	jne	0x87f39b	conditional-or-direct-control-edge
classic	PE:6a70b91c:0270a000	inventory-selection-renderer	0x87f270	0x87f375	jne	0x87f37f	conditional-or-direct-control-edge
classic	PE:6a70b91c:0270a000	inventory-selection-renderer	0x87f270	0x87f37d	jmp	0x87f3e6	conditional-or-direct-control-edge
classic	PE:6a70b91c:0270a000	inventory-selection-renderer	0x87f270	0x87f389	jne	0x87f393	conditional-or-direct-control-edge
classic	PE:6a70b91c:0270a000	inventory-selection-renderer	0x87f270	0x87f391	jmp	0x87f3ed	conditional-or-direct-control-edge
classic	PE:6a70b91c:0270a000	inventory-selection-renderer	0x87f270	0x87f399	jmp	0x87f3ed	conditional-or-direct-control-edge
classic	PE:6a70b91c:0270a000	inventory-selection-renderer	0x87f270	0x87f39d	jne	0x87f3c8	conditional-or-direct-control-edge
classic	PE:6a70b91c:0270a000	inventory-selection-renderer	0x87f270	0x87f3a2	jne	0x87f3ac	conditional-or-direct-control-edge
classic	PE:6a70b91c:0270a000	inventory-selection-renderer	0x87f270	0x87f3aa	jmp	0x87f3e6	conditional-or-direct-control-edge
classic	PE:6a70b91c:0270a000	inventory-selection-renderer	0x87f270	0x87f3b6	jne	0x87f3c0	conditional-or-direct-control-edge
classic	PE:6a70b91c:0270a000	inventory-selection-renderer	0x87f270	0x87f3be	jmp	0x87f3ed	conditional-or-direct-control-edge
classic	PE:6a70b91c:0270a000	inventory-selection-renderer	0x87f270	0x87f3c6	jmp	0x87f3ed	conditional-or-direct-control-edge
classic	PE:6a70b91c:0270a000	inventory-selection-renderer	0x87f270	0x87f3cb	jne	0x87f3d5	conditional-or-direct-control-edge
classic	PE:6a70b91c:0270a000	inventory-selection-renderer	0x87f270	0x87f3d3	jmp	0x87f3e6	conditional-or-direct-control-edge
classic	PE:6a70b91c:0270a000	inventory-selection-renderer	0x87f270	0x87f3de	je	0x87f3e6	conditional-or-direct-control-edge
classic	PE:6a70b91c:0270a000	inventory-selection-renderer	0x87f270	0x87f3f7	jle	0x87f350	conditional-or-direct-control-edge
classic	PE:6a70b91c:0270a000	inventory-selection-renderer	0x87f270	0x87f401	jle	0x87f340	conditional-or-direct-control-edge
classic	PE:6a70b91c:0270a000	inventory-selection-renderer	0x87f270	0x87f43e	jne	0x87f446	conditional-or-direct-control-edge
classic	PE:6a70b91c:0270a000	inventory-selection-renderer	0x87f270	0x87f444	jmp	0x87f454	conditional-or-direct-control-edge
classic	PE:6a70b91c:0270a000	inventory-selection-renderer	0x87f270	0x87f449	jne	0x87f450	conditional-or-direct-control-edge
classic	PE:6a70b91c:0270a000	inventory-selection-renderer	0x87f270	0x87f44e	jmp	0x87f454	conditional-or-direct-control-edge
classic	PE:6a70b91c:0270a000	inventory-selection-renderer	0x87f270	0x87f470	jl	0x87f430	conditional-or-direct-control-edge
classic	PE:6a70b91c:0270a000	inventory-selection-renderer	0x87f270	0x87f477	jl	0x87f410	conditional-or-direct-control-edge
classic	PE:6a70b91c:0270a000	inventory-selection-renderer	0x87f270	0x87f4d7	jbe	0x87f50a	conditional-or-direct-control-edge
classic	PE:6a70b91c:0270a000	inventory-selection-renderer	0x87f270	0x87f4ea	jb	0x87f505	conditional-or-direct-control-edge
classic	PE:6a70b91c:0270a000	inventory-selection-renderer	0x87f270	0x87f4ff	ja	0x87ff64	conditional-or-direct-control-edge
classic	PE:6a70b91c:0270a000	inventory-selection-renderer	0x87f270	0x87f530	ja	0x87fbdf	conditional-or-direct-control-edge
classic	PE:6a70b91c:0270a000	inventory-selection-renderer	0x87f270	0x87f547	jmp	rcx	indirect-control-edge
classic	PE:6a70b91c:0270a000	inventory-selection-renderer	0x87f270	0x87f5b1	je	0x87f619	conditional-or-direct-control-edge
classic	PE:6a70b91c:0270a000	inventory-selection-renderer	0x87f270	0x87f5d2	je	0x87f619	conditional-or-direct-control-edge
classic	PE:6a70b91c:0270a000	inventory-selection-renderer	0x87f270	0x87f5d8	je	0x87f619	conditional-or-direct-control-edge
classic	PE:6a70b91c:0270a000	inventory-selection-renderer	0x87f270	0x87f5e0	js	0x87f60c	conditional-or-direct-control-edge
classic	PE:6a70b91c:0270a000	inventory-selection-renderer	0x87f270	0x87f5f6	je	0x87f60f	conditional-or-direct-control-edge
classic	PE:6a70b91c:0270a000	inventory-selection-renderer	0x87f270	0x87f60a	jle	0x87f5e2	conditional-or-direct-control-edge
classic	PE:6a70b91c:0270a000	inventory-selection-renderer	0x87f270	0x87f612	je	0x87f619	conditional-or-direct-control-edge
classic	PE:6a70b91c:0270a000	inventory-selection-renderer	0x87f270	0x87f617	jmp	0x87f622	conditional-or-direct-control-edge
classic	PE:6a70b91c:0270a000	inventory-selection-renderer	0x87f270	0x87f61c	je	0x87fbdf	conditional-or-direct-control-edge
classic	PE:6a70b91c:0270a000	inventory-selection-renderer	0x87f270	0x87f637	jne	0x87f68a	conditional-or-direct-control-edge
classic	PE:6a70b91c:0270a000	inventory-selection-renderer	0x87f270	0x87f641	jne	0x87f68a	conditional-or-direct-control-edge
classic	PE:6a70b91c:0270a000	inventory-selection-renderer	0x87f270	0x87f64b	jne	0x87f683	conditional-or-direct-control-edge
classic	PE:6a70b91c:0270a000	inventory-selection-renderer	0x87f270	0x87f658	jne	0x87f683	conditional-or-direct-control-edge
classic	PE:6a70b91c:0270a000	inventory-selection-renderer	0x87f270	0x87f665	je	0x87f66e	conditional-or-direct-control-edge
classic	PE:6a70b91c:0270a000	inventory-selection-renderer	0x87f270	0x87f66c	jmp	0x87f68f	conditional-or-direct-control-edge
classic	PE:6a70b91c:0270a000	inventory-selection-renderer	0x87f270	0x87f67a	je	0x87f68f	conditional-or-direct-control-edge
classic	PE:6a70b91c:0270a000	inventory-selection-renderer	0x87f270	0x87f681	jmp	0x87f68f	conditional-or-direct-control-edge
classic	PE:6a70b91c:0270a000	inventory-selection-renderer	0x87f270	0x87f688	jmp	0x87f68f	conditional-or-direct-control-edge
classic	PE:6a70b91c:0270a000	inventory-selection-renderer	0x87f270	0x87f69c	js	0x87f6cc	conditional-or-direct-control-edge
classic	PE:6a70b91c:0270a000	inventory-selection-renderer	0x87f270	0x87f6c6	jae	0x87f6cc	conditional-or-direct-control-edge
classic	PE:6a70b91c:0270a000	inventory-selection-renderer	0x87f270	0x87f6e4	je	0x87f701	conditional-or-direct-control-edge
classic	PE:6a70b91c:0270a000	inventory-selection-renderer	0x87f270	0x87f712	je	0x87f71e	conditional-or-direct-control-edge
classic	PE:6a70b91c:0270a000	inventory-selection-renderer	0x87f270	0x87f71c	je	0x87f758	conditional-or-direct-control-edge
classic	PE:6a70b91c:0270a000	inventory-selection-renderer	0x87f270	0x87f726	jne	0x87f758	conditional-or-direct-control-edge
classic	PE:6a70b91c:0270a000	inventory-selection-renderer	0x87f270	0x87f733	je	0x87f758	conditional-or-direct-control-edge
classic	PE:6a70b91c:0270a000	inventory-selection-renderer	0x87f270	0x87f73c	jne	0x87f758	conditional-or-direct-control-edge
classic	PE:6a70b91c:0270a000	inventory-selection-renderer	0x87f270	0x87f783	jae	0x87f87f	conditional-or-direct-control-edge
classic	PE:6a70b91c:0270a000	inventory-selection-renderer	0x87f270	0x87f79d	jne	0x87f7ac	conditional-or-direct-control-edge
classic	PE:6a70b91c:0270a000	inventory-selection-renderer	0x87f270	0x87f7be	je	0x87f7c6	conditional-or-direct-control-edge
classic	PE:6a70b91c:0270a000	inventory-selection-renderer	0x87f270	0x87f7c4	jne	0x87f807	conditional-or-direct-control-edge
classic	PE:6a70b91c:0270a000	inventory-selection-renderer	0x87f270	0x87f7d4	je	0x87f807	conditional-or-direct-control-edge
classic	PE:6a70b91c:0270a000	inventory-selection-renderer	0x87f270	0x87f7df	jl	0x87f7e9	conditional-or-direct-control-edge
classic	PE:6a70b91c:0270a000	inventory-selection-renderer	0x87f270	0x87f7e7	jmp	0x87f807	conditional-or-direct-control-edge
classic	PE:6a70b91c:0270a000	inventory-selection-renderer	0x87f270	0x87f7ed	jle	0x87f807	conditional-or-direct-control-edge
classic	PE:6a70b91c:0270a000	inventory-selection-renderer	0x87f270	0x87f813	jle	0x87f83a	conditional-or-direct-control-edge
classic	PE:6a70b91c:0270a000	inventory-selection-renderer	0x87f270	0x87f835	jmp	0x87f780	conditional-or-direct-control-edge
classic	PE:6a70b91c:0270a000	inventory-selection-renderer	0x87f270	0x87f83c	jns	0x87f876	conditional-or-direct-control-edge
classic	PE:6a70b91c:0270a000	inventory-selection-renderer	0x87f270	0x87f86b	jns	0x87f876	conditional-or-direct-control-edge
classic	PE:6a70b91c:0270a000	inventory-selection-renderer	0x87f270	0x87f87a	jmp	0x87f780	conditional-or-direct-control-edge
classic	PE:6a70b91c:0270a000	inventory-selection-renderer	0x87f270	0x87f891	jl	0x87f8a8	conditional-or-direct-control-edge
classic	PE:6a70b91c:0270a000	inventory-selection-renderer	0x87f270	0x87f8a6	jmp	0x87f8bb	conditional-or-direct-control-edge
classic	PE:6a70b91c:0270a000	inventory-selection-renderer	0x87f270	0x87f93b	jg	0x87f955	conditional-or-direct-control-edge
classic	PE:6a70b91c:0270a000	inventory-selection-renderer	0x87f270	0x87f953	jmp	0x87f961	conditional-or-direct-control-edge
classic	PE:6a70b91c:0270a000	inventory-selection-renderer	0x87f270	0x87f9c1	jg	0x87f9db	conditional-or-direct-control-edge
classic	PE:6a70b91c:0270a000	inventory-selection-renderer	0x87f270	0x87f9d9	jmp	0x87f9e4	conditional-or-direct-control-edge
classic	PE:6a70b91c:0270a000	inventory-selection-renderer	0x87f270	0x87f9ef	jae	0x87fa16	conditional-or-direct-control-edge
classic	PE:6a70b91c:0270a000	inventory-selection-renderer	0x87f270	0x87fa11	jmp	0x87fadc	conditional-or-direct-control-edge
classic	PE:6a70b91c:0270a000	inventory-selection-renderer	0x87f270	0x87fa2a	jb	0x88178c	conditional-or-direct-control-edge
classic	PE:6a70b91c:0270a000	inventory-selection-renderer	0x87f270	0x87fa3e	ja	0x87fa5f	conditional-or-direct-control-edge
classic	PE:6a70b91c:0270a000	inventory-selection-renderer	0x87f270	0x87fa4f	ja	0x87fa5f	conditional-or-direct-control-edge
classic	PE:6a70b91c:0270a000	inventory-selection-renderer	0x87f270	0x87fa7d	jbe	0x87fac8	conditional-or-direct-control-edge
classic	PE:6a70b91c:0270a000	inventory-selection-renderer	0x87f270	0x87fa9d	jb	0x87fab7	conditional-or-direct-control-edge
classic	PE:6a70b91c:0270a000	inventory-selection-renderer	0x87f270	0x87fab2	ja	0x87fac1	conditional-or-direct-control-edge
classic	PE:6a70b91c:0270a000	inventory-selection-renderer	0x87f270	0x87fabf	jmp	0x87fad8	conditional-or-direct-control-edge
classic	PE:6a70b91c:0270a000	inventory-selection-renderer	0x87f270	0x87fb01	jge	0x87fb0f	conditional-or-direct-control-edge
classic	PE:6a70b91c:0270a000	inventory-selection-renderer	0x87f270	0x87fb0d	jmp	0x87fb28	conditional-or-direct-control-edge
classic	PE:6a70b91c:0270a000	inventory-selection-renderer	0x87f270	0x87fb1c	jg	0x87fb28	conditional-or-direct-control-edge
classic	PE:6a70b91c:0270a000	inventory-selection-renderer	0x87f270	0x87fb44	jbe	0x87fb7a	conditional-or-direct-control-edge
classic	PE:6a70b91c:0270a000	inventory-selection-renderer	0x87f270	0x87fb57	jb	0x87fb75	conditional-or-direct-control-edge
classic	PE:6a70b91c:0270a000	inventory-selection-renderer	0x87f270	0x87fb6c	jbe	0x87fb75	conditional-or-direct-control-edge
classic	PE:6a70b91c:0270a000	inventory-selection-renderer	0x87f270	0x87fb96	jbe	0x87fbcc	conditional-or-direct-control-edge
classic	PE:6a70b91c:0270a000	inventory-selection-renderer	0x87f270	0x87fba9	jb	0x87fbc7	conditional-or-direct-control-edge
classic	PE:6a70b91c:0270a000	inventory-selection-renderer	0x87f270	0x87fbbe	jbe	0x87fbc7	conditional-or-direct-control-edge
classic	PE:6a70b91c:0270a000	inventory-selection-renderer	0x87f270	0x87fbe4	je	0x880c2f	conditional-or-direct-control-edge
classic	PE:6a70b91c:0270a000	inventory-selection-renderer	0x87f270	0x87fbf4	jbe	0x880c2f	conditional-or-direct-control-edge
classic	PE:6a70b91c:0270a000	inventory-selection-renderer	0x87f270	0x87fc42	jne	0x880170	conditional-or-direct-control-edge
classic	PE:6a70b91c:0270a000	inventory-selection-renderer	0x87f270	0x87fc4b	jmp	0x880173	conditional-or-direct-control-edge
classic	PE:6a70b91c:0270a000	inventory-selection-renderer	0x87f270	0x87fcb4	jmp	0x87fbdf	conditional-or-direct-control-edge
classic	PE:6a70b91c:0270a000	inventory-selection-renderer	0x87f270	0x87fd1d	jmp	0x87fbdf	conditional-or-direct-control-edge
classic	PE:6a70b91c:0270a000	inventory-selection-renderer	0x87f270	0x87fd94	jmp	0x87fbdf	conditional-or-direct-control-edge
classic	PE:6a70b91c:0270a000	inventory-selection-renderer	0x87f270	0x87fdfe	jmp	0x87fbdf	conditional-or-direct-control-edge
classic	PE:6a70b91c:0270a000	inventory-selection-renderer	0x87f270	0x87fe65	jmp	0x87fbdf	conditional-or-direct-control-edge
classic	PE:6a70b91c:0270a000	inventory-selection-renderer	0x87f270	0x87fecf	jmp	0x87fbdf	conditional-or-direct-control-edge
classic	PE:6a70b91c:0270a000	inventory-selection-renderer	0x87f270	0x87ff36	jbe	0x87fbdf	conditional-or-direct-control-edge
classic	PE:6a70b91c:0270a000	inventory-selection-renderer	0x87f270	0x87ff4d	jb	0x87ff6b	conditional-or-direct-control-edge
classic	PE:6a70b91c:0270a000	inventory-selection-renderer	0x87f270	0x87ff62	jbe	0x87ff6b	conditional-or-direct-control-edge
classic	PE:6a70b91c:0270a000	inventory-selection-renderer	0x87f270	0x87ff70	jmp	0x87fbdf	conditional-or-direct-control-edge
classic	PE:6a70b91c:0270a000	inventory-selection-renderer	0x87f270	0x87ffcb	jbe	0x880001	conditional-or-direct-control-edge
classic	PE:6a70b91c:0270a000	inventory-selection-renderer	0x87f270	0x87ffde	jb	0x87fffc	conditional-or-direct-control-edge
classic	PE:6a70b91c:0270a000	inventory-selection-renderer	0x87f270	0x87fff3	jbe	0x87fffc	conditional-or-direct-control-edge
classic	PE:6a70b91c:0270a000	inventory-selection-renderer	0x87f270	0x880083	jmp	0x87fbdb	conditional-or-direct-control-edge
classic	PE:6a70b91c:0270a000	inventory-selection-renderer	0x87f270	0x88016b	jmp	0x87fbdb	conditional-or-direct-control-edge
classic	PE:6a70b91c:0270a000	inventory-selection-renderer	0x87f270	0x880186	jle	0x8801aa	conditional-or-direct-control-edge
classic	PE:6a70b91c:0270a000	inventory-selection-renderer	0x87f270	0x880192	je	0x8801aa	conditional-or-direct-control-edge
classic	PE:6a70b91c:0270a000	inventory-selection-renderer	0x87f270	0x8801c0	je	0x8801c5	conditional-or-direct-control-edge
classic	PE:6a70b91c:0270a000	inventory-selection-renderer	0x87f270	0x8801da	jle	0x8801fe	conditional-or-direct-control-edge
classic	PE:6a70b91c:0270a000	inventory-selection-renderer	0x87f270	0x8801e6	je	0x8801fe	conditional-or-direct-control-edge
classic	PE:6a70b91c:0270a000	inventory-selection-renderer	0x87f270	0x88020f	jne	0x880216	conditional-or-direct-control-edge
classic	PE:6a70b91c:0270a000	inventory-selection-renderer	0x87f270	0x880214	jmp	0x880219	conditional-or-direct-control-edge
classic	PE:6a70b91c:0270a000	inventory-selection-renderer	0x87f270	0x88022c	jle	0x880250	conditional-or-direct-control-edge
classic	PE:6a70b91c:0270a000	inventory-selection-renderer	0x87f270	0x880238	je	0x880250	conditional-or-direct-control-edge
classic	PE:6a70b91c:0270a000	inventory-selection-renderer	0x87f270	0x880262	jne	0x880269	conditional-or-direct-control-edge
classic	PE:6a70b91c:0270a000	inventory-selection-renderer	0x87f270	0x880267	jmp	0x88026c	conditional-or-direct-control-edge
classic	PE:6a70b91c:0270a000	inventory-selection-renderer	0x87f270	0x88027f	jle	0x8802a3	conditional-or-direct-control-edge
classic	PE:6a70b91c:0270a000	inventory-selection-renderer	0x87f270	0x88028b	je	0x8802a3	conditional-or-direct-control-edge
classic	PE:6a70b91c:0270a000	inventory-selection-renderer	0x87f270	0x8802b3	jl	0x87fc30	conditional-or-direct-control-edge
classic	PE:6a70b91c:0270a000	inventory-selection-renderer	0x87f270	0x8802c4	jl	0x880308	conditional-or-direct-control-edge
classic	PE:6a70b91c:0270a000	inventory-selection-renderer	0x87f270	0x8802c9	jge	0x880308	conditional-or-direct-control-edge
classic	PE:6a70b91c:0270a000	inventory-selection-renderer	0x87f270	0x8802d4	jl	0x880308	conditional-or-direct-control-edge
classic	PE:6a70b91c:0270a000	inventory-selection-renderer	0x87f270	0x8802db	jge	0x880308	conditional-or-direct-control-edge
classic	PE:6a70b91c:0270a000	inventory-selection-renderer	0x87f270	0x880332	jne	0x880339	conditional-or-direct-control-edge
classic	PE:6a70b91c:0270a000	inventory-selection-renderer	0x87f270	0x880337	jmp	0x88033c	conditional-or-direct-control-edge
classic	PE:6a70b91c:0270a000	inventory-selection-renderer	0x87f270	0x88034f	jle	0x880373	conditional-or-direct-control-edge
classic	PE:6a70b91c:0270a000	inventory-selection-renderer	0x87f270	0x88035b	je	0x880373	conditional-or-direct-control-edge
classic	PE:6a70b91c:0270a000	inventory-selection-renderer	0x87f270	0x880389	je	0x88038e	conditional-or-direct-control-edge
classic	PE:6a70b91c:0270a000	inventory-selection-renderer	0x87f270	0x8803a3	jle	0x8803c7	conditional-or-direct-control-edge
classic	PE:6a70b91c:0270a000	inventory-selection-renderer	0x87f270	0x8803af	je	0x8803c7	conditional-or-direct-control-edge
classic	PE:6a70b91c:0270a000	inventory-selection-renderer	0x87f270	0x8803d8	jne	0x8803df	conditional-or-direct-control-edge
classic	PE:6a70b91c:0270a000	inventory-selection-renderer	0x87f270	0x8803dd	jmp	0x8803e2	conditional-or-direct-control-edge
classic	PE:6a70b91c:0270a000	inventory-selection-renderer	0x87f270	0x8803f5	jle	0x880419	conditional-or-direct-control-edge
classic	PE:6a70b91c:0270a000	inventory-selection-renderer	0x87f270	0x880401	je	0x880419	conditional-or-direct-control-edge
classic	PE:6a70b91c:0270a000	inventory-selection-renderer	0x87f270	0x88042b	jne	0x880432	conditional-or-direct-control-edge
classic	PE:6a70b91c:0270a000	inventory-selection-renderer	0x87f270	0x880430	jmp	0x880435	conditional-or-direct-control-edge
classic	PE:6a70b91c:0270a000	inventory-selection-renderer	0x87f270	0x880448	jle	0x88046c	conditional-or-direct-control-edge
classic	PE:6a70b91c:0270a000	inventory-selection-renderer	0x87f270	0x880454	je	0x88046c	conditional-or-direct-control-edge
classic	PE:6a70b91c:0270a000	inventory-selection-renderer	0x87f270	0x88047c	jl	0x880320	conditional-or-direct-control-edge
classic	PE:6a70b91c:0270a000	inventory-selection-renderer	0x87f270	0x880489	jl	0x8804cd	conditional-or-direct-control-edge
classic	PE:6a70b91c:0270a000	inventory-selection-renderer	0x87f270	0x880491	jge	0x8804cd	conditional-or-direct-control-edge
classic	PE:6a70b91c:0270a000	inventory-selection-renderer	0x87f270	0x88049f	jl	0x8804cd	conditional-or-direct-control-edge
classic	PE:6a70b91c:0270a000	inventory-selection-renderer	0x87f270	0x8804a6	jge	0x8804cd	conditional-or-direct-control-edge
classic	PE:6a70b91c:0270a000	inventory-selection-renderer	0x87f270	0x880502	jne	0x880509	conditional-or-direct-control-edge
classic	PE:6a70b91c:0270a000	inventory-selection-renderer	0x87f270	0x880507	jmp	0x88050c	conditional-or-direct-control-edge
classic	PE:6a70b91c:0270a000	inventory-selection-renderer	0x87f270	0x88051f	jle	0x880543	conditional-or-direct-control-edge
classic	PE:6a70b91c:0270a000	inventory-selection-renderer	0x87f270	0x88052b	je	0x880543	conditional-or-direct-control-edge
classic	PE:6a70b91c:0270a000	inventory-selection-renderer	0x87f270	0x880559	je	0x88055e	conditional-or-direct-control-edge
classic	PE:6a70b91c:0270a000	inventory-selection-renderer	0x87f270	0x880573	jle	0x880597	conditional-or-direct-control-edge
classic	PE:6a70b91c:0270a000	inventory-selection-renderer	0x87f270	0x88057f	je	0x880597	conditional-or-direct-control-edge
classic	PE:6a70b91c:0270a000	inventory-selection-renderer	0x87f270	0x8805a8	jne	0x8805af	conditional-or-direct-control-edge
classic	PE:6a70b91c:0270a000	inventory-selection-renderer	0x87f270	0x8805ad	jmp	0x8805b2	conditional-or-direct-control-edge
classic	PE:6a70b91c:0270a000	inventory-selection-renderer	0x87f270	0x8805c5	jle	0x8805e9	conditional-or-direct-control-edge
classic	PE:6a70b91c:0270a000	inventory-selection-renderer	0x87f270	0x8805d1	je	0x8805e9	conditional-or-direct-control-edge
classic	PE:6a70b91c:0270a000	inventory-selection-renderer	0x87f270	0x8805fb	jne	0x880602	conditional-or-direct-control-edge
classic	PE:6a70b91c:0270a000	inventory-selection-renderer	0x87f270	0x880600	jmp	0x880605	conditional-or-direct-control-edge
classic	PE:6a70b91c:0270a000	inventory-selection-renderer	0x87f270	0x880618	jle	0x88063c	conditional-or-direct-control-edge
classic	PE:6a70b91c:0270a000	inventory-selection-renderer	0x87f270	0x880624	je	0x88063c	conditional-or-direct-control-edge
classic	PE:6a70b91c:0270a000	inventory-selection-renderer	0x87f270	0x88064c	jl	0x8804f0	conditional-or-direct-control-edge
classic	PE:6a70b91c:0270a000	inventory-selection-renderer	0x87f270	0x88065c	jl	0x88069e	conditional-or-direct-control-edge
classic	PE:6a70b91c:0270a000	inventory-selection-renderer	0x87f270	0x880663	jge	0x88069e	conditional-or-direct-control-edge
classic	PE:6a70b91c:0270a000	inventory-selection-renderer	0x87f270	0x880671	jl	0x88069e	conditional-or-direct-control-edge
classic	PE:6a70b91c:0270a000	inventory-selection-renderer	0x87f270	0x880678	jge	0x88069e	conditional-or-direct-control-edge
classic	PE:6a70b91c:0270a000	inventory-selection-renderer	0x87f270	0x8806d2	jne	0x8806d9	conditional-or-direct-control-edge
classic	PE:6a70b91c:0270a000	inventory-selection-renderer	0x87f270	0x8806d7	jmp	0x8806dc	conditional-or-direct-control-edge
classic	PE:6a70b91c:0270a000	inventory-selection-renderer	0x87f270	0x8806ef	jle	0x880713	conditional-or-direct-control-edge
classic	PE:6a70b91c:0270a000	inventory-selection-renderer	0x87f270	0x8806fb	je	0x880713	conditional-or-direct-control-edge
classic	PE:6a70b91c:0270a000	inventory-selection-renderer	0x87f270	0x880729	je	0x88072e	conditional-or-direct-control-edge
classic	PE:6a70b91c:0270a000	inventory-selection-renderer	0x87f270	0x880743	jle	0x880767	conditional-or-direct-control-edge
classic	PE:6a70b91c:0270a000	inventory-selection-renderer	0x87f270	0x88074f	je	0x880767	conditional-or-direct-control-edge
classic	PE:6a70b91c:0270a000	inventory-selection-renderer	0x87f270	0x880778	jne	0x88077f	conditional-or-direct-control-edge
classic	PE:6a70b91c:0270a000	inventory-selection-renderer	0x87f270	0x88077d	jmp	0x880782	conditional-or-direct-control-edge
classic	PE:6a70b91c:0270a000	inventory-selection-renderer	0x87f270	0x880795	jle	0x8807b9	conditional-or-direct-control-edge
classic	PE:6a70b91c:0270a000	inventory-selection-renderer	0x87f270	0x8807a1	je	0x8807b9	conditional-or-direct-control-edge
classic	PE:6a70b91c:0270a000	inventory-selection-renderer	0x87f270	0x8807cb	jne	0x8807d2	conditional-or-direct-control-edge
classic	PE:6a70b91c:0270a000	inventory-selection-renderer	0x87f270	0x8807d0	jmp	0x8807d5	conditional-or-direct-control-edge
classic	PE:6a70b91c:0270a000	inventory-selection-renderer	0x87f270	0x8807e8	jle	0x88080c	conditional-or-direct-control-edge
classic	PE:6a70b91c:0270a000	inventory-selection-renderer	0x87f270	0x8807f4	je	0x88080c	conditional-or-direct-control-edge
classic	PE:6a70b91c:0270a000	inventory-selection-renderer	0x87f270	0x88081c	jl	0x8806c0	conditional-or-direct-control-edge
classic	PE:6a70b91c:0270a000	inventory-selection-renderer	0x87f270	0x88082c	jl	0x88086e	conditional-or-direct-control-edge
classic	PE:6a70b91c:0270a000	inventory-selection-renderer	0x87f270	0x880833	jge	0x88086e	conditional-or-direct-control-edge
classic	PE:6a70b91c:0270a000	inventory-selection-renderer	0x87f270	0x880841	jl	0x88086e	conditional-or-direct-control-edge
classic	PE:6a70b91c:0270a000	inventory-selection-renderer	0x87f270	0x880848	jge	0x88086e	conditional-or-direct-control-edge
classic	PE:6a70b91c:0270a000	inventory-selection-renderer	0x87f270	0x8808a2	jne	0x8808a9	conditional-or-direct-control-edge
classic	PE:6a70b91c:0270a000	inventory-selection-renderer	0x87f270	0x8808a7	jmp	0x8808ac	conditional-or-direct-control-edge
classic	PE:6a70b91c:0270a000	inventory-selection-renderer	0x87f270	0x8808bf	jle	0x8808e3	conditional-or-direct-control-edge
classic	PE:6a70b91c:0270a000	inventory-selection-renderer	0x87f270	0x8808cb	je	0x8808e3	conditional-or-direct-control-edge
classic	PE:6a70b91c:0270a000	inventory-selection-renderer	0x87f270	0x8808f9	je	0x8808fe	conditional-or-direct-control-edge
classic	PE:6a70b91c:0270a000	inventory-selection-renderer	0x87f270	0x880913	jle	0x880937	conditional-or-direct-control-edge
classic	PE:6a70b91c:0270a000	inventory-selection-renderer	0x87f270	0x88091f	je	0x880937	conditional-or-direct-control-edge
classic	PE:6a70b91c:0270a000	inventory-selection-renderer	0x87f270	0x880948	jne	0x88094f	conditional-or-direct-control-edge
classic	PE:6a70b91c:0270a000	inventory-selection-renderer	0x87f270	0x88094d	jmp	0x880952	conditional-or-direct-control-edge
classic	PE:6a70b91c:0270a000	inventory-selection-renderer	0x87f270	0x880965	jle	0x880989	conditional-or-direct-control-edge
classic	PE:6a70b91c:0270a000	inventory-selection-renderer	0x87f270	0x880971	je	0x880989	conditional-or-direct-control-edge
classic	PE:6a70b91c:0270a000	inventory-selection-renderer	0x87f270	0x88099b	jne	0x8809a2	conditional-or-direct-control-edge
classic	PE:6a70b91c:0270a000	inventory-selection-renderer	0x87f270	0x8809a0	jmp	0x8809a5	conditional-or-direct-control-edge
classic	PE:6a70b91c:0270a000	inventory-selection-renderer	0x87f270	0x8809b8	jle	0x8809dc	conditional-or-direct-control-edge
classic	PE:6a70b91c:0270a000	inventory-selection-renderer	0x87f270	0x8809c4	je	0x8809dc	conditional-or-direct-control-edge
classic	PE:6a70b91c:0270a000	inventory-selection-renderer	0x87f270	0x8809ec	jl	0x880890	conditional-or-direct-control-edge
classic	PE:6a70b91c:0270a000	inventory-selection-renderer	0x87f270	0x8809fc	jl	0x880a41	conditional-or-direct-control-edge
classic	PE:6a70b91c:0270a000	inventory-selection-renderer	0x87f270	0x880a03	jge	0x880a41	conditional-or-direct-control-edge
classic	PE:6a70b91c:0270a000	inventory-selection-renderer	0x87f270	0x880a13	jl	0x880a41	conditional-or-direct-control-edge
classic	PE:6a70b91c:0270a000	inventory-selection-renderer	0x87f270	0x880a1b	jge	0x880a41	conditional-or-direct-control-edge
classic	PE:6a70b91c:0270a000	inventory-selection-renderer	0x87f270	0x880a82	jne	0x880a89	conditional-or-direct-control-edge
classic	PE:6a70b91c:0270a000	inventory-selection-renderer	0x87f270	0x880a87	jmp	0x880a8c	conditional-or-direct-control-edge
classic	PE:6a70b91c:0270a000	inventory-selection-renderer	0x87f270	0x880a9f	jle	0x880ac3	conditional-or-direct-control-edge
classic	PE:6a70b91c:0270a000	inventory-selection-renderer	0x87f270	0x880aab	je	0x880ac3	conditional-or-direct-control-edge
classic	PE:6a70b91c:0270a000	inventory-selection-renderer	0x87f270	0x880ad9	je	0x880ade	conditional-or-direct-control-edge
classic	PE:6a70b91c:0270a000	inventory-selection-renderer	0x87f270	0x880af3	jle	0x880b17	conditional-or-direct-control-edge
classic	PE:6a70b91c:0270a000	inventory-selection-renderer	0x87f270	0x880aff	je	0x880b17	conditional-or-direct-control-edge
classic	PE:6a70b91c:0270a000	inventory-selection-renderer	0x87f270	0x880b28	jne	0x880b2f	conditional-or-direct-control-edge
classic	PE:6a70b91c:0270a000	inventory-selection-renderer	0x87f270	0x880b2d	jmp	0x880b32	conditional-or-direct-control-edge
classic	PE:6a70b91c:0270a000	inventory-selection-renderer	0x87f270	0x880b45	jle	0x880b69	conditional-or-direct-control-edge
classic	PE:6a70b91c:0270a000	inventory-selection-renderer	0x87f270	0x880b51	je	0x880b69	conditional-or-direct-control-edge
classic	PE:6a70b91c:0270a000	inventory-selection-renderer	0x87f270	0x880b7b	jne	0x880b82	conditional-or-direct-control-edge
classic	PE:6a70b91c:0270a000	inventory-selection-renderer	0x87f270	0x880b80	jmp	0x880b85	conditional-or-direct-control-edge
classic	PE:6a70b91c:0270a000	inventory-selection-renderer	0x87f270	0x880b98	jle	0x880bbc	conditional-or-direct-control-edge
classic	PE:6a70b91c:0270a000	inventory-selection-renderer	0x87f270	0x880ba4	je	0x880bbc	conditional-or-direct-control-edge
classic	PE:6a70b91c:0270a000	inventory-selection-renderer	0x87f270	0x880bcc	jl	0x880a70	conditional-or-direct-control-edge
classic	PE:6a70b91c:0270a000	inventory-selection-renderer	0x87f270	0x880be1	jl	0x880c28	conditional-or-direct-control-edge
classic	PE:6a70b91c:0270a000	inventory-selection-renderer	0x87f270	0x880be8	jge	0x880c28	conditional-or-direct-control-edge
classic	PE:6a70b91c:0270a000	inventory-selection-renderer	0x87f270	0x880bf2	jl	0x880c28	conditional-or-direct-control-edge
classic	PE:6a70b91c:0270a000	inventory-selection-renderer	0x87f270	0x880c00	jge	0x880c33	conditional-or-direct-control-edge
classic	PE:6a70b91c:0270a000	inventory-selection-renderer	0x87f270	0x880c26	jmp	0x880c33	conditional-or-direct-control-edge
classic	PE:6a70b91c:0270a000	inventory-selection-renderer	0x87f270	0x880c2d	jmp	0x880c33	conditional-or-direct-control-edge
classic	PE:6a70b91c:0270a000	inventory-selection-renderer	0x87f270	0x880c82	jle	0x880c88	conditional-or-direct-control-edge
classic	PE:6a70b91c:0270a000	inventory-selection-renderer	0x87f270	0x880cbd	jge	0x8816f7	conditional-or-direct-control-edge
classic	PE:6a70b91c:0270a000	inventory-selection-renderer	0x87f270	0x880cf5	jae	0x8816eb	conditional-or-direct-control-edge
classic	PE:6a70b91c:0270a000	inventory-selection-renderer	0x87f270	0x880d1e	jg	0x880e15	conditional-or-direct-control-edge
classic	PE:6a70b91c:0270a000	inventory-selection-renderer	0x87f270	0x880d35	jge	0x880e01	conditional-or-direct-control-edge
classic	PE:6a70b91c:0270a000	inventory-selection-renderer	0x87f270	0x880d5f	je	0x880d9c	conditional-or-direct-control-edge
classic	PE:6a70b91c:0270a000	inventory-selection-renderer	0x87f270	0x880d64	jne	0x880d6b	conditional-or-direct-control-edge
classic	PE:6a70b91c:0270a000	inventory-selection-renderer	0x87f270	0x880d69	jmp	0x880dbc	conditional-or-direct-control-edge
classic	PE:6a70b91c:0270a000	inventory-selection-renderer	0x87f270	0x880d71	jne	0x880d77	conditional-or-direct-control-edge
classic	PE:6a70b91c:0270a000	inventory-selection-renderer	0x87f270	0x880d75	jmp	0x880dbc	conditional-or-direct-control-edge
classic	PE:6a70b91c:0270a000	inventory-selection-renderer	0x87f270	0x880d7d	jne	0x880d83	conditional-or-direct-control-edge
classic	PE:6a70b91c:0270a000	inventory-selection-renderer	0x87f270	0x880d81	jmp	0x880dbc	conditional-or-direct-control-edge
classic	PE:6a70b91c:0270a000	inventory-selection-renderer	0x87f270	0x880d89	jne	0x880d8f	conditional-or-direct-control-edge
classic	PE:6a70b91c:0270a000	inventory-selection-renderer	0x87f270	0x880d8d	jmp	0x880dbc	conditional-or-direct-control-edge
classic	PE:6a70b91c:0270a000	inventory-selection-renderer	0x87f270	0x880d95	jne	0x880da9	conditional-or-direct-control-edge
classic	PE:6a70b91c:0270a000	inventory-selection-renderer	0x87f270	0x880d9a	jmp	0x880dbc	conditional-or-direct-control-edge
classic	PE:6a70b91c:0270a000	inventory-selection-renderer	0x87f270	0x880d9f	jne	0x880da9	conditional-or-direct-control-edge
classic	PE:6a70b91c:0270a000	inventory-selection-renderer	0x87f270	0x880da7	jmp	0x880dbc	conditional-or-direct-control-edge
classic	PE:6a70b91c:0270a000	inventory-selection-renderer	0x87f270	0x880dac	jne	0x880db6	conditional-or-direct-control-edge
classic	PE:6a70b91c:0270a000	inventory-selection-renderer	0x87f270	0x880db4	jmp	0x880dbc	conditional-or-direct-control-edge
classic	PE:6a70b91c:0270a000	inventory-selection-renderer	0x87f270	0x880dcf	jle	0x880dee	conditional-or-direct-control-edge
classic	PE:6a70b91c:0270a000	inventory-selection-renderer	0x87f270	0x880ddb	je	0x880dee	conditional-or-direct-control-edge
classic	PE:6a70b91c:0270a000	inventory-selection-renderer	0x87f270	0x880df7	jl	0x880d50	conditional-or-direct-control-edge
classic	PE:6a70b91c:0270a000	inventory-selection-renderer	0x87f270	0x880e06	jle	0x880d30	conditional-or-direct-control-edge
classic	PE:6a70b91c:0270a000	inventory-selection-renderer	0x87f270	0x880e18	je	0x880e54	conditional-or-direct-control-edge
classic	PE:6a70b91c:0270a000	inventory-selection-renderer	0x87f270	0x880eba	jbe	0x880ec1	conditional-or-direct-control-edge
classic	PE:6a70b91c:0270a000	inventory-selection-renderer	0x87f270	0x880ebf	jmp	0x880ec4	conditional-or-direct-control-edge
classic	PE:6a70b91c:0270a000	inventory-selection-renderer	0x87f270	0x880f08	jne	0x880f75	conditional-or-direct-control-edge
classic	PE:6a70b91c:0270a000	inventory-selection-renderer	0x87f270	0x880f11	jb	0x880ffd	conditional-or-direct-control-edge
classic	PE:6a70b91c:0270a000	inventory-selection-renderer	0x87f270	0x880f1c	js	0x880f51	conditional-or-direct-control-edge
classic	PE:6a70b91c:0270a000	inventory-selection-renderer	0x87f270	0x880f28	ja	0x880f42	conditional-or-direct-control-edge
classic	PE:6a70b91c:0270a000	inventory-selection-renderer	0x87f270	0x880f40	jmp	0x880f51	conditional-or-direct-control-edge
classic	PE:6a70b91c:0270a000	inventory-selection-renderer	0x87f270	0x880f54	jle	0x880ffd	conditional-or-direct-control-edge
classic	PE:6a70b91c:0270a000	inventory-selection-renderer	0x87f270	0x880f73	jmp	0x880fd6	conditional-or-direct-control-edge
classic	PE:6a70b91c:0270a000	inventory-selection-renderer	0x87f270	0x880f7c	jb	0x880ffd	conditional-or-direct-control-edge
classic	PE:6a70b91c:0270a000	inventory-selection-renderer	0x87f270	0x880f83	js	0x880fb8	conditional-or-direct-control-edge
classic	PE:6a70b91c:0270a000	inventory-selection-renderer	0x87f270	0x880f8f	ja	0x880fa9	conditional-or-direct-control-edge
classic	PE:6a70b91c:0270a000	inventory-selection-renderer	0x87f270	0x880fa7	jmp	0x880fb8	conditional-or-direct-control-edge
classic	PE:6a70b91c:0270a000	inventory-selection-renderer	0x87f270	0x880fbb	jle	0x880ffd	conditional-or-direct-control-edge
classic	PE:6a70b91c:0270a000	inventory-selection-renderer	0x87f270	0x881024	je	0x881151	conditional-or-direct-control-edge
classic	PE:6a70b91c:0270a000	inventory-selection-renderer	0x87f270	0x8810b1	jb	0x881132	conditional-or-direct-control-edge
classic	PE:6a70b91c:0270a000	inventory-selection-renderer	0x87f270	0x8810b8	js	0x8810ed	conditional-or-direct-control-edge
classic	PE:6a70b91c:0270a000	inventory-selection-renderer	0x87f270	0x8810c4	ja	0x8810de	conditional-or-direct-control-edge
classic	PE:6a70b91c:0270a000	inventory-selection-renderer	0x87f270	0x8810dc	jmp	0x8810ed	conditional-or-direct-control-edge
classic	PE:6a70b91c:0270a000	inventory-selection-renderer	0x87f270	0x8810f0	jle	0x881132	conditional-or-direct-control-edge
classic	PE:6a70b91c:0270a000	inventory-selection-renderer	0x87f270	0x88114f	jmp	0x88115b	conditional-or-direct-control-edge
classic	PE:6a70b91c:0270a000	inventory-selection-renderer	0x87f270	0x881176	je	0x881233	conditional-or-direct-control-edge
classic	PE:6a70b91c:0270a000	inventory-selection-renderer	0x87f270	0x8811c9	jne	0x8811a0	conditional-or-direct-control-edge
classic	PE:6a70b91c:0270a000	inventory-selection-renderer	0x87f270	0x8811db	jl	0x881190	conditional-or-direct-control-edge
classic	PE:6a70b91c:0270a000	inventory-selection-renderer	0x87f270	0x8811ed	jl	0x881237	conditional-or-direct-control-edge
classic	PE:6a70b91c:0270a000	inventory-selection-renderer	0x87f270	0x8811f8	jge	0x88123b	conditional-or-direct-control-edge
classic	PE:6a70b91c:0270a000	inventory-selection-renderer	0x87f270	0x881204	jl	0x88123b	conditional-or-direct-control-edge
classic	PE:6a70b91c:0270a000	inventory-selection-renderer	0x87f270	0x88120b	jge	0x88123b	conditional-or-direct-control-edge
classic	PE:6a70b91c:0270a000	inventory-selection-renderer	0x87f270	0x881231	jmp	0x88123b	conditional-or-direct-control-edge
classic	PE:6a70b91c:0270a000	inventory-selection-renderer	0x87f270	0x88123f	je	0x8812f3	conditional-or-direct-control-edge
classic	PE:6a70b91c:0270a000	inventory-selection-renderer	0x87f270	0x881289	jne	0x881260	conditional-or-direct-control-edge
classic	PE:6a70b91c:0270a000	inventory-selection-renderer	0x87f270	0x88129b	jl	0x881250	conditional-or-direct-control-edge
classic	PE:6a70b91c:0270a000	inventory-selection-renderer	0x87f270	0x8812ad	jl	0x8812f3	conditional-or-direct-control-edge
classic	PE:6a70b91c:0270a000	inventory-selection-renderer	0x87f270	0x8812b8	jge	0x8812f7	conditional-or-direct-control-edge
classic	PE:6a70b91c:0270a000	inventory-selection-renderer	0x87f270	0x8812c4	jl	0x8812f7	conditional-or-direct-control-edge
classic	PE:6a70b91c:0270a000	inventory-selection-renderer	0x87f270	0x8812cb	jge	0x8812f7	conditional-or-direct-control-edge
classic	PE:6a70b91c:0270a000	inventory-selection-renderer	0x87f270	0x8812f1	jmp	0x8812f7	conditional-or-direct-control-edge
classic	PE:6a70b91c:0270a000	inventory-selection-renderer	0x87f270	0x8812fb	je	0x8813b3	conditional-or-direct-control-edge
classic	PE:6a70b91c:0270a000	inventory-selection-renderer	0x87f270	0x881349	jne	0x881320	conditional-or-direct-control-edge
classic	PE:6a70b91c:0270a000	inventory-selection-renderer	0x87f270	0x88135b	jl	0x881310	conditional-or-direct-control-edge
classic	PE:6a70b91c:0270a000	inventory-selection-renderer	0x87f270	0x88136d	jl	0x8813b3	conditional-or-direct-control-edge
classic	PE:6a70b91c:0270a000	inventory-selection-renderer	0x87f270	0x881378	jge	0x8813b7	conditional-or-direct-control-edge
classic	PE:6a70b91c:0270a000	inventory-selection-renderer	0x87f270	0x881384	jl	0x8813b7	conditional-or-direct-control-edge
classic	PE:6a70b91c:0270a000	inventory-selection-renderer	0x87f270	0x88138b	jge	0x8813b7	conditional-or-direct-control-edge
classic	PE:6a70b91c:0270a000	inventory-selection-renderer	0x87f270	0x8813b1	jmp	0x8813b7	conditional-or-direct-control-edge
classic	PE:6a70b91c:0270a000	inventory-selection-renderer	0x87f270	0x8813bb	je	0x881473	conditional-or-direct-control-edge
classic	PE:6a70b91c:0270a000	inventory-selection-renderer	0x87f270	0x881409	jne	0x8813e0	conditional-or-direct-control-edge
classic	PE:6a70b91c:0270a000	inventory-selection-renderer	0x87f270	0x88141b	jl	0x8813d0	conditional-or-direct-control-edge
classic	PE:6a70b91c:0270a000	inventory-selection-renderer	0x87f270	0x88142d	jl	0x881473	conditional-or-direct-control-edge
classic	PE:6a70b91c:0270a000	inventory-selection-renderer	0x87f270	0x881438	jge	0x881477	conditional-or-direct-control-edge
classic	PE:6a70b91c:0270a000	inventory-selection-renderer	0x87f270	0x881444	jl	0x881477	conditional-or-direct-control-edge
classic	PE:6a70b91c:0270a000	inventory-selection-renderer	0x87f270	0x88144b	jge	0x881477	conditional-or-direct-control-edge
classic	PE:6a70b91c:0270a000	inventory-selection-renderer	0x87f270	0x881471	jmp	0x881477	conditional-or-direct-control-edge
classic	PE:6a70b91c:0270a000	inventory-selection-renderer	0x87f270	0x88147b	je	0x881533	conditional-or-direct-control-edge
classic	PE:6a70b91c:0270a000	inventory-selection-renderer	0x87f270	0x8814c9	jne	0x8814a0	conditional-or-direct-control-edge
classic	PE:6a70b91c:0270a000	inventory-selection-renderer	0x87f270	0x8814db	jl	0x881490	conditional-or-direct-control-edge
classic	PE:6a70b91c:0270a000	inventory-selection-renderer	0x87f270	0x8814ed	jl	0x881533	conditional-or-direct-control-edge
classic	PE:6a70b91c:0270a000	inventory-selection-renderer	0x87f270	0x8814f8	jge	0x881537	conditional-or-direct-control-edge
classic	PE:6a70b91c:0270a000	inventory-selection-renderer	0x87f270	0x881504	jl	0x881537	conditional-or-direct-control-edge
classic	PE:6a70b91c:0270a000	inventory-selection-renderer	0x87f270	0x88150b	jge	0x881537	conditional-or-direct-control-edge
classic	PE:6a70b91c:0270a000	inventory-selection-renderer	0x87f270	0x881531	jmp	0x881537	conditional-or-direct-control-edge
classic	PE:6a70b91c:0270a000	inventory-selection-renderer	0x87f270	0x88153b	je	0x8815f3	conditional-or-direct-control-edge
classic	PE:6a70b91c:0270a000	inventory-selection-renderer	0x87f270	0x881589	jne	0x881560	conditional-or-direct-control-edge
classic	PE:6a70b91c:0270a000	inventory-selection-renderer	0x87f270	0x88159b	jl	0x881550	conditional-or-direct-control-edge
classic	PE:6a70b91c:0270a000	inventory-selection-renderer	0x87f270	0x8815ad	jl	0x8815f3	conditional-or-direct-control-edge
classic	PE:6a70b91c:0270a000	inventory-selection-renderer	0x87f270	0x8815b8	jge	0x8815f7	conditional-or-direct-control-edge
classic	PE:6a70b91c:0270a000	inventory-selection-renderer	0x87f270	0x8815c4	jl	0x8815f7	conditional-or-direct-control-edge
classic	PE:6a70b91c:0270a000	inventory-selection-renderer	0x87f270	0x8815cb	jge	0x8815f7	conditional-or-direct-control-edge
classic	PE:6a70b91c:0270a000	inventory-selection-renderer	0x87f270	0x8815f1	jmp	0x8815f7	conditional-or-direct-control-edge
classic	PE:6a70b91c:0270a000	inventory-selection-renderer	0x87f270	0x8815fb	je	0x8816ab	conditional-or-direct-control-edge
classic	PE:6a70b91c:0270a000	inventory-selection-renderer	0x87f270	0x881649	jne	0x881620	conditional-or-direct-control-edge
classic	PE:6a70b91c:0270a000	inventory-selection-renderer	0x87f270	0x88165b	jl	0x881610	conditional-or-direct-control-edge
classic	PE:6a70b91c:0270a000	inventory-selection-renderer	0x87f270	0x881664	jl	0x8816ab	conditional-or-direct-control-edge
classic	PE:6a70b91c:0270a000	inventory-selection-renderer	0x87f270	0x881670	jge	0x8816af	conditional-or-direct-control-edge
classic	PE:6a70b91c:0270a000	inventory-selection-renderer	0x87f270	0x88167c	jl	0x8816af	conditional-or-direct-control-edge
classic	PE:6a70b91c:0270a000	inventory-selection-renderer	0x87f270	0x881683	jge	0x8816af	conditional-or-direct-control-edge
classic	PE:6a70b91c:0270a000	inventory-selection-renderer	0x87f270	0x8816a9	jmp	0x8816af	conditional-or-direct-control-edge
classic	PE:6a70b91c:0270a000	inventory-selection-renderer	0x87f270	0x8816e5	jl	0x880ce0	conditional-or-direct-control-edge
classic	PE:6a70b91c:0270a000	inventory-selection-renderer	0x87f270	0x881706	jle	0x88176c	conditional-or-direct-control-edge
classic	PE:6a70b91c:0270a000	item-location-label	0x138e870	0x138e8ab	jbe	0x138e8b0	conditional-or-direct-control-edge
classic	PE:6a70b91c:0270a000	item-location-label	0x138e870	0x138e8d2	ja	0x138f636	conditional-or-direct-control-edge
classic	PE:6a70b91c:0270a000	item-location-label	0x138e870	0x138e8e9	jmp	rcx	indirect-control-edge
classic	PE:6a70b91c:0270a000	item-location-label	0x138e870	0x138e8f2	jne	0x138e92d	conditional-or-direct-control-edge
classic	PE:6a70b91c:0270a000	item-location-label	0x138e870	0x138e917	je	0x138e92d	conditional-or-direct-control-edge
classic	PE:6a70b91c:0270a000	item-location-label	0x138e870	0x138e928	jmp	0x138f636	conditional-or-direct-control-edge
classic	PE:6a70b91c:0270a000	item-location-label	0x138e870	0x138e937	je	0x138e96b	conditional-or-direct-control-edge
classic	PE:6a70b91c:0270a000	item-location-label	0x138e870	0x138e94d	jne	0x138e95f	conditional-or-direct-control-edge
classic	PE:6a70b91c:0270a000	item-location-label	0x138e870	0x138e957	jne	0x138e95f	conditional-or-direct-control-edge
classic	PE:6a70b91c:0270a000	item-location-label	0x138e870	0x138e969	jne	0x138e972	conditional-or-direct-control-edge
classic	PE:6a70b91c:0270a000	item-location-label	0x138e870	0x138e97a	jmp	0x138f636	conditional-or-direct-control-edge
classic	PE:6a70b91c:0270a000	item-location-label	0x138e870	0x138e987	js	0x138eb91	conditional-or-direct-control-edge
classic	PE:6a70b91c:0270a000	item-location-label	0x138e870	0x138e9a8	jae	0x138eb91	conditional-or-direct-control-edge
classic	PE:6a70b91c:0270a000	item-location-label	0x138e870	0x138e9d5	je	0x138eb42	conditional-or-direct-control-edge
classic	PE:6a70b91c:0270a000	item-location-label	0x138e870	0x138e9df	jbe	0x138e9e4	conditional-or-direct-control-edge
classic	PE:6a70b91c:0270a000	item-location-label	0x138e870	0x138e9fc	jg	0x138ea07	conditional-or-direct-control-edge
classic	PE:6a70b91c:0270a000	item-location-label	0x138e870	0x138ea05	jmp	0x138ea0e	conditional-or-direct-control-edge
classic	PE:6a70b91c:0270a000	item-location-label	0x138e870	0x138ea1a	jbe	0x138ea1f	conditional-or-direct-control-edge
classic	PE:6a70b91c:0270a000	item-location-label	0x138e870	0x138ea2f	jmp	0x138f636	conditional-or-direct-control-edge
classic	PE:6a70b91c:0270a000	item-location-label	0x138e870	0x138ea48	je	0x138ea6a	conditional-or-direct-control-edge
classic	PE:6a70b91c:0270a000	item-location-label	0x138e870	0x138ea54	jne	0x138ea6a	conditional-or-direct-control-edge
classic	PE:6a70b91c:0270a000	item-location-label	0x138e870	0x138ea65	jmp	0x138f636	conditional-or-direct-control-edge
classic	PE:6a70b91c:0270a000	item-location-label	0x138e870	0x138ea8c	jmp	0x138f636	conditional-or-direct-control-edge
classic	PE:6a70b91c:0270a000	item-location-label	0x138e870	0x138ea99	js	0x138eb91	conditional-or-direct-control-edge
classic	PE:6a70b91c:0270a000	item-location-label	0x138e870	0x138eaba	jae	0x138eb91	conditional-or-direct-control-edge
classic	PE:6a70b91c:0270a000	item-location-label	0x138e870	0x138eae7	je	0x138eb42	conditional-or-direct-control-edge
classic	PE:6a70b91c:0270a000	item-location-label	0x138e870	0x138eaed	jbe	0x138eaf2	conditional-or-direct-control-edge
classic	PE:6a70b91c:0270a000	item-location-label	0x138e870	0x138eb0a	jg	0x138eb15	conditional-or-direct-control-edge
classic	PE:6a70b91c:0270a000	item-location-label	0x138e870	0x138eb13	jmp	0x138eb1c	conditional-or-direct-control-edge
classic	PE:6a70b91c:0270a000	item-location-label	0x138e870	0x138eb28	jbe	0x138eb2d	conditional-or-direct-control-edge
classic	PE:6a70b91c:0270a000	item-location-label	0x138e870	0x138eb3d	jmp	0x138f636	conditional-or-direct-control-edge
classic	PE:6a70b91c:0270a000	item-location-label	0x138e870	0x138eb46	jbe	0x138eb4b	conditional-or-direct-control-edge
classic	PE:6a70b91c:0270a000	item-location-label	0x138e870	0x138eb78	jle	0x138eba6	conditional-or-direct-control-edge
classic	PE:6a70b91c:0270a000	item-location-label	0x138e870	0x138eb8c	jmp	0x138f636	conditional-or-direct-control-edge
classic	PE:6a70b91c:0270a000	item-location-label	0x138e870	0x138ebae	jmp	0x138f636	conditional-or-direct-control-edge
classic	PE:6a70b91c:0270a000	item-location-label	0x138e870	0x138ebd0	js	0x138eda7	conditional-or-direct-control-edge
classic	PE:6a70b91c:0270a000	item-location-label	0x138e870	0x138ebf1	jae	0x138eda7	conditional-or-direct-control-edge
classic	PE:6a70b91c:0270a000	item-location-label	0x138e870	0x138ec18	je	0x138ec6d	conditional-or-direct-control-edge
classic	PE:6a70b91c:0270a000	item-location-label	0x138e870	0x138ec3c	jg	0x138ec47	conditional-or-direct-control-edge
classic	PE:6a70b91c:0270a000	item-location-label	0x138e870	0x138ec45	jmp	0x138ec4e	conditional-or-direct-control-edge
classic	PE:6a70b91c:0270a000	item-location-label	0x138e870	0x138ec5a	jbe	0x138ec5f	conditional-or-direct-control-edge
classic	PE:6a70b91c:0270a000	item-location-label	0x138e870	0x138ec68	jmp	0x138ee7d	conditional-or-direct-control-edge
classic	PE:6a70b91c:0270a000	item-location-label	0x138e870	0x138eca5	jle	0x138ee7d	conditional-or-direct-control-edge
classic	PE:6a70b91c:0270a000	item-location-label	0x138e870	0x138ecb6	jae	0x138ecd8	conditional-or-direct-control-edge
classic	PE:6a70b91c:0270a000	item-location-label	0x138e870	0x138ecd3	jmp	0x138ee7d	conditional-or-direct-control-edge
classic	PE:6a70b91c:0270a000	item-location-label	0x138e870	0x138ecec	jb	0x138f65d	conditional-or-direct-control-edge
classic	PE:6a70b91c:0270a000	item-location-label	0x138e870	0x138ed00	ja	0x138ed21	conditional-or-direct-control-edge
classic	PE:6a70b91c:0270a000	item-location-label	0x138e870	0x138ed11	ja	0x138ed21	conditional-or-direct-control-edge
classic	PE:6a70b91c:0270a000	item-location-label	0x138e870	0x138ed3f	jbe	0x138ed8e	conditional-or-direct-control-edge
classic	PE:6a70b91c:0270a000	item-location-label	0x138e870	0x138ed5f	jb	0x138ed7d	conditional-or-direct-control-edge
classic	PE:6a70b91c:0270a000	item-location-label	0x138e870	0x138ed74	ja	0x138f566	conditional-or-direct-control-edge
classic	PE:6a70b91c:0270a000	item-location-label	0x138e870	0x138ed89	jmp	0x138ee7d	conditional-or-direct-control-edge
classic	PE:6a70b91c:0270a000	item-location-label	0x138e870	0x138eda2	jmp	0x138ee7d	conditional-or-direct-control-edge
classic	PE:6a70b91c:0270a000	item-location-label	0x138e870	0x138edaf	jb	0x138ede4	conditional-or-direct-control-edge
classic	PE:6a70b91c:0270a000	item-location-label	0x138e870	0x138eddf	jmp	0x138ee7d	conditional-or-direct-control-edge
classic	PE:6a70b91c:0270a000	item-location-label	0x138e870	0x138edfd	ja	0x138ee0f	conditional-or-direct-control-edge
classic	PE:6a70b91c:0270a000	item-location-label	0x138e870	0x138ee45	jbe	0x138ee79	conditional-or-direct-control-edge
classic	PE:6a70b91c:0270a000	item-location-label	0x138e870	0x138ee59	jb	0x138ee74	conditional-or-direct-control-edge
classic	PE:6a70b91c:0270a000	item-location-label	0x138e870	0x138ee6e	ja	0x138f566	conditional-or-direct-control-edge
classic	PE:6a70b91c:0270a000	item-location-label	0x138e870	0x138eea0	jmp	0x138f636	conditional-or-direct-control-edge
classic	PE:6a70b91c:0270a000	item-location-label	0x138e870	0x138eed5	jmp	0x138ee7d	conditional-or-direct-control-edge
classic	PE:6a70b91c:0270a000	item-location-label	0x138e870	0x138eef4	js	0x138efe5	conditional-or-direct-control-edge
classic	PE:6a70b91c:0270a000	item-location-label	0x138e870	0x138ef15	jae	0x138efe5	conditional-or-direct-control-edge
classic	PE:6a70b91c:0270a000	item-location-label	0x138e870	0x138ef3c	je	0x138ef91	conditional-or-direct-control-edge
classic	PE:6a70b91c:0270a000	item-location-label	0x138e870	0x138ef60	jg	0x138ef6b	conditional-or-direct-control-edge
classic	PE:6a70b91c:0270a000	item-location-label	0x138e870	0x138ef69	jmp	0x138ef72	conditional-or-direct-control-edge
classic	PE:6a70b91c:0270a000	item-location-label	0x138e870	0x138ef7e	jbe	0x138ef83	conditional-or-direct-control-edge
classic	PE:6a70b91c:0270a000	item-location-label	0x138e870	0x138ef8c	jmp	0x138ee7d	conditional-or-direct-control-edge
classic	PE:6a70b91c:0270a000	item-location-label	0x138e870	0x138efc9	jle	0x138ee7d	conditional-or-direct-control-edge
classic	PE:6a70b91c:0270a000	item-location-label	0x138e870	0x138efda	jb	0x138ecb8	conditional-or-direct-control-edge
classic	PE:6a70b91c:0270a000	item-location-label	0x138e870	0x138efe0	jmp	0x138ecd8	conditional-or-direct-control-edge
classic	PE:6a70b91c:0270a000	item-location-label	0x138e870	0x138efed	jae	0x138edb1	conditional-or-direct-control-edge
classic	PE:6a70b91c:0270a000	item-location-label	0x138e870	0x138f00c	ja	0x138ee0f	conditional-or-direct-control-edge
classic	PE:6a70b91c:0270a000	item-location-label	0x138e870	0x138f016	jmp	0x138ee03	conditional-or-direct-control-edge
classic	PE:6a70b91c:0270a000	item-location-label	0x138e870	0x138f039	je	0x138f079	conditional-or-direct-control-edge
classic	PE:6a70b91c:0270a000	item-location-label	0x138e870	0x138f04b	je	0x138f053	conditional-or-direct-control-edge
classic	PE:6a70b91c:0270a000	item-location-label	0x138e870	0x138f051	jne	0x138f061	conditional-or-direct-control-edge
classic	PE:6a70b91c:0270a000	item-location-label	0x138e870	0x138f05b	je	0x138f108	conditional-or-direct-control-edge
classic	PE:6a70b91c:0270a000	item-location-label	0x138e870	0x138f077	jb	0x138f040	conditional-or-direct-control-edge
classic	PE:6a70b91c:0270a000	item-location-label	0x138e870	0x138f081	js	0x138eb91	conditional-or-direct-control-edge
classic	PE:6a70b91c:0270a000	item-location-label	0x138e870	0x138f0a2	jae	0x138eb91	conditional-or-direct-control-edge
classic	PE:6a70b91c:0270a000	item-location-label	0x138e870	0x138f0cf	je	0x138eb42	conditional-or-direct-control-edge
classic	PE:6a70b91c:0270a000	item-location-label	0x138e870	0x138f0d9	jbe	0x138f0de	conditional-or-direct-control-edge
classic	PE:6a70b91c:0270a000	item-location-label	0x138e870	0x138f0f6	jg	0x138eb15	conditional-or-direct-control-edge
classic	PE:6a70b91c:0270a000	item-location-label	0x138e870	0x138f103	jmp	0x138eb1c	conditional-or-direct-control-edge
classic	PE:6a70b91c:0270a000	item-location-label	0x138e870	0x138f115	je	0x138f079	conditional-or-direct-control-edge
classic	PE:6a70b91c:0270a000	item-location-label	0x138e870	0x138f134	jmp	0x138f636	conditional-or-direct-control-edge
classic	PE:6a70b91c:0270a000	item-location-label	0x138e870	0x138f149	jbe	0x138f14e	conditional-or-direct-control-edge
classic	PE:6a70b91c:0270a000	item-location-label	0x138e870	0x138f1c6	je	0x138f28e	conditional-or-direct-control-edge
classic	PE:6a70b91c:0270a000	item-location-label	0x138e870	0x138f1cf	je	0x138f274	conditional-or-direct-control-edge
classic	PE:6a70b91c:0270a000	item-location-label	0x138e870	0x138f1d8	jne	0x138f1c0	conditional-or-direct-control-edge
classic	PE:6a70b91c:0270a000	item-location-label	0x138e870	0x138f1f9	je	0x138f1c0	conditional-or-direct-control-edge
classic	PE:6a70b91c:0270a000	item-location-label	0x138e870	0x138f20a	jne	0x138f23e	conditional-or-direct-control-edge
classic	PE:6a70b91c:0270a000	item-location-label	0x138e870	0x138f210	js	0x138f23e	conditional-or-direct-control-edge
classic	PE:6a70b91c:0270a000	item-location-label	0x138e870	0x138f21f	jae	0x138f23e	conditional-or-direct-control-edge
classic	PE:6a70b91c:0270a000	item-location-label	0x138e870	0x138f229	jle	0x138f238	conditional-or-direct-control-edge
classic	PE:6a70b91c:0270a000	item-location-label	0x138e870	0x138f232	je	0x138f238	conditional-or-direct-control-edge
classic	PE:6a70b91c:0270a000	item-location-label	0x138e870	0x138f236	jmp	0x138f23a	conditional-or-direct-control-edge
classic	PE:6a70b91c:0270a000	item-location-label	0x138e870	0x138f23c	jne	0x138f25a	conditional-or-direct-control-edge
classic	PE:6a70b91c:0270a000	item-location-label	0x138e870	0x138f253	jb	0x138f205	conditional-or-direct-control-edge
classic	PE:6a70b91c:0270a000	item-location-label	0x138e870	0x138f255	jmp	0x138f1c0	conditional-or-direct-control-edge
classic	PE:6a70b91c:0270a000	item-location-label	0x138e870	0x138f26f	jmp	0x138f636	conditional-or-direct-control-edge
classic	PE:6a70b91c:0270a000	item-location-label	0x138e870	0x138f289	jmp	0x138f636	conditional-or-direct-control-edge
classic	PE:6a70b91c:0270a000	item-location-label	0x138e870	0x138f2a3	jmp	0x138f636	conditional-or-direct-control-edge
classic	PE:6a70b91c:0270a000	item-location-label	0x138e870	0x138f2c5	js	0x138f49d	conditional-or-direct-control-edge
classic	PE:6a70b91c:0270a000	item-location-label	0x138e870	0x138f2e6	jae	0x138f49d	conditional-or-direct-control-edge
classic	PE:6a70b91c:0270a000	item-location-label	0x138e870	0x138f30d	je	0x138f363	conditional-or-direct-control-edge
classic	PE:6a70b91c:0270a000	item-location-label	0x138e870	0x138f331	jg	0x138f34b	conditional-or-direct-control-edge
classic	PE:6a70b91c:0270a000	item-location-label	0x138e870	0x138f346	jmp	0x138f576	conditional-or-direct-control-edge
classic	PE:6a70b91c:0270a000	item-location-label	0x138e870	0x138f35e	jmp	0x138f576	conditional-or-direct-control-edge
classic	PE:6a70b91c:0270a000	item-location-label	0x138e870	0x138f39b	jle	0x138f576	conditional-or-direct-control-edge
classic	PE:6a70b91c:0270a000	item-location-label	0x138e870	0x138f3ac	jae	0x138f3ce	conditional-or-direct-control-edge
classic	PE:6a70b91c:0270a000	item-location-label	0x138e870	0x138f3c9	jmp	0x138f576	conditional-or-direct-control-edge
classic	PE:6a70b91c:0270a000	item-location-label	0x138e870	0x138f3e2	jb	0x138f65d	conditional-or-direct-control-edge
classic	PE:6a70b91c:0270a000	item-location-label	0x138e870	0x138f3f6	ja	0x138f417	conditional-or-direct-control-edge
classic	PE:6a70b91c:0270a000	item-location-label	0x138e870	0x138f407	ja	0x138f417	conditional-or-direct-control-edge
classic	PE:6a70b91c:0270a000	item-location-label	0x138e870	0x138f435	jbe	0x138f484	conditional-or-direct-control-edge
classic	PE:6a70b91c:0270a000	item-location-label	0x138e870	0x138f455	jb	0x138f473	conditional-or-direct-control-edge
classic	PE:6a70b91c:0270a000	item-location-label	0x138e870	0x138f46a	ja	0x138f566	conditional-or-direct-control-edge
classic	PE:6a70b91c:0270a000	item-location-label	0x138e870	0x138f47f	jmp	0x138f576	conditional-or-direct-control-edge
classic	PE:6a70b91c:0270a000	item-location-label	0x138e870	0x138f498	jmp	0x138f576	conditional-or-direct-control-edge
classic	PE:6a70b91c:0270a000	item-location-label	0x138e870	0x138f4a5	jb	0x138f4da	conditional-or-direct-control-edge
classic	PE:6a70b91c:0270a000	item-location-label	0x138e870	0x138f4d5	jmp	0x138f576	conditional-or-direct-control-edge
classic	PE:6a70b91c:0270a000	item-location-label	0x138e870	0x138f4f3	ja	0x138f505	conditional-or-direct-control-edge
classic	PE:6a70b91c:0270a000	item-location-label	0x138e870	0x138f53b	jbe	0x138f572	conditional-or-direct-control-edge
classic	PE:6a70b91c:0270a000	item-location-label	0x138e870	0x138f54f	jb	0x138f56d	conditional-or-direct-control-edge
classic	PE:6a70b91c:0270a000	item-location-label	0x138e870	0x138f564	jbe	0x138f56d	conditional-or-direct-control-edge
classic	PE:6a70b91c:0270a000	item-location-label	0x138e870	0x138f58b	jmp	0x138f636	conditional-or-direct-control-edge
classic	PE:6a70b91c:0270a000	item-location-label	0x138e870	0x138f5c0	jmp	0x138f576	conditional-or-direct-control-edge
classic	PE:6a70b91c:0270a000	item-location-label	0x138e870	0x138f5e6	je	0x138f636	conditional-or-direct-control-edge
classic	PE:6a70b91c:0270a000	inventory-item-caption	0x891a00	0x891a76	jbe	0x891aad	conditional-or-direct-control-edge
classic	PE:6a70b91c:0270a000	inventory-item-caption	0x891a00	0x891a8a	jb	0x891aa8	conditional-or-direct-control-edge
classic	PE:6a70b91c:0270a000	inventory-item-caption	0x891a00	0x891a9f	jbe	0x891aa8	conditional-or-direct-control-edge
classic	PE:6a70b91c:0270a000	complete-item-designation	0xc62490	0xc624c2	jbe	0xc624c7	conditional-or-direct-control-edge
classic	PE:6a70b91c:0270a000	complete-item-designation	0xc62490	0xc624d5	jae	0xc62527	conditional-or-direct-control-edge
classic	PE:6a70b91c:0270a000	complete-item-designation	0xc62490	0xc624e3	je	0xc624eb	conditional-or-direct-control-edge
classic	PE:6a70b91c:0270a000	complete-item-designation	0xc62490	0xc624e9	jmp	0xc624d2	conditional-or-direct-control-edge
classic	PE:6a70b91c:0270a000	complete-item-designation	0xc62490	0xc624f7	je	0xc62527	conditional-or-direct-control-edge
classic	PE:6a70b91c:0270a000	complete-item-designation	0xc62490	0xc62501	je	0xc62756	conditional-or-direct-control-edge
classic	PE:6a70b91c:0270a000	complete-item-designation	0xc62490	0xc62509	jne	0xc62756	conditional-or-direct-control-edge
classic	PE:6a70b91c:0270a000	complete-item-designation	0xc62490	0xc62522	jmp	0xa910b0	conditional-or-direct-control-edge
classic	PE:6a70b91c:0270a000	complete-item-designation	0xc62490	0xc6252d	jne	0xc62756	conditional-or-direct-control-edge
classic	PE:6a70b91c:0270a000	complete-item-designation	0xc62490	0xc62540	jne	0xc62558	conditional-or-direct-control-edge
classic	PE:6a70b91c:0270a000	complete-item-designation	0xc62490	0xc6254a	je	0xc62558	conditional-or-direct-control-edge
classic	PE:6a70b91c:0270a000	complete-item-designation	0xc62490	0xc62553	jmp	0xc62713	conditional-or-direct-control-edge
classic	PE:6a70b91c:0270a000	complete-item-designation	0xc62490	0xc62565	jne	0xc62756	conditional-or-direct-control-edge
classic	PE:6a70b91c:0270a000	complete-item-designation	0xc62490	0xc62583	jae	0xc6274f	conditional-or-direct-control-edge
classic	PE:6a70b91c:0270a000	complete-item-designation	0xc62490	0xc62595	jne	0xc62643	conditional-or-direct-control-edge
classic	PE:6a70b91c:0270a000	complete-item-designation	0xc62490	0xc625b0	je	0xc62643	conditional-or-direct-control-edge
classic	PE:6a70b91c:0270a000	complete-item-designation	0xc62490	0xc625d0	je	0xc62643	conditional-or-direct-control-edge
classic	PE:6a70b91c:0270a000	complete-item-designation	0xc62490	0xc625d9	jle	0xc62603	conditional-or-direct-control-edge
classic	PE:6a70b91c:0270a000	complete-item-designation	0xc62490	0xc62601	jg	0xc625e0	conditional-or-direct-control-edge
classic	PE:6a70b91c:0270a000	complete-item-designation	0xc62490	0xc6260a	je	0xc62643	conditional-or-direct-control-edge
classic	PE:6a70b91c:0270a000	complete-item-designation	0xc62490	0xc6260f	jge	0xc62643	conditional-or-direct-control-edge
classic	PE:6a70b91c:0270a000	complete-item-designation	0xc62490	0xc6261d	je	0xc6262c	conditional-or-direct-control-edge
classic	PE:6a70b91c:0270a000	complete-item-designation	0xc62490	0xc62628	jl	0xc62617	conditional-or-direct-control-edge
classic	PE:6a70b91c:0270a000	complete-item-designation	0xc62490	0xc6262a	jmp	0xc62643	conditional-or-direct-control-edge
classic	PE:6a70b91c:0270a000	complete-item-designation	0xc62490	0xc62636	je	0xc62643	conditional-or-direct-control-edge
classic	PE:6a70b91c:0270a000	complete-item-designation	0xc62490	0xc6263d	jne	0xc6270f	conditional-or-direct-control-edge
classic	PE:6a70b91c:0270a000	complete-item-designation	0xc62490	0xc6264f	jne	0xc62706	conditional-or-direct-control-edge
classic	PE:6a70b91c:0270a000	complete-item-designation	0xc62490	0xc6266a	je	0xc62706	conditional-or-direct-control-edge
classic	PE:6a70b91c:0270a000	complete-item-designation	0xc62490	0xc6268a	je	0xc62706	conditional-or-direct-control-edge
classic	PE:6a70b91c:0270a000	complete-item-designation	0xc62490	0xc62693	jle	0xc626c3	conditional-or-direct-control-edge
classic	PE:6a70b91c:0270a000	complete-item-designation	0xc62490	0xc626c1	jg	0xc626a0	conditional-or-direct-control-edge
classic	PE:6a70b91c:0270a000	complete-item-designation	0xc62490	0xc626ca	je	0xc62706	conditional-or-direct-control-edge
classic	PE:6a70b91c:0270a000	complete-item-designation	0xc62490	0xc626cf	jge	0xc62706	conditional-or-direct-control-edge
classic	PE:6a70b91c:0270a000	complete-item-designation	0xc62490	0xc626dd	je	0xc626f3	conditional-or-direct-control-edge
classic	PE:6a70b91c:0270a000	complete-item-designation	0xc62490	0xc626e8	jl	0xc626d7	conditional-or-direct-control-edge
classic	PE:6a70b91c:0270a000	complete-item-designation	0xc62490	0xc626ee	jmp	0xc62580	conditional-or-direct-control-edge
classic	PE:6a70b91c:0270a000	complete-item-designation	0xc62490	0xc626fd	je	0xc62706	conditional-or-direct-control-edge
classic	PE:6a70b91c:0270a000	complete-item-designation	0xc62490	0xc62704	jne	0xc6270f	conditional-or-direct-control-edge
classic	PE:6a70b91c:0270a000	complete-item-designation	0xc62490	0xc6270a	jmp	0xc62580	conditional-or-direct-control-edge
classic	PE:6a70b91c:0270a000	complete-item-designation	0xc62490	0xc62716	je	0xc6272e	conditional-or-direct-control-edge
classic	PE:6a70b91c:0270a000	complete-item-designation	0xc62490	0xc62721	jbe	0xc62726	conditional-or-direct-control-edge
classic	PE:6a70b91c:0270a000	complete-item-designation	0xc62490	0xc6274a	jmp	0x6f9a0	conditional-or-direct-control-edge
classic	PE:6a70b91c:0270a000	complete-item-designation	0xc62490	0xc62791	jne	0xc6279c	conditional-or-direct-control-edge
classic	PE:6a70b91c:0270a000	complete-item-designation	0xc62490	0xc627b8	jne	0xc62bf3	conditional-or-direct-control-edge
classic	PE:6a70b91c:0270a000	complete-item-designation	0xc62490	0xc627c5	jne	0xc627f7	conditional-or-direct-control-edge
classic	PE:6a70b91c:0270a000	complete-item-designation	0xc62490	0xc627d3	jae	0xc627f3	conditional-or-direct-control-edge
classic	PE:6a70b91c:0270a000	complete-item-designation	0xc62490	0xc627e1	je	0xc627e9	conditional-or-direct-control-edge
classic	PE:6a70b91c:0270a000	complete-item-designation	0xc62490	0xc627e7	jmp	0xc627d0	conditional-or-direct-control-edge
classic	PE:6a70b91c:0270a000	complete-item-designation	0xc62490	0xc627ff	je	0xc6280b	conditional-or-direct-control-edge
classic	PE:6a70b91c:0270a000	complete-item-designation	0xc62490	0xc62820	jl	0xc6285c	conditional-or-direct-control-edge
classic	PE:6a70b91c:0270a000	complete-item-designation	0xc62490	0xc62838	jne	0xc62830	conditional-or-direct-control-edge
classic	PE:6a70b91c:0270a000	complete-item-designation	0xc62490	0xc62858	jne	0xc62850	conditional-or-direct-control-edge
classic	PE:6a70b91c:0270a000	complete-item-designation	0xc62490	0xc6285a	jmp	0xc6289a	conditional-or-direct-control-edge
classic	PE:6a70b91c:0270a000	complete-item-designation	0xc62490	0xc62860	jne	0xc6287c	conditional-or-direct-control-edge
classic	PE:6a70b91c:0270a000	complete-item-designation	0xc62490	0xc62878	jne	0xc62870	conditional-or-direct-control-edge
classic	PE:6a70b91c:0270a000	complete-item-designation	0xc62490	0xc6287a	jmp	0xc6289a	conditional-or-direct-control-edge
classic	PE:6a70b91c:0270a000	complete-item-designation	0xc62490	0xc62880	jne	0xc628a6	conditional-or-direct-control-edge
classic	PE:6a70b91c:0270a000	complete-item-designation	0xc62490	0xc62898	jne	0xc62890	conditional-or-direct-control-edge
classic	PE:6a70b91c:0270a000	complete-item-designation	0xc62490	0xc628ad	jne	0xc62906	conditional-or-direct-control-edge
classic	PE:6a70b91c:0270a000	complete-item-designation	0xc62490	0xc628b7	je	0xc628da	conditional-or-direct-control-edge
classic	PE:6a70b91c:0270a000	complete-item-designation	0xc62490	0xc628cc	jne	0xc628c4	conditional-or-direct-control-edge
classic	PE:6a70b91c:0270a000	complete-item-designation	0xc62490	0xc628e2	je	0xc62906	conditional-or-direct-control-edge
classic	PE:6a70b91c:0270a000	complete-item-designation	0xc62490	0xc628f8	jne	0xc628f0	conditional-or-direct-control-edge
classic	PE:6a70b91c:0270a000	complete-item-designation	0xc62490	0xc62915	je	0xc62a07	conditional-or-direct-control-edge
classic	PE:6a70b91c:0270a000	complete-item-designation	0xc62490	0xc62922	jle	0xc629e6	conditional-or-direct-control-edge
classic	PE:6a70b91c:0270a000	complete-item-designation	0xc62490	0xc62932	je	0xc629e6	conditional-or-direct-control-edge
classic	PE:6a70b91c:0270a000	complete-item-designation	0xc62490	0xc6293d	jne	0xc6295c	conditional-or-direct-control-edge
classic	PE:6a70b91c:0270a000	complete-item-designation	0xc62490	0xc62958	jne	0xc62950	conditional-or-direct-control-edge
classic	PE:6a70b91c:0270a000	complete-item-designation	0xc62490	0xc6295a	jmp	0xc629da	conditional-or-direct-control-edge
classic	PE:6a70b91c:0270a000	complete-item-designation	0xc62490	0xc62961	jne	0xc6297c	conditional-or-direct-control-edge
classic	PE:6a70b91c:0270a000	complete-item-designation	0xc62490	0xc62978	jne	0xc62970	conditional-or-direct-control-edge
classic	PE:6a70b91c:0270a000	complete-item-designation	0xc62490	0xc6297a	jmp	0xc629da	conditional-or-direct-control-edge
classic	PE:6a70b91c:0270a000	complete-item-designation	0xc62490	0xc62981	jne	0xc6299c	conditional-or-direct-control-edge
classic	PE:6a70b91c:0270a000	complete-item-designation	0xc62490	0xc62998	jne	0xc62990	conditional-or-direct-control-edge
classic	PE:6a70b91c:0270a000	complete-item-designation	0xc62490	0xc6299a	jmp	0xc629da	conditional-or-direct-control-edge
classic	PE:6a70b91c:0270a000	complete-item-designation	0xc62490	0xc629a1	jne	0xc629bc	conditional-or-direct-control-edge
classic	PE:6a70b91c:0270a000	complete-item-designation	0xc62490	0xc629b8	jne	0xc629b0	conditional-or-direct-control-edge
classic	PE:6a70b91c:0270a000	complete-item-designation	0xc62490	0xc629ba	jmp	0xc629da	conditional-or-direct-control-edge
classic	PE:6a70b91c:0270a000	complete-item-designation	0xc62490	0xc629c1	jne	0xc629e6	conditional-or-direct-control-edge
classic	PE:6a70b91c:0270a000	complete-item-designation	0xc62490	0xc629d8	jne	0xc629d0	conditional-or-direct-control-edge
classic	PE:6a70b91c:0270a000	complete-item-designation	0xc62490	0xc629f9	jne	0xc629f1	conditional-or-direct-control-edge
classic	PE:6a70b91c:0270a000	complete-item-designation	0xc62490	0xc62a17	je	0xc62a3a	conditional-or-direct-control-edge
classic	PE:6a70b91c:0270a000	complete-item-designation	0xc62490	0xc62a2c	jne	0xc62a24	conditional-or-direct-control-edge
classic	PE:6a70b91c:0270a000	complete-item-designation	0xc62490	0xc62a3f	jne	0xc62a93	conditional-or-direct-control-edge
classic	PE:6a70b91c:0270a000	complete-item-designation	0xc62490	0xc62a58	jne	0xc62a50	conditional-or-direct-control-edge
classic	PE:6a70b91c:0270a000	complete-item-designation	0xc62490	0xc62a8e	jmp	0xc62c2a	conditional-or-direct-control-edge
classic	PE:6a70b91c:0270a000	complete-item-designation	0xc62490	0xc62a98	jne	0xc62ae8	conditional-or-direct-control-edge
classic	PE:6a70b91c:0270a000	complete-item-designation	0xc62490	0xc62aad	jne	0xc62aa5	conditional-or-direct-control-edge
classic	PE:6a70b91c:0270a000	complete-item-designation	0xc62490	0xc62ae3	jmp	0xc62c48	conditional-or-direct-control-edge
classic	PE:6a70b91c:0270a000	complete-item-designation	0xc62490	0xc62aed	jne	0xc62b43	conditional-or-direct-control-edge
classic	PE:6a70b91c:0270a000	complete-item-designation	0xc62490	0xc62b08	jne	0xc62b00	conditional-or-direct-control-edge
classic	PE:6a70b91c:0270a000	complete-item-designation	0xc62490	0xc62b3e	jmp	0xc62c66	conditional-or-direct-control-edge
classic	PE:6a70b91c:0270a000	complete-item-designation	0xc62490	0xc62b48	jne	0xc62b98	conditional-or-direct-control-edge
classic	PE:6a70b91c:0270a000	complete-item-designation	0xc62490	0xc62b5d	jne	0xc62b55	conditional-or-direct-control-edge
classic	PE:6a70b91c:0270a000	complete-item-designation	0xc62490	0xc62b93	jmp	0xc62c84	conditional-or-direct-control-edge
classic	PE:6a70b91c:0270a000	complete-item-designation	0xc62490	0xc62b9d	jne	0xc62bf3	conditional-or-direct-control-edge
classic	PE:6a70b91c:0270a000	complete-item-designation	0xc62490	0xc62bb8	jne	0xc62bb0	conditional-or-direct-control-edge
classic	PE:6a70b91c:0270a000	complete-item-designation	0xc62490	0xc62bee	jmp	0xc62ca3	conditional-or-direct-control-edge
classic	PE:6a70b91c:0270a000	complete-item-designation	0xc62490	0xc62c09	jne	0xc62f33	conditional-or-direct-control-edge
classic	PE:6a70b91c:0270a000	complete-item-designation	0xc62490	0xc62c28	jne	0xc62c41	conditional-or-direct-control-edge
classic	PE:6a70b91c:0270a000	complete-item-designation	0xc62490	0xc62c3d	jne	0xc62c35	conditional-or-direct-control-edge
classic	PE:6a70b91c:0270a000	complete-item-designation	0xc62490	0xc62c3f	jmp	0xc62cba	conditional-or-direct-control-edge
classic	PE:6a70b91c:0270a000	complete-item-designation	0xc62490	0xc62c46	jne	0xc62c5f	conditional-or-direct-control-edge
classic	PE:6a70b91c:0270a000	complete-item-designation	0xc62490	0xc62c5b	jne	0xc62c53	conditional-or-direct-control-edge
classic	PE:6a70b91c:0270a000	complete-item-designation	0xc62490	0xc62c5d	jmp	0xc62cba	conditional-or-direct-control-edge
classic	PE:6a70b91c:0270a000	complete-item-designation	0xc62490	0xc62c64	jne	0xc62c7d	conditional-or-direct-control-edge
classic	PE:6a70b91c:0270a000	complete-item-designation	0xc62490	0xc62c79	jne	0xc62c71	conditional-or-direct-control-edge
classic	PE:6a70b91c:0270a000	complete-item-designation	0xc62490	0xc62c7b	jmp	0xc62cba	conditional-or-direct-control-edge
classic	PE:6a70b91c:0270a000	complete-item-designation	0xc62490	0xc62c82	jne	0xc62c9c	conditional-or-direct-control-edge
classic	PE:6a70b91c:0270a000	complete-item-designation	0xc62490	0xc62c98	jne	0xc62c90	conditional-or-direct-control-edge
classic	PE:6a70b91c:0270a000	complete-item-designation	0xc62490	0xc62c9a	jmp	0xc62cba	conditional-or-direct-control-edge
classic	PE:6a70b91c:0270a000	complete-item-designation	0xc62490	0xc62ca1	jne	0xc62cc6	conditional-or-direct-control-edge
classic	PE:6a70b91c:0270a000	complete-item-designation	0xc62490	0xc62cb8	jne	0xc62cb0	conditional-or-direct-control-edge
classic	PE:6a70b91c:0270a000	complete-item-designation	0xc62490	0xc62cd6	je	0xc62cf9	conditional-or-direct-control-edge
classic	PE:6a70b91c:0270a000	complete-item-designation	0xc62490	0xc62ceb	jne	0xc62ce3	conditional-or-direct-control-edge
classic	PE:6a70b91c:0270a000	complete-item-designation	0xc62490	0xc62d08	je	0xc62df6	conditional-or-direct-control-edge
classic	PE:6a70b91c:0270a000	complete-item-designation	0xc62490	0xc62d28	jne	0xc62d20	conditional-or-direct-control-edge
classic	PE:6a70b91c:0270a000	complete-item-designation	0xc62490	0xc62d3d	jle	0xc62df6	conditional-or-direct-control-edge
classic	PE:6a70b91c:0270a000	complete-item-designation	0xc62490	0xc62d4d	je	0xc62df6	conditional-or-direct-control-edge
classic	PE:6a70b91c:0270a000	complete-item-designation	0xc62490	0xc62d58	jne	0xc62d71	conditional-or-direct-control-edge
classic	PE:6a70b91c:0270a000	complete-item-designation	0xc62490	0xc62d6d	jne	0xc62d65	conditional-or-direct-control-edge
classic	PE:6a70b91c:0270a000	complete-item-designation	0xc62490	0xc62d6f	jmp	0xc62dea	conditional-or-direct-control-edge
classic	PE:6a70b91c:0270a000	complete-item-designation	0xc62490	0xc62d76	jne	0xc62d8f	conditional-or-direct-control-edge
classic	PE:6a70b91c:0270a000	complete-item-designation	0xc62490	0xc62d8b	jne	0xc62d83	conditional-or-direct-control-edge
classic	PE:6a70b91c:0270a000	complete-item-designation	0xc62490	0xc62d8d	jmp	0xc62dea	conditional-or-direct-control-edge
classic	PE:6a70b91c:0270a000	complete-item-designation	0xc62490	0xc62d94	jne	0xc62dad	conditional-or-direct-control-edge
classic	PE:6a70b91c:0270a000	complete-item-designation	0xc62490	0xc62da9	jne	0xc62da1	conditional-or-direct-control-edge
classic	PE:6a70b91c:0270a000	complete-item-designation	0xc62490	0xc62dab	jmp	0xc62dea	conditional-or-direct-control-edge
classic	PE:6a70b91c:0270a000	complete-item-designation	0xc62490	0xc62db2	jne	0xc62dcc	conditional-or-direct-control-edge
classic	PE:6a70b91c:0270a000	complete-item-designation	0xc62490	0xc62dc8	jne	0xc62dc0	conditional-or-direct-control-edge
classic	PE:6a70b91c:0270a000	complete-item-designation	0xc62490	0xc62dca	jmp	0xc62dea	conditional-or-direct-control-edge
classic	PE:6a70b91c:0270a000	complete-item-designation	0xc62490	0xc62dd1	jne	0xc62df6	conditional-or-direct-control-edge
classic	PE:6a70b91c:0270a000	complete-item-designation	0xc62490	0xc62de8	jne	0xc62de0	conditional-or-direct-control-edge
classic	PE:6a70b91c:0270a000	complete-item-designation	0xc62490	0xc62dfd	jne	0xc62e56	conditional-or-direct-control-edge
classic	PE:6a70b91c:0270a000	complete-item-designation	0xc62490	0xc62e07	je	0xc62e2a	conditional-or-direct-control-edge
classic	PE:6a70b91c:0270a000	complete-item-designation	0xc62490	0xc62e1c	jne	0xc62e14	conditional-or-direct-control-edge
classic	PE:6a70b91c:0270a000	complete-item-designation	0xc62490	0xc62e32	je	0xc62e56	conditional-or-direct-control-edge
classic	PE:6a70b91c:0270a000	complete-item-designation	0xc62490	0xc62e48	jne	0xc62e40	conditional-or-direct-control-edge
classic	PE:6a70b91c:0270a000	complete-item-designation	0xc62490	0xc62e5a	jl	0xc62e9b	conditional-or-direct-control-edge
classic	PE:6a70b91c:0270a000	complete-item-designation	0xc62490	0xc62e78	jne	0xc62e70	conditional-or-direct-control-edge
classic	PE:6a70b91c:0270a000	complete-item-designation	0xc62490	0xc62e97	jne	0xc62e90	conditional-or-direct-control-edge
classic	PE:6a70b91c:0270a000	complete-item-designation	0xc62490	0xc62e99	jmp	0xc62ed9	conditional-or-direct-control-edge
classic	PE:6a70b91c:0270a000	complete-item-designation	0xc62490	0xc62e9f	jne	0xc62ebb	conditional-or-direct-control-edge
classic	PE:6a70b91c:0270a000	complete-item-designation	0xc62490	0xc62eb7	jne	0xc62eb0	conditional-or-direct-control-edge
classic	PE:6a70b91c:0270a000	complete-item-designation	0xc62490	0xc62eb9	jmp	0xc62ed9	conditional-or-direct-control-edge
classic	PE:6a70b91c:0270a000	complete-item-designation	0xc62490	0xc62ebf	jne	0xc62ee8	conditional-or-direct-control-edge
classic	PE:6a70b91c:0270a000	complete-item-designation	0xc62490	0xc62ed7	jne	0xc62ed0	conditional-or-direct-control-edge
classic	PE:6a70b91c:0270a000	complete-item-designation	0xc62490	0xc62ef0	je	0xc62efc	conditional-or-direct-control-edge
classic	PE:6a70b91c:0270a000	complete-item-designation	0xc62490	0xc62f03	jne	0xc62f33	conditional-or-direct-control-edge
classic	PE:6a70b91c:0270a000	complete-item-designation	0xc62490	0xc62f13	jae	0xc62f33	conditional-or-direct-control-edge
classic	PE:6a70b91c:0270a000	complete-item-designation	0xc62490	0xc62f21	je	0xc62f29	conditional-or-direct-control-edge
classic	PE:6a70b91c:0270a000	complete-item-designation	0xc62490	0xc62f27	jmp	0xc62f10	conditional-or-direct-control-edge
classic	PE:6a70b91c:0270a000	coin-title	0xc9dd40	0xc9dd65	je	0xc9dd77	conditional-or-direct-control-edge
classic	PE:6a70b91c:0270a000	coin-title	0xc9dd40	0xc9dd90	jmp	0xca2bf0	conditional-or-direct-control-edge
classic	PE:6a70b91c:0270a000	coin-identity	0x5bc390	0x5bc3c9	je	0x5bc88d	conditional-or-direct-control-edge
classic	PE:6a70b91c:0270a000	coin-identity	0x5bc390	0x5bc3e3	je	0x5bc3f6	conditional-or-direct-control-edge
classic	PE:6a70b91c:0270a000	coin-identity	0x5bc390	0x5bc3f4	jmp	0x5bc3f9	conditional-or-direct-control-edge
classic	PE:6a70b91c:0270a000	coin-identity	0x5bc390	0x5bc436	jb	0x5bc8ba	conditional-or-direct-control-edge
classic	PE:6a70b91c:0270a000	coin-identity	0x5bc390	0x5bc466	jbe	0x5bc493	conditional-or-direct-control-edge
classic	PE:6a70b91c:0270a000	coin-identity	0x5bc390	0x5bc471	jbe	0x5bc478	conditional-or-direct-control-edge
classic	PE:6a70b91c:0270a000	coin-identity	0x5bc390	0x5bc476	jmp	0x5bc47f	conditional-or-direct-control-edge
classic	PE:6a70b91c:0270a000	coin-identity	0x5bc390	0x5bc4da	jbe	0x5bc50d	conditional-or-direct-control-edge
classic	PE:6a70b91c:0270a000	coin-identity	0x5bc390	0x5bc4ed	jb	0x5bc508	conditional-or-direct-control-edge
classic	PE:6a70b91c:0270a000	coin-identity	0x5bc390	0x5bc502	ja	0x5bc676	conditional-or-direct-control-edge
classic	PE:6a70b91c:0270a000	coin-identity	0x5bc390	0x5bc518	jle	0x5bc6cb	conditional-or-direct-control-edge
classic	PE:6a70b91c:0270a000	coin-identity	0x5bc390	0x5bc529	je	0x5bc6cb	conditional-or-direct-control-edge
classic	PE:6a70b91c:0270a000	coin-identity	0x5bc390	0x5bc535	je	0x5bc686	conditional-or-direct-control-edge
classic	PE:6a70b91c:0270a000	coin-identity	0x5bc390	0x5bc573	jb	0x5bc8c0	conditional-or-direct-control-edge
classic	PE:6a70b91c:0270a000	coin-identity	0x5bc390	0x5bc5a0	jbe	0x5bc5d0	conditional-or-direct-control-edge
classic	PE:6a70b91c:0270a000	coin-identity	0x5bc390	0x5bc5ac	jbe	0x5bc5b3	conditional-or-direct-control-edge
classic	PE:6a70b91c:0270a000	coin-identity	0x5bc390	0x5bc5b1	jmp	0x5bc5c0	conditional-or-direct-control-edge
classic	PE:6a70b91c:0270a000	coin-identity	0x5bc390	0x5bc614	jbe	0x5bc64b	conditional-or-direct-control-edge
classic	PE:6a70b91c:0270a000	coin-identity	0x5bc390	0x5bc627	jb	0x5bc645	conditional-or-direct-control-edge
classic	PE:6a70b91c:0270a000	coin-identity	0x5bc390	0x5bc63c	jbe	0x5bc645	conditional-or-direct-control-edge
classic	PE:6a70b91c:0270a000	coin-identity	0x5bc390	0x5bc64f	jbe	0x5bc686	conditional-or-direct-control-edge
classic	PE:6a70b91c:0270a000	coin-identity	0x5bc390	0x5bc65f	jb	0x5bc67d	conditional-or-direct-control-edge
classic	PE:6a70b91c:0270a000	coin-identity	0x5bc390	0x5bc674	jbe	0x5bc67d	conditional-or-direct-control-edge
classic	PE:6a70b91c:0270a000	coin-identity	0x5bc390	0x5bc68e	jbe	0x5bc88d	conditional-or-direct-control-edge
classic	PE:6a70b91c:0270a000	coin-identity	0x5bc390	0x5bc6a5	jb	0x5bc888	conditional-or-direct-control-edge
classic	PE:6a70b91c:0270a000	coin-identity	0x5bc390	0x5bc6be	jbe	0x5bc888	conditional-or-direct-control-edge
classic	PE:6a70b91c:0270a000	coin-identity	0x5bc390	0x5bc6d3	je	0x5bc686	conditional-or-direct-control-edge
classic	PE:6a70b91c:0270a000	coin-identity	0x5bc390	0x5bc6ed	je	0x5bc72c	conditional-or-direct-control-edge
classic	PE:6a70b91c:0270a000	coin-identity	0x5bc390	0x5bc6f6	js	0x5bc72c	conditional-or-direct-control-edge
classic	PE:6a70b91c:0270a000	coin-identity	0x5bc390	0x5bc714	je	0x5bc72e	conditional-or-direct-control-edge
classic	PE:6a70b91c:0270a000	coin-identity	0x5bc390	0x5bc72a	jle	0x5bc700	conditional-or-direct-control-edge
classic	PE:6a70b91c:0270a000	coin-identity	0x5bc390	0x5bc731	je	0x5bc686	conditional-or-direct-control-edge
classic	PE:6a70b91c:0270a000	coin-identity	0x5bc390	0x5bc773	jb	0x5bc8b4	conditional-or-direct-control-edge
classic	PE:6a70b91c:0270a000	coin-identity	0x5bc390	0x5bc79a	jbe	0x5bc7ca	conditional-or-direct-control-edge
classic	PE:6a70b91c:0270a000	coin-identity	0x5bc390	0x5bc7a6	jbe	0x5bc7ad	conditional-or-direct-control-edge
classic	PE:6a70b91c:0270a000	coin-identity	0x5bc390	0x5bc7ab	jmp	0x5bc7ba	conditional-or-direct-control-edge
classic	PE:6a70b91c:0270a000	coin-identity	0x5bc390	0x5bc80c	jbe	0x5bc843	conditional-or-direct-control-edge
classic	PE:6a70b91c:0270a000	coin-identity	0x5bc390	0x5bc81f	jb	0x5bc83d	conditional-or-direct-control-edge
classic	PE:6a70b91c:0270a000	coin-identity	0x5bc390	0x5bc834	jbe	0x5bc83d	conditional-or-direct-control-edge
classic	PE:6a70b91c:0270a000	coin-identity	0x5bc390	0x5bc84b	jbe	0x5bc686	conditional-or-direct-control-edge
classic	PE:6a70b91c:0270a000	coin-identity	0x5bc390	0x5bc862	jb	0x5bc680	conditional-or-direct-control-edge
classic	PE:6a70b91c:0270a000	coin-identity	0x5bc390	0x5bc87b	jbe	0x5bc680	conditional-or-direct-control-edge
classic	PE:6a70b91c:0270a000	coin-material-noun	0xca2bf0	0xca2c1b	jae	0xca2c3f	conditional-or-direct-control-edge
classic	PE:6a70b91c:0270a000	coin-material-noun	0xca2bf0	0xca2c29	je	0xca2c31	conditional-or-direct-control-edge
classic	PE:6a70b91c:0270a000	coin-material-noun	0xca2bf0	0xca2c2f	jmp	0xca2c18	conditional-or-direct-control-edge
classic	PE:6a70b91c:0270a000	coin-material-noun	0xca2bf0	0xca2c3d	jmp	0xca2c41	conditional-or-direct-control-edge
classic	PE:6a70b91c:0270a000	coin-material-noun	0xca2bf0	0xca2c51	jne	0xca2ca4	conditional-or-direct-control-edge
classic	PE:6a70b91c:0270a000	coin-material-noun	0xca2bf0	0xca2c9f	jmp	0xca2d32	conditional-or-direct-control-edge
classic	PE:6a70b91c:0270a000	coin-material-noun	0xca2bf0	0xca2cc9	jne	0xca2cfb	conditional-or-direct-control-edge
classic	PE:6a70b91c:0270a000	coin-material-noun	0xca2bf0	0xca2cf9	jmp	0xca2d32	conditional-or-direct-control-edge
classic	PE:6a70b91c:0270a000	inventory-body-part-name	0x132f540	0x132f561	js	0x132f74d	conditional-or-direct-control-edge
classic	PE:6a70b91c:0270a000	inventory-body-part-name	0x132f540	0x132f583	jae	0x132f74d	conditional-or-direct-control-edge
classic	PE:6a70b91c:0270a000	inventory-body-part-name	0x132f540	0x132f5a2	je	0x132f6da	conditional-or-direct-control-edge
classic	PE:6a70b91c:0270a000	inventory-body-part-name	0x132f540	0x132f5ab	jle	0x132f618	conditional-or-direct-control-edge
classic	PE:6a70b91c:0270a000	inventory-body-part-name	0x132f540	0x132f5b0	jbe	0x132f618	conditional-or-direct-control-edge
classic	PE:6a70b91c:0270a000	inventory-body-part-name	0x132f540	0x132f5b8	jne	0x132f5e9	conditional-or-direct-control-edge
classic	PE:6a70b91c:0270a000	inventory-body-part-name	0x132f540	0x132f5c8	je	0x132f774	conditional-or-direct-control-edge
classic	PE:6a70b91c:0270a000	inventory-body-part-name	0x132f540	0x132f5d7	jbe	0x132f5dc	conditional-or-direct-control-edge
classic	PE:6a70b91c:0270a000	inventory-body-part-name	0x132f540	0x132f5e4	jmp	0x132f774	conditional-or-direct-control-edge
classic	PE:6a70b91c:0270a000	inventory-body-part-name	0x132f540	0x132f5f7	je	0x132f774	conditional-or-direct-control-edge
classic	PE:6a70b91c:0270a000	inventory-body-part-name	0x132f540	0x132f606	jbe	0x132f60b	conditional-or-direct-control-edge
classic	PE:6a70b91c:0270a000	inventory-body-part-name	0x132f540	0x132f613	jmp	0x132f774	conditional-or-direct-control-edge
classic	PE:6a70b91c:0270a000	inventory-body-part-name	0x132f540	0x132f628	jbe	0x132f62d	conditional-or-direct-control-edge
classic	PE:6a70b91c:0270a000	inventory-body-part-name	0x132f540	0x132f633	jle	0x132f649	conditional-or-direct-control-edge
classic	PE:6a70b91c:0270a000	inventory-body-part-name	0x132f540	0x132f651	je	0x132f6a7	conditional-or-direct-control-edge
classic	PE:6a70b91c:0270a000	inventory-body-part-name	0x132f540	0x132f655	jne	0x132f674	conditional-or-direct-control-edge
classic	PE:6a70b91c:0270a000	inventory-body-part-name	0x132f540	0x132f66c	jle	0x132f674	conditional-or-direct-control-edge
classic	PE:6a70b91c:0270a000	inventory-body-part-name	0x132f540	0x132f672	je	0x132f6a7	conditional-or-direct-control-edge
classic	PE:6a70b91c:0270a000	inventory-body-part-name	0x132f540	0x132f695	jbe	0x132f69a	conditional-or-direct-control-edge
classic	PE:6a70b91c:0270a000	inventory-body-part-name	0x132f540	0x132f6a2	jmp	0x132f774	conditional-or-direct-control-edge
classic	PE:6a70b91c:0270a000	inventory-body-part-name	0x132f540	0x132f6c8	jbe	0x132f6cd	conditional-or-direct-control-edge
classic	PE:6a70b91c:0270a000	inventory-body-part-name	0x132f540	0x132f6d5	jmp	0x132f774	conditional-or-direct-control-edge
classic	PE:6a70b91c:0270a000	inventory-body-part-name	0x132f540	0x132f6ea	jbe	0x132f6ef	conditional-or-direct-control-edge
classic	PE:6a70b91c:0270a000	inventory-body-part-name	0x132f540	0x132f6f5	jle	0x132f70b	conditional-or-direct-control-edge
classic	PE:6a70b91c:0270a000	inventory-body-part-name	0x132f540	0x132f728	je	0x132f76a	conditional-or-direct-control-edge
classic	PE:6a70b91c:0270a000	inventory-body-part-name	0x132f540	0x132f72c	jne	0x132f774	conditional-or-direct-control-edge
classic	PE:6a70b91c:0270a000	inventory-body-part-name	0x132f540	0x132f743	jle	0x132f774	conditional-or-direct-control-edge
classic	PE:6a70b91c:0270a000	inventory-body-part-name	0x132f540	0x132f749	je	0x132f76a	conditional-or-direct-control-edge
classic	PE:6a70b91c:0270a000	inventory-body-part-name	0x132f540	0x132f74b	jmp	0x132f774	conditional-or-direct-control-edge
classic	PE:6a70b91c:0270a000	inventory-body-part-name	0x132f540	0x132f768	jne	0x132f774	conditional-or-direct-control-edge
classic	PE:6a70b91c:0270a000	inventory-icon-getter	0x7deb90	0x7deb97	jne	0xc79c00	conditional-or-direct-control-edge
classic	PE:6a70b91c:0270a000	shortcut-binding-display-name	0x8ea360	0x8ea3ae	jne	0x8ea3c7	conditional-or-direct-control-edge
classic	PE:6a70b91c:0270a000	shortcut-binding-display-name	0x8ea360	0x8ea3b3	jge	0x8ea3bb	conditional-or-direct-control-edge
classic	PE:6a70b91c:0270a000	shortcut-binding-display-name	0x8ea360	0x8ea3b9	jmp	0x8ea3c1	conditional-or-direct-control-edge
classic	PE:6a70b91c:0270a000	shortcut-binding-display-name	0x8ea360	0x8ea3c5	je	0x8ea3b0	conditional-or-direct-control-edge
classic	PE:6a70b91c:0270a000	shortcut-binding-display-name	0x8ea360	0x8ea3cb	jne	0x8ea3d2	conditional-or-direct-control-edge
classic	PE:6a70b91c:0270a000	shortcut-binding-display-name	0x8ea360	0x8ea3d0	jge	0x8ea3d5	conditional-or-direct-control-edge
classic	PE:6a70b91c:0270a000	shortcut-binding-display-name	0x8ea360	0x8ea3d8	je	0x8ea3f8	conditional-or-direct-control-edge
classic	PE:6a70b91c:0270a000	shortcut-binding-display-name	0x8ea360	0x8ea3de	je	0x8ea3f8	conditional-or-direct-control-edge
classic	PE:6a70b91c:0270a000	shortcut-binding-display-name	0x8ea360	0x8ea3f3	jmp	0x8ea625	conditional-or-direct-control-edge
classic	PE:6a70b91c:0270a000	shortcut-binding-display-name	0x8ea360	0x8ea41b	jne	0x8ea449	conditional-or-direct-control-edge
classic	PE:6a70b91c:0270a000	shortcut-binding-display-name	0x8ea360	0x8ea428	jge	0x8ea435	conditional-or-direct-control-edge
classic	PE:6a70b91c:0270a000	shortcut-binding-display-name	0x8ea360	0x8ea433	jmp	0x8ea443	conditional-or-direct-control-edge
classic	PE:6a70b91c:0270a000	shortcut-binding-display-name	0x8ea360	0x8ea447	je	0x8ea420	conditional-or-direct-control-edge
classic	PE:6a70b91c:0270a000	shortcut-binding-display-name	0x8ea360	0x8ea44d	jne	0x8ea454	conditional-or-direct-control-edge
classic	PE:6a70b91c:0270a000	shortcut-binding-display-name	0x8ea360	0x8ea452	jge	0x8ea4cf	conditional-or-direct-control-edge
classic	PE:6a70b91c:0270a000	shortcut-binding-display-name	0x8ea360	0x8ea465	je	0x8ea65c	conditional-or-direct-control-edge
classic	PE:6a70b91c:0270a000	shortcut-binding-display-name	0x8ea360	0x8ea4eb	jb	0x8ea656	conditional-or-direct-control-edge
classic	PE:6a70b91c:0270a000	shortcut-binding-display-name	0x8ea360	0x8ea4f6	jbe	0x8ea4fb	conditional-or-direct-control-edge
classic	PE:6a70b91c:0270a000	shortcut-binding-display-name	0x8ea360	0x8ea51d	jbe	0x8ea54d	conditional-or-direct-control-edge
classic	PE:6a70b91c:0270a000	shortcut-binding-display-name	0x8ea360	0x8ea529	jbe	0x8ea530	conditional-or-direct-control-edge
classic	PE:6a70b91c:0270a000	shortcut-binding-display-name	0x8ea360	0x8ea52e	jmp	0x8ea53c	conditional-or-direct-control-edge
classic	PE:6a70b91c:0270a000	shortcut-binding-display-name	0x8ea360	0x8ea5d3	jbe	0x8ea60a	conditional-or-direct-control-edge
classic	PE:6a70b91c:0270a000	shortcut-binding-display-name	0x8ea360	0x8ea5e7	jb	0x8ea605	conditional-or-direct-control-edge
classic	PE:6a70b91c:0270a000	shortcut-binding-display-name	0x8ea360	0x8ea5fc	jbe	0x8ea605	conditional-or-direct-control-edge
classic	PE:6a70b91c:0270a000	inventory-view-contaminant-caption	0x836b20	0x836b52	je	0x836ec6	conditional-or-direct-control-edge
classic	PE:6a70b91c:0270a000	inventory-view-contaminant-caption	0x836b20	0x836b5f	je	0x836ec6	conditional-or-direct-control-edge
classic	PE:6a70b91c:0270a000	inventory-view-contaminant-caption	0x836b20	0x836b93	js	0x836d6a	conditional-or-direct-control-edge
classic	PE:6a70b91c:0270a000	inventory-view-contaminant-caption	0x836b20	0x836bb4	jae	0x836d6a	conditional-or-direct-control-edge
classic	PE:6a70b91c:0270a000	inventory-view-contaminant-caption	0x836b20	0x836bdb	je	0x836c30	conditional-or-direct-control-edge
classic	PE:6a70b91c:0270a000	inventory-view-contaminant-caption	0x836b20	0x836bff	jg	0x836c0a	conditional-or-direct-control-edge
classic	PE:6a70b91c:0270a000	inventory-view-contaminant-caption	0x836b20	0x836c08	jmp	0x836c11	conditional-or-direct-control-edge
classic	PE:6a70b91c:0270a000	inventory-view-contaminant-caption	0x836b20	0x836c1d	jbe	0x836c22	conditional-or-direct-control-edge
classic	PE:6a70b91c:0270a000	inventory-view-contaminant-caption	0x836b20	0x836c2b	jmp	0x836e43	conditional-or-direct-control-edge
classic	PE:6a70b91c:0270a000	inventory-view-contaminant-caption	0x836b20	0x836c68	jle	0x836e43	conditional-or-direct-control-edge
classic	PE:6a70b91c:0270a000	inventory-view-contaminant-caption	0x836b20	0x836c79	jae	0x836c9b	conditional-or-direct-control-edge
classic	PE:6a70b91c:0270a000	inventory-view-contaminant-caption	0x836b20	0x836c96	jmp	0x836e43	conditional-or-direct-control-edge
classic	PE:6a70b91c:0270a000	inventory-view-contaminant-caption	0x836b20	0x836caf	jb	0x836eeb	conditional-or-direct-control-edge
classic	PE:6a70b91c:0270a000	inventory-view-contaminant-caption	0x836b20	0x836cc3	ja	0x836ce4	conditional-or-direct-control-edge
classic	PE:6a70b91c:0270a000	inventory-view-contaminant-caption	0x836b20	0x836cd4	ja	0x836ce4	conditional-or-direct-control-edge
classic	PE:6a70b91c:0270a000	inventory-view-contaminant-caption	0x836b20	0x836d02	jbe	0x836d51	conditional-or-direct-control-edge
classic	PE:6a70b91c:0270a000	inventory-view-contaminant-caption	0x836b20	0x836d22	jb	0x836d40	conditional-or-direct-control-edge
classic	PE:6a70b91c:0270a000	inventory-view-contaminant-caption	0x836b20	0x836d37	ja	0x836e33	conditional-or-direct-control-edge
classic	PE:6a70b91c:0270a000	inventory-view-contaminant-caption	0x836b20	0x836d4c	jmp	0x836e43	conditional-or-direct-control-edge
classic	PE:6a70b91c:0270a000	inventory-view-contaminant-caption	0x836b20	0x836d65	jmp	0x836e43	conditional-or-direct-control-edge
classic	PE:6a70b91c:0270a000	inventory-view-contaminant-caption	0x836b20	0x836d72	jb	0x836da7	conditional-or-direct-control-edge
classic	PE:6a70b91c:0270a000	inventory-view-contaminant-caption	0x836b20	0x836da2	jmp	0x836e43	conditional-or-direct-control-edge
classic	PE:6a70b91c:0270a000	inventory-view-contaminant-caption	0x836b20	0x836dc0	ja	0x836dd2	conditional-or-direct-control-edge
classic	PE:6a70b91c:0270a000	inventory-view-contaminant-caption	0x836b20	0x836e08	jbe	0x836e3f	conditional-or-direct-control-edge
classic	PE:6a70b91c:0270a000	inventory-view-contaminant-caption	0x836b20	0x836e1c	jb	0x836e3a	conditional-or-direct-control-edge
classic	PE:6a70b91c:0270a000	inventory-view-contaminant-caption	0x836b20	0x836e31	jbe	0x836e3a	conditional-or-direct-control-edge
classic	PE:6a70b91c:0270a000	inventory-view-contaminant-caption	0x836b20	0x836e90	jbe	0x836ec6	conditional-or-direct-control-edge
classic	PE:6a70b91c:0270a000	inventory-view-contaminant-caption	0x836b20	0x836ea3	jb	0x836ec1	conditional-or-direct-control-edge
classic	PE:6a70b91c:0270a000	inventory-view-contaminant-caption	0x836b20	0x836eb8	jbe	0x836ec1	conditional-or-direct-control-edge
classic	PE:6a70b91c:0270a000	inventory-eat-unit-contaminant-caption	0x8370d0	0x837102	je	0x8374ea	conditional-or-direct-control-edge
classic	PE:6a70b91c:0270a000	inventory-eat-unit-contaminant-caption	0x8370d0	0x83710f	je	0x8374ea	conditional-or-direct-control-edge
classic	PE:6a70b91c:0270a000	inventory-eat-unit-contaminant-caption	0x8370d0	0x83711b	je	0x837135	conditional-or-direct-control-edge
classic	PE:6a70b91c:0270a000	inventory-eat-unit-contaminant-caption	0x8370d0	0x837120	je	0x83712e	conditional-or-direct-control-edge
classic	PE:6a70b91c:0270a000	inventory-eat-unit-contaminant-caption	0x8370d0	0x837125	jne	0x837135	conditional-or-direct-control-edge
classic	PE:6a70b91c:0270a000	inventory-eat-unit-contaminant-caption	0x8370d0	0x83712c	jmp	0x83713a	conditional-or-direct-control-edge
classic	PE:6a70b91c:0270a000	inventory-eat-unit-contaminant-caption	0x8370d0	0x837133	jmp	0x83713a	conditional-or-direct-control-edge
classic	PE:6a70b91c:0270a000	inventory-eat-unit-contaminant-caption	0x8370d0	0x8371b7	js	0x83738e	conditional-or-direct-control-edge
classic	PE:6a70b91c:0270a000	inventory-eat-unit-contaminant-caption	0x8370d0	0x8371d8	jae	0x83738e	conditional-or-direct-control-edge
classic	PE:6a70b91c:0270a000	inventory-eat-unit-contaminant-caption	0x8370d0	0x8371ff	je	0x837254	conditional-or-direct-control-edge
classic	PE:6a70b91c:0270a000	inventory-eat-unit-contaminant-caption	0x8370d0	0x837223	jg	0x83722e	conditional-or-direct-control-edge
classic	PE:6a70b91c:0270a000	inventory-eat-unit-contaminant-caption	0x8370d0	0x83722c	jmp	0x837235	conditional-or-direct-control-edge
classic	PE:6a70b91c:0270a000	inventory-eat-unit-contaminant-caption	0x8370d0	0x837241	jbe	0x837246	conditional-or-direct-control-edge
classic	PE:6a70b91c:0270a000	inventory-eat-unit-contaminant-caption	0x8370d0	0x83724f	jmp	0x837467	conditional-or-direct-control-edge
classic	PE:6a70b91c:0270a000	inventory-eat-unit-contaminant-caption	0x8370d0	0x83728c	jle	0x837467	conditional-or-direct-control-edge
classic	PE:6a70b91c:0270a000	inventory-eat-unit-contaminant-caption	0x8370d0	0x83729d	jae	0x8372bf	conditional-or-direct-control-edge
classic	PE:6a70b91c:0270a000	inventory-eat-unit-contaminant-caption	0x8370d0	0x8372ba	jmp	0x837467	conditional-or-direct-control-edge
classic	PE:6a70b91c:0270a000	inventory-eat-unit-contaminant-caption	0x8370d0	0x8372d3	jb	0x83750f	conditional-or-direct-control-edge
classic	PE:6a70b91c:0270a000	inventory-eat-unit-contaminant-caption	0x8370d0	0x8372e7	ja	0x837308	conditional-or-direct-control-edge
classic	PE:6a70b91c:0270a000	inventory-eat-unit-contaminant-caption	0x8370d0	0x8372f8	ja	0x837308	conditional-or-direct-control-edge
classic	PE:6a70b91c:0270a000	inventory-eat-unit-contaminant-caption	0x8370d0	0x837326	jbe	0x837375	conditional-or-direct-control-edge
classic	PE:6a70b91c:0270a000	inventory-eat-unit-contaminant-caption	0x8370d0	0x837346	jb	0x837364	conditional-or-direct-control-edge
classic	PE:6a70b91c:0270a000	inventory-eat-unit-contaminant-caption	0x8370d0	0x83735b	ja	0x837457	conditional-or-direct-control-edge
classic	PE:6a70b91c:0270a000	inventory-eat-unit-contaminant-caption	0x8370d0	0x837370	jmp	0x837467	conditional-or-direct-control-edge
classic	PE:6a70b91c:0270a000	inventory-eat-unit-contaminant-caption	0x8370d0	0x837389	jmp	0x837467	conditional-or-direct-control-edge
classic	PE:6a70b91c:0270a000	inventory-eat-unit-contaminant-caption	0x8370d0	0x837396	jb	0x8373cb	conditional-or-direct-control-edge
classic	PE:6a70b91c:0270a000	inventory-eat-unit-contaminant-caption	0x8370d0	0x8373c6	jmp	0x837467	conditional-or-direct-control-edge
classic	PE:6a70b91c:0270a000	inventory-eat-unit-contaminant-caption	0x8370d0	0x8373e4	ja	0x8373f6	conditional-or-direct-control-edge
classic	PE:6a70b91c:0270a000	inventory-eat-unit-contaminant-caption	0x8370d0	0x83742c	jbe	0x837463	conditional-or-direct-control-edge
classic	PE:6a70b91c:0270a000	inventory-eat-unit-contaminant-caption	0x8370d0	0x837440	jb	0x83745e	conditional-or-direct-control-edge
classic	PE:6a70b91c:0270a000	inventory-eat-unit-contaminant-caption	0x8370d0	0x837455	jbe	0x83745e	conditional-or-direct-control-edge
classic	PE:6a70b91c:0270a000	inventory-eat-unit-contaminant-caption	0x8370d0	0x8374b4	jbe	0x8374ea	conditional-or-direct-control-edge
classic	PE:6a70b91c:0270a000	inventory-eat-unit-contaminant-caption	0x8370d0	0x8374c7	jb	0x8374e5	conditional-or-direct-control-edge
classic	PE:6a70b91c:0270a000	inventory-eat-unit-contaminant-caption	0x8370d0	0x8374dc	jbe	0x8374e5	conditional-or-direct-control-edge
classic	PE:6a70b91c:0270a000	inventory-eat-item-contaminant-caption	0x837520	0x837544	je	0x8376a2	conditional-or-direct-control-edge
classic	PE:6a70b91c:0270a000	inventory-eat-item-contaminant-caption	0x837520	0x83754f	je	0x8376a2	conditional-or-direct-control-edge
classic	PE:6a70b91c:0270a000	inventory-eat-item-contaminant-caption	0x837520	0x83755c	je	0x8376a2	conditional-or-direct-control-edge
classic	PE:6a70b91c:0270a000	inventory-eat-item-contaminant-caption	0x837520	0x837568	je	0x837582	conditional-or-direct-control-edge
classic	PE:6a70b91c:0270a000	inventory-eat-item-contaminant-caption	0x837520	0x83756d	je	0x83757b	conditional-or-direct-control-edge
classic	PE:6a70b91c:0270a000	inventory-eat-item-contaminant-caption	0x837520	0x837572	jne	0x837582	conditional-or-direct-control-edge
classic	PE:6a70b91c:0270a000	inventory-eat-item-contaminant-caption	0x837520	0x837579	jmp	0x837587	conditional-or-direct-control-edge
classic	PE:6a70b91c:0270a000	inventory-eat-item-contaminant-caption	0x837520	0x837580	jmp	0x837587	conditional-or-direct-control-edge
classic	PE:6a70b91c:0270a000	inventory-eat-item-contaminant-caption	0x837520	0x83766b	jbe	0x8376a2	conditional-or-direct-control-edge
classic	PE:6a70b91c:0270a000	inventory-eat-item-contaminant-caption	0x837520	0x83767f	jb	0x83769d	conditional-or-direct-control-edge
classic	PE:6a70b91c:0270a000	inventory-eat-item-contaminant-caption	0x837520	0x837694	jbe	0x83769d	conditional-or-direct-control-edge
classic	PE:6a70b91c:0270a000	put-target-options-builder	0x896bf0	0x896c32	je	0x896c7f	conditional-or-direct-control-edge
classic	PE:6a70b91c:0270a000	put-target-options-builder	0x896bf0	0x896c45	jae	0x896ca3	conditional-or-direct-control-edge
classic	PE:6a70b91c:0270a000	put-target-options-builder	0x896bf0	0x896c53	jne	0x896c63	conditional-or-direct-control-edge
classic	PE:6a70b91c:0270a000	put-target-options-builder	0x896bf0	0x896c61	jne	0x896c69	conditional-or-direct-control-edge
classic	PE:6a70b91c:0270a000	put-target-options-builder	0x896bf0	0x896c67	jmp	0x896c42	conditional-or-direct-control-edge
classic	PE:6a70b91c:0270a000	put-target-options-builder	0x896bf0	0x896c7d	jmp	0x896ca3	conditional-or-direct-control-edge
classic	PE:6a70b91c:0270a000	put-target-options-builder	0x896bf0	0x896cc5	je	0x896eae	conditional-or-direct-control-edge
classic	PE:6a70b91c:0270a000	put-target-options-builder	0x896bf0	0x896d08	je	0x896d4b	conditional-or-direct-control-edge
classic	PE:6a70b91c:0270a000	put-target-options-builder	0x896bf0	0x896d22	js	0x896d4b	conditional-or-direct-control-edge
classic	PE:6a70b91c:0270a000	put-target-options-builder	0x896bf0	0x896d3a	je	0x896d48	conditional-or-direct-control-edge
classic	PE:6a70b91c:0270a000	put-target-options-builder	0x896bf0	0x896d44	jns	0x896d32	conditional-or-direct-control-edge
classic	PE:6a70b91c:0270a000	put-target-options-builder	0x896bf0	0x896d46	jmp	0x896d4b	conditional-or-direct-control-edge
classic	PE:6a70b91c:0270a000	put-target-options-builder	0x896bf0	0x896d67	jae	0x896d8d	conditional-or-direct-control-edge
classic	PE:6a70b91c:0270a000	put-target-options-builder	0x896bf0	0x896d75	jne	0x896d84	conditional-or-direct-control-edge
classic	PE:6a70b91c:0270a000	put-target-options-builder	0x896bf0	0x896d82	je	0x896d8a	conditional-or-direct-control-edge
classic	PE:6a70b91c:0270a000	put-target-options-builder	0x896bf0	0x896d88	jmp	0x896d64	conditional-or-direct-control-edge
classic	PE:6a70b91c:0270a000	put-target-options-builder	0x896bf0	0x896dbd	jl	0x896e56	conditional-or-direct-control-edge
classic	PE:6a70b91c:0270a000	put-target-options-builder	0x896bf0	0x896dc6	je	0x896e56	conditional-or-direct-control-edge
classic	PE:6a70b91c:0270a000	put-target-options-builder	0x896bf0	0x896e3b	je	0x896e47	conditional-or-direct-control-edge
classic	PE:6a70b91c:0270a000	put-target-options-builder	0x896bf0	0x896e45	jmp	0x896e56	conditional-or-direct-control-edge
classic	PE:6a70b91c:0270a000	put-target-options-builder	0x896bf0	0x896ea8	jb	0x896cd0	conditional-or-direct-control-edge
classic	PE:6a70b91c:0270a000	put-target-options-builder	0x896bf0	0x896eca	jae	0x897188	conditional-or-direct-control-edge
classic	PE:6a70b91c:0270a000	put-target-options-builder	0x896bf0	0x896edb	jne	0x89717f	conditional-or-direct-control-edge
classic	PE:6a70b91c:0270a000	put-target-options-builder	0x896bf0	0x896eed	je	0x89717f	conditional-or-direct-control-edge
classic	PE:6a70b91c:0270a000	put-target-options-builder	0x896bf0	0x896ef7	je	0x89717f	conditional-or-direct-control-edge
classic	PE:6a70b91c:0270a000	put-target-options-builder	0x896bf0	0x896f04	je	0x89717f	conditional-or-direct-control-edge
classic	PE:6a70b91c:0270a000	put-target-options-builder	0x896bf0	0x896f1e	je	0x896f74	conditional-or-direct-control-edge
classic	PE:6a70b91c:0270a000	put-target-options-builder	0x896bf0	0x896f33	jae	0x896f6b	conditional-or-direct-control-edge
classic	PE:6a70b91c:0270a000	put-target-options-builder	0x896bf0	0x896f41	jne	0x896f51	conditional-or-direct-control-edge
classic	PE:6a70b91c:0270a000	put-target-options-builder	0x896bf0	0x896f4f	jne	0x896f57	conditional-or-direct-control-edge
classic	PE:6a70b91c:0270a000	put-target-options-builder	0x896bf0	0x896f55	jmp	0x896f30	conditional-or-direct-control-edge
classic	PE:6a70b91c:0270a000	put-target-options-builder	0x896bf0	0x896f72	jmp	0x896f98	conditional-or-direct-control-edge
classic	PE:6a70b91c:0270a000	put-target-options-builder	0x896bf0	0x896fcf	je	0x89717f	conditional-or-direct-control-edge
classic	PE:6a70b91c:0270a000	put-target-options-builder	0x896bf0	0x896fe0	jne	0x8970c6	conditional-or-direct-control-edge
classic	PE:6a70b91c:0270a000	put-target-options-builder	0x896bf0	0x897003	jae	0x897020	conditional-or-direct-control-edge
classic	PE:6a70b91c:0270a000	put-target-options-builder	0x896bf0	0x897008	je	0x897010	conditional-or-direct-control-edge
classic	PE:6a70b91c:0270a000	put-target-options-builder	0x896bf0	0x89700e	jmp	0x897000	conditional-or-direct-control-edge
classic	PE:6a70b91c:0270a000	put-target-options-builder	0x896bf0	0x89701a	jne	0x8970c6	conditional-or-direct-control-edge
classic	PE:6a70b91c:0270a000	put-target-options-builder	0x896bf0	0x897034	jae	0x89704d	conditional-or-direct-control-edge
classic	PE:6a70b91c:0270a000	put-target-options-builder	0x896bf0	0x897039	je	0x897041	conditional-or-direct-control-edge
classic	PE:6a70b91c:0270a000	put-target-options-builder	0x896bf0	0x89703f	jmp	0x897031	conditional-or-direct-control-edge
classic	PE:6a70b91c:0270a000	put-target-options-builder	0x896bf0	0x89704b	jne	0x8970c6	conditional-or-direct-control-edge
classic	PE:6a70b91c:0270a000	put-target-options-builder	0x896bf0	0x897063	jae	0x89707c	conditional-or-direct-control-edge
classic	PE:6a70b91c:0270a000	put-target-options-builder	0x896bf0	0x897068	je	0x897070	conditional-or-direct-control-edge
classic	PE:6a70b91c:0270a000	put-target-options-builder	0x896bf0	0x89706e	jmp	0x897060	conditional-or-direct-control-edge
classic	PE:6a70b91c:0270a000	put-target-options-builder	0x896bf0	0x89707a	jne	0x8970c6	conditional-or-direct-control-edge
classic	PE:6a70b91c:0270a000	put-target-options-builder	0x896bf0	0x897093	jae	0x8970ac	conditional-or-direct-control-edge
classic	PE:6a70b91c:0270a000	put-target-options-builder	0x896bf0	0x897098	je	0x8970a0	conditional-or-direct-control-edge
classic	PE:6a70b91c:0270a000	put-target-options-builder	0x896bf0	0x89709e	jmp	0x897090	conditional-or-direct-control-edge
classic	PE:6a70b91c:0270a000	put-target-options-builder	0x896bf0	0x8970aa	jne	0x8970c6	conditional-or-direct-control-edge
classic	PE:6a70b91c:0270a000	put-target-options-builder	0x896bf0	0x8970c0	jne	0x89717f	conditional-or-direct-control-edge
classic	PE:6a70b91c:0270a000	put-target-options-builder	0x896bf0	0x8970ce	jle	0x89717f	conditional-or-direct-control-edge
classic	PE:6a70b91c:0270a000	put-target-options-builder	0x896bf0	0x8970df	je	0x89717f	conditional-or-direct-control-edge
classic	PE:6a70b91c:0270a000	put-target-options-builder	0x896bf0	0x897160	je	0x897173	conditional-or-direct-control-edge
classic	PE:6a70b91c:0270a000	put-target-options-builder	0x896bf0	0x89716e	jmp	0x896ec7	conditional-or-direct-control-edge
classic	PE:6a70b91c:0270a000	put-target-options-builder	0x896bf0	0x897183	jmp	0x896ec7	conditional-or-direct-control-edge
classic	PE:6a70b91c:0270a000	put-target-options-builder	0x896bf0	0x8971a3	jae	0x8972eb	conditional-or-direct-control-edge
classic	PE:6a70b91c:0270a000	put-target-options-builder	0x896bf0	0x8971e3	je	0x8972e2	conditional-or-direct-control-edge
classic	PE:6a70b91c:0270a000	put-target-options-builder	0x896bf0	0x897208	jne	0x8972e2	conditional-or-direct-control-edge
classic	PE:6a70b91c:0270a000	put-target-options-builder	0x896bf0	0x89721d	je	0x897237	conditional-or-direct-control-edge
classic	PE:6a70b91c:0270a000	put-target-options-builder	0x896bf0	0x897222	je	0x897237	conditional-or-direct-control-edge
classic	PE:6a70b91c:0270a000	put-target-options-builder	0x896bf0	0x897227	je	0x897237	conditional-or-direct-control-edge
classic	PE:6a70b91c:0270a000	put-target-options-builder	0x896bf0	0x89722c	je	0x897237	conditional-or-direct-control-edge
classic	PE:6a70b91c:0270a000	put-target-options-builder	0x896bf0	0x897231	jne	0x8972e2	conditional-or-direct-control-edge
classic	PE:6a70b91c:0270a000	put-target-options-builder	0x896bf0	0x8972c0	je	0x8972d3	conditional-or-direct-control-edge
classic	PE:6a70b91c:0270a000	put-target-options-builder	0x896bf0	0x8972ce	jmp	0x8971a0	conditional-or-direct-control-edge
classic	PE:6a70b91c:0270a000	put-target-options-builder	0x896bf0	0x8972e6	jmp	0x8971a0	conditional-or-direct-control-edge
classic	PE:6a70b91c:0270a000	put-target-options-builder	0x896bf0	0x897303	jae	0x897477	conditional-or-direct-control-edge
classic	PE:6a70b91c:0270a000	put-target-options-builder	0x896bf0	0x897310	je	0x89746e	conditional-or-direct-control-edge
classic	PE:6a70b91c:0270a000	put-target-options-builder	0x896bf0	0x89734d	je	0x89746e	conditional-or-direct-control-edge
classic	PE:6a70b91c:0270a000	put-target-options-builder	0x896bf0	0x897359	je	0x89746e	conditional-or-direct-control-edge
classic	PE:6a70b91c:0270a000	put-target-options-builder	0x896bf0	0x897373	jae	0x89739b	conditional-or-direct-control-edge
classic	PE:6a70b91c:0270a000	put-target-options-builder	0x896bf0	0x897381	jne	0x897395	conditional-or-direct-control-edge
classic	PE:6a70b91c:0270a000	put-target-options-builder	0x896bf0	0x89738f	je	0x89746e	conditional-or-direct-control-edge
classic	PE:6a70b91c:0270a000	put-target-options-builder	0x896bf0	0x897399	jmp	0x897370	conditional-or-direct-control-edge
classic	PE:6a70b91c:0270a000	put-target-options-builder	0x896bf0	0x8973b6	jl	0x89746e	conditional-or-direct-control-edge
classic	PE:6a70b91c:0270a000	put-target-options-builder	0x896bf0	0x89744c	je	0x89745f	conditional-or-direct-control-edge
classic	PE:6a70b91c:0270a000	put-target-options-builder	0x896bf0	0x89745a	jmp	0x897300	conditional-or-direct-control-edge
classic	PE:6a70b91c:0270a000	put-target-options-builder	0x896bf0	0x897472	jmp	0x897300	conditional-or-direct-control-edge
classic	PE:6a70b91c:0270a000	put-nested-container-options-builder	0x897490	0x8974b2	je	0x897659	conditional-or-direct-control-edge
classic	PE:6a70b91c:0270a000	put-nested-container-options-builder	0x897490	0x8974dd	je	0x89764f	conditional-or-direct-control-edge
classic	PE:6a70b91c:0270a000	put-nested-container-options-builder	0x897490	0x8974ff	jne	0x897618	conditional-or-direct-control-edge
classic	PE:6a70b91c:0270a000	put-nested-container-options-builder	0x897490	0x897519	je	0x897618	conditional-or-direct-control-edge
classic	PE:6a70b91c:0270a000	put-nested-container-options-builder	0x897490	0x897535	jae	0x89755b	conditional-or-direct-control-edge
classic	PE:6a70b91c:0270a000	put-nested-container-options-builder	0x897490	0x897543	jne	0x897552	conditional-or-direct-control-edge
classic	PE:6a70b91c:0270a000	put-nested-container-options-builder	0x897490	0x897550	je	0x897558	conditional-or-direct-control-edge
classic	PE:6a70b91c:0270a000	put-nested-container-options-builder	0x897490	0x897556	jmp	0x897532	conditional-or-direct-control-edge
classic	PE:6a70b91c:0270a000	put-nested-container-options-builder	0x897490	0x897575	jl	0x8975e9	conditional-or-direct-control-edge
classic	PE:6a70b91c:0270a000	put-nested-container-options-builder	0x897490	0x89757a	je	0x8975e9	conditional-or-direct-control-edge
classic	PE:6a70b91c:0270a000	put-nested-container-options-builder	0x897490	0x8975d0	je	0x8975dc	conditional-or-direct-control-edge
classic	PE:6a70b91c:0270a000	put-nested-container-options-builder	0x897490	0x8975da	jmp	0x8975e9	conditional-or-direct-control-edge
classic	PE:6a70b91c:0270a000	put-nested-container-options-builder	0x897490	0x897637	jb	0x8974f2	conditional-or-direct-control-edge
classic	PE:6a70b91c:0270a000	inventory-options-builder	0x85d8c0	0x85d8fc	je	0x85d951	conditional-or-direct-control-edge
classic	PE:6a70b91c:0270a000	inventory-options-builder	0x85d8c0	0x85d913	jae	0x85d94b	conditional-or-direct-control-edge
classic	PE:6a70b91c:0270a000	inventory-options-builder	0x85d8c0	0x85d921	jne	0x85d931	conditional-or-direct-control-edge
classic	PE:6a70b91c:0270a000	inventory-options-builder	0x85d8c0	0x85d92f	jne	0x85d937	conditional-or-direct-control-edge
classic	PE:6a70b91c:0270a000	inventory-options-builder	0x85d8c0	0x85d935	jmp	0x85d910	conditional-or-direct-control-edge
classic	PE:6a70b91c:0270a000	inventory-options-builder	0x85d8c0	0x85d94f	jmp	0x85d972	conditional-or-direct-control-edge
classic	PE:6a70b91c:0270a000	inventory-options-builder	0x85d8c0	0x85d984	jle	0x85d9a6	conditional-or-direct-control-edge
classic	PE:6a70b91c:0270a000	inventory-options-builder	0x85d8c0	0x85d991	je	0x85d9a6	conditional-or-direct-control-edge
classic	PE:6a70b91c:0270a000	inventory-options-builder	0x85d8c0	0x85d99e	jne	0x85dc0e	conditional-or-direct-control-edge
classic	PE:6a70b91c:0270a000	inventory-options-builder	0x85d8c0	0x85d9a4	jmp	0x85d9cf	conditional-or-direct-control-edge
classic	PE:6a70b91c:0270a000	inventory-options-builder	0x85d8c0	0x85d9b8	jne	0x85dc0e	conditional-or-direct-control-edge
classic	PE:6a70b91c:0270a000	inventory-options-builder	0x85d8c0	0x85d9c9	je	0x85dc0e	conditional-or-direct-control-edge
classic	PE:6a70b91c:0270a000	inventory-options-builder	0x85d8c0	0x85d9e7	jae	0x85dc0b	conditional-or-direct-control-edge
classic	PE:6a70b91c:0270a000	inventory-options-builder	0x85d8c0	0x85d9f7	je	0x85dc02	conditional-or-direct-control-edge
classic	PE:6a70b91c:0270a000	inventory-options-builder	0x85d8c0	0x85da08	jne	0x85dc02	conditional-or-direct-control-edge
classic	PE:6a70b91c:0270a000	inventory-options-builder	0x85d8c0	0x85da17	jle	0x85dc02	conditional-or-direct-control-edge
classic	PE:6a70b91c:0270a000	inventory-options-builder	0x85d8c0	0x85da27	je	0x85dc02	conditional-or-direct-control-edge
classic	PE:6a70b91c:0270a000	inventory-options-builder	0x85d8c0	0x85da45	jg	0x85dc02	conditional-or-direct-control-edge
classic	PE:6a70b91c:0270a000	inventory-options-builder	0x85d8c0	0x85da63	jg	0x85dc02	conditional-or-direct-control-edge
classic	PE:6a70b91c:0270a000	inventory-options-builder	0x85d8c0	0x85da71	jne	0x85dc02	conditional-or-direct-control-edge
classic	PE:6a70b91c:0270a000	inventory-options-builder	0x85d8c0	0x85da8a	js	0x85dc02	conditional-or-direct-control-edge
classic	PE:6a70b91c:0270a000	inventory-options-builder	0x85d8c0	0x85daab	jae	0x85dc02	conditional-or-direct-control-edge
classic	PE:6a70b91c:0270a000	inventory-options-builder	0x85d8c0	0x85dab4	js	0x85dc02	conditional-or-direct-control-edge
classic	PE:6a70b91c:0270a000	inventory-options-builder	0x85d8c0	0x85dad6	jae	0x85dc02	conditional-or-direct-control-edge
classic	PE:6a70b91c:0270a000	inventory-options-builder	0x85d8c0	0x85dae3	je	0x85dc02	conditional-or-direct-control-edge
classic	PE:6a70b91c:0270a000	inventory-options-builder	0x85d8c0	0x85daf4	je	0x85dc02	conditional-or-direct-control-edge
classic	PE:6a70b91c:0270a000	inventory-options-builder	0x85d8c0	0x85db10	je	0x85dbfe	conditional-or-direct-control-edge
classic	PE:6a70b91c:0270a000	inventory-options-builder	0x85d8c0	0x85db1d	jle	0x85db30	conditional-or-direct-control-edge
classic	PE:6a70b91c:0270a000	inventory-options-builder	0x85d8c0	0x85db2a	je	0x85db30	conditional-or-direct-control-edge
classic	PE:6a70b91c:0270a000	inventory-options-builder	0x85d8c0	0x85db2e	jmp	0x85db32	conditional-or-direct-control-edge
classic	PE:6a70b91c:0270a000	inventory-options-builder	0x85d8c0	0x85db34	je	0x85dbfe	conditional-or-direct-control-edge
classic	PE:6a70b91c:0270a000	inventory-options-builder	0x85d8c0	0x85dbd2	je	0x85dbed	conditional-or-direct-control-edge
classic	PE:6a70b91c:0270a000	inventory-options-builder	0x85d8c0	0x85dbe8	jmp	0x85d9e4	conditional-or-direct-control-edge
classic	PE:6a70b91c:0270a000	inventory-options-builder	0x85d8c0	0x85dc06	jmp	0x85d9e4	conditional-or-direct-control-edge
classic	PE:6a70b91c:0270a000	inventory-options-builder	0x85d8c0	0x85dc2e	je	0x85e6b4	conditional-or-direct-control-edge
classic	PE:6a70b91c:0270a000	inventory-options-builder	0x85d8c0	0x85dc76	ja	0x85dd40	conditional-or-direct-control-edge
classic	PE:6a70b91c:0270a000	inventory-options-builder	0x85d8c0	0x85dc7f	jae	0x85dd40	conditional-or-direct-control-edge
classic	PE:6a70b91c:0270a000	inventory-options-builder	0x85d8c0	0x85dca1	ja	0x85dcb5	conditional-or-direct-control-edge
classic	PE:6a70b91c:0270a000	inventory-options-builder	0x85d8c0	0x85dcb0	jmp	rcx	indirect-control-edge
classic	PE:6a70b91c:0270a000	inventory-options-builder	0x85d8c0	0x85dcbc	je	0x85df01	conditional-or-direct-control-edge
classic	PE:6a70b91c:0270a000	inventory-options-builder	0x85d8c0	0x85dcf2	je	0x85dd39	conditional-or-direct-control-edge
classic	PE:6a70b91c:0270a000	inventory-options-builder	0x85d8c0	0x85dd0c	js	0x85dd39	conditional-or-direct-control-edge
classic	PE:6a70b91c:0270a000	inventory-options-builder	0x85d8c0	0x85dd28	je	0x85dd36	conditional-or-direct-control-edge
classic	PE:6a70b91c:0270a000	inventory-options-builder	0x85d8c0	0x85dd32	jns	0x85dd20	conditional-or-direct-control-edge
classic	PE:6a70b91c:0270a000	inventory-options-builder	0x85d8c0	0x85dd34	jmp	0x85dd39	conditional-or-direct-control-edge
classic	PE:6a70b91c:0270a000	inventory-options-builder	0x85d8c0	0x85dd43	jne	0x85df01	conditional-or-direct-control-edge
classic	PE:6a70b91c:0270a000	inventory-options-builder	0x85d8c0	0x85dd65	ja	0x85dd79	conditional-or-direct-control-edge
classic	PE:6a70b91c:0270a000	inventory-options-builder	0x85d8c0	0x85dd74	jmp	rcx	indirect-control-edge
classic	PE:6a70b91c:0270a000	inventory-options-builder	0x85d8c0	0x85ddad	je	0x85e5ef	conditional-or-direct-control-edge
classic	PE:6a70b91c:0270a000	inventory-options-builder	0x85d8c0	0x85ddcb	js	0x85ddf8	conditional-or-direct-control-edge
classic	PE:6a70b91c:0270a000	inventory-options-builder	0x85d8c0	0x85dde8	je	0x85def9	conditional-or-direct-control-edge
classic	PE:6a70b91c:0270a000	inventory-options-builder	0x85d8c0	0x85ddf6	jns	0x85dde0	conditional-or-direct-control-edge
classic	PE:6a70b91c:0270a000	inventory-options-builder	0x85d8c0	0x85de15	jne	0x85e5eb	conditional-or-direct-control-edge
classic	PE:6a70b91c:0270a000	inventory-options-builder	0x85d8c0	0x85de9f	je	0x85e5e0	conditional-or-direct-control-edge
classic	PE:6a70b91c:0270a000	inventory-options-builder	0x85d8c0	0x85deb0	jbe	0x85debc	conditional-or-direct-control-edge
classic	PE:6a70b91c:0270a000	inventory-options-builder	0x85d8c0	0x85deb6	jne	0x85e5e0	conditional-or-direct-control-edge
classic	PE:6a70b91c:0270a000	inventory-options-builder	0x85d8c0	0x85ded4	je	0x85e5f3	conditional-or-direct-control-edge
classic	PE:6a70b91c:0270a000	inventory-options-builder	0x85d8c0	0x85dedd	ja	0x85e5f3	conditional-or-direct-control-edge
classic	PE:6a70b91c:0270a000	inventory-options-builder	0x85d8c0	0x85def7	jmp	rcx	indirect-control-edge
classic	PE:6a70b91c:0270a000	inventory-options-builder	0x85d8c0	0x85defc	jmp	0x85ddfc	conditional-or-direct-control-edge
classic	PE:6a70b91c:0270a000	inventory-options-builder	0x85d8c0	0x85df04	jne	0x85dfd0	conditional-or-direct-control-edge
classic	PE:6a70b91c:0270a000	inventory-options-builder	0x85d8c0	0x85df52	je	0x85df99	conditional-or-direct-control-edge
classic	PE:6a70b91c:0270a000	inventory-options-builder	0x85d8c0	0x85df6c	js	0x85df99	conditional-or-direct-control-edge
classic	PE:6a70b91c:0270a000	inventory-options-builder	0x85d8c0	0x85df88	je	0x85df96	conditional-or-direct-control-edge
classic	PE:6a70b91c:0270a000	inventory-options-builder	0x85d8c0	0x85df92	jns	0x85df80	conditional-or-direct-control-edge
classic	PE:6a70b91c:0270a000	inventory-options-builder	0x85d8c0	0x85df94	jmp	0x85df99	conditional-or-direct-control-edge
classic	PE:6a70b91c:0270a000	inventory-options-builder	0x85d8c0	0x85dfa1	je	0x85ded1	conditional-or-direct-control-edge
classic	PE:6a70b91c:0270a000	inventory-options-builder	0x85d8c0	0x85dfaa	je	0x85ded1	conditional-or-direct-control-edge
classic	PE:6a70b91c:0270a000	inventory-options-builder	0x85d8c0	0x85dfb3	je	0x85ded1	conditional-or-direct-control-edge
classic	PE:6a70b91c:0270a000	inventory-options-builder	0x85d8c0	0x85dfbc	je	0x85ded1	conditional-or-direct-control-edge
classic	PE:6a70b91c:0270a000	inventory-options-builder	0x85d8c0	0x85dfc5	je	0x85ded1	conditional-or-direct-control-edge
classic	PE:6a70b91c:0270a000	inventory-options-builder	0x85d8c0	0x85dfcb	jmp	0x85e5f3	conditional-or-direct-control-edge
classic	PE:6a70b91c:0270a000	inventory-options-builder	0x85d8c0	0x85dfd3	jne	0x85decf	conditional-or-direct-control-edge
classic	PE:6a70b91c:0270a000	inventory-options-builder	0x85d8c0	0x85dff5	ja	0x85e009	conditional-or-direct-control-edge
classic	PE:6a70b91c:0270a000	inventory-options-builder	0x85d8c0	0x85e004	jmp	rcx	indirect-control-edge
classic	PE:6a70b91c:0270a000	inventory-options-builder	0x85d8c0	0x85e043	je	0x85ded1	conditional-or-direct-control-edge
classic	PE:6a70b91c:0270a000	inventory-options-builder	0x85d8c0	0x85e061	js	0x85ded1	conditional-or-direct-control-edge
classic	PE:6a70b91c:0270a000	inventory-options-builder	0x85d8c0	0x85e088	je	0x85e5f3	conditional-or-direct-control-edge
classic	PE:6a70b91c:0270a000	inventory-options-builder	0x85d8c0	0x85e096	jns	0x85e080	conditional-or-direct-control-edge
classic	PE:6a70b91c:0270a000	inventory-options-builder	0x85d8c0	0x85e098	jmp	0x85ded1	conditional-or-direct-control-edge
classic	PE:6a70b91c:0270a000	inventory-options-builder	0x85d8c0	0x85e117	je	0x85e126	conditional-or-direct-control-edge
classic	PE:6a70b91c:0270a000	inventory-options-builder	0x85d8c0	0x85e121	jmp	0x85e5f3	conditional-or-direct-control-edge
classic	PE:6a70b91c:0270a000	inventory-options-builder	0x85d8c0	0x85e132	jmp	0x85e5f3	conditional-or-direct-control-edge
classic	PE:6a70b91c:0270a000	inventory-options-builder	0x85d8c0	0x85e1af	je	0x85e1be	conditional-or-direct-control-edge
classic	PE:6a70b91c:0270a000	inventory-options-builder	0x85d8c0	0x85e1b9	jmp	0x85e5f3	conditional-or-direct-control-edge
classic	PE:6a70b91c:0270a000	inventory-options-builder	0x85d8c0	0x85e1c7	jmp	0x85e5f3	conditional-or-direct-control-edge
classic	PE:6a70b91c:0270a000	inventory-options-builder	0x85d8c0	0x85e248	je	0x85e1be	conditional-or-direct-control-edge
classic	PE:6a70b91c:0270a000	inventory-options-builder	0x85d8c0	0x85e256	jmp	0x85e5f3	conditional-or-direct-control-edge
classic	PE:6a70b91c:0270a000	inventory-options-builder	0x85d8c0	0x85e27d	jmp	0x85e1ee	conditional-or-direct-control-edge
classic	PE:6a70b91c:0270a000	inventory-options-builder	0x85d8c0	0x85e2de	jmp	0x85e228	conditional-or-direct-control-edge
classic	PE:6a70b91c:0270a000	inventory-options-builder	0x85d8c0	0x85e323	je	0x85e3ea	conditional-or-direct-control-edge
classic	PE:6a70b91c:0270a000	inventory-options-builder	0x85d8c0	0x85e3a3	je	0x85e3bc	conditional-or-direct-control-edge
classic	PE:6a70b91c:0270a000	inventory-options-builder	0x85d8c0	0x85e3d4	je	0x85e3e0	conditional-or-direct-control-edge
classic	PE:6a70b91c:0270a000	inventory-options-builder	0x85d8c0	0x85e3de	jmp	0x85e3ea	conditional-or-direct-control-edge
classic	PE:6a70b91c:0270a000	inventory-options-builder	0x85d8c0	0x85e3f3	jmp	0x85e5f3	conditional-or-direct-control-edge
classic	PE:6a70b91c:0270a000	inventory-options-builder	0x85d8c0	0x85e41a	jmp	0x85e1ee	conditional-or-direct-control-edge
classic	PE:6a70b91c:0270a000	inventory-options-builder	0x85d8c0	0x85e47f	je	0x85e546	conditional-or-direct-control-edge
classic	PE:6a70b91c:0270a000	inventory-options-builder	0x85d8c0	0x85e4ff	je	0x85e518	conditional-or-direct-control-edge
classic	PE:6a70b91c:0270a000	inventory-options-builder	0x85d8c0	0x85e530	je	0x85e53c	conditional-or-direct-control-edge
classic	PE:6a70b91c:0270a000	inventory-options-builder	0x85d8c0	0x85e53a	jmp	0x85e546	conditional-or-direct-control-edge
classic	PE:6a70b91c:0270a000	inventory-options-builder	0x85d8c0	0x85e54f	jmp	0x85e5f3	conditional-or-direct-control-edge
classic	PE:6a70b91c:0270a000	inventory-options-builder	0x85d8c0	0x85e5d0	je	0x85e1be	conditional-or-direct-control-edge
classic	PE:6a70b91c:0270a000	inventory-options-builder	0x85d8c0	0x85e5de	jmp	0x85e5f3	conditional-or-direct-control-edge
classic	PE:6a70b91c:0270a000	inventory-options-builder	0x85d8c0	0x85e660	jl	0x85dc70	conditional-or-direct-control-edge
classic	PE:6a70b91c:0270a000	inventory-options-builder	0x85d8c0	0x85e6a6	jb	0x85dc50	conditional-or-direct-control-edge
classic	PE:6a70b91c:0270a000	inventory-options-builder	0x85d8c0	0x85e6d3	je	0x85e78c	conditional-or-direct-control-edge
classic	PE:6a70b91c:0270a000	inventory-options-builder	0x85d8c0	0x85e73c	je	0x85e749	conditional-or-direct-control-edge
classic	PE:6a70b91c:0270a000	inventory-options-builder	0x85d8c0	0x85e747	jmp	0x85e75d	conditional-or-direct-control-edge
classic	PE:6a70b91c:0270a000	inventory-options-builder	0x85d8c0	0x85e782	jb	0x85e6e3	conditional-or-direct-control-edge
classic	PE:6a70b91c:0270a000	inventory-options-builder	0x85d8c0	0x85e7a8	je	0x85ea09	conditional-or-direct-control-edge
classic	PE:6a70b91c:0270a000	inventory-options-builder	0x85d8c0	0x85e7e1	jl	0x85e9d9	conditional-or-direct-control-edge
classic	PE:6a70b91c:0270a000	inventory-options-builder	0x85d8c0	0x85e805	jg	0x85e9d9	conditional-or-direct-control-edge
classic	PE:6a70b91c:0270a000	inventory-options-builder	0x85d8c0	0x85e81e	jg	0x85e9d9	conditional-or-direct-control-edge
classic	PE:6a70b91c:0270a000	inventory-options-builder	0x85d8c0	0x85e82d	jne	0x85e9dd	conditional-or-direct-control-edge
classic	PE:6a70b91c:0270a000	inventory-options-builder	0x85d8c0	0x85e83c	jne	0x85e9dd	conditional-or-direct-control-edge
classic	PE:6a70b91c:0270a000	inventory-options-builder	0x85d8c0	0x85e85a	js	0x85e9dd	conditional-or-direct-control-edge
classic	PE:6a70b91c:0270a000	inventory-options-builder	0x85d8c0	0x85e882	je	0x85e891	conditional-or-direct-control-edge
classic	PE:6a70b91c:0270a000	inventory-options-builder	0x85d8c0	0x85e88a	jns	0x85e860	conditional-or-direct-control-edge
classic	PE:6a70b91c:0270a000	inventory-options-builder	0x85d8c0	0x85e88c	jmp	0x85e9d9	conditional-or-direct-control-edge
classic	PE:6a70b91c:0270a000	inventory-options-builder	0x85d8c0	0x85e8b0	je	0x85e9d9	conditional-or-direct-control-edge
classic	PE:6a70b91c:0270a000	inventory-options-builder	0x85d8c0	0x85e8ba	je	0x85e9d9	conditional-or-direct-control-edge
classic	PE:6a70b91c:0270a000	inventory-options-builder	0x85d8c0	0x85e8d2	js	0x85e9d9	conditional-or-direct-control-edge
classic	PE:6a70b91c:0270a000	inventory-options-builder	0x85d8c0	0x85e8f1	jne	0x85e9cb	conditional-or-direct-control-edge
classic	PE:6a70b91c:0270a000	inventory-options-builder	0x85d8c0	0x85e90b	je	0x85e9cb	conditional-or-direct-control-edge
classic	PE:6a70b91c:0270a000	inventory-options-builder	0x85d8c0	0x85e9b3	je	0x85e9bf	conditional-or-direct-control-edge
classic	PE:6a70b91c:0270a000	inventory-options-builder	0x85d8c0	0x85e9bd	jmp	0x85e9cb	conditional-or-direct-control-edge
classic	PE:6a70b91c:0270a000	inventory-options-builder	0x85d8c0	0x85e9cf	jns	0x85e8e0	conditional-or-direct-control-edge
classic	PE:6a70b91c:0270a000	inventory-options-builder	0x85d8c0	0x85ea00	jb	0x85e7c0	conditional-or-direct-control-edge
classic	PE:6a70b91c:0270a000	inventory-options-builder	0x85d8c0	0x85ea1a	jg	0x85f1ed	conditional-or-direct-control-edge
classic	PE:6a70b91c:0270a000	inventory-options-builder	0x85d8c0	0x85ea40	jg	0x85f1d6	conditional-or-direct-control-edge
classic	PE:6a70b91c:0270a000	inventory-options-builder	0x85d8c0	0x85ea4a	js	0x85eaf6	conditional-or-direct-control-edge
classic	PE:6a70b91c:0270a000	inventory-options-builder	0x85d8c0	0x85ea57	jge	0x85eaf6	conditional-or-direct-control-edge
classic	PE:6a70b91c:0270a000	inventory-options-builder	0x85d8c0	0x85ea61	js	0x85eaf6	conditional-or-direct-control-edge
classic	PE:6a70b91c:0270a000	inventory-options-builder	0x85d8c0	0x85ea6d	jge	0x85eaf6	conditional-or-direct-control-edge
classic	PE:6a70b91c:0270a000	inventory-options-builder	0x85d8c0	0x85ea76	js	0x85eaf6	conditional-or-direct-control-edge
classic	PE:6a70b91c:0270a000	inventory-options-builder	0x85d8c0	0x85ea81	jge	0x85eaf6	conditional-or-direct-control-edge
classic	PE:6a70b91c:0270a000	inventory-options-builder	0x85d8c0	0x85ea9d	je	0x85eaf6	conditional-or-direct-control-edge
classic	PE:6a70b91c:0270a000	inventory-options-builder	0x85d8c0	0x85eaba	je	0x85eaf6	conditional-or-direct-control-edge
classic	PE:6a70b91c:0270a000	inventory-options-builder	0x85d8c0	0x85eac4	jge	0x85eacd	conditional-or-direct-control-edge
classic	PE:6a70b91c:0270a000	inventory-options-builder	0x85d8c0	0x85eadf	jge	0x85eae8	conditional-or-direct-control-edge
classic	PE:6a70b91c:0270a000	inventory-options-builder	0x85d8c0	0x85eaf4	jmp	0x85eafa	conditional-or-direct-control-edge
classic	PE:6a70b91c:0270a000	inventory-options-builder	0x85d8c0	0x85eaff	jne	0x85ebdd	conditional-or-direct-control-edge
classic	PE:6a70b91c:0270a000	inventory-options-builder	0x85d8c0	0x85eb0a	jne	0x85ebdd	conditional-or-direct-control-edge
classic	PE:6a70b91c:0270a000	inventory-options-builder	0x85d8c0	0x85eb2a	jle	0x85ebdd	conditional-or-direct-control-edge
classic	PE:6a70b91c:0270a000	inventory-options-builder	0x85d8c0	0x85ebb8	je	0x85ebc8	conditional-or-direct-control-edge
classic	PE:6a70b91c:0270a000	inventory-options-builder	0x85d8c0	0x85ebc6	jmp	0x85ebd9	conditional-or-direct-control-edge
classic	PE:6a70b91c:0270a000	inventory-options-builder	0x85d8c0	0x85ebf7	jne	0x85f1bd	conditional-or-direct-control-edge
classic	PE:6a70b91c:0270a000	inventory-options-builder	0x85d8c0	0x85ec13	jne	0x85f1bd	conditional-or-direct-control-edge
classic	PE:6a70b91c:0270a000	inventory-options-builder	0x85d8c0	0x85ec1d	js	0x85eedd	conditional-or-direct-control-edge
classic	PE:6a70b91c:0270a000	inventory-options-builder	0x85d8c0	0x85ec2a	jge	0x85eedd	conditional-or-direct-control-edge
classic	PE:6a70b91c:0270a000	inventory-options-builder	0x85d8c0	0x85ec34	js	0x85eedd	conditional-or-direct-control-edge
classic	PE:6a70b91c:0270a000	inventory-options-builder	0x85d8c0	0x85ec40	jge	0x85eedd	conditional-or-direct-control-edge
classic	PE:6a70b91c:0270a000	inventory-options-builder	0x85d8c0	0x85ec49	js	0x85eedd	conditional-or-direct-control-edge
classic	PE:6a70b91c:0270a000	inventory-options-builder	0x85d8c0	0x85ec58	jge	0x85eedd	conditional-or-direct-control-edge
classic	PE:6a70b91c:0270a000	inventory-options-builder	0x85d8c0	0x85ec8c	je	0x85eedd	conditional-or-direct-control-edge
classic	PE:6a70b91c:0270a000	inventory-options-builder	0x85d8c0	0x85ec9c	ja	0x85ecbe	conditional-or-direct-control-edge
classic	PE:6a70b91c:0270a000	inventory-options-builder	0x85d8c0	0x85ec9e	je	0x85eed8	conditional-or-direct-control-edge
classic	PE:6a70b91c:0270a000	inventory-options-builder	0x85d8c0	0x85eca7	je	0x85eed8	conditional-or-direct-control-edge
classic	PE:6a70b91c:0270a000	inventory-options-builder	0x85d8c0	0x85ecb3	je	0x85eed8	conditional-or-direct-control-edge
classic	PE:6a70b91c:0270a000	inventory-options-builder	0x85d8c0	0x85ecbc	jmp	0x85eccd	conditional-or-direct-control-edge
classic	PE:6a70b91c:0270a000	inventory-options-builder	0x85d8c0	0x85ecc4	je	0x85eed8	conditional-or-direct-control-edge
classic	PE:6a70b91c:0270a000	inventory-options-builder	0x85d8c0	0x85eccd	je	0x85eed8	conditional-or-direct-control-edge
classic	PE:6a70b91c:0270a000	inventory-options-builder	0x85d8c0	0x85ece9	je	0x85eed8	conditional-or-direct-control-edge
classic	PE:6a70b91c:0270a000	inventory-options-builder	0x85d8c0	0x85ecf2	jne	0x85ed48	conditional-or-direct-control-edge
classic	PE:6a70b91c:0270a000	inventory-options-builder	0x85d8c0	0x85ed0a	jne	0x85eedd	conditional-or-direct-control-edge
classic	PE:6a70b91c:0270a000	inventory-options-builder	0x85d8c0	0x85ed26	jne	0x85eedd	conditional-or-direct-control-edge
classic	PE:6a70b91c:0270a000	inventory-options-builder	0x85d8c0	0x85ed42	jne	0x85eedd	conditional-or-direct-control-edge
classic	PE:6a70b91c:0270a000	inventory-options-builder	0x85d8c0	0x85ed4f	jge	0x85eed8	conditional-or-direct-control-edge
classic	PE:6a70b91c:0270a000	inventory-options-builder	0x85d8c0	0x85ed5b	jge	0x85eed8	conditional-or-direct-control-edge
classic	PE:6a70b91c:0270a000	inventory-options-builder	0x85d8c0	0x85ed67	jge	0x85eed8	conditional-or-direct-control-edge
classic	PE:6a70b91c:0270a000	inventory-options-builder	0x85d8c0	0x85ed87	je	0x85eed8	conditional-or-direct-control-edge
classic	PE:6a70b91c:0270a000	inventory-options-builder	0x85d8c0	0x85eda8	je	0x85eed8	conditional-or-direct-control-edge
classic	PE:6a70b91c:0270a000	inventory-options-builder	0x85d8c0	0x85edb8	jge	0x85edc4	conditional-or-direct-control-edge
classic	PE:6a70b91c:0270a000	inventory-options-builder	0x85d8c0	0x85edcd	jge	0x85edd6	conditional-or-direct-control-edge
classic	PE:6a70b91c:0270a000	inventory-options-builder	0x85d8c0	0x85edf9	je	0x85eedd	conditional-or-direct-control-edge
classic	PE:6a70b91c:0270a000	inventory-options-builder	0x85d8c0	0x85ee19	jle	0x85eedd	conditional-or-direct-control-edge
classic	PE:6a70b91c:0270a000	inventory-options-builder	0x85d8c0	0x85eeaf	je	0x85eec2	conditional-or-direct-control-edge
classic	PE:6a70b91c:0270a000	inventory-options-builder	0x85d8c0	0x85eec0	jmp	0x85eeea	conditional-or-direct-control-edge
classic	PE:6a70b91c:0270a000	inventory-options-builder	0x85d8c0	0x85eed6	jmp	0x85eeea	conditional-or-direct-control-edge
classic	PE:6a70b91c:0270a000	inventory-options-builder	0x85d8c0	0x85eedb	jmp	0x85eeea	conditional-or-direct-control-edge
classic	PE:6a70b91c:0270a000	inventory-options-builder	0x85d8c0	0x85eee4	js	0x85f0d8	conditional-or-direct-control-edge
classic	PE:6a70b91c:0270a000	inventory-options-builder	0x85d8c0	0x85eef1	jge	0x85f0d8	conditional-or-direct-control-edge
classic	PE:6a70b91c:0270a000	inventory-options-builder	0x85d8c0	0x85eefb	js	0x85f0d8	conditional-or-direct-control-edge
classic	PE:6a70b91c:0270a000	inventory-options-builder	0x85d8c0	0x85ef07	jge	0x85f0d8	conditional-or-direct-control-edge
classic	PE:6a70b91c:0270a000	inventory-options-builder	0x85d8c0	0x85ef10	js	0x85f0d8	conditional-or-direct-control-edge
classic	PE:6a70b91c:0270a000	inventory-options-builder	0x85d8c0	0x85ef1f	jge	0x85f0d8	conditional-or-direct-control-edge
classic	PE:6a70b91c:0270a000	inventory-options-builder	0x85d8c0	0x85ef3f	je	0x85f0d8	conditional-or-direct-control-edge
classic	PE:6a70b91c:0270a000	inventory-options-builder	0x85d8c0	0x85ef60	je	0x85f0d4	conditional-or-direct-control-edge
classic	PE:6a70b91c:0270a000	inventory-options-builder	0x85d8c0	0x85ef78	js	0x85f0d4	conditional-or-direct-control-edge
classic	PE:6a70b91c:0270a000	inventory-options-builder	0x85d8c0	0x85ef93	jne	0x85f0c6	conditional-or-direct-control-edge
classic	PE:6a70b91c:0270a000	inventory-options-builder	0x85d8c0	0x85efaa	jge	0x85efb3	conditional-or-direct-control-edge
classic	PE:6a70b91c:0270a000	inventory-options-builder	0x85d8c0	0x85efc0	jge	0x85efc9	conditional-or-direct-control-edge
classic	PE:6a70b91c:0270a000	inventory-options-builder	0x85d8c0	0x85efd5	jb	0x85f0c6	conditional-or-direct-control-edge
classic	PE:6a70b91c:0270a000	inventory-options-builder	0x85d8c0	0x85efe0	je	0x85f0c6	conditional-or-direct-control-edge
classic	PE:6a70b91c:0270a000	inventory-options-builder	0x85d8c0	0x85f08d	je	0x85f09c	conditional-or-direct-control-edge
classic	PE:6a70b91c:0270a000	inventory-options-builder	0x85d8c0	0x85f09a	jmp	0x85f0b2	conditional-or-direct-control-edge
classic	PE:6a70b91c:0270a000	inventory-options-builder	0x85d8c0	0x85f0b7	jne	0x85f0c6	conditional-or-direct-control-edge
classic	PE:6a70b91c:0270a000	inventory-options-builder	0x85d8c0	0x85f0ca	jns	0x85ef82	conditional-or-direct-control-edge
classic	PE:6a70b91c:0270a000	inventory-options-builder	0x85d8c0	0x85f0e3	je	0x85f1b2	conditional-or-direct-control-edge
classic	PE:6a70b91c:0270a000	inventory-options-builder	0x85d8c0	0x85f0ec	jne	0x85f1b2	conditional-or-direct-control-edge
classic	PE:6a70b91c:0270a000	inventory-options-builder	0x85d8c0	0x85f187	je	0x85f19b	conditional-or-direct-control-edge
classic	PE:6a70b91c:0270a000	inventory-options-builder	0x85d8c0	0x85f199	jmp	0x85f1c0	conditional-or-direct-control-edge
classic	PE:6a70b91c:0270a000	inventory-options-builder	0x85d8c0	0x85f1b0	jmp	0x85f1bd	conditional-or-direct-control-edge
classic	PE:6a70b91c:0270a000	inventory-options-builder	0x85d8c0	0x85f1d0	jle	0x85ea46	conditional-or-direct-control-edge
classic	PE:6a70b91c:0270a000	inventory-options-builder	0x85d8c0	0x85f1e7	jle	0x85ea30	conditional-or-direct-control-edge
classic	PE:6a70b91c:0270a000	inventory-options-builder	0x85d8c0	0x85f210	je	0x85f2d1	conditional-or-direct-control-edge
classic	PE:6a70b91c:0270a000	inventory-options-builder	0x85d8c0	0x85f27d	je	0x85f28c	conditional-or-direct-control-edge
classic	PE:6a70b91c:0270a000	inventory-options-builder	0x85d8c0	0x85f28a	jmp	0x85f2a2	conditional-or-direct-control-edge
classic	PE:6a70b91c:0270a000	inventory-options-builder	0x85d8c0	0x85f2c7	jb	0x85f220	conditional-or-direct-control-edge
classic	PE:6a70b91c:0270a000	inventory-options-builder	0x85d8c0	0x85f2f4	je	0x85f4b4	conditional-or-direct-control-edge
classic	PE:6a70b91c:0270a000	inventory-options-builder	0x85d8c0	0x85f318	je	0x85f484	conditional-or-direct-control-edge
classic	PE:6a70b91c:0270a000	inventory-options-builder	0x85d8c0	0x85f329	je	0x85f484	conditional-or-direct-control-edge
classic	PE:6a70b91c:0270a000	inventory-options-builder	0x85d8c0	0x85f34f	jne	0x85f484	conditional-or-direct-control-edge
classic	PE:6a70b91c:0270a000	inventory-options-builder	0x85d8c0	0x85f373	je	0x85f484	conditional-or-direct-control-edge
classic	PE:6a70b91c:0270a000	inventory-options-builder	0x85d8c0	0x85f398	je	0x85f484	conditional-or-direct-control-edge
classic	PE:6a70b91c:0270a000	inventory-options-builder	0x85d8c0	0x85f3b2	je	0x85f484	conditional-or-direct-control-edge
classic	PE:6a70b91c:0270a000	inventory-options-builder	0x85d8c0	0x85f43d	je	0x85f449	conditional-or-direct-control-edge
classic	PE:6a70b91c:0270a000	inventory-options-builder	0x85d8c0	0x85f447	jmp	0x85f458	conditional-or-direct-control-edge
classic	PE:6a70b91c:0270a000	inventory-options-builder	0x85d8c0	0x85f476	jb	0x85f3d0	conditional-or-direct-control-edge
classic	PE:6a70b91c:0270a000	inventory-options-builder	0x85d8c0	0x85f4ae	jb	0x85f300	conditional-or-direct-control-edge
classic	PE:6a70b91c:0270a000	inventory-options-builder	0x85d8c0	0x85f4c3	jae	0x85f696	conditional-or-direct-control-edge
classic	PE:6a70b91c:0270a000	inventory-options-builder	0x85d8c0	0x85f4db	je	0x85f68d	conditional-or-direct-control-edge
classic	PE:6a70b91c:0270a000	inventory-options-builder	0x85d8c0	0x85f4f3	jae	0x85f51d	conditional-or-direct-control-edge
classic	PE:6a70b91c:0270a000	inventory-options-builder	0x85d8c0	0x85f504	jne	0x85f517	conditional-or-direct-control-edge
classic	PE:6a70b91c:0270a000	inventory-options-builder	0x85d8c0	0x85f51b	jmp	0x85f4f0	conditional-or-direct-control-edge
classic	PE:6a70b91c:0270a000	inventory-options-builder	0x85d8c0	0x85f528	jae	0x85f552	conditional-or-direct-control-edge
classic	PE:6a70b91c:0270a000	inventory-options-builder	0x85d8c0	0x85f539	jne	0x85f54c	conditional-or-direct-control-edge
classic	PE:6a70b91c:0270a000	inventory-options-builder	0x85d8c0	0x85f550	jmp	0x85f525	conditional-or-direct-control-edge
classic	PE:6a70b91c:0270a000	inventory-options-builder	0x85d8c0	0x85f563	jae	0x85f58d	conditional-or-direct-control-edge
classic	PE:6a70b91c:0270a000	inventory-options-builder	0x85d8c0	0x85f574	jne	0x85f587	conditional-or-direct-control-edge
classic	PE:6a70b91c:0270a000	inventory-options-builder	0x85d8c0	0x85f58b	jmp	0x85f560	conditional-or-direct-control-edge
classic	PE:6a70b91c:0270a000	inventory-options-builder	0x85d8c0	0x85f5a3	jae	0x85f5cd	conditional-or-direct-control-edge
classic	PE:6a70b91c:0270a000	inventory-options-builder	0x85d8c0	0x85f5b4	jne	0x85f5c7	conditional-or-direct-control-edge
classic	PE:6a70b91c:0270a000	inventory-options-builder	0x85d8c0	0x85f5cb	jmp	0x85f5a0	conditional-or-direct-control-edge
classic	PE:6a70b91c:0270a000	inventory-options-builder	0x85d8c0	0x85f5e3	jae	0x85f60d	conditional-or-direct-control-edge
classic	PE:6a70b91c:0270a000	inventory-options-builder	0x85d8c0	0x85f5f4	jne	0x85f607	conditional-or-direct-control-edge
classic	PE:6a70b91c:0270a000	inventory-options-builder	0x85d8c0	0x85f60b	jmp	0x85f5e0	conditional-or-direct-control-edge
classic	PE:6a70b91c:0270a000	inventory-options-builder	0x85d8c0	0x85f623	jae	0x85f64d	conditional-or-direct-control-edge
classic	PE:6a70b91c:0270a000	inventory-options-builder	0x85d8c0	0x85f634	jne	0x85f647	conditional-or-direct-control-edge
classic	PE:6a70b91c:0270a000	inventory-options-builder	0x85d8c0	0x85f64b	jmp	0x85f620	conditional-or-direct-control-edge
classic	PE:6a70b91c:0270a000	inventory-options-builder	0x85d8c0	0x85f663	jae	0x85f68d	conditional-or-direct-control-edge
classic	PE:6a70b91c:0270a000	inventory-options-builder	0x85d8c0	0x85f674	jne	0x85f687	conditional-or-direct-control-edge
classic	PE:6a70b91c:0270a000	inventory-options-builder	0x85d8c0	0x85f68b	jmp	0x85f660	conditional-or-direct-control-edge
classic	PE:6a70b91c:0270a000	inventory-options-builder	0x85d8c0	0x85f691	jmp	0x85f4c0	conditional-or-direct-control-edge
classic	PE:6a70b91c:0270a000	inventory-contained-options-builder	0x85f740	0x85f778	je	0x85fe39	conditional-or-direct-control-edge
classic	PE:6a70b91c:0270a000	inventory-contained-options-builder	0x85f740	0x85f79a	je	0x85fe39	conditional-or-direct-control-edge
classic	PE:6a70b91c:0270a000	inventory-contained-options-builder	0x85f740	0x85f7bd	jne	0x85fe0f	conditional-or-direct-control-edge
classic	PE:6a70b91c:0270a000	inventory-contained-options-builder	0x85f740	0x85f7d7	je	0x85fe0f	conditional-or-direct-control-edge
classic	PE:6a70b91c:0270a000	inventory-contained-options-builder	0x85f740	0x85f7e0	jne	0x85f8b1	conditional-or-direct-control-edge
classic	PE:6a70b91c:0270a000	inventory-contained-options-builder	0x85f740	0x85f7ff	jne	0x85fdc8	conditional-or-direct-control-edge
classic	PE:6a70b91c:0270a000	inventory-contained-options-builder	0x85f740	0x85f890	je	0x85fdcb	conditional-or-direct-control-edge
classic	PE:6a70b91c:0270a000	inventory-contained-options-builder	0x85f740	0x85f8a1	jbe	0x85f9d0	conditional-or-direct-control-edge
classic	PE:6a70b91c:0270a000	inventory-contained-options-builder	0x85f740	0x85f8ab	jne	0x85fdcb	conditional-or-direct-control-edge
classic	PE:6a70b91c:0270a000	inventory-contained-options-builder	0x85f740	0x85f8b4	ja	0x85fdcb	conditional-or-direct-control-edge
classic	PE:6a70b91c:0270a000	inventory-contained-options-builder	0x85f740	0x85f8ce	jmp	rcx	indirect-control-edge
classic	PE:6a70b91c:0270a000	inventory-contained-options-builder	0x85f740	0x85f913	je	0x85f922	conditional-or-direct-control-edge
classic	PE:6a70b91c:0270a000	inventory-contained-options-builder	0x85f740	0x85f91d	jmp	0x85fdcb	conditional-or-direct-control-edge
classic	PE:6a70b91c:0270a000	inventory-contained-options-builder	0x85f740	0x85f92b	jmp	0x85fdcb	conditional-or-direct-control-edge
classic	PE:6a70b91c:0270a000	inventory-contained-options-builder	0x85f740	0x85f96f	je	0x85f922	conditional-or-direct-control-edge
classic	PE:6a70b91c:0270a000	inventory-contained-options-builder	0x85f740	0x85f979	jmp	0x85fdcb	conditional-or-direct-control-edge
classic	PE:6a70b91c:0270a000	inventory-contained-options-builder	0x85f740	0x85f9bd	je	0x85f922	conditional-or-direct-control-edge
classic	PE:6a70b91c:0270a000	inventory-contained-options-builder	0x85f740	0x85f9cb	jmp	0x85fdcb	conditional-or-direct-control-edge
classic	PE:6a70b91c:0270a000	inventory-contained-options-builder	0x85f740	0x85fa15	je	0x85f922	conditional-or-direct-control-edge
classic	PE:6a70b91c:0270a000	inventory-contained-options-builder	0x85f740	0x85fa26	jmp	0x85fdcb	conditional-or-direct-control-edge
classic	PE:6a70b91c:0270a000	inventory-contained-options-builder	0x85f740	0x85fa73	je	0x85f922	conditional-or-direct-control-edge
classic	PE:6a70b91c:0270a000	inventory-contained-options-builder	0x85f740	0x85fa84	jmp	0x85fdcb	conditional-or-direct-control-edge
classic	PE:6a70b91c:0270a000	inventory-contained-options-builder	0x85f740	0x85fab6	je	0x85fb56	conditional-or-direct-control-edge
classic	PE:6a70b91c:0270a000	inventory-contained-options-builder	0x85f740	0x85fb08	je	0x85fb1e	conditional-or-direct-control-edge
classic	PE:6a70b91c:0270a000	inventory-contained-options-builder	0x85f740	0x85fb37	je	0x85fb46	conditional-or-direct-control-edge
classic	PE:6a70b91c:0270a000	inventory-contained-options-builder	0x85f740	0x85fb44	jmp	0x85fb4f	conditional-or-direct-control-edge
classic	PE:6a70b91c:0270a000	inventory-contained-options-builder	0x85f740	0x85fb59	je	0x85fdcb	conditional-or-direct-control-edge
classic	PE:6a70b91c:0270a000	inventory-contained-options-builder	0x85f740	0x85fb74	jb	0x85fb8f	conditional-or-direct-control-edge
classic	PE:6a70b91c:0270a000	inventory-contained-options-builder	0x85f740	0x85fb89	ja	0x85fe54	conditional-or-direct-control-edge
classic	PE:6a70b91c:0270a000	inventory-contained-options-builder	0x85f740	0x85fb94	jmp	0x85fdcb	conditional-or-direct-control-edge
classic	PE:6a70b91c:0270a000	inventory-contained-options-builder	0x85f740	0x85fbe1	je	0x85f922	conditional-or-direct-control-edge
classic	PE:6a70b91c:0270a000	inventory-contained-options-builder	0x85f740	0x85fbf2	jmp	0x85fdcb	conditional-or-direct-control-edge
classic	PE:6a70b91c:0270a000	inventory-contained-options-builder	0x85f740	0x85fc58	je	0x85fd5f	conditional-or-direct-control-edge
classic	PE:6a70b91c:0270a000	inventory-contained-options-builder	0x85f740	0x85fc61	je	0x85fccf	conditional-or-direct-control-edge
classic	PE:6a70b91c:0270a000	inventory-contained-options-builder	0x85f740	0x85fc73	jae	0x85fcb8	conditional-or-direct-control-edge
classic	PE:6a70b91c:0270a000	inventory-contained-options-builder	0x85f740	0x85fc7c	je	0x85fc9c	conditional-or-direct-control-edge
classic	PE:6a70b91c:0270a000	inventory-contained-options-builder	0x85f740	0x85fc9a	jmp	0x85fc70	conditional-or-direct-control-edge
classic	PE:6a70b91c:0270a000	inventory-contained-options-builder	0x85f740	0x85fcb6	jmp	0x85fc70	conditional-or-direct-control-edge
classic	PE:6a70b91c:0270a000	inventory-contained-options-builder	0x85f740	0x85fcc0	je	0x85fd5f	conditional-or-direct-control-edge
classic	PE:6a70b91c:0270a000	inventory-contained-options-builder	0x85f740	0x85fcca	jmp	0x85fd5f	conditional-or-direct-control-edge
classic	PE:6a70b91c:0270a000	inventory-contained-options-builder	0x85f740	0x85fd17	je	0x85fd2d	conditional-or-direct-control-edge
classic	PE:6a70b91c:0270a000	inventory-contained-options-builder	0x85f740	0x85fd46	je	0x85fd55	conditional-or-direct-control-edge
classic	PE:6a70b91c:0270a000	inventory-contained-options-builder	0x85f740	0x85fd53	jmp	0x85fd5f	conditional-or-direct-control-edge
classic	PE:6a70b91c:0270a000	inventory-contained-options-builder	0x85f740	0x85fd6b	jmp	0x85fdcb	conditional-or-direct-control-edge
classic	PE:6a70b91c:0270a000	inventory-contained-options-builder	0x85f740	0x85fdb5	je	0x85f922	conditional-or-direct-control-edge
classic	PE:6a70b91c:0270a000	inventory-contained-options-builder	0x85f740	0x85fdc6	jmp	0x85fdcb	conditional-or-direct-control-edge
classic	PE:6a70b91c:0270a000	inventory-contained-options-builder	0x85f740	0x85fe33	jb	0x85f7b0	conditional-or-direct-control-edge
classic	PE:6a70b91c:0270a000	put-item-modal-action	0x8937a0	0x8937c6	je	0x8937fb	conditional-or-direct-control-edge
classic	PE:6a70b91c:0270a000	put-item-modal-action	0x8937a0	0x8937f9	jb	0x8937d0	conditional-or-direct-control-edge
classic	PE:6a70b91c:0270a000	put-item-modal-action	0x8937a0	0x89381e	je	0x893833	conditional-or-direct-control-edge
