edition	image_identity	owners	function_rva	instruction_rva	branch	target_rva	fallthrough_rva
steam	PE:6a70a6d9:02711000	unit-contaminant-field	0x657f90	0x657fca	jbe	0x657fcf	0x657fcc
steam	PE:6a70a6d9:02711000	unit-contaminant-field	0x657f90	0x657fec	ja	0x658079	0x657ff2
steam	PE:6a70a6d9:02711000	unit-contaminant-field	0x657f90	0x657ffc	jne	0x658022	0x657ffe
steam	PE:6a70a6d9:02711000	unit-contaminant-field	0x657f90	0x658001	jge	0x65800e	0x658003
steam	PE:6a70a6d9:02711000	unit-contaminant-field	0x657f90	0x65801e	jl	0x658057	0x658020
steam	PE:6a70a6d9:02711000	unit-contaminant-field	0x657f90	0x658025	jge	0x658036	0x658027
steam	PE:6a70a6d9:02711000	unit-contaminant-field	0x657f90	0x658039	jge	0x65804a	0x65803b
steam	PE:6a70a6d9:02711000	unit-contaminant-field	0x657f90	0x6580ad	ja	0x658217	0x6580b3
steam	PE:6a70a6d9:02711000	unit-contaminant-field	0x657f90	0x6580cb	je	0x658217	0x6580d1
steam	PE:6a70a6d9:02711000	unit-contaminant-field	0x657f90	0x6580d4	je	0x658217	0x6580da
steam	PE:6a70a6d9:02711000	unit-contaminant-field	0x657f90	0x6580e1	js	0x658217	0x6580e7
steam	PE:6a70a6d9:02711000	unit-contaminant-field	0x657f90	0x658103	je	0x65811f	0x658105
steam	PE:6a70a6d9:02711000	unit-contaminant-field	0x657f90	0x658118	jle	0x6580f0	0x65811a
steam	PE:6a70a6d9:02711000	unit-contaminant-field	0x657f90	0x658122	je	0x658217	0x658128
steam	PE:6a70a6d9:02711000	unit-contaminant-field	0x657f90	0x65812f	je	0x658217	0x658135
steam	PE:6a70a6d9:02711000	unit-contaminant-field	0x657f90	0x658152	je	0x658180	0x658154
steam	PE:6a70a6d9:02711000	unit-contaminant-field	0x657f90	0x65815b	je	0x658180	0x65815d
steam	PE:6a70a6d9:02711000	unit-contaminant-field	0x657f90	0x658163	je	0x658180	0x658165
steam	PE:6a70a6d9:02711000	unit-contaminant-field	0x657f90	0x658174	je	0x658180	0x658176
steam	PE:6a70a6d9:02711000	unit-contaminant-field	0x657f90	0x658187	je	0x6581a9	0x658189
steam	PE:6a70a6d9:02711000	unit-contaminant-field	0x657f90	0x65818d	je	0x6581a9	0x65818f
steam	PE:6a70a6d9:02711000	unit-contaminant-field	0x657f90	0x6581e1	jbe	0x658217	0x6581e3
steam	PE:6a70a6d9:02711000	unit-contaminant-field	0x657f90	0x6581f4	jb	0x658212	0x6581f6
steam	PE:6a70a6d9:02711000	unit-contaminant-field	0x657f90	0x658209	jbe	0x658212	0x65820b
steam	PE:6a70a6d9:02711000	unit-contaminant-field	0x657f90	0x658230	je	0x658293	0x658232
steam	PE:6a70a6d9:02711000	unit-contaminant-field	0x657f90	0x65823a	je	0x658270	0x65823c
steam	PE:6a70a6d9:02711000	unit-contaminant-field	0x657f90	0x65824c	jbe	0x658251	0x65824e
steam	PE:6a70a6d9:02711000	unit-contaminant-field	0x657f90	0x65828c	jbe	0x6582a0	0x65828e
steam	PE:6a70a6d9:02711000	unit-contaminant-field	0x657f90	0x6582d7	jbe	0x65836a	0x6582dd
steam	PE:6a70a6d9:02711000	unit-contaminant-field	0x657f90	0x6582fc	jne	0x65832c	0x6582fe
steam	PE:6a70a6d9:02711000	unit-contaminant-field	0x657f90	0x658301	jge	0x65830e	0x658303
steam	PE:6a70a6d9:02711000	unit-contaminant-field	0x657f90	0x65831e	jl	0x658327	0x658320
steam	PE:6a70a6d9:02711000	unit-contaminant-field	0x657f90	0x65832f	jge	0x658340	0x658331
steam	PE:6a70a6d9:02711000	unit-contaminant-field	0x657f90	0x658343	jge	0x658354	0x658345
steam	PE:6a70a6d9:02711000	unit-contaminant-field	0x657f90	0x658372	jbe	0x6583a8	0x658374
steam	PE:6a70a6d9:02711000	unit-contaminant-field	0x657f90	0x658385	jb	0x6583a3	0x658387
steam	PE:6a70a6d9:02711000	unit-contaminant-field	0x657f90	0x65839a	jbe	0x6583a3	0x65839c
steam	PE:6a70a6d9:02711000	adventure_option_talk_existing_conversationst+8	0x6b7080	0x6b70b2	je	0x6b70cb	0x6b70b4
steam	PE:6a70a6d9:02711000	adventure_option_talk_existing_conversationst+8	0x6b7080	0x6b7113	jae	0x6b72e7	0x6b7119
steam	PE:6a70a6d9:02711000	adventure_option_talk_existing_conversationst+8	0x6b7080	0x6b712d	je	0x6b72de	0x6b7133
steam	PE:6a70a6d9:02711000	adventure_option_talk_existing_conversationst+8	0x6b7080	0x6b7148	je	0x6b71fb	0x6b714e
steam	PE:6a70a6d9:02711000	adventure_option_talk_existing_conversationst+8	0x6b7080	0x6b7152	je	0x6b71fb	0x6b7158
steam	PE:6a70a6d9:02711000	adventure_option_talk_existing_conversationst+8	0x6b7080	0x6b715f	js	0x6b71a3	0x6b7161
steam	PE:6a70a6d9:02711000	adventure_option_talk_existing_conversationst+8	0x6b7080	0x6b718b	je	0x6b71a5	0x6b718d
steam	PE:6a70a6d9:02711000	adventure_option_talk_existing_conversationst+8	0x6b7080	0x6b71a1	jle	0x6b7170	0x6b71a3
steam	PE:6a70a6d9:02711000	adventure_option_talk_existing_conversationst+8	0x6b7080	0x6b71a8	je	0x6b71fb	0x6b71aa
steam	PE:6a70a6d9:02711000	adventure_option_talk_existing_conversationst+8	0x6b7080	0x6b71d7	jle	0x6b72c7	0x6b71dd
steam	PE:6a70a6d9:02711000	adventure_option_talk_existing_conversationst+8	0x6b7080	0x6b7217	je	0x6b72de	0x6b721d
steam	PE:6a70a6d9:02711000	adventure_option_talk_existing_conversationst+8	0x6b7080	0x6b7221	je	0x6b72de	0x6b7227
steam	PE:6a70a6d9:02711000	adventure_option_talk_existing_conversationst+8	0x6b7080	0x6b722d	js	0x6b72de	0x6b7233
steam	PE:6a70a6d9:02711000	adventure_option_talk_existing_conversationst+8	0x6b7080	0x6b724a	je	0x6b726b	0x6b724c
steam	PE:6a70a6d9:02711000	adventure_option_talk_existing_conversationst+8	0x6b7080	0x6b7260	jle	0x6b7233	0x6b7262
steam	PE:6a70a6d9:02711000	adventure_option_talk_existing_conversationst+8	0x6b7080	0x6b726e	je	0x6b72de	0x6b7270
steam	PE:6a70a6d9:02711000	adventure_option_talk_existing_conversationst+8	0x6b7080	0x6b72a7	jle	0x6b72c7	0x6b72a9
steam	PE:6a70a6d9:02711000	adventure_option_talk_existing_conversationst+8	0x6b7080	0x6b72c7	jne	0x6b72de	0x6b72c9
steam	PE:6a70a6d9:02711000	adventure_option_view_unitst+8	0x6b7320	0x6b7368	je	0x6b738f	0x6b736a
steam	PE:6a70a6d9:02711000	adventure_option_view_unitst+8	0x6b7320	0x6b7373	jne	0x6b738f	0x6b7375
steam	PE:6a70a6d9:02711000	adventure_option_view_unitst+8	0x6b7320	0x6b73b1	je	0x6b7423	0x6b73b3
steam	PE:6a70a6d9:02711000	adventure_option_view_unitst+8	0x6b7320	0x6b73cb	je	0x6b7423	0x6b73cd
steam	PE:6a70a6d9:02711000	adventure_option_view_unitst+8	0x6b7320	0x6b73d4	js	0x6b740c	0x6b73d6
steam	PE:6a70a6d9:02711000	adventure_option_view_unitst+8	0x6b7320	0x6b73f4	je	0x6b740f	0x6b73f6
steam	PE:6a70a6d9:02711000	adventure_option_view_unitst+8	0x6b7320	0x6b740a	jle	0x6b73e0	0x6b740c
steam	PE:6a70a6d9:02711000	adventure_option_view_unitst+8	0x6b7320	0x6b7412	je	0x6b7423	0x6b7414
steam	PE:6a70a6d9:02711000	adventure_option_view_unitst+8	0x6b7320	0x6b742b	je	0x6b747f	0x6b742d
steam	PE:6a70a6d9:02711000	adventure_option_view_unitst+8	0x6b7320	0x6b7445	je	0x6b747f	0x6b7447
steam	PE:6a70a6d9:02711000	adventure_option_view_unitst+8	0x6b7320	0x6b744b	js	0x6b747f	0x6b744d
steam	PE:6a70a6d9:02711000	adventure_option_view_unitst+8	0x6b7320	0x6b7464	je	0x6b74fe	0x6b746a
steam	PE:6a70a6d9:02711000	adventure_option_view_unitst+8	0x6b7320	0x6b747d	jle	0x6b7450	0x6b747f
steam	PE:6a70a6d9:02711000	adventure_option_view_unitst+8	0x6b7320	0x6b74c4	jbe	0x6b7573	0x6b74ca
steam	PE:6a70a6d9:02711000	adventure_option_view_unitst+8	0x6b7320	0x6b74dc	jb	0x6b756e	0x6b74e2
steam	PE:6a70a6d9:02711000	adventure_option_view_unitst+8	0x6b7320	0x6b74f5	jbe	0x6b756e	0x6b74f7
steam	PE:6a70a6d9:02711000	adventure_option_view_unitst+8	0x6b7320	0x6b7501	je	0x6b747f	0x6b7507
steam	PE:6a70a6d9:02711000	adventure_option_view_unitst+8	0x6b7320	0x6b7511	je	0x6b753f	0x6b7513
steam	PE:6a70a6d9:02711000	adventure_option_view_unitst+8	0x6b7320	0x6b751a	je	0x6b753f	0x6b751c
steam	PE:6a70a6d9:02711000	adventure_option_view_unitst+8	0x6b7320	0x6b7522	je	0x6b753f	0x6b7524
steam	PE:6a70a6d9:02711000	adventure_option_view_unitst+8	0x6b7320	0x6b7533	je	0x6b753f	0x6b7535
steam	PE:6a70a6d9:02711000	adventure_option_view_unitst+8	0x6b7320	0x6b7546	je	0x6b747f	0x6b754c
steam	PE:6a70a6d9:02711000	adventure_option_view_unitst+8	0x6b7320	0x6b7550	je	0x6b747f	0x6b7556
steam	PE:6a70a6d9:02711000	adventure_option_talk_new_conversationst+8	0x6b75a0	0x6b7600	je	0x6b7673	0x6b7602
steam	PE:6a70a6d9:02711000	adventure_option_talk_new_conversationst+8	0x6b75a0	0x6b761a	je	0x6b7673	0x6b761c
steam	PE:6a70a6d9:02711000	adventure_option_talk_new_conversationst+8	0x6b75a0	0x6b7623	js	0x6b765c	0x6b7625
steam	PE:6a70a6d9:02711000	adventure_option_talk_new_conversationst+8	0x6b75a0	0x6b7644	je	0x6b765f	0x6b7646
steam	PE:6a70a6d9:02711000	adventure_option_talk_new_conversationst+8	0x6b75a0	0x6b765a	jle	0x6b7630	0x6b765c
steam	PE:6a70a6d9:02711000	adventure_option_talk_new_conversationst+8	0x6b75a0	0x6b7662	je	0x6b7673	0x6b7664
steam	PE:6a70a6d9:02711000	adventure_option_talk_new_conversationst+8	0x6b75a0	0x6b767b	je	0x6b76cf	0x6b767d
steam	PE:6a70a6d9:02711000	adventure_option_talk_new_conversationst+8	0x6b75a0	0x6b7695	je	0x6b76cf	0x6b7697
steam	PE:6a70a6d9:02711000	adventure_option_talk_new_conversationst+8	0x6b75a0	0x6b769b	js	0x6b76cf	0x6b769d
steam	PE:6a70a6d9:02711000	adventure_option_talk_new_conversationst+8	0x6b75a0	0x6b76b4	je	0x6b774e	0x6b76ba
steam	PE:6a70a6d9:02711000	adventure_option_talk_new_conversationst+8	0x6b75a0	0x6b76cd	jle	0x6b76a0	0x6b76cf
steam	PE:6a70a6d9:02711000	adventure_option_talk_new_conversationst+8	0x6b75a0	0x6b7714	jbe	0x6b77c3	0x6b771a
steam	PE:6a70a6d9:02711000	adventure_option_talk_new_conversationst+8	0x6b75a0	0x6b772c	jb	0x6b77be	0x6b7732
steam	PE:6a70a6d9:02711000	adventure_option_talk_new_conversationst+8	0x6b75a0	0x6b7745	jbe	0x6b77be	0x6b7747
steam	PE:6a70a6d9:02711000	adventure_option_talk_new_conversationst+8	0x6b75a0	0x6b7751	je	0x6b76cf	0x6b7757
steam	PE:6a70a6d9:02711000	adventure_option_talk_new_conversationst+8	0x6b75a0	0x6b7761	je	0x6b778f	0x6b7763
steam	PE:6a70a6d9:02711000	adventure_option_talk_new_conversationst+8	0x6b75a0	0x6b776a	je	0x6b778f	0x6b776c
steam	PE:6a70a6d9:02711000	adventure_option_talk_new_conversationst+8	0x6b75a0	0x6b7772	je	0x6b778f	0x6b7774
steam	PE:6a70a6d9:02711000	adventure_option_talk_new_conversationst+8	0x6b75a0	0x6b7783	je	0x6b778f	0x6b7785
steam	PE:6a70a6d9:02711000	adventure_option_talk_new_conversationst+8	0x6b75a0	0x6b7796	je	0x6b76cf	0x6b779c
steam	PE:6a70a6d9:02711000	adventure_option_talk_new_conversationst+8	0x6b75a0	0x6b77a0	je	0x6b76cf	0x6b77a6
steam	PE:6a70a6d9:02711000	direction-helper	0x74f220	0x74f257	jge	0x74f2aa	0x74f259
steam	PE:6a70a6d9:02711000	direction-helper	0x74f220	0x74f261	jge	0x74f27a	0x74f263
steam	PE:6a70a6d9:02711000	direction-helper	0x74f220	0x74f27a	jle	0x74f293	0x74f27c
steam	PE:6a70a6d9:02711000	direction-helper	0x74f220	0x74f2aa	jle	0x74f2fa	0x74f2ac
steam	PE:6a70a6d9:02711000	direction-helper	0x74f220	0x74f2b4	jge	0x74f2cd	0x74f2b6
steam	PE:6a70a6d9:02711000	direction-helper	0x74f220	0x74f2cd	jle	0x74f2e6	0x74f2cf
steam	PE:6a70a6d9:02711000	direction-helper	0x74f220	0x74f2ff	jge	0x74f310	0x74f301
steam	PE:6a70a6d9:02711000	direction-helper	0x74f220	0x74f310	jle	0x74f321	0x74f312
steam	PE:6a70a6d9:02711000	direction-helper	0x74f220	0x74f325	jge	0x74f336	0x74f327
steam	PE:6a70a6d9:02711000	direction-helper	0x74f220	0x74f336	jle	0x74f347	0x74f338
steam	PE:6a70a6d9:02711000	direction-helper	0x74f220	0x74f360	jne	0x74f369	0x74f362
steam	PE:6a70a6d9:02711000	direction-helper	0x74f220	0x74f367	je	0x74f38f	0x74f369
steam	PE:6a70a6d9:02711000	direction-helper	0x74f220	0x74f36d	jge	0x74f378	0x74f36f
steam	PE:6a70a6d9:02711000	direction-helper	0x74f220	0x74f378	jle	0x74f38f	0x74f37a
steam	PE:6a70a6d9:02711000	adventure_item_interact_load_ranged_weaponst+8	0x834d50	0x834d7f	jbe	0x834d84	0x834d81
steam	PE:6a70a6d9:02711000	adventure_item_interact_load_ranged_weaponst+8	0x834d50	0x834d8e	je	0x834dc4	0x834d90
steam	PE:6a70a6d9:02711000	adventure_item_interact_load_ranged_weaponst+8	0x834d50	0x834d99	jne	0x834dc4	0x834d9b
steam	PE:6a70a6d9:02711000	adventure_item_interact_load_ranged_weaponst+8	0x834d50	0x834dad	jne	0x834dc4	0x834daf
steam	PE:6a70a6d9:02711000	adventure_item_interact_load_ranged_weaponst+8	0x834d50	0x834dc9	jne	0x834de0	0x834dcb
steam	PE:6a70a6d9:02711000	adventure_item_interact_load_ranged_weaponst+8	0x834d50	0x834de5	je	0x834e95	0x834deb
steam	PE:6a70a6d9:02711000	adventure_item_interact_load_ranged_weaponst+8	0x834d50	0x834e5e	jbe	0x834e95	0x834e60
steam	PE:6a70a6d9:02711000	adventure_item_interact_load_ranged_weaponst+8	0x834d50	0x834e72	jb	0x834e90	0x834e74
steam	PE:6a70a6d9:02711000	adventure_item_interact_load_ranged_weaponst+8	0x834d50	0x834e87	jbe	0x834e90	0x834e89
steam	PE:6a70a6d9:02711000	adventure_item_interact_fill_from_containerst+8	0x835260	0x835354	je	0x8353af	0x835356
steam	PE:6a70a6d9:02711000	adventure_item_interact_fill_from_containerst+8	0x835260	0x8353b7	jbe	0x8353ed	0x8353b9
steam	PE:6a70a6d9:02711000	adventure_item_interact_fill_from_containerst+8	0x835260	0x8353ca	jb	0x8353e8	0x8353cc
steam	PE:6a70a6d9:02711000	adventure_item_interact_fill_from_containerst+8	0x835260	0x8353df	jbe	0x8353e8	0x8353e1
steam	PE:6a70a6d9:02711000	adventure_item_interact_fill_from_containerst+8	0x835260	0x835409	jbe	0x83543f	0x83540b
steam	PE:6a70a6d9:02711000	adventure_item_interact_fill_from_containerst+8	0x835260	0x83541c	jb	0x83543a	0x83541e
steam	PE:6a70a6d9:02711000	adventure_item_interact_fill_from_containerst+8	0x835260	0x835431	jbe	0x83543a	0x835433
steam	PE:6a70a6d9:02711000	adventure_item_interact_fill_with_materialst+8	0x835460	0x835528	js	0x8358f9	0x83552e
steam	PE:6a70a6d9:02711000	adventure_item_interact_fill_with_materialst+8	0x835460	0x835538	jge	0x835900	0x83553e
steam	PE:6a70a6d9:02711000	adventure_item_interact_fill_with_materialst+8	0x835460	0x835541	js	0x835900	0x835547
steam	PE:6a70a6d9:02711000	adventure_item_interact_fill_with_materialst+8	0x835460	0x83554d	jge	0x835900	0x835553
steam	PE:6a70a6d9:02711000	adventure_item_interact_fill_with_materialst+8	0x835460	0x835557	js	0x835900	0x83555d
steam	PE:6a70a6d9:02711000	adventure_item_interact_fill_with_materialst+8	0x835460	0x835564	jge	0x835900	0x83556a
steam	PE:6a70a6d9:02711000	adventure_item_interact_fill_with_materialst+8	0x835460	0x83557d	je	0x835900	0x835583
steam	PE:6a70a6d9:02711000	adventure_item_interact_fill_with_materialst+8	0x835460	0x83559e	je	0x835900	0x8355a4
steam	PE:6a70a6d9:02711000	adventure_item_interact_fill_with_materialst+8	0x835460	0x8355b3	js	0x835900	0x8355b9
steam	PE:6a70a6d9:02711000	adventure_item_interact_fill_with_materialst+8	0x835460	0x8355d1	jne	0x8358e6	0x8355d7
steam	PE:6a70a6d9:02711000	adventure_item_interact_fill_with_materialst+8	0x835460	0x8355e9	jge	0x8355f2	0x8355eb
steam	PE:6a70a6d9:02711000	adventure_item_interact_fill_with_materialst+8	0x835460	0x835602	jge	0x83560b	0x835604
steam	PE:6a70a6d9:02711000	adventure_item_interact_fill_with_materialst+8	0x835460	0x835617	jb	0x8358e6	0x83561d
steam	PE:6a70a6d9:02711000	adventure_item_interact_fill_with_materialst+8	0x835460	0x835626	je	0x8358e6	0x83562c
steam	PE:6a70a6d9:02711000	adventure_item_interact_fill_with_materialst+8	0x835460	0x835636	jne	0x835645	0x835638
steam	PE:6a70a6d9:02711000	adventure_item_interact_fill_with_materialst+8	0x835460	0x83563f	je	0x8358e6	0x835645
steam	PE:6a70a6d9:02711000	adventure_item_interact_fill_with_materialst+8	0x835460	0x835677	ja	0x8357e7	0x83567d
steam	PE:6a70a6d9:02711000	adventure_item_interact_fill_with_materialst+8	0x835460	0x835695	je	0x8357e7	0x83569b
steam	PE:6a70a6d9:02711000	adventure_item_interact_fill_with_materialst+8	0x835460	0x83569e	je	0x8357e7	0x8356a4
steam	PE:6a70a6d9:02711000	adventure_item_interact_fill_with_materialst+8	0x835460	0x8356aa	js	0x8357e7	0x8356b0
steam	PE:6a70a6d9:02711000	adventure_item_interact_fill_with_materialst+8	0x835460	0x8356c3	je	0x8356df	0x8356c5
steam	PE:6a70a6d9:02711000	adventure_item_interact_fill_with_materialst+8	0x835460	0x8356d8	jle	0x8356b0	0x8356da
steam	PE:6a70a6d9:02711000	adventure_item_interact_fill_with_materialst+8	0x835460	0x8356e2	je	0x8357e7	0x8356e8
steam	PE:6a70a6d9:02711000	adventure_item_interact_fill_with_materialst+8	0x835460	0x8356ef	je	0x8357e7	0x8356f5
steam	PE:6a70a6d9:02711000	adventure_item_interact_fill_with_materialst+8	0x835460	0x83571a	je	0x835748	0x83571c
steam	PE:6a70a6d9:02711000	adventure_item_interact_fill_with_materialst+8	0x835460	0x835723	je	0x835748	0x835725
steam	PE:6a70a6d9:02711000	adventure_item_interact_fill_with_materialst+8	0x835460	0x83572b	je	0x835748	0x83572d
steam	PE:6a70a6d9:02711000	adventure_item_interact_fill_with_materialst+8	0x835460	0x83573c	je	0x835748	0x83573e
steam	PE:6a70a6d9:02711000	adventure_item_interact_fill_with_materialst+8	0x835460	0x83574f	je	0x835771	0x835751
steam	PE:6a70a6d9:02711000	adventure_item_interact_fill_with_materialst+8	0x835460	0x835755	je	0x835771	0x835757
steam	PE:6a70a6d9:02711000	adventure_item_interact_fill_with_materialst+8	0x835460	0x8357a9	jbe	0x8357dc	0x8357ab
steam	PE:6a70a6d9:02711000	adventure_item_interact_fill_with_materialst+8	0x835460	0x8357bc	jb	0x8357d7	0x8357be
steam	PE:6a70a6d9:02711000	adventure_item_interact_fill_with_materialst+8	0x835460	0x8357d1	ja	0x835a9f	0x8357d7
steam	PE:6a70a6d9:02711000	adventure_item_interact_fill_with_materialst+8	0x835460	0x835800	je	0x835861	0x835802
steam	PE:6a70a6d9:02711000	adventure_item_interact_fill_with_materialst+8	0x835460	0x83580a	je	0x835840	0x83580c
steam	PE:6a70a6d9:02711000	adventure_item_interact_fill_with_materialst+8	0x835460	0x83581c	jbe	0x835821	0x83581e
steam	PE:6a70a6d9:02711000	adventure_item_interact_fill_with_materialst+8	0x835460	0x83585a	jbe	0x83586a	0x83585c
steam	PE:6a70a6d9:02711000	adventure_item_interact_fill_with_materialst+8	0x835460	0x8358af	jbe	0x8358e2	0x8358b1
steam	PE:6a70a6d9:02711000	adventure_item_interact_fill_with_materialst+8	0x835460	0x8358c2	jb	0x8358dd	0x8358c4
steam	PE:6a70a6d9:02711000	adventure_item_interact_fill_with_materialst+8	0x835460	0x8358d7	ja	0x835aa6	0x8358dd
steam	PE:6a70a6d9:02711000	adventure_item_interact_fill_with_materialst+8	0x835460	0x8358ee	jns	0x8355c0	0x8358f4
steam	PE:6a70a6d9:02711000	adventure_item_interact_fill_with_materialst+8	0x835460	0x835906	jne	0x8359fe	0x83590c
steam	PE:6a70a6d9:02711000	adventure_item_interact_fill_with_materialst+8	0x835460	0x83591f	js	0x8359fe	0x835925
steam	PE:6a70a6d9:02711000	adventure_item_interact_fill_with_materialst+8	0x835460	0x835928	jge	0x8359fe	0x83592e
steam	PE:6a70a6d9:02711000	adventure_item_interact_fill_with_materialst+8	0x835460	0x835932	js	0x8359fe	0x835938
steam	PE:6a70a6d9:02711000	adventure_item_interact_fill_with_materialst+8	0x835460	0x83593f	jge	0x8359fe	0x835945
steam	PE:6a70a6d9:02711000	adventure_item_interact_fill_with_materialst+8	0x835460	0x835949	js	0x8359fe	0x83594f
steam	PE:6a70a6d9:02711000	adventure_item_interact_fill_with_materialst+8	0x835460	0x835956	jge	0x8359fe	0x83595c
steam	PE:6a70a6d9:02711000	adventure_item_interact_fill_with_materialst+8	0x835460	0x835976	je	0x8359fe	0x83597c
steam	PE:6a70a6d9:02711000	adventure_item_interact_fill_with_materialst+8	0x835460	0x835993	je	0x8359fe	0x835995
steam	PE:6a70a6d9:02711000	adventure_item_interact_fill_with_materialst+8	0x835460	0x83599d	jge	0x8359a6	0x83599f
steam	PE:6a70a6d9:02711000	adventure_item_interact_fill_with_materialst+8	0x835460	0x8359b5	jge	0x8359be	0x8359b7
steam	PE:6a70a6d9:02711000	adventure_item_interact_fill_with_materialst+8	0x835460	0x8359ce	jae	0x8359e5	0x8359d0
steam	PE:6a70a6d9:02711000	adventure_item_interact_fill_with_materialst+8	0x835460	0x8359e7	jns	0x8359fe	0x8359e9
steam	PE:6a70a6d9:02711000	adventure_item_interact_fill_with_materialst+8	0x835460	0x835a36	ja	0x835bad	0x835a3c
steam	PE:6a70a6d9:02711000	adventure_item_interact_fill_with_materialst+8	0x835460	0x835a54	je	0x835bad	0x835a5a
steam	PE:6a70a6d9:02711000	adventure_item_interact_fill_with_materialst+8	0x835460	0x835a5d	je	0x835bad	0x835a63
steam	PE:6a70a6d9:02711000	adventure_item_interact_fill_with_materialst+8	0x835460	0x835a69	js	0x835bad	0x835a6f
steam	PE:6a70a6d9:02711000	adventure_item_interact_fill_with_materialst+8	0x835460	0x835a83	je	0x835aad	0x835a85
steam	PE:6a70a6d9:02711000	adventure_item_interact_fill_with_materialst+8	0x835460	0x835a98	jle	0x835a70	0x835a9a
steam	PE:6a70a6d9:02711000	adventure_item_interact_fill_with_materialst+8	0x835460	0x835ab0	je	0x835bad	0x835ab6
steam	PE:6a70a6d9:02711000	adventure_item_interact_fill_with_materialst+8	0x835460	0x835abd	je	0x835bad	0x835ac3
steam	PE:6a70a6d9:02711000	adventure_item_interact_fill_with_materialst+8	0x835460	0x835ae8	je	0x835b16	0x835aea
steam	PE:6a70a6d9:02711000	adventure_item_interact_fill_with_materialst+8	0x835460	0x835af1	je	0x835b16	0x835af3
steam	PE:6a70a6d9:02711000	adventure_item_interact_fill_with_materialst+8	0x835460	0x835af9	je	0x835b16	0x835afb
steam	PE:6a70a6d9:02711000	adventure_item_interact_fill_with_materialst+8	0x835460	0x835b0a	je	0x835b16	0x835b0c
steam	PE:6a70a6d9:02711000	adventure_item_interact_fill_with_materialst+8	0x835460	0x835b1d	je	0x835b3f	0x835b1f
steam	PE:6a70a6d9:02711000	adventure_item_interact_fill_with_materialst+8	0x835460	0x835b23	je	0x835b3f	0x835b25
steam	PE:6a70a6d9:02711000	adventure_item_interact_fill_with_materialst+8	0x835460	0x835b77	jbe	0x835bad	0x835b79
steam	PE:6a70a6d9:02711000	adventure_item_interact_fill_with_materialst+8	0x835460	0x835b8a	jb	0x835ba8	0x835b8c
steam	PE:6a70a6d9:02711000	adventure_item_interact_fill_with_materialst+8	0x835460	0x835b9f	jbe	0x835ba8	0x835ba1
steam	PE:6a70a6d9:02711000	adventure_item_interact_fill_with_materialst+8	0x835460	0x835bc6	je	0x835c26	0x835bc8
steam	PE:6a70a6d9:02711000	adventure_item_interact_fill_with_materialst+8	0x835460	0x835bd0	je	0x835c06	0x835bd2
steam	PE:6a70a6d9:02711000	adventure_item_interact_fill_with_materialst+8	0x835460	0x835be2	jbe	0x835be7	0x835be4
steam	PE:6a70a6d9:02711000	adventure_item_interact_fill_with_materialst+8	0x835460	0x835c1f	jbe	0x835c32	0x835c21
steam	PE:6a70a6d9:02711000	adventure_item_interact_fill_with_materialst+8	0x835460	0x835c69	je	0x835cc8	0x835c6b
steam	PE:6a70a6d9:02711000	adventure_item_interact_fill_with_materialst+8	0x835460	0x835cd0	jbe	0x835d06	0x835cd2
steam	PE:6a70a6d9:02711000	adventure_item_interact_fill_with_materialst+8	0x835460	0x835ce3	jb	0x835d01	0x835ce5
steam	PE:6a70a6d9:02711000	adventure_item_interact_fill_with_materialst+8	0x835460	0x835cf8	jbe	0x835d01	0x835cfa
steam	PE:6a70a6d9:02711000	adventure_item_interact_give_namest+8	0x835d50	0x835de2	jbe	0x835e19	0x835de4
steam	PE:6a70a6d9:02711000	adventure_item_interact_give_namest+8	0x835d50	0x835df6	jb	0x835e14	0x835df8
steam	PE:6a70a6d9:02711000	adventure_item_interact_give_namest+8	0x835d50	0x835e0b	jbe	0x835e14	0x835e0d
steam	PE:6a70a6d9:02711000	adventure_item_interact_heat_from_tilest+8	0x835e40	0x835ef7	jle	0x835f25	0x835ef9
steam	PE:6a70a6d9:02711000	adventure_item_interact_heat_from_tilest+8	0x835e40	0x835f36	ja	0x835fae	0x835f38
steam	PE:6a70a6d9:02711000	adventure_item_interact_heat_from_tilest+8	0x835e40	0x835fb7	je	0x836012	0x835fb9
steam	PE:6a70a6d9:02711000	adventure_item_interact_heat_from_tilest+8	0x835e40	0x83601b	jbe	0x836052	0x83601d
steam	PE:6a70a6d9:02711000	adventure_item_interact_heat_from_tilest+8	0x835e40	0x83602f	jb	0x83604d	0x836031
steam	PE:6a70a6d9:02711000	adventure_item_interact_heat_from_tilest+8	0x835e40	0x836044	jbe	0x83604d	0x836046
steam	PE:6a70a6d9:02711000	adventure_environment_place_on_pack_animalst+8	0x837ea0	0x837f2b	je	0x837f86	0x837f2d
steam	PE:6a70a6d9:02711000	adventure_environment_place_on_pack_animalst+8	0x837ea0	0x837f8f	jbe	0x837fc6	0x837f91
steam	PE:6a70a6d9:02711000	adventure_environment_place_on_pack_animalst+8	0x837ea0	0x837fa3	jb	0x837fc1	0x837fa5
steam	PE:6a70a6d9:02711000	adventure_environment_place_on_pack_animalst+8	0x837ea0	0x837fb8	jbe	0x837fc1	0x837fba
steam	PE:6a70a6d9:02711000	adventure_environment_place_in_bld_containerst+8	0x837ff0	0x838022	jne	0x838038	0x838024
steam	PE:6a70a6d9:02711000	adventure_environment_place_in_bld_containerst+8	0x837ff0	0x83806a	jne	0x838073	0x83806c
steam	PE:6a70a6d9:02711000	adventure_environment_place_in_bld_containerst+8	0x837ff0	0x8380e5	je	0x838140	0x8380e7
steam	PE:6a70a6d9:02711000	adventure_environment_place_in_bld_containerst+8	0x837ff0	0x838149	jbe	0x838180	0x83814b
steam	PE:6a70a6d9:02711000	adventure_environment_place_in_bld_containerst+8	0x837ff0	0x83815d	jb	0x83817b	0x83815f
steam	PE:6a70a6d9:02711000	adventure_environment_place_in_bld_containerst+8	0x837ff0	0x838172	jbe	0x83817b	0x838174
steam	PE:6a70a6d9:02711000	adventure_environment_place_in_it_containerst+8	0x8381a0	0x838231	je	0x83828c	0x838233
steam	PE:6a70a6d9:02711000	adventure_environment_place_in_it_containerst+8	0x8381a0	0x838295	jbe	0x8382cc	0x838297
steam	PE:6a70a6d9:02711000	adventure_environment_place_in_it_containerst+8	0x8381a0	0x8382a9	jb	0x8382c7	0x8382ab
steam	PE:6a70a6d9:02711000	adventure_environment_place_in_it_containerst+8	0x8381a0	0x8382be	jbe	0x8382c7	0x8382c0
steam	PE:6a70a6d9:02711000	adventure_environment_unit_suck_bloodst+8	0x8382f0	0x838341	je	0x838797	0x838347
steam	PE:6a70a6d9:02711000	adventure_environment_unit_suck_bloodst+8	0x8382f0	0x83834b	je	0x838797	0x838351
steam	PE:6a70a6d9:02711000	adventure_environment_unit_suck_bloodst+8	0x8382f0	0x83835b	js	0x83838a	0x83835d
steam	PE:6a70a6d9:02711000	adventure_environment_unit_suck_bloodst+8	0x8382f0	0x838374	je	0x83838d	0x838376
steam	PE:6a70a6d9:02711000	adventure_environment_unit_suck_bloodst+8	0x8382f0	0x838388	jle	0x838360	0x83838a
steam	PE:6a70a6d9:02711000	adventure_environment_unit_suck_bloodst+8	0x8382f0	0x838390	je	0x838797	0x838396
steam	PE:6a70a6d9:02711000	adventure_environment_unit_suck_bloodst+8	0x8382f0	0x83842a	js	0x83848d	0x83842c
steam	PE:6a70a6d9:02711000	adventure_environment_unit_suck_bloodst+8	0x8382f0	0x838447	jae	0x83848d	0x838449
steam	PE:6a70a6d9:02711000	adventure_environment_unit_suck_bloodst+8	0x8382f0	0x83844d	js	0x83848d	0x83844f
steam	PE:6a70a6d9:02711000	adventure_environment_unit_suck_bloodst+8	0x8382f0	0x83846b	jae	0x83848d	0x83846d
steam	PE:6a70a6d9:02711000	adventure_environment_unit_suck_bloodst+8	0x8382f0	0x838474	je	0x83848d	0x838476
steam	PE:6a70a6d9:02711000	adventure_environment_unit_suck_bloodst+8	0x8382f0	0x8384ac	jne	0x8384d0	0x8384ae
steam	PE:6a70a6d9:02711000	adventure_environment_unit_suck_bloodst+8	0x8382f0	0x8384b7	je	0x8384d0	0x8384b9
steam	PE:6a70a6d9:02711000	adventure_environment_unit_suck_bloodst+8	0x8382f0	0x8384c0	ja	0x8384d0	0x8384c2
steam	PE:6a70a6d9:02711000	adventure_environment_unit_suck_bloodst+8	0x8382f0	0x8384c4	jne	0x8384d0	0x8384c6
steam	PE:6a70a6d9:02711000	adventure_environment_unit_suck_bloodst+8	0x8382f0	0x8384d4	je	0x8386f0	0x8384da
steam	PE:6a70a6d9:02711000	adventure_environment_unit_suck_bloodst+8	0x8382f0	0x8384f1	ja	0x838660	0x8384f7
steam	PE:6a70a6d9:02711000	adventure_environment_unit_suck_bloodst+8	0x8382f0	0x83850f	je	0x838660	0x838515
steam	PE:6a70a6d9:02711000	adventure_environment_unit_suck_bloodst+8	0x8382f0	0x838518	je	0x838660	0x83851e
steam	PE:6a70a6d9:02711000	adventure_environment_unit_suck_bloodst+8	0x8382f0	0x838525	js	0x838660	0x83852b
steam	PE:6a70a6d9:02711000	adventure_environment_unit_suck_bloodst+8	0x8382f0	0x838543	je	0x83855f	0x838545
steam	PE:6a70a6d9:02711000	adventure_environment_unit_suck_bloodst+8	0x8382f0	0x838558	jle	0x838530	0x83855a
steam	PE:6a70a6d9:02711000	adventure_environment_unit_suck_bloodst+8	0x8382f0	0x838562	je	0x838660	0x838568
steam	PE:6a70a6d9:02711000	adventure_environment_unit_suck_bloodst+8	0x8382f0	0x83856f	je	0x838660	0x838575
steam	PE:6a70a6d9:02711000	adventure_environment_unit_suck_bloodst+8	0x8382f0	0x838598	je	0x8385c6	0x83859a
steam	PE:6a70a6d9:02711000	adventure_environment_unit_suck_bloodst+8	0x8382f0	0x8385a1	je	0x8385c6	0x8385a3
steam	PE:6a70a6d9:02711000	adventure_environment_unit_suck_bloodst+8	0x8382f0	0x8385a9	je	0x8385c6	0x8385ab
steam	PE:6a70a6d9:02711000	adventure_environment_unit_suck_bloodst+8	0x8382f0	0x8385ba	je	0x8385c6	0x8385bc
steam	PE:6a70a6d9:02711000	adventure_environment_unit_suck_bloodst+8	0x8382f0	0x8385cd	je	0x8385ef	0x8385cf
steam	PE:6a70a6d9:02711000	adventure_environment_unit_suck_bloodst+8	0x8382f0	0x8385d3	je	0x8385ef	0x8385d5
steam	PE:6a70a6d9:02711000	adventure_environment_unit_suck_bloodst+8	0x8382f0	0x838627	jbe	0x83865d	0x838629
steam	PE:6a70a6d9:02711000	adventure_environment_unit_suck_bloodst+8	0x8382f0	0x83863a	jb	0x838658	0x83863c
steam	PE:6a70a6d9:02711000	adventure_environment_unit_suck_bloodst+8	0x8382f0	0x83864f	jbe	0x838658	0x838651
steam	PE:6a70a6d9:02711000	adventure_environment_unit_suck_bloodst+8	0x8382f0	0x838678	je	0x8386da	0x83867a
steam	PE:6a70a6d9:02711000	adventure_environment_unit_suck_bloodst+8	0x8382f0	0x838682	je	0x8386b8	0x838684
steam	PE:6a70a6d9:02711000	adventure_environment_unit_suck_bloodst+8	0x8382f0	0x838694	jbe	0x838699	0x838696
steam	PE:6a70a6d9:02711000	adventure_environment_unit_suck_bloodst+8	0x8382f0	0x8386d3	jbe	0x8386e7	0x8386d5
steam	PE:6a70a6d9:02711000	adventure_environment_unit_suck_bloodst+8	0x8382f0	0x838713	jbe	0x838749	0x838715
steam	PE:6a70a6d9:02711000	adventure_environment_unit_suck_bloodst+8	0x8382f0	0x838726	jb	0x838744	0x838728
steam	PE:6a70a6d9:02711000	adventure_environment_unit_suck_bloodst+8	0x8382f0	0x83873b	jbe	0x838744	0x83873d
steam	PE:6a70a6d9:02711000	adventure_environment_unit_suck_bloodst+8	0x8382f0	0x838761	jbe	0x838797	0x838763
steam	PE:6a70a6d9:02711000	adventure_environment_unit_suck_bloodst+8	0x8382f0	0x838774	jb	0x838792	0x838776
steam	PE:6a70a6d9:02711000	adventure_environment_unit_suck_bloodst+8	0x8382f0	0x838789	jbe	0x838792	0x83878b
steam	PE:6a70a6d9:02711000	adventure_environment_ingest_from_containerst+8	0x8387d0	0x8388e4	je	0x83893f	0x8388e6
steam	PE:6a70a6d9:02711000	adventure_environment_ingest_from_containerst+8	0x8387d0	0x838947	jbe	0x83897d	0x838949
steam	PE:6a70a6d9:02711000	adventure_environment_ingest_from_containerst+8	0x8387d0	0x83895a	jb	0x838978	0x83895c
steam	PE:6a70a6d9:02711000	adventure_environment_ingest_from_containerst+8	0x8387d0	0x83896f	jbe	0x838978	0x838971
steam	PE:6a70a6d9:02711000	adventure_environment_ingest_from_containerst+8	0x8387d0	0x838999	jbe	0x8389cf	0x83899b
steam	PE:6a70a6d9:02711000	adventure_environment_ingest_from_containerst+8	0x8387d0	0x8389ac	jb	0x8389ca	0x8389ae
steam	PE:6a70a6d9:02711000	adventure_environment_ingest_from_containerst+8	0x8387d0	0x8389c1	jbe	0x8389ca	0x8389c3
steam	PE:6a70a6d9:02711000	adventure_environment_ingest_materialst+8	0x8389f0	0x838a79	js	0x838e61	0x838a7f
steam	PE:6a70a6d9:02711000	adventure_environment_ingest_materialst+8	0x8389f0	0x838a89	jge	0x838e68	0x838a8f
steam	PE:6a70a6d9:02711000	adventure_environment_ingest_materialst+8	0x8389f0	0x838a92	js	0x838e68	0x838a98
steam	PE:6a70a6d9:02711000	adventure_environment_ingest_materialst+8	0x8389f0	0x838a9e	jge	0x838e68	0x838aa4
steam	PE:6a70a6d9:02711000	adventure_environment_ingest_materialst+8	0x8389f0	0x838aa8	js	0x838e68	0x838aae
steam	PE:6a70a6d9:02711000	adventure_environment_ingest_materialst+8	0x8389f0	0x838ab5	jge	0x838e68	0x838abb
steam	PE:6a70a6d9:02711000	adventure_environment_ingest_materialst+8	0x8389f0	0x838ace	je	0x838e68	0x838ad4
steam	PE:6a70a6d9:02711000	adventure_environment_ingest_materialst+8	0x8389f0	0x838aef	je	0x838e68	0x838af5
steam	PE:6a70a6d9:02711000	adventure_environment_ingest_materialst+8	0x8389f0	0x838b04	js	0x838e68	0x838b0a
steam	PE:6a70a6d9:02711000	adventure_environment_ingest_materialst+8	0x8389f0	0x838b22	jne	0x838e53	0x838b28
steam	PE:6a70a6d9:02711000	adventure_environment_ingest_materialst+8	0x8389f0	0x838b3a	jge	0x838b43	0x838b3c
steam	PE:6a70a6d9:02711000	adventure_environment_ingest_materialst+8	0x8389f0	0x838b53	jge	0x838b5c	0x838b55
steam	PE:6a70a6d9:02711000	adventure_environment_ingest_materialst+8	0x8389f0	0x838b68	jb	0x838e53	0x838b6e
steam	PE:6a70a6d9:02711000	adventure_environment_ingest_materialst+8	0x8389f0	0x838b77	je	0x838e4c	0x838b7d
steam	PE:6a70a6d9:02711000	adventure_environment_ingest_materialst+8	0x8389f0	0x838b87	jne	0x838b96	0x838b89
steam	PE:6a70a6d9:02711000	adventure_environment_ingest_materialst+8	0x8389f0	0x838b90	je	0x838e48	0x838b96
steam	PE:6a70a6d9:02711000	adventure_environment_ingest_materialst+8	0x8389f0	0x838bc0	ja	0x838d34	0x838bc6
steam	PE:6a70a6d9:02711000	adventure_environment_ingest_materialst+8	0x8389f0	0x838bde	je	0x838d34	0x838be4
steam	PE:6a70a6d9:02711000	adventure_environment_ingest_materialst+8	0x8389f0	0x838be7	je	0x838d34	0x838bed
steam	PE:6a70a6d9:02711000	adventure_environment_ingest_materialst+8	0x8389f0	0x838bf4	js	0x838d34	0x838bfa
steam	PE:6a70a6d9:02711000	adventure_environment_ingest_materialst+8	0x8389f0	0x838c13	je	0x838c2f	0x838c15
steam	PE:6a70a6d9:02711000	adventure_environment_ingest_materialst+8	0x8389f0	0x838c28	jle	0x838c00	0x838c2a
steam	PE:6a70a6d9:02711000	adventure_environment_ingest_materialst+8	0x8389f0	0x838c32	je	0x838d34	0x838c38
steam	PE:6a70a6d9:02711000	adventure_environment_ingest_materialst+8	0x8389f0	0x838c3f	je	0x838d34	0x838c45
steam	PE:6a70a6d9:02711000	adventure_environment_ingest_materialst+8	0x8389f0	0x838c6b	je	0x838c99	0x838c6d
steam	PE:6a70a6d9:02711000	adventure_environment_ingest_materialst+8	0x8389f0	0x838c74	je	0x838c99	0x838c76
steam	PE:6a70a6d9:02711000	adventure_environment_ingest_materialst+8	0x8389f0	0x838c7c	je	0x838c99	0x838c7e
steam	PE:6a70a6d9:02711000	adventure_environment_ingest_materialst+8	0x8389f0	0x838c8d	je	0x838c99	0x838c8f
steam	PE:6a70a6d9:02711000	adventure_environment_ingest_materialst+8	0x8389f0	0x838ca0	je	0x838cc2	0x838ca2
steam	PE:6a70a6d9:02711000	adventure_environment_ingest_materialst+8	0x8389f0	0x838ca6	je	0x838cc2	0x838ca8
steam	PE:6a70a6d9:02711000	adventure_environment_ingest_materialst+8	0x8389f0	0x838cfa	jbe	0x838d2d	0x838cfc
steam	PE:6a70a6d9:02711000	adventure_environment_ingest_materialst+8	0x8389f0	0x838d0d	jb	0x838d28	0x838d0f
steam	PE:6a70a6d9:02711000	adventure_environment_ingest_materialst+8	0x8389f0	0x838d22	ja	0x83900f	0x838d28
steam	PE:6a70a6d9:02711000	adventure_environment_ingest_materialst+8	0x8389f0	0x838d4d	je	0x838db5	0x838d4f
steam	PE:6a70a6d9:02711000	adventure_environment_ingest_materialst+8	0x8389f0	0x838d57	je	0x838d8d	0x838d59
steam	PE:6a70a6d9:02711000	adventure_environment_ingest_materialst+8	0x8389f0	0x838d69	jbe	0x838d6e	0x838d6b
steam	PE:6a70a6d9:02711000	adventure_environment_ingest_materialst+8	0x8389f0	0x838da7	jbe	0x838dac	0x838da9
steam	PE:6a70a6d9:02711000	adventure_environment_ingest_materialst+8	0x8389f0	0x838e0a	jbe	0x838e3d	0x838e0c
steam	PE:6a70a6d9:02711000	adventure_environment_ingest_materialst+8	0x8389f0	0x838e1d	jb	0x838e38	0x838e1f
steam	PE:6a70a6d9:02711000	adventure_environment_ingest_materialst+8	0x8389f0	0x838e32	ja	0x839016	0x838e38
steam	PE:6a70a6d9:02711000	adventure_environment_ingest_materialst+8	0x8389f0	0x838e5b	jns	0x838b11	0x838e61
steam	PE:6a70a6d9:02711000	adventure_environment_ingest_materialst+8	0x8389f0	0x838e6e	jne	0x838f66	0x838e74
steam	PE:6a70a6d9:02711000	adventure_environment_ingest_materialst+8	0x8389f0	0x838e87	js	0x838f66	0x838e8d
steam	PE:6a70a6d9:02711000	adventure_environment_ingest_materialst+8	0x8389f0	0x838e90	jge	0x838f66	0x838e96
steam	PE:6a70a6d9:02711000	adventure_environment_ingest_materialst+8	0x8389f0	0x838e9a	js	0x838f66	0x838ea0
steam	PE:6a70a6d9:02711000	adventure_environment_ingest_materialst+8	0x8389f0	0x838ea7	jge	0x838f66	0x838ead
steam	PE:6a70a6d9:02711000	adventure_environment_ingest_materialst+8	0x8389f0	0x838eb1	js	0x838f66	0x838eb7
steam	PE:6a70a6d9:02711000	adventure_environment_ingest_materialst+8	0x8389f0	0x838ebe	jge	0x838f66	0x838ec4
steam	PE:6a70a6d9:02711000	adventure_environment_ingest_materialst+8	0x8389f0	0x838ede	je	0x838f66	0x838ee4
steam	PE:6a70a6d9:02711000	adventure_environment_ingest_materialst+8	0x8389f0	0x838efb	je	0x838f66	0x838efd
steam	PE:6a70a6d9:02711000	adventure_environment_ingest_materialst+8	0x8389f0	0x838f05	jge	0x838f0e	0x838f07
steam	PE:6a70a6d9:02711000	adventure_environment_ingest_materialst+8	0x8389f0	0x838f1d	jge	0x838f26	0x838f1f
steam	PE:6a70a6d9:02711000	adventure_environment_ingest_materialst+8	0x8389f0	0x838f36	jae	0x838f4d	0x838f38
steam	PE:6a70a6d9:02711000	adventure_environment_ingest_materialst+8	0x8389f0	0x838f4f	jns	0x838f66	0x838f51
steam	PE:6a70a6d9:02711000	adventure_environment_ingest_materialst+8	0x8389f0	0x838f9d	ja	0x83911e	0x838fa3
steam	PE:6a70a6d9:02711000	adventure_environment_ingest_materialst+8	0x8389f0	0x838fbb	je	0x83911e	0x838fc1
steam	PE:6a70a6d9:02711000	adventure_environment_ingest_materialst+8	0x8389f0	0x838fc4	je	0x83911e	0x838fca
steam	PE:6a70a6d9:02711000	adventure_environment_ingest_materialst+8	0x8389f0	0x838fd1	js	0x83911e	0x838fd7
steam	PE:6a70a6d9:02711000	adventure_environment_ingest_materialst+8	0x8389f0	0x838ff3	je	0x83901d	0x838ff5
steam	PE:6a70a6d9:02711000	adventure_environment_ingest_materialst+8	0x8389f0	0x839008	jle	0x838fe0	0x83900a
steam	PE:6a70a6d9:02711000	adventure_environment_ingest_materialst+8	0x8389f0	0x839020	je	0x83911e	0x839026
steam	PE:6a70a6d9:02711000	adventure_environment_ingest_materialst+8	0x8389f0	0x83902d	je	0x83911e	0x839033
steam	PE:6a70a6d9:02711000	adventure_environment_ingest_materialst+8	0x8389f0	0x839054	je	0x839082	0x839056
steam	PE:6a70a6d9:02711000	adventure_environment_ingest_materialst+8	0x8389f0	0x83905d	je	0x839082	0x83905f
steam	PE:6a70a6d9:02711000	adventure_environment_ingest_materialst+8	0x8389f0	0x839065	je	0x839082	0x839067
steam	PE:6a70a6d9:02711000	adventure_environment_ingest_materialst+8	0x8389f0	0x839076	je	0x839082	0x839078
steam	PE:6a70a6d9:02711000	adventure_environment_ingest_materialst+8	0x8389f0	0x839089	je	0x8390af	0x83908b
steam	PE:6a70a6d9:02711000	adventure_environment_ingest_materialst+8	0x8389f0	0x83908f	je	0x8390af	0x839091
steam	PE:6a70a6d9:02711000	adventure_environment_ingest_materialst+8	0x8389f0	0x8390e8	jbe	0x83911e	0x8390ea
steam	PE:6a70a6d9:02711000	adventure_environment_ingest_materialst+8	0x8389f0	0x8390fb	jb	0x839119	0x8390fd
steam	PE:6a70a6d9:02711000	adventure_environment_ingest_materialst+8	0x8389f0	0x839110	jbe	0x839119	0x839112
steam	PE:6a70a6d9:02711000	adventure_environment_ingest_materialst+8	0x8389f0	0x839136	je	0x83919a	0x839138
steam	PE:6a70a6d9:02711000	adventure_environment_ingest_materialst+8	0x8389f0	0x839140	je	0x839176	0x839142
steam	PE:6a70a6d9:02711000	adventure_environment_ingest_materialst+8	0x8389f0	0x839152	jbe	0x839157	0x839154
steam	PE:6a70a6d9:02711000	adventure_environment_ingest_materialst+8	0x8389f0	0x839192	jbe	0x83919f	0x839194
steam	PE:6a70a6d9:02711000	adventure_environment_ingest_materialst+8	0x8389f0	0x8391d6	je	0x839235	0x8391d8
steam	PE:6a70a6d9:02711000	adventure_environment_ingest_materialst+8	0x8389f0	0x83923d	jbe	0x839273	0x83923f
steam	PE:6a70a6d9:02711000	adventure_environment_ingest_materialst+8	0x8389f0	0x839250	jb	0x83926e	0x839252
steam	PE:6a70a6d9:02711000	adventure_environment_ingest_materialst+8	0x8389f0	0x839265	jbe	0x83926e	0x839267
steam	PE:6a70a6d9:02711000	adventure_option_view_contaminantst+8	0x8392a0	0x8392d2	je	0x839646	0x8392d8
steam	PE:6a70a6d9:02711000	adventure_option_view_contaminantst+8	0x8392a0	0x8392df	je	0x839646	0x8392e5
steam	PE:6a70a6d9:02711000	adventure_option_view_contaminantst+8	0x8392a0	0x839313	js	0x8394ea	0x839319
steam	PE:6a70a6d9:02711000	adventure_option_view_contaminantst+8	0x8392a0	0x839334	jae	0x8394ea	0x83933a
steam	PE:6a70a6d9:02711000	adventure_option_view_contaminantst+8	0x8392a0	0x83935b	je	0x8393b0	0x83935d
steam	PE:6a70a6d9:02711000	adventure_option_view_contaminantst+8	0x8392a0	0x83937f	jg	0x83938a	0x839381
steam	PE:6a70a6d9:02711000	adventure_option_view_contaminantst+8	0x8392a0	0x83939d	jbe	0x8393a2	0x83939f
steam	PE:6a70a6d9:02711000	adventure_option_view_contaminantst+8	0x8392a0	0x8393e8	jle	0x8395c3	0x8393ee
steam	PE:6a70a6d9:02711000	adventure_option_view_contaminantst+8	0x8392a0	0x8393f9	jae	0x83941b	0x8393fb
steam	PE:6a70a6d9:02711000	adventure_option_view_contaminantst+8	0x8392a0	0x83942f	jb	0x83966b	0x839435
steam	PE:6a70a6d9:02711000	adventure_option_view_contaminantst+8	0x8392a0	0x839443	ja	0x839464	0x839445
steam	PE:6a70a6d9:02711000	adventure_option_view_contaminantst+8	0x8392a0	0x839454	ja	0x839464	0x839456
steam	PE:6a70a6d9:02711000	adventure_option_view_contaminantst+8	0x8392a0	0x839482	jbe	0x8394d1	0x839484
steam	PE:6a70a6d9:02711000	adventure_option_view_contaminantst+8	0x8392a0	0x8394a2	jb	0x8394c0	0x8394a4
steam	PE:6a70a6d9:02711000	adventure_option_view_contaminantst+8	0x8392a0	0x8394b7	ja	0x8395b3	0x8394bd
steam	PE:6a70a6d9:02711000	adventure_option_view_contaminantst+8	0x8392a0	0x8394f2	jb	0x839527	0x8394f4
steam	PE:6a70a6d9:02711000	adventure_option_view_contaminantst+8	0x8392a0	0x839540	ja	0x839552	0x839542
steam	PE:6a70a6d9:02711000	adventure_option_view_contaminantst+8	0x8392a0	0x839588	jbe	0x8395bf	0x83958a
steam	PE:6a70a6d9:02711000	adventure_option_view_contaminantst+8	0x8392a0	0x83959c	jb	0x8395ba	0x83959e
steam	PE:6a70a6d9:02711000	adventure_option_view_contaminantst+8	0x8392a0	0x8395b1	jbe	0x8395ba	0x8395b3
steam	PE:6a70a6d9:02711000	adventure_option_view_contaminantst+8	0x8392a0	0x839610	jbe	0x839646	0x839612
steam	PE:6a70a6d9:02711000	adventure_option_view_contaminantst+8	0x8392a0	0x839623	jb	0x839641	0x839625
steam	PE:6a70a6d9:02711000	adventure_option_view_contaminantst+8	0x8392a0	0x839638	jbe	0x839641	0x83963a
steam	PE:6a70a6d9:02711000	adventure_option_eat_unit_contaminantst+8	0x839850	0x839882	je	0x839c6a	0x839888
steam	PE:6a70a6d9:02711000	adventure_option_eat_unit_contaminantst+8	0x839850	0x83988f	je	0x839c6a	0x839895
steam	PE:6a70a6d9:02711000	adventure_option_eat_unit_contaminantst+8	0x839850	0x83989b	je	0x8398b5	0x83989d
steam	PE:6a70a6d9:02711000	adventure_option_eat_unit_contaminantst+8	0x839850	0x8398a0	je	0x8398ae	0x8398a2
steam	PE:6a70a6d9:02711000	adventure_option_eat_unit_contaminantst+8	0x839850	0x8398a5	jne	0x8398b5	0x8398a7
steam	PE:6a70a6d9:02711000	adventure_option_eat_unit_contaminantst+8	0x839850	0x839937	js	0x839b0e	0x83993d
steam	PE:6a70a6d9:02711000	adventure_option_eat_unit_contaminantst+8	0x839850	0x839958	jae	0x839b0e	0x83995e
steam	PE:6a70a6d9:02711000	adventure_option_eat_unit_contaminantst+8	0x839850	0x83997f	je	0x8399d4	0x839981
steam	PE:6a70a6d9:02711000	adventure_option_eat_unit_contaminantst+8	0x839850	0x8399a3	jg	0x8399ae	0x8399a5
steam	PE:6a70a6d9:02711000	adventure_option_eat_unit_contaminantst+8	0x839850	0x8399c1	jbe	0x8399c6	0x8399c3
steam	PE:6a70a6d9:02711000	adventure_option_eat_unit_contaminantst+8	0x839850	0x839a0c	jle	0x839be7	0x839a12
steam	PE:6a70a6d9:02711000	adventure_option_eat_unit_contaminantst+8	0x839850	0x839a1d	jae	0x839a3f	0x839a1f
steam	PE:6a70a6d9:02711000	adventure_option_eat_unit_contaminantst+8	0x839850	0x839a53	jb	0x839c8f	0x839a59
steam	PE:6a70a6d9:02711000	adventure_option_eat_unit_contaminantst+8	0x839850	0x839a67	ja	0x839a88	0x839a69
steam	PE:6a70a6d9:02711000	adventure_option_eat_unit_contaminantst+8	0x839850	0x839a78	ja	0x839a88	0x839a7a
steam	PE:6a70a6d9:02711000	adventure_option_eat_unit_contaminantst+8	0x839850	0x839aa6	jbe	0x839af5	0x839aa8
steam	PE:6a70a6d9:02711000	adventure_option_eat_unit_contaminantst+8	0x839850	0x839ac6	jb	0x839ae4	0x839ac8
steam	PE:6a70a6d9:02711000	adventure_option_eat_unit_contaminantst+8	0x839850	0x839adb	ja	0x839bd7	0x839ae1
steam	PE:6a70a6d9:02711000	adventure_option_eat_unit_contaminantst+8	0x839850	0x839b16	jb	0x839b4b	0x839b18
steam	PE:6a70a6d9:02711000	adventure_option_eat_unit_contaminantst+8	0x839850	0x839b64	ja	0x839b76	0x839b66
steam	PE:6a70a6d9:02711000	adventure_option_eat_unit_contaminantst+8	0x839850	0x839bac	jbe	0x839be3	0x839bae
steam	PE:6a70a6d9:02711000	adventure_option_eat_unit_contaminantst+8	0x839850	0x839bc0	jb	0x839bde	0x839bc2
steam	PE:6a70a6d9:02711000	adventure_option_eat_unit_contaminantst+8	0x839850	0x839bd5	jbe	0x839bde	0x839bd7
steam	PE:6a70a6d9:02711000	adventure_option_eat_unit_contaminantst+8	0x839850	0x839c34	jbe	0x839c6a	0x839c36
steam	PE:6a70a6d9:02711000	adventure_option_eat_unit_contaminantst+8	0x839850	0x839c47	jb	0x839c65	0x839c49
steam	PE:6a70a6d9:02711000	adventure_option_eat_unit_contaminantst+8	0x839850	0x839c5c	jbe	0x839c65	0x839c5e
steam	PE:6a70a6d9:02711000	adventure_option_eat_item_contaminantst+8	0x839ca0	0x839cc4	je	0x839e22	0x839cca
steam	PE:6a70a6d9:02711000	adventure_option_eat_item_contaminantst+8	0x839ca0	0x839ccf	je	0x839e22	0x839cd5
steam	PE:6a70a6d9:02711000	adventure_option_eat_item_contaminantst+8	0x839ca0	0x839cdc	je	0x839e22	0x839ce2
steam	PE:6a70a6d9:02711000	adventure_option_eat_item_contaminantst+8	0x839ca0	0x839ce8	je	0x839d02	0x839cea
steam	PE:6a70a6d9:02711000	adventure_option_eat_item_contaminantst+8	0x839ca0	0x839ced	je	0x839cfb	0x839cef
steam	PE:6a70a6d9:02711000	adventure_option_eat_item_contaminantst+8	0x839ca0	0x839cf2	jne	0x839d02	0x839cf4
steam	PE:6a70a6d9:02711000	adventure_option_eat_item_contaminantst+8	0x839ca0	0x839deb	jbe	0x839e22	0x839ded
steam	PE:6a70a6d9:02711000	adventure_option_eat_item_contaminantst+8	0x839ca0	0x839dff	jb	0x839e1d	0x839e01
steam	PE:6a70a6d9:02711000	adventure_option_eat_item_contaminantst+8	0x839ca0	0x839e14	jbe	0x839e1d	0x839e16
steam	PE:6a70a6d9:02711000	adventure_environment_pickup_vermin_eventst+8	0x839e40	0x839ec6	js	0x839f1e	0x839ec8
steam	PE:6a70a6d9:02711000	adventure_environment_pickup_vermin_eventst+8	0x839e40	0x839ee3	jae	0x839f1e	0x839ee5
steam	PE:6a70a6d9:02711000	adventure_environment_pickup_vermin_eventst+8	0x839e40	0x839ef5	je	0x839f1e	0x839ef7
steam	PE:6a70a6d9:02711000	adventure_environment_pickup_vermin_eventst+8	0x839e40	0x839eff	jbe	0x839f04	0x839f01
steam	PE:6a70a6d9:02711000	adventure_environment_pickup_vermin_eventst+8	0x839e40	0x839f2c	je	0x83a06a	0x839f32
steam	PE:6a70a6d9:02711000	adventure_environment_pickup_vermin_eventst+8	0x839e40	0x839f46	jb	0x83a0cf	0x839f4c
steam	PE:6a70a6d9:02711000	adventure_environment_pickup_vermin_eventst+8	0x839e40	0x839f6e	jbe	0x839f9e	0x839f70
steam	PE:6a70a6d9:02711000	adventure_environment_pickup_vermin_eventst+8	0x839e40	0x839f7a	jbe	0x839f81	0x839f7c
steam	PE:6a70a6d9:02711000	adventure_environment_pickup_vermin_eventst+8	0x839e40	0x839fef	jbe	0x83a026	0x839ff1
steam	PE:6a70a6d9:02711000	adventure_environment_pickup_vermin_eventst+8	0x839e40	0x83a003	jb	0x83a021	0x83a005
steam	PE:6a70a6d9:02711000	adventure_environment_pickup_vermin_eventst+8	0x839e40	0x83a018	jbe	0x83a021	0x83a01a
steam	PE:6a70a6d9:02711000	adventure_environment_pickup_vermin_eventst+8	0x839e40	0x83a06e	jbe	0x83a0a4	0x83a070
steam	PE:6a70a6d9:02711000	adventure_environment_pickup_vermin_eventst+8	0x839e40	0x83a07e	jb	0x83a09c	0x83a080
steam	PE:6a70a6d9:02711000	adventure_environment_pickup_vermin_eventst+8	0x839e40	0x83a093	jbe	0x83a09c	0x83a095
steam	PE:6a70a6d9:02711000	adventure_environment_pickup_ignite_vegst+8	0x83a0e0	0x83a179	je	0x83a2bb	0x83a17f
steam	PE:6a70a6d9:02711000	adventure_environment_pickup_ignite_vegst+8	0x83a0e0	0x83a198	jb	0x83a32a	0x83a19e
steam	PE:6a70a6d9:02711000	adventure_environment_pickup_ignite_vegst+8	0x83a0e0	0x83a1c5	jbe	0x83a1f5	0x83a1c7
steam	PE:6a70a6d9:02711000	adventure_environment_pickup_ignite_vegst+8	0x83a0e0	0x83a1d1	jbe	0x83a1d8	0x83a1d3
steam	PE:6a70a6d9:02711000	adventure_environment_pickup_ignite_vegst+8	0x83a0e0	0x83a240	jbe	0x83a277	0x83a242
steam	PE:6a70a6d9:02711000	adventure_environment_pickup_ignite_vegst+8	0x83a0e0	0x83a254	jb	0x83a272	0x83a256
steam	PE:6a70a6d9:02711000	adventure_environment_pickup_ignite_vegst+8	0x83a0e0	0x83a269	jbe	0x83a272	0x83a26b
steam	PE:6a70a6d9:02711000	adventure_environment_pickup_ignite_vegst+8	0x83a0e0	0x83a2c7	jbe	0x83a2fe	0x83a2c9
steam	PE:6a70a6d9:02711000	adventure_environment_pickup_ignite_vegst+8	0x83a0e0	0x83a2db	jb	0x83a2f9	0x83a2dd
steam	PE:6a70a6d9:02711000	adventure_environment_pickup_ignite_vegst+8	0x83a0e0	0x83a2f0	jbe	0x83a2f9	0x83a2f2
steam	PE:6a70a6d9:02711000	adventure_environment_pickup_make_campfirest+8	0x83a330	0x83a35e	je	0x83a3b8	0x83a360
steam	PE:6a70a6d9:02711000	adventure_environment_pickup_chop_treest+8	0x83a3d0	0x83a40b	je	0x83a451	0x83a40d
steam	PE:6a70a6d9:02711000	adventure_environment_pickup_chop_treest+8	0x83a3d0	0x83a415	js	0x83a451	0x83a417
steam	PE:6a70a6d9:02711000	adventure_environment_pickup_chop_treest+8	0x83a3d0	0x83a432	jae	0x83a451	0x83a434
steam	PE:6a70a6d9:02711000	adventure_environment_pickup_chop_treest+8	0x83a3d0	0x83a43b	je	0x83a451	0x83a43d
steam	PE:6a70a6d9:02711000	adventure_environment_pickup_chop_treest+8	0x83a3d0	0x83a44a	jbe	0x83a45e	0x83a44c
steam	PE:6a70a6d9:02711000	adventure_environment_pickup_chop_treest+8	0x83a3d0	0x83a46f	je	0x83a4c9	0x83a471
steam	PE:6a70a6d9:02711000	adventure_movement_attack_creaturest+8	0x83fe00	0x83fe35	jne	0x83fe4e	0x83fe37
steam	PE:6a70a6d9:02711000	adventure_movement_attack_creaturest+8	0x83fe00	0x83fe73	jne	0x83ff90	0x83fe79
steam	PE:6a70a6d9:02711000	adventure_movement_attack_creaturest+8	0x83fe00	0x83fe94	je	0x83feda	0x83fe96
steam	PE:6a70a6d9:02711000	adventure_movement_attack_creaturest+8	0x83fe00	0x83fe9a	je	0x83feda	0x83fe9c
steam	PE:6a70a6d9:02711000	adventure_movement_attack_creaturest+8	0x83fe00	0x83fea2	js	0x83feda	0x83fea4
steam	PE:6a70a6d9:02711000	adventure_movement_attack_creaturest+8	0x83fe00	0x83fec4	je	0x83fedd	0x83fec6
steam	PE:6a70a6d9:02711000	adventure_movement_attack_creaturest+8	0x83fe00	0x83fed8	jle	0x83feb0	0x83feda
steam	PE:6a70a6d9:02711000	adventure_movement_attack_creaturest+8	0x83fe00	0x83fee0	je	0x83ff81	0x83fee6
steam	PE:6a70a6d9:02711000	adventure_movement_attack_creaturest+8	0x83fe00	0x83ff48	jbe	0x83ffa5	0x83ff4a
steam	PE:6a70a6d9:02711000	adventure_movement_attack_creaturest+8	0x83fe00	0x83ff5c	jb	0x83ff7a	0x83ff5e
steam	PE:6a70a6d9:02711000	adventure_movement_attack_creaturest+8	0x83fe00	0x83ff71	jbe	0x83ff7a	0x83ff73
steam	PE:6a70a6d9:02711000	adventure_movement_attack_creaturest+8	0x83fe00	0x83ffae	je	0x840008	0x83ffb0
steam	PE:6a70a6d9:02711000	adventure_movement_combat_menu_creaturest+8	0x840030	0x84005b	jne	0x840074	0x84005d
steam	PE:6a70a6d9:02711000	adventure_movement_combat_menu_creaturest+8	0x840030	0x8400a2	je	0x8400dc	0x8400a4
steam	PE:6a70a6d9:02711000	adventure_movement_combat_menu_creaturest+8	0x840030	0x8400a8	je	0x8400dc	0x8400aa
steam	PE:6a70a6d9:02711000	adventure_movement_combat_menu_creaturest+8	0x840030	0x8400b0	js	0x8400dc	0x8400b2
steam	PE:6a70a6d9:02711000	adventure_movement_combat_menu_creaturest+8	0x840030	0x8400c6	je	0x8400df	0x8400c8
steam	PE:6a70a6d9:02711000	adventure_movement_combat_menu_creaturest+8	0x840030	0x8400da	jle	0x8400b2	0x8400dc
steam	PE:6a70a6d9:02711000	adventure_movement_combat_menu_creaturest+8	0x840030	0x8400e2	je	0x840183	0x8400e8
steam	PE:6a70a6d9:02711000	adventure_movement_combat_menu_creaturest+8	0x840030	0x84014a	jbe	0x840198	0x84014c
steam	PE:6a70a6d9:02711000	adventure_movement_combat_menu_creaturest+8	0x840030	0x84015e	jb	0x84017c	0x840160
steam	PE:6a70a6d9:02711000	adventure_movement_combat_menu_creaturest+8	0x840030	0x840173	jbe	0x84017c	0x840175
steam	PE:6a70a6d9:02711000	adventure_movement_combat_menu_creaturest+8	0x840030	0x8401a1	je	0x8401fb	0x8401a3
steam	PE:6a70a6d9:02711000	adventure_movement_item_interact_pushst+8	0x840220	0x840275	je	0x8402b7	0x840277
steam	PE:6a70a6d9:02711000	adventure_movement_item_interact_pushst+8	0x840220	0x84027b	je	0x8402b7	0x84027d
steam	PE:6a70a6d9:02711000	adventure_movement_item_interact_pushst+8	0x840220	0x840283	js	0x8402b7	0x840285
steam	PE:6a70a6d9:02711000	adventure_movement_item_interact_pushst+8	0x840220	0x8402a1	je	0x8402ba	0x8402a3
steam	PE:6a70a6d9:02711000	adventure_movement_item_interact_pushst+8	0x840220	0x8402b5	jle	0x840290	0x8402b7
steam	PE:6a70a6d9:02711000	adventure_movement_item_interact_pushst+8	0x840220	0x8402bd	je	0x840359	0x8402c3
steam	PE:6a70a6d9:02711000	adventure_movement_item_interact_pushst+8	0x840220	0x840320	jbe	0x84036e	0x840322
steam	PE:6a70a6d9:02711000	adventure_movement_item_interact_pushst+8	0x840220	0x840334	jb	0x840352	0x840336
steam	PE:6a70a6d9:02711000	adventure_movement_item_interact_pushst+8	0x840220	0x840349	jbe	0x840352	0x84034b
steam	PE:6a70a6d9:02711000	adventure_movement_item_interact_pushst+8	0x840220	0x840377	je	0x8403bc	0x840379
steam	PE:6a70a6d9:02711000	adventure_movement_item_interact_ridest+8	0x8403e0	0x840435	je	0x840477	0x840437
steam	PE:6a70a6d9:02711000	adventure_movement_item_interact_ridest+8	0x8403e0	0x84043b	je	0x840477	0x84043d
steam	PE:6a70a6d9:02711000	adventure_movement_item_interact_ridest+8	0x8403e0	0x840443	js	0x840477	0x840445
steam	PE:6a70a6d9:02711000	adventure_movement_item_interact_ridest+8	0x8403e0	0x840461	je	0x84047a	0x840463
steam	PE:6a70a6d9:02711000	adventure_movement_item_interact_ridest+8	0x8403e0	0x840475	jle	0x840450	0x840477
steam	PE:6a70a6d9:02711000	adventure_movement_item_interact_ridest+8	0x8403e0	0x84047d	je	0x840519	0x840483
steam	PE:6a70a6d9:02711000	adventure_movement_item_interact_ridest+8	0x8403e0	0x8404e0	jbe	0x84052e	0x8404e2
steam	PE:6a70a6d9:02711000	adventure_movement_item_interact_ridest+8	0x8403e0	0x8404f4	jb	0x840512	0x8404f6
steam	PE:6a70a6d9:02711000	adventure_movement_item_interact_ridest+8	0x8403e0	0x840509	jbe	0x840512	0x84050b
steam	PE:6a70a6d9:02711000	adventure_movement_item_interact_ridest+8	0x8403e0	0x840537	je	0x84057c	0x840539
steam	PE:6a70a6d9:02711000	adventure_movement_item_interact_guidest+8	0x8405a0	0x8405f5	je	0x840637	0x8405f7
steam	PE:6a70a6d9:02711000	adventure_movement_item_interact_guidest+8	0x8405a0	0x8405fb	je	0x840637	0x8405fd
steam	PE:6a70a6d9:02711000	adventure_movement_item_interact_guidest+8	0x8405a0	0x840603	js	0x840637	0x840605
steam	PE:6a70a6d9:02711000	adventure_movement_item_interact_guidest+8	0x8405a0	0x840621	je	0x84063a	0x840623
steam	PE:6a70a6d9:02711000	adventure_movement_item_interact_guidest+8	0x8405a0	0x840635	jle	0x840610	0x840637
steam	PE:6a70a6d9:02711000	adventure_movement_item_interact_guidest+8	0x8405a0	0x84063d	je	0x8406d9	0x840643
steam	PE:6a70a6d9:02711000	adventure_movement_item_interact_guidest+8	0x8405a0	0x8406a0	jbe	0x8406ee	0x8406a2
steam	PE:6a70a6d9:02711000	adventure_movement_item_interact_guidest+8	0x8405a0	0x8406b4	jb	0x8406d2	0x8406b6
steam	PE:6a70a6d9:02711000	adventure_movement_item_interact_guidest+8	0x8405a0	0x8406c9	jbe	0x8406d2	0x8406cb
steam	PE:6a70a6d9:02711000	adventure_movement_item_interact_guidest+8	0x8405a0	0x8406f7	je	0x84073c	0x8406f9
steam	PE:6a70a6d9:02711000	adventure_movement_building_interact_raise_well_bucketst+8	0x840760	0x8407b5	je	0x8407f7	0x8407b7
steam	PE:6a70a6d9:02711000	adventure_movement_building_interact_raise_well_bucketst+8	0x840760	0x8407bb	je	0x8407f7	0x8407bd
steam	PE:6a70a6d9:02711000	adventure_movement_building_interact_raise_well_bucketst+8	0x840760	0x8407c3	js	0x8407f7	0x8407c5
steam	PE:6a70a6d9:02711000	adventure_movement_building_interact_raise_well_bucketst+8	0x840760	0x8407e1	je	0x8407fa	0x8407e3
steam	PE:6a70a6d9:02711000	adventure_movement_building_interact_raise_well_bucketst+8	0x840760	0x8407f5	jle	0x8407d0	0x8407f7
steam	PE:6a70a6d9:02711000	adventure_movement_building_interact_raise_well_bucketst+8	0x840760	0x8407fd	je	0x840894	0x840803
steam	PE:6a70a6d9:02711000	adventure_movement_building_interact_raise_well_bucketst+8	0x840760	0x84085b	jbe	0x8408a9	0x84085d
steam	PE:6a70a6d9:02711000	adventure_movement_building_interact_raise_well_bucketst+8	0x840760	0x84086f	jb	0x84088d	0x840871
steam	PE:6a70a6d9:02711000	adventure_movement_building_interact_raise_well_bucketst+8	0x840760	0x840884	jbe	0x84088d	0x840886
steam	PE:6a70a6d9:02711000	adventure_movement_building_interact_raise_well_bucketst+8	0x840760	0x8408c7	je	0x840921	0x8408c9
steam	PE:6a70a6d9:02711000	adventure_movement_building_interact_lower_well_bucketst+8	0x840940	0x840995	je	0x8409d7	0x840997
steam	PE:6a70a6d9:02711000	adventure_movement_building_interact_lower_well_bucketst+8	0x840940	0x84099b	je	0x8409d7	0x84099d
steam	PE:6a70a6d9:02711000	adventure_movement_building_interact_lower_well_bucketst+8	0x840940	0x8409a3	js	0x8409d7	0x8409a5
steam	PE:6a70a6d9:02711000	adventure_movement_building_interact_lower_well_bucketst+8	0x840940	0x8409c1	je	0x8409da	0x8409c3
steam	PE:6a70a6d9:02711000	adventure_movement_building_interact_lower_well_bucketst+8	0x840940	0x8409d5	jle	0x8409b0	0x8409d7
steam	PE:6a70a6d9:02711000	adventure_movement_building_interact_lower_well_bucketst+8	0x840940	0x8409dd	je	0x840a74	0x8409e3
steam	PE:6a70a6d9:02711000	adventure_movement_building_interact_lower_well_bucketst+8	0x840940	0x840a3b	jbe	0x840a89	0x840a3d
steam	PE:6a70a6d9:02711000	adventure_movement_building_interact_lower_well_bucketst+8	0x840940	0x840a4f	jb	0x840a6d	0x840a51
steam	PE:6a70a6d9:02711000	adventure_movement_building_interact_lower_well_bucketst+8	0x840940	0x840a64	jbe	0x840a6d	0x840a66
steam	PE:6a70a6d9:02711000	adventure_movement_building_interact_lower_well_bucketst+8	0x840940	0x840aa7	je	0x840b01	0x840aa9
steam	PE:6a70a6d9:02711000	adventure_movement_building_interact_pull_leverst+8	0x840b20	0x840b75	je	0x840bb7	0x840b77
steam	PE:6a70a6d9:02711000	adventure_movement_building_interact_pull_leverst+8	0x840b20	0x840b7b	je	0x840bb7	0x840b7d
steam	PE:6a70a6d9:02711000	adventure_movement_building_interact_pull_leverst+8	0x840b20	0x840b83	js	0x840bb7	0x840b85
steam	PE:6a70a6d9:02711000	adventure_movement_building_interact_pull_leverst+8	0x840b20	0x840ba1	je	0x840bba	0x840ba3
steam	PE:6a70a6d9:02711000	adventure_movement_building_interact_pull_leverst+8	0x840b20	0x840bb5	jle	0x840b90	0x840bb7
steam	PE:6a70a6d9:02711000	adventure_movement_building_interact_pull_leverst+8	0x840b20	0x840bbd	je	0x840c54	0x840bc3
steam	PE:6a70a6d9:02711000	adventure_movement_building_interact_pull_leverst+8	0x840b20	0x840c1b	jbe	0x840c69	0x840c1d
steam	PE:6a70a6d9:02711000	adventure_movement_building_interact_pull_leverst+8	0x840b20	0x840c2f	jb	0x840c4d	0x840c31
steam	PE:6a70a6d9:02711000	adventure_movement_building_interact_pull_leverst+8	0x840b20	0x840c44	jbe	0x840c4d	0x840c46
steam	PE:6a70a6d9:02711000	adventure_movement_building_interact_pull_leverst+8	0x840b20	0x840c72	je	0x840ccc	0x840c74
steam	PE:6a70a6d9:02711000	adventure_movement_building_interact_break_in_hatchst+8	0x840cf0	0x840d45	je	0x840d87	0x840d47
steam	PE:6a70a6d9:02711000	adventure_movement_building_interact_break_in_hatchst+8	0x840cf0	0x840d4b	je	0x840d87	0x840d4d
steam	PE:6a70a6d9:02711000	adventure_movement_building_interact_break_in_hatchst+8	0x840cf0	0x840d53	js	0x840d87	0x840d55
steam	PE:6a70a6d9:02711000	adventure_movement_building_interact_break_in_hatchst+8	0x840cf0	0x840d71	je	0x840d8a	0x840d73
steam	PE:6a70a6d9:02711000	adventure_movement_building_interact_break_in_hatchst+8	0x840cf0	0x840d85	jle	0x840d60	0x840d87
steam	PE:6a70a6d9:02711000	adventure_movement_building_interact_break_in_hatchst+8	0x840cf0	0x840d8d	je	0x840e24	0x840d93
steam	PE:6a70a6d9:02711000	adventure_movement_building_interact_break_in_hatchst+8	0x840cf0	0x840deb	jbe	0x840e39	0x840ded
steam	PE:6a70a6d9:02711000	adventure_movement_building_interact_break_in_hatchst+8	0x840cf0	0x840dff	jb	0x840e1d	0x840e01
steam	PE:6a70a6d9:02711000	adventure_movement_building_interact_break_in_hatchst+8	0x840cf0	0x840e14	jbe	0x840e1d	0x840e16
steam	PE:6a70a6d9:02711000	adventure_movement_building_interact_break_in_hatchst+8	0x840cf0	0x840e42	je	0x840e9c	0x840e44
steam	PE:6a70a6d9:02711000	adventure_movement_building_interact_pick_door_lockst+8;adventure_movement_building_interact_pick_hatch_lockst+8	0x840ec0	0x840f15	je	0x840f57	0x840f17
steam	PE:6a70a6d9:02711000	adventure_movement_building_interact_pick_door_lockst+8;adventure_movement_building_interact_pick_hatch_lockst+8	0x840ec0	0x840f1b	je	0x840f57	0x840f1d
steam	PE:6a70a6d9:02711000	adventure_movement_building_interact_pick_door_lockst+8;adventure_movement_building_interact_pick_hatch_lockst+8	0x840ec0	0x840f23	js	0x840f57	0x840f25
steam	PE:6a70a6d9:02711000	adventure_movement_building_interact_pick_door_lockst+8;adventure_movement_building_interact_pick_hatch_lockst+8	0x840ec0	0x840f41	je	0x840f5a	0x840f43
steam	PE:6a70a6d9:02711000	adventure_movement_building_interact_pick_door_lockst+8;adventure_movement_building_interact_pick_hatch_lockst+8	0x840ec0	0x840f55	jle	0x840f30	0x840f57
steam	PE:6a70a6d9:02711000	adventure_movement_building_interact_pick_door_lockst+8;adventure_movement_building_interact_pick_hatch_lockst+8	0x840ec0	0x840f5d	je	0x840ff4	0x840f63
steam	PE:6a70a6d9:02711000	adventure_movement_building_interact_pick_door_lockst+8;adventure_movement_building_interact_pick_hatch_lockst+8	0x840ec0	0x840fbb	jbe	0x841009	0x840fbd
steam	PE:6a70a6d9:02711000	adventure_movement_building_interact_pick_door_lockst+8;adventure_movement_building_interact_pick_hatch_lockst+8	0x840ec0	0x840fcf	jb	0x840fed	0x840fd1
steam	PE:6a70a6d9:02711000	adventure_movement_building_interact_pick_door_lockst+8;adventure_movement_building_interact_pick_hatch_lockst+8	0x840ec0	0x840fe4	jbe	0x840fed	0x840fe6
steam	PE:6a70a6d9:02711000	adventure_movement_building_interact_pick_door_lockst+8;adventure_movement_building_interact_pick_hatch_lockst+8	0x840ec0	0x841027	je	0x841081	0x841029
steam	PE:6a70a6d9:02711000	adventure_movement_building_interact_bash_down_doorst+8	0x8410a0	0x8410f5	je	0x841137	0x8410f7
steam	PE:6a70a6d9:02711000	adventure_movement_building_interact_bash_down_doorst+8	0x8410a0	0x8410fb	je	0x841137	0x8410fd
steam	PE:6a70a6d9:02711000	adventure_movement_building_interact_bash_down_doorst+8	0x8410a0	0x841103	js	0x841137	0x841105
steam	PE:6a70a6d9:02711000	adventure_movement_building_interact_bash_down_doorst+8	0x8410a0	0x841121	je	0x84113a	0x841123
steam	PE:6a70a6d9:02711000	adventure_movement_building_interact_bash_down_doorst+8	0x8410a0	0x841135	jle	0x841110	0x841137
steam	PE:6a70a6d9:02711000	adventure_movement_building_interact_bash_down_doorst+8	0x8410a0	0x84113d	je	0x8411d4	0x841143
steam	PE:6a70a6d9:02711000	adventure_movement_building_interact_bash_down_doorst+8	0x8410a0	0x84119b	jbe	0x8411e9	0x84119d
steam	PE:6a70a6d9:02711000	adventure_movement_building_interact_bash_down_doorst+8	0x8410a0	0x8411af	jb	0x8411cd	0x8411b1
steam	PE:6a70a6d9:02711000	adventure_movement_building_interact_bash_down_doorst+8	0x8410a0	0x8411c4	jbe	0x8411cd	0x8411c6
steam	PE:6a70a6d9:02711000	adventure_movement_building_interact_bash_down_doorst+8	0x8410a0	0x8411f2	je	0x84124c	0x8411f4
steam	PE:6a70a6d9:02711000	adventure_movement_building_interact_topple_statuest+8	0x841270	0x8412c5	je	0x841307	0x8412c7
steam	PE:6a70a6d9:02711000	adventure_movement_building_interact_topple_statuest+8	0x841270	0x8412cb	je	0x841307	0x8412cd
steam	PE:6a70a6d9:02711000	adventure_movement_building_interact_topple_statuest+8	0x841270	0x8412d3	js	0x841307	0x8412d5
steam	PE:6a70a6d9:02711000	adventure_movement_building_interact_topple_statuest+8	0x841270	0x8412f1	je	0x84130a	0x8412f3
steam	PE:6a70a6d9:02711000	adventure_movement_building_interact_topple_statuest+8	0x841270	0x841305	jle	0x8412e0	0x841307
steam	PE:6a70a6d9:02711000	adventure_movement_building_interact_topple_statuest+8	0x841270	0x84130d	je	0x8413a4	0x841313
steam	PE:6a70a6d9:02711000	adventure_movement_building_interact_topple_statuest+8	0x841270	0x84136b	jbe	0x8413b9	0x84136d
steam	PE:6a70a6d9:02711000	adventure_movement_building_interact_topple_statuest+8	0x841270	0x84137f	jb	0x84139d	0x841381
steam	PE:6a70a6d9:02711000	adventure_movement_building_interact_topple_statuest+8	0x841270	0x841394	jbe	0x84139d	0x841396
steam	PE:6a70a6d9:02711000	adventure_movement_building_interact_topple_statuest+8	0x841270	0x8413c2	je	0x84141c	0x8413c4
steam	PE:6a70a6d9:02711000	adventure_movement_movest+8	0x841440	0x8414b0	je	0x841660	0x8414b6
steam	PE:6a70a6d9:02711000	adventure_movement_movest+8	0x841440	0x8414c7	jae	0x84165b	0x8414cd
steam	PE:6a70a6d9:02711000	adventure_movement_movest+8	0x841440	0x8414d7	je	0x84164b	0x8414dd
steam	PE:6a70a6d9:02711000	adventure_movement_movest+8	0x841440	0x8414e8	jne	0x84164b	0x8414ee
steam	PE:6a70a6d9:02711000	adventure_movement_movest+8	0x841440	0x8414fd	je	0x841553	0x8414ff
steam	PE:6a70a6d9:02711000	adventure_movement_movest+8	0x841440	0x841513	jae	0x84154b	0x841515
steam	PE:6a70a6d9:02711000	adventure_movement_movest+8	0x841440	0x841521	jne	0x841531	0x841523
steam	PE:6a70a6d9:02711000	adventure_movement_movest+8	0x841440	0x84152f	jne	0x841537	0x841531
steam	PE:6a70a6d9:02711000	adventure_movement_movest+8	0x841440	0x841580	jne	0x841646	0x841586
steam	PE:6a70a6d9:02711000	adventure_movement_movest+8	0x841440	0x84158f	jne	0x841646	0x841595
steam	PE:6a70a6d9:02711000	adventure_movement_movest+8	0x841440	0x84159e	jne	0x841646	0x8415a4
steam	PE:6a70a6d9:02711000	adventure_movement_movest+8	0x841440	0x8415b6	jne	0x841646	0x8415bc
steam	PE:6a70a6d9:02711000	adventure_movement_movest+8	0x841440	0x841617	jbe	0x841646	0x841619
steam	PE:6a70a6d9:02711000	adventure_movement_movest+8	0x841440	0x84162a	jb	0x841641	0x84162c
steam	PE:6a70a6d9:02711000	adventure_movement_movest+8	0x841440	0x84163f	ja	0x841654	0x841641
steam	PE:6a70a6d9:02711000	adventure_movement_movest+8	0x841440	0x84165e	jne	0x8416c9	0x841660
steam	PE:6a70a6d9:02711000	adventure_movement_movest+8	0x841440	0x8416ce	je	0x8418d6	0x8416d4
steam	PE:6a70a6d9:02711000	adventure_movement_movest+8	0x841440	0x84172d	js	0x8417b8	0x841733
steam	PE:6a70a6d9:02711000	adventure_movement_movest+8	0x841440	0x841739	jge	0x8417b8	0x84173b
steam	PE:6a70a6d9:02711000	adventure_movement_movest+8	0x841440	0x84173e	js	0x8417b8	0x841740
steam	PE:6a70a6d9:02711000	adventure_movement_movest+8	0x841440	0x841746	jge	0x8417b8	0x841748
steam	PE:6a70a6d9:02711000	adventure_movement_movest+8	0x841440	0x84174c	js	0x8417b8	0x84174e
steam	PE:6a70a6d9:02711000	adventure_movement_movest+8	0x841440	0x841755	jge	0x8417b8	0x841757
steam	PE:6a70a6d9:02711000	adventure_movement_movest+8	0x841440	0x841761	je	0x8417b8	0x841763
steam	PE:6a70a6d9:02711000	adventure_movement_movest+8	0x841440	0x841780	je	0x8417b8	0x841782
steam	PE:6a70a6d9:02711000	adventure_movement_movest+8	0x841440	0x841789	jge	0x841792	0x84178b
steam	PE:6a70a6d9:02711000	adventure_movement_movest+8	0x841440	0x8417a4	jge	0x8417ad	0x8417a6
steam	PE:6a70a6d9:02711000	adventure_movement_movest+8	0x841440	0x8417c0	je	0x8417d1	0x8417c2
steam	PE:6a70a6d9:02711000	adventure_movement_movest+8	0x841440	0x8417c5	je	0x8417d1	0x8417c7
steam	PE:6a70a6d9:02711000	adventure_movement_movest+8	0x841440	0x8417ca	je	0x8417d1	0x8417cc
steam	PE:6a70a6d9:02711000	adventure_movement_movest+8	0x841440	0x8417cf	jne	0x841814	0x8417d1
steam	PE:6a70a6d9:02711000	adventure_movement_movest+8	0x841440	0x8417e6	jg	0x841814	0x8417e8
steam	PE:6a70a6d9:02711000	adventure_movement_movest+8	0x841440	0x8417fd	jg	0x841814	0x8417ff
steam	PE:6a70a6d9:02711000	adventure_movement_movest+8	0x841440	0x841831	jle	0x841848	0x841833
steam	PE:6a70a6d9:02711000	adventure_movement_movest+8	0x841440	0x841865	jle	0x8418c1	0x841867
steam	PE:6a70a6d9:02711000	adventure_movement_movest+8	0x841440	0x84189e	jb	0x8418af	0x8418a0
steam	PE:6a70a6d9:02711000	adventure_movement_climbst+8	0x841900	0x8419a8	je	0x841b87	0x8419ae
steam	PE:6a70a6d9:02711000	adventure_movement_climbst+8	0x841900	0x8419f8	je	0x841a3c	0x8419fa
steam	PE:6a70a6d9:02711000	adventure_movement_climbst+8	0x841900	0x841a71	je	0x841a82	0x841a73
steam	PE:6a70a6d9:02711000	adventure_movement_climbst+8	0x841900	0x841a76	je	0x841a82	0x841a78
steam	PE:6a70a6d9:02711000	adventure_movement_climbst+8	0x841900	0x841a7b	je	0x841a82	0x841a7d
steam	PE:6a70a6d9:02711000	adventure_movement_climbst+8	0x841900	0x841a80	jne	0x841ac7	0x841a82
steam	PE:6a70a6d9:02711000	adventure_movement_climbst+8	0x841900	0x841a98	jg	0x841ac7	0x841a9a
steam	PE:6a70a6d9:02711000	adventure_movement_climbst+8	0x841900	0x841ab0	jg	0x841ac7	0x841ab2
steam	PE:6a70a6d9:02711000	adventure_movement_climbst+8	0x841900	0x841ae3	jle	0x841afa	0x841ae5
steam	PE:6a70a6d9:02711000	adventure_movement_climbst+8	0x841900	0x841b16	jle	0x841b71	0x841b18
steam	PE:6a70a6d9:02711000	adventure_movement_climbst+8	0x841900	0x841b4e	jb	0x841b5f	0x841b50
steam	PE:6a70a6d9:02711000	adventure_movement_climbst+8	0x841900	0x841b90	jbe	0x841bc7	0x841b92
steam	PE:6a70a6d9:02711000	adventure_movement_climbst+8	0x841900	0x841ba4	jb	0x841bc2	0x841ba6
steam	PE:6a70a6d9:02711000	adventure_movement_climbst+8	0x841900	0x841bb9	jbe	0x841bc2	0x841bbb
steam	PE:6a70a6d9:02711000	adventure_movement_hold_tilest+8	0x841bf0	0x841cb8	je	0x841e97	0x841cbe
steam	PE:6a70a6d9:02711000	adventure_movement_hold_tilest+8	0x841bf0	0x841d09	jne	0x841d1f	0x841d0b
steam	PE:6a70a6d9:02711000	adventure_movement_hold_tilest+8	0x841bf0	0x841d13	jne	0x841d1f	0x841d15
steam	PE:6a70a6d9:02711000	adventure_movement_hold_tilest+8	0x841bf0	0x841d1d	je	0x841d62	0x841d1f
steam	PE:6a70a6d9:02711000	adventure_movement_hold_tilest+8	0x841bf0	0x841d82	je	0x841d93	0x841d84
steam	PE:6a70a6d9:02711000	adventure_movement_hold_tilest+8	0x841bf0	0x841d87	je	0x841d93	0x841d89
steam	PE:6a70a6d9:02711000	adventure_movement_hold_tilest+8	0x841bf0	0x841d8c	je	0x841d93	0x841d8e
steam	PE:6a70a6d9:02711000	adventure_movement_hold_tilest+8	0x841bf0	0x841d91	jne	0x841dda	0x841d93
steam	PE:6a70a6d9:02711000	adventure_movement_hold_tilest+8	0x841bf0	0x841daa	jg	0x841dda	0x841dac
steam	PE:6a70a6d9:02711000	adventure_movement_hold_tilest+8	0x841bf0	0x841dc3	jg	0x841dda	0x841dc5
steam	PE:6a70a6d9:02711000	adventure_movement_hold_tilest+8	0x841bf0	0x841df6	jle	0x841e0d	0x841df8
steam	PE:6a70a6d9:02711000	adventure_movement_hold_tilest+8	0x841bf0	0x841e29	jle	0x841e81	0x841e2b
steam	PE:6a70a6d9:02711000	adventure_movement_hold_tilest+8	0x841bf0	0x841e61	jb	0x841e72	0x841e63
steam	PE:6a70a6d9:02711000	adventure_movement_hold_tilest+8	0x841bf0	0x841ea0	jbe	0x841ed7	0x841ea2
steam	PE:6a70a6d9:02711000	adventure_movement_hold_tilest+8	0x841bf0	0x841eb4	jb	0x841ed2	0x841eb6
steam	PE:6a70a6d9:02711000	adventure_movement_hold_tilest+8	0x841bf0	0x841ec9	jbe	0x841ed2	0x841ecb
steam	PE:6a70a6d9:02711000	adventure_movement_mountst+8	0x841f00	0x841f8b	je	0x841fe6	0x841f8d
steam	PE:6a70a6d9:02711000	adventure_movement_mountst+8	0x841f00	0x841fef	jbe	0x842026	0x841ff1
steam	PE:6a70a6d9:02711000	adventure_movement_mountst+8	0x841f00	0x842003	jb	0x842021	0x842005
steam	PE:6a70a6d9:02711000	adventure_movement_mountst+8	0x841f00	0x842018	jbe	0x842021	0x84201a
steam	PE:6a70a6d9:02711000	adventure_movement_dismountst+8	0x842050	0x8420f3	je	0x84214e	0x8420f5
steam	PE:6a70a6d9:02711000	adventure_movement_dismountst+8	0x842050	0x842157	jbe	0x84218e	0x842159
steam	PE:6a70a6d9:02711000	adventure_movement_dismountst+8	0x842050	0x84216b	jb	0x842189	0x84216d
steam	PE:6a70a6d9:02711000	adventure_movement_dismountst+8	0x842050	0x842180	jbe	0x842189	0x842182
steam	PE:6a70a6d9:02711000	adventure_movement_release_hold_tilest+8	0x8421b0	0x842254	jbe	0x84228b	0x842256
steam	PE:6a70a6d9:02711000	adventure_movement_release_hold_tilest+8	0x8421b0	0x842268	jb	0x842286	0x84226a
steam	PE:6a70a6d9:02711000	adventure_movement_release_hold_tilest+8	0x8421b0	0x84227d	jbe	0x842286	0x84227f
steam	PE:6a70a6d9:02711000	adventure_movement_hold_itemst+8	0x8422b0	0x842305	je	0x842347	0x842307
steam	PE:6a70a6d9:02711000	adventure_movement_hold_itemst+8	0x8422b0	0x84230b	je	0x842347	0x84230d
steam	PE:6a70a6d9:02711000	adventure_movement_hold_itemst+8	0x8422b0	0x842313	js	0x842347	0x842315
steam	PE:6a70a6d9:02711000	adventure_movement_hold_itemst+8	0x8422b0	0x842331	je	0x842349	0x842333
steam	PE:6a70a6d9:02711000	adventure_movement_hold_itemst+8	0x8422b0	0x842345	jle	0x842320	0x842347
steam	PE:6a70a6d9:02711000	adventure_movement_hold_itemst+8	0x8422b0	0x84234c	je	0x8423fb	0x842352
steam	PE:6a70a6d9:02711000	adventure_movement_hold_itemst+8	0x8422b0	0x8423c4	jbe	0x8423fb	0x8423c6
steam	PE:6a70a6d9:02711000	adventure_movement_hold_itemst+8	0x8422b0	0x8423d8	jb	0x8423f6	0x8423da
steam	PE:6a70a6d9:02711000	adventure_movement_hold_itemst+8	0x8422b0	0x8423ed	jbe	0x8423f6	0x8423ef
steam	PE:6a70a6d9:02711000	adventure_movement_hold_itemst+8	0x8422b0	0x842404	je	0x842585	0x84240a
steam	PE:6a70a6d9:02711000	adventure_movement_hold_itemst+8	0x8422b0	0x842470	je	0x842481	0x842472
steam	PE:6a70a6d9:02711000	adventure_movement_hold_itemst+8	0x8422b0	0x842475	je	0x842481	0x842477
steam	PE:6a70a6d9:02711000	adventure_movement_hold_itemst+8	0x8422b0	0x84247a	je	0x842481	0x84247c
steam	PE:6a70a6d9:02711000	adventure_movement_hold_itemst+8	0x8422b0	0x84247f	jne	0x8424c6	0x842481
steam	PE:6a70a6d9:02711000	adventure_movement_hold_itemst+8	0x8422b0	0x842497	jg	0x8424c6	0x842499
steam	PE:6a70a6d9:02711000	adventure_movement_hold_itemst+8	0x8422b0	0x8424af	jg	0x8424c6	0x8424b1
steam	PE:6a70a6d9:02711000	adventure_movement_hold_itemst+8	0x8422b0	0x8424e2	jle	0x8424f9	0x8424e4
steam	PE:6a70a6d9:02711000	adventure_movement_hold_itemst+8	0x8422b0	0x842515	jle	0x842570	0x842517
steam	PE:6a70a6d9:02711000	adventure_movement_hold_itemst+8	0x8422b0	0x84254d	jb	0x84255e	0x84254f
steam	PE:6a70a6d9:02711000	adventure_movement_claim_petst+8	0x8425b0	0x84263b	je	0x842695	0x84263d
steam	PE:6a70a6d9:02711000	adventure_movement_claim_petst+8	0x8425b0	0x8426b4	jbe	0x8426eb	0x8426b6
steam	PE:6a70a6d9:02711000	adventure_movement_claim_petst+8	0x8425b0	0x8426c8	jb	0x8426e6	0x8426ca
steam	PE:6a70a6d9:02711000	adventure_movement_claim_petst+8	0x8425b0	0x8426dd	jbe	0x8426e6	0x8426df
steam	PE:6a70a6d9:02711000	adventure_movement_lead_animalst+8	0x842710	0x84279b	je	0x8427f6	0x84279d
steam	PE:6a70a6d9:02711000	adventure_movement_lead_animalst+8	0x842710	0x8427ff	jbe	0x842836	0x842801
steam	PE:6a70a6d9:02711000	adventure_movement_lead_animalst+8	0x842710	0x842813	jb	0x842831	0x842815
steam	PE:6a70a6d9:02711000	adventure_movement_lead_animalst+8	0x842710	0x842828	jbe	0x842831	0x84282a
steam	PE:6a70a6d9:02711000	adventure_movement_stop_lead_animalst+8	0x842860	0x8428ec	jbe	0x842923	0x8428ee
steam	PE:6a70a6d9:02711000	adventure_movement_stop_lead_animalst+8	0x842860	0x842900	jb	0x84291e	0x842902
steam	PE:6a70a6d9:02711000	adventure_movement_stop_lead_animalst+8	0x842860	0x842915	jbe	0x84291e	0x842917
steam	PE:6a70a6d9:02711000	adventure_movement_release_hold_itemst+8	0x842940	0x842997	je	0x8429d7	0x842999
steam	PE:6a70a6d9:02711000	adventure_movement_release_hold_itemst+8	0x842940	0x84299d	je	0x8429d7	0x84299f
steam	PE:6a70a6d9:02711000	adventure_movement_release_hold_itemst+8	0x842940	0x8429a5	js	0x8429d7	0x8429a7
steam	PE:6a70a6d9:02711000	adventure_movement_release_hold_itemst+8	0x842940	0x8429c1	je	0x8429d9	0x8429c3
steam	PE:6a70a6d9:02711000	adventure_movement_release_hold_itemst+8	0x842940	0x8429d5	jle	0x8429b0	0x8429d7
steam	PE:6a70a6d9:02711000	adventure_movement_release_hold_itemst+8	0x842940	0x8429dc	je	0x842a8b	0x8429e2
steam	PE:6a70a6d9:02711000	adventure_movement_release_hold_itemst+8	0x842940	0x842a54	jbe	0x842a8b	0x842a56
steam	PE:6a70a6d9:02711000	adventure_movement_release_hold_itemst+8	0x842940	0x842a68	jb	0x842a86	0x842a6a
steam	PE:6a70a6d9:02711000	adventure_movement_release_hold_itemst+8	0x842940	0x842a7d	jbe	0x842a86	0x842a7f
steam	PE:6a70a6d9:02711000	adventure_movement_pathst+8	0x842ab0	0x842af3	jne	0x842b0a	0x842af5
steam	PE:6a70a6d9:02711000	adventure_movement_pathst+8	0x842ab0	0x842b12	je	0x842bc1	0x842b18
steam	PE:6a70a6d9:02711000	adventure_movement_pathst+8	0x842ab0	0x842b6f	jle	0x842b86	0x842b71
steam	PE:6a70a6d9:02711000	adventure_movement_pathst+8	0x842ab0	0x842b91	jle	0x842baf	0x842b93
steam	PE:6a70a6d9:02711000	chooser-renderer	0x884460	0x8844b2	je	0x8844c8	0x8844b4
steam	PE:6a70a6d9:02711000	chooser-renderer	0x884460	0x884517	jle	0x884522	0x884519
steam	PE:6a70a6d9:02711000	chooser-renderer	0x884460	0x884529	je	0x884530	0x88452b
steam	PE:6a70a6d9:02711000	chooser-renderer	0x884460	0x88452e	jne	0x88459a	0x884530
steam	PE:6a70a6d9:02711000	chooser-renderer	0x884460	0x884558	jl	0x884566	0x88455a
steam	PE:6a70a6d9:02711000	chooser-renderer	0x884460	0x884569	jle	0x88457e	0x88456b
steam	PE:6a70a6d9:02711000	chooser-renderer	0x884460	0x884582	jge	0x88459a	0x884584
steam	PE:6a70a6d9:02711000	chooser-renderer	0x884460	0x88459f	je	0x884e78	0x8845a5
steam	PE:6a70a6d9:02711000	chooser-renderer	0x884460	0x8845af	jg	0x88468a	0x8845b5
steam	PE:6a70a6d9:02711000	chooser-renderer	0x884460	0x8845c6	jg	0x88467a	0x8845cc
steam	PE:6a70a6d9:02711000	chooser-renderer	0x884460	0x8845f0	jne	0x88461a	0x8845f2
steam	PE:6a70a6d9:02711000	chooser-renderer	0x884460	0x8845f5	jne	0x8845ff	0x8845f7
steam	PE:6a70a6d9:02711000	chooser-renderer	0x884460	0x884608	jne	0x884612	0x88460a
steam	PE:6a70a6d9:02711000	chooser-renderer	0x884460	0x88461d	jne	0x884647	0x88461f
steam	PE:6a70a6d9:02711000	chooser-renderer	0x884460	0x884622	jne	0x88462c	0x884624
steam	PE:6a70a6d9:02711000	chooser-renderer	0x884460	0x884635	jne	0x88463f	0x884637
steam	PE:6a70a6d9:02711000	chooser-renderer	0x884460	0x88464a	jne	0x884654	0x88464c
steam	PE:6a70a6d9:02711000	chooser-renderer	0x884460	0x88465c	je	0x884664	0x88465e
steam	PE:6a70a6d9:02711000	chooser-renderer	0x884460	0x884674	jle	0x8845d0	0x88467a
steam	PE:6a70a6d9:02711000	chooser-renderer	0x884460	0x88467f	jle	0x8845c0	0x884685
steam	PE:6a70a6d9:02711000	chooser-renderer	0x884460	0x8846f4	je	0x8847ce	0x8846fa
steam	PE:6a70a6d9:02711000	chooser-renderer	0x884460	0x8847fe	je	0x884862	0x884800
steam	PE:6a70a6d9:02711000	chooser-renderer	0x884460	0x88480b	je	0x884824	0x88480d
steam	PE:6a70a6d9:02711000	chooser-renderer	0x884460	0x884816	jbe	0x88481b	0x884818
steam	PE:6a70a6d9:02711000	chooser-renderer	0x884460	0x884848	jae	0x88486e	0x88484a
steam	PE:6a70a6d9:02711000	chooser-renderer	0x884460	0x8848c5	jle	0x8848e4	0x8848c7
steam	PE:6a70a6d9:02711000	chooser-renderer	0x884460	0x8848d1	je	0x8848e4	0x8848d3
steam	PE:6a70a6d9:02711000	chooser-renderer	0x884460	0x884907	jle	0x884926	0x884909
steam	PE:6a70a6d9:02711000	chooser-renderer	0x884460	0x884913	je	0x884926	0x884915
steam	PE:6a70a6d9:02711000	chooser-renderer	0x884460	0x884948	jle	0x884967	0x88494a
steam	PE:6a70a6d9:02711000	chooser-renderer	0x884460	0x884954	je	0x884967	0x884956
steam	PE:6a70a6d9:02711000	chooser-renderer	0x884460	0x88498c	jle	0x8849ab	0x88498e
steam	PE:6a70a6d9:02711000	chooser-renderer	0x884460	0x884998	je	0x8849ab	0x88499a
steam	PE:6a70a6d9:02711000	chooser-renderer	0x884460	0x8849bb	jl	0x8848a0	0x8849c1
steam	PE:6a70a6d9:02711000	chooser-renderer	0x884460	0x884a03	jle	0x884a22	0x884a05
steam	PE:6a70a6d9:02711000	chooser-renderer	0x884460	0x884a0f	je	0x884a22	0x884a11
steam	PE:6a70a6d9:02711000	chooser-renderer	0x884460	0x884a45	jle	0x884a64	0x884a47
steam	PE:6a70a6d9:02711000	chooser-renderer	0x884460	0x884a51	je	0x884a64	0x884a53
steam	PE:6a70a6d9:02711000	chooser-renderer	0x884460	0x884a86	jle	0x884aa5	0x884a88
steam	PE:6a70a6d9:02711000	chooser-renderer	0x884460	0x884a92	je	0x884aa5	0x884a94
steam	PE:6a70a6d9:02711000	chooser-renderer	0x884460	0x884ac8	jle	0x884ae7	0x884aca
steam	PE:6a70a6d9:02711000	chooser-renderer	0x884460	0x884ad4	je	0x884ae7	0x884ad6
steam	PE:6a70a6d9:02711000	chooser-renderer	0x884460	0x884af7	jl	0x8849e0	0x884afd
steam	PE:6a70a6d9:02711000	chooser-renderer	0x884460	0x884b47	jle	0x884b66	0x884b49
steam	PE:6a70a6d9:02711000	chooser-renderer	0x884460	0x884b53	je	0x884b66	0x884b55
steam	PE:6a70a6d9:02711000	chooser-renderer	0x884460	0x884b89	jle	0x884ba8	0x884b8b
steam	PE:6a70a6d9:02711000	chooser-renderer	0x884460	0x884b95	je	0x884ba8	0x884b97
steam	PE:6a70a6d9:02711000	chooser-renderer	0x884460	0x884bcb	jle	0x884bea	0x884bcd
steam	PE:6a70a6d9:02711000	chooser-renderer	0x884460	0x884bd7	je	0x884bea	0x884bd9
steam	PE:6a70a6d9:02711000	chooser-renderer	0x884460	0x884c0d	jle	0x884c2c	0x884c0f
steam	PE:6a70a6d9:02711000	chooser-renderer	0x884460	0x884c19	je	0x884c2c	0x884c1b
steam	PE:6a70a6d9:02711000	chooser-renderer	0x884460	0x884c3d	jl	0x884b20	0x884c43
steam	PE:6a70a6d9:02711000	chooser-renderer	0x884460	0x884c4d	jg	0x884cb3	0x884c4f
steam	PE:6a70a6d9:02711000	chooser-renderer	0x884460	0x884c7f	jne	0x884c87	0x884c81
steam	PE:6a70a6d9:02711000	chooser-renderer	0x884460	0x884c8a	jne	0x884c91	0x884c8c
steam	PE:6a70a6d9:02711000	chooser-renderer	0x884460	0x884caa	jl	0x884c70	0x884cac
steam	PE:6a70a6d9:02711000	chooser-renderer	0x884460	0x884cb1	jle	0x884c60	0x884cb3
steam	PE:6a70a6d9:02711000	chooser-renderer	0x884460	0x884d12	jbe	0x884d45	0x884d14
steam	PE:6a70a6d9:02711000	chooser-renderer	0x884460	0x884d25	jb	0x884d40	0x884d27
steam	PE:6a70a6d9:02711000	chooser-renderer	0x884460	0x884d3a	ja	0x884e53	0x884d40
steam	PE:6a70a6d9:02711000	chooser-renderer	0x884460	0x884d54	jg	0x884dc6	0x884d56
steam	PE:6a70a6d9:02711000	chooser-renderer	0x884460	0x884d8f	jne	0x884d97	0x884d91
steam	PE:6a70a6d9:02711000	chooser-renderer	0x884460	0x884d99	jne	0x884da0	0x884d9b
steam	PE:6a70a6d9:02711000	chooser-renderer	0x884460	0x884db9	jl	0x884d80	0x884dbb
steam	PE:6a70a6d9:02711000	chooser-renderer	0x884460	0x884dbf	jle	0x884d70	0x884dc1
steam	PE:6a70a6d9:02711000	chooser-renderer	0x884460	0x884e29	jbe	0x884e60	0x884e2b
steam	PE:6a70a6d9:02711000	chooser-renderer	0x884460	0x884e3c	jb	0x884e5a	0x884e3e
steam	PE:6a70a6d9:02711000	chooser-renderer	0x884460	0x884e51	jbe	0x884e5a	0x884e53
steam	PE:6a70a6d9:02711000	chooser-renderer	0x884460	0x884e7e	jg	0x884f45	0x884e84
steam	PE:6a70a6d9:02711000	chooser-renderer	0x884460	0x884e8a	jg	0x884f3a	0x884e90
steam	PE:6a70a6d9:02711000	chooser-renderer	0x884460	0x884eb0	jne	0x884eda	0x884eb2
steam	PE:6a70a6d9:02711000	chooser-renderer	0x884460	0x884eb5	jne	0x884ebf	0x884eb7
steam	PE:6a70a6d9:02711000	chooser-renderer	0x884460	0x884ec8	jne	0x884ed2	0x884eca
steam	PE:6a70a6d9:02711000	chooser-renderer	0x884460	0x884edd	jne	0x884f07	0x884edf
steam	PE:6a70a6d9:02711000	chooser-renderer	0x884460	0x884ee2	jne	0x884eec	0x884ee4
steam	PE:6a70a6d9:02711000	chooser-renderer	0x884460	0x884ef5	jne	0x884eff	0x884ef7
steam	PE:6a70a6d9:02711000	chooser-renderer	0x884460	0x884f0a	jne	0x884f14	0x884f0c
steam	PE:6a70a6d9:02711000	chooser-renderer	0x884460	0x884f1c	je	0x884f24	0x884f1e
steam	PE:6a70a6d9:02711000	chooser-renderer	0x884460	0x884f34	jle	0x884e90	0x884f3a
steam	PE:6a70a6d9:02711000	chooser-renderer	0x884460	0x884f3f	jle	0x884e84	0x884f45
steam	PE:6a70a6d9:02711000	chooser-renderer	0x884460	0x884f7f	jne	0x884f87	0x884f81
steam	PE:6a70a6d9:02711000	chooser-renderer	0x884460	0x884f8a	jne	0x884f91	0x884f8c
steam	PE:6a70a6d9:02711000	chooser-renderer	0x884460	0x884faa	jl	0x884f70	0x884fac
steam	PE:6a70a6d9:02711000	chooser-renderer	0x884460	0x884fb1	jl	0x884f50	0x884fb3
steam	PE:6a70a6d9:02711000	chooser-renderer	0x884460	0x88501e	jbe	0x885051	0x885020
steam	PE:6a70a6d9:02711000	chooser-renderer	0x884460	0x885031	jb	0x88504c	0x885033
steam	PE:6a70a6d9:02711000	chooser-renderer	0x884460	0x885046	ja	0x8853d6	0x88504c
steam	PE:6a70a6d9:02711000	chooser-renderer	0x884460	0x885078	ja	0x885131	0x88507e
steam	PE:6a70a6d9:02711000	chooser-renderer	0x884460	0x8850fe	jbe	0x885131	0x885100
steam	PE:6a70a6d9:02711000	chooser-renderer	0x884460	0x885111	jb	0x88512c	0x885113
steam	PE:6a70a6d9:02711000	chooser-renderer	0x884460	0x885126	ja	0x8853d6	0x88512c
steam	PE:6a70a6d9:02711000	chooser-renderer	0x884460	0x88517b	jle	0x885184	0x88517d
steam	PE:6a70a6d9:02711000	chooser-renderer	0x884460	0x8851b0	jge	0x8856a4	0x8851b6
steam	PE:6a70a6d9:02711000	chooser-renderer	0x884460	0x8851ea	jae	0x885695	0x8851f0
steam	PE:6a70a6d9:02711000	chooser-renderer	0x884460	0x88521b	jg	0x88549d	0x885221
steam	PE:6a70a6d9:02711000	chooser-renderer	0x884460	0x885235	jge	0x885483	0x88523b
steam	PE:6a70a6d9:02711000	chooser-renderer	0x884460	0x88525f	je	0x88540e	0x885265
steam	PE:6a70a6d9:02711000	chooser-renderer	0x884460	0x885268	jne	0x8853dd	0x88526e
steam	PE:6a70a6d9:02711000	chooser-renderer	0x884460	0x8852f5	je	0x885348	0x8852f7
steam	PE:6a70a6d9:02711000	chooser-renderer	0x884460	0x8853a0	jbe	0x885131	0x8853a6
steam	PE:6a70a6d9:02711000	chooser-renderer	0x884460	0x8853b7	jb	0x88512c	0x8853bd
steam	PE:6a70a6d9:02711000	chooser-renderer	0x884460	0x8853d0	jbe	0x88512c	0x8853d6
steam	PE:6a70a6d9:02711000	chooser-renderer	0x884460	0x8853e3	jne	0x8853e9	0x8853e5
steam	PE:6a70a6d9:02711000	chooser-renderer	0x884460	0x8853ef	jne	0x8853f5	0x8853f1
steam	PE:6a70a6d9:02711000	chooser-renderer	0x884460	0x8853fb	jne	0x885401	0x8853fd
steam	PE:6a70a6d9:02711000	chooser-renderer	0x884460	0x885407	jne	0x88541b	0x885409
steam	PE:6a70a6d9:02711000	chooser-renderer	0x884460	0x885411	jne	0x88541b	0x885413
steam	PE:6a70a6d9:02711000	chooser-renderer	0x884460	0x88541e	jne	0x885428	0x885420
steam	PE:6a70a6d9:02711000	chooser-renderer	0x884460	0x885441	jle	0x885460	0x885443
steam	PE:6a70a6d9:02711000	chooser-renderer	0x884460	0x88544d	je	0x885460	0x88544f
steam	PE:6a70a6d9:02711000	chooser-renderer	0x884460	0x885475	jl	0x885250	0x88547b
steam	PE:6a70a6d9:02711000	chooser-renderer	0x884460	0x88548a	jle	0x885230	0x885490
steam	PE:6a70a6d9:02711000	chooser-renderer	0x884460	0x8854a9	je	0x8854e6	0x8854ab
steam	PE:6a70a6d9:02711000	chooser-renderer	0x884460	0x88555c	jbe	0x885577	0x88555e
steam	PE:6a70a6d9:02711000	chooser-renderer	0x884460	0x885561	je	0x885577	0x885563
steam	PE:6a70a6d9:02711000	chooser-renderer	0x884460	0x88559e	jb	0x88561a	0x8855a0
steam	PE:6a70a6d9:02711000	chooser-renderer	0x884460	0x8855aa	js	0x8855db	0x8855ac
steam	PE:6a70a6d9:02711000	chooser-renderer	0x884460	0x8855af	ja	0x8855c9	0x8855b1
steam	PE:6a70a6d9:02711000	chooser-renderer	0x884460	0x8855df	jle	0x88561a	0x8855e1
steam	PE:6a70a6d9:02711000	chooser-renderer	0x884460	0x885640	jbe	0x88566f	0x885642
steam	PE:6a70a6d9:02711000	chooser-renderer	0x884460	0x885653	jb	0x88566a	0x885655
steam	PE:6a70a6d9:02711000	chooser-renderer	0x884460	0x885668	ja	0x88568e	0x88566a
steam	PE:6a70a6d9:02711000	chooser-renderer	0x884460	0x885687	jge	0x88569a	0x885689
steam	PE:6a70a6d9:02711000	chooser-renderer	0x884460	0x8856b3	jle	0x88571d	0x8856b5
steam	PE:6a70a6d9:02711000	chooser-renderer	0x884460	0x88574c	jbe	0x8857a0	0x88574e
steam	PE:6a70a6d9:02711000	chooser-renderer	0x884460	0x885750	jbe	0x8857a4	0x885752
steam	PE:6a70a6d9:02711000	adventure_environment_take_from_pack_animalst+8	0x8932c0	0x8932f7	je	0x8935c8	0x8932fd
steam	PE:6a70a6d9:02711000	adventure_environment_take_from_pack_animalst+8	0x8932c0	0x893371	jne	0x89343a	0x893377
steam	PE:6a70a6d9:02711000	adventure_environment_take_from_pack_animalst+8	0x8932c0	0x893379	je	0x893422	0x89337f
steam	PE:6a70a6d9:02711000	adventure_environment_take_from_pack_animalst+8	0x8932c0	0x89338a	jae	0x8933ed	0x89338c
steam	PE:6a70a6d9:02711000	adventure_environment_take_from_pack_animalst+8	0x8932c0	0x893398	je	0x8933c3	0x89339a
steam	PE:6a70a6d9:02711000	adventure_environment_take_from_pack_animalst+8	0x8932c0	0x89339d	jne	0x8933d1	0x89339f
steam	PE:6a70a6d9:02711000	adventure_environment_take_from_pack_animalst+8	0x8932c0	0x8933ab	je	0x8933d1	0x8933ad
steam	PE:6a70a6d9:02711000	adventure_environment_take_from_pack_animalst+8	0x8932c0	0x8933cf	jne	0x8933d7	0x8933d1
steam	PE:6a70a6d9:02711000	adventure_environment_take_from_pack_animalst+8	0x8932c0	0x8933f8	jae	0x89343a	0x8933fa
steam	PE:6a70a6d9:02711000	adventure_environment_take_from_pack_animalst+8	0x8932c0	0x893400	je	0x893408	0x893402
steam	PE:6a70a6d9:02711000	adventure_environment_take_from_pack_animalst+8	0x8932c0	0x89343f	jne	0x8934e9	0x893445
steam	PE:6a70a6d9:02711000	adventure_environment_take_from_pack_animalst+8	0x8932c0	0x89344a	je	0x8934e9	0x893450
steam	PE:6a70a6d9:02711000	adventure_environment_take_from_pack_animalst+8	0x8932c0	0x8934b3	jbe	0x8934e9	0x8934b5
steam	PE:6a70a6d9:02711000	adventure_environment_take_from_pack_animalst+8	0x8932c0	0x8934c6	jb	0x8934e4	0x8934c8
steam	PE:6a70a6d9:02711000	adventure_environment_take_from_pack_animalst+8	0x8932c0	0x8934db	jbe	0x8934e4	0x8934dd
steam	PE:6a70a6d9:02711000	adventure_environment_take_from_pack_animalst+8	0x8932c0	0x8934f1	je	0x89358a	0x8934f7
steam	PE:6a70a6d9:02711000	adventure_environment_take_from_pack_animalst+8	0x8932c0	0x893505	jne	0x893521	0x893507
steam	PE:6a70a6d9:02711000	adventure_environment_take_from_pack_animalst+8	0x8932c0	0x893512	jne	0x893521	0x893514
steam	PE:6a70a6d9:02711000	adventure_environment_take_from_pack_animalst+8	0x8932c0	0x89351f	je	0x89358a	0x893521
steam	PE:6a70a6d9:02711000	adventure_environment_take_from_pack_animalst+8	0x8932c0	0x893592	jbe	0x8935c8	0x893594
steam	PE:6a70a6d9:02711000	adventure_environment_take_from_pack_animalst+8	0x8932c0	0x8935a5	jb	0x8935c3	0x8935a7
steam	PE:6a70a6d9:02711000	adventure_environment_take_from_pack_animalst+8	0x8932c0	0x8935ba	jbe	0x8935c3	0x8935bc
steam	PE:6a70a6d9:02711000	adventure_environment_pick_up_environmentst+8;adventure_environment_pick_up_ground_itemst+8	0x8935f0	0x89361f	je	0x893844	0x893625
steam	PE:6a70a6d9:02711000	adventure_environment_pick_up_environmentst+8;adventure_environment_pick_up_ground_itemst+8	0x8935f0	0x893699	jne	0x893806	0x89369f
steam	PE:6a70a6d9:02711000	adventure_environment_pick_up_environmentst+8;adventure_environment_pick_up_ground_itemst+8	0x8935f0	0x8936a1	je	0x89374d	0x8936a7
steam	PE:6a70a6d9:02711000	adventure_environment_pick_up_environmentst+8;adventure_environment_pick_up_ground_itemst+8	0x8935f0	0x8936b3	jae	0x893716	0x8936b5
steam	PE:6a70a6d9:02711000	adventure_environment_pick_up_environmentst+8;adventure_environment_pick_up_ground_itemst+8	0x8935f0	0x8936c1	je	0x8936ec	0x8936c3
steam	PE:6a70a6d9:02711000	adventure_environment_pick_up_environmentst+8;adventure_environment_pick_up_ground_itemst+8	0x8935f0	0x8936c6	jne	0x8936fa	0x8936c8
steam	PE:6a70a6d9:02711000	adventure_environment_pick_up_environmentst+8;adventure_environment_pick_up_ground_itemst+8	0x8935f0	0x8936d4	je	0x8936fa	0x8936d6
steam	PE:6a70a6d9:02711000	adventure_environment_pick_up_environmentst+8;adventure_environment_pick_up_ground_itemst+8	0x8935f0	0x8936f8	jne	0x893700	0x8936fa
steam	PE:6a70a6d9:02711000	adventure_environment_pick_up_environmentst+8;adventure_environment_pick_up_ground_itemst+8	0x8935f0	0x893723	jae	0x893765	0x893725
steam	PE:6a70a6d9:02711000	adventure_environment_pick_up_environmentst+8;adventure_environment_pick_up_ground_itemst+8	0x8935f0	0x89372b	je	0x893733	0x89372d
steam	PE:6a70a6d9:02711000	adventure_environment_pick_up_environmentst+8;adventure_environment_pick_up_ground_itemst+8	0x8935f0	0x89376d	je	0x893806	0x893773
steam	PE:6a70a6d9:02711000	adventure_environment_pick_up_environmentst+8;adventure_environment_pick_up_ground_itemst+8	0x8935f0	0x893781	jne	0x89379d	0x893783
steam	PE:6a70a6d9:02711000	adventure_environment_pick_up_environmentst+8;adventure_environment_pick_up_ground_itemst+8	0x8935f0	0x89378e	jne	0x89379d	0x893790
steam	PE:6a70a6d9:02711000	adventure_environment_pick_up_environmentst+8;adventure_environment_pick_up_ground_itemst+8	0x8935f0	0x89379b	je	0x893806	0x89379d
steam	PE:6a70a6d9:02711000	adventure_environment_pick_up_environmentst+8;adventure_environment_pick_up_ground_itemst+8	0x8935f0	0x89380e	jbe	0x893844	0x893810
steam	PE:6a70a6d9:02711000	adventure_environment_pick_up_environmentst+8;adventure_environment_pick_up_ground_itemst+8	0x8935f0	0x893821	jb	0x89383f	0x893823
steam	PE:6a70a6d9:02711000	adventure_environment_pick_up_environmentst+8;adventure_environment_pick_up_ground_itemst+8	0x8935f0	0x893836	jbe	0x89383f	0x893838
steam	PE:6a70a6d9:02711000	adventure_environment_pick_up_building_itemst+8	0x893870	0x8938a7	je	0x893b79	0x8938ad
steam	PE:6a70a6d9:02711000	adventure_environment_pick_up_building_itemst+8	0x893870	0x893921	jne	0x8939ea	0x893927
steam	PE:6a70a6d9:02711000	adventure_environment_pick_up_building_itemst+8	0x893870	0x893929	je	0x8939d2	0x89392f
steam	PE:6a70a6d9:02711000	adventure_environment_pick_up_building_itemst+8	0x893870	0x89393a	jae	0x89399d	0x89393c
steam	PE:6a70a6d9:02711000	adventure_environment_pick_up_building_itemst+8	0x893870	0x893948	je	0x893973	0x89394a
steam	PE:6a70a6d9:02711000	adventure_environment_pick_up_building_itemst+8	0x893870	0x89394d	jne	0x893981	0x89394f
steam	PE:6a70a6d9:02711000	adventure_environment_pick_up_building_itemst+8	0x893870	0x89395b	je	0x893981	0x89395d
steam	PE:6a70a6d9:02711000	adventure_environment_pick_up_building_itemst+8	0x893870	0x89397f	jne	0x893987	0x893981
steam	PE:6a70a6d9:02711000	adventure_environment_pick_up_building_itemst+8	0x893870	0x8939a8	jae	0x8939ea	0x8939aa
steam	PE:6a70a6d9:02711000	adventure_environment_pick_up_building_itemst+8	0x893870	0x8939b0	je	0x8939b8	0x8939b2
steam	PE:6a70a6d9:02711000	adventure_environment_pick_up_building_itemst+8	0x893870	0x8939ef	jne	0x893a9a	0x8939f5
steam	PE:6a70a6d9:02711000	adventure_environment_pick_up_building_itemst+8	0x893870	0x8939fa	je	0x893a9a	0x893a00
steam	PE:6a70a6d9:02711000	adventure_environment_pick_up_building_itemst+8	0x893870	0x893a64	jbe	0x893a9a	0x893a66
steam	PE:6a70a6d9:02711000	adventure_environment_pick_up_building_itemst+8	0x893870	0x893a77	jb	0x893a95	0x893a79
steam	PE:6a70a6d9:02711000	adventure_environment_pick_up_building_itemst+8	0x893870	0x893a8c	jbe	0x893a95	0x893a8e
steam	PE:6a70a6d9:02711000	adventure_environment_pick_up_building_itemst+8	0x893870	0x893aa2	je	0x893b3b	0x893aa8
steam	PE:6a70a6d9:02711000	adventure_environment_pick_up_building_itemst+8	0x893870	0x893ab6	jne	0x893ad2	0x893ab8
steam	PE:6a70a6d9:02711000	adventure_environment_pick_up_building_itemst+8	0x893870	0x893ac3	jne	0x893ad2	0x893ac5
steam	PE:6a70a6d9:02711000	adventure_environment_pick_up_building_itemst+8	0x893870	0x893ad0	je	0x893b3b	0x893ad2
steam	PE:6a70a6d9:02711000	adventure_environment_pick_up_building_itemst+8	0x893870	0x893b43	jbe	0x893b79	0x893b45
steam	PE:6a70a6d9:02711000	adventure_environment_pick_up_building_itemst+8	0x893870	0x893b56	jb	0x893b74	0x893b58
steam	PE:6a70a6d9:02711000	adventure_environment_pick_up_building_itemst+8	0x893870	0x893b6b	jbe	0x893b74	0x893b6d
steam	PE:6a70a6d9:02711000	adventure_environment_pick_up_building_item_contentsst+8;adventure_environment_take_item_from_containerst+8	0x893bb0	0x893be7	je	0x893ebe	0x893bed
steam	PE:6a70a6d9:02711000	adventure_environment_pick_up_building_item_contentsst+8;adventure_environment_take_item_from_containerst+8	0x893bb0	0x893c61	jne	0x893d2a	0x893c67
steam	PE:6a70a6d9:02711000	adventure_environment_pick_up_building_item_contentsst+8;adventure_environment_take_item_from_containerst+8	0x893bb0	0x893c69	je	0x893d12	0x893c6f
steam	PE:6a70a6d9:02711000	adventure_environment_pick_up_building_item_contentsst+8;adventure_environment_take_item_from_containerst+8	0x893bb0	0x893c7a	jae	0x893cdd	0x893c7c
steam	PE:6a70a6d9:02711000	adventure_environment_pick_up_building_item_contentsst+8;adventure_environment_take_item_from_containerst+8	0x893bb0	0x893c88	je	0x893cb3	0x893c8a
steam	PE:6a70a6d9:02711000	adventure_environment_pick_up_building_item_contentsst+8;adventure_environment_take_item_from_containerst+8	0x893bb0	0x893c8d	jne	0x893cc1	0x893c8f
steam	PE:6a70a6d9:02711000	adventure_environment_pick_up_building_item_contentsst+8;adventure_environment_take_item_from_containerst+8	0x893bb0	0x893c9b	je	0x893cc1	0x893c9d
steam	PE:6a70a6d9:02711000	adventure_environment_pick_up_building_item_contentsst+8;adventure_environment_take_item_from_containerst+8	0x893bb0	0x893cbf	jne	0x893cc7	0x893cc1
steam	PE:6a70a6d9:02711000	adventure_environment_pick_up_building_item_contentsst+8;adventure_environment_take_item_from_containerst+8	0x893bb0	0x893ce8	jae	0x893d2a	0x893cea
steam	PE:6a70a6d9:02711000	adventure_environment_pick_up_building_item_contentsst+8;adventure_environment_take_item_from_containerst+8	0x893bb0	0x893cf0	je	0x893cf8	0x893cf2
steam	PE:6a70a6d9:02711000	adventure_environment_pick_up_building_item_contentsst+8;adventure_environment_take_item_from_containerst+8	0x893bb0	0x893d2f	jne	0x893ddf	0x893d35
steam	PE:6a70a6d9:02711000	adventure_environment_pick_up_building_item_contentsst+8;adventure_environment_take_item_from_containerst+8	0x893bb0	0x893d3a	je	0x893ddf	0x893d40
steam	PE:6a70a6d9:02711000	adventure_environment_pick_up_building_item_contentsst+8;adventure_environment_take_item_from_containerst+8	0x893bb0	0x893da9	jbe	0x893ddf	0x893dab
steam	PE:6a70a6d9:02711000	adventure_environment_pick_up_building_item_contentsst+8;adventure_environment_take_item_from_containerst+8	0x893bb0	0x893dbc	jb	0x893dda	0x893dbe
steam	PE:6a70a6d9:02711000	adventure_environment_pick_up_building_item_contentsst+8;adventure_environment_take_item_from_containerst+8	0x893bb0	0x893dd1	jbe	0x893dda	0x893dd3
steam	PE:6a70a6d9:02711000	adventure_environment_pick_up_building_item_contentsst+8;adventure_environment_take_item_from_containerst+8	0x893bb0	0x893de7	je	0x893e80	0x893ded
steam	PE:6a70a6d9:02711000	adventure_environment_pick_up_building_item_contentsst+8;adventure_environment_take_item_from_containerst+8	0x893bb0	0x893dfb	jne	0x893e17	0x893dfd
steam	PE:6a70a6d9:02711000	adventure_environment_pick_up_building_item_contentsst+8;adventure_environment_take_item_from_containerst+8	0x893bb0	0x893e08	jne	0x893e17	0x893e0a
steam	PE:6a70a6d9:02711000	adventure_environment_pick_up_building_item_contentsst+8;adventure_environment_take_item_from_containerst+8	0x893bb0	0x893e15	je	0x893e80	0x893e17
steam	PE:6a70a6d9:02711000	adventure_environment_pick_up_building_item_contentsst+8;adventure_environment_take_item_from_containerst+8	0x893bb0	0x893e88	jbe	0x893ebe	0x893e8a
steam	PE:6a70a6d9:02711000	adventure_environment_pick_up_building_item_contentsst+8;adventure_environment_take_item_from_containerst+8	0x893bb0	0x893e9b	jb	0x893eb9	0x893e9d
steam	PE:6a70a6d9:02711000	adventure_environment_pick_up_building_item_contentsst+8;adventure_environment_take_item_from_containerst+8	0x893bb0	0x893eb0	jbe	0x893eb9	0x893eb2
steam	PE:6a70a6d9:02711000	adventure_environment_pick_vegetationst+8	0x893ef0	0x893f21	je	0x89415a	0x893f27
steam	PE:6a70a6d9:02711000	adventure_environment_pick_vegetationst+8	0x893ef0	0x893faf	jne	0x89411c	0x893fb5
steam	PE:6a70a6d9:02711000	adventure_environment_pick_vegetationst+8	0x893ef0	0x893fb7	je	0x894063	0x893fbd
steam	PE:6a70a6d9:02711000	adventure_environment_pick_vegetationst+8	0x893ef0	0x893fc8	jae	0x89402e	0x893fca
steam	PE:6a70a6d9:02711000	adventure_environment_pick_vegetationst+8	0x893ef0	0x893fd6	je	0x894004	0x893fd8
steam	PE:6a70a6d9:02711000	adventure_environment_pick_vegetationst+8	0x893ef0	0x893fdb	jne	0x894012	0x893fdd
steam	PE:6a70a6d9:02711000	adventure_environment_pick_vegetationst+8	0x893ef0	0x893fe9	je	0x894012	0x893feb
steam	PE:6a70a6d9:02711000	adventure_environment_pick_vegetationst+8	0x893ef0	0x894010	jne	0x894018	0x894012
steam	PE:6a70a6d9:02711000	adventure_environment_pick_vegetationst+8	0x893ef0	0x894039	jae	0x89407b	0x89403b
steam	PE:6a70a6d9:02711000	adventure_environment_pick_vegetationst+8	0x893ef0	0x894041	je	0x894049	0x894043
steam	PE:6a70a6d9:02711000	adventure_environment_pick_vegetationst+8	0x893ef0	0x894083	je	0x89411c	0x894089
steam	PE:6a70a6d9:02711000	adventure_environment_pick_vegetationst+8	0x893ef0	0x894097	jne	0x8940b3	0x894099
steam	PE:6a70a6d9:02711000	adventure_environment_pick_vegetationst+8	0x893ef0	0x8940a4	jne	0x8940b3	0x8940a6
steam	PE:6a70a6d9:02711000	adventure_environment_pick_vegetationst+8	0x893ef0	0x8940b1	je	0x89411c	0x8940b3
steam	PE:6a70a6d9:02711000	adventure_environment_pick_vegetationst+8	0x893ef0	0x894124	jbe	0x89415a	0x894126
steam	PE:6a70a6d9:02711000	adventure_environment_pick_vegetationst+8	0x893ef0	0x894137	jb	0x894155	0x894139
steam	PE:6a70a6d9:02711000	adventure_environment_pick_vegetationst+8	0x893ef0	0x89414c	jbe	0x894155	0x89414e
steam	PE:6a70a6d9:02711000	adventure_option_drop_itemst+8;adventure_option_eat_drink_itemst+8;adventure_option_interact_with_itemst+8;adventure_option_inventory_itemst+8;adventure_option_put_itemst+8;adventure_option_remove_itemst+8;adventure_option_throw_itemst+8;adventure_option_view_itemst+8;adventure_option_wear_itemst+8	0x894180	0x8941f6	jbe	0x89422d	0x8941f8
steam	PE:6a70a6d9:02711000	adventure_option_drop_itemst+8;adventure_option_eat_drink_itemst+8;adventure_option_interact_with_itemst+8;adventure_option_inventory_itemst+8;adventure_option_put_itemst+8;adventure_option_remove_itemst+8;adventure_option_throw_itemst+8;adventure_option_view_itemst+8;adventure_option_wear_itemst+8	0x894180	0x89420a	jb	0x894228	0x89420c
steam	PE:6a70a6d9:02711000	adventure_option_drop_itemst+8;adventure_option_eat_drink_itemst+8;adventure_option_interact_with_itemst+8;adventure_option_inventory_itemst+8;adventure_option_put_itemst+8;adventure_option_remove_itemst+8;adventure_option_throw_itemst+8;adventure_option_view_itemst+8;adventure_option_wear_itemst+8	0x894180	0x89421f	jbe	0x894228	0x894221
steam	PE:6a70a6d9:02711000	adventure_option_view_itemst+16	0x894280	0x894312	jbe	0x894349	0x894314
steam	PE:6a70a6d9:02711000	adventure_option_view_itemst+16	0x894280	0x894326	jb	0x894344	0x894328
steam	PE:6a70a6d9:02711000	adventure_option_view_itemst+16	0x894280	0x89433b	jbe	0x894344	0x89433d
steam	PE:6a70a6d9:02711000	adventure_option_drop_itemst+16	0x894370	0x894402	jbe	0x894439	0x894404
steam	PE:6a70a6d9:02711000	adventure_option_drop_itemst+16	0x894370	0x894416	jb	0x894434	0x894418
steam	PE:6a70a6d9:02711000	adventure_option_drop_itemst+16	0x894370	0x89442b	jbe	0x894434	0x89442d
steam	PE:6a70a6d9:02711000	adventure_option_throw_itemst+16	0x894460	0x8944f2	jbe	0x894529	0x8944f4
steam	PE:6a70a6d9:02711000	adventure_option_throw_itemst+16	0x894460	0x894506	jb	0x894524	0x894508
steam	PE:6a70a6d9:02711000	adventure_option_throw_itemst+16	0x894460	0x89451b	jbe	0x894524	0x89451d
steam	PE:6a70a6d9:02711000	adventure_option_wear_itemst+16	0x894550	0x8945e2	jbe	0x894619	0x8945e4
steam	PE:6a70a6d9:02711000	adventure_option_wear_itemst+16	0x894550	0x8945f6	jb	0x894614	0x8945f8
steam	PE:6a70a6d9:02711000	adventure_option_wear_itemst+16	0x894550	0x89460b	jbe	0x894614	0x89460d
steam	PE:6a70a6d9:02711000	adventure_option_remove_itemst+16	0x894640	0x8946d2	jbe	0x894709	0x8946d4
steam	PE:6a70a6d9:02711000	adventure_option_remove_itemst+16	0x894640	0x8946e6	jb	0x894704	0x8946e8
steam	PE:6a70a6d9:02711000	adventure_option_remove_itemst+16	0x894640	0x8946fb	jbe	0x894704	0x8946fd
steam	PE:6a70a6d9:02711000	adventure_option_put_itemst+16	0x894730	0x8947c2	jbe	0x8947f9	0x8947c4
steam	PE:6a70a6d9:02711000	adventure_option_put_itemst+16	0x894730	0x8947d6	jb	0x8947f4	0x8947d8
steam	PE:6a70a6d9:02711000	adventure_option_put_itemst+16	0x894730	0x8947eb	jbe	0x8947f4	0x8947ed
steam	PE:6a70a6d9:02711000	adventure_option_eat_drink_itemst+16	0x894820	0x8948d5	jbe	0x89490c	0x8948d7
steam	PE:6a70a6d9:02711000	adventure_option_eat_drink_itemst+16	0x894820	0x8948e9	jb	0x894907	0x8948eb
steam	PE:6a70a6d9:02711000	adventure_option_eat_drink_itemst+16	0x894820	0x8948fe	jbe	0x894907	0x894900
steam	PE:6a70a6d9:02711000	adventure_movement_jumpst+8	0x8a46d0	0x8a46e4	je	0x8a46fb	0x8a46e6
steam	PE:6a70a6d9:02711000	adventure_movement_shoot_creaturest+8	0x8a4890	0x8a48d0	je	0x8a490f	0x8a48d2
steam	PE:6a70a6d9:02711000	adventure_movement_shoot_creaturest+8	0x8a4890	0x8a48d6	je	0x8a490f	0x8a48d8
steam	PE:6a70a6d9:02711000	adventure_movement_shoot_creaturest+8	0x8a4890	0x8a48de	js	0x8a490f	0x8a48e0
steam	PE:6a70a6d9:02711000	adventure_movement_shoot_creaturest+8	0x8a4890	0x8a48f7	je	0x8a4911	0x8a48f9
steam	PE:6a70a6d9:02711000	adventure_movement_shoot_creaturest+8	0x8a4890	0x8a490d	jle	0x8a48e0	0x8a490f
steam	PE:6a70a6d9:02711000	adventure_movement_shoot_creaturest+8	0x8a4890	0x8a4914	je	0x8a49df	0x8a491a
steam	PE:6a70a6d9:02711000	adventure_movement_shoot_creaturest+8	0x8a4890	0x8a49a8	jbe	0x8a49df	0x8a49aa
steam	PE:6a70a6d9:02711000	adventure_movement_shoot_creaturest+8	0x8a4890	0x8a49bc	jb	0x8a49da	0x8a49be
steam	PE:6a70a6d9:02711000	adventure_movement_shoot_creaturest+8	0x8a4890	0x8a49d1	jbe	0x8a49da	0x8a49d3
steam	PE:6a70a6d9:02711000	adventure_movement_shoot_creaturest+0x118;adventure_movement_throw_item_at_creaturest+0x118	0x8a54d0	0x8a54ec	je	0x8a553a	0x8a54ee
steam	PE:6a70a6d9:02711000	adventure_movement_shoot_creaturest+0x118;adventure_movement_throw_item_at_creaturest+0x118	0x8a54d0	0x8a54f2	je	0x8a553a	0x8a54f4
steam	PE:6a70a6d9:02711000	adventure_movement_shoot_creaturest+0x118;adventure_movement_throw_item_at_creaturest+0x118	0x8a54d0	0x8a54fa	js	0x8a552f	0x8a54fc
steam	PE:6a70a6d9:02711000	adventure_movement_shoot_creaturest+0x118;adventure_movement_throw_item_at_creaturest+0x118	0x8a54d0	0x8a5517	je	0x8a5531	0x8a5519
steam	PE:6a70a6d9:02711000	adventure_movement_shoot_creaturest+0x118;adventure_movement_throw_item_at_creaturest+0x118	0x8a54d0	0x8a552d	jle	0x8a5500	0x8a552f
steam	PE:6a70a6d9:02711000	adventure_movement_shoot_creaturest+0x118;adventure_movement_throw_item_at_creaturest+0x118	0x8a54d0	0x8a5534	jne	0x7e4860	0x8a553a
steam	PE:6a70a6d9:02711000	adventure_movement_shoot_tilest+8	0x8a5540	0x8a5563	je	0x8a557a	0x8a5565
steam	PE:6a70a6d9:02711000	adventure_movement_shoot_tilest+8	0x8a5540	0x8a55ea	jbe	0x8a5621	0x8a55ec
steam	PE:6a70a6d9:02711000	adventure_movement_shoot_tilest+8	0x8a5540	0x8a55fe	jb	0x8a561c	0x8a5600
steam	PE:6a70a6d9:02711000	adventure_movement_shoot_tilest+8	0x8a5540	0x8a5613	jbe	0x8a561c	0x8a5615
steam	PE:6a70a6d9:02711000	adventure_movement_throw_item_at_creaturest+8	0x8a5e70	0x8a5eb0	je	0x8a5eef	0x8a5eb2
steam	PE:6a70a6d9:02711000	adventure_movement_throw_item_at_creaturest+8	0x8a5e70	0x8a5eb6	je	0x8a5eef	0x8a5eb8
steam	PE:6a70a6d9:02711000	adventure_movement_throw_item_at_creaturest+8	0x8a5e70	0x8a5ebe	js	0x8a5eef	0x8a5ec0
steam	PE:6a70a6d9:02711000	adventure_movement_throw_item_at_creaturest+8	0x8a5e70	0x8a5ed7	je	0x8a5ef1	0x8a5ed9
steam	PE:6a70a6d9:02711000	adventure_movement_throw_item_at_creaturest+8	0x8a5e70	0x8a5eed	jle	0x8a5ec0	0x8a5eef
steam	PE:6a70a6d9:02711000	adventure_movement_throw_item_at_creaturest+8	0x8a5e70	0x8a5ef4	je	0x8a5fbf	0x8a5efa
steam	PE:6a70a6d9:02711000	adventure_movement_throw_item_at_creaturest+8	0x8a5e70	0x8a5f88	jbe	0x8a5fbf	0x8a5f8a
steam	PE:6a70a6d9:02711000	adventure_movement_throw_item_at_creaturest+8	0x8a5e70	0x8a5f9c	jb	0x8a5fba	0x8a5f9e
steam	PE:6a70a6d9:02711000	adventure_movement_throw_item_at_creaturest+8	0x8a5e70	0x8a5fb1	jbe	0x8a5fba	0x8a5fb3
steam	PE:6a70a6d9:02711000	adventure_movement_throw_item_at_tilest+8	0x8a64d0	0x8a64f3	je	0x8a650a	0x8a64f5
steam	PE:6a70a6d9:02711000	adventure_movement_throw_item_at_tilest+8	0x8a64d0	0x8a657a	jbe	0x8a65b1	0x8a657c
steam	PE:6a70a6d9:02711000	adventure_movement_throw_item_at_tilest+8	0x8a64d0	0x8a658e	jb	0x8a65ac	0x8a6590
steam	PE:6a70a6d9:02711000	adventure_movement_throw_item_at_tilest+8	0x8a64d0	0x8a65a3	jbe	0x8a65ac	0x8a65a5
classic	PE:6a70b91c:0270a000	unit-contaminant-field	0x6559b0	0x6559ea	jbe	0x6559ef	0x6559ec
classic	PE:6a70b91c:0270a000	unit-contaminant-field	0x6559b0	0x655a0c	ja	0x655a99	0x655a12
classic	PE:6a70b91c:0270a000	unit-contaminant-field	0x6559b0	0x655a1c	jne	0x655a42	0x655a1e
classic	PE:6a70b91c:0270a000	unit-contaminant-field	0x6559b0	0x655a21	jge	0x655a2e	0x655a23
classic	PE:6a70b91c:0270a000	unit-contaminant-field	0x6559b0	0x655a3e	jl	0x655a77	0x655a40
classic	PE:6a70b91c:0270a000	unit-contaminant-field	0x6559b0	0x655a45	jge	0x655a56	0x655a47
classic	PE:6a70b91c:0270a000	unit-contaminant-field	0x6559b0	0x655a59	jge	0x655a6a	0x655a5b
classic	PE:6a70b91c:0270a000	unit-contaminant-field	0x6559b0	0x655acd	ja	0x655c37	0x655ad3
classic	PE:6a70b91c:0270a000	unit-contaminant-field	0x6559b0	0x655aeb	je	0x655c37	0x655af1
classic	PE:6a70b91c:0270a000	unit-contaminant-field	0x6559b0	0x655af4	je	0x655c37	0x655afa
classic	PE:6a70b91c:0270a000	unit-contaminant-field	0x6559b0	0x655b01	js	0x655c37	0x655b07
classic	PE:6a70b91c:0270a000	unit-contaminant-field	0x6559b0	0x655b23	je	0x655b3f	0x655b25
classic	PE:6a70b91c:0270a000	unit-contaminant-field	0x6559b0	0x655b38	jle	0x655b10	0x655b3a
classic	PE:6a70b91c:0270a000	unit-contaminant-field	0x6559b0	0x655b42	je	0x655c37	0x655b48
classic	PE:6a70b91c:0270a000	unit-contaminant-field	0x6559b0	0x655b4f	je	0x655c37	0x655b55
classic	PE:6a70b91c:0270a000	unit-contaminant-field	0x6559b0	0x655b72	je	0x655ba0	0x655b74
classic	PE:6a70b91c:0270a000	unit-contaminant-field	0x6559b0	0x655b7b	je	0x655ba0	0x655b7d
classic	PE:6a70b91c:0270a000	unit-contaminant-field	0x6559b0	0x655b83	je	0x655ba0	0x655b85
classic	PE:6a70b91c:0270a000	unit-contaminant-field	0x6559b0	0x655b94	je	0x655ba0	0x655b96
classic	PE:6a70b91c:0270a000	unit-contaminant-field	0x6559b0	0x655ba7	je	0x655bc9	0x655ba9
classic	PE:6a70b91c:0270a000	unit-contaminant-field	0x6559b0	0x655bad	je	0x655bc9	0x655baf
classic	PE:6a70b91c:0270a000	unit-contaminant-field	0x6559b0	0x655c01	jbe	0x655c37	0x655c03
classic	PE:6a70b91c:0270a000	unit-contaminant-field	0x6559b0	0x655c14	jb	0x655c32	0x655c16
classic	PE:6a70b91c:0270a000	unit-contaminant-field	0x6559b0	0x655c29	jbe	0x655c32	0x655c2b
classic	PE:6a70b91c:0270a000	unit-contaminant-field	0x6559b0	0x655c50	je	0x655cb3	0x655c52
classic	PE:6a70b91c:0270a000	unit-contaminant-field	0x6559b0	0x655c5a	je	0x655c90	0x655c5c
classic	PE:6a70b91c:0270a000	unit-contaminant-field	0x6559b0	0x655c6c	jbe	0x655c71	0x655c6e
classic	PE:6a70b91c:0270a000	unit-contaminant-field	0x6559b0	0x655cac	jbe	0x655cc0	0x655cae
classic	PE:6a70b91c:0270a000	unit-contaminant-field	0x6559b0	0x655cf7	jbe	0x655d8a	0x655cfd
classic	PE:6a70b91c:0270a000	unit-contaminant-field	0x6559b0	0x655d1c	jne	0x655d4c	0x655d1e
classic	PE:6a70b91c:0270a000	unit-contaminant-field	0x6559b0	0x655d21	jge	0x655d2e	0x655d23
classic	PE:6a70b91c:0270a000	unit-contaminant-field	0x6559b0	0x655d3e	jl	0x655d47	0x655d40
classic	PE:6a70b91c:0270a000	unit-contaminant-field	0x6559b0	0x655d4f	jge	0x655d60	0x655d51
classic	PE:6a70b91c:0270a000	unit-contaminant-field	0x6559b0	0x655d63	jge	0x655d74	0x655d65
classic	PE:6a70b91c:0270a000	unit-contaminant-field	0x6559b0	0x655d92	jbe	0x655dc8	0x655d94
classic	PE:6a70b91c:0270a000	unit-contaminant-field	0x6559b0	0x655da5	jb	0x655dc3	0x655da7
classic	PE:6a70b91c:0270a000	unit-contaminant-field	0x6559b0	0x655dba	jbe	0x655dc3	0x655dbc
classic	PE:6a70b91c:0270a000	adventure_option_talk_existing_conversationst+8	0x6b4aa0	0x6b4ad2	je	0x6b4aeb	0x6b4ad4
classic	PE:6a70b91c:0270a000	adventure_option_talk_existing_conversationst+8	0x6b4aa0	0x6b4b33	jae	0x6b4d07	0x6b4b39
classic	PE:6a70b91c:0270a000	adventure_option_talk_existing_conversationst+8	0x6b4aa0	0x6b4b4d	je	0x6b4cfe	0x6b4b53
classic	PE:6a70b91c:0270a000	adventure_option_talk_existing_conversationst+8	0x6b4aa0	0x6b4b68	je	0x6b4c1b	0x6b4b6e
classic	PE:6a70b91c:0270a000	adventure_option_talk_existing_conversationst+8	0x6b4aa0	0x6b4b72	je	0x6b4c1b	0x6b4b78
classic	PE:6a70b91c:0270a000	adventure_option_talk_existing_conversationst+8	0x6b4aa0	0x6b4b7f	js	0x6b4bc3	0x6b4b81
classic	PE:6a70b91c:0270a000	adventure_option_talk_existing_conversationst+8	0x6b4aa0	0x6b4bab	je	0x6b4bc5	0x6b4bad
classic	PE:6a70b91c:0270a000	adventure_option_talk_existing_conversationst+8	0x6b4aa0	0x6b4bc1	jle	0x6b4b90	0x6b4bc3
classic	PE:6a70b91c:0270a000	adventure_option_talk_existing_conversationst+8	0x6b4aa0	0x6b4bc8	je	0x6b4c1b	0x6b4bca
classic	PE:6a70b91c:0270a000	adventure_option_talk_existing_conversationst+8	0x6b4aa0	0x6b4bf7	jle	0x6b4ce7	0x6b4bfd
classic	PE:6a70b91c:0270a000	adventure_option_talk_existing_conversationst+8	0x6b4aa0	0x6b4c37	je	0x6b4cfe	0x6b4c3d
classic	PE:6a70b91c:0270a000	adventure_option_talk_existing_conversationst+8	0x6b4aa0	0x6b4c41	je	0x6b4cfe	0x6b4c47
classic	PE:6a70b91c:0270a000	adventure_option_talk_existing_conversationst+8	0x6b4aa0	0x6b4c4d	js	0x6b4cfe	0x6b4c53
classic	PE:6a70b91c:0270a000	adventure_option_talk_existing_conversationst+8	0x6b4aa0	0x6b4c6a	je	0x6b4c8b	0x6b4c6c
classic	PE:6a70b91c:0270a000	adventure_option_talk_existing_conversationst+8	0x6b4aa0	0x6b4c80	jle	0x6b4c53	0x6b4c82
classic	PE:6a70b91c:0270a000	adventure_option_talk_existing_conversationst+8	0x6b4aa0	0x6b4c8e	je	0x6b4cfe	0x6b4c90
classic	PE:6a70b91c:0270a000	adventure_option_talk_existing_conversationst+8	0x6b4aa0	0x6b4cc7	jle	0x6b4ce7	0x6b4cc9
classic	PE:6a70b91c:0270a000	adventure_option_talk_existing_conversationst+8	0x6b4aa0	0x6b4ce7	jne	0x6b4cfe	0x6b4ce9
classic	PE:6a70b91c:0270a000	adventure_option_view_unitst+8	0x6b4d40	0x6b4d88	je	0x6b4daf	0x6b4d8a
classic	PE:6a70b91c:0270a000	adventure_option_view_unitst+8	0x6b4d40	0x6b4d93	jne	0x6b4daf	0x6b4d95
classic	PE:6a70b91c:0270a000	adventure_option_view_unitst+8	0x6b4d40	0x6b4dd1	je	0x6b4e43	0x6b4dd3
classic	PE:6a70b91c:0270a000	adventure_option_view_unitst+8	0x6b4d40	0x6b4deb	je	0x6b4e43	0x6b4ded
classic	PE:6a70b91c:0270a000	adventure_option_view_unitst+8	0x6b4d40	0x6b4df4	js	0x6b4e2c	0x6b4df6
classic	PE:6a70b91c:0270a000	adventure_option_view_unitst+8	0x6b4d40	0x6b4e14	je	0x6b4e2f	0x6b4e16
classic	PE:6a70b91c:0270a000	adventure_option_view_unitst+8	0x6b4d40	0x6b4e2a	jle	0x6b4e00	0x6b4e2c
classic	PE:6a70b91c:0270a000	adventure_option_view_unitst+8	0x6b4d40	0x6b4e32	je	0x6b4e43	0x6b4e34
classic	PE:6a70b91c:0270a000	adventure_option_view_unitst+8	0x6b4d40	0x6b4e4b	je	0x6b4e9f	0x6b4e4d
classic	PE:6a70b91c:0270a000	adventure_option_view_unitst+8	0x6b4d40	0x6b4e65	je	0x6b4e9f	0x6b4e67
classic	PE:6a70b91c:0270a000	adventure_option_view_unitst+8	0x6b4d40	0x6b4e6b	js	0x6b4e9f	0x6b4e6d
classic	PE:6a70b91c:0270a000	adventure_option_view_unitst+8	0x6b4d40	0x6b4e84	je	0x6b4f1e	0x6b4e8a
classic	PE:6a70b91c:0270a000	adventure_option_view_unitst+8	0x6b4d40	0x6b4e9d	jle	0x6b4e70	0x6b4e9f
classic	PE:6a70b91c:0270a000	adventure_option_view_unitst+8	0x6b4d40	0x6b4ee4	jbe	0x6b4f93	0x6b4eea
classic	PE:6a70b91c:0270a000	adventure_option_view_unitst+8	0x6b4d40	0x6b4efc	jb	0x6b4f8e	0x6b4f02
classic	PE:6a70b91c:0270a000	adventure_option_view_unitst+8	0x6b4d40	0x6b4f15	jbe	0x6b4f8e	0x6b4f17
classic	PE:6a70b91c:0270a000	adventure_option_view_unitst+8	0x6b4d40	0x6b4f21	je	0x6b4e9f	0x6b4f27
classic	PE:6a70b91c:0270a000	adventure_option_view_unitst+8	0x6b4d40	0x6b4f31	je	0x6b4f5f	0x6b4f33
classic	PE:6a70b91c:0270a000	adventure_option_view_unitst+8	0x6b4d40	0x6b4f3a	je	0x6b4f5f	0x6b4f3c
classic	PE:6a70b91c:0270a000	adventure_option_view_unitst+8	0x6b4d40	0x6b4f42	je	0x6b4f5f	0x6b4f44
classic	PE:6a70b91c:0270a000	adventure_option_view_unitst+8	0x6b4d40	0x6b4f53	je	0x6b4f5f	0x6b4f55
classic	PE:6a70b91c:0270a000	adventure_option_view_unitst+8	0x6b4d40	0x6b4f66	je	0x6b4e9f	0x6b4f6c
classic	PE:6a70b91c:0270a000	adventure_option_view_unitst+8	0x6b4d40	0x6b4f70	je	0x6b4e9f	0x6b4f76
classic	PE:6a70b91c:0270a000	adventure_option_talk_new_conversationst+8	0x6b4fc0	0x6b5020	je	0x6b5093	0x6b5022
classic	PE:6a70b91c:0270a000	adventure_option_talk_new_conversationst+8	0x6b4fc0	0x6b503a	je	0x6b5093	0x6b503c
classic	PE:6a70b91c:0270a000	adventure_option_talk_new_conversationst+8	0x6b4fc0	0x6b5043	js	0x6b507c	0x6b5045
classic	PE:6a70b91c:0270a000	adventure_option_talk_new_conversationst+8	0x6b4fc0	0x6b5064	je	0x6b507f	0x6b5066
classic	PE:6a70b91c:0270a000	adventure_option_talk_new_conversationst+8	0x6b4fc0	0x6b507a	jle	0x6b5050	0x6b507c
classic	PE:6a70b91c:0270a000	adventure_option_talk_new_conversationst+8	0x6b4fc0	0x6b5082	je	0x6b5093	0x6b5084
classic	PE:6a70b91c:0270a000	adventure_option_talk_new_conversationst+8	0x6b4fc0	0x6b509b	je	0x6b50ef	0x6b509d
classic	PE:6a70b91c:0270a000	adventure_option_talk_new_conversationst+8	0x6b4fc0	0x6b50b5	je	0x6b50ef	0x6b50b7
classic	PE:6a70b91c:0270a000	adventure_option_talk_new_conversationst+8	0x6b4fc0	0x6b50bb	js	0x6b50ef	0x6b50bd
classic	PE:6a70b91c:0270a000	adventure_option_talk_new_conversationst+8	0x6b4fc0	0x6b50d4	je	0x6b516e	0x6b50da
classic	PE:6a70b91c:0270a000	adventure_option_talk_new_conversationst+8	0x6b4fc0	0x6b50ed	jle	0x6b50c0	0x6b50ef
classic	PE:6a70b91c:0270a000	adventure_option_talk_new_conversationst+8	0x6b4fc0	0x6b5134	jbe	0x6b51e3	0x6b513a
classic	PE:6a70b91c:0270a000	adventure_option_talk_new_conversationst+8	0x6b4fc0	0x6b514c	jb	0x6b51de	0x6b5152
classic	PE:6a70b91c:0270a000	adventure_option_talk_new_conversationst+8	0x6b4fc0	0x6b5165	jbe	0x6b51de	0x6b5167
classic	PE:6a70b91c:0270a000	adventure_option_talk_new_conversationst+8	0x6b4fc0	0x6b5171	je	0x6b50ef	0x6b5177
classic	PE:6a70b91c:0270a000	adventure_option_talk_new_conversationst+8	0x6b4fc0	0x6b5181	je	0x6b51af	0x6b5183
classic	PE:6a70b91c:0270a000	adventure_option_talk_new_conversationst+8	0x6b4fc0	0x6b518a	je	0x6b51af	0x6b518c
classic	PE:6a70b91c:0270a000	adventure_option_talk_new_conversationst+8	0x6b4fc0	0x6b5192	je	0x6b51af	0x6b5194
classic	PE:6a70b91c:0270a000	adventure_option_talk_new_conversationst+8	0x6b4fc0	0x6b51a3	je	0x6b51af	0x6b51a5
classic	PE:6a70b91c:0270a000	adventure_option_talk_new_conversationst+8	0x6b4fc0	0x6b51b6	je	0x6b50ef	0x6b51bc
classic	PE:6a70b91c:0270a000	adventure_option_talk_new_conversationst+8	0x6b4fc0	0x6b51c0	je	0x6b50ef	0x6b51c6
classic	PE:6a70b91c:0270a000	direction-helper	0x74cc40	0x74cc77	jge	0x74ccca	0x74cc79
classic	PE:6a70b91c:0270a000	direction-helper	0x74cc40	0x74cc81	jge	0x74cc9a	0x74cc83
classic	PE:6a70b91c:0270a000	direction-helper	0x74cc40	0x74cc9a	jle	0x74ccb3	0x74cc9c
classic	PE:6a70b91c:0270a000	direction-helper	0x74cc40	0x74ccca	jle	0x74cd1a	0x74cccc
classic	PE:6a70b91c:0270a000	direction-helper	0x74cc40	0x74ccd4	jge	0x74cced	0x74ccd6
classic	PE:6a70b91c:0270a000	direction-helper	0x74cc40	0x74cced	jle	0x74cd06	0x74ccef
classic	PE:6a70b91c:0270a000	direction-helper	0x74cc40	0x74cd1f	jge	0x74cd30	0x74cd21
classic	PE:6a70b91c:0270a000	direction-helper	0x74cc40	0x74cd30	jle	0x74cd41	0x74cd32
classic	PE:6a70b91c:0270a000	direction-helper	0x74cc40	0x74cd45	jge	0x74cd56	0x74cd47
classic	PE:6a70b91c:0270a000	direction-helper	0x74cc40	0x74cd56	jle	0x74cd67	0x74cd58
classic	PE:6a70b91c:0270a000	direction-helper	0x74cc40	0x74cd80	jne	0x74cd89	0x74cd82
classic	PE:6a70b91c:0270a000	direction-helper	0x74cc40	0x74cd87	je	0x74cdaf	0x74cd89
classic	PE:6a70b91c:0270a000	direction-helper	0x74cc40	0x74cd8d	jge	0x74cd98	0x74cd8f
classic	PE:6a70b91c:0270a000	direction-helper	0x74cc40	0x74cd98	jle	0x74cdaf	0x74cd9a
classic	PE:6a70b91c:0270a000	adventure_item_interact_load_ranged_weaponst+8	0x8325d0	0x8325ff	jbe	0x832604	0x832601
classic	PE:6a70b91c:0270a000	adventure_item_interact_load_ranged_weaponst+8	0x8325d0	0x83260e	je	0x832644	0x832610
classic	PE:6a70b91c:0270a000	adventure_item_interact_load_ranged_weaponst+8	0x8325d0	0x832619	jne	0x832644	0x83261b
classic	PE:6a70b91c:0270a000	adventure_item_interact_load_ranged_weaponst+8	0x8325d0	0x83262d	jne	0x832644	0x83262f
classic	PE:6a70b91c:0270a000	adventure_item_interact_load_ranged_weaponst+8	0x8325d0	0x832649	jne	0x832660	0x83264b
classic	PE:6a70b91c:0270a000	adventure_item_interact_load_ranged_weaponst+8	0x8325d0	0x832665	je	0x832715	0x83266b
classic	PE:6a70b91c:0270a000	adventure_item_interact_load_ranged_weaponst+8	0x8325d0	0x8326de	jbe	0x832715	0x8326e0
classic	PE:6a70b91c:0270a000	adventure_item_interact_load_ranged_weaponst+8	0x8325d0	0x8326f2	jb	0x832710	0x8326f4
classic	PE:6a70b91c:0270a000	adventure_item_interact_load_ranged_weaponst+8	0x8325d0	0x832707	jbe	0x832710	0x832709
classic	PE:6a70b91c:0270a000	adventure_item_interact_fill_from_containerst+8	0x832ae0	0x832bd4	je	0x832c2f	0x832bd6
classic	PE:6a70b91c:0270a000	adventure_item_interact_fill_from_containerst+8	0x832ae0	0x832c37	jbe	0x832c6d	0x832c39
classic	PE:6a70b91c:0270a000	adventure_item_interact_fill_from_containerst+8	0x832ae0	0x832c4a	jb	0x832c68	0x832c4c
classic	PE:6a70b91c:0270a000	adventure_item_interact_fill_from_containerst+8	0x832ae0	0x832c5f	jbe	0x832c68	0x832c61
classic	PE:6a70b91c:0270a000	adventure_item_interact_fill_from_containerst+8	0x832ae0	0x832c89	jbe	0x832cbf	0x832c8b
classic	PE:6a70b91c:0270a000	adventure_item_interact_fill_from_containerst+8	0x832ae0	0x832c9c	jb	0x832cba	0x832c9e
classic	PE:6a70b91c:0270a000	adventure_item_interact_fill_from_containerst+8	0x832ae0	0x832cb1	jbe	0x832cba	0x832cb3
classic	PE:6a70b91c:0270a000	adventure_item_interact_fill_with_materialst+8	0x832ce0	0x832da8	js	0x833179	0x832dae
classic	PE:6a70b91c:0270a000	adventure_item_interact_fill_with_materialst+8	0x832ce0	0x832db8	jge	0x833180	0x832dbe
classic	PE:6a70b91c:0270a000	adventure_item_interact_fill_with_materialst+8	0x832ce0	0x832dc1	js	0x833180	0x832dc7
classic	PE:6a70b91c:0270a000	adventure_item_interact_fill_with_materialst+8	0x832ce0	0x832dcd	jge	0x833180	0x832dd3
classic	PE:6a70b91c:0270a000	adventure_item_interact_fill_with_materialst+8	0x832ce0	0x832dd7	js	0x833180	0x832ddd
classic	PE:6a70b91c:0270a000	adventure_item_interact_fill_with_materialst+8	0x832ce0	0x832de4	jge	0x833180	0x832dea
classic	PE:6a70b91c:0270a000	adventure_item_interact_fill_with_materialst+8	0x832ce0	0x832dfd	je	0x833180	0x832e03
classic	PE:6a70b91c:0270a000	adventure_item_interact_fill_with_materialst+8	0x832ce0	0x832e1e	je	0x833180	0x832e24
classic	PE:6a70b91c:0270a000	adventure_item_interact_fill_with_materialst+8	0x832ce0	0x832e33	js	0x833180	0x832e39
classic	PE:6a70b91c:0270a000	adventure_item_interact_fill_with_materialst+8	0x832ce0	0x832e51	jne	0x833166	0x832e57
classic	PE:6a70b91c:0270a000	adventure_item_interact_fill_with_materialst+8	0x832ce0	0x832e69	jge	0x832e72	0x832e6b
classic	PE:6a70b91c:0270a000	adventure_item_interact_fill_with_materialst+8	0x832ce0	0x832e82	jge	0x832e8b	0x832e84
classic	PE:6a70b91c:0270a000	adventure_item_interact_fill_with_materialst+8	0x832ce0	0x832e97	jb	0x833166	0x832e9d
classic	PE:6a70b91c:0270a000	adventure_item_interact_fill_with_materialst+8	0x832ce0	0x832ea6	je	0x833166	0x832eac
classic	PE:6a70b91c:0270a000	adventure_item_interact_fill_with_materialst+8	0x832ce0	0x832eb6	jne	0x832ec5	0x832eb8
classic	PE:6a70b91c:0270a000	adventure_item_interact_fill_with_materialst+8	0x832ce0	0x832ebf	je	0x833166	0x832ec5
classic	PE:6a70b91c:0270a000	adventure_item_interact_fill_with_materialst+8	0x832ce0	0x832ef7	ja	0x833067	0x832efd
classic	PE:6a70b91c:0270a000	adventure_item_interact_fill_with_materialst+8	0x832ce0	0x832f15	je	0x833067	0x832f1b
classic	PE:6a70b91c:0270a000	adventure_item_interact_fill_with_materialst+8	0x832ce0	0x832f1e	je	0x833067	0x832f24
classic	PE:6a70b91c:0270a000	adventure_item_interact_fill_with_materialst+8	0x832ce0	0x832f2a	js	0x833067	0x832f30
classic	PE:6a70b91c:0270a000	adventure_item_interact_fill_with_materialst+8	0x832ce0	0x832f43	je	0x832f5f	0x832f45
classic	PE:6a70b91c:0270a000	adventure_item_interact_fill_with_materialst+8	0x832ce0	0x832f58	jle	0x832f30	0x832f5a
classic	PE:6a70b91c:0270a000	adventure_item_interact_fill_with_materialst+8	0x832ce0	0x832f62	je	0x833067	0x832f68
classic	PE:6a70b91c:0270a000	adventure_item_interact_fill_with_materialst+8	0x832ce0	0x832f6f	je	0x833067	0x832f75
classic	PE:6a70b91c:0270a000	adventure_item_interact_fill_with_materialst+8	0x832ce0	0x832f9a	je	0x832fc8	0x832f9c
classic	PE:6a70b91c:0270a000	adventure_item_interact_fill_with_materialst+8	0x832ce0	0x832fa3	je	0x832fc8	0x832fa5
classic	PE:6a70b91c:0270a000	adventure_item_interact_fill_with_materialst+8	0x832ce0	0x832fab	je	0x832fc8	0x832fad
classic	PE:6a70b91c:0270a000	adventure_item_interact_fill_with_materialst+8	0x832ce0	0x832fbc	je	0x832fc8	0x832fbe
classic	PE:6a70b91c:0270a000	adventure_item_interact_fill_with_materialst+8	0x832ce0	0x832fcf	je	0x832ff1	0x832fd1
classic	PE:6a70b91c:0270a000	adventure_item_interact_fill_with_materialst+8	0x832ce0	0x832fd5	je	0x832ff1	0x832fd7
classic	PE:6a70b91c:0270a000	adventure_item_interact_fill_with_materialst+8	0x832ce0	0x833029	jbe	0x83305c	0x83302b
classic	PE:6a70b91c:0270a000	adventure_item_interact_fill_with_materialst+8	0x832ce0	0x83303c	jb	0x833057	0x83303e
classic	PE:6a70b91c:0270a000	adventure_item_interact_fill_with_materialst+8	0x832ce0	0x833051	ja	0x83331f	0x833057
classic	PE:6a70b91c:0270a000	adventure_item_interact_fill_with_materialst+8	0x832ce0	0x833080	je	0x8330e1	0x833082
classic	PE:6a70b91c:0270a000	adventure_item_interact_fill_with_materialst+8	0x832ce0	0x83308a	je	0x8330c0	0x83308c
classic	PE:6a70b91c:0270a000	adventure_item_interact_fill_with_materialst+8	0x832ce0	0x83309c	jbe	0x8330a1	0x83309e
classic	PE:6a70b91c:0270a000	adventure_item_interact_fill_with_materialst+8	0x832ce0	0x8330da	jbe	0x8330ea	0x8330dc
classic	PE:6a70b91c:0270a000	adventure_item_interact_fill_with_materialst+8	0x832ce0	0x83312f	jbe	0x833162	0x833131
classic	PE:6a70b91c:0270a000	adventure_item_interact_fill_with_materialst+8	0x832ce0	0x833142	jb	0x83315d	0x833144
classic	PE:6a70b91c:0270a000	adventure_item_interact_fill_with_materialst+8	0x832ce0	0x833157	ja	0x833326	0x83315d
classic	PE:6a70b91c:0270a000	adventure_item_interact_fill_with_materialst+8	0x832ce0	0x83316e	jns	0x832e40	0x833174
classic	PE:6a70b91c:0270a000	adventure_item_interact_fill_with_materialst+8	0x832ce0	0x833186	jne	0x83327e	0x83318c
classic	PE:6a70b91c:0270a000	adventure_item_interact_fill_with_materialst+8	0x832ce0	0x83319f	js	0x83327e	0x8331a5
classic	PE:6a70b91c:0270a000	adventure_item_interact_fill_with_materialst+8	0x832ce0	0x8331a8	jge	0x83327e	0x8331ae
classic	PE:6a70b91c:0270a000	adventure_item_interact_fill_with_materialst+8	0x832ce0	0x8331b2	js	0x83327e	0x8331b8
classic	PE:6a70b91c:0270a000	adventure_item_interact_fill_with_materialst+8	0x832ce0	0x8331bf	jge	0x83327e	0x8331c5
classic	PE:6a70b91c:0270a000	adventure_item_interact_fill_with_materialst+8	0x832ce0	0x8331c9	js	0x83327e	0x8331cf
classic	PE:6a70b91c:0270a000	adventure_item_interact_fill_with_materialst+8	0x832ce0	0x8331d6	jge	0x83327e	0x8331dc
classic	PE:6a70b91c:0270a000	adventure_item_interact_fill_with_materialst+8	0x832ce0	0x8331f6	je	0x83327e	0x8331fc
classic	PE:6a70b91c:0270a000	adventure_item_interact_fill_with_materialst+8	0x832ce0	0x833213	je	0x83327e	0x833215
classic	PE:6a70b91c:0270a000	adventure_item_interact_fill_with_materialst+8	0x832ce0	0x83321d	jge	0x833226	0x83321f
classic	PE:6a70b91c:0270a000	adventure_item_interact_fill_with_materialst+8	0x832ce0	0x833235	jge	0x83323e	0x833237
classic	PE:6a70b91c:0270a000	adventure_item_interact_fill_with_materialst+8	0x832ce0	0x83324e	jae	0x833265	0x833250
classic	PE:6a70b91c:0270a000	adventure_item_interact_fill_with_materialst+8	0x832ce0	0x833267	jns	0x83327e	0x833269
classic	PE:6a70b91c:0270a000	adventure_item_interact_fill_with_materialst+8	0x832ce0	0x8332b6	ja	0x83342d	0x8332bc
classic	PE:6a70b91c:0270a000	adventure_item_interact_fill_with_materialst+8	0x832ce0	0x8332d4	je	0x83342d	0x8332da
classic	PE:6a70b91c:0270a000	adventure_item_interact_fill_with_materialst+8	0x832ce0	0x8332dd	je	0x83342d	0x8332e3
classic	PE:6a70b91c:0270a000	adventure_item_interact_fill_with_materialst+8	0x832ce0	0x8332e9	js	0x83342d	0x8332ef
classic	PE:6a70b91c:0270a000	adventure_item_interact_fill_with_materialst+8	0x832ce0	0x833303	je	0x83332d	0x833305
classic	PE:6a70b91c:0270a000	adventure_item_interact_fill_with_materialst+8	0x832ce0	0x833318	jle	0x8332f0	0x83331a
classic	PE:6a70b91c:0270a000	adventure_item_interact_fill_with_materialst+8	0x832ce0	0x833330	je	0x83342d	0x833336
classic	PE:6a70b91c:0270a000	adventure_item_interact_fill_with_materialst+8	0x832ce0	0x83333d	je	0x83342d	0x833343
classic	PE:6a70b91c:0270a000	adventure_item_interact_fill_with_materialst+8	0x832ce0	0x833368	je	0x833396	0x83336a
classic	PE:6a70b91c:0270a000	adventure_item_interact_fill_with_materialst+8	0x832ce0	0x833371	je	0x833396	0x833373
classic	PE:6a70b91c:0270a000	adventure_item_interact_fill_with_materialst+8	0x832ce0	0x833379	je	0x833396	0x83337b
classic	PE:6a70b91c:0270a000	adventure_item_interact_fill_with_materialst+8	0x832ce0	0x83338a	je	0x833396	0x83338c
classic	PE:6a70b91c:0270a000	adventure_item_interact_fill_with_materialst+8	0x832ce0	0x83339d	je	0x8333bf	0x83339f
classic	PE:6a70b91c:0270a000	adventure_item_interact_fill_with_materialst+8	0x832ce0	0x8333a3	je	0x8333bf	0x8333a5
classic	PE:6a70b91c:0270a000	adventure_item_interact_fill_with_materialst+8	0x832ce0	0x8333f7	jbe	0x83342d	0x8333f9
classic	PE:6a70b91c:0270a000	adventure_item_interact_fill_with_materialst+8	0x832ce0	0x83340a	jb	0x833428	0x83340c
classic	PE:6a70b91c:0270a000	adventure_item_interact_fill_with_materialst+8	0x832ce0	0x83341f	jbe	0x833428	0x833421
classic	PE:6a70b91c:0270a000	adventure_item_interact_fill_with_materialst+8	0x832ce0	0x833446	je	0x8334a6	0x833448
classic	PE:6a70b91c:0270a000	adventure_item_interact_fill_with_materialst+8	0x832ce0	0x833450	je	0x833486	0x833452
classic	PE:6a70b91c:0270a000	adventure_item_interact_fill_with_materialst+8	0x832ce0	0x833462	jbe	0x833467	0x833464
classic	PE:6a70b91c:0270a000	adventure_item_interact_fill_with_materialst+8	0x832ce0	0x83349f	jbe	0x8334b2	0x8334a1
classic	PE:6a70b91c:0270a000	adventure_item_interact_fill_with_materialst+8	0x832ce0	0x8334e9	je	0x833548	0x8334eb
classic	PE:6a70b91c:0270a000	adventure_item_interact_fill_with_materialst+8	0x832ce0	0x833550	jbe	0x833586	0x833552
classic	PE:6a70b91c:0270a000	adventure_item_interact_fill_with_materialst+8	0x832ce0	0x833563	jb	0x833581	0x833565
classic	PE:6a70b91c:0270a000	adventure_item_interact_fill_with_materialst+8	0x832ce0	0x833578	jbe	0x833581	0x83357a
classic	PE:6a70b91c:0270a000	adventure_item_interact_give_namest+8	0x8335d0	0x833662	jbe	0x833699	0x833664
classic	PE:6a70b91c:0270a000	adventure_item_interact_give_namest+8	0x8335d0	0x833676	jb	0x833694	0x833678
classic	PE:6a70b91c:0270a000	adventure_item_interact_give_namest+8	0x8335d0	0x83368b	jbe	0x833694	0x83368d
classic	PE:6a70b91c:0270a000	adventure_item_interact_heat_from_tilest+8	0x8336c0	0x833777	jle	0x8337a5	0x833779
classic	PE:6a70b91c:0270a000	adventure_item_interact_heat_from_tilest+8	0x8336c0	0x8337b6	ja	0x83382e	0x8337b8
classic	PE:6a70b91c:0270a000	adventure_item_interact_heat_from_tilest+8	0x8336c0	0x833837	je	0x833892	0x833839
classic	PE:6a70b91c:0270a000	adventure_item_interact_heat_from_tilest+8	0x8336c0	0x83389b	jbe	0x8338d2	0x83389d
classic	PE:6a70b91c:0270a000	adventure_item_interact_heat_from_tilest+8	0x8336c0	0x8338af	jb	0x8338cd	0x8338b1
classic	PE:6a70b91c:0270a000	adventure_item_interact_heat_from_tilest+8	0x8336c0	0x8338c4	jbe	0x8338cd	0x8338c6
classic	PE:6a70b91c:0270a000	adventure_environment_place_on_pack_animalst+8	0x835720	0x8357ab	je	0x835806	0x8357ad
classic	PE:6a70b91c:0270a000	adventure_environment_place_on_pack_animalst+8	0x835720	0x83580f	jbe	0x835846	0x835811
classic	PE:6a70b91c:0270a000	adventure_environment_place_on_pack_animalst+8	0x835720	0x835823	jb	0x835841	0x835825
classic	PE:6a70b91c:0270a000	adventure_environment_place_on_pack_animalst+8	0x835720	0x835838	jbe	0x835841	0x83583a
classic	PE:6a70b91c:0270a000	adventure_environment_place_in_bld_containerst+8	0x835870	0x8358a2	jne	0x8358b8	0x8358a4
classic	PE:6a70b91c:0270a000	adventure_environment_place_in_bld_containerst+8	0x835870	0x8358ea	jne	0x8358f3	0x8358ec
classic	PE:6a70b91c:0270a000	adventure_environment_place_in_bld_containerst+8	0x835870	0x835965	je	0x8359c0	0x835967
classic	PE:6a70b91c:0270a000	adventure_environment_place_in_bld_containerst+8	0x835870	0x8359c9	jbe	0x835a00	0x8359cb
classic	PE:6a70b91c:0270a000	adventure_environment_place_in_bld_containerst+8	0x835870	0x8359dd	jb	0x8359fb	0x8359df
classic	PE:6a70b91c:0270a000	adventure_environment_place_in_bld_containerst+8	0x835870	0x8359f2	jbe	0x8359fb	0x8359f4
classic	PE:6a70b91c:0270a000	adventure_environment_place_in_it_containerst+8	0x835a20	0x835ab1	je	0x835b0c	0x835ab3
classic	PE:6a70b91c:0270a000	adventure_environment_place_in_it_containerst+8	0x835a20	0x835b15	jbe	0x835b4c	0x835b17
classic	PE:6a70b91c:0270a000	adventure_environment_place_in_it_containerst+8	0x835a20	0x835b29	jb	0x835b47	0x835b2b
classic	PE:6a70b91c:0270a000	adventure_environment_place_in_it_containerst+8	0x835a20	0x835b3e	jbe	0x835b47	0x835b40
classic	PE:6a70b91c:0270a000	adventure_environment_unit_suck_bloodst+8	0x835b70	0x835bc1	je	0x836017	0x835bc7
classic	PE:6a70b91c:0270a000	adventure_environment_unit_suck_bloodst+8	0x835b70	0x835bcb	je	0x836017	0x835bd1
classic	PE:6a70b91c:0270a000	adventure_environment_unit_suck_bloodst+8	0x835b70	0x835bdb	js	0x835c0a	0x835bdd
classic	PE:6a70b91c:0270a000	adventure_environment_unit_suck_bloodst+8	0x835b70	0x835bf4	je	0x835c0d	0x835bf6
classic	PE:6a70b91c:0270a000	adventure_environment_unit_suck_bloodst+8	0x835b70	0x835c08	jle	0x835be0	0x835c0a
classic	PE:6a70b91c:0270a000	adventure_environment_unit_suck_bloodst+8	0x835b70	0x835c10	je	0x836017	0x835c16
classic	PE:6a70b91c:0270a000	adventure_environment_unit_suck_bloodst+8	0x835b70	0x835caa	js	0x835d0d	0x835cac
classic	PE:6a70b91c:0270a000	adventure_environment_unit_suck_bloodst+8	0x835b70	0x835cc7	jae	0x835d0d	0x835cc9
classic	PE:6a70b91c:0270a000	adventure_environment_unit_suck_bloodst+8	0x835b70	0x835ccd	js	0x835d0d	0x835ccf
classic	PE:6a70b91c:0270a000	adventure_environment_unit_suck_bloodst+8	0x835b70	0x835ceb	jae	0x835d0d	0x835ced
classic	PE:6a70b91c:0270a000	adventure_environment_unit_suck_bloodst+8	0x835b70	0x835cf4	je	0x835d0d	0x835cf6
classic	PE:6a70b91c:0270a000	adventure_environment_unit_suck_bloodst+8	0x835b70	0x835d2c	jne	0x835d50	0x835d2e
classic	PE:6a70b91c:0270a000	adventure_environment_unit_suck_bloodst+8	0x835b70	0x835d37	je	0x835d50	0x835d39
classic	PE:6a70b91c:0270a000	adventure_environment_unit_suck_bloodst+8	0x835b70	0x835d40	ja	0x835d50	0x835d42
classic	PE:6a70b91c:0270a000	adventure_environment_unit_suck_bloodst+8	0x835b70	0x835d44	jne	0x835d50	0x835d46
classic	PE:6a70b91c:0270a000	adventure_environment_unit_suck_bloodst+8	0x835b70	0x835d54	je	0x835f70	0x835d5a
classic	PE:6a70b91c:0270a000	adventure_environment_unit_suck_bloodst+8	0x835b70	0x835d71	ja	0x835ee0	0x835d77
classic	PE:6a70b91c:0270a000	adventure_environment_unit_suck_bloodst+8	0x835b70	0x835d8f	je	0x835ee0	0x835d95
classic	PE:6a70b91c:0270a000	adventure_environment_unit_suck_bloodst+8	0x835b70	0x835d98	je	0x835ee0	0x835d9e
classic	PE:6a70b91c:0270a000	adventure_environment_unit_suck_bloodst+8	0x835b70	0x835da5	js	0x835ee0	0x835dab
classic	PE:6a70b91c:0270a000	adventure_environment_unit_suck_bloodst+8	0x835b70	0x835dc3	je	0x835ddf	0x835dc5
classic	PE:6a70b91c:0270a000	adventure_environment_unit_suck_bloodst+8	0x835b70	0x835dd8	jle	0x835db0	0x835dda
classic	PE:6a70b91c:0270a000	adventure_environment_unit_suck_bloodst+8	0x835b70	0x835de2	je	0x835ee0	0x835de8
classic	PE:6a70b91c:0270a000	adventure_environment_unit_suck_bloodst+8	0x835b70	0x835def	je	0x835ee0	0x835df5
classic	PE:6a70b91c:0270a000	adventure_environment_unit_suck_bloodst+8	0x835b70	0x835e18	je	0x835e46	0x835e1a
classic	PE:6a70b91c:0270a000	adventure_environment_unit_suck_bloodst+8	0x835b70	0x835e21	je	0x835e46	0x835e23
classic	PE:6a70b91c:0270a000	adventure_environment_unit_suck_bloodst+8	0x835b70	0x835e29	je	0x835e46	0x835e2b
classic	PE:6a70b91c:0270a000	adventure_environment_unit_suck_bloodst+8	0x835b70	0x835e3a	je	0x835e46	0x835e3c
classic	PE:6a70b91c:0270a000	adventure_environment_unit_suck_bloodst+8	0x835b70	0x835e4d	je	0x835e6f	0x835e4f
classic	PE:6a70b91c:0270a000	adventure_environment_unit_suck_bloodst+8	0x835b70	0x835e53	je	0x835e6f	0x835e55
classic	PE:6a70b91c:0270a000	adventure_environment_unit_suck_bloodst+8	0x835b70	0x835ea7	jbe	0x835edd	0x835ea9
classic	PE:6a70b91c:0270a000	adventure_environment_unit_suck_bloodst+8	0x835b70	0x835eba	jb	0x835ed8	0x835ebc
classic	PE:6a70b91c:0270a000	adventure_environment_unit_suck_bloodst+8	0x835b70	0x835ecf	jbe	0x835ed8	0x835ed1
classic	PE:6a70b91c:0270a000	adventure_environment_unit_suck_bloodst+8	0x835b70	0x835ef8	je	0x835f5a	0x835efa
classic	PE:6a70b91c:0270a000	adventure_environment_unit_suck_bloodst+8	0x835b70	0x835f02	je	0x835f38	0x835f04
classic	PE:6a70b91c:0270a000	adventure_environment_unit_suck_bloodst+8	0x835b70	0x835f14	jbe	0x835f19	0x835f16
classic	PE:6a70b91c:0270a000	adventure_environment_unit_suck_bloodst+8	0x835b70	0x835f53	jbe	0x835f67	0x835f55
classic	PE:6a70b91c:0270a000	adventure_environment_unit_suck_bloodst+8	0x835b70	0x835f93	jbe	0x835fc9	0x835f95
classic	PE:6a70b91c:0270a000	adventure_environment_unit_suck_bloodst+8	0x835b70	0x835fa6	jb	0x835fc4	0x835fa8
classic	PE:6a70b91c:0270a000	adventure_environment_unit_suck_bloodst+8	0x835b70	0x835fbb	jbe	0x835fc4	0x835fbd
classic	PE:6a70b91c:0270a000	adventure_environment_unit_suck_bloodst+8	0x835b70	0x835fe1	jbe	0x836017	0x835fe3
classic	PE:6a70b91c:0270a000	adventure_environment_unit_suck_bloodst+8	0x835b70	0x835ff4	jb	0x836012	0x835ff6
classic	PE:6a70b91c:0270a000	adventure_environment_unit_suck_bloodst+8	0x835b70	0x836009	jbe	0x836012	0x83600b
classic	PE:6a70b91c:0270a000	adventure_environment_ingest_from_containerst+8	0x836050	0x836164	je	0x8361bf	0x836166
classic	PE:6a70b91c:0270a000	adventure_environment_ingest_from_containerst+8	0x836050	0x8361c7	jbe	0x8361fd	0x8361c9
classic	PE:6a70b91c:0270a000	adventure_environment_ingest_from_containerst+8	0x836050	0x8361da	jb	0x8361f8	0x8361dc
classic	PE:6a70b91c:0270a000	adventure_environment_ingest_from_containerst+8	0x836050	0x8361ef	jbe	0x8361f8	0x8361f1
classic	PE:6a70b91c:0270a000	adventure_environment_ingest_from_containerst+8	0x836050	0x836219	jbe	0x83624f	0x83621b
classic	PE:6a70b91c:0270a000	adventure_environment_ingest_from_containerst+8	0x836050	0x83622c	jb	0x83624a	0x83622e
classic	PE:6a70b91c:0270a000	adventure_environment_ingest_from_containerst+8	0x836050	0x836241	jbe	0x83624a	0x836243
classic	PE:6a70b91c:0270a000	adventure_environment_ingest_materialst+8	0x836270	0x8362f9	js	0x8366e1	0x8362ff
classic	PE:6a70b91c:0270a000	adventure_environment_ingest_materialst+8	0x836270	0x836309	jge	0x8366e8	0x83630f
classic	PE:6a70b91c:0270a000	adventure_environment_ingest_materialst+8	0x836270	0x836312	js	0x8366e8	0x836318
classic	PE:6a70b91c:0270a000	adventure_environment_ingest_materialst+8	0x836270	0x83631e	jge	0x8366e8	0x836324
classic	PE:6a70b91c:0270a000	adventure_environment_ingest_materialst+8	0x836270	0x836328	js	0x8366e8	0x83632e
classic	PE:6a70b91c:0270a000	adventure_environment_ingest_materialst+8	0x836270	0x836335	jge	0x8366e8	0x83633b
classic	PE:6a70b91c:0270a000	adventure_environment_ingest_materialst+8	0x836270	0x83634e	je	0x8366e8	0x836354
classic	PE:6a70b91c:0270a000	adventure_environment_ingest_materialst+8	0x836270	0x83636f	je	0x8366e8	0x836375
classic	PE:6a70b91c:0270a000	adventure_environment_ingest_materialst+8	0x836270	0x836384	js	0x8366e8	0x83638a
classic	PE:6a70b91c:0270a000	adventure_environment_ingest_materialst+8	0x836270	0x8363a2	jne	0x8366d3	0x8363a8
classic	PE:6a70b91c:0270a000	adventure_environment_ingest_materialst+8	0x836270	0x8363ba	jge	0x8363c3	0x8363bc
classic	PE:6a70b91c:0270a000	adventure_environment_ingest_materialst+8	0x836270	0x8363d3	jge	0x8363dc	0x8363d5
classic	PE:6a70b91c:0270a000	adventure_environment_ingest_materialst+8	0x836270	0x8363e8	jb	0x8366d3	0x8363ee
classic	PE:6a70b91c:0270a000	adventure_environment_ingest_materialst+8	0x836270	0x8363f7	je	0x8366cc	0x8363fd
classic	PE:6a70b91c:0270a000	adventure_environment_ingest_materialst+8	0x836270	0x836407	jne	0x836416	0x836409
classic	PE:6a70b91c:0270a000	adventure_environment_ingest_materialst+8	0x836270	0x836410	je	0x8366c8	0x836416
classic	PE:6a70b91c:0270a000	adventure_environment_ingest_materialst+8	0x836270	0x836440	ja	0x8365b4	0x836446
classic	PE:6a70b91c:0270a000	adventure_environment_ingest_materialst+8	0x836270	0x83645e	je	0x8365b4	0x836464
classic	PE:6a70b91c:0270a000	adventure_environment_ingest_materialst+8	0x836270	0x836467	je	0x8365b4	0x83646d
classic	PE:6a70b91c:0270a000	adventure_environment_ingest_materialst+8	0x836270	0x836474	js	0x8365b4	0x83647a
classic	PE:6a70b91c:0270a000	adventure_environment_ingest_materialst+8	0x836270	0x836493	je	0x8364af	0x836495
classic	PE:6a70b91c:0270a000	adventure_environment_ingest_materialst+8	0x836270	0x8364a8	jle	0x836480	0x8364aa
classic	PE:6a70b91c:0270a000	adventure_environment_ingest_materialst+8	0x836270	0x8364b2	je	0x8365b4	0x8364b8
classic	PE:6a70b91c:0270a000	adventure_environment_ingest_materialst+8	0x836270	0x8364bf	je	0x8365b4	0x8364c5
classic	PE:6a70b91c:0270a000	adventure_environment_ingest_materialst+8	0x836270	0x8364eb	je	0x836519	0x8364ed
classic	PE:6a70b91c:0270a000	adventure_environment_ingest_materialst+8	0x836270	0x8364f4	je	0x836519	0x8364f6
classic	PE:6a70b91c:0270a000	adventure_environment_ingest_materialst+8	0x836270	0x8364fc	je	0x836519	0x8364fe
classic	PE:6a70b91c:0270a000	adventure_environment_ingest_materialst+8	0x836270	0x83650d	je	0x836519	0x83650f
classic	PE:6a70b91c:0270a000	adventure_environment_ingest_materialst+8	0x836270	0x836520	je	0x836542	0x836522
classic	PE:6a70b91c:0270a000	adventure_environment_ingest_materialst+8	0x836270	0x836526	je	0x836542	0x836528
classic	PE:6a70b91c:0270a000	adventure_environment_ingest_materialst+8	0x836270	0x83657a	jbe	0x8365ad	0x83657c
classic	PE:6a70b91c:0270a000	adventure_environment_ingest_materialst+8	0x836270	0x83658d	jb	0x8365a8	0x83658f
classic	PE:6a70b91c:0270a000	adventure_environment_ingest_materialst+8	0x836270	0x8365a2	ja	0x83688f	0x8365a8
classic	PE:6a70b91c:0270a000	adventure_environment_ingest_materialst+8	0x836270	0x8365cd	je	0x836635	0x8365cf
classic	PE:6a70b91c:0270a000	adventure_environment_ingest_materialst+8	0x836270	0x8365d7	je	0x83660d	0x8365d9
classic	PE:6a70b91c:0270a000	adventure_environment_ingest_materialst+8	0x836270	0x8365e9	jbe	0x8365ee	0x8365eb
classic	PE:6a70b91c:0270a000	adventure_environment_ingest_materialst+8	0x836270	0x836627	jbe	0x83662c	0x836629
classic	PE:6a70b91c:0270a000	adventure_environment_ingest_materialst+8	0x836270	0x83668a	jbe	0x8366bd	0x83668c
classic	PE:6a70b91c:0270a000	adventure_environment_ingest_materialst+8	0x836270	0x83669d	jb	0x8366b8	0x83669f
classic	PE:6a70b91c:0270a000	adventure_environment_ingest_materialst+8	0x836270	0x8366b2	ja	0x836896	0x8366b8
classic	PE:6a70b91c:0270a000	adventure_environment_ingest_materialst+8	0x836270	0x8366db	jns	0x836391	0x8366e1
classic	PE:6a70b91c:0270a000	adventure_environment_ingest_materialst+8	0x836270	0x8366ee	jne	0x8367e6	0x8366f4
classic	PE:6a70b91c:0270a000	adventure_environment_ingest_materialst+8	0x836270	0x836707	js	0x8367e6	0x83670d
classic	PE:6a70b91c:0270a000	adventure_environment_ingest_materialst+8	0x836270	0x836710	jge	0x8367e6	0x836716
classic	PE:6a70b91c:0270a000	adventure_environment_ingest_materialst+8	0x836270	0x83671a	js	0x8367e6	0x836720
classic	PE:6a70b91c:0270a000	adventure_environment_ingest_materialst+8	0x836270	0x836727	jge	0x8367e6	0x83672d
classic	PE:6a70b91c:0270a000	adventure_environment_ingest_materialst+8	0x836270	0x836731	js	0x8367e6	0x836737
classic	PE:6a70b91c:0270a000	adventure_environment_ingest_materialst+8	0x836270	0x83673e	jge	0x8367e6	0x836744
classic	PE:6a70b91c:0270a000	adventure_environment_ingest_materialst+8	0x836270	0x83675e	je	0x8367e6	0x836764
classic	PE:6a70b91c:0270a000	adventure_environment_ingest_materialst+8	0x836270	0x83677b	je	0x8367e6	0x83677d
classic	PE:6a70b91c:0270a000	adventure_environment_ingest_materialst+8	0x836270	0x836785	jge	0x83678e	0x836787
classic	PE:6a70b91c:0270a000	adventure_environment_ingest_materialst+8	0x836270	0x83679d	jge	0x8367a6	0x83679f
classic	PE:6a70b91c:0270a000	adventure_environment_ingest_materialst+8	0x836270	0x8367b6	jae	0x8367cd	0x8367b8
classic	PE:6a70b91c:0270a000	adventure_environment_ingest_materialst+8	0x836270	0x8367cf	jns	0x8367e6	0x8367d1
classic	PE:6a70b91c:0270a000	adventure_environment_ingest_materialst+8	0x836270	0x83681d	ja	0x83699e	0x836823
classic	PE:6a70b91c:0270a000	adventure_environment_ingest_materialst+8	0x836270	0x83683b	je	0x83699e	0x836841
classic	PE:6a70b91c:0270a000	adventure_environment_ingest_materialst+8	0x836270	0x836844	je	0x83699e	0x83684a
classic	PE:6a70b91c:0270a000	adventure_environment_ingest_materialst+8	0x836270	0x836851	js	0x83699e	0x836857
classic	PE:6a70b91c:0270a000	adventure_environment_ingest_materialst+8	0x836270	0x836873	je	0x83689d	0x836875
classic	PE:6a70b91c:0270a000	adventure_environment_ingest_materialst+8	0x836270	0x836888	jle	0x836860	0x83688a
classic	PE:6a70b91c:0270a000	adventure_environment_ingest_materialst+8	0x836270	0x8368a0	je	0x83699e	0x8368a6
classic	PE:6a70b91c:0270a000	adventure_environment_ingest_materialst+8	0x836270	0x8368ad	je	0x83699e	0x8368b3
classic	PE:6a70b91c:0270a000	adventure_environment_ingest_materialst+8	0x836270	0x8368d4	je	0x836902	0x8368d6
classic	PE:6a70b91c:0270a000	adventure_environment_ingest_materialst+8	0x836270	0x8368dd	je	0x836902	0x8368df
classic	PE:6a70b91c:0270a000	adventure_environment_ingest_materialst+8	0x836270	0x8368e5	je	0x836902	0x8368e7
classic	PE:6a70b91c:0270a000	adventure_environment_ingest_materialst+8	0x836270	0x8368f6	je	0x836902	0x8368f8
classic	PE:6a70b91c:0270a000	adventure_environment_ingest_materialst+8	0x836270	0x836909	je	0x83692f	0x83690b
classic	PE:6a70b91c:0270a000	adventure_environment_ingest_materialst+8	0x836270	0x83690f	je	0x83692f	0x836911
classic	PE:6a70b91c:0270a000	adventure_environment_ingest_materialst+8	0x836270	0x836968	jbe	0x83699e	0x83696a
classic	PE:6a70b91c:0270a000	adventure_environment_ingest_materialst+8	0x836270	0x83697b	jb	0x836999	0x83697d
classic	PE:6a70b91c:0270a000	adventure_environment_ingest_materialst+8	0x836270	0x836990	jbe	0x836999	0x836992
classic	PE:6a70b91c:0270a000	adventure_environment_ingest_materialst+8	0x836270	0x8369b6	je	0x836a1a	0x8369b8
classic	PE:6a70b91c:0270a000	adventure_environment_ingest_materialst+8	0x836270	0x8369c0	je	0x8369f6	0x8369c2
classic	PE:6a70b91c:0270a000	adventure_environment_ingest_materialst+8	0x836270	0x8369d2	jbe	0x8369d7	0x8369d4
classic	PE:6a70b91c:0270a000	adventure_environment_ingest_materialst+8	0x836270	0x836a12	jbe	0x836a1f	0x836a14
classic	PE:6a70b91c:0270a000	adventure_environment_ingest_materialst+8	0x836270	0x836a56	je	0x836ab5	0x836a58
classic	PE:6a70b91c:0270a000	adventure_environment_ingest_materialst+8	0x836270	0x836abd	jbe	0x836af3	0x836abf
classic	PE:6a70b91c:0270a000	adventure_environment_ingest_materialst+8	0x836270	0x836ad0	jb	0x836aee	0x836ad2
classic	PE:6a70b91c:0270a000	adventure_environment_ingest_materialst+8	0x836270	0x836ae5	jbe	0x836aee	0x836ae7
classic	PE:6a70b91c:0270a000	adventure_option_view_contaminantst+8	0x836b20	0x836b52	je	0x836ec6	0x836b58
classic	PE:6a70b91c:0270a000	adventure_option_view_contaminantst+8	0x836b20	0x836b5f	je	0x836ec6	0x836b65
classic	PE:6a70b91c:0270a000	adventure_option_view_contaminantst+8	0x836b20	0x836b93	js	0x836d6a	0x836b99
classic	PE:6a70b91c:0270a000	adventure_option_view_contaminantst+8	0x836b20	0x836bb4	jae	0x836d6a	0x836bba
classic	PE:6a70b91c:0270a000	adventure_option_view_contaminantst+8	0x836b20	0x836bdb	je	0x836c30	0x836bdd
classic	PE:6a70b91c:0270a000	adventure_option_view_contaminantst+8	0x836b20	0x836bff	jg	0x836c0a	0x836c01
classic	PE:6a70b91c:0270a000	adventure_option_view_contaminantst+8	0x836b20	0x836c1d	jbe	0x836c22	0x836c1f
classic	PE:6a70b91c:0270a000	adventure_option_view_contaminantst+8	0x836b20	0x836c68	jle	0x836e43	0x836c6e
classic	PE:6a70b91c:0270a000	adventure_option_view_contaminantst+8	0x836b20	0x836c79	jae	0x836c9b	0x836c7b
classic	PE:6a70b91c:0270a000	adventure_option_view_contaminantst+8	0x836b20	0x836caf	jb	0x836eeb	0x836cb5
classic	PE:6a70b91c:0270a000	adventure_option_view_contaminantst+8	0x836b20	0x836cc3	ja	0x836ce4	0x836cc5
classic	PE:6a70b91c:0270a000	adventure_option_view_contaminantst+8	0x836b20	0x836cd4	ja	0x836ce4	0x836cd6
classic	PE:6a70b91c:0270a000	adventure_option_view_contaminantst+8	0x836b20	0x836d02	jbe	0x836d51	0x836d04
classic	PE:6a70b91c:0270a000	adventure_option_view_contaminantst+8	0x836b20	0x836d22	jb	0x836d40	0x836d24
classic	PE:6a70b91c:0270a000	adventure_option_view_contaminantst+8	0x836b20	0x836d37	ja	0x836e33	0x836d3d
classic	PE:6a70b91c:0270a000	adventure_option_view_contaminantst+8	0x836b20	0x836d72	jb	0x836da7	0x836d74
classic	PE:6a70b91c:0270a000	adventure_option_view_contaminantst+8	0x836b20	0x836dc0	ja	0x836dd2	0x836dc2
classic	PE:6a70b91c:0270a000	adventure_option_view_contaminantst+8	0x836b20	0x836e08	jbe	0x836e3f	0x836e0a
classic	PE:6a70b91c:0270a000	adventure_option_view_contaminantst+8	0x836b20	0x836e1c	jb	0x836e3a	0x836e1e
classic	PE:6a70b91c:0270a000	adventure_option_view_contaminantst+8	0x836b20	0x836e31	jbe	0x836e3a	0x836e33
classic	PE:6a70b91c:0270a000	adventure_option_view_contaminantst+8	0x836b20	0x836e90	jbe	0x836ec6	0x836e92
classic	PE:6a70b91c:0270a000	adventure_option_view_contaminantst+8	0x836b20	0x836ea3	jb	0x836ec1	0x836ea5
classic	PE:6a70b91c:0270a000	adventure_option_view_contaminantst+8	0x836b20	0x836eb8	jbe	0x836ec1	0x836eba
classic	PE:6a70b91c:0270a000	adventure_option_eat_unit_contaminantst+8	0x8370d0	0x837102	je	0x8374ea	0x837108
classic	PE:6a70b91c:0270a000	adventure_option_eat_unit_contaminantst+8	0x8370d0	0x83710f	je	0x8374ea	0x837115
classic	PE:6a70b91c:0270a000	adventure_option_eat_unit_contaminantst+8	0x8370d0	0x83711b	je	0x837135	0x83711d
classic	PE:6a70b91c:0270a000	adventure_option_eat_unit_contaminantst+8	0x8370d0	0x837120	je	0x83712e	0x837122
classic	PE:6a70b91c:0270a000	adventure_option_eat_unit_contaminantst+8	0x8370d0	0x837125	jne	0x837135	0x837127
classic	PE:6a70b91c:0270a000	adventure_option_eat_unit_contaminantst+8	0x8370d0	0x8371b7	js	0x83738e	0x8371bd
classic	PE:6a70b91c:0270a000	adventure_option_eat_unit_contaminantst+8	0x8370d0	0x8371d8	jae	0x83738e	0x8371de
classic	PE:6a70b91c:0270a000	adventure_option_eat_unit_contaminantst+8	0x8370d0	0x8371ff	je	0x837254	0x837201
classic	PE:6a70b91c:0270a000	adventure_option_eat_unit_contaminantst+8	0x8370d0	0x837223	jg	0x83722e	0x837225
classic	PE:6a70b91c:0270a000	adventure_option_eat_unit_contaminantst+8	0x8370d0	0x837241	jbe	0x837246	0x837243
classic	PE:6a70b91c:0270a000	adventure_option_eat_unit_contaminantst+8	0x8370d0	0x83728c	jle	0x837467	0x837292
classic	PE:6a70b91c:0270a000	adventure_option_eat_unit_contaminantst+8	0x8370d0	0x83729d	jae	0x8372bf	0x83729f
classic	PE:6a70b91c:0270a000	adventure_option_eat_unit_contaminantst+8	0x8370d0	0x8372d3	jb	0x83750f	0x8372d9
classic	PE:6a70b91c:0270a000	adventure_option_eat_unit_contaminantst+8	0x8370d0	0x8372e7	ja	0x837308	0x8372e9
classic	PE:6a70b91c:0270a000	adventure_option_eat_unit_contaminantst+8	0x8370d0	0x8372f8	ja	0x837308	0x8372fa
classic	PE:6a70b91c:0270a000	adventure_option_eat_unit_contaminantst+8	0x8370d0	0x837326	jbe	0x837375	0x837328
classic	PE:6a70b91c:0270a000	adventure_option_eat_unit_contaminantst+8	0x8370d0	0x837346	jb	0x837364	0x837348
classic	PE:6a70b91c:0270a000	adventure_option_eat_unit_contaminantst+8	0x8370d0	0x83735b	ja	0x837457	0x837361
classic	PE:6a70b91c:0270a000	adventure_option_eat_unit_contaminantst+8	0x8370d0	0x837396	jb	0x8373cb	0x837398
classic	PE:6a70b91c:0270a000	adventure_option_eat_unit_contaminantst+8	0x8370d0	0x8373e4	ja	0x8373f6	0x8373e6
classic	PE:6a70b91c:0270a000	adventure_option_eat_unit_contaminantst+8	0x8370d0	0x83742c	jbe	0x837463	0x83742e
classic	PE:6a70b91c:0270a000	adventure_option_eat_unit_contaminantst+8	0x8370d0	0x837440	jb	0x83745e	0x837442
classic	PE:6a70b91c:0270a000	adventure_option_eat_unit_contaminantst+8	0x8370d0	0x837455	jbe	0x83745e	0x837457
classic	PE:6a70b91c:0270a000	adventure_option_eat_unit_contaminantst+8	0x8370d0	0x8374b4	jbe	0x8374ea	0x8374b6
classic	PE:6a70b91c:0270a000	adventure_option_eat_unit_contaminantst+8	0x8370d0	0x8374c7	jb	0x8374e5	0x8374c9
classic	PE:6a70b91c:0270a000	adventure_option_eat_unit_contaminantst+8	0x8370d0	0x8374dc	jbe	0x8374e5	0x8374de
classic	PE:6a70b91c:0270a000	adventure_option_eat_item_contaminantst+8	0x837520	0x837544	je	0x8376a2	0x83754a
classic	PE:6a70b91c:0270a000	adventure_option_eat_item_contaminantst+8	0x837520	0x83754f	je	0x8376a2	0x837555
classic	PE:6a70b91c:0270a000	adventure_option_eat_item_contaminantst+8	0x837520	0x83755c	je	0x8376a2	0x837562
classic	PE:6a70b91c:0270a000	adventure_option_eat_item_contaminantst+8	0x837520	0x837568	je	0x837582	0x83756a
classic	PE:6a70b91c:0270a000	adventure_option_eat_item_contaminantst+8	0x837520	0x83756d	je	0x83757b	0x83756f
classic	PE:6a70b91c:0270a000	adventure_option_eat_item_contaminantst+8	0x837520	0x837572	jne	0x837582	0x837574
classic	PE:6a70b91c:0270a000	adventure_option_eat_item_contaminantst+8	0x837520	0x83766b	jbe	0x8376a2	0x83766d
classic	PE:6a70b91c:0270a000	adventure_option_eat_item_contaminantst+8	0x837520	0x83767f	jb	0x83769d	0x837681
classic	PE:6a70b91c:0270a000	adventure_option_eat_item_contaminantst+8	0x837520	0x837694	jbe	0x83769d	0x837696
classic	PE:6a70b91c:0270a000	adventure_environment_pickup_vermin_eventst+8	0x8376c0	0x837746	js	0x83779e	0x837748
classic	PE:6a70b91c:0270a000	adventure_environment_pickup_vermin_eventst+8	0x8376c0	0x837763	jae	0x83779e	0x837765
classic	PE:6a70b91c:0270a000	adventure_environment_pickup_vermin_eventst+8	0x8376c0	0x837775	je	0x83779e	0x837777
classic	PE:6a70b91c:0270a000	adventure_environment_pickup_vermin_eventst+8	0x8376c0	0x83777f	jbe	0x837784	0x837781
classic	PE:6a70b91c:0270a000	adventure_environment_pickup_vermin_eventst+8	0x8376c0	0x8377ac	je	0x8378ea	0x8377b2
classic	PE:6a70b91c:0270a000	adventure_environment_pickup_vermin_eventst+8	0x8376c0	0x8377c6	jb	0x83794f	0x8377cc
classic	PE:6a70b91c:0270a000	adventure_environment_pickup_vermin_eventst+8	0x8376c0	0x8377ee	jbe	0x83781e	0x8377f0
classic	PE:6a70b91c:0270a000	adventure_environment_pickup_vermin_eventst+8	0x8376c0	0x8377fa	jbe	0x837801	0x8377fc
classic	PE:6a70b91c:0270a000	adventure_environment_pickup_vermin_eventst+8	0x8376c0	0x83786f	jbe	0x8378a6	0x837871
classic	PE:6a70b91c:0270a000	adventure_environment_pickup_vermin_eventst+8	0x8376c0	0x837883	jb	0x8378a1	0x837885
classic	PE:6a70b91c:0270a000	adventure_environment_pickup_vermin_eventst+8	0x8376c0	0x837898	jbe	0x8378a1	0x83789a
classic	PE:6a70b91c:0270a000	adventure_environment_pickup_vermin_eventst+8	0x8376c0	0x8378ee	jbe	0x837924	0x8378f0
classic	PE:6a70b91c:0270a000	adventure_environment_pickup_vermin_eventst+8	0x8376c0	0x8378fe	jb	0x83791c	0x837900
classic	PE:6a70b91c:0270a000	adventure_environment_pickup_vermin_eventst+8	0x8376c0	0x837913	jbe	0x83791c	0x837915
classic	PE:6a70b91c:0270a000	adventure_environment_pickup_ignite_vegst+8	0x837960	0x8379f9	je	0x837b3b	0x8379ff
classic	PE:6a70b91c:0270a000	adventure_environment_pickup_ignite_vegst+8	0x837960	0x837a18	jb	0x837baa	0x837a1e
classic	PE:6a70b91c:0270a000	adventure_environment_pickup_ignite_vegst+8	0x837960	0x837a45	jbe	0x837a75	0x837a47
classic	PE:6a70b91c:0270a000	adventure_environment_pickup_ignite_vegst+8	0x837960	0x837a51	jbe	0x837a58	0x837a53
classic	PE:6a70b91c:0270a000	adventure_environment_pickup_ignite_vegst+8	0x837960	0x837ac0	jbe	0x837af7	0x837ac2
classic	PE:6a70b91c:0270a000	adventure_environment_pickup_ignite_vegst+8	0x837960	0x837ad4	jb	0x837af2	0x837ad6
classic	PE:6a70b91c:0270a000	adventure_environment_pickup_ignite_vegst+8	0x837960	0x837ae9	jbe	0x837af2	0x837aeb
classic	PE:6a70b91c:0270a000	adventure_environment_pickup_ignite_vegst+8	0x837960	0x837b47	jbe	0x837b7e	0x837b49
classic	PE:6a70b91c:0270a000	adventure_environment_pickup_ignite_vegst+8	0x837960	0x837b5b	jb	0x837b79	0x837b5d
classic	PE:6a70b91c:0270a000	adventure_environment_pickup_ignite_vegst+8	0x837960	0x837b70	jbe	0x837b79	0x837b72
classic	PE:6a70b91c:0270a000	adventure_environment_pickup_make_campfirest+8	0x837bb0	0x837bde	je	0x837c38	0x837be0
classic	PE:6a70b91c:0270a000	adventure_environment_pickup_chop_treest+8	0x837c50	0x837c8b	je	0x837cd1	0x837c8d
classic	PE:6a70b91c:0270a000	adventure_environment_pickup_chop_treest+8	0x837c50	0x837c95	js	0x837cd1	0x837c97
classic	PE:6a70b91c:0270a000	adventure_environment_pickup_chop_treest+8	0x837c50	0x837cb2	jae	0x837cd1	0x837cb4
classic	PE:6a70b91c:0270a000	adventure_environment_pickup_chop_treest+8	0x837c50	0x837cbb	je	0x837cd1	0x837cbd
classic	PE:6a70b91c:0270a000	adventure_environment_pickup_chop_treest+8	0x837c50	0x837cca	jbe	0x837cde	0x837ccc
classic	PE:6a70b91c:0270a000	adventure_environment_pickup_chop_treest+8	0x837c50	0x837cef	je	0x837d49	0x837cf1
classic	PE:6a70b91c:0270a000	adventure_movement_attack_creaturest+8	0x83d680	0x83d6b5	jne	0x83d6ce	0x83d6b7
classic	PE:6a70b91c:0270a000	adventure_movement_attack_creaturest+8	0x83d680	0x83d6f3	jne	0x83d810	0x83d6f9
classic	PE:6a70b91c:0270a000	adventure_movement_attack_creaturest+8	0x83d680	0x83d714	je	0x83d75a	0x83d716
classic	PE:6a70b91c:0270a000	adventure_movement_attack_creaturest+8	0x83d680	0x83d71a	je	0x83d75a	0x83d71c
classic	PE:6a70b91c:0270a000	adventure_movement_attack_creaturest+8	0x83d680	0x83d722	js	0x83d75a	0x83d724
classic	PE:6a70b91c:0270a000	adventure_movement_attack_creaturest+8	0x83d680	0x83d744	je	0x83d75d	0x83d746
classic	PE:6a70b91c:0270a000	adventure_movement_attack_creaturest+8	0x83d680	0x83d758	jle	0x83d730	0x83d75a
classic	PE:6a70b91c:0270a000	adventure_movement_attack_creaturest+8	0x83d680	0x83d760	je	0x83d801	0x83d766
classic	PE:6a70b91c:0270a000	adventure_movement_attack_creaturest+8	0x83d680	0x83d7c8	jbe	0x83d825	0x83d7ca
classic	PE:6a70b91c:0270a000	adventure_movement_attack_creaturest+8	0x83d680	0x83d7dc	jb	0x83d7fa	0x83d7de
classic	PE:6a70b91c:0270a000	adventure_movement_attack_creaturest+8	0x83d680	0x83d7f1	jbe	0x83d7fa	0x83d7f3
classic	PE:6a70b91c:0270a000	adventure_movement_attack_creaturest+8	0x83d680	0x83d82e	je	0x83d888	0x83d830
classic	PE:6a70b91c:0270a000	adventure_movement_combat_menu_creaturest+8	0x83d8b0	0x83d8db	jne	0x83d8f4	0x83d8dd
classic	PE:6a70b91c:0270a000	adventure_movement_combat_menu_creaturest+8	0x83d8b0	0x83d922	je	0x83d95c	0x83d924
classic	PE:6a70b91c:0270a000	adventure_movement_combat_menu_creaturest+8	0x83d8b0	0x83d928	je	0x83d95c	0x83d92a
classic	PE:6a70b91c:0270a000	adventure_movement_combat_menu_creaturest+8	0x83d8b0	0x83d930	js	0x83d95c	0x83d932
classic	PE:6a70b91c:0270a000	adventure_movement_combat_menu_creaturest+8	0x83d8b0	0x83d946	je	0x83d95f	0x83d948
classic	PE:6a70b91c:0270a000	adventure_movement_combat_menu_creaturest+8	0x83d8b0	0x83d95a	jle	0x83d932	0x83d95c
classic	PE:6a70b91c:0270a000	adventure_movement_combat_menu_creaturest+8	0x83d8b0	0x83d962	je	0x83da03	0x83d968
classic	PE:6a70b91c:0270a000	adventure_movement_combat_menu_creaturest+8	0x83d8b0	0x83d9ca	jbe	0x83da18	0x83d9cc
classic	PE:6a70b91c:0270a000	adventure_movement_combat_menu_creaturest+8	0x83d8b0	0x83d9de	jb	0x83d9fc	0x83d9e0
classic	PE:6a70b91c:0270a000	adventure_movement_combat_menu_creaturest+8	0x83d8b0	0x83d9f3	jbe	0x83d9fc	0x83d9f5
classic	PE:6a70b91c:0270a000	adventure_movement_combat_menu_creaturest+8	0x83d8b0	0x83da21	je	0x83da7b	0x83da23
classic	PE:6a70b91c:0270a000	adventure_movement_item_interact_pushst+8	0x83daa0	0x83daf5	je	0x83db37	0x83daf7
classic	PE:6a70b91c:0270a000	adventure_movement_item_interact_pushst+8	0x83daa0	0x83dafb	je	0x83db37	0x83dafd
classic	PE:6a70b91c:0270a000	adventure_movement_item_interact_pushst+8	0x83daa0	0x83db03	js	0x83db37	0x83db05
classic	PE:6a70b91c:0270a000	adventure_movement_item_interact_pushst+8	0x83daa0	0x83db21	je	0x83db3a	0x83db23
classic	PE:6a70b91c:0270a000	adventure_movement_item_interact_pushst+8	0x83daa0	0x83db35	jle	0x83db10	0x83db37
classic	PE:6a70b91c:0270a000	adventure_movement_item_interact_pushst+8	0x83daa0	0x83db3d	je	0x83dbd9	0x83db43
classic	PE:6a70b91c:0270a000	adventure_movement_item_interact_pushst+8	0x83daa0	0x83dba0	jbe	0x83dbee	0x83dba2
classic	PE:6a70b91c:0270a000	adventure_movement_item_interact_pushst+8	0x83daa0	0x83dbb4	jb	0x83dbd2	0x83dbb6
classic	PE:6a70b91c:0270a000	adventure_movement_item_interact_pushst+8	0x83daa0	0x83dbc9	jbe	0x83dbd2	0x83dbcb
classic	PE:6a70b91c:0270a000	adventure_movement_item_interact_pushst+8	0x83daa0	0x83dbf7	je	0x83dc3c	0x83dbf9
classic	PE:6a70b91c:0270a000	adventure_movement_item_interact_ridest+8	0x83dc60	0x83dcb5	je	0x83dcf7	0x83dcb7
classic	PE:6a70b91c:0270a000	adventure_movement_item_interact_ridest+8	0x83dc60	0x83dcbb	je	0x83dcf7	0x83dcbd
classic	PE:6a70b91c:0270a000	adventure_movement_item_interact_ridest+8	0x83dc60	0x83dcc3	js	0x83dcf7	0x83dcc5
classic	PE:6a70b91c:0270a000	adventure_movement_item_interact_ridest+8	0x83dc60	0x83dce1	je	0x83dcfa	0x83dce3
classic	PE:6a70b91c:0270a000	adventure_movement_item_interact_ridest+8	0x83dc60	0x83dcf5	jle	0x83dcd0	0x83dcf7
classic	PE:6a70b91c:0270a000	adventure_movement_item_interact_ridest+8	0x83dc60	0x83dcfd	je	0x83dd99	0x83dd03
classic	PE:6a70b91c:0270a000	adventure_movement_item_interact_ridest+8	0x83dc60	0x83dd60	jbe	0x83ddae	0x83dd62
classic	PE:6a70b91c:0270a000	adventure_movement_item_interact_ridest+8	0x83dc60	0x83dd74	jb	0x83dd92	0x83dd76
classic	PE:6a70b91c:0270a000	adventure_movement_item_interact_ridest+8	0x83dc60	0x83dd89	jbe	0x83dd92	0x83dd8b
classic	PE:6a70b91c:0270a000	adventure_movement_item_interact_ridest+8	0x83dc60	0x83ddb7	je	0x83ddfc	0x83ddb9
classic	PE:6a70b91c:0270a000	adventure_movement_item_interact_guidest+8	0x83de20	0x83de75	je	0x83deb7	0x83de77
classic	PE:6a70b91c:0270a000	adventure_movement_item_interact_guidest+8	0x83de20	0x83de7b	je	0x83deb7	0x83de7d
classic	PE:6a70b91c:0270a000	adventure_movement_item_interact_guidest+8	0x83de20	0x83de83	js	0x83deb7	0x83de85
classic	PE:6a70b91c:0270a000	adventure_movement_item_interact_guidest+8	0x83de20	0x83dea1	je	0x83deba	0x83dea3
classic	PE:6a70b91c:0270a000	adventure_movement_item_interact_guidest+8	0x83de20	0x83deb5	jle	0x83de90	0x83deb7
classic	PE:6a70b91c:0270a000	adventure_movement_item_interact_guidest+8	0x83de20	0x83debd	je	0x83df59	0x83dec3
classic	PE:6a70b91c:0270a000	adventure_movement_item_interact_guidest+8	0x83de20	0x83df20	jbe	0x83df6e	0x83df22
classic	PE:6a70b91c:0270a000	adventure_movement_item_interact_guidest+8	0x83de20	0x83df34	jb	0x83df52	0x83df36
classic	PE:6a70b91c:0270a000	adventure_movement_item_interact_guidest+8	0x83de20	0x83df49	jbe	0x83df52	0x83df4b
classic	PE:6a70b91c:0270a000	adventure_movement_item_interact_guidest+8	0x83de20	0x83df77	je	0x83dfbc	0x83df79
classic	PE:6a70b91c:0270a000	adventure_movement_building_interact_raise_well_bucketst+8	0x83dfe0	0x83e035	je	0x83e077	0x83e037
classic	PE:6a70b91c:0270a000	adventure_movement_building_interact_raise_well_bucketst+8	0x83dfe0	0x83e03b	je	0x83e077	0x83e03d
classic	PE:6a70b91c:0270a000	adventure_movement_building_interact_raise_well_bucketst+8	0x83dfe0	0x83e043	js	0x83e077	0x83e045
classic	PE:6a70b91c:0270a000	adventure_movement_building_interact_raise_well_bucketst+8	0x83dfe0	0x83e061	je	0x83e07a	0x83e063
classic	PE:6a70b91c:0270a000	adventure_movement_building_interact_raise_well_bucketst+8	0x83dfe0	0x83e075	jle	0x83e050	0x83e077
classic	PE:6a70b91c:0270a000	adventure_movement_building_interact_raise_well_bucketst+8	0x83dfe0	0x83e07d	je	0x83e114	0x83e083
classic	PE:6a70b91c:0270a000	adventure_movement_building_interact_raise_well_bucketst+8	0x83dfe0	0x83e0db	jbe	0x83e129	0x83e0dd
classic	PE:6a70b91c:0270a000	adventure_movement_building_interact_raise_well_bucketst+8	0x83dfe0	0x83e0ef	jb	0x83e10d	0x83e0f1
classic	PE:6a70b91c:0270a000	adventure_movement_building_interact_raise_well_bucketst+8	0x83dfe0	0x83e104	jbe	0x83e10d	0x83e106
classic	PE:6a70b91c:0270a000	adventure_movement_building_interact_raise_well_bucketst+8	0x83dfe0	0x83e147	je	0x83e1a1	0x83e149
classic	PE:6a70b91c:0270a000	adventure_movement_building_interact_lower_well_bucketst+8	0x83e1c0	0x83e215	je	0x83e257	0x83e217
classic	PE:6a70b91c:0270a000	adventure_movement_building_interact_lower_well_bucketst+8	0x83e1c0	0x83e21b	je	0x83e257	0x83e21d
classic	PE:6a70b91c:0270a000	adventure_movement_building_interact_lower_well_bucketst+8	0x83e1c0	0x83e223	js	0x83e257	0x83e225
classic	PE:6a70b91c:0270a000	adventure_movement_building_interact_lower_well_bucketst+8	0x83e1c0	0x83e241	je	0x83e25a	0x83e243
classic	PE:6a70b91c:0270a000	adventure_movement_building_interact_lower_well_bucketst+8	0x83e1c0	0x83e255	jle	0x83e230	0x83e257
classic	PE:6a70b91c:0270a000	adventure_movement_building_interact_lower_well_bucketst+8	0x83e1c0	0x83e25d	je	0x83e2f4	0x83e263
classic	PE:6a70b91c:0270a000	adventure_movement_building_interact_lower_well_bucketst+8	0x83e1c0	0x83e2bb	jbe	0x83e309	0x83e2bd
classic	PE:6a70b91c:0270a000	adventure_movement_building_interact_lower_well_bucketst+8	0x83e1c0	0x83e2cf	jb	0x83e2ed	0x83e2d1
classic	PE:6a70b91c:0270a000	adventure_movement_building_interact_lower_well_bucketst+8	0x83e1c0	0x83e2e4	jbe	0x83e2ed	0x83e2e6
classic	PE:6a70b91c:0270a000	adventure_movement_building_interact_lower_well_bucketst+8	0x83e1c0	0x83e327	je	0x83e381	0x83e329
classic	PE:6a70b91c:0270a000	adventure_movement_building_interact_pull_leverst+8	0x83e3a0	0x83e3f5	je	0x83e437	0x83e3f7
classic	PE:6a70b91c:0270a000	adventure_movement_building_interact_pull_leverst+8	0x83e3a0	0x83e3fb	je	0x83e437	0x83e3fd
classic	PE:6a70b91c:0270a000	adventure_movement_building_interact_pull_leverst+8	0x83e3a0	0x83e403	js	0x83e437	0x83e405
classic	PE:6a70b91c:0270a000	adventure_movement_building_interact_pull_leverst+8	0x83e3a0	0x83e421	je	0x83e43a	0x83e423
classic	PE:6a70b91c:0270a000	adventure_movement_building_interact_pull_leverst+8	0x83e3a0	0x83e435	jle	0x83e410	0x83e437
classic	PE:6a70b91c:0270a000	adventure_movement_building_interact_pull_leverst+8	0x83e3a0	0x83e43d	je	0x83e4d4	0x83e443
classic	PE:6a70b91c:0270a000	adventure_movement_building_interact_pull_leverst+8	0x83e3a0	0x83e49b	jbe	0x83e4e9	0x83e49d
classic	PE:6a70b91c:0270a000	adventure_movement_building_interact_pull_leverst+8	0x83e3a0	0x83e4af	jb	0x83e4cd	0x83e4b1
classic	PE:6a70b91c:0270a000	adventure_movement_building_interact_pull_leverst+8	0x83e3a0	0x83e4c4	jbe	0x83e4cd	0x83e4c6
classic	PE:6a70b91c:0270a000	adventure_movement_building_interact_pull_leverst+8	0x83e3a0	0x83e4f2	je	0x83e54c	0x83e4f4
classic	PE:6a70b91c:0270a000	adventure_movement_building_interact_break_in_hatchst+8	0x83e570	0x83e5c5	je	0x83e607	0x83e5c7
classic	PE:6a70b91c:0270a000	adventure_movement_building_interact_break_in_hatchst+8	0x83e570	0x83e5cb	je	0x83e607	0x83e5cd
classic	PE:6a70b91c:0270a000	adventure_movement_building_interact_break_in_hatchst+8	0x83e570	0x83e5d3	js	0x83e607	0x83e5d5
classic	PE:6a70b91c:0270a000	adventure_movement_building_interact_break_in_hatchst+8	0x83e570	0x83e5f1	je	0x83e60a	0x83e5f3
classic	PE:6a70b91c:0270a000	adventure_movement_building_interact_break_in_hatchst+8	0x83e570	0x83e605	jle	0x83e5e0	0x83e607
classic	PE:6a70b91c:0270a000	adventure_movement_building_interact_break_in_hatchst+8	0x83e570	0x83e60d	je	0x83e6a4	0x83e613
classic	PE:6a70b91c:0270a000	adventure_movement_building_interact_break_in_hatchst+8	0x83e570	0x83e66b	jbe	0x83e6b9	0x83e66d
classic	PE:6a70b91c:0270a000	adventure_movement_building_interact_break_in_hatchst+8	0x83e570	0x83e67f	jb	0x83e69d	0x83e681
classic	PE:6a70b91c:0270a000	adventure_movement_building_interact_break_in_hatchst+8	0x83e570	0x83e694	jbe	0x83e69d	0x83e696
classic	PE:6a70b91c:0270a000	adventure_movement_building_interact_break_in_hatchst+8	0x83e570	0x83e6c2	je	0x83e71c	0x83e6c4
classic	PE:6a70b91c:0270a000	adventure_movement_building_interact_pick_door_lockst+8;adventure_movement_building_interact_pick_hatch_lockst+8	0x83e740	0x83e795	je	0x83e7d7	0x83e797
classic	PE:6a70b91c:0270a000	adventure_movement_building_interact_pick_door_lockst+8;adventure_movement_building_interact_pick_hatch_lockst+8	0x83e740	0x83e79b	je	0x83e7d7	0x83e79d
classic	PE:6a70b91c:0270a000	adventure_movement_building_interact_pick_door_lockst+8;adventure_movement_building_interact_pick_hatch_lockst+8	0x83e740	0x83e7a3	js	0x83e7d7	0x83e7a5
classic	PE:6a70b91c:0270a000	adventure_movement_building_interact_pick_door_lockst+8;adventure_movement_building_interact_pick_hatch_lockst+8	0x83e740	0x83e7c1	je	0x83e7da	0x83e7c3
classic	PE:6a70b91c:0270a000	adventure_movement_building_interact_pick_door_lockst+8;adventure_movement_building_interact_pick_hatch_lockst+8	0x83e740	0x83e7d5	jle	0x83e7b0	0x83e7d7
classic	PE:6a70b91c:0270a000	adventure_movement_building_interact_pick_door_lockst+8;adventure_movement_building_interact_pick_hatch_lockst+8	0x83e740	0x83e7dd	je	0x83e874	0x83e7e3
classic	PE:6a70b91c:0270a000	adventure_movement_building_interact_pick_door_lockst+8;adventure_movement_building_interact_pick_hatch_lockst+8	0x83e740	0x83e83b	jbe	0x83e889	0x83e83d
classic	PE:6a70b91c:0270a000	adventure_movement_building_interact_pick_door_lockst+8;adventure_movement_building_interact_pick_hatch_lockst+8	0x83e740	0x83e84f	jb	0x83e86d	0x83e851
classic	PE:6a70b91c:0270a000	adventure_movement_building_interact_pick_door_lockst+8;adventure_movement_building_interact_pick_hatch_lockst+8	0x83e740	0x83e864	jbe	0x83e86d	0x83e866
classic	PE:6a70b91c:0270a000	adventure_movement_building_interact_pick_door_lockst+8;adventure_movement_building_interact_pick_hatch_lockst+8	0x83e740	0x83e8a7	je	0x83e901	0x83e8a9
classic	PE:6a70b91c:0270a000	adventure_movement_building_interact_bash_down_doorst+8	0x83e920	0x83e975	je	0x83e9b7	0x83e977
classic	PE:6a70b91c:0270a000	adventure_movement_building_interact_bash_down_doorst+8	0x83e920	0x83e97b	je	0x83e9b7	0x83e97d
classic	PE:6a70b91c:0270a000	adventure_movement_building_interact_bash_down_doorst+8	0x83e920	0x83e983	js	0x83e9b7	0x83e985
classic	PE:6a70b91c:0270a000	adventure_movement_building_interact_bash_down_doorst+8	0x83e920	0x83e9a1	je	0x83e9ba	0x83e9a3
classic	PE:6a70b91c:0270a000	adventure_movement_building_interact_bash_down_doorst+8	0x83e920	0x83e9b5	jle	0x83e990	0x83e9b7
classic	PE:6a70b91c:0270a000	adventure_movement_building_interact_bash_down_doorst+8	0x83e920	0x83e9bd	je	0x83ea54	0x83e9c3
classic	PE:6a70b91c:0270a000	adventure_movement_building_interact_bash_down_doorst+8	0x83e920	0x83ea1b	jbe	0x83ea69	0x83ea1d
classic	PE:6a70b91c:0270a000	adventure_movement_building_interact_bash_down_doorst+8	0x83e920	0x83ea2f	jb	0x83ea4d	0x83ea31
classic	PE:6a70b91c:0270a000	adventure_movement_building_interact_bash_down_doorst+8	0x83e920	0x83ea44	jbe	0x83ea4d	0x83ea46
classic	PE:6a70b91c:0270a000	adventure_movement_building_interact_bash_down_doorst+8	0x83e920	0x83ea72	je	0x83eacc	0x83ea74
classic	PE:6a70b91c:0270a000	adventure_movement_building_interact_topple_statuest+8	0x83eaf0	0x83eb45	je	0x83eb87	0x83eb47
classic	PE:6a70b91c:0270a000	adventure_movement_building_interact_topple_statuest+8	0x83eaf0	0x83eb4b	je	0x83eb87	0x83eb4d
classic	PE:6a70b91c:0270a000	adventure_movement_building_interact_topple_statuest+8	0x83eaf0	0x83eb53	js	0x83eb87	0x83eb55
classic	PE:6a70b91c:0270a000	adventure_movement_building_interact_topple_statuest+8	0x83eaf0	0x83eb71	je	0x83eb8a	0x83eb73
classic	PE:6a70b91c:0270a000	adventure_movement_building_interact_topple_statuest+8	0x83eaf0	0x83eb85	jle	0x83eb60	0x83eb87
classic	PE:6a70b91c:0270a000	adventure_movement_building_interact_topple_statuest+8	0x83eaf0	0x83eb8d	je	0x83ec24	0x83eb93
classic	PE:6a70b91c:0270a000	adventure_movement_building_interact_topple_statuest+8	0x83eaf0	0x83ebeb	jbe	0x83ec39	0x83ebed
classic	PE:6a70b91c:0270a000	adventure_movement_building_interact_topple_statuest+8	0x83eaf0	0x83ebff	jb	0x83ec1d	0x83ec01
classic	PE:6a70b91c:0270a000	adventure_movement_building_interact_topple_statuest+8	0x83eaf0	0x83ec14	jbe	0x83ec1d	0x83ec16
classic	PE:6a70b91c:0270a000	adventure_movement_building_interact_topple_statuest+8	0x83eaf0	0x83ec42	je	0x83ec9c	0x83ec44
classic	PE:6a70b91c:0270a000	adventure_movement_movest+8	0x83ecc0	0x83ed30	je	0x83eee0	0x83ed36
classic	PE:6a70b91c:0270a000	adventure_movement_movest+8	0x83ecc0	0x83ed47	jae	0x83eedb	0x83ed4d
classic	PE:6a70b91c:0270a000	adventure_movement_movest+8	0x83ecc0	0x83ed57	je	0x83eecb	0x83ed5d
classic	PE:6a70b91c:0270a000	adventure_movement_movest+8	0x83ecc0	0x83ed68	jne	0x83eecb	0x83ed6e
classic	PE:6a70b91c:0270a000	adventure_movement_movest+8	0x83ecc0	0x83ed7d	je	0x83edd3	0x83ed7f
classic	PE:6a70b91c:0270a000	adventure_movement_movest+8	0x83ecc0	0x83ed93	jae	0x83edcb	0x83ed95
classic	PE:6a70b91c:0270a000	adventure_movement_movest+8	0x83ecc0	0x83eda1	jne	0x83edb1	0x83eda3
classic	PE:6a70b91c:0270a000	adventure_movement_movest+8	0x83ecc0	0x83edaf	jne	0x83edb7	0x83edb1
classic	PE:6a70b91c:0270a000	adventure_movement_movest+8	0x83ecc0	0x83ee00	jne	0x83eec6	0x83ee06
classic	PE:6a70b91c:0270a000	adventure_movement_movest+8	0x83ecc0	0x83ee0f	jne	0x83eec6	0x83ee15
classic	PE:6a70b91c:0270a000	adventure_movement_movest+8	0x83ecc0	0x83ee1e	jne	0x83eec6	0x83ee24
classic	PE:6a70b91c:0270a000	adventure_movement_movest+8	0x83ecc0	0x83ee36	jne	0x83eec6	0x83ee3c
classic	PE:6a70b91c:0270a000	adventure_movement_movest+8	0x83ecc0	0x83ee97	jbe	0x83eec6	0x83ee99
classic	PE:6a70b91c:0270a000	adventure_movement_movest+8	0x83ecc0	0x83eeaa	jb	0x83eec1	0x83eeac
classic	PE:6a70b91c:0270a000	adventure_movement_movest+8	0x83ecc0	0x83eebf	ja	0x83eed4	0x83eec1
classic	PE:6a70b91c:0270a000	adventure_movement_movest+8	0x83ecc0	0x83eede	jne	0x83ef49	0x83eee0
classic	PE:6a70b91c:0270a000	adventure_movement_movest+8	0x83ecc0	0x83ef4e	je	0x83f156	0x83ef54
classic	PE:6a70b91c:0270a000	adventure_movement_movest+8	0x83ecc0	0x83efad	js	0x83f038	0x83efb3
classic	PE:6a70b91c:0270a000	adventure_movement_movest+8	0x83ecc0	0x83efb9	jge	0x83f038	0x83efbb
classic	PE:6a70b91c:0270a000	adventure_movement_movest+8	0x83ecc0	0x83efbe	js	0x83f038	0x83efc0
classic	PE:6a70b91c:0270a000	adventure_movement_movest+8	0x83ecc0	0x83efc6	jge	0x83f038	0x83efc8
classic	PE:6a70b91c:0270a000	adventure_movement_movest+8	0x83ecc0	0x83efcc	js	0x83f038	0x83efce
classic	PE:6a70b91c:0270a000	adventure_movement_movest+8	0x83ecc0	0x83efd5	jge	0x83f038	0x83efd7
classic	PE:6a70b91c:0270a000	adventure_movement_movest+8	0x83ecc0	0x83efe1	je	0x83f038	0x83efe3
classic	PE:6a70b91c:0270a000	adventure_movement_movest+8	0x83ecc0	0x83f000	je	0x83f038	0x83f002
classic	PE:6a70b91c:0270a000	adventure_movement_movest+8	0x83ecc0	0x83f009	jge	0x83f012	0x83f00b
classic	PE:6a70b91c:0270a000	adventure_movement_movest+8	0x83ecc0	0x83f024	jge	0x83f02d	0x83f026
classic	PE:6a70b91c:0270a000	adventure_movement_movest+8	0x83ecc0	0x83f040	je	0x83f051	0x83f042
classic	PE:6a70b91c:0270a000	adventure_movement_movest+8	0x83ecc0	0x83f045	je	0x83f051	0x83f047
classic	PE:6a70b91c:0270a000	adventure_movement_movest+8	0x83ecc0	0x83f04a	je	0x83f051	0x83f04c
classic	PE:6a70b91c:0270a000	adventure_movement_movest+8	0x83ecc0	0x83f04f	jne	0x83f094	0x83f051
classic	PE:6a70b91c:0270a000	adventure_movement_movest+8	0x83ecc0	0x83f066	jg	0x83f094	0x83f068
classic	PE:6a70b91c:0270a000	adventure_movement_movest+8	0x83ecc0	0x83f07d	jg	0x83f094	0x83f07f
classic	PE:6a70b91c:0270a000	adventure_movement_movest+8	0x83ecc0	0x83f0b1	jle	0x83f0c8	0x83f0b3
classic	PE:6a70b91c:0270a000	adventure_movement_movest+8	0x83ecc0	0x83f0e5	jle	0x83f141	0x83f0e7
classic	PE:6a70b91c:0270a000	adventure_movement_movest+8	0x83ecc0	0x83f11e	jb	0x83f12f	0x83f120
classic	PE:6a70b91c:0270a000	adventure_movement_climbst+8	0x83f180	0x83f228	je	0x83f407	0x83f22e
classic	PE:6a70b91c:0270a000	adventure_movement_climbst+8	0x83f180	0x83f278	je	0x83f2bc	0x83f27a
classic	PE:6a70b91c:0270a000	adventure_movement_climbst+8	0x83f180	0x83f2f1	je	0x83f302	0x83f2f3
classic	PE:6a70b91c:0270a000	adventure_movement_climbst+8	0x83f180	0x83f2f6	je	0x83f302	0x83f2f8
classic	PE:6a70b91c:0270a000	adventure_movement_climbst+8	0x83f180	0x83f2fb	je	0x83f302	0x83f2fd
classic	PE:6a70b91c:0270a000	adventure_movement_climbst+8	0x83f180	0x83f300	jne	0x83f347	0x83f302
classic	PE:6a70b91c:0270a000	adventure_movement_climbst+8	0x83f180	0x83f318	jg	0x83f347	0x83f31a
classic	PE:6a70b91c:0270a000	adventure_movement_climbst+8	0x83f180	0x83f330	jg	0x83f347	0x83f332
classic	PE:6a70b91c:0270a000	adventure_movement_climbst+8	0x83f180	0x83f363	jle	0x83f37a	0x83f365
classic	PE:6a70b91c:0270a000	adventure_movement_climbst+8	0x83f180	0x83f396	jle	0x83f3f1	0x83f398
classic	PE:6a70b91c:0270a000	adventure_movement_climbst+8	0x83f180	0x83f3ce	jb	0x83f3df	0x83f3d0
classic	PE:6a70b91c:0270a000	adventure_movement_climbst+8	0x83f180	0x83f410	jbe	0x83f447	0x83f412
classic	PE:6a70b91c:0270a000	adventure_movement_climbst+8	0x83f180	0x83f424	jb	0x83f442	0x83f426
classic	PE:6a70b91c:0270a000	adventure_movement_climbst+8	0x83f180	0x83f439	jbe	0x83f442	0x83f43b
classic	PE:6a70b91c:0270a000	adventure_movement_hold_tilest+8	0x83f470	0x83f538	je	0x83f717	0x83f53e
classic	PE:6a70b91c:0270a000	adventure_movement_hold_tilest+8	0x83f470	0x83f589	jne	0x83f59f	0x83f58b
classic	PE:6a70b91c:0270a000	adventure_movement_hold_tilest+8	0x83f470	0x83f593	jne	0x83f59f	0x83f595
classic	PE:6a70b91c:0270a000	adventure_movement_hold_tilest+8	0x83f470	0x83f59d	je	0x83f5e2	0x83f59f
classic	PE:6a70b91c:0270a000	adventure_movement_hold_tilest+8	0x83f470	0x83f602	je	0x83f613	0x83f604
classic	PE:6a70b91c:0270a000	adventure_movement_hold_tilest+8	0x83f470	0x83f607	je	0x83f613	0x83f609
classic	PE:6a70b91c:0270a000	adventure_movement_hold_tilest+8	0x83f470	0x83f60c	je	0x83f613	0x83f60e
classic	PE:6a70b91c:0270a000	adventure_movement_hold_tilest+8	0x83f470	0x83f611	jne	0x83f65a	0x83f613
classic	PE:6a70b91c:0270a000	adventure_movement_hold_tilest+8	0x83f470	0x83f62a	jg	0x83f65a	0x83f62c
classic	PE:6a70b91c:0270a000	adventure_movement_hold_tilest+8	0x83f470	0x83f643	jg	0x83f65a	0x83f645
classic	PE:6a70b91c:0270a000	adventure_movement_hold_tilest+8	0x83f470	0x83f676	jle	0x83f68d	0x83f678
classic	PE:6a70b91c:0270a000	adventure_movement_hold_tilest+8	0x83f470	0x83f6a9	jle	0x83f701	0x83f6ab
classic	PE:6a70b91c:0270a000	adventure_movement_hold_tilest+8	0x83f470	0x83f6e1	jb	0x83f6f2	0x83f6e3
classic	PE:6a70b91c:0270a000	adventure_movement_hold_tilest+8	0x83f470	0x83f720	jbe	0x83f757	0x83f722
classic	PE:6a70b91c:0270a000	adventure_movement_hold_tilest+8	0x83f470	0x83f734	jb	0x83f752	0x83f736
classic	PE:6a70b91c:0270a000	adventure_movement_hold_tilest+8	0x83f470	0x83f749	jbe	0x83f752	0x83f74b
classic	PE:6a70b91c:0270a000	adventure_movement_mountst+8	0x83f780	0x83f80b	je	0x83f866	0x83f80d
classic	PE:6a70b91c:0270a000	adventure_movement_mountst+8	0x83f780	0x83f86f	jbe	0x83f8a6	0x83f871
classic	PE:6a70b91c:0270a000	adventure_movement_mountst+8	0x83f780	0x83f883	jb	0x83f8a1	0x83f885
classic	PE:6a70b91c:0270a000	adventure_movement_mountst+8	0x83f780	0x83f898	jbe	0x83f8a1	0x83f89a
classic	PE:6a70b91c:0270a000	adventure_movement_dismountst+8	0x83f8d0	0x83f973	je	0x83f9ce	0x83f975
classic	PE:6a70b91c:0270a000	adventure_movement_dismountst+8	0x83f8d0	0x83f9d7	jbe	0x83fa0e	0x83f9d9
classic	PE:6a70b91c:0270a000	adventure_movement_dismountst+8	0x83f8d0	0x83f9eb	jb	0x83fa09	0x83f9ed
classic	PE:6a70b91c:0270a000	adventure_movement_dismountst+8	0x83f8d0	0x83fa00	jbe	0x83fa09	0x83fa02
classic	PE:6a70b91c:0270a000	adventure_movement_release_hold_tilest+8	0x83fa30	0x83fad4	jbe	0x83fb0b	0x83fad6
classic	PE:6a70b91c:0270a000	adventure_movement_release_hold_tilest+8	0x83fa30	0x83fae8	jb	0x83fb06	0x83faea
classic	PE:6a70b91c:0270a000	adventure_movement_release_hold_tilest+8	0x83fa30	0x83fafd	jbe	0x83fb06	0x83faff
classic	PE:6a70b91c:0270a000	adventure_movement_hold_itemst+8	0x83fb30	0x83fb85	je	0x83fbc7	0x83fb87
classic	PE:6a70b91c:0270a000	adventure_movement_hold_itemst+8	0x83fb30	0x83fb8b	je	0x83fbc7	0x83fb8d
classic	PE:6a70b91c:0270a000	adventure_movement_hold_itemst+8	0x83fb30	0x83fb93	js	0x83fbc7	0x83fb95
classic	PE:6a70b91c:0270a000	adventure_movement_hold_itemst+8	0x83fb30	0x83fbb1	je	0x83fbc9	0x83fbb3
classic	PE:6a70b91c:0270a000	adventure_movement_hold_itemst+8	0x83fb30	0x83fbc5	jle	0x83fba0	0x83fbc7
classic	PE:6a70b91c:0270a000	adventure_movement_hold_itemst+8	0x83fb30	0x83fbcc	je	0x83fc7b	0x83fbd2
classic	PE:6a70b91c:0270a000	adventure_movement_hold_itemst+8	0x83fb30	0x83fc44	jbe	0x83fc7b	0x83fc46
classic	PE:6a70b91c:0270a000	adventure_movement_hold_itemst+8	0x83fb30	0x83fc58	jb	0x83fc76	0x83fc5a
classic	PE:6a70b91c:0270a000	adventure_movement_hold_itemst+8	0x83fb30	0x83fc6d	jbe	0x83fc76	0x83fc6f
classic	PE:6a70b91c:0270a000	adventure_movement_hold_itemst+8	0x83fb30	0x83fc84	je	0x83fe05	0x83fc8a
classic	PE:6a70b91c:0270a000	adventure_movement_hold_itemst+8	0x83fb30	0x83fcf0	je	0x83fd01	0x83fcf2
classic	PE:6a70b91c:0270a000	adventure_movement_hold_itemst+8	0x83fb30	0x83fcf5	je	0x83fd01	0x83fcf7
classic	PE:6a70b91c:0270a000	adventure_movement_hold_itemst+8	0x83fb30	0x83fcfa	je	0x83fd01	0x83fcfc
classic	PE:6a70b91c:0270a000	adventure_movement_hold_itemst+8	0x83fb30	0x83fcff	jne	0x83fd46	0x83fd01
classic	PE:6a70b91c:0270a000	adventure_movement_hold_itemst+8	0x83fb30	0x83fd17	jg	0x83fd46	0x83fd19
classic	PE:6a70b91c:0270a000	adventure_movement_hold_itemst+8	0x83fb30	0x83fd2f	jg	0x83fd46	0x83fd31
classic	PE:6a70b91c:0270a000	adventure_movement_hold_itemst+8	0x83fb30	0x83fd62	jle	0x83fd79	0x83fd64
classic	PE:6a70b91c:0270a000	adventure_movement_hold_itemst+8	0x83fb30	0x83fd95	jle	0x83fdf0	0x83fd97
classic	PE:6a70b91c:0270a000	adventure_movement_hold_itemst+8	0x83fb30	0x83fdcd	jb	0x83fdde	0x83fdcf
classic	PE:6a70b91c:0270a000	adventure_movement_claim_petst+8	0x83fe30	0x83febb	je	0x83ff15	0x83febd
classic	PE:6a70b91c:0270a000	adventure_movement_claim_petst+8	0x83fe30	0x83ff34	jbe	0x83ff6b	0x83ff36
classic	PE:6a70b91c:0270a000	adventure_movement_claim_petst+8	0x83fe30	0x83ff48	jb	0x83ff66	0x83ff4a
classic	PE:6a70b91c:0270a000	adventure_movement_claim_petst+8	0x83fe30	0x83ff5d	jbe	0x83ff66	0x83ff5f
classic	PE:6a70b91c:0270a000	adventure_movement_lead_animalst+8	0x83ff90	0x84001b	je	0x840076	0x84001d
classic	PE:6a70b91c:0270a000	adventure_movement_lead_animalst+8	0x83ff90	0x84007f	jbe	0x8400b6	0x840081
classic	PE:6a70b91c:0270a000	adventure_movement_lead_animalst+8	0x83ff90	0x840093	jb	0x8400b1	0x840095
classic	PE:6a70b91c:0270a000	adventure_movement_lead_animalst+8	0x83ff90	0x8400a8	jbe	0x8400b1	0x8400aa
classic	PE:6a70b91c:0270a000	adventure_movement_stop_lead_animalst+8	0x8400e0	0x84016c	jbe	0x8401a3	0x84016e
classic	PE:6a70b91c:0270a000	adventure_movement_stop_lead_animalst+8	0x8400e0	0x840180	jb	0x84019e	0x840182
classic	PE:6a70b91c:0270a000	adventure_movement_stop_lead_animalst+8	0x8400e0	0x840195	jbe	0x84019e	0x840197
classic	PE:6a70b91c:0270a000	adventure_movement_release_hold_itemst+8	0x8401c0	0x840217	je	0x840257	0x840219
classic	PE:6a70b91c:0270a000	adventure_movement_release_hold_itemst+8	0x8401c0	0x84021d	je	0x840257	0x84021f
classic	PE:6a70b91c:0270a000	adventure_movement_release_hold_itemst+8	0x8401c0	0x840225	js	0x840257	0x840227
classic	PE:6a70b91c:0270a000	adventure_movement_release_hold_itemst+8	0x8401c0	0x840241	je	0x840259	0x840243
classic	PE:6a70b91c:0270a000	adventure_movement_release_hold_itemst+8	0x8401c0	0x840255	jle	0x840230	0x840257
classic	PE:6a70b91c:0270a000	adventure_movement_release_hold_itemst+8	0x8401c0	0x84025c	je	0x84030b	0x840262
classic	PE:6a70b91c:0270a000	adventure_movement_release_hold_itemst+8	0x8401c0	0x8402d4	jbe	0x84030b	0x8402d6
classic	PE:6a70b91c:0270a000	adventure_movement_release_hold_itemst+8	0x8401c0	0x8402e8	jb	0x840306	0x8402ea
classic	PE:6a70b91c:0270a000	adventure_movement_release_hold_itemst+8	0x8401c0	0x8402fd	jbe	0x840306	0x8402ff
classic	PE:6a70b91c:0270a000	adventure_movement_pathst+8	0x840330	0x840373	jne	0x84038a	0x840375
classic	PE:6a70b91c:0270a000	adventure_movement_pathst+8	0x840330	0x840392	je	0x840441	0x840398
classic	PE:6a70b91c:0270a000	adventure_movement_pathst+8	0x840330	0x8403ef	jle	0x840406	0x8403f1
classic	PE:6a70b91c:0270a000	adventure_movement_pathst+8	0x840330	0x840411	jle	0x84042f	0x840413
classic	PE:6a70b91c:0270a000	chooser-renderer	0x881ce0	0x881d32	je	0x881d48	0x881d34
classic	PE:6a70b91c:0270a000	chooser-renderer	0x881ce0	0x881d97	jle	0x881da2	0x881d99
classic	PE:6a70b91c:0270a000	chooser-renderer	0x881ce0	0x881da9	je	0x881db0	0x881dab
classic	PE:6a70b91c:0270a000	chooser-renderer	0x881ce0	0x881dae	jne	0x881e1a	0x881db0
classic	PE:6a70b91c:0270a000	chooser-renderer	0x881ce0	0x881dd8	jl	0x881de6	0x881dda
classic	PE:6a70b91c:0270a000	chooser-renderer	0x881ce0	0x881de9	jle	0x881dfe	0x881deb
classic	PE:6a70b91c:0270a000	chooser-renderer	0x881ce0	0x881e02	jge	0x881e1a	0x881e04
classic	PE:6a70b91c:0270a000	chooser-renderer	0x881ce0	0x881e1f	je	0x8826f8	0x881e25
classic	PE:6a70b91c:0270a000	chooser-renderer	0x881ce0	0x881e2f	jg	0x881f0a	0x881e35
classic	PE:6a70b91c:0270a000	chooser-renderer	0x881ce0	0x881e46	jg	0x881efa	0x881e4c
classic	PE:6a70b91c:0270a000	chooser-renderer	0x881ce0	0x881e70	jne	0x881e9a	0x881e72
classic	PE:6a70b91c:0270a000	chooser-renderer	0x881ce0	0x881e75	jne	0x881e7f	0x881e77
classic	PE:6a70b91c:0270a000	chooser-renderer	0x881ce0	0x881e88	jne	0x881e92	0x881e8a
classic	PE:6a70b91c:0270a000	chooser-renderer	0x881ce0	0x881e9d	jne	0x881ec7	0x881e9f
classic	PE:6a70b91c:0270a000	chooser-renderer	0x881ce0	0x881ea2	jne	0x881eac	0x881ea4
classic	PE:6a70b91c:0270a000	chooser-renderer	0x881ce0	0x881eb5	jne	0x881ebf	0x881eb7
classic	PE:6a70b91c:0270a000	chooser-renderer	0x881ce0	0x881eca	jne	0x881ed4	0x881ecc
classic	PE:6a70b91c:0270a000	chooser-renderer	0x881ce0	0x881edc	je	0x881ee4	0x881ede
classic	PE:6a70b91c:0270a000	chooser-renderer	0x881ce0	0x881ef4	jle	0x881e50	0x881efa
classic	PE:6a70b91c:0270a000	chooser-renderer	0x881ce0	0x881eff	jle	0x881e40	0x881f05
classic	PE:6a70b91c:0270a000	chooser-renderer	0x881ce0	0x881f74	je	0x88204e	0x881f7a
classic	PE:6a70b91c:0270a000	chooser-renderer	0x881ce0	0x88207e	je	0x8820e2	0x882080
classic	PE:6a70b91c:0270a000	chooser-renderer	0x881ce0	0x88208b	je	0x8820a4	0x88208d
classic	PE:6a70b91c:0270a000	chooser-renderer	0x881ce0	0x882096	jbe	0x88209b	0x882098
classic	PE:6a70b91c:0270a000	chooser-renderer	0x881ce0	0x8820c8	jae	0x8820ee	0x8820ca
classic	PE:6a70b91c:0270a000	chooser-renderer	0x881ce0	0x882145	jle	0x882164	0x882147
classic	PE:6a70b91c:0270a000	chooser-renderer	0x881ce0	0x882151	je	0x882164	0x882153
classic	PE:6a70b91c:0270a000	chooser-renderer	0x881ce0	0x882187	jle	0x8821a6	0x882189
classic	PE:6a70b91c:0270a000	chooser-renderer	0x881ce0	0x882193	je	0x8821a6	0x882195
classic	PE:6a70b91c:0270a000	chooser-renderer	0x881ce0	0x8821c8	jle	0x8821e7	0x8821ca
classic	PE:6a70b91c:0270a000	chooser-renderer	0x881ce0	0x8821d4	je	0x8821e7	0x8821d6
classic	PE:6a70b91c:0270a000	chooser-renderer	0x881ce0	0x88220c	jle	0x88222b	0x88220e
classic	PE:6a70b91c:0270a000	chooser-renderer	0x881ce0	0x882218	je	0x88222b	0x88221a
classic	PE:6a70b91c:0270a000	chooser-renderer	0x881ce0	0x88223b	jl	0x882120	0x882241
classic	PE:6a70b91c:0270a000	chooser-renderer	0x881ce0	0x882283	jle	0x8822a2	0x882285
classic	PE:6a70b91c:0270a000	chooser-renderer	0x881ce0	0x88228f	je	0x8822a2	0x882291
classic	PE:6a70b91c:0270a000	chooser-renderer	0x881ce0	0x8822c5	jle	0x8822e4	0x8822c7
classic	PE:6a70b91c:0270a000	chooser-renderer	0x881ce0	0x8822d1	je	0x8822e4	0x8822d3
classic	PE:6a70b91c:0270a000	chooser-renderer	0x881ce0	0x882306	jle	0x882325	0x882308
classic	PE:6a70b91c:0270a000	chooser-renderer	0x881ce0	0x882312	je	0x882325	0x882314
classic	PE:6a70b91c:0270a000	chooser-renderer	0x881ce0	0x882348	jle	0x882367	0x88234a
classic	PE:6a70b91c:0270a000	chooser-renderer	0x881ce0	0x882354	je	0x882367	0x882356
classic	PE:6a70b91c:0270a000	chooser-renderer	0x881ce0	0x882377	jl	0x882260	0x88237d
classic	PE:6a70b91c:0270a000	chooser-renderer	0x881ce0	0x8823c7	jle	0x8823e6	0x8823c9
classic	PE:6a70b91c:0270a000	chooser-renderer	0x881ce0	0x8823d3	je	0x8823e6	0x8823d5
classic	PE:6a70b91c:0270a000	chooser-renderer	0x881ce0	0x882409	jle	0x882428	0x88240b
classic	PE:6a70b91c:0270a000	chooser-renderer	0x881ce0	0x882415	je	0x882428	0x882417
classic	PE:6a70b91c:0270a000	chooser-renderer	0x881ce0	0x88244b	jle	0x88246a	0x88244d
classic	PE:6a70b91c:0270a000	chooser-renderer	0x881ce0	0x882457	je	0x88246a	0x882459
classic	PE:6a70b91c:0270a000	chooser-renderer	0x881ce0	0x88248d	jle	0x8824ac	0x88248f
classic	PE:6a70b91c:0270a000	chooser-renderer	0x881ce0	0x882499	je	0x8824ac	0x88249b
classic	PE:6a70b91c:0270a000	chooser-renderer	0x881ce0	0x8824bd	jl	0x8823a0	0x8824c3
classic	PE:6a70b91c:0270a000	chooser-renderer	0x881ce0	0x8824cd	jg	0x882533	0x8824cf
classic	PE:6a70b91c:0270a000	chooser-renderer	0x881ce0	0x8824ff	jne	0x882507	0x882501
classic	PE:6a70b91c:0270a000	chooser-renderer	0x881ce0	0x88250a	jne	0x882511	0x88250c
classic	PE:6a70b91c:0270a000	chooser-renderer	0x881ce0	0x88252a	jl	0x8824f0	0x88252c
classic	PE:6a70b91c:0270a000	chooser-renderer	0x881ce0	0x882531	jle	0x8824e0	0x882533
classic	PE:6a70b91c:0270a000	chooser-renderer	0x881ce0	0x882592	jbe	0x8825c5	0x882594
classic	PE:6a70b91c:0270a000	chooser-renderer	0x881ce0	0x8825a5	jb	0x8825c0	0x8825a7
classic	PE:6a70b91c:0270a000	chooser-renderer	0x881ce0	0x8825ba	ja	0x8826d3	0x8825c0
classic	PE:6a70b91c:0270a000	chooser-renderer	0x881ce0	0x8825d4	jg	0x882646	0x8825d6
classic	PE:6a70b91c:0270a000	chooser-renderer	0x881ce0	0x88260f	jne	0x882617	0x882611
classic	PE:6a70b91c:0270a000	chooser-renderer	0x881ce0	0x882619	jne	0x882620	0x88261b
classic	PE:6a70b91c:0270a000	chooser-renderer	0x881ce0	0x882639	jl	0x882600	0x88263b
classic	PE:6a70b91c:0270a000	chooser-renderer	0x881ce0	0x88263f	jle	0x8825f0	0x882641
classic	PE:6a70b91c:0270a000	chooser-renderer	0x881ce0	0x8826a9	jbe	0x8826e0	0x8826ab
classic	PE:6a70b91c:0270a000	chooser-renderer	0x881ce0	0x8826bc	jb	0x8826da	0x8826be
classic	PE:6a70b91c:0270a000	chooser-renderer	0x881ce0	0x8826d1	jbe	0x8826da	0x8826d3
classic	PE:6a70b91c:0270a000	chooser-renderer	0x881ce0	0x8826fe	jg	0x8827c5	0x882704
classic	PE:6a70b91c:0270a000	chooser-renderer	0x881ce0	0x88270a	jg	0x8827ba	0x882710
classic	PE:6a70b91c:0270a000	chooser-renderer	0x881ce0	0x882730	jne	0x88275a	0x882732
classic	PE:6a70b91c:0270a000	chooser-renderer	0x881ce0	0x882735	jne	0x88273f	0x882737
classic	PE:6a70b91c:0270a000	chooser-renderer	0x881ce0	0x882748	jne	0x882752	0x88274a
classic	PE:6a70b91c:0270a000	chooser-renderer	0x881ce0	0x88275d	jne	0x882787	0x88275f
classic	PE:6a70b91c:0270a000	chooser-renderer	0x881ce0	0x882762	jne	0x88276c	0x882764
classic	PE:6a70b91c:0270a000	chooser-renderer	0x881ce0	0x882775	jne	0x88277f	0x882777
classic	PE:6a70b91c:0270a000	chooser-renderer	0x881ce0	0x88278a	jne	0x882794	0x88278c
classic	PE:6a70b91c:0270a000	chooser-renderer	0x881ce0	0x88279c	je	0x8827a4	0x88279e
classic	PE:6a70b91c:0270a000	chooser-renderer	0x881ce0	0x8827b4	jle	0x882710	0x8827ba
classic	PE:6a70b91c:0270a000	chooser-renderer	0x881ce0	0x8827bf	jle	0x882704	0x8827c5
classic	PE:6a70b91c:0270a000	chooser-renderer	0x881ce0	0x8827ff	jne	0x882807	0x882801
classic	PE:6a70b91c:0270a000	chooser-renderer	0x881ce0	0x88280a	jne	0x882811	0x88280c
classic	PE:6a70b91c:0270a000	chooser-renderer	0x881ce0	0x88282a	jl	0x8827f0	0x88282c
classic	PE:6a70b91c:0270a000	chooser-renderer	0x881ce0	0x882831	jl	0x8827d0	0x882833
classic	PE:6a70b91c:0270a000	chooser-renderer	0x881ce0	0x88289e	jbe	0x8828d1	0x8828a0
classic	PE:6a70b91c:0270a000	chooser-renderer	0x881ce0	0x8828b1	jb	0x8828cc	0x8828b3
classic	PE:6a70b91c:0270a000	chooser-renderer	0x881ce0	0x8828c6	ja	0x882c56	0x8828cc
classic	PE:6a70b91c:0270a000	chooser-renderer	0x881ce0	0x8828f8	ja	0x8829b1	0x8828fe
classic	PE:6a70b91c:0270a000	chooser-renderer	0x881ce0	0x88297e	jbe	0x8829b1	0x882980
classic	PE:6a70b91c:0270a000	chooser-renderer	0x881ce0	0x882991	jb	0x8829ac	0x882993
classic	PE:6a70b91c:0270a000	chooser-renderer	0x881ce0	0x8829a6	ja	0x882c56	0x8829ac
classic	PE:6a70b91c:0270a000	chooser-renderer	0x881ce0	0x8829fb	jle	0x882a04	0x8829fd
classic	PE:6a70b91c:0270a000	chooser-renderer	0x881ce0	0x882a30	jge	0x882f24	0x882a36
classic	PE:6a70b91c:0270a000	chooser-renderer	0x881ce0	0x882a6a	jae	0x882f15	0x882a70
classic	PE:6a70b91c:0270a000	chooser-renderer	0x881ce0	0x882a9b	jg	0x882d1d	0x882aa1
classic	PE:6a70b91c:0270a000	chooser-renderer	0x881ce0	0x882ab5	jge	0x882d03	0x882abb
classic	PE:6a70b91c:0270a000	chooser-renderer	0x881ce0	0x882adf	je	0x882c8e	0x882ae5
classic	PE:6a70b91c:0270a000	chooser-renderer	0x881ce0	0x882ae8	jne	0x882c5d	0x882aee
classic	PE:6a70b91c:0270a000	chooser-renderer	0x881ce0	0x882b75	je	0x882bc8	0x882b77
classic	PE:6a70b91c:0270a000	chooser-renderer	0x881ce0	0x882c20	jbe	0x8829b1	0x882c26
classic	PE:6a70b91c:0270a000	chooser-renderer	0x881ce0	0x882c37	jb	0x8829ac	0x882c3d
classic	PE:6a70b91c:0270a000	chooser-renderer	0x881ce0	0x882c50	jbe	0x8829ac	0x882c56
classic	PE:6a70b91c:0270a000	chooser-renderer	0x881ce0	0x882c63	jne	0x882c69	0x882c65
classic	PE:6a70b91c:0270a000	chooser-renderer	0x881ce0	0x882c6f	jne	0x882c75	0x882c71
classic	PE:6a70b91c:0270a000	chooser-renderer	0x881ce0	0x882c7b	jne	0x882c81	0x882c7d
classic	PE:6a70b91c:0270a000	chooser-renderer	0x881ce0	0x882c87	jne	0x882c9b	0x882c89
classic	PE:6a70b91c:0270a000	chooser-renderer	0x881ce0	0x882c91	jne	0x882c9b	0x882c93
classic	PE:6a70b91c:0270a000	chooser-renderer	0x881ce0	0x882c9e	jne	0x882ca8	0x882ca0
classic	PE:6a70b91c:0270a000	chooser-renderer	0x881ce0	0x882cc1	jle	0x882ce0	0x882cc3
classic	PE:6a70b91c:0270a000	chooser-renderer	0x881ce0	0x882ccd	je	0x882ce0	0x882ccf
classic	PE:6a70b91c:0270a000	chooser-renderer	0x881ce0	0x882cf5	jl	0x882ad0	0x882cfb
classic	PE:6a70b91c:0270a000	chooser-renderer	0x881ce0	0x882d0a	jle	0x882ab0	0x882d10
classic	PE:6a70b91c:0270a000	chooser-renderer	0x881ce0	0x882d29	je	0x882d66	0x882d2b
classic	PE:6a70b91c:0270a000	chooser-renderer	0x881ce0	0x882ddc	jbe	0x882df7	0x882dde
classic	PE:6a70b91c:0270a000	chooser-renderer	0x881ce0	0x882de1	je	0x882df7	0x882de3
classic	PE:6a70b91c:0270a000	chooser-renderer	0x881ce0	0x882e1e	jb	0x882e9a	0x882e20
classic	PE:6a70b91c:0270a000	chooser-renderer	0x881ce0	0x882e2a	js	0x882e5b	0x882e2c
classic	PE:6a70b91c:0270a000	chooser-renderer	0x881ce0	0x882e2f	ja	0x882e49	0x882e31
classic	PE:6a70b91c:0270a000	chooser-renderer	0x881ce0	0x882e5f	jle	0x882e9a	0x882e61
classic	PE:6a70b91c:0270a000	chooser-renderer	0x881ce0	0x882ec0	jbe	0x882eef	0x882ec2
classic	PE:6a70b91c:0270a000	chooser-renderer	0x881ce0	0x882ed3	jb	0x882eea	0x882ed5
classic	PE:6a70b91c:0270a000	chooser-renderer	0x881ce0	0x882ee8	ja	0x882f0e	0x882eea
classic	PE:6a70b91c:0270a000	chooser-renderer	0x881ce0	0x882f07	jge	0x882f1a	0x882f09
classic	PE:6a70b91c:0270a000	chooser-renderer	0x881ce0	0x882f33	jle	0x882f9d	0x882f35
classic	PE:6a70b91c:0270a000	adventure_environment_take_from_pack_animalst+8	0x890b40	0x890b77	je	0x890e48	0x890b7d
classic	PE:6a70b91c:0270a000	adventure_environment_take_from_pack_animalst+8	0x890b40	0x890bf1	jne	0x890cba	0x890bf7
classic	PE:6a70b91c:0270a000	adventure_environment_take_from_pack_animalst+8	0x890b40	0x890bf9	je	0x890ca2	0x890bff
classic	PE:6a70b91c:0270a000	adventure_environment_take_from_pack_animalst+8	0x890b40	0x890c0a	jae	0x890c6d	0x890c0c
classic	PE:6a70b91c:0270a000	adventure_environment_take_from_pack_animalst+8	0x890b40	0x890c18	je	0x890c43	0x890c1a
classic	PE:6a70b91c:0270a000	adventure_environment_take_from_pack_animalst+8	0x890b40	0x890c1d	jne	0x890c51	0x890c1f
classic	PE:6a70b91c:0270a000	adventure_environment_take_from_pack_animalst+8	0x890b40	0x890c2b	je	0x890c51	0x890c2d
classic	PE:6a70b91c:0270a000	adventure_environment_take_from_pack_animalst+8	0x890b40	0x890c4f	jne	0x890c57	0x890c51
classic	PE:6a70b91c:0270a000	adventure_environment_take_from_pack_animalst+8	0x890b40	0x890c78	jae	0x890cba	0x890c7a
classic	PE:6a70b91c:0270a000	adventure_environment_take_from_pack_animalst+8	0x890b40	0x890c80	je	0x890c88	0x890c82
classic	PE:6a70b91c:0270a000	adventure_environment_take_from_pack_animalst+8	0x890b40	0x890cbf	jne	0x890d69	0x890cc5
classic	PE:6a70b91c:0270a000	adventure_environment_take_from_pack_animalst+8	0x890b40	0x890cca	je	0x890d69	0x890cd0
classic	PE:6a70b91c:0270a000	adventure_environment_take_from_pack_animalst+8	0x890b40	0x890d33	jbe	0x890d69	0x890d35
classic	PE:6a70b91c:0270a000	adventure_environment_take_from_pack_animalst+8	0x890b40	0x890d46	jb	0x890d64	0x890d48
classic	PE:6a70b91c:0270a000	adventure_environment_take_from_pack_animalst+8	0x890b40	0x890d5b	jbe	0x890d64	0x890d5d
classic	PE:6a70b91c:0270a000	adventure_environment_take_from_pack_animalst+8	0x890b40	0x890d71	je	0x890e0a	0x890d77
classic	PE:6a70b91c:0270a000	adventure_environment_take_from_pack_animalst+8	0x890b40	0x890d85	jne	0x890da1	0x890d87
classic	PE:6a70b91c:0270a000	adventure_environment_take_from_pack_animalst+8	0x890b40	0x890d92	jne	0x890da1	0x890d94
classic	PE:6a70b91c:0270a000	adventure_environment_take_from_pack_animalst+8	0x890b40	0x890d9f	je	0x890e0a	0x890da1
classic	PE:6a70b91c:0270a000	adventure_environment_take_from_pack_animalst+8	0x890b40	0x890e12	jbe	0x890e48	0x890e14
classic	PE:6a70b91c:0270a000	adventure_environment_take_from_pack_animalst+8	0x890b40	0x890e25	jb	0x890e43	0x890e27
classic	PE:6a70b91c:0270a000	adventure_environment_take_from_pack_animalst+8	0x890b40	0x890e3a	jbe	0x890e43	0x890e3c
classic	PE:6a70b91c:0270a000	adventure_environment_pick_up_environmentst+8;adventure_environment_pick_up_ground_itemst+8	0x890e70	0x890e9f	je	0x8910c4	0x890ea5
classic	PE:6a70b91c:0270a000	adventure_environment_pick_up_environmentst+8;adventure_environment_pick_up_ground_itemst+8	0x890e70	0x890f19	jne	0x891086	0x890f1f
classic	PE:6a70b91c:0270a000	adventure_environment_pick_up_environmentst+8;adventure_environment_pick_up_ground_itemst+8	0x890e70	0x890f21	je	0x890fcd	0x890f27
classic	PE:6a70b91c:0270a000	adventure_environment_pick_up_environmentst+8;adventure_environment_pick_up_ground_itemst+8	0x890e70	0x890f33	jae	0x890f96	0x890f35
classic	PE:6a70b91c:0270a000	adventure_environment_pick_up_environmentst+8;adventure_environment_pick_up_ground_itemst+8	0x890e70	0x890f41	je	0x890f6c	0x890f43
classic	PE:6a70b91c:0270a000	adventure_environment_pick_up_environmentst+8;adventure_environment_pick_up_ground_itemst+8	0x890e70	0x890f46	jne	0x890f7a	0x890f48
classic	PE:6a70b91c:0270a000	adventure_environment_pick_up_environmentst+8;adventure_environment_pick_up_ground_itemst+8	0x890e70	0x890f54	je	0x890f7a	0x890f56
classic	PE:6a70b91c:0270a000	adventure_environment_pick_up_environmentst+8;adventure_environment_pick_up_ground_itemst+8	0x890e70	0x890f78	jne	0x890f80	0x890f7a
classic	PE:6a70b91c:0270a000	adventure_environment_pick_up_environmentst+8;adventure_environment_pick_up_ground_itemst+8	0x890e70	0x890fa3	jae	0x890fe5	0x890fa5
classic	PE:6a70b91c:0270a000	adventure_environment_pick_up_environmentst+8;adventure_environment_pick_up_ground_itemst+8	0x890e70	0x890fab	je	0x890fb3	0x890fad
classic	PE:6a70b91c:0270a000	adventure_environment_pick_up_environmentst+8;adventure_environment_pick_up_ground_itemst+8	0x890e70	0x890fed	je	0x891086	0x890ff3
classic	PE:6a70b91c:0270a000	adventure_environment_pick_up_environmentst+8;adventure_environment_pick_up_ground_itemst+8	0x890e70	0x891001	jne	0x89101d	0x891003
classic	PE:6a70b91c:0270a000	adventure_environment_pick_up_environmentst+8;adventure_environment_pick_up_ground_itemst+8	0x890e70	0x89100e	jne	0x89101d	0x891010
classic	PE:6a70b91c:0270a000	adventure_environment_pick_up_environmentst+8;adventure_environment_pick_up_ground_itemst+8	0x890e70	0x89101b	je	0x891086	0x89101d
classic	PE:6a70b91c:0270a000	adventure_environment_pick_up_environmentst+8;adventure_environment_pick_up_ground_itemst+8	0x890e70	0x89108e	jbe	0x8910c4	0x891090
classic	PE:6a70b91c:0270a000	adventure_environment_pick_up_environmentst+8;adventure_environment_pick_up_ground_itemst+8	0x890e70	0x8910a1	jb	0x8910bf	0x8910a3
classic	PE:6a70b91c:0270a000	adventure_environment_pick_up_environmentst+8;adventure_environment_pick_up_ground_itemst+8	0x890e70	0x8910b6	jbe	0x8910bf	0x8910b8
classic	PE:6a70b91c:0270a000	adventure_environment_pick_up_building_itemst+8	0x8910f0	0x891127	je	0x8913f9	0x89112d
classic	PE:6a70b91c:0270a000	adventure_environment_pick_up_building_itemst+8	0x8910f0	0x8911a1	jne	0x89126a	0x8911a7
classic	PE:6a70b91c:0270a000	adventure_environment_pick_up_building_itemst+8	0x8910f0	0x8911a9	je	0x891252	0x8911af
classic	PE:6a70b91c:0270a000	adventure_environment_pick_up_building_itemst+8	0x8910f0	0x8911ba	jae	0x89121d	0x8911bc
classic	PE:6a70b91c:0270a000	adventure_environment_pick_up_building_itemst+8	0x8910f0	0x8911c8	je	0x8911f3	0x8911ca
classic	PE:6a70b91c:0270a000	adventure_environment_pick_up_building_itemst+8	0x8910f0	0x8911cd	jne	0x891201	0x8911cf
classic	PE:6a70b91c:0270a000	adventure_environment_pick_up_building_itemst+8	0x8910f0	0x8911db	je	0x891201	0x8911dd
classic	PE:6a70b91c:0270a000	adventure_environment_pick_up_building_itemst+8	0x8910f0	0x8911ff	jne	0x891207	0x891201
classic	PE:6a70b91c:0270a000	adventure_environment_pick_up_building_itemst+8	0x8910f0	0x891228	jae	0x89126a	0x89122a
classic	PE:6a70b91c:0270a000	adventure_environment_pick_up_building_itemst+8	0x8910f0	0x891230	je	0x891238	0x891232
classic	PE:6a70b91c:0270a000	adventure_environment_pick_up_building_itemst+8	0x8910f0	0x89126f	jne	0x89131a	0x891275
classic	PE:6a70b91c:0270a000	adventure_environment_pick_up_building_itemst+8	0x8910f0	0x89127a	je	0x89131a	0x891280
classic	PE:6a70b91c:0270a000	adventure_environment_pick_up_building_itemst+8	0x8910f0	0x8912e4	jbe	0x89131a	0x8912e6
classic	PE:6a70b91c:0270a000	adventure_environment_pick_up_building_itemst+8	0x8910f0	0x8912f7	jb	0x891315	0x8912f9
classic	PE:6a70b91c:0270a000	adventure_environment_pick_up_building_itemst+8	0x8910f0	0x89130c	jbe	0x891315	0x89130e
classic	PE:6a70b91c:0270a000	adventure_environment_pick_up_building_itemst+8	0x8910f0	0x891322	je	0x8913bb	0x891328
classic	PE:6a70b91c:0270a000	adventure_environment_pick_up_building_itemst+8	0x8910f0	0x891336	jne	0x891352	0x891338
classic	PE:6a70b91c:0270a000	adventure_environment_pick_up_building_itemst+8	0x8910f0	0x891343	jne	0x891352	0x891345
classic	PE:6a70b91c:0270a000	adventure_environment_pick_up_building_itemst+8	0x8910f0	0x891350	je	0x8913bb	0x891352
classic	PE:6a70b91c:0270a000	adventure_environment_pick_up_building_itemst+8	0x8910f0	0x8913c3	jbe	0x8913f9	0x8913c5
classic	PE:6a70b91c:0270a000	adventure_environment_pick_up_building_itemst+8	0x8910f0	0x8913d6	jb	0x8913f4	0x8913d8
classic	PE:6a70b91c:0270a000	adventure_environment_pick_up_building_itemst+8	0x8910f0	0x8913eb	jbe	0x8913f4	0x8913ed
classic	PE:6a70b91c:0270a000	adventure_environment_pick_up_building_item_contentsst+8;adventure_environment_take_item_from_containerst+8	0x891430	0x891467	je	0x89173e	0x89146d
classic	PE:6a70b91c:0270a000	adventure_environment_pick_up_building_item_contentsst+8;adventure_environment_take_item_from_containerst+8	0x891430	0x8914e1	jne	0x8915aa	0x8914e7
classic	PE:6a70b91c:0270a000	adventure_environment_pick_up_building_item_contentsst+8;adventure_environment_take_item_from_containerst+8	0x891430	0x8914e9	je	0x891592	0x8914ef
classic	PE:6a70b91c:0270a000	adventure_environment_pick_up_building_item_contentsst+8;adventure_environment_take_item_from_containerst+8	0x891430	0x8914fa	jae	0x89155d	0x8914fc
classic	PE:6a70b91c:0270a000	adventure_environment_pick_up_building_item_contentsst+8;adventure_environment_take_item_from_containerst+8	0x891430	0x891508	je	0x891533	0x89150a
classic	PE:6a70b91c:0270a000	adventure_environment_pick_up_building_item_contentsst+8;adventure_environment_take_item_from_containerst+8	0x891430	0x89150d	jne	0x891541	0x89150f
classic	PE:6a70b91c:0270a000	adventure_environment_pick_up_building_item_contentsst+8;adventure_environment_take_item_from_containerst+8	0x891430	0x89151b	je	0x891541	0x89151d
classic	PE:6a70b91c:0270a000	adventure_environment_pick_up_building_item_contentsst+8;adventure_environment_take_item_from_containerst+8	0x891430	0x89153f	jne	0x891547	0x891541
classic	PE:6a70b91c:0270a000	adventure_environment_pick_up_building_item_contentsst+8;adventure_environment_take_item_from_containerst+8	0x891430	0x891568	jae	0x8915aa	0x89156a
classic	PE:6a70b91c:0270a000	adventure_environment_pick_up_building_item_contentsst+8;adventure_environment_take_item_from_containerst+8	0x891430	0x891570	je	0x891578	0x891572
classic	PE:6a70b91c:0270a000	adventure_environment_pick_up_building_item_contentsst+8;adventure_environment_take_item_from_containerst+8	0x891430	0x8915af	jne	0x89165f	0x8915b5
classic	PE:6a70b91c:0270a000	adventure_environment_pick_up_building_item_contentsst+8;adventure_environment_take_item_from_containerst+8	0x891430	0x8915ba	je	0x89165f	0x8915c0
classic	PE:6a70b91c:0270a000	adventure_environment_pick_up_building_item_contentsst+8;adventure_environment_take_item_from_containerst+8	0x891430	0x891629	jbe	0x89165f	0x89162b
classic	PE:6a70b91c:0270a000	adventure_environment_pick_up_building_item_contentsst+8;adventure_environment_take_item_from_containerst+8	0x891430	0x89163c	jb	0x89165a	0x89163e
classic	PE:6a70b91c:0270a000	adventure_environment_pick_up_building_item_contentsst+8;adventure_environment_take_item_from_containerst+8	0x891430	0x891651	jbe	0x89165a	0x891653
classic	PE:6a70b91c:0270a000	adventure_environment_pick_up_building_item_contentsst+8;adventure_environment_take_item_from_containerst+8	0x891430	0x891667	je	0x891700	0x89166d
classic	PE:6a70b91c:0270a000	adventure_environment_pick_up_building_item_contentsst+8;adventure_environment_take_item_from_containerst+8	0x891430	0x89167b	jne	0x891697	0x89167d
classic	PE:6a70b91c:0270a000	adventure_environment_pick_up_building_item_contentsst+8;adventure_environment_take_item_from_containerst+8	0x891430	0x891688	jne	0x891697	0x89168a
classic	PE:6a70b91c:0270a000	adventure_environment_pick_up_building_item_contentsst+8;adventure_environment_take_item_from_containerst+8	0x891430	0x891695	je	0x891700	0x891697
classic	PE:6a70b91c:0270a000	adventure_environment_pick_up_building_item_contentsst+8;adventure_environment_take_item_from_containerst+8	0x891430	0x891708	jbe	0x89173e	0x89170a
classic	PE:6a70b91c:0270a000	adventure_environment_pick_up_building_item_contentsst+8;adventure_environment_take_item_from_containerst+8	0x891430	0x89171b	jb	0x891739	0x89171d
classic	PE:6a70b91c:0270a000	adventure_environment_pick_up_building_item_contentsst+8;adventure_environment_take_item_from_containerst+8	0x891430	0x891730	jbe	0x891739	0x891732
classic	PE:6a70b91c:0270a000	adventure_environment_pick_vegetationst+8	0x891770	0x8917a1	je	0x8919da	0x8917a7
classic	PE:6a70b91c:0270a000	adventure_environment_pick_vegetationst+8	0x891770	0x89182f	jne	0x89199c	0x891835
classic	PE:6a70b91c:0270a000	adventure_environment_pick_vegetationst+8	0x891770	0x891837	je	0x8918e3	0x89183d
classic	PE:6a70b91c:0270a000	adventure_environment_pick_vegetationst+8	0x891770	0x891848	jae	0x8918ae	0x89184a
classic	PE:6a70b91c:0270a000	adventure_environment_pick_vegetationst+8	0x891770	0x891856	je	0x891884	0x891858
classic	PE:6a70b91c:0270a000	adventure_environment_pick_vegetationst+8	0x891770	0x89185b	jne	0x891892	0x89185d
classic	PE:6a70b91c:0270a000	adventure_environment_pick_vegetationst+8	0x891770	0x891869	je	0x891892	0x89186b
classic	PE:6a70b91c:0270a000	adventure_environment_pick_vegetationst+8	0x891770	0x891890	jne	0x891898	0x891892
classic	PE:6a70b91c:0270a000	adventure_environment_pick_vegetationst+8	0x891770	0x8918b9	jae	0x8918fb	0x8918bb
classic	PE:6a70b91c:0270a000	adventure_environment_pick_vegetationst+8	0x891770	0x8918c1	je	0x8918c9	0x8918c3
classic	PE:6a70b91c:0270a000	adventure_environment_pick_vegetationst+8	0x891770	0x891903	je	0x89199c	0x891909
classic	PE:6a70b91c:0270a000	adventure_environment_pick_vegetationst+8	0x891770	0x891917	jne	0x891933	0x891919
classic	PE:6a70b91c:0270a000	adventure_environment_pick_vegetationst+8	0x891770	0x891924	jne	0x891933	0x891926
classic	PE:6a70b91c:0270a000	adventure_environment_pick_vegetationst+8	0x891770	0x891931	je	0x89199c	0x891933
classic	PE:6a70b91c:0270a000	adventure_environment_pick_vegetationst+8	0x891770	0x8919a4	jbe	0x8919da	0x8919a6
classic	PE:6a70b91c:0270a000	adventure_environment_pick_vegetationst+8	0x891770	0x8919b7	jb	0x8919d5	0x8919b9
classic	PE:6a70b91c:0270a000	adventure_environment_pick_vegetationst+8	0x891770	0x8919cc	jbe	0x8919d5	0x8919ce
classic	PE:6a70b91c:0270a000	adventure_option_drop_itemst+8;adventure_option_eat_drink_itemst+8;adventure_option_interact_with_itemst+8;adventure_option_inventory_itemst+8;adventure_option_put_itemst+8;adventure_option_remove_itemst+8;adventure_option_throw_itemst+8;adventure_option_view_itemst+8;adventure_option_wear_itemst+8	0x891a00	0x891a76	jbe	0x891aad	0x891a78
classic	PE:6a70b91c:0270a000	adventure_option_drop_itemst+8;adventure_option_eat_drink_itemst+8;adventure_option_interact_with_itemst+8;adventure_option_inventory_itemst+8;adventure_option_put_itemst+8;adventure_option_remove_itemst+8;adventure_option_throw_itemst+8;adventure_option_view_itemst+8;adventure_option_wear_itemst+8	0x891a00	0x891a8a	jb	0x891aa8	0x891a8c
classic	PE:6a70b91c:0270a000	adventure_option_drop_itemst+8;adventure_option_eat_drink_itemst+8;adventure_option_interact_with_itemst+8;adventure_option_inventory_itemst+8;adventure_option_put_itemst+8;adventure_option_remove_itemst+8;adventure_option_throw_itemst+8;adventure_option_view_itemst+8;adventure_option_wear_itemst+8	0x891a00	0x891a9f	jbe	0x891aa8	0x891aa1
classic	PE:6a70b91c:0270a000	adventure_option_view_itemst+16	0x891b00	0x891b92	jbe	0x891bc9	0x891b94
classic	PE:6a70b91c:0270a000	adventure_option_view_itemst+16	0x891b00	0x891ba6	jb	0x891bc4	0x891ba8
classic	PE:6a70b91c:0270a000	adventure_option_view_itemst+16	0x891b00	0x891bbb	jbe	0x891bc4	0x891bbd
classic	PE:6a70b91c:0270a000	adventure_option_drop_itemst+16	0x891bf0	0x891c82	jbe	0x891cb9	0x891c84
classic	PE:6a70b91c:0270a000	adventure_option_drop_itemst+16	0x891bf0	0x891c96	jb	0x891cb4	0x891c98
classic	PE:6a70b91c:0270a000	adventure_option_drop_itemst+16	0x891bf0	0x891cab	jbe	0x891cb4	0x891cad
classic	PE:6a70b91c:0270a000	adventure_option_throw_itemst+16	0x891ce0	0x891d72	jbe	0x891da9	0x891d74
classic	PE:6a70b91c:0270a000	adventure_option_throw_itemst+16	0x891ce0	0x891d86	jb	0x891da4	0x891d88
classic	PE:6a70b91c:0270a000	adventure_option_throw_itemst+16	0x891ce0	0x891d9b	jbe	0x891da4	0x891d9d
classic	PE:6a70b91c:0270a000	adventure_option_wear_itemst+16	0x891dd0	0x891e62	jbe	0x891e99	0x891e64
classic	PE:6a70b91c:0270a000	adventure_option_wear_itemst+16	0x891dd0	0x891e76	jb	0x891e94	0x891e78
classic	PE:6a70b91c:0270a000	adventure_option_wear_itemst+16	0x891dd0	0x891e8b	jbe	0x891e94	0x891e8d
classic	PE:6a70b91c:0270a000	adventure_option_remove_itemst+16	0x891ec0	0x891f52	jbe	0x891f89	0x891f54
classic	PE:6a70b91c:0270a000	adventure_option_remove_itemst+16	0x891ec0	0x891f66	jb	0x891f84	0x891f68
classic	PE:6a70b91c:0270a000	adventure_option_remove_itemst+16	0x891ec0	0x891f7b	jbe	0x891f84	0x891f7d
classic	PE:6a70b91c:0270a000	adventure_option_put_itemst+16	0x891fb0	0x892042	jbe	0x892079	0x892044
classic	PE:6a70b91c:0270a000	adventure_option_put_itemst+16	0x891fb0	0x892056	jb	0x892074	0x892058
classic	PE:6a70b91c:0270a000	adventure_option_put_itemst+16	0x891fb0	0x89206b	jbe	0x892074	0x89206d
classic	PE:6a70b91c:0270a000	adventure_option_eat_drink_itemst+16	0x8920a0	0x892155	jbe	0x89218c	0x892157
classic	PE:6a70b91c:0270a000	adventure_option_eat_drink_itemst+16	0x8920a0	0x892169	jb	0x892187	0x89216b
classic	PE:6a70b91c:0270a000	adventure_option_eat_drink_itemst+16	0x8920a0	0x89217e	jbe	0x892187	0x892180
classic	PE:6a70b91c:0270a000	adventure_movement_jumpst+8	0x8a1f50	0x8a1f64	je	0x8a1f7b	0x8a1f66
classic	PE:6a70b91c:0270a000	adventure_movement_shoot_creaturest+8	0x8a2110	0x8a2150	je	0x8a218f	0x8a2152
classic	PE:6a70b91c:0270a000	adventure_movement_shoot_creaturest+8	0x8a2110	0x8a2156	je	0x8a218f	0x8a2158
classic	PE:6a70b91c:0270a000	adventure_movement_shoot_creaturest+8	0x8a2110	0x8a215e	js	0x8a218f	0x8a2160
classic	PE:6a70b91c:0270a000	adventure_movement_shoot_creaturest+8	0x8a2110	0x8a2177	je	0x8a2191	0x8a2179
classic	PE:6a70b91c:0270a000	adventure_movement_shoot_creaturest+8	0x8a2110	0x8a218d	jle	0x8a2160	0x8a218f
classic	PE:6a70b91c:0270a000	adventure_movement_shoot_creaturest+8	0x8a2110	0x8a2194	je	0x8a225f	0x8a219a
classic	PE:6a70b91c:0270a000	adventure_movement_shoot_creaturest+8	0x8a2110	0x8a2228	jbe	0x8a225f	0x8a222a
classic	PE:6a70b91c:0270a000	adventure_movement_shoot_creaturest+8	0x8a2110	0x8a223c	jb	0x8a225a	0x8a223e
classic	PE:6a70b91c:0270a000	adventure_movement_shoot_creaturest+8	0x8a2110	0x8a2251	jbe	0x8a225a	0x8a2253
classic	PE:6a70b91c:0270a000	adventure_movement_shoot_tilest+8	0x8a2dc0	0x8a2de3	je	0x8a2dfa	0x8a2de5
classic	PE:6a70b91c:0270a000	adventure_movement_shoot_tilest+8	0x8a2dc0	0x8a2e6a	jbe	0x8a2ea1	0x8a2e6c
classic	PE:6a70b91c:0270a000	adventure_movement_shoot_tilest+8	0x8a2dc0	0x8a2e7e	jb	0x8a2e9c	0x8a2e80
classic	PE:6a70b91c:0270a000	adventure_movement_shoot_tilest+8	0x8a2dc0	0x8a2e93	jbe	0x8a2e9c	0x8a2e95
classic	PE:6a70b91c:0270a000	adventure_movement_throw_item_at_creaturest+8	0x8a36f0	0x8a3730	je	0x8a376f	0x8a3732
classic	PE:6a70b91c:0270a000	adventure_movement_throw_item_at_creaturest+8	0x8a36f0	0x8a3736	je	0x8a376f	0x8a3738
classic	PE:6a70b91c:0270a000	adventure_movement_throw_item_at_creaturest+8	0x8a36f0	0x8a373e	js	0x8a376f	0x8a3740
classic	PE:6a70b91c:0270a000	adventure_movement_throw_item_at_creaturest+8	0x8a36f0	0x8a3757	je	0x8a3771	0x8a3759
classic	PE:6a70b91c:0270a000	adventure_movement_throw_item_at_creaturest+8	0x8a36f0	0x8a376d	jle	0x8a3740	0x8a376f
classic	PE:6a70b91c:0270a000	adventure_movement_throw_item_at_creaturest+8	0x8a36f0	0x8a3774	je	0x8a383f	0x8a377a
classic	PE:6a70b91c:0270a000	adventure_movement_throw_item_at_creaturest+8	0x8a36f0	0x8a3808	jbe	0x8a383f	0x8a380a
classic	PE:6a70b91c:0270a000	adventure_movement_throw_item_at_creaturest+8	0x8a36f0	0x8a381c	jb	0x8a383a	0x8a381e
classic	PE:6a70b91c:0270a000	adventure_movement_throw_item_at_creaturest+8	0x8a36f0	0x8a3831	jbe	0x8a383a	0x8a3833
classic	PE:6a70b91c:0270a000	adventure_movement_throw_item_at_tilest+8	0x8a3d50	0x8a3d73	je	0x8a3d8a	0x8a3d75
classic	PE:6a70b91c:0270a000	adventure_movement_throw_item_at_tilest+8	0x8a3d50	0x8a3dfa	jbe	0x8a3e31	0x8a3dfc
classic	PE:6a70b91c:0270a000	adventure_movement_throw_item_at_tilest+8	0x8a3d50	0x8a3e0e	jb	0x8a3e2c	0x8a3e10
classic	PE:6a70b91c:0270a000	adventure_movement_throw_item_at_tilest+8	0x8a3d50	0x8a3e23	jbe	0x8a3e2c	0x8a3e25
