edition	role	owner_rva	instruction_rva	branch	target_rva
steam	craft-render	0x27bd70	0x27bda9	jbe	0x27d285
steam	craft-render	0x27bd70	0x27bdd1	je	0x27bde7
steam	craft-render	0x27bd70	0x27be31	jle	0x27be3c
steam	craft-render	0x27bd70	0x27be42	jg	0x27bf15
steam	craft-render	0x27bd70	0x27be56	jg	0x27bf0a
steam	craft-render	0x27bd70	0x27be80	jne	0x27beaa
steam	craft-render	0x27bd70	0x27be85	jne	0x27be8f
steam	craft-render	0x27bd70	0x27be8d	jmp	0x27bef4
steam	craft-render	0x27bd70	0x27be8d	indirect-jmp	0x14027bef4
steam	craft-render	0x27bd70	0x27be98	jne	0x27bea2
steam	craft-render	0x27bd70	0x27bea0	jmp	0x27befb
steam	craft-render	0x27bd70	0x27bea0	indirect-jmp	0x14027befb
steam	craft-render	0x27bd70	0x27bea8	jmp	0x27befb
steam	craft-render	0x27bd70	0x27bea8	indirect-jmp	0x14027befb
steam	craft-render	0x27bd70	0x27bead	jne	0x27bed7
steam	craft-render	0x27bd70	0x27beb2	jne	0x27bebc
steam	craft-render	0x27bd70	0x27beba	jmp	0x27bef4
steam	craft-render	0x27bd70	0x27beba	indirect-jmp	0x14027bef4
steam	craft-render	0x27bd70	0x27bec5	jne	0x27becf
steam	craft-render	0x27bd70	0x27becd	jmp	0x27befb
steam	craft-render	0x27bd70	0x27becd	indirect-jmp	0x14027befb
steam	craft-render	0x27bd70	0x27bed5	jmp	0x27befb
steam	craft-render	0x27bd70	0x27bed5	indirect-jmp	0x14027befb
steam	craft-render	0x27bd70	0x27beda	jne	0x27bee4
steam	craft-render	0x27bd70	0x27bee2	jmp	0x27bef4
steam	craft-render	0x27bd70	0x27bee2	indirect-jmp	0x14027bef4
steam	craft-render	0x27bd70	0x27beec	je	0x27bef4
steam	craft-render	0x27bd70	0x27bf04	jle	0x27be60
steam	craft-render	0x27bd70	0x27bf0f	jle	0x27be50
steam	craft-render	0x27bd70	0x27bf4f	jne	0x27bf57
steam	craft-render	0x27bd70	0x27bf55	jmp	0x27bf65
steam	craft-render	0x27bd70	0x27bf55	indirect-jmp	0x14027bf65
steam	craft-render	0x27bd70	0x27bf5a	jne	0x27bf61
steam	craft-render	0x27bd70	0x27bf5f	jmp	0x27bf65
steam	craft-render	0x27bd70	0x27bf5f	indirect-jmp	0x14027bf65
steam	craft-render	0x27bd70	0x27bf81	jl	0x27bf40
steam	craft-render	0x27bd70	0x27bf88	jl	0x27bf20
steam	craft-render	0x27bd70	0x27bff5	jbe	0x27c028
steam	craft-render	0x27bd70	0x27c008	jb	0x27c023
steam	craft-render	0x27bd70	0x27c01d	ja	0x27c583
steam	craft-render	0x27bd70	0x27c04d	je	0x27c3c2
steam	craft-render	0x27bd70	0x27c056	je	0x27c366
steam	craft-render	0x27bd70	0x27c05f	je	0x27c2f3
steam	craft-render	0x27bd70	0x27c068	jne	0x27c46f
steam	craft-render	0x27bd70	0x27c078	je	0x27c46f
steam	craft-render	0x27bd70	0x27c09a	jbe	0x27c09f
steam	craft-render	0x27bd70	0x27c0ac	ja	0x27d2a5
steam	craft-render	0x27bd70	0x27c0b6	ja	0x27c0ce
steam	craft-render	0x27bd70	0x27c0cc	jmp	0x27c10e
steam	craft-render	0x27bd70	0x27c0cc	indirect-jmp	0x14027c10e
steam	craft-render	0x27bd70	0x27c0d8	ja	0x27c0e9
steam	craft-render	0x27bd70	0x27c11c	js	0x27c2b2
steam	craft-render	0x27bd70	0x27c138	jae	0x27c2b2
steam	craft-render	0x27bd70	0x27c177	jbe	0x27c17c
steam	craft-render	0x27bd70	0x27c212	jle	0x27c24f
steam	craft-render	0x27bd70	0x27c2ee	jmp	0x27c46f
steam	craft-render	0x27bd70	0x27c2ee	indirect-jmp	0x14027c46f
steam	craft-render	0x27bd70	0x27c361	jmp	0x27c46f
steam	craft-render	0x27bd70	0x27c361	indirect-jmp	0x14027c46f
steam	craft-render	0x27bd70	0x27c3c0	jmp	0x27c434
steam	craft-render	0x27bd70	0x27c3c0	indirect-jmp	0x14027c434
steam	craft-render	0x27bd70	0x27c43c	jbe	0x27c46f
steam	craft-render	0x27bd70	0x27c44f	jb	0x27c46a
steam	craft-render	0x27bd70	0x27c464	ja	0x27c583
steam	craft-render	0x27bd70	0x27c4aa	jle	0x27c4b7
steam	craft-render	0x27bd70	0x27c4b5	jmp	0x27c4bc
steam	craft-render	0x27bd70	0x27c4b5	indirect-jmp	0x14027c4bc
steam	craft-render	0x27bd70	0x27c4bf	jne	0x27c65f
steam	craft-render	0x27bd70	0x27c4e6	je	0x27c5ff
steam	craft-render	0x27bd70	0x27c4ef	je	0x27c594
steam	craft-render	0x27bd70	0x27c4f8	jne	0x27c65f
steam	craft-render	0x27bd70	0x27c555	jbe	0x27c65f
steam	craft-render	0x27bd70	0x27c56c	jb	0x27c58a
steam	craft-render	0x27bd70	0x27c581	jbe	0x27c58a
steam	craft-render	0x27bd70	0x27c58f	jmp	0x27c65f
steam	craft-render	0x27bd70	0x27c58f	indirect-jmp	0x14027c65f
steam	craft-render	0x27bd70	0x27c5fd	jmp	0x27c656
steam	craft-render	0x27bd70	0x27c5fd	indirect-jmp	0x14027c656
steam	craft-render	0x27bd70	0x27c689	jge	0x27d21b
steam	craft-render	0x27bd70	0x27c6b3	jge	0x27d211
steam	craft-render	0x27bd70	0x27c6c7	je	0x27c6e2
steam	craft-render	0x27bd70	0x27c6cc	je	0x27c6d9
steam	craft-render	0x27bd70	0x27c6d1	jne	0x27c6fd
steam	craft-render	0x27bd70	0x27c6d7	jmp	0x27c6e9
steam	craft-render	0x27bd70	0x27c6d7	indirect-jmp	0x14027c6e9
steam	craft-render	0x27bd70	0x27c6e0	jmp	0x27c6e9
steam	craft-render	0x27bd70	0x27c6e0	indirect-jmp	0x14027c6e9
steam	craft-render	0x27bd70	0x27c70d	jg	0x27c812
steam	craft-render	0x27bd70	0x27c725	jge	0x27c7fa
steam	craft-render	0x27bd70	0x27c72e	jne	0x27c798
steam	craft-render	0x27bd70	0x27c76c	jle	0x27c78b
steam	craft-render	0x27bd70	0x27c778	je	0x27c78b
steam	craft-render	0x27bd70	0x27c794	jl	0x27c740
steam	craft-render	0x27bd70	0x27c796	jmp	0x27c7f6
steam	craft-render	0x27bd70	0x27c796	indirect-jmp	0x14027c7f6
steam	craft-render	0x27bd70	0x27c7cc	jle	0x27c7eb
steam	craft-render	0x27bd70	0x27c7d8	je	0x27c7eb
steam	craft-render	0x27bd70	0x27c7f4	jl	0x27c7a0
steam	craft-render	0x27bd70	0x27c802	jle	0x27c720
steam	craft-render	0x27bd70	0x27c819	jle	0x27c86b
steam	craft-render	0x27bd70	0x27c825	je	0x27c86b
steam	craft-render	0x27bd70	0x27c82a	je	0x27c86b
steam	craft-render	0x27bd70	0x27c869	jmp	0x27c882
steam	craft-render	0x27bd70	0x27c869	indirect-jmp	0x14027c882
steam	craft-render	0x27bd70	0x27c87a	jne	0x27c88b
steam	craft-render	0x27bd70	0x27c8f7	je	0x27c96b
steam	craft-render	0x27bd70	0x27c901	je	0x27c942
steam	craft-render	0x27bd70	0x27c906	je	0x27c917
steam	craft-render	0x27bd70	0x27c90b	jne	0x27ca6b
steam	craft-render	0x27bd70	0x27c915	jmp	0x27c91e
steam	craft-render	0x27bd70	0x27c915	indirect-jmp	0x14027c91e
steam	craft-render	0x27bd70	0x27c93d	jmp	0x27ca6b
steam	craft-render	0x27bd70	0x27c93d	indirect-jmp	0x14027ca6b
steam	craft-render	0x27bd70	0x27c966	jmp	0x27ca6b
steam	craft-render	0x27bd70	0x27c966	indirect-jmp	0x14027ca6b
steam	craft-render	0x27bd70	0x27c97b	jne	0x27cad8
steam	craft-render	0x27bd70	0x27c98d	jne	0x27c9be
steam	craft-render	0x27bd70	0x27c9b9	jmp	0x27ca58
steam	craft-render	0x27bd70	0x27c9b9	indirect-jmp	0x14027ca58
steam	craft-render	0x27bd70	0x27c9d3	jae	0x27ca49
steam	craft-render	0x27bd70	0x27c9eb	jbe	0x27c9f0
steam	craft-render	0x27bd70	0x27c9fc	jbe	0x27ca01
steam	craft-render	0x27bd70	0x27ca04	jne	0x27ca0f
steam	craft-render	0x27bd70	0x27ca0d	je	0x27ca1a
steam	craft-render	0x27bd70	0x27ca18	jmp	0x27c9d0
steam	craft-render	0x27bd70	0x27ca18	indirect-jmp	0x14027c9d0
steam	craft-render	0x27bd70	0x27ca23	je	0x27cabf
steam	craft-render	0x27bd70	0x27ca30	je	0x27ca49
steam	craft-render	0x27bd70	0x27ca3b	jbe	0x27ca40
steam	craft-render	0x27bd70	0x27ca8c	jb	0x27cb57
steam	craft-render	0x27bd70	0x27caa0	js	0x27cb18
steam	craft-render	0x27bd70	0x27caa5	ja	0x27cb05
steam	craft-render	0x27bd70	0x27cabd	jmp	0x27cb18
steam	craft-render	0x27bd70	0x27cabd	indirect-jmp	0x14027cb18
steam	craft-render	0x27bd70	0x27cac2	je	0x27ca49
steam	craft-render	0x27bd70	0x27cac8	jbe	0x27cacd
steam	craft-render	0x27bd70	0x27cad3	jmp	0x27ca40
steam	craft-render	0x27bd70	0x27cad3	indirect-jmp	0x14027ca40
steam	craft-render	0x27bd70	0x27cae3	je	0x27ca5d
steam	craft-render	0x27bd70	0x27caf2	jbe	0x27caf7
steam	craft-render	0x27bd70	0x27cb00	jmp	0x27ca5d
steam	craft-render	0x27bd70	0x27cb00	indirect-jmp	0x14027ca5d
steam	craft-render	0x27bd70	0x27cb1c	jle	0x27cb57
steam	craft-render	0x27bd70	0x27cb89	je	0x27cc27
steam	craft-render	0x27bd70	0x27cb92	jne	0x27d1b1
steam	craft-render	0x27bd70	0x27cbbe	jne	0x27d1b1
steam	craft-render	0x27bd70	0x27cc22	jmp	0x27cd80
steam	craft-render	0x27bd70	0x27cc22	indirect-jmp	0x14027cd80
steam	craft-render	0x27bd70	0x27cc37	jne	0x27cee4
steam	craft-render	0x27bd70	0x27cc49	jne	0x27cdc4
steam	craft-render	0x27bd70	0x27cc67	jne	0x27ccd1
steam	craft-render	0x27bd70	0x27cccc	jmp	0x27cd80
steam	craft-render	0x27bd70	0x27cccc	indirect-jmp	0x14027cd80
steam	craft-render	0x27bd70	0x27cce9	je	0x27cd0a
steam	craft-render	0x27bd70	0x27ccef	jne	0x27d1b1
steam	craft-render	0x27bd70	0x27ccf8	jne	0x27d1b1
steam	craft-render	0x27bd70	0x27cd04	jne	0x27d1b1
steam	craft-render	0x27bd70	0x27cd88	jbe	0x27d1b1
steam	craft-render	0x27bd70	0x27cd9f	jb	0x27cdba
steam	craft-render	0x27bd70	0x27cdb4	ja	0x27d1fc
steam	craft-render	0x27bd70	0x27cdbf	jmp	0x27d1b1
steam	craft-render	0x27bd70	0x27cdbf	indirect-jmp	0x14027d1b1
steam	craft-render	0x27bd70	0x27cdfb	jae	0x27ce76
steam	craft-render	0x27bd70	0x27ce11	jbe	0x27ce16
steam	craft-render	0x27bd70	0x27ce22	jbe	0x27ce27
steam	craft-render	0x27bd70	0x27ce2a	jne	0x27ce35
steam	craft-render	0x27bd70	0x27ce33	je	0x27ce45
steam	craft-render	0x27bd70	0x27ce43	jmp	0x27cdf8
steam	craft-render	0x27bd70	0x27ce43	indirect-jmp	0x14027cdf8
steam	craft-render	0x27bd70	0x27ce50	je	0x27ce71
steam	craft-render	0x27bd70	0x27ce5b	jbe	0x27ce60
steam	craft-render	0x27bd70	0x27ce8b	jbe	0x27cec7
steam	craft-render	0x27bd70	0x27ce9f	ja	0x27ceb8
steam	craft-render	0x27bd70	0x27ceb6	jmp	0x27cec7
steam	craft-render	0x27bd70	0x27ceb6	indirect-jmp	0x14027cec7
steam	craft-render	0x27bd70	0x27cedf	jmp	0x27d1ac
steam	craft-render	0x27bd70	0x27cedf	indirect-jmp	0x14027d1ac
steam	craft-render	0x27bd70	0x27cf3c	jne	0x27cf59
steam	craft-render	0x27bd70	0x27cf54	jmp	0x27d13f
steam	craft-render	0x27bd70	0x27cf54	indirect-jmp	0x14027d13f
steam	craft-render	0x27bd70	0x27cf62	je	0x27d143
steam	craft-render	0x27bd70	0x27cfdb	jle	0x27d06e
steam	craft-render	0x27bd70	0x27d025	jbe	0x27d058
steam	craft-render	0x27bd70	0x27d038	jb	0x27d053
steam	craft-render	0x27bd70	0x27d04d	ja	0x27d203
steam	craft-render	0x27bd70	0x27d0c5	je	0x27d0de
steam	craft-render	0x27bd70	0x27d0e6	jbe	0x27d119
steam	craft-render	0x27bd70	0x27d0f9	jb	0x27d114
steam	craft-render	0x27bd70	0x27d10e	ja	0x27d20a
steam	craft-render	0x27bd70	0x27d134	jb	0x27cf70
steam	craft-render	0x27bd70	0x27d158	jbe	0x27d194
steam	craft-render	0x27bd70	0x27d16b	ja	0x27d185
steam	craft-render	0x27bd70	0x27d183	jmp	0x27d194
steam	craft-render	0x27bd70	0x27d183	indirect-jmp	0x14027d194
steam	craft-render	0x27bd70	0x27d1e7	jge	0x27d211
steam	craft-render	0x27bd70	0x27d1f7	jmp	0x27c6b0
steam	craft-render	0x27bd70	0x27d1f7	indirect-jmp	0x14027c6b0
steam	craft-render	0x27bd70	0x27d21e	jle	0x27d285
steam	craft-input	0x27d2b0	0x27d311	je	0x27d31c
steam	craft-input	0x27d2b0	0x27d31a	jne	0x27d354
steam	craft-input	0x27d2b0	0x27d327	jne	0x27d348
steam	craft-input	0x27d2b0	0x27d334	jge	0x27d33c
steam	craft-input	0x27d2b0	0x27d33a	jmp	0x27d342
steam	craft-input	0x27d2b0	0x27d33a	indirect-jmp	0x14027d342
steam	craft-input	0x27d2b0	0x27d346	je	0x27d330
steam	craft-input	0x27d2b0	0x27d34c	jne	0x27d397
steam	craft-input	0x27d2b0	0x27d352	jg	0x27d397
steam	craft-input	0x27d2b0	0x27d373	je	0x27d383
steam	craft-input	0x27d2b0	0x27d378	je	0x27d383
steam	craft-input	0x27d2b0	0x27d37d	jne	0x27dfbe
steam	craft-input	0x27d2b0	0x27d392	jmp	0x27d5be
steam	craft-input	0x27d2b0	0x27d392	indirect-jmp	0x14027d5be
steam	craft-input	0x27d2b0	0x27d3df	je	0x27d4c1
steam	craft-input	0x27d2b0	0x27d3e8	jle	0x27d4c1
steam	craft-input	0x27d2b0	0x27d3f1	je	0x27d537
steam	craft-input	0x27d2b0	0x27d3fa	jl	0x27d537
steam	craft-input	0x27d2b0	0x27d403	jg	0x27d537
steam	craft-input	0x27d2b0	0x27d40d	jl	0x27d537
steam	craft-input	0x27d2b0	0x27d417	jg	0x27d537
steam	craft-input	0x27d2b0	0x27d476	jne	0x27d5be
steam	craft-input	0x27d2b0	0x27d4c8	je	0x27d5ea
steam	craft-input	0x27d2b0	0x27d4d2	je	0x27d5ea
steam	craft-input	0x27d2b0	0x27d4db	je	0x27d5e1
steam	craft-input	0x27d2b0	0x27d4e8	je	0x27d5e1
steam	craft-input	0x27d2b0	0x27d52d	jg	0x27d540
steam	craft-input	0x27d2b0	0x27d535	jmp	0x27d5a3
steam	craft-input	0x27d2b0	0x27d535	indirect-jmp	0x14027d5a3
steam	craft-input	0x27d2b0	0x27d53b	jmp	0x27d480
steam	craft-input	0x27d2b0	0x27d53b	indirect-jmp	0x14027d480
steam	craft-input	0x27d2b0	0x27d546	jl	0x27d55c
steam	craft-input	0x27d2b0	0x27d558	jge	0x27d5a3
steam	craft-input	0x27d2b0	0x27d55a	jmp	0x27d5a0
steam	craft-input	0x27d2b0	0x27d55a	indirect-jmp	0x14027d5a0
steam	craft-input	0x27d2b0	0x27d55e	jle	0x27d5a3
steam	craft-input	0x27d2b0	0x27d5e8	jmp	0x27d5b5
steam	craft-input	0x27d2b0	0x27d5e8	indirect-jmp	0x14027d5b5
steam	craft-input	0x27d2b0	0x27d5ed	jl	0x27d600
steam	craft-input	0x27d2b0	0x27d5f2	jg	0x27d600
steam	craft-input	0x27d2b0	0x27d5f8	jl	0x27d600
steam	craft-input	0x27d2b0	0x27d5fe	jle	0x27d61f
steam	craft-input	0x27d2b0	0x27d60a	je	0x27d626
steam	craft-input	0x27d2b0	0x27d60e	je	0x27d626
steam	craft-input	0x27d2b0	0x27d61a	jmp	0x27dfc1
steam	craft-input	0x27d2b0	0x27d61a	indirect-jmp	0x14027dfc1
steam	craft-input	0x27d2b0	0x27d62d	jl	0x27d65f
steam	craft-input	0x27d2b0	0x27d632	jg	0x27d65f
steam	craft-input	0x27d2b0	0x27d63b	ja	0x27d65f
steam	craft-input	0x27d2b0	0x27d640	je	0x27d65f
steam	craft-input	0x27d2b0	0x27d644	je	0x27d65f
steam	craft-input	0x27d2b0	0x27d65a	jmp	0x27dfc1
steam	craft-input	0x27d2b0	0x27d65a	indirect-jmp	0x14027dfc1
steam	craft-input	0x27d2b0	0x27d663	je	0x27dabe
steam	craft-input	0x27d2b0	0x27d67e	je	0x27d6c9
steam	craft-input	0x27d2b0	0x27d692	jl	0x27d6c9
steam	craft-input	0x27d2b0	0x27d699	jg	0x27d6c9
steam	craft-input	0x27d2b0	0x27d6a2	ja	0x27d6c9
steam	craft-input	0x27d2b0	0x27d6a7	je	0x27d6c9
steam	craft-input	0x27d2b0	0x27d6ab	je	0x27d6c9
steam	craft-input	0x27d2b0	0x27d6c4	jmp	0x27d5be
steam	craft-input	0x27d2b0	0x27d6c4	indirect-jmp	0x14027d5be
steam	craft-input	0x27d2b0	0x27d6cc	jle	0x27d7ed
steam	craft-input	0x27d2b0	0x27d6e3	jl	0x27d7ed
steam	craft-input	0x27d2b0	0x27d6ee	jg	0x27d7ed
steam	craft-input	0x27d2b0	0x27d6f8	jl	0x27d7ed
steam	craft-input	0x27d2b0	0x27d704	jg	0x27d7ed
steam	craft-input	0x27d2b0	0x27d70d	je	0x27d7ed
steam	craft-input	0x27d2b0	0x27d715	je	0x27d7ed
steam	craft-input	0x27d2b0	0x27d75f	jne	0x27d778
steam	craft-input	0x27d2b0	0x27d773	jmp	0x27d5be
steam	craft-input	0x27d2b0	0x27d773	indirect-jmp	0x14027d5be
steam	craft-input	0x27d2b0	0x27d780	jne	0x27d79f
steam	craft-input	0x27d2b0	0x27d79a	jmp	0x27d5be
steam	craft-input	0x27d2b0	0x27d79a	indirect-jmp	0x14027d5be
steam	craft-input	0x27d2b0	0x27d7a3	jl	0x27d7d5
steam	craft-input	0x27d2b0	0x27d7a9	jg	0x27d7b7
steam	craft-input	0x27d2b0	0x27d7b2	jmp	0x27d5be
steam	craft-input	0x27d2b0	0x27d7b2	indirect-jmp	0x14027d5be
steam	craft-input	0x27d2b0	0x27d7d0	jmp	0x27d5be
steam	craft-input	0x27d2b0	0x27d7d0	indirect-jmp	0x14027d5be
steam	craft-input	0x27d2b0	0x27d7e8	jmp	0x27d5be
steam	craft-input	0x27d2b0	0x27d7e8	indirect-jmp	0x14027d5be
steam	craft-input	0x27d2b0	0x27d81b	jge	0x27dabe
steam	craft-input	0x27d2b0	0x27d833	jge	0x27dabb
steam	craft-input	0x27d2b0	0x27d849	jne	0x27d866
steam	craft-input	0x27d2b0	0x27d853	jge	0x27d85b
steam	craft-input	0x27d2b0	0x27d859	jmp	0x27d861
steam	craft-input	0x27d2b0	0x27d859	indirect-jmp	0x14027d861
steam	craft-input	0x27d2b0	0x27d864	je	0x27d850
steam	craft-input	0x27d2b0	0x27d86f	jne	0x27d87b
steam	craft-input	0x27d2b0	0x27d87f	jl	0x27d89b
steam	craft-input	0x27d2b0	0x27d885	jge	0x27d89b
steam	craft-input	0x27d2b0	0x27d88a	jl	0x27d89b
steam	craft-input	0x27d2b0	0x27d893	jge	0x27d89b
steam	craft-input	0x27d2b0	0x27d897	je	0x27d8bb
steam	craft-input	0x27d2b0	0x27d899	jmp	0x27d89f
steam	craft-input	0x27d2b0	0x27d899	indirect-jmp	0x14027d89f
steam	craft-input	0x27d2b0	0x27d89d	je	0x27d8cd
steam	craft-input	0x27d2b0	0x27d8be	je	0x27d8c9
steam	craft-input	0x27d2b0	0x27d8c7	jne	0x27d8ea
steam	craft-input	0x27d2b0	0x27d8cb	jne	0x27d8ea
steam	craft-input	0x27d2b0	0x27d8dc	jge	0x27dabb
steam	craft-input	0x27d2b0	0x27d8e5	jmp	0x27d830
steam	craft-input	0x27d2b0	0x27d8e5	indirect-jmp	0x14027d830
steam	craft-input	0x27d2b0	0x27d90c	je	0x27d97d
steam	craft-input	0x27d2b0	0x27d911	je	0x27d960
steam	craft-input	0x27d2b0	0x27d916	je	0x27d93f
steam	craft-input	0x27d2b0	0x27d91b	jne	0x27dfd7
steam	craft-input	0x27d2b0	0x27d93a	jmp	0x27d5be
steam	craft-input	0x27d2b0	0x27d93a	indirect-jmp	0x14027d5be
steam	craft-input	0x27d2b0	0x27d95b	jmp	0x27d5be
steam	craft-input	0x27d2b0	0x27d95b	indirect-jmp	0x14027d5be
steam	craft-input	0x27d2b0	0x27d978	jmp	0x27d5be
steam	craft-input	0x27d2b0	0x27d978	indirect-jmp	0x14027d5be
steam	craft-input	0x27d2b0	0x27d9a3	je	0x27dab3
steam	craft-input	0x27d2b0	0x27d9b3	jne	0x27d9fd
steam	craft-input	0x27d2b0	0x27da01	jne	0x27da50
steam	craft-input	0x27d2b0	0x27dab6	jmp	0x27dfc1
steam	craft-input	0x27d2b0	0x27dab6	indirect-jmp	0x14027dfc1
steam	craft-input	0x27d2b0	0x27dac3	je	0x27e0d4
steam	craft-input	0x27d2b0	0x27dacc	jne	0x27d5b5
steam	craft-input	0x27d2b0	0x27db0b	je	0x27dbbf
steam	craft-input	0x27d2b0	0x27db18	je	0x27dbbf
steam	craft-input	0x27d2b0	0x27db21	jl	0x27db3c
steam	craft-input	0x27d2b0	0x27db26	jg	0x27db3c
steam	craft-input	0x27d2b0	0x27db2f	ja	0x27db3c
steam	craft-input	0x27d2b0	0x27db3f	jl	0x27db5a
steam	craft-input	0x27d2b0	0x27db44	jg	0x27db5a
steam	craft-input	0x27d2b0	0x27db4d	ja	0x27db5a
steam	craft-input	0x27d2b0	0x27db5d	jl	0x27db78
steam	craft-input	0x27d2b0	0x27db62	jg	0x27db78
steam	craft-input	0x27d2b0	0x27db6b	ja	0x27db78
steam	craft-input	0x27d2b0	0x27db7b	jl	0x27db96
steam	craft-input	0x27d2b0	0x27db80	jg	0x27db96
steam	craft-input	0x27d2b0	0x27db89	ja	0x27db96
steam	craft-input	0x27d2b0	0x27db99	jl	0x27dbbf
steam	craft-input	0x27d2b0	0x27db9e	jg	0x27dbbf
steam	craft-input	0x27d2b0	0x27dba9	jl	0x27dbbf
steam	craft-input	0x27d2b0	0x27dbb1	jg	0x27dbbf
steam	craft-input	0x27d2b0	0x27dbbd	jmp	0x27dbc2
steam	craft-input	0x27d2b0	0x27dbbd	indirect-jmp	0x14027dbc2
steam	craft-input	0x27d2b0	0x27dbcd	jne	0x27dbeb
steam	craft-input	0x27d2b0	0x27dbd7	jge	0x27dbdf
steam	craft-input	0x27d2b0	0x27dbdd	jmp	0x27dbe5
steam	craft-input	0x27d2b0	0x27dbdd	indirect-jmp	0x14027dbe5
steam	craft-input	0x27d2b0	0x27dbe9	je	0x27dbd0
steam	craft-input	0x27d2b0	0x27dbef	jne	0x27dc0b
steam	craft-input	0x27d2b0	0x27dbf8	jg	0x27dc0b
steam	craft-input	0x27d2b0	0x27dc09	jmp	0x27dc10
steam	craft-input	0x27d2b0	0x27dc09	indirect-jmp	0x14027dc10
steam	craft-input	0x27d2b0	0x27dc1b	jne	0x27dc3b
steam	craft-input	0x27d2b0	0x27dc27	jge	0x27dc2f
steam	craft-input	0x27d2b0	0x27dc2d	jmp	0x27dc35
steam	craft-input	0x27d2b0	0x27dc2d	indirect-jmp	0x14027dc35
steam	craft-input	0x27d2b0	0x27dc39	je	0x27dc20
steam	craft-input	0x27d2b0	0x27dc3f	jne	0x27dc5b
steam	craft-input	0x27d2b0	0x27dc48	jg	0x27dc5b
steam	craft-input	0x27d2b0	0x27dc59	jmp	0x27dc60
steam	craft-input	0x27d2b0	0x27dc59	indirect-jmp	0x14027dc60
steam	craft-input	0x27d2b0	0x27dc6b	jne	0x27dc8b
steam	craft-input	0x27d2b0	0x27dc77	jge	0x27dc7f
steam	craft-input	0x27d2b0	0x27dc7d	jmp	0x27dc85
steam	craft-input	0x27d2b0	0x27dc7d	indirect-jmp	0x14027dc85
steam	craft-input	0x27d2b0	0x27dc89	je	0x27dc70
steam	craft-input	0x27d2b0	0x27dc8f	jne	0x27dcaa
steam	craft-input	0x27d2b0	0x27dc98	jg	0x27dcaa
steam	craft-input	0x27d2b0	0x27dca8	jmp	0x27dcae
steam	craft-input	0x27d2b0	0x27dca8	indirect-jmp	0x14027dcae
steam	craft-input	0x27d2b0	0x27dcb9	jne	0x27dcdb
steam	craft-input	0x27d2b0	0x27dcc7	jge	0x27dccf
steam	craft-input	0x27d2b0	0x27dccd	jmp	0x27dcd5
steam	craft-input	0x27d2b0	0x27dccd	indirect-jmp	0x14027dcd5
steam	craft-input	0x27d2b0	0x27dcd9	je	0x27dcc0
steam	craft-input	0x27d2b0	0x27dcdf	jne	0x27dcfa
steam	craft-input	0x27d2b0	0x27dce8	jg	0x27dcfa
steam	craft-input	0x27d2b0	0x27dcf8	jmp	0x27dcfe
steam	craft-input	0x27d2b0	0x27dcf8	indirect-jmp	0x14027dcfe
steam	craft-input	0x27d2b0	0x27dd09	jne	0x27dd28
steam	craft-input	0x27d2b0	0x27dd14	jge	0x27dd1c
steam	craft-input	0x27d2b0	0x27dd1a	jmp	0x27dd22
steam	craft-input	0x27d2b0	0x27dd1a	indirect-jmp	0x14027dd22
steam	craft-input	0x27d2b0	0x27dd26	je	0x27dd10
steam	craft-input	0x27d2b0	0x27dd2c	jne	0x27dd3e
steam	craft-input	0x27d2b0	0x27dd32	jg	0x27dd3e
steam	craft-input	0x27d2b0	0x27dd3c	jmp	0x27dd47
steam	craft-input	0x27d2b0	0x27dd3c	indirect-jmp	0x14027dd47
steam	craft-input	0x27d2b0	0x27dd41	je	0x27dfde
steam	craft-input	0x27d2b0	0x27dd6d	je	0x27dfbe
steam	craft-input	0x27d2b0	0x27dd7d	jne	0x27ddc7
steam	craft-input	0x27d2b0	0x27ddcb	jne	0x27de1a
steam	craft-input	0x27d2b0	0x27de6b	je	0x27de70
steam	craft-input	0x27d2b0	0x27de7a	je	0x27deb8
steam	craft-input	0x27d2b0	0x27de7f	je	0x27deb8
steam	craft-input	0x27d2b0	0x27de88	ja	0x27deb8
steam	craft-input	0x27d2b0	0x27de99	jns	0x27dec0
steam	craft-input	0x27d2b0	0x27deb6	jmp	0x27dec0
steam	craft-input	0x27d2b0	0x27deb6	indirect-jmp	0x14027dec0
steam	craft-input	0x27d2b0	0x27df40	je	0x27df67
steam	craft-input	0x27d2b0	0x27df4a	jne	0x27df67
steam	craft-input	0x27d2b0	0x27dfc9	jge	0x27dfd7
steam	craft-input	0x27d2b0	0x27dfd9	jmp	0x27d5c0
steam	craft-input	0x27d2b0	0x27dfd9	indirect-jmp	0x14027d5c0
steam	craft-input	0x27d2b0	0x27dfe1	je	0x27e087
steam	craft-input	0x27d2b0	0x27e010	je	0x27e03f
steam	craft-input	0x27d2b0	0x27e015	je	0x27e03f
steam	craft-input	0x27d2b0	0x27e02d	je	0x27e043
steam	craft-input	0x27d2b0	0x27e03d	jmp	0x27e066
steam	craft-input	0x27d2b0	0x27e03d	indirect-jmp	0x14027e066
steam	craft-input	0x27d2b0	0x27e082	jmp	0x27d5be
steam	craft-input	0x27d2b0	0x27e082	indirect-jmp	0x14027d5be
steam	craft-input	0x27d2b0	0x27e08a	je	0x27e0a0
steam	craft-input	0x27d2b0	0x27e09b	jmp	0x27d5be
steam	craft-input	0x27d2b0	0x27e09b	indirect-jmp	0x14027d5be
steam	craft-input	0x27d2b0	0x27e0a2	je	0x27e0b8
steam	craft-input	0x27d2b0	0x27e0b3	jmp	0x27d5be
steam	craft-input	0x27d2b0	0x27e0b3	indirect-jmp	0x14027d5be
steam	craft-input	0x27d2b0	0x27e0ba	je	0x27d5b5
steam	craft-input	0x27d2b0	0x27e0cf	jmp	0x27d5be
steam	craft-input	0x27d2b0	0x27e0cf	indirect-jmp	0x14027d5be
steam	craft-input	0x27d2b0	0x27e0ff	je	0x27e142
steam	craft-input	0x27d2b0	0x27e107	je	0x27e142
steam	craft-input	0x27d2b0	0x27e10c	jl	0x27e126
steam	craft-input	0x27d2b0	0x27e111	jg	0x27e126
steam	craft-input	0x27d2b0	0x27e116	jl	0x27e126
steam	craft-input	0x27d2b0	0x27e11b	jg	0x27e126
steam	craft-input	0x27d2b0	0x27e129	jl	0x27e142
steam	craft-input	0x27d2b0	0x27e12e	jg	0x27e142
steam	craft-input	0x27d2b0	0x27e133	jl	0x27e142
steam	craft-input	0x27d2b0	0x27e138	jg	0x27e142
steam	craft-input	0x27d2b0	0x27e14d	jne	0x27e16b
steam	craft-input	0x27d2b0	0x27e157	jge	0x27e15f
steam	craft-input	0x27d2b0	0x27e15d	jmp	0x27e165
steam	craft-input	0x27d2b0	0x27e15d	indirect-jmp	0x14027e165
steam	craft-input	0x27d2b0	0x27e169	je	0x27e150
steam	craft-input	0x27d2b0	0x27e16f	jne	0x27e189
steam	craft-input	0x27d2b0	0x27e178	jg	0x27e189
steam	craft-input	0x27d2b0	0x27e194	jne	0x27e1b1
steam	craft-input	0x27d2b0	0x27e19d	jge	0x27e1a5
steam	craft-input	0x27d2b0	0x27e1a3	jmp	0x27e1ab
steam	craft-input	0x27d2b0	0x27e1a3	indirect-jmp	0x14027e1ab
steam	craft-input	0x27d2b0	0x27e1af	je	0x27e196
steam	craft-input	0x27d2b0	0x27e1b5	jne	0x27e1ce
steam	craft-input	0x27d2b0	0x27e1be	jg	0x27e1ce
steam	craft-input	0x27d2b0	0x27e1d1	je	0x27e1f6
steam	craft-input	0x27d2b0	0x27e1f1	jmp	0x27d5be
steam	craft-input	0x27d2b0	0x27e1f1	indirect-jmp	0x14027d5be
steam	craft-input	0x27d2b0	0x27e1f8	je	0x27d5b5
steam	craft-input	0x27d2b0	0x27e233	je	0x27e2f2
steam	craft-input	0x27d2b0	0x27e243	jne	0x27e28d
steam	craft-input	0x27d2b0	0x27e291	jne	0x27e2e0
steam	craft-input	0x27d2b0	0x27e2f5	jmp	0x27d5be
steam	craft-input	0x27d2b0	0x27e2f5	indirect-jmp	0x14027d5be
steam	butcher-and-reagent-selection	0x27e300	0x27e348	jbe	0x27e614
steam	butcher-and-reagent-selection	0x27e300	0x27e394	je	0x27e39f
steam	butcher-and-reagent-selection	0x27e300	0x27e39d	jne	0x27e3d4
steam	butcher-and-reagent-selection	0x27e300	0x27e3aa	jne	0x27e3c8
steam	butcher-and-reagent-selection	0x27e300	0x27e3b4	jge	0x27e3bc
steam	butcher-and-reagent-selection	0x27e300	0x27e3ba	jmp	0x27e3c2
steam	butcher-and-reagent-selection	0x27e300	0x27e3ba	indirect-jmp	0x14027e3c2
steam	butcher-and-reagent-selection	0x27e300	0x27e3c6	je	0x27e3b0
steam	butcher-and-reagent-selection	0x27e300	0x27e3cc	jne	0x27e3f5
steam	butcher-and-reagent-selection	0x27e300	0x27e3d2	jg	0x27e3f5
steam	butcher-and-reagent-selection	0x27e300	0x27e3f0	jmp	0x27f201
steam	butcher-and-reagent-selection	0x27e300	0x27e3f0	indirect-jmp	0x14027f201
steam	butcher-and-reagent-selection	0x27e300	0x27e41b	jle	0x27e426
steam	butcher-and-reagent-selection	0x27e300	0x27e461	jle	0x27e521
steam	butcher-and-reagent-selection	0x27e300	0x27e471	je	0x27e4e3
steam	butcher-and-reagent-selection	0x27e300	0x27e476	jl	0x27e4e3
steam	butcher-and-reagent-selection	0x27e300	0x27e47b	jg	0x27e4e3
steam	butcher-and-reagent-selection	0x27e300	0x27e480	jl	0x27e4e3
steam	butcher-and-reagent-selection	0x27e300	0x27e485	jg	0x27e4e3
steam	butcher-and-reagent-selection	0x27e300	0x27e4d9	jne	0x27e614
steam	butcher-and-reagent-selection	0x27e300	0x27e525	je	0x27e643
steam	butcher-and-reagent-selection	0x27e300	0x27e52e	je	0x27e63d
steam	butcher-and-reagent-selection	0x27e300	0x27e53b	je	0x27e63d
steam	butcher-and-reagent-selection	0x27e300	0x27e582	jg	0x27e58a
steam	butcher-and-reagent-selection	0x27e300	0x27e588	jmp	0x27e5f6
steam	butcher-and-reagent-selection	0x27e300	0x27e588	indirect-jmp	0x14027e5f6
steam	butcher-and-reagent-selection	0x27e300	0x27e591	jl	0x27e5af
steam	butcher-and-reagent-selection	0x27e300	0x27e5a7	jge	0x27e5fa
steam	butcher-and-reagent-selection	0x27e300	0x27e5ad	jmp	0x27e5fa
steam	butcher-and-reagent-selection	0x27e300	0x27e5ad	indirect-jmp	0x14027e5fa
steam	butcher-and-reagent-selection	0x27e300	0x27e5b2	jle	0x27e5fa
steam	butcher-and-reagent-selection	0x27e300	0x27e641	jmp	0x27e60b
steam	butcher-and-reagent-selection	0x27e300	0x27e641	indirect-jmp	0x14027e60b
steam	butcher-and-reagent-selection	0x27e300	0x27e646	jl	0x27e657
steam	butcher-and-reagent-selection	0x27e300	0x27e64b	jg	0x27e657
steam	butcher-and-reagent-selection	0x27e300	0x27e650	jl	0x27e657
steam	butcher-and-reagent-selection	0x27e300	0x27e655	jle	0x27e675
steam	butcher-and-reagent-selection	0x27e300	0x27e662	je	0x27e67d
steam	butcher-and-reagent-selection	0x27e300	0x27e667	je	0x27e67d
steam	butcher-and-reagent-selection	0x27e300	0x27e670	jmp	0x27f1fe
steam	butcher-and-reagent-selection	0x27e300	0x27e670	indirect-jmp	0x14027f1fe
steam	butcher-and-reagent-selection	0x27e300	0x27e683	jl	0x27e6bd
steam	butcher-and-reagent-selection	0x27e300	0x27e68b	jg	0x27e6bd
steam	butcher-and-reagent-selection	0x27e300	0x27e693	jl	0x27e6bd
steam	butcher-and-reagent-selection	0x27e300	0x27e69b	jg	0x27e6bd
steam	butcher-and-reagent-selection	0x27e300	0x27e6a0	je	0x27e6bd
steam	butcher-and-reagent-selection	0x27e300	0x27e6a5	je	0x27e6bd
steam	butcher-and-reagent-selection	0x27e300	0x27e6b8	jmp	0x27f1fe
steam	butcher-and-reagent-selection	0x27e300	0x27e6b8	indirect-jmp	0x14027f1fe
steam	butcher-and-reagent-selection	0x27e300	0x27e6c4	jle	0x27e7e4
steam	butcher-and-reagent-selection	0x27e300	0x27e6e3	jl	0x27e7e4
steam	butcher-and-reagent-selection	0x27e300	0x27e6ef	jg	0x27e7e4
steam	butcher-and-reagent-selection	0x27e300	0x27e6f8	jl	0x27e7e4
steam	butcher-and-reagent-selection	0x27e300	0x27e703	jg	0x27e7e4
steam	butcher-and-reagent-selection	0x27e300	0x27e70c	je	0x27e7e4
steam	butcher-and-reagent-selection	0x27e300	0x27e715	je	0x27e7e4
steam	butcher-and-reagent-selection	0x27e300	0x27e75a	jne	0x27e773
steam	butcher-and-reagent-selection	0x27e300	0x27e76e	jmp	0x27e614
steam	butcher-and-reagent-selection	0x27e300	0x27e76e	indirect-jmp	0x14027e614
steam	butcher-and-reagent-selection	0x27e300	0x27e77a	jne	0x27e799
steam	butcher-and-reagent-selection	0x27e300	0x27e794	jmp	0x27e614
steam	butcher-and-reagent-selection	0x27e300	0x27e794	indirect-jmp	0x14027e614
steam	butcher-and-reagent-selection	0x27e300	0x27e79c	jl	0x27e7cb
steam	butcher-and-reagent-selection	0x27e300	0x27e7a1	jg	0x27e7ac
steam	butcher-and-reagent-selection	0x27e300	0x27e7a7	jmp	0x27e614
steam	butcher-and-reagent-selection	0x27e300	0x27e7a7	indirect-jmp	0x14027e614
steam	butcher-and-reagent-selection	0x27e300	0x27e7c6	jmp	0x27e614
steam	butcher-and-reagent-selection	0x27e300	0x27e7c6	indirect-jmp	0x14027e614
steam	butcher-and-reagent-selection	0x27e300	0x27e7df	jmp	0x27e614
steam	butcher-and-reagent-selection	0x27e300	0x27e7df	indirect-jmp	0x14027e614
steam	butcher-and-reagent-selection	0x27e300	0x27e807	jge	0x27e60b
steam	butcher-and-reagent-selection	0x27e300	0x27e818	jge	0x27e60b
steam	butcher-and-reagent-selection	0x27e300	0x27e837	jne	0x27e857
steam	butcher-and-reagent-selection	0x27e300	0x27e843	jge	0x27e84b
steam	butcher-and-reagent-selection	0x27e300	0x27e849	jmp	0x27e851
steam	butcher-and-reagent-selection	0x27e300	0x27e849	indirect-jmp	0x14027e851
steam	butcher-and-reagent-selection	0x27e300	0x27e855	je	0x27e840
steam	butcher-and-reagent-selection	0x27e300	0x27e85b	jne	0x27e866
steam	butcher-and-reagent-selection	0x27e300	0x27e860	jl	0x27e866
steam	butcher-and-reagent-selection	0x27e300	0x27e864	jmp	0x27e868
steam	butcher-and-reagent-selection	0x27e300	0x27e864	indirect-jmp	0x14027e868
steam	butcher-and-reagent-selection	0x27e300	0x27e86c	jl	0x27e889
steam	butcher-and-reagent-selection	0x27e300	0x27e873	jge	0x27e889
steam	butcher-and-reagent-selection	0x27e300	0x27e878	jl	0x27e889
steam	butcher-and-reagent-selection	0x27e300	0x27e881	jge	0x27e889
steam	butcher-and-reagent-selection	0x27e300	0x27e885	je	0x27e8af
steam	butcher-and-reagent-selection	0x27e300	0x27e887	jmp	0x27e88d
steam	butcher-and-reagent-selection	0x27e300	0x27e887	indirect-jmp	0x14027e88d
steam	butcher-and-reagent-selection	0x27e300	0x27e88b	je	0x27e8bd
steam	butcher-and-reagent-selection	0x27e300	0x27e8b2	je	0x27e8b9
steam	butcher-and-reagent-selection	0x27e300	0x27e8b7	jne	0x27e8da
steam	butcher-and-reagent-selection	0x27e300	0x27e8bb	jne	0x27e8da
steam	butcher-and-reagent-selection	0x27e300	0x27e8cb	jge	0x27e60b
steam	butcher-and-reagent-selection	0x27e300	0x27e8d5	jmp	0x27e815
steam	butcher-and-reagent-selection	0x27e300	0x27e8d5	indirect-jmp	0x14027e815
steam	butcher-and-reagent-selection	0x27e300	0x27e8f0	je	0x27f0e9
steam	butcher-and-reagent-selection	0x27e300	0x27e8f9	je	0x27f022
steam	butcher-and-reagent-selection	0x27e300	0x27e902	je	0x27ea1f
steam	butcher-and-reagent-selection	0x27e300	0x27e90b	jne	0x27f217
steam	butcher-and-reagent-selection	0x27e300	0x27e93d	je	0x27e94c
steam	butcher-and-reagent-selection	0x27e300	0x27e94a	jmp	0x27e955
steam	butcher-and-reagent-selection	0x27e300	0x27e94a	indirect-jmp	0x14027e955
steam	butcher-and-reagent-selection	0x27e300	0x27e96a	je	0x27e97e
steam	butcher-and-reagent-selection	0x27e300	0x27e97c	jmp	0x27e98a
steam	butcher-and-reagent-selection	0x27e300	0x27e97c	indirect-jmp	0x14027e98a
steam	butcher-and-reagent-selection	0x27e300	0x27e9b3	jle	0x27e9cb
steam	butcher-and-reagent-selection	0x27e300	0x27e9c6	jmp	0x27e616
steam	butcher-and-reagent-selection	0x27e300	0x27e9c6	indirect-jmp	0x14027e616
steam	butcher-and-reagent-selection	0x27e300	0x27e9ee	jb	0x27f21e
steam	butcher-and-reagent-selection	0x27e300	0x27ea00	jne	0x27e614
steam	butcher-and-reagent-selection	0x27e300	0x27ea0d	jne	0x27ea17
steam	butcher-and-reagent-selection	0x27e300	0x27ea1a	jmp	0x27f201
steam	butcher-and-reagent-selection	0x27e300	0x27ea1a	indirect-jmp	0x14027f201
steam	butcher-and-reagent-selection	0x27e300	0x27ea40	je	0x27ea90
steam	butcher-and-reagent-selection	0x27e300	0x27ea53	jae	0x27eab4
steam	butcher-and-reagent-selection	0x27e300	0x27ea61	jne	0x27ea71
steam	butcher-and-reagent-selection	0x27e300	0x27ea6f	jne	0x27ea77
steam	butcher-and-reagent-selection	0x27e300	0x27ea75	jmp	0x27ea50
steam	butcher-and-reagent-selection	0x27e300	0x27ea75	indirect-jmp	0x14027ea50
steam	butcher-and-reagent-selection	0x27e300	0x27ea8e	jmp	0x27eab4
steam	butcher-and-reagent-selection	0x27e300	0x27ea8e	indirect-jmp	0x14027eab4
steam	butcher-and-reagent-selection	0x27e300	0x27ebc1	je	0x27ebd9
steam	butcher-and-reagent-selection	0x27e300	0x27ebd3	jne	0x27eecb
steam	butcher-and-reagent-selection	0x27e300	0x27ebe8	jle	0x27eecb
steam	butcher-and-reagent-selection	0x27e300	0x27ec17	je	0x27ed59
steam	butcher-and-reagent-selection	0x27e300	0x27ec21	je	0x27ed59
steam	butcher-and-reagent-selection	0x27e300	0x27ec2e	js	0x27ec5b
steam	butcher-and-reagent-selection	0x27e300	0x27ec44	je	0x27ec5e
steam	butcher-and-reagent-selection	0x27e300	0x27ec59	jle	0x27ec30
steam	butcher-and-reagent-selection	0x27e300	0x27ec61	je	0x27ed52
steam	butcher-and-reagent-selection	0x27e300	0x27ec7a	js	0x27ece8
steam	butcher-and-reagent-selection	0x27e300	0x27ec97	jae	0x27ece8
steam	butcher-and-reagent-selection	0x27e300	0x27ec9c	js	0x27ece8
steam	butcher-and-reagent-selection	0x27e300	0x27ecb7	jae	0x27ece8
steam	butcher-and-reagent-selection	0x27e300	0x27ecc7	je	0x27ece8
steam	butcher-and-reagent-selection	0x27e300	0x27ece6	jmp	0x27ecfb
steam	butcher-and-reagent-selection	0x27e300	0x27ece6	indirect-jmp	0x14027ecfb
steam	butcher-and-reagent-selection	0x27e300	0x27ed09	jne	0x27edeb
steam	butcher-and-reagent-selection	0x27e300	0x27ed19	je	0x27edeb
steam	butcher-and-reagent-selection	0x27e300	0x27ed2c	ja	0x27edeb
steam	butcher-and-reagent-selection	0x27e300	0x27ed3c	jne	0x27edf2
steam	butcher-and-reagent-selection	0x27e300	0x27ed4d	jmp	0x27edf2
steam	butcher-and-reagent-selection	0x27e300	0x27ed4d	indirect-jmp	0x14027edf2
steam	butcher-and-reagent-selection	0x27e300	0x27ed6c	js	0x27eecb
steam	butcher-and-reagent-selection	0x27e300	0x27ed8d	jae	0x27eecb
steam	butcher-and-reagent-selection	0x27e300	0x27ed96	js	0x27eecb
steam	butcher-and-reagent-selection	0x27e300	0x27edb8	jae	0x27eecb
steam	butcher-and-reagent-selection	0x27e300	0x27edc6	je	0x27eecb
steam	butcher-and-reagent-selection	0x27e300	0x27ede9	jmp	0x27edf2
steam	butcher-and-reagent-selection	0x27e300	0x27ede9	indirect-jmp	0x14027edf2
steam	butcher-and-reagent-selection	0x27e300	0x27edf6	je	0x27eecb
steam	butcher-and-reagent-selection	0x27e300	0x27ee09	je	0x27ee54
steam	butcher-and-reagent-selection	0x27e300	0x27ee56	jle	0x27eecb
steam	butcher-and-reagent-selection	0x27e300	0x27ee64	jne	0x27ee9c
steam	butcher-and-reagent-selection	0x27e300	0x27ee9a	jmp	0x27eecb
steam	butcher-and-reagent-selection	0x27e300	0x27ee9a	indirect-jmp	0x14027eecb
steam	butcher-and-reagent-selection	0x27e300	0x27ef34	je	0x27ef88
steam	butcher-and-reagent-selection	0x27e300	0x27ef3d	jne	0x27ef6a
steam	butcher-and-reagent-selection	0x27e300	0x27ef4d	je	0x27ef57
steam	butcher-and-reagent-selection	0x27e300	0x27ef93	jbe	0x27efc9
steam	butcher-and-reagent-selection	0x27e300	0x27efa6	jb	0x27efc4
steam	butcher-and-reagent-selection	0x27e300	0x27efbb	jbe	0x27efc4
steam	butcher-and-reagent-selection	0x27e300	0x27efe1	jbe	0x27f217
steam	butcher-and-reagent-selection	0x27e300	0x27eff8	jb	0x27f016
steam	butcher-and-reagent-selection	0x27e300	0x27f00d	jbe	0x27f016
steam	butcher-and-reagent-selection	0x27e300	0x27f01d	jmp	0x27e616
steam	butcher-and-reagent-selection	0x27e300	0x27f01d	indirect-jmp	0x14027e616
steam	butcher-and-reagent-selection	0x27e300	0x27f037	je	0x27f217
steam	butcher-and-reagent-selection	0x27e300	0x27f05b	je	0x27f217
steam	butcher-and-reagent-selection	0x27e300	0x27f076	je	0x27f07c
steam	butcher-and-reagent-selection	0x27e300	0x27f08d	jle	0x27f0dd
steam	butcher-and-reagent-selection	0x27e300	0x27f0a3	je	0x27f0d5
steam	butcher-and-reagent-selection	0x27e300	0x27f0b3	jle	0x27f0d5
steam	butcher-and-reagent-selection	0x27e300	0x27f0bd	je	0x27f0c9
steam	butcher-and-reagent-selection	0x27e300	0x27f0c7	jmp	0x27f0d5
steam	butcher-and-reagent-selection	0x27e300	0x27f0c7	indirect-jmp	0x14027f0d5
steam	butcher-and-reagent-selection	0x27e300	0x27f0db	jl	0x27f090
steam	butcher-and-reagent-selection	0x27e300	0x27f0e4	jmp	0x27e614
steam	butcher-and-reagent-selection	0x27e300	0x27f0e4	indirect-jmp	0x14027e614
steam	butcher-and-reagent-selection	0x27e300	0x27f0ff	jne	0x27f188
steam	butcher-and-reagent-selection	0x27e300	0x27f111	jne	0x27f157
steam	butcher-and-reagent-selection	0x27e300	0x27f128	je	0x27f217
steam	butcher-and-reagent-selection	0x27e300	0x27f143	je	0x27f217
steam	butcher-and-reagent-selection	0x27e300	0x27f152	jmp	0x27e616
steam	butcher-and-reagent-selection	0x27e300	0x27f152	indirect-jmp	0x14027e616
steam	butcher-and-reagent-selection	0x27e300	0x27f166	je	0x27f17b
steam	butcher-and-reagent-selection	0x27e300	0x27f171	jbe	0x27f176
steam	butcher-and-reagent-selection	0x27e300	0x27f183	jmp	0x27e614
steam	butcher-and-reagent-selection	0x27e300	0x27f183	indirect-jmp	0x14027e614
steam	butcher-and-reagent-selection	0x27e300	0x27f1ab	je	0x27f1b4
steam	butcher-and-reagent-selection	0x27e300	0x27f1c2	je	0x27f1cb
steam	butcher-and-reagent-selection	0x27e300	0x27f1d9	jne	0x27f21e
steam	butcher-and-reagent-selection	0x27e300	0x27f1e7	jne	0x27e614
steam	butcher-and-reagent-selection	0x27e300	0x27f1f4	jne	0x27f1fe
steam	butcher-and-reagent-selection	0x27e300	0x27f209	jge	0x27f217
steam	butcher-and-reagent-selection	0x27e300	0x27f219	jmp	0x27e616
steam	butcher-and-reagent-selection	0x27e300	0x27f219	indirect-jmp	0x14027e616
steam	butcher-and-reagent-selection	0x27e300	0x27f226	jmp	0x27e614
steam	butcher-and-reagent-selection	0x27e300	0x27f226	indirect-jmp	0x14027e614
steam	reagent-availability	0x27f230	0x27f244	je	0x27f37e
steam	reagent-availability	0x27f230	0x27f251	je	0x27f37e
steam	reagent-availability	0x27f230	0x27f25e	je	0x27f377
steam	reagent-availability	0x27f230	0x27f26b	je	0x27f377
steam	reagent-availability	0x27f230	0x27f2e5	jg	0x27f2ec
steam	reagent-availability	0x27f230	0x27f2ea	jmp	0x27f34d
steam	reagent-availability	0x27f230	0x27f2ea	indirect-jmp	0x14027f34d
steam	reagent-availability	0x27f230	0x27f2f3	jl	0x27f30c
steam	reagent-availability	0x27f230	0x27f305	jge	0x27f350
steam	reagent-availability	0x27f230	0x27f30a	jmp	0x27f350
steam	reagent-availability	0x27f230	0x27f30a	indirect-jmp	0x14027f350
steam	reagent-availability	0x27f230	0x27f30f	jle	0x27f350
steam	reagent-candidates	0x27f390	0x27f3a6	jne	0x27f40c
steam	reagent-candidates	0x27f390	0x27f3bd	je	0x27f407
steam	reagent-candidates	0x27f390	0x27f3c8	jne	0x27f57d
steam	reagent-candidates	0x27f390	0x27f3d5	jne	0x27f3df
steam	reagent-candidates	0x27f390	0x27f3ea	jge	0x27f57d
steam	reagent-candidates	0x27f390	0x27f40a	jmp	0x27f3e2
steam	reagent-candidates	0x27f390	0x27f40a	indirect-jmp	0x14027f3e2
steam	reagent-candidates	0x27f390	0x27f40f	jne	0x27f41c
steam	reagent-candidates	0x27f390	0x27f418	jne	0x27f3df
steam	reagent-candidates	0x27f390	0x27f41a	jmp	0x27f3da
steam	reagent-candidates	0x27f390	0x27f41a	indirect-jmp	0x14027f3da
steam	reagent-candidates	0x27f390	0x27f470	jle	0x27f47b
steam	reagent-candidates	0x27f390	0x27f47f	je	0x27f573
steam	reagent-candidates	0x27f390	0x27f488	je	0x27f56f
steam	reagent-candidates	0x27f390	0x27f495	je	0x27f56f
steam	reagent-candidates	0x27f390	0x27f4ee	jg	0x27f4f5
steam	reagent-candidates	0x27f390	0x27f4f3	jmp	0x27f556
steam	reagent-candidates	0x27f390	0x27f4f3	indirect-jmp	0x14027f556
steam	reagent-candidates	0x27f390	0x27f4fc	jl	0x27f515
steam	reagent-candidates	0x27f390	0x27f50e	jge	0x27f559
steam	reagent-candidates	0x27f390	0x27f513	jmp	0x27f559
steam	reagent-candidates	0x27f390	0x27f513	indirect-jmp	0x14027f559
steam	reagent-candidates	0x27f390	0x27f518	jle	0x27f559
steam	reagent-candidates	0x27f390	0x27f56d	jmp	0x27f573
steam	reagent-candidates	0x27f390	0x27f56d	indirect-jmp	0x14027f573
steam	category-tree-builder	0x27f590	0x27f5be	je	0x27f5c5
steam	category-tree-builder	0x27f590	0x27f5f4	jne	0x27faf8
steam	category-tree-builder	0x27f590	0x27f610	je	0x27f621
steam	category-tree-builder	0x27f590	0x27f61f	jmp	0x27f631
steam	category-tree-builder	0x27f590	0x27f61f	indirect-jmp	0x14027f631
steam	category-tree-builder	0x27f590	0x27f679	je	0x27f685
steam	category-tree-builder	0x27f590	0x27f683	jmp	0x27f695
steam	category-tree-builder	0x27f590	0x27f683	indirect-jmp	0x14027f695
steam	category-tree-builder	0x27f590	0x27f6bb	jle	0x27feda
steam	category-tree-builder	0x27f590	0x27f6e5	jle	0x27fa34
steam	category-tree-builder	0x27f590	0x27f6f2	je	0x27fa34
steam	category-tree-builder	0x27f590	0x27f70d	je	0x27f883
steam	category-tree-builder	0x27f590	0x27f743	jae	0x27f830
steam	category-tree-builder	0x27f590	0x27f760	jne	0x27f827
steam	category-tree-builder	0x27f590	0x27f780	jne	0x27f827
steam	category-tree-builder	0x27f590	0x27f799	jne	0x27f827
steam	category-tree-builder	0x27f590	0x27f7ce	je	0x27f827
steam	category-tree-builder	0x27f590	0x27f7d3	jne	0x27f827
steam	category-tree-builder	0x27f590	0x27f7e3	je	0x27f80f
steam	category-tree-builder	0x27f590	0x27f7ea	je	0x27f80f
steam	category-tree-builder	0x27f590	0x27f802	je	0x27f827
steam	category-tree-builder	0x27f590	0x27f80d	jmp	0x27f838
steam	category-tree-builder	0x27f590	0x27f80d	indirect-jmp	0x14027f838
steam	category-tree-builder	0x27f590	0x27f813	jl	0x27f827
steam	category-tree-builder	0x27f590	0x27f819	jg	0x27f827
steam	category-tree-builder	0x27f590	0x27f81f	jl	0x27f827
steam	category-tree-builder	0x27f590	0x27f825	jle	0x27f804
steam	category-tree-builder	0x27f590	0x27f82b	jmp	0x27f740
steam	category-tree-builder	0x27f590	0x27f82b	indirect-jmp	0x14027f740
steam	category-tree-builder	0x27f590	0x27f863	jb	0x27f730
steam	category-tree-builder	0x27f590	0x27f870	je	0x27fa2c
steam	category-tree-builder	0x27f590	0x27f88b	jne	0x27f921
steam	category-tree-builder	0x27f590	0x27f89b	je	0x27f8a8
steam	category-tree-builder	0x27f590	0x27f8a6	jmp	0x27f8b5
steam	category-tree-builder	0x27f590	0x27f8a6	indirect-jmp	0x14027f8b5
steam	category-tree-builder	0x27f590	0x27f8fd	je	0x27f90c
steam	category-tree-builder	0x27f590	0x27f907	jmp	0x27fa2c
steam	category-tree-builder	0x27f590	0x27f907	indirect-jmp	0x14027fa2c
steam	category-tree-builder	0x27f590	0x27f91c	jmp	0x27fa2c
steam	category-tree-builder	0x27f590	0x27f91c	indirect-jmp	0x14027fa2c
steam	category-tree-builder	0x27f590	0x27f933	jae	0x27f973
steam	category-tree-builder	0x27f590	0x27f948	jbe	0x27f94d
steam	category-tree-builder	0x27f590	0x27f956	jbe	0x27f95b
steam	category-tree-builder	0x27f590	0x27f95e	jne	0x27f96d
steam	category-tree-builder	0x27f590	0x27f967	je	0x27fa2c
steam	category-tree-builder	0x27f590	0x27f971	jmp	0x27f930
steam	category-tree-builder	0x27f590	0x27f971	indirect-jmp	0x14027f930
steam	category-tree-builder	0x27f590	0x27f984	jae	0x27fa2c
steam	category-tree-builder	0x27f590	0x27f99d	jbe	0x27f9a2
steam	category-tree-builder	0x27f590	0x27f9ae	jbe	0x27f9b3
steam	category-tree-builder	0x27f590	0x27f9b6	jne	0x27f9c1
steam	category-tree-builder	0x27f590	0x27f9bf	je	0x27f9c7
steam	category-tree-builder	0x27f590	0x27f9c5	jmp	0x27f981
steam	category-tree-builder	0x27f590	0x27f9c5	indirect-jmp	0x14027f981
steam	category-tree-builder	0x27f590	0x27f9ca	je	0x27fa2c
steam	category-tree-builder	0x27f590	0x27f9e3	jae	0x27fa5c
steam	category-tree-builder	0x27f590	0x27f9f5	jbe	0x27f9fa
steam	category-tree-builder	0x27f590	0x27fa06	jbe	0x27fa0b
steam	category-tree-builder	0x27f590	0x27fa0e	jne	0x27fa19
steam	category-tree-builder	0x27f590	0x27fa17	je	0x27fa1f
steam	category-tree-builder	0x27f590	0x27fa1d	jmp	0x27f9e0
steam	category-tree-builder	0x27f590	0x27fa1d	indirect-jmp	0x14027f9e0
steam	category-tree-builder	0x27f590	0x27fa25	jne	0x27f9d3
steam	category-tree-builder	0x27f590	0x27fa51	jl	0x27f6d0
steam	category-tree-builder	0x27f590	0x27fa57	jmp	0x27feda
steam	category-tree-builder	0x27f590	0x27fa57	indirect-jmp	0x14027feda
steam	category-tree-builder	0x27f590	0x27fa5f	je	0x27fa27
steam	category-tree-builder	0x27f590	0x27fa64	jae	0x27fa99
steam	category-tree-builder	0x27f590	0x27fa71	jbe	0x27fa76
steam	category-tree-builder	0x27f590	0x27fa7f	jbe	0x27fa84
steam	category-tree-builder	0x27f590	0x27fa88	jne	0x27fa93
steam	category-tree-builder	0x27f590	0x27fa91	je	0x27fa27
steam	category-tree-builder	0x27f590	0x27fa97	jmp	0x27fa61
steam	category-tree-builder	0x27f590	0x27fa97	indirect-jmp	0x14027fa61
steam	category-tree-builder	0x27f590	0x27faaf	je	0x27fad3
steam	category-tree-builder	0x27f590	0x27face	jmp	0x27fa2c
steam	category-tree-builder	0x27f590	0x27face	indirect-jmp	0x14027fa2c
steam	category-tree-builder	0x27f590	0x27faf3	jmp	0x27fa2c
steam	category-tree-builder	0x27f590	0x27faf3	indirect-jmp	0x14027fa2c
steam	category-tree-builder	0x27f590	0x27fb1e	jle	0x27feda
steam	category-tree-builder	0x27f590	0x27fb45	jle	0x27fec4
steam	category-tree-builder	0x27f590	0x27fb52	je	0x27fec4
steam	category-tree-builder	0x27f590	0x27fb6d	je	0x27fcde
steam	category-tree-builder	0x27f590	0x27fba3	jae	0x27fc90
steam	category-tree-builder	0x27f590	0x27fbc0	jne	0x27fc87
steam	category-tree-builder	0x27f590	0x27fbe0	jne	0x27fc87
steam	category-tree-builder	0x27f590	0x27fbf9	jne	0x27fc87
steam	category-tree-builder	0x27f590	0x27fc2e	je	0x27fc87
steam	category-tree-builder	0x27f590	0x27fc33	jne	0x27fc87
steam	category-tree-builder	0x27f590	0x27fc43	je	0x27fc6f
steam	category-tree-builder	0x27f590	0x27fc4a	je	0x27fc6f
steam	category-tree-builder	0x27f590	0x27fc62	je	0x27fc87
steam	category-tree-builder	0x27f590	0x27fc6d	jmp	0x27fc98
steam	category-tree-builder	0x27f590	0x27fc6d	indirect-jmp	0x14027fc98
steam	category-tree-builder	0x27f590	0x27fc73	jl	0x27fc87
steam	category-tree-builder	0x27f590	0x27fc79	jg	0x27fc87
steam	category-tree-builder	0x27f590	0x27fc7f	jl	0x27fc87
steam	category-tree-builder	0x27f590	0x27fc85	jle	0x27fc64
steam	category-tree-builder	0x27f590	0x27fc8b	jmp	0x27fba0
steam	category-tree-builder	0x27f590	0x27fc8b	indirect-jmp	0x14027fba0
steam	category-tree-builder	0x27f590	0x27fcc3	jb	0x27fb90
steam	category-tree-builder	0x27f590	0x27fcd8	je	0x27fec4
steam	category-tree-builder	0x27f590	0x27fcfa	jbe	0x27fcff
steam	category-tree-builder	0x27f590	0x27fd0e	jbe	0x27fd13
steam	category-tree-builder	0x27f590	0x27fd16	jne	0x27fdc1
steam	category-tree-builder	0x27f590	0x27fd26	jne	0x27fdc1
steam	category-tree-builder	0x27f590	0x27fd36	je	0x27fd43
steam	category-tree-builder	0x27f590	0x27fd41	jmp	0x27fd50
steam	category-tree-builder	0x27f590	0x27fd41	indirect-jmp	0x14027fd50
steam	category-tree-builder	0x27f590	0x27fd9d	je	0x27fdac
steam	category-tree-builder	0x27f590	0x27fda7	jmp	0x27fec4
steam	category-tree-builder	0x27f590	0x27fda7	indirect-jmp	0x14027fec4
steam	category-tree-builder	0x27f590	0x27fdbc	jmp	0x27fec4
steam	category-tree-builder	0x27f590	0x27fdbc	indirect-jmp	0x14027fec4
steam	category-tree-builder	0x27f590	0x27fdd3	jae	0x27febc
steam	category-tree-builder	0x27f590	0x27fde6	jbe	0x27fdeb
steam	category-tree-builder	0x27f590	0x27fdf7	jbe	0x27fdff
steam	category-tree-builder	0x27f590	0x27fe02	jne	0x27fe0d
steam	category-tree-builder	0x27f590	0x27fe0b	je	0x27fe13
steam	category-tree-builder	0x27f590	0x27fe11	jmp	0x27fdd0
steam	category-tree-builder	0x27f590	0x27fe11	indirect-jmp	0x14027fdd0
steam	category-tree-builder	0x27f590	0x27fe16	je	0x27febc
steam	category-tree-builder	0x27f590	0x27fe3c	jbe	0x27fe42
steam	category-tree-builder	0x27f590	0x27fe4e	jbe	0x27fe53
steam	category-tree-builder	0x27f590	0x27fe56	jne	0x27fe65
steam	category-tree-builder	0x27f590	0x27fe5f	je	0x27fefd
steam	category-tree-builder	0x27f590	0x27fe76	jae	0x27feb7
steam	category-tree-builder	0x27f590	0x27fe83	jbe	0x27fe88
steam	category-tree-builder	0x27f590	0x27fe94	jbe	0x27fe99
steam	category-tree-builder	0x27f590	0x27fe9d	jne	0x27fea8
steam	category-tree-builder	0x27f590	0x27fea6	je	0x27feae
steam	category-tree-builder	0x27f590	0x27feac	jmp	0x27fe73
steam	category-tree-builder	0x27f590	0x27feac	indirect-jmp	0x14027fe73
steam	category-tree-builder	0x27f590	0x27feb1	jne	0x27fe30
steam	category-tree-builder	0x27f590	0x27fed4	jl	0x27fb30
steam	category-tree-builder	0x27f590	0x27ff14	jae	0x27ff4d
steam	category-tree-builder	0x27f590	0x27ff21	jbe	0x27ff26
steam	category-tree-builder	0x27f590	0x27ff2f	jbe	0x27ff34
steam	category-tree-builder	0x27f590	0x27ff38	jne	0x27ff47
steam	category-tree-builder	0x27f590	0x27ff41	je	0x27feb7
steam	category-tree-builder	0x27f590	0x27ff4b	jmp	0x27ff11
steam	category-tree-builder	0x27f590	0x27ff4b	indirect-jmp	0x14027ff11
steam	category-tree-builder	0x27f590	0x27ff66	je	0x27ff81
steam	category-tree-builder	0x27f590	0x27ff7c	jmp	0x27febc
steam	category-tree-builder	0x27f590	0x27ff7c	indirect-jmp	0x14027febc
steam	category-tree-builder	0x27f590	0x27ff9c	jmp	0x27febc
steam	category-tree-builder	0x27f590	0x27ff9c	indirect-jmp	0x14027febc
steam	reagent-item-matcher	0x280010	0x280025	je	0x28002e
steam	reagent-item-matcher	0x280010	0x280042	je	0x280197
steam	reagent-item-matcher	0x280010	0x280051	js	0x280197
steam	reagent-item-matcher	0x280010	0x280069	jae	0x280197
steam	reagent-item-matcher	0x280010	0x28009e	js	0x2800fc
steam	reagent-item-matcher	0x280010	0x2800c9	je	0x2800f6
steam	reagent-item-matcher	0x280010	0x2800d9	je	0x2800e8
steam	reagent-item-matcher	0x280010	0x2800e6	jmp	0x2800f6
steam	reagent-item-matcher	0x280010	0x2800e6	indirect-jmp	0x1402800f6
steam	reagent-item-matcher	0x280010	0x2800fa	jns	0x2800a0
steam	reagent-item-matcher	0x280010	0x28010e	js	0x280188
steam	reagent-item-matcher	0x280010	0x280143	jae	0x28017b
steam	reagent-item-matcher	0x280010	0x280148	je	0x280150
steam	reagent-item-matcher	0x280010	0x28014e	jmp	0x280140
steam	reagent-item-matcher	0x280010	0x28014e	indirect-jmp	0x140280140
steam	reagent-item-matcher	0x280010	0x28015a	je	0x28017b
steam	reagent-item-matcher	0x280010	0x280186	jns	0x280122
steam	reagent-choice	0x2801a0	0x2801c7	jae	0x2801ec
steam	reagent-choice	0x2801a0	0x2801cf	je	0x2801e6
steam	reagent-choice	0x2801a0	0x2801ea	jmp	0x2801c4
steam	reagent-choice	0x2801a0	0x2801ea	indirect-jmp	0x1402801c4
steam	reagent-choice	0x2801a0	0x2801f3	je	0x2801f9
steam	reagent-choice	0x2801a0	0x28021a	je	0x28033a
steam	reagent-choice	0x2801a0	0x280234	jae	0x280240
steam	reagent-choice	0x2801a0	0x28023e	jmp	0x28027c
steam	reagent-choice	0x2801a0	0x28023e	indirect-jmp	0x14028027c
steam	reagent-choice	0x2801a0	0x280240	jbe	0x28027c
steam	reagent-choice	0x2801a0	0x280250	jbe	0x28025f
steam	reagent-choice	0x2801a0	0x28025d	jmp	0x28027c
steam	reagent-choice	0x2801a0	0x28025d	indirect-jmp	0x14028027c
steam	reagent-choice	0x2801a0	0x280293	jae	0x280335
steam	reagent-choice	0x2801a0	0x2802b2	jne	0x280328
steam	reagent-choice	0x2801a0	0x2802cb	je	0x2802d3
steam	reagent-choice	0x2801a0	0x2802d1	jne	0x280328
steam	reagent-choice	0x2801a0	0x280310	je	0x280328
steam	reagent-choice	0x2801a0	0x28031b	jbe	0x280320
steam	reagent-choice	0x2801a0	0x280330	jmp	0x280290
steam	reagent-choice	0x2801a0	0x280330	indirect-jmp	0x140280290
steam	reagent-choice	0x2801a0	0x280350	jmp	0x280360
steam	reagent-choice	0x2801a0	0x280350	indirect-jmp	0x140280360
steam	reaction-start	0x280360	0x28037e	je	0x28039f
steam	reaction-start	0x280360	0x2803c8	jae	0x2803f8
steam	reaction-start	0x280360	0x2803d8	jne	0x280417
steam	reaction-start	0x280360	0x2803f6	jb	0x2803d0
steam	reaction-start	0x280360	0x280437	je	0x2803f8
steam	reaction-completion	0x2804b0	0x280585	je	0x28097d
steam	reaction-completion	0x2804b0	0x2805a3	jae	0x2805ed
steam	reaction-completion	0x2804b0	0x2805b5	jg	0x2805e7
steam	reaction-completion	0x2804b0	0x2805ba	je	0x2805d0
steam	reaction-completion	0x2804b0	0x2805ce	jmp	0x2805a0
steam	reaction-completion	0x2804b0	0x2805ce	indirect-jmp	0x1402805a0
steam	reaction-completion	0x2804b0	0x2805eb	jmp	0x2805a0
steam	reaction-completion	0x2804b0	0x2805eb	indirect-jmp	0x1402805a0
steam	reaction-completion	0x2804b0	0x2805fb	je	0x28089d
steam	reaction-completion	0x2804b0	0x280616	je	0x28066b
steam	reaction-completion	0x2804b0	0x280629	jae	0x280664
steam	reaction-completion	0x2804b0	0x280637	jne	0x280647
steam	reaction-completion	0x2804b0	0x280645	jne	0x28064d
steam	reaction-completion	0x2804b0	0x28064b	jmp	0x280626
steam	reaction-completion	0x2804b0	0x28064b	indirect-jmp	0x140280626
steam	reaction-completion	0x2804b0	0x280669	jmp	0x280692
steam	reaction-completion	0x2804b0	0x280669	indirect-jmp	0x140280692
steam	reaction-completion	0x2804b0	0x280776	jbe	0x280793
steam	reaction-completion	0x2804b0	0x28078e	jmp	0x280833
steam	reaction-completion	0x2804b0	0x28078e	indirect-jmp	0x140280833
steam	reaction-completion	0x2804b0	0x280793	jne	0x280833
steam	reaction-completion	0x2804b0	0x2807fd	jbe	0x280833
steam	reaction-completion	0x2804b0	0x280810	jb	0x28082e
steam	reaction-completion	0x2804b0	0x280825	jbe	0x28082e
steam	reaction-completion	0x2804b0	0x280867	jbe	0x28089d
steam	reaction-completion	0x2804b0	0x28087a	jb	0x280898
steam	reaction-completion	0x2804b0	0x28088f	jbe	0x280898
steam	reaction-completion	0x2804b0	0x2808ca	je	0x280967
steam	reaction-completion	0x2804b0	0x2808df	je	0x280967
steam	reaction-completion	0x2804b0	0x2808f0	jb	0x280967
steam	reaction-completion	0x2804b0	0x2808fe	je	0x280905
steam	reaction-completion	0x2804b0	0x280903	jmp	0x28095e
steam	reaction-completion	0x2804b0	0x280903	indirect-jmp	0x14028095e
steam	reaction-completion	0x2804b0	0x28090d	je	0x280914
steam	reaction-completion	0x2804b0	0x280912	jmp	0x28095e
steam	reaction-completion	0x2804b0	0x280912	indirect-jmp	0x14028095e
steam	reaction-completion	0x2804b0	0x28091c	jle	0x28093c
steam	reaction-completion	0x2804b0	0x280929	jge	0x28093c
steam	reaction-completion	0x2804b0	0x28093a	jmp	0x28095e
steam	reaction-completion	0x2804b0	0x28093a	indirect-jmp	0x14028095e
steam	reaction-completion	0x2804b0	0x280947	jne	0x28095b
steam	reaction-completion	0x2804b0	0x280954	je	0x28095b
steam	reaction-completion	0x2804b0	0x280959	jmp	0x28095e
steam	reaction-completion	0x2804b0	0x280959	indirect-jmp	0x14028095e
steam	reaction-completion	0x2804b0	0x280992	je	0x280d98
steam	reaction-completion	0x2804b0	0x2809b7	jae	0x280a38
steam	reaction-completion	0x2804b0	0x2809c6	je	0x2809ec
steam	reaction-completion	0x2804b0	0x2809d3	jns	0x2809ec
steam	reaction-completion	0x2804b0	0x2809d8	je	0x2809e0
steam	reaction-completion	0x2804b0	0x2809de	jmp	0x2809c3
steam	reaction-completion	0x2804b0	0x2809de	indirect-jmp	0x1402809c3
steam	reaction-completion	0x2804b0	0x2809ea	jne	0x280a2f
steam	reaction-completion	0x2804b0	0x2809ef	je	0x280a0a
steam	reaction-completion	0x2804b0	0x280a08	jmp	0x2809b4
steam	reaction-completion	0x2804b0	0x280a08	indirect-jmp	0x1402809b4
steam	reaction-completion	0x2804b0	0x280a33	jmp	0x2809b4
steam	reaction-completion	0x2804b0	0x280a33	indirect-jmp	0x1402809b4
steam	reaction-completion	0x2804b0	0x280a46	je	0x280ca7
steam	reaction-completion	0x2804b0	0x280a61	je	0x280ab6
steam	reaction-completion	0x2804b0	0x280a74	jae	0x280aaf
steam	reaction-completion	0x2804b0	0x280a82	jne	0x280a92
steam	reaction-completion	0x2804b0	0x280a90	jne	0x280a98
steam	reaction-completion	0x2804b0	0x280a96	jmp	0x280a71
steam	reaction-completion	0x2804b0	0x280a96	indirect-jmp	0x140280a71
steam	reaction-completion	0x2804b0	0x280ab4	jmp	0x280add
steam	reaction-completion	0x2804b0	0x280ab4	indirect-jmp	0x140280add
steam	reaction-completion	0x2804b0	0x280bec	jbe	0x280c06
steam	reaction-completion	0x2804b0	0x280c04	jmp	0x280c70
steam	reaction-completion	0x2804b0	0x280c04	indirect-jmp	0x140280c70
steam	reaction-completion	0x2804b0	0x280c06	jne	0x280c70
steam	reaction-completion	0x2804b0	0x280ca5	jmp	0x280ca9
steam	reaction-completion	0x2804b0	0x280ca5	indirect-jmp	0x140280ca9
steam	reaction-completion	0x2804b0	0x280cae	jne	0x280d7f
steam	reaction-completion	0x2804b0	0x280ce1	je	0x280d7f
steam	reaction-completion	0x2804b0	0x280cf6	je	0x280d7f
steam	reaction-completion	0x2804b0	0x280d07	jb	0x280d7f
steam	reaction-completion	0x2804b0	0x280d15	je	0x280d1c
steam	reaction-completion	0x2804b0	0x280d1a	jmp	0x280d75
steam	reaction-completion	0x2804b0	0x280d1a	indirect-jmp	0x140280d75
steam	reaction-completion	0x2804b0	0x280d24	je	0x280d2b
steam	reaction-completion	0x2804b0	0x280d29	jmp	0x280d75
steam	reaction-completion	0x2804b0	0x280d29	indirect-jmp	0x140280d75
steam	reaction-completion	0x2804b0	0x280d33	jle	0x280d53
steam	reaction-completion	0x2804b0	0x280d40	jge	0x280d53
steam	reaction-completion	0x2804b0	0x280d51	jmp	0x280d75
steam	reaction-completion	0x2804b0	0x280d51	indirect-jmp	0x140280d75
steam	reaction-completion	0x2804b0	0x280d5e	jne	0x280d72
steam	reaction-completion	0x2804b0	0x280d6b	je	0x280d72
steam	reaction-completion	0x2804b0	0x280d70	jmp	0x280d75
steam	reaction-completion	0x2804b0	0x280d70	indirect-jmp	0x140280d75
steam	reaction-completion	0x2804b0	0x280da2	jne	0x280ffa
steam	reaction-completion	0x2804b0	0x280db2	jne	0x280ffa
steam	reaction-completion	0x2804b0	0x280dcd	je	0x280e20
steam	reaction-completion	0x2804b0	0x280de3	jae	0x280e47
steam	reaction-completion	0x2804b0	0x280df1	jne	0x280e01
steam	reaction-completion	0x2804b0	0x280dff	jne	0x280e07
steam	reaction-completion	0x2804b0	0x280e05	jmp	0x280de0
steam	reaction-completion	0x2804b0	0x280e05	indirect-jmp	0x140280de0
steam	reaction-completion	0x2804b0	0x280e1e	jmp	0x280e47
steam	reaction-completion	0x2804b0	0x280e1e	indirect-jmp	0x140280e47
steam	reaction-completion	0x2804b0	0x280ed8	je	0x280faa
steam	reaction-completion	0x2804b0	0x280f7b	jne	0x280f8c
steam	reaction-completion	0x2804b0	0x280f8a	jmp	0x280f99
steam	reaction-completion	0x2804b0	0x280f8a	indirect-jmp	0x140280f99
steam	reaction-completion	0x2804b0	0x280fa8	jmp	0x280fdb
steam	reaction-completion	0x2804b0	0x280fa8	indirect-jmp	0x140280fdb
steam	reaction-completion	0x2804b0	0x28100b	jae	0x281030
steam	reaction-completion	0x2804b0	0x281013	je	0x28102a
steam	reaction-completion	0x2804b0	0x28102e	jmp	0x281008
steam	reaction-completion	0x2804b0	0x28102e	indirect-jmp	0x140281008
steam	reaction-completion	0x2804b0	0x28103e	je	0x281047
steam	craft-row-count	0x27ffb0	0x27ffb5	je	0x27ffff
steam	craft-row-count	0x27ffb0	0x27ffba	je	0x27ffec
steam	craft-row-count	0x27ffb0	0x27ffbf	je	0x27ffd9
steam	craft-row-count	0x27ffb0	0x27ffc4	jne	0x27ffd6
steam	reaction-raw-parser	0xed1bd0	0xed1c1d	je	0xed2237
steam	reaction-raw-parser	0xed1bd0	0xed1c4d	jle	0xed222e
steam	reaction-raw-parser	0xed1bd0	0xed1c7e	je	0xed1ca5
steam	reaction-raw-parser	0xed1bd0	0xed1c89	jbe	0xed1c8e
steam	reaction-raw-parser	0xed1bd0	0xed1cb2	jbe	0xed221d
steam	reaction-raw-parser	0xed1bd0	0xed1cc9	jbe	0xed1cd2
steam	reaction-raw-parser	0xed1bd0	0xed1cd9	jne	0xed21f5
steam	reaction-raw-parser	0xed1bd0	0xed1d06	je	0xed52ae
steam	reaction-raw-parser	0xed1bd0	0xed1d1c	ja	0xed52ae
steam	reaction-raw-parser	0xed1bd0	0xed1d4a	jae	0xed1e9e
steam	reaction-raw-parser	0xed1bd0	0xed1d58	je	0xed1e9e
steam	reaction-raw-parser	0xed1bd0	0xed1d62	je	0xed1e9e
steam	reaction-raw-parser	0xed1bd0	0xed1d6b	jae	0xed1da6
steam	reaction-raw-parser	0xed1bd0	0xed1da1	jmp	0xed1e88
steam	reaction-raw-parser	0xed1bd0	0xed1da1	indirect-jmp	0x140ed1e88
steam	reaction-raw-parser	0xed1bd0	0xed1db3	jb	0xed52f1
steam	reaction-raw-parser	0xed1bd0	0xed1dc9	jbe	0xed1dd0
steam	reaction-raw-parser	0xed1bd0	0xed1dce	jmp	0xed1df1
steam	reaction-raw-parser	0xed1bd0	0xed1dce	indirect-jmp	0x140ed1df1
steam	reaction-raw-parser	0xed1bd0	0xed1ddf	jbe	0xed1de6
steam	reaction-raw-parser	0xed1bd0	0xed1de4	jmp	0xed1df1
steam	reaction-raw-parser	0xed1bd0	0xed1de4	indirect-jmp	0x140ed1df1
steam	reaction-raw-parser	0xed1bd0	0xed1e19	jbe	0xed1e64
steam	reaction-raw-parser	0xed1bd0	0xed1e42	jb	0xed1e5d
steam	reaction-raw-parser	0xed1bd0	0xed1e57	ja	0xed52e4
steam	reaction-raw-parser	0xed1bd0	0xed1e62	jmp	0xed1e77
steam	reaction-raw-parser	0xed1bd0	0xed1e62	indirect-jmp	0x140ed1e77
steam	reaction-raw-parser	0xed1bd0	0xed1e99	jmp	0xed1d47
steam	reaction-raw-parser	0xed1bd0	0xed1e99	indirect-jmp	0x140ed1d47
steam	reaction-raw-parser	0xed1bd0	0xed1ea1	je	0xed52b7
steam	reaction-raw-parser	0xed1bd0	0xed1eb7	jne	0xed2261
steam	reaction-raw-parser	0xed1bd0	0xed1ece	jne	0xed2261
steam	reaction-raw-parser	0xed1bd0	0xed1f17	ja	0xed2181
steam	reaction-raw-parser	0xed1bd0	0xed1f43	jae	0xed20b2
steam	reaction-raw-parser	0xed1bd0	0xed1f51	je	0xed20b2
steam	reaction-raw-parser	0xed1bd0	0xed1f5b	je	0xed20b2
steam	reaction-raw-parser	0xed1bd0	0xed1f64	jae	0xed1fad
steam	reaction-raw-parser	0xed1bd0	0xed1fab	jmp	0xed1f40
steam	reaction-raw-parser	0xed1bd0	0xed1fab	indirect-jmp	0x140ed1f40
steam	reaction-raw-parser	0xed1bd0	0xed1fc4	jb	0xed52f7
steam	reaction-raw-parser	0xed1bd0	0xed1fe0	jbe	0xed1fe7
steam	reaction-raw-parser	0xed1bd0	0xed1fe5	jmp	0xed2008
steam	reaction-raw-parser	0xed1bd0	0xed1fe5	indirect-jmp	0x140ed2008
steam	reaction-raw-parser	0xed1bd0	0xed1ff6	jbe	0xed1ffd
steam	reaction-raw-parser	0xed1bd0	0xed1ffb	jmp	0xed2008
steam	reaction-raw-parser	0xed1bd0	0xed1ffb	indirect-jmp	0x140ed2008
steam	reaction-raw-parser	0xed1bd0	0xed2031	jbe	0xed207c
steam	reaction-raw-parser	0xed1bd0	0xed205a	jb	0xed2075
steam	reaction-raw-parser	0xed1bd0	0xed206f	ja	0xed52c1
steam	reaction-raw-parser	0xed1bd0	0xed207a	jmp	0xed2092
steam	reaction-raw-parser	0xed1bd0	0xed207a	indirect-jmp	0x140ed2092
steam	reaction-raw-parser	0xed1bd0	0xed20ad	jmp	0xed1f40
steam	reaction-raw-parser	0xed1bd0	0xed20ad	indirect-jmp	0x140ed1f40
steam	reaction-raw-parser	0xed1bd0	0xed20b5	je	0xed2177
steam	reaction-raw-parser	0xed1bd0	0xed20d1	je	0xed20f8
steam	reaction-raw-parser	0xed1bd0	0xed20fc	jbe	0xed2130
steam	reaction-raw-parser	0xed1bd0	0xed210c	jb	0xed2127
steam	reaction-raw-parser	0xed1bd0	0xed2121	ja	0xed52e4
steam	reaction-raw-parser	0xed1bd0	0xed2139	jbe	0xed21f5
steam	reaction-raw-parser	0xed1bd0	0xed2152	jb	0xed216d
steam	reaction-raw-parser	0xed1bd0	0xed2167	ja	0xed29c0
steam	reaction-raw-parser	0xed1bd0	0xed2175	jmp	0xed21f5
steam	reaction-raw-parser	0xed1bd0	0xed2175	indirect-jmp	0x140ed21f5
steam	reaction-raw-parser	0xed1bd0	0xed2185	jbe	0xed21b9
steam	reaction-raw-parser	0xed1bd0	0xed2195	jb	0xed21b0
steam	reaction-raw-parser	0xed1bd0	0xed21aa	ja	0xed52e4
steam	reaction-raw-parser	0xed1bd0	0xed21bd	jbe	0xed21f0
steam	reaction-raw-parser	0xed1bd0	0xed21cd	jb	0xed21e8
steam	reaction-raw-parser	0xed1bd0	0xed21e2	ja	0xed29c0
steam	reaction-raw-parser	0xed1bd0	0xed2213	jb	0xed1cc0
steam	reaction-raw-parser	0xed1bd0	0xed2228	jl	0xed1c5f
steam	reaction-raw-parser	0xed1bd0	0xed2271	jne	0xed29cc
steam	reaction-raw-parser	0xed1bd0	0xed2288	jne	0xed29cc
steam	reaction-raw-parser	0xed1bd0	0xed22fd	ja	0xed29c7
steam	reaction-raw-parser	0xed1bd0	0xed2327	jae	0xed24a4
steam	reaction-raw-parser	0xed1bd0	0xed2335	je	0xed24a4
steam	reaction-raw-parser	0xed1bd0	0xed233f	je	0xed24a4
steam	reaction-raw-parser	0xed1bd0	0xed2348	jae	0xed2391
steam	reaction-raw-parser	0xed1bd0	0xed238f	jmp	0xed231f
steam	reaction-raw-parser	0xed1bd0	0xed238f	indirect-jmp	0x140ed231f
steam	reaction-raw-parser	0xed1bd0	0xed23a8	jb	0xed52fd
steam	reaction-raw-parser	0xed1bd0	0xed23c4	jbe	0xed23cb
steam	reaction-raw-parser	0xed1bd0	0xed23c9	jmp	0xed23ec
steam	reaction-raw-parser	0xed1bd0	0xed23c9	indirect-jmp	0x140ed23ec
steam	reaction-raw-parser	0xed1bd0	0xed23da	jbe	0xed23e1
steam	reaction-raw-parser	0xed1bd0	0xed23df	jmp	0xed23ec
steam	reaction-raw-parser	0xed1bd0	0xed23df	indirect-jmp	0x140ed23ec
steam	reaction-raw-parser	0xed1bd0	0xed2415	jbe	0xed2476
steam	reaction-raw-parser	0xed1bd0	0xed243e	jb	0xed2459
steam	reaction-raw-parser	0xed1bd0	0xed2453	ja	0xed52c8
steam	reaction-raw-parser	0xed1bd0	0xed2471	jmp	0xed231f
steam	reaction-raw-parser	0xed1bd0	0xed2471	indirect-jmp	0x140ed231f
steam	reaction-raw-parser	0xed1bd0	0xed249f	jmp	0xed231f
steam	reaction-raw-parser	0xed1bd0	0xed249f	indirect-jmp	0x140ed231f
steam	reaction-raw-parser	0xed1bd0	0xed24a7	je	0xed29c7
steam	reaction-raw-parser	0xed1bd0	0xed24e3	ja	0xed2913
steam	reaction-raw-parser	0xed1bd0	0xed250e	jae	0xed268e
steam	reaction-raw-parser	0xed1bd0	0xed251c	je	0xed268e
steam	reaction-raw-parser	0xed1bd0	0xed2526	je	0xed268e
steam	reaction-raw-parser	0xed1bd0	0xed252f	jae	0xed257d
steam	reaction-raw-parser	0xed1bd0	0xed257b	jmp	0xed2506
steam	reaction-raw-parser	0xed1bd0	0xed257b	indirect-jmp	0x140ed2506
steam	reaction-raw-parser	0xed1bd0	0xed2594	jb	0xed52fd
steam	reaction-raw-parser	0xed1bd0	0xed25b2	jbe	0xed25b9
steam	reaction-raw-parser	0xed1bd0	0xed25b7	jmp	0xed25da
steam	reaction-raw-parser	0xed1bd0	0xed25b7	indirect-jmp	0x140ed25da
steam	reaction-raw-parser	0xed1bd0	0xed25c8	jbe	0xed25cf
steam	reaction-raw-parser	0xed1bd0	0xed25cd	jmp	0xed25da
steam	reaction-raw-parser	0xed1bd0	0xed25cd	indirect-jmp	0x140ed25da
steam	reaction-raw-parser	0xed1bd0	0xed260d	jbe	0xed2658
steam	reaction-raw-parser	0xed1bd0	0xed2636	jb	0xed2651
steam	reaction-raw-parser	0xed1bd0	0xed264b	ja	0xed52c8
steam	reaction-raw-parser	0xed1bd0	0xed2656	jmp	0xed266e
steam	reaction-raw-parser	0xed1bd0	0xed2656	indirect-jmp	0x140ed266e
steam	reaction-raw-parser	0xed1bd0	0xed2689	jmp	0xed2506
steam	reaction-raw-parser	0xed1bd0	0xed2689	indirect-jmp	0x140ed2506
steam	reaction-raw-parser	0xed1bd0	0xed2691	je	0xed290e
steam	reaction-raw-parser	0xed1bd0	0xed26d4	je	0xed26f4
steam	reaction-raw-parser	0xed1bd0	0xed2702	je	0xed2711
steam	reaction-raw-parser	0xed1bd0	0xed270f	jmp	0xed2722
steam	reaction-raw-parser	0xed1bd0	0xed270f	indirect-jmp	0x140ed2722
steam	reaction-raw-parser	0xed1bd0	0xed274f	jne	0xed2769
steam	reaction-raw-parser	0xed1bd0	0xed2755	jge	0xed275d
steam	reaction-raw-parser	0xed1bd0	0xed275b	jmp	0xed2763
steam	reaction-raw-parser	0xed1bd0	0xed275b	indirect-jmp	0x140ed2763
steam	reaction-raw-parser	0xed1bd0	0xed2767	je	0xed2751
steam	reaction-raw-parser	0xed1bd0	0xed276d	jne	0xed2775
steam	reaction-raw-parser	0xed1bd0	0xed2773	jge	0xed2778
steam	reaction-raw-parser	0xed1bd0	0xed2782	je	0xed27aa
steam	reaction-raw-parser	0xed1bd0	0xed27a8	jmp	0xed27d9
steam	reaction-raw-parser	0xed1bd0	0xed27a8	indirect-jmp	0x140ed27d9
steam	reaction-raw-parser	0xed1bd0	0xed2804	jne	0xed2814
steam	reaction-raw-parser	0xed1bd0	0xed280d	jne	0xed2814
steam	reaction-raw-parser	0xed1bd0	0xed2812	jmp	0xed2817
steam	reaction-raw-parser	0xed1bd0	0xed2812	indirect-jmp	0x140ed2817
steam	reaction-raw-parser	0xed1bd0	0xed281b	jbe	0xed285d
steam	reaction-raw-parser	0xed1bd0	0xed282b	jb	0xed2846
steam	reaction-raw-parser	0xed1bd0	0xed2840	ja	0xed52c8
steam	reaction-raw-parser	0xed1bd0	0xed2860	jne	0xed2874
steam	reaction-raw-parser	0xed1bd0	0xed286c	jl	0xed2740
steam	reaction-raw-parser	0xed1bd0	0xed2872	jmp	0xed287c
steam	reaction-raw-parser	0xed1bd0	0xed2872	indirect-jmp	0x140ed287c
steam	reaction-raw-parser	0xed1bd0	0xed2893	je	0xed289f
steam	reaction-raw-parser	0xed1bd0	0xed289d	jmp	0xed28aa
steam	reaction-raw-parser	0xed1bd0	0xed289d	indirect-jmp	0x140ed28aa
steam	reaction-raw-parser	0xed1bd0	0xed28cd	jbe	0xed2901
steam	reaction-raw-parser	0xed1bd0	0xed28e1	jb	0xed28fc
steam	reaction-raw-parser	0xed1bd0	0xed28f6	ja	0xed29c0
steam	reaction-raw-parser	0xed1bd0	0xed2909	jmp	0xed21f5
steam	reaction-raw-parser	0xed1bd0	0xed2909	indirect-jmp	0x140ed21f5
steam	reaction-raw-parser	0xed1bd0	0xed2917	jbe	0xed2948
steam	reaction-raw-parser	0xed1bd0	0xed2927	jb	0xed2942
steam	reaction-raw-parser	0xed1bd0	0xed293c	ja	0xed52cf
steam	reaction-raw-parser	0xed1bd0	0xed294c	jbe	0xed2980
steam	reaction-raw-parser	0xed1bd0	0xed295c	jb	0xed2977
steam	reaction-raw-parser	0xed1bd0	0xed2971	ja	0xed52e4
steam	reaction-raw-parser	0xed1bd0	0xed2989	jbe	0xed21f0
steam	reaction-raw-parser	0xed1bd0	0xed29a1	jb	0xed21eb
steam	reaction-raw-parser	0xed1bd0	0xed29ba	jbe	0xed21eb
steam	reaction-raw-parser	0xed1bd0	0xed29c7	jmp	0xed2948
steam	reaction-raw-parser	0xed1bd0	0xed29c7	indirect-jmp	0x140ed2948
steam	reaction-raw-parser	0xed1bd0	0xed29dc	jne	0xed2a15
steam	reaction-raw-parser	0xed1bd0	0xed29ef	jne	0xed2a15
steam	reaction-raw-parser	0xed1bd0	0xed29fd	jle	0xed2a06
steam	reaction-raw-parser	0xed1bd0	0xed2a0a	jbe	0xed21f5
steam	reaction-raw-parser	0xed1bd0	0xed2a10	jmp	0xed2144
steam	reaction-raw-parser	0xed1bd0	0xed2a10	indirect-jmp	0x140ed2144
steam	reaction-raw-parser	0xed1bd0	0xed2a25	jne	0xed2a51
steam	reaction-raw-parser	0xed1bd0	0xed2a38	jne	0xed2a51
steam	reaction-raw-parser	0xed1bd0	0xed2a46	jle	0xed2a06
steam	reaction-raw-parser	0xed1bd0	0xed2a4f	jmp	0xed2a06
steam	reaction-raw-parser	0xed1bd0	0xed2a4f	indirect-jmp	0x140ed2a06
steam	reaction-raw-parser	0xed1bd0	0xed2a61	jne	0xed2a90
steam	reaction-raw-parser	0xed1bd0	0xed2a74	jne	0xed2a90
steam	reaction-raw-parser	0xed1bd0	0xed2a82	jle	0xed2a06
steam	reaction-raw-parser	0xed1bd0	0xed2a8b	jmp	0xed2a06
steam	reaction-raw-parser	0xed1bd0	0xed2a8b	indirect-jmp	0x140ed2a06
steam	reaction-raw-parser	0xed1bd0	0xed2aa0	jne	0xed2ad3
steam	reaction-raw-parser	0xed1bd0	0xed2ab3	jne	0xed2ad3
steam	reaction-raw-parser	0xed1bd0	0xed2ac1	jle	0xed2a06
steam	reaction-raw-parser	0xed1bd0	0xed2ace	jmp	0xed2a06
steam	reaction-raw-parser	0xed1bd0	0xed2ace	indirect-jmp	0x140ed2a06
steam	reaction-raw-parser	0xed1bd0	0xed2ae3	jne	0xed2b16
steam	reaction-raw-parser	0xed1bd0	0xed2af6	jne	0xed2b16
steam	reaction-raw-parser	0xed1bd0	0xed2b04	jle	0xed2a06
steam	reaction-raw-parser	0xed1bd0	0xed2b11	jmp	0xed2a06
steam	reaction-raw-parser	0xed1bd0	0xed2b11	indirect-jmp	0x140ed2a06
steam	reaction-raw-parser	0xed1bd0	0xed2b26	jne	0xed2e05
steam	reaction-raw-parser	0xed1bd0	0xed2b3d	jne	0xed2e05
steam	reaction-raw-parser	0xed1bd0	0xed2b4d	je	0xed2a06
steam	reaction-raw-parser	0xed1bd0	0xed2b96	ja	0xed2dc5
steam	reaction-raw-parser	0xed1bd0	0xed2bc3	jae	0xed2d32
steam	reaction-raw-parser	0xed1bd0	0xed2bd1	je	0xed2d32
steam	reaction-raw-parser	0xed1bd0	0xed2bdb	je	0xed2d32
steam	reaction-raw-parser	0xed1bd0	0xed2be4	jae	0xed2c2d
steam	reaction-raw-parser	0xed1bd0	0xed2c2b	jmp	0xed2bc0
steam	reaction-raw-parser	0xed1bd0	0xed2c2b	indirect-jmp	0x140ed2bc0
steam	reaction-raw-parser	0xed1bd0	0xed2c44	jb	0xed5303
steam	reaction-raw-parser	0xed1bd0	0xed2c60	jbe	0xed2c67
steam	reaction-raw-parser	0xed1bd0	0xed2c65	jmp	0xed2c88
steam	reaction-raw-parser	0xed1bd0	0xed2c65	indirect-jmp	0x140ed2c88
steam	reaction-raw-parser	0xed1bd0	0xed2c76	jbe	0xed2c7d
steam	reaction-raw-parser	0xed1bd0	0xed2c7b	jmp	0xed2c88
steam	reaction-raw-parser	0xed1bd0	0xed2c7b	indirect-jmp	0x140ed2c88
steam	reaction-raw-parser	0xed1bd0	0xed2cb1	jbe	0xed2cfc
steam	reaction-raw-parser	0xed1bd0	0xed2cda	jb	0xed2cf5
steam	reaction-raw-parser	0xed1bd0	0xed2cef	ja	0xed52d6
steam	reaction-raw-parser	0xed1bd0	0xed2cfa	jmp	0xed2d12
steam	reaction-raw-parser	0xed1bd0	0xed2cfa	indirect-jmp	0x140ed2d12
steam	reaction-raw-parser	0xed1bd0	0xed2d2d	jmp	0xed2bc0
steam	reaction-raw-parser	0xed1bd0	0xed2d2d	indirect-jmp	0x140ed2bc0
steam	reaction-raw-parser	0xed1bd0	0xed2d3a	je	0xed2dbb
steam	reaction-raw-parser	0xed1bd0	0xed2d4e	je	0xed2d75
steam	reaction-raw-parser	0xed1bd0	0xed2d79	jbe	0xed2dac
steam	reaction-raw-parser	0xed1bd0	0xed2d89	jb	0xed2da4
steam	reaction-raw-parser	0xed1bd0	0xed2d9e	ja	0xed52e4
steam	reaction-raw-parser	0xed1bd0	0xed2db6	jmp	0xed2a06
steam	reaction-raw-parser	0xed1bd0	0xed2db6	indirect-jmp	0x140ed2a06
steam	reaction-raw-parser	0xed1bd0	0xed2dc9	jbe	0xed2a06
steam	reaction-raw-parser	0xed1bd0	0xed2ddd	jb	0xed2df8
steam	reaction-raw-parser	0xed1bd0	0xed2df2	ja	0xed52e4
steam	reaction-raw-parser	0xed1bd0	0xed2e00	jmp	0xed2a06
steam	reaction-raw-parser	0xed1bd0	0xed2e00	indirect-jmp	0x140ed2a06
steam	reaction-raw-parser	0xed1bd0	0xed2e15	jne	0xed2e2a
steam	reaction-raw-parser	0xed1bd0	0xed2e28	je	0xed2e57
steam	reaction-raw-parser	0xed1bd0	0xed2e3a	jne	0xed3086
steam	reaction-raw-parser	0xed1bd0	0xed2e51	jne	0xed3086
steam	reaction-raw-parser	0xed1bd0	0xed2e61	je	0xed2a06
steam	reaction-raw-parser	0xed1bd0	0xed2e9b	ja	0xed3043
steam	reaction-raw-parser	0xed1bd0	0xed2ec5	jae	0xed300f
steam	reaction-raw-parser	0xed1bd0	0xed2ed3	je	0xed300f
steam	reaction-raw-parser	0xed1bd0	0xed2edd	je	0xed300f
steam	reaction-raw-parser	0xed1bd0	0xed2ee6	jae	0xed2f1b
steam	reaction-raw-parser	0xed1bd0	0xed2f19	jmp	0xed2ebd
steam	reaction-raw-parser	0xed1bd0	0xed2f19	indirect-jmp	0x140ed2ebd
steam	reaction-raw-parser	0xed1bd0	0xed2f32	jb	0xed52eb
steam	reaction-raw-parser	0xed1bd0	0xed2f4e	jbe	0xed2f55
steam	reaction-raw-parser	0xed1bd0	0xed2f53	jmp	0xed2f76
steam	reaction-raw-parser	0xed1bd0	0xed2f53	indirect-jmp	0x140ed2f76
steam	reaction-raw-parser	0xed1bd0	0xed2f64	jbe	0xed2f6b
steam	reaction-raw-parser	0xed1bd0	0xed2f69	jmp	0xed2f76
steam	reaction-raw-parser	0xed1bd0	0xed2f69	indirect-jmp	0x140ed2f76
steam	reaction-raw-parser	0xed1bd0	0xed2f99	jbe	0xed2fe4
steam	reaction-raw-parser	0xed1bd0	0xed2fc2	jb	0xed2fdd
steam	reaction-raw-parser	0xed1bd0	0xed2fd7	ja	0xed52dd
steam	reaction-raw-parser	0xed1bd0	0xed2fe2	jmp	0xed2ff7
steam	reaction-raw-parser	0xed1bd0	0xed2fe2	indirect-jmp	0x140ed2ff7
steam	reaction-raw-parser	0xed1bd0	0xed300a	jmp	0xed2ebd
steam	reaction-raw-parser	0xed1bd0	0xed300a	indirect-jmp	0x140ed2ebd
steam	reaction-raw-parser	0xed1bd0	0xed3017	je	0xed3043
steam	reaction-raw-parser	0xed1bd0	0xed303e	jmp	0xed2a06
steam	reaction-raw-parser	0xed1bd0	0xed303e	indirect-jmp	0x140ed2a06
steam	reaction-raw-parser	0xed1bd0	0xed3047	jbe	0xed3078
steam	reaction-raw-parser	0xed1bd0	0xed3057	jb	0xed3072
steam	reaction-raw-parser	0xed1bd0	0xed306c	ja	0xed52e4
steam	reaction-raw-parser	0xed1bd0	0xed3081	jmp	0xed21f5
steam	reaction-raw-parser	0xed1bd0	0xed3081	indirect-jmp	0x140ed21f5
steam	reaction-raw-parser	0xed1bd0	0xed3096	jne	0xed3108
steam	reaction-raw-parser	0xed1bd0	0xed30a9	jne	0xed3108
steam	reaction-raw-parser	0xed1bd0	0xed30b5	je	0xed30e4
steam	reaction-raw-parser	0xed1bd0	0xed30d8	jne	0xed30f2
steam	reaction-raw-parser	0xed1bd0	0xed30ed	jmp	0xed21f5
steam	reaction-raw-parser	0xed1bd0	0xed30ed	indirect-jmp	0x140ed21f5
steam	reaction-raw-parser	0xed1bd0	0xed3106	jmp	0xed30da
steam	reaction-raw-parser	0xed1bd0	0xed3106	indirect-jmp	0x140ed30da
steam	reaction-raw-parser	0xed1bd0	0xed311a	je	0xed3130
steam	reaction-raw-parser	0xed1bd0	0xed3128	je	0xed30e4
steam	reaction-raw-parser	0xed1bd0	0xed312e	jmp	0xed30e4
steam	reaction-raw-parser	0xed1bd0	0xed312e	indirect-jmp	0x140ed30e4
steam	reaction-raw-parser	0xed1bd0	0xed3142	jne	0xed5290
steam	reaction-raw-parser	0xed1bd0	0xed315a	jne	0xed5290
steam	reaction-raw-parser	0xed1bd0	0xed3172	je	0xed318f
steam	reaction-raw-parser	0xed1bd0	0xed3180	je	0xed30e4
steam	reaction-raw-parser	0xed1bd0	0xed318a	jmp	0xed30e4
steam	reaction-raw-parser	0xed1bd0	0xed318a	indirect-jmp	0x140ed30e4
steam	reaction-raw-parser	0xed1bd0	0xed31a1	je	0xed31be
steam	reaction-raw-parser	0xed1bd0	0xed31af	je	0xed30e4
steam	reaction-raw-parser	0xed1bd0	0xed31b9	jmp	0xed30e4
steam	reaction-raw-parser	0xed1bd0	0xed31b9	indirect-jmp	0x140ed30e4
steam	reaction-raw-parser	0xed1bd0	0xed31d0	je	0xed31f0
steam	reaction-raw-parser	0xed1bd0	0xed31de	je	0xed30e4
steam	reaction-raw-parser	0xed1bd0	0xed31eb	jmp	0xed30e4
steam	reaction-raw-parser	0xed1bd0	0xed31eb	indirect-jmp	0x140ed30e4
steam	reaction-raw-parser	0xed1bd0	0xed3202	je	0xed3222
steam	reaction-raw-parser	0xed1bd0	0xed3210	je	0xed30e4
steam	reaction-raw-parser	0xed1bd0	0xed321d	jmp	0xed30e4
steam	reaction-raw-parser	0xed1bd0	0xed321d	indirect-jmp	0x140ed30e4
steam	reaction-raw-parser	0xed1bd0	0xed3234	je	0xed3254
steam	reaction-raw-parser	0xed1bd0	0xed3242	je	0xed30e4
steam	reaction-raw-parser	0xed1bd0	0xed324f	jmp	0xed30e4
steam	reaction-raw-parser	0xed1bd0	0xed324f	indirect-jmp	0x140ed30e4
steam	reaction-raw-parser	0xed1bd0	0xed3266	je	0xed3283
steam	reaction-raw-parser	0xed1bd0	0xed3274	je	0xed30e4
steam	reaction-raw-parser	0xed1bd0	0xed327e	jmp	0xed30e4
steam	reaction-raw-parser	0xed1bd0	0xed327e	indirect-jmp	0x140ed30e4
steam	reaction-raw-parser	0xed1bd0	0xed3295	je	0xed32b5
steam	reaction-raw-parser	0xed1bd0	0xed32a3	je	0xed30e4
steam	reaction-raw-parser	0xed1bd0	0xed32b0	jmp	0xed30e4
steam	reaction-raw-parser	0xed1bd0	0xed32b0	indirect-jmp	0x140ed30e4
steam	reaction-raw-parser	0xed1bd0	0xed32c7	je	0xed32e7
steam	reaction-raw-parser	0xed1bd0	0xed32d5	je	0xed30e4
steam	reaction-raw-parser	0xed1bd0	0xed32e2	jmp	0xed30e4
steam	reaction-raw-parser	0xed1bd0	0xed32e2	indirect-jmp	0x140ed30e4
steam	reaction-raw-parser	0xed1bd0	0xed32f9	je	0xed3319
steam	reaction-raw-parser	0xed1bd0	0xed3307	je	0xed30e4
steam	reaction-raw-parser	0xed1bd0	0xed3314	jmp	0xed30e4
steam	reaction-raw-parser	0xed1bd0	0xed3314	indirect-jmp	0x140ed30e4
steam	reaction-raw-parser	0xed1bd0	0xed332b	je	0xed334b
steam	reaction-raw-parser	0xed1bd0	0xed3339	je	0xed30e4
steam	reaction-raw-parser	0xed1bd0	0xed3346	jmp	0xed30e4
steam	reaction-raw-parser	0xed1bd0	0xed3346	indirect-jmp	0x140ed30e4
steam	reaction-raw-parser	0xed1bd0	0xed335d	je	0xed337d
steam	reaction-raw-parser	0xed1bd0	0xed336b	je	0xed30e4
steam	reaction-raw-parser	0xed1bd0	0xed3378	jmp	0xed30e4
steam	reaction-raw-parser	0xed1bd0	0xed3378	indirect-jmp	0x140ed30e4
steam	reaction-raw-parser	0xed1bd0	0xed338f	je	0xed33af
steam	reaction-raw-parser	0xed1bd0	0xed339d	je	0xed30e4
steam	reaction-raw-parser	0xed1bd0	0xed33aa	jmp	0xed30e4
steam	reaction-raw-parser	0xed1bd0	0xed33aa	indirect-jmp	0x140ed30e4
steam	reaction-raw-parser	0xed1bd0	0xed33c1	je	0xed33e1
steam	reaction-raw-parser	0xed1bd0	0xed33cf	je	0xed30e4
steam	reaction-raw-parser	0xed1bd0	0xed33dc	jmp	0xed30e4
steam	reaction-raw-parser	0xed1bd0	0xed33dc	indirect-jmp	0x140ed30e4
steam	reaction-raw-parser	0xed1bd0	0xed33f3	je	0xed3413
steam	reaction-raw-parser	0xed1bd0	0xed3401	je	0xed30e4
steam	reaction-raw-parser	0xed1bd0	0xed340e	jmp	0xed30e4
steam	reaction-raw-parser	0xed1bd0	0xed340e	indirect-jmp	0x140ed30e4
steam	reaction-raw-parser	0xed1bd0	0xed3425	je	0xed3445
steam	reaction-raw-parser	0xed1bd0	0xed3433	je	0xed30e4
steam	reaction-raw-parser	0xed1bd0	0xed3440	jmp	0xed30e4
steam	reaction-raw-parser	0xed1bd0	0xed3440	indirect-jmp	0x140ed30e4
steam	reaction-raw-parser	0xed1bd0	0xed3457	je	0xed3477
steam	reaction-raw-parser	0xed1bd0	0xed3465	je	0xed30e4
steam	reaction-raw-parser	0xed1bd0	0xed3472	jmp	0xed30e4
steam	reaction-raw-parser	0xed1bd0	0xed3472	indirect-jmp	0x140ed30e4
steam	reaction-raw-parser	0xed1bd0	0xed3489	je	0xed34a9
steam	reaction-raw-parser	0xed1bd0	0xed3497	je	0xed30e4
steam	reaction-raw-parser	0xed1bd0	0xed34a4	jmp	0xed30e4
steam	reaction-raw-parser	0xed1bd0	0xed34a4	indirect-jmp	0x140ed30e4
steam	reaction-raw-parser	0xed1bd0	0xed34bb	je	0xed34db
steam	reaction-raw-parser	0xed1bd0	0xed34c9	je	0xed30e4
steam	reaction-raw-parser	0xed1bd0	0xed34d6	jmp	0xed30e4
steam	reaction-raw-parser	0xed1bd0	0xed34d6	indirect-jmp	0x140ed30e4
steam	reaction-raw-parser	0xed1bd0	0xed34ed	je	0xed3510
steam	reaction-raw-parser	0xed1bd0	0xed34fb	je	0xed30e4
steam	reaction-raw-parser	0xed1bd0	0xed350b	jmp	0xed30e4
steam	reaction-raw-parser	0xed1bd0	0xed350b	indirect-jmp	0x140ed30e4
steam	reaction-raw-parser	0xed1bd0	0xed3522	je	0xed3545
steam	reaction-raw-parser	0xed1bd0	0xed3530	je	0xed30e4
steam	reaction-raw-parser	0xed1bd0	0xed3540	jmp	0xed30e4
steam	reaction-raw-parser	0xed1bd0	0xed3540	indirect-jmp	0x140ed30e4
steam	reaction-raw-parser	0xed1bd0	0xed3557	je	0xed357a
steam	reaction-raw-parser	0xed1bd0	0xed3565	je	0xed30e4
steam	reaction-raw-parser	0xed1bd0	0xed3575	jmp	0xed30e4
steam	reaction-raw-parser	0xed1bd0	0xed3575	indirect-jmp	0x140ed30e4
steam	reaction-raw-parser	0xed1bd0	0xed358c	je	0xed35ac
steam	reaction-raw-parser	0xed1bd0	0xed359a	je	0xed30e4
steam	reaction-raw-parser	0xed1bd0	0xed35a7	jmp	0xed30e4
steam	reaction-raw-parser	0xed1bd0	0xed35a7	indirect-jmp	0x140ed30e4
steam	reaction-raw-parser	0xed1bd0	0xed35be	je	0xed35de
steam	reaction-raw-parser	0xed1bd0	0xed35cc	je	0xed30e4
steam	reaction-raw-parser	0xed1bd0	0xed35d9	jmp	0xed30e4
steam	reaction-raw-parser	0xed1bd0	0xed35d9	indirect-jmp	0x140ed30e4
steam	reaction-raw-parser	0xed1bd0	0xed35f0	je	0xed3610
steam	reaction-raw-parser	0xed1bd0	0xed35fe	je	0xed30e4
steam	reaction-raw-parser	0xed1bd0	0xed360b	jmp	0xed30e4
steam	reaction-raw-parser	0xed1bd0	0xed360b	indirect-jmp	0x140ed30e4
steam	reaction-raw-parser	0xed1bd0	0xed3622	je	0xed3642
steam	reaction-raw-parser	0xed1bd0	0xed3630	je	0xed30e4
steam	reaction-raw-parser	0xed1bd0	0xed363d	jmp	0xed30e4
steam	reaction-raw-parser	0xed1bd0	0xed363d	indirect-jmp	0x140ed30e4
steam	reaction-raw-parser	0xed1bd0	0xed3654	je	0xed3677
steam	reaction-raw-parser	0xed1bd0	0xed3662	je	0xed30e4
steam	reaction-raw-parser	0xed1bd0	0xed3672	jmp	0xed30e4
steam	reaction-raw-parser	0xed1bd0	0xed3672	indirect-jmp	0x140ed30e4
steam	reaction-raw-parser	0xed1bd0	0xed3689	je	0xed36a9
steam	reaction-raw-parser	0xed1bd0	0xed3697	je	0xed30e4
steam	reaction-raw-parser	0xed1bd0	0xed36a4	jmp	0xed30e4
steam	reaction-raw-parser	0xed1bd0	0xed36a4	indirect-jmp	0x140ed30e4
steam	reaction-raw-parser	0xed1bd0	0xed36bb	je	0xed36de
steam	reaction-raw-parser	0xed1bd0	0xed36c9	je	0xed30e4
steam	reaction-raw-parser	0xed1bd0	0xed36d9	jmp	0xed30e4
steam	reaction-raw-parser	0xed1bd0	0xed36d9	indirect-jmp	0x140ed30e4
steam	reaction-raw-parser	0xed1bd0	0xed36f0	je	0xed3713
steam	reaction-raw-parser	0xed1bd0	0xed36fe	je	0xed30e4
steam	reaction-raw-parser	0xed1bd0	0xed370e	jmp	0xed30e4
steam	reaction-raw-parser	0xed1bd0	0xed370e	indirect-jmp	0x140ed30e4
steam	reaction-raw-parser	0xed1bd0	0xed3725	je	0xed3745
steam	reaction-raw-parser	0xed1bd0	0xed3733	je	0xed30e4
steam	reaction-raw-parser	0xed1bd0	0xed3740	jmp	0xed30e4
steam	reaction-raw-parser	0xed1bd0	0xed3740	indirect-jmp	0x140ed30e4
steam	reaction-raw-parser	0xed1bd0	0xed3757	je	0xed3777
steam	reaction-raw-parser	0xed1bd0	0xed3765	je	0xed30e4
steam	reaction-raw-parser	0xed1bd0	0xed3772	jmp	0xed30e4
steam	reaction-raw-parser	0xed1bd0	0xed3772	indirect-jmp	0x140ed30e4
steam	reaction-raw-parser	0xed1bd0	0xed3789	je	0xed37ac
steam	reaction-raw-parser	0xed1bd0	0xed3797	je	0xed30e4
steam	reaction-raw-parser	0xed1bd0	0xed37a7	jmp	0xed30e4
steam	reaction-raw-parser	0xed1bd0	0xed37a7	indirect-jmp	0x140ed30e4
steam	reaction-raw-parser	0xed1bd0	0xed37be	je	0xed37de
steam	reaction-raw-parser	0xed1bd0	0xed37cc	je	0xed30e4
steam	reaction-raw-parser	0xed1bd0	0xed37d9	jmp	0xed30e4
steam	reaction-raw-parser	0xed1bd0	0xed37d9	indirect-jmp	0x140ed30e4
steam	reaction-raw-parser	0xed1bd0	0xed37f0	je	0xed3813
steam	reaction-raw-parser	0xed1bd0	0xed37fe	je	0xed30e4
steam	reaction-raw-parser	0xed1bd0	0xed380e	jmp	0xed30e4
steam	reaction-raw-parser	0xed1bd0	0xed380e	indirect-jmp	0x140ed30e4
steam	reaction-raw-parser	0xed1bd0	0xed3825	je	0xed3845
steam	reaction-raw-parser	0xed1bd0	0xed3833	je	0xed30e4
steam	reaction-raw-parser	0xed1bd0	0xed3840	jmp	0xed30e4
steam	reaction-raw-parser	0xed1bd0	0xed3840	indirect-jmp	0x140ed30e4
steam	reaction-raw-parser	0xed1bd0	0xed3857	je	0xed387a
steam	reaction-raw-parser	0xed1bd0	0xed3865	je	0xed30e4
steam	reaction-raw-parser	0xed1bd0	0xed3875	jmp	0xed30e4
steam	reaction-raw-parser	0xed1bd0	0xed3875	indirect-jmp	0x140ed30e4
steam	reaction-raw-parser	0xed1bd0	0xed388c	je	0xed38ac
steam	reaction-raw-parser	0xed1bd0	0xed389a	je	0xed30e4
steam	reaction-raw-parser	0xed1bd0	0xed38a7	jmp	0xed30e4
steam	reaction-raw-parser	0xed1bd0	0xed38a7	indirect-jmp	0x140ed30e4
steam	reaction-raw-parser	0xed1bd0	0xed38be	je	0xed38e1
steam	reaction-raw-parser	0xed1bd0	0xed38cc	je	0xed30e4
steam	reaction-raw-parser	0xed1bd0	0xed38dc	jmp	0xed30e4
steam	reaction-raw-parser	0xed1bd0	0xed38dc	indirect-jmp	0x140ed30e4
steam	reaction-raw-parser	0xed1bd0	0xed38f3	je	0xed3916
steam	reaction-raw-parser	0xed1bd0	0xed3901	je	0xed30e4
steam	reaction-raw-parser	0xed1bd0	0xed3911	jmp	0xed30e4
steam	reaction-raw-parser	0xed1bd0	0xed3911	indirect-jmp	0x140ed30e4
steam	reaction-raw-parser	0xed1bd0	0xed3928	je	0xed394b
steam	reaction-raw-parser	0xed1bd0	0xed3936	je	0xed30e4
steam	reaction-raw-parser	0xed1bd0	0xed3946	jmp	0xed30e4
steam	reaction-raw-parser	0xed1bd0	0xed3946	indirect-jmp	0x140ed30e4
steam	reaction-raw-parser	0xed1bd0	0xed395d	je	0xed3980
steam	reaction-raw-parser	0xed1bd0	0xed396b	je	0xed30e4
steam	reaction-raw-parser	0xed1bd0	0xed397b	jmp	0xed30e4
steam	reaction-raw-parser	0xed1bd0	0xed397b	indirect-jmp	0x140ed30e4
steam	reaction-raw-parser	0xed1bd0	0xed3992	je	0xed39b5
steam	reaction-raw-parser	0xed1bd0	0xed39a0	je	0xed30e4
steam	reaction-raw-parser	0xed1bd0	0xed39b0	jmp	0xed30e4
steam	reaction-raw-parser	0xed1bd0	0xed39b0	indirect-jmp	0x140ed30e4
steam	reaction-raw-parser	0xed1bd0	0xed39c7	je	0xed39ea
steam	reaction-raw-parser	0xed1bd0	0xed39d5	je	0xed30e4
steam	reaction-raw-parser	0xed1bd0	0xed39e5	jmp	0xed30e4
steam	reaction-raw-parser	0xed1bd0	0xed39e5	indirect-jmp	0x140ed30e4
steam	reaction-raw-parser	0xed1bd0	0xed39fc	jne	0xed3524
steam	reaction-raw-parser	0xed1bd0	0xed3a14	jne	0xed3559
steam	reaction-raw-parser	0xed1bd0	0xed3a2c	je	0xed3a8d
steam	reaction-raw-parser	0xed1bd0	0xed3a4f	jne	0xed3a69
steam	reaction-raw-parser	0xed1bd0	0xed3a64	jmp	0xed21f0
steam	reaction-raw-parser	0xed1bd0	0xed3a64	indirect-jmp	0x140ed21f0
steam	reaction-raw-parser	0xed1bd0	0xed3a75	je	0xed3a88
steam	reaction-raw-parser	0xed1bd0	0xed3a88	jmp	0xed30da
steam	reaction-raw-parser	0xed1bd0	0xed3a88	indirect-jmp	0x140ed30da
steam	reaction-raw-parser	0xed1bd0	0xed3a9f	je	0xed3aea
steam	reaction-raw-parser	0xed1bd0	0xed3ac2	jne	0xed3ac6
steam	reaction-raw-parser	0xed1bd0	0xed3ac4	jmp	0xed3a51
steam	reaction-raw-parser	0xed1bd0	0xed3ac4	indirect-jmp	0x140ed3a51
steam	reaction-raw-parser	0xed1bd0	0xed3ad0	je	0xed3ae5
steam	reaction-raw-parser	0xed1bd0	0xed3ae5	jmp	0xed30da
steam	reaction-raw-parser	0xed1bd0	0xed3ae5	indirect-jmp	0x140ed30da
steam	reaction-raw-parser	0xed1bd0	0xed3afc	je	0xed3b4b
steam	reaction-raw-parser	0xed1bd0	0xed3b1f	jne	0xed3b26
steam	reaction-raw-parser	0xed1bd0	0xed3b21	jmp	0xed3a51
steam	reaction-raw-parser	0xed1bd0	0xed3b21	indirect-jmp	0x140ed3a51
steam	reaction-raw-parser	0xed1bd0	0xed3b30	je	0xed3b46
steam	reaction-raw-parser	0xed1bd0	0xed3b46	jmp	0xed30da
steam	reaction-raw-parser	0xed1bd0	0xed3b46	indirect-jmp	0x140ed30da
steam	reaction-raw-parser	0xed1bd0	0xed3b5d	je	0xed3c37
steam	reaction-raw-parser	0xed1bd0	0xed3b8e	jne	0xed3ba3
steam	reaction-raw-parser	0xed1bd0	0xed3b9e	jmp	0xed3a55
steam	reaction-raw-parser	0xed1bd0	0xed3b9e	indirect-jmp	0x140ed3a55
steam	reaction-raw-parser	0xed1bd0	0xed3bba	jne	0xed3bcf
steam	reaction-raw-parser	0xed1bd0	0xed3bca	jmp	0xed3a55
steam	reaction-raw-parser	0xed1bd0	0xed3bca	indirect-jmp	0x140ed3a55
steam	reaction-raw-parser	0xed1bd0	0xed3c02	jge	0xed3c0e
steam	reaction-raw-parser	0xed1bd0	0xed3c18	jge	0xed3c24
steam	reaction-raw-parser	0xed1bd0	0xed3c32	jmp	0xed30de
steam	reaction-raw-parser	0xed1bd0	0xed3c32	indirect-jmp	0x140ed30de
steam	reaction-raw-parser	0xed1bd0	0xed3c49	je	0xed3ca5
steam	reaction-raw-parser	0xed1bd0	0xed3c6c	jne	0xed3c73
steam	reaction-raw-parser	0xed1bd0	0xed3c6e	jmp	0xed3a51
steam	reaction-raw-parser	0xed1bd0	0xed3c6e	indirect-jmp	0x140ed3a51
steam	reaction-raw-parser	0xed1bd0	0xed3c94	jge	0xed3ca0
steam	reaction-raw-parser	0xed1bd0	0xed3ca0	jmp	0xed30da
steam	reaction-raw-parser	0xed1bd0	0xed3ca0	indirect-jmp	0x140ed30da
steam	reaction-raw-parser	0xed1bd0	0xed3cb7	je	0xed3d13
steam	reaction-raw-parser	0xed1bd0	0xed3cda	jne	0xed3ce1
steam	reaction-raw-parser	0xed1bd0	0xed3cdc	jmp	0xed3a51
steam	reaction-raw-parser	0xed1bd0	0xed3cdc	indirect-jmp	0x140ed3a51
steam	reaction-raw-parser	0xed1bd0	0xed3d02	jge	0xed3d0e
steam	reaction-raw-parser	0xed1bd0	0xed3d0e	jmp	0xed30da
steam	reaction-raw-parser	0xed1bd0	0xed3d0e	indirect-jmp	0x140ed30da
steam	reaction-raw-parser	0xed1bd0	0xed3d25	je	0xed3e30
steam	reaction-raw-parser	0xed1bd0	0xed3d4c	jne	0xed3d53
steam	reaction-raw-parser	0xed1bd0	0xed3d4e	jmp	0xed3a51
steam	reaction-raw-parser	0xed1bd0	0xed3d4e	indirect-jmp	0x140ed3a51
steam	reaction-raw-parser	0xed1bd0	0xed3da2	jge	0xed3dee
steam	reaction-raw-parser	0xed1bd0	0xed3dc1	jne	0xed3dea
steam	reaction-raw-parser	0xed1bd0	0xed3de6	jl	0xed3db0
steam	reaction-raw-parser	0xed1bd0	0xed3de8	jmp	0xed3dee
steam	reaction-raw-parser	0xed1bd0	0xed3de8	indirect-jmp	0x140ed3dee
steam	reaction-raw-parser	0xed1bd0	0xed3df3	jne	0xed3e2b
steam	reaction-raw-parser	0xed1bd0	0xed3e2b	jmp	0xed30da
steam	reaction-raw-parser	0xed1bd0	0xed3e2b	indirect-jmp	0x140ed30da
steam	reaction-raw-parser	0xed1bd0	0xed3e42	je	0xed3e8d
steam	reaction-raw-parser	0xed1bd0	0xed3e65	jne	0xed3e6c
steam	reaction-raw-parser	0xed1bd0	0xed3e67	jmp	0xed3a51
steam	reaction-raw-parser	0xed1bd0	0xed3e67	indirect-jmp	0x140ed3a51
steam	reaction-raw-parser	0xed1bd0	0xed3e78	je	0xed3e88
steam	reaction-raw-parser	0xed1bd0	0xed3e88	jmp	0xed30da
steam	reaction-raw-parser	0xed1bd0	0xed3e88	indirect-jmp	0x140ed30da
steam	reaction-raw-parser	0xed1bd0	0xed3e9f	je	0xed3eea
steam	reaction-raw-parser	0xed1bd0	0xed3ec2	jne	0xed3ec9
steam	reaction-raw-parser	0xed1bd0	0xed3ec4	jmp	0xed3a51
steam	reaction-raw-parser	0xed1bd0	0xed3ec4	indirect-jmp	0x140ed3a51
steam	reaction-raw-parser	0xed1bd0	0xed3ed5	je	0xed3ee5
steam	reaction-raw-parser	0xed1bd0	0xed3ee5	jmp	0xed30da
steam	reaction-raw-parser	0xed1bd0	0xed3ee5	indirect-jmp	0x140ed30da
steam	reaction-raw-parser	0xed1bd0	0xed3efc	je	0xed3f47
steam	reaction-raw-parser	0xed1bd0	0xed3f1f	jne	0xed3f26
steam	reaction-raw-parser	0xed1bd0	0xed3f21	jmp	0xed3a51
steam	reaction-raw-parser	0xed1bd0	0xed3f21	indirect-jmp	0x140ed3a51
steam	reaction-raw-parser	0xed1bd0	0xed3f32	je	0xed3f42
steam	reaction-raw-parser	0xed1bd0	0xed3f42	jmp	0xed30da
steam	reaction-raw-parser	0xed1bd0	0xed3f42	indirect-jmp	0x140ed30da
steam	reaction-raw-parser	0xed1bd0	0xed3f59	je	0xed3fdc
steam	reaction-raw-parser	0xed1bd0	0xed3f80	jne	0xed3f87
steam	reaction-raw-parser	0xed1bd0	0xed3f82	jmp	0xed3a51
steam	reaction-raw-parser	0xed1bd0	0xed3f82	indirect-jmp	0x140ed3a51
steam	reaction-raw-parser	0xed1bd0	0xed3fb6	jne	0xed3fc4
steam	reaction-raw-parser	0xed1bd0	0xed3fc0	jl	0xed3f90
steam	reaction-raw-parser	0xed1bd0	0xed3fc2	jmp	0xed3fc6
steam	reaction-raw-parser	0xed1bd0	0xed3fc2	indirect-jmp	0x140ed3fc6
steam	reaction-raw-parser	0xed1bd0	0xed3fd2	je	0xed3fd7
steam	reaction-raw-parser	0xed1bd0	0xed3fd7	jmp	0xed30da
steam	reaction-raw-parser	0xed1bd0	0xed3fd7	indirect-jmp	0x140ed30da
steam	reaction-raw-parser	0xed1bd0	0xed3fee	je	0xed41b1
steam	reaction-raw-parser	0xed1bd0	0xed4015	jne	0xed401c
steam	reaction-raw-parser	0xed1bd0	0xed4017	jmp	0xed3a51
steam	reaction-raw-parser	0xed1bd0	0xed4017	indirect-jmp	0x140ed3a51
steam	reaction-raw-parser	0xed1bd0	0xed402e	je	0xed40c3
steam	reaction-raw-parser	0xed1bd0	0xed4055	jne	0xed4066
steam	reaction-raw-parser	0xed1bd0	0xed4061	jmp	0xed3a51
steam	reaction-raw-parser	0xed1bd0	0xed4061	indirect-jmp	0x140ed3a51
steam	reaction-raw-parser	0xed1bd0	0xed40be	jmp	0xed30da
steam	reaction-raw-parser	0xed1bd0	0xed40be	indirect-jmp	0x140ed30da
steam	reaction-raw-parser	0xed1bd0	0xed40d5	je	0xed416a
steam	reaction-raw-parser	0xed1bd0	0xed40fc	jne	0xed410d
steam	reaction-raw-parser	0xed1bd0	0xed4108	jmp	0xed3a51
steam	reaction-raw-parser	0xed1bd0	0xed4108	indirect-jmp	0x140ed3a51
steam	reaction-raw-parser	0xed1bd0	0xed4165	jmp	0xed30da
steam	reaction-raw-parser	0xed1bd0	0xed4165	indirect-jmp	0x140ed30da
steam	reaction-raw-parser	0xed1bd0	0xed41ac	jmp	0xed30da
steam	reaction-raw-parser	0xed1bd0	0xed41ac	indirect-jmp	0x140ed30da
steam	reaction-raw-parser	0xed1bd0	0xed41c3	je	0xed420c
steam	reaction-raw-parser	0xed1bd0	0xed41e6	jne	0xed41ed
steam	reaction-raw-parser	0xed1bd0	0xed41e8	jmp	0xed3a51
steam	reaction-raw-parser	0xed1bd0	0xed41e8	indirect-jmp	0x140ed3a51
steam	reaction-raw-parser	0xed1bd0	0xed4207	jmp	0xed30da
steam	reaction-raw-parser	0xed1bd0	0xed4207	indirect-jmp	0x140ed30da
steam	reaction-raw-parser	0xed1bd0	0xed421e	je	0xed427a
steam	reaction-raw-parser	0xed1bd0	0xed4241	jne	0xed4248
steam	reaction-raw-parser	0xed1bd0	0xed4243	jmp	0xed3a51
steam	reaction-raw-parser	0xed1bd0	0xed4243	indirect-jmp	0x140ed3a51
steam	reaction-raw-parser	0xed1bd0	0xed4269	jg	0xed4275
steam	reaction-raw-parser	0xed1bd0	0xed4275	jmp	0xed30da
steam	reaction-raw-parser	0xed1bd0	0xed4275	indirect-jmp	0x140ed30da
steam	reaction-raw-parser	0xed1bd0	0xed428c	je	0xed4642
steam	reaction-raw-parser	0xed1bd0	0xed42b3	jne	0xed42be
steam	reaction-raw-parser	0xed1bd0	0xed42b9	jmp	0xed3a55
steam	reaction-raw-parser	0xed1bd0	0xed42b9	indirect-jmp	0x140ed3a55
steam	reaction-raw-parser	0xed1bd0	0xed42e5	jne	0xed42fd
steam	reaction-raw-parser	0xed1bd0	0xed42f8	jmp	0xed3a55
steam	reaction-raw-parser	0xed1bd0	0xed42f8	indirect-jmp	0x140ed3a55
steam	reaction-raw-parser	0xed1bd0	0xed431e	jne	0xed4340
steam	reaction-raw-parser	0xed1bd0	0xed433b	jmp	0xed3a55
steam	reaction-raw-parser	0xed1bd0	0xed433b	indirect-jmp	0x140ed3a55
steam	reaction-raw-parser	0xed1bd0	0xed4352	je	0xed4420
steam	reaction-raw-parser	0xed1bd0	0xed4379	jne	0xed4386
steam	reaction-raw-parser	0xed1bd0	0xed4384	jmp	0xed4320
steam	reaction-raw-parser	0xed1bd0	0xed4384	indirect-jmp	0x140ed4320
steam	reaction-raw-parser	0xed1bd0	0xed441b	jmp	0xed30de
steam	reaction-raw-parser	0xed1bd0	0xed441b	indirect-jmp	0x140ed30de
steam	reaction-raw-parser	0xed1bd0	0xed4462	jne	0xed4493
steam	reaction-raw-parser	0xed1bd0	0xed448e	jmp	0xed4320
steam	reaction-raw-parser	0xed1bd0	0xed448e	indirect-jmp	0x140ed4320
steam	reaction-raw-parser	0xed1bd0	0xed44aa	je	0xed4464
steam	reaction-raw-parser	0xed1bd0	0xed44b7	jne	0xed44d5
steam	reaction-raw-parser	0xed1bd0	0xed44d3	je	0xed4464
steam	reaction-raw-parser	0xed1bd0	0xed44e7	jne	0xed44fd
steam	reaction-raw-parser	0xed1bd0	0xed44fb	je	0xed451a
steam	reaction-raw-parser	0xed1bd0	0xed4514	je	0xed4464
steam	reaction-raw-parser	0xed1bd0	0xed4553	je	0xed456c
steam	reaction-raw-parser	0xed1bd0	0xed457e	je	0xed4597
steam	reaction-raw-parser	0xed1bd0	0xed463d	jmp	0xed43fa
steam	reaction-raw-parser	0xed1bd0	0xed463d	indirect-jmp	0x140ed43fa
steam	reaction-raw-parser	0xed1bd0	0xed4654	je	0xed491b
steam	reaction-raw-parser	0xed1bd0	0xed46d2	jne	0xed471b
steam	reaction-raw-parser	0xed1bd0	0xed4716	jmp	0xed30da
steam	reaction-raw-parser	0xed1bd0	0xed4716	indirect-jmp	0x140ed30da
steam	reaction-raw-parser	0xed1bd0	0xed4732	je	0xed46d4
steam	reaction-raw-parser	0xed1bd0	0xed474b	je	0xed46d4
steam	reaction-raw-parser	0xed1bd0	0xed476b	je	0xed4786
steam	reaction-raw-parser	0xed1bd0	0xed477b	jne	0xed4820
steam	reaction-raw-parser	0xed1bd0	0xed4781	jmp	0xed46d4
steam	reaction-raw-parser	0xed1bd0	0xed4781	indirect-jmp	0x140ed46d4
steam	reaction-raw-parser	0xed1bd0	0xed4794	je	0xed46d4
steam	reaction-raw-parser	0xed1bd0	0xed47b1	je	0xed46d4
steam	reaction-raw-parser	0xed1bd0	0xed47c2	jne	0xed47e4
steam	reaction-raw-parser	0xed1bd0	0xed47de	je	0xed46d4
steam	reaction-raw-parser	0xed1bd0	0xed47f6	jne	0xed4820
steam	reaction-raw-parser	0xed1bd0	0xed480a	jne	0xed4820
steam	reaction-raw-parser	0xed1bd0	0xed481e	je	0xed483d
steam	reaction-raw-parser	0xed1bd0	0xed4837	je	0xed46d4
steam	reaction-raw-parser	0xed1bd0	0xed4886	je	0xed48a6
steam	reaction-raw-parser	0xed1bd0	0xed4916	jmp	0xed46d4
steam	reaction-raw-parser	0xed1bd0	0xed4916	indirect-jmp	0x140ed46d4
steam	reaction-raw-parser	0xed1bd0	0xed492d	je	0xed4ef1
steam	reaction-raw-parser	0xed1bd0	0xed4986	jne	0xed49ab
steam	reaction-raw-parser	0xed1bd0	0xed49a6	jmp	0xed30de
steam	reaction-raw-parser	0xed1bd0	0xed49a6	indirect-jmp	0x140ed30de
steam	reaction-raw-parser	0xed1bd0	0xed49c2	je	0xed4988
steam	reaction-raw-parser	0xed1bd0	0xed49de	je	0xed4988
steam	reaction-raw-parser	0xed1bd0	0xed49f5	ja	0xed4988
steam	reaction-raw-parser	0xed1bd0	0xed4a0c	indirect-jmp	rdx
steam	reaction-raw-parser	0xed1bd0	0xed4a4d	je	0xed4b90
steam	reaction-raw-parser	0xed1bd0	0xed4a6a	je	0xed4b90
steam	reaction-raw-parser	0xed1bd0	0xed4a7b	jne	0xed4a9a
steam	reaction-raw-parser	0xed1bd0	0xed4a94	je	0xed4b90
steam	reaction-raw-parser	0xed1bd0	0xed4aac	jne	0xed4ad6
steam	reaction-raw-parser	0xed1bd0	0xed4ac0	jne	0xed4ad6
steam	reaction-raw-parser	0xed1bd0	0xed4ad4	je	0xed4af3
steam	reaction-raw-parser	0xed1bd0	0xed4aed	je	0xed4b90
steam	reaction-raw-parser	0xed1bd0	0xed4b01	je	0xed4b90
steam	reaction-raw-parser	0xed1bd0	0xed4bb7	jmp	0xed4988
steam	reaction-raw-parser	0xed1bd0	0xed4bb7	indirect-jmp	0x140ed4988
steam	reaction-raw-parser	0xed1bd0	0xed4bfb	je	0xed4d37
steam	reaction-raw-parser	0xed1bd0	0xed4c18	je	0xed4d37
steam	reaction-raw-parser	0xed1bd0	0xed4c29	jne	0xed4c48
steam	reaction-raw-parser	0xed1bd0	0xed4c42	je	0xed4d37
steam	reaction-raw-parser	0xed1bd0	0xed4c5a	jne	0xed4c84
steam	reaction-raw-parser	0xed1bd0	0xed4c6e	jne	0xed4c84
steam	reaction-raw-parser	0xed1bd0	0xed4c82	je	0xed4ca1
steam	reaction-raw-parser	0xed1bd0	0xed4c9b	je	0xed4d37
steam	reaction-raw-parser	0xed1bd0	0xed4d5e	jmp	0xed4988
steam	reaction-raw-parser	0xed1bd0	0xed4d5e	indirect-jmp	0x140ed4988
steam	reaction-raw-parser	0xed1bd0	0xed4d98	je	0xed4ecf
steam	reaction-raw-parser	0xed1bd0	0xed4da9	jne	0xed4dc8
steam	reaction-raw-parser	0xed1bd0	0xed4dc2	je	0xed4ecf
steam	reaction-raw-parser	0xed1bd0	0xed4dda	jne	0xed4e04
steam	reaction-raw-parser	0xed1bd0	0xed4dee	jne	0xed4e04
steam	reaction-raw-parser	0xed1bd0	0xed4e02	je	0xed4e21
steam	reaction-raw-parser	0xed1bd0	0xed4e1b	je	0xed4ecf
steam	reaction-raw-parser	0xed1bd0	0xed4ea2	je	0xed4eb5
steam	reaction-raw-parser	0xed1bd0	0xed4eec	jmp	0xed4988
steam	reaction-raw-parser	0xed1bd0	0xed4eec	indirect-jmp	0x140ed4988
steam	reaction-raw-parser	0xed1bd0	0xed4f03	je	0xed4f4e
steam	reaction-raw-parser	0xed1bd0	0xed4f26	jne	0xed4f2d
steam	reaction-raw-parser	0xed1bd0	0xed4f28	jmp	0xed3a51
steam	reaction-raw-parser	0xed1bd0	0xed4f28	indirect-jmp	0x140ed3a51
steam	reaction-raw-parser	0xed1bd0	0xed4f39	je	0xed4f49
steam	reaction-raw-parser	0xed1bd0	0xed4f49	jmp	0xed30da
steam	reaction-raw-parser	0xed1bd0	0xed4f49	indirect-jmp	0x140ed30da
steam	reaction-raw-parser	0xed1bd0	0xed4f60	je	0xed4fab
steam	reaction-raw-parser	0xed1bd0	0xed4f83	jne	0xed4f8a
steam	reaction-raw-parser	0xed1bd0	0xed4f85	jmp	0xed3a51
steam	reaction-raw-parser	0xed1bd0	0xed4f85	indirect-jmp	0x140ed3a51
steam	reaction-raw-parser	0xed1bd0	0xed4f94	je	0xed4fa6
steam	reaction-raw-parser	0xed1bd0	0xed4fa6	jmp	0xed30da
steam	reaction-raw-parser	0xed1bd0	0xed4fa6	indirect-jmp	0x140ed30da
steam	reaction-raw-parser	0xed1bd0	0xed4fbd	je	0xed5008
steam	reaction-raw-parser	0xed1bd0	0xed4fe0	jne	0xed4fe7
steam	reaction-raw-parser	0xed1bd0	0xed4fe2	jmp	0xed3a51
steam	reaction-raw-parser	0xed1bd0	0xed4fe2	indirect-jmp	0x140ed3a51
steam	reaction-raw-parser	0xed1bd0	0xed4ff3	je	0xed5003
steam	reaction-raw-parser	0xed1bd0	0xed5003	jmp	0xed30da
steam	reaction-raw-parser	0xed1bd0	0xed5003	indirect-jmp	0x140ed30da
steam	reaction-raw-parser	0xed1bd0	0xed501a	je	0xed5037
steam	reaction-raw-parser	0xed1bd0	0xed5028	je	0xed30e4
steam	reaction-raw-parser	0xed1bd0	0xed5032	jmp	0xed30e4
steam	reaction-raw-parser	0xed1bd0	0xed5032	indirect-jmp	0x140ed30e4
steam	reaction-raw-parser	0xed1bd0	0xed5049	je	0xed5066
steam	reaction-raw-parser	0xed1bd0	0xed5057	je	0xed30e4
steam	reaction-raw-parser	0xed1bd0	0xed5061	jmp	0xed30e4
steam	reaction-raw-parser	0xed1bd0	0xed5061	indirect-jmp	0x140ed30e4
steam	reaction-raw-parser	0xed1bd0	0xed5078	je	0xed509f
steam	reaction-raw-parser	0xed1bd0	0xed5086	je	0xed30e4
steam	reaction-raw-parser	0xed1bd0	0xed509a	jmp	0xed30e4
steam	reaction-raw-parser	0xed1bd0	0xed509a	indirect-jmp	0x140ed30e4
steam	reaction-raw-parser	0xed1bd0	0xed50b1	je	0xed50d8
steam	reaction-raw-parser	0xed1bd0	0xed50bf	je	0xed30e4
steam	reaction-raw-parser	0xed1bd0	0xed50d3	jmp	0xed30e4
steam	reaction-raw-parser	0xed1bd0	0xed50d3	indirect-jmp	0x140ed30e4
steam	reaction-raw-parser	0xed1bd0	0xed50ea	je	0xed5115
steam	reaction-raw-parser	0xed1bd0	0xed50f8	je	0xed30e4
steam	reaction-raw-parser	0xed1bd0	0xed5110	jmp	0xed30e4
steam	reaction-raw-parser	0xed1bd0	0xed5110	indirect-jmp	0x140ed30e4
steam	reaction-raw-parser	0xed1bd0	0xed5127	je	0xed514e
steam	reaction-raw-parser	0xed1bd0	0xed5135	je	0xed30e4
steam	reaction-raw-parser	0xed1bd0	0xed5149	jmp	0xed30e4
steam	reaction-raw-parser	0xed1bd0	0xed5149	indirect-jmp	0x140ed30e4
steam	reaction-raw-parser	0xed1bd0	0xed5153	je	0xed5238
steam	reaction-raw-parser	0xed1bd0	0xed516b	je	0xed5188
steam	reaction-raw-parser	0xed1bd0	0xed5183	jmp	0xed30e4
steam	reaction-raw-parser	0xed1bd0	0xed5183	indirect-jmp	0x140ed30e4
steam	reaction-raw-parser	0xed1bd0	0xed519a	je	0xed51e0
steam	reaction-raw-parser	0xed1bd0	0xed51bd	jne	0xed51c4
steam	reaction-raw-parser	0xed1bd0	0xed51bf	jmp	0xed3a51
steam	reaction-raw-parser	0xed1bd0	0xed51bf	indirect-jmp	0x140ed3a51
steam	reaction-raw-parser	0xed1bd0	0xed51db	jmp	0xed30da
steam	reaction-raw-parser	0xed1bd0	0xed51db	indirect-jmp	0x140ed30da
steam	reaction-raw-parser	0xed1bd0	0xed51f2	je	0xed5238
steam	reaction-raw-parser	0xed1bd0	0xed5215	jne	0xed521c
steam	reaction-raw-parser	0xed1bd0	0xed5217	jmp	0xed3a51
steam	reaction-raw-parser	0xed1bd0	0xed5217	indirect-jmp	0x140ed3a51
steam	reaction-raw-parser	0xed1bd0	0xed5233	jmp	0xed30da
steam	reaction-raw-parser	0xed1bd0	0xed5233	indirect-jmp	0x140ed30da
steam	reaction-raw-parser	0xed1bd0	0xed528b	jmp	0xed30de
steam	reaction-raw-parser	0xed1bd0	0xed528b	indirect-jmp	0x140ed30de
steam	reaction-raw-parser	0xed1bd0	0xed529c	je	0xed30e4
steam	reaction-raw-parser	0xed1bd0	0xed52a9	jmp	0xed30e4
steam	reaction-raw-parser	0xed1bd0	0xed52a9	indirect-jmp	0x140ed30e4
steam	reaction-raw-parser	0xed1bd0	0xed52b2	jmp	0xed2a06
steam	reaction-raw-parser	0xed1bd0	0xed52b2	indirect-jmp	0x140ed2a06
steam	reaction-raw-parser	0xed1bd0	0xed52bc	jmp	0xed2a06
steam	reaction-raw-parser	0xed1bd0	0xed52bc	indirect-jmp	0x140ed2a06
steam	reagent-item-filter-description	0xa2adb0	0xa2adf3	jbe	0xa2adf8
steam	reagent-item-filter-description	0xa2adb0	0xa2ae0a	jle	0xa2ae99
steam	reagent-item-filter-description	0xa2adb0	0xa2ae1b	ja	0xa2ae7d
steam	reagent-item-filter-description	0xa2adb0	0xa2ae2f	indirect-jmp	rcx
steam	reagent-item-filter-description	0xa2adb0	0xa2ae38	jb	0xa2ae7d
steam	reagent-item-filter-description	0xa2adb0	0xa2ae49	jmp	0xa2ae7d
steam	reagent-item-filter-description	0xa2adb0	0xa2ae49	indirect-jmp	0x140a2ae7d
steam	reagent-item-filter-description	0xa2adb0	0xa2ae52	jb	0xa2ae7d
steam	reagent-item-filter-description	0xa2adb0	0xa2ae63	jmp	0xa2ae7d
steam	reagent-item-filter-description	0xa2adb0	0xa2ae63	indirect-jmp	0x140a2ae7d
steam	reagent-item-filter-description	0xa2adb0	0xa2ae6c	jb	0xa2ae7d
steam	reagent-item-filter-description	0xa2adb0	0xa2aea2	jle	0xa2aee5
steam	reagent-item-filter-description	0xa2adb0	0xa2aeab	je	0xa2aec8
steam	reagent-item-filter-description	0xa2adb0	0xa2aeaf	je	0xa2aec0
steam	reagent-item-filter-description	0xa2adb0	0xa2aeb4	jne	0xa2aee5
steam	reagent-item-filter-description	0xa2adb0	0xa2aebc	je	0xa2aed0
steam	reagent-item-filter-description	0xa2adb0	0xa2aebe	jmp	0xa2aee5
steam	reagent-item-filter-description	0xa2adb0	0xa2aebe	indirect-jmp	0x140a2aee5
steam	reagent-item-filter-description	0xa2adb0	0xa2aec6	jmp	0xa2aece
steam	reagent-item-filter-description	0xa2adb0	0xa2aec6	indirect-jmp	0x140a2aece
steam	reagent-item-filter-description	0xa2adb0	0xa2aece	jne	0xa2aee5
steam	reagent-item-filter-description	0xa2adb0	0xa2aee9	je	0xa2af00
steam	reagent-item-filter-description	0xa2adb0	0xa2af05	je	0xa2af1c
steam	reagent-item-filter-description	0xa2adb0	0xa2af21	je	0xa2af38
steam	reagent-item-filter-description	0xa2adb0	0xa2af3d	je	0xa2af54
steam	reagent-item-filter-description	0xa2adb0	0xa2af59	je	0xa2af70
steam	reagent-item-filter-description	0xa2adb0	0xa2af75	je	0xa2af8c
steam	reagent-item-filter-description	0xa2adb0	0xa2af92	je	0xa2afad
steam	reagent-item-filter-description	0xa2adb0	0xa2afb2	jne	0xa2afcd
steam	reagent-item-filter-description	0xa2adb0	0xa2afb6	jns	0xa2afcd
steam	reagent-item-filter-description	0xa2adb0	0xa2afd5	je	0xa2afec
steam	reagent-item-filter-description	0xa2adb0	0xa2aff4	je	0xa2b00b
steam	reagent-item-filter-description	0xa2adb0	0xa2b013	je	0xa2b02a
steam	reagent-item-filter-description	0xa2adb0	0xa2b032	je	0xa2b049
steam	reagent-item-filter-description	0xa2adb0	0xa2b051	je	0xa2b068
steam	reagent-item-filter-description	0xa2adb0	0xa2b076	je	0xa2b08a
steam	reagent-item-filter-description	0xa2adb0	0xa2b092	je	0xa2b0a9
steam	reagent-item-filter-description	0xa2adb0	0xa2b0b1	je	0xa2b0c8
steam	reagent-item-filter-description	0xa2adb0	0xa2b0d0	je	0xa2b0e4
steam	reagent-item-filter-description	0xa2adb0	0xa2b0ec	je	0xa2b103
steam	reagent-item-filter-description	0xa2adb0	0xa2b10b	je	0xa2b122
steam	reagent-item-filter-description	0xa2adb0	0xa2b12a	je	0xa2b141
steam	reagent-item-filter-description	0xa2adb0	0xa2b149	je	0xa2b160
steam	reagent-item-filter-description	0xa2adb0	0xa2b168	je	0xa2b17f
steam	reagent-item-filter-description	0xa2adb0	0xa2b183	jge	0xa2b19a
steam	reagent-item-filter-description	0xa2adb0	0xa2b1a2	je	0xa2b1b9
steam	reagent-item-filter-description	0xa2adb0	0xa2b1c1	je	0xa2b1d8
steam	reagent-item-filter-description	0xa2adb0	0xa2b1e0	je	0xa2b1f7
steam	reagent-item-filter-description	0xa2adb0	0xa2b1ff	je	0xa2b216
steam	reagent-item-filter-description	0xa2adb0	0xa2b21e	je	0xa2b235
steam	reagent-item-filter-description	0xa2adb0	0xa2b239	je	0xa2b2a4
steam	reagent-item-filter-description	0xa2adb0	0xa2b244	js	0xa2b28f
steam	reagent-item-filter-description	0xa2adb0	0xa2b25d	jge	0xa2b28f
steam	reagent-item-filter-description	0xa2adb0	0xa2b270	jbe	0xa2b275
steam	reagent-item-filter-description	0xa2adb0	0xa2b2a9	je	0xa2b2c0
steam	reagent-item-filter-description	0xa2adb0	0xa2b2c8	je	0xa2b2df
steam	reagent-item-filter-description	0xa2adb0	0xa2b2e4	je	0xa2b2fb
steam	reagent-item-filter-description	0xa2adb0	0xa2b300	je	0xa2b317
steam	reagent-item-filter-description	0xa2adb0	0xa2b31f	jae	0xa2b33a
steam	reagent-item-filter-description	0xa2adb0	0xa2b33f	jne	0xa2b35c
steam	reagent-item-filter-description	0xa2adb0	0xa2b345	jae	0xa2b35c
steam	reagent-item-filter-description	0xa2adb0	0xa2b361	je	0xa2b378
steam	reagent-item-filter-description	0xa2adb0	0xa2b37d	je	0xa2b394
steam	reagent-item-filter-description	0xa2adb0	0xa2b399	jne	0xa2b528
steam	reagent-item-filter-description	0xa2adb0	0xa2b3a4	je	0xa2b3bb
steam	reagent-item-filter-description	0xa2adb0	0xa2b3c3	je	0xa2b3da
steam	reagent-item-filter-description	0xa2adb0	0xa2b3df	je	0xa2b3f6
steam	reagent-item-filter-description	0xa2adb0	0xa2b3fe	je	0xa2b415
steam	reagent-item-filter-description	0xa2adb0	0xa2b41d	je	0xa2b434
steam	reagent-item-filter-description	0xa2adb0	0xa2b43c	je	0xa2b453
steam	reagent-item-filter-description	0xa2adb0	0xa2b457	jge	0xa2b46e
steam	reagent-item-filter-description	0xa2adb0	0xa2b476	je	0xa2b48d
steam	reagent-item-filter-description	0xa2adb0	0xa2b495	je	0xa2b4ac
steam	reagent-item-filter-description	0xa2adb0	0xa2b4b4	je	0xa2b4cb
steam	reagent-item-filter-description	0xa2adb0	0xa2b4d3	je	0xa2b4ea
steam	reagent-item-filter-description	0xa2adb0	0xa2b4f2	je	0xa2b509
steam	reagent-item-filter-description	0xa2adb0	0xa2b511	je	0xa2b528
steam	reagent-item-filter-description	0xa2adb0	0xa2b530	je	0xa2b547
steam	reagent-item-filter-description	0xa2adb0	0xa2b54c	jne	0xa2b58c
steam	reagent-item-filter-description	0xa2adb0	0xa2b556	je	0xa2b56d
steam	reagent-item-filter-description	0xa2adb0	0xa2b575	je	0xa2b58c
steam	reagent-item-filter-description	0xa2adb0	0xa2b594	je	0xa2b5ab
steam	reagent-item-filter-description	0xa2adb0	0xa2b5b3	je	0xa2b5ca
steam	reagent-item-filter-description	0xa2adb0	0xa2b5d2	je	0xa2b5e9
steam	reagent-item-filter-description	0xa2adb0	0xa2b5ed	je	0xa2b604
steam	reagent-item-filter-description	0xa2adb0	0xa2b60c	je	0xa2b623
steam	reagent-item-filter-description	0xa2adb0	0xa2b628	je	0xa2b63f
steam	reagent-item-filter-description	0xa2adb0	0xa2b644	je	0xa2b65b
steam	reagent-item-filter-description	0xa2adb0	0xa2b660	je	0xa2b677
steam	reagent-item-filter-description	0xa2adb0	0xa2b67c	jne	0xa2b6f7
steam	reagent-item-filter-description	0xa2adb0	0xa2b686	je	0xa2b69d
steam	reagent-item-filter-description	0xa2adb0	0xa2b6a2	je	0xa2b6b9
steam	reagent-item-filter-description	0xa2adb0	0xa2b6c1	je	0xa2b6d8
steam	reagent-item-filter-description	0xa2adb0	0xa2b6e0	je	0xa2b6f7
steam	reagent-item-filter-description	0xa2adb0	0xa2b6ff	je	0xa2b716
steam	reagent-item-filter-description	0xa2adb0	0xa2b71e	je	0xa2b735
steam	reagent-item-filter-description	0xa2adb0	0xa2b73d	je	0xa2b754
steam	reagent-item-filter-description	0xa2adb0	0xa2b75c	je	0xa2b773
steam	reagent-item-filter-description	0xa2adb0	0xa2b77b	je	0xa2b792
steam	reagent-item-filter-description	0xa2adb0	0xa2b79a	je	0xa2b7b1
steam	reagent-item-filter-description	0xa2adb0	0xa2b7b9	je	0xa2b7d0
steam	reagent-item-filter-description	0xa2adb0	0xa2b7d8	je	0xa2b7ef
steam	reagent-item-filter-description	0xa2adb0	0xa2b7f7	je	0xa2b80e
steam	reagent-item-filter-description	0xa2adb0	0xa2b813	jne	0xa2c0ba
steam	reagent-item-filter-description	0xa2adb0	0xa2b82e	je	0xa2ba13
steam	reagent-item-filter-description	0xa2adb0	0xa2b85f	je	0xa2b8b3
steam	reagent-item-filter-description	0xa2adb0	0xa2b869	je	0xa2b89c
steam	reagent-item-filter-description	0xa2adb0	0xa2b87b	jbe	0xa2b880
steam	reagent-item-filter-description	0xa2adb0	0xa2b8ac	jbe	0xa2b8c0
steam	reagent-item-filter-description	0xa2adb0	0xa2b8b1	jmp	0xa2b8c0
steam	reagent-item-filter-description	0xa2adb0	0xa2b8b1	indirect-jmp	0x140a2b8c0
steam	reagent-item-filter-description	0xa2adb0	0xa2b8d7	jb	0xa2c530
steam	reagent-item-filter-description	0xa2adb0	0xa2b902	jbe	0xa2b93c
steam	reagent-item-filter-description	0xa2adb0	0xa2b918	jbe	0xa2b91f
steam	reagent-item-filter-description	0xa2adb0	0xa2b91d	jmp	0xa2b92c
steam	reagent-item-filter-description	0xa2adb0	0xa2b91d	indirect-jmp	0x140a2b92c
steam	reagent-item-filter-description	0xa2adb0	0xa2b994	jbe	0xa2b9cb
steam	reagent-item-filter-description	0xa2adb0	0xa2b9a7	jb	0xa2b9c5
steam	reagent-item-filter-description	0xa2adb0	0xa2b9bc	jbe	0xa2b9c5
steam	reagent-item-filter-description	0xa2adb0	0xa2b9d3	jbe	0xa2ba09
steam	reagent-item-filter-description	0xa2adb0	0xa2b9e6	jb	0xa2ba04
steam	reagent-item-filter-description	0xa2adb0	0xa2b9fb	jbe	0xa2ba04
steam	reagent-item-filter-description	0xa2adb0	0xa2ba18	je	0xa2bcad
steam	reagent-item-filter-description	0xa2adb0	0xa2ba31	jbe	0xa2ba36
steam	reagent-item-filter-description	0xa2adb0	0xa2ba3a	jne	0xa2ba69
steam	reagent-item-filter-description	0xa2adb0	0xa2ba4d	jne	0xa2ba69
steam	reagent-item-filter-description	0xa2adb0	0xa2ba64	jmp	0xa2bcad
steam	reagent-item-filter-description	0xa2adb0	0xa2ba64	indirect-jmp	0x140a2bcad
steam	reagent-item-filter-description	0xa2adb0	0xa2ba6d	jbe	0xa2ba72
steam	reagent-item-filter-description	0xa2adb0	0xa2ba76	jne	0xa2baa5
steam	reagent-item-filter-description	0xa2adb0	0xa2ba8c	jne	0xa2baa5
steam	reagent-item-filter-description	0xa2adb0	0xa2baa0	jmp	0xa2bcad
steam	reagent-item-filter-description	0xa2adb0	0xa2baa0	indirect-jmp	0x140a2bcad
steam	reagent-item-filter-description	0xa2adb0	0xa2bab5	jbe	0xa2baba
steam	reagent-item-filter-description	0xa2adb0	0xa2babe	jne	0xa2baed
steam	reagent-item-filter-description	0xa2adb0	0xa2bad1	jne	0xa2baed
steam	reagent-item-filter-description	0xa2adb0	0xa2bae8	jmp	0xa2bcad
steam	reagent-item-filter-description	0xa2adb0	0xa2bae8	indirect-jmp	0x140a2bcad
steam	reagent-item-filter-description	0xa2adb0	0xa2baf5	jbe	0xa2bafa
steam	reagent-item-filter-description	0xa2adb0	0xa2bafe	jne	0xa2bb2d
steam	reagent-item-filter-description	0xa2adb0	0xa2bb11	jne	0xa2bb2d
steam	reagent-item-filter-description	0xa2adb0	0xa2bb28	jmp	0xa2bcad
steam	reagent-item-filter-description	0xa2adb0	0xa2bb28	indirect-jmp	0x140a2bcad
steam	reagent-item-filter-description	0xa2adb0	0xa2bb3d	jbe	0xa2bb42
steam	reagent-item-filter-description	0xa2adb0	0xa2bb46	jne	0xa2bb75
steam	reagent-item-filter-description	0xa2adb0	0xa2bb59	jne	0xa2bb75
steam	reagent-item-filter-description	0xa2adb0	0xa2bb70	jmp	0xa2bcad
steam	reagent-item-filter-description	0xa2adb0	0xa2bb70	indirect-jmp	0x140a2bcad
steam	reagent-item-filter-description	0xa2adb0	0xa2bb7d	jbe	0xa2bb82
steam	reagent-item-filter-description	0xa2adb0	0xa2bb86	jne	0xa2bbb5
steam	reagent-item-filter-description	0xa2adb0	0xa2bb99	jne	0xa2bbb5
steam	reagent-item-filter-description	0xa2adb0	0xa2bbb0	jmp	0xa2bcad
steam	reagent-item-filter-description	0xa2adb0	0xa2bbb0	indirect-jmp	0x140a2bcad
steam	reagent-item-filter-description	0xa2adb0	0xa2bbc5	jbe	0xa2bbca
steam	reagent-item-filter-description	0xa2adb0	0xa2bbce	jne	0xa2bbfd
steam	reagent-item-filter-description	0xa2adb0	0xa2bbe1	jne	0xa2bbfd
steam	reagent-item-filter-description	0xa2adb0	0xa2bbf8	jmp	0xa2bcad
steam	reagent-item-filter-description	0xa2adb0	0xa2bbf8	indirect-jmp	0x140a2bcad
steam	reagent-item-filter-description	0xa2adb0	0xa2bc05	jbe	0xa2bc0a
steam	reagent-item-filter-description	0xa2adb0	0xa2bc0e	jne	0xa2bc3a
steam	reagent-item-filter-description	0xa2adb0	0xa2bc21	jne	0xa2bc3a
steam	reagent-item-filter-description	0xa2adb0	0xa2bc38	jmp	0xa2bcad
steam	reagent-item-filter-description	0xa2adb0	0xa2bc38	indirect-jmp	0x140a2bcad
steam	reagent-item-filter-description	0xa2adb0	0xa2bc47	jbe	0xa2bc4c
steam	reagent-item-filter-description	0xa2adb0	0xa2bc50	jne	0xa2bc79
steam	reagent-item-filter-description	0xa2adb0	0xa2bc60	jne	0xa2bc79
steam	reagent-item-filter-description	0xa2adb0	0xa2bc77	jmp	0xa2bcad
steam	reagent-item-filter-description	0xa2adb0	0xa2bc77	indirect-jmp	0x140a2bcad
steam	reagent-item-filter-description	0xa2adb0	0xa2bc93	jbe	0xa2bc98
steam	reagent-item-filter-description	0xa2adb0	0xa2bcb2	je	0xa2c0b4
steam	reagent-item-filter-description	0xa2adb0	0xa2bccb	jbe	0xa2bcd0
steam	reagent-item-filter-description	0xa2adb0	0xa2bcd4	jne	0xa2bd03
steam	reagent-item-filter-description	0xa2adb0	0xa2bce7	jne	0xa2bd03
steam	reagent-item-filter-description	0xa2adb0	0xa2bcfe	jmp	0xa2c0b4
steam	reagent-item-filter-description	0xa2adb0	0xa2bcfe	indirect-jmp	0x140a2c0b4
steam	reagent-item-filter-description	0xa2adb0	0xa2bd07	jbe	0xa2bd0c
steam	reagent-item-filter-description	0xa2adb0	0xa2bd10	jne	0xa2bd42
steam	reagent-item-filter-description	0xa2adb0	0xa2bd26	jne	0xa2bd42
steam	reagent-item-filter-description	0xa2adb0	0xa2bd3d	jmp	0xa2c0b4
steam	reagent-item-filter-description	0xa2adb0	0xa2bd3d	indirect-jmp	0x140a2c0b4
steam	reagent-item-filter-description	0xa2adb0	0xa2bd52	jbe	0xa2bd57
steam	reagent-item-filter-description	0xa2adb0	0xa2bd5b	jne	0xa2bd8a
steam	reagent-item-filter-description	0xa2adb0	0xa2bd6e	jne	0xa2bd8a
steam	reagent-item-filter-description	0xa2adb0	0xa2bd85	jmp	0xa2c0b4
steam	reagent-item-filter-description	0xa2adb0	0xa2bd85	indirect-jmp	0x140a2c0b4
steam	reagent-item-filter-description	0xa2adb0	0xa2bd92	jbe	0xa2bd97
steam	reagent-item-filter-description	0xa2adb0	0xa2bd9b	jne	0xa2bdca
steam	reagent-item-filter-description	0xa2adb0	0xa2bdae	jne	0xa2bdca
steam	reagent-item-filter-description	0xa2adb0	0xa2bdc5	jmp	0xa2c0b4
steam	reagent-item-filter-description	0xa2adb0	0xa2bdc5	indirect-jmp	0x140a2c0b4
steam	reagent-item-filter-description	0xa2adb0	0xa2bdda	jbe	0xa2bddf
steam	reagent-item-filter-description	0xa2adb0	0xa2bde3	jne	0xa2be12
steam	reagent-item-filter-description	0xa2adb0	0xa2bdf6	jne	0xa2be12
steam	reagent-item-filter-description	0xa2adb0	0xa2be0d	jmp	0xa2c0b4
steam	reagent-item-filter-description	0xa2adb0	0xa2be0d	indirect-jmp	0x140a2c0b4
steam	reagent-item-filter-description	0xa2adb0	0xa2be1a	jbe	0xa2be1f
steam	reagent-item-filter-description	0xa2adb0	0xa2be23	jne	0xa2be52
steam	reagent-item-filter-description	0xa2adb0	0xa2be36	jne	0xa2be52
steam	reagent-item-filter-description	0xa2adb0	0xa2be4d	jmp	0xa2c0b4
steam	reagent-item-filter-description	0xa2adb0	0xa2be4d	indirect-jmp	0x140a2c0b4
steam	reagent-item-filter-description	0xa2adb0	0xa2be62	jbe	0xa2be67
steam	reagent-item-filter-description	0xa2adb0	0xa2be6b	jne	0xa2be9a
steam	reagent-item-filter-description	0xa2adb0	0xa2be7e	jne	0xa2be9a
steam	reagent-item-filter-description	0xa2adb0	0xa2be95	jmp	0xa2c0b4
steam	reagent-item-filter-description	0xa2adb0	0xa2be95	indirect-jmp	0x140a2c0b4
steam	reagent-item-filter-description	0xa2adb0	0xa2bea2	jbe	0xa2bea7
steam	reagent-item-filter-description	0xa2adb0	0xa2beab	jne	0xa2beda
steam	reagent-item-filter-description	0xa2adb0	0xa2bebe	jne	0xa2beda
steam	reagent-item-filter-description	0xa2adb0	0xa2bed5	jmp	0xa2c0b4
steam	reagent-item-filter-description	0xa2adb0	0xa2bed5	indirect-jmp	0x140a2c0b4
steam	reagent-item-filter-description	0xa2adb0	0xa2beea	jbe	0xa2beef
steam	reagent-item-filter-description	0xa2adb0	0xa2bef3	jne	0xa2bf22
steam	reagent-item-filter-description	0xa2adb0	0xa2bf06	jne	0xa2bf22
steam	reagent-item-filter-description	0xa2adb0	0xa2bf1d	jmp	0xa2c0b4
steam	reagent-item-filter-description	0xa2adb0	0xa2bf1d	indirect-jmp	0x140a2c0b4
steam	reagent-item-filter-description	0xa2adb0	0xa2bf2a	jbe	0xa2bf2f
steam	reagent-item-filter-description	0xa2adb0	0xa2bf33	jne	0xa2bf62
steam	reagent-item-filter-description	0xa2adb0	0xa2bf46	jne	0xa2bf62
steam	reagent-item-filter-description	0xa2adb0	0xa2bf5d	jmp	0xa2c0b4
steam	reagent-item-filter-description	0xa2adb0	0xa2bf5d	indirect-jmp	0x140a2c0b4
steam	reagent-item-filter-description	0xa2adb0	0xa2bf72	jbe	0xa2bf77
steam	reagent-item-filter-description	0xa2adb0	0xa2bf7b	jne	0xa2bfaa
steam	reagent-item-filter-description	0xa2adb0	0xa2bf8e	jne	0xa2bfaa
steam	reagent-item-filter-description	0xa2adb0	0xa2bfa5	jmp	0xa2c0b4
steam	reagent-item-filter-description	0xa2adb0	0xa2bfa5	indirect-jmp	0x140a2c0b4
steam	reagent-item-filter-description	0xa2adb0	0xa2bfb8	jb	0xa2c52a
steam	reagent-item-filter-description	0xa2adb0	0xa2bfc2	jbe	0xa2bfc8
steam	reagent-item-filter-description	0xa2adb0	0xa2bfdf	jbe	0xa2c019
steam	reagent-item-filter-description	0xa2adb0	0xa2bff5	jbe	0xa2bffc
steam	reagent-item-filter-description	0xa2adb0	0xa2bffa	jmp	0xa2c009
steam	reagent-item-filter-description	0xa2adb0	0xa2bffa	indirect-jmp	0x140a2c009
steam	reagent-item-filter-description	0xa2adb0	0xa2c07e	jbe	0xa2c0b4
steam	reagent-item-filter-description	0xa2adb0	0xa2c091	jb	0xa2c0af
steam	reagent-item-filter-description	0xa2adb0	0xa2c0a6	jbe	0xa2c0af
steam	reagent-item-filter-description	0xa2adb0	0xa2c0c3	js	0xa2c145
steam	reagent-item-filter-description	0xa2adb0	0xa2c0e4	jae	0xa2c145
steam	reagent-item-filter-description	0xa2adb0	0xa2c0ed	je	0xa2c145
steam	reagent-item-filter-description	0xa2adb0	0xa2c103	jae	0xa2c145
steam	reagent-item-filter-description	0xa2adb0	0xa2c11d	jbe	0xa2c122
steam	reagent-item-filter-description	0xa2adb0	0xa2c143	jmp	0xa2c100
steam	reagent-item-filter-description	0xa2adb0	0xa2c143	indirect-jmp	0x140a2c100
steam	reagent-item-filter-description	0xa2adb0	0xa2c14e	js	0xa2c1c7
steam	reagent-item-filter-description	0xa2adb0	0xa2c164	jge	0xa2c1c7
steam	reagent-item-filter-description	0xa2adb0	0xa2c16b	jne	0xa2c1c7
steam	reagent-item-filter-description	0xa2adb0	0xa2c1a1	jbe	0xa2c1a6
steam	reagent-item-filter-description	0xa2adb0	0xa2c1c5	jmp	0xa2c1cc
steam	reagent-item-filter-description	0xa2adb0	0xa2c1c5	indirect-jmp	0x140a2c1cc
steam	reagent-item-filter-description	0xa2adb0	0xa2c1d7	ja	0xa2c3a3
steam	reagent-item-filter-description	0xa2adb0	0xa2c1ee	indirect-jmp	rcx
steam	reagent-item-filter-description	0xa2adb0	0xa2c1fd	jmp	0xa2c39b
steam	reagent-item-filter-description	0xa2adb0	0xa2c1fd	indirect-jmp	0x140a2c39b
steam	reagent-item-filter-description	0xa2adb0	0xa2c20f	jmp	0xa2c39b
steam	reagent-item-filter-description	0xa2adb0	0xa2c20f	indirect-jmp	0x140a2c39b
steam	reagent-item-filter-description	0xa2adb0	0xa2c221	jmp	0xa2c39b
steam	reagent-item-filter-description	0xa2adb0	0xa2c221	indirect-jmp	0x140a2c39b
steam	reagent-item-filter-description	0xa2adb0	0xa2c22d	jmp	0xa2c395
steam	reagent-item-filter-description	0xa2adb0	0xa2c22d	indirect-jmp	0x140a2c395
steam	reagent-item-filter-description	0xa2adb0	0xa2c23f	jmp	0xa2c39b
steam	reagent-item-filter-description	0xa2adb0	0xa2c23f	indirect-jmp	0x140a2c39b
steam	reagent-item-filter-description	0xa2adb0	0xa2c251	jmp	0xa2c39b
steam	reagent-item-filter-description	0xa2adb0	0xa2c251	indirect-jmp	0x140a2c39b
steam	reagent-item-filter-description	0xa2adb0	0xa2c263	jmp	0xa2c39b
steam	reagent-item-filter-description	0xa2adb0	0xa2c263	indirect-jmp	0x140a2c39b
steam	reagent-item-filter-description	0xa2adb0	0xa2c275	jmp	0xa2c39b
steam	reagent-item-filter-description	0xa2adb0	0xa2c275	indirect-jmp	0x140a2c39b
steam	reagent-item-filter-description	0xa2adb0	0xa2c287	jmp	0xa2c39b
steam	reagent-item-filter-description	0xa2adb0	0xa2c287	indirect-jmp	0x140a2c39b
steam	reagent-item-filter-description	0xa2adb0	0xa2c299	jmp	0xa2c39b
steam	reagent-item-filter-description	0xa2adb0	0xa2c299	indirect-jmp	0x140a2c39b
steam	reagent-item-filter-description	0xa2adb0	0xa2c2ab	jmp	0xa2c39b
steam	reagent-item-filter-description	0xa2adb0	0xa2c2ab	indirect-jmp	0x140a2c39b
steam	reagent-item-filter-description	0xa2adb0	0xa2c2bd	jmp	0xa2c39b
steam	reagent-item-filter-description	0xa2adb0	0xa2c2bd	indirect-jmp	0x140a2c39b
steam	reagent-item-filter-description	0xa2adb0	0xa2c2cf	jmp	0xa2c39b
steam	reagent-item-filter-description	0xa2adb0	0xa2c2cf	indirect-jmp	0x140a2c39b
steam	reagent-item-filter-description	0xa2adb0	0xa2c2e1	jmp	0xa2c39b
steam	reagent-item-filter-description	0xa2adb0	0xa2c2e1	indirect-jmp	0x140a2c39b
steam	reagent-item-filter-description	0xa2adb0	0xa2c2f0	jmp	0xa2c39b
steam	reagent-item-filter-description	0xa2adb0	0xa2c2f0	indirect-jmp	0x140a2c39b
steam	reagent-item-filter-description	0xa2adb0	0xa2c302	jmp	0xa2c39b
steam	reagent-item-filter-description	0xa2adb0	0xa2c302	indirect-jmp	0x140a2c39b
steam	reagent-item-filter-description	0xa2adb0	0xa2c314	jmp	0xa2c39b
steam	reagent-item-filter-description	0xa2adb0	0xa2c314	indirect-jmp	0x140a2c39b
steam	reagent-item-filter-description	0xa2adb0	0xa2c326	jmp	0xa2c39b
steam	reagent-item-filter-description	0xa2adb0	0xa2c326	indirect-jmp	0x140a2c39b
steam	reagent-item-filter-description	0xa2adb0	0xa2c335	jmp	0xa2c39b
steam	reagent-item-filter-description	0xa2adb0	0xa2c335	indirect-jmp	0x140a2c39b
steam	reagent-item-filter-description	0xa2adb0	0xa2c341	jmp	0xa2c39b
steam	reagent-item-filter-description	0xa2adb0	0xa2c341	indirect-jmp	0x140a2c39b
steam	reagent-item-filter-description	0xa2adb0	0xa2c350	jmp	0xa2c39b
steam	reagent-item-filter-description	0xa2adb0	0xa2c350	indirect-jmp	0x140a2c39b
steam	reagent-item-filter-description	0xa2adb0	0xa2c35f	jmp	0xa2c39b
steam	reagent-item-filter-description	0xa2adb0	0xa2c35f	indirect-jmp	0x140a2c39b
steam	reagent-item-filter-description	0xa2adb0	0xa2c36e	jmp	0xa2c39b
steam	reagent-item-filter-description	0xa2adb0	0xa2c36e	indirect-jmp	0x140a2c39b
steam	reagent-item-filter-description	0xa2adb0	0xa2c37d	jmp	0xa2c39b
steam	reagent-item-filter-description	0xa2adb0	0xa2c37d	indirect-jmp	0x140a2c39b
steam	reagent-item-filter-description	0xa2adb0	0xa2c38c	jmp	0xa2c39b
steam	reagent-item-filter-description	0xa2adb0	0xa2c38c	indirect-jmp	0x140a2c39b
steam	reagent-item-filter-description	0xa2adb0	0xa2c3b3	je	0xa2c3e7
steam	reagent-item-filter-description	0xa2adb0	0xa2c3b9	je	0xa2c3cd
steam	reagent-item-filter-description	0xa2adb0	0xa2c3e2	jmp	0xa2c4e4
steam	reagent-item-filter-description	0xa2adb0	0xa2c3e2	indirect-jmp	0x140a2c4e4
steam	reagent-item-filter-description	0xa2adb0	0xa2c3eb	je	0xa2c421
steam	reagent-item-filter-description	0xa2adb0	0xa2c3f2	jne	0xa2c40f
steam	reagent-item-filter-description	0xa2adb0	0xa2c3fa	jne	0xa2c40f
steam	reagent-item-filter-description	0xa2adb0	0xa2c402	jne	0xa2c40f
steam	reagent-item-filter-description	0xa2adb0	0xa2c409	je	0xa2c4e4
steam	reagent-item-filter-description	0xa2adb0	0xa2c4ae	jbe	0xa2c4e4
steam	reagent-item-filter-description	0xa2adb0	0xa2c4c1	jb	0xa2c4df
steam	reagent-item-filter-description	0xa2adb0	0xa2c4d6	jbe	0xa2c4df
steam	reagent-item-filter-description	0xa2adb0	0xa2c4ec	je	0xa2c503
steam	reagent-item-type-name	0xa82c10	0xa82c96	jne	0xa82d5c
steam	reagent-item-type-name	0xa82c10	0xa82ca2	je	0xa82cbc
steam	reagent-item-type-name	0xa82c10	0xa82ca7	je	0xa82cbc
steam	reagent-item-type-name	0xa82c10	0xa82cac	je	0xa82cbc
steam	reagent-item-type-name	0xa82c10	0xa82cb1	je	0xa82cbc
steam	reagent-item-type-name	0xa82c10	0xa82cb6	jne	0xa82d5a
steam	reagent-item-type-name	0xa82c10	0xa82cc5	jne	0xa82cf4
steam	reagent-item-type-name	0xa82c10	0xa82cdc	je	0xa82d02
steam	reagent-item-type-name	0xa82c10	0xa82ce8	je	0xa82d02
steam	reagent-item-type-name	0xa82c10	0xa82cf2	jmp	0xa82d08
steam	reagent-item-type-name	0xa82c10	0xa82cf2	indirect-jmp	0x140a82d08
steam	reagent-item-type-name	0xa82c10	0xa82cf6	jne	0xa82d02
steam	reagent-item-type-name	0xa82c10	0xa82d00	jmp	0xa82d08
steam	reagent-item-type-name	0xa82c10	0xa82d00	indirect-jmp	0x140a82d08
steam	reagent-item-type-name	0xa82c10	0xa82d20	je	0xa82d39
steam	reagent-item-type-name	0xa82c10	0xa82d25	jne	0xa82d5a
steam	reagent-item-type-name	0xa82c10	0xa82d37	jmp	0xa82d49
steam	reagent-item-type-name	0xa82c10	0xa82d37	indirect-jmp	0x140a82d49
steam	reagent-item-type-name	0xa82c10	0xa82d63	jne	0xa82d7d
steam	reagent-item-type-name	0xa82c10	0xa82d71	jbe	0xa82d76
steam	reagent-item-type-name	0xa82c10	0xa82d84	je	0xa82d9f
steam	reagent-item-type-name	0xa82c10	0xa82dcc	ja	0xa87fe8
steam	reagent-item-type-name	0xa82c10	0xa82de3	indirect-jmp	rax
steam	reagent-item-type-name	0xa82c10	0xa82df6	jne	0xa82dfc
steam	reagent-item-type-name	0xa82c10	0xa82dfa	je	0xa82e56
steam	reagent-item-type-name	0xa82c10	0xa82e44	jne	0xa8806b
steam	reagent-item-type-name	0xa82c10	0xa82e54	jmp	0xa82e60
steam	reagent-item-type-name	0xa82c10	0xa82e54	indirect-jmp	0x140a82e60
steam	reagent-item-type-name	0xa82c10	0xa82e5a	jne	0xa8806b
steam	reagent-item-type-name	0xa82c10	0xa82e75	jmp	0xa8806b
steam	reagent-item-type-name	0xa82c10	0xa82e75	indirect-jmp	0x140a8806b
steam	reagent-item-type-name	0xa82c10	0xa82e84	jne	0xa82e8a
steam	reagent-item-type-name	0xa82c10	0xa82e88	je	0xa82ed8
steam	reagent-item-type-name	0xa82c10	0xa82ef1	je	0xa880a7
steam	reagent-item-type-name	0xa82c10	0xa82f0c	jmp	0xa8806b
steam	reagent-item-type-name	0xa82c10	0xa82f0c	indirect-jmp	0x140a8806b
steam	reagent-item-type-name	0xa82c10	0xa82f15	jne	0xa82f31
steam	reagent-item-type-name	0xa82c10	0xa82f2c	jmp	0xa8806b
steam	reagent-item-type-name	0xa82c10	0xa82f2c	indirect-jmp	0x140a8806b
steam	reagent-item-type-name	0xa82c10	0xa82f34	jne	0xa82f4a
steam	reagent-item-type-name	0xa82c10	0xa82f45	jmp	0xa8806b
steam	reagent-item-type-name	0xa82c10	0xa82f45	indirect-jmp	0x140a8806b
steam	reagent-item-type-name	0xa82c10	0xa82f4d	jne	0xa82f63
steam	reagent-item-type-name	0xa82c10	0xa82f5e	jmp	0xa8806b
steam	reagent-item-type-name	0xa82c10	0xa82f5e	indirect-jmp	0x140a8806b
steam	reagent-item-type-name	0xa82c10	0xa82f66	jne	0xa82f7c
steam	reagent-item-type-name	0xa82c10	0xa82f77	jmp	0xa8806b
steam	reagent-item-type-name	0xa82c10	0xa82f77	indirect-jmp	0x140a8806b
steam	reagent-item-type-name	0xa82c10	0xa82f7f	jne	0xa82f9e
steam	reagent-item-type-name	0xa82c10	0xa82f84	jne	0xa8806b
steam	reagent-item-type-name	0xa82c10	0xa82f99	jmp	0xa8806b
steam	reagent-item-type-name	0xa82c10	0xa82f99	indirect-jmp	0x140a8806b
steam	reagent-item-type-name	0xa82c10	0xa82fe9	jmp	0xa8806b
steam	reagent-item-type-name	0xa82c10	0xa82fe9	indirect-jmp	0x140a8806b
steam	reagent-item-type-name	0xa82c10	0xa82ffb	jne	0xa83058
steam	reagent-item-type-name	0xa82c10	0xa82fff	js	0xa83041
steam	reagent-item-type-name	0xa82c10	0xa83019	jae	0xa83041
steam	reagent-item-type-name	0xa82c10	0xa83023	jle	0xa83035
steam	reagent-item-type-name	0xa82c10	0xa8302d	je	0xa83035
steam	reagent-item-type-name	0xa82c10	0xa83033	jmp	0xa83037
steam	reagent-item-type-name	0xa82c10	0xa83033	indirect-jmp	0x140a83037
steam	reagent-item-type-name	0xa82c10	0xa83039	je	0xa83058
steam	reagent-item-type-name	0xa82c10	0xa8303f	jmp	0xa8307f
steam	reagent-item-type-name	0xa82c10	0xa8303f	indirect-jmp	0x140a8307f
steam	reagent-item-type-name	0xa82c10	0xa83056	jmp	0xa8307c
steam	reagent-item-type-name	0xa82c10	0xa83056	indirect-jmp	0x140a8307c
steam	reagent-item-type-name	0xa82c10	0xa83071	jne	0xa8307c
steam	reagent-item-type-name	0xa82c10	0xa83076	je	0xa83138
steam	reagent-item-type-name	0xa82c10	0xa830da	jne	0xa830e7
steam	reagent-item-type-name	0xa82c10	0xa830ef	jbe	0xa83122
steam	reagent-item-type-name	0xa82c10	0xa83102	jb	0xa8311d
steam	reagent-item-type-name	0xa82c10	0xa83117	ja	0xa86cfe
steam	reagent-item-type-name	0xa82c10	0xa83136	jne	0xa8314d
steam	reagent-item-type-name	0xa82c10	0xa83152	jne	0xa8806b
steam	reagent-item-type-name	0xa82c10	0xa8316d	jmp	0xa8806b
steam	reagent-item-type-name	0xa82c10	0xa8316d	indirect-jmp	0x140a8806b
steam	reagent-item-type-name	0xa82c10	0xa83175	jne	0xa831cb
steam	reagent-item-type-name	0xa82c10	0xa8317a	je	0xa831b7
steam	reagent-item-type-name	0xa82c10	0xa831b2	jmp	0xa8806b
steam	reagent-item-type-name	0xa82c10	0xa831b2	indirect-jmp	0x140a8806b
steam	reagent-item-type-name	0xa82c10	0xa831c6	jmp	0xa8806b
steam	reagent-item-type-name	0xa82c10	0xa831c6	indirect-jmp	0x140a8806b
steam	reagent-item-type-name	0xa82c10	0xa831d6	jne	0xa831f1
steam	reagent-item-type-name	0xa82c10	0xa831db	jne	0xa831f1
steam	reagent-item-type-name	0xa82c10	0xa831ec	jmp	0xa8806b
steam	reagent-item-type-name	0xa82c10	0xa831ec	indirect-jmp	0x140a8806b
steam	reagent-item-type-name	0xa82c10	0xa83244	jmp	0xa8806b
steam	reagent-item-type-name	0xa82c10	0xa83244	indirect-jmp	0x140a8806b
steam	reagent-item-type-name	0xa82c10	0xa8324c	je	0xa83306
steam	reagent-item-type-name	0xa82c10	0xa83255	je	0xa832ce
steam	reagent-item-type-name	0xa82c10	0xa8325b	je	0xa832ba
steam	reagent-item-type-name	0xa82c10	0xa832b5	jmp	0xa8806b
steam	reagent-item-type-name	0xa82c10	0xa832b5	indirect-jmp	0x140a8806b
steam	reagent-item-type-name	0xa82c10	0xa832c9	jmp	0xa8806b
steam	reagent-item-type-name	0xa82c10	0xa832c9	indirect-jmp	0x140a8806b
steam	reagent-item-type-name	0xa82c10	0xa832d1	jne	0xa832e7
steam	reagent-item-type-name	0xa82c10	0xa832e2	jmp	0xa8806b
steam	reagent-item-type-name	0xa82c10	0xa832e2	indirect-jmp	0x140a8806b
steam	reagent-item-type-name	0xa82c10	0xa832f0	je	0xa832f9
steam	reagent-item-type-name	0xa82c10	0xa83301	jmp	0xa8806b
steam	reagent-item-type-name	0xa82c10	0xa83301	indirect-jmp	0x140a8806b
steam	reagent-item-type-name	0xa82c10	0xa83309	jne	0xa8332e
steam	reagent-item-type-name	0xa82c10	0xa83329	jmp	0xa8806b
steam	reagent-item-type-name	0xa82c10	0xa83329	indirect-jmp	0x140a8806b
steam	reagent-item-type-name	0xa82c10	0xa83388	js	0xa8331a
steam	reagent-item-type-name	0xa82c10	0xa833a2	jae	0xa8331a
steam	reagent-item-type-name	0xa82c10	0xa833b0	jle	0xa833c0
steam	reagent-item-type-name	0xa82c10	0xa833ba	je	0xa833c0
steam	reagent-item-type-name	0xa82c10	0xa833be	jmp	0xa833c2
steam	reagent-item-type-name	0xa82c10	0xa833be	indirect-jmp	0x140a833c2
steam	reagent-item-type-name	0xa82c10	0xa833c4	je	0xa8331a
steam	reagent-item-type-name	0xa82c10	0xa833d9	jmp	0xa8806b
steam	reagent-item-type-name	0xa82c10	0xa833d9	indirect-jmp	0x140a8806b
steam	reagent-item-type-name	0xa82c10	0xa833ea	je	0xa83451
steam	reagent-item-type-name	0xa82c10	0xa83404	je	0xa83451
steam	reagent-item-type-name	0xa82c10	0xa8340d	js	0xa8343a
steam	reagent-item-type-name	0xa82c10	0xa83421	je	0xa8343d
steam	reagent-item-type-name	0xa82c10	0xa83435	jle	0xa83410
steam	reagent-item-type-name	0xa82c10	0xa83440	je	0xa83451
steam	reagent-item-type-name	0xa82c10	0xa83491	je	0xa834b2
steam	reagent-item-type-name	0xa82c10	0xa834ad	jmp	0xa83575
steam	reagent-item-type-name	0xa82c10	0xa834ad	indirect-jmp	0x140a83575
steam	reagent-item-type-name	0xa82c10	0xa834b6	jne	0xa834cc
steam	reagent-item-type-name	0xa82c10	0xa834c7	jmp	0xa83575
steam	reagent-item-type-name	0xa82c10	0xa834c7	indirect-jmp	0x140a83575
steam	reagent-item-type-name	0xa82c10	0xa834cf	jne	0xa834e5
steam	reagent-item-type-name	0xa82c10	0xa834e0	jmp	0xa83575
steam	reagent-item-type-name	0xa82c10	0xa834e0	indirect-jmp	0x140a83575
steam	reagent-item-type-name	0xa82c10	0xa834e8	jne	0xa834fb
steam	reagent-item-type-name	0xa82c10	0xa834f9	jmp	0xa83575
steam	reagent-item-type-name	0xa82c10	0xa834f9	indirect-jmp	0x140a83575
steam	reagent-item-type-name	0xa82c10	0xa834fe	jne	0xa83511
steam	reagent-item-type-name	0xa82c10	0xa8350f	jmp	0xa83575
steam	reagent-item-type-name	0xa82c10	0xa8350f	indirect-jmp	0x140a83575
steam	reagent-item-type-name	0xa82c10	0xa83514	jne	0xa8352c
steam	reagent-item-type-name	0xa82c10	0xa83519	jne	0xa83575
steam	reagent-item-type-name	0xa82c10	0xa8352a	jmp	0xa83575
steam	reagent-item-type-name	0xa82c10	0xa8352a	indirect-jmp	0x140a83575
steam	reagent-item-type-name	0xa82c10	0xa8357d	jbe	0xa835b0
steam	reagent-item-type-name	0xa82c10	0xa83590	jb	0xa835ab
steam	reagent-item-type-name	0xa82c10	0xa835a5	ja	0xa86cfe
steam	reagent-item-type-name	0xa82c10	0xa835c0	jmp	0xa8806b
steam	reagent-item-type-name	0xa82c10	0xa835c0	indirect-jmp	0x140a8806b
steam	reagent-item-type-name	0xa82c10	0xa835cf	jne	0xa835d5
steam	reagent-item-type-name	0xa82c10	0xa835d3	je	0xa83623
steam	reagent-item-type-name	0xa82c10	0xa8363b	je	0xa83669
steam	reagent-item-type-name	0xa82c10	0xa83645	je	0xa83658
steam	reagent-item-type-name	0xa82c10	0xa83653	jmp	0xa8806b
steam	reagent-item-type-name	0xa82c10	0xa83653	indirect-jmp	0x140a8806b
steam	reagent-item-type-name	0xa82c10	0xa83664	jmp	0xa8806b
steam	reagent-item-type-name	0xa82c10	0xa83664	indirect-jmp	0x140a8806b
steam	reagent-item-type-name	0xa82c10	0xa8367b	jmp	0xa8806b
steam	reagent-item-type-name	0xa82c10	0xa8367b	indirect-jmp	0x140a8806b
steam	reagent-item-type-name	0xa82c10	0xa8368a	jne	0xa83690
steam	reagent-item-type-name	0xa82c10	0xa8368e	je	0xa836de
steam	reagent-item-type-name	0xa82c10	0xa836f3	je	0xa8370f
steam	reagent-item-type-name	0xa82c10	0xa836fc	jle	0xa8370f
steam	reagent-item-type-name	0xa82c10	0xa83709	je	0xa8370f
steam	reagent-item-type-name	0xa82c10	0xa8370d	jmp	0xa83711
steam	reagent-item-type-name	0xa82c10	0xa8370d	indirect-jmp	0x140a83711
steam	reagent-item-type-name	0xa82c10	0xa83731	jmp	0xa88053
steam	reagent-item-type-name	0xa82c10	0xa83731	indirect-jmp	0x140a88053
steam	reagent-item-type-name	0xa82c10	0xa83740	jne	0xa83746
steam	reagent-item-type-name	0xa82c10	0xa83744	je	0xa83794
steam	reagent-item-type-name	0xa82c10	0xa837a1	jmp	0xa88053
steam	reagent-item-type-name	0xa82c10	0xa837a1	indirect-jmp	0x140a88053
steam	reagent-item-type-name	0xa82c10	0xa837b0	jne	0xa837b6
steam	reagent-item-type-name	0xa82c10	0xa837b4	je	0xa83804
steam	reagent-item-type-name	0xa82c10	0xa83811	jmp	0xa88053
steam	reagent-item-type-name	0xa82c10	0xa83811	indirect-jmp	0x140a88053
steam	reagent-item-type-name	0xa82c10	0xa83820	jne	0xa83826
steam	reagent-item-type-name	0xa82c10	0xa83824	je	0xa83874
steam	reagent-item-type-name	0xa82c10	0xa83881	jmp	0xa88053
steam	reagent-item-type-name	0xa82c10	0xa83881	indirect-jmp	0x140a88053
steam	reagent-item-type-name	0xa82c10	0xa83890	jne	0xa83896
steam	reagent-item-type-name	0xa82c10	0xa83894	je	0xa838e4
steam	reagent-item-type-name	0xa82c10	0xa838f1	jmp	0xa88053
steam	reagent-item-type-name	0xa82c10	0xa838f1	indirect-jmp	0x140a88053
steam	reagent-item-type-name	0xa82c10	0xa83900	jne	0xa83906
steam	reagent-item-type-name	0xa82c10	0xa83904	je	0xa83954
steam	reagent-item-type-name	0xa82c10	0xa83961	jmp	0xa88053
steam	reagent-item-type-name	0xa82c10	0xa83961	indirect-jmp	0x140a88053
steam	reagent-item-type-name	0xa82c10	0xa83970	jne	0xa83976
steam	reagent-item-type-name	0xa82c10	0xa83974	je	0xa839c4
steam	reagent-item-type-name	0xa82c10	0xa839d1	jmp	0xa88053
steam	reagent-item-type-name	0xa82c10	0xa839d1	indirect-jmp	0x140a88053
steam	reagent-item-type-name	0xa82c10	0xa839e0	jne	0xa839e6
steam	reagent-item-type-name	0xa82c10	0xa839e4	je	0xa83a34
steam	reagent-item-type-name	0xa82c10	0xa83a41	jmp	0xa88053
steam	reagent-item-type-name	0xa82c10	0xa83a41	indirect-jmp	0x140a88053
steam	reagent-item-type-name	0xa82c10	0xa83a50	jne	0xa83a56
steam	reagent-item-type-name	0xa82c10	0xa83a54	je	0xa83aa4
steam	reagent-item-type-name	0xa82c10	0xa83ab1	jmp	0xa88053
steam	reagent-item-type-name	0xa82c10	0xa83ab1	indirect-jmp	0x140a88053
steam	reagent-item-type-name	0xa82c10	0xa83ac0	jne	0xa83ac6
steam	reagent-item-type-name	0xa82c10	0xa83ac4	je	0xa83b14
steam	reagent-item-type-name	0xa82c10	0xa83b29	je	0xa83b73
steam	reagent-item-type-name	0xa82c10	0xa83b32	jle	0xa83b45
steam	reagent-item-type-name	0xa82c10	0xa83b3f	je	0xa83b45
steam	reagent-item-type-name	0xa82c10	0xa83b43	jmp	0xa83b47
steam	reagent-item-type-name	0xa82c10	0xa83b43	indirect-jmp	0x140a83b47
steam	reagent-item-type-name	0xa82c10	0xa83b49	je	0xa83b73
steam	reagent-item-type-name	0xa82c10	0xa83b64	je	0xa880a7
steam	reagent-item-type-name	0xa82c10	0xa83b71	jmp	0xa83bca
steam	reagent-item-type-name	0xa82c10	0xa83b71	indirect-jmp	0x140a83bca
steam	reagent-item-type-name	0xa82c10	0xa83b76	jne	0xa83b9c
steam	reagent-item-type-name	0xa82c10	0xa83b91	jne	0xa83ba2
steam	reagent-item-type-name	0xa82c10	0xa83b9a	jmp	0xa83ba9
steam	reagent-item-type-name	0xa82c10	0xa83b9a	indirect-jmp	0x140a83ba9
steam	reagent-item-type-name	0xa82c10	0xa83ba0	je	0xa83bbd
steam	reagent-item-type-name	0xa82c10	0xa83bb5	je	0xa880a7
steam	reagent-item-type-name	0xa82c10	0xa83bbb	jmp	0xa83bd2
steam	reagent-item-type-name	0xa82c10	0xa83bbb	indirect-jmp	0x140a83bd2
steam	reagent-item-type-name	0xa82c10	0xa83bc1	je	0xa83bec
steam	reagent-item-type-name	0xa82c10	0xa83be7	jmp	0xa8806b
steam	reagent-item-type-name	0xa82c10	0xa83be7	indirect-jmp	0x140a8806b
steam	reagent-item-type-name	0xa82c10	0xa83bfb	jmp	0xa880a7
steam	reagent-item-type-name	0xa82c10	0xa83bfb	indirect-jmp	0x140a880a7
steam	reagent-item-type-name	0xa82c10	0xa83c0a	jne	0xa83c10
steam	reagent-item-type-name	0xa82c10	0xa83c0e	je	0xa83c5e
steam	reagent-item-type-name	0xa82c10	0xa83c6b	jmp	0xa88053
steam	reagent-item-type-name	0xa82c10	0xa83c6b	indirect-jmp	0x140a88053
steam	reagent-item-type-name	0xa82c10	0xa83c73	je	0xa83c9b
steam	reagent-item-type-name	0xa82c10	0xa83ca5	jne	0xa83cab
steam	reagent-item-type-name	0xa82c10	0xa83ca9	je	0xa83cf9
steam	reagent-item-type-name	0xa82c10	0xa83d06	jmp	0xa88053
steam	reagent-item-type-name	0xa82c10	0xa83d06	indirect-jmp	0x140a88053
steam	reagent-item-type-name	0xa82c10	0xa83d0f	je	0xa83de3
steam	reagent-item-type-name	0xa82c10	0xa83d2d	je	0xa83dc8
steam	reagent-item-type-name	0xa82c10	0xa83d3a	js	0xa83d6a
steam	reagent-item-type-name	0xa82c10	0xa83d51	je	0xa83d6d
steam	reagent-item-type-name	0xa82c10	0xa83d65	jle	0xa83d40
steam	reagent-item-type-name	0xa82c10	0xa83d70	je	0xa83dc8
steam	reagent-item-type-name	0xa82c10	0xa83d89	je	0xa83d95
steam	reagent-item-type-name	0xa82c10	0xa83dac	je	0xa83e46
steam	reagent-item-type-name	0xa82c10	0xa83dc3	jmp	0xa8804d
steam	reagent-item-type-name	0xa82c10	0xa83dc3	indirect-jmp	0x140a8804d
steam	reagent-item-type-name	0xa82c10	0xa83dde	jmp	0xa8804d
steam	reagent-item-type-name	0xa82c10	0xa83dde	indirect-jmp	0x140a8804d
steam	reagent-item-type-name	0xa82c10	0xa83ded	jne	0xa83df3
steam	reagent-item-type-name	0xa82c10	0xa83df1	je	0xa83e31
steam	reagent-item-type-name	0xa82c10	0xa83e4d	jmp	0xa8804d
steam	reagent-item-type-name	0xa82c10	0xa83e4d	indirect-jmp	0x140a8804d
steam	reagent-item-type-name	0xa82c10	0xa83e5c	jne	0xa83e62
steam	reagent-item-type-name	0xa82c10	0xa83e60	je	0xa83eb0
steam	reagent-item-type-name	0xa82c10	0xa83ebd	jmp	0xa88053
steam	reagent-item-type-name	0xa82c10	0xa83ebd	indirect-jmp	0x140a88053
steam	reagent-item-type-name	0xa82c10	0xa83ecc	jne	0xa83ed2
steam	reagent-item-type-name	0xa82c10	0xa83ed0	je	0xa83f20
steam	reagent-item-type-name	0xa82c10	0xa83f27	jmp	0xa82edf
steam	reagent-item-type-name	0xa82c10	0xa83f27	indirect-jmp	0x140a82edf
steam	reagent-item-type-name	0xa82c10	0xa83f2f	je	0xa83f57
steam	reagent-item-type-name	0xa82c10	0xa83f61	jne	0xa83f67
steam	reagent-item-type-name	0xa82c10	0xa83f65	je	0xa83fb5
steam	reagent-item-type-name	0xa82c10	0xa83fc2	jmp	0xa88053
steam	reagent-item-type-name	0xa82c10	0xa83fc2	indirect-jmp	0x140a88053
steam	reagent-item-type-name	0xa82c10	0xa83fd1	jne	0xa83fd7
steam	reagent-item-type-name	0xa82c10	0xa83fd5	je	0xa8404e
steam	reagent-item-type-name	0xa82c10	0xa84038	ja	0xa8404e
steam	reagent-item-type-name	0xa82c10	0xa84049	jmp	0xa8805b
steam	reagent-item-type-name	0xa82c10	0xa84049	indirect-jmp	0x140a8805b
steam	reagent-item-type-name	0xa82c10	0xa84063	je	0xa840b7
steam	reagent-item-type-name	0xa82c10	0xa8406c	jle	0xa8407f
steam	reagent-item-type-name	0xa82c10	0xa84079	jge	0xa8407f
steam	reagent-item-type-name	0xa82c10	0xa8407d	jmp	0xa84081
steam	reagent-item-type-name	0xa82c10	0xa8407d	indirect-jmp	0x140a84081
steam	reagent-item-type-name	0xa82c10	0xa84083	je	0xa840b7
steam	reagent-item-type-name	0xa82c10	0xa840b2	jmp	0xa8806b
steam	reagent-item-type-name	0xa82c10	0xa840b2	indirect-jmp	0x140a8806b
steam	reagent-item-type-name	0xa82c10	0xa840c6	jmp	0xa8805b
steam	reagent-item-type-name	0xa82c10	0xa840c6	indirect-jmp	0x140a8805b
steam	reagent-item-type-name	0xa82c10	0xa840d6	jne	0xa840dd
steam	reagent-item-type-name	0xa82c10	0xa840db	je	0xa8412c
steam	reagent-item-type-name	0xa82c10	0xa84141	je	0xa84167
steam	reagent-item-type-name	0xa82c10	0xa8414a	jle	0xa8415d
steam	reagent-item-type-name	0xa82c10	0xa84157	je	0xa8415d
steam	reagent-item-type-name	0xa82c10	0xa8415b	jmp	0xa8415f
steam	reagent-item-type-name	0xa82c10	0xa8415b	indirect-jmp	0x140a8415f
steam	reagent-item-type-name	0xa82c10	0xa84161	jne	0xa841e8
steam	reagent-item-type-name	0xa82c10	0xa8416b	jne	0xa841e8
steam	reagent-item-type-name	0xa82c10	0xa84187	jne	0xa841e8
steam	reagent-item-type-name	0xa82c10	0xa8418d	jne	0xa841e8
steam	reagent-item-type-name	0xa82c10	0xa841a9	jne	0xa841e8
steam	reagent-item-type-name	0xa82c10	0xa841af	jne	0xa841e8
steam	reagent-item-type-name	0xa82c10	0xa841cb	jne	0xa841e8
steam	reagent-item-type-name	0xa82c10	0xa841d2	jb	0xa841e8
steam	reagent-item-type-name	0xa82c10	0xa841e3	jmp	0xa8805b
steam	reagent-item-type-name	0xa82c10	0xa841e3	indirect-jmp	0x140a8805b
steam	reagent-item-type-name	0xa82c10	0xa841ef	jmp	0xa8804d
steam	reagent-item-type-name	0xa82c10	0xa841ef	indirect-jmp	0x140a8804d
steam	reagent-item-type-name	0xa82c10	0xa841ff	jne	0xa84206
steam	reagent-item-type-name	0xa82c10	0xa84204	je	0xa84255
steam	reagent-item-type-name	0xa82c10	0xa8426a	je	0xa84290
steam	reagent-item-type-name	0xa82c10	0xa84273	jle	0xa84286
steam	reagent-item-type-name	0xa82c10	0xa84280	je	0xa84286
steam	reagent-item-type-name	0xa82c10	0xa84284	jmp	0xa84288
steam	reagent-item-type-name	0xa82c10	0xa84284	indirect-jmp	0x140a84288
steam	reagent-item-type-name	0xa82c10	0xa8428a	jne	0xa8434a
steam	reagent-item-type-name	0xa82c10	0xa84294	jne	0xa8434a
steam	reagent-item-type-name	0xa82c10	0xa842b4	jne	0xa8434a
steam	reagent-item-type-name	0xa82c10	0xa842be	jne	0xa8434a
steam	reagent-item-type-name	0xa82c10	0xa842de	jne	0xa8434a
steam	reagent-item-type-name	0xa82c10	0xa842e4	jne	0xa8434a
steam	reagent-item-type-name	0xa82c10	0xa84300	jne	0xa8434a
steam	reagent-item-type-name	0xa82c10	0xa84307	jb	0xa8434a
steam	reagent-item-type-name	0xa82c10	0xa84326	je	0xa84339
steam	reagent-item-type-name	0xa82c10	0xa84334	jmp	0xa8805b
steam	reagent-item-type-name	0xa82c10	0xa84334	indirect-jmp	0x140a8805b
steam	reagent-item-type-name	0xa82c10	0xa84345	jmp	0xa8805b
steam	reagent-item-type-name	0xa82c10	0xa84345	indirect-jmp	0x140a8805b
steam	reagent-item-type-name	0xa82c10	0xa84357	jmp	0xa88053
steam	reagent-item-type-name	0xa82c10	0xa84357	indirect-jmp	0x140a88053
steam	reagent-item-type-name	0xa82c10	0xa84366	jne	0xa8436c
steam	reagent-item-type-name	0xa82c10	0xa8436a	je	0xa843ba
steam	reagent-item-type-name	0xa82c10	0xa843d5	js	0xa843f3
steam	reagent-item-type-name	0xa82c10	0xa843e9	je	0xa84405
steam	reagent-item-type-name	0xa82c10	0xa843f1	jns	0xa843e0
steam	reagent-item-type-name	0xa82c10	0xa84400	jmp	0xa88053
steam	reagent-item-type-name	0xa82c10	0xa84400	indirect-jmp	0x140a88053
steam	reagent-item-type-name	0xa82c10	0xa8440f	je	0xa843f3
steam	reagent-item-type-name	0xa82c10	0xa8442d	jmp	0xa8806b
steam	reagent-item-type-name	0xa82c10	0xa8442d	indirect-jmp	0x140a8806b
steam	reagent-item-type-name	0xa82c10	0xa8444d	js	0xa84467
steam	reagent-item-type-name	0xa82c10	0xa84459	je	0xa84613
steam	reagent-item-type-name	0xa82c10	0xa84465	jns	0xa84450
steam	reagent-item-type-name	0xa82c10	0xa84475	jne	0xa84480
steam	reagent-item-type-name	0xa82c10	0xa8447a	je	0xa8453a
steam	reagent-item-type-name	0xa82c10	0xa84483	je	0xa844ea
steam	reagent-item-type-name	0xa82c10	0xa84499	je	0xa844ea
steam	reagent-item-type-name	0xa82c10	0xa844b5	je	0xa844ea
steam	reagent-item-type-name	0xa82c10	0xa844c9	je	0xa844ea
steam	reagent-item-type-name	0xa82c10	0xa844d9	jne	0xa844ea
steam	reagent-item-type-name	0xa82c10	0xa8453e	je	0xa845ed
steam	reagent-item-type-name	0xa82c10	0xa8455c	je	0xa845ed
steam	reagent-item-type-name	0xa82c10	0xa8456a	js	0xa84597
steam	reagent-item-type-name	0xa82c10	0xa84581	je	0xa8459a
steam	reagent-item-type-name	0xa82c10	0xa84595	jle	0xa84570
steam	reagent-item-type-name	0xa82c10	0xa8459d	je	0xa845ed
steam	reagent-item-type-name	0xa82c10	0xa845ae	je	0xa845ed
steam	reagent-item-type-name	0xa82c10	0xa845d6	je	0xa845ed
steam	reagent-item-type-name	0xa82c10	0xa845f3	je	0xa84657
steam	reagent-item-type-name	0xa82c10	0xa8460e	jmp	0xa8806b
steam	reagent-item-type-name	0xa82c10	0xa8460e	indirect-jmp	0x140a8806b
steam	reagent-item-type-name	0xa82c10	0xa84620	je	0xa8446a
steam	reagent-item-type-name	0xa82c10	0xa8462e	je	0xa8446a
steam	reagent-item-type-name	0xa82c10	0xa84652	jmp	0xa8446a
steam	reagent-item-type-name	0xa82c10	0xa84652	indirect-jmp	0x140a8446a
steam	reagent-item-type-name	0xa82c10	0xa84664	jmp	0xa88056
steam	reagent-item-type-name	0xa82c10	0xa84664	indirect-jmp	0x140a88056
steam	reagent-item-type-name	0xa82c10	0xa84673	jne	0xa84679
steam	reagent-item-type-name	0xa82c10	0xa84677	je	0xa846c7
steam	reagent-item-type-name	0xa82c10	0xa846e2	js	0xa846f7
steam	reagent-item-type-name	0xa82c10	0xa846ed	je	0xa84709
steam	reagent-item-type-name	0xa82c10	0xa846f5	jns	0xa846e4
steam	reagent-item-type-name	0xa82c10	0xa84704	jmp	0xa88053
steam	reagent-item-type-name	0xa82c10	0xa84704	indirect-jmp	0x140a88053
steam	reagent-item-type-name	0xa82c10	0xa84713	je	0xa846f7
steam	reagent-item-type-name	0xa82c10	0xa84731	jmp	0xa8806b
steam	reagent-item-type-name	0xa82c10	0xa84731	indirect-jmp	0x140a8806b
steam	reagent-item-type-name	0xa82c10	0xa84740	jne	0xa8474a
steam	reagent-item-type-name	0xa82c10	0xa84744	je	0xa847f5
steam	reagent-item-type-name	0xa82c10	0xa847ab	ja	0xa847c1
steam	reagent-item-type-name	0xa82c10	0xa847bc	jmp	0xa8805b
steam	reagent-item-type-name	0xa82c10	0xa847bc	indirect-jmp	0x140a8805b
steam	reagent-item-type-name	0xa82c10	0xa847c4	jne	0xa847f5
steam	reagent-item-type-name	0xa82c10	0xa847df	jne	0xa847f5
steam	reagent-item-type-name	0xa82c10	0xa847f0	jmp	0xa8805b
steam	reagent-item-type-name	0xa82c10	0xa847f0	indirect-jmp	0x140a8805b
steam	reagent-item-type-name	0xa82c10	0xa84802	jmp	0xa88053
steam	reagent-item-type-name	0xa82c10	0xa84802	indirect-jmp	0x140a88053
steam	reagent-item-type-name	0xa82c10	0xa84811	jne	0xa84817
steam	reagent-item-type-name	0xa82c10	0xa84815	je	0xa84865
steam	reagent-item-type-name	0xa82c10	0xa84872	jmp	0xa88053
steam	reagent-item-type-name	0xa82c10	0xa84872	indirect-jmp	0x140a88053
steam	reagent-item-type-name	0xa82c10	0xa84881	jne	0xa84887
steam	reagent-item-type-name	0xa82c10	0xa84885	je	0xa848d5
steam	reagent-item-type-name	0xa82c10	0xa848ea	je	0xa84906
steam	reagent-item-type-name	0xa82c10	0xa848f3	jle	0xa84906
steam	reagent-item-type-name	0xa82c10	0xa84900	je	0xa84906
steam	reagent-item-type-name	0xa82c10	0xa84904	jmp	0xa84908
steam	reagent-item-type-name	0xa82c10	0xa84904	indirect-jmp	0x140a84908
steam	reagent-item-type-name	0xa82c10	0xa8492c	jmp	0xa88053
steam	reagent-item-type-name	0xa82c10	0xa8492c	indirect-jmp	0x140a88053
steam	reagent-item-type-name	0xa82c10	0xa8493b	jne	0xa84941
steam	reagent-item-type-name	0xa82c10	0xa8493f	je	0xa8498f
steam	reagent-item-type-name	0xa82c10	0xa8499c	jmp	0xa88053
steam	reagent-item-type-name	0xa82c10	0xa8499c	indirect-jmp	0x140a88053
steam	reagent-item-type-name	0xa82c10	0xa849ab	jne	0xa849b1
steam	reagent-item-type-name	0xa82c10	0xa849af	je	0xa849ff
steam	reagent-item-type-name	0xa82c10	0xa84a0c	jmp	0xa88053
steam	reagent-item-type-name	0xa82c10	0xa84a0c	indirect-jmp	0x140a88053
steam	reagent-item-type-name	0xa82c10	0xa84a1b	jne	0xa84a21
steam	reagent-item-type-name	0xa82c10	0xa84a1f	je	0xa84a6f
steam	reagent-item-type-name	0xa82c10	0xa84a7c	jmp	0xa88053
steam	reagent-item-type-name	0xa82c10	0xa84a7c	indirect-jmp	0x140a88053
steam	reagent-item-type-name	0xa82c10	0xa84a8b	jne	0xa84a91
steam	reagent-item-type-name	0xa82c10	0xa84a8f	je	0xa84b05
steam	reagent-item-type-name	0xa82c10	0xa84aef	ja	0xa84b05
steam	reagent-item-type-name	0xa82c10	0xa84b00	jmp	0xa8805b
steam	reagent-item-type-name	0xa82c10	0xa84b00	indirect-jmp	0x140a8805b
steam	reagent-item-type-name	0xa82c10	0xa84b12	jmp	0xa88053
steam	reagent-item-type-name	0xa82c10	0xa84b12	indirect-jmp	0x140a88053
steam	reagent-item-type-name	0xa82c10	0xa84b22	jne	0xa84b29
steam	reagent-item-type-name	0xa82c10	0xa84b27	je	0xa84b78
steam	reagent-item-type-name	0xa82c10	0xa84b8d	je	0xa84baf
steam	reagent-item-type-name	0xa82c10	0xa84b96	jle	0xa84ba9
steam	reagent-item-type-name	0xa82c10	0xa84ba3	je	0xa84ba9
steam	reagent-item-type-name	0xa82c10	0xa84ba7	jmp	0xa84bab
steam	reagent-item-type-name	0xa82c10	0xa84ba7	indirect-jmp	0x140a84bab
steam	reagent-item-type-name	0xa82c10	0xa84bad	jne	0xa84bb5
steam	reagent-item-type-name	0xa82c10	0xa84bb3	je	0xa84bd5
steam	reagent-item-type-name	0xa82c10	0xa84bbf	je	0xa84bd5
steam	reagent-item-type-name	0xa82c10	0xa84bd0	jmp	0xa8805b
steam	reagent-item-type-name	0xa82c10	0xa84bd0	indirect-jmp	0x140a8805b
steam	reagent-item-type-name	0xa82c10	0xa84bea	je	0xa84c20
steam	reagent-item-type-name	0xa82c10	0xa84bf3	jle	0xa84c06
steam	reagent-item-type-name	0xa82c10	0xa84c00	jge	0xa84c06
steam	reagent-item-type-name	0xa82c10	0xa84c04	jmp	0xa84c08
steam	reagent-item-type-name	0xa82c10	0xa84c04	indirect-jmp	0x140a84c08
steam	reagent-item-type-name	0xa82c10	0xa84c0a	je	0xa84c20
steam	reagent-item-type-name	0xa82c10	0xa84c1b	jmp	0xa8806b
steam	reagent-item-type-name	0xa82c10	0xa84c1b	indirect-jmp	0x140a8806b
steam	reagent-item-type-name	0xa82c10	0xa84c3d	je	0xa84c50
steam	reagent-item-type-name	0xa82c10	0xa84c4b	jmp	0xa8806b
steam	reagent-item-type-name	0xa82c10	0xa84c4b	indirect-jmp	0x140a8806b
steam	reagent-item-type-name	0xa82c10	0xa84c5c	jmp	0xa8806b
steam	reagent-item-type-name	0xa82c10	0xa84c5c	indirect-jmp	0x140a8806b
steam	reagent-item-type-name	0xa82c10	0xa84c6b	jne	0xa84c71
steam	reagent-item-type-name	0xa82c10	0xa84c6f	je	0xa84cbf
steam	reagent-item-type-name	0xa82c10	0xa84cd4	jmp	0xa8806b
steam	reagent-item-type-name	0xa82c10	0xa84cd4	indirect-jmp	0x140a8806b
steam	reagent-item-type-name	0xa82c10	0xa84ce4	jne	0xa84cef
steam	reagent-item-type-name	0xa82c10	0xa84ce9	je	0xa84dc9
steam	reagent-item-type-name	0xa82c10	0xa84d07	je	0xa84d76
steam	reagent-item-type-name	0xa82c10	0xa84d0d	je	0xa84d76
steam	reagent-item-type-name	0xa82c10	0xa84d16	js	0xa84d4a
steam	reagent-item-type-name	0xa82c10	0xa84d31	je	0xa84d65
steam	reagent-item-type-name	0xa82c10	0xa84d45	jle	0xa84d20
steam	reagent-item-type-name	0xa82c10	0xa84d50	je	0xa84d76
steam	reagent-item-type-name	0xa82c10	0xa84d5b	je	0xa84d6a
steam	reagent-item-type-name	0xa82c10	0xa84d63	jmp	0xa84d7a
steam	reagent-item-type-name	0xa82c10	0xa84d63	indirect-jmp	0x140a84d7a
steam	reagent-item-type-name	0xa82c10	0xa84d68	jmp	0xa84d4d
steam	reagent-item-type-name	0xa82c10	0xa84d68	indirect-jmp	0x140a84d4d
steam	reagent-item-type-name	0xa82c10	0xa84d6c	je	0xa84d76
steam	reagent-item-type-name	0xa82c10	0xa84d74	jmp	0xa84d7a
steam	reagent-item-type-name	0xa82c10	0xa84d74	indirect-jmp	0x140a84d7a
steam	reagent-item-type-name	0xa82c10	0xa84dde	jmp	0xa8806b
steam	reagent-item-type-name	0xa82c10	0xa84dde	indirect-jmp	0x140a8806b
steam	reagent-item-type-name	0xa82c10	0xa84dec	jne	0xa84e06
steam	reagent-item-type-name	0xa82c10	0xa84df0	jne	0xa84e06
steam	reagent-item-type-name	0xa82c10	0xa84e01	jmp	0xa8805b
steam	reagent-item-type-name	0xa82c10	0xa84e01	indirect-jmp	0x140a8805b
steam	reagent-item-type-name	0xa82c10	0xa84e4a	jmp	0xa8806b
steam	reagent-item-type-name	0xa82c10	0xa84e4a	indirect-jmp	0x140a8806b
steam	reagent-item-type-name	0xa82c10	0xa84e5c	jmp	0xa88053
steam	reagent-item-type-name	0xa82c10	0xa84e5c	indirect-jmp	0x140a88053
steam	reagent-item-type-name	0xa82c10	0xa84e71	jne	0xa84e77
steam	reagent-item-type-name	0xa82c10	0xa84e75	je	0xa84ecd
steam	reagent-item-type-name	0xa82c10	0xa84ef7	jmp	0xa8806b
steam	reagent-item-type-name	0xa82c10	0xa84ef7	indirect-jmp	0x140a8806b
steam	reagent-item-type-name	0xa82c10	0xa84f06	jne	0xa84f0c
steam	reagent-item-type-name	0xa82c10	0xa84f0a	je	0xa84f5a
steam	reagent-item-type-name	0xa82c10	0xa84f67	jmp	0xa88053
steam	reagent-item-type-name	0xa82c10	0xa84f67	indirect-jmp	0x140a88053
steam	reagent-item-type-name	0xa82c10	0xa84f76	je	0xa84f93
steam	reagent-item-type-name	0xa82c10	0xa84f9d	jne	0xa84fb7
steam	reagent-item-type-name	0xa82c10	0xa84fa1	jne	0xa84fb7
steam	reagent-item-type-name	0xa82c10	0xa84fb2	jmp	0xa8805b
steam	reagent-item-type-name	0xa82c10	0xa84fb2	indirect-jmp	0x140a8805b
steam	reagent-item-type-name	0xa82c10	0xa84fc2	jmp	0xa84e11
steam	reagent-item-type-name	0xa82c10	0xa84fc2	indirect-jmp	0x140a84e11
steam	reagent-item-type-name	0xa82c10	0xa84fe1	je	0xa84ff8
steam	reagent-item-type-name	0xa82c10	0xa84ffc	je	0xa852ca
steam	reagent-item-type-name	0xa82c10	0xa8504a	je	0xa852d1
steam	reagent-item-type-name	0xa82c10	0xa85057	js	0xa85093
steam	reagent-item-type-name	0xa82c10	0xa85076	je	0xa8514d
steam	reagent-item-type-name	0xa82c10	0xa8508e	jle	0xa85060
steam	reagent-item-type-name	0xa82c10	0xa8509e	je	0xa852d1
steam	reagent-item-type-name	0xa82c10	0xa850ae	je	0xa852d1
steam	reagent-item-type-name	0xa82c10	0xa850c5	je	0xa852d1
steam	reagent-item-type-name	0xa82c10	0xa850fd	je	0xa85175
steam	reagent-item-type-name	0xa82c10	0xa85102	je	0xa8534e
steam	reagent-item-type-name	0xa82c10	0xa8510b	je	0xa8534e
steam	reagent-item-type-name	0xa82c10	0xa85114	je	0xa85385
steam	reagent-item-type-name	0xa82c10	0xa8511d	je	0xa8536a
steam	reagent-item-type-name	0xa82c10	0xa8513a	ja	0xa8535b
steam	reagent-item-type-name	0xa82c10	0xa8514b	indirect-jmp	rcx
steam	reagent-item-type-name	0xa82c10	0xa85150	jmp	0xa8509b
steam	reagent-item-type-name	0xa82c10	0xa85150	indirect-jmp	0x140a8509b
steam	reagent-item-type-name	0xa82c10	0xa85160	jmp	0xa8517a
steam	reagent-item-type-name	0xa82c10	0xa85160	indirect-jmp	0x140a8517a
steam	reagent-item-type-name	0xa82c10	0xa8516d	jmp	0xa8517a
steam	reagent-item-type-name	0xa82c10	0xa8516d	indirect-jmp	0x140a8517a
steam	reagent-item-type-name	0xa82c10	0xa8519c	jb	0xa850f0
steam	reagent-item-type-name	0xa82c10	0xa851c6	je	0xa851da
steam	reagent-item-type-name	0xa82c10	0xa851df	je	0xa851f3
steam	reagent-item-type-name	0xa82c10	0xa851fe	je	0xa85212
steam	reagent-item-type-name	0xa82c10	0xa85217	je	0xa8522e
steam	reagent-item-type-name	0xa82c10	0xa85233	je	0xa85247
steam	reagent-item-type-name	0xa82c10	0xa8524c	je	0xa85263
steam	reagent-item-type-name	0xa82c10	0xa85268	je	0xa8527f
steam	reagent-item-type-name	0xa82c10	0xa85284	je	0xa85298
steam	reagent-item-type-name	0xa82c10	0xa8529d	je	0xa852b1
steam	reagent-item-type-name	0xa82c10	0xa852b6	je	0xa852ca
steam	reagent-item-type-name	0xa82c10	0xa852da	jne	0xa85475
steam	reagent-item-type-name	0xa82c10	0xa852eb	jne	0xa8538f
steam	reagent-item-type-name	0xa82c10	0xa852f4	jne	0xa8538f
steam	reagent-item-type-name	0xa82c10	0xa85309	jmp	0xa85575
steam	reagent-item-type-name	0xa82c10	0xa85309	indirect-jmp	0x140a85575
steam	reagent-item-type-name	0xa82c10	0xa85319	jmp	0xa8517a
steam	reagent-item-type-name	0xa82c10	0xa85319	indirect-jmp	0x140a8517a
steam	reagent-item-type-name	0xa82c10	0xa85329	jmp	0xa8517a
steam	reagent-item-type-name	0xa82c10	0xa85329	indirect-jmp	0x140a8517a
steam	reagent-item-type-name	0xa82c10	0xa85339	jmp	0xa8517a
steam	reagent-item-type-name	0xa82c10	0xa85339	indirect-jmp	0x140a8517a
steam	reagent-item-type-name	0xa82c10	0xa85349	jmp	0xa8517a
steam	reagent-item-type-name	0xa82c10	0xa85349	indirect-jmp	0x140a8517a
steam	reagent-item-type-name	0xa82c10	0xa85356	jmp	0xa8517a
steam	reagent-item-type-name	0xa82c10	0xa85356	indirect-jmp	0x140a8517a
steam	reagent-item-type-name	0xa82c10	0xa85365	jmp	0xa8517a
steam	reagent-item-type-name	0xa82c10	0xa85365	indirect-jmp	0x140a8517a
steam	reagent-item-type-name	0xa82c10	0xa8536f	jne	0xa8537b
steam	reagent-item-type-name	0xa82c10	0xa85376	jmp	0xa8517a
steam	reagent-item-type-name	0xa82c10	0xa85376	indirect-jmp	0x140a8517a
steam	reagent-item-type-name	0xa82c10	0xa85380	jmp	0xa8517a
steam	reagent-item-type-name	0xa82c10	0xa85380	indirect-jmp	0x140a8517a
steam	reagent-item-type-name	0xa82c10	0xa8538a	jmp	0xa8517a
steam	reagent-item-type-name	0xa82c10	0xa8538a	indirect-jmp	0x140a8517a
steam	reagent-item-type-name	0xa82c10	0xa85393	je	0xa8545f
steam	reagent-item-type-name	0xa82c10	0xa853aa	je	0xa8545f
steam	reagent-item-type-name	0xa82c10	0xa853ba	js	0xa853e7
steam	reagent-item-type-name	0xa82c10	0xa853d1	je	0xa853ea
steam	reagent-item-type-name	0xa82c10	0xa853e5	jle	0xa853c0
steam	reagent-item-type-name	0xa82c10	0xa853ed	je	0xa8545f
steam	reagent-item-type-name	0xa82c10	0xa853f7	je	0xa8545f
steam	reagent-item-type-name	0xa82c10	0xa85404	ja	0xa8545f
steam	reagent-item-type-name	0xa82c10	0xa8545a	jmp	0xa85558
steam	reagent-item-type-name	0xa82c10	0xa8545a	indirect-jmp	0x140a85558
steam	reagent-item-type-name	0xa82c10	0xa85470	jmp	0xa85540
steam	reagent-item-type-name	0xa82c10	0xa85470	indirect-jmp	0x140a85540
steam	reagent-item-type-name	0xa82c10	0xa85479	jne	0xa8557c
steam	reagent-item-type-name	0xa82c10	0xa8548a	jne	0xa854a5
steam	reagent-item-type-name	0xa82c10	0xa8548f	jne	0xa854a5
steam	reagent-item-type-name	0xa82c10	0xa854a0	jmp	0xa85575
steam	reagent-item-type-name	0xa82c10	0xa854a0	indirect-jmp	0x140a85575
steam	reagent-item-type-name	0xa82c10	0xa854b6	je	0xa8552a
steam	reagent-item-type-name	0xa82c10	0xa854bc	je	0xa8552a
steam	reagent-item-type-name	0xa82c10	0xa854c6	js	0xa854f9
steam	reagent-item-type-name	0xa82c10	0xa854e1	je	0xa85514
steam	reagent-item-type-name	0xa82c10	0xa854f5	jle	0xa854d0
steam	reagent-item-type-name	0xa82c10	0xa854ff	je	0xa8552a
steam	reagent-item-type-name	0xa82c10	0xa8550a	je	0xa85518
steam	reagent-item-type-name	0xa82c10	0xa85512	jmp	0xa85530
steam	reagent-item-type-name	0xa82c10	0xa85512	indirect-jmp	0x140a85530
steam	reagent-item-type-name	0xa82c10	0xa85516	jmp	0xa854fc
steam	reagent-item-type-name	0xa82c10	0xa85516	indirect-jmp	0x140a854fc
steam	reagent-item-type-name	0xa82c10	0xa8551a	je	0xa85524
steam	reagent-item-type-name	0xa82c10	0xa85522	jmp	0xa85530
steam	reagent-item-type-name	0xa82c10	0xa85522	indirect-jmp	0x140a85530
steam	reagent-item-type-name	0xa82c10	0xa85528	jmp	0xa85530
steam	reagent-item-type-name	0xa82c10	0xa85528	indirect-jmp	0x140a85530
steam	reagent-item-type-name	0xa82c10	0xa85586	jle	0xa8806b
steam	reagent-item-type-name	0xa82c10	0xa8559d	je	0xa8806b
steam	reagent-item-type-name	0xa82c10	0xa855a7	je	0xa8806b
steam	reagent-item-type-name	0xa82c10	0xa855b7	js	0xa855e7
steam	reagent-item-type-name	0xa82c10	0xa855d1	je	0xa855ea
steam	reagent-item-type-name	0xa82c10	0xa855e5	jle	0xa855c0
steam	reagent-item-type-name	0xa82c10	0xa855ed	je	0xa8806b
steam	reagent-item-type-name	0xa82c10	0xa855fd	je	0xa8806b
steam	reagent-item-type-name	0xa82c10	0xa8561a	je	0xa8806b
steam	reagent-item-type-name	0xa82c10	0xa8563d	je	0xa85735
steam	reagent-item-type-name	0xa82c10	0xa85646	je	0xa85735
steam	reagent-item-type-name	0xa82c10	0xa8564f	je	0xa85735
steam	reagent-item-type-name	0xa82c10	0xa85658	je	0xa85735
steam	reagent-item-type-name	0xa82c10	0xa85661	je	0xa85735
steam	reagent-item-type-name	0xa82c10	0xa8567e	ja	0xa8568d
steam	reagent-item-type-name	0xa82c10	0xa8568b	indirect-jmp	rcx
steam	reagent-item-type-name	0xa82c10	0xa85690	jne	0xa856a4
steam	reagent-item-type-name	0xa82c10	0xa85704	jl	0xa8570f
steam	reagent-item-type-name	0xa82c10	0xa8570d	jmp	0xa8571d
steam	reagent-item-type-name	0xa82c10	0xa8570d	indirect-jmp	0x140a8571d
steam	reagent-item-type-name	0xa82c10	0xa85714	jne	0xa85725
steam	reagent-item-type-name	0xa82c10	0xa85757	jb	0xa85630
steam	reagent-item-type-name	0xa82c10	0xa85764	jmp	0xa8806b
steam	reagent-item-type-name	0xa82c10	0xa85764	indirect-jmp	0x140a8806b
steam	reagent-item-type-name	0xa82c10	0xa85773	je	0xa8578d
steam	reagent-item-type-name	0xa82c10	0xa85791	je	0xa8582c
steam	reagent-item-type-name	0xa82c10	0xa857af	je	0xa8582c
steam	reagent-item-type-name	0xa82c10	0xa857b8	js	0xa857ea
steam	reagent-item-type-name	0xa82c10	0xa857d1	je	0xa857ed
steam	reagent-item-type-name	0xa82c10	0xa857e5	jle	0xa857c0
steam	reagent-item-type-name	0xa82c10	0xa857f0	je	0xa8582c
steam	reagent-item-type-name	0xa82c10	0xa857fc	je	0xa8582c
steam	reagent-item-type-name	0xa82c10	0xa85827	jmp	0xa8806b
steam	reagent-item-type-name	0xa82c10	0xa85827	indirect-jmp	0x140a8806b
steam	reagent-item-type-name	0xa82c10	0xa85836	jne	0xa85850
steam	reagent-item-type-name	0xa82c10	0xa8583a	jne	0xa85850
steam	reagent-item-type-name	0xa82c10	0xa8584b	jmp	0xa8806b
steam	reagent-item-type-name	0xa82c10	0xa8584b	indirect-jmp	0x140a8806b
steam	reagent-item-type-name	0xa82c10	0xa85885	jmp	0xa8806b
steam	reagent-item-type-name	0xa82c10	0xa85885	indirect-jmp	0x140a8806b
steam	reagent-item-type-name	0xa82c10	0xa85894	je	0xa858a8
steam	reagent-item-type-name	0xa82c10	0xa858b2	jne	0xa858cc
steam	reagent-item-type-name	0xa82c10	0xa858b6	jne	0xa858cc
steam	reagent-item-type-name	0xa82c10	0xa858c7	jmp	0xa8806b
steam	reagent-item-type-name	0xa82c10	0xa858c7	indirect-jmp	0x140a8806b
steam	reagent-item-type-name	0xa82c10	0xa858d7	jmp	0xa84e11
steam	reagent-item-type-name	0xa82c10	0xa858d7	indirect-jmp	0x140a84e11
steam	reagent-item-type-name	0xa82c10	0xa858e6	jne	0xa858ec
steam	reagent-item-type-name	0xa82c10	0xa858ea	je	0xa8593a
steam	reagent-item-type-name	0xa82c10	0xa8594f	jmp	0xa8806b
steam	reagent-item-type-name	0xa82c10	0xa8594f	indirect-jmp	0x140a8806b
steam	reagent-item-type-name	0xa82c10	0xa8595e	jne	0xa85964
steam	reagent-item-type-name	0xa82c10	0xa85962	je	0xa859b2
steam	reagent-item-type-name	0xa82c10	0xa859c7	jmp	0xa8806b
steam	reagent-item-type-name	0xa82c10	0xa859c7	indirect-jmp	0x140a8806b
steam	reagent-item-type-name	0xa82c10	0xa859d6	jne	0xa859dc
steam	reagent-item-type-name	0xa82c10	0xa859da	je	0xa85a2a
steam	reagent-item-type-name	0xa82c10	0xa85a3f	jmp	0xa8806b
steam	reagent-item-type-name	0xa82c10	0xa85a3f	indirect-jmp	0x140a8806b
steam	reagent-item-type-name	0xa82c10	0xa85a4e	jne	0xa85a54
steam	reagent-item-type-name	0xa82c10	0xa85a52	je	0xa85aa2
steam	reagent-item-type-name	0xa82c10	0xa85ab7	je	0xa85af3
steam	reagent-item-type-name	0xa82c10	0xa85ac0	jle	0xa85ad3
steam	reagent-item-type-name	0xa82c10	0xa85acd	je	0xa85ad3
steam	reagent-item-type-name	0xa82c10	0xa85ad1	jmp	0xa85ad5
steam	reagent-item-type-name	0xa82c10	0xa85ad1	indirect-jmp	0x140a85ad5
steam	reagent-item-type-name	0xa82c10	0xa85ad7	je	0xa85af3
steam	reagent-item-type-name	0xa82c10	0xa85aee	jmp	0xa8806b
steam	reagent-item-type-name	0xa82c10	0xa85aee	indirect-jmp	0x140a8806b
steam	reagent-item-type-name	0xa82c10	0xa85b08	jmp	0xa8806b
steam	reagent-item-type-name	0xa82c10	0xa85b08	indirect-jmp	0x140a8806b
steam	reagent-item-type-name	0xa82c10	0xa85b28	js	0xa85b43
steam	reagent-item-type-name	0xa82c10	0xa85b39	je	0xa85ba3
steam	reagent-item-type-name	0xa82c10	0xa85b41	jns	0xa85b30
steam	reagent-item-type-name	0xa82c10	0xa85b4d	jne	0xa85b53
steam	reagent-item-type-name	0xa82c10	0xa85b51	je	0xa85b91
steam	reagent-item-type-name	0xa82c10	0xa85b9e	jmp	0xa88053
steam	reagent-item-type-name	0xa82c10	0xa85b9e	indirect-jmp	0x140a88053
steam	reagent-item-type-name	0xa82c10	0xa85bad	je	0xa85b43
steam	reagent-item-type-name	0xa82c10	0xa85bb7	je	0xa85bda
steam	reagent-item-type-name	0xa82c10	0xa85be4	jne	0xa85bea
steam	reagent-item-type-name	0xa82c10	0xa85be8	je	0xa85c28
steam	reagent-item-type-name	0xa82c10	0xa85c33	jne	0xa85c39
steam	reagent-item-type-name	0xa82c10	0xa85c41	jmp	0xa8806b
steam	reagent-item-type-name	0xa82c10	0xa85c41	indirect-jmp	0x140a8806b
steam	reagent-item-type-name	0xa82c10	0xa85c50	jne	0xa85c56
steam	reagent-item-type-name	0xa82c10	0xa85c54	je	0xa85ca4
steam	reagent-item-type-name	0xa82c10	0xa85cb9	jmp	0xa8806b
steam	reagent-item-type-name	0xa82c10	0xa85cb9	indirect-jmp	0x140a8806b
steam	reagent-item-type-name	0xa82c10	0xa85cc8	jne	0xa85cce
steam	reagent-item-type-name	0xa82c10	0xa85ccc	je	0xa85d1c
steam	reagent-item-type-name	0xa82c10	0xa85d29	jmp	0xa88053
steam	reagent-item-type-name	0xa82c10	0xa85d29	indirect-jmp	0x140a88053
steam	reagent-item-type-name	0xa82c10	0xa85d38	jne	0xa85d3e
steam	reagent-item-type-name	0xa82c10	0xa85d3c	je	0xa85d8c
steam	reagent-item-type-name	0xa82c10	0xa85d99	jmp	0xa88053
steam	reagent-item-type-name	0xa82c10	0xa85d99	indirect-jmp	0x140a88053
steam	reagent-item-type-name	0xa82c10	0xa85da8	jne	0xa85dae
steam	reagent-item-type-name	0xa82c10	0xa85dac	je	0xa85dfc
steam	reagent-item-type-name	0xa82c10	0xa85e09	jmp	0xa88053
steam	reagent-item-type-name	0xa82c10	0xa85e09	indirect-jmp	0x140a88053
steam	reagent-item-type-name	0xa82c10	0xa85e18	jne	0xa85e1e
steam	reagent-item-type-name	0xa82c10	0xa85e1c	je	0xa85e6c
steam	reagent-item-type-name	0xa82c10	0xa85e87	js	0xa85ea3
steam	reagent-item-type-name	0xa82c10	0xa85e99	je	0xa85ebd
steam	reagent-item-type-name	0xa82c10	0xa85ea1	jns	0xa85e90
steam	reagent-item-type-name	0xa82c10	0xa85eb8	jmp	0xa8806b
steam	reagent-item-type-name	0xa82c10	0xa85eb8	indirect-jmp	0x140a8806b
steam	reagent-item-type-name	0xa82c10	0xa85ec7	je	0xa85ea3
steam	reagent-item-type-name	0xa82c10	0xa85ee5	jmp	0xa8806b
steam	reagent-item-type-name	0xa82c10	0xa85ee5	indirect-jmp	0x140a8806b
steam	reagent-item-type-name	0xa82c10	0xa85f05	js	0xa85f27
steam	reagent-item-type-name	0xa82c10	0xa85f19	je	0xa85fab
steam	reagent-item-type-name	0xa82c10	0xa85f25	jns	0xa85f10
steam	reagent-item-type-name	0xa82c10	0xa85f34	jne	0xa85f3a
steam	reagent-item-type-name	0xa82c10	0xa85f38	je	0xa85f88
steam	reagent-item-type-name	0xa82c10	0xa85f8b	je	0xa85fed
steam	reagent-item-type-name	0xa82c10	0xa85f98	jne	0xa85f9e
steam	reagent-item-type-name	0xa82c10	0xa85fa6	jmp	0xa8806b
steam	reagent-item-type-name	0xa82c10	0xa85fa6	indirect-jmp	0x140a8806b
steam	reagent-item-type-name	0xa82c10	0xa85fb8	je	0xa85f2a
steam	reagent-item-type-name	0xa82c10	0xa85fc6	je	0xa85f2a
steam	reagent-item-type-name	0xa82c10	0xa85fe8	jmp	0xa85f2a
steam	reagent-item-type-name	0xa82c10	0xa85fe8	indirect-jmp	0x140a85f2a
steam	reagent-item-type-name	0xa82c10	0xa86002	jmp	0xa8806b
steam	reagent-item-type-name	0xa82c10	0xa86002	indirect-jmp	0x140a8806b
steam	reagent-item-type-name	0xa82c10	0xa86011	jne	0xa86017
steam	reagent-item-type-name	0xa82c10	0xa86015	je	0xa86065
steam	reagent-item-type-name	0xa82c10	0xa86072	jmp	0xa88053
steam	reagent-item-type-name	0xa82c10	0xa86072	indirect-jmp	0x140a88053
steam	reagent-item-type-name	0xa82c10	0xa86081	jne	0xa86087
steam	reagent-item-type-name	0xa82c10	0xa86085	je	0xa860d5
steam	reagent-item-type-name	0xa82c10	0xa860e2	jmp	0xa88053
steam	reagent-item-type-name	0xa82c10	0xa860e2	indirect-jmp	0x140a88053
steam	reagent-item-type-name	0xa82c10	0xa860f1	jne	0xa860f7
steam	reagent-item-type-name	0xa82c10	0xa860f5	je	0xa86145
steam	reagent-item-type-name	0xa82c10	0xa8614c	jmp	0xa8804d
steam	reagent-item-type-name	0xa82c10	0xa8614c	indirect-jmp	0x140a8804d
steam	reagent-item-type-name	0xa82c10	0xa8615c	je	0xa8616d
steam	reagent-item-type-name	0xa82c10	0xa8616b	jmp	0xa8617a
steam	reagent-item-type-name	0xa82c10	0xa8616b	indirect-jmp	0x140a8617a
steam	reagent-item-type-name	0xa82c10	0xa86186	je	0xa861f0
steam	reagent-item-type-name	0xa82c10	0xa861a0	je	0xa861f0
steam	reagent-item-type-name	0xa82c10	0xa861a9	js	0xa861d7
steam	reagent-item-type-name	0xa82c10	0xa861c1	je	0xa861da
steam	reagent-item-type-name	0xa82c10	0xa861d5	jle	0xa861b0
steam	reagent-item-type-name	0xa82c10	0xa861dd	je	0xa861f0
steam	reagent-item-type-name	0xa82c10	0xa861ee	jmp	0xa861f6
steam	reagent-item-type-name	0xa82c10	0xa861ee	indirect-jmp	0x140a861f6
steam	reagent-item-type-name	0xa82c10	0xa86235	je	0xa86256
steam	reagent-item-type-name	0xa82c10	0xa86251	jmp	0xa86388
steam	reagent-item-type-name	0xa82c10	0xa86251	indirect-jmp	0x140a86388
steam	reagent-item-type-name	0xa82c10	0xa86259	jne	0xa8626c
steam	reagent-item-type-name	0xa82c10	0xa8626a	jmp	0xa862a3
steam	reagent-item-type-name	0xa82c10	0xa8626a	indirect-jmp	0x140a862a3
steam	reagent-item-type-name	0xa82c10	0xa8626f	jne	0xa86282
steam	reagent-item-type-name	0xa82c10	0xa86280	jmp	0xa862a3
steam	reagent-item-type-name	0xa82c10	0xa86280	indirect-jmp	0x140a862a3
steam	reagent-item-type-name	0xa82c10	0xa86285	jne	0xa86298
steam	reagent-item-type-name	0xa82c10	0xa86296	jmp	0xa862a3
steam	reagent-item-type-name	0xa82c10	0xa86296	indirect-jmp	0x140a862a3
steam	reagent-item-type-name	0xa82c10	0xa8629c	jne	0xa862cb
steam	reagent-item-type-name	0xa82c10	0xa862a1	jne	0xa86315
steam	reagent-item-type-name	0xa82c10	0xa862b6	je	0xa86388
steam	reagent-item-type-name	0xa82c10	0xa862c6	jmp	0xa86388
steam	reagent-item-type-name	0xa82c10	0xa862c6	indirect-jmp	0x140a86388
steam	reagent-item-type-name	0xa82c10	0xa862ce	jne	0xa86315
steam	reagent-item-type-name	0xa82c10	0xa862ef	je	0xa862f8
steam	reagent-item-type-name	0xa82c10	0xa862f6	jmp	0xa862fd
steam	reagent-item-type-name	0xa82c10	0xa862f6	indirect-jmp	0x140a862fd
steam	reagent-item-type-name	0xa82c10	0xa86313	jmp	0xa86382
steam	reagent-item-type-name	0xa82c10	0xa86313	indirect-jmp	0x140a86382
steam	reagent-item-type-name	0xa82c10	0xa8636e	je	0xa8637b
steam	reagent-item-type-name	0xa82c10	0xa86390	jbe	0xa863c3
steam	reagent-item-type-name	0xa82c10	0xa863a3	jb	0xa863be
steam	reagent-item-type-name	0xa82c10	0xa863b8	ja	0xa86cfe
steam	reagent-item-type-name	0xa82c10	0xa863d3	jmp	0xa8806b
steam	reagent-item-type-name	0xa82c10	0xa863d3	indirect-jmp	0x140a8806b
steam	reagent-item-type-name	0xa82c10	0xa863e2	jne	0xa863e8
steam	reagent-item-type-name	0xa82c10	0xa863e6	je	0xa86436
steam	reagent-item-type-name	0xa82c10	0xa8643d	jmp	0xa8804d
steam	reagent-item-type-name	0xa82c10	0xa8643d	indirect-jmp	0x140a8804d
steam	reagent-item-type-name	0xa82c10	0xa8644c	jne	0xa86452
steam	reagent-item-type-name	0xa82c10	0xa86450	je	0xa864a0
steam	reagent-item-type-name	0xa82c10	0xa864ad	jmp	0xa88053
steam	reagent-item-type-name	0xa82c10	0xa864ad	indirect-jmp	0x140a88053
steam	reagent-item-type-name	0xa82c10	0xa864bc	jne	0xa864c2
steam	reagent-item-type-name	0xa82c10	0xa864c0	je	0xa86510
steam	reagent-item-type-name	0xa82c10	0xa8651d	jmp	0xa88053
steam	reagent-item-type-name	0xa82c10	0xa8651d	indirect-jmp	0x140a88053
steam	reagent-item-type-name	0xa82c10	0xa8652c	jne	0xa86532
steam	reagent-item-type-name	0xa82c10	0xa86530	je	0xa86580
steam	reagent-item-type-name	0xa82c10	0xa8658d	jmp	0xa88053
steam	reagent-item-type-name	0xa82c10	0xa8658d	indirect-jmp	0x140a88053
steam	reagent-item-type-name	0xa82c10	0xa8659c	jne	0xa865a2
steam	reagent-item-type-name	0xa82c10	0xa865a0	je	0xa865f0
steam	reagent-item-type-name	0xa82c10	0xa865fd	jmp	0xa82ee5
steam	reagent-item-type-name	0xa82c10	0xa865fd	indirect-jmp	0x140a82ee5
steam	reagent-item-type-name	0xa82c10	0xa8660c	jne	0xa86612
steam	reagent-item-type-name	0xa82c10	0xa86610	je	0xa86660
steam	reagent-item-type-name	0xa82c10	0xa8666d	jmp	0xa88053
steam	reagent-item-type-name	0xa82c10	0xa8666d	indirect-jmp	0x140a88053
steam	reagent-item-type-name	0xa82c10	0xa8667c	jne	0xa86682
steam	reagent-item-type-name	0xa82c10	0xa86680	je	0xa866d0
steam	reagent-item-type-name	0xa82c10	0xa866dd	jmp	0xa88053
steam	reagent-item-type-name	0xa82c10	0xa866dd	indirect-jmp	0x140a88053
steam	reagent-item-type-name	0xa82c10	0xa866ec	jne	0xa866f2
steam	reagent-item-type-name	0xa82c10	0xa866f0	je	0xa86740
steam	reagent-item-type-name	0xa82c10	0xa8674d	jmp	0xa88053
steam	reagent-item-type-name	0xa82c10	0xa8674d	indirect-jmp	0x140a88053
steam	reagent-item-type-name	0xa82c10	0xa8675c	jne	0xa86762
steam	reagent-item-type-name	0xa82c10	0xa86760	je	0xa867b3
steam	reagent-item-type-name	0xa82c10	0xa867cb	je	0xa869f6
steam	reagent-item-type-name	0xa82c10	0xa867d5	je	0xa869f6
steam	reagent-item-type-name	0xa82c10	0xa867e2	js	0xa8681a
steam	reagent-item-type-name	0xa82c10	0xa86801	je	0xa8681d
steam	reagent-item-type-name	0xa82c10	0xa86815	jle	0xa867f0
steam	reagent-item-type-name	0xa82c10	0xa86820	je	0xa869f6
steam	reagent-item-type-name	0xa82c10	0xa86839	ja	0xa869e2
steam	reagent-item-type-name	0xa82c10	0xa86850	indirect-jmp	rcx
steam	reagent-item-type-name	0xa82c10	0xa86861	jmp	0xa8805b
steam	reagent-item-type-name	0xa82c10	0xa86861	indirect-jmp	0x140a8805b
steam	reagent-item-type-name	0xa82c10	0xa86875	jmp	0xa8805b
steam	reagent-item-type-name	0xa82c10	0xa86875	indirect-jmp	0x140a8805b
steam	reagent-item-type-name	0xa82c10	0xa86889	jmp	0xa8805b
steam	reagent-item-type-name	0xa82c10	0xa86889	indirect-jmp	0x140a8805b
steam	reagent-item-type-name	0xa82c10	0xa8689d	jmp	0xa8805b
steam	reagent-item-type-name	0xa82c10	0xa8689d	indirect-jmp	0x140a8805b
steam	reagent-item-type-name	0xa82c10	0xa868b1	jmp	0xa8805b
steam	reagent-item-type-name	0xa82c10	0xa868b1	indirect-jmp	0x140a8805b
steam	reagent-item-type-name	0xa82c10	0xa868c5	jmp	0xa8805b
steam	reagent-item-type-name	0xa82c10	0xa868c5	indirect-jmp	0x140a8805b
steam	reagent-item-type-name	0xa82c10	0xa868d9	jmp	0xa8805b
steam	reagent-item-type-name	0xa82c10	0xa868d9	indirect-jmp	0x140a8805b
steam	reagent-item-type-name	0xa82c10	0xa868ed	jmp	0xa8805b
steam	reagent-item-type-name	0xa82c10	0xa868ed	indirect-jmp	0x140a8805b
steam	reagent-item-type-name	0xa82c10	0xa86901	jmp	0xa8805b
steam	reagent-item-type-name	0xa82c10	0xa86901	indirect-jmp	0x140a8805b
steam	reagent-item-type-name	0xa82c10	0xa86915	jmp	0xa8805b
steam	reagent-item-type-name	0xa82c10	0xa86915	indirect-jmp	0x140a8805b
steam	reagent-item-type-name	0xa82c10	0xa86929	jmp	0xa8805b
steam	reagent-item-type-name	0xa82c10	0xa86929	indirect-jmp	0x140a8805b
steam	reagent-item-type-name	0xa82c10	0xa8693d	jmp	0xa8805b
steam	reagent-item-type-name	0xa82c10	0xa8693d	indirect-jmp	0x140a8805b
steam	reagent-item-type-name	0xa82c10	0xa86951	jmp	0xa8805b
steam	reagent-item-type-name	0xa82c10	0xa86951	indirect-jmp	0x140a8805b
steam	reagent-item-type-name	0xa82c10	0xa86965	jmp	0xa8805b
steam	reagent-item-type-name	0xa82c10	0xa86965	indirect-jmp	0x140a8805b
steam	reagent-item-type-name	0xa82c10	0xa86979	jmp	0xa8805b
steam	reagent-item-type-name	0xa82c10	0xa86979	indirect-jmp	0x140a8805b
steam	reagent-item-type-name	0xa82c10	0xa8698d	jmp	0xa8805b
steam	reagent-item-type-name	0xa82c10	0xa8698d	indirect-jmp	0x140a8805b
steam	reagent-item-type-name	0xa82c10	0xa869a1	jmp	0xa8805b
steam	reagent-item-type-name	0xa82c10	0xa869a1	indirect-jmp	0x140a8805b
steam	reagent-item-type-name	0xa82c10	0xa869b5	jmp	0xa8805b
steam	reagent-item-type-name	0xa82c10	0xa869b5	indirect-jmp	0x140a8805b
steam	reagent-item-type-name	0xa82c10	0xa869c9	jmp	0xa8805b
steam	reagent-item-type-name	0xa82c10	0xa869c9	indirect-jmp	0x140a8805b
steam	reagent-item-type-name	0xa82c10	0xa869dd	jmp	0xa8805b
steam	reagent-item-type-name	0xa82c10	0xa869dd	indirect-jmp	0x140a8805b
steam	reagent-item-type-name	0xa82c10	0xa869f1	jmp	0xa8805b
steam	reagent-item-type-name	0xa82c10	0xa869f1	indirect-jmp	0x140a8805b
steam	reagent-item-type-name	0xa82c10	0xa869fd	jmp	0xa8804d
steam	reagent-item-type-name	0xa82c10	0xa869fd	indirect-jmp	0x140a8804d
steam	reagent-item-type-name	0xa82c10	0xa86a0c	je	0xa86a23
steam	reagent-item-type-name	0xa82c10	0xa86a30	jmp	0xa88053
steam	reagent-item-type-name	0xa82c10	0xa86a30	indirect-jmp	0x140a88053
steam	reagent-item-type-name	0xa82c10	0xa86a3f	je	0xa86a56
steam	reagent-item-type-name	0xa82c10	0xa86a60	jae	0xa86a8d
steam	reagent-item-type-name	0xa82c10	0xa86a69	jne	0xa86a7c
steam	reagent-item-type-name	0xa82c10	0xa86a77	jmp	0xa880a7
steam	reagent-item-type-name	0xa82c10	0xa86a77	indirect-jmp	0x140a880a7
steam	reagent-item-type-name	0xa82c10	0xa86a88	jmp	0xa8806b
steam	reagent-item-type-name	0xa82c10	0xa86a88	indirect-jmp	0x140a8806b
steam	reagent-item-type-name	0xa82c10	0xa86a8f	je	0xa86aa5
steam	reagent-item-type-name	0xa82c10	0xa86aa0	jmp	0xa8805b
steam	reagent-item-type-name	0xa82c10	0xa86aa0	indirect-jmp	0x140a8805b
steam	reagent-item-type-name	0xa82c10	0xa86aa7	je	0xa86abd
steam	reagent-item-type-name	0xa82c10	0xa86ab8	jmp	0xa8805b
steam	reagent-item-type-name	0xa82c10	0xa86ab8	indirect-jmp	0x140a8805b
steam	reagent-item-type-name	0xa82c10	0xa86abf	je	0xa86ad5
steam	reagent-item-type-name	0xa82c10	0xa86ad0	jmp	0xa8805b
steam	reagent-item-type-name	0xa82c10	0xa86ad0	indirect-jmp	0x140a8805b
steam	reagent-item-type-name	0xa82c10	0xa86ad7	je	0xa86aed
steam	reagent-item-type-name	0xa82c10	0xa86ae8	jmp	0xa8805b
steam	reagent-item-type-name	0xa82c10	0xa86ae8	indirect-jmp	0x140a8805b
steam	reagent-item-type-name	0xa82c10	0xa86aef	je	0xa86b05
steam	reagent-item-type-name	0xa82c10	0xa86b00	jmp	0xa8805b
steam	reagent-item-type-name	0xa82c10	0xa86b00	indirect-jmp	0x140a8805b
steam	reagent-item-type-name	0xa82c10	0xa86b07	jns	0xa86b1d
steam	reagent-item-type-name	0xa82c10	0xa86b18	jmp	0xa8805b
steam	reagent-item-type-name	0xa82c10	0xa86b18	indirect-jmp	0x140a8805b
steam	reagent-item-type-name	0xa82c10	0xa86b21	jae	0xa86b37
steam	reagent-item-type-name	0xa82c10	0xa86b32	jmp	0xa8805b
steam	reagent-item-type-name	0xa82c10	0xa86b32	indirect-jmp	0x140a8805b
steam	reagent-item-type-name	0xa82c10	0xa86b3b	jae	0xa86b51
steam	reagent-item-type-name	0xa82c10	0xa86b4c	jmp	0xa8805b
steam	reagent-item-type-name	0xa82c10	0xa86b4c	indirect-jmp	0x140a8805b
steam	reagent-item-type-name	0xa82c10	0xa86b55	jae	0xa86b6b
steam	reagent-item-type-name	0xa82c10	0xa86b66	jmp	0xa8805b
steam	reagent-item-type-name	0xa82c10	0xa86b66	indirect-jmp	0x140a8805b
steam	reagent-item-type-name	0xa82c10	0xa86b6f	jae	0xa86b85
steam	reagent-item-type-name	0xa82c10	0xa86b80	jmp	0xa8805b
steam	reagent-item-type-name	0xa82c10	0xa86b80	indirect-jmp	0x140a8805b
steam	reagent-item-type-name	0xa82c10	0xa86b90	jb	0xa86b99
steam	reagent-item-type-name	0xa82c10	0xa86ba1	jmp	0xa8805b
steam	reagent-item-type-name	0xa82c10	0xa86ba1	indirect-jmp	0x140a8805b
steam	reagent-item-type-name	0xa82c10	0xa86bb6	je	0xa86bd1
steam	reagent-item-type-name	0xa82c10	0xa86bd5	je	0xa86d1f
steam	reagent-item-type-name	0xa82c10	0xa86bf5	js	0xa86c3b
steam	reagent-item-type-name	0xa82c10	0xa86c0f	jae	0xa86c3b
steam	reagent-item-type-name	0xa82c10	0xa86c21	je	0xa86c3b
steam	reagent-item-type-name	0xa82c10	0xa86c2c	jbe	0xa86c31
steam	reagent-item-type-name	0xa82c10	0xa86c98	je	0xa86ca4
steam	reagent-item-type-name	0xa82c10	0xa86ca2	jmp	0xa86cac
steam	reagent-item-type-name	0xa82c10	0xa86ca2	indirect-jmp	0x140a86cac
steam	reagent-item-type-name	0xa82c10	0xa86cd4	jbe	0xa86d0a
steam	reagent-item-type-name	0xa82c10	0xa86ce7	jb	0xa86d05
steam	reagent-item-type-name	0xa82c10	0xa86cfc	jbe	0xa86d05
steam	reagent-item-type-name	0xa82c10	0xa86d1a	jmp	0xa8806b
steam	reagent-item-type-name	0xa82c10	0xa86d1a	indirect-jmp	0x140a8806b
steam	reagent-item-type-name	0xa82c10	0xa86d31	jmp	0xa8806b
steam	reagent-item-type-name	0xa82c10	0xa86d31	indirect-jmp	0x140a8806b
steam	reagent-item-type-name	0xa82c10	0xa86d49	ja	0xa86d71
steam	reagent-item-type-name	0xa82c10	0xa86d6c	jmp	0xa8806b
steam	reagent-item-type-name	0xa82c10	0xa86d6c	indirect-jmp	0x140a8806b
steam	reagent-item-type-name	0xa82c10	0xa86d7b	jne	0xa86d95
steam	reagent-item-type-name	0xa82c10	0xa86d7f	jne	0xa86d95
steam	reagent-item-type-name	0xa82c10	0xa86d90	jmp	0xa8806b
steam	reagent-item-type-name	0xa82c10	0xa86d90	indirect-jmp	0x140a8806b
steam	reagent-item-type-name	0xa82c10	0xa86ddb	jmp	0xa88063
steam	reagent-item-type-name	0xa82c10	0xa86ddb	indirect-jmp	0x140a88063
steam	reagent-item-type-name	0xa82c10	0xa86dea	je	0xa86e04
steam	reagent-item-type-name	0xa82c10	0xa86e17	ja	0xa86e4d
steam	reagent-item-type-name	0xa82c10	0xa86e48	jmp	0xa8806b
steam	reagent-item-type-name	0xa82c10	0xa86e48	indirect-jmp	0x140a8806b
steam	reagent-item-type-name	0xa82c10	0xa86e57	jne	0xa86e88
steam	reagent-item-type-name	0xa82c10	0xa86e5b	jne	0xa86e88
steam	reagent-item-type-name	0xa82c10	0xa86e64	je	0xa86e77
steam	reagent-item-type-name	0xa82c10	0xa86e72	jmp	0xa8806b
steam	reagent-item-type-name	0xa82c10	0xa86e72	indirect-jmp	0x140a8806b
steam	reagent-item-type-name	0xa82c10	0xa86e83	jmp	0xa880a7
steam	reagent-item-type-name	0xa82c10	0xa86e83	indirect-jmp	0x140a880a7
steam	reagent-item-type-name	0xa82c10	0xa86e93	jmp	0xa84e11
steam	reagent-item-type-name	0xa82c10	0xa86e93	indirect-jmp	0x140a84e11
steam	reagent-item-type-name	0xa82c10	0xa86ea2	je	0xa86eb9
steam	reagent-item-type-name	0xa82c10	0xa86ebd	je	0xa86ef7
steam	reagent-item-type-name	0xa82c10	0xa86ec2	je	0xa86ef7
steam	reagent-item-type-name	0xa82c10	0xa86ef2	jmp	0xa8806b
steam	reagent-item-type-name	0xa82c10	0xa86ef2	indirect-jmp	0x140a8806b
steam	reagent-item-type-name	0xa82c10	0xa86f10	je	0xa880a7
steam	reagent-item-type-name	0xa82c10	0xa86f25	jmp	0xa8806b
steam	reagent-item-type-name	0xa82c10	0xa86f25	indirect-jmp	0x140a8806b
steam	reagent-item-type-name	0xa82c10	0xa86f34	je	0xa86f4b
steam	reagent-item-type-name	0xa82c10	0xa86f67	je	0xa87101
steam	reagent-item-type-name	0xa82c10	0xa86f8b	je	0xa8700b
steam	reagent-item-type-name	0xa82c10	0xa86f90	js	0xa87054
steam	reagent-item-type-name	0xa82c10	0xa86fae	jae	0xa87010
steam	reagent-item-type-name	0xa82c10	0xa86fb3	js	0xa87010
steam	reagent-item-type-name	0xa82c10	0xa86fd5	jae	0xa87010
steam	reagent-item-type-name	0xa82c10	0xa86fe7	je	0xa87001
steam	reagent-item-type-name	0xa82c10	0xa86ff2	jbe	0xa86ff7
steam	reagent-item-type-name	0xa82c10	0xa87007	jbe	0xa87010
steam	reagent-item-type-name	0xa82c10	0xa87009	jmp	0xa87054
steam	reagent-item-type-name	0xa82c10	0xa87009	indirect-jmp	0x140a87054
steam	reagent-item-type-name	0xa82c10	0xa8700e	js	0xa87054
steam	reagent-item-type-name	0xa82c10	0xa87028	jae	0xa87054
steam	reagent-item-type-name	0xa82c10	0xa8703a	je	0xa87054
steam	reagent-item-type-name	0xa82c10	0xa87045	jbe	0xa8704a
steam	reagent-item-type-name	0xa82c10	0xa87074	js	0xa870c3
steam	reagent-item-type-name	0xa82c10	0xa8708e	jae	0xa870c3
steam	reagent-item-type-name	0xa82c10	0xa87093	js	0xa870c3
steam	reagent-item-type-name	0xa82c10	0xa870b4	jae	0xa870c3
steam	reagent-item-type-name	0xa82c10	0xa870c1	jmp	0xa870c5
steam	reagent-item-type-name	0xa82c10	0xa870c1	indirect-jmp	0x140a870c5
steam	reagent-item-type-name	0xa82c10	0xa870ca	je	0xa870eb
steam	reagent-item-type-name	0xa82c10	0xa870cf	jne	0xa8806b
steam	reagent-item-type-name	0xa82c10	0xa870e6	jmp	0xa88063
steam	reagent-item-type-name	0xa82c10	0xa870e6	indirect-jmp	0x140a88063
steam	reagent-item-type-name	0xa82c10	0xa870fc	jmp	0xa88063
steam	reagent-item-type-name	0xa82c10	0xa870fc	indirect-jmp	0x140a88063
steam	reagent-item-type-name	0xa82c10	0xa87113	jmp	0xa8806b
steam	reagent-item-type-name	0xa82c10	0xa87113	indirect-jmp	0x140a8806b
steam	reagent-item-type-name	0xa82c10	0xa87122	je	0xa87140
steam	reagent-item-type-name	0xa82c10	0xa87144	je	0xa87260
steam	reagent-item-type-name	0xa82c10	0xa87165	je	0xa871e5
steam	reagent-item-type-name	0xa82c10	0xa8716a	js	0xa8722e
steam	reagent-item-type-name	0xa82c10	0xa87188	jae	0xa871ea
steam	reagent-item-type-name	0xa82c10	0xa8718d	js	0xa871ea
steam	reagent-item-type-name	0xa82c10	0xa871af	jae	0xa871ea
steam	reagent-item-type-name	0xa82c10	0xa871c1	je	0xa871db
steam	reagent-item-type-name	0xa82c10	0xa871cc	jbe	0xa871d1
steam	reagent-item-type-name	0xa82c10	0xa871e1	jbe	0xa871ea
steam	reagent-item-type-name	0xa82c10	0xa871e3	jmp	0xa8722e
steam	reagent-item-type-name	0xa82c10	0xa871e3	indirect-jmp	0x140a8722e
steam	reagent-item-type-name	0xa82c10	0xa871e8	js	0xa8722e
steam	reagent-item-type-name	0xa82c10	0xa87202	jae	0xa8722e
steam	reagent-item-type-name	0xa82c10	0xa87214	je	0xa8722e
steam	reagent-item-type-name	0xa82c10	0xa8721f	jbe	0xa87224
steam	reagent-item-type-name	0xa82c10	0xa87275	jmp	0xa8806b
steam	reagent-item-type-name	0xa82c10	0xa87275	indirect-jmp	0x140a8806b
steam	reagent-item-type-name	0xa82c10	0xa87284	je	0xa872a2
steam	reagent-item-type-name	0xa82c10	0xa872a6	je	0xa8738b
steam	reagent-item-type-name	0xa82c10	0xa872c7	je	0xa87341
steam	reagent-item-type-name	0xa82c10	0xa872cc	js	0xa87341
steam	reagent-item-type-name	0xa82c10	0xa872e6	jae	0xa87341
steam	reagent-item-type-name	0xa82c10	0xa872eb	js	0xa87341
steam	reagent-item-type-name	0xa82c10	0xa8730d	jae	0xa87341
steam	reagent-item-type-name	0xa82c10	0xa8731f	je	0xa87339
steam	reagent-item-type-name	0xa82c10	0xa8732a	jbe	0xa8732f
steam	reagent-item-type-name	0xa82c10	0xa8733f	ja	0xa87361
steam	reagent-item-type-name	0xa82c10	0xa87386	jmp	0xa870ca
steam	reagent-item-type-name	0xa82c10	0xa87386	indirect-jmp	0x140a870ca
steam	reagent-item-type-name	0xa82c10	0xa8739a	jmp	0xa8806b
steam	reagent-item-type-name	0xa82c10	0xa8739a	indirect-jmp	0x140a8806b
steam	reagent-item-type-name	0xa82c10	0xa873a6	je	0xa873e1
steam	reagent-item-type-name	0xa82c10	0xa873dc	jmp	0xa8806b
steam	reagent-item-type-name	0xa82c10	0xa873dc	indirect-jmp	0x140a8806b
steam	reagent-item-type-name	0xa82c10	0xa873ed	jmp	0xa8805b
steam	reagent-item-type-name	0xa82c10	0xa873ed	indirect-jmp	0x140a8805b
steam	reagent-item-type-name	0xa82c10	0xa873f9	je	0xa87404
steam	reagent-item-type-name	0xa82c10	0xa87402	jmp	0xa873af
steam	reagent-item-type-name	0xa82c10	0xa87402	indirect-jmp	0x140a873af
steam	reagent-item-type-name	0xa82c10	0xa87410	jmp	0xa8805b
steam	reagent-item-type-name	0xa82c10	0xa87410	indirect-jmp	0x140a8805b
steam	reagent-item-type-name	0xa82c10	0xa87422	jmp	0xa88053
steam	reagent-item-type-name	0xa82c10	0xa87422	indirect-jmp	0x140a88053
steam	reagent-item-type-name	0xa82c10	0xa87433	jae	0xa87444
steam	reagent-item-type-name	0xa82c10	0xa87448	je	0xa87459
steam	reagent-item-type-name	0xa82c10	0xa8745d	je	0xa8756a
steam	reagent-item-type-name	0xa82c10	0xa87466	je	0xa8756a
steam	reagent-item-type-name	0xa82c10	0xa87484	je	0xa87556
steam	reagent-item-type-name	0xa82c10	0xa87492	je	0xa874ad
steam	reagent-item-type-name	0xa82c10	0xa874bb	je	0xa874ea
steam	reagent-item-type-name	0xa82c10	0xa874f5	jne	0xa8752e
steam	reagent-item-type-name	0xa82c10	0xa8750a	jle	0xa8751d
steam	reagent-item-type-name	0xa82c10	0xa87518	jmp	0xa88071
steam	reagent-item-type-name	0xa82c10	0xa87518	indirect-jmp	0x140a88071
steam	reagent-item-type-name	0xa82c10	0xa87529	jmp	0xa880a7
steam	reagent-item-type-name	0xa82c10	0xa87529	indirect-jmp	0x140a880a7
steam	reagent-item-type-name	0xa82c10	0xa87532	jne	0xa87545
steam	reagent-item-type-name	0xa82c10	0xa87540	jmp	0xa880a7
steam	reagent-item-type-name	0xa82c10	0xa87540	indirect-jmp	0x140a880a7
steam	reagent-item-type-name	0xa82c10	0xa87551	jmp	0xa8806b
steam	reagent-item-type-name	0xa82c10	0xa87551	indirect-jmp	0x140a8806b
steam	reagent-item-type-name	0xa82c10	0xa87565	jmp	0xa8806b
steam	reagent-item-type-name	0xa82c10	0xa87565	indirect-jmp	0x140a8806b
steam	reagent-item-type-name	0xa82c10	0xa8757f	jmp	0xa8806b
steam	reagent-item-type-name	0xa82c10	0xa8757f	indirect-jmp	0x140a8806b
steam	reagent-item-type-name	0xa82c10	0xa8759f	js	0xa875b4
steam	reagent-item-type-name	0xa82c10	0xa875aa	je	0xa87616
steam	reagent-item-type-name	0xa82c10	0xa875b2	jns	0xa875a1
steam	reagent-item-type-name	0xa82c10	0xa875be	jne	0xa875c4
steam	reagent-item-type-name	0xa82c10	0xa875c2	je	0xa87602
steam	reagent-item-type-name	0xa82c10	0xa87611	jmp	0xa8805b
steam	reagent-item-type-name	0xa82c10	0xa87611	indirect-jmp	0x140a8805b
steam	reagent-item-type-name	0xa82c10	0xa87620	je	0xa875b4
steam	reagent-item-type-name	0xa82c10	0xa8762a	je	0xa8764d
steam	reagent-item-type-name	0xa82c10	0xa87657	jne	0xa8765d
steam	reagent-item-type-name	0xa82c10	0xa8765b	je	0xa8769b
steam	reagent-item-type-name	0xa82c10	0xa876a6	jne	0xa873d4
steam	reagent-item-type-name	0xa82c10	0xa876b8	jmp	0xa8806b
steam	reagent-item-type-name	0xa82c10	0xa876b8	indirect-jmp	0x140a8806b
steam	reagent-item-type-name	0xa82c10	0xa876c0	je	0xa876db
steam	reagent-item-type-name	0xa82c10	0xa876f6	js	0xa87713
steam	reagent-item-type-name	0xa82c10	0xa87709	je	0xa8778a
steam	reagent-item-type-name	0xa82c10	0xa87711	jns	0xa87700
steam	reagent-item-type-name	0xa82c10	0xa8771d	jne	0xa87723
steam	reagent-item-type-name	0xa82c10	0xa87721	je	0xa87761
steam	reagent-item-type-name	0xa82c10	0xa87765	jle	0xa87776
steam	reagent-item-type-name	0xa82c10	0xa87785	jmp	0xa8806b
steam	reagent-item-type-name	0xa82c10	0xa87785	indirect-jmp	0x140a8806b
steam	reagent-item-type-name	0xa82c10	0xa87794	je	0xa87713
steam	reagent-item-type-name	0xa82c10	0xa8779e	jle	0xa877c3
steam	reagent-item-type-name	0xa82c10	0xa877a8	je	0xa877c3
steam	reagent-item-type-name	0xa82c10	0xa877cb	je	0xa877eb
steam	reagent-item-type-name	0xa82c10	0xa877f5	jne	0xa8780e
steam	reagent-item-type-name	0xa82c10	0xa877f9	jne	0xa8780e
steam	reagent-item-type-name	0xa82c10	0xa87803	je	0xa8784d
steam	reagent-item-type-name	0xa82c10	0xa8780c	jmp	0xa8783b
steam	reagent-item-type-name	0xa82c10	0xa8780c	indirect-jmp	0x140a8783b
steam	reagent-item-type-name	0xa82c10	0xa87867	je	0xa8769b
steam	reagent-item-type-name	0xa82c10	0xa87880	je	0xa8769b
steam	reagent-item-type-name	0xa82c10	0xa87895	jmp	0xa8769b
steam	reagent-item-type-name	0xa82c10	0xa87895	indirect-jmp	0x140a8769b
steam	reagent-item-type-name	0xa82c10	0xa8789d	je	0xa878b8
steam	reagent-item-type-name	0xa82c10	0xa878d3	js	0xa878f7
steam	reagent-item-type-name	0xa82c10	0xa878e9	je	0xa87a2f
steam	reagent-item-type-name	0xa82c10	0xa878f5	jns	0xa878e0
steam	reagent-item-type-name	0xa82c10	0xa87904	jne	0xa8790a
steam	reagent-item-type-name	0xa82c10	0xa87908	je	0xa87959
steam	reagent-item-type-name	0xa82c10	0xa8795d	je	0xa879c4
steam	reagent-item-type-name	0xa82c10	0xa87971	je	0xa879c4
steam	reagent-item-type-name	0xa82c10	0xa87985	je	0xa879c4
steam	reagent-item-type-name	0xa82c10	0xa87993	je	0xa879a4
steam	reagent-item-type-name	0xa82c10	0xa879b3	je	0xa879c4
steam	reagent-item-type-name	0xa82c10	0xa879c7	je	0xa87a73
steam	reagent-item-type-name	0xa82c10	0xa879e7	je	0xa87a0d
steam	reagent-item-type-name	0xa82c10	0xa879fc	je	0xa87a0d
steam	reagent-item-type-name	0xa82c10	0xa87a18	jne	0xa873d4
steam	reagent-item-type-name	0xa82c10	0xa87a2a	jmp	0xa8806b
steam	reagent-item-type-name	0xa82c10	0xa87a2a	indirect-jmp	0x140a8806b
steam	reagent-item-type-name	0xa82c10	0xa87a3c	je	0xa878fa
steam	reagent-item-type-name	0xa82c10	0xa87a4a	je	0xa878fa
steam	reagent-item-type-name	0xa82c10	0xa87a6e	jmp	0xa878fa
steam	reagent-item-type-name	0xa82c10	0xa87a6e	indirect-jmp	0x140a878fa
steam	reagent-item-type-name	0xa82c10	0xa87a82	jmp	0xa8806b
steam	reagent-item-type-name	0xa82c10	0xa87a82	indirect-jmp	0x140a8806b
steam	reagent-item-type-name	0xa82c10	0xa87aa2	js	0xa87ac9
steam	reagent-item-type-name	0xa82c10	0xa87aad	je	0xa87ab9
steam	reagent-item-type-name	0xa82c10	0xa87ab5	jns	0xa87aa4
steam	reagent-item-type-name	0xa82c10	0xa87ab7	jmp	0xa87ac9
steam	reagent-item-type-name	0xa82c10	0xa87ab7	indirect-jmp	0x140a87ac9
steam	reagent-item-type-name	0xa82c10	0xa87ac3	jne	0xa87622
steam	reagent-item-type-name	0xa82c10	0xa87ad3	jne	0xa87ad9
steam	reagent-item-type-name	0xa82c10	0xa87ad7	je	0xa87b17
steam	reagent-item-type-name	0xa82c10	0xa87b2d	je	0xa87b4a
steam	reagent-item-type-name	0xa82c10	0xa87b45	jmp	0xa88061
steam	reagent-item-type-name	0xa82c10	0xa87b45	indirect-jmp	0x140a88061
steam	reagent-item-type-name	0xa82c10	0xa87b56	jmp	0xa880a7
steam	reagent-item-type-name	0xa82c10	0xa87b56	indirect-jmp	0x140a880a7
steam	reagent-item-type-name	0xa82c10	0xa87b5e	je	0xa87b79
steam	reagent-item-type-name	0xa82c10	0xa87b94	js	0xa87bb7
steam	reagent-item-type-name	0xa82c10	0xa87ba9	je	0xa87c57
steam	reagent-item-type-name	0xa82c10	0xa87bb5	jns	0xa87ba0
steam	reagent-item-type-name	0xa82c10	0xa87bc4	jne	0xa87bca
steam	reagent-item-type-name	0xa82c10	0xa87bc8	je	0xa87c19
steam	reagent-item-type-name	0xa82c10	0xa87c1c	je	0xa87cb1
steam	reagent-item-type-name	0xa82c10	0xa87c37	je	0xa8769b
steam	reagent-item-type-name	0xa82c10	0xa87c44	jle	0xa87c9b
steam	reagent-item-type-name	0xa82c10	0xa87c51	jge	0xa87c9b
steam	reagent-item-type-name	0xa82c10	0xa87c55	jmp	0xa87c9d
steam	reagent-item-type-name	0xa82c10	0xa87c55	indirect-jmp	0x140a87c9d
steam	reagent-item-type-name	0xa82c10	0xa87c64	je	0xa87bba
steam	reagent-item-type-name	0xa82c10	0xa87c72	je	0xa87bba
steam	reagent-item-type-name	0xa82c10	0xa87c96	jmp	0xa87bba
steam	reagent-item-type-name	0xa82c10	0xa87c96	indirect-jmp	0x140a87bba
steam	reagent-item-type-name	0xa82c10	0xa87c9f	je	0xa8769b
steam	reagent-item-type-name	0xa82c10	0xa87cac	jmp	0xa87874
steam	reagent-item-type-name	0xa82c10	0xa87cac	indirect-jmp	0x140a87874
steam	reagent-item-type-name	0xa82c10	0xa87cc6	jmp	0xa8806b
steam	reagent-item-type-name	0xa82c10	0xa87cc6	indirect-jmp	0x140a8806b
steam	reagent-item-type-name	0xa82c10	0xa87cce	je	0xa87cf6
steam	reagent-item-type-name	0xa82c10	0xa87d11	js	0xa87d37
steam	reagent-item-type-name	0xa82c10	0xa87d29	je	0xa87dbc
steam	reagent-item-type-name	0xa82c10	0xa87d35	jns	0xa87d20
steam	reagent-item-type-name	0xa82c10	0xa87d44	jne	0xa87d4a
steam	reagent-item-type-name	0xa82c10	0xa87d48	je	0xa87d99
steam	reagent-item-type-name	0xa82c10	0xa87d9c	jne	0xa87c22
steam	reagent-item-type-name	0xa82c10	0xa87db7	jmp	0xa8806b
steam	reagent-item-type-name	0xa82c10	0xa87db7	indirect-jmp	0x140a8806b
steam	reagent-item-type-name	0xa82c10	0xa87dc9	je	0xa87d3a
steam	reagent-item-type-name	0xa82c10	0xa87dd7	je	0xa87d3a
steam	reagent-item-type-name	0xa82c10	0xa87dfb	jmp	0xa87d3a
steam	reagent-item-type-name	0xa82c10	0xa87dfb	indirect-jmp	0x140a87d3a
steam	reagent-item-type-name	0xa82c10	0xa87e1b	js	0xa87e36
steam	reagent-item-type-name	0xa82c10	0xa87e29	je	0xa87ebc
steam	reagent-item-type-name	0xa82c10	0xa87e34	jns	0xa87e20
steam	reagent-item-type-name	0xa82c10	0xa87e39	je	0xa87e54
steam	reagent-item-type-name	0xa82c10	0xa87e5e	jne	0xa87e64
steam	reagent-item-type-name	0xa82c10	0xa87e62	je	0xa87ea2
steam	reagent-item-type-name	0xa82c10	0xa87eb7	jmp	0xa8806b
steam	reagent-item-type-name	0xa82c10	0xa87eb7	indirect-jmp	0x140a8806b
steam	reagent-item-type-name	0xa82c10	0xa87ec6	je	0xa87e36
steam	reagent-item-type-name	0xa82c10	0xa87ecf	jle	0xa87ef8
steam	reagent-item-type-name	0xa82c10	0xa87ed9	je	0xa87ef8
steam	reagent-item-type-name	0xa82c10	0xa87efb	je	0xa87f13
steam	reagent-item-type-name	0xa82c10	0xa87f1b	je	0xa87f3b
steam	reagent-item-type-name	0xa82c10	0xa87f45	jne	0xa87f5e
steam	reagent-item-type-name	0xa82c10	0xa87f49	jne	0xa87f5e
steam	reagent-item-type-name	0xa82c10	0xa87f53	je	0xa87f9d
steam	reagent-item-type-name	0xa82c10	0xa87f5c	jmp	0xa87f8b
steam	reagent-item-type-name	0xa82c10	0xa87f5c	indirect-jmp	0x140a87f8b
steam	reagent-item-type-name	0xa82c10	0xa87fb2	je	0xa8769b
steam	reagent-item-type-name	0xa82c10	0xa87fbf	jle	0xa87fd2
steam	reagent-item-type-name	0xa82c10	0xa87fcc	jge	0xa87fd2
steam	reagent-item-type-name	0xa82c10	0xa87fd0	jmp	0xa87fd4
steam	reagent-item-type-name	0xa82c10	0xa87fd0	indirect-jmp	0x140a87fd4
steam	reagent-item-type-name	0xa82c10	0xa87fd6	je	0xa8769b
steam	reagent-item-type-name	0xa82c10	0xa87fe3	jmp	0xa87874
steam	reagent-item-type-name	0xa82c10	0xa87fe3	indirect-jmp	0x140a87874
steam	reagent-item-type-name	0xa82c10	0xa87ff2	jne	0xa87ff8
steam	reagent-item-type-name	0xa82c10	0xa87ff6	je	0xa88046
steam	reagent-item-type-name	0xa82c10	0xa8805f	je	0xa880a7
steam	reagent-item-type-name	0xa82c10	0xa8806f	jle	0xa880a7
steam	reagent-item-type-name	0xa82c10	0xa880f0	jb	0xa88123
steam	reagent-item-type-name	0xa82c10	0xa88149	jnp	0xa880f3
steam	reagent-item-type-name	0xa82c10	0xa88151	jl	0xa880fb
steam	reagent-item-type-name	0xa82c10	0xa88180	ja	0xa881e2
steam	reagent-item-type-name	0xa82c10	0xa881a1	je	0xa8814b
steam	reagent-item-type-name	0xa82c10	0xa881b1	jae	0xa8815b
steam	reagent-item-type-name	0xa82c10	0xa881bc	jrcxz	0xa8820b
steam	reagent-item-type-name	0xa82c10	0xa8824c	jp	0xa8827c
steam	reagent-item-type-name	0xa82c10	0xa882b4	jp	0xa8831e
steam	reagent-item-type-name	0xa82c10	0xa882e8	jle	0xa88353
steam	reaction-class-token-space	0x724a30	0x724a5a	je	0x724b03
steam	reaction-class-token-space	0x724a30	0x724a74	jbe	0x724a79
steam	reaction-class-token-space	0x724a30	0x724a96	jbe	0x724ac4
steam	reaction-class-token-space	0x724a30	0x724aa2	jbe	0x724aa9
steam	reaction-class-token-space	0x724a30	0x724aa7	jmp	0x724ab5
steam	reaction-class-token-space	0x724a30	0x724aa7	indirect-jmp	0x140724ab5
steam	reaction_reagent_itemst-description	0xedc660	0xedc6f0	je	0xedc70a
steam	reaction_reagent_itemst-description	0xedc660	0xedc6fb	jbe	0xedc700
steam	reaction_reagent_itemst-description	0xedc660	0xedc71e	je	0xedc737
steam	reaction_reagent_itemst-description	0xedc660	0xedc729	jbe	0xedc72e
steam	reaction_reagent_itemst-description	0xedc660	0xedc760	je	0xedc779
classic	craft-render	0x279930	0x279969	jbe	0x27ae45
classic	craft-render	0x279930	0x279991	je	0x2799a7
classic	craft-render	0x279930	0x2799f1	jle	0x2799fc
classic	craft-render	0x279930	0x279a02	jg	0x279ad5
classic	craft-render	0x279930	0x279a16	jg	0x279aca
classic	craft-render	0x279930	0x279a40	jne	0x279a6a
classic	craft-render	0x279930	0x279a45	jne	0x279a4f
classic	craft-render	0x279930	0x279a4d	jmp	0x279ab4
classic	craft-render	0x279930	0x279a4d	indirect-jmp	0x140279ab4
classic	craft-render	0x279930	0x279a58	jne	0x279a62
classic	craft-render	0x279930	0x279a60	jmp	0x279abb
classic	craft-render	0x279930	0x279a60	indirect-jmp	0x140279abb
classic	craft-render	0x279930	0x279a68	jmp	0x279abb
classic	craft-render	0x279930	0x279a68	indirect-jmp	0x140279abb
classic	craft-render	0x279930	0x279a6d	jne	0x279a97
classic	craft-render	0x279930	0x279a72	jne	0x279a7c
classic	craft-render	0x279930	0x279a7a	jmp	0x279ab4
classic	craft-render	0x279930	0x279a7a	indirect-jmp	0x140279ab4
classic	craft-render	0x279930	0x279a85	jne	0x279a8f
classic	craft-render	0x279930	0x279a8d	jmp	0x279abb
classic	craft-render	0x279930	0x279a8d	indirect-jmp	0x140279abb
classic	craft-render	0x279930	0x279a95	jmp	0x279abb
classic	craft-render	0x279930	0x279a95	indirect-jmp	0x140279abb
classic	craft-render	0x279930	0x279a9a	jne	0x279aa4
classic	craft-render	0x279930	0x279aa2	jmp	0x279ab4
classic	craft-render	0x279930	0x279aa2	indirect-jmp	0x140279ab4
classic	craft-render	0x279930	0x279aac	je	0x279ab4
classic	craft-render	0x279930	0x279ac4	jle	0x279a20
classic	craft-render	0x279930	0x279acf	jle	0x279a10
classic	craft-render	0x279930	0x279b0f	jne	0x279b17
classic	craft-render	0x279930	0x279b15	jmp	0x279b25
classic	craft-render	0x279930	0x279b15	indirect-jmp	0x140279b25
classic	craft-render	0x279930	0x279b1a	jne	0x279b21
classic	craft-render	0x279930	0x279b1f	jmp	0x279b25
classic	craft-render	0x279930	0x279b1f	indirect-jmp	0x140279b25
classic	craft-render	0x279930	0x279b41	jl	0x279b00
classic	craft-render	0x279930	0x279b48	jl	0x279ae0
classic	craft-render	0x279930	0x279bb5	jbe	0x279be8
classic	craft-render	0x279930	0x279bc8	jb	0x279be3
classic	craft-render	0x279930	0x279bdd	ja	0x27a143
classic	craft-render	0x279930	0x279c0d	je	0x279f82
classic	craft-render	0x279930	0x279c16	je	0x279f26
classic	craft-render	0x279930	0x279c1f	je	0x279eb3
classic	craft-render	0x279930	0x279c28	jne	0x27a02f
classic	craft-render	0x279930	0x279c38	je	0x27a02f
classic	craft-render	0x279930	0x279c5a	jbe	0x279c5f
classic	craft-render	0x279930	0x279c6c	ja	0x27ae65
classic	craft-render	0x279930	0x279c76	ja	0x279c8e
classic	craft-render	0x279930	0x279c8c	jmp	0x279cce
classic	craft-render	0x279930	0x279c8c	indirect-jmp	0x140279cce
classic	craft-render	0x279930	0x279c98	ja	0x279ca9
classic	craft-render	0x279930	0x279cdc	js	0x279e72
classic	craft-render	0x279930	0x279cf8	jae	0x279e72
classic	craft-render	0x279930	0x279d37	jbe	0x279d3c
classic	craft-render	0x279930	0x279dd2	jle	0x279e0f
classic	craft-render	0x279930	0x279eae	jmp	0x27a02f
classic	craft-render	0x279930	0x279eae	indirect-jmp	0x14027a02f
classic	craft-render	0x279930	0x279f21	jmp	0x27a02f
classic	craft-render	0x279930	0x279f21	indirect-jmp	0x14027a02f
classic	craft-render	0x279930	0x279f80	jmp	0x279ff4
classic	craft-render	0x279930	0x279f80	indirect-jmp	0x140279ff4
classic	craft-render	0x279930	0x279ffc	jbe	0x27a02f
classic	craft-render	0x279930	0x27a00f	jb	0x27a02a
classic	craft-render	0x279930	0x27a024	ja	0x27a143
classic	craft-render	0x279930	0x27a06a	jle	0x27a077
classic	craft-render	0x279930	0x27a075	jmp	0x27a07c
classic	craft-render	0x279930	0x27a075	indirect-jmp	0x14027a07c
classic	craft-render	0x279930	0x27a07f	jne	0x27a21f
classic	craft-render	0x279930	0x27a0a6	je	0x27a1bf
classic	craft-render	0x279930	0x27a0af	je	0x27a154
classic	craft-render	0x279930	0x27a0b8	jne	0x27a21f
classic	craft-render	0x279930	0x27a115	jbe	0x27a21f
classic	craft-render	0x279930	0x27a12c	jb	0x27a14a
classic	craft-render	0x279930	0x27a141	jbe	0x27a14a
classic	craft-render	0x279930	0x27a14f	jmp	0x27a21f
classic	craft-render	0x279930	0x27a14f	indirect-jmp	0x14027a21f
classic	craft-render	0x279930	0x27a1bd	jmp	0x27a216
classic	craft-render	0x279930	0x27a1bd	indirect-jmp	0x14027a216
classic	craft-render	0x279930	0x27a249	jge	0x27addb
classic	craft-render	0x279930	0x27a273	jge	0x27add1
classic	craft-render	0x279930	0x27a287	je	0x27a2a2
classic	craft-render	0x279930	0x27a28c	je	0x27a299
classic	craft-render	0x279930	0x27a291	jne	0x27a2bd
classic	craft-render	0x279930	0x27a297	jmp	0x27a2a9
classic	craft-render	0x279930	0x27a297	indirect-jmp	0x14027a2a9
classic	craft-render	0x279930	0x27a2a0	jmp	0x27a2a9
classic	craft-render	0x279930	0x27a2a0	indirect-jmp	0x14027a2a9
classic	craft-render	0x279930	0x27a2cd	jg	0x27a3d2
classic	craft-render	0x279930	0x27a2e5	jge	0x27a3ba
classic	craft-render	0x279930	0x27a2ee	jne	0x27a358
classic	craft-render	0x279930	0x27a32c	jle	0x27a34b
classic	craft-render	0x279930	0x27a338	je	0x27a34b
classic	craft-render	0x279930	0x27a354	jl	0x27a300
classic	craft-render	0x279930	0x27a356	jmp	0x27a3b6
classic	craft-render	0x279930	0x27a356	indirect-jmp	0x14027a3b6
classic	craft-render	0x279930	0x27a38c	jle	0x27a3ab
classic	craft-render	0x279930	0x27a398	je	0x27a3ab
classic	craft-render	0x279930	0x27a3b4	jl	0x27a360
classic	craft-render	0x279930	0x27a3c2	jle	0x27a2e0
classic	craft-render	0x279930	0x27a3d9	jle	0x27a42b
classic	craft-render	0x279930	0x27a3e5	je	0x27a42b
classic	craft-render	0x279930	0x27a3ea	je	0x27a42b
classic	craft-render	0x279930	0x27a429	jmp	0x27a442
classic	craft-render	0x279930	0x27a429	indirect-jmp	0x14027a442
classic	craft-render	0x279930	0x27a43a	jne	0x27a44b
classic	craft-render	0x279930	0x27a4b7	je	0x27a52b
classic	craft-render	0x279930	0x27a4c1	je	0x27a502
classic	craft-render	0x279930	0x27a4c6	je	0x27a4d7
classic	craft-render	0x279930	0x27a4cb	jne	0x27a62b
classic	craft-render	0x279930	0x27a4d5	jmp	0x27a4de
classic	craft-render	0x279930	0x27a4d5	indirect-jmp	0x14027a4de
classic	craft-render	0x279930	0x27a4fd	jmp	0x27a62b
classic	craft-render	0x279930	0x27a4fd	indirect-jmp	0x14027a62b
classic	craft-render	0x279930	0x27a526	jmp	0x27a62b
classic	craft-render	0x279930	0x27a526	indirect-jmp	0x14027a62b
classic	craft-render	0x279930	0x27a53b	jne	0x27a698
classic	craft-render	0x279930	0x27a54d	jne	0x27a57e
classic	craft-render	0x279930	0x27a579	jmp	0x27a618
classic	craft-render	0x279930	0x27a579	indirect-jmp	0x14027a618
classic	craft-render	0x279930	0x27a593	jae	0x27a609
classic	craft-render	0x279930	0x27a5ab	jbe	0x27a5b0
classic	craft-render	0x279930	0x27a5bc	jbe	0x27a5c1
classic	craft-render	0x279930	0x27a5c4	jne	0x27a5cf
classic	craft-render	0x279930	0x27a5cd	je	0x27a5da
classic	craft-render	0x279930	0x27a5d8	jmp	0x27a590
classic	craft-render	0x279930	0x27a5d8	indirect-jmp	0x14027a590
classic	craft-render	0x279930	0x27a5e3	je	0x27a67f
classic	craft-render	0x279930	0x27a5f0	je	0x27a609
classic	craft-render	0x279930	0x27a5fb	jbe	0x27a600
classic	craft-render	0x279930	0x27a64c	jb	0x27a717
classic	craft-render	0x279930	0x27a660	js	0x27a6d8
classic	craft-render	0x279930	0x27a665	ja	0x27a6c5
classic	craft-render	0x279930	0x27a67d	jmp	0x27a6d8
classic	craft-render	0x279930	0x27a67d	indirect-jmp	0x14027a6d8
classic	craft-render	0x279930	0x27a682	je	0x27a609
classic	craft-render	0x279930	0x27a688	jbe	0x27a68d
classic	craft-render	0x279930	0x27a693	jmp	0x27a600
classic	craft-render	0x279930	0x27a693	indirect-jmp	0x14027a600
classic	craft-render	0x279930	0x27a6a3	je	0x27a61d
classic	craft-render	0x279930	0x27a6b2	jbe	0x27a6b7
classic	craft-render	0x279930	0x27a6c0	jmp	0x27a61d
classic	craft-render	0x279930	0x27a6c0	indirect-jmp	0x14027a61d
classic	craft-render	0x279930	0x27a6dc	jle	0x27a717
classic	craft-render	0x279930	0x27a749	je	0x27a7e7
classic	craft-render	0x279930	0x27a752	jne	0x27ad71
classic	craft-render	0x279930	0x27a77e	jne	0x27ad71
classic	craft-render	0x279930	0x27a7e2	jmp	0x27a940
classic	craft-render	0x279930	0x27a7e2	indirect-jmp	0x14027a940
classic	craft-render	0x279930	0x27a7f7	jne	0x27aaa4
classic	craft-render	0x279930	0x27a809	jne	0x27a984
classic	craft-render	0x279930	0x27a827	jne	0x27a891
classic	craft-render	0x279930	0x27a88c	jmp	0x27a940
classic	craft-render	0x279930	0x27a88c	indirect-jmp	0x14027a940
classic	craft-render	0x279930	0x27a8a9	je	0x27a8ca
classic	craft-render	0x279930	0x27a8af	jne	0x27ad71
classic	craft-render	0x279930	0x27a8b8	jne	0x27ad71
classic	craft-render	0x279930	0x27a8c4	jne	0x27ad71
classic	craft-render	0x279930	0x27a948	jbe	0x27ad71
classic	craft-render	0x279930	0x27a95f	jb	0x27a97a
classic	craft-render	0x279930	0x27a974	ja	0x27adbc
classic	craft-render	0x279930	0x27a97f	jmp	0x27ad71
classic	craft-render	0x279930	0x27a97f	indirect-jmp	0x14027ad71
classic	craft-render	0x279930	0x27a9bb	jae	0x27aa36
classic	craft-render	0x279930	0x27a9d1	jbe	0x27a9d6
classic	craft-render	0x279930	0x27a9e2	jbe	0x27a9e7
classic	craft-render	0x279930	0x27a9ea	jne	0x27a9f5
classic	craft-render	0x279930	0x27a9f3	je	0x27aa05
classic	craft-render	0x279930	0x27aa03	jmp	0x27a9b8
classic	craft-render	0x279930	0x27aa03	indirect-jmp	0x14027a9b8
classic	craft-render	0x279930	0x27aa10	je	0x27aa31
classic	craft-render	0x279930	0x27aa1b	jbe	0x27aa20
classic	craft-render	0x279930	0x27aa4b	jbe	0x27aa87
classic	craft-render	0x279930	0x27aa5f	ja	0x27aa78
classic	craft-render	0x279930	0x27aa76	jmp	0x27aa87
classic	craft-render	0x279930	0x27aa76	indirect-jmp	0x14027aa87
classic	craft-render	0x279930	0x27aa9f	jmp	0x27ad6c
classic	craft-render	0x279930	0x27aa9f	indirect-jmp	0x14027ad6c
classic	craft-render	0x279930	0x27aafc	jne	0x27ab19
classic	craft-render	0x279930	0x27ab14	jmp	0x27acff
classic	craft-render	0x279930	0x27ab14	indirect-jmp	0x14027acff
classic	craft-render	0x279930	0x27ab22	je	0x27ad03
classic	craft-render	0x279930	0x27ab9b	jle	0x27ac2e
classic	craft-render	0x279930	0x27abe5	jbe	0x27ac18
classic	craft-render	0x279930	0x27abf8	jb	0x27ac13
classic	craft-render	0x279930	0x27ac0d	ja	0x27adc3
classic	craft-render	0x279930	0x27ac85	je	0x27ac9e
classic	craft-render	0x279930	0x27aca6	jbe	0x27acd9
classic	craft-render	0x279930	0x27acb9	jb	0x27acd4
classic	craft-render	0x279930	0x27acce	ja	0x27adca
classic	craft-render	0x279930	0x27acf4	jb	0x27ab30
classic	craft-render	0x279930	0x27ad18	jbe	0x27ad54
classic	craft-render	0x279930	0x27ad2b	ja	0x27ad45
classic	craft-render	0x279930	0x27ad43	jmp	0x27ad54
classic	craft-render	0x279930	0x27ad43	indirect-jmp	0x14027ad54
classic	craft-render	0x279930	0x27ada7	jge	0x27add1
classic	craft-render	0x279930	0x27adb7	jmp	0x27a270
classic	craft-render	0x279930	0x27adb7	indirect-jmp	0x14027a270
classic	craft-render	0x279930	0x27adde	jle	0x27ae45
classic	craft-input	0x27ae70	0x27aed1	je	0x27aedc
classic	craft-input	0x27ae70	0x27aeda	jne	0x27af14
classic	craft-input	0x27ae70	0x27aee7	jne	0x27af08
classic	craft-input	0x27ae70	0x27aef4	jge	0x27aefc
classic	craft-input	0x27ae70	0x27aefa	jmp	0x27af02
classic	craft-input	0x27ae70	0x27aefa	indirect-jmp	0x14027af02
classic	craft-input	0x27ae70	0x27af06	je	0x27aef0
classic	craft-input	0x27ae70	0x27af0c	jne	0x27af57
classic	craft-input	0x27ae70	0x27af12	jg	0x27af57
classic	craft-input	0x27ae70	0x27af33	je	0x27af43
classic	craft-input	0x27ae70	0x27af38	je	0x27af43
classic	craft-input	0x27ae70	0x27af3d	jne	0x27bb7e
classic	craft-input	0x27ae70	0x27af52	jmp	0x27b17e
classic	craft-input	0x27ae70	0x27af52	indirect-jmp	0x14027b17e
classic	craft-input	0x27ae70	0x27af9f	je	0x27b081
classic	craft-input	0x27ae70	0x27afa8	jle	0x27b081
classic	craft-input	0x27ae70	0x27afb1	je	0x27b0f7
classic	craft-input	0x27ae70	0x27afba	jl	0x27b0f7
classic	craft-input	0x27ae70	0x27afc3	jg	0x27b0f7
classic	craft-input	0x27ae70	0x27afcd	jl	0x27b0f7
classic	craft-input	0x27ae70	0x27afd7	jg	0x27b0f7
classic	craft-input	0x27ae70	0x27b036	jne	0x27b17e
classic	craft-input	0x27ae70	0x27b088	je	0x27b1aa
classic	craft-input	0x27ae70	0x27b092	je	0x27b1aa
classic	craft-input	0x27ae70	0x27b09b	je	0x27b1a1
classic	craft-input	0x27ae70	0x27b0a8	je	0x27b1a1
classic	craft-input	0x27ae70	0x27b0ed	jg	0x27b100
classic	craft-input	0x27ae70	0x27b0f5	jmp	0x27b163
classic	craft-input	0x27ae70	0x27b0f5	indirect-jmp	0x14027b163
classic	craft-input	0x27ae70	0x27b0fb	jmp	0x27b040
classic	craft-input	0x27ae70	0x27b0fb	indirect-jmp	0x14027b040
classic	craft-input	0x27ae70	0x27b106	jl	0x27b11c
classic	craft-input	0x27ae70	0x27b118	jge	0x27b163
classic	craft-input	0x27ae70	0x27b11a	jmp	0x27b160
classic	craft-input	0x27ae70	0x27b11a	indirect-jmp	0x14027b160
classic	craft-input	0x27ae70	0x27b11e	jle	0x27b163
classic	craft-input	0x27ae70	0x27b1a8	jmp	0x27b175
classic	craft-input	0x27ae70	0x27b1a8	indirect-jmp	0x14027b175
classic	craft-input	0x27ae70	0x27b1ad	jl	0x27b1c0
classic	craft-input	0x27ae70	0x27b1b2	jg	0x27b1c0
classic	craft-input	0x27ae70	0x27b1b8	jl	0x27b1c0
classic	craft-input	0x27ae70	0x27b1be	jle	0x27b1df
classic	craft-input	0x27ae70	0x27b1ca	je	0x27b1e6
classic	craft-input	0x27ae70	0x27b1ce	je	0x27b1e6
classic	craft-input	0x27ae70	0x27b1da	jmp	0x27bb81
classic	craft-input	0x27ae70	0x27b1da	indirect-jmp	0x14027bb81
classic	craft-input	0x27ae70	0x27b1ed	jl	0x27b21f
classic	craft-input	0x27ae70	0x27b1f2	jg	0x27b21f
classic	craft-input	0x27ae70	0x27b1fb	ja	0x27b21f
classic	craft-input	0x27ae70	0x27b200	je	0x27b21f
classic	craft-input	0x27ae70	0x27b204	je	0x27b21f
classic	craft-input	0x27ae70	0x27b21a	jmp	0x27bb81
classic	craft-input	0x27ae70	0x27b21a	indirect-jmp	0x14027bb81
classic	craft-input	0x27ae70	0x27b223	je	0x27b67e
classic	craft-input	0x27ae70	0x27b23e	je	0x27b289
classic	craft-input	0x27ae70	0x27b252	jl	0x27b289
classic	craft-input	0x27ae70	0x27b259	jg	0x27b289
classic	craft-input	0x27ae70	0x27b262	ja	0x27b289
classic	craft-input	0x27ae70	0x27b267	je	0x27b289
classic	craft-input	0x27ae70	0x27b26b	je	0x27b289
classic	craft-input	0x27ae70	0x27b284	jmp	0x27b17e
classic	craft-input	0x27ae70	0x27b284	indirect-jmp	0x14027b17e
classic	craft-input	0x27ae70	0x27b28c	jle	0x27b3ad
classic	craft-input	0x27ae70	0x27b2a3	jl	0x27b3ad
classic	craft-input	0x27ae70	0x27b2ae	jg	0x27b3ad
classic	craft-input	0x27ae70	0x27b2b8	jl	0x27b3ad
classic	craft-input	0x27ae70	0x27b2c4	jg	0x27b3ad
classic	craft-input	0x27ae70	0x27b2cd	je	0x27b3ad
classic	craft-input	0x27ae70	0x27b2d5	je	0x27b3ad
classic	craft-input	0x27ae70	0x27b31f	jne	0x27b338
classic	craft-input	0x27ae70	0x27b333	jmp	0x27b17e
classic	craft-input	0x27ae70	0x27b333	indirect-jmp	0x14027b17e
classic	craft-input	0x27ae70	0x27b340	jne	0x27b35f
classic	craft-input	0x27ae70	0x27b35a	jmp	0x27b17e
classic	craft-input	0x27ae70	0x27b35a	indirect-jmp	0x14027b17e
classic	craft-input	0x27ae70	0x27b363	jl	0x27b395
classic	craft-input	0x27ae70	0x27b369	jg	0x27b377
classic	craft-input	0x27ae70	0x27b372	jmp	0x27b17e
classic	craft-input	0x27ae70	0x27b372	indirect-jmp	0x14027b17e
classic	craft-input	0x27ae70	0x27b390	jmp	0x27b17e
classic	craft-input	0x27ae70	0x27b390	indirect-jmp	0x14027b17e
classic	craft-input	0x27ae70	0x27b3a8	jmp	0x27b17e
classic	craft-input	0x27ae70	0x27b3a8	indirect-jmp	0x14027b17e
classic	craft-input	0x27ae70	0x27b3db	jge	0x27b67e
classic	craft-input	0x27ae70	0x27b3f3	jge	0x27b67b
classic	craft-input	0x27ae70	0x27b409	jne	0x27b426
classic	craft-input	0x27ae70	0x27b413	jge	0x27b41b
classic	craft-input	0x27ae70	0x27b419	jmp	0x27b421
classic	craft-input	0x27ae70	0x27b419	indirect-jmp	0x14027b421
classic	craft-input	0x27ae70	0x27b424	je	0x27b410
classic	craft-input	0x27ae70	0x27b42f	jne	0x27b43b
classic	craft-input	0x27ae70	0x27b43f	jl	0x27b45b
classic	craft-input	0x27ae70	0x27b445	jge	0x27b45b
classic	craft-input	0x27ae70	0x27b44a	jl	0x27b45b
classic	craft-input	0x27ae70	0x27b453	jge	0x27b45b
classic	craft-input	0x27ae70	0x27b457	je	0x27b47b
classic	craft-input	0x27ae70	0x27b459	jmp	0x27b45f
classic	craft-input	0x27ae70	0x27b459	indirect-jmp	0x14027b45f
classic	craft-input	0x27ae70	0x27b45d	je	0x27b48d
classic	craft-input	0x27ae70	0x27b47e	je	0x27b489
classic	craft-input	0x27ae70	0x27b487	jne	0x27b4aa
classic	craft-input	0x27ae70	0x27b48b	jne	0x27b4aa
classic	craft-input	0x27ae70	0x27b49c	jge	0x27b67b
classic	craft-input	0x27ae70	0x27b4a5	jmp	0x27b3f0
classic	craft-input	0x27ae70	0x27b4a5	indirect-jmp	0x14027b3f0
classic	craft-input	0x27ae70	0x27b4cc	je	0x27b53d
classic	craft-input	0x27ae70	0x27b4d1	je	0x27b520
classic	craft-input	0x27ae70	0x27b4d6	je	0x27b4ff
classic	craft-input	0x27ae70	0x27b4db	jne	0x27bb97
classic	craft-input	0x27ae70	0x27b4fa	jmp	0x27b17e
classic	craft-input	0x27ae70	0x27b4fa	indirect-jmp	0x14027b17e
classic	craft-input	0x27ae70	0x27b51b	jmp	0x27b17e
classic	craft-input	0x27ae70	0x27b51b	indirect-jmp	0x14027b17e
classic	craft-input	0x27ae70	0x27b538	jmp	0x27b17e
classic	craft-input	0x27ae70	0x27b538	indirect-jmp	0x14027b17e
classic	craft-input	0x27ae70	0x27b563	je	0x27b673
classic	craft-input	0x27ae70	0x27b573	jne	0x27b5bd
classic	craft-input	0x27ae70	0x27b5c1	jne	0x27b610
classic	craft-input	0x27ae70	0x27b676	jmp	0x27bb81
classic	craft-input	0x27ae70	0x27b676	indirect-jmp	0x14027bb81
classic	craft-input	0x27ae70	0x27b683	je	0x27bc94
classic	craft-input	0x27ae70	0x27b68c	jne	0x27b175
classic	craft-input	0x27ae70	0x27b6cb	je	0x27b77f
classic	craft-input	0x27ae70	0x27b6d8	je	0x27b77f
classic	craft-input	0x27ae70	0x27b6e1	jl	0x27b6fc
classic	craft-input	0x27ae70	0x27b6e6	jg	0x27b6fc
classic	craft-input	0x27ae70	0x27b6ef	ja	0x27b6fc
classic	craft-input	0x27ae70	0x27b6ff	jl	0x27b71a
classic	craft-input	0x27ae70	0x27b704	jg	0x27b71a
classic	craft-input	0x27ae70	0x27b70d	ja	0x27b71a
classic	craft-input	0x27ae70	0x27b71d	jl	0x27b738
classic	craft-input	0x27ae70	0x27b722	jg	0x27b738
classic	craft-input	0x27ae70	0x27b72b	ja	0x27b738
classic	craft-input	0x27ae70	0x27b73b	jl	0x27b756
classic	craft-input	0x27ae70	0x27b740	jg	0x27b756
classic	craft-input	0x27ae70	0x27b749	ja	0x27b756
classic	craft-input	0x27ae70	0x27b759	jl	0x27b77f
classic	craft-input	0x27ae70	0x27b75e	jg	0x27b77f
classic	craft-input	0x27ae70	0x27b769	jl	0x27b77f
classic	craft-input	0x27ae70	0x27b771	jg	0x27b77f
classic	craft-input	0x27ae70	0x27b77d	jmp	0x27b782
classic	craft-input	0x27ae70	0x27b77d	indirect-jmp	0x14027b782
classic	craft-input	0x27ae70	0x27b78d	jne	0x27b7ab
classic	craft-input	0x27ae70	0x27b797	jge	0x27b79f
classic	craft-input	0x27ae70	0x27b79d	jmp	0x27b7a5
classic	craft-input	0x27ae70	0x27b79d	indirect-jmp	0x14027b7a5
classic	craft-input	0x27ae70	0x27b7a9	je	0x27b790
classic	craft-input	0x27ae70	0x27b7af	jne	0x27b7cb
classic	craft-input	0x27ae70	0x27b7b8	jg	0x27b7cb
classic	craft-input	0x27ae70	0x27b7c9	jmp	0x27b7d0
classic	craft-input	0x27ae70	0x27b7c9	indirect-jmp	0x14027b7d0
classic	craft-input	0x27ae70	0x27b7db	jne	0x27b7fb
classic	craft-input	0x27ae70	0x27b7e7	jge	0x27b7ef
classic	craft-input	0x27ae70	0x27b7ed	jmp	0x27b7f5
classic	craft-input	0x27ae70	0x27b7ed	indirect-jmp	0x14027b7f5
classic	craft-input	0x27ae70	0x27b7f9	je	0x27b7e0
classic	craft-input	0x27ae70	0x27b7ff	jne	0x27b81b
classic	craft-input	0x27ae70	0x27b808	jg	0x27b81b
classic	craft-input	0x27ae70	0x27b819	jmp	0x27b820
classic	craft-input	0x27ae70	0x27b819	indirect-jmp	0x14027b820
classic	craft-input	0x27ae70	0x27b82b	jne	0x27b84b
classic	craft-input	0x27ae70	0x27b837	jge	0x27b83f
classic	craft-input	0x27ae70	0x27b83d	jmp	0x27b845
classic	craft-input	0x27ae70	0x27b83d	indirect-jmp	0x14027b845
classic	craft-input	0x27ae70	0x27b849	je	0x27b830
classic	craft-input	0x27ae70	0x27b84f	jne	0x27b86a
classic	craft-input	0x27ae70	0x27b858	jg	0x27b86a
classic	craft-input	0x27ae70	0x27b868	jmp	0x27b86e
classic	craft-input	0x27ae70	0x27b868	indirect-jmp	0x14027b86e
classic	craft-input	0x27ae70	0x27b879	jne	0x27b89b
classic	craft-input	0x27ae70	0x27b887	jge	0x27b88f
classic	craft-input	0x27ae70	0x27b88d	jmp	0x27b895
classic	craft-input	0x27ae70	0x27b88d	indirect-jmp	0x14027b895
classic	craft-input	0x27ae70	0x27b899	je	0x27b880
classic	craft-input	0x27ae70	0x27b89f	jne	0x27b8ba
classic	craft-input	0x27ae70	0x27b8a8	jg	0x27b8ba
classic	craft-input	0x27ae70	0x27b8b8	jmp	0x27b8be
classic	craft-input	0x27ae70	0x27b8b8	indirect-jmp	0x14027b8be
classic	craft-input	0x27ae70	0x27b8c9	jne	0x27b8e8
classic	craft-input	0x27ae70	0x27b8d4	jge	0x27b8dc
classic	craft-input	0x27ae70	0x27b8da	jmp	0x27b8e2
classic	craft-input	0x27ae70	0x27b8da	indirect-jmp	0x14027b8e2
classic	craft-input	0x27ae70	0x27b8e6	je	0x27b8d0
classic	craft-input	0x27ae70	0x27b8ec	jne	0x27b8fe
classic	craft-input	0x27ae70	0x27b8f2	jg	0x27b8fe
classic	craft-input	0x27ae70	0x27b8fc	jmp	0x27b907
classic	craft-input	0x27ae70	0x27b8fc	indirect-jmp	0x14027b907
classic	craft-input	0x27ae70	0x27b901	je	0x27bb9e
classic	craft-input	0x27ae70	0x27b92d	je	0x27bb7e
classic	craft-input	0x27ae70	0x27b93d	jne	0x27b987
classic	craft-input	0x27ae70	0x27b98b	jne	0x27b9da
classic	craft-input	0x27ae70	0x27ba2b	je	0x27ba30
classic	craft-input	0x27ae70	0x27ba3a	je	0x27ba78
classic	craft-input	0x27ae70	0x27ba3f	je	0x27ba78
classic	craft-input	0x27ae70	0x27ba48	ja	0x27ba78
classic	craft-input	0x27ae70	0x27ba59	jns	0x27ba80
classic	craft-input	0x27ae70	0x27ba76	jmp	0x27ba80
classic	craft-input	0x27ae70	0x27ba76	indirect-jmp	0x14027ba80
classic	craft-input	0x27ae70	0x27bb00	je	0x27bb27
classic	craft-input	0x27ae70	0x27bb0a	jne	0x27bb27
classic	craft-input	0x27ae70	0x27bb89	jge	0x27bb97
classic	craft-input	0x27ae70	0x27bb99	jmp	0x27b180
classic	craft-input	0x27ae70	0x27bb99	indirect-jmp	0x14027b180
classic	craft-input	0x27ae70	0x27bba1	je	0x27bc47
classic	craft-input	0x27ae70	0x27bbd0	je	0x27bbff
classic	craft-input	0x27ae70	0x27bbd5	je	0x27bbff
classic	craft-input	0x27ae70	0x27bbed	je	0x27bc03
classic	craft-input	0x27ae70	0x27bbfd	jmp	0x27bc26
classic	craft-input	0x27ae70	0x27bbfd	indirect-jmp	0x14027bc26
classic	craft-input	0x27ae70	0x27bc42	jmp	0x27b17e
classic	craft-input	0x27ae70	0x27bc42	indirect-jmp	0x14027b17e
classic	craft-input	0x27ae70	0x27bc4a	je	0x27bc60
classic	craft-input	0x27ae70	0x27bc5b	jmp	0x27b17e
classic	craft-input	0x27ae70	0x27bc5b	indirect-jmp	0x14027b17e
classic	craft-input	0x27ae70	0x27bc62	je	0x27bc78
classic	craft-input	0x27ae70	0x27bc73	jmp	0x27b17e
classic	craft-input	0x27ae70	0x27bc73	indirect-jmp	0x14027b17e
classic	craft-input	0x27ae70	0x27bc7a	je	0x27b175
classic	craft-input	0x27ae70	0x27bc8f	jmp	0x27b17e
classic	craft-input	0x27ae70	0x27bc8f	indirect-jmp	0x14027b17e
classic	craft-input	0x27ae70	0x27bcbf	je	0x27bd02
classic	craft-input	0x27ae70	0x27bcc7	je	0x27bd02
classic	craft-input	0x27ae70	0x27bccc	jl	0x27bce6
classic	craft-input	0x27ae70	0x27bcd1	jg	0x27bce6
classic	craft-input	0x27ae70	0x27bcd6	jl	0x27bce6
classic	craft-input	0x27ae70	0x27bcdb	jg	0x27bce6
classic	craft-input	0x27ae70	0x27bce9	jl	0x27bd02
classic	craft-input	0x27ae70	0x27bcee	jg	0x27bd02
classic	craft-input	0x27ae70	0x27bcf3	jl	0x27bd02
classic	craft-input	0x27ae70	0x27bcf8	jg	0x27bd02
classic	craft-input	0x27ae70	0x27bd0d	jne	0x27bd2b
classic	craft-input	0x27ae70	0x27bd17	jge	0x27bd1f
classic	craft-input	0x27ae70	0x27bd1d	jmp	0x27bd25
classic	craft-input	0x27ae70	0x27bd1d	indirect-jmp	0x14027bd25
classic	craft-input	0x27ae70	0x27bd29	je	0x27bd10
classic	craft-input	0x27ae70	0x27bd2f	jne	0x27bd49
classic	craft-input	0x27ae70	0x27bd38	jg	0x27bd49
classic	craft-input	0x27ae70	0x27bd54	jne	0x27bd71
classic	craft-input	0x27ae70	0x27bd5d	jge	0x27bd65
classic	craft-input	0x27ae70	0x27bd63	jmp	0x27bd6b
classic	craft-input	0x27ae70	0x27bd63	indirect-jmp	0x14027bd6b
classic	craft-input	0x27ae70	0x27bd6f	je	0x27bd56
classic	craft-input	0x27ae70	0x27bd75	jne	0x27bd8e
classic	craft-input	0x27ae70	0x27bd7e	jg	0x27bd8e
classic	craft-input	0x27ae70	0x27bd91	je	0x27bdb6
classic	craft-input	0x27ae70	0x27bdb1	jmp	0x27b17e
classic	craft-input	0x27ae70	0x27bdb1	indirect-jmp	0x14027b17e
classic	craft-input	0x27ae70	0x27bdb8	je	0x27b175
classic	craft-input	0x27ae70	0x27bdf3	je	0x27beb2
classic	craft-input	0x27ae70	0x27be03	jne	0x27be4d
classic	craft-input	0x27ae70	0x27be51	jne	0x27bea0
classic	craft-input	0x27ae70	0x27beb5	jmp	0x27b17e
classic	craft-input	0x27ae70	0x27beb5	indirect-jmp	0x14027b17e
classic	butcher-and-reagent-selection	0x27bec0	0x27bf08	jbe	0x27c1d4
classic	butcher-and-reagent-selection	0x27bec0	0x27bf54	je	0x27bf5f
classic	butcher-and-reagent-selection	0x27bec0	0x27bf5d	jne	0x27bf94
classic	butcher-and-reagent-selection	0x27bec0	0x27bf6a	jne	0x27bf88
classic	butcher-and-reagent-selection	0x27bec0	0x27bf74	jge	0x27bf7c
classic	butcher-and-reagent-selection	0x27bec0	0x27bf7a	jmp	0x27bf82
classic	butcher-and-reagent-selection	0x27bec0	0x27bf7a	indirect-jmp	0x14027bf82
classic	butcher-and-reagent-selection	0x27bec0	0x27bf86	je	0x27bf70
classic	butcher-and-reagent-selection	0x27bec0	0x27bf8c	jne	0x27bfb5
classic	butcher-and-reagent-selection	0x27bec0	0x27bf92	jg	0x27bfb5
classic	butcher-and-reagent-selection	0x27bec0	0x27bfb0	jmp	0x27cdc1
classic	butcher-and-reagent-selection	0x27bec0	0x27bfb0	indirect-jmp	0x14027cdc1
classic	butcher-and-reagent-selection	0x27bec0	0x27bfdb	jle	0x27bfe6
classic	butcher-and-reagent-selection	0x27bec0	0x27c021	jle	0x27c0e1
classic	butcher-and-reagent-selection	0x27bec0	0x27c031	je	0x27c0a3
classic	butcher-and-reagent-selection	0x27bec0	0x27c036	jl	0x27c0a3
classic	butcher-and-reagent-selection	0x27bec0	0x27c03b	jg	0x27c0a3
classic	butcher-and-reagent-selection	0x27bec0	0x27c040	jl	0x27c0a3
classic	butcher-and-reagent-selection	0x27bec0	0x27c045	jg	0x27c0a3
classic	butcher-and-reagent-selection	0x27bec0	0x27c099	jne	0x27c1d4
classic	butcher-and-reagent-selection	0x27bec0	0x27c0e5	je	0x27c203
classic	butcher-and-reagent-selection	0x27bec0	0x27c0ee	je	0x27c1fd
classic	butcher-and-reagent-selection	0x27bec0	0x27c0fb	je	0x27c1fd
classic	butcher-and-reagent-selection	0x27bec0	0x27c142	jg	0x27c14a
classic	butcher-and-reagent-selection	0x27bec0	0x27c148	jmp	0x27c1b6
classic	butcher-and-reagent-selection	0x27bec0	0x27c148	indirect-jmp	0x14027c1b6
classic	butcher-and-reagent-selection	0x27bec0	0x27c151	jl	0x27c16f
classic	butcher-and-reagent-selection	0x27bec0	0x27c167	jge	0x27c1ba
classic	butcher-and-reagent-selection	0x27bec0	0x27c16d	jmp	0x27c1ba
classic	butcher-and-reagent-selection	0x27bec0	0x27c16d	indirect-jmp	0x14027c1ba
classic	butcher-and-reagent-selection	0x27bec0	0x27c172	jle	0x27c1ba
classic	butcher-and-reagent-selection	0x27bec0	0x27c201	jmp	0x27c1cb
classic	butcher-and-reagent-selection	0x27bec0	0x27c201	indirect-jmp	0x14027c1cb
classic	butcher-and-reagent-selection	0x27bec0	0x27c206	jl	0x27c217
classic	butcher-and-reagent-selection	0x27bec0	0x27c20b	jg	0x27c217
classic	butcher-and-reagent-selection	0x27bec0	0x27c210	jl	0x27c217
classic	butcher-and-reagent-selection	0x27bec0	0x27c215	jle	0x27c235
classic	butcher-and-reagent-selection	0x27bec0	0x27c222	je	0x27c23d
classic	butcher-and-reagent-selection	0x27bec0	0x27c227	je	0x27c23d
classic	butcher-and-reagent-selection	0x27bec0	0x27c230	jmp	0x27cdbe
classic	butcher-and-reagent-selection	0x27bec0	0x27c230	indirect-jmp	0x14027cdbe
classic	butcher-and-reagent-selection	0x27bec0	0x27c243	jl	0x27c27d
classic	butcher-and-reagent-selection	0x27bec0	0x27c24b	jg	0x27c27d
classic	butcher-and-reagent-selection	0x27bec0	0x27c253	jl	0x27c27d
classic	butcher-and-reagent-selection	0x27bec0	0x27c25b	jg	0x27c27d
classic	butcher-and-reagent-selection	0x27bec0	0x27c260	je	0x27c27d
classic	butcher-and-reagent-selection	0x27bec0	0x27c265	je	0x27c27d
classic	butcher-and-reagent-selection	0x27bec0	0x27c278	jmp	0x27cdbe
classic	butcher-and-reagent-selection	0x27bec0	0x27c278	indirect-jmp	0x14027cdbe
classic	butcher-and-reagent-selection	0x27bec0	0x27c284	jle	0x27c3a4
classic	butcher-and-reagent-selection	0x27bec0	0x27c2a3	jl	0x27c3a4
classic	butcher-and-reagent-selection	0x27bec0	0x27c2af	jg	0x27c3a4
classic	butcher-and-reagent-selection	0x27bec0	0x27c2b8	jl	0x27c3a4
classic	butcher-and-reagent-selection	0x27bec0	0x27c2c3	jg	0x27c3a4
classic	butcher-and-reagent-selection	0x27bec0	0x27c2cc	je	0x27c3a4
classic	butcher-and-reagent-selection	0x27bec0	0x27c2d5	je	0x27c3a4
classic	butcher-and-reagent-selection	0x27bec0	0x27c31a	jne	0x27c333
classic	butcher-and-reagent-selection	0x27bec0	0x27c32e	jmp	0x27c1d4
classic	butcher-and-reagent-selection	0x27bec0	0x27c32e	indirect-jmp	0x14027c1d4
classic	butcher-and-reagent-selection	0x27bec0	0x27c33a	jne	0x27c359
classic	butcher-and-reagent-selection	0x27bec0	0x27c354	jmp	0x27c1d4
classic	butcher-and-reagent-selection	0x27bec0	0x27c354	indirect-jmp	0x14027c1d4
classic	butcher-and-reagent-selection	0x27bec0	0x27c35c	jl	0x27c38b
classic	butcher-and-reagent-selection	0x27bec0	0x27c361	jg	0x27c36c
classic	butcher-and-reagent-selection	0x27bec0	0x27c367	jmp	0x27c1d4
classic	butcher-and-reagent-selection	0x27bec0	0x27c367	indirect-jmp	0x14027c1d4
classic	butcher-and-reagent-selection	0x27bec0	0x27c386	jmp	0x27c1d4
classic	butcher-and-reagent-selection	0x27bec0	0x27c386	indirect-jmp	0x14027c1d4
classic	butcher-and-reagent-selection	0x27bec0	0x27c39f	jmp	0x27c1d4
classic	butcher-and-reagent-selection	0x27bec0	0x27c39f	indirect-jmp	0x14027c1d4
classic	butcher-and-reagent-selection	0x27bec0	0x27c3c7	jge	0x27c1cb
classic	butcher-and-reagent-selection	0x27bec0	0x27c3d8	jge	0x27c1cb
classic	butcher-and-reagent-selection	0x27bec0	0x27c3f7	jne	0x27c417
classic	butcher-and-reagent-selection	0x27bec0	0x27c403	jge	0x27c40b
classic	butcher-and-reagent-selection	0x27bec0	0x27c409	jmp	0x27c411
classic	butcher-and-reagent-selection	0x27bec0	0x27c409	indirect-jmp	0x14027c411
classic	butcher-and-reagent-selection	0x27bec0	0x27c415	je	0x27c400
classic	butcher-and-reagent-selection	0x27bec0	0x27c41b	jne	0x27c426
classic	butcher-and-reagent-selection	0x27bec0	0x27c420	jl	0x27c426
classic	butcher-and-reagent-selection	0x27bec0	0x27c424	jmp	0x27c428
classic	butcher-and-reagent-selection	0x27bec0	0x27c424	indirect-jmp	0x14027c428
classic	butcher-and-reagent-selection	0x27bec0	0x27c42c	jl	0x27c449
classic	butcher-and-reagent-selection	0x27bec0	0x27c433	jge	0x27c449
classic	butcher-and-reagent-selection	0x27bec0	0x27c438	jl	0x27c449
classic	butcher-and-reagent-selection	0x27bec0	0x27c441	jge	0x27c449
classic	butcher-and-reagent-selection	0x27bec0	0x27c445	je	0x27c46f
classic	butcher-and-reagent-selection	0x27bec0	0x27c447	jmp	0x27c44d
classic	butcher-and-reagent-selection	0x27bec0	0x27c447	indirect-jmp	0x14027c44d
classic	butcher-and-reagent-selection	0x27bec0	0x27c44b	je	0x27c47d
classic	butcher-and-reagent-selection	0x27bec0	0x27c472	je	0x27c479
classic	butcher-and-reagent-selection	0x27bec0	0x27c477	jne	0x27c49a
classic	butcher-and-reagent-selection	0x27bec0	0x27c47b	jne	0x27c49a
classic	butcher-and-reagent-selection	0x27bec0	0x27c48b	jge	0x27c1cb
classic	butcher-and-reagent-selection	0x27bec0	0x27c495	jmp	0x27c3d5
classic	butcher-and-reagent-selection	0x27bec0	0x27c495	indirect-jmp	0x14027c3d5
classic	butcher-and-reagent-selection	0x27bec0	0x27c4b0	je	0x27cca9
classic	butcher-and-reagent-selection	0x27bec0	0x27c4b9	je	0x27cbe2
classic	butcher-and-reagent-selection	0x27bec0	0x27c4c2	je	0x27c5df
classic	butcher-and-reagent-selection	0x27bec0	0x27c4cb	jne	0x27cdd7
classic	butcher-and-reagent-selection	0x27bec0	0x27c4fd	je	0x27c50c
classic	butcher-and-reagent-selection	0x27bec0	0x27c50a	jmp	0x27c515
classic	butcher-and-reagent-selection	0x27bec0	0x27c50a	indirect-jmp	0x14027c515
classic	butcher-and-reagent-selection	0x27bec0	0x27c52a	je	0x27c53e
classic	butcher-and-reagent-selection	0x27bec0	0x27c53c	jmp	0x27c54a
classic	butcher-and-reagent-selection	0x27bec0	0x27c53c	indirect-jmp	0x14027c54a
classic	butcher-and-reagent-selection	0x27bec0	0x27c573	jle	0x27c58b
classic	butcher-and-reagent-selection	0x27bec0	0x27c586	jmp	0x27c1d6
classic	butcher-and-reagent-selection	0x27bec0	0x27c586	indirect-jmp	0x14027c1d6
classic	butcher-and-reagent-selection	0x27bec0	0x27c5ae	jb	0x27cdde
classic	butcher-and-reagent-selection	0x27bec0	0x27c5c0	jne	0x27c1d4
classic	butcher-and-reagent-selection	0x27bec0	0x27c5cd	jne	0x27c5d7
classic	butcher-and-reagent-selection	0x27bec0	0x27c5da	jmp	0x27cdc1
classic	butcher-and-reagent-selection	0x27bec0	0x27c5da	indirect-jmp	0x14027cdc1
classic	butcher-and-reagent-selection	0x27bec0	0x27c600	je	0x27c650
classic	butcher-and-reagent-selection	0x27bec0	0x27c613	jae	0x27c674
classic	butcher-and-reagent-selection	0x27bec0	0x27c621	jne	0x27c631
classic	butcher-and-reagent-selection	0x27bec0	0x27c62f	jne	0x27c637
classic	butcher-and-reagent-selection	0x27bec0	0x27c635	jmp	0x27c610
classic	butcher-and-reagent-selection	0x27bec0	0x27c635	indirect-jmp	0x14027c610
classic	butcher-and-reagent-selection	0x27bec0	0x27c64e	jmp	0x27c674
classic	butcher-and-reagent-selection	0x27bec0	0x27c64e	indirect-jmp	0x14027c674
classic	butcher-and-reagent-selection	0x27bec0	0x27c781	je	0x27c799
classic	butcher-and-reagent-selection	0x27bec0	0x27c793	jne	0x27ca8b
classic	butcher-and-reagent-selection	0x27bec0	0x27c7a8	jle	0x27ca8b
classic	butcher-and-reagent-selection	0x27bec0	0x27c7d7	je	0x27c919
classic	butcher-and-reagent-selection	0x27bec0	0x27c7e1	je	0x27c919
classic	butcher-and-reagent-selection	0x27bec0	0x27c7ee	js	0x27c81b
classic	butcher-and-reagent-selection	0x27bec0	0x27c804	je	0x27c81e
classic	butcher-and-reagent-selection	0x27bec0	0x27c819	jle	0x27c7f0
classic	butcher-and-reagent-selection	0x27bec0	0x27c821	je	0x27c912
classic	butcher-and-reagent-selection	0x27bec0	0x27c83a	js	0x27c8a8
classic	butcher-and-reagent-selection	0x27bec0	0x27c857	jae	0x27c8a8
classic	butcher-and-reagent-selection	0x27bec0	0x27c85c	js	0x27c8a8
classic	butcher-and-reagent-selection	0x27bec0	0x27c877	jae	0x27c8a8
classic	butcher-and-reagent-selection	0x27bec0	0x27c887	je	0x27c8a8
classic	butcher-and-reagent-selection	0x27bec0	0x27c8a6	jmp	0x27c8bb
classic	butcher-and-reagent-selection	0x27bec0	0x27c8a6	indirect-jmp	0x14027c8bb
classic	butcher-and-reagent-selection	0x27bec0	0x27c8c9	jne	0x27c9ab
classic	butcher-and-reagent-selection	0x27bec0	0x27c8d9	je	0x27c9ab
classic	butcher-and-reagent-selection	0x27bec0	0x27c8ec	ja	0x27c9ab
classic	butcher-and-reagent-selection	0x27bec0	0x27c8fc	jne	0x27c9b2
classic	butcher-and-reagent-selection	0x27bec0	0x27c90d	jmp	0x27c9b2
classic	butcher-and-reagent-selection	0x27bec0	0x27c90d	indirect-jmp	0x14027c9b2
classic	butcher-and-reagent-selection	0x27bec0	0x27c92c	js	0x27ca8b
classic	butcher-and-reagent-selection	0x27bec0	0x27c94d	jae	0x27ca8b
classic	butcher-and-reagent-selection	0x27bec0	0x27c956	js	0x27ca8b
classic	butcher-and-reagent-selection	0x27bec0	0x27c978	jae	0x27ca8b
classic	butcher-and-reagent-selection	0x27bec0	0x27c986	je	0x27ca8b
classic	butcher-and-reagent-selection	0x27bec0	0x27c9a9	jmp	0x27c9b2
classic	butcher-and-reagent-selection	0x27bec0	0x27c9a9	indirect-jmp	0x14027c9b2
classic	butcher-and-reagent-selection	0x27bec0	0x27c9b6	je	0x27ca8b
classic	butcher-and-reagent-selection	0x27bec0	0x27c9c9	je	0x27ca14
classic	butcher-and-reagent-selection	0x27bec0	0x27ca16	jle	0x27ca8b
classic	butcher-and-reagent-selection	0x27bec0	0x27ca24	jne	0x27ca5c
classic	butcher-and-reagent-selection	0x27bec0	0x27ca5a	jmp	0x27ca8b
classic	butcher-and-reagent-selection	0x27bec0	0x27ca5a	indirect-jmp	0x14027ca8b
classic	butcher-and-reagent-selection	0x27bec0	0x27caf4	je	0x27cb48
classic	butcher-and-reagent-selection	0x27bec0	0x27cafd	jne	0x27cb2a
classic	butcher-and-reagent-selection	0x27bec0	0x27cb0d	je	0x27cb17
classic	butcher-and-reagent-selection	0x27bec0	0x27cb53	jbe	0x27cb89
classic	butcher-and-reagent-selection	0x27bec0	0x27cb66	jb	0x27cb84
classic	butcher-and-reagent-selection	0x27bec0	0x27cb7b	jbe	0x27cb84
classic	butcher-and-reagent-selection	0x27bec0	0x27cba1	jbe	0x27cdd7
classic	butcher-and-reagent-selection	0x27bec0	0x27cbb8	jb	0x27cbd6
classic	butcher-and-reagent-selection	0x27bec0	0x27cbcd	jbe	0x27cbd6
classic	butcher-and-reagent-selection	0x27bec0	0x27cbdd	jmp	0x27c1d6
classic	butcher-and-reagent-selection	0x27bec0	0x27cbdd	indirect-jmp	0x14027c1d6
classic	butcher-and-reagent-selection	0x27bec0	0x27cbf7	je	0x27cdd7
classic	butcher-and-reagent-selection	0x27bec0	0x27cc1b	je	0x27cdd7
classic	butcher-and-reagent-selection	0x27bec0	0x27cc36	je	0x27cc3c
classic	butcher-and-reagent-selection	0x27bec0	0x27cc4d	jle	0x27cc9d
classic	butcher-and-reagent-selection	0x27bec0	0x27cc63	je	0x27cc95
classic	butcher-and-reagent-selection	0x27bec0	0x27cc73	jle	0x27cc95
classic	butcher-and-reagent-selection	0x27bec0	0x27cc7d	je	0x27cc89
classic	butcher-and-reagent-selection	0x27bec0	0x27cc87	jmp	0x27cc95
classic	butcher-and-reagent-selection	0x27bec0	0x27cc87	indirect-jmp	0x14027cc95
classic	butcher-and-reagent-selection	0x27bec0	0x27cc9b	jl	0x27cc50
classic	butcher-and-reagent-selection	0x27bec0	0x27cca4	jmp	0x27c1d4
classic	butcher-and-reagent-selection	0x27bec0	0x27cca4	indirect-jmp	0x14027c1d4
classic	butcher-and-reagent-selection	0x27bec0	0x27ccbf	jne	0x27cd48
classic	butcher-and-reagent-selection	0x27bec0	0x27ccd1	jne	0x27cd17
classic	butcher-and-reagent-selection	0x27bec0	0x27cce8	je	0x27cdd7
classic	butcher-and-reagent-selection	0x27bec0	0x27cd03	je	0x27cdd7
classic	butcher-and-reagent-selection	0x27bec0	0x27cd12	jmp	0x27c1d6
classic	butcher-and-reagent-selection	0x27bec0	0x27cd12	indirect-jmp	0x14027c1d6
classic	butcher-and-reagent-selection	0x27bec0	0x27cd26	je	0x27cd3b
classic	butcher-and-reagent-selection	0x27bec0	0x27cd31	jbe	0x27cd36
classic	butcher-and-reagent-selection	0x27bec0	0x27cd43	jmp	0x27c1d4
classic	butcher-and-reagent-selection	0x27bec0	0x27cd43	indirect-jmp	0x14027c1d4
classic	butcher-and-reagent-selection	0x27bec0	0x27cd6b	je	0x27cd74
classic	butcher-and-reagent-selection	0x27bec0	0x27cd82	je	0x27cd8b
classic	butcher-and-reagent-selection	0x27bec0	0x27cd99	jne	0x27cdde
classic	butcher-and-reagent-selection	0x27bec0	0x27cda7	jne	0x27c1d4
classic	butcher-and-reagent-selection	0x27bec0	0x27cdb4	jne	0x27cdbe
classic	butcher-and-reagent-selection	0x27bec0	0x27cdc9	jge	0x27cdd7
classic	butcher-and-reagent-selection	0x27bec0	0x27cdd9	jmp	0x27c1d6
classic	butcher-and-reagent-selection	0x27bec0	0x27cdd9	indirect-jmp	0x14027c1d6
classic	butcher-and-reagent-selection	0x27bec0	0x27cde6	jmp	0x27c1d4
classic	butcher-and-reagent-selection	0x27bec0	0x27cde6	indirect-jmp	0x14027c1d4
classic	reagent-availability	0x27cdf0	0x27ce04	je	0x27cf3e
classic	reagent-availability	0x27cdf0	0x27ce11	je	0x27cf3e
classic	reagent-availability	0x27cdf0	0x27ce1e	je	0x27cf37
classic	reagent-availability	0x27cdf0	0x27ce2b	je	0x27cf37
classic	reagent-availability	0x27cdf0	0x27cea5	jg	0x27ceac
classic	reagent-availability	0x27cdf0	0x27ceaa	jmp	0x27cf0d
classic	reagent-availability	0x27cdf0	0x27ceaa	indirect-jmp	0x14027cf0d
classic	reagent-availability	0x27cdf0	0x27ceb3	jl	0x27cecc
classic	reagent-availability	0x27cdf0	0x27cec5	jge	0x27cf10
classic	reagent-availability	0x27cdf0	0x27ceca	jmp	0x27cf10
classic	reagent-availability	0x27cdf0	0x27ceca	indirect-jmp	0x14027cf10
classic	reagent-availability	0x27cdf0	0x27cecf	jle	0x27cf10
classic	reagent-candidates	0x27cf50	0x27cf66	jne	0x27cfcc
classic	reagent-candidates	0x27cf50	0x27cf7d	je	0x27cfc7
classic	reagent-candidates	0x27cf50	0x27cf88	jne	0x27d13d
classic	reagent-candidates	0x27cf50	0x27cf95	jne	0x27cf9f
classic	reagent-candidates	0x27cf50	0x27cfaa	jge	0x27d13d
classic	reagent-candidates	0x27cf50	0x27cfca	jmp	0x27cfa2
classic	reagent-candidates	0x27cf50	0x27cfca	indirect-jmp	0x14027cfa2
classic	reagent-candidates	0x27cf50	0x27cfcf	jne	0x27cfdc
classic	reagent-candidates	0x27cf50	0x27cfd8	jne	0x27cf9f
classic	reagent-candidates	0x27cf50	0x27cfda	jmp	0x27cf9a
classic	reagent-candidates	0x27cf50	0x27cfda	indirect-jmp	0x14027cf9a
classic	reagent-candidates	0x27cf50	0x27d030	jle	0x27d03b
classic	reagent-candidates	0x27cf50	0x27d03f	je	0x27d133
classic	reagent-candidates	0x27cf50	0x27d048	je	0x27d12f
classic	reagent-candidates	0x27cf50	0x27d055	je	0x27d12f
classic	reagent-candidates	0x27cf50	0x27d0ae	jg	0x27d0b5
classic	reagent-candidates	0x27cf50	0x27d0b3	jmp	0x27d116
classic	reagent-candidates	0x27cf50	0x27d0b3	indirect-jmp	0x14027d116
classic	reagent-candidates	0x27cf50	0x27d0bc	jl	0x27d0d5
classic	reagent-candidates	0x27cf50	0x27d0ce	jge	0x27d119
classic	reagent-candidates	0x27cf50	0x27d0d3	jmp	0x27d119
classic	reagent-candidates	0x27cf50	0x27d0d3	indirect-jmp	0x14027d119
classic	reagent-candidates	0x27cf50	0x27d0d8	jle	0x27d119
classic	reagent-candidates	0x27cf50	0x27d12d	jmp	0x27d133
classic	reagent-candidates	0x27cf50	0x27d12d	indirect-jmp	0x14027d133
classic	category-tree-builder	0x27d150	0x27d17e	je	0x27d185
classic	category-tree-builder	0x27d150	0x27d1b4	jne	0x27d6b8
classic	category-tree-builder	0x27d150	0x27d1d0	je	0x27d1e1
classic	category-tree-builder	0x27d150	0x27d1df	jmp	0x27d1f1
classic	category-tree-builder	0x27d150	0x27d1df	indirect-jmp	0x14027d1f1
classic	category-tree-builder	0x27d150	0x27d239	je	0x27d245
classic	category-tree-builder	0x27d150	0x27d243	jmp	0x27d255
classic	category-tree-builder	0x27d150	0x27d243	indirect-jmp	0x14027d255
classic	category-tree-builder	0x27d150	0x27d27b	jle	0x27da9a
classic	category-tree-builder	0x27d150	0x27d2a5	jle	0x27d5f4
classic	category-tree-builder	0x27d150	0x27d2b2	je	0x27d5f4
classic	category-tree-builder	0x27d150	0x27d2cd	je	0x27d443
classic	category-tree-builder	0x27d150	0x27d303	jae	0x27d3f0
classic	category-tree-builder	0x27d150	0x27d320	jne	0x27d3e7
classic	category-tree-builder	0x27d150	0x27d340	jne	0x27d3e7
classic	category-tree-builder	0x27d150	0x27d359	jne	0x27d3e7
classic	category-tree-builder	0x27d150	0x27d38e	je	0x27d3e7
classic	category-tree-builder	0x27d150	0x27d393	jne	0x27d3e7
classic	category-tree-builder	0x27d150	0x27d3a3	je	0x27d3cf
classic	category-tree-builder	0x27d150	0x27d3aa	je	0x27d3cf
classic	category-tree-builder	0x27d150	0x27d3c2	je	0x27d3e7
classic	category-tree-builder	0x27d150	0x27d3cd	jmp	0x27d3f8
classic	category-tree-builder	0x27d150	0x27d3cd	indirect-jmp	0x14027d3f8
classic	category-tree-builder	0x27d150	0x27d3d3	jl	0x27d3e7
classic	category-tree-builder	0x27d150	0x27d3d9	jg	0x27d3e7
classic	category-tree-builder	0x27d150	0x27d3df	jl	0x27d3e7
classic	category-tree-builder	0x27d150	0x27d3e5	jle	0x27d3c4
classic	category-tree-builder	0x27d150	0x27d3eb	jmp	0x27d300
classic	category-tree-builder	0x27d150	0x27d3eb	indirect-jmp	0x14027d300
classic	category-tree-builder	0x27d150	0x27d423	jb	0x27d2f0
classic	category-tree-builder	0x27d150	0x27d430	je	0x27d5ec
classic	category-tree-builder	0x27d150	0x27d44b	jne	0x27d4e1
classic	category-tree-builder	0x27d150	0x27d45b	je	0x27d468
classic	category-tree-builder	0x27d150	0x27d466	jmp	0x27d475
classic	category-tree-builder	0x27d150	0x27d466	indirect-jmp	0x14027d475
classic	category-tree-builder	0x27d150	0x27d4bd	je	0x27d4cc
classic	category-tree-builder	0x27d150	0x27d4c7	jmp	0x27d5ec
classic	category-tree-builder	0x27d150	0x27d4c7	indirect-jmp	0x14027d5ec
classic	category-tree-builder	0x27d150	0x27d4dc	jmp	0x27d5ec
classic	category-tree-builder	0x27d150	0x27d4dc	indirect-jmp	0x14027d5ec
classic	category-tree-builder	0x27d150	0x27d4f3	jae	0x27d533
classic	category-tree-builder	0x27d150	0x27d508	jbe	0x27d50d
classic	category-tree-builder	0x27d150	0x27d516	jbe	0x27d51b
classic	category-tree-builder	0x27d150	0x27d51e	jne	0x27d52d
classic	category-tree-builder	0x27d150	0x27d527	je	0x27d5ec
classic	category-tree-builder	0x27d150	0x27d531	jmp	0x27d4f0
classic	category-tree-builder	0x27d150	0x27d531	indirect-jmp	0x14027d4f0
classic	category-tree-builder	0x27d150	0x27d544	jae	0x27d5ec
classic	category-tree-builder	0x27d150	0x27d55d	jbe	0x27d562
classic	category-tree-builder	0x27d150	0x27d56e	jbe	0x27d573
classic	category-tree-builder	0x27d150	0x27d576	jne	0x27d581
classic	category-tree-builder	0x27d150	0x27d57f	je	0x27d587
classic	category-tree-builder	0x27d150	0x27d585	jmp	0x27d541
classic	category-tree-builder	0x27d150	0x27d585	indirect-jmp	0x14027d541
classic	category-tree-builder	0x27d150	0x27d58a	je	0x27d5ec
classic	category-tree-builder	0x27d150	0x27d5a3	jae	0x27d61c
classic	category-tree-builder	0x27d150	0x27d5b5	jbe	0x27d5ba
classic	category-tree-builder	0x27d150	0x27d5c6	jbe	0x27d5cb
classic	category-tree-builder	0x27d150	0x27d5ce	jne	0x27d5d9
classic	category-tree-builder	0x27d150	0x27d5d7	je	0x27d5df
classic	category-tree-builder	0x27d150	0x27d5dd	jmp	0x27d5a0
classic	category-tree-builder	0x27d150	0x27d5dd	indirect-jmp	0x14027d5a0
classic	category-tree-builder	0x27d150	0x27d5e5	jne	0x27d593
classic	category-tree-builder	0x27d150	0x27d611	jl	0x27d290
classic	category-tree-builder	0x27d150	0x27d617	jmp	0x27da9a
classic	category-tree-builder	0x27d150	0x27d617	indirect-jmp	0x14027da9a
classic	category-tree-builder	0x27d150	0x27d61f	je	0x27d5e7
classic	category-tree-builder	0x27d150	0x27d624	jae	0x27d659
classic	category-tree-builder	0x27d150	0x27d631	jbe	0x27d636
classic	category-tree-builder	0x27d150	0x27d63f	jbe	0x27d644
classic	category-tree-builder	0x27d150	0x27d648	jne	0x27d653
classic	category-tree-builder	0x27d150	0x27d651	je	0x27d5e7
classic	category-tree-builder	0x27d150	0x27d657	jmp	0x27d621
classic	category-tree-builder	0x27d150	0x27d657	indirect-jmp	0x14027d621
classic	category-tree-builder	0x27d150	0x27d66f	je	0x27d693
classic	category-tree-builder	0x27d150	0x27d68e	jmp	0x27d5ec
classic	category-tree-builder	0x27d150	0x27d68e	indirect-jmp	0x14027d5ec
classic	category-tree-builder	0x27d150	0x27d6b3	jmp	0x27d5ec
classic	category-tree-builder	0x27d150	0x27d6b3	indirect-jmp	0x14027d5ec
classic	category-tree-builder	0x27d150	0x27d6de	jle	0x27da9a
classic	category-tree-builder	0x27d150	0x27d705	jle	0x27da84
classic	category-tree-builder	0x27d150	0x27d712	je	0x27da84
classic	category-tree-builder	0x27d150	0x27d72d	je	0x27d89e
classic	category-tree-builder	0x27d150	0x27d763	jae	0x27d850
classic	category-tree-builder	0x27d150	0x27d780	jne	0x27d847
classic	category-tree-builder	0x27d150	0x27d7a0	jne	0x27d847
classic	category-tree-builder	0x27d150	0x27d7b9	jne	0x27d847
classic	category-tree-builder	0x27d150	0x27d7ee	je	0x27d847
classic	category-tree-builder	0x27d150	0x27d7f3	jne	0x27d847
classic	category-tree-builder	0x27d150	0x27d803	je	0x27d82f
classic	category-tree-builder	0x27d150	0x27d80a	je	0x27d82f
classic	category-tree-builder	0x27d150	0x27d822	je	0x27d847
classic	category-tree-builder	0x27d150	0x27d82d	jmp	0x27d858
classic	category-tree-builder	0x27d150	0x27d82d	indirect-jmp	0x14027d858
classic	category-tree-builder	0x27d150	0x27d833	jl	0x27d847
classic	category-tree-builder	0x27d150	0x27d839	jg	0x27d847
classic	category-tree-builder	0x27d150	0x27d83f	jl	0x27d847
classic	category-tree-builder	0x27d150	0x27d845	jle	0x27d824
classic	category-tree-builder	0x27d150	0x27d84b	jmp	0x27d760
classic	category-tree-builder	0x27d150	0x27d84b	indirect-jmp	0x14027d760
classic	category-tree-builder	0x27d150	0x27d883	jb	0x27d750
classic	category-tree-builder	0x27d150	0x27d898	je	0x27da84
classic	category-tree-builder	0x27d150	0x27d8ba	jbe	0x27d8bf
classic	category-tree-builder	0x27d150	0x27d8ce	jbe	0x27d8d3
classic	category-tree-builder	0x27d150	0x27d8d6	jne	0x27d981
classic	category-tree-builder	0x27d150	0x27d8e6	jne	0x27d981
classic	category-tree-builder	0x27d150	0x27d8f6	je	0x27d903
classic	category-tree-builder	0x27d150	0x27d901	jmp	0x27d910
classic	category-tree-builder	0x27d150	0x27d901	indirect-jmp	0x14027d910
classic	category-tree-builder	0x27d150	0x27d95d	je	0x27d96c
classic	category-tree-builder	0x27d150	0x27d967	jmp	0x27da84
classic	category-tree-builder	0x27d150	0x27d967	indirect-jmp	0x14027da84
classic	category-tree-builder	0x27d150	0x27d97c	jmp	0x27da84
classic	category-tree-builder	0x27d150	0x27d97c	indirect-jmp	0x14027da84
classic	category-tree-builder	0x27d150	0x27d993	jae	0x27da7c
classic	category-tree-builder	0x27d150	0x27d9a6	jbe	0x27d9ab
classic	category-tree-builder	0x27d150	0x27d9b7	jbe	0x27d9bf
classic	category-tree-builder	0x27d150	0x27d9c2	jne	0x27d9cd
classic	category-tree-builder	0x27d150	0x27d9cb	je	0x27d9d3
classic	category-tree-builder	0x27d150	0x27d9d1	jmp	0x27d990
classic	category-tree-builder	0x27d150	0x27d9d1	indirect-jmp	0x14027d990
classic	category-tree-builder	0x27d150	0x27d9d6	je	0x27da7c
classic	category-tree-builder	0x27d150	0x27d9fc	jbe	0x27da02
classic	category-tree-builder	0x27d150	0x27da0e	jbe	0x27da13
classic	category-tree-builder	0x27d150	0x27da16	jne	0x27da25
classic	category-tree-builder	0x27d150	0x27da1f	je	0x27dabd
classic	category-tree-builder	0x27d150	0x27da36	jae	0x27da77
classic	category-tree-builder	0x27d150	0x27da43	jbe	0x27da48
classic	category-tree-builder	0x27d150	0x27da54	jbe	0x27da59
classic	category-tree-builder	0x27d150	0x27da5d	jne	0x27da68
classic	category-tree-builder	0x27d150	0x27da66	je	0x27da6e
classic	category-tree-builder	0x27d150	0x27da6c	jmp	0x27da33
classic	category-tree-builder	0x27d150	0x27da6c	indirect-jmp	0x14027da33
classic	category-tree-builder	0x27d150	0x27da71	jne	0x27d9f0
classic	category-tree-builder	0x27d150	0x27da94	jl	0x27d6f0
classic	category-tree-builder	0x27d150	0x27dad4	jae	0x27db0d
classic	category-tree-builder	0x27d150	0x27dae1	jbe	0x27dae6
classic	category-tree-builder	0x27d150	0x27daef	jbe	0x27daf4
classic	category-tree-builder	0x27d150	0x27daf8	jne	0x27db07
classic	category-tree-builder	0x27d150	0x27db01	je	0x27da77
classic	category-tree-builder	0x27d150	0x27db0b	jmp	0x27dad1
classic	category-tree-builder	0x27d150	0x27db0b	indirect-jmp	0x14027dad1
classic	category-tree-builder	0x27d150	0x27db26	je	0x27db41
classic	category-tree-builder	0x27d150	0x27db3c	jmp	0x27da7c
classic	category-tree-builder	0x27d150	0x27db3c	indirect-jmp	0x14027da7c
classic	category-tree-builder	0x27d150	0x27db5c	jmp	0x27da7c
classic	category-tree-builder	0x27d150	0x27db5c	indirect-jmp	0x14027da7c
classic	reagent-item-matcher	0x27dbd0	0x27dbe5	je	0x27dbee
classic	reagent-item-matcher	0x27dbd0	0x27dc02	je	0x27dd57
classic	reagent-item-matcher	0x27dbd0	0x27dc11	js	0x27dd57
classic	reagent-item-matcher	0x27dbd0	0x27dc29	jae	0x27dd57
classic	reagent-item-matcher	0x27dbd0	0x27dc5e	js	0x27dcbc
classic	reagent-item-matcher	0x27dbd0	0x27dc89	je	0x27dcb6
classic	reagent-item-matcher	0x27dbd0	0x27dc99	je	0x27dca8
classic	reagent-item-matcher	0x27dbd0	0x27dca6	jmp	0x27dcb6
classic	reagent-item-matcher	0x27dbd0	0x27dca6	indirect-jmp	0x14027dcb6
classic	reagent-item-matcher	0x27dbd0	0x27dcba	jns	0x27dc60
classic	reagent-item-matcher	0x27dbd0	0x27dcce	js	0x27dd48
classic	reagent-item-matcher	0x27dbd0	0x27dd03	jae	0x27dd3b
classic	reagent-item-matcher	0x27dbd0	0x27dd08	je	0x27dd10
classic	reagent-item-matcher	0x27dbd0	0x27dd0e	jmp	0x27dd00
classic	reagent-item-matcher	0x27dbd0	0x27dd0e	indirect-jmp	0x14027dd00
classic	reagent-item-matcher	0x27dbd0	0x27dd1a	je	0x27dd3b
classic	reagent-item-matcher	0x27dbd0	0x27dd46	jns	0x27dce2
classic	reagent-choice	0x27dd60	0x27dd87	jae	0x27ddac
classic	reagent-choice	0x27dd60	0x27dd8f	je	0x27dda6
classic	reagent-choice	0x27dd60	0x27ddaa	jmp	0x27dd84
classic	reagent-choice	0x27dd60	0x27ddaa	indirect-jmp	0x14027dd84
classic	reagent-choice	0x27dd60	0x27ddb3	je	0x27ddb9
classic	reagent-choice	0x27dd60	0x27ddda	je	0x27defa
classic	reagent-choice	0x27dd60	0x27ddf4	jae	0x27de00
classic	reagent-choice	0x27dd60	0x27ddfe	jmp	0x27de3c
classic	reagent-choice	0x27dd60	0x27ddfe	indirect-jmp	0x14027de3c
classic	reagent-choice	0x27dd60	0x27de00	jbe	0x27de3c
classic	reagent-choice	0x27dd60	0x27de10	jbe	0x27de1f
classic	reagent-choice	0x27dd60	0x27de1d	jmp	0x27de3c
classic	reagent-choice	0x27dd60	0x27de1d	indirect-jmp	0x14027de3c
classic	reagent-choice	0x27dd60	0x27de53	jae	0x27def5
classic	reagent-choice	0x27dd60	0x27de72	jne	0x27dee8
classic	reagent-choice	0x27dd60	0x27de8b	je	0x27de93
classic	reagent-choice	0x27dd60	0x27de91	jne	0x27dee8
classic	reagent-choice	0x27dd60	0x27ded0	je	0x27dee8
classic	reagent-choice	0x27dd60	0x27dedb	jbe	0x27dee0
classic	reagent-choice	0x27dd60	0x27def0	jmp	0x27de50
classic	reagent-choice	0x27dd60	0x27def0	indirect-jmp	0x14027de50
classic	reagent-choice	0x27dd60	0x27df10	jmp	0x27df20
classic	reagent-choice	0x27dd60	0x27df10	indirect-jmp	0x14027df20
classic	reaction-start	0x27df20	0x27df3e	je	0x27df5f
classic	reaction-start	0x27df20	0x27df88	jae	0x27dfb8
classic	reaction-start	0x27df20	0x27df98	jne	0x27dfd7
classic	reaction-start	0x27df20	0x27dfb6	jb	0x27df90
classic	reaction-start	0x27df20	0x27dff7	je	0x27dfb8
classic	reaction-completion	0x27e070	0x27e145	je	0x27e53d
classic	reaction-completion	0x27e070	0x27e163	jae	0x27e1ad
classic	reaction-completion	0x27e070	0x27e175	jg	0x27e1a7
classic	reaction-completion	0x27e070	0x27e17a	je	0x27e190
classic	reaction-completion	0x27e070	0x27e18e	jmp	0x27e160
classic	reaction-completion	0x27e070	0x27e18e	indirect-jmp	0x14027e160
classic	reaction-completion	0x27e070	0x27e1ab	jmp	0x27e160
classic	reaction-completion	0x27e070	0x27e1ab	indirect-jmp	0x14027e160
classic	reaction-completion	0x27e070	0x27e1bb	je	0x27e45d
classic	reaction-completion	0x27e070	0x27e1d6	je	0x27e22b
classic	reaction-completion	0x27e070	0x27e1e9	jae	0x27e224
classic	reaction-completion	0x27e070	0x27e1f7	jne	0x27e207
classic	reaction-completion	0x27e070	0x27e205	jne	0x27e20d
classic	reaction-completion	0x27e070	0x27e20b	jmp	0x27e1e6
classic	reaction-completion	0x27e070	0x27e20b	indirect-jmp	0x14027e1e6
classic	reaction-completion	0x27e070	0x27e229	jmp	0x27e252
classic	reaction-completion	0x27e070	0x27e229	indirect-jmp	0x14027e252
classic	reaction-completion	0x27e070	0x27e336	jbe	0x27e353
classic	reaction-completion	0x27e070	0x27e34e	jmp	0x27e3f3
classic	reaction-completion	0x27e070	0x27e34e	indirect-jmp	0x14027e3f3
classic	reaction-completion	0x27e070	0x27e353	jne	0x27e3f3
classic	reaction-completion	0x27e070	0x27e3bd	jbe	0x27e3f3
classic	reaction-completion	0x27e070	0x27e3d0	jb	0x27e3ee
classic	reaction-completion	0x27e070	0x27e3e5	jbe	0x27e3ee
classic	reaction-completion	0x27e070	0x27e427	jbe	0x27e45d
classic	reaction-completion	0x27e070	0x27e43a	jb	0x27e458
classic	reaction-completion	0x27e070	0x27e44f	jbe	0x27e458
classic	reaction-completion	0x27e070	0x27e48a	je	0x27e527
classic	reaction-completion	0x27e070	0x27e49f	je	0x27e527
classic	reaction-completion	0x27e070	0x27e4b0	jb	0x27e527
classic	reaction-completion	0x27e070	0x27e4be	je	0x27e4c5
classic	reaction-completion	0x27e070	0x27e4c3	jmp	0x27e51e
classic	reaction-completion	0x27e070	0x27e4c3	indirect-jmp	0x14027e51e
classic	reaction-completion	0x27e070	0x27e4cd	je	0x27e4d4
classic	reaction-completion	0x27e070	0x27e4d2	jmp	0x27e51e
classic	reaction-completion	0x27e070	0x27e4d2	indirect-jmp	0x14027e51e
classic	reaction-completion	0x27e070	0x27e4dc	jle	0x27e4fc
classic	reaction-completion	0x27e070	0x27e4e9	jge	0x27e4fc
classic	reaction-completion	0x27e070	0x27e4fa	jmp	0x27e51e
classic	reaction-completion	0x27e070	0x27e4fa	indirect-jmp	0x14027e51e
classic	reaction-completion	0x27e070	0x27e507	jne	0x27e51b
classic	reaction-completion	0x27e070	0x27e514	je	0x27e51b
classic	reaction-completion	0x27e070	0x27e519	jmp	0x27e51e
classic	reaction-completion	0x27e070	0x27e519	indirect-jmp	0x14027e51e
classic	reaction-completion	0x27e070	0x27e552	je	0x27e958
classic	reaction-completion	0x27e070	0x27e577	jae	0x27e5f8
classic	reaction-completion	0x27e070	0x27e586	je	0x27e5ac
classic	reaction-completion	0x27e070	0x27e593	jns	0x27e5ac
classic	reaction-completion	0x27e070	0x27e598	je	0x27e5a0
classic	reaction-completion	0x27e070	0x27e59e	jmp	0x27e583
classic	reaction-completion	0x27e070	0x27e59e	indirect-jmp	0x14027e583
classic	reaction-completion	0x27e070	0x27e5aa	jne	0x27e5ef
classic	reaction-completion	0x27e070	0x27e5af	je	0x27e5ca
classic	reaction-completion	0x27e070	0x27e5c8	jmp	0x27e574
classic	reaction-completion	0x27e070	0x27e5c8	indirect-jmp	0x14027e574
classic	reaction-completion	0x27e070	0x27e5f3	jmp	0x27e574
classic	reaction-completion	0x27e070	0x27e5f3	indirect-jmp	0x14027e574
classic	reaction-completion	0x27e070	0x27e606	je	0x27e867
classic	reaction-completion	0x27e070	0x27e621	je	0x27e676
classic	reaction-completion	0x27e070	0x27e634	jae	0x27e66f
classic	reaction-completion	0x27e070	0x27e642	jne	0x27e652
classic	reaction-completion	0x27e070	0x27e650	jne	0x27e658
classic	reaction-completion	0x27e070	0x27e656	jmp	0x27e631
classic	reaction-completion	0x27e070	0x27e656	indirect-jmp	0x14027e631
classic	reaction-completion	0x27e070	0x27e674	jmp	0x27e69d
classic	reaction-completion	0x27e070	0x27e674	indirect-jmp	0x14027e69d
classic	reaction-completion	0x27e070	0x27e7ac	jbe	0x27e7c6
classic	reaction-completion	0x27e070	0x27e7c4	jmp	0x27e830
classic	reaction-completion	0x27e070	0x27e7c4	indirect-jmp	0x14027e830
classic	reaction-completion	0x27e070	0x27e7c6	jne	0x27e830
classic	reaction-completion	0x27e070	0x27e865	jmp	0x27e869
classic	reaction-completion	0x27e070	0x27e865	indirect-jmp	0x14027e869
classic	reaction-completion	0x27e070	0x27e86e	jne	0x27e93f
classic	reaction-completion	0x27e070	0x27e8a1	je	0x27e93f
classic	reaction-completion	0x27e070	0x27e8b6	je	0x27e93f
classic	reaction-completion	0x27e070	0x27e8c7	jb	0x27e93f
classic	reaction-completion	0x27e070	0x27e8d5	je	0x27e8dc
classic	reaction-completion	0x27e070	0x27e8da	jmp	0x27e935
classic	reaction-completion	0x27e070	0x27e8da	indirect-jmp	0x14027e935
classic	reaction-completion	0x27e070	0x27e8e4	je	0x27e8eb
classic	reaction-completion	0x27e070	0x27e8e9	jmp	0x27e935
classic	reaction-completion	0x27e070	0x27e8e9	indirect-jmp	0x14027e935
classic	reaction-completion	0x27e070	0x27e8f3	jle	0x27e913
classic	reaction-completion	0x27e070	0x27e900	jge	0x27e913
classic	reaction-completion	0x27e070	0x27e911	jmp	0x27e935
classic	reaction-completion	0x27e070	0x27e911	indirect-jmp	0x14027e935
classic	reaction-completion	0x27e070	0x27e91e	jne	0x27e932
classic	reaction-completion	0x27e070	0x27e92b	je	0x27e932
classic	reaction-completion	0x27e070	0x27e930	jmp	0x27e935
classic	reaction-completion	0x27e070	0x27e930	indirect-jmp	0x14027e935
classic	reaction-completion	0x27e070	0x27e962	jne	0x27ebba
classic	reaction-completion	0x27e070	0x27e972	jne	0x27ebba
classic	reaction-completion	0x27e070	0x27e98d	je	0x27e9e0
classic	reaction-completion	0x27e070	0x27e9a3	jae	0x27ea07
classic	reaction-completion	0x27e070	0x27e9b1	jne	0x27e9c1
classic	reaction-completion	0x27e070	0x27e9bf	jne	0x27e9c7
classic	reaction-completion	0x27e070	0x27e9c5	jmp	0x27e9a0
classic	reaction-completion	0x27e070	0x27e9c5	indirect-jmp	0x14027e9a0
classic	reaction-completion	0x27e070	0x27e9de	jmp	0x27ea07
classic	reaction-completion	0x27e070	0x27e9de	indirect-jmp	0x14027ea07
classic	reaction-completion	0x27e070	0x27ea98	je	0x27eb6a
classic	reaction-completion	0x27e070	0x27eb3b	jne	0x27eb4c
classic	reaction-completion	0x27e070	0x27eb4a	jmp	0x27eb59
classic	reaction-completion	0x27e070	0x27eb4a	indirect-jmp	0x14027eb59
classic	reaction-completion	0x27e070	0x27eb68	jmp	0x27eb9b
classic	reaction-completion	0x27e070	0x27eb68	indirect-jmp	0x14027eb9b
classic	reaction-completion	0x27e070	0x27ebcb	jae	0x27ebf0
classic	reaction-completion	0x27e070	0x27ebd3	je	0x27ebea
classic	reaction-completion	0x27e070	0x27ebee	jmp	0x27ebc8
classic	reaction-completion	0x27e070	0x27ebee	indirect-jmp	0x14027ebc8
classic	reaction-completion	0x27e070	0x27ebfe	je	0x27ec07
classic	craft-row-count	0x27db70	0x27db75	je	0x27dbbf
classic	craft-row-count	0x27db70	0x27db7a	je	0x27dbac
classic	craft-row-count	0x27db70	0x27db7f	je	0x27db99
classic	craft-row-count	0x27db70	0x27db84	jne	0x27db96
classic	reaction-raw-parser	0xeccb40	0xeccb8d	je	0xecd1a7
classic	reaction-raw-parser	0xeccb40	0xeccbbd	jle	0xecd19e
classic	reaction-raw-parser	0xeccb40	0xeccbee	je	0xeccc15
classic	reaction-raw-parser	0xeccb40	0xeccbf9	jbe	0xeccbfe
classic	reaction-raw-parser	0xeccb40	0xeccc22	jbe	0xecd18d
classic	reaction-raw-parser	0xeccb40	0xeccc39	jbe	0xeccc42
classic	reaction-raw-parser	0xeccb40	0xeccc49	jne	0xecd165
classic	reaction-raw-parser	0xeccb40	0xeccc76	je	0xed021e
classic	reaction-raw-parser	0xeccb40	0xeccc8c	ja	0xed021e
classic	reaction-raw-parser	0xeccb40	0xecccba	jae	0xecce0e
classic	reaction-raw-parser	0xeccb40	0xecccc8	je	0xecce0e
classic	reaction-raw-parser	0xeccb40	0xecccd2	je	0xecce0e
classic	reaction-raw-parser	0xeccb40	0xecccdb	jae	0xeccd16
classic	reaction-raw-parser	0xeccb40	0xeccd11	jmp	0xeccdf8
classic	reaction-raw-parser	0xeccb40	0xeccd11	indirect-jmp	0x140eccdf8
classic	reaction-raw-parser	0xeccb40	0xeccd23	jb	0xed0261
classic	reaction-raw-parser	0xeccb40	0xeccd39	jbe	0xeccd40
classic	reaction-raw-parser	0xeccb40	0xeccd3e	jmp	0xeccd61
classic	reaction-raw-parser	0xeccb40	0xeccd3e	indirect-jmp	0x140eccd61
classic	reaction-raw-parser	0xeccb40	0xeccd4f	jbe	0xeccd56
classic	reaction-raw-parser	0xeccb40	0xeccd54	jmp	0xeccd61
classic	reaction-raw-parser	0xeccb40	0xeccd54	indirect-jmp	0x140eccd61
classic	reaction-raw-parser	0xeccb40	0xeccd89	jbe	0xeccdd4
classic	reaction-raw-parser	0xeccb40	0xeccdb2	jb	0xeccdcd
classic	reaction-raw-parser	0xeccb40	0xeccdc7	ja	0xed0254
classic	reaction-raw-parser	0xeccb40	0xeccdd2	jmp	0xeccde7
classic	reaction-raw-parser	0xeccb40	0xeccdd2	indirect-jmp	0x140eccde7
classic	reaction-raw-parser	0xeccb40	0xecce09	jmp	0xecccb7
classic	reaction-raw-parser	0xeccb40	0xecce09	indirect-jmp	0x140ecccb7
classic	reaction-raw-parser	0xeccb40	0xecce11	je	0xed0227
classic	reaction-raw-parser	0xeccb40	0xecce27	jne	0xecd1d1
classic	reaction-raw-parser	0xeccb40	0xecce3e	jne	0xecd1d1
classic	reaction-raw-parser	0xeccb40	0xecce87	ja	0xecd0f1
classic	reaction-raw-parser	0xeccb40	0xecceb3	jae	0xecd022
classic	reaction-raw-parser	0xeccb40	0xeccec1	je	0xecd022
classic	reaction-raw-parser	0xeccb40	0xeccecb	je	0xecd022
classic	reaction-raw-parser	0xeccb40	0xecced4	jae	0xeccf1d
classic	reaction-raw-parser	0xeccb40	0xeccf1b	jmp	0xecceb0
classic	reaction-raw-parser	0xeccb40	0xeccf1b	indirect-jmp	0x140ecceb0
classic	reaction-raw-parser	0xeccb40	0xeccf34	jb	0xed0267
classic	reaction-raw-parser	0xeccb40	0xeccf50	jbe	0xeccf57
classic	reaction-raw-parser	0xeccb40	0xeccf55	jmp	0xeccf78
classic	reaction-raw-parser	0xeccb40	0xeccf55	indirect-jmp	0x140eccf78
classic	reaction-raw-parser	0xeccb40	0xeccf66	jbe	0xeccf6d
classic	reaction-raw-parser	0xeccb40	0xeccf6b	jmp	0xeccf78
classic	reaction-raw-parser	0xeccb40	0xeccf6b	indirect-jmp	0x140eccf78
classic	reaction-raw-parser	0xeccb40	0xeccfa1	jbe	0xeccfec
classic	reaction-raw-parser	0xeccb40	0xeccfca	jb	0xeccfe5
classic	reaction-raw-parser	0xeccb40	0xeccfdf	ja	0xed0231
classic	reaction-raw-parser	0xeccb40	0xeccfea	jmp	0xecd002
classic	reaction-raw-parser	0xeccb40	0xeccfea	indirect-jmp	0x140ecd002
classic	reaction-raw-parser	0xeccb40	0xecd01d	jmp	0xecceb0
classic	reaction-raw-parser	0xeccb40	0xecd01d	indirect-jmp	0x140ecceb0
classic	reaction-raw-parser	0xeccb40	0xecd025	je	0xecd0e7
classic	reaction-raw-parser	0xeccb40	0xecd041	je	0xecd068
classic	reaction-raw-parser	0xeccb40	0xecd06c	jbe	0xecd0a0
classic	reaction-raw-parser	0xeccb40	0xecd07c	jb	0xecd097
classic	reaction-raw-parser	0xeccb40	0xecd091	ja	0xed0254
classic	reaction-raw-parser	0xeccb40	0xecd0a9	jbe	0xecd165
classic	reaction-raw-parser	0xeccb40	0xecd0c2	jb	0xecd0dd
classic	reaction-raw-parser	0xeccb40	0xecd0d7	ja	0xecd930
classic	reaction-raw-parser	0xeccb40	0xecd0e5	jmp	0xecd165
classic	reaction-raw-parser	0xeccb40	0xecd0e5	indirect-jmp	0x140ecd165
classic	reaction-raw-parser	0xeccb40	0xecd0f5	jbe	0xecd129
classic	reaction-raw-parser	0xeccb40	0xecd105	jb	0xecd120
classic	reaction-raw-parser	0xeccb40	0xecd11a	ja	0xed0254
classic	reaction-raw-parser	0xeccb40	0xecd12d	jbe	0xecd160
classic	reaction-raw-parser	0xeccb40	0xecd13d	jb	0xecd158
classic	reaction-raw-parser	0xeccb40	0xecd152	ja	0xecd930
classic	reaction-raw-parser	0xeccb40	0xecd183	jb	0xeccc30
classic	reaction-raw-parser	0xeccb40	0xecd198	jl	0xeccbcf
classic	reaction-raw-parser	0xeccb40	0xecd1e1	jne	0xecd93c
classic	reaction-raw-parser	0xeccb40	0xecd1f8	jne	0xecd93c
classic	reaction-raw-parser	0xeccb40	0xecd26d	ja	0xecd937
classic	reaction-raw-parser	0xeccb40	0xecd297	jae	0xecd414
classic	reaction-raw-parser	0xeccb40	0xecd2a5	je	0xecd414
classic	reaction-raw-parser	0xeccb40	0xecd2af	je	0xecd414
classic	reaction-raw-parser	0xeccb40	0xecd2b8	jae	0xecd301
classic	reaction-raw-parser	0xeccb40	0xecd2ff	jmp	0xecd28f
classic	reaction-raw-parser	0xeccb40	0xecd2ff	indirect-jmp	0x140ecd28f
classic	reaction-raw-parser	0xeccb40	0xecd318	jb	0xed026d
classic	reaction-raw-parser	0xeccb40	0xecd334	jbe	0xecd33b
classic	reaction-raw-parser	0xeccb40	0xecd339	jmp	0xecd35c
classic	reaction-raw-parser	0xeccb40	0xecd339	indirect-jmp	0x140ecd35c
classic	reaction-raw-parser	0xeccb40	0xecd34a	jbe	0xecd351
classic	reaction-raw-parser	0xeccb40	0xecd34f	jmp	0xecd35c
classic	reaction-raw-parser	0xeccb40	0xecd34f	indirect-jmp	0x140ecd35c
classic	reaction-raw-parser	0xeccb40	0xecd385	jbe	0xecd3e6
classic	reaction-raw-parser	0xeccb40	0xecd3ae	jb	0xecd3c9
classic	reaction-raw-parser	0xeccb40	0xecd3c3	ja	0xed0238
classic	reaction-raw-parser	0xeccb40	0xecd3e1	jmp	0xecd28f
classic	reaction-raw-parser	0xeccb40	0xecd3e1	indirect-jmp	0x140ecd28f
classic	reaction-raw-parser	0xeccb40	0xecd40f	jmp	0xecd28f
classic	reaction-raw-parser	0xeccb40	0xecd40f	indirect-jmp	0x140ecd28f
classic	reaction-raw-parser	0xeccb40	0xecd417	je	0xecd937
classic	reaction-raw-parser	0xeccb40	0xecd453	ja	0xecd883
classic	reaction-raw-parser	0xeccb40	0xecd47e	jae	0xecd5fe
classic	reaction-raw-parser	0xeccb40	0xecd48c	je	0xecd5fe
classic	reaction-raw-parser	0xeccb40	0xecd496	je	0xecd5fe
classic	reaction-raw-parser	0xeccb40	0xecd49f	jae	0xecd4ed
classic	reaction-raw-parser	0xeccb40	0xecd4eb	jmp	0xecd476
classic	reaction-raw-parser	0xeccb40	0xecd4eb	indirect-jmp	0x140ecd476
classic	reaction-raw-parser	0xeccb40	0xecd504	jb	0xed026d
classic	reaction-raw-parser	0xeccb40	0xecd522	jbe	0xecd529
classic	reaction-raw-parser	0xeccb40	0xecd527	jmp	0xecd54a
classic	reaction-raw-parser	0xeccb40	0xecd527	indirect-jmp	0x140ecd54a
classic	reaction-raw-parser	0xeccb40	0xecd538	jbe	0xecd53f
classic	reaction-raw-parser	0xeccb40	0xecd53d	jmp	0xecd54a
classic	reaction-raw-parser	0xeccb40	0xecd53d	indirect-jmp	0x140ecd54a
classic	reaction-raw-parser	0xeccb40	0xecd57d	jbe	0xecd5c8
classic	reaction-raw-parser	0xeccb40	0xecd5a6	jb	0xecd5c1
classic	reaction-raw-parser	0xeccb40	0xecd5bb	ja	0xed0238
classic	reaction-raw-parser	0xeccb40	0xecd5c6	jmp	0xecd5de
classic	reaction-raw-parser	0xeccb40	0xecd5c6	indirect-jmp	0x140ecd5de
classic	reaction-raw-parser	0xeccb40	0xecd5f9	jmp	0xecd476
classic	reaction-raw-parser	0xeccb40	0xecd5f9	indirect-jmp	0x140ecd476
classic	reaction-raw-parser	0xeccb40	0xecd601	je	0xecd87e
classic	reaction-raw-parser	0xeccb40	0xecd644	je	0xecd664
classic	reaction-raw-parser	0xeccb40	0xecd672	je	0xecd681
classic	reaction-raw-parser	0xeccb40	0xecd67f	jmp	0xecd692
classic	reaction-raw-parser	0xeccb40	0xecd67f	indirect-jmp	0x140ecd692
classic	reaction-raw-parser	0xeccb40	0xecd6bf	jne	0xecd6d9
classic	reaction-raw-parser	0xeccb40	0xecd6c5	jge	0xecd6cd
classic	reaction-raw-parser	0xeccb40	0xecd6cb	jmp	0xecd6d3
classic	reaction-raw-parser	0xeccb40	0xecd6cb	indirect-jmp	0x140ecd6d3
classic	reaction-raw-parser	0xeccb40	0xecd6d7	je	0xecd6c1
classic	reaction-raw-parser	0xeccb40	0xecd6dd	jne	0xecd6e5
classic	reaction-raw-parser	0xeccb40	0xecd6e3	jge	0xecd6e8
classic	reaction-raw-parser	0xeccb40	0xecd6f2	je	0xecd71a
classic	reaction-raw-parser	0xeccb40	0xecd718	jmp	0xecd749
classic	reaction-raw-parser	0xeccb40	0xecd718	indirect-jmp	0x140ecd749
classic	reaction-raw-parser	0xeccb40	0xecd774	jne	0xecd784
classic	reaction-raw-parser	0xeccb40	0xecd77d	jne	0xecd784
classic	reaction-raw-parser	0xeccb40	0xecd782	jmp	0xecd787
classic	reaction-raw-parser	0xeccb40	0xecd782	indirect-jmp	0x140ecd787
classic	reaction-raw-parser	0xeccb40	0xecd78b	jbe	0xecd7cd
classic	reaction-raw-parser	0xeccb40	0xecd79b	jb	0xecd7b6
classic	reaction-raw-parser	0xeccb40	0xecd7b0	ja	0xed0238
classic	reaction-raw-parser	0xeccb40	0xecd7d0	jne	0xecd7e4
classic	reaction-raw-parser	0xeccb40	0xecd7dc	jl	0xecd6b0
classic	reaction-raw-parser	0xeccb40	0xecd7e2	jmp	0xecd7ec
classic	reaction-raw-parser	0xeccb40	0xecd7e2	indirect-jmp	0x140ecd7ec
classic	reaction-raw-parser	0xeccb40	0xecd803	je	0xecd80f
classic	reaction-raw-parser	0xeccb40	0xecd80d	jmp	0xecd81a
classic	reaction-raw-parser	0xeccb40	0xecd80d	indirect-jmp	0x140ecd81a
classic	reaction-raw-parser	0xeccb40	0xecd83d	jbe	0xecd871
classic	reaction-raw-parser	0xeccb40	0xecd851	jb	0xecd86c
classic	reaction-raw-parser	0xeccb40	0xecd866	ja	0xecd930
classic	reaction-raw-parser	0xeccb40	0xecd879	jmp	0xecd165
classic	reaction-raw-parser	0xeccb40	0xecd879	indirect-jmp	0x140ecd165
classic	reaction-raw-parser	0xeccb40	0xecd887	jbe	0xecd8b8
classic	reaction-raw-parser	0xeccb40	0xecd897	jb	0xecd8b2
classic	reaction-raw-parser	0xeccb40	0xecd8ac	ja	0xed023f
classic	reaction-raw-parser	0xeccb40	0xecd8bc	jbe	0xecd8f0
classic	reaction-raw-parser	0xeccb40	0xecd8cc	jb	0xecd8e7
classic	reaction-raw-parser	0xeccb40	0xecd8e1	ja	0xed0254
classic	reaction-raw-parser	0xeccb40	0xecd8f9	jbe	0xecd160
classic	reaction-raw-parser	0xeccb40	0xecd911	jb	0xecd15b
classic	reaction-raw-parser	0xeccb40	0xecd92a	jbe	0xecd15b
classic	reaction-raw-parser	0xeccb40	0xecd937	jmp	0xecd8b8
classic	reaction-raw-parser	0xeccb40	0xecd937	indirect-jmp	0x140ecd8b8
classic	reaction-raw-parser	0xeccb40	0xecd94c	jne	0xecd985
classic	reaction-raw-parser	0xeccb40	0xecd95f	jne	0xecd985
classic	reaction-raw-parser	0xeccb40	0xecd96d	jle	0xecd976
classic	reaction-raw-parser	0xeccb40	0xecd97a	jbe	0xecd165
classic	reaction-raw-parser	0xeccb40	0xecd980	jmp	0xecd0b4
classic	reaction-raw-parser	0xeccb40	0xecd980	indirect-jmp	0x140ecd0b4
classic	reaction-raw-parser	0xeccb40	0xecd995	jne	0xecd9c1
classic	reaction-raw-parser	0xeccb40	0xecd9a8	jne	0xecd9c1
classic	reaction-raw-parser	0xeccb40	0xecd9b6	jle	0xecd976
classic	reaction-raw-parser	0xeccb40	0xecd9bf	jmp	0xecd976
classic	reaction-raw-parser	0xeccb40	0xecd9bf	indirect-jmp	0x140ecd976
classic	reaction-raw-parser	0xeccb40	0xecd9d1	jne	0xecda00
classic	reaction-raw-parser	0xeccb40	0xecd9e4	jne	0xecda00
classic	reaction-raw-parser	0xeccb40	0xecd9f2	jle	0xecd976
classic	reaction-raw-parser	0xeccb40	0xecd9fb	jmp	0xecd976
classic	reaction-raw-parser	0xeccb40	0xecd9fb	indirect-jmp	0x140ecd976
classic	reaction-raw-parser	0xeccb40	0xecda10	jne	0xecda43
classic	reaction-raw-parser	0xeccb40	0xecda23	jne	0xecda43
classic	reaction-raw-parser	0xeccb40	0xecda31	jle	0xecd976
classic	reaction-raw-parser	0xeccb40	0xecda3e	jmp	0xecd976
classic	reaction-raw-parser	0xeccb40	0xecda3e	indirect-jmp	0x140ecd976
classic	reaction-raw-parser	0xeccb40	0xecda53	jne	0xecda86
classic	reaction-raw-parser	0xeccb40	0xecda66	jne	0xecda86
classic	reaction-raw-parser	0xeccb40	0xecda74	jle	0xecd976
classic	reaction-raw-parser	0xeccb40	0xecda81	jmp	0xecd976
classic	reaction-raw-parser	0xeccb40	0xecda81	indirect-jmp	0x140ecd976
classic	reaction-raw-parser	0xeccb40	0xecda96	jne	0xecdd75
classic	reaction-raw-parser	0xeccb40	0xecdaad	jne	0xecdd75
classic	reaction-raw-parser	0xeccb40	0xecdabd	je	0xecd976
classic	reaction-raw-parser	0xeccb40	0xecdb06	ja	0xecdd35
classic	reaction-raw-parser	0xeccb40	0xecdb33	jae	0xecdca2
classic	reaction-raw-parser	0xeccb40	0xecdb41	je	0xecdca2
classic	reaction-raw-parser	0xeccb40	0xecdb4b	je	0xecdca2
classic	reaction-raw-parser	0xeccb40	0xecdb54	jae	0xecdb9d
classic	reaction-raw-parser	0xeccb40	0xecdb9b	jmp	0xecdb30
classic	reaction-raw-parser	0xeccb40	0xecdb9b	indirect-jmp	0x140ecdb30
classic	reaction-raw-parser	0xeccb40	0xecdbb4	jb	0xed0273
classic	reaction-raw-parser	0xeccb40	0xecdbd0	jbe	0xecdbd7
classic	reaction-raw-parser	0xeccb40	0xecdbd5	jmp	0xecdbf8
classic	reaction-raw-parser	0xeccb40	0xecdbd5	indirect-jmp	0x140ecdbf8
classic	reaction-raw-parser	0xeccb40	0xecdbe6	jbe	0xecdbed
classic	reaction-raw-parser	0xeccb40	0xecdbeb	jmp	0xecdbf8
classic	reaction-raw-parser	0xeccb40	0xecdbeb	indirect-jmp	0x140ecdbf8
classic	reaction-raw-parser	0xeccb40	0xecdc21	jbe	0xecdc6c
classic	reaction-raw-parser	0xeccb40	0xecdc4a	jb	0xecdc65
classic	reaction-raw-parser	0xeccb40	0xecdc5f	ja	0xed0246
classic	reaction-raw-parser	0xeccb40	0xecdc6a	jmp	0xecdc82
classic	reaction-raw-parser	0xeccb40	0xecdc6a	indirect-jmp	0x140ecdc82
classic	reaction-raw-parser	0xeccb40	0xecdc9d	jmp	0xecdb30
classic	reaction-raw-parser	0xeccb40	0xecdc9d	indirect-jmp	0x140ecdb30
classic	reaction-raw-parser	0xeccb40	0xecdcaa	je	0xecdd2b
classic	reaction-raw-parser	0xeccb40	0xecdcbe	je	0xecdce5
classic	reaction-raw-parser	0xeccb40	0xecdce9	jbe	0xecdd1c
classic	reaction-raw-parser	0xeccb40	0xecdcf9	jb	0xecdd14
classic	reaction-raw-parser	0xeccb40	0xecdd0e	ja	0xed0254
classic	reaction-raw-parser	0xeccb40	0xecdd26	jmp	0xecd976
classic	reaction-raw-parser	0xeccb40	0xecdd26	indirect-jmp	0x140ecd976
classic	reaction-raw-parser	0xeccb40	0xecdd39	jbe	0xecd976
classic	reaction-raw-parser	0xeccb40	0xecdd4d	jb	0xecdd68
classic	reaction-raw-parser	0xeccb40	0xecdd62	ja	0xed0254
classic	reaction-raw-parser	0xeccb40	0xecdd70	jmp	0xecd976
classic	reaction-raw-parser	0xeccb40	0xecdd70	indirect-jmp	0x140ecd976
classic	reaction-raw-parser	0xeccb40	0xecdd85	jne	0xecdd9a
classic	reaction-raw-parser	0xeccb40	0xecdd98	je	0xecddc7
classic	reaction-raw-parser	0xeccb40	0xecddaa	jne	0xecdff6
classic	reaction-raw-parser	0xeccb40	0xecddc1	jne	0xecdff6
classic	reaction-raw-parser	0xeccb40	0xecddd1	je	0xecd976
classic	reaction-raw-parser	0xeccb40	0xecde0b	ja	0xecdfb3
classic	reaction-raw-parser	0xeccb40	0xecde35	jae	0xecdf7f
classic	reaction-raw-parser	0xeccb40	0xecde43	je	0xecdf7f
classic	reaction-raw-parser	0xeccb40	0xecde4d	je	0xecdf7f
classic	reaction-raw-parser	0xeccb40	0xecde56	jae	0xecde8b
classic	reaction-raw-parser	0xeccb40	0xecde89	jmp	0xecde2d
classic	reaction-raw-parser	0xeccb40	0xecde89	indirect-jmp	0x140ecde2d
classic	reaction-raw-parser	0xeccb40	0xecdea2	jb	0xed025b
classic	reaction-raw-parser	0xeccb40	0xecdebe	jbe	0xecdec5
classic	reaction-raw-parser	0xeccb40	0xecdec3	jmp	0xecdee6
classic	reaction-raw-parser	0xeccb40	0xecdec3	indirect-jmp	0x140ecdee6
classic	reaction-raw-parser	0xeccb40	0xecded4	jbe	0xecdedb
classic	reaction-raw-parser	0xeccb40	0xecded9	jmp	0xecdee6
classic	reaction-raw-parser	0xeccb40	0xecded9	indirect-jmp	0x140ecdee6
classic	reaction-raw-parser	0xeccb40	0xecdf09	jbe	0xecdf54
classic	reaction-raw-parser	0xeccb40	0xecdf32	jb	0xecdf4d
classic	reaction-raw-parser	0xeccb40	0xecdf47	ja	0xed024d
classic	reaction-raw-parser	0xeccb40	0xecdf52	jmp	0xecdf67
classic	reaction-raw-parser	0xeccb40	0xecdf52	indirect-jmp	0x140ecdf67
classic	reaction-raw-parser	0xeccb40	0xecdf7a	jmp	0xecde2d
classic	reaction-raw-parser	0xeccb40	0xecdf7a	indirect-jmp	0x140ecde2d
classic	reaction-raw-parser	0xeccb40	0xecdf87	je	0xecdfb3
classic	reaction-raw-parser	0xeccb40	0xecdfae	jmp	0xecd976
classic	reaction-raw-parser	0xeccb40	0xecdfae	indirect-jmp	0x140ecd976
classic	reaction-raw-parser	0xeccb40	0xecdfb7	jbe	0xecdfe8
classic	reaction-raw-parser	0xeccb40	0xecdfc7	jb	0xecdfe2
classic	reaction-raw-parser	0xeccb40	0xecdfdc	ja	0xed0254
classic	reaction-raw-parser	0xeccb40	0xecdff1	jmp	0xecd165
classic	reaction-raw-parser	0xeccb40	0xecdff1	indirect-jmp	0x140ecd165
classic	reaction-raw-parser	0xeccb40	0xece006	jne	0xece078
classic	reaction-raw-parser	0xeccb40	0xece019	jne	0xece078
classic	reaction-raw-parser	0xeccb40	0xece025	je	0xece054
classic	reaction-raw-parser	0xeccb40	0xece048	jne	0xece062
classic	reaction-raw-parser	0xeccb40	0xece05d	jmp	0xecd165
classic	reaction-raw-parser	0xeccb40	0xece05d	indirect-jmp	0x140ecd165
classic	reaction-raw-parser	0xeccb40	0xece076	jmp	0xece04a
classic	reaction-raw-parser	0xeccb40	0xece076	indirect-jmp	0x140ece04a
classic	reaction-raw-parser	0xeccb40	0xece08a	je	0xece0a0
classic	reaction-raw-parser	0xeccb40	0xece098	je	0xece054
classic	reaction-raw-parser	0xeccb40	0xece09e	jmp	0xece054
classic	reaction-raw-parser	0xeccb40	0xece09e	indirect-jmp	0x140ece054
classic	reaction-raw-parser	0xeccb40	0xece0b2	jne	0xed0200
classic	reaction-raw-parser	0xeccb40	0xece0ca	jne	0xed0200
classic	reaction-raw-parser	0xeccb40	0xece0e2	je	0xece0ff
classic	reaction-raw-parser	0xeccb40	0xece0f0	je	0xece054
classic	reaction-raw-parser	0xeccb40	0xece0fa	jmp	0xece054
classic	reaction-raw-parser	0xeccb40	0xece0fa	indirect-jmp	0x140ece054
classic	reaction-raw-parser	0xeccb40	0xece111	je	0xece12e
classic	reaction-raw-parser	0xeccb40	0xece11f	je	0xece054
classic	reaction-raw-parser	0xeccb40	0xece129	jmp	0xece054
classic	reaction-raw-parser	0xeccb40	0xece129	indirect-jmp	0x140ece054
classic	reaction-raw-parser	0xeccb40	0xece140	je	0xece160
classic	reaction-raw-parser	0xeccb40	0xece14e	je	0xece054
classic	reaction-raw-parser	0xeccb40	0xece15b	jmp	0xece054
classic	reaction-raw-parser	0xeccb40	0xece15b	indirect-jmp	0x140ece054
classic	reaction-raw-parser	0xeccb40	0xece172	je	0xece192
classic	reaction-raw-parser	0xeccb40	0xece180	je	0xece054
classic	reaction-raw-parser	0xeccb40	0xece18d	jmp	0xece054
classic	reaction-raw-parser	0xeccb40	0xece18d	indirect-jmp	0x140ece054
classic	reaction-raw-parser	0xeccb40	0xece1a4	je	0xece1c4
classic	reaction-raw-parser	0xeccb40	0xece1b2	je	0xece054
classic	reaction-raw-parser	0xeccb40	0xece1bf	jmp	0xece054
classic	reaction-raw-parser	0xeccb40	0xece1bf	indirect-jmp	0x140ece054
classic	reaction-raw-parser	0xeccb40	0xece1d6	je	0xece1f3
classic	reaction-raw-parser	0xeccb40	0xece1e4	je	0xece054
classic	reaction-raw-parser	0xeccb40	0xece1ee	jmp	0xece054
classic	reaction-raw-parser	0xeccb40	0xece1ee	indirect-jmp	0x140ece054
classic	reaction-raw-parser	0xeccb40	0xece205	je	0xece225
classic	reaction-raw-parser	0xeccb40	0xece213	je	0xece054
classic	reaction-raw-parser	0xeccb40	0xece220	jmp	0xece054
classic	reaction-raw-parser	0xeccb40	0xece220	indirect-jmp	0x140ece054
classic	reaction-raw-parser	0xeccb40	0xece237	je	0xece257
classic	reaction-raw-parser	0xeccb40	0xece245	je	0xece054
classic	reaction-raw-parser	0xeccb40	0xece252	jmp	0xece054
classic	reaction-raw-parser	0xeccb40	0xece252	indirect-jmp	0x140ece054
classic	reaction-raw-parser	0xeccb40	0xece269	je	0xece289
classic	reaction-raw-parser	0xeccb40	0xece277	je	0xece054
classic	reaction-raw-parser	0xeccb40	0xece284	jmp	0xece054
classic	reaction-raw-parser	0xeccb40	0xece284	indirect-jmp	0x140ece054
classic	reaction-raw-parser	0xeccb40	0xece29b	je	0xece2bb
classic	reaction-raw-parser	0xeccb40	0xece2a9	je	0xece054
classic	reaction-raw-parser	0xeccb40	0xece2b6	jmp	0xece054
classic	reaction-raw-parser	0xeccb40	0xece2b6	indirect-jmp	0x140ece054
classic	reaction-raw-parser	0xeccb40	0xece2cd	je	0xece2ed
classic	reaction-raw-parser	0xeccb40	0xece2db	je	0xece054
classic	reaction-raw-parser	0xeccb40	0xece2e8	jmp	0xece054
classic	reaction-raw-parser	0xeccb40	0xece2e8	indirect-jmp	0x140ece054
classic	reaction-raw-parser	0xeccb40	0xece2ff	je	0xece31f
classic	reaction-raw-parser	0xeccb40	0xece30d	je	0xece054
classic	reaction-raw-parser	0xeccb40	0xece31a	jmp	0xece054
classic	reaction-raw-parser	0xeccb40	0xece31a	indirect-jmp	0x140ece054
classic	reaction-raw-parser	0xeccb40	0xece331	je	0xece351
classic	reaction-raw-parser	0xeccb40	0xece33f	je	0xece054
classic	reaction-raw-parser	0xeccb40	0xece34c	jmp	0xece054
classic	reaction-raw-parser	0xeccb40	0xece34c	indirect-jmp	0x140ece054
classic	reaction-raw-parser	0xeccb40	0xece363	je	0xece383
classic	reaction-raw-parser	0xeccb40	0xece371	je	0xece054
classic	reaction-raw-parser	0xeccb40	0xece37e	jmp	0xece054
classic	reaction-raw-parser	0xeccb40	0xece37e	indirect-jmp	0x140ece054
classic	reaction-raw-parser	0xeccb40	0xece395	je	0xece3b5
classic	reaction-raw-parser	0xeccb40	0xece3a3	je	0xece054
classic	reaction-raw-parser	0xeccb40	0xece3b0	jmp	0xece054
classic	reaction-raw-parser	0xeccb40	0xece3b0	indirect-jmp	0x140ece054
classic	reaction-raw-parser	0xeccb40	0xece3c7	je	0xece3e7
classic	reaction-raw-parser	0xeccb40	0xece3d5	je	0xece054
classic	reaction-raw-parser	0xeccb40	0xece3e2	jmp	0xece054
classic	reaction-raw-parser	0xeccb40	0xece3e2	indirect-jmp	0x140ece054
classic	reaction-raw-parser	0xeccb40	0xece3f9	je	0xece419
classic	reaction-raw-parser	0xeccb40	0xece407	je	0xece054
classic	reaction-raw-parser	0xeccb40	0xece414	jmp	0xece054
classic	reaction-raw-parser	0xeccb40	0xece414	indirect-jmp	0x140ece054
classic	reaction-raw-parser	0xeccb40	0xece42b	je	0xece44b
classic	reaction-raw-parser	0xeccb40	0xece439	je	0xece054
classic	reaction-raw-parser	0xeccb40	0xece446	jmp	0xece054
classic	reaction-raw-parser	0xeccb40	0xece446	indirect-jmp	0x140ece054
classic	reaction-raw-parser	0xeccb40	0xece45d	je	0xece480
classic	reaction-raw-parser	0xeccb40	0xece46b	je	0xece054
classic	reaction-raw-parser	0xeccb40	0xece47b	jmp	0xece054
classic	reaction-raw-parser	0xeccb40	0xece47b	indirect-jmp	0x140ece054
classic	reaction-raw-parser	0xeccb40	0xece492	je	0xece4b5
classic	reaction-raw-parser	0xeccb40	0xece4a0	je	0xece054
classic	reaction-raw-parser	0xeccb40	0xece4b0	jmp	0xece054
classic	reaction-raw-parser	0xeccb40	0xece4b0	indirect-jmp	0x140ece054
classic	reaction-raw-parser	0xeccb40	0xece4c7	je	0xece4ea
classic	reaction-raw-parser	0xeccb40	0xece4d5	je	0xece054
classic	reaction-raw-parser	0xeccb40	0xece4e5	jmp	0xece054
classic	reaction-raw-parser	0xeccb40	0xece4e5	indirect-jmp	0x140ece054
classic	reaction-raw-parser	0xeccb40	0xece4fc	je	0xece51c
classic	reaction-raw-parser	0xeccb40	0xece50a	je	0xece054
classic	reaction-raw-parser	0xeccb40	0xece517	jmp	0xece054
classic	reaction-raw-parser	0xeccb40	0xece517	indirect-jmp	0x140ece054
classic	reaction-raw-parser	0xeccb40	0xece52e	je	0xece54e
classic	reaction-raw-parser	0xeccb40	0xece53c	je	0xece054
classic	reaction-raw-parser	0xeccb40	0xece549	jmp	0xece054
classic	reaction-raw-parser	0xeccb40	0xece549	indirect-jmp	0x140ece054
classic	reaction-raw-parser	0xeccb40	0xece560	je	0xece580
classic	reaction-raw-parser	0xeccb40	0xece56e	je	0xece054
classic	reaction-raw-parser	0xeccb40	0xece57b	jmp	0xece054
classic	reaction-raw-parser	0xeccb40	0xece57b	indirect-jmp	0x140ece054
classic	reaction-raw-parser	0xeccb40	0xece592	je	0xece5b2
classic	reaction-raw-parser	0xeccb40	0xece5a0	je	0xece054
classic	reaction-raw-parser	0xeccb40	0xece5ad	jmp	0xece054
classic	reaction-raw-parser	0xeccb40	0xece5ad	indirect-jmp	0x140ece054
classic	reaction-raw-parser	0xeccb40	0xece5c4	je	0xece5e7
classic	reaction-raw-parser	0xeccb40	0xece5d2	je	0xece054
classic	reaction-raw-parser	0xeccb40	0xece5e2	jmp	0xece054
classic	reaction-raw-parser	0xeccb40	0xece5e2	indirect-jmp	0x140ece054
classic	reaction-raw-parser	0xeccb40	0xece5f9	je	0xece619
classic	reaction-raw-parser	0xeccb40	0xece607	je	0xece054
classic	reaction-raw-parser	0xeccb40	0xece614	jmp	0xece054
classic	reaction-raw-parser	0xeccb40	0xece614	indirect-jmp	0x140ece054
classic	reaction-raw-parser	0xeccb40	0xece62b	je	0xece64e
classic	reaction-raw-parser	0xeccb40	0xece639	je	0xece054
classic	reaction-raw-parser	0xeccb40	0xece649	jmp	0xece054
classic	reaction-raw-parser	0xeccb40	0xece649	indirect-jmp	0x140ece054
classic	reaction-raw-parser	0xeccb40	0xece660	je	0xece683
classic	reaction-raw-parser	0xeccb40	0xece66e	je	0xece054
classic	reaction-raw-parser	0xeccb40	0xece67e	jmp	0xece054
classic	reaction-raw-parser	0xeccb40	0xece67e	indirect-jmp	0x140ece054
classic	reaction-raw-parser	0xeccb40	0xece695	je	0xece6b5
classic	reaction-raw-parser	0xeccb40	0xece6a3	je	0xece054
classic	reaction-raw-parser	0xeccb40	0xece6b0	jmp	0xece054
classic	reaction-raw-parser	0xeccb40	0xece6b0	indirect-jmp	0x140ece054
classic	reaction-raw-parser	0xeccb40	0xece6c7	je	0xece6e7
classic	reaction-raw-parser	0xeccb40	0xece6d5	je	0xece054
classic	reaction-raw-parser	0xeccb40	0xece6e2	jmp	0xece054
classic	reaction-raw-parser	0xeccb40	0xece6e2	indirect-jmp	0x140ece054
classic	reaction-raw-parser	0xeccb40	0xece6f9	je	0xece71c
classic	reaction-raw-parser	0xeccb40	0xece707	je	0xece054
classic	reaction-raw-parser	0xeccb40	0xece717	jmp	0xece054
classic	reaction-raw-parser	0xeccb40	0xece717	indirect-jmp	0x140ece054
classic	reaction-raw-parser	0xeccb40	0xece72e	je	0xece74e
classic	reaction-raw-parser	0xeccb40	0xece73c	je	0xece054
classic	reaction-raw-parser	0xeccb40	0xece749	jmp	0xece054
classic	reaction-raw-parser	0xeccb40	0xece749	indirect-jmp	0x140ece054
classic	reaction-raw-parser	0xeccb40	0xece760	je	0xece783
classic	reaction-raw-parser	0xeccb40	0xece76e	je	0xece054
classic	reaction-raw-parser	0xeccb40	0xece77e	jmp	0xece054
classic	reaction-raw-parser	0xeccb40	0xece77e	indirect-jmp	0x140ece054
classic	reaction-raw-parser	0xeccb40	0xece795	je	0xece7b5
classic	reaction-raw-parser	0xeccb40	0xece7a3	je	0xece054
classic	reaction-raw-parser	0xeccb40	0xece7b0	jmp	0xece054
classic	reaction-raw-parser	0xeccb40	0xece7b0	indirect-jmp	0x140ece054
classic	reaction-raw-parser	0xeccb40	0xece7c7	je	0xece7ea
classic	reaction-raw-parser	0xeccb40	0xece7d5	je	0xece054
classic	reaction-raw-parser	0xeccb40	0xece7e5	jmp	0xece054
classic	reaction-raw-parser	0xeccb40	0xece7e5	indirect-jmp	0x140ece054
classic	reaction-raw-parser	0xeccb40	0xece7fc	je	0xece81c
classic	reaction-raw-parser	0xeccb40	0xece80a	je	0xece054
classic	reaction-raw-parser	0xeccb40	0xece817	jmp	0xece054
classic	reaction-raw-parser	0xeccb40	0xece817	indirect-jmp	0x140ece054
classic	reaction-raw-parser	0xeccb40	0xece82e	je	0xece851
classic	reaction-raw-parser	0xeccb40	0xece83c	je	0xece054
classic	reaction-raw-parser	0xeccb40	0xece84c	jmp	0xece054
classic	reaction-raw-parser	0xeccb40	0xece84c	indirect-jmp	0x140ece054
classic	reaction-raw-parser	0xeccb40	0xece863	je	0xece886
classic	reaction-raw-parser	0xeccb40	0xece871	je	0xece054
classic	reaction-raw-parser	0xeccb40	0xece881	jmp	0xece054
classic	reaction-raw-parser	0xeccb40	0xece881	indirect-jmp	0x140ece054
classic	reaction-raw-parser	0xeccb40	0xece898	je	0xece8bb
classic	reaction-raw-parser	0xeccb40	0xece8a6	je	0xece054
classic	reaction-raw-parser	0xeccb40	0xece8b6	jmp	0xece054
classic	reaction-raw-parser	0xeccb40	0xece8b6	indirect-jmp	0x140ece054
classic	reaction-raw-parser	0xeccb40	0xece8cd	je	0xece8f0
classic	reaction-raw-parser	0xeccb40	0xece8db	je	0xece054
classic	reaction-raw-parser	0xeccb40	0xece8eb	jmp	0xece054
classic	reaction-raw-parser	0xeccb40	0xece8eb	indirect-jmp	0x140ece054
classic	reaction-raw-parser	0xeccb40	0xece902	je	0xece925
classic	reaction-raw-parser	0xeccb40	0xece910	je	0xece054
classic	reaction-raw-parser	0xeccb40	0xece920	jmp	0xece054
classic	reaction-raw-parser	0xeccb40	0xece920	indirect-jmp	0x140ece054
classic	reaction-raw-parser	0xeccb40	0xece937	je	0xece95a
classic	reaction-raw-parser	0xeccb40	0xece945	je	0xece054
classic	reaction-raw-parser	0xeccb40	0xece955	jmp	0xece054
classic	reaction-raw-parser	0xeccb40	0xece955	indirect-jmp	0x140ece054
classic	reaction-raw-parser	0xeccb40	0xece96c	jne	0xece494
classic	reaction-raw-parser	0xeccb40	0xece984	jne	0xece4c9
classic	reaction-raw-parser	0xeccb40	0xece99c	je	0xece9fd
classic	reaction-raw-parser	0xeccb40	0xece9bf	jne	0xece9d9
classic	reaction-raw-parser	0xeccb40	0xece9d4	jmp	0xecd160
classic	reaction-raw-parser	0xeccb40	0xece9d4	indirect-jmp	0x140ecd160
classic	reaction-raw-parser	0xeccb40	0xece9e5	je	0xece9f8
classic	reaction-raw-parser	0xeccb40	0xece9f8	jmp	0xece04a
classic	reaction-raw-parser	0xeccb40	0xece9f8	indirect-jmp	0x140ece04a
classic	reaction-raw-parser	0xeccb40	0xecea0f	je	0xecea5a
classic	reaction-raw-parser	0xeccb40	0xecea32	jne	0xecea36
classic	reaction-raw-parser	0xeccb40	0xecea34	jmp	0xece9c1
classic	reaction-raw-parser	0xeccb40	0xecea34	indirect-jmp	0x140ece9c1
classic	reaction-raw-parser	0xeccb40	0xecea40	je	0xecea55
classic	reaction-raw-parser	0xeccb40	0xecea55	jmp	0xece04a
classic	reaction-raw-parser	0xeccb40	0xecea55	indirect-jmp	0x140ece04a
classic	reaction-raw-parser	0xeccb40	0xecea6c	je	0xeceabb
classic	reaction-raw-parser	0xeccb40	0xecea8f	jne	0xecea96
classic	reaction-raw-parser	0xeccb40	0xecea91	jmp	0xece9c1
classic	reaction-raw-parser	0xeccb40	0xecea91	indirect-jmp	0x140ece9c1
classic	reaction-raw-parser	0xeccb40	0xeceaa0	je	0xeceab6
classic	reaction-raw-parser	0xeccb40	0xeceab6	jmp	0xece04a
classic	reaction-raw-parser	0xeccb40	0xeceab6	indirect-jmp	0x140ece04a
classic	reaction-raw-parser	0xeccb40	0xeceacd	je	0xeceba7
classic	reaction-raw-parser	0xeccb40	0xeceafe	jne	0xeceb13
classic	reaction-raw-parser	0xeccb40	0xeceb0e	jmp	0xece9c5
classic	reaction-raw-parser	0xeccb40	0xeceb0e	indirect-jmp	0x140ece9c5
classic	reaction-raw-parser	0xeccb40	0xeceb2a	jne	0xeceb3f
classic	reaction-raw-parser	0xeccb40	0xeceb3a	jmp	0xece9c5
classic	reaction-raw-parser	0xeccb40	0xeceb3a	indirect-jmp	0x140ece9c5
classic	reaction-raw-parser	0xeccb40	0xeceb72	jge	0xeceb7e
classic	reaction-raw-parser	0xeccb40	0xeceb88	jge	0xeceb94
classic	reaction-raw-parser	0xeccb40	0xeceba2	jmp	0xece04e
classic	reaction-raw-parser	0xeccb40	0xeceba2	indirect-jmp	0x140ece04e
classic	reaction-raw-parser	0xeccb40	0xecebb9	je	0xecec15
classic	reaction-raw-parser	0xeccb40	0xecebdc	jne	0xecebe3
classic	reaction-raw-parser	0xeccb40	0xecebde	jmp	0xece9c1
classic	reaction-raw-parser	0xeccb40	0xecebde	indirect-jmp	0x140ece9c1
classic	reaction-raw-parser	0xeccb40	0xecec04	jge	0xecec10
classic	reaction-raw-parser	0xeccb40	0xecec10	jmp	0xece04a
classic	reaction-raw-parser	0xeccb40	0xecec10	indirect-jmp	0x140ece04a
classic	reaction-raw-parser	0xeccb40	0xecec27	je	0xecec83
classic	reaction-raw-parser	0xeccb40	0xecec4a	jne	0xecec51
classic	reaction-raw-parser	0xeccb40	0xecec4c	jmp	0xece9c1
classic	reaction-raw-parser	0xeccb40	0xecec4c	indirect-jmp	0x140ece9c1
classic	reaction-raw-parser	0xeccb40	0xecec72	jge	0xecec7e
classic	reaction-raw-parser	0xeccb40	0xecec7e	jmp	0xece04a
classic	reaction-raw-parser	0xeccb40	0xecec7e	indirect-jmp	0x140ece04a
classic	reaction-raw-parser	0xeccb40	0xecec95	je	0xeceda0
classic	reaction-raw-parser	0xeccb40	0xececbc	jne	0xececc3
classic	reaction-raw-parser	0xeccb40	0xececbe	jmp	0xece9c1
classic	reaction-raw-parser	0xeccb40	0xececbe	indirect-jmp	0x140ece9c1
classic	reaction-raw-parser	0xeccb40	0xeced12	jge	0xeced5e
classic	reaction-raw-parser	0xeccb40	0xeced31	jne	0xeced5a
classic	reaction-raw-parser	0xeccb40	0xeced56	jl	0xeced20
classic	reaction-raw-parser	0xeccb40	0xeced58	jmp	0xeced5e
classic	reaction-raw-parser	0xeccb40	0xeced58	indirect-jmp	0x140eced5e
classic	reaction-raw-parser	0xeccb40	0xeced63	jne	0xeced9b
classic	reaction-raw-parser	0xeccb40	0xeced9b	jmp	0xece04a
classic	reaction-raw-parser	0xeccb40	0xeced9b	indirect-jmp	0x140ece04a
classic	reaction-raw-parser	0xeccb40	0xecedb2	je	0xecedfd
classic	reaction-raw-parser	0xeccb40	0xecedd5	jne	0xeceddc
classic	reaction-raw-parser	0xeccb40	0xecedd7	jmp	0xece9c1
classic	reaction-raw-parser	0xeccb40	0xecedd7	indirect-jmp	0x140ece9c1
classic	reaction-raw-parser	0xeccb40	0xecede8	je	0xecedf8
classic	reaction-raw-parser	0xeccb40	0xecedf8	jmp	0xece04a
classic	reaction-raw-parser	0xeccb40	0xecedf8	indirect-jmp	0x140ece04a
classic	reaction-raw-parser	0xeccb40	0xecee0f	je	0xecee5a
classic	reaction-raw-parser	0xeccb40	0xecee32	jne	0xecee39
classic	reaction-raw-parser	0xeccb40	0xecee34	jmp	0xece9c1
classic	reaction-raw-parser	0xeccb40	0xecee34	indirect-jmp	0x140ece9c1
classic	reaction-raw-parser	0xeccb40	0xecee45	je	0xecee55
classic	reaction-raw-parser	0xeccb40	0xecee55	jmp	0xece04a
classic	reaction-raw-parser	0xeccb40	0xecee55	indirect-jmp	0x140ece04a
classic	reaction-raw-parser	0xeccb40	0xecee6c	je	0xeceeb7
classic	reaction-raw-parser	0xeccb40	0xecee8f	jne	0xecee96
classic	reaction-raw-parser	0xeccb40	0xecee91	jmp	0xece9c1
classic	reaction-raw-parser	0xeccb40	0xecee91	indirect-jmp	0x140ece9c1
classic	reaction-raw-parser	0xeccb40	0xeceea2	je	0xeceeb2
classic	reaction-raw-parser	0xeccb40	0xeceeb2	jmp	0xece04a
classic	reaction-raw-parser	0xeccb40	0xeceeb2	indirect-jmp	0x140ece04a
classic	reaction-raw-parser	0xeccb40	0xeceec9	je	0xecef4c
classic	reaction-raw-parser	0xeccb40	0xeceef0	jne	0xeceef7
classic	reaction-raw-parser	0xeccb40	0xeceef2	jmp	0xece9c1
classic	reaction-raw-parser	0xeccb40	0xeceef2	indirect-jmp	0x140ece9c1
classic	reaction-raw-parser	0xeccb40	0xecef26	jne	0xecef34
classic	reaction-raw-parser	0xeccb40	0xecef30	jl	0xecef00
classic	reaction-raw-parser	0xeccb40	0xecef32	jmp	0xecef36
classic	reaction-raw-parser	0xeccb40	0xecef32	indirect-jmp	0x140ecef36
classic	reaction-raw-parser	0xeccb40	0xecef42	je	0xecef47
classic	reaction-raw-parser	0xeccb40	0xecef47	jmp	0xece04a
classic	reaction-raw-parser	0xeccb40	0xecef47	indirect-jmp	0x140ece04a
classic	reaction-raw-parser	0xeccb40	0xecef5e	je	0xecf121
classic	reaction-raw-parser	0xeccb40	0xecef85	jne	0xecef8c
classic	reaction-raw-parser	0xeccb40	0xecef87	jmp	0xece9c1
classic	reaction-raw-parser	0xeccb40	0xecef87	indirect-jmp	0x140ece9c1
classic	reaction-raw-parser	0xeccb40	0xecef9e	je	0xecf033
classic	reaction-raw-parser	0xeccb40	0xecefc5	jne	0xecefd6
classic	reaction-raw-parser	0xeccb40	0xecefd1	jmp	0xece9c1
classic	reaction-raw-parser	0xeccb40	0xecefd1	indirect-jmp	0x140ece9c1
classic	reaction-raw-parser	0xeccb40	0xecf02e	jmp	0xece04a
classic	reaction-raw-parser	0xeccb40	0xecf02e	indirect-jmp	0x140ece04a
classic	reaction-raw-parser	0xeccb40	0xecf045	je	0xecf0da
classic	reaction-raw-parser	0xeccb40	0xecf06c	jne	0xecf07d
classic	reaction-raw-parser	0xeccb40	0xecf078	jmp	0xece9c1
classic	reaction-raw-parser	0xeccb40	0xecf078	indirect-jmp	0x140ece9c1
classic	reaction-raw-parser	0xeccb40	0xecf0d5	jmp	0xece04a
classic	reaction-raw-parser	0xeccb40	0xecf0d5	indirect-jmp	0x140ece04a
classic	reaction-raw-parser	0xeccb40	0xecf11c	jmp	0xece04a
classic	reaction-raw-parser	0xeccb40	0xecf11c	indirect-jmp	0x140ece04a
classic	reaction-raw-parser	0xeccb40	0xecf133	je	0xecf17c
classic	reaction-raw-parser	0xeccb40	0xecf156	jne	0xecf15d
classic	reaction-raw-parser	0xeccb40	0xecf158	jmp	0xece9c1
classic	reaction-raw-parser	0xeccb40	0xecf158	indirect-jmp	0x140ece9c1
classic	reaction-raw-parser	0xeccb40	0xecf177	jmp	0xece04a
classic	reaction-raw-parser	0xeccb40	0xecf177	indirect-jmp	0x140ece04a
classic	reaction-raw-parser	0xeccb40	0xecf18e	je	0xecf1ea
classic	reaction-raw-parser	0xeccb40	0xecf1b1	jne	0xecf1b8
classic	reaction-raw-parser	0xeccb40	0xecf1b3	jmp	0xece9c1
classic	reaction-raw-parser	0xeccb40	0xecf1b3	indirect-jmp	0x140ece9c1
classic	reaction-raw-parser	0xeccb40	0xecf1d9	jg	0xecf1e5
classic	reaction-raw-parser	0xeccb40	0xecf1e5	jmp	0xece04a
classic	reaction-raw-parser	0xeccb40	0xecf1e5	indirect-jmp	0x140ece04a
classic	reaction-raw-parser	0xeccb40	0xecf1fc	je	0xecf5b2
classic	reaction-raw-parser	0xeccb40	0xecf223	jne	0xecf22e
classic	reaction-raw-parser	0xeccb40	0xecf229	jmp	0xece9c5
classic	reaction-raw-parser	0xeccb40	0xecf229	indirect-jmp	0x140ece9c5
classic	reaction-raw-parser	0xeccb40	0xecf255	jne	0xecf26d
classic	reaction-raw-parser	0xeccb40	0xecf268	jmp	0xece9c5
classic	reaction-raw-parser	0xeccb40	0xecf268	indirect-jmp	0x140ece9c5
classic	reaction-raw-parser	0xeccb40	0xecf28e	jne	0xecf2b0
classic	reaction-raw-parser	0xeccb40	0xecf2ab	jmp	0xece9c5
classic	reaction-raw-parser	0xeccb40	0xecf2ab	indirect-jmp	0x140ece9c5
classic	reaction-raw-parser	0xeccb40	0xecf2c2	je	0xecf390
classic	reaction-raw-parser	0xeccb40	0xecf2e9	jne	0xecf2f6
classic	reaction-raw-parser	0xeccb40	0xecf2f4	jmp	0xecf290
classic	reaction-raw-parser	0xeccb40	0xecf2f4	indirect-jmp	0x140ecf290
classic	reaction-raw-parser	0xeccb40	0xecf38b	jmp	0xece04e
classic	reaction-raw-parser	0xeccb40	0xecf38b	indirect-jmp	0x140ece04e
classic	reaction-raw-parser	0xeccb40	0xecf3d2	jne	0xecf403
classic	reaction-raw-parser	0xeccb40	0xecf3fe	jmp	0xecf290
classic	reaction-raw-parser	0xeccb40	0xecf3fe	indirect-jmp	0x140ecf290
classic	reaction-raw-parser	0xeccb40	0xecf41a	je	0xecf3d4
classic	reaction-raw-parser	0xeccb40	0xecf427	jne	0xecf445
classic	reaction-raw-parser	0xeccb40	0xecf443	je	0xecf3d4
classic	reaction-raw-parser	0xeccb40	0xecf457	jne	0xecf46d
classic	reaction-raw-parser	0xeccb40	0xecf46b	je	0xecf48a
classic	reaction-raw-parser	0xeccb40	0xecf484	je	0xecf3d4
classic	reaction-raw-parser	0xeccb40	0xecf4c3	je	0xecf4dc
classic	reaction-raw-parser	0xeccb40	0xecf4ee	je	0xecf507
classic	reaction-raw-parser	0xeccb40	0xecf5ad	jmp	0xecf36a
classic	reaction-raw-parser	0xeccb40	0xecf5ad	indirect-jmp	0x140ecf36a
classic	reaction-raw-parser	0xeccb40	0xecf5c4	je	0xecf88b
classic	reaction-raw-parser	0xeccb40	0xecf642	jne	0xecf68b
classic	reaction-raw-parser	0xeccb40	0xecf686	jmp	0xece04a
classic	reaction-raw-parser	0xeccb40	0xecf686	indirect-jmp	0x140ece04a
classic	reaction-raw-parser	0xeccb40	0xecf6a2	je	0xecf644
classic	reaction-raw-parser	0xeccb40	0xecf6bb	je	0xecf644
classic	reaction-raw-parser	0xeccb40	0xecf6db	je	0xecf6f6
classic	reaction-raw-parser	0xeccb40	0xecf6eb	jne	0xecf790
classic	reaction-raw-parser	0xeccb40	0xecf6f1	jmp	0xecf644
classic	reaction-raw-parser	0xeccb40	0xecf6f1	indirect-jmp	0x140ecf644
classic	reaction-raw-parser	0xeccb40	0xecf704	je	0xecf644
classic	reaction-raw-parser	0xeccb40	0xecf721	je	0xecf644
classic	reaction-raw-parser	0xeccb40	0xecf732	jne	0xecf754
classic	reaction-raw-parser	0xeccb40	0xecf74e	je	0xecf644
classic	reaction-raw-parser	0xeccb40	0xecf766	jne	0xecf790
classic	reaction-raw-parser	0xeccb40	0xecf77a	jne	0xecf790
classic	reaction-raw-parser	0xeccb40	0xecf78e	je	0xecf7ad
classic	reaction-raw-parser	0xeccb40	0xecf7a7	je	0xecf644
classic	reaction-raw-parser	0xeccb40	0xecf7f6	je	0xecf816
classic	reaction-raw-parser	0xeccb40	0xecf886	jmp	0xecf644
classic	reaction-raw-parser	0xeccb40	0xecf886	indirect-jmp	0x140ecf644
classic	reaction-raw-parser	0xeccb40	0xecf89d	je	0xecfe61
classic	reaction-raw-parser	0xeccb40	0xecf8f6	jne	0xecf91b
classic	reaction-raw-parser	0xeccb40	0xecf916	jmp	0xece04e
classic	reaction-raw-parser	0xeccb40	0xecf916	indirect-jmp	0x140ece04e
classic	reaction-raw-parser	0xeccb40	0xecf932	je	0xecf8f8
classic	reaction-raw-parser	0xeccb40	0xecf94e	je	0xecf8f8
classic	reaction-raw-parser	0xeccb40	0xecf965	ja	0xecf8f8
classic	reaction-raw-parser	0xeccb40	0xecf97c	indirect-jmp	rdx
classic	reaction-raw-parser	0xeccb40	0xecf9bd	je	0xecfb00
classic	reaction-raw-parser	0xeccb40	0xecf9da	je	0xecfb00
classic	reaction-raw-parser	0xeccb40	0xecf9eb	jne	0xecfa0a
classic	reaction-raw-parser	0xeccb40	0xecfa04	je	0xecfb00
classic	reaction-raw-parser	0xeccb40	0xecfa1c	jne	0xecfa46
classic	reaction-raw-parser	0xeccb40	0xecfa30	jne	0xecfa46
classic	reaction-raw-parser	0xeccb40	0xecfa44	je	0xecfa63
classic	reaction-raw-parser	0xeccb40	0xecfa5d	je	0xecfb00
classic	reaction-raw-parser	0xeccb40	0xecfa71	je	0xecfb00
classic	reaction-raw-parser	0xeccb40	0xecfb27	jmp	0xecf8f8
classic	reaction-raw-parser	0xeccb40	0xecfb27	indirect-jmp	0x140ecf8f8
classic	reaction-raw-parser	0xeccb40	0xecfb6b	je	0xecfca7
classic	reaction-raw-parser	0xeccb40	0xecfb88	je	0xecfca7
classic	reaction-raw-parser	0xeccb40	0xecfb99	jne	0xecfbb8
classic	reaction-raw-parser	0xeccb40	0xecfbb2	je	0xecfca7
classic	reaction-raw-parser	0xeccb40	0xecfbca	jne	0xecfbf4
classic	reaction-raw-parser	0xeccb40	0xecfbde	jne	0xecfbf4
classic	reaction-raw-parser	0xeccb40	0xecfbf2	je	0xecfc11
classic	reaction-raw-parser	0xeccb40	0xecfc0b	je	0xecfca7
classic	reaction-raw-parser	0xeccb40	0xecfcce	jmp	0xecf8f8
classic	reaction-raw-parser	0xeccb40	0xecfcce	indirect-jmp	0x140ecf8f8
classic	reaction-raw-parser	0xeccb40	0xecfd08	je	0xecfe3f
classic	reaction-raw-parser	0xeccb40	0xecfd19	jne	0xecfd38
classic	reaction-raw-parser	0xeccb40	0xecfd32	je	0xecfe3f
classic	reaction-raw-parser	0xeccb40	0xecfd4a	jne	0xecfd74
classic	reaction-raw-parser	0xeccb40	0xecfd5e	jne	0xecfd74
classic	reaction-raw-parser	0xeccb40	0xecfd72	je	0xecfd91
classic	reaction-raw-parser	0xeccb40	0xecfd8b	je	0xecfe3f
classic	reaction-raw-parser	0xeccb40	0xecfe12	je	0xecfe25
classic	reaction-raw-parser	0xeccb40	0xecfe5c	jmp	0xecf8f8
classic	reaction-raw-parser	0xeccb40	0xecfe5c	indirect-jmp	0x140ecf8f8
classic	reaction-raw-parser	0xeccb40	0xecfe73	je	0xecfebe
classic	reaction-raw-parser	0xeccb40	0xecfe96	jne	0xecfe9d
classic	reaction-raw-parser	0xeccb40	0xecfe98	jmp	0xece9c1
classic	reaction-raw-parser	0xeccb40	0xecfe98	indirect-jmp	0x140ece9c1
classic	reaction-raw-parser	0xeccb40	0xecfea9	je	0xecfeb9
classic	reaction-raw-parser	0xeccb40	0xecfeb9	jmp	0xece04a
classic	reaction-raw-parser	0xeccb40	0xecfeb9	indirect-jmp	0x140ece04a
classic	reaction-raw-parser	0xeccb40	0xecfed0	je	0xecff1b
classic	reaction-raw-parser	0xeccb40	0xecfef3	jne	0xecfefa
classic	reaction-raw-parser	0xeccb40	0xecfef5	jmp	0xece9c1
classic	reaction-raw-parser	0xeccb40	0xecfef5	indirect-jmp	0x140ece9c1
classic	reaction-raw-parser	0xeccb40	0xecff04	je	0xecff16
classic	reaction-raw-parser	0xeccb40	0xecff16	jmp	0xece04a
classic	reaction-raw-parser	0xeccb40	0xecff16	indirect-jmp	0x140ece04a
classic	reaction-raw-parser	0xeccb40	0xecff2d	je	0xecff78
classic	reaction-raw-parser	0xeccb40	0xecff50	jne	0xecff57
classic	reaction-raw-parser	0xeccb40	0xecff52	jmp	0xece9c1
classic	reaction-raw-parser	0xeccb40	0xecff52	indirect-jmp	0x140ece9c1
classic	reaction-raw-parser	0xeccb40	0xecff63	je	0xecff73
classic	reaction-raw-parser	0xeccb40	0xecff73	jmp	0xece04a
classic	reaction-raw-parser	0xeccb40	0xecff73	indirect-jmp	0x140ece04a
classic	reaction-raw-parser	0xeccb40	0xecff8a	je	0xecffa7
classic	reaction-raw-parser	0xeccb40	0xecff98	je	0xece054
classic	reaction-raw-parser	0xeccb40	0xecffa2	jmp	0xece054
classic	reaction-raw-parser	0xeccb40	0xecffa2	indirect-jmp	0x140ece054
classic	reaction-raw-parser	0xeccb40	0xecffb9	je	0xecffd6
classic	reaction-raw-parser	0xeccb40	0xecffc7	je	0xece054
classic	reaction-raw-parser	0xeccb40	0xecffd1	jmp	0xece054
classic	reaction-raw-parser	0xeccb40	0xecffd1	indirect-jmp	0x140ece054
classic	reaction-raw-parser	0xeccb40	0xecffe8	je	0xed000f
classic	reaction-raw-parser	0xeccb40	0xecfff6	je	0xece054
classic	reaction-raw-parser	0xeccb40	0xed000a	jmp	0xece054
classic	reaction-raw-parser	0xeccb40	0xed000a	indirect-jmp	0x140ece054
classic	reaction-raw-parser	0xeccb40	0xed0021	je	0xed0048
classic	reaction-raw-parser	0xeccb40	0xed002f	je	0xece054
classic	reaction-raw-parser	0xeccb40	0xed0043	jmp	0xece054
classic	reaction-raw-parser	0xeccb40	0xed0043	indirect-jmp	0x140ece054
classic	reaction-raw-parser	0xeccb40	0xed005a	je	0xed0085
classic	reaction-raw-parser	0xeccb40	0xed0068	je	0xece054
classic	reaction-raw-parser	0xeccb40	0xed0080	jmp	0xece054
classic	reaction-raw-parser	0xeccb40	0xed0080	indirect-jmp	0x140ece054
classic	reaction-raw-parser	0xeccb40	0xed0097	je	0xed00be
classic	reaction-raw-parser	0xeccb40	0xed00a5	je	0xece054
classic	reaction-raw-parser	0xeccb40	0xed00b9	jmp	0xece054
classic	reaction-raw-parser	0xeccb40	0xed00b9	indirect-jmp	0x140ece054
classic	reaction-raw-parser	0xeccb40	0xed00c3	je	0xed01a8
classic	reaction-raw-parser	0xeccb40	0xed00db	je	0xed00f8
classic	reaction-raw-parser	0xeccb40	0xed00f3	jmp	0xece054
classic	reaction-raw-parser	0xeccb40	0xed00f3	indirect-jmp	0x140ece054
classic	reaction-raw-parser	0xeccb40	0xed010a	je	0xed0150
classic	reaction-raw-parser	0xeccb40	0xed012d	jne	0xed0134
classic	reaction-raw-parser	0xeccb40	0xed012f	jmp	0xece9c1
classic	reaction-raw-parser	0xeccb40	0xed012f	indirect-jmp	0x140ece9c1
classic	reaction-raw-parser	0xeccb40	0xed014b	jmp	0xece04a
classic	reaction-raw-parser	0xeccb40	0xed014b	indirect-jmp	0x140ece04a
classic	reaction-raw-parser	0xeccb40	0xed0162	je	0xed01a8
classic	reaction-raw-parser	0xeccb40	0xed0185	jne	0xed018c
classic	reaction-raw-parser	0xeccb40	0xed0187	jmp	0xece9c1
classic	reaction-raw-parser	0xeccb40	0xed0187	indirect-jmp	0x140ece9c1
classic	reaction-raw-parser	0xeccb40	0xed01a3	jmp	0xece04a
classic	reaction-raw-parser	0xeccb40	0xed01a3	indirect-jmp	0x140ece04a
classic	reaction-raw-parser	0xeccb40	0xed01fb	jmp	0xece04e
classic	reaction-raw-parser	0xeccb40	0xed01fb	indirect-jmp	0x140ece04e
classic	reaction-raw-parser	0xeccb40	0xed020c	je	0xece054
classic	reaction-raw-parser	0xeccb40	0xed0219	jmp	0xece054
classic	reaction-raw-parser	0xeccb40	0xed0219	indirect-jmp	0x140ece054
classic	reaction-raw-parser	0xeccb40	0xed0222	jmp	0xecd976
classic	reaction-raw-parser	0xeccb40	0xed0222	indirect-jmp	0x140ecd976
classic	reaction-raw-parser	0xeccb40	0xed022c	jmp	0xecd976
classic	reaction-raw-parser	0xeccb40	0xed022c	indirect-jmp	0x140ecd976
classic	reagent-item-filter-description	0xa285e0	0xa28623	jbe	0xa28628
classic	reagent-item-filter-description	0xa285e0	0xa2863a	jle	0xa286c9
classic	reagent-item-filter-description	0xa285e0	0xa2864b	ja	0xa286ad
classic	reagent-item-filter-description	0xa285e0	0xa2865f	indirect-jmp	rcx
classic	reagent-item-filter-description	0xa285e0	0xa28668	jb	0xa286ad
classic	reagent-item-filter-description	0xa285e0	0xa28679	jmp	0xa286ad
classic	reagent-item-filter-description	0xa285e0	0xa28679	indirect-jmp	0x140a286ad
classic	reagent-item-filter-description	0xa285e0	0xa28682	jb	0xa286ad
classic	reagent-item-filter-description	0xa285e0	0xa28693	jmp	0xa286ad
classic	reagent-item-filter-description	0xa285e0	0xa28693	indirect-jmp	0x140a286ad
classic	reagent-item-filter-description	0xa285e0	0xa2869c	jb	0xa286ad
classic	reagent-item-filter-description	0xa285e0	0xa286d2	jle	0xa28715
classic	reagent-item-filter-description	0xa285e0	0xa286db	je	0xa286f8
classic	reagent-item-filter-description	0xa285e0	0xa286df	je	0xa286f0
classic	reagent-item-filter-description	0xa285e0	0xa286e4	jne	0xa28715
classic	reagent-item-filter-description	0xa285e0	0xa286ec	je	0xa28700
classic	reagent-item-filter-description	0xa285e0	0xa286ee	jmp	0xa28715
classic	reagent-item-filter-description	0xa285e0	0xa286ee	indirect-jmp	0x140a28715
classic	reagent-item-filter-description	0xa285e0	0xa286f6	jmp	0xa286fe
classic	reagent-item-filter-description	0xa285e0	0xa286f6	indirect-jmp	0x140a286fe
classic	reagent-item-filter-description	0xa285e0	0xa286fe	jne	0xa28715
classic	reagent-item-filter-description	0xa285e0	0xa28719	je	0xa28730
classic	reagent-item-filter-description	0xa285e0	0xa28735	je	0xa2874c
classic	reagent-item-filter-description	0xa285e0	0xa28751	je	0xa28768
classic	reagent-item-filter-description	0xa285e0	0xa2876d	je	0xa28784
classic	reagent-item-filter-description	0xa285e0	0xa28789	je	0xa287a0
classic	reagent-item-filter-description	0xa285e0	0xa287a5	je	0xa287bc
classic	reagent-item-filter-description	0xa285e0	0xa287c2	je	0xa287dd
classic	reagent-item-filter-description	0xa285e0	0xa287e2	jne	0xa287fd
classic	reagent-item-filter-description	0xa285e0	0xa287e6	jns	0xa287fd
classic	reagent-item-filter-description	0xa285e0	0xa28805	je	0xa2881c
classic	reagent-item-filter-description	0xa285e0	0xa28824	je	0xa2883b
classic	reagent-item-filter-description	0xa285e0	0xa28843	je	0xa2885a
classic	reagent-item-filter-description	0xa285e0	0xa28862	je	0xa28879
classic	reagent-item-filter-description	0xa285e0	0xa28881	je	0xa28898
classic	reagent-item-filter-description	0xa285e0	0xa288a6	je	0xa288ba
classic	reagent-item-filter-description	0xa285e0	0xa288c2	je	0xa288d9
classic	reagent-item-filter-description	0xa285e0	0xa288e1	je	0xa288f8
classic	reagent-item-filter-description	0xa285e0	0xa28900	je	0xa28914
classic	reagent-item-filter-description	0xa285e0	0xa2891c	je	0xa28933
classic	reagent-item-filter-description	0xa285e0	0xa2893b	je	0xa28952
classic	reagent-item-filter-description	0xa285e0	0xa2895a	je	0xa28971
classic	reagent-item-filter-description	0xa285e0	0xa28979	je	0xa28990
classic	reagent-item-filter-description	0xa285e0	0xa28998	je	0xa289af
classic	reagent-item-filter-description	0xa285e0	0xa289b3	jge	0xa289ca
classic	reagent-item-filter-description	0xa285e0	0xa289d2	je	0xa289e9
classic	reagent-item-filter-description	0xa285e0	0xa289f1	je	0xa28a08
classic	reagent-item-filter-description	0xa285e0	0xa28a10	je	0xa28a27
classic	reagent-item-filter-description	0xa285e0	0xa28a2f	je	0xa28a46
classic	reagent-item-filter-description	0xa285e0	0xa28a4e	je	0xa28a65
classic	reagent-item-filter-description	0xa285e0	0xa28a69	je	0xa28ad4
classic	reagent-item-filter-description	0xa285e0	0xa28a74	js	0xa28abf
classic	reagent-item-filter-description	0xa285e0	0xa28a8d	jge	0xa28abf
classic	reagent-item-filter-description	0xa285e0	0xa28aa0	jbe	0xa28aa5
classic	reagent-item-filter-description	0xa285e0	0xa28ad9	je	0xa28af0
classic	reagent-item-filter-description	0xa285e0	0xa28af8	je	0xa28b0f
classic	reagent-item-filter-description	0xa285e0	0xa28b14	je	0xa28b2b
classic	reagent-item-filter-description	0xa285e0	0xa28b30	je	0xa28b47
classic	reagent-item-filter-description	0xa285e0	0xa28b4f	jae	0xa28b6a
classic	reagent-item-filter-description	0xa285e0	0xa28b6f	jne	0xa28b8c
classic	reagent-item-filter-description	0xa285e0	0xa28b75	jae	0xa28b8c
classic	reagent-item-filter-description	0xa285e0	0xa28b91	je	0xa28ba8
classic	reagent-item-filter-description	0xa285e0	0xa28bad	je	0xa28bc4
classic	reagent-item-filter-description	0xa285e0	0xa28bc9	jne	0xa28d58
classic	reagent-item-filter-description	0xa285e0	0xa28bd4	je	0xa28beb
classic	reagent-item-filter-description	0xa285e0	0xa28bf3	je	0xa28c0a
classic	reagent-item-filter-description	0xa285e0	0xa28c0f	je	0xa28c26
classic	reagent-item-filter-description	0xa285e0	0xa28c2e	je	0xa28c45
classic	reagent-item-filter-description	0xa285e0	0xa28c4d	je	0xa28c64
classic	reagent-item-filter-description	0xa285e0	0xa28c6c	je	0xa28c83
classic	reagent-item-filter-description	0xa285e0	0xa28c87	jge	0xa28c9e
classic	reagent-item-filter-description	0xa285e0	0xa28ca6	je	0xa28cbd
classic	reagent-item-filter-description	0xa285e0	0xa28cc5	je	0xa28cdc
classic	reagent-item-filter-description	0xa285e0	0xa28ce4	je	0xa28cfb
classic	reagent-item-filter-description	0xa285e0	0xa28d03	je	0xa28d1a
classic	reagent-item-filter-description	0xa285e0	0xa28d22	je	0xa28d39
classic	reagent-item-filter-description	0xa285e0	0xa28d41	je	0xa28d58
classic	reagent-item-filter-description	0xa285e0	0xa28d60	je	0xa28d77
classic	reagent-item-filter-description	0xa285e0	0xa28d7c	jne	0xa28dbc
classic	reagent-item-filter-description	0xa285e0	0xa28d86	je	0xa28d9d
classic	reagent-item-filter-description	0xa285e0	0xa28da5	je	0xa28dbc
classic	reagent-item-filter-description	0xa285e0	0xa28dc4	je	0xa28ddb
classic	reagent-item-filter-description	0xa285e0	0xa28de3	je	0xa28dfa
classic	reagent-item-filter-description	0xa285e0	0xa28e02	je	0xa28e19
classic	reagent-item-filter-description	0xa285e0	0xa28e1d	je	0xa28e34
classic	reagent-item-filter-description	0xa285e0	0xa28e3c	je	0xa28e53
classic	reagent-item-filter-description	0xa285e0	0xa28e58	je	0xa28e6f
classic	reagent-item-filter-description	0xa285e0	0xa28e74	je	0xa28e8b
classic	reagent-item-filter-description	0xa285e0	0xa28e90	je	0xa28ea7
classic	reagent-item-filter-description	0xa285e0	0xa28eac	jne	0xa28f27
classic	reagent-item-filter-description	0xa285e0	0xa28eb6	je	0xa28ecd
classic	reagent-item-filter-description	0xa285e0	0xa28ed2	je	0xa28ee9
classic	reagent-item-filter-description	0xa285e0	0xa28ef1	je	0xa28f08
classic	reagent-item-filter-description	0xa285e0	0xa28f10	je	0xa28f27
classic	reagent-item-filter-description	0xa285e0	0xa28f2f	je	0xa28f46
classic	reagent-item-filter-description	0xa285e0	0xa28f4e	je	0xa28f65
classic	reagent-item-filter-description	0xa285e0	0xa28f6d	je	0xa28f84
classic	reagent-item-filter-description	0xa285e0	0xa28f8c	je	0xa28fa3
classic	reagent-item-filter-description	0xa285e0	0xa28fab	je	0xa28fc2
classic	reagent-item-filter-description	0xa285e0	0xa28fca	je	0xa28fe1
classic	reagent-item-filter-description	0xa285e0	0xa28fe9	je	0xa29000
classic	reagent-item-filter-description	0xa285e0	0xa29008	je	0xa2901f
classic	reagent-item-filter-description	0xa285e0	0xa29027	je	0xa2903e
classic	reagent-item-filter-description	0xa285e0	0xa29043	jne	0xa298ea
classic	reagent-item-filter-description	0xa285e0	0xa2905e	je	0xa29243
classic	reagent-item-filter-description	0xa285e0	0xa2908f	je	0xa290e3
classic	reagent-item-filter-description	0xa285e0	0xa29099	je	0xa290cc
classic	reagent-item-filter-description	0xa285e0	0xa290ab	jbe	0xa290b0
classic	reagent-item-filter-description	0xa285e0	0xa290dc	jbe	0xa290f0
classic	reagent-item-filter-description	0xa285e0	0xa290e1	jmp	0xa290f0
classic	reagent-item-filter-description	0xa285e0	0xa290e1	indirect-jmp	0x140a290f0
classic	reagent-item-filter-description	0xa285e0	0xa29107	jb	0xa29d60
classic	reagent-item-filter-description	0xa285e0	0xa29132	jbe	0xa2916c
classic	reagent-item-filter-description	0xa285e0	0xa29148	jbe	0xa2914f
classic	reagent-item-filter-description	0xa285e0	0xa2914d	jmp	0xa2915c
classic	reagent-item-filter-description	0xa285e0	0xa2914d	indirect-jmp	0x140a2915c
classic	reagent-item-filter-description	0xa285e0	0xa291c4	jbe	0xa291fb
classic	reagent-item-filter-description	0xa285e0	0xa291d7	jb	0xa291f5
classic	reagent-item-filter-description	0xa285e0	0xa291ec	jbe	0xa291f5
classic	reagent-item-filter-description	0xa285e0	0xa29203	jbe	0xa29239
classic	reagent-item-filter-description	0xa285e0	0xa29216	jb	0xa29234
classic	reagent-item-filter-description	0xa285e0	0xa2922b	jbe	0xa29234
classic	reagent-item-filter-description	0xa285e0	0xa29248	je	0xa294dd
classic	reagent-item-filter-description	0xa285e0	0xa29261	jbe	0xa29266
classic	reagent-item-filter-description	0xa285e0	0xa2926a	jne	0xa29299
classic	reagent-item-filter-description	0xa285e0	0xa2927d	jne	0xa29299
classic	reagent-item-filter-description	0xa285e0	0xa29294	jmp	0xa294dd
classic	reagent-item-filter-description	0xa285e0	0xa29294	indirect-jmp	0x140a294dd
classic	reagent-item-filter-description	0xa285e0	0xa2929d	jbe	0xa292a2
classic	reagent-item-filter-description	0xa285e0	0xa292a6	jne	0xa292d5
classic	reagent-item-filter-description	0xa285e0	0xa292bc	jne	0xa292d5
classic	reagent-item-filter-description	0xa285e0	0xa292d0	jmp	0xa294dd
classic	reagent-item-filter-description	0xa285e0	0xa292d0	indirect-jmp	0x140a294dd
classic	reagent-item-filter-description	0xa285e0	0xa292e5	jbe	0xa292ea
classic	reagent-item-filter-description	0xa285e0	0xa292ee	jne	0xa2931d
classic	reagent-item-filter-description	0xa285e0	0xa29301	jne	0xa2931d
classic	reagent-item-filter-description	0xa285e0	0xa29318	jmp	0xa294dd
classic	reagent-item-filter-description	0xa285e0	0xa29318	indirect-jmp	0x140a294dd
classic	reagent-item-filter-description	0xa285e0	0xa29325	jbe	0xa2932a
classic	reagent-item-filter-description	0xa285e0	0xa2932e	jne	0xa2935d
classic	reagent-item-filter-description	0xa285e0	0xa29341	jne	0xa2935d
classic	reagent-item-filter-description	0xa285e0	0xa29358	jmp	0xa294dd
classic	reagent-item-filter-description	0xa285e0	0xa29358	indirect-jmp	0x140a294dd
classic	reagent-item-filter-description	0xa285e0	0xa2936d	jbe	0xa29372
classic	reagent-item-filter-description	0xa285e0	0xa29376	jne	0xa293a5
classic	reagent-item-filter-description	0xa285e0	0xa29389	jne	0xa293a5
classic	reagent-item-filter-description	0xa285e0	0xa293a0	jmp	0xa294dd
classic	reagent-item-filter-description	0xa285e0	0xa293a0	indirect-jmp	0x140a294dd
classic	reagent-item-filter-description	0xa285e0	0xa293ad	jbe	0xa293b2
classic	reagent-item-filter-description	0xa285e0	0xa293b6	jne	0xa293e5
classic	reagent-item-filter-description	0xa285e0	0xa293c9	jne	0xa293e5
classic	reagent-item-filter-description	0xa285e0	0xa293e0	jmp	0xa294dd
classic	reagent-item-filter-description	0xa285e0	0xa293e0	indirect-jmp	0x140a294dd
classic	reagent-item-filter-description	0xa285e0	0xa293f5	jbe	0xa293fa
classic	reagent-item-filter-description	0xa285e0	0xa293fe	jne	0xa2942d
classic	reagent-item-filter-description	0xa285e0	0xa29411	jne	0xa2942d
classic	reagent-item-filter-description	0xa285e0	0xa29428	jmp	0xa294dd
classic	reagent-item-filter-description	0xa285e0	0xa29428	indirect-jmp	0x140a294dd
classic	reagent-item-filter-description	0xa285e0	0xa29435	jbe	0xa2943a
classic	reagent-item-filter-description	0xa285e0	0xa2943e	jne	0xa2946a
classic	reagent-item-filter-description	0xa285e0	0xa29451	jne	0xa2946a
classic	reagent-item-filter-description	0xa285e0	0xa29468	jmp	0xa294dd
classic	reagent-item-filter-description	0xa285e0	0xa29468	indirect-jmp	0x140a294dd
classic	reagent-item-filter-description	0xa285e0	0xa29477	jbe	0xa2947c
classic	reagent-item-filter-description	0xa285e0	0xa29480	jne	0xa294a9
classic	reagent-item-filter-description	0xa285e0	0xa29490	jne	0xa294a9
classic	reagent-item-filter-description	0xa285e0	0xa294a7	jmp	0xa294dd
classic	reagent-item-filter-description	0xa285e0	0xa294a7	indirect-jmp	0x140a294dd
classic	reagent-item-filter-description	0xa285e0	0xa294c3	jbe	0xa294c8
classic	reagent-item-filter-description	0xa285e0	0xa294e2	je	0xa298e4
classic	reagent-item-filter-description	0xa285e0	0xa294fb	jbe	0xa29500
classic	reagent-item-filter-description	0xa285e0	0xa29504	jne	0xa29533
classic	reagent-item-filter-description	0xa285e0	0xa29517	jne	0xa29533
classic	reagent-item-filter-description	0xa285e0	0xa2952e	jmp	0xa298e4
classic	reagent-item-filter-description	0xa285e0	0xa2952e	indirect-jmp	0x140a298e4
classic	reagent-item-filter-description	0xa285e0	0xa29537	jbe	0xa2953c
classic	reagent-item-filter-description	0xa285e0	0xa29540	jne	0xa29572
classic	reagent-item-filter-description	0xa285e0	0xa29556	jne	0xa29572
classic	reagent-item-filter-description	0xa285e0	0xa2956d	jmp	0xa298e4
classic	reagent-item-filter-description	0xa285e0	0xa2956d	indirect-jmp	0x140a298e4
classic	reagent-item-filter-description	0xa285e0	0xa29582	jbe	0xa29587
classic	reagent-item-filter-description	0xa285e0	0xa2958b	jne	0xa295ba
classic	reagent-item-filter-description	0xa285e0	0xa2959e	jne	0xa295ba
classic	reagent-item-filter-description	0xa285e0	0xa295b5	jmp	0xa298e4
classic	reagent-item-filter-description	0xa285e0	0xa295b5	indirect-jmp	0x140a298e4
classic	reagent-item-filter-description	0xa285e0	0xa295c2	jbe	0xa295c7
classic	reagent-item-filter-description	0xa285e0	0xa295cb	jne	0xa295fa
classic	reagent-item-filter-description	0xa285e0	0xa295de	jne	0xa295fa
classic	reagent-item-filter-description	0xa285e0	0xa295f5	jmp	0xa298e4
classic	reagent-item-filter-description	0xa285e0	0xa295f5	indirect-jmp	0x140a298e4
classic	reagent-item-filter-description	0xa285e0	0xa2960a	jbe	0xa2960f
classic	reagent-item-filter-description	0xa285e0	0xa29613	jne	0xa29642
classic	reagent-item-filter-description	0xa285e0	0xa29626	jne	0xa29642
classic	reagent-item-filter-description	0xa285e0	0xa2963d	jmp	0xa298e4
classic	reagent-item-filter-description	0xa285e0	0xa2963d	indirect-jmp	0x140a298e4
classic	reagent-item-filter-description	0xa285e0	0xa2964a	jbe	0xa2964f
classic	reagent-item-filter-description	0xa285e0	0xa29653	jne	0xa29682
classic	reagent-item-filter-description	0xa285e0	0xa29666	jne	0xa29682
classic	reagent-item-filter-description	0xa285e0	0xa2967d	jmp	0xa298e4
classic	reagent-item-filter-description	0xa285e0	0xa2967d	indirect-jmp	0x140a298e4
classic	reagent-item-filter-description	0xa285e0	0xa29692	jbe	0xa29697
classic	reagent-item-filter-description	0xa285e0	0xa2969b	jne	0xa296ca
classic	reagent-item-filter-description	0xa285e0	0xa296ae	jne	0xa296ca
classic	reagent-item-filter-description	0xa285e0	0xa296c5	jmp	0xa298e4
classic	reagent-item-filter-description	0xa285e0	0xa296c5	indirect-jmp	0x140a298e4
classic	reagent-item-filter-description	0xa285e0	0xa296d2	jbe	0xa296d7
classic	reagent-item-filter-description	0xa285e0	0xa296db	jne	0xa2970a
classic	reagent-item-filter-description	0xa285e0	0xa296ee	jne	0xa2970a
classic	reagent-item-filter-description	0xa285e0	0xa29705	jmp	0xa298e4
classic	reagent-item-filter-description	0xa285e0	0xa29705	indirect-jmp	0x140a298e4
classic	reagent-item-filter-description	0xa285e0	0xa2971a	jbe	0xa2971f
classic	reagent-item-filter-description	0xa285e0	0xa29723	jne	0xa29752
classic	reagent-item-filter-description	0xa285e0	0xa29736	jne	0xa29752
classic	reagent-item-filter-description	0xa285e0	0xa2974d	jmp	0xa298e4
classic	reagent-item-filter-description	0xa285e0	0xa2974d	indirect-jmp	0x140a298e4
classic	reagent-item-filter-description	0xa285e0	0xa2975a	jbe	0xa2975f
classic	reagent-item-filter-description	0xa285e0	0xa29763	jne	0xa29792
classic	reagent-item-filter-description	0xa285e0	0xa29776	jne	0xa29792
classic	reagent-item-filter-description	0xa285e0	0xa2978d	jmp	0xa298e4
classic	reagent-item-filter-description	0xa285e0	0xa2978d	indirect-jmp	0x140a298e4
classic	reagent-item-filter-description	0xa285e0	0xa297a2	jbe	0xa297a7
classic	reagent-item-filter-description	0xa285e0	0xa297ab	jne	0xa297da
classic	reagent-item-filter-description	0xa285e0	0xa297be	jne	0xa297da
classic	reagent-item-filter-description	0xa285e0	0xa297d5	jmp	0xa298e4
classic	reagent-item-filter-description	0xa285e0	0xa297d5	indirect-jmp	0x140a298e4
classic	reagent-item-filter-description	0xa285e0	0xa297e8	jb	0xa29d5a
classic	reagent-item-filter-description	0xa285e0	0xa297f2	jbe	0xa297f8
classic	reagent-item-filter-description	0xa285e0	0xa2980f	jbe	0xa29849
classic	reagent-item-filter-description	0xa285e0	0xa29825	jbe	0xa2982c
classic	reagent-item-filter-description	0xa285e0	0xa2982a	jmp	0xa29839
classic	reagent-item-filter-description	0xa285e0	0xa2982a	indirect-jmp	0x140a29839
classic	reagent-item-filter-description	0xa285e0	0xa298ae	jbe	0xa298e4
classic	reagent-item-filter-description	0xa285e0	0xa298c1	jb	0xa298df
classic	reagent-item-filter-description	0xa285e0	0xa298d6	jbe	0xa298df
classic	reagent-item-filter-description	0xa285e0	0xa298f3	js	0xa29975
classic	reagent-item-filter-description	0xa285e0	0xa29914	jae	0xa29975
classic	reagent-item-filter-description	0xa285e0	0xa2991d	je	0xa29975
classic	reagent-item-filter-description	0xa285e0	0xa29933	jae	0xa29975
classic	reagent-item-filter-description	0xa285e0	0xa2994d	jbe	0xa29952
classic	reagent-item-filter-description	0xa285e0	0xa29973	jmp	0xa29930
classic	reagent-item-filter-description	0xa285e0	0xa29973	indirect-jmp	0x140a29930
classic	reagent-item-filter-description	0xa285e0	0xa2997e	js	0xa299f7
classic	reagent-item-filter-description	0xa285e0	0xa29994	jge	0xa299f7
classic	reagent-item-filter-description	0xa285e0	0xa2999b	jne	0xa299f7
classic	reagent-item-filter-description	0xa285e0	0xa299d1	jbe	0xa299d6
classic	reagent-item-filter-description	0xa285e0	0xa299f5	jmp	0xa299fc
classic	reagent-item-filter-description	0xa285e0	0xa299f5	indirect-jmp	0x140a299fc
classic	reagent-item-filter-description	0xa285e0	0xa29a07	ja	0xa29bd3
classic	reagent-item-filter-description	0xa285e0	0xa29a1e	indirect-jmp	rcx
classic	reagent-item-filter-description	0xa285e0	0xa29a2d	jmp	0xa29bcb
classic	reagent-item-filter-description	0xa285e0	0xa29a2d	indirect-jmp	0x140a29bcb
classic	reagent-item-filter-description	0xa285e0	0xa29a3f	jmp	0xa29bcb
classic	reagent-item-filter-description	0xa285e0	0xa29a3f	indirect-jmp	0x140a29bcb
classic	reagent-item-filter-description	0xa285e0	0xa29a51	jmp	0xa29bcb
classic	reagent-item-filter-description	0xa285e0	0xa29a51	indirect-jmp	0x140a29bcb
classic	reagent-item-filter-description	0xa285e0	0xa29a5d	jmp	0xa29bc5
classic	reagent-item-filter-description	0xa285e0	0xa29a5d	indirect-jmp	0x140a29bc5
classic	reagent-item-filter-description	0xa285e0	0xa29a6f	jmp	0xa29bcb
classic	reagent-item-filter-description	0xa285e0	0xa29a6f	indirect-jmp	0x140a29bcb
classic	reagent-item-filter-description	0xa285e0	0xa29a81	jmp	0xa29bcb
classic	reagent-item-filter-description	0xa285e0	0xa29a81	indirect-jmp	0x140a29bcb
classic	reagent-item-filter-description	0xa285e0	0xa29a93	jmp	0xa29bcb
classic	reagent-item-filter-description	0xa285e0	0xa29a93	indirect-jmp	0x140a29bcb
classic	reagent-item-filter-description	0xa285e0	0xa29aa5	jmp	0xa29bcb
classic	reagent-item-filter-description	0xa285e0	0xa29aa5	indirect-jmp	0x140a29bcb
classic	reagent-item-filter-description	0xa285e0	0xa29ab7	jmp	0xa29bcb
classic	reagent-item-filter-description	0xa285e0	0xa29ab7	indirect-jmp	0x140a29bcb
classic	reagent-item-filter-description	0xa285e0	0xa29ac9	jmp	0xa29bcb
classic	reagent-item-filter-description	0xa285e0	0xa29ac9	indirect-jmp	0x140a29bcb
classic	reagent-item-filter-description	0xa285e0	0xa29adb	jmp	0xa29bcb
classic	reagent-item-filter-description	0xa285e0	0xa29adb	indirect-jmp	0x140a29bcb
classic	reagent-item-filter-description	0xa285e0	0xa29aed	jmp	0xa29bcb
classic	reagent-item-filter-description	0xa285e0	0xa29aed	indirect-jmp	0x140a29bcb
classic	reagent-item-filter-description	0xa285e0	0xa29aff	jmp	0xa29bcb
classic	reagent-item-filter-description	0xa285e0	0xa29aff	indirect-jmp	0x140a29bcb
classic	reagent-item-filter-description	0xa285e0	0xa29b11	jmp	0xa29bcb
classic	reagent-item-filter-description	0xa285e0	0xa29b11	indirect-jmp	0x140a29bcb
classic	reagent-item-filter-description	0xa285e0	0xa29b20	jmp	0xa29bcb
classic	reagent-item-filter-description	0xa285e0	0xa29b20	indirect-jmp	0x140a29bcb
classic	reagent-item-filter-description	0xa285e0	0xa29b32	jmp	0xa29bcb
classic	reagent-item-filter-description	0xa285e0	0xa29b32	indirect-jmp	0x140a29bcb
classic	reagent-item-filter-description	0xa285e0	0xa29b44	jmp	0xa29bcb
classic	reagent-item-filter-description	0xa285e0	0xa29b44	indirect-jmp	0x140a29bcb
classic	reagent-item-filter-description	0xa285e0	0xa29b56	jmp	0xa29bcb
classic	reagent-item-filter-description	0xa285e0	0xa29b56	indirect-jmp	0x140a29bcb
classic	reagent-item-filter-description	0xa285e0	0xa29b65	jmp	0xa29bcb
classic	reagent-item-filter-description	0xa285e0	0xa29b65	indirect-jmp	0x140a29bcb
classic	reagent-item-filter-description	0xa285e0	0xa29b71	jmp	0xa29bcb
classic	reagent-item-filter-description	0xa285e0	0xa29b71	indirect-jmp	0x140a29bcb
classic	reagent-item-filter-description	0xa285e0	0xa29b80	jmp	0xa29bcb
classic	reagent-item-filter-description	0xa285e0	0xa29b80	indirect-jmp	0x140a29bcb
classic	reagent-item-filter-description	0xa285e0	0xa29b8f	jmp	0xa29bcb
classic	reagent-item-filter-description	0xa285e0	0xa29b8f	indirect-jmp	0x140a29bcb
classic	reagent-item-filter-description	0xa285e0	0xa29b9e	jmp	0xa29bcb
classic	reagent-item-filter-description	0xa285e0	0xa29b9e	indirect-jmp	0x140a29bcb
classic	reagent-item-filter-description	0xa285e0	0xa29bad	jmp	0xa29bcb
classic	reagent-item-filter-description	0xa285e0	0xa29bad	indirect-jmp	0x140a29bcb
classic	reagent-item-filter-description	0xa285e0	0xa29bbc	jmp	0xa29bcb
classic	reagent-item-filter-description	0xa285e0	0xa29bbc	indirect-jmp	0x140a29bcb
classic	reagent-item-filter-description	0xa285e0	0xa29be3	je	0xa29c17
classic	reagent-item-filter-description	0xa285e0	0xa29be9	je	0xa29bfd
classic	reagent-item-filter-description	0xa285e0	0xa29c12	jmp	0xa29d14
classic	reagent-item-filter-description	0xa285e0	0xa29c12	indirect-jmp	0x140a29d14
classic	reagent-item-filter-description	0xa285e0	0xa29c1b	je	0xa29c51
classic	reagent-item-filter-description	0xa285e0	0xa29c22	jne	0xa29c3f
classic	reagent-item-filter-description	0xa285e0	0xa29c2a	jne	0xa29c3f
classic	reagent-item-filter-description	0xa285e0	0xa29c32	jne	0xa29c3f
classic	reagent-item-filter-description	0xa285e0	0xa29c39	je	0xa29d14
classic	reagent-item-filter-description	0xa285e0	0xa29cde	jbe	0xa29d14
classic	reagent-item-filter-description	0xa285e0	0xa29cf1	jb	0xa29d0f
classic	reagent-item-filter-description	0xa285e0	0xa29d06	jbe	0xa29d0f
classic	reagent-item-filter-description	0xa285e0	0xa29d1c	je	0xa29d33
classic	reagent-item-type-name	0xa7fc90	0xa7fd16	jne	0xa7fddc
classic	reagent-item-type-name	0xa7fc90	0xa7fd22	je	0xa7fd3c
classic	reagent-item-type-name	0xa7fc90	0xa7fd27	je	0xa7fd3c
classic	reagent-item-type-name	0xa7fc90	0xa7fd2c	je	0xa7fd3c
classic	reagent-item-type-name	0xa7fc90	0xa7fd31	je	0xa7fd3c
classic	reagent-item-type-name	0xa7fc90	0xa7fd36	jne	0xa7fdda
classic	reagent-item-type-name	0xa7fc90	0xa7fd45	jne	0xa7fd74
classic	reagent-item-type-name	0xa7fc90	0xa7fd5c	je	0xa7fd82
classic	reagent-item-type-name	0xa7fc90	0xa7fd68	je	0xa7fd82
classic	reagent-item-type-name	0xa7fc90	0xa7fd72	jmp	0xa7fd88
classic	reagent-item-type-name	0xa7fc90	0xa7fd72	indirect-jmp	0x140a7fd88
classic	reagent-item-type-name	0xa7fc90	0xa7fd76	jne	0xa7fd82
classic	reagent-item-type-name	0xa7fc90	0xa7fd80	jmp	0xa7fd88
classic	reagent-item-type-name	0xa7fc90	0xa7fd80	indirect-jmp	0x140a7fd88
classic	reagent-item-type-name	0xa7fc90	0xa7fda0	je	0xa7fdb9
classic	reagent-item-type-name	0xa7fc90	0xa7fda5	jne	0xa7fdda
classic	reagent-item-type-name	0xa7fc90	0xa7fdb7	jmp	0xa7fdc9
classic	reagent-item-type-name	0xa7fc90	0xa7fdb7	indirect-jmp	0x140a7fdc9
classic	reagent-item-type-name	0xa7fc90	0xa7fde3	jne	0xa7fdfd
classic	reagent-item-type-name	0xa7fc90	0xa7fdf1	jbe	0xa7fdf6
classic	reagent-item-type-name	0xa7fc90	0xa7fe04	je	0xa7fe1f
classic	reagent-item-type-name	0xa7fc90	0xa7fe4c	ja	0xa85068
classic	reagent-item-type-name	0xa7fc90	0xa7fe63	indirect-jmp	rax
classic	reagent-item-type-name	0xa7fc90	0xa7fe76	jne	0xa7fe7c
classic	reagent-item-type-name	0xa7fc90	0xa7fe7a	je	0xa7fed6
classic	reagent-item-type-name	0xa7fc90	0xa7fec4	jne	0xa850eb
classic	reagent-item-type-name	0xa7fc90	0xa7fed4	jmp	0xa7fee0
classic	reagent-item-type-name	0xa7fc90	0xa7fed4	indirect-jmp	0x140a7fee0
classic	reagent-item-type-name	0xa7fc90	0xa7feda	jne	0xa850eb
classic	reagent-item-type-name	0xa7fc90	0xa7fef5	jmp	0xa850eb
classic	reagent-item-type-name	0xa7fc90	0xa7fef5	indirect-jmp	0x140a850eb
classic	reagent-item-type-name	0xa7fc90	0xa7ff04	jne	0xa7ff0a
classic	reagent-item-type-name	0xa7fc90	0xa7ff08	je	0xa7ff58
classic	reagent-item-type-name	0xa7fc90	0xa7ff71	je	0xa85127
classic	reagent-item-type-name	0xa7fc90	0xa7ff8c	jmp	0xa850eb
classic	reagent-item-type-name	0xa7fc90	0xa7ff8c	indirect-jmp	0x140a850eb
classic	reagent-item-type-name	0xa7fc90	0xa7ff95	jne	0xa7ffb1
classic	reagent-item-type-name	0xa7fc90	0xa7ffac	jmp	0xa850eb
classic	reagent-item-type-name	0xa7fc90	0xa7ffac	indirect-jmp	0x140a850eb
classic	reagent-item-type-name	0xa7fc90	0xa7ffb4	jne	0xa7ffca
classic	reagent-item-type-name	0xa7fc90	0xa7ffc5	jmp	0xa850eb
classic	reagent-item-type-name	0xa7fc90	0xa7ffc5	indirect-jmp	0x140a850eb
classic	reagent-item-type-name	0xa7fc90	0xa7ffcd	jne	0xa7ffe3
classic	reagent-item-type-name	0xa7fc90	0xa7ffde	jmp	0xa850eb
classic	reagent-item-type-name	0xa7fc90	0xa7ffde	indirect-jmp	0x140a850eb
classic	reagent-item-type-name	0xa7fc90	0xa7ffe6	jne	0xa7fffc
classic	reagent-item-type-name	0xa7fc90	0xa7fff7	jmp	0xa850eb
classic	reagent-item-type-name	0xa7fc90	0xa7fff7	indirect-jmp	0x140a850eb
classic	reagent-item-type-name	0xa7fc90	0xa7ffff	jne	0xa8001e
classic	reagent-item-type-name	0xa7fc90	0xa80004	jne	0xa850eb
classic	reagent-item-type-name	0xa7fc90	0xa80019	jmp	0xa850eb
classic	reagent-item-type-name	0xa7fc90	0xa80019	indirect-jmp	0x140a850eb
classic	reagent-item-type-name	0xa7fc90	0xa80069	jmp	0xa850eb
classic	reagent-item-type-name	0xa7fc90	0xa80069	indirect-jmp	0x140a850eb
classic	reagent-item-type-name	0xa7fc90	0xa8007b	jne	0xa800d8
classic	reagent-item-type-name	0xa7fc90	0xa8007f	js	0xa800c1
classic	reagent-item-type-name	0xa7fc90	0xa80099	jae	0xa800c1
classic	reagent-item-type-name	0xa7fc90	0xa800a3	jle	0xa800b5
classic	reagent-item-type-name	0xa7fc90	0xa800ad	je	0xa800b5
classic	reagent-item-type-name	0xa7fc90	0xa800b3	jmp	0xa800b7
classic	reagent-item-type-name	0xa7fc90	0xa800b3	indirect-jmp	0x140a800b7
classic	reagent-item-type-name	0xa7fc90	0xa800b9	je	0xa800d8
classic	reagent-item-type-name	0xa7fc90	0xa800bf	jmp	0xa800ff
classic	reagent-item-type-name	0xa7fc90	0xa800bf	indirect-jmp	0x140a800ff
classic	reagent-item-type-name	0xa7fc90	0xa800d6	jmp	0xa800fc
classic	reagent-item-type-name	0xa7fc90	0xa800d6	indirect-jmp	0x140a800fc
classic	reagent-item-type-name	0xa7fc90	0xa800f1	jne	0xa800fc
classic	reagent-item-type-name	0xa7fc90	0xa800f6	je	0xa801b8
classic	reagent-item-type-name	0xa7fc90	0xa8015a	jne	0xa80167
classic	reagent-item-type-name	0xa7fc90	0xa8016f	jbe	0xa801a2
classic	reagent-item-type-name	0xa7fc90	0xa80182	jb	0xa8019d
classic	reagent-item-type-name	0xa7fc90	0xa80197	ja	0xa83d7e
classic	reagent-item-type-name	0xa7fc90	0xa801b6	jne	0xa801cd
classic	reagent-item-type-name	0xa7fc90	0xa801d2	jne	0xa850eb
classic	reagent-item-type-name	0xa7fc90	0xa801ed	jmp	0xa850eb
classic	reagent-item-type-name	0xa7fc90	0xa801ed	indirect-jmp	0x140a850eb
classic	reagent-item-type-name	0xa7fc90	0xa801f5	jne	0xa8024b
classic	reagent-item-type-name	0xa7fc90	0xa801fa	je	0xa80237
classic	reagent-item-type-name	0xa7fc90	0xa80232	jmp	0xa850eb
classic	reagent-item-type-name	0xa7fc90	0xa80232	indirect-jmp	0x140a850eb
classic	reagent-item-type-name	0xa7fc90	0xa80246	jmp	0xa850eb
classic	reagent-item-type-name	0xa7fc90	0xa80246	indirect-jmp	0x140a850eb
classic	reagent-item-type-name	0xa7fc90	0xa80256	jne	0xa80271
classic	reagent-item-type-name	0xa7fc90	0xa8025b	jne	0xa80271
classic	reagent-item-type-name	0xa7fc90	0xa8026c	jmp	0xa850eb
classic	reagent-item-type-name	0xa7fc90	0xa8026c	indirect-jmp	0x140a850eb
classic	reagent-item-type-name	0xa7fc90	0xa802c4	jmp	0xa850eb
classic	reagent-item-type-name	0xa7fc90	0xa802c4	indirect-jmp	0x140a850eb
classic	reagent-item-type-name	0xa7fc90	0xa802cc	je	0xa80386
classic	reagent-item-type-name	0xa7fc90	0xa802d5	je	0xa8034e
classic	reagent-item-type-name	0xa7fc90	0xa802db	je	0xa8033a
classic	reagent-item-type-name	0xa7fc90	0xa80335	jmp	0xa850eb
classic	reagent-item-type-name	0xa7fc90	0xa80335	indirect-jmp	0x140a850eb
classic	reagent-item-type-name	0xa7fc90	0xa80349	jmp	0xa850eb
classic	reagent-item-type-name	0xa7fc90	0xa80349	indirect-jmp	0x140a850eb
classic	reagent-item-type-name	0xa7fc90	0xa80351	jne	0xa80367
classic	reagent-item-type-name	0xa7fc90	0xa80362	jmp	0xa850eb
classic	reagent-item-type-name	0xa7fc90	0xa80362	indirect-jmp	0x140a850eb
classic	reagent-item-type-name	0xa7fc90	0xa80370	je	0xa80379
classic	reagent-item-type-name	0xa7fc90	0xa80381	jmp	0xa850eb
classic	reagent-item-type-name	0xa7fc90	0xa80381	indirect-jmp	0x140a850eb
classic	reagent-item-type-name	0xa7fc90	0xa80389	jne	0xa803ae
classic	reagent-item-type-name	0xa7fc90	0xa803a9	jmp	0xa850eb
classic	reagent-item-type-name	0xa7fc90	0xa803a9	indirect-jmp	0x140a850eb
classic	reagent-item-type-name	0xa7fc90	0xa80408	js	0xa8039a
classic	reagent-item-type-name	0xa7fc90	0xa80422	jae	0xa8039a
classic	reagent-item-type-name	0xa7fc90	0xa80430	jle	0xa80440
classic	reagent-item-type-name	0xa7fc90	0xa8043a	je	0xa80440
classic	reagent-item-type-name	0xa7fc90	0xa8043e	jmp	0xa80442
classic	reagent-item-type-name	0xa7fc90	0xa8043e	indirect-jmp	0x140a80442
classic	reagent-item-type-name	0xa7fc90	0xa80444	je	0xa8039a
classic	reagent-item-type-name	0xa7fc90	0xa80459	jmp	0xa850eb
classic	reagent-item-type-name	0xa7fc90	0xa80459	indirect-jmp	0x140a850eb
classic	reagent-item-type-name	0xa7fc90	0xa8046a	je	0xa804d1
classic	reagent-item-type-name	0xa7fc90	0xa80484	je	0xa804d1
classic	reagent-item-type-name	0xa7fc90	0xa8048d	js	0xa804ba
classic	reagent-item-type-name	0xa7fc90	0xa804a1	je	0xa804bd
classic	reagent-item-type-name	0xa7fc90	0xa804b5	jle	0xa80490
classic	reagent-item-type-name	0xa7fc90	0xa804c0	je	0xa804d1
classic	reagent-item-type-name	0xa7fc90	0xa80511	je	0xa80532
classic	reagent-item-type-name	0xa7fc90	0xa8052d	jmp	0xa805f5
classic	reagent-item-type-name	0xa7fc90	0xa8052d	indirect-jmp	0x140a805f5
classic	reagent-item-type-name	0xa7fc90	0xa80536	jne	0xa8054c
classic	reagent-item-type-name	0xa7fc90	0xa80547	jmp	0xa805f5
classic	reagent-item-type-name	0xa7fc90	0xa80547	indirect-jmp	0x140a805f5
classic	reagent-item-type-name	0xa7fc90	0xa8054f	jne	0xa80565
classic	reagent-item-type-name	0xa7fc90	0xa80560	jmp	0xa805f5
classic	reagent-item-type-name	0xa7fc90	0xa80560	indirect-jmp	0x140a805f5
classic	reagent-item-type-name	0xa7fc90	0xa80568	jne	0xa8057b
classic	reagent-item-type-name	0xa7fc90	0xa80579	jmp	0xa805f5
classic	reagent-item-type-name	0xa7fc90	0xa80579	indirect-jmp	0x140a805f5
classic	reagent-item-type-name	0xa7fc90	0xa8057e	jne	0xa80591
classic	reagent-item-type-name	0xa7fc90	0xa8058f	jmp	0xa805f5
classic	reagent-item-type-name	0xa7fc90	0xa8058f	indirect-jmp	0x140a805f5
classic	reagent-item-type-name	0xa7fc90	0xa80594	jne	0xa805ac
classic	reagent-item-type-name	0xa7fc90	0xa80599	jne	0xa805f5
classic	reagent-item-type-name	0xa7fc90	0xa805aa	jmp	0xa805f5
classic	reagent-item-type-name	0xa7fc90	0xa805aa	indirect-jmp	0x140a805f5
classic	reagent-item-type-name	0xa7fc90	0xa805fd	jbe	0xa80630
classic	reagent-item-type-name	0xa7fc90	0xa80610	jb	0xa8062b
classic	reagent-item-type-name	0xa7fc90	0xa80625	ja	0xa83d7e
classic	reagent-item-type-name	0xa7fc90	0xa80640	jmp	0xa850eb
classic	reagent-item-type-name	0xa7fc90	0xa80640	indirect-jmp	0x140a850eb
classic	reagent-item-type-name	0xa7fc90	0xa8064f	jne	0xa80655
classic	reagent-item-type-name	0xa7fc90	0xa80653	je	0xa806a3
classic	reagent-item-type-name	0xa7fc90	0xa806bb	je	0xa806e9
classic	reagent-item-type-name	0xa7fc90	0xa806c5	je	0xa806d8
classic	reagent-item-type-name	0xa7fc90	0xa806d3	jmp	0xa850eb
classic	reagent-item-type-name	0xa7fc90	0xa806d3	indirect-jmp	0x140a850eb
classic	reagent-item-type-name	0xa7fc90	0xa806e4	jmp	0xa850eb
classic	reagent-item-type-name	0xa7fc90	0xa806e4	indirect-jmp	0x140a850eb
classic	reagent-item-type-name	0xa7fc90	0xa806fb	jmp	0xa850eb
classic	reagent-item-type-name	0xa7fc90	0xa806fb	indirect-jmp	0x140a850eb
classic	reagent-item-type-name	0xa7fc90	0xa8070a	jne	0xa80710
classic	reagent-item-type-name	0xa7fc90	0xa8070e	je	0xa8075e
classic	reagent-item-type-name	0xa7fc90	0xa80773	je	0xa8078f
classic	reagent-item-type-name	0xa7fc90	0xa8077c	jle	0xa8078f
classic	reagent-item-type-name	0xa7fc90	0xa80789	je	0xa8078f
classic	reagent-item-type-name	0xa7fc90	0xa8078d	jmp	0xa80791
classic	reagent-item-type-name	0xa7fc90	0xa8078d	indirect-jmp	0x140a80791
classic	reagent-item-type-name	0xa7fc90	0xa807b1	jmp	0xa850d3
classic	reagent-item-type-name	0xa7fc90	0xa807b1	indirect-jmp	0x140a850d3
classic	reagent-item-type-name	0xa7fc90	0xa807c0	jne	0xa807c6
classic	reagent-item-type-name	0xa7fc90	0xa807c4	je	0xa80814
classic	reagent-item-type-name	0xa7fc90	0xa80821	jmp	0xa850d3
classic	reagent-item-type-name	0xa7fc90	0xa80821	indirect-jmp	0x140a850d3
classic	reagent-item-type-name	0xa7fc90	0xa80830	jne	0xa80836
classic	reagent-item-type-name	0xa7fc90	0xa80834	je	0xa80884
classic	reagent-item-type-name	0xa7fc90	0xa80891	jmp	0xa850d3
classic	reagent-item-type-name	0xa7fc90	0xa80891	indirect-jmp	0x140a850d3
classic	reagent-item-type-name	0xa7fc90	0xa808a0	jne	0xa808a6
classic	reagent-item-type-name	0xa7fc90	0xa808a4	je	0xa808f4
classic	reagent-item-type-name	0xa7fc90	0xa80901	jmp	0xa850d3
classic	reagent-item-type-name	0xa7fc90	0xa80901	indirect-jmp	0x140a850d3
classic	reagent-item-type-name	0xa7fc90	0xa80910	jne	0xa80916
classic	reagent-item-type-name	0xa7fc90	0xa80914	je	0xa80964
classic	reagent-item-type-name	0xa7fc90	0xa80971	jmp	0xa850d3
classic	reagent-item-type-name	0xa7fc90	0xa80971	indirect-jmp	0x140a850d3
classic	reagent-item-type-name	0xa7fc90	0xa80980	jne	0xa80986
classic	reagent-item-type-name	0xa7fc90	0xa80984	je	0xa809d4
classic	reagent-item-type-name	0xa7fc90	0xa809e1	jmp	0xa850d3
classic	reagent-item-type-name	0xa7fc90	0xa809e1	indirect-jmp	0x140a850d3
classic	reagent-item-type-name	0xa7fc90	0xa809f0	jne	0xa809f6
classic	reagent-item-type-name	0xa7fc90	0xa809f4	je	0xa80a44
classic	reagent-item-type-name	0xa7fc90	0xa80a51	jmp	0xa850d3
classic	reagent-item-type-name	0xa7fc90	0xa80a51	indirect-jmp	0x140a850d3
classic	reagent-item-type-name	0xa7fc90	0xa80a60	jne	0xa80a66
classic	reagent-item-type-name	0xa7fc90	0xa80a64	je	0xa80ab4
classic	reagent-item-type-name	0xa7fc90	0xa80ac1	jmp	0xa850d3
classic	reagent-item-type-name	0xa7fc90	0xa80ac1	indirect-jmp	0x140a850d3
classic	reagent-item-type-name	0xa7fc90	0xa80ad0	jne	0xa80ad6
classic	reagent-item-type-name	0xa7fc90	0xa80ad4	je	0xa80b24
classic	reagent-item-type-name	0xa7fc90	0xa80b31	jmp	0xa850d3
classic	reagent-item-type-name	0xa7fc90	0xa80b31	indirect-jmp	0x140a850d3
classic	reagent-item-type-name	0xa7fc90	0xa80b40	jne	0xa80b46
classic	reagent-item-type-name	0xa7fc90	0xa80b44	je	0xa80b94
classic	reagent-item-type-name	0xa7fc90	0xa80ba9	je	0xa80bf3
classic	reagent-item-type-name	0xa7fc90	0xa80bb2	jle	0xa80bc5
classic	reagent-item-type-name	0xa7fc90	0xa80bbf	je	0xa80bc5
classic	reagent-item-type-name	0xa7fc90	0xa80bc3	jmp	0xa80bc7
classic	reagent-item-type-name	0xa7fc90	0xa80bc3	indirect-jmp	0x140a80bc7
classic	reagent-item-type-name	0xa7fc90	0xa80bc9	je	0xa80bf3
classic	reagent-item-type-name	0xa7fc90	0xa80be4	je	0xa85127
classic	reagent-item-type-name	0xa7fc90	0xa80bf1	jmp	0xa80c4a
classic	reagent-item-type-name	0xa7fc90	0xa80bf1	indirect-jmp	0x140a80c4a
classic	reagent-item-type-name	0xa7fc90	0xa80bf6	jne	0xa80c1c
classic	reagent-item-type-name	0xa7fc90	0xa80c11	jne	0xa80c22
classic	reagent-item-type-name	0xa7fc90	0xa80c1a	jmp	0xa80c29
classic	reagent-item-type-name	0xa7fc90	0xa80c1a	indirect-jmp	0x140a80c29
classic	reagent-item-type-name	0xa7fc90	0xa80c20	je	0xa80c3d
classic	reagent-item-type-name	0xa7fc90	0xa80c35	je	0xa85127
classic	reagent-item-type-name	0xa7fc90	0xa80c3b	jmp	0xa80c52
classic	reagent-item-type-name	0xa7fc90	0xa80c3b	indirect-jmp	0x140a80c52
classic	reagent-item-type-name	0xa7fc90	0xa80c41	je	0xa80c6c
classic	reagent-item-type-name	0xa7fc90	0xa80c67	jmp	0xa850eb
classic	reagent-item-type-name	0xa7fc90	0xa80c67	indirect-jmp	0x140a850eb
classic	reagent-item-type-name	0xa7fc90	0xa80c7b	jmp	0xa85127
classic	reagent-item-type-name	0xa7fc90	0xa80c7b	indirect-jmp	0x140a85127
classic	reagent-item-type-name	0xa7fc90	0xa80c8a	jne	0xa80c90
classic	reagent-item-type-name	0xa7fc90	0xa80c8e	je	0xa80cde
classic	reagent-item-type-name	0xa7fc90	0xa80ceb	jmp	0xa850d3
classic	reagent-item-type-name	0xa7fc90	0xa80ceb	indirect-jmp	0x140a850d3
classic	reagent-item-type-name	0xa7fc90	0xa80cf3	je	0xa80d1b
classic	reagent-item-type-name	0xa7fc90	0xa80d25	jne	0xa80d2b
classic	reagent-item-type-name	0xa7fc90	0xa80d29	je	0xa80d79
classic	reagent-item-type-name	0xa7fc90	0xa80d86	jmp	0xa850d3
classic	reagent-item-type-name	0xa7fc90	0xa80d86	indirect-jmp	0x140a850d3
classic	reagent-item-type-name	0xa7fc90	0xa80d8f	je	0xa80e63
classic	reagent-item-type-name	0xa7fc90	0xa80dad	je	0xa80e48
classic	reagent-item-type-name	0xa7fc90	0xa80dba	js	0xa80dea
classic	reagent-item-type-name	0xa7fc90	0xa80dd1	je	0xa80ded
classic	reagent-item-type-name	0xa7fc90	0xa80de5	jle	0xa80dc0
classic	reagent-item-type-name	0xa7fc90	0xa80df0	je	0xa80e48
classic	reagent-item-type-name	0xa7fc90	0xa80e09	je	0xa80e15
classic	reagent-item-type-name	0xa7fc90	0xa80e2c	je	0xa80ec6
classic	reagent-item-type-name	0xa7fc90	0xa80e43	jmp	0xa850cd
classic	reagent-item-type-name	0xa7fc90	0xa80e43	indirect-jmp	0x140a850cd
classic	reagent-item-type-name	0xa7fc90	0xa80e5e	jmp	0xa850cd
classic	reagent-item-type-name	0xa7fc90	0xa80e5e	indirect-jmp	0x140a850cd
classic	reagent-item-type-name	0xa7fc90	0xa80e6d	jne	0xa80e73
classic	reagent-item-type-name	0xa7fc90	0xa80e71	je	0xa80eb1
classic	reagent-item-type-name	0xa7fc90	0xa80ecd	jmp	0xa850cd
classic	reagent-item-type-name	0xa7fc90	0xa80ecd	indirect-jmp	0x140a850cd
classic	reagent-item-type-name	0xa7fc90	0xa80edc	jne	0xa80ee2
classic	reagent-item-type-name	0xa7fc90	0xa80ee0	je	0xa80f30
classic	reagent-item-type-name	0xa7fc90	0xa80f3d	jmp	0xa850d3
classic	reagent-item-type-name	0xa7fc90	0xa80f3d	indirect-jmp	0x140a850d3
classic	reagent-item-type-name	0xa7fc90	0xa80f4c	jne	0xa80f52
classic	reagent-item-type-name	0xa7fc90	0xa80f50	je	0xa80fa0
classic	reagent-item-type-name	0xa7fc90	0xa80fa7	jmp	0xa7ff5f
classic	reagent-item-type-name	0xa7fc90	0xa80fa7	indirect-jmp	0x140a7ff5f
classic	reagent-item-type-name	0xa7fc90	0xa80faf	je	0xa80fd7
classic	reagent-item-type-name	0xa7fc90	0xa80fe1	jne	0xa80fe7
classic	reagent-item-type-name	0xa7fc90	0xa80fe5	je	0xa81035
classic	reagent-item-type-name	0xa7fc90	0xa81042	jmp	0xa850d3
classic	reagent-item-type-name	0xa7fc90	0xa81042	indirect-jmp	0x140a850d3
classic	reagent-item-type-name	0xa7fc90	0xa81051	jne	0xa81057
classic	reagent-item-type-name	0xa7fc90	0xa81055	je	0xa810ce
classic	reagent-item-type-name	0xa7fc90	0xa810b8	ja	0xa810ce
classic	reagent-item-type-name	0xa7fc90	0xa810c9	jmp	0xa850db
classic	reagent-item-type-name	0xa7fc90	0xa810c9	indirect-jmp	0x140a850db
classic	reagent-item-type-name	0xa7fc90	0xa810e3	je	0xa81137
classic	reagent-item-type-name	0xa7fc90	0xa810ec	jle	0xa810ff
classic	reagent-item-type-name	0xa7fc90	0xa810f9	jge	0xa810ff
classic	reagent-item-type-name	0xa7fc90	0xa810fd	jmp	0xa81101
classic	reagent-item-type-name	0xa7fc90	0xa810fd	indirect-jmp	0x140a81101
classic	reagent-item-type-name	0xa7fc90	0xa81103	je	0xa81137
classic	reagent-item-type-name	0xa7fc90	0xa81132	jmp	0xa850eb
classic	reagent-item-type-name	0xa7fc90	0xa81132	indirect-jmp	0x140a850eb
classic	reagent-item-type-name	0xa7fc90	0xa81146	jmp	0xa850db
classic	reagent-item-type-name	0xa7fc90	0xa81146	indirect-jmp	0x140a850db
classic	reagent-item-type-name	0xa7fc90	0xa81156	jne	0xa8115d
classic	reagent-item-type-name	0xa7fc90	0xa8115b	je	0xa811ac
classic	reagent-item-type-name	0xa7fc90	0xa811c1	je	0xa811e7
classic	reagent-item-type-name	0xa7fc90	0xa811ca	jle	0xa811dd
classic	reagent-item-type-name	0xa7fc90	0xa811d7	je	0xa811dd
classic	reagent-item-type-name	0xa7fc90	0xa811db	jmp	0xa811df
classic	reagent-item-type-name	0xa7fc90	0xa811db	indirect-jmp	0x140a811df
classic	reagent-item-type-name	0xa7fc90	0xa811e1	jne	0xa81268
classic	reagent-item-type-name	0xa7fc90	0xa811eb	jne	0xa81268
classic	reagent-item-type-name	0xa7fc90	0xa81207	jne	0xa81268
classic	reagent-item-type-name	0xa7fc90	0xa8120d	jne	0xa81268
classic	reagent-item-type-name	0xa7fc90	0xa81229	jne	0xa81268
classic	reagent-item-type-name	0xa7fc90	0xa8122f	jne	0xa81268
classic	reagent-item-type-name	0xa7fc90	0xa8124b	jne	0xa81268
classic	reagent-item-type-name	0xa7fc90	0xa81252	jb	0xa81268
classic	reagent-item-type-name	0xa7fc90	0xa81263	jmp	0xa850db
classic	reagent-item-type-name	0xa7fc90	0xa81263	indirect-jmp	0x140a850db
classic	reagent-item-type-name	0xa7fc90	0xa8126f	jmp	0xa850cd
classic	reagent-item-type-name	0xa7fc90	0xa8126f	indirect-jmp	0x140a850cd
classic	reagent-item-type-name	0xa7fc90	0xa8127f	jne	0xa81286
classic	reagent-item-type-name	0xa7fc90	0xa81284	je	0xa812d5
classic	reagent-item-type-name	0xa7fc90	0xa812ea	je	0xa81310
classic	reagent-item-type-name	0xa7fc90	0xa812f3	jle	0xa81306
classic	reagent-item-type-name	0xa7fc90	0xa81300	je	0xa81306
classic	reagent-item-type-name	0xa7fc90	0xa81304	jmp	0xa81308
classic	reagent-item-type-name	0xa7fc90	0xa81304	indirect-jmp	0x140a81308
classic	reagent-item-type-name	0xa7fc90	0xa8130a	jne	0xa813ca
classic	reagent-item-type-name	0xa7fc90	0xa81314	jne	0xa813ca
classic	reagent-item-type-name	0xa7fc90	0xa81334	jne	0xa813ca
classic	reagent-item-type-name	0xa7fc90	0xa8133e	jne	0xa813ca
classic	reagent-item-type-name	0xa7fc90	0xa8135e	jne	0xa813ca
classic	reagent-item-type-name	0xa7fc90	0xa81364	jne	0xa813ca
classic	reagent-item-type-name	0xa7fc90	0xa81380	jne	0xa813ca
classic	reagent-item-type-name	0xa7fc90	0xa81387	jb	0xa813ca
classic	reagent-item-type-name	0xa7fc90	0xa813a6	je	0xa813b9
classic	reagent-item-type-name	0xa7fc90	0xa813b4	jmp	0xa850db
classic	reagent-item-type-name	0xa7fc90	0xa813b4	indirect-jmp	0x140a850db
classic	reagent-item-type-name	0xa7fc90	0xa813c5	jmp	0xa850db
classic	reagent-item-type-name	0xa7fc90	0xa813c5	indirect-jmp	0x140a850db
classic	reagent-item-type-name	0xa7fc90	0xa813d7	jmp	0xa850d3
classic	reagent-item-type-name	0xa7fc90	0xa813d7	indirect-jmp	0x140a850d3
classic	reagent-item-type-name	0xa7fc90	0xa813e6	jne	0xa813ec
classic	reagent-item-type-name	0xa7fc90	0xa813ea	je	0xa8143a
classic	reagent-item-type-name	0xa7fc90	0xa81455	js	0xa81473
classic	reagent-item-type-name	0xa7fc90	0xa81469	je	0xa81485
classic	reagent-item-type-name	0xa7fc90	0xa81471	jns	0xa81460
classic	reagent-item-type-name	0xa7fc90	0xa81480	jmp	0xa850d3
classic	reagent-item-type-name	0xa7fc90	0xa81480	indirect-jmp	0x140a850d3
classic	reagent-item-type-name	0xa7fc90	0xa8148f	je	0xa81473
classic	reagent-item-type-name	0xa7fc90	0xa814ad	jmp	0xa850eb
classic	reagent-item-type-name	0xa7fc90	0xa814ad	indirect-jmp	0x140a850eb
classic	reagent-item-type-name	0xa7fc90	0xa814cd	js	0xa814e7
classic	reagent-item-type-name	0xa7fc90	0xa814d9	je	0xa81693
classic	reagent-item-type-name	0xa7fc90	0xa814e5	jns	0xa814d0
classic	reagent-item-type-name	0xa7fc90	0xa814f5	jne	0xa81500
classic	reagent-item-type-name	0xa7fc90	0xa814fa	je	0xa815ba
classic	reagent-item-type-name	0xa7fc90	0xa81503	je	0xa8156a
classic	reagent-item-type-name	0xa7fc90	0xa81519	je	0xa8156a
classic	reagent-item-type-name	0xa7fc90	0xa81535	je	0xa8156a
classic	reagent-item-type-name	0xa7fc90	0xa81549	je	0xa8156a
classic	reagent-item-type-name	0xa7fc90	0xa81559	jne	0xa8156a
classic	reagent-item-type-name	0xa7fc90	0xa815be	je	0xa8166d
classic	reagent-item-type-name	0xa7fc90	0xa815dc	je	0xa8166d
classic	reagent-item-type-name	0xa7fc90	0xa815ea	js	0xa81617
classic	reagent-item-type-name	0xa7fc90	0xa81601	je	0xa8161a
classic	reagent-item-type-name	0xa7fc90	0xa81615	jle	0xa815f0
classic	reagent-item-type-name	0xa7fc90	0xa8161d	je	0xa8166d
classic	reagent-item-type-name	0xa7fc90	0xa8162e	je	0xa8166d
classic	reagent-item-type-name	0xa7fc90	0xa81656	je	0xa8166d
classic	reagent-item-type-name	0xa7fc90	0xa81673	je	0xa816d7
classic	reagent-item-type-name	0xa7fc90	0xa8168e	jmp	0xa850eb
classic	reagent-item-type-name	0xa7fc90	0xa8168e	indirect-jmp	0x140a850eb
classic	reagent-item-type-name	0xa7fc90	0xa816a0	je	0xa814ea
classic	reagent-item-type-name	0xa7fc90	0xa816ae	je	0xa814ea
classic	reagent-item-type-name	0xa7fc90	0xa816d2	jmp	0xa814ea
classic	reagent-item-type-name	0xa7fc90	0xa816d2	indirect-jmp	0x140a814ea
classic	reagent-item-type-name	0xa7fc90	0xa816e4	jmp	0xa850d6
classic	reagent-item-type-name	0xa7fc90	0xa816e4	indirect-jmp	0x140a850d6
classic	reagent-item-type-name	0xa7fc90	0xa816f3	jne	0xa816f9
classic	reagent-item-type-name	0xa7fc90	0xa816f7	je	0xa81747
classic	reagent-item-type-name	0xa7fc90	0xa81762	js	0xa81777
classic	reagent-item-type-name	0xa7fc90	0xa8176d	je	0xa81789
classic	reagent-item-type-name	0xa7fc90	0xa81775	jns	0xa81764
classic	reagent-item-type-name	0xa7fc90	0xa81784	jmp	0xa850d3
classic	reagent-item-type-name	0xa7fc90	0xa81784	indirect-jmp	0x140a850d3
classic	reagent-item-type-name	0xa7fc90	0xa81793	je	0xa81777
classic	reagent-item-type-name	0xa7fc90	0xa817b1	jmp	0xa850eb
classic	reagent-item-type-name	0xa7fc90	0xa817b1	indirect-jmp	0x140a850eb
classic	reagent-item-type-name	0xa7fc90	0xa817c0	jne	0xa817ca
classic	reagent-item-type-name	0xa7fc90	0xa817c4	je	0xa81875
classic	reagent-item-type-name	0xa7fc90	0xa8182b	ja	0xa81841
classic	reagent-item-type-name	0xa7fc90	0xa8183c	jmp	0xa850db
classic	reagent-item-type-name	0xa7fc90	0xa8183c	indirect-jmp	0x140a850db
classic	reagent-item-type-name	0xa7fc90	0xa81844	jne	0xa81875
classic	reagent-item-type-name	0xa7fc90	0xa8185f	jne	0xa81875
classic	reagent-item-type-name	0xa7fc90	0xa81870	jmp	0xa850db
classic	reagent-item-type-name	0xa7fc90	0xa81870	indirect-jmp	0x140a850db
classic	reagent-item-type-name	0xa7fc90	0xa81882	jmp	0xa850d3
classic	reagent-item-type-name	0xa7fc90	0xa81882	indirect-jmp	0x140a850d3
classic	reagent-item-type-name	0xa7fc90	0xa81891	jne	0xa81897
classic	reagent-item-type-name	0xa7fc90	0xa81895	je	0xa818e5
classic	reagent-item-type-name	0xa7fc90	0xa818f2	jmp	0xa850d3
classic	reagent-item-type-name	0xa7fc90	0xa818f2	indirect-jmp	0x140a850d3
classic	reagent-item-type-name	0xa7fc90	0xa81901	jne	0xa81907
classic	reagent-item-type-name	0xa7fc90	0xa81905	je	0xa81955
classic	reagent-item-type-name	0xa7fc90	0xa8196a	je	0xa81986
classic	reagent-item-type-name	0xa7fc90	0xa81973	jle	0xa81986
classic	reagent-item-type-name	0xa7fc90	0xa81980	je	0xa81986
classic	reagent-item-type-name	0xa7fc90	0xa81984	jmp	0xa81988
classic	reagent-item-type-name	0xa7fc90	0xa81984	indirect-jmp	0x140a81988
classic	reagent-item-type-name	0xa7fc90	0xa819ac	jmp	0xa850d3
classic	reagent-item-type-name	0xa7fc90	0xa819ac	indirect-jmp	0x140a850d3
classic	reagent-item-type-name	0xa7fc90	0xa819bb	jne	0xa819c1
classic	reagent-item-type-name	0xa7fc90	0xa819bf	je	0xa81a0f
classic	reagent-item-type-name	0xa7fc90	0xa81a1c	jmp	0xa850d3
classic	reagent-item-type-name	0xa7fc90	0xa81a1c	indirect-jmp	0x140a850d3
classic	reagent-item-type-name	0xa7fc90	0xa81a2b	jne	0xa81a31
classic	reagent-item-type-name	0xa7fc90	0xa81a2f	je	0xa81a7f
classic	reagent-item-type-name	0xa7fc90	0xa81a8c	jmp	0xa850d3
classic	reagent-item-type-name	0xa7fc90	0xa81a8c	indirect-jmp	0x140a850d3
classic	reagent-item-type-name	0xa7fc90	0xa81a9b	jne	0xa81aa1
classic	reagent-item-type-name	0xa7fc90	0xa81a9f	je	0xa81aef
classic	reagent-item-type-name	0xa7fc90	0xa81afc	jmp	0xa850d3
classic	reagent-item-type-name	0xa7fc90	0xa81afc	indirect-jmp	0x140a850d3
classic	reagent-item-type-name	0xa7fc90	0xa81b0b	jne	0xa81b11
classic	reagent-item-type-name	0xa7fc90	0xa81b0f	je	0xa81b85
classic	reagent-item-type-name	0xa7fc90	0xa81b6f	ja	0xa81b85
classic	reagent-item-type-name	0xa7fc90	0xa81b80	jmp	0xa850db
classic	reagent-item-type-name	0xa7fc90	0xa81b80	indirect-jmp	0x140a850db
classic	reagent-item-type-name	0xa7fc90	0xa81b92	jmp	0xa850d3
classic	reagent-item-type-name	0xa7fc90	0xa81b92	indirect-jmp	0x140a850d3
classic	reagent-item-type-name	0xa7fc90	0xa81ba2	jne	0xa81ba9
classic	reagent-item-type-name	0xa7fc90	0xa81ba7	je	0xa81bf8
classic	reagent-item-type-name	0xa7fc90	0xa81c0d	je	0xa81c2f
classic	reagent-item-type-name	0xa7fc90	0xa81c16	jle	0xa81c29
classic	reagent-item-type-name	0xa7fc90	0xa81c23	je	0xa81c29
classic	reagent-item-type-name	0xa7fc90	0xa81c27	jmp	0xa81c2b
classic	reagent-item-type-name	0xa7fc90	0xa81c27	indirect-jmp	0x140a81c2b
classic	reagent-item-type-name	0xa7fc90	0xa81c2d	jne	0xa81c35
classic	reagent-item-type-name	0xa7fc90	0xa81c33	je	0xa81c55
classic	reagent-item-type-name	0xa7fc90	0xa81c3f	je	0xa81c55
classic	reagent-item-type-name	0xa7fc90	0xa81c50	jmp	0xa850db
classic	reagent-item-type-name	0xa7fc90	0xa81c50	indirect-jmp	0x140a850db
classic	reagent-item-type-name	0xa7fc90	0xa81c6a	je	0xa81ca0
classic	reagent-item-type-name	0xa7fc90	0xa81c73	jle	0xa81c86
classic	reagent-item-type-name	0xa7fc90	0xa81c80	jge	0xa81c86
classic	reagent-item-type-name	0xa7fc90	0xa81c84	jmp	0xa81c88
classic	reagent-item-type-name	0xa7fc90	0xa81c84	indirect-jmp	0x140a81c88
classic	reagent-item-type-name	0xa7fc90	0xa81c8a	je	0xa81ca0
classic	reagent-item-type-name	0xa7fc90	0xa81c9b	jmp	0xa850eb
classic	reagent-item-type-name	0xa7fc90	0xa81c9b	indirect-jmp	0x140a850eb
classic	reagent-item-type-name	0xa7fc90	0xa81cbd	je	0xa81cd0
classic	reagent-item-type-name	0xa7fc90	0xa81ccb	jmp	0xa850eb
classic	reagent-item-type-name	0xa7fc90	0xa81ccb	indirect-jmp	0x140a850eb
classic	reagent-item-type-name	0xa7fc90	0xa81cdc	jmp	0xa850eb
classic	reagent-item-type-name	0xa7fc90	0xa81cdc	indirect-jmp	0x140a850eb
classic	reagent-item-type-name	0xa7fc90	0xa81ceb	jne	0xa81cf1
classic	reagent-item-type-name	0xa7fc90	0xa81cef	je	0xa81d3f
classic	reagent-item-type-name	0xa7fc90	0xa81d54	jmp	0xa850eb
classic	reagent-item-type-name	0xa7fc90	0xa81d54	indirect-jmp	0x140a850eb
classic	reagent-item-type-name	0xa7fc90	0xa81d64	jne	0xa81d6f
classic	reagent-item-type-name	0xa7fc90	0xa81d69	je	0xa81e49
classic	reagent-item-type-name	0xa7fc90	0xa81d87	je	0xa81df6
classic	reagent-item-type-name	0xa7fc90	0xa81d8d	je	0xa81df6
classic	reagent-item-type-name	0xa7fc90	0xa81d96	js	0xa81dca
classic	reagent-item-type-name	0xa7fc90	0xa81db1	je	0xa81de5
classic	reagent-item-type-name	0xa7fc90	0xa81dc5	jle	0xa81da0
classic	reagent-item-type-name	0xa7fc90	0xa81dd0	je	0xa81df6
classic	reagent-item-type-name	0xa7fc90	0xa81ddb	je	0xa81dea
classic	reagent-item-type-name	0xa7fc90	0xa81de3	jmp	0xa81dfa
classic	reagent-item-type-name	0xa7fc90	0xa81de3	indirect-jmp	0x140a81dfa
classic	reagent-item-type-name	0xa7fc90	0xa81de8	jmp	0xa81dcd
classic	reagent-item-type-name	0xa7fc90	0xa81de8	indirect-jmp	0x140a81dcd
classic	reagent-item-type-name	0xa7fc90	0xa81dec	je	0xa81df6
classic	reagent-item-type-name	0xa7fc90	0xa81df4	jmp	0xa81dfa
classic	reagent-item-type-name	0xa7fc90	0xa81df4	indirect-jmp	0x140a81dfa
classic	reagent-item-type-name	0xa7fc90	0xa81e5e	jmp	0xa850eb
classic	reagent-item-type-name	0xa7fc90	0xa81e5e	indirect-jmp	0x140a850eb
classic	reagent-item-type-name	0xa7fc90	0xa81e6c	jne	0xa81e86
classic	reagent-item-type-name	0xa7fc90	0xa81e70	jne	0xa81e86
classic	reagent-item-type-name	0xa7fc90	0xa81e81	jmp	0xa850db
classic	reagent-item-type-name	0xa7fc90	0xa81e81	indirect-jmp	0x140a850db
classic	reagent-item-type-name	0xa7fc90	0xa81eca	jmp	0xa850eb
classic	reagent-item-type-name	0xa7fc90	0xa81eca	indirect-jmp	0x140a850eb
classic	reagent-item-type-name	0xa7fc90	0xa81edc	jmp	0xa850d3
classic	reagent-item-type-name	0xa7fc90	0xa81edc	indirect-jmp	0x140a850d3
classic	reagent-item-type-name	0xa7fc90	0xa81ef1	jne	0xa81ef7
classic	reagent-item-type-name	0xa7fc90	0xa81ef5	je	0xa81f4d
classic	reagent-item-type-name	0xa7fc90	0xa81f77	jmp	0xa850eb
classic	reagent-item-type-name	0xa7fc90	0xa81f77	indirect-jmp	0x140a850eb
classic	reagent-item-type-name	0xa7fc90	0xa81f86	jne	0xa81f8c
classic	reagent-item-type-name	0xa7fc90	0xa81f8a	je	0xa81fda
classic	reagent-item-type-name	0xa7fc90	0xa81fe7	jmp	0xa850d3
classic	reagent-item-type-name	0xa7fc90	0xa81fe7	indirect-jmp	0x140a850d3
classic	reagent-item-type-name	0xa7fc90	0xa81ff6	je	0xa82013
classic	reagent-item-type-name	0xa7fc90	0xa8201d	jne	0xa82037
classic	reagent-item-type-name	0xa7fc90	0xa82021	jne	0xa82037
classic	reagent-item-type-name	0xa7fc90	0xa82032	jmp	0xa850db
classic	reagent-item-type-name	0xa7fc90	0xa82032	indirect-jmp	0x140a850db
classic	reagent-item-type-name	0xa7fc90	0xa82042	jmp	0xa81e91
classic	reagent-item-type-name	0xa7fc90	0xa82042	indirect-jmp	0x140a81e91
classic	reagent-item-type-name	0xa7fc90	0xa82061	je	0xa82078
classic	reagent-item-type-name	0xa7fc90	0xa8207c	je	0xa8234a
classic	reagent-item-type-name	0xa7fc90	0xa820ca	je	0xa82351
classic	reagent-item-type-name	0xa7fc90	0xa820d7	js	0xa82113
classic	reagent-item-type-name	0xa7fc90	0xa820f6	je	0xa821cd
classic	reagent-item-type-name	0xa7fc90	0xa8210e	jle	0xa820e0
classic	reagent-item-type-name	0xa7fc90	0xa8211e	je	0xa82351
classic	reagent-item-type-name	0xa7fc90	0xa8212e	je	0xa82351
classic	reagent-item-type-name	0xa7fc90	0xa82145	je	0xa82351
classic	reagent-item-type-name	0xa7fc90	0xa8217d	je	0xa821f5
classic	reagent-item-type-name	0xa7fc90	0xa82182	je	0xa823ce
classic	reagent-item-type-name	0xa7fc90	0xa8218b	je	0xa823ce
classic	reagent-item-type-name	0xa7fc90	0xa82194	je	0xa82405
classic	reagent-item-type-name	0xa7fc90	0xa8219d	je	0xa823ea
classic	reagent-item-type-name	0xa7fc90	0xa821ba	ja	0xa823db
classic	reagent-item-type-name	0xa7fc90	0xa821cb	indirect-jmp	rcx
classic	reagent-item-type-name	0xa7fc90	0xa821d0	jmp	0xa8211b
classic	reagent-item-type-name	0xa7fc90	0xa821d0	indirect-jmp	0x140a8211b
classic	reagent-item-type-name	0xa7fc90	0xa821e0	jmp	0xa821fa
classic	reagent-item-type-name	0xa7fc90	0xa821e0	indirect-jmp	0x140a821fa
classic	reagent-item-type-name	0xa7fc90	0xa821ed	jmp	0xa821fa
classic	reagent-item-type-name	0xa7fc90	0xa821ed	indirect-jmp	0x140a821fa
classic	reagent-item-type-name	0xa7fc90	0xa8221c	jb	0xa82170
classic	reagent-item-type-name	0xa7fc90	0xa82246	je	0xa8225a
classic	reagent-item-type-name	0xa7fc90	0xa8225f	je	0xa82273
classic	reagent-item-type-name	0xa7fc90	0xa8227e	je	0xa82292
classic	reagent-item-type-name	0xa7fc90	0xa82297	je	0xa822ae
classic	reagent-item-type-name	0xa7fc90	0xa822b3	je	0xa822c7
classic	reagent-item-type-name	0xa7fc90	0xa822cc	je	0xa822e3
classic	reagent-item-type-name	0xa7fc90	0xa822e8	je	0xa822ff
classic	reagent-item-type-name	0xa7fc90	0xa82304	je	0xa82318
classic	reagent-item-type-name	0xa7fc90	0xa8231d	je	0xa82331
classic	reagent-item-type-name	0xa7fc90	0xa82336	je	0xa8234a
classic	reagent-item-type-name	0xa7fc90	0xa8235a	jne	0xa824f5
classic	reagent-item-type-name	0xa7fc90	0xa8236b	jne	0xa8240f
classic	reagent-item-type-name	0xa7fc90	0xa82374	jne	0xa8240f
classic	reagent-item-type-name	0xa7fc90	0xa82389	jmp	0xa825f5
classic	reagent-item-type-name	0xa7fc90	0xa82389	indirect-jmp	0x140a825f5
classic	reagent-item-type-name	0xa7fc90	0xa82399	jmp	0xa821fa
classic	reagent-item-type-name	0xa7fc90	0xa82399	indirect-jmp	0x140a821fa
classic	reagent-item-type-name	0xa7fc90	0xa823a9	jmp	0xa821fa
classic	reagent-item-type-name	0xa7fc90	0xa823a9	indirect-jmp	0x140a821fa
classic	reagent-item-type-name	0xa7fc90	0xa823b9	jmp	0xa821fa
classic	reagent-item-type-name	0xa7fc90	0xa823b9	indirect-jmp	0x140a821fa
classic	reagent-item-type-name	0xa7fc90	0xa823c9	jmp	0xa821fa
classic	reagent-item-type-name	0xa7fc90	0xa823c9	indirect-jmp	0x140a821fa
classic	reagent-item-type-name	0xa7fc90	0xa823d6	jmp	0xa821fa
classic	reagent-item-type-name	0xa7fc90	0xa823d6	indirect-jmp	0x140a821fa
classic	reagent-item-type-name	0xa7fc90	0xa823e5	jmp	0xa821fa
classic	reagent-item-type-name	0xa7fc90	0xa823e5	indirect-jmp	0x140a821fa
classic	reagent-item-type-name	0xa7fc90	0xa823ef	jne	0xa823fb
classic	reagent-item-type-name	0xa7fc90	0xa823f6	jmp	0xa821fa
classic	reagent-item-type-name	0xa7fc90	0xa823f6	indirect-jmp	0x140a821fa
classic	reagent-item-type-name	0xa7fc90	0xa82400	jmp	0xa821fa
classic	reagent-item-type-name	0xa7fc90	0xa82400	indirect-jmp	0x140a821fa
classic	reagent-item-type-name	0xa7fc90	0xa8240a	jmp	0xa821fa
classic	reagent-item-type-name	0xa7fc90	0xa8240a	indirect-jmp	0x140a821fa
classic	reagent-item-type-name	0xa7fc90	0xa82413	je	0xa824df
classic	reagent-item-type-name	0xa7fc90	0xa8242a	je	0xa824df
classic	reagent-item-type-name	0xa7fc90	0xa8243a	js	0xa82467
classic	reagent-item-type-name	0xa7fc90	0xa82451	je	0xa8246a
classic	reagent-item-type-name	0xa7fc90	0xa82465	jle	0xa82440
classic	reagent-item-type-name	0xa7fc90	0xa8246d	je	0xa824df
classic	reagent-item-type-name	0xa7fc90	0xa82477	je	0xa824df
classic	reagent-item-type-name	0xa7fc90	0xa82484	ja	0xa824df
classic	reagent-item-type-name	0xa7fc90	0xa824da	jmp	0xa825d8
classic	reagent-item-type-name	0xa7fc90	0xa824da	indirect-jmp	0x140a825d8
classic	reagent-item-type-name	0xa7fc90	0xa824f0	jmp	0xa825c0
classic	reagent-item-type-name	0xa7fc90	0xa824f0	indirect-jmp	0x140a825c0
classic	reagent-item-type-name	0xa7fc90	0xa824f9	jne	0xa825fc
classic	reagent-item-type-name	0xa7fc90	0xa8250a	jne	0xa82525
classic	reagent-item-type-name	0xa7fc90	0xa8250f	jne	0xa82525
classic	reagent-item-type-name	0xa7fc90	0xa82520	jmp	0xa825f5
classic	reagent-item-type-name	0xa7fc90	0xa82520	indirect-jmp	0x140a825f5
classic	reagent-item-type-name	0xa7fc90	0xa82536	je	0xa825aa
classic	reagent-item-type-name	0xa7fc90	0xa8253c	je	0xa825aa
classic	reagent-item-type-name	0xa7fc90	0xa82546	js	0xa82579
classic	reagent-item-type-name	0xa7fc90	0xa82561	je	0xa82594
classic	reagent-item-type-name	0xa7fc90	0xa82575	jle	0xa82550
classic	reagent-item-type-name	0xa7fc90	0xa8257f	je	0xa825aa
classic	reagent-item-type-name	0xa7fc90	0xa8258a	je	0xa82598
classic	reagent-item-type-name	0xa7fc90	0xa82592	jmp	0xa825b0
classic	reagent-item-type-name	0xa7fc90	0xa82592	indirect-jmp	0x140a825b0
classic	reagent-item-type-name	0xa7fc90	0xa82596	jmp	0xa8257c
classic	reagent-item-type-name	0xa7fc90	0xa82596	indirect-jmp	0x140a8257c
classic	reagent-item-type-name	0xa7fc90	0xa8259a	je	0xa825a4
classic	reagent-item-type-name	0xa7fc90	0xa825a2	jmp	0xa825b0
classic	reagent-item-type-name	0xa7fc90	0xa825a2	indirect-jmp	0x140a825b0
classic	reagent-item-type-name	0xa7fc90	0xa825a8	jmp	0xa825b0
classic	reagent-item-type-name	0xa7fc90	0xa825a8	indirect-jmp	0x140a825b0
classic	reagent-item-type-name	0xa7fc90	0xa82606	jle	0xa850eb
classic	reagent-item-type-name	0xa7fc90	0xa8261d	je	0xa850eb
classic	reagent-item-type-name	0xa7fc90	0xa82627	je	0xa850eb
classic	reagent-item-type-name	0xa7fc90	0xa82637	js	0xa82667
classic	reagent-item-type-name	0xa7fc90	0xa82651	je	0xa8266a
classic	reagent-item-type-name	0xa7fc90	0xa82665	jle	0xa82640
classic	reagent-item-type-name	0xa7fc90	0xa8266d	je	0xa850eb
classic	reagent-item-type-name	0xa7fc90	0xa8267d	je	0xa850eb
classic	reagent-item-type-name	0xa7fc90	0xa8269a	je	0xa850eb
classic	reagent-item-type-name	0xa7fc90	0xa826bd	je	0xa827b5
classic	reagent-item-type-name	0xa7fc90	0xa826c6	je	0xa827b5
classic	reagent-item-type-name	0xa7fc90	0xa826cf	je	0xa827b5
classic	reagent-item-type-name	0xa7fc90	0xa826d8	je	0xa827b5
classic	reagent-item-type-name	0xa7fc90	0xa826e1	je	0xa827b5
classic	reagent-item-type-name	0xa7fc90	0xa826fe	ja	0xa8270d
classic	reagent-item-type-name	0xa7fc90	0xa8270b	indirect-jmp	rcx
classic	reagent-item-type-name	0xa7fc90	0xa82710	jne	0xa82724
classic	reagent-item-type-name	0xa7fc90	0xa82784	jl	0xa8278f
classic	reagent-item-type-name	0xa7fc90	0xa8278d	jmp	0xa8279d
classic	reagent-item-type-name	0xa7fc90	0xa8278d	indirect-jmp	0x140a8279d
classic	reagent-item-type-name	0xa7fc90	0xa82794	jne	0xa827a5
classic	reagent-item-type-name	0xa7fc90	0xa827d7	jb	0xa826b0
classic	reagent-item-type-name	0xa7fc90	0xa827e4	jmp	0xa850eb
classic	reagent-item-type-name	0xa7fc90	0xa827e4	indirect-jmp	0x140a850eb
classic	reagent-item-type-name	0xa7fc90	0xa827f3	je	0xa8280d
classic	reagent-item-type-name	0xa7fc90	0xa82811	je	0xa828ac
classic	reagent-item-type-name	0xa7fc90	0xa8282f	je	0xa828ac
classic	reagent-item-type-name	0xa7fc90	0xa82838	js	0xa8286a
classic	reagent-item-type-name	0xa7fc90	0xa82851	je	0xa8286d
classic	reagent-item-type-name	0xa7fc90	0xa82865	jle	0xa82840
classic	reagent-item-type-name	0xa7fc90	0xa82870	je	0xa828ac
classic	reagent-item-type-name	0xa7fc90	0xa8287c	je	0xa828ac
classic	reagent-item-type-name	0xa7fc90	0xa828a7	jmp	0xa850eb
classic	reagent-item-type-name	0xa7fc90	0xa828a7	indirect-jmp	0x140a850eb
classic	reagent-item-type-name	0xa7fc90	0xa828b6	jne	0xa828d0
classic	reagent-item-type-name	0xa7fc90	0xa828ba	jne	0xa828d0
classic	reagent-item-type-name	0xa7fc90	0xa828cb	jmp	0xa850eb
classic	reagent-item-type-name	0xa7fc90	0xa828cb	indirect-jmp	0x140a850eb
classic	reagent-item-type-name	0xa7fc90	0xa82905	jmp	0xa850eb
classic	reagent-item-type-name	0xa7fc90	0xa82905	indirect-jmp	0x140a850eb
classic	reagent-item-type-name	0xa7fc90	0xa82914	je	0xa82928
classic	reagent-item-type-name	0xa7fc90	0xa82932	jne	0xa8294c
classic	reagent-item-type-name	0xa7fc90	0xa82936	jne	0xa8294c
classic	reagent-item-type-name	0xa7fc90	0xa82947	jmp	0xa850eb
classic	reagent-item-type-name	0xa7fc90	0xa82947	indirect-jmp	0x140a850eb
classic	reagent-item-type-name	0xa7fc90	0xa82957	jmp	0xa81e91
classic	reagent-item-type-name	0xa7fc90	0xa82957	indirect-jmp	0x140a81e91
classic	reagent-item-type-name	0xa7fc90	0xa82966	jne	0xa8296c
classic	reagent-item-type-name	0xa7fc90	0xa8296a	je	0xa829ba
classic	reagent-item-type-name	0xa7fc90	0xa829cf	jmp	0xa850eb
classic	reagent-item-type-name	0xa7fc90	0xa829cf	indirect-jmp	0x140a850eb
classic	reagent-item-type-name	0xa7fc90	0xa829de	jne	0xa829e4
classic	reagent-item-type-name	0xa7fc90	0xa829e2	je	0xa82a32
classic	reagent-item-type-name	0xa7fc90	0xa82a47	jmp	0xa850eb
classic	reagent-item-type-name	0xa7fc90	0xa82a47	indirect-jmp	0x140a850eb
classic	reagent-item-type-name	0xa7fc90	0xa82a56	jne	0xa82a5c
classic	reagent-item-type-name	0xa7fc90	0xa82a5a	je	0xa82aaa
classic	reagent-item-type-name	0xa7fc90	0xa82abf	jmp	0xa850eb
classic	reagent-item-type-name	0xa7fc90	0xa82abf	indirect-jmp	0x140a850eb
classic	reagent-item-type-name	0xa7fc90	0xa82ace	jne	0xa82ad4
classic	reagent-item-type-name	0xa7fc90	0xa82ad2	je	0xa82b22
classic	reagent-item-type-name	0xa7fc90	0xa82b37	je	0xa82b73
classic	reagent-item-type-name	0xa7fc90	0xa82b40	jle	0xa82b53
classic	reagent-item-type-name	0xa7fc90	0xa82b4d	je	0xa82b53
classic	reagent-item-type-name	0xa7fc90	0xa82b51	jmp	0xa82b55
classic	reagent-item-type-name	0xa7fc90	0xa82b51	indirect-jmp	0x140a82b55
classic	reagent-item-type-name	0xa7fc90	0xa82b57	je	0xa82b73
classic	reagent-item-type-name	0xa7fc90	0xa82b6e	jmp	0xa850eb
classic	reagent-item-type-name	0xa7fc90	0xa82b6e	indirect-jmp	0x140a850eb
classic	reagent-item-type-name	0xa7fc90	0xa82b88	jmp	0xa850eb
classic	reagent-item-type-name	0xa7fc90	0xa82b88	indirect-jmp	0x140a850eb
classic	reagent-item-type-name	0xa7fc90	0xa82ba8	js	0xa82bc3
classic	reagent-item-type-name	0xa7fc90	0xa82bb9	je	0xa82c23
classic	reagent-item-type-name	0xa7fc90	0xa82bc1	jns	0xa82bb0
classic	reagent-item-type-name	0xa7fc90	0xa82bcd	jne	0xa82bd3
classic	reagent-item-type-name	0xa7fc90	0xa82bd1	je	0xa82c11
classic	reagent-item-type-name	0xa7fc90	0xa82c1e	jmp	0xa850d3
classic	reagent-item-type-name	0xa7fc90	0xa82c1e	indirect-jmp	0x140a850d3
classic	reagent-item-type-name	0xa7fc90	0xa82c2d	je	0xa82bc3
classic	reagent-item-type-name	0xa7fc90	0xa82c37	je	0xa82c5a
classic	reagent-item-type-name	0xa7fc90	0xa82c64	jne	0xa82c6a
classic	reagent-item-type-name	0xa7fc90	0xa82c68	je	0xa82ca8
classic	reagent-item-type-name	0xa7fc90	0xa82cb3	jne	0xa82cb9
classic	reagent-item-type-name	0xa7fc90	0xa82cc1	jmp	0xa850eb
classic	reagent-item-type-name	0xa7fc90	0xa82cc1	indirect-jmp	0x140a850eb
classic	reagent-item-type-name	0xa7fc90	0xa82cd0	jne	0xa82cd6
classic	reagent-item-type-name	0xa7fc90	0xa82cd4	je	0xa82d24
classic	reagent-item-type-name	0xa7fc90	0xa82d39	jmp	0xa850eb
classic	reagent-item-type-name	0xa7fc90	0xa82d39	indirect-jmp	0x140a850eb
classic	reagent-item-type-name	0xa7fc90	0xa82d48	jne	0xa82d4e
classic	reagent-item-type-name	0xa7fc90	0xa82d4c	je	0xa82d9c
classic	reagent-item-type-name	0xa7fc90	0xa82da9	jmp	0xa850d3
classic	reagent-item-type-name	0xa7fc90	0xa82da9	indirect-jmp	0x140a850d3
classic	reagent-item-type-name	0xa7fc90	0xa82db8	jne	0xa82dbe
classic	reagent-item-type-name	0xa7fc90	0xa82dbc	je	0xa82e0c
classic	reagent-item-type-name	0xa7fc90	0xa82e19	jmp	0xa850d3
classic	reagent-item-type-name	0xa7fc90	0xa82e19	indirect-jmp	0x140a850d3
classic	reagent-item-type-name	0xa7fc90	0xa82e28	jne	0xa82e2e
classic	reagent-item-type-name	0xa7fc90	0xa82e2c	je	0xa82e7c
classic	reagent-item-type-name	0xa7fc90	0xa82e89	jmp	0xa850d3
classic	reagent-item-type-name	0xa7fc90	0xa82e89	indirect-jmp	0x140a850d3
classic	reagent-item-type-name	0xa7fc90	0xa82e98	jne	0xa82e9e
classic	reagent-item-type-name	0xa7fc90	0xa82e9c	je	0xa82eec
classic	reagent-item-type-name	0xa7fc90	0xa82f07	js	0xa82f23
classic	reagent-item-type-name	0xa7fc90	0xa82f19	je	0xa82f3d
classic	reagent-item-type-name	0xa7fc90	0xa82f21	jns	0xa82f10
classic	reagent-item-type-name	0xa7fc90	0xa82f38	jmp	0xa850eb
classic	reagent-item-type-name	0xa7fc90	0xa82f38	indirect-jmp	0x140a850eb
classic	reagent-item-type-name	0xa7fc90	0xa82f47	je	0xa82f23
classic	reagent-item-type-name	0xa7fc90	0xa82f65	jmp	0xa850eb
classic	reagent-item-type-name	0xa7fc90	0xa82f65	indirect-jmp	0x140a850eb
classic	reagent-item-type-name	0xa7fc90	0xa82f85	js	0xa82fa7
classic	reagent-item-type-name	0xa7fc90	0xa82f99	je	0xa8302b
classic	reagent-item-type-name	0xa7fc90	0xa82fa5	jns	0xa82f90
classic	reagent-item-type-name	0xa7fc90	0xa82fb4	jne	0xa82fba
classic	reagent-item-type-name	0xa7fc90	0xa82fb8	je	0xa83008
classic	reagent-item-type-name	0xa7fc90	0xa8300b	je	0xa8306d
classic	reagent-item-type-name	0xa7fc90	0xa83018	jne	0xa8301e
classic	reagent-item-type-name	0xa7fc90	0xa83026	jmp	0xa850eb
classic	reagent-item-type-name	0xa7fc90	0xa83026	indirect-jmp	0x140a850eb
classic	reagent-item-type-name	0xa7fc90	0xa83038	je	0xa82faa
classic	reagent-item-type-name	0xa7fc90	0xa83046	je	0xa82faa
classic	reagent-item-type-name	0xa7fc90	0xa83068	jmp	0xa82faa
classic	reagent-item-type-name	0xa7fc90	0xa83068	indirect-jmp	0x140a82faa
classic	reagent-item-type-name	0xa7fc90	0xa83082	jmp	0xa850eb
classic	reagent-item-type-name	0xa7fc90	0xa83082	indirect-jmp	0x140a850eb
classic	reagent-item-type-name	0xa7fc90	0xa83091	jne	0xa83097
classic	reagent-item-type-name	0xa7fc90	0xa83095	je	0xa830e5
classic	reagent-item-type-name	0xa7fc90	0xa830f2	jmp	0xa850d3
classic	reagent-item-type-name	0xa7fc90	0xa830f2	indirect-jmp	0x140a850d3
classic	reagent-item-type-name	0xa7fc90	0xa83101	jne	0xa83107
classic	reagent-item-type-name	0xa7fc90	0xa83105	je	0xa83155
classic	reagent-item-type-name	0xa7fc90	0xa83162	jmp	0xa850d3
classic	reagent-item-type-name	0xa7fc90	0xa83162	indirect-jmp	0x140a850d3
classic	reagent-item-type-name	0xa7fc90	0xa83171	jne	0xa83177
classic	reagent-item-type-name	0xa7fc90	0xa83175	je	0xa831c5
classic	reagent-item-type-name	0xa7fc90	0xa831cc	jmp	0xa850cd
classic	reagent-item-type-name	0xa7fc90	0xa831cc	indirect-jmp	0x140a850cd
classic	reagent-item-type-name	0xa7fc90	0xa831dc	je	0xa831ed
classic	reagent-item-type-name	0xa7fc90	0xa831eb	jmp	0xa831fa
classic	reagent-item-type-name	0xa7fc90	0xa831eb	indirect-jmp	0x140a831fa
classic	reagent-item-type-name	0xa7fc90	0xa83206	je	0xa83270
classic	reagent-item-type-name	0xa7fc90	0xa83220	je	0xa83270
classic	reagent-item-type-name	0xa7fc90	0xa83229	js	0xa83257
classic	reagent-item-type-name	0xa7fc90	0xa83241	je	0xa8325a
classic	reagent-item-type-name	0xa7fc90	0xa83255	jle	0xa83230
classic	reagent-item-type-name	0xa7fc90	0xa8325d	je	0xa83270
classic	reagent-item-type-name	0xa7fc90	0xa8326e	jmp	0xa83276
classic	reagent-item-type-name	0xa7fc90	0xa8326e	indirect-jmp	0x140a83276
classic	reagent-item-type-name	0xa7fc90	0xa832b5	je	0xa832d6
classic	reagent-item-type-name	0xa7fc90	0xa832d1	jmp	0xa83408
classic	reagent-item-type-name	0xa7fc90	0xa832d1	indirect-jmp	0x140a83408
classic	reagent-item-type-name	0xa7fc90	0xa832d9	jne	0xa832ec
classic	reagent-item-type-name	0xa7fc90	0xa832ea	jmp	0xa83323
classic	reagent-item-type-name	0xa7fc90	0xa832ea	indirect-jmp	0x140a83323
classic	reagent-item-type-name	0xa7fc90	0xa832ef	jne	0xa83302
classic	reagent-item-type-name	0xa7fc90	0xa83300	jmp	0xa83323
classic	reagent-item-type-name	0xa7fc90	0xa83300	indirect-jmp	0x140a83323
classic	reagent-item-type-name	0xa7fc90	0xa83305	jne	0xa83318
classic	reagent-item-type-name	0xa7fc90	0xa83316	jmp	0xa83323
classic	reagent-item-type-name	0xa7fc90	0xa83316	indirect-jmp	0x140a83323
classic	reagent-item-type-name	0xa7fc90	0xa8331c	jne	0xa8334b
classic	reagent-item-type-name	0xa7fc90	0xa83321	jne	0xa83395
classic	reagent-item-type-name	0xa7fc90	0xa83336	je	0xa83408
classic	reagent-item-type-name	0xa7fc90	0xa83346	jmp	0xa83408
classic	reagent-item-type-name	0xa7fc90	0xa83346	indirect-jmp	0x140a83408
classic	reagent-item-type-name	0xa7fc90	0xa8334e	jne	0xa83395
classic	reagent-item-type-name	0xa7fc90	0xa8336f	je	0xa83378
classic	reagent-item-type-name	0xa7fc90	0xa83376	jmp	0xa8337d
classic	reagent-item-type-name	0xa7fc90	0xa83376	indirect-jmp	0x140a8337d
classic	reagent-item-type-name	0xa7fc90	0xa83393	jmp	0xa83402
classic	reagent-item-type-name	0xa7fc90	0xa83393	indirect-jmp	0x140a83402
classic	reagent-item-type-name	0xa7fc90	0xa833ee	je	0xa833fb
classic	reagent-item-type-name	0xa7fc90	0xa83410	jbe	0xa83443
classic	reagent-item-type-name	0xa7fc90	0xa83423	jb	0xa8343e
classic	reagent-item-type-name	0xa7fc90	0xa83438	ja	0xa83d7e
classic	reagent-item-type-name	0xa7fc90	0xa83453	jmp	0xa850eb
classic	reagent-item-type-name	0xa7fc90	0xa83453	indirect-jmp	0x140a850eb
classic	reagent-item-type-name	0xa7fc90	0xa83462	jne	0xa83468
classic	reagent-item-type-name	0xa7fc90	0xa83466	je	0xa834b6
classic	reagent-item-type-name	0xa7fc90	0xa834bd	jmp	0xa850cd
classic	reagent-item-type-name	0xa7fc90	0xa834bd	indirect-jmp	0x140a850cd
classic	reagent-item-type-name	0xa7fc90	0xa834cc	jne	0xa834d2
classic	reagent-item-type-name	0xa7fc90	0xa834d0	je	0xa83520
classic	reagent-item-type-name	0xa7fc90	0xa8352d	jmp	0xa850d3
classic	reagent-item-type-name	0xa7fc90	0xa8352d	indirect-jmp	0x140a850d3
classic	reagent-item-type-name	0xa7fc90	0xa8353c	jne	0xa83542
classic	reagent-item-type-name	0xa7fc90	0xa83540	je	0xa83590
classic	reagent-item-type-name	0xa7fc90	0xa8359d	jmp	0xa850d3
classic	reagent-item-type-name	0xa7fc90	0xa8359d	indirect-jmp	0x140a850d3
classic	reagent-item-type-name	0xa7fc90	0xa835ac	jne	0xa835b2
classic	reagent-item-type-name	0xa7fc90	0xa835b0	je	0xa83600
classic	reagent-item-type-name	0xa7fc90	0xa8360d	jmp	0xa850d3
classic	reagent-item-type-name	0xa7fc90	0xa8360d	indirect-jmp	0x140a850d3
classic	reagent-item-type-name	0xa7fc90	0xa8361c	jne	0xa83622
classic	reagent-item-type-name	0xa7fc90	0xa83620	je	0xa83670
classic	reagent-item-type-name	0xa7fc90	0xa8367d	jmp	0xa7ff65
classic	reagent-item-type-name	0xa7fc90	0xa8367d	indirect-jmp	0x140a7ff65
classic	reagent-item-type-name	0xa7fc90	0xa8368c	jne	0xa83692
classic	reagent-item-type-name	0xa7fc90	0xa83690	je	0xa836e0
classic	reagent-item-type-name	0xa7fc90	0xa836ed	jmp	0xa850d3
classic	reagent-item-type-name	0xa7fc90	0xa836ed	indirect-jmp	0x140a850d3
classic	reagent-item-type-name	0xa7fc90	0xa836fc	jne	0xa83702
classic	reagent-item-type-name	0xa7fc90	0xa83700	je	0xa83750
classic	reagent-item-type-name	0xa7fc90	0xa8375d	jmp	0xa850d3
classic	reagent-item-type-name	0xa7fc90	0xa8375d	indirect-jmp	0x140a850d3
classic	reagent-item-type-name	0xa7fc90	0xa8376c	jne	0xa83772
classic	reagent-item-type-name	0xa7fc90	0xa83770	je	0xa837c0
classic	reagent-item-type-name	0xa7fc90	0xa837cd	jmp	0xa850d3
classic	reagent-item-type-name	0xa7fc90	0xa837cd	indirect-jmp	0x140a850d3
classic	reagent-item-type-name	0xa7fc90	0xa837dc	jne	0xa837e2
classic	reagent-item-type-name	0xa7fc90	0xa837e0	je	0xa83833
classic	reagent-item-type-name	0xa7fc90	0xa8384b	je	0xa83a76
classic	reagent-item-type-name	0xa7fc90	0xa83855	je	0xa83a76
classic	reagent-item-type-name	0xa7fc90	0xa83862	js	0xa8389a
classic	reagent-item-type-name	0xa7fc90	0xa83881	je	0xa8389d
classic	reagent-item-type-name	0xa7fc90	0xa83895	jle	0xa83870
classic	reagent-item-type-name	0xa7fc90	0xa838a0	je	0xa83a76
classic	reagent-item-type-name	0xa7fc90	0xa838b9	ja	0xa83a62
classic	reagent-item-type-name	0xa7fc90	0xa838d0	indirect-jmp	rcx
classic	reagent-item-type-name	0xa7fc90	0xa838e1	jmp	0xa850db
classic	reagent-item-type-name	0xa7fc90	0xa838e1	indirect-jmp	0x140a850db
classic	reagent-item-type-name	0xa7fc90	0xa838f5	jmp	0xa850db
classic	reagent-item-type-name	0xa7fc90	0xa838f5	indirect-jmp	0x140a850db
classic	reagent-item-type-name	0xa7fc90	0xa83909	jmp	0xa850db
classic	reagent-item-type-name	0xa7fc90	0xa83909	indirect-jmp	0x140a850db
classic	reagent-item-type-name	0xa7fc90	0xa8391d	jmp	0xa850db
classic	reagent-item-type-name	0xa7fc90	0xa8391d	indirect-jmp	0x140a850db
classic	reagent-item-type-name	0xa7fc90	0xa83931	jmp	0xa850db
classic	reagent-item-type-name	0xa7fc90	0xa83931	indirect-jmp	0x140a850db
classic	reagent-item-type-name	0xa7fc90	0xa83945	jmp	0xa850db
classic	reagent-item-type-name	0xa7fc90	0xa83945	indirect-jmp	0x140a850db
classic	reagent-item-type-name	0xa7fc90	0xa83959	jmp	0xa850db
classic	reagent-item-type-name	0xa7fc90	0xa83959	indirect-jmp	0x140a850db
classic	reagent-item-type-name	0xa7fc90	0xa8396d	jmp	0xa850db
classic	reagent-item-type-name	0xa7fc90	0xa8396d	indirect-jmp	0x140a850db
classic	reagent-item-type-name	0xa7fc90	0xa83981	jmp	0xa850db
classic	reagent-item-type-name	0xa7fc90	0xa83981	indirect-jmp	0x140a850db
classic	reagent-item-type-name	0xa7fc90	0xa83995	jmp	0xa850db
classic	reagent-item-type-name	0xa7fc90	0xa83995	indirect-jmp	0x140a850db
classic	reagent-item-type-name	0xa7fc90	0xa839a9	jmp	0xa850db
classic	reagent-item-type-name	0xa7fc90	0xa839a9	indirect-jmp	0x140a850db
classic	reagent-item-type-name	0xa7fc90	0xa839bd	jmp	0xa850db
classic	reagent-item-type-name	0xa7fc90	0xa839bd	indirect-jmp	0x140a850db
classic	reagent-item-type-name	0xa7fc90	0xa839d1	jmp	0xa850db
classic	reagent-item-type-name	0xa7fc90	0xa839d1	indirect-jmp	0x140a850db
classic	reagent-item-type-name	0xa7fc90	0xa839e5	jmp	0xa850db
classic	reagent-item-type-name	0xa7fc90	0xa839e5	indirect-jmp	0x140a850db
classic	reagent-item-type-name	0xa7fc90	0xa839f9	jmp	0xa850db
classic	reagent-item-type-name	0xa7fc90	0xa839f9	indirect-jmp	0x140a850db
classic	reagent-item-type-name	0xa7fc90	0xa83a0d	jmp	0xa850db
classic	reagent-item-type-name	0xa7fc90	0xa83a0d	indirect-jmp	0x140a850db
classic	reagent-item-type-name	0xa7fc90	0xa83a21	jmp	0xa850db
classic	reagent-item-type-name	0xa7fc90	0xa83a21	indirect-jmp	0x140a850db
classic	reagent-item-type-name	0xa7fc90	0xa83a35	jmp	0xa850db
classic	reagent-item-type-name	0xa7fc90	0xa83a35	indirect-jmp	0x140a850db
classic	reagent-item-type-name	0xa7fc90	0xa83a49	jmp	0xa850db
classic	reagent-item-type-name	0xa7fc90	0xa83a49	indirect-jmp	0x140a850db
classic	reagent-item-type-name	0xa7fc90	0xa83a5d	jmp	0xa850db
classic	reagent-item-type-name	0xa7fc90	0xa83a5d	indirect-jmp	0x140a850db
classic	reagent-item-type-name	0xa7fc90	0xa83a71	jmp	0xa850db
classic	reagent-item-type-name	0xa7fc90	0xa83a71	indirect-jmp	0x140a850db
classic	reagent-item-type-name	0xa7fc90	0xa83a7d	jmp	0xa850cd
classic	reagent-item-type-name	0xa7fc90	0xa83a7d	indirect-jmp	0x140a850cd
classic	reagent-item-type-name	0xa7fc90	0xa83a8c	je	0xa83aa3
classic	reagent-item-type-name	0xa7fc90	0xa83ab0	jmp	0xa850d3
classic	reagent-item-type-name	0xa7fc90	0xa83ab0	indirect-jmp	0x140a850d3
classic	reagent-item-type-name	0xa7fc90	0xa83abf	je	0xa83ad6
classic	reagent-item-type-name	0xa7fc90	0xa83ae0	jae	0xa83b0d
classic	reagent-item-type-name	0xa7fc90	0xa83ae9	jne	0xa83afc
classic	reagent-item-type-name	0xa7fc90	0xa83af7	jmp	0xa85127
classic	reagent-item-type-name	0xa7fc90	0xa83af7	indirect-jmp	0x140a85127
classic	reagent-item-type-name	0xa7fc90	0xa83b08	jmp	0xa850eb
classic	reagent-item-type-name	0xa7fc90	0xa83b08	indirect-jmp	0x140a850eb
classic	reagent-item-type-name	0xa7fc90	0xa83b0f	je	0xa83b25
classic	reagent-item-type-name	0xa7fc90	0xa83b20	jmp	0xa850db
classic	reagent-item-type-name	0xa7fc90	0xa83b20	indirect-jmp	0x140a850db
classic	reagent-item-type-name	0xa7fc90	0xa83b27	je	0xa83b3d
classic	reagent-item-type-name	0xa7fc90	0xa83b38	jmp	0xa850db
classic	reagent-item-type-name	0xa7fc90	0xa83b38	indirect-jmp	0x140a850db
classic	reagent-item-type-name	0xa7fc90	0xa83b3f	je	0xa83b55
classic	reagent-item-type-name	0xa7fc90	0xa83b50	jmp	0xa850db
classic	reagent-item-type-name	0xa7fc90	0xa83b50	indirect-jmp	0x140a850db
classic	reagent-item-type-name	0xa7fc90	0xa83b57	je	0xa83b6d
classic	reagent-item-type-name	0xa7fc90	0xa83b68	jmp	0xa850db
classic	reagent-item-type-name	0xa7fc90	0xa83b68	indirect-jmp	0x140a850db
classic	reagent-item-type-name	0xa7fc90	0xa83b6f	je	0xa83b85
classic	reagent-item-type-name	0xa7fc90	0xa83b80	jmp	0xa850db
classic	reagent-item-type-name	0xa7fc90	0xa83b80	indirect-jmp	0x140a850db
classic	reagent-item-type-name	0xa7fc90	0xa83b87	jns	0xa83b9d
classic	reagent-item-type-name	0xa7fc90	0xa83b98	jmp	0xa850db
classic	reagent-item-type-name	0xa7fc90	0xa83b98	indirect-jmp	0x140a850db
classic	reagent-item-type-name	0xa7fc90	0xa83ba1	jae	0xa83bb7
classic	reagent-item-type-name	0xa7fc90	0xa83bb2	jmp	0xa850db
classic	reagent-item-type-name	0xa7fc90	0xa83bb2	indirect-jmp	0x140a850db
classic	reagent-item-type-name	0xa7fc90	0xa83bbb	jae	0xa83bd1
classic	reagent-item-type-name	0xa7fc90	0xa83bcc	jmp	0xa850db
classic	reagent-item-type-name	0xa7fc90	0xa83bcc	indirect-jmp	0x140a850db
classic	reagent-item-type-name	0xa7fc90	0xa83bd5	jae	0xa83beb
classic	reagent-item-type-name	0xa7fc90	0xa83be6	jmp	0xa850db
classic	reagent-item-type-name	0xa7fc90	0xa83be6	indirect-jmp	0x140a850db
classic	reagent-item-type-name	0xa7fc90	0xa83bef	jae	0xa83c05
classic	reagent-item-type-name	0xa7fc90	0xa83c00	jmp	0xa850db
classic	reagent-item-type-name	0xa7fc90	0xa83c00	indirect-jmp	0x140a850db
classic	reagent-item-type-name	0xa7fc90	0xa83c10	jb	0xa83c19
classic	reagent-item-type-name	0xa7fc90	0xa83c21	jmp	0xa850db
classic	reagent-item-type-name	0xa7fc90	0xa83c21	indirect-jmp	0x140a850db
classic	reagent-item-type-name	0xa7fc90	0xa83c36	je	0xa83c51
classic	reagent-item-type-name	0xa7fc90	0xa83c55	je	0xa83d9f
classic	reagent-item-type-name	0xa7fc90	0xa83c75	js	0xa83cbb
classic	reagent-item-type-name	0xa7fc90	0xa83c8f	jae	0xa83cbb
classic	reagent-item-type-name	0xa7fc90	0xa83ca1	je	0xa83cbb
classic	reagent-item-type-name	0xa7fc90	0xa83cac	jbe	0xa83cb1
classic	reagent-item-type-name	0xa7fc90	0xa83d18	je	0xa83d24
classic	reagent-item-type-name	0xa7fc90	0xa83d22	jmp	0xa83d2c
classic	reagent-item-type-name	0xa7fc90	0xa83d22	indirect-jmp	0x140a83d2c
classic	reagent-item-type-name	0xa7fc90	0xa83d54	jbe	0xa83d8a
classic	reagent-item-type-name	0xa7fc90	0xa83d67	jb	0xa83d85
classic	reagent-item-type-name	0xa7fc90	0xa83d7c	jbe	0xa83d85
classic	reagent-item-type-name	0xa7fc90	0xa83d9a	jmp	0xa850eb
classic	reagent-item-type-name	0xa7fc90	0xa83d9a	indirect-jmp	0x140a850eb
classic	reagent-item-type-name	0xa7fc90	0xa83db1	jmp	0xa850eb
classic	reagent-item-type-name	0xa7fc90	0xa83db1	indirect-jmp	0x140a850eb
classic	reagent-item-type-name	0xa7fc90	0xa83dc9	ja	0xa83df1
classic	reagent-item-type-name	0xa7fc90	0xa83dec	jmp	0xa850eb
classic	reagent-item-type-name	0xa7fc90	0xa83dec	indirect-jmp	0x140a850eb
classic	reagent-item-type-name	0xa7fc90	0xa83dfb	jne	0xa83e15
classic	reagent-item-type-name	0xa7fc90	0xa83dff	jne	0xa83e15
classic	reagent-item-type-name	0xa7fc90	0xa83e10	jmp	0xa850eb
classic	reagent-item-type-name	0xa7fc90	0xa83e10	indirect-jmp	0x140a850eb
classic	reagent-item-type-name	0xa7fc90	0xa83e5b	jmp	0xa850e3
classic	reagent-item-type-name	0xa7fc90	0xa83e5b	indirect-jmp	0x140a850e3
classic	reagent-item-type-name	0xa7fc90	0xa83e6a	je	0xa83e84
classic	reagent-item-type-name	0xa7fc90	0xa83e97	ja	0xa83ecd
classic	reagent-item-type-name	0xa7fc90	0xa83ec8	jmp	0xa850eb
classic	reagent-item-type-name	0xa7fc90	0xa83ec8	indirect-jmp	0x140a850eb
classic	reagent-item-type-name	0xa7fc90	0xa83ed7	jne	0xa83f08
classic	reagent-item-type-name	0xa7fc90	0xa83edb	jne	0xa83f08
classic	reagent-item-type-name	0xa7fc90	0xa83ee4	je	0xa83ef7
classic	reagent-item-type-name	0xa7fc90	0xa83ef2	jmp	0xa850eb
classic	reagent-item-type-name	0xa7fc90	0xa83ef2	indirect-jmp	0x140a850eb
classic	reagent-item-type-name	0xa7fc90	0xa83f03	jmp	0xa85127
classic	reagent-item-type-name	0xa7fc90	0xa83f03	indirect-jmp	0x140a85127
classic	reagent-item-type-name	0xa7fc90	0xa83f13	jmp	0xa81e91
classic	reagent-item-type-name	0xa7fc90	0xa83f13	indirect-jmp	0x140a81e91
classic	reagent-item-type-name	0xa7fc90	0xa83f22	je	0xa83f39
classic	reagent-item-type-name	0xa7fc90	0xa83f3d	je	0xa83f77
classic	reagent-item-type-name	0xa7fc90	0xa83f42	je	0xa83f77
classic	reagent-item-type-name	0xa7fc90	0xa83f72	jmp	0xa850eb
classic	reagent-item-type-name	0xa7fc90	0xa83f72	indirect-jmp	0x140a850eb
classic	reagent-item-type-name	0xa7fc90	0xa83f90	je	0xa85127
classic	reagent-item-type-name	0xa7fc90	0xa83fa5	jmp	0xa850eb
classic	reagent-item-type-name	0xa7fc90	0xa83fa5	indirect-jmp	0x140a850eb
classic	reagent-item-type-name	0xa7fc90	0xa83fb4	je	0xa83fcb
classic	reagent-item-type-name	0xa7fc90	0xa83fe7	je	0xa84181
classic	reagent-item-type-name	0xa7fc90	0xa8400b	je	0xa8408b
classic	reagent-item-type-name	0xa7fc90	0xa84010	js	0xa840d4
classic	reagent-item-type-name	0xa7fc90	0xa8402e	jae	0xa84090
classic	reagent-item-type-name	0xa7fc90	0xa84033	js	0xa84090
classic	reagent-item-type-name	0xa7fc90	0xa84055	jae	0xa84090
classic	reagent-item-type-name	0xa7fc90	0xa84067	je	0xa84081
classic	reagent-item-type-name	0xa7fc90	0xa84072	jbe	0xa84077
classic	reagent-item-type-name	0xa7fc90	0xa84087	jbe	0xa84090
classic	reagent-item-type-name	0xa7fc90	0xa84089	jmp	0xa840d4
classic	reagent-item-type-name	0xa7fc90	0xa84089	indirect-jmp	0x140a840d4
classic	reagent-item-type-name	0xa7fc90	0xa8408e	js	0xa840d4
classic	reagent-item-type-name	0xa7fc90	0xa840a8	jae	0xa840d4
classic	reagent-item-type-name	0xa7fc90	0xa840ba	je	0xa840d4
classic	reagent-item-type-name	0xa7fc90	0xa840c5	jbe	0xa840ca
classic	reagent-item-type-name	0xa7fc90	0xa840f4	js	0xa84143
classic	reagent-item-type-name	0xa7fc90	0xa8410e	jae	0xa84143
classic	reagent-item-type-name	0xa7fc90	0xa84113	js	0xa84143
classic	reagent-item-type-name	0xa7fc90	0xa84134	jae	0xa84143
classic	reagent-item-type-name	0xa7fc90	0xa84141	jmp	0xa84145
classic	reagent-item-type-name	0xa7fc90	0xa84141	indirect-jmp	0x140a84145
classic	reagent-item-type-name	0xa7fc90	0xa8414a	je	0xa8416b
classic	reagent-item-type-name	0xa7fc90	0xa8414f	jne	0xa850eb
classic	reagent-item-type-name	0xa7fc90	0xa84166	jmp	0xa850e3
classic	reagent-item-type-name	0xa7fc90	0xa84166	indirect-jmp	0x140a850e3
classic	reagent-item-type-name	0xa7fc90	0xa8417c	jmp	0xa850e3
classic	reagent-item-type-name	0xa7fc90	0xa8417c	indirect-jmp	0x140a850e3
classic	reagent-item-type-name	0xa7fc90	0xa84193	jmp	0xa850eb
classic	reagent-item-type-name	0xa7fc90	0xa84193	indirect-jmp	0x140a850eb
classic	reagent-item-type-name	0xa7fc90	0xa841a2	je	0xa841c0
classic	reagent-item-type-name	0xa7fc90	0xa841c4	je	0xa842e0
classic	reagent-item-type-name	0xa7fc90	0xa841e5	je	0xa84265
classic	reagent-item-type-name	0xa7fc90	0xa841ea	js	0xa842ae
classic	reagent-item-type-name	0xa7fc90	0xa84208	jae	0xa8426a
classic	reagent-item-type-name	0xa7fc90	0xa8420d	js	0xa8426a
classic	reagent-item-type-name	0xa7fc90	0xa8422f	jae	0xa8426a
classic	reagent-item-type-name	0xa7fc90	0xa84241	je	0xa8425b
classic	reagent-item-type-name	0xa7fc90	0xa8424c	jbe	0xa84251
classic	reagent-item-type-name	0xa7fc90	0xa84261	jbe	0xa8426a
classic	reagent-item-type-name	0xa7fc90	0xa84263	jmp	0xa842ae
classic	reagent-item-type-name	0xa7fc90	0xa84263	indirect-jmp	0x140a842ae
classic	reagent-item-type-name	0xa7fc90	0xa84268	js	0xa842ae
classic	reagent-item-type-name	0xa7fc90	0xa84282	jae	0xa842ae
classic	reagent-item-type-name	0xa7fc90	0xa84294	je	0xa842ae
classic	reagent-item-type-name	0xa7fc90	0xa8429f	jbe	0xa842a4
classic	reagent-item-type-name	0xa7fc90	0xa842f5	jmp	0xa850eb
classic	reagent-item-type-name	0xa7fc90	0xa842f5	indirect-jmp	0x140a850eb
classic	reagent-item-type-name	0xa7fc90	0xa84304	je	0xa84322
classic	reagent-item-type-name	0xa7fc90	0xa84326	je	0xa8440b
classic	reagent-item-type-name	0xa7fc90	0xa84347	je	0xa843c1
classic	reagent-item-type-name	0xa7fc90	0xa8434c	js	0xa843c1
classic	reagent-item-type-name	0xa7fc90	0xa84366	jae	0xa843c1
classic	reagent-item-type-name	0xa7fc90	0xa8436b	js	0xa843c1
classic	reagent-item-type-name	0xa7fc90	0xa8438d	jae	0xa843c1
classic	reagent-item-type-name	0xa7fc90	0xa8439f	je	0xa843b9
classic	reagent-item-type-name	0xa7fc90	0xa843aa	jbe	0xa843af
classic	reagent-item-type-name	0xa7fc90	0xa843bf	ja	0xa843e1
classic	reagent-item-type-name	0xa7fc90	0xa84406	jmp	0xa8414a
classic	reagent-item-type-name	0xa7fc90	0xa84406	indirect-jmp	0x140a8414a
classic	reagent-item-type-name	0xa7fc90	0xa8441a	jmp	0xa850eb
classic	reagent-item-type-name	0xa7fc90	0xa8441a	indirect-jmp	0x140a850eb
classic	reagent-item-type-name	0xa7fc90	0xa84426	je	0xa84461
classic	reagent-item-type-name	0xa7fc90	0xa8445c	jmp	0xa850eb
classic	reagent-item-type-name	0xa7fc90	0xa8445c	indirect-jmp	0x140a850eb
classic	reagent-item-type-name	0xa7fc90	0xa8446d	jmp	0xa850db
classic	reagent-item-type-name	0xa7fc90	0xa8446d	indirect-jmp	0x140a850db
classic	reagent-item-type-name	0xa7fc90	0xa84479	je	0xa84484
classic	reagent-item-type-name	0xa7fc90	0xa84482	jmp	0xa8442f
classic	reagent-item-type-name	0xa7fc90	0xa84482	indirect-jmp	0x140a8442f
classic	reagent-item-type-name	0xa7fc90	0xa84490	jmp	0xa850db
classic	reagent-item-type-name	0xa7fc90	0xa84490	indirect-jmp	0x140a850db
classic	reagent-item-type-name	0xa7fc90	0xa844a2	jmp	0xa850d3
classic	reagent-item-type-name	0xa7fc90	0xa844a2	indirect-jmp	0x140a850d3
classic	reagent-item-type-name	0xa7fc90	0xa844b3	jae	0xa844c4
classic	reagent-item-type-name	0xa7fc90	0xa844c8	je	0xa844d9
classic	reagent-item-type-name	0xa7fc90	0xa844dd	je	0xa845ea
classic	reagent-item-type-name	0xa7fc90	0xa844e6	je	0xa845ea
classic	reagent-item-type-name	0xa7fc90	0xa84504	je	0xa845d6
classic	reagent-item-type-name	0xa7fc90	0xa84512	je	0xa8452d
classic	reagent-item-type-name	0xa7fc90	0xa8453b	je	0xa8456a
classic	reagent-item-type-name	0xa7fc90	0xa84575	jne	0xa845ae
classic	reagent-item-type-name	0xa7fc90	0xa8458a	jle	0xa8459d
classic	reagent-item-type-name	0xa7fc90	0xa84598	jmp	0xa850f1
classic	reagent-item-type-name	0xa7fc90	0xa84598	indirect-jmp	0x140a850f1
classic	reagent-item-type-name	0xa7fc90	0xa845a9	jmp	0xa85127
classic	reagent-item-type-name	0xa7fc90	0xa845a9	indirect-jmp	0x140a85127
classic	reagent-item-type-name	0xa7fc90	0xa845b2	jne	0xa845c5
classic	reagent-item-type-name	0xa7fc90	0xa845c0	jmp	0xa85127
classic	reagent-item-type-name	0xa7fc90	0xa845c0	indirect-jmp	0x140a85127
classic	reagent-item-type-name	0xa7fc90	0xa845d1	jmp	0xa850eb
classic	reagent-item-type-name	0xa7fc90	0xa845d1	indirect-jmp	0x140a850eb
classic	reagent-item-type-name	0xa7fc90	0xa845e5	jmp	0xa850eb
classic	reagent-item-type-name	0xa7fc90	0xa845e5	indirect-jmp	0x140a850eb
classic	reagent-item-type-name	0xa7fc90	0xa845ff	jmp	0xa850eb
classic	reagent-item-type-name	0xa7fc90	0xa845ff	indirect-jmp	0x140a850eb
classic	reagent-item-type-name	0xa7fc90	0xa8461f	js	0xa84634
classic	reagent-item-type-name	0xa7fc90	0xa8462a	je	0xa84696
classic	reagent-item-type-name	0xa7fc90	0xa84632	jns	0xa84621
classic	reagent-item-type-name	0xa7fc90	0xa8463e	jne	0xa84644
classic	reagent-item-type-name	0xa7fc90	0xa84642	je	0xa84682
classic	reagent-item-type-name	0xa7fc90	0xa84691	jmp	0xa850db
classic	reagent-item-type-name	0xa7fc90	0xa84691	indirect-jmp	0x140a850db
classic	reagent-item-type-name	0xa7fc90	0xa846a0	je	0xa84634
classic	reagent-item-type-name	0xa7fc90	0xa846aa	je	0xa846cd
classic	reagent-item-type-name	0xa7fc90	0xa846d7	jne	0xa846dd
classic	reagent-item-type-name	0xa7fc90	0xa846db	je	0xa8471b
classic	reagent-item-type-name	0xa7fc90	0xa84726	jne	0xa84454
classic	reagent-item-type-name	0xa7fc90	0xa84738	jmp	0xa850eb
classic	reagent-item-type-name	0xa7fc90	0xa84738	indirect-jmp	0x140a850eb
classic	reagent-item-type-name	0xa7fc90	0xa84740	je	0xa8475b
classic	reagent-item-type-name	0xa7fc90	0xa84776	js	0xa84793
classic	reagent-item-type-name	0xa7fc90	0xa84789	je	0xa8480a
classic	reagent-item-type-name	0xa7fc90	0xa84791	jns	0xa84780
classic	reagent-item-type-name	0xa7fc90	0xa8479d	jne	0xa847a3
classic	reagent-item-type-name	0xa7fc90	0xa847a1	je	0xa847e1
classic	reagent-item-type-name	0xa7fc90	0xa847e5	jle	0xa847f6
classic	reagent-item-type-name	0xa7fc90	0xa84805	jmp	0xa850eb
classic	reagent-item-type-name	0xa7fc90	0xa84805	indirect-jmp	0x140a850eb
classic	reagent-item-type-name	0xa7fc90	0xa84814	je	0xa84793
classic	reagent-item-type-name	0xa7fc90	0xa8481e	jle	0xa84843
classic	reagent-item-type-name	0xa7fc90	0xa84828	je	0xa84843
classic	reagent-item-type-name	0xa7fc90	0xa8484b	je	0xa8486b
classic	reagent-item-type-name	0xa7fc90	0xa84875	jne	0xa8488e
classic	reagent-item-type-name	0xa7fc90	0xa84879	jne	0xa8488e
classic	reagent-item-type-name	0xa7fc90	0xa84883	je	0xa848cd
classic	reagent-item-type-name	0xa7fc90	0xa8488c	jmp	0xa848bb
classic	reagent-item-type-name	0xa7fc90	0xa8488c	indirect-jmp	0x140a848bb
classic	reagent-item-type-name	0xa7fc90	0xa848e7	je	0xa8471b
classic	reagent-item-type-name	0xa7fc90	0xa84900	je	0xa8471b
classic	reagent-item-type-name	0xa7fc90	0xa84915	jmp	0xa8471b
classic	reagent-item-type-name	0xa7fc90	0xa84915	indirect-jmp	0x140a8471b
classic	reagent-item-type-name	0xa7fc90	0xa8491d	je	0xa84938
classic	reagent-item-type-name	0xa7fc90	0xa84953	js	0xa84977
classic	reagent-item-type-name	0xa7fc90	0xa84969	je	0xa84aaf
classic	reagent-item-type-name	0xa7fc90	0xa84975	jns	0xa84960
classic	reagent-item-type-name	0xa7fc90	0xa84984	jne	0xa8498a
classic	reagent-item-type-name	0xa7fc90	0xa84988	je	0xa849d9
classic	reagent-item-type-name	0xa7fc90	0xa849dd	je	0xa84a44
classic	reagent-item-type-name	0xa7fc90	0xa849f1	je	0xa84a44
classic	reagent-item-type-name	0xa7fc90	0xa84a05	je	0xa84a44
classic	reagent-item-type-name	0xa7fc90	0xa84a13	je	0xa84a24
classic	reagent-item-type-name	0xa7fc90	0xa84a33	je	0xa84a44
classic	reagent-item-type-name	0xa7fc90	0xa84a47	je	0xa84af3
classic	reagent-item-type-name	0xa7fc90	0xa84a67	je	0xa84a8d
classic	reagent-item-type-name	0xa7fc90	0xa84a7c	je	0xa84a8d
classic	reagent-item-type-name	0xa7fc90	0xa84a98	jne	0xa84454
classic	reagent-item-type-name	0xa7fc90	0xa84aaa	jmp	0xa850eb
classic	reagent-item-type-name	0xa7fc90	0xa84aaa	indirect-jmp	0x140a850eb
classic	reagent-item-type-name	0xa7fc90	0xa84abc	je	0xa8497a
classic	reagent-item-type-name	0xa7fc90	0xa84aca	je	0xa8497a
classic	reagent-item-type-name	0xa7fc90	0xa84aee	jmp	0xa8497a
classic	reagent-item-type-name	0xa7fc90	0xa84aee	indirect-jmp	0x140a8497a
classic	reagent-item-type-name	0xa7fc90	0xa84b02	jmp	0xa850eb
classic	reagent-item-type-name	0xa7fc90	0xa84b02	indirect-jmp	0x140a850eb
classic	reagent-item-type-name	0xa7fc90	0xa84b22	js	0xa84b49
classic	reagent-item-type-name	0xa7fc90	0xa84b2d	je	0xa84b39
classic	reagent-item-type-name	0xa7fc90	0xa84b35	jns	0xa84b24
classic	reagent-item-type-name	0xa7fc90	0xa84b37	jmp	0xa84b49
classic	reagent-item-type-name	0xa7fc90	0xa84b37	indirect-jmp	0x140a84b49
classic	reagent-item-type-name	0xa7fc90	0xa84b43	jne	0xa846a2
classic	reagent-item-type-name	0xa7fc90	0xa84b53	jne	0xa84b59
classic	reagent-item-type-name	0xa7fc90	0xa84b57	je	0xa84b97
classic	reagent-item-type-name	0xa7fc90	0xa84bad	je	0xa84bca
classic	reagent-item-type-name	0xa7fc90	0xa84bc5	jmp	0xa850e1
classic	reagent-item-type-name	0xa7fc90	0xa84bc5	indirect-jmp	0x140a850e1
classic	reagent-item-type-name	0xa7fc90	0xa84bd6	jmp	0xa85127
classic	reagent-item-type-name	0xa7fc90	0xa84bd6	indirect-jmp	0x140a85127
classic	reagent-item-type-name	0xa7fc90	0xa84bde	je	0xa84bf9
classic	reagent-item-type-name	0xa7fc90	0xa84c14	js	0xa84c37
classic	reagent-item-type-name	0xa7fc90	0xa84c29	je	0xa84cd7
classic	reagent-item-type-name	0xa7fc90	0xa84c35	jns	0xa84c20
classic	reagent-item-type-name	0xa7fc90	0xa84c44	jne	0xa84c4a
classic	reagent-item-type-name	0xa7fc90	0xa84c48	je	0xa84c99
classic	reagent-item-type-name	0xa7fc90	0xa84c9c	je	0xa84d31
classic	reagent-item-type-name	0xa7fc90	0xa84cb7	je	0xa8471b
classic	reagent-item-type-name	0xa7fc90	0xa84cc4	jle	0xa84d1b
classic	reagent-item-type-name	0xa7fc90	0xa84cd1	jge	0xa84d1b
classic	reagent-item-type-name	0xa7fc90	0xa84cd5	jmp	0xa84d1d
classic	reagent-item-type-name	0xa7fc90	0xa84cd5	indirect-jmp	0x140a84d1d
classic	reagent-item-type-name	0xa7fc90	0xa84ce4	je	0xa84c3a
classic	reagent-item-type-name	0xa7fc90	0xa84cf2	je	0xa84c3a
classic	reagent-item-type-name	0xa7fc90	0xa84d16	jmp	0xa84c3a
classic	reagent-item-type-name	0xa7fc90	0xa84d16	indirect-jmp	0x140a84c3a
classic	reagent-item-type-name	0xa7fc90	0xa84d1f	je	0xa8471b
classic	reagent-item-type-name	0xa7fc90	0xa84d2c	jmp	0xa848f4
classic	reagent-item-type-name	0xa7fc90	0xa84d2c	indirect-jmp	0x140a848f4
classic	reagent-item-type-name	0xa7fc90	0xa84d46	jmp	0xa850eb
classic	reagent-item-type-name	0xa7fc90	0xa84d46	indirect-jmp	0x140a850eb
classic	reagent-item-type-name	0xa7fc90	0xa84d4e	je	0xa84d76
classic	reagent-item-type-name	0xa7fc90	0xa84d91	js	0xa84db7
classic	reagent-item-type-name	0xa7fc90	0xa84da9	je	0xa84e3c
classic	reagent-item-type-name	0xa7fc90	0xa84db5	jns	0xa84da0
classic	reagent-item-type-name	0xa7fc90	0xa84dc4	jne	0xa84dca
classic	reagent-item-type-name	0xa7fc90	0xa84dc8	je	0xa84e19
classic	reagent-item-type-name	0xa7fc90	0xa84e1c	jne	0xa84ca2
classic	reagent-item-type-name	0xa7fc90	0xa84e37	jmp	0xa850eb
classic	reagent-item-type-name	0xa7fc90	0xa84e37	indirect-jmp	0x140a850eb
classic	reagent-item-type-name	0xa7fc90	0xa84e49	je	0xa84dba
classic	reagent-item-type-name	0xa7fc90	0xa84e57	je	0xa84dba
classic	reagent-item-type-name	0xa7fc90	0xa84e7b	jmp	0xa84dba
classic	reagent-item-type-name	0xa7fc90	0xa84e7b	indirect-jmp	0x140a84dba
classic	reagent-item-type-name	0xa7fc90	0xa84e9b	js	0xa84eb6
classic	reagent-item-type-name	0xa7fc90	0xa84ea9	je	0xa84f3c
classic	reagent-item-type-name	0xa7fc90	0xa84eb4	jns	0xa84ea0
classic	reagent-item-type-name	0xa7fc90	0xa84eb9	je	0xa84ed4
classic	reagent-item-type-name	0xa7fc90	0xa84ede	jne	0xa84ee4
classic	reagent-item-type-name	0xa7fc90	0xa84ee2	je	0xa84f22
classic	reagent-item-type-name	0xa7fc90	0xa84f37	jmp	0xa850eb
classic	reagent-item-type-name	0xa7fc90	0xa84f37	indirect-jmp	0x140a850eb
classic	reagent-item-type-name	0xa7fc90	0xa84f46	je	0xa84eb6
classic	reagent-item-type-name	0xa7fc90	0xa84f4f	jle	0xa84f78
classic	reagent-item-type-name	0xa7fc90	0xa84f59	je	0xa84f78
classic	reagent-item-type-name	0xa7fc90	0xa84f7b	je	0xa84f93
classic	reagent-item-type-name	0xa7fc90	0xa84f9b	je	0xa84fbb
classic	reagent-item-type-name	0xa7fc90	0xa84fc5	jne	0xa84fde
classic	reagent-item-type-name	0xa7fc90	0xa84fc9	jne	0xa84fde
classic	reagent-item-type-name	0xa7fc90	0xa84fd3	je	0xa8501d
classic	reagent-item-type-name	0xa7fc90	0xa84fdc	jmp	0xa8500b
classic	reagent-item-type-name	0xa7fc90	0xa84fdc	indirect-jmp	0x140a8500b
classic	reagent-item-type-name	0xa7fc90	0xa85032	je	0xa8471b
classic	reagent-item-type-name	0xa7fc90	0xa8503f	jle	0xa85052
classic	reagent-item-type-name	0xa7fc90	0xa8504c	jge	0xa85052
classic	reagent-item-type-name	0xa7fc90	0xa85050	jmp	0xa85054
classic	reagent-item-type-name	0xa7fc90	0xa85050	indirect-jmp	0x140a85054
classic	reagent-item-type-name	0xa7fc90	0xa85056	je	0xa8471b
classic	reagent-item-type-name	0xa7fc90	0xa85063	jmp	0xa848f4
classic	reagent-item-type-name	0xa7fc90	0xa85063	indirect-jmp	0x140a848f4
classic	reagent-item-type-name	0xa7fc90	0xa85072	jne	0xa85078
classic	reagent-item-type-name	0xa7fc90	0xa85076	je	0xa850c6
classic	reagent-item-type-name	0xa7fc90	0xa850df	je	0xa85127
classic	reagent-item-type-name	0xa7fc90	0xa850ef	jle	0xa85127
classic	reagent-item-type-name	0xa7fc90	0xa85230	jb	0xa85276
classic	reagent-item-type-name	0xa7fc90	0xa85278	jmp	0xaa8faa4
classic	reagent-item-type-name	0xa7fc90	0xa85278	indirect-jmp	0x14aa8faa4
classic	reaction-class-token-space	0x722450	0x72247a	je	0x722523
classic	reaction-class-token-space	0x722450	0x722494	jbe	0x722499
classic	reaction-class-token-space	0x722450	0x7224b6	jbe	0x7224e4
classic	reaction-class-token-space	0x722450	0x7224c2	jbe	0x7224c9
classic	reaction-class-token-space	0x722450	0x7224c7	jmp	0x7224d5
classic	reaction-class-token-space	0x722450	0x7224c7	indirect-jmp	0x1407224d5
classic	reaction_reagent_itemst-description	0xed75d0	0xed7660	je	0xed767a
classic	reaction_reagent_itemst-description	0xed75d0	0xed766b	jbe	0xed7670
classic	reaction_reagent_itemst-description	0xed75d0	0xed768e	je	0xed76a7
classic	reaction_reagent_itemst-description	0xed75d0	0xed7699	jbe	0xed769e
classic	reaction_reagent_itemst-description	0xed75d0	0xed76d0	je	0xed76e9
