edition	role	owner_rva	instruction_rva	instruction	target_rva
steam	craft-render	0x27bd70	0x27be0d	call	0x27ffb0
steam	craft-render	0x27bd70	0x27be78	call	0xbb190
steam	craft-render	0x27bd70	0x27be8d	jmp	0x27bef4
steam	craft-render	0x27bd70	0x27bea0	jmp	0x27befb
steam	craft-render	0x27bd70	0x27bea8	jmp	0x27befb
steam	craft-render	0x27bd70	0x27beba	jmp	0x27bef4
steam	craft-render	0x27bd70	0x27becd	jmp	0x27befb
steam	craft-render	0x27bd70	0x27bed5	jmp	0x27befb
steam	craft-render	0x27bd70	0x27bee2	jmp	0x27bef4
steam	craft-render	0x27bd70	0x27befb	call	0xadaad0
steam	craft-render	0x27bd70	0x27bf55	jmp	0x27bf65
steam	craft-render	0x27bd70	0x27bf5f	jmp	0x27bf65
steam	craft-render	0x27bd70	0x27bf6c	call	0xadaad0
steam	craft-render	0x27bd70	0x27bfe2	call	0xad9960
steam	craft-render	0x27bd70	0x27c023	call	0x1539680
steam	craft-render	0x27bd70	0x27c0cc	jmp	0x27c10e
steam	craft-render	0x27bd70	0x27c0ed	call	0x707d0
steam	craft-render	0x27bd70	0x27c108	call	0x153aa78
steam	craft-render	0x27bd70	0x27c14f	call	0x6fa10
steam	craft-render	0x27bd70	0x27c180	call	0x6fa10
steam	craft-render	0x27bd70	0x27c196	call	0x6fa10
steam	craft-render	0x27bd70	0x27c1f3	call	0x6fa10
steam	craft-render	0x27bd70	0x27c225	call	0x6fa10
steam	craft-render	0x27bd70	0x27c234	call	0x52c130
steam	craft-render	0x27bd70	0x27c24a	call	0x6fa10
steam	craft-render	0x27bd70	0x27c28d	call	0x6fa10
steam	craft-render	0x27bd70	0x27c2a3	call	0x6fa10
steam	craft-render	0x27bd70	0x27c2ad	call	0x6f850
steam	craft-render	0x27bd70	0x27c2c3	call	0x6fa10
steam	craft-render	0x27bd70	0x27c2cc	call	0x52d650
steam	craft-render	0x27bd70	0x27c2df	call	0xad9960
steam	craft-render	0x27bd70	0x27c2e9	call	0x6f850
steam	craft-render	0x27bd70	0x27c2ee	jmp	0x27c46f
steam	craft-render	0x27bd70	0x27c2ff	call	0x707d0
steam	craft-render	0x27bd70	0x27c352	call	0xad9960
steam	craft-render	0x27bd70	0x27c35c	call	0x6f850
steam	craft-render	0x27bd70	0x27c361	jmp	0x27c46f
steam	craft-render	0x27bd70	0x27c372	call	0x707d0
steam	craft-render	0x27bd70	0x27c3ba	call	0xad9960
steam	craft-render	0x27bd70	0x27c3c0	jmp	0x27c434
steam	craft-render	0x27bd70	0x27c3ce	call	0x707d0
steam	craft-render	0x27bd70	0x27c42e	call	0xad9960
steam	craft-render	0x27bd70	0x27c46a	call	0x1539680
steam	craft-render	0x27bd70	0x27c4b5	jmp	0x27c4bc
steam	craft-render	0x27bd70	0x27c50a	call	0x707d0
steam	craft-render	0x27bd70	0x27c547	call	0xad9960
steam	craft-render	0x27bd70	0x27c58a	call	0x1539680
steam	craft-render	0x27bd70	0x27c58f	jmp	0x27c65f
steam	craft-render	0x27bd70	0x27c5a0	call	0x707d0
steam	craft-render	0x27bd70	0x27c5f7	call	0xad9960
steam	craft-render	0x27bd70	0x27c5fd	jmp	0x27c656
steam	craft-render	0x27bd70	0x27c60b	call	0x707d0
steam	craft-render	0x27bd70	0x27c650	call	0xad9960
steam	craft-render	0x27bd70	0x27c65a	call	0x6f850
steam	craft-render	0x27bd70	0x27c6d7	jmp	0x27c6e9
steam	craft-render	0x27bd70	0x27c6e0	jmp	0x27c6e9
steam	craft-render	0x27bd70	0x27c6f1	call	0xc7cbc0
steam	craft-render	0x27bd70	0x27c760	call	0xadaad0
steam	craft-render	0x27bd70	0x27c786	call	0xbb190
steam	craft-render	0x27bd70	0x27c796	jmp	0x27c7f6
steam	craft-render	0x27bd70	0x27c7c0	call	0xadaad0
steam	craft-render	0x27bd70	0x27c7e6	call	0xbb190
steam	craft-render	0x27bd70	0x27c861	call	0xadad70
steam	craft-render	0x27bd70	0x27c869	jmp	0x27c882
steam	craft-render	0x27bd70	0x27c8b4	call	0xc394b0
steam	craft-render	0x27bd70	0x27c915	jmp	0x27c91e
steam	craft-render	0x27bd70	0x27c92f	call	0xc65450
steam	craft-render	0x27bd70	0x27c938	call	0x52d650
steam	craft-render	0x27bd70	0x27c93d	jmp	0x27ca6b
steam	craft-render	0x27bd70	0x27c961	call	0x52d650
steam	craft-render	0x27bd70	0x27c966	jmp	0x27ca6b
steam	craft-render	0x27bd70	0x27c9b9	jmp	0x27ca58
steam	craft-render	0x27bd70	0x27ca06	call	0x153ae14
steam	craft-render	0x27bd70	0x27ca18	jmp	0x27c9d0
steam	craft-render	0x27bd70	0x27ca44	call	0x6f8d0
steam	craft-render	0x27bd70	0x27ca61	call	0x52d650
steam	craft-render	0x27bd70	0x27cabd	jmp	0x27cb18
steam	craft-render	0x27bd70	0x27cad3	jmp	0x27ca40
steam	craft-render	0x27bd70	0x27cafb	call	0x6f8d0
steam	craft-render	0x27bd70	0x27cb00	jmp	0x27ca5d
steam	craft-render	0x27bd70	0x27cb13	call	0xe12b0
steam	craft-render	0x27bd70	0x27cb65	call	0xad9960
steam	craft-render	0x27bd70	0x27cbb7	call	0xc73230
steam	craft-render	0x27bd70	0x27cbda	call	0x707d0
steam	craft-render	0x27bd70	0x27cc1c	call	0xad9960
steam	craft-render	0x27bd70	0x27cc22	jmp	0x27cd80
steam	craft-render	0x27bd70	0x27cc7f	call	0x707d0
steam	craft-render	0x27bd70	0x27ccc6	call	0xad9960
steam	craft-render	0x27bd70	0x27cccc	jmp	0x27cd80
steam	craft-render	0x27bd70	0x27cd20	call	0x707d0
steam	craft-render	0x27bd70	0x27cd7a	call	0xad9960
steam	craft-render	0x27bd70	0x27cdba	call	0x1539680
steam	craft-render	0x27bd70	0x27cdbf	jmp	0x27d1b1
steam	craft-render	0x27bd70	0x27ce2c	call	0x153ae14
steam	craft-render	0x27bd70	0x27ce43	jmp	0x27cdf8
steam	craft-render	0x27bd70	0x27ce64	call	0x6f8d0
steam	craft-render	0x27bd70	0x27ceb6	jmp	0x27cec7
steam	craft-render	0x27bd70	0x27cec2	call	0xe12b0
steam	craft-render	0x27bd70	0x27ced5	call	0xad9960
steam	craft-render	0x27bd70	0x27cedf	jmp	0x27d1ac
steam	craft-render	0x27bd70	0x27cf4f	call	0x6fa10
steam	craft-render	0x27bd70	0x27cf54	jmp	0x27d13f
steam	craft-render	0x27bd70	0x27cfb2	call	0x6fa10
steam	craft-render	0x27bd70	0x27cfc8	call	0x6fa10
steam	craft-render	0x27bd70	0x27cffc	call	0x52c2b0
steam	craft-render	0x27bd70	0x27d017	call	0x6fa10
steam	craft-render	0x27bd70	0x27d053	call	0x1539680
steam	craft-render	0x27bd70	0x27d069	call	0x6fa10
steam	craft-render	0x27bd70	0x27d09a	call	0x6fa10
steam	craft-render	0x27bd70	0x27d0b0	call	0x6fa10
steam	craft-render	0x27bd70	0x27d0d8	call	0x6fa10
steam	craft-render	0x27bd70	0x27d114	call	0x1539680
steam	craft-render	0x27bd70	0x27d183	jmp	0x27d194
steam	craft-render	0x27bd70	0x27d18f	call	0xe12b0
steam	craft-render	0x27bd70	0x27d1a2	call	0xad9960
steam	craft-render	0x27bd70	0x27d1ac	call	0x6f850
steam	craft-render	0x27bd70	0x27d1c0	call	0x6f850
steam	craft-render	0x27bd70	0x27d1f7	jmp	0x27c6b0
steam	craft-render	0x27bd70	0x27d256	call	0xbb3b0
steam	craft-render	0x27bd70	0x27d280	call	0x140f4d0
steam	craft-render	0x27bd70	0x27d28c	call	0x1539660
steam	craft-render	0x27bd70	0x27d2a5	call	0x65890
steam	craft-input	0x27d2b0	0x27d33a	jmp	0x27d342
steam	craft-input	0x27d2b0	0x27d35e	call	0xe1170
steam	craft-input	0x27d2b0	0x27d368	call	0x7e43c0
steam	craft-input	0x27d2b0	0x27d38d	call	0x2810a0
steam	craft-input	0x27d2b0	0x27d392	jmp	0x27d5be
steam	craft-input	0x27d2b0	0x27d451	call	0xbb3b0
steam	craft-input	0x27d2b0	0x27d46f	call	0x140f2b0
steam	craft-input	0x27d2b0	0x27d4a2	call	0xa9cb20
steam	craft-input	0x27d2b0	0x27d522	call	0xbb3b0
steam	craft-input	0x27d2b0	0x27d535	jmp	0x27d5a3
steam	craft-input	0x27d2b0	0x27d53b	jmp	0x27d480
steam	craft-input	0x27d2b0	0x27d55a	jmp	0x27d5a0
steam	craft-input	0x27d2b0	0x27d5a7	call	0xbb3b0
steam	craft-input	0x27d2b0	0x27d5e8	jmp	0x27d5b5
steam	craft-input	0x27d2b0	0x27d61a	jmp	0x27dfc1
steam	craft-input	0x27d2b0	0x27d64b	call	0x7e43c0
steam	craft-input	0x27d2b0	0x27d65a	jmp	0x27dfc1
steam	craft-input	0x27d2b0	0x27d6c4	jmp	0x27d5be
steam	craft-input	0x27d2b0	0x27d74b	call	0xbb3b0
steam	craft-input	0x27d2b0	0x27d773	jmp	0x27d5be
steam	craft-input	0x27d2b0	0x27d79a	jmp	0x27d5be
steam	craft-input	0x27d2b0	0x27d7b2	jmp	0x27d5be
steam	craft-input	0x27d2b0	0x27d7d0	jmp	0x27d5be
steam	craft-input	0x27d2b0	0x27d7e8	jmp	0x27d5be
steam	craft-input	0x27d2b0	0x27d859	jmp	0x27d861
steam	craft-input	0x27d2b0	0x27d899	jmp	0x27d89f
steam	craft-input	0x27d2b0	0x27d8a2	call	0xe1170
steam	craft-input	0x27d2b0	0x27d8e5	jmp	0x27d830
steam	craft-input	0x27d2b0	0x27d8f4	call	0xe1170
steam	craft-input	0x27d2b0	0x27d935	call	0x2810a0
steam	craft-input	0x27d2b0	0x27d93a	jmp	0x27d5be
steam	craft-input	0x27d2b0	0x27d956	call	0x2810a0
steam	craft-input	0x27d2b0	0x27d95b	jmp	0x27d5be
steam	craft-input	0x27d2b0	0x27d973	call	0x2810a0
steam	craft-input	0x27d2b0	0x27d978	jmp	0x27d5be
steam	craft-input	0x27d2b0	0x27d998	call	0xb530b0
steam	craft-input	0x27d2b0	0x27d9ba	call	0x1539690
steam	craft-input	0x27d2b0	0x27da08	call	0x1539690
steam	craft-input	0x27d2b0	0x27da79	call	0xb9e70
steam	craft-input	0x27d2b0	0x27da7e	call	0x1043f0
steam	craft-input	0x27d2b0	0x27dab6	jmp	0x27dfc1
steam	craft-input	0x27d2b0	0x27dbbd	jmp	0x27dbc2
steam	craft-input	0x27d2b0	0x27dbdd	jmp	0x27dbe5
steam	craft-input	0x27d2b0	0x27dbfd	call	0xe1170
steam	craft-input	0x27d2b0	0x27dc09	jmp	0x27dc10
steam	craft-input	0x27d2b0	0x27dc2d	jmp	0x27dc35
steam	craft-input	0x27d2b0	0x27dc4d	call	0xe1170
steam	craft-input	0x27d2b0	0x27dc59	jmp	0x27dc60
steam	craft-input	0x27d2b0	0x27dc7d	jmp	0x27dc85
steam	craft-input	0x27d2b0	0x27dc9d	call	0xe1170
steam	craft-input	0x27d2b0	0x27dca8	jmp	0x27dcae
steam	craft-input	0x27d2b0	0x27dccd	jmp	0x27dcd5
steam	craft-input	0x27d2b0	0x27dced	call	0xe1170
steam	craft-input	0x27d2b0	0x27dcf8	jmp	0x27dcfe
steam	craft-input	0x27d2b0	0x27dd1a	jmp	0x27dd22
steam	craft-input	0x27d2b0	0x27dd37	call	0xe1170
steam	craft-input	0x27d2b0	0x27dd3c	jmp	0x27dd47
steam	craft-input	0x27d2b0	0x27dd62	call	0xb530b0
steam	craft-input	0x27d2b0	0x27dd84	call	0x1539690
steam	craft-input	0x27d2b0	0x27ddd2	call	0x1539690
steam	craft-input	0x27d2b0	0x27de1f	call	0x1539690
steam	craft-input	0x27d2b0	0x27de2d	call	0xc39cd0
steam	craft-input	0x27d2b0	0x27deb6	jmp	0x27dec0
steam	craft-input	0x27d2b0	0x27deca	call	0xeb68b0
steam	craft-input	0x27d2b0	0x27df08	call	0x14d760
steam	craft-input	0x27d2b0	0x27df5a	call	0x14c4f0
steam	craft-input	0x27d2b0	0x27df88	call	0xb9e70
steam	craft-input	0x27d2b0	0x27df8d	call	0x1043f0
steam	craft-input	0x27d2b0	0x27dfd9	jmp	0x27d5c0
steam	craft-input	0x27d2b0	0x27dfea	call	0xe1170
steam	craft-input	0x27d2b0	0x27e01e	call	0xba0a0
steam	craft-input	0x27d2b0	0x27e038	call	0x931860
steam	craft-input	0x27d2b0	0x27e03d	jmp	0x27e066
steam	craft-input	0x27d2b0	0x27e061	call	0xa92860
steam	craft-input	0x27d2b0	0x27e07d	call	0x1fc150
steam	craft-input	0x27d2b0	0x27e082	jmp	0x27d5be
steam	craft-input	0x27d2b0	0x27e096	call	0x2810a0
steam	craft-input	0x27d2b0	0x27e09b	jmp	0x27d5be
steam	craft-input	0x27d2b0	0x27e0ae	call	0x2810a0
steam	craft-input	0x27d2b0	0x27e0b3	jmp	0x27d5be
steam	craft-input	0x27d2b0	0x27e0ca	call	0x2810a0
steam	craft-input	0x27d2b0	0x27e0cf	jmp	0x27d5be
steam	craft-input	0x27d2b0	0x27e15d	jmp	0x27e165
steam	craft-input	0x27d2b0	0x27e17d	call	0xe1170
steam	craft-input	0x27d2b0	0x27e1a3	jmp	0x27e1ab
steam	craft-input	0x27d2b0	0x27e1c3	call	0xe1170
steam	craft-input	0x27d2b0	0x27e1d6	call	0xe1170
steam	craft-input	0x27d2b0	0x27e1ec	call	0x2810a0
steam	craft-input	0x27d2b0	0x27e1f1	jmp	0x27d5be
steam	craft-input	0x27d2b0	0x27e201	call	0xe1170
steam	craft-input	0x27d2b0	0x27e228	call	0xb530b0
steam	craft-input	0x27d2b0	0x27e24a	call	0x1539690
steam	craft-input	0x27d2b0	0x27e298	call	0x1539690
steam	craft-input	0x27d2b0	0x27e2f5	jmp	0x27d5be
steam	butcher-and-reagent-selection	0x27e300	0x27e3ba	jmp	0x27e3c2
steam	butcher-and-reagent-selection	0x27e300	0x27e3d9	call	0x7e43c0
steam	butcher-and-reagent-selection	0x27e300	0x27e3e8	call	0xe1170
steam	butcher-and-reagent-selection	0x27e300	0x27e3f0	jmp	0x27f201
steam	butcher-and-reagent-selection	0x27e300	0x27e3f8	call	0x27ffb0
steam	butcher-and-reagent-selection	0x27e300	0x27e4bc	call	0xbb3b0
steam	butcher-and-reagent-selection	0x27e300	0x27e4d2	call	0x140f2b0
steam	butcher-and-reagent-selection	0x27e300	0x27e503	call	0xa9cb20
steam	butcher-and-reagent-selection	0x27e300	0x27e578	call	0xbb3b0
steam	butcher-and-reagent-selection	0x27e300	0x27e588	jmp	0x27e5f6
steam	butcher-and-reagent-selection	0x27e300	0x27e5ad	jmp	0x27e5fa
steam	butcher-and-reagent-selection	0x27e300	0x27e5ff	call	0xbb3b0
steam	butcher-and-reagent-selection	0x27e300	0x27e61d	call	0x1539660
steam	butcher-and-reagent-selection	0x27e300	0x27e641	jmp	0x27e60b
steam	butcher-and-reagent-selection	0x27e300	0x27e670	jmp	0x27f1fe
steam	butcher-and-reagent-selection	0x27e300	0x27e6ac	call	0x7e43c0
steam	butcher-and-reagent-selection	0x27e300	0x27e6b8	jmp	0x27f1fe
steam	butcher-and-reagent-selection	0x27e300	0x27e74a	call	0xbb3b0
steam	butcher-and-reagent-selection	0x27e300	0x27e76e	jmp	0x27e614
steam	butcher-and-reagent-selection	0x27e300	0x27e794	jmp	0x27e614
steam	butcher-and-reagent-selection	0x27e300	0x27e7a7	jmp	0x27e614
steam	butcher-and-reagent-selection	0x27e300	0x27e7c6	jmp	0x27e614
steam	butcher-and-reagent-selection	0x27e300	0x27e7df	jmp	0x27e614
steam	butcher-and-reagent-selection	0x27e300	0x27e849	jmp	0x27e851
steam	butcher-and-reagent-selection	0x27e300	0x27e864	jmp	0x27e868
steam	butcher-and-reagent-selection	0x27e300	0x27e887	jmp	0x27e88d
steam	butcher-and-reagent-selection	0x27e300	0x27e892	call	0xe1170
steam	butcher-and-reagent-selection	0x27e300	0x27e8d5	jmp	0x27e815
steam	butcher-and-reagent-selection	0x27e300	0x27e8e6	call	0xe1170
steam	butcher-and-reagent-selection	0x27e300	0x27e94a	jmp	0x27e955
steam	butcher-and-reagent-selection	0x27e300	0x27e950	call	0xbad30
steam	butcher-and-reagent-selection	0x27e300	0x27e97c	jmp	0x27e98a
steam	butcher-and-reagent-selection	0x27e300	0x27e985	call	0x70e20
steam	butcher-and-reagent-selection	0x27e300	0x27e99f	call	0x153ae1a
steam	butcher-and-reagent-selection	0x27e300	0x27e9c6	jmp	0x27e616
steam	butcher-and-reagent-selection	0x27e300	0x27e9f7	call	0x2801a0
steam	butcher-and-reagent-selection	0x27e300	0x27ea12	call	0x2804b0
steam	butcher-and-reagent-selection	0x27e300	0x27ea1a	jmp	0x27f201
steam	butcher-and-reagent-selection	0x27e300	0x27ea75	jmp	0x27ea50
steam	butcher-and-reagent-selection	0x27e300	0x27ea89	call	0xc8baa0
steam	butcher-and-reagent-selection	0x27e300	0x27ea8e	jmp	0x27eab4
steam	butcher-and-reagent-selection	0x27e300	0x27eb38	call	0x6f8d0
steam	butcher-and-reagent-selection	0x27e300	0x27eb6a	call	0xc65450
steam	butcher-and-reagent-selection	0x27e300	0x27eb85	call	0x6fa10
steam	butcher-and-reagent-selection	0x27e300	0x27eb98	call	0x6fa10
steam	butcher-and-reagent-selection	0x27e300	0x27ebac	call	0xe3c20
steam	butcher-and-reagent-selection	0x27e300	0x27ece6	jmp	0x27ecfb
steam	butcher-and-reagent-selection	0x27e300	0x27ed4d	jmp	0x27edf2
steam	butcher-and-reagent-selection	0x27e300	0x27ede9	jmp	0x27edf2
steam	butcher-and-reagent-selection	0x27e300	0x27ee95	call	0x1463a20
steam	butcher-and-reagent-selection	0x27e300	0x27ee9a	jmp	0x27eecb
steam	butcher-and-reagent-selection	0x27e300	0x27eec6	call	0x14af2f0
steam	butcher-and-reagent-selection	0x27e300	0x27ef10	call	0x1368990
steam	butcher-and-reagent-selection	0x27e300	0x27ef21	call	0xa8fea0
steam	butcher-and-reagent-selection	0x27e300	0x27ef44	call	0xc634f0
steam	butcher-and-reagent-selection	0x27e300	0x27ef52	call	0xcc83e0
steam	butcher-and-reagent-selection	0x27e300	0x27ef7a	call	0x284f10
steam	butcher-and-reagent-selection	0x27e300	0x27ef83	call	0xc67590
steam	butcher-and-reagent-selection	0x27e300	0x27efc4	call	0x1539680
steam	butcher-and-reagent-selection	0x27e300	0x27f016	call	0x1539680
steam	butcher-and-reagent-selection	0x27e300	0x27f01d	jmp	0x27e616
steam	butcher-and-reagent-selection	0x27e300	0x27f054	call	0xc73230
steam	butcher-and-reagent-selection	0x27e300	0x27f0c7	jmp	0x27f0d5
steam	butcher-and-reagent-selection	0x27e300	0x27f0d0	call	0xbad30
steam	butcher-and-reagent-selection	0x27e300	0x27f0e4	jmp	0x27e614
steam	butcher-and-reagent-selection	0x27e300	0x27f152	jmp	0x27e616
steam	butcher-and-reagent-selection	0x27e300	0x27f176	call	0x6f8d0
steam	butcher-and-reagent-selection	0x27e300	0x27f17e	call	0x27f590
steam	butcher-and-reagent-selection	0x27e300	0x27f183	jmp	0x27e614
steam	butcher-and-reagent-selection	0x27e300	0x27f1de	call	0x2801a0
steam	butcher-and-reagent-selection	0x27e300	0x27f1f9	call	0x2804b0
steam	butcher-and-reagent-selection	0x27e300	0x27f219	jmp	0x27e616
steam	butcher-and-reagent-selection	0x27e300	0x27f221	call	0x280010
steam	butcher-and-reagent-selection	0x27e300	0x27f226	jmp	0x27e614
steam	reagent-availability	0x27f230	0x27f2db	call	0xbb3b0
steam	reagent-availability	0x27f230	0x27f2ea	jmp	0x27f34d
steam	reagent-availability	0x27f230	0x27f30a	jmp	0x27f350
steam	reagent-availability	0x27f230	0x27f354	call	0xbb3b0
steam	reagent-candidates	0x27f390	0x27f3bf	call	0x280360
steam	reagent-candidates	0x27f390	0x27f3da	call	0x2804b0
steam	reagent-candidates	0x27f390	0x27f40a	jmp	0x27f3e2
steam	reagent-candidates	0x27f390	0x27f41a	jmp	0x27f3da
steam	reagent-candidates	0x27f390	0x27f44e	call	0x27ffb0
steam	reagent-candidates	0x27f390	0x27f4e4	call	0xbb3b0
steam	reagent-candidates	0x27f390	0x27f4f3	jmp	0x27f556
steam	reagent-candidates	0x27f390	0x27f513	jmp	0x27f559
steam	reagent-candidates	0x27f390	0x27f55d	call	0xbb3b0
steam	reagent-candidates	0x27f390	0x27f56d	jmp	0x27f573
steam	category-tree-builder	0x27f590	0x27f5ea	call	0xbb9b0
steam	category-tree-builder	0x27f590	0x27f61f	jmp	0x27f631
steam	category-tree-builder	0x27f590	0x27f62c	call	0xbad30
steam	category-tree-builder	0x27f590	0x27f636	call	0x1539690
steam	category-tree-builder	0x27f590	0x27f66c	call	0x6f8d0
steam	category-tree-builder	0x27f590	0x27f683	jmp	0x27f695
steam	category-tree-builder	0x27f590	0x27f690	call	0xbad30
steam	category-tree-builder	0x27f590	0x27f7fb	call	0x5587b0
steam	category-tree-builder	0x27f590	0x27f80d	jmp	0x27f838
steam	category-tree-builder	0x27f590	0x27f82b	jmp	0x27f740
steam	category-tree-builder	0x27f590	0x27f8a6	jmp	0x27f8b5
steam	category-tree-builder	0x27f590	0x27f8b0	call	0xbad30
steam	category-tree-builder	0x27f590	0x27f8ba	call	0x1539690
steam	category-tree-builder	0x27f590	0x27f8f0	call	0x6f8d0
steam	category-tree-builder	0x27f590	0x27f907	jmp	0x27fa2c
steam	category-tree-builder	0x27f590	0x27f917	call	0xbad30
steam	category-tree-builder	0x27f590	0x27f91c	jmp	0x27fa2c
steam	category-tree-builder	0x27f590	0x27f960	call	0x153ae14
steam	category-tree-builder	0x27f590	0x27f971	jmp	0x27f930
steam	category-tree-builder	0x27f590	0x27f9b8	call	0x153ae14
steam	category-tree-builder	0x27f590	0x27f9c5	jmp	0x27f981
steam	category-tree-builder	0x27f590	0x27fa10	call	0x153ae14
steam	category-tree-builder	0x27f590	0x27fa1d	jmp	0x27f9e0
steam	category-tree-builder	0x27f590	0x27fa57	jmp	0x27feda
steam	category-tree-builder	0x27f590	0x27fa8a	call	0x153ae14
steam	category-tree-builder	0x27f590	0x27fa97	jmp	0x27fa61
steam	category-tree-builder	0x27f590	0x27fac9	call	0xbb770
steam	category-tree-builder	0x27f590	0x27face	jmp	0x27fa2c
steam	category-tree-builder	0x27f590	0x27fade	call	0xbad30
steam	category-tree-builder	0x27f590	0x27faee	call	0xbb770
steam	category-tree-builder	0x27f590	0x27faf3	jmp	0x27fa2c
steam	category-tree-builder	0x27f590	0x27fc5b	call	0x5587b0
steam	category-tree-builder	0x27f590	0x27fc6d	jmp	0x27fc98
steam	category-tree-builder	0x27f590	0x27fc8b	jmp	0x27fba0
steam	category-tree-builder	0x27f590	0x27fd1f	call	0x153ae14
steam	category-tree-builder	0x27f590	0x27fd41	jmp	0x27fd50
steam	category-tree-builder	0x27f590	0x27fd4b	call	0xbad30
steam	category-tree-builder	0x27f590	0x27fd55	call	0x1539690
steam	category-tree-builder	0x27f590	0x27fd8b	call	0x6f8d0
steam	category-tree-builder	0x27f590	0x27fda7	jmp	0x27fec4
steam	category-tree-builder	0x27f590	0x27fdb7	call	0xbad30
steam	category-tree-builder	0x27f590	0x27fdbc	jmp	0x27fec4
steam	category-tree-builder	0x27f590	0x27fe04	call	0x153ae14
steam	category-tree-builder	0x27f590	0x27fe11	jmp	0x27fdd0
steam	category-tree-builder	0x27f590	0x27fe58	call	0x153ae14
steam	category-tree-builder	0x27f590	0x27fe9f	call	0x153ae14
steam	category-tree-builder	0x27f590	0x27feac	jmp	0x27fe73
steam	category-tree-builder	0x27f590	0x27ff3a	call	0x153ae14
steam	category-tree-builder	0x27f590	0x27ff4b	jmp	0x27ff11
steam	category-tree-builder	0x27f590	0x27ff77	call	0xbb770
steam	category-tree-builder	0x27f590	0x27ff7c	jmp	0x27febc
steam	category-tree-builder	0x27f590	0x27ff8c	call	0xbad30
steam	category-tree-builder	0x27f590	0x27ff97	call	0xbb770
steam	category-tree-builder	0x27f590	0x27ff9c	jmp	0x27febc
steam	reagent-item-matcher	0x280010	0x2800e6	jmp	0x2800f6
steam	reagent-item-matcher	0x280010	0x2800f1	call	0xbad30
steam	reagent-item-matcher	0x280010	0x28014e	jmp	0x280140
steam	reagent-item-matcher	0x280010	0x28016e	call	0x153ae1a
steam	reagent-choice	0x2801a0	0x2801d4	call	0x6f850
steam	reagent-choice	0x2801a0	0x2801e1	call	0x1539680
steam	reagent-choice	0x2801a0	0x2801ea	jmp	0x2801c4
steam	reagent-choice	0x2801a0	0x28023e	jmp	0x28027c
steam	reagent-choice	0x2801a0	0x280258	call	0x1fa110
steam	reagent-choice	0x2801a0	0x28025d	jmp	0x28027c
steam	reagent-choice	0x2801a0	0x280273	call	0x153aa96
steam	reagent-choice	0x2801a0	0x2802d8	call	0x1539690
steam	reagent-choice	0x2801a0	0x280323	call	0x6f8d0
steam	reagent-choice	0x2801a0	0x280330	jmp	0x280290
steam	reagent-choice	0x2801a0	0x280350	jmp	0x280360
steam	reaction-start	0x280360	0x28042c	call	0xb530b0
steam	reaction-start	0x280360	0x280495	call	0x1ffae0
steam	reaction-completion	0x2804b0	0x280566	call	0xed9630
steam	reaction-completion	0x2804b0	0x2805ce	jmp	0x2805a0
steam	reaction-completion	0x2804b0	0x2805da	call	0xbad30
steam	reaction-completion	0x2804b0	0x2805eb	jmp	0x2805a0
steam	reaction-completion	0x2804b0	0x28064b	jmp	0x280626
steam	reaction-completion	0x2804b0	0x28065f	call	0xc8baa0
steam	reaction-completion	0x2804b0	0x280669	jmp	0x280692
steam	reaction-completion	0x2804b0	0x280748	call	0xc65450
steam	reaction-completion	0x2804b0	0x280763	call	0x6fa10
steam	reaction-completion	0x2804b0	0x28076d	call	0x6f850
steam	reaction-completion	0x2804b0	0x280789	call	0x6fa10
steam	reaction-completion	0x2804b0	0x28078e	jmp	0x280833
steam	reaction-completion	0x2804b0	0x2807aa	call	0x6fa10
steam	reaction-completion	0x2804b0	0x2807d4	call	0xc65450
steam	reaction-completion	0x2804b0	0x2807ef	call	0x6fa10
steam	reaction-completion	0x2804b0	0x28082e	call	0x1539680
steam	reaction-completion	0x2804b0	0x280844	call	0x6fa10
steam	reaction-completion	0x2804b0	0x280859	call	0xe3c20
steam	reaction-completion	0x2804b0	0x280898	call	0x1539680
steam	reaction-completion	0x2804b0	0x280903	jmp	0x28095e
steam	reaction-completion	0x2804b0	0x280912	jmp	0x28095e
steam	reaction-completion	0x2804b0	0x28093a	jmp	0x28095e
steam	reaction-completion	0x2804b0	0x280959	jmp	0x28095e
steam	reaction-completion	0x2804b0	0x280962	call	0xe198e0
steam	reaction-completion	0x2804b0	0x280970	call	0x66b70
steam	reaction-completion	0x2804b0	0x2809de	jmp	0x2809c3
steam	reaction-completion	0x2804b0	0x280a08	jmp	0x2809b4
steam	reaction-completion	0x2804b0	0x280a14	call	0xbad30
steam	reaction-completion	0x2804b0	0x280a33	jmp	0x2809b4
steam	reaction-completion	0x2804b0	0x280a96	jmp	0x280a71
steam	reaction-completion	0x2804b0	0x280aaa	call	0xc8baa0
steam	reaction-completion	0x2804b0	0x280ab4	jmp	0x280add
steam	reaction-completion	0x2804b0	0x280b52	call	0x707d0
steam	reaction-completion	0x2804b0	0x280bbe	call	0xc65450
steam	reaction-completion	0x2804b0	0x280bd9	call	0x6fa10
steam	reaction-completion	0x2804b0	0x280be3	call	0x6f850
steam	reaction-completion	0x2804b0	0x280bff	call	0x6fa10
steam	reaction-completion	0x2804b0	0x280c04	jmp	0x280c70
steam	reaction-completion	0x2804b0	0x280c19	call	0x6fa10
steam	reaction-completion	0x2804b0	0x280c46	call	0xc65450
steam	reaction-completion	0x2804b0	0x280c61	call	0x6fa10
steam	reaction-completion	0x2804b0	0x280c6b	call	0x6f850
steam	reaction-completion	0x2804b0	0x280c81	call	0x6fa10
steam	reaction-completion	0x2804b0	0x280c96	call	0xe3c20
steam	reaction-completion	0x2804b0	0x280ca0	call	0x6f850
steam	reaction-completion	0x2804b0	0x280ca5	jmp	0x280ca9
steam	reaction-completion	0x2804b0	0x280d1a	jmp	0x280d75
steam	reaction-completion	0x2804b0	0x280d29	jmp	0x280d75
steam	reaction-completion	0x2804b0	0x280d51	jmp	0x280d75
steam	reaction-completion	0x2804b0	0x280d70	jmp	0x280d75
steam	reaction-completion	0x2804b0	0x280d79	call	0xe198e0
steam	reaction-completion	0x2804b0	0x280d83	call	0x66b70
steam	reaction-completion	0x2804b0	0x280e05	jmp	0x280de0
steam	reaction-completion	0x2804b0	0x280e19	call	0xc8baa0
steam	reaction-completion	0x2804b0	0x280e1e	jmp	0x280e47
steam	reaction-completion	0x2804b0	0x280ede	call	0x707d0
steam	reaction-completion	0x2804b0	0x280f39	call	0x773990
steam	reaction-completion	0x2804b0	0x280f42	call	0x52d080
steam	reaction-completion	0x2804b0	0x280f5d	call	0x6fa10
steam	reaction-completion	0x2804b0	0x280f8a	jmp	0x280f99
steam	reaction-completion	0x2804b0	0x280f99	call	0x6fa10
steam	reaction-completion	0x2804b0	0x280fa3	call	0x6f850
steam	reaction-completion	0x2804b0	0x280fa8	jmp	0x280fdb
steam	reaction-completion	0x2804b0	0x280faa	call	0x707d0
steam	reaction-completion	0x2804b0	0x280feb	call	0xe3c20
steam	reaction-completion	0x2804b0	0x280ff5	call	0x6f850
steam	reaction-completion	0x2804b0	0x281018	call	0x6f850
steam	reaction-completion	0x2804b0	0x281025	call	0x1539680
steam	reaction-completion	0x2804b0	0x28102e	jmp	0x281008
steam	reaction-completion	0x2804b0	0x28104b	call	0x66b70
steam	reaction-completion	0x2804b0	0x281055	call	0x66b70
steam	reaction-completion	0x2804b0	0x28105f	call	0x66b70
steam	reaction-completion	0x2804b0	0x28106b	call	0x1539660
steam	reaction-raw-parser	0xed1bd0	0xed1c92	call	0x6f8d0
steam	reaction-raw-parser	0xed1bd0	0xed1da1	jmp	0xed1e88
steam	reaction-raw-parser	0xed1bd0	0xed1dce	jmp	0xed1df1
steam	reaction-raw-parser	0xed1bd0	0xed1de4	jmp	0xed1df1
steam	reaction-raw-parser	0xed1bd0	0xed1dfa	call	0x707d0
steam	reaction-raw-parser	0xed1bd0	0xed1e20	call	0x153aa78
steam	reaction-raw-parser	0xed1bd0	0xed1e5d	call	0x1539680
steam	reaction-raw-parser	0xed1bd0	0xed1e62	jmp	0xed1e77
steam	reaction-raw-parser	0xed1bd0	0xed1e68	call	0x153aa78
steam	reaction-raw-parser	0xed1bd0	0xed1e99	jmp	0xed1d47
steam	reaction-raw-parser	0xed1bd0	0xed1ec7	call	0x153ae14
steam	reaction-raw-parser	0xed1bd0	0xed1fab	jmp	0xed1f40
steam	reaction-raw-parser	0xed1bd0	0xed1fe5	jmp	0xed2008
steam	reaction-raw-parser	0xed1bd0	0xed1ffb	jmp	0xed2008
steam	reaction-raw-parser	0xed1bd0	0xed200c	call	0x707d0
steam	reaction-raw-parser	0xed1bd0	0xed2038	call	0x153aa78
steam	reaction-raw-parser	0xed1bd0	0xed2075	call	0x1539680
steam	reaction-raw-parser	0xed1bd0	0xed207a	jmp	0xed2092
steam	reaction-raw-parser	0xed1bd0	0xed2083	call	0x153aa78
steam	reaction-raw-parser	0xed1bd0	0xed20ad	jmp	0xed1f40
steam	reaction-raw-parser	0xed1bd0	0xed20e5	call	0x6f8d0
steam	reaction-raw-parser	0xed1bd0	0xed212a	call	0x1539680
steam	reaction-raw-parser	0xed1bd0	0xed2170	call	0x1539680
steam	reaction-raw-parser	0xed1bd0	0xed2175	jmp	0xed21f5
steam	reaction-raw-parser	0xed1bd0	0xed21b3	call	0x1539680
steam	reaction-raw-parser	0xed1bd0	0xed21eb	call	0x1539680
steam	reaction-raw-parser	0xed1bd0	0xed2232	call	0x6f850
steam	reaction-raw-parser	0xed1bd0	0xed2241	call	0x1539660
steam	reaction-raw-parser	0xed1bd0	0xed2281	call	0x153ae14
steam	reaction-raw-parser	0xed1bd0	0xed238f	jmp	0xed231f
steam	reaction-raw-parser	0xed1bd0	0xed23c9	jmp	0xed23ec
steam	reaction-raw-parser	0xed1bd0	0xed23df	jmp	0xed23ec
steam	reaction-raw-parser	0xed1bd0	0xed23f0	call	0x707d0
steam	reaction-raw-parser	0xed1bd0	0xed241c	call	0x153aa78
steam	reaction-raw-parser	0xed1bd0	0xed2459	call	0x1539680
steam	reaction-raw-parser	0xed1bd0	0xed2471	jmp	0xed231f
steam	reaction-raw-parser	0xed1bd0	0xed247d	call	0x153aa78
steam	reaction-raw-parser	0xed1bd0	0xed249f	jmp	0xed231f
steam	reaction-raw-parser	0xed1bd0	0xed257b	jmp	0xed2506
steam	reaction-raw-parser	0xed1bd0	0xed25b7	jmp	0xed25da
steam	reaction-raw-parser	0xed1bd0	0xed25cd	jmp	0xed25da
steam	reaction-raw-parser	0xed1bd0	0xed25e3	call	0x707d0
steam	reaction-raw-parser	0xed1bd0	0xed2614	call	0x153aa78
steam	reaction-raw-parser	0xed1bd0	0xed2651	call	0x1539680
steam	reaction-raw-parser	0xed1bd0	0xed2656	jmp	0xed266e
steam	reaction-raw-parser	0xed1bd0	0xed265f	call	0x153aa78
steam	reaction-raw-parser	0xed1bd0	0xed2689	jmp	0xed2506
steam	reaction-raw-parser	0xed1bd0	0xed26a4	call	0x1539690
steam	reaction-raw-parser	0xed1bd0	0xed26ef	call	0x6f8d0
steam	reaction-raw-parser	0xed1bd0	0xed270f	jmp	0xed2722
steam	reaction-raw-parser	0xed1bd0	0xed271d	call	0xbad30
steam	reaction-raw-parser	0xed1bd0	0xed275b	jmp	0xed2763
steam	reaction-raw-parser	0xed1bd0	0xed278c	call	0x6f5d0
steam	reaction-raw-parser	0xed1bd0	0xed27a8	jmp	0xed27d9
steam	reaction-raw-parser	0xed1bd0	0xed2806	call	0x153ae14
steam	reaction-raw-parser	0xed1bd0	0xed2812	jmp	0xed2817
steam	reaction-raw-parser	0xed1bd0	0xed2849	call	0x1539680
steam	reaction-raw-parser	0xed1bd0	0xed2872	jmp	0xed287c
steam	reaction-raw-parser	0xed1bd0	0xed289d	jmp	0xed28aa
steam	reaction-raw-parser	0xed1bd0	0xed28a4	call	0x70e20
steam	reaction-raw-parser	0xed1bd0	0xed28b1	call	0x6f850
steam	reaction-raw-parser	0xed1bd0	0xed28be	call	0x6f850
steam	reaction-raw-parser	0xed1bd0	0xed28fc	call	0x1539680
steam	reaction-raw-parser	0xed1bd0	0xed2909	jmp	0xed21f5
steam	reaction-raw-parser	0xed1bd0	0xed2942	call	0x1539680
steam	reaction-raw-parser	0xed1bd0	0xed297a	call	0x1539680
steam	reaction-raw-parser	0xed1bd0	0xed29c7	jmp	0xed2948
steam	reaction-raw-parser	0xed1bd0	0xed29e8	call	0x153ae14
steam	reaction-raw-parser	0xed1bd0	0xed2a10	jmp	0xed2144
steam	reaction-raw-parser	0xed1bd0	0xed2a31	call	0x153ae14
steam	reaction-raw-parser	0xed1bd0	0xed2a4f	jmp	0xed2a06
steam	reaction-raw-parser	0xed1bd0	0xed2a6d	call	0x153ae14
steam	reaction-raw-parser	0xed1bd0	0xed2a8b	jmp	0xed2a06
steam	reaction-raw-parser	0xed1bd0	0xed2aac	call	0x153ae14
steam	reaction-raw-parser	0xed1bd0	0xed2ace	jmp	0xed2a06
steam	reaction-raw-parser	0xed1bd0	0xed2aef	call	0x153ae14
steam	reaction-raw-parser	0xed1bd0	0xed2b11	jmp	0xed2a06
steam	reaction-raw-parser	0xed1bd0	0xed2b36	call	0x153ae14
steam	reaction-raw-parser	0xed1bd0	0xed2c2b	jmp	0xed2bc0
steam	reaction-raw-parser	0xed1bd0	0xed2c65	jmp	0xed2c88
steam	reaction-raw-parser	0xed1bd0	0xed2c7b	jmp	0xed2c88
steam	reaction-raw-parser	0xed1bd0	0xed2c8c	call	0x707d0
steam	reaction-raw-parser	0xed1bd0	0xed2cb8	call	0x153aa78
steam	reaction-raw-parser	0xed1bd0	0xed2cf5	call	0x1539680
steam	reaction-raw-parser	0xed1bd0	0xed2cfa	jmp	0xed2d12
steam	reaction-raw-parser	0xed1bd0	0xed2d03	call	0x153aa78
steam	reaction-raw-parser	0xed1bd0	0xed2d2d	jmp	0xed2bc0
steam	reaction-raw-parser	0xed1bd0	0xed2d62	call	0x6f8d0
steam	reaction-raw-parser	0xed1bd0	0xed2da7	call	0x1539680
steam	reaction-raw-parser	0xed1bd0	0xed2db6	jmp	0xed2a06
steam	reaction-raw-parser	0xed1bd0	0xed2dfb	call	0x1539680
steam	reaction-raw-parser	0xed1bd0	0xed2e00	jmp	0xed2a06
steam	reaction-raw-parser	0xed1bd0	0xed2e21	call	0x153ae14
steam	reaction-raw-parser	0xed1bd0	0xed2e4a	call	0x153ae14
steam	reaction-raw-parser	0xed1bd0	0xed2f19	jmp	0xed2ebd
steam	reaction-raw-parser	0xed1bd0	0xed2f53	jmp	0xed2f76
steam	reaction-raw-parser	0xed1bd0	0xed2f69	jmp	0xed2f76
steam	reaction-raw-parser	0xed1bd0	0xed2f7a	call	0x707d0
steam	reaction-raw-parser	0xed1bd0	0xed2fa0	call	0x153aa78
steam	reaction-raw-parser	0xed1bd0	0xed2fdd	call	0x1539680
steam	reaction-raw-parser	0xed1bd0	0xed2fe2	jmp	0xed2ff7
steam	reaction-raw-parser	0xed1bd0	0xed2fe8	call	0x153aa78
steam	reaction-raw-parser	0xed1bd0	0xed300a	jmp	0xed2ebd
steam	reaction-raw-parser	0xed1bd0	0xed3025	call	0x6f5a0
steam	reaction-raw-parser	0xed1bd0	0xed302f	call	0x6f850
steam	reaction-raw-parser	0xed1bd0	0xed303e	jmp	0xed2a06
steam	reaction-raw-parser	0xed1bd0	0xed3072	call	0x1539680
steam	reaction-raw-parser	0xed1bd0	0xed307c	call	0x6f850
steam	reaction-raw-parser	0xed1bd0	0xed3081	jmp	0xed21f5
steam	reaction-raw-parser	0xed1bd0	0xed30a2	call	0x153ae14
steam	reaction-raw-parser	0xed1bd0	0xed30bb	call	0x6f690
steam	reaction-raw-parser	0xed1bd0	0xed30d1	call	0x52cb10
steam	reaction-raw-parser	0xed1bd0	0xed30de	call	0x6f850
steam	reaction-raw-parser	0xed1bd0	0xed30e8	call	0x6f850
steam	reaction-raw-parser	0xed1bd0	0xed30ed	jmp	0xed21f5
steam	reaction-raw-parser	0xed1bd0	0xed3101	call	0xbb770
steam	reaction-raw-parser	0xed1bd0	0xed3106	jmp	0xed30da
steam	reaction-raw-parser	0xed1bd0	0xed3113	call	0x6fe80
steam	reaction-raw-parser	0xed1bd0	0xed312e	jmp	0xed30e4
steam	reaction-raw-parser	0xed1bd0	0xed313b	call	0x6fe80
steam	reaction-raw-parser	0xed1bd0	0xed3153	call	0x6fe80
steam	reaction-raw-parser	0xed1bd0	0xed316b	call	0x6fe80
steam	reaction-raw-parser	0xed1bd0	0xed318a	jmp	0xed30e4
steam	reaction-raw-parser	0xed1bd0	0xed319a	call	0x6fe80
steam	reaction-raw-parser	0xed1bd0	0xed31b9	jmp	0xed30e4
steam	reaction-raw-parser	0xed1bd0	0xed31c9	call	0x6fe80
steam	reaction-raw-parser	0xed1bd0	0xed31eb	jmp	0xed30e4
steam	reaction-raw-parser	0xed1bd0	0xed31fb	call	0x6fe80
steam	reaction-raw-parser	0xed1bd0	0xed321d	jmp	0xed30e4
steam	reaction-raw-parser	0xed1bd0	0xed322d	call	0x6fe80
steam	reaction-raw-parser	0xed1bd0	0xed324f	jmp	0xed30e4
steam	reaction-raw-parser	0xed1bd0	0xed325f	call	0x6fe80
steam	reaction-raw-parser	0xed1bd0	0xed327e	jmp	0xed30e4
steam	reaction-raw-parser	0xed1bd0	0xed328e	call	0x6fe80
steam	reaction-raw-parser	0xed1bd0	0xed32b0	jmp	0xed30e4
steam	reaction-raw-parser	0xed1bd0	0xed32c0	call	0x6fe80
steam	reaction-raw-parser	0xed1bd0	0xed32e2	jmp	0xed30e4
steam	reaction-raw-parser	0xed1bd0	0xed32f2	call	0x6fe80
steam	reaction-raw-parser	0xed1bd0	0xed3314	jmp	0xed30e4
steam	reaction-raw-parser	0xed1bd0	0xed3324	call	0x6fe80
steam	reaction-raw-parser	0xed1bd0	0xed3346	jmp	0xed30e4
steam	reaction-raw-parser	0xed1bd0	0xed3356	call	0x6fe80
steam	reaction-raw-parser	0xed1bd0	0xed3378	jmp	0xed30e4
steam	reaction-raw-parser	0xed1bd0	0xed3388	call	0x6fe80
steam	reaction-raw-parser	0xed1bd0	0xed33aa	jmp	0xed30e4
steam	reaction-raw-parser	0xed1bd0	0xed33ba	call	0x6fe80
steam	reaction-raw-parser	0xed1bd0	0xed33dc	jmp	0xed30e4
steam	reaction-raw-parser	0xed1bd0	0xed33ec	call	0x6fe80
steam	reaction-raw-parser	0xed1bd0	0xed340e	jmp	0xed30e4
steam	reaction-raw-parser	0xed1bd0	0xed341e	call	0x6fe80
steam	reaction-raw-parser	0xed1bd0	0xed3440	jmp	0xed30e4
steam	reaction-raw-parser	0xed1bd0	0xed3450	call	0x6fe80
steam	reaction-raw-parser	0xed1bd0	0xed3472	jmp	0xed30e4
steam	reaction-raw-parser	0xed1bd0	0xed3482	call	0x6fe80
steam	reaction-raw-parser	0xed1bd0	0xed34a4	jmp	0xed30e4
steam	reaction-raw-parser	0xed1bd0	0xed34b4	call	0x6fe80
steam	reaction-raw-parser	0xed1bd0	0xed34d6	jmp	0xed30e4
steam	reaction-raw-parser	0xed1bd0	0xed34e6	call	0x6fe80
steam	reaction-raw-parser	0xed1bd0	0xed350b	jmp	0xed30e4
steam	reaction-raw-parser	0xed1bd0	0xed351b	call	0x6fe80
steam	reaction-raw-parser	0xed1bd0	0xed3540	jmp	0xed30e4
steam	reaction-raw-parser	0xed1bd0	0xed3550	call	0x6fe80
steam	reaction-raw-parser	0xed1bd0	0xed3575	jmp	0xed30e4
steam	reaction-raw-parser	0xed1bd0	0xed3585	call	0x6fe80
steam	reaction-raw-parser	0xed1bd0	0xed35a7	jmp	0xed30e4
steam	reaction-raw-parser	0xed1bd0	0xed35b7	call	0x6fe80
steam	reaction-raw-parser	0xed1bd0	0xed35d9	jmp	0xed30e4
steam	reaction-raw-parser	0xed1bd0	0xed35e9	call	0x6fe80
steam	reaction-raw-parser	0xed1bd0	0xed360b	jmp	0xed30e4
steam	reaction-raw-parser	0xed1bd0	0xed361b	call	0x6fe80
steam	reaction-raw-parser	0xed1bd0	0xed363d	jmp	0xed30e4
steam	reaction-raw-parser	0xed1bd0	0xed364d	call	0x6fe80
steam	reaction-raw-parser	0xed1bd0	0xed3672	jmp	0xed30e4
steam	reaction-raw-parser	0xed1bd0	0xed3682	call	0x6fe80
steam	reaction-raw-parser	0xed1bd0	0xed36a4	jmp	0xed30e4
steam	reaction-raw-parser	0xed1bd0	0xed36b4	call	0x6fe80
steam	reaction-raw-parser	0xed1bd0	0xed36d9	jmp	0xed30e4
steam	reaction-raw-parser	0xed1bd0	0xed36e9	call	0x6fe80
steam	reaction-raw-parser	0xed1bd0	0xed370e	jmp	0xed30e4
steam	reaction-raw-parser	0xed1bd0	0xed371e	call	0x6fe80
steam	reaction-raw-parser	0xed1bd0	0xed3740	jmp	0xed30e4
steam	reaction-raw-parser	0xed1bd0	0xed3750	call	0x6fe80
steam	reaction-raw-parser	0xed1bd0	0xed3772	jmp	0xed30e4
steam	reaction-raw-parser	0xed1bd0	0xed3782	call	0x6fe80
steam	reaction-raw-parser	0xed1bd0	0xed37a7	jmp	0xed30e4
steam	reaction-raw-parser	0xed1bd0	0xed37b7	call	0x6fe80
steam	reaction-raw-parser	0xed1bd0	0xed37d9	jmp	0xed30e4
steam	reaction-raw-parser	0xed1bd0	0xed37e9	call	0x6fe80
steam	reaction-raw-parser	0xed1bd0	0xed380e	jmp	0xed30e4
steam	reaction-raw-parser	0xed1bd0	0xed381e	call	0x6fe80
steam	reaction-raw-parser	0xed1bd0	0xed3840	jmp	0xed30e4
steam	reaction-raw-parser	0xed1bd0	0xed3850	call	0x6fe80
steam	reaction-raw-parser	0xed1bd0	0xed3875	jmp	0xed30e4
steam	reaction-raw-parser	0xed1bd0	0xed3885	call	0x6fe80
steam	reaction-raw-parser	0xed1bd0	0xed38a7	jmp	0xed30e4
steam	reaction-raw-parser	0xed1bd0	0xed38b7	call	0x6fe80
steam	reaction-raw-parser	0xed1bd0	0xed38dc	jmp	0xed30e4
steam	reaction-raw-parser	0xed1bd0	0xed38ec	call	0x6fe80
steam	reaction-raw-parser	0xed1bd0	0xed3911	jmp	0xed30e4
steam	reaction-raw-parser	0xed1bd0	0xed3921	call	0x6fe80
steam	reaction-raw-parser	0xed1bd0	0xed3946	jmp	0xed30e4
steam	reaction-raw-parser	0xed1bd0	0xed3956	call	0x6fe80
steam	reaction-raw-parser	0xed1bd0	0xed397b	jmp	0xed30e4
steam	reaction-raw-parser	0xed1bd0	0xed398b	call	0x6fe80
steam	reaction-raw-parser	0xed1bd0	0xed39b0	jmp	0xed30e4
steam	reaction-raw-parser	0xed1bd0	0xed39c0	call	0x6fe80
steam	reaction-raw-parser	0xed1bd0	0xed39e5	jmp	0xed30e4
steam	reaction-raw-parser	0xed1bd0	0xed39f5	call	0x6fe80
steam	reaction-raw-parser	0xed1bd0	0xed3a0d	call	0x6fe80
steam	reaction-raw-parser	0xed1bd0	0xed3a25	call	0x6fe80
steam	reaction-raw-parser	0xed1bd0	0xed3a32	call	0x6f690
steam	reaction-raw-parser	0xed1bd0	0xed3a48	call	0x52cb10
steam	reaction-raw-parser	0xed1bd0	0xed3a55	call	0x6f850
steam	reaction-raw-parser	0xed1bd0	0xed3a5f	call	0x6f850
steam	reaction-raw-parser	0xed1bd0	0xed3a64	jmp	0xed21f0
steam	reaction-raw-parser	0xed1bd0	0xed3a82	call	0x6f5a0
steam	reaction-raw-parser	0xed1bd0	0xed3a88	jmp	0xed30da
steam	reaction-raw-parser	0xed1bd0	0xed3a98	call	0x6fe80
steam	reaction-raw-parser	0xed1bd0	0xed3aa5	call	0x6f690
steam	reaction-raw-parser	0xed1bd0	0xed3abb	call	0x52cb10
steam	reaction-raw-parser	0xed1bd0	0xed3ac4	jmp	0xed3a51
steam	reaction-raw-parser	0xed1bd0	0xed3ad6	call	0x52c0f0
steam	reaction-raw-parser	0xed1bd0	0xed3ae5	jmp	0xed30da
steam	reaction-raw-parser	0xed1bd0	0xed3af5	call	0x6fe80
steam	reaction-raw-parser	0xed1bd0	0xed3b02	call	0x6f690
steam	reaction-raw-parser	0xed1bd0	0xed3b18	call	0x52cb10
steam	reaction-raw-parser	0xed1bd0	0xed3b21	jmp	0xed3a51
steam	reaction-raw-parser	0xed1bd0	0xed3b36	call	0x778770
steam	reaction-raw-parser	0xed1bd0	0xed3b46	jmp	0xed30da
steam	reaction-raw-parser	0xed1bd0	0xed3b56	call	0x6fe80
steam	reaction-raw-parser	0xed1bd0	0xed3b67	call	0x6f690
steam	reaction-raw-parser	0xed1bd0	0xed3b71	call	0x6f690
steam	reaction-raw-parser	0xed1bd0	0xed3b87	call	0x52cb10
steam	reaction-raw-parser	0xed1bd0	0xed3b94	call	0x6f850
steam	reaction-raw-parser	0xed1bd0	0xed3b9e	jmp	0xed3a55
steam	reaction-raw-parser	0xed1bd0	0xed3bb3	call	0x52cb10
steam	reaction-raw-parser	0xed1bd0	0xed3bc0	call	0x6f850
steam	reaction-raw-parser	0xed1bd0	0xed3bca	jmp	0xed3a55
steam	reaction-raw-parser	0xed1bd0	0xed3bd3	call	0x52c0f0
steam	reaction-raw-parser	0xed1bd0	0xed3bea	call	0x52c0f0
steam	reaction-raw-parser	0xed1bd0	0xed3c28	call	0x6f850
steam	reaction-raw-parser	0xed1bd0	0xed3c32	jmp	0xed30de
steam	reaction-raw-parser	0xed1bd0	0xed3c42	call	0x6fe80
steam	reaction-raw-parser	0xed1bd0	0xed3c4f	call	0x6f690
steam	reaction-raw-parser	0xed1bd0	0xed3c65	call	0x52cb10
steam	reaction-raw-parser	0xed1bd0	0xed3c6e	jmp	0xed3a51
steam	reaction-raw-parser	0xed1bd0	0xed3c77	call	0x52c0f0
steam	reaction-raw-parser	0xed1bd0	0xed3ca0	jmp	0xed30da
steam	reaction-raw-parser	0xed1bd0	0xed3cb0	call	0x6fe80
steam	reaction-raw-parser	0xed1bd0	0xed3cbd	call	0x6f690
steam	reaction-raw-parser	0xed1bd0	0xed3cd3	call	0x52cb10
steam	reaction-raw-parser	0xed1bd0	0xed3cdc	jmp	0xed3a51
steam	reaction-raw-parser	0xed1bd0	0xed3ce5	call	0x52c0f0
steam	reaction-raw-parser	0xed1bd0	0xed3d0e	jmp	0xed30da
steam	reaction-raw-parser	0xed1bd0	0xed3d1e	call	0x6fe80
steam	reaction-raw-parser	0xed1bd0	0xed3d2f	call	0x6f690
steam	reaction-raw-parser	0xed1bd0	0xed3d45	call	0x52cb10
steam	reaction-raw-parser	0xed1bd0	0xed3d4e	jmp	0xed3a51
steam	reaction-raw-parser	0xed1bd0	0xed3d66	call	0x6f5a0
steam	reaction-raw-parser	0xed1bd0	0xed3d9a	call	0x6ee20
steam	reaction-raw-parser	0xed1bd0	0xed3dba	call	0x6fe40
steam	reaction-raw-parser	0xed1bd0	0xed3ddb	call	0x6ee20
steam	reaction-raw-parser	0xed1bd0	0xed3de8	jmp	0xed3dee
steam	reaction-raw-parser	0xed1bd0	0xed3dfa	call	0x1539690
steam	reaction-raw-parser	0xed1bd0	0xed3e07	call	0xed06f0
steam	reaction-raw-parser	0xed1bd0	0xed3e17	call	0x6f5a0
steam	reaction-raw-parser	0xed1bd0	0xed3e25	call	0x13bbf0
steam	reaction-raw-parser	0xed1bd0	0xed3e2b	jmp	0xed30da
steam	reaction-raw-parser	0xed1bd0	0xed3e3b	call	0x6fe80
steam	reaction-raw-parser	0xed1bd0	0xed3e48	call	0x6f690
steam	reaction-raw-parser	0xed1bd0	0xed3e5e	call	0x52cb10
steam	reaction-raw-parser	0xed1bd0	0xed3e67	jmp	0xed3a51
steam	reaction-raw-parser	0xed1bd0	0xed3e82	call	0x6f5a0
steam	reaction-raw-parser	0xed1bd0	0xed3e88	jmp	0xed30da
steam	reaction-raw-parser	0xed1bd0	0xed3e98	call	0x6fe80
steam	reaction-raw-parser	0xed1bd0	0xed3ea5	call	0x6f690
steam	reaction-raw-parser	0xed1bd0	0xed3ebb	call	0x52cb10
steam	reaction-raw-parser	0xed1bd0	0xed3ec4	jmp	0xed3a51
steam	reaction-raw-parser	0xed1bd0	0xed3edf	call	0x6f5a0
steam	reaction-raw-parser	0xed1bd0	0xed3ee5	jmp	0xed30da
steam	reaction-raw-parser	0xed1bd0	0xed3ef5	call	0x6fe80
steam	reaction-raw-parser	0xed1bd0	0xed3f02	call	0x6f690
steam	reaction-raw-parser	0xed1bd0	0xed3f18	call	0x52cb10
steam	reaction-raw-parser	0xed1bd0	0xed3f21	jmp	0xed3a51
steam	reaction-raw-parser	0xed1bd0	0xed3f3c	call	0x6f5a0
steam	reaction-raw-parser	0xed1bd0	0xed3f42	jmp	0xed30da
steam	reaction-raw-parser	0xed1bd0	0xed3f52	call	0x6fe80
steam	reaction-raw-parser	0xed1bd0	0xed3f63	call	0x6f690
steam	reaction-raw-parser	0xed1bd0	0xed3f79	call	0x52cb10
steam	reaction-raw-parser	0xed1bd0	0xed3f82	jmp	0xed3a51
steam	reaction-raw-parser	0xed1bd0	0xed3f97	call	0x8ece40
steam	reaction-raw-parser	0xed1bd0	0xed3fa3	call	0x6fe40
steam	reaction-raw-parser	0xed1bd0	0xed3faf	call	0x6f850
steam	reaction-raw-parser	0xed1bd0	0xed3fc2	jmp	0xed3fc6
steam	reaction-raw-parser	0xed1bd0	0xed3fd7	jmp	0xed30da
steam	reaction-raw-parser	0xed1bd0	0xed3fe7	call	0x6fe80
steam	reaction-raw-parser	0xed1bd0	0xed3ff8	call	0x6f690
steam	reaction-raw-parser	0xed1bd0	0xed400e	call	0x52cb10
steam	reaction-raw-parser	0xed1bd0	0xed4017	jmp	0xed3a51
steam	reaction-raw-parser	0xed1bd0	0xed4027	call	0x6fe80
steam	reaction-raw-parser	0xed1bd0	0xed4038	call	0x6f690
steam	reaction-raw-parser	0xed1bd0	0xed404e	call	0x52cb10
steam	reaction-raw-parser	0xed1bd0	0xed405b	call	0x6f850
steam	reaction-raw-parser	0xed1bd0	0xed4061	jmp	0xed3a51
steam	reaction-raw-parser	0xed1bd0	0xed406b	call	0x1539690
steam	reaction-raw-parser	0xed1bd0	0xed4078	call	0xed06b0
steam	reaction-raw-parser	0xed1bd0	0xed4095	call	0x6f5a0
steam	reaction-raw-parser	0xed1bd0	0xed40ae	call	0x13bbf0
steam	reaction-raw-parser	0xed1bd0	0xed40b8	call	0x6f850
steam	reaction-raw-parser	0xed1bd0	0xed40be	jmp	0xed30da
steam	reaction-raw-parser	0xed1bd0	0xed40ce	call	0x6fe80
steam	reaction-raw-parser	0xed1bd0	0xed40df	call	0x6f690
steam	reaction-raw-parser	0xed1bd0	0xed40f5	call	0x52cb10
steam	reaction-raw-parser	0xed1bd0	0xed4102	call	0x6f850
steam	reaction-raw-parser	0xed1bd0	0xed4108	jmp	0xed3a51
steam	reaction-raw-parser	0xed1bd0	0xed4112	call	0x1539690
steam	reaction-raw-parser	0xed1bd0	0xed411f	call	0xed06b0
steam	reaction-raw-parser	0xed1bd0	0xed413c	call	0x6f5a0
steam	reaction-raw-parser	0xed1bd0	0xed4155	call	0x13bbf0
steam	reaction-raw-parser	0xed1bd0	0xed415f	call	0x6f850
steam	reaction-raw-parser	0xed1bd0	0xed4165	jmp	0xed30da
steam	reaction-raw-parser	0xed1bd0	0xed416f	call	0x1539690
steam	reaction-raw-parser	0xed1bd0	0xed417c	call	0xed06b0
steam	reaction-raw-parser	0xed1bd0	0xed418d	call	0x6f5a0
steam	reaction-raw-parser	0xed1bd0	0xed41a6	call	0x13bbf0
steam	reaction-raw-parser	0xed1bd0	0xed41ac	jmp	0xed30da
steam	reaction-raw-parser	0xed1bd0	0xed41bc	call	0x6fe80
steam	reaction-raw-parser	0xed1bd0	0xed41c9	call	0x6f690
steam	reaction-raw-parser	0xed1bd0	0xed41df	call	0x52cb10
steam	reaction-raw-parser	0xed1bd0	0xed41e8	jmp	0xed3a51
steam	reaction-raw-parser	0xed1bd0	0xed41f3	call	0x744e80
steam	reaction-raw-parser	0xed1bd0	0xed4207	jmp	0xed30da
steam	reaction-raw-parser	0xed1bd0	0xed4217	call	0x6fe80
steam	reaction-raw-parser	0xed1bd0	0xed4224	call	0x6f690
steam	reaction-raw-parser	0xed1bd0	0xed423a	call	0x52cb10
steam	reaction-raw-parser	0xed1bd0	0xed4243	jmp	0xed3a51
steam	reaction-raw-parser	0xed1bd0	0xed424c	call	0x52c0f0
steam	reaction-raw-parser	0xed1bd0	0xed4275	jmp	0xed30da
steam	reaction-raw-parser	0xed1bd0	0xed4285	call	0x6fe80
steam	reaction-raw-parser	0xed1bd0	0xed4296	call	0x6f690
steam	reaction-raw-parser	0xed1bd0	0xed42ac	call	0x52cb10
steam	reaction-raw-parser	0xed1bd0	0xed42b9	jmp	0xed3a55
steam	reaction-raw-parser	0xed1bd0	0xed42c5	call	0x6f690
steam	reaction-raw-parser	0xed1bd0	0xed42de	call	0x52cb10
steam	reaction-raw-parser	0xed1bd0	0xed42ee	call	0x6f850
steam	reaction-raw-parser	0xed1bd0	0xed42f8	jmp	0xed3a55
steam	reaction-raw-parser	0xed1bd0	0xed4301	call	0x6f690
steam	reaction-raw-parser	0xed1bd0	0xed4317	call	0x52cb10
steam	reaction-raw-parser	0xed1bd0	0xed4324	call	0x6f850
steam	reaction-raw-parser	0xed1bd0	0xed4331	call	0x6f850
steam	reaction-raw-parser	0xed1bd0	0xed433b	jmp	0xed3a55
steam	reaction-raw-parser	0xed1bd0	0xed434b	call	0x6fe80
steam	reaction-raw-parser	0xed1bd0	0xed435c	call	0x6f690
steam	reaction-raw-parser	0xed1bd0	0xed4372	call	0x52cb10
steam	reaction-raw-parser	0xed1bd0	0xed437f	call	0x6f850
steam	reaction-raw-parser	0xed1bd0	0xed4384	jmp	0xed4320
steam	reaction-raw-parser	0xed1bd0	0xed438b	call	0x1539690
steam	reaction-raw-parser	0xed1bd0	0xed4398	call	0xecff60
steam	reaction-raw-parser	0xed1bd0	0xed43a8	call	0x6f5a0
steam	reaction-raw-parser	0xed1bd0	0xed43c3	call	0x6f5a0
steam	reaction-raw-parser	0xed1bd0	0xed43cf	call	0x52c0f0
steam	reaction-raw-parser	0xed1bd0	0xed43ed	call	0xb9980
steam	reaction-raw-parser	0xed1bd0	0xed43fa	call	0x6f850
steam	reaction-raw-parser	0xed1bd0	0xed4404	call	0x6f850
steam	reaction-raw-parser	0xed1bd0	0xed4411	call	0x6f850
steam	reaction-raw-parser	0xed1bd0	0xed441b	jmp	0xed30de
steam	reaction-raw-parser	0xed1bd0	0xed4424	call	0x6f690
steam	reaction-raw-parser	0xed1bd0	0xed442e	call	0x6f690
steam	reaction-raw-parser	0xed1bd0	0xed443b	call	0x6f690
steam	reaction-raw-parser	0xed1bd0	0xed4445	call	0x6f690
steam	reaction-raw-parser	0xed1bd0	0xed445b	call	0x52cb10
steam	reaction-raw-parser	0xed1bd0	0xed4468	call	0x6f850
steam	reaction-raw-parser	0xed1bd0	0xed4475	call	0x6f850
steam	reaction-raw-parser	0xed1bd0	0xed447f	call	0x6f850
steam	reaction-raw-parser	0xed1bd0	0xed4489	call	0x6f850
steam	reaction-raw-parser	0xed1bd0	0xed448e	jmp	0xed4320
steam	reaction-raw-parser	0xed1bd0	0xed44a3	call	0x52cb10
steam	reaction-raw-parser	0xed1bd0	0xed44b0	call	0x746eb0
steam	reaction-raw-parser	0xed1bd0	0xed44cc	call	0x52cb10
steam	reaction-raw-parser	0xed1bd0	0xed44e0	call	0x6fe80
steam	reaction-raw-parser	0xed1bd0	0xed44f4	call	0x6fe80
steam	reaction-raw-parser	0xed1bd0	0xed450d	call	0x52cb10
steam	reaction-raw-parser	0xed1bd0	0xed451f	call	0x1539690
steam	reaction-raw-parser	0xed1bd0	0xed452c	call	0xecff60
steam	reaction-raw-parser	0xed1bd0	0xed453c	call	0x6f5a0
steam	reaction-raw-parser	0xed1bd0	0xed454c	call	0x6fe80
steam	reaction-raw-parser	0xed1bd0	0xed4560	call	0x6f580
steam	reaction-raw-parser	0xed1bd0	0xed4577	call	0x6fe80
steam	reaction-raw-parser	0xed1bd0	0xed458b	call	0x6f580
steam	reaction-raw-parser	0xed1bd0	0xed45a2	call	0x6f5a0
steam	reaction-raw-parser	0xed1bd0	0xed45b2	call	0x6f5a0
steam	reaction-raw-parser	0xed1bd0	0xed45c2	call	0x6f5a0
steam	reaction-raw-parser	0xed1bd0	0xed45d5	call	0x6f5a0
steam	reaction-raw-parser	0xed1bd0	0xed45e5	call	0x6f5a0
steam	reaction-raw-parser	0xed1bd0	0xed45f1	call	0x52c0f0
steam	reaction-raw-parser	0xed1bd0	0xed460f	call	0xb9980
steam	reaction-raw-parser	0xed1bd0	0xed461c	call	0x6f850
steam	reaction-raw-parser	0xed1bd0	0xed4629	call	0x6f850
steam	reaction-raw-parser	0xed1bd0	0xed4633	call	0x6f850
steam	reaction-raw-parser	0xed1bd0	0xed463d	jmp	0xed43fa
steam	reaction-raw-parser	0xed1bd0	0xed464d	call	0x6fe80
steam	reaction-raw-parser	0xed1bd0	0xed4673	call	0x6f690
steam	reaction-raw-parser	0xed1bd0	0xed467d	call	0x6f690
steam	reaction-raw-parser	0xed1bd0	0xed4687	call	0x6f690
steam	reaction-raw-parser	0xed1bd0	0xed4694	call	0x6f690
steam	reaction-raw-parser	0xed1bd0	0xed469e	call	0x6f690
steam	reaction-raw-parser	0xed1bd0	0xed46ab	call	0x6f690
steam	reaction-raw-parser	0xed1bd0	0xed46b5	call	0x6f690
steam	reaction-raw-parser	0xed1bd0	0xed46cb	call	0x52cb10
steam	reaction-raw-parser	0xed1bd0	0xed46d8	call	0x6f850
steam	reaction-raw-parser	0xed1bd0	0xed46e5	call	0x6f850
steam	reaction-raw-parser	0xed1bd0	0xed46ef	call	0x6f850
steam	reaction-raw-parser	0xed1bd0	0xed46fc	call	0x6f850
steam	reaction-raw-parser	0xed1bd0	0xed4706	call	0x6f850
steam	reaction-raw-parser	0xed1bd0	0xed4710	call	0x6f850
steam	reaction-raw-parser	0xed1bd0	0xed4716	jmp	0xed30da
steam	reaction-raw-parser	0xed1bd0	0xed472b	call	0x52cb10
steam	reaction-raw-parser	0xed1bd0	0xed4744	call	0x52cb10
steam	reaction-raw-parser	0xed1bd0	0xed4758	call	0x6fe80
steam	reaction-raw-parser	0xed1bd0	0xed4774	call	0x52cb10
steam	reaction-raw-parser	0xed1bd0	0xed4781	jmp	0xed46d4
steam	reaction-raw-parser	0xed1bd0	0xed478d	call	0x52cb10
steam	reaction-raw-parser	0xed1bd0	0xed47aa	call	0x52cb10
steam	reaction-raw-parser	0xed1bd0	0xed47bb	call	0x746eb0
steam	reaction-raw-parser	0xed1bd0	0xed47d7	call	0x52cb10
steam	reaction-raw-parser	0xed1bd0	0xed47ef	call	0x6fe80
steam	reaction-raw-parser	0xed1bd0	0xed4803	call	0x6fe80
steam	reaction-raw-parser	0xed1bd0	0xed4817	call	0x6fe80
steam	reaction-raw-parser	0xed1bd0	0xed4830	call	0x52cb10
steam	reaction-raw-parser	0xed1bd0	0xed4841	call	0x52c0f0
steam	reaction-raw-parser	0xed1bd0	0xed484c	call	0x52c0f0
steam	reaction-raw-parser	0xed1bd0	0xed4858	call	0x1539690
steam	reaction-raw-parser	0xed1bd0	0xed4864	call	0xed0240
steam	reaction-raw-parser	0xed1bd0	0xed487f	call	0x6fe80
steam	reaction-raw-parser	0xed1bd0	0xed4893	call	0x6f580
steam	reaction-raw-parser	0xed1bd0	0xed48a1	call	0xfb850
steam	reaction-raw-parser	0xed1bd0	0xed48b1	call	0x6f5a0
steam	reaction-raw-parser	0xed1bd0	0xed48c4	call	0x6f5a0
steam	reaction-raw-parser	0xed1bd0	0xed48d4	call	0x6f5a0
steam	reaction-raw-parser	0xed1bd0	0xed48e7	call	0x6f5a0
steam	reaction-raw-parser	0xed1bd0	0xed48f7	call	0x6f5a0
steam	reaction-raw-parser	0xed1bd0	0xed490d	call	0x13bbf0
steam	reaction-raw-parser	0xed1bd0	0xed4916	jmp	0xed46d4
steam	reaction-raw-parser	0xed1bd0	0xed4926	call	0x6fe80
steam	reaction-raw-parser	0xed1bd0	0xed494f	call	0x6f690
steam	reaction-raw-parser	0xed1bd0	0xed4959	call	0x6f690
steam	reaction-raw-parser	0xed1bd0	0xed4966	call	0x6f690
steam	reaction-raw-parser	0xed1bd0	0xed497f	call	0x52cb10
steam	reaction-raw-parser	0xed1bd0	0xed498f	call	0x6f850
steam	reaction-raw-parser	0xed1bd0	0xed4999	call	0x6f850
steam	reaction-raw-parser	0xed1bd0	0xed49a6	jmp	0xed30de
steam	reaction-raw-parser	0xed1bd0	0xed49bb	call	0x52cb10
steam	reaction-raw-parser	0xed1bd0	0xed49d7	call	0x52cb10
steam	reaction-raw-parser	0xed1bd0	0xed49e7	call	0x73d970
steam	reaction-raw-parser	0xed1bd0	0xed4a12	call	0x6f690
steam	reaction-raw-parser	0xed1bd0	0xed4a1c	call	0x6f690
steam	reaction-raw-parser	0xed1bd0	0xed4a26	call	0x6f690
steam	reaction-raw-parser	0xed1bd0	0xed4a30	call	0x6f690
steam	reaction-raw-parser	0xed1bd0	0xed4a46	call	0x52cb10
steam	reaction-raw-parser	0xed1bd0	0xed4a63	call	0x52cb10
steam	reaction-raw-parser	0xed1bd0	0xed4a74	call	0x746eb0
steam	reaction-raw-parser	0xed1bd0	0xed4a8d	call	0x52cb10
steam	reaction-raw-parser	0xed1bd0	0xed4aa5	call	0x6fe80
steam	reaction-raw-parser	0xed1bd0	0xed4ab9	call	0x6fe80
steam	reaction-raw-parser	0xed1bd0	0xed4acd	call	0x6fe80
steam	reaction-raw-parser	0xed1bd0	0xed4ae6	call	0x52cb10
steam	reaction-raw-parser	0xed1bd0	0xed4af7	call	0x73d4e0
steam	reaction-raw-parser	0xed1bd0	0xed4b0e	call	0x52c0f0
steam	reaction-raw-parser	0xed1bd0	0xed4b1a	call	0x1539690
steam	reaction-raw-parser	0xed1bd0	0xed4b26	call	0xed0470
steam	reaction-raw-parser	0xed1bd0	0xed4b3a	call	0x6f5a0
steam	reaction-raw-parser	0xed1bd0	0xed4b51	call	0x6f5a0
steam	reaction-raw-parser	0xed1bd0	0xed4b61	call	0x6f5a0
steam	reaction-raw-parser	0xed1bd0	0xed4b71	call	0x6f5a0
steam	reaction-raw-parser	0xed1bd0	0xed4b87	call	0x13bbf0
steam	reaction-raw-parser	0xed1bd0	0xed4b94	call	0x6f850
steam	reaction-raw-parser	0xed1bd0	0xed4b9e	call	0x6f850
steam	reaction-raw-parser	0xed1bd0	0xed4ba8	call	0x6f850
steam	reaction-raw-parser	0xed1bd0	0xed4bb2	call	0x6f850
steam	reaction-raw-parser	0xed1bd0	0xed4bb7	jmp	0xed4988
steam	reaction-raw-parser	0xed1bd0	0xed4bc0	call	0x6f690
steam	reaction-raw-parser	0xed1bd0	0xed4bca	call	0x6f690
steam	reaction-raw-parser	0xed1bd0	0xed4bd4	call	0x6f690
steam	reaction-raw-parser	0xed1bd0	0xed4bde	call	0x6f690
steam	reaction-raw-parser	0xed1bd0	0xed4bf4	call	0x52cb10
steam	reaction-raw-parser	0xed1bd0	0xed4c11	call	0x52cb10
steam	reaction-raw-parser	0xed1bd0	0xed4c22	call	0x746eb0
steam	reaction-raw-parser	0xed1bd0	0xed4c3b	call	0x52cb10
steam	reaction-raw-parser	0xed1bd0	0xed4c53	call	0x6fe80
steam	reaction-raw-parser	0xed1bd0	0xed4c67	call	0x6fe80
steam	reaction-raw-parser	0xed1bd0	0xed4c7b	call	0x6fe80
steam	reaction-raw-parser	0xed1bd0	0xed4c94	call	0x52cb10
steam	reaction-raw-parser	0xed1bd0	0xed4ca8	call	0x52c0f0
steam	reaction-raw-parser	0xed1bd0	0xed4cb4	call	0x1539690
steam	reaction-raw-parser	0xed1bd0	0xed4cc0	call	0xed0470
steam	reaction-raw-parser	0xed1bd0	0xed4cd4	call	0x6f5a0
steam	reaction-raw-parser	0xed1bd0	0xed4ce8	call	0x6f5a0
steam	reaction-raw-parser	0xed1bd0	0xed4cf8	call	0x6f5a0
steam	reaction-raw-parser	0xed1bd0	0xed4d08	call	0x6f5a0
steam	reaction-raw-parser	0xed1bd0	0xed4d18	call	0x6f5a0
steam	reaction-raw-parser	0xed1bd0	0xed4d2e	call	0x13bbf0
steam	reaction-raw-parser	0xed1bd0	0xed4d3b	call	0x6f850
steam	reaction-raw-parser	0xed1bd0	0xed4d45	call	0x6f850
steam	reaction-raw-parser	0xed1bd0	0xed4d4f	call	0x6f850
steam	reaction-raw-parser	0xed1bd0	0xed4d59	call	0x6f850
steam	reaction-raw-parser	0xed1bd0	0xed4d5e	jmp	0xed4988
steam	reaction-raw-parser	0xed1bd0	0xed4d67	call	0x6f690
steam	reaction-raw-parser	0xed1bd0	0xed4d71	call	0x6f690
steam	reaction-raw-parser	0xed1bd0	0xed4d7b	call	0x6f690
steam	reaction-raw-parser	0xed1bd0	0xed4d91	call	0x52cb10
steam	reaction-raw-parser	0xed1bd0	0xed4da2	call	0x746eb0
steam	reaction-raw-parser	0xed1bd0	0xed4dbb	call	0x52cb10
steam	reaction-raw-parser	0xed1bd0	0xed4dd3	call	0x6fe80
steam	reaction-raw-parser	0xed1bd0	0xed4de7	call	0x6fe80
steam	reaction-raw-parser	0xed1bd0	0xed4dfb	call	0x6fe80
steam	reaction-raw-parser	0xed1bd0	0xed4e14	call	0x52cb10
steam	reaction-raw-parser	0xed1bd0	0xed4e28	call	0x52c0f0
steam	reaction-raw-parser	0xed1bd0	0xed4e34	call	0x1539690
steam	reaction-raw-parser	0xed1bd0	0xed4e40	call	0xed0470
steam	reaction-raw-parser	0xed1bd0	0xed4e54	call	0x6f5a0
steam	reaction-raw-parser	0xed1bd0	0xed4e68	call	0x6f5a0
steam	reaction-raw-parser	0xed1bd0	0xed4e78	call	0x6f5a0
steam	reaction-raw-parser	0xed1bd0	0xed4e88	call	0x6f5a0
steam	reaction-raw-parser	0xed1bd0	0xed4e9b	call	0x6fe80
steam	reaction-raw-parser	0xed1bd0	0xed4eb0	call	0xfb850
steam	reaction-raw-parser	0xed1bd0	0xed4ec6	call	0x13bbf0
steam	reaction-raw-parser	0xed1bd0	0xed4ed3	call	0x6f850
steam	reaction-raw-parser	0xed1bd0	0xed4edd	call	0x6f850
steam	reaction-raw-parser	0xed1bd0	0xed4ee7	call	0x6f850
steam	reaction-raw-parser	0xed1bd0	0xed4eec	jmp	0xed4988
steam	reaction-raw-parser	0xed1bd0	0xed4efc	call	0x6fe80
steam	reaction-raw-parser	0xed1bd0	0xed4f09	call	0x6f690
steam	reaction-raw-parser	0xed1bd0	0xed4f1f	call	0x52cb10
steam	reaction-raw-parser	0xed1bd0	0xed4f28	jmp	0xed3a51
steam	reaction-raw-parser	0xed1bd0	0xed4f43	call	0x6f5a0
steam	reaction-raw-parser	0xed1bd0	0xed4f49	jmp	0xed30da
steam	reaction-raw-parser	0xed1bd0	0xed4f59	call	0x6fe80
steam	reaction-raw-parser	0xed1bd0	0xed4f66	call	0x6f690
steam	reaction-raw-parser	0xed1bd0	0xed4f7c	call	0x52cb10
steam	reaction-raw-parser	0xed1bd0	0xed4f85	jmp	0xed3a51
steam	reaction-raw-parser	0xed1bd0	0xed4f9a	call	0x52c0f0
steam	reaction-raw-parser	0xed1bd0	0xed4fa6	jmp	0xed30da
steam	reaction-raw-parser	0xed1bd0	0xed4fb6	call	0x6fe80
steam	reaction-raw-parser	0xed1bd0	0xed4fc3	call	0x6f690
steam	reaction-raw-parser	0xed1bd0	0xed4fd9	call	0x52cb10
steam	reaction-raw-parser	0xed1bd0	0xed4fe2	jmp	0xed3a51
steam	reaction-raw-parser	0xed1bd0	0xed4ffd	call	0x6f5a0
steam	reaction-raw-parser	0xed1bd0	0xed5003	jmp	0xed30da
steam	reaction-raw-parser	0xed1bd0	0xed5013	call	0x6fe80
steam	reaction-raw-parser	0xed1bd0	0xed5032	jmp	0xed30e4
steam	reaction-raw-parser	0xed1bd0	0xed5042	call	0x6fe80
steam	reaction-raw-parser	0xed1bd0	0xed5061	jmp	0xed30e4
steam	reaction-raw-parser	0xed1bd0	0xed5071	call	0x6fe80
steam	reaction-raw-parser	0xed1bd0	0xed5095	call	0xfb850
steam	reaction-raw-parser	0xed1bd0	0xed509a	jmp	0xed30e4
steam	reaction-raw-parser	0xed1bd0	0xed50aa	call	0x6fe80
steam	reaction-raw-parser	0xed1bd0	0xed50ce	call	0xfb850
steam	reaction-raw-parser	0xed1bd0	0xed50d3	jmp	0xed30e4
steam	reaction-raw-parser	0xed1bd0	0xed50e3	call	0x6fe80
steam	reaction-raw-parser	0xed1bd0	0xed510b	call	0xfb850
steam	reaction-raw-parser	0xed1bd0	0xed5110	jmp	0xed30e4
steam	reaction-raw-parser	0xed1bd0	0xed5120	call	0x6fe80
steam	reaction-raw-parser	0xed1bd0	0xed5144	call	0xfb850
steam	reaction-raw-parser	0xed1bd0	0xed5149	jmp	0xed30e4
steam	reaction-raw-parser	0xed1bd0	0xed5164	call	0x6fe80
steam	reaction-raw-parser	0xed1bd0	0xed517e	call	0xfb850
steam	reaction-raw-parser	0xed1bd0	0xed5183	jmp	0xed30e4
steam	reaction-raw-parser	0xed1bd0	0xed5193	call	0x6fe80
steam	reaction-raw-parser	0xed1bd0	0xed51a0	call	0x6f690
steam	reaction-raw-parser	0xed1bd0	0xed51b6	call	0x52cb10
steam	reaction-raw-parser	0xed1bd0	0xed51bf	jmp	0xed3a51
steam	reaction-raw-parser	0xed1bd0	0xed51c8	call	0x52c0f0
steam	reaction-raw-parser	0xed1bd0	0xed51db	jmp	0xed30da
steam	reaction-raw-parser	0xed1bd0	0xed51eb	call	0x6fe80
steam	reaction-raw-parser	0xed1bd0	0xed51f8	call	0x6f690
steam	reaction-raw-parser	0xed1bd0	0xed520e	call	0x52cb10
steam	reaction-raw-parser	0xed1bd0	0xed5217	jmp	0xed3a51
steam	reaction-raw-parser	0xed1bd0	0xed5220	call	0x52c0f0
steam	reaction-raw-parser	0xed1bd0	0xed5233	jmp	0xed30da
steam	reaction-raw-parser	0xed1bd0	0xed524e	call	0xeafb0
steam	reaction-raw-parser	0xed1bd0	0xed5262	call	0x6f560
steam	reaction-raw-parser	0xed1bd0	0xed5272	call	0xb9d10
steam	reaction-raw-parser	0xed1bd0	0xed527e	call	0x52bab0
steam	reaction-raw-parser	0xed1bd0	0xed528b	jmp	0xed30de
steam	reaction-raw-parser	0xed1bd0	0xed52a9	jmp	0xed30e4
steam	reaction-raw-parser	0xed1bd0	0xed52b2	jmp	0xed2a06
steam	reaction-raw-parser	0xed1bd0	0xed52bc	jmp	0xed2a06
steam	reaction-raw-parser	0xed1bd0	0xed52eb	call	0x65890
steam	reaction-raw-parser	0xed1bd0	0xed52f1	call	0x65890
steam	reaction-raw-parser	0xed1bd0	0xed52f7	call	0x65890
steam	reaction-raw-parser	0xed1bd0	0xed52fd	call	0x65890
steam	reaction-raw-parser	0xed1bd0	0xed5303	call	0x65890
steam	reagent-item-filter-description	0xa2adb0	0xa2ae49	jmp	0xa2ae7d
steam	reagent-item-filter-description	0xa2adb0	0xa2ae63	jmp	0xa2ae7d
steam	reagent-item-filter-description	0xa2adb0	0xa2ae8a	call	0x52c130
steam	reagent-item-filter-description	0xa2adb0	0xa2ae94	call	0xb9b80
steam	reagent-item-filter-description	0xa2adb0	0xa2aebe	jmp	0xa2aee5
steam	reagent-item-filter-description	0xa2adb0	0xa2aec6	jmp	0xa2aece
steam	reagent-item-filter-description	0xa2adb0	0xa2aee0	call	0x6fa10
steam	reagent-item-filter-description	0xa2adb0	0xa2aefb	call	0x6fa10
steam	reagent-item-filter-description	0xa2adb0	0xa2af17	call	0x6fa10
steam	reagent-item-filter-description	0xa2adb0	0xa2af33	call	0x6fa10
steam	reagent-item-filter-description	0xa2adb0	0xa2af4f	call	0x6fa10
steam	reagent-item-filter-description	0xa2adb0	0xa2af6b	call	0x6fa10
steam	reagent-item-filter-description	0xa2adb0	0xa2af87	call	0x6fa10
steam	reagent-item-filter-description	0xa2adb0	0xa2afa4	call	0x6fa10
steam	reagent-item-filter-description	0xa2adb0	0xa2afc8	call	0x6fa10
steam	reagent-item-filter-description	0xa2adb0	0xa2afe7	call	0x6fa10
steam	reagent-item-filter-description	0xa2adb0	0xa2b006	call	0x6fa10
steam	reagent-item-filter-description	0xa2adb0	0xa2b025	call	0x6fa10
steam	reagent-item-filter-description	0xa2adb0	0xa2b044	call	0x6fa10
steam	reagent-item-filter-description	0xa2adb0	0xa2b063	call	0x6fa10
steam	reagent-item-filter-description	0xa2adb0	0xa2b085	call	0x6fa10
steam	reagent-item-filter-description	0xa2adb0	0xa2b0a4	call	0x6fa10
steam	reagent-item-filter-description	0xa2adb0	0xa2b0c3	call	0x6fa10
steam	reagent-item-filter-description	0xa2adb0	0xa2b0df	call	0x6fa10
steam	reagent-item-filter-description	0xa2adb0	0xa2b0fe	call	0x6fa10
steam	reagent-item-filter-description	0xa2adb0	0xa2b11d	call	0x6fa10
steam	reagent-item-filter-description	0xa2adb0	0xa2b13c	call	0x6fa10
steam	reagent-item-filter-description	0xa2adb0	0xa2b15b	call	0x6fa10
steam	reagent-item-filter-description	0xa2adb0	0xa2b17a	call	0x6fa10
steam	reagent-item-filter-description	0xa2adb0	0xa2b195	call	0x6fa10
steam	reagent-item-filter-description	0xa2adb0	0xa2b1b4	call	0x6fa10
steam	reagent-item-filter-description	0xa2adb0	0xa2b1d3	call	0x6fa10
steam	reagent-item-filter-description	0xa2adb0	0xa2b1f2	call	0x6fa10
steam	reagent-item-filter-description	0xa2adb0	0xa2b211	call	0x6fa10
steam	reagent-item-filter-description	0xa2adb0	0xa2b230	call	0x6fa10
steam	reagent-item-filter-description	0xa2adb0	0xa2b278	call	0x6fa10
steam	reagent-item-filter-description	0xa2adb0	0xa2b28a	call	0x6fa10
steam	reagent-item-filter-description	0xa2adb0	0xa2b29f	call	0x6fa10
steam	reagent-item-filter-description	0xa2adb0	0xa2b2bb	call	0x6fa10
steam	reagent-item-filter-description	0xa2adb0	0xa2b2da	call	0x6fa10
steam	reagent-item-filter-description	0xa2adb0	0xa2b2f6	call	0x6fa10
steam	reagent-item-filter-description	0xa2adb0	0xa2b312	call	0x6fa10
steam	reagent-item-filter-description	0xa2adb0	0xa2b331	call	0x6fa10
steam	reagent-item-filter-description	0xa2adb0	0xa2b357	call	0x6fa10
steam	reagent-item-filter-description	0xa2adb0	0xa2b373	call	0x6fa10
steam	reagent-item-filter-description	0xa2adb0	0xa2b38f	call	0x6fa10
steam	reagent-item-filter-description	0xa2adb0	0xa2b3b6	call	0x6fa10
steam	reagent-item-filter-description	0xa2adb0	0xa2b3d5	call	0x6fa10
steam	reagent-item-filter-description	0xa2adb0	0xa2b3f1	call	0x6fa10
steam	reagent-item-filter-description	0xa2adb0	0xa2b410	call	0x6fa10
steam	reagent-item-filter-description	0xa2adb0	0xa2b42f	call	0x6fa10
steam	reagent-item-filter-description	0xa2adb0	0xa2b44e	call	0x6fa10
steam	reagent-item-filter-description	0xa2adb0	0xa2b469	call	0x6fa10
steam	reagent-item-filter-description	0xa2adb0	0xa2b488	call	0x6fa10
steam	reagent-item-filter-description	0xa2adb0	0xa2b4a7	call	0x6fa10
steam	reagent-item-filter-description	0xa2adb0	0xa2b4c6	call	0x6fa10
steam	reagent-item-filter-description	0xa2adb0	0xa2b4e5	call	0x6fa10
steam	reagent-item-filter-description	0xa2adb0	0xa2b504	call	0x6fa10
steam	reagent-item-filter-description	0xa2adb0	0xa2b523	call	0x6fa10
steam	reagent-item-filter-description	0xa2adb0	0xa2b542	call	0x6fa10
steam	reagent-item-filter-description	0xa2adb0	0xa2b568	call	0x6fa10
steam	reagent-item-filter-description	0xa2adb0	0xa2b587	call	0x6fa10
steam	reagent-item-filter-description	0xa2adb0	0xa2b5a6	call	0x6fa10
steam	reagent-item-filter-description	0xa2adb0	0xa2b5c5	call	0x6fa10
steam	reagent-item-filter-description	0xa2adb0	0xa2b5e4	call	0x6fa10
steam	reagent-item-filter-description	0xa2adb0	0xa2b5ff	call	0x6fa10
steam	reagent-item-filter-description	0xa2adb0	0xa2b61e	call	0x6fa10
steam	reagent-item-filter-description	0xa2adb0	0xa2b63a	call	0x6fa10
steam	reagent-item-filter-description	0xa2adb0	0xa2b656	call	0x6fa10
steam	reagent-item-filter-description	0xa2adb0	0xa2b672	call	0x6fa10
steam	reagent-item-filter-description	0xa2adb0	0xa2b698	call	0x6fa10
steam	reagent-item-filter-description	0xa2adb0	0xa2b6b4	call	0x6fa10
steam	reagent-item-filter-description	0xa2adb0	0xa2b6d3	call	0x6fa10
steam	reagent-item-filter-description	0xa2adb0	0xa2b6f2	call	0x6fa10
steam	reagent-item-filter-description	0xa2adb0	0xa2b711	call	0x6fa10
steam	reagent-item-filter-description	0xa2adb0	0xa2b730	call	0x6fa10
steam	reagent-item-filter-description	0xa2adb0	0xa2b74f	call	0x6fa10
steam	reagent-item-filter-description	0xa2adb0	0xa2b76e	call	0x6fa10
steam	reagent-item-filter-description	0xa2adb0	0xa2b78d	call	0x6fa10
steam	reagent-item-filter-description	0xa2adb0	0xa2b7ac	call	0x6fa10
steam	reagent-item-filter-description	0xa2adb0	0xa2b7cb	call	0x6fa10
steam	reagent-item-filter-description	0xa2adb0	0xa2b7ea	call	0x6fa10
steam	reagent-item-filter-description	0xa2adb0	0xa2b809	call	0x6fa10
steam	reagent-item-filter-description	0xa2adb0	0xa2b854	call	0x14add70
steam	reagent-item-filter-description	0xa2adb0	0xa2b884	call	0x6fa10
steam	reagent-item-filter-description	0xa2adb0	0xa2b897	call	0x6fa10
steam	reagent-item-filter-description	0xa2adb0	0xa2b8b1	jmp	0xa2b8c0
steam	reagent-item-filter-description	0xa2adb0	0xa2b8c4	call	0x6fa10
steam	reagent-item-filter-description	0xa2adb0	0xa2b91d	jmp	0xa2b92c
steam	reagent-item-filter-description	0xa2adb0	0xa2b930	call	0x707d0
steam	reagent-item-filter-description	0xa2adb0	0xa2b94d	call	0x153aa78
steam	reagent-item-filter-description	0xa2adb0	0xa2b986	call	0x6fa10
steam	reagent-item-filter-description	0xa2adb0	0xa2b9c5	call	0x1539680
steam	reagent-item-filter-description	0xa2adb0	0xa2ba04	call	0x1539680
steam	reagent-item-filter-description	0xa2adb0	0xa2ba46	call	0x153ae14
steam	reagent-item-filter-description	0xa2adb0	0xa2ba5f	call	0x6fa10
steam	reagent-item-filter-description	0xa2adb0	0xa2ba64	jmp	0xa2bcad
steam	reagent-item-filter-description	0xa2adb0	0xa2ba85	call	0x153ae14
steam	reagent-item-filter-description	0xa2adb0	0xa2ba9b	call	0x6fa10
steam	reagent-item-filter-description	0xa2adb0	0xa2baa0	jmp	0xa2bcad
steam	reagent-item-filter-description	0xa2adb0	0xa2baca	call	0x153ae14
steam	reagent-item-filter-description	0xa2adb0	0xa2bae3	call	0x6fa10
steam	reagent-item-filter-description	0xa2adb0	0xa2bae8	jmp	0xa2bcad
steam	reagent-item-filter-description	0xa2adb0	0xa2bb0a	call	0x153ae14
steam	reagent-item-filter-description	0xa2adb0	0xa2bb23	call	0x6fa10
steam	reagent-item-filter-description	0xa2adb0	0xa2bb28	jmp	0xa2bcad
steam	reagent-item-filter-description	0xa2adb0	0xa2bb52	call	0x153ae14
steam	reagent-item-filter-description	0xa2adb0	0xa2bb6b	call	0x6fa10
steam	reagent-item-filter-description	0xa2adb0	0xa2bb70	jmp	0xa2bcad
steam	reagent-item-filter-description	0xa2adb0	0xa2bb92	call	0x153ae14
steam	reagent-item-filter-description	0xa2adb0	0xa2bbab	call	0x6fa10
steam	reagent-item-filter-description	0xa2adb0	0xa2bbb0	jmp	0xa2bcad
steam	reagent-item-filter-description	0xa2adb0	0xa2bbda	call	0x153ae14
steam	reagent-item-filter-description	0xa2adb0	0xa2bbf3	call	0x6fa10
steam	reagent-item-filter-description	0xa2adb0	0xa2bbf8	jmp	0xa2bcad
steam	reagent-item-filter-description	0xa2adb0	0xa2bc1a	call	0x153ae14
steam	reagent-item-filter-description	0xa2adb0	0xa2bc33	call	0x6fa10
steam	reagent-item-filter-description	0xa2adb0	0xa2bc38	jmp	0xa2bcad
steam	reagent-item-filter-description	0xa2adb0	0xa2bc59	call	0x153ae14
steam	reagent-item-filter-description	0xa2adb0	0xa2bc72	call	0x6fa10
steam	reagent-item-filter-description	0xa2adb0	0xa2bc77	jmp	0xa2bcad
steam	reagent-item-filter-description	0xa2adb0	0xa2bc84	call	0x724a30
steam	reagent-item-filter-description	0xa2adb0	0xa2bc9e	call	0x6fa10
steam	reagent-item-filter-description	0xa2adb0	0xa2bca8	call	0x6f850
steam	reagent-item-filter-description	0xa2adb0	0xa2bce0	call	0x153ae14
steam	reagent-item-filter-description	0xa2adb0	0xa2bcf9	call	0x6fa10
steam	reagent-item-filter-description	0xa2adb0	0xa2bcfe	jmp	0xa2c0b4
steam	reagent-item-filter-description	0xa2adb0	0xa2bd1f	call	0x153ae14
steam	reagent-item-filter-description	0xa2adb0	0xa2bd38	call	0x6fa10
steam	reagent-item-filter-description	0xa2adb0	0xa2bd3d	jmp	0xa2c0b4
steam	reagent-item-filter-description	0xa2adb0	0xa2bd67	call	0x153ae14
steam	reagent-item-filter-description	0xa2adb0	0xa2bd80	call	0x6fa10
steam	reagent-item-filter-description	0xa2adb0	0xa2bd85	jmp	0xa2c0b4
steam	reagent-item-filter-description	0xa2adb0	0xa2bda7	call	0x153ae14
steam	reagent-item-filter-description	0xa2adb0	0xa2bdc0	call	0x6fa10
steam	reagent-item-filter-description	0xa2adb0	0xa2bdc5	jmp	0xa2c0b4
steam	reagent-item-filter-description	0xa2adb0	0xa2bdef	call	0x153ae14
steam	reagent-item-filter-description	0xa2adb0	0xa2be08	call	0x6fa10
steam	reagent-item-filter-description	0xa2adb0	0xa2be0d	jmp	0xa2c0b4
steam	reagent-item-filter-description	0xa2adb0	0xa2be2f	call	0x153ae14
steam	reagent-item-filter-description	0xa2adb0	0xa2be48	call	0x6fa10
steam	reagent-item-filter-description	0xa2adb0	0xa2be4d	jmp	0xa2c0b4
steam	reagent-item-filter-description	0xa2adb0	0xa2be77	call	0x153ae14
steam	reagent-item-filter-description	0xa2adb0	0xa2be90	call	0x6fa10
steam	reagent-item-filter-description	0xa2adb0	0xa2be95	jmp	0xa2c0b4
steam	reagent-item-filter-description	0xa2adb0	0xa2beb7	call	0x153ae14
steam	reagent-item-filter-description	0xa2adb0	0xa2bed0	call	0x6fa10
steam	reagent-item-filter-description	0xa2adb0	0xa2bed5	jmp	0xa2c0b4
steam	reagent-item-filter-description	0xa2adb0	0xa2beff	call	0x153ae14
steam	reagent-item-filter-description	0xa2adb0	0xa2bf18	call	0x6fa10
steam	reagent-item-filter-description	0xa2adb0	0xa2bf1d	jmp	0xa2c0b4
steam	reagent-item-filter-description	0xa2adb0	0xa2bf3f	call	0x153ae14
steam	reagent-item-filter-description	0xa2adb0	0xa2bf58	call	0x6fa10
steam	reagent-item-filter-description	0xa2adb0	0xa2bf5d	jmp	0xa2c0b4
steam	reagent-item-filter-description	0xa2adb0	0xa2bf87	call	0x153ae14
steam	reagent-item-filter-description	0xa2adb0	0xa2bfa0	call	0x6fa10
steam	reagent-item-filter-description	0xa2adb0	0xa2bfa5	jmp	0xa2c0b4
steam	reagent-item-filter-description	0xa2adb0	0xa2bffa	jmp	0xa2c009
steam	reagent-item-filter-description	0xa2adb0	0xa2c00d	call	0x707d0
steam	reagent-item-filter-description	0xa2adb0	0xa2c02a	call	0x153aa78
steam	reagent-item-filter-description	0xa2adb0	0xa2c070	call	0x6fa10
steam	reagent-item-filter-description	0xa2adb0	0xa2c0af	call	0x1539680
steam	reagent-item-filter-description	0xa2adb0	0xa2c125	call	0x6fa10
steam	reagent-item-filter-description	0xa2adb0	0xa2c13a	call	0x6fa10
steam	reagent-item-filter-description	0xa2adb0	0xa2c143	jmp	0xa2c100
steam	reagent-item-filter-description	0xa2adb0	0xa2c17d	call	0x6fa10
steam	reagent-item-filter-description	0xa2adb0	0xa2c1a9	call	0x6fa10
steam	reagent-item-filter-description	0xa2adb0	0xa2c1c0	call	0x6fa10
steam	reagent-item-filter-description	0xa2adb0	0xa2c1c5	jmp	0xa2c1cc
steam	reagent-item-filter-description	0xa2adb0	0xa2c1fd	jmp	0xa2c39b
steam	reagent-item-filter-description	0xa2adb0	0xa2c20f	jmp	0xa2c39b
steam	reagent-item-filter-description	0xa2adb0	0xa2c221	jmp	0xa2c39b
steam	reagent-item-filter-description	0xa2adb0	0xa2c22d	jmp	0xa2c395
steam	reagent-item-filter-description	0xa2adb0	0xa2c23f	jmp	0xa2c39b
steam	reagent-item-filter-description	0xa2adb0	0xa2c251	jmp	0xa2c39b
steam	reagent-item-filter-description	0xa2adb0	0xa2c263	jmp	0xa2c39b
steam	reagent-item-filter-description	0xa2adb0	0xa2c275	jmp	0xa2c39b
steam	reagent-item-filter-description	0xa2adb0	0xa2c287	jmp	0xa2c39b
steam	reagent-item-filter-description	0xa2adb0	0xa2c299	jmp	0xa2c39b
steam	reagent-item-filter-description	0xa2adb0	0xa2c2ab	jmp	0xa2c39b
steam	reagent-item-filter-description	0xa2adb0	0xa2c2bd	jmp	0xa2c39b
steam	reagent-item-filter-description	0xa2adb0	0xa2c2cf	jmp	0xa2c39b
steam	reagent-item-filter-description	0xa2adb0	0xa2c2e1	jmp	0xa2c39b
steam	reagent-item-filter-description	0xa2adb0	0xa2c2f0	jmp	0xa2c39b
steam	reagent-item-filter-description	0xa2adb0	0xa2c302	jmp	0xa2c39b
steam	reagent-item-filter-description	0xa2adb0	0xa2c314	jmp	0xa2c39b
steam	reagent-item-filter-description	0xa2adb0	0xa2c326	jmp	0xa2c39b
steam	reagent-item-filter-description	0xa2adb0	0xa2c335	jmp	0xa2c39b
steam	reagent-item-filter-description	0xa2adb0	0xa2c341	jmp	0xa2c39b
steam	reagent-item-filter-description	0xa2adb0	0xa2c350	jmp	0xa2c39b
steam	reagent-item-filter-description	0xa2adb0	0xa2c35f	jmp	0xa2c39b
steam	reagent-item-filter-description	0xa2adb0	0xa2c36e	jmp	0xa2c39b
steam	reagent-item-filter-description	0xa2adb0	0xa2c37d	jmp	0xa2c39b
steam	reagent-item-filter-description	0xa2adb0	0xa2c38c	jmp	0xa2c39b
steam	reagent-item-filter-description	0xa2adb0	0xa2c39e	call	0x6f8d0
steam	reagent-item-filter-description	0xa2adb0	0xa2c3c8	call	0x6fa10
steam	reagent-item-filter-description	0xa2adb0	0xa2c3dd	call	0x6fa10
steam	reagent-item-filter-description	0xa2adb0	0xa2c3e2	jmp	0xa2c4e4
steam	reagent-item-filter-description	0xa2adb0	0xa2c41c	call	0x6fa10
steam	reagent-item-filter-description	0xa2adb0	0xa2c486	call	0xa82c10
steam	reagent-item-filter-description	0xa2adb0	0xa2c4a0	call	0x6fa10
steam	reagent-item-filter-description	0xa2adb0	0xa2c4df	call	0x1539680
steam	reagent-item-filter-description	0xa2adb0	0xa2c4fe	call	0x6fa10
steam	reagent-item-filter-description	0xa2adb0	0xa2c50a	call	0x1539660
steam	reagent-item-filter-description	0xa2adb0	0xa2c52a	call	0x65890
steam	reagent-item-filter-description	0xa2adb0	0xa2c530	call	0x65890
steam	reagent-item-type-name	0xa82c10	0xa82cf2	jmp	0xa82d08
steam	reagent-item-type-name	0xa82c10	0xa82d00	jmp	0xa82d08
steam	reagent-item-type-name	0xa82c10	0xa82d18	call	0x1360ec0
steam	reagent-item-type-name	0xa82c10	0xa82d37	jmp	0xa82d49
steam	reagent-item-type-name	0xa82c10	0xa82d96	call	0x6fa10
steam	reagent-item-type-name	0xa82c10	0xa82e1e	call	0x14d1920
steam	reagent-item-type-name	0xa82c10	0xa82e3b	call	0x6fa10
steam	reagent-item-type-name	0xa82c10	0xa82e4f	call	0xb9b80
steam	reagent-item-type-name	0xa82c10	0xa82e54	jmp	0xa82e60
steam	reagent-item-type-name	0xa82c10	0xa82e70	call	0x6fa10
steam	reagent-item-type-name	0xa82c10	0xa82e75	jmp	0xa8806b
steam	reagent-item-type-name	0xa82c10	0xa82eac	call	0x14d1920
steam	reagent-item-type-name	0xa82c10	0xa82ec9	call	0x6fa10
steam	reagent-item-type-name	0xa82c10	0xa82ed3	call	0xb9b80
steam	reagent-item-type-name	0xa82c10	0xa82ee8	call	0x6fa10
steam	reagent-item-type-name	0xa82c10	0xa82f07	call	0x6fa10
steam	reagent-item-type-name	0xa82c10	0xa82f0c	jmp	0xa8806b
steam	reagent-item-type-name	0xa82c10	0xa82f27	call	0x6fa10
steam	reagent-item-type-name	0xa82c10	0xa82f2c	jmp	0xa8806b
steam	reagent-item-type-name	0xa82c10	0xa82f40	call	0x6f560
steam	reagent-item-type-name	0xa82c10	0xa82f45	jmp	0xa8806b
steam	reagent-item-type-name	0xa82c10	0xa82f59	call	0x6f560
steam	reagent-item-type-name	0xa82c10	0xa82f5e	jmp	0xa8806b
steam	reagent-item-type-name	0xa82c10	0xa82f72	call	0x6f560
steam	reagent-item-type-name	0xa82c10	0xa82f77	jmp	0xa8806b
steam	reagent-item-type-name	0xa82c10	0xa82f94	call	0x6f560
steam	reagent-item-type-name	0xa82c10	0xa82f99	jmp	0xa8806b
steam	reagent-item-type-name	0xa82c10	0xa82fa2	call	0x6f690
steam	reagent-item-type-name	0xa82c10	0xa82fb2	call	0x6f560
steam	reagent-item-type-name	0xa82c10	0xa82fce	call	0x14d1790
steam	reagent-item-type-name	0xa82c10	0xa82fda	call	0xb9d10
steam	reagent-item-type-name	0xa82c10	0xa82fe4	call	0x6f850
steam	reagent-item-type-name	0xa82c10	0xa82fe9	jmp	0xa8806b
steam	reagent-item-type-name	0xa82c10	0xa83033	jmp	0xa83037
steam	reagent-item-type-name	0xa82c10	0xa8303f	jmp	0xa8307f
steam	reagent-item-type-name	0xa82c10	0xa83051	call	0x6fa10
steam	reagent-item-type-name	0xa82c10	0xa83056	jmp	0xa8307c
steam	reagent-item-type-name	0xa82c10	0xa83068	call	0x6fa10
steam	reagent-item-type-name	0xa82c10	0xa830b8	call	0x14d1920
steam	reagent-item-type-name	0xa82c10	0xa830d2	call	0x6fa10
steam	reagent-item-type-name	0xa82c10	0xa830e1	call	0xb9b80
steam	reagent-item-type-name	0xa82c10	0xa8311d	call	0x1539680
steam	reagent-item-type-name	0xa82c10	0xa83148	call	0x6fa10
steam	reagent-item-type-name	0xa82c10	0xa83168	call	0x6f8d0
steam	reagent-item-type-name	0xa82c10	0xa8316d	jmp	0xa8806b
steam	reagent-item-type-name	0xa82c10	0xa83180	call	0x6f690
steam	reagent-item-type-name	0xa82c10	0xa83197	call	0x14d16f0
steam	reagent-item-type-name	0xa82c10	0xa831a3	call	0xb9d10
steam	reagent-item-type-name	0xa82c10	0xa831ad	call	0x6f850
steam	reagent-item-type-name	0xa82c10	0xa831b2	jmp	0xa8806b
steam	reagent-item-type-name	0xa82c10	0xa831c1	call	0x6f560
steam	reagent-item-type-name	0xa82c10	0xa831c6	jmp	0xa8806b
steam	reagent-item-type-name	0xa82c10	0xa831e7	call	0x6f560
steam	reagent-item-type-name	0xa82c10	0xa831ec	jmp	0xa8806b
steam	reagent-item-type-name	0xa82c10	0xa831f8	call	0x6f690
steam	reagent-item-type-name	0xa82c10	0xa83223	call	0x14d1920
steam	reagent-item-type-name	0xa82c10	0xa83232	call	0xb9d10
steam	reagent-item-type-name	0xa82c10	0xa8323f	call	0x6f850
steam	reagent-item-type-name	0xa82c10	0xa83244	jmp	0xa8806b
steam	reagent-item-type-name	0xa82c10	0xa83264	call	0x6f690
steam	reagent-item-type-name	0xa82c10	0xa83294	call	0x14d1920
steam	reagent-item-type-name	0xa82c10	0xa832a3	call	0xb9d10
steam	reagent-item-type-name	0xa82c10	0xa832b0	call	0x6f850
steam	reagent-item-type-name	0xa82c10	0xa832b5	jmp	0xa8806b
steam	reagent-item-type-name	0xa82c10	0xa832c4	call	0x6f560
steam	reagent-item-type-name	0xa82c10	0xa832c9	jmp	0xa8806b
steam	reagent-item-type-name	0xa82c10	0xa832dd	call	0x6f560
steam	reagent-item-type-name	0xa82c10	0xa832e2	jmp	0xa8806b
steam	reagent-item-type-name	0xa82c10	0xa832fc	call	0x6f560
steam	reagent-item-type-name	0xa82c10	0xa83301	jmp	0xa8806b
steam	reagent-item-type-name	0xa82c10	0xa83315	call	0x6f560
steam	reagent-item-type-name	0xa82c10	0xa83324	call	0x6f560
steam	reagent-item-type-name	0xa82c10	0xa83329	jmp	0xa8806b
steam	reagent-item-type-name	0xa82c10	0xa83335	call	0x6f690
steam	reagent-item-type-name	0xa82c10	0xa83365	call	0x14d1920
steam	reagent-item-type-name	0xa82c10	0xa83374	call	0xb9d10
steam	reagent-item-type-name	0xa82c10	0xa83381	call	0x6f850
steam	reagent-item-type-name	0xa82c10	0xa833be	jmp	0xa833c2
steam	reagent-item-type-name	0xa82c10	0xa833d4	call	0x6f560
steam	reagent-item-type-name	0xa82c10	0xa833d9	jmp	0xa8806b
steam	reagent-item-type-name	0xa82c10	0xa8348a	call	0x14e1ec0
steam	reagent-item-type-name	0xa82c10	0xa834a8	call	0x6fa10
steam	reagent-item-type-name	0xa82c10	0xa834ad	jmp	0xa83575
steam	reagent-item-type-name	0xa82c10	0xa834c2	call	0x6f560
steam	reagent-item-type-name	0xa82c10	0xa834c7	jmp	0xa83575
steam	reagent-item-type-name	0xa82c10	0xa834db	call	0x6f560
steam	reagent-item-type-name	0xa82c10	0xa834e0	jmp	0xa83575
steam	reagent-item-type-name	0xa82c10	0xa834f4	call	0x6f560
steam	reagent-item-type-name	0xa82c10	0xa834f9	jmp	0xa83575
steam	reagent-item-type-name	0xa82c10	0xa8350a	call	0x6f560
steam	reagent-item-type-name	0xa82c10	0xa8350f	jmp	0xa83575
steam	reagent-item-type-name	0xa82c10	0xa83525	call	0x6f560
steam	reagent-item-type-name	0xa82c10	0xa8352a	jmp	0xa83575
steam	reagent-item-type-name	0xa82c10	0xa83533	call	0x6f690
steam	reagent-item-type-name	0xa82c10	0xa83553	call	0x14d1790
steam	reagent-item-type-name	0xa82c10	0xa83562	call	0xb9d10
steam	reagent-item-type-name	0xa82c10	0xa8356f	call	0x6f850
steam	reagent-item-type-name	0xa82c10	0xa835ab	call	0x1539680
steam	reagent-item-type-name	0xa82c10	0xa835c0	jmp	0xa8806b
steam	reagent-item-type-name	0xa82c10	0xa835f7	call	0x14d1920
steam	reagent-item-type-name	0xa82c10	0xa83614	call	0x6fa10
steam	reagent-item-type-name	0xa82c10	0xa8361e	call	0xb9b80
steam	reagent-item-type-name	0xa82c10	0xa83630	call	0x14add70
steam	reagent-item-type-name	0xa82c10	0xa8364e	call	0xb9d10
steam	reagent-item-type-name	0xa82c10	0xa83653	jmp	0xa8806b
steam	reagent-item-type-name	0xa82c10	0xa8365f	call	0x6f560
steam	reagent-item-type-name	0xa82c10	0xa83664	jmp	0xa8806b
steam	reagent-item-type-name	0xa82c10	0xa83676	call	0x6fa10
steam	reagent-item-type-name	0xa82c10	0xa8367b	jmp	0xa8806b
steam	reagent-item-type-name	0xa82c10	0xa836b2	call	0x14d1920
steam	reagent-item-type-name	0xa82c10	0xa836cf	call	0x6fa10
steam	reagent-item-type-name	0xa82c10	0xa836d9	call	0xb9b80
steam	reagent-item-type-name	0xa82c10	0xa836eb	call	0x14add70
steam	reagent-item-type-name	0xa82c10	0xa8370d	jmp	0xa83711
steam	reagent-item-type-name	0xa82c10	0xa83731	jmp	0xa88053
steam	reagent-item-type-name	0xa82c10	0xa83768	call	0x14d1920
steam	reagent-item-type-name	0xa82c10	0xa83785	call	0x6fa10
steam	reagent-item-type-name	0xa82c10	0xa8378f	call	0xb9b80
steam	reagent-item-type-name	0xa82c10	0xa837a1	jmp	0xa88053
steam	reagent-item-type-name	0xa82c10	0xa837d8	call	0x14d1920
steam	reagent-item-type-name	0xa82c10	0xa837f5	call	0x6fa10
steam	reagent-item-type-name	0xa82c10	0xa837ff	call	0xb9b80
steam	reagent-item-type-name	0xa82c10	0xa83811	jmp	0xa88053
steam	reagent-item-type-name	0xa82c10	0xa83848	call	0x14d1920
steam	reagent-item-type-name	0xa82c10	0xa83865	call	0x6fa10
steam	reagent-item-type-name	0xa82c10	0xa8386f	call	0xb9b80
steam	reagent-item-type-name	0xa82c10	0xa83881	jmp	0xa88053
steam	reagent-item-type-name	0xa82c10	0xa838b8	call	0x14d1920
steam	reagent-item-type-name	0xa82c10	0xa838d5	call	0x6fa10
steam	reagent-item-type-name	0xa82c10	0xa838df	call	0xb9b80
steam	reagent-item-type-name	0xa82c10	0xa838f1	jmp	0xa88053
steam	reagent-item-type-name	0xa82c10	0xa83928	call	0x14d1920
steam	reagent-item-type-name	0xa82c10	0xa83945	call	0x6fa10
steam	reagent-item-type-name	0xa82c10	0xa8394f	call	0xb9b80
steam	reagent-item-type-name	0xa82c10	0xa83961	jmp	0xa88053
steam	reagent-item-type-name	0xa82c10	0xa83998	call	0x14d1920
steam	reagent-item-type-name	0xa82c10	0xa839b5	call	0x6fa10
steam	reagent-item-type-name	0xa82c10	0xa839bf	call	0xb9b80
steam	reagent-item-type-name	0xa82c10	0xa839d1	jmp	0xa88053
steam	reagent-item-type-name	0xa82c10	0xa83a08	call	0x14d1920
steam	reagent-item-type-name	0xa82c10	0xa83a25	call	0x6fa10
steam	reagent-item-type-name	0xa82c10	0xa83a2f	call	0xb9b80
steam	reagent-item-type-name	0xa82c10	0xa83a41	jmp	0xa88053
steam	reagent-item-type-name	0xa82c10	0xa83a78	call	0x14d1920
steam	reagent-item-type-name	0xa82c10	0xa83a95	call	0x6fa10
steam	reagent-item-type-name	0xa82c10	0xa83a9f	call	0xb9b80
steam	reagent-item-type-name	0xa82c10	0xa83ab1	jmp	0xa88053
steam	reagent-item-type-name	0xa82c10	0xa83ae8	call	0x14d1920
steam	reagent-item-type-name	0xa82c10	0xa83b05	call	0x6fa10
steam	reagent-item-type-name	0xa82c10	0xa83b0f	call	0xb9b80
steam	reagent-item-type-name	0xa82c10	0xa83b21	call	0x14add70
steam	reagent-item-type-name	0xa82c10	0xa83b43	jmp	0xa83b47
steam	reagent-item-type-name	0xa82c10	0xa83b5b	call	0x6fa10
steam	reagent-item-type-name	0xa82c10	0xa83b71	jmp	0xa83bca
steam	reagent-item-type-name	0xa82c10	0xa83b8a	call	0x145bee0
steam	reagent-item-type-name	0xa82c10	0xa83b9a	jmp	0xa83ba9
steam	reagent-item-type-name	0xa82c10	0xa83bac	call	0x6f560
steam	reagent-item-type-name	0xa82c10	0xa83bbb	jmp	0xa83bd2
steam	reagent-item-type-name	0xa82c10	0xa83bcd	call	0x6f560
steam	reagent-item-type-name	0xa82c10	0xa83be2	call	0x6fa10
steam	reagent-item-type-name	0xa82c10	0xa83be7	jmp	0xa8806b
steam	reagent-item-type-name	0xa82c10	0xa83bf6	call	0x6f560
steam	reagent-item-type-name	0xa82c10	0xa83bfb	jmp	0xa880a7
steam	reagent-item-type-name	0xa82c10	0xa83c32	call	0x14d1920
steam	reagent-item-type-name	0xa82c10	0xa83c4f	call	0x6fa10
steam	reagent-item-type-name	0xa82c10	0xa83c59	call	0xb9b80
steam	reagent-item-type-name	0xa82c10	0xa83c6b	jmp	0xa88053
steam	reagent-item-type-name	0xa82c10	0xa83c89	call	0x6fa10
steam	reagent-item-type-name	0xa82c10	0xa83c93	call	0xb9b80
steam	reagent-item-type-name	0xa82c10	0xa83ccd	call	0x14d1920
steam	reagent-item-type-name	0xa82c10	0xa83cea	call	0x6fa10
steam	reagent-item-type-name	0xa82c10	0xa83cf4	call	0xb9b80
steam	reagent-item-type-name	0xa82c10	0xa83d06	jmp	0xa88053
steam	reagent-item-type-name	0xa82c10	0xa83d7c	call	0xb9d10
steam	reagent-item-type-name	0xa82c10	0xa83d90	call	0xb9b80
steam	reagent-item-type-name	0xa82c10	0xa83d9f	call	0xb9d10
steam	reagent-item-type-name	0xa82c10	0xa83db7	call	0xb9b80
steam	reagent-item-type-name	0xa82c10	0xa83dc3	jmp	0xa8804d
steam	reagent-item-type-name	0xa82c10	0xa83dd2	call	0x6f560
steam	reagent-item-type-name	0xa82c10	0xa83dde	jmp	0xa8804d
steam	reagent-item-type-name	0xa82c10	0xa83e15	call	0x14d1920
steam	reagent-item-type-name	0xa82c10	0xa83e22	call	0xb9d10
steam	reagent-item-type-name	0xa82c10	0xa83e2c	call	0xb9b80
steam	reagent-item-type-name	0xa82c10	0xa83e41	call	0x6fa10
steam	reagent-item-type-name	0xa82c10	0xa83e4d	jmp	0xa8804d
steam	reagent-item-type-name	0xa82c10	0xa83e84	call	0x14d1920
steam	reagent-item-type-name	0xa82c10	0xa83ea1	call	0x6fa10
steam	reagent-item-type-name	0xa82c10	0xa83eab	call	0xb9b80
steam	reagent-item-type-name	0xa82c10	0xa83ebd	jmp	0xa88053
steam	reagent-item-type-name	0xa82c10	0xa83ef4	call	0x14d1920
steam	reagent-item-type-name	0xa82c10	0xa83f11	call	0x6fa10
steam	reagent-item-type-name	0xa82c10	0xa83f1b	call	0xb9b80
steam	reagent-item-type-name	0xa82c10	0xa83f27	jmp	0xa82edf
steam	reagent-item-type-name	0xa82c10	0xa83f45	call	0x6fa10
steam	reagent-item-type-name	0xa82c10	0xa83f4f	call	0xb9b80
steam	reagent-item-type-name	0xa82c10	0xa83f89	call	0x14d1920
steam	reagent-item-type-name	0xa82c10	0xa83fa6	call	0x6fa10
steam	reagent-item-type-name	0xa82c10	0xa83fb0	call	0xb9b80
steam	reagent-item-type-name	0xa82c10	0xa83fc2	jmp	0xa88053
steam	reagent-item-type-name	0xa82c10	0xa83ff9	call	0x14d1920
steam	reagent-item-type-name	0xa82c10	0xa84016	call	0x6fa10
steam	reagent-item-type-name	0xa82c10	0xa84020	call	0xb9b80
steam	reagent-item-type-name	0xa82c10	0xa84044	call	0x6f560
steam	reagent-item-type-name	0xa82c10	0xa84049	jmp	0xa8805b
steam	reagent-item-type-name	0xa82c10	0xa8405b	call	0x14add70
steam	reagent-item-type-name	0xa82c10	0xa8407d	jmp	0xa84081
steam	reagent-item-type-name	0xa82c10	0xa8408f	call	0x6f560
steam	reagent-item-type-name	0xa82c10	0xa840ad	call	0x6f560
steam	reagent-item-type-name	0xa82c10	0xa840b2	jmp	0xa8806b
steam	reagent-item-type-name	0xa82c10	0xa840c1	call	0x6f560
steam	reagent-item-type-name	0xa82c10	0xa840c6	jmp	0xa8805b
steam	reagent-item-type-name	0xa82c10	0xa84100	call	0x14d1920
steam	reagent-item-type-name	0xa82c10	0xa8411d	call	0x6fa10
steam	reagent-item-type-name	0xa82c10	0xa84127	call	0xb9b80
steam	reagent-item-type-name	0xa82c10	0xa84139	call	0x14add70
steam	reagent-item-type-name	0xa82c10	0xa8415b	jmp	0xa8415f
steam	reagent-item-type-name	0xa82c10	0xa84180	call	0x145bee0
steam	reagent-item-type-name	0xa82c10	0xa841a2	call	0x145bee0
steam	reagent-item-type-name	0xa82c10	0xa841c4	call	0x145bee0
steam	reagent-item-type-name	0xa82c10	0xa841de	call	0x6f560
steam	reagent-item-type-name	0xa82c10	0xa841e3	jmp	0xa8805b
steam	reagent-item-type-name	0xa82c10	0xa841ef	jmp	0xa8804d
steam	reagent-item-type-name	0xa82c10	0xa84229	call	0x14d1920
steam	reagent-item-type-name	0xa82c10	0xa84246	call	0x6fa10
steam	reagent-item-type-name	0xa82c10	0xa84250	call	0xb9b80
steam	reagent-item-type-name	0xa82c10	0xa84262	call	0x14add70
steam	reagent-item-type-name	0xa82c10	0xa84284	jmp	0xa84288
steam	reagent-item-type-name	0xa82c10	0xa842ad	call	0x145bee0
steam	reagent-item-type-name	0xa82c10	0xa842d7	call	0x145bee0
steam	reagent-item-type-name	0xa82c10	0xa842f9	call	0x145bee0
steam	reagent-item-type-name	0xa82c10	0xa8431c	call	0x145bee0
steam	reagent-item-type-name	0xa82c10	0xa8432f	call	0x6f560
steam	reagent-item-type-name	0xa82c10	0xa84334	jmp	0xa8805b
steam	reagent-item-type-name	0xa82c10	0xa84340	call	0x6f560
steam	reagent-item-type-name	0xa82c10	0xa84345	jmp	0xa8805b
steam	reagent-item-type-name	0xa82c10	0xa84357	jmp	0xa88053
steam	reagent-item-type-name	0xa82c10	0xa8438e	call	0x14d1920
steam	reagent-item-type-name	0xa82c10	0xa843ab	call	0x6fa10
steam	reagent-item-type-name	0xa82c10	0xa843b5	call	0xb9b80
steam	reagent-item-type-name	0xa82c10	0xa84400	jmp	0xa88053
steam	reagent-item-type-name	0xa82c10	0xa84428	call	0xb9d10
steam	reagent-item-type-name	0xa82c10	0xa8442d	jmp	0xa8806b
steam	reagent-item-type-name	0xa82c10	0xa84491	call	0xeb120
steam	reagent-item-type-name	0xa82c10	0xa844ae	call	0x145bee0
steam	reagent-item-type-name	0xa82c10	0xa844c1	call	0x726e0
steam	reagent-item-type-name	0xa82c10	0xa844e5	call	0x6f560
steam	reagent-item-type-name	0xa82c10	0xa8450e	call	0x14d1920
steam	reagent-item-type-name	0xa82c10	0xa8452b	call	0x6fa10
steam	reagent-item-type-name	0xa82c10	0xa84535	call	0xb9b80
steam	reagent-item-type-name	0xa82c10	0xa845de	call	0xb9d10
steam	reagent-item-type-name	0xa82c10	0xa845e8	call	0xb9b80
steam	reagent-item-type-name	0xa82c10	0xa84609	call	0xb9d10
steam	reagent-item-type-name	0xa82c10	0xa8460e	jmp	0xa8806b
steam	reagent-item-type-name	0xa82c10	0xa8463e	call	0xb9d10
steam	reagent-item-type-name	0xa82c10	0xa8464d	call	0x6f560
steam	reagent-item-type-name	0xa82c10	0xa84652	jmp	0xa8446a
steam	reagent-item-type-name	0xa82c10	0xa84664	jmp	0xa88056
steam	reagent-item-type-name	0xa82c10	0xa8469b	call	0x14d1920
steam	reagent-item-type-name	0xa82c10	0xa846b8	call	0x6fa10
steam	reagent-item-type-name	0xa82c10	0xa846c2	call	0xb9b80
steam	reagent-item-type-name	0xa82c10	0xa84704	jmp	0xa88053
steam	reagent-item-type-name	0xa82c10	0xa8472c	call	0xb9d10
steam	reagent-item-type-name	0xa82c10	0xa84731	jmp	0xa8806b
steam	reagent-item-type-name	0xa82c10	0xa8476c	call	0x14d1920
steam	reagent-item-type-name	0xa82c10	0xa84789	call	0x6fa10
steam	reagent-item-type-name	0xa82c10	0xa84793	call	0xb9b80
steam	reagent-item-type-name	0xa82c10	0xa847b7	call	0x6f560
steam	reagent-item-type-name	0xa82c10	0xa847bc	jmp	0xa8805b
steam	reagent-item-type-name	0xa82c10	0xa847d8	call	0x145bee0
steam	reagent-item-type-name	0xa82c10	0xa847eb	call	0x6f560
steam	reagent-item-type-name	0xa82c10	0xa847f0	jmp	0xa8805b
steam	reagent-item-type-name	0xa82c10	0xa84802	jmp	0xa88053
steam	reagent-item-type-name	0xa82c10	0xa84839	call	0x14d1920
steam	reagent-item-type-name	0xa82c10	0xa84856	call	0x6fa10
steam	reagent-item-type-name	0xa82c10	0xa84860	call	0xb9b80
steam	reagent-item-type-name	0xa82c10	0xa84872	jmp	0xa88053
steam	reagent-item-type-name	0xa82c10	0xa848a9	call	0x14d1920
steam	reagent-item-type-name	0xa82c10	0xa848c6	call	0x6fa10
steam	reagent-item-type-name	0xa82c10	0xa848d0	call	0xb9b80
steam	reagent-item-type-name	0xa82c10	0xa848e2	call	0x14add70
steam	reagent-item-type-name	0xa82c10	0xa84904	jmp	0xa84908
steam	reagent-item-type-name	0xa82c10	0xa8492c	jmp	0xa88053
steam	reagent-item-type-name	0xa82c10	0xa84963	call	0x14d1920
steam	reagent-item-type-name	0xa82c10	0xa84980	call	0x6fa10
steam	reagent-item-type-name	0xa82c10	0xa8498a	call	0xb9b80
steam	reagent-item-type-name	0xa82c10	0xa8499c	jmp	0xa88053
steam	reagent-item-type-name	0xa82c10	0xa849d3	call	0x14d1920
steam	reagent-item-type-name	0xa82c10	0xa849f0	call	0x6fa10
steam	reagent-item-type-name	0xa82c10	0xa849fa	call	0xb9b80
steam	reagent-item-type-name	0xa82c10	0xa84a0c	jmp	0xa88053
steam	reagent-item-type-name	0xa82c10	0xa84a43	call	0x14d1920
steam	reagent-item-type-name	0xa82c10	0xa84a60	call	0x6fa10
steam	reagent-item-type-name	0xa82c10	0xa84a6a	call	0xb9b80
steam	reagent-item-type-name	0xa82c10	0xa84a7c	jmp	0xa88053
steam	reagent-item-type-name	0xa82c10	0xa84ab3	call	0x14d1920
steam	reagent-item-type-name	0xa82c10	0xa84ad0	call	0x6fa10
steam	reagent-item-type-name	0xa82c10	0xa84ada	call	0xb9b80
steam	reagent-item-type-name	0xa82c10	0xa84afb	call	0x6f560
steam	reagent-item-type-name	0xa82c10	0xa84b00	jmp	0xa8805b
steam	reagent-item-type-name	0xa82c10	0xa84b12	jmp	0xa88053
steam	reagent-item-type-name	0xa82c10	0xa84b4c	call	0x14d1920
steam	reagent-item-type-name	0xa82c10	0xa84b69	call	0x6fa10
steam	reagent-item-type-name	0xa82c10	0xa84b73	call	0xb9b80
steam	reagent-item-type-name	0xa82c10	0xa84b85	call	0x14add70
steam	reagent-item-type-name	0xa82c10	0xa84ba7	jmp	0xa84bab
steam	reagent-item-type-name	0xa82c10	0xa84bcb	call	0x6f560
steam	reagent-item-type-name	0xa82c10	0xa84bd0	jmp	0xa8805b
steam	reagent-item-type-name	0xa82c10	0xa84be2	call	0x14add70
steam	reagent-item-type-name	0xa82c10	0xa84c04	jmp	0xa84c08
steam	reagent-item-type-name	0xa82c10	0xa84c16	call	0x6f560
steam	reagent-item-type-name	0xa82c10	0xa84c1b	jmp	0xa8806b
steam	reagent-item-type-name	0xa82c10	0xa84c33	call	0x145bee0
steam	reagent-item-type-name	0xa82c10	0xa84c46	call	0x6f560
steam	reagent-item-type-name	0xa82c10	0xa84c4b	jmp	0xa8806b
steam	reagent-item-type-name	0xa82c10	0xa84c57	call	0x6f560
steam	reagent-item-type-name	0xa82c10	0xa84c5c	jmp	0xa8806b
steam	reagent-item-type-name	0xa82c10	0xa84c93	call	0x14d1920
steam	reagent-item-type-name	0xa82c10	0xa84cb0	call	0x6fa10
steam	reagent-item-type-name	0xa82c10	0xa84cba	call	0xb9b80
steam	reagent-item-type-name	0xa82c10	0xa84ccf	call	0x6fa10
steam	reagent-item-type-name	0xa82c10	0xa84cd4	jmp	0xa8806b
steam	reagent-item-type-name	0xa82c10	0xa84d63	jmp	0xa84d7a
steam	reagent-item-type-name	0xa82c10	0xa84d68	jmp	0xa84d4d
steam	reagent-item-type-name	0xa82c10	0xa84d74	jmp	0xa84d7a
steam	reagent-item-type-name	0xa82c10	0xa84d9d	call	0x14d1920
steam	reagent-item-type-name	0xa82c10	0xa84dba	call	0x6fa10
steam	reagent-item-type-name	0xa82c10	0xa84dc4	call	0xb9b80
steam	reagent-item-type-name	0xa82c10	0xa84dd9	call	0x6fa10
steam	reagent-item-type-name	0xa82c10	0xa84dde	jmp	0xa8806b
steam	reagent-item-type-name	0xa82c10	0xa84dfc	call	0x6f560
steam	reagent-item-type-name	0xa82c10	0xa84e01	jmp	0xa8805b
steam	reagent-item-type-name	0xa82c10	0xa84e28	call	0x14d1920
steam	reagent-item-type-name	0xa82c10	0xa84e45	call	0x6fa10
steam	reagent-item-type-name	0xa82c10	0xa84e4a	jmp	0xa8806b
steam	reagent-item-type-name	0xa82c10	0xa84e5c	jmp	0xa88053
steam	reagent-item-type-name	0xa82c10	0xa84e99	call	0x14d1920
steam	reagent-item-type-name	0xa82c10	0xa84eb6	call	0x6fa10
steam	reagent-item-type-name	0xa82c10	0xa84ec8	call	0x6fa10
steam	reagent-item-type-name	0xa82c10	0xa84ef2	call	0x6fa10
steam	reagent-item-type-name	0xa82c10	0xa84ef7	jmp	0xa8806b
steam	reagent-item-type-name	0xa82c10	0xa84f2e	call	0x14d1920
steam	reagent-item-type-name	0xa82c10	0xa84f4b	call	0x6fa10
steam	reagent-item-type-name	0xa82c10	0xa84f55	call	0xb9b80
steam	reagent-item-type-name	0xa82c10	0xa84f67	jmp	0xa88053
steam	reagent-item-type-name	0xa82c10	0xa84f88	call	0x6fa10
steam	reagent-item-type-name	0xa82c10	0xa84fad	call	0x6f560
steam	reagent-item-type-name	0xa82c10	0xa84fb2	jmp	0xa8805b
steam	reagent-item-type-name	0xa82c10	0xa84fc2	jmp	0xa84e11
steam	reagent-item-type-name	0xa82c10	0xa84ff0	call	0x6fa10
steam	reagent-item-type-name	0xa82c10	0xa8512e	call	0x145bf40
steam	reagent-item-type-name	0xa82c10	0xa85150	jmp	0xa8509b
steam	reagent-item-type-name	0xa82c10	0xa85160	jmp	0xa8517a
steam	reagent-item-type-name	0xa82c10	0xa8516d	jmp	0xa8517a
steam	reagent-item-type-name	0xa82c10	0xa851d5	call	0x6fa10
steam	reagent-item-type-name	0xa82c10	0xa851ee	call	0x6fa10
steam	reagent-item-type-name	0xa82c10	0xa8520d	call	0x6fa10
steam	reagent-item-type-name	0xa82c10	0xa85229	call	0x6fa10
steam	reagent-item-type-name	0xa82c10	0xa85242	call	0x6fa10
steam	reagent-item-type-name	0xa82c10	0xa8525e	call	0x6fa10
steam	reagent-item-type-name	0xa82c10	0xa8527a	call	0x6fa10
steam	reagent-item-type-name	0xa82c10	0xa85293	call	0x6fa10
steam	reagent-item-type-name	0xa82c10	0xa852ac	call	0x6fa10
steam	reagent-item-type-name	0xa82c10	0xa852c5	call	0x6fa10
steam	reagent-item-type-name	0xa82c10	0xa85304	call	0x6f560
steam	reagent-item-type-name	0xa82c10	0xa85309	jmp	0xa85575
steam	reagent-item-type-name	0xa82c10	0xa85319	jmp	0xa8517a
steam	reagent-item-type-name	0xa82c10	0xa85329	jmp	0xa8517a
steam	reagent-item-type-name	0xa82c10	0xa85339	jmp	0xa8517a
steam	reagent-item-type-name	0xa82c10	0xa85349	jmp	0xa8517a
steam	reagent-item-type-name	0xa82c10	0xa85356	jmp	0xa8517a
steam	reagent-item-type-name	0xa82c10	0xa85365	jmp	0xa8517a
steam	reagent-item-type-name	0xa82c10	0xa85376	jmp	0xa8517a
steam	reagent-item-type-name	0xa82c10	0xa85380	jmp	0xa8517a
steam	reagent-item-type-name	0xa82c10	0xa8538a	jmp	0xa8517a
steam	reagent-item-type-name	0xa82c10	0xa8540d	call	0x6f690
steam	reagent-item-type-name	0xa82c10	0xa85426	call	0xaa3bd0
steam	reagent-item-type-name	0xa82c10	0xa85437	call	0x6f5a0
steam	reagent-item-type-name	0xa82c10	0xa85448	call	0x6f560
steam	reagent-item-type-name	0xa82c10	0xa85455	call	0x6f850
steam	reagent-item-type-name	0xa82c10	0xa8545a	jmp	0xa85558
steam	reagent-item-type-name	0xa82c10	0xa85470	jmp	0xa85540
steam	reagent-item-type-name	0xa82c10	0xa8549b	call	0x6f560
steam	reagent-item-type-name	0xa82c10	0xa854a0	jmp	0xa85575
steam	reagent-item-type-name	0xa82c10	0xa85512	jmp	0xa85530
steam	reagent-item-type-name	0xa82c10	0xa85516	jmp	0xa854fc
steam	reagent-item-type-name	0xa82c10	0xa85522	jmp	0xa85530
steam	reagent-item-type-name	0xa82c10	0xa85528	jmp	0xa85530
steam	reagent-item-type-name	0xa82c10	0xa85553	call	0x14d1920
steam	reagent-item-type-name	0xa82c10	0xa85570	call	0x6fa10
steam	reagent-item-type-name	0xa82c10	0xa85672	call	0x145bf40
steam	reagent-item-type-name	0xa82c10	0xa8569c	call	0x6f560
steam	reagent-item-type-name	0xa82c10	0xa856ab	call	0x6f690
steam	reagent-item-type-name	0xa82c10	0xa856eb	call	0x14d1920
steam	reagent-item-type-name	0xa82c10	0xa856fa	call	0xb9d10
steam	reagent-item-type-name	0xa82c10	0xa8570d	jmp	0xa8571d
steam	reagent-item-type-name	0xa82c10	0xa85720	call	0x6f560
steam	reagent-item-type-name	0xa82c10	0xa85730	call	0x6f850
steam	reagent-item-type-name	0xa82c10	0xa85764	jmp	0xa8806b
steam	reagent-item-type-name	0xa82c10	0xa85785	call	0x6fa10
steam	reagent-item-type-name	0xa82c10	0xa85813	call	0xb9d10
steam	reagent-item-type-name	0xa82c10	0xa85822	call	0x6f560
steam	reagent-item-type-name	0xa82c10	0xa85827	jmp	0xa8806b
steam	reagent-item-type-name	0xa82c10	0xa85846	call	0x6f560
steam	reagent-item-type-name	0xa82c10	0xa8584b	jmp	0xa8806b
steam	reagent-item-type-name	0xa82c10	0xa85873	call	0x14d1920
steam	reagent-item-type-name	0xa82c10	0xa85880	call	0xb9d10
steam	reagent-item-type-name	0xa82c10	0xa85885	jmp	0xa8806b
steam	reagent-item-type-name	0xa82c10	0xa858a0	call	0x6f560
steam	reagent-item-type-name	0xa82c10	0xa858c2	call	0x6f560
steam	reagent-item-type-name	0xa82c10	0xa858c7	jmp	0xa8806b
steam	reagent-item-type-name	0xa82c10	0xa858d7	jmp	0xa84e11
steam	reagent-item-type-name	0xa82c10	0xa8590e	call	0x14d1920
steam	reagent-item-type-name	0xa82c10	0xa8592b	call	0x6fa10
steam	reagent-item-type-name	0xa82c10	0xa85935	call	0xb9b80
steam	reagent-item-type-name	0xa82c10	0xa8594a	call	0x6fa10
steam	reagent-item-type-name	0xa82c10	0xa8594f	jmp	0xa8806b
steam	reagent-item-type-name	0xa82c10	0xa85986	call	0x14d1920
steam	reagent-item-type-name	0xa82c10	0xa859a3	call	0x6fa10
steam	reagent-item-type-name	0xa82c10	0xa859ad	call	0xb9b80
steam	reagent-item-type-name	0xa82c10	0xa859c2	call	0x6fa10
steam	reagent-item-type-name	0xa82c10	0xa859c7	jmp	0xa8806b
steam	reagent-item-type-name	0xa82c10	0xa859fe	call	0x14d1920
steam	reagent-item-type-name	0xa82c10	0xa85a1b	call	0x6fa10
steam	reagent-item-type-name	0xa82c10	0xa85a25	call	0xb9b80
steam	reagent-item-type-name	0xa82c10	0xa85a3a	call	0x6fa10
steam	reagent-item-type-name	0xa82c10	0xa85a3f	jmp	0xa8806b
steam	reagent-item-type-name	0xa82c10	0xa85a76	call	0x14d1920
steam	reagent-item-type-name	0xa82c10	0xa85a93	call	0x6fa10
steam	reagent-item-type-name	0xa82c10	0xa85a9d	call	0xb9b80
steam	reagent-item-type-name	0xa82c10	0xa85aaf	call	0x14add70
steam	reagent-item-type-name	0xa82c10	0xa85ad1	jmp	0xa85ad5
steam	reagent-item-type-name	0xa82c10	0xa85ae9	call	0x6fa10
steam	reagent-item-type-name	0xa82c10	0xa85aee	jmp	0xa8806b
steam	reagent-item-type-name	0xa82c10	0xa85b03	call	0x6fa10
steam	reagent-item-type-name	0xa82c10	0xa85b08	jmp	0xa8806b
steam	reagent-item-type-name	0xa82c10	0xa85b75	call	0x14d1920
steam	reagent-item-type-name	0xa82c10	0xa85b82	call	0xb9d10
steam	reagent-item-type-name	0xa82c10	0xa85b8c	call	0xb9b80
steam	reagent-item-type-name	0xa82c10	0xa85b9e	jmp	0xa88053
steam	reagent-item-type-name	0xa82c10	0xa85bc3	call	0xb9d10
steam	reagent-item-type-name	0xa82c10	0xa85bd2	call	0x6f560
steam	reagent-item-type-name	0xa82c10	0xa85c0c	call	0x14d1920
steam	reagent-item-type-name	0xa82c10	0xa85c19	call	0xb9d10
steam	reagent-item-type-name	0xa82c10	0xa85c23	call	0xb9b80
steam	reagent-item-type-name	0xa82c10	0xa85c3c	call	0xb9d10
steam	reagent-item-type-name	0xa82c10	0xa85c41	jmp	0xa8806b
steam	reagent-item-type-name	0xa82c10	0xa85c78	call	0x14d1920
steam	reagent-item-type-name	0xa82c10	0xa85c95	call	0x6fa10
steam	reagent-item-type-name	0xa82c10	0xa85c9f	call	0xb9b80
steam	reagent-item-type-name	0xa82c10	0xa85cb4	call	0x6fa10
steam	reagent-item-type-name	0xa82c10	0xa85cb9	jmp	0xa8806b
steam	reagent-item-type-name	0xa82c10	0xa85cf0	call	0x14d1920
steam	reagent-item-type-name	0xa82c10	0xa85d0d	call	0x6fa10
steam	reagent-item-type-name	0xa82c10	0xa85d17	call	0xb9b80
steam	reagent-item-type-name	0xa82c10	0xa85d29	jmp	0xa88053
steam	reagent-item-type-name	0xa82c10	0xa85d60	call	0x14d1920
steam	reagent-item-type-name	0xa82c10	0xa85d7d	call	0x6fa10
steam	reagent-item-type-name	0xa82c10	0xa85d87	call	0xb9b80
steam	reagent-item-type-name	0xa82c10	0xa85d99	jmp	0xa88053
steam	reagent-item-type-name	0xa82c10	0xa85dd0	call	0x14d1920
steam	reagent-item-type-name	0xa82c10	0xa85ded	call	0x6fa10
steam	reagent-item-type-name	0xa82c10	0xa85df7	call	0xb9b80
steam	reagent-item-type-name	0xa82c10	0xa85e09	jmp	0xa88053
steam	reagent-item-type-name	0xa82c10	0xa85e40	call	0x14d1920
steam	reagent-item-type-name	0xa82c10	0xa85e5d	call	0x6fa10
steam	reagent-item-type-name	0xa82c10	0xa85e67	call	0xb9b80
steam	reagent-item-type-name	0xa82c10	0xa85eb3	call	0x6fa10
steam	reagent-item-type-name	0xa82c10	0xa85eb8	jmp	0xa8806b
steam	reagent-item-type-name	0xa82c10	0xa85ee0	call	0xb9d10
steam	reagent-item-type-name	0xa82c10	0xa85ee5	jmp	0xa8806b
steam	reagent-item-type-name	0xa82c10	0xa85f5c	call	0x14d1920
steam	reagent-item-type-name	0xa82c10	0xa85f79	call	0x6fa10
steam	reagent-item-type-name	0xa82c10	0xa85f83	call	0xb9b80
steam	reagent-item-type-name	0xa82c10	0xa85fa1	call	0xb9d10
steam	reagent-item-type-name	0xa82c10	0xa85fa6	jmp	0xa8806b
steam	reagent-item-type-name	0xa82c10	0xa85fd6	call	0xb9d10
steam	reagent-item-type-name	0xa82c10	0xa85fe0	call	0xb9b80
steam	reagent-item-type-name	0xa82c10	0xa85fe8	jmp	0xa85f2a
steam	reagent-item-type-name	0xa82c10	0xa85ffd	call	0x6fa10
steam	reagent-item-type-name	0xa82c10	0xa86002	jmp	0xa8806b
steam	reagent-item-type-name	0xa82c10	0xa86039	call	0x14d1920
steam	reagent-item-type-name	0xa82c10	0xa86056	call	0x6fa10
steam	reagent-item-type-name	0xa82c10	0xa86060	call	0xb9b80
steam	reagent-item-type-name	0xa82c10	0xa86072	jmp	0xa88053
steam	reagent-item-type-name	0xa82c10	0xa860a9	call	0x14d1920
steam	reagent-item-type-name	0xa82c10	0xa860c6	call	0x6fa10
steam	reagent-item-type-name	0xa82c10	0xa860d0	call	0xb9b80
steam	reagent-item-type-name	0xa82c10	0xa860e2	jmp	0xa88053
steam	reagent-item-type-name	0xa82c10	0xa86119	call	0x14d1920
steam	reagent-item-type-name	0xa82c10	0xa86136	call	0x6fa10
steam	reagent-item-type-name	0xa82c10	0xa86140	call	0xb9b80
steam	reagent-item-type-name	0xa82c10	0xa8614c	jmp	0xa8804d
steam	reagent-item-type-name	0xa82c10	0xa8616b	jmp	0xa8617a
steam	reagent-item-type-name	0xa82c10	0xa8617a	call	0x6fa10
steam	reagent-item-type-name	0xa82c10	0xa861ee	jmp	0xa861f6
steam	reagent-item-type-name	0xa82c10	0xa8622e	call	0x14e1ec0
steam	reagent-item-type-name	0xa82c10	0xa8624c	call	0x6fa10
steam	reagent-item-type-name	0xa82c10	0xa86251	jmp	0xa86388
steam	reagent-item-type-name	0xa82c10	0xa86265	call	0x6f560
steam	reagent-item-type-name	0xa82c10	0xa8626a	jmp	0xa862a3
steam	reagent-item-type-name	0xa82c10	0xa8627b	call	0x6f560
steam	reagent-item-type-name	0xa82c10	0xa86280	jmp	0xa862a3
steam	reagent-item-type-name	0xa82c10	0xa86291	call	0x6f560
steam	reagent-item-type-name	0xa82c10	0xa86296	jmp	0xa862a3
steam	reagent-item-type-name	0xa82c10	0xa862ad	call	0x6f560
steam	reagent-item-type-name	0xa82c10	0xa862c1	call	0xb9b80
steam	reagent-item-type-name	0xa82c10	0xa862c6	jmp	0xa86388
steam	reagent-item-type-name	0xa82c10	0xa862d4	call	0x6f690
steam	reagent-item-type-name	0xa82c10	0xa862f6	jmp	0xa862fd
steam	reagent-item-type-name	0xa82c10	0xa862fd	call	0x14d1790
steam	reagent-item-type-name	0xa82c10	0xa86309	call	0xb9d10
steam	reagent-item-type-name	0xa82c10	0xa86313	jmp	0xa86382
steam	reagent-item-type-name	0xa82c10	0xa8631c	call	0x6f690
steam	reagent-item-type-name	0xa82c10	0xa86347	call	0x14d1920
steam	reagent-item-type-name	0xa82c10	0xa86356	call	0xb9d10
steam	reagent-item-type-name	0xa82c10	0xa86365	call	0x6f560
steam	reagent-item-type-name	0xa82c10	0xa86375	call	0xb9b80
steam	reagent-item-type-name	0xa82c10	0xa86382	call	0x6f850
steam	reagent-item-type-name	0xa82c10	0xa863be	call	0x1539680
steam	reagent-item-type-name	0xa82c10	0xa863d3	jmp	0xa8806b
steam	reagent-item-type-name	0xa82c10	0xa8640a	call	0x14d1920
steam	reagent-item-type-name	0xa82c10	0xa86427	call	0x6fa10
steam	reagent-item-type-name	0xa82c10	0xa86431	call	0xb9b80
steam	reagent-item-type-name	0xa82c10	0xa8643d	jmp	0xa8804d
steam	reagent-item-type-name	0xa82c10	0xa86474	call	0x14d1920
steam	reagent-item-type-name	0xa82c10	0xa86491	call	0x6fa10
steam	reagent-item-type-name	0xa82c10	0xa8649b	call	0xb9b80
steam	reagent-item-type-name	0xa82c10	0xa864ad	jmp	0xa88053
steam	reagent-item-type-name	0xa82c10	0xa864e4	call	0x14d1920
steam	reagent-item-type-name	0xa82c10	0xa86501	call	0x6fa10
steam	reagent-item-type-name	0xa82c10	0xa8650b	call	0xb9b80
steam	reagent-item-type-name	0xa82c10	0xa8651d	jmp	0xa88053
steam	reagent-item-type-name	0xa82c10	0xa86554	call	0x14d1920
steam	reagent-item-type-name	0xa82c10	0xa86571	call	0x6fa10
steam	reagent-item-type-name	0xa82c10	0xa8657b	call	0xb9b80
steam	reagent-item-type-name	0xa82c10	0xa8658d	jmp	0xa88053
steam	reagent-item-type-name	0xa82c10	0xa865c4	call	0x14d1920
steam	reagent-item-type-name	0xa82c10	0xa865e1	call	0x6fa10
steam	reagent-item-type-name	0xa82c10	0xa865eb	call	0xb9b80
steam	reagent-item-type-name	0xa82c10	0xa865fd	jmp	0xa82ee5
steam	reagent-item-type-name	0xa82c10	0xa86634	call	0x14d1920
steam	reagent-item-type-name	0xa82c10	0xa86651	call	0x6fa10
steam	reagent-item-type-name	0xa82c10	0xa8665b	call	0xb9b80
steam	reagent-item-type-name	0xa82c10	0xa8666d	jmp	0xa88053
steam	reagent-item-type-name	0xa82c10	0xa866a4	call	0x14d1920
steam	reagent-item-type-name	0xa82c10	0xa866c1	call	0x6fa10
steam	reagent-item-type-name	0xa82c10	0xa866cb	call	0xb9b80
steam	reagent-item-type-name	0xa82c10	0xa866dd	jmp	0xa88053
steam	reagent-item-type-name	0xa82c10	0xa86714	call	0x14d1920
steam	reagent-item-type-name	0xa82c10	0xa86731	call	0x6fa10
steam	reagent-item-type-name	0xa82c10	0xa8673b	call	0xb9b80
steam	reagent-item-type-name	0xa82c10	0xa8674d	jmp	0xa88053
steam	reagent-item-type-name	0xa82c10	0xa86784	call	0x14d1920
steam	reagent-item-type-name	0xa82c10	0xa867a1	call	0x6fa10
steam	reagent-item-type-name	0xa82c10	0xa867ab	call	0xb9b80
steam	reagent-item-type-name	0xa82c10	0xa8685c	call	0x6f560
steam	reagent-item-type-name	0xa82c10	0xa86861	jmp	0xa8805b
steam	reagent-item-type-name	0xa82c10	0xa86870	call	0x6f560
steam	reagent-item-type-name	0xa82c10	0xa86875	jmp	0xa8805b
steam	reagent-item-type-name	0xa82c10	0xa86884	call	0x6f560
steam	reagent-item-type-name	0xa82c10	0xa86889	jmp	0xa8805b
steam	reagent-item-type-name	0xa82c10	0xa86898	call	0x6f560
steam	reagent-item-type-name	0xa82c10	0xa8689d	jmp	0xa8805b
steam	reagent-item-type-name	0xa82c10	0xa868ac	call	0x6f560
steam	reagent-item-type-name	0xa82c10	0xa868b1	jmp	0xa8805b
steam	reagent-item-type-name	0xa82c10	0xa868c0	call	0x6f560
steam	reagent-item-type-name	0xa82c10	0xa868c5	jmp	0xa8805b
steam	reagent-item-type-name	0xa82c10	0xa868d4	call	0x6f560
steam	reagent-item-type-name	0xa82c10	0xa868d9	jmp	0xa8805b
steam	reagent-item-type-name	0xa82c10	0xa868e8	call	0x6f560
steam	reagent-item-type-name	0xa82c10	0xa868ed	jmp	0xa8805b
steam	reagent-item-type-name	0xa82c10	0xa868fc	call	0x6f560
steam	reagent-item-type-name	0xa82c10	0xa86901	jmp	0xa8805b
steam	reagent-item-type-name	0xa82c10	0xa86910	call	0x6f560
steam	reagent-item-type-name	0xa82c10	0xa86915	jmp	0xa8805b
steam	reagent-item-type-name	0xa82c10	0xa86924	call	0x6f560
steam	reagent-item-type-name	0xa82c10	0xa86929	jmp	0xa8805b
steam	reagent-item-type-name	0xa82c10	0xa86938	call	0x6f560
steam	reagent-item-type-name	0xa82c10	0xa8693d	jmp	0xa8805b
steam	reagent-item-type-name	0xa82c10	0xa8694c	call	0x6f560
steam	reagent-item-type-name	0xa82c10	0xa86951	jmp	0xa8805b
steam	reagent-item-type-name	0xa82c10	0xa86960	call	0x6f560
steam	reagent-item-type-name	0xa82c10	0xa86965	jmp	0xa8805b
steam	reagent-item-type-name	0xa82c10	0xa86974	call	0x6f560
steam	reagent-item-type-name	0xa82c10	0xa86979	jmp	0xa8805b
steam	reagent-item-type-name	0xa82c10	0xa86988	call	0x6f560
steam	reagent-item-type-name	0xa82c10	0xa8698d	jmp	0xa8805b
steam	reagent-item-type-name	0xa82c10	0xa8699c	call	0x6f560
steam	reagent-item-type-name	0xa82c10	0xa869a1	jmp	0xa8805b
steam	reagent-item-type-name	0xa82c10	0xa869b0	call	0x6f560
steam	reagent-item-type-name	0xa82c10	0xa869b5	jmp	0xa8805b
steam	reagent-item-type-name	0xa82c10	0xa869c4	call	0x6f560
steam	reagent-item-type-name	0xa82c10	0xa869c9	jmp	0xa8805b
steam	reagent-item-type-name	0xa82c10	0xa869d8	call	0x6f560
steam	reagent-item-type-name	0xa82c10	0xa869dd	jmp	0xa8805b
steam	reagent-item-type-name	0xa82c10	0xa869ec	call	0x6f560
steam	reagent-item-type-name	0xa82c10	0xa869f1	jmp	0xa8805b
steam	reagent-item-type-name	0xa82c10	0xa869fd	jmp	0xa8804d
steam	reagent-item-type-name	0xa82c10	0xa86a1e	call	0x6fa10
steam	reagent-item-type-name	0xa82c10	0xa86a30	jmp	0xa88053
steam	reagent-item-type-name	0xa82c10	0xa86a51	call	0x6fa10
steam	reagent-item-type-name	0xa82c10	0xa86a72	call	0x6f560
steam	reagent-item-type-name	0xa82c10	0xa86a77	jmp	0xa880a7
steam	reagent-item-type-name	0xa82c10	0xa86a83	call	0x6f560
steam	reagent-item-type-name	0xa82c10	0xa86a88	jmp	0xa8806b
steam	reagent-item-type-name	0xa82c10	0xa86a9b	call	0x6f560
steam	reagent-item-type-name	0xa82c10	0xa86aa0	jmp	0xa8805b
steam	reagent-item-type-name	0xa82c10	0xa86ab3	call	0x6f560
steam	reagent-item-type-name	0xa82c10	0xa86ab8	jmp	0xa8805b
steam	reagent-item-type-name	0xa82c10	0xa86acb	call	0x6f560
steam	reagent-item-type-name	0xa82c10	0xa86ad0	jmp	0xa8805b
steam	reagent-item-type-name	0xa82c10	0xa86ae3	call	0x6f560
steam	reagent-item-type-name	0xa82c10	0xa86ae8	jmp	0xa8805b
steam	reagent-item-type-name	0xa82c10	0xa86afb	call	0x6f560
steam	reagent-item-type-name	0xa82c10	0xa86b00	jmp	0xa8805b
steam	reagent-item-type-name	0xa82c10	0xa86b13	call	0x6f560
steam	reagent-item-type-name	0xa82c10	0xa86b18	jmp	0xa8805b
steam	reagent-item-type-name	0xa82c10	0xa86b2d	call	0x6f560
steam	reagent-item-type-name	0xa82c10	0xa86b32	jmp	0xa8805b
steam	reagent-item-type-name	0xa82c10	0xa86b47	call	0x6f560
steam	reagent-item-type-name	0xa82c10	0xa86b4c	jmp	0xa8805b
steam	reagent-item-type-name	0xa82c10	0xa86b61	call	0x6f560
steam	reagent-item-type-name	0xa82c10	0xa86b66	jmp	0xa8805b
steam	reagent-item-type-name	0xa82c10	0xa86b7b	call	0x6f560
steam	reagent-item-type-name	0xa82c10	0xa86b80	jmp	0xa8805b
steam	reagent-item-type-name	0xa82c10	0xa86b9c	call	0x6f560
steam	reagent-item-type-name	0xa82c10	0xa86ba1	jmp	0xa8805b
steam	reagent-item-type-name	0xa82c10	0xa86bc5	call	0x6fa10
steam	reagent-item-type-name	0xa82c10	0xa86c36	call	0x6f8d0
steam	reagent-item-type-name	0xa82c10	0xa86c53	call	0x6fa10
steam	reagent-item-type-name	0xa82c10	0xa86c5d	call	0xb9b80
steam	reagent-item-type-name	0xa82c10	0xa86ca2	jmp	0xa86cac
steam	reagent-item-type-name	0xa82c10	0xa86cac	call	0x144ea0
steam	reagent-item-type-name	0xa82c10	0xa86cc6	call	0x6fa10
steam	reagent-item-type-name	0xa82c10	0xa86d05	call	0x1539680
steam	reagent-item-type-name	0xa82c10	0xa86d1a	jmp	0xa8806b
steam	reagent-item-type-name	0xa82c10	0xa86d2c	call	0x6fa10
steam	reagent-item-type-name	0xa82c10	0xa86d31	jmp	0xa8806b
steam	reagent-item-type-name	0xa82c10	0xa86d5a	call	0xa64cb0
steam	reagent-item-type-name	0xa82c10	0xa86d67	call	0xb9d10
steam	reagent-item-type-name	0xa82c10	0xa86d6c	jmp	0xa8806b
steam	reagent-item-type-name	0xa82c10	0xa86d8b	call	0x6f560
steam	reagent-item-type-name	0xa82c10	0xa86d90	jmp	0xa8806b
steam	reagent-item-type-name	0xa82c10	0xa86db7	call	0x14d1920
steam	reagent-item-type-name	0xa82c10	0xa86dd4	call	0x6fa10
steam	reagent-item-type-name	0xa82c10	0xa86ddb	jmp	0xa88063
steam	reagent-item-type-name	0xa82c10	0xa86dfc	call	0x6fa10
steam	reagent-item-type-name	0xa82c10	0xa86e36	call	0xa64d00
steam	reagent-item-type-name	0xa82c10	0xa86e43	call	0xb9d10
steam	reagent-item-type-name	0xa82c10	0xa86e48	jmp	0xa8806b
steam	reagent-item-type-name	0xa82c10	0xa86e6d	call	0x6f560
steam	reagent-item-type-name	0xa82c10	0xa86e72	jmp	0xa8806b
steam	reagent-item-type-name	0xa82c10	0xa86e7e	call	0x6f560
steam	reagent-item-type-name	0xa82c10	0xa86e83	jmp	0xa880a7
steam	reagent-item-type-name	0xa82c10	0xa86e93	jmp	0xa84e11
steam	reagent-item-type-name	0xa82c10	0xa86eb4	call	0x6fa10
steam	reagent-item-type-name	0xa82c10	0xa86ee0	call	0x144d90
steam	reagent-item-type-name	0xa82c10	0xa86eed	call	0xb9d10
steam	reagent-item-type-name	0xa82c10	0xa86ef2	jmp	0xa8806b
steam	reagent-item-type-name	0xa82c10	0xa86f07	call	0x6fa10
steam	reagent-item-type-name	0xa82c10	0xa86f20	call	0x6f560
steam	reagent-item-type-name	0xa82c10	0xa86f25	jmp	0xa8806b
steam	reagent-item-type-name	0xa82c10	0xa86f46	call	0x6fa10
steam	reagent-item-type-name	0xa82c10	0xa86f5e	call	0x6fa10
steam	reagent-item-type-name	0xa82c10	0xa86ffc	call	0x6f8d0
steam	reagent-item-type-name	0xa82c10	0xa87009	jmp	0xa87054
steam	reagent-item-type-name	0xa82c10	0xa8704f	call	0x6f8d0
steam	reagent-item-type-name	0xa82c10	0xa8706c	call	0x6fa10
steam	reagent-item-type-name	0xa82c10	0xa870c1	jmp	0xa870c5
steam	reagent-item-type-name	0xa82c10	0xa870df	call	0x6f560
steam	reagent-item-type-name	0xa82c10	0xa870e6	jmp	0xa88063
steam	reagent-item-type-name	0xa82c10	0xa870f5	call	0x6f560
steam	reagent-item-type-name	0xa82c10	0xa870fc	jmp	0xa88063
steam	reagent-item-type-name	0xa82c10	0xa8710e	call	0x6fa10
steam	reagent-item-type-name	0xa82c10	0xa87113	jmp	0xa8806b
steam	reagent-item-type-name	0xa82c10	0xa87134	call	0x6fa10
steam	reagent-item-type-name	0xa82c10	0xa871d6	call	0x6f8d0
steam	reagent-item-type-name	0xa82c10	0xa871e3	jmp	0xa8722e
steam	reagent-item-type-name	0xa82c10	0xa87229	call	0x6f8d0
steam	reagent-item-type-name	0xa82c10	0xa87246	call	0x6fa10
steam	reagent-item-type-name	0xa82c10	0xa8725b	call	0x6fa10
steam	reagent-item-type-name	0xa82c10	0xa87270	call	0x6fa10
steam	reagent-item-type-name	0xa82c10	0xa87275	jmp	0xa8806b
steam	reagent-item-type-name	0xa82c10	0xa87296	call	0x6fa10
steam	reagent-item-type-name	0xa82c10	0xa87334	call	0x6f8d0
steam	reagent-item-type-name	0xa82c10	0xa8735c	call	0x256880
steam	reagent-item-type-name	0xa82c10	0xa87369	call	0xb9d10
steam	reagent-item-type-name	0xa82c10	0xa8737c	call	0xf2680
steam	reagent-item-type-name	0xa82c10	0xa87386	jmp	0xa870ca
steam	reagent-item-type-name	0xa82c10	0xa87395	call	0x6f560
steam	reagent-item-type-name	0xa82c10	0xa8739a	jmp	0xa8806b
steam	reagent-item-type-name	0xa82c10	0xa873af	call	0x6f560
steam	reagent-item-type-name	0xa82c10	0xa873ca	call	0xaa3bd0
steam	reagent-item-type-name	0xa82c10	0xa873d7	call	0xb9d10
steam	reagent-item-type-name	0xa82c10	0xa873dc	jmp	0xa8806b
steam	reagent-item-type-name	0xa82c10	0xa873e8	call	0x6f560
steam	reagent-item-type-name	0xa82c10	0xa873ed	jmp	0xa8805b
steam	reagent-item-type-name	0xa82c10	0xa87402	jmp	0xa873af
steam	reagent-item-type-name	0xa82c10	0xa8740b	call	0x6f560
steam	reagent-item-type-name	0xa82c10	0xa87410	jmp	0xa8805b
steam	reagent-item-type-name	0xa82c10	0xa87422	jmp	0xa88053
steam	reagent-item-type-name	0xa82c10	0xa8743f	call	0x6f560
steam	reagent-item-type-name	0xa82c10	0xa87454	call	0x6f560
steam	reagent-item-type-name	0xa82c10	0xa87479	call	0x14add70
steam	reagent-item-type-name	0xa82c10	0xa8749e	call	0xb9d10
steam	reagent-item-type-name	0xa82c10	0xa874a8	call	0xb9b80
steam	reagent-item-type-name	0xa82c10	0xa874b3	call	0x701db0
steam	reagent-item-type-name	0xa82c10	0xa874ce	call	0xaa3bd0
steam	reagent-item-type-name	0xa82c10	0xa874db	call	0xb9d10
steam	reagent-item-type-name	0xa82c10	0xa874e5	call	0xb9b80
steam	reagent-item-type-name	0xa82c10	0xa874fe	call	0xb9d10
steam	reagent-item-type-name	0xa82c10	0xa87513	call	0x6f560
steam	reagent-item-type-name	0xa82c10	0xa87518	jmp	0xa88071
steam	reagent-item-type-name	0xa82c10	0xa87524	call	0x6f560
steam	reagent-item-type-name	0xa82c10	0xa87529	jmp	0xa880a7
steam	reagent-item-type-name	0xa82c10	0xa8753b	call	0xb9d10
steam	reagent-item-type-name	0xa82c10	0xa87540	jmp	0xa880a7
steam	reagent-item-type-name	0xa82c10	0xa8754c	call	0xb9d10
steam	reagent-item-type-name	0xa82c10	0xa87551	jmp	0xa8806b
steam	reagent-item-type-name	0xa82c10	0xa87560	call	0x6f560
steam	reagent-item-type-name	0xa82c10	0xa87565	jmp	0xa8806b
steam	reagent-item-type-name	0xa82c10	0xa8757a	call	0x6fa10
steam	reagent-item-type-name	0xa82c10	0xa8757f	jmp	0xa8806b
steam	reagent-item-type-name	0xa82c10	0xa875e6	call	0x14d1920
steam	reagent-item-type-name	0xa82c10	0xa875f3	call	0xb9d10
steam	reagent-item-type-name	0xa82c10	0xa875fd	call	0xb9b80
steam	reagent-item-type-name	0xa82c10	0xa8760c	call	0x6f560
steam	reagent-item-type-name	0xa82c10	0xa87611	jmp	0xa8805b
steam	reagent-item-type-name	0xa82c10	0xa87636	call	0xb9d10
steam	reagent-item-type-name	0xa82c10	0xa87645	call	0x6f560
steam	reagent-item-type-name	0xa82c10	0xa8767f	call	0x14d1920
steam	reagent-item-type-name	0xa82c10	0xa8768c	call	0xb9d10
steam	reagent-item-type-name	0xa82c10	0xa87696	call	0xb9b80
steam	reagent-item-type-name	0xa82c10	0xa876b3	call	0xb9d10
steam	reagent-item-type-name	0xa82c10	0xa876b8	jmp	0xa8806b
steam	reagent-item-type-name	0xa82c10	0xa876c9	call	0xb9d10
steam	reagent-item-type-name	0xa82c10	0xa876d3	call	0xb9b80
steam	reagent-item-type-name	0xa82c10	0xa87745	call	0x14d1920
steam	reagent-item-type-name	0xa82c10	0xa87752	call	0xb9d10
steam	reagent-item-type-name	0xa82c10	0xa8775c	call	0xb9b80
steam	reagent-item-type-name	0xa82c10	0xa87771	call	0x6f560
steam	reagent-item-type-name	0xa82c10	0xa87780	call	0x6f560
steam	reagent-item-type-name	0xa82c10	0xa87785	jmp	0xa8806b
steam	reagent-item-type-name	0xa82c10	0xa877b4	call	0xb9d10
steam	reagent-item-type-name	0xa82c10	0xa877be	call	0xb9b80
steam	reagent-item-type-name	0xa82c10	0xa877d7	call	0xb9d10
steam	reagent-item-type-name	0xa82c10	0xa877e6	call	0x6f560
steam	reagent-item-type-name	0xa82c10	0xa8780c	jmp	0xa8783b
steam	reagent-item-type-name	0xa82c10	0xa87831	call	0x14d1920
steam	reagent-item-type-name	0xa82c10	0xa8783e	call	0xb9d10
steam	reagent-item-type-name	0xa82c10	0xa87848	call	0xb9b80
steam	reagent-item-type-name	0xa82c10	0xa87860	call	0x145bee0
steam	reagent-item-type-name	0xa82c10	0xa87879	call	0x71f90
steam	reagent-item-type-name	0xa82c10	0xa87890	call	0x6f560
steam	reagent-item-type-name	0xa82c10	0xa87895	jmp	0xa8769b
steam	reagent-item-type-name	0xa82c10	0xa878a6	call	0xb9d10
steam	reagent-item-type-name	0xa82c10	0xa878b0	call	0xb9b80
steam	reagent-item-type-name	0xa82c10	0xa8792d	call	0x14d1920
steam	reagent-item-type-name	0xa82c10	0xa8794a	call	0x6fa10
steam	reagent-item-type-name	0xa82c10	0xa87954	call	0xb9b80
steam	reagent-item-type-name	0xa82c10	0xa87969	call	0x726e0
steam	reagent-item-type-name	0xa82c10	0xa8798c	call	0x71f90
steam	reagent-item-type-name	0xa82c10	0xa8799f	call	0x6f560
steam	reagent-item-type-name	0xa82c10	0xa879ac	call	0x71f90
steam	reagent-item-type-name	0xa82c10	0xa879bf	call	0x6f560
steam	reagent-item-type-name	0xa82c10	0xa879e0	call	0x145bee0
steam	reagent-item-type-name	0xa82c10	0xa879f5	call	0x71f90
steam	reagent-item-type-name	0xa82c10	0xa87a08	call	0x6f560
steam	reagent-item-type-name	0xa82c10	0xa87a25	call	0xb9d10
steam	reagent-item-type-name	0xa82c10	0xa87a2a	jmp	0xa8806b
steam	reagent-item-type-name	0xa82c10	0xa87a5a	call	0xb9d10
steam	reagent-item-type-name	0xa82c10	0xa87a69	call	0x6f560
steam	reagent-item-type-name	0xa82c10	0xa87a6e	jmp	0xa878fa
steam	reagent-item-type-name	0xa82c10	0xa87a7d	call	0x6f560
steam	reagent-item-type-name	0xa82c10	0xa87a82	jmp	0xa8806b
steam	reagent-item-type-name	0xa82c10	0xa87ab7	jmp	0xa87ac9
steam	reagent-item-type-name	0xa82c10	0xa87afb	call	0x14d1920
steam	reagent-item-type-name	0xa82c10	0xa87b08	call	0xb9d10
steam	reagent-item-type-name	0xa82c10	0xa87b12	call	0xb9b80
steam	reagent-item-type-name	0xa82c10	0xa87b21	call	0x6f560
steam	reagent-item-type-name	0xa82c10	0xa87b31	call	0xb9b80
steam	reagent-item-type-name	0xa82c10	0xa87b40	call	0x6f560
steam	reagent-item-type-name	0xa82c10	0xa87b45	jmp	0xa88061
steam	reagent-item-type-name	0xa82c10	0xa87b51	call	0x6f560
steam	reagent-item-type-name	0xa82c10	0xa87b56	jmp	0xa880a7
steam	reagent-item-type-name	0xa82c10	0xa87b67	call	0xb9d10
steam	reagent-item-type-name	0xa82c10	0xa87b71	call	0xb9b80
steam	reagent-item-type-name	0xa82c10	0xa87bed	call	0x14d1920
steam	reagent-item-type-name	0xa82c10	0xa87c0a	call	0x6fa10
steam	reagent-item-type-name	0xa82c10	0xa87c14	call	0xb9b80
steam	reagent-item-type-name	0xa82c10	0xa87c2f	call	0x14add70
steam	reagent-item-type-name	0xa82c10	0xa87c55	jmp	0xa87c9d
steam	reagent-item-type-name	0xa82c10	0xa87c82	call	0xb9d10
steam	reagent-item-type-name	0xa82c10	0xa87c91	call	0x6f560
steam	reagent-item-type-name	0xa82c10	0xa87c96	jmp	0xa87bba
steam	reagent-item-type-name	0xa82c10	0xa87cac	jmp	0xa87874
steam	reagent-item-type-name	0xa82c10	0xa87cc1	call	0x6fa10
steam	reagent-item-type-name	0xa82c10	0xa87cc6	jmp	0xa8806b
steam	reagent-item-type-name	0xa82c10	0xa87ce4	call	0x6fa10
steam	reagent-item-type-name	0xa82c10	0xa87cee	call	0xb9b80
steam	reagent-item-type-name	0xa82c10	0xa87d6d	call	0x14d1920
steam	reagent-item-type-name	0xa82c10	0xa87d8a	call	0x6fa10
steam	reagent-item-type-name	0xa82c10	0xa87d94	call	0xb9b80
steam	reagent-item-type-name	0xa82c10	0xa87db2	call	0x6fa10
steam	reagent-item-type-name	0xa82c10	0xa87db7	jmp	0xa8806b
steam	reagent-item-type-name	0xa82c10	0xa87de7	call	0xb9d10
steam	reagent-item-type-name	0xa82c10	0xa87df6	call	0x6f560
steam	reagent-item-type-name	0xa82c10	0xa87dfb	jmp	0xa87d3a
steam	reagent-item-type-name	0xa82c10	0xa87e42	call	0xb9d10
steam	reagent-item-type-name	0xa82c10	0xa87e4c	call	0xb9b80
steam	reagent-item-type-name	0xa82c10	0xa87e86	call	0x14d1920
steam	reagent-item-type-name	0xa82c10	0xa87e93	call	0xb9d10
steam	reagent-item-type-name	0xa82c10	0xa87e9d	call	0xb9b80
steam	reagent-item-type-name	0xa82c10	0xa87eb2	call	0x6fa10
steam	reagent-item-type-name	0xa82c10	0xa87eb7	jmp	0xa8806b
steam	reagent-item-type-name	0xa82c10	0xa87ee5	call	0xb9d10
steam	reagent-item-type-name	0xa82c10	0xa87eef	call	0xb9b80
steam	reagent-item-type-name	0xa82c10	0xa87f04	call	0xb9d10
steam	reagent-item-type-name	0xa82c10	0xa87f0e	call	0xb9b80
steam	reagent-item-type-name	0xa82c10	0xa87f27	call	0xb9d10
steam	reagent-item-type-name	0xa82c10	0xa87f36	call	0x6f560
steam	reagent-item-type-name	0xa82c10	0xa87f5c	jmp	0xa87f8b
steam	reagent-item-type-name	0xa82c10	0xa87f81	call	0x14d1920
steam	reagent-item-type-name	0xa82c10	0xa87f8e	call	0xb9d10
steam	reagent-item-type-name	0xa82c10	0xa87f98	call	0xb9b80
steam	reagent-item-type-name	0xa82c10	0xa87faa	call	0x14add70
steam	reagent-item-type-name	0xa82c10	0xa87fd0	jmp	0xa87fd4
steam	reagent-item-type-name	0xa82c10	0xa87fe3	jmp	0xa87874
steam	reagent-item-type-name	0xa82c10	0xa8801a	call	0x14d1920
steam	reagent-item-type-name	0xa82c10	0xa88037	call	0x6fa10
steam	reagent-item-type-name	0xa82c10	0xa88041	call	0xb9b80
steam	reagent-item-type-name	0xa82c10	0xa88056	call	0x6fa10
steam	reagent-item-type-name	0xa82c10	0xa88066	call	0xb9b80
steam	reagent-item-type-name	0xa82c10	0xa88081	call	0x6fa10
steam	reagent-item-type-name	0xa82c10	0xa8808c	call	0x52c130
steam	reagent-item-type-name	0xa82c10	0xa880a1	call	0x6fa10
steam	reagent-item-type-name	0xa82c10	0xa880ac	call	0x6f850
steam	reagent-item-type-name	0xa82c10	0xa880b6	call	0x6f850
steam	reagent-item-type-name	0xa82c10	0xa880c5	call	0x1539660
steam	reaction-class-token-space	0x724a30	0x724aa7	jmp	0x724ab5
steam	reaction-class-token-space	0x724a30	0x724ab9	call	0x707d0
steam	reaction-class-token-space	0x724a30	0x724ad5	call	0x153aa78
steam	reaction-class-token-space	0x724a30	0x724b03	call	0x65890
steam	reaction_reagent_itemst-description	0xedc660	0xedc68f	call	0x1fb050
steam	reaction_reagent_itemst-description	0xedc660	0xedc705	call	0x6f8d0
steam	reaction_reagent_itemst-description	0xedc660	0xedc732	call	0x6f8d0
steam	reaction_reagent_itemst-description	0xedc660	0xedc774	call	0xba940
steam	reaction_reagent_itemst-description	0xedc660	0xedc7b1	call	0xa2adb0
steam	reaction_reagent_itemst-description	0xedc660	0xedc7b9	call	0x52d650
steam	reaction_reagent_itemst-description	0xedc660	0xedc7c3	call	0x6f750
steam	reaction_reagent_itemst-description	0xedc660	0xedc7cc	call	0x6f750
steam	reaction_reagent_itemst-description	0xedc660	0xedc7d5	call	0x6f850
steam	reaction_reagent_itemst-description	0xedc660	0xedc7df	call	0x6f850
steam	reaction_reagent_itemst-description	0xedc660	0xedc7eb	call	0x1539660
classic	craft-render	0x279930	0x2799cd	call	0x27db70
classic	craft-render	0x279930	0x279a38	call	0xbb120
classic	craft-render	0x279930	0x279a4d	jmp	0x279ab4
classic	craft-render	0x279930	0x279a60	jmp	0x279abb
classic	craft-render	0x279930	0x279a68	jmp	0x279abb
classic	craft-render	0x279930	0x279a7a	jmp	0x279ab4
classic	craft-render	0x279930	0x279a8d	jmp	0x279abb
classic	craft-render	0x279930	0x279a95	jmp	0x279abb
classic	craft-render	0x279930	0x279aa2	jmp	0x279ab4
classic	craft-render	0x279930	0x279abb	call	0xad7b10
classic	craft-render	0x279930	0x279b15	jmp	0x279b25
classic	craft-render	0x279930	0x279b1f	jmp	0x279b25
classic	craft-render	0x279930	0x279b2c	call	0xad7b10
classic	craft-render	0x279930	0x279ba2	call	0xad69a0
classic	craft-render	0x279930	0x279be3	call	0x15345f0
classic	craft-render	0x279930	0x279c8c	jmp	0x279cce
classic	craft-render	0x279930	0x279cad	call	0x70760
classic	craft-render	0x279930	0x279cc8	call	0x15359e8
classic	craft-render	0x279930	0x279d0f	call	0x6f9a0
classic	craft-render	0x279930	0x279d40	call	0x6f9a0
classic	craft-render	0x279930	0x279d56	call	0x6f9a0
classic	craft-render	0x279930	0x279db3	call	0x6f9a0
classic	craft-render	0x279930	0x279de5	call	0x6f9a0
classic	craft-render	0x279930	0x279df4	call	0x529cf0
classic	craft-render	0x279930	0x279e0a	call	0x6f9a0
classic	craft-render	0x279930	0x279e4d	call	0x6f9a0
classic	craft-render	0x279930	0x279e63	call	0x6f9a0
classic	craft-render	0x279930	0x279e6d	call	0x6f7e0
classic	craft-render	0x279930	0x279e83	call	0x6f9a0
classic	craft-render	0x279930	0x279e8c	call	0x52b070
classic	craft-render	0x279930	0x279e9f	call	0xad69a0
classic	craft-render	0x279930	0x279ea9	call	0x6f7e0
classic	craft-render	0x279930	0x279eae	jmp	0x27a02f
classic	craft-render	0x279930	0x279ebf	call	0x70760
classic	craft-render	0x279930	0x279f12	call	0xad69a0
classic	craft-render	0x279930	0x279f1c	call	0x6f7e0
classic	craft-render	0x279930	0x279f21	jmp	0x27a02f
classic	craft-render	0x279930	0x279f32	call	0x70760
classic	craft-render	0x279930	0x279f7a	call	0xad69a0
classic	craft-render	0x279930	0x279f80	jmp	0x279ff4
classic	craft-render	0x279930	0x279f8e	call	0x70760
classic	craft-render	0x279930	0x279fee	call	0xad69a0
classic	craft-render	0x279930	0x27a02a	call	0x15345f0
classic	craft-render	0x279930	0x27a075	jmp	0x27a07c
classic	craft-render	0x279930	0x27a0ca	call	0x70760
classic	craft-render	0x279930	0x27a107	call	0xad69a0
classic	craft-render	0x279930	0x27a14a	call	0x15345f0
classic	craft-render	0x279930	0x27a14f	jmp	0x27a21f
classic	craft-render	0x279930	0x27a160	call	0x70760
classic	craft-render	0x279930	0x27a1b7	call	0xad69a0
classic	craft-render	0x279930	0x27a1bd	jmp	0x27a216
classic	craft-render	0x279930	0x27a1cb	call	0x70760
classic	craft-render	0x279930	0x27a210	call	0xad69a0
classic	craft-render	0x279930	0x27a21a	call	0x6f7e0
classic	craft-render	0x279930	0x27a297	jmp	0x27a2a9
classic	craft-render	0x279930	0x27a2a0	jmp	0x27a2a9
classic	craft-render	0x279930	0x27a2b1	call	0xc79c00
classic	craft-render	0x279930	0x27a320	call	0xad7b10
classic	craft-render	0x279930	0x27a346	call	0xbb120
classic	craft-render	0x279930	0x27a356	jmp	0x27a3b6
classic	craft-render	0x279930	0x27a380	call	0xad7b10
classic	craft-render	0x279930	0x27a3a6	call	0xbb120
classic	craft-render	0x279930	0x27a421	call	0xad7db0
classic	craft-render	0x279930	0x27a429	jmp	0x27a442
classic	craft-render	0x279930	0x27a474	call	0xc364f0
classic	craft-render	0x279930	0x27a4d5	jmp	0x27a4de
classic	craft-render	0x279930	0x27a4ef	call	0xc62490
classic	craft-render	0x279930	0x27a4f8	call	0x52b070
classic	craft-render	0x279930	0x27a4fd	jmp	0x27a62b
classic	craft-render	0x279930	0x27a521	call	0x52b070
classic	craft-render	0x279930	0x27a526	jmp	0x27a62b
classic	craft-render	0x279930	0x27a579	jmp	0x27a618
classic	craft-render	0x279930	0x27a5c6	call	0x1535d84
classic	craft-render	0x279930	0x27a5d8	jmp	0x27a590
classic	craft-render	0x279930	0x27a604	call	0x6f860
classic	craft-render	0x279930	0x27a621	call	0x52b070
classic	craft-render	0x279930	0x27a67d	jmp	0x27a6d8
classic	craft-render	0x279930	0x27a693	jmp	0x27a600
classic	craft-render	0x279930	0x27a6bb	call	0x6f860
classic	craft-render	0x279930	0x27a6c0	jmp	0x27a61d
classic	craft-render	0x279930	0x27a6d3	call	0xe1240
classic	craft-render	0x279930	0x27a725	call	0xad69a0
classic	craft-render	0x279930	0x27a777	call	0xc70270
classic	craft-render	0x279930	0x27a79a	call	0x70760
classic	craft-render	0x279930	0x27a7dc	call	0xad69a0
classic	craft-render	0x279930	0x27a7e2	jmp	0x27a940
classic	craft-render	0x279930	0x27a83f	call	0x70760
classic	craft-render	0x279930	0x27a886	call	0xad69a0
classic	craft-render	0x279930	0x27a88c	jmp	0x27a940
classic	craft-render	0x279930	0x27a8e0	call	0x70760
classic	craft-render	0x279930	0x27a93a	call	0xad69a0
classic	craft-render	0x279930	0x27a97a	call	0x15345f0
classic	craft-render	0x279930	0x27a97f	jmp	0x27ad71
classic	craft-render	0x279930	0x27a9ec	call	0x1535d84
classic	craft-render	0x279930	0x27aa03	jmp	0x27a9b8
classic	craft-render	0x279930	0x27aa24	call	0x6f860
classic	craft-render	0x279930	0x27aa76	jmp	0x27aa87
classic	craft-render	0x279930	0x27aa82	call	0xe1240
classic	craft-render	0x279930	0x27aa95	call	0xad69a0
classic	craft-render	0x279930	0x27aa9f	jmp	0x27ad6c
classic	craft-render	0x279930	0x27ab0f	call	0x6f9a0
classic	craft-render	0x279930	0x27ab14	jmp	0x27acff
classic	craft-render	0x279930	0x27ab72	call	0x6f9a0
classic	craft-render	0x279930	0x27ab88	call	0x6f9a0
classic	craft-render	0x279930	0x27abbc	call	0x529db0
classic	craft-render	0x279930	0x27abd7	call	0x6f9a0
classic	craft-render	0x279930	0x27ac13	call	0x15345f0
classic	craft-render	0x279930	0x27ac29	call	0x6f9a0
classic	craft-render	0x279930	0x27ac5a	call	0x6f9a0
classic	craft-render	0x279930	0x27ac70	call	0x6f9a0
classic	craft-render	0x279930	0x27ac98	call	0x6f9a0
classic	craft-render	0x279930	0x27acd4	call	0x15345f0
classic	craft-render	0x279930	0x27ad43	jmp	0x27ad54
classic	craft-render	0x279930	0x27ad4f	call	0xe1240
classic	craft-render	0x279930	0x27ad62	call	0xad69a0
classic	craft-render	0x279930	0x27ad6c	call	0x6f7e0
classic	craft-render	0x279930	0x27ad80	call	0x6f7e0
classic	craft-render	0x279930	0x27adb7	jmp	0x27a270
classic	craft-render	0x279930	0x27ae16	call	0xbb340
classic	craft-render	0x279930	0x27ae40	call	0x140a440
classic	craft-render	0x279930	0x27ae4c	call	0x15345d0
classic	craft-render	0x279930	0x27ae65	call	0x65820
classic	craft-input	0x27ae70	0x27aefa	jmp	0x27af02
classic	craft-input	0x27ae70	0x27af1e	call	0xe1100
classic	craft-input	0x27ae70	0x27af28	call	0x7e1c40
classic	craft-input	0x27ae70	0x27af4d	call	0x27ec60
classic	craft-input	0x27ae70	0x27af52	jmp	0x27b17e
classic	craft-input	0x27ae70	0x27b011	call	0xbb340
classic	craft-input	0x27ae70	0x27b02f	call	0x140a220
classic	craft-input	0x27ae70	0x27b062	call	0xa99ba0
classic	craft-input	0x27ae70	0x27b0e2	call	0xbb340
classic	craft-input	0x27ae70	0x27b0f5	jmp	0x27b163
classic	craft-input	0x27ae70	0x27b0fb	jmp	0x27b040
classic	craft-input	0x27ae70	0x27b11a	jmp	0x27b160
classic	craft-input	0x27ae70	0x27b167	call	0xbb340
classic	craft-input	0x27ae70	0x27b1a8	jmp	0x27b175
classic	craft-input	0x27ae70	0x27b1da	jmp	0x27bb81
classic	craft-input	0x27ae70	0x27b20b	call	0x7e1c40
classic	craft-input	0x27ae70	0x27b21a	jmp	0x27bb81
classic	craft-input	0x27ae70	0x27b284	jmp	0x27b17e
classic	craft-input	0x27ae70	0x27b30b	call	0xbb340
classic	craft-input	0x27ae70	0x27b333	jmp	0x27b17e
classic	craft-input	0x27ae70	0x27b35a	jmp	0x27b17e
classic	craft-input	0x27ae70	0x27b372	jmp	0x27b17e
classic	craft-input	0x27ae70	0x27b390	jmp	0x27b17e
classic	craft-input	0x27ae70	0x27b3a8	jmp	0x27b17e
classic	craft-input	0x27ae70	0x27b419	jmp	0x27b421
classic	craft-input	0x27ae70	0x27b459	jmp	0x27b45f
classic	craft-input	0x27ae70	0x27b462	call	0xe1100
classic	craft-input	0x27ae70	0x27b4a5	jmp	0x27b3f0
classic	craft-input	0x27ae70	0x27b4b4	call	0xe1100
classic	craft-input	0x27ae70	0x27b4f5	call	0x27ec60
classic	craft-input	0x27ae70	0x27b4fa	jmp	0x27b17e
classic	craft-input	0x27ae70	0x27b516	call	0x27ec60
classic	craft-input	0x27ae70	0x27b51b	jmp	0x27b17e
classic	craft-input	0x27ae70	0x27b533	call	0x27ec60
classic	craft-input	0x27ae70	0x27b538	jmp	0x27b17e
classic	craft-input	0x27ae70	0x27b558	call	0xb500f0
classic	craft-input	0x27ae70	0x27b57a	call	0x1534600
classic	craft-input	0x27ae70	0x27b5c8	call	0x1534600
classic	craft-input	0x27ae70	0x27b639	call	0xb9e00
classic	craft-input	0x27ae70	0x27b63e	call	0x104380
classic	craft-input	0x27ae70	0x27b676	jmp	0x27bb81
classic	craft-input	0x27ae70	0x27b77d	jmp	0x27b782
classic	craft-input	0x27ae70	0x27b79d	jmp	0x27b7a5
classic	craft-input	0x27ae70	0x27b7bd	call	0xe1100
classic	craft-input	0x27ae70	0x27b7c9	jmp	0x27b7d0
classic	craft-input	0x27ae70	0x27b7ed	jmp	0x27b7f5
classic	craft-input	0x27ae70	0x27b80d	call	0xe1100
classic	craft-input	0x27ae70	0x27b819	jmp	0x27b820
classic	craft-input	0x27ae70	0x27b83d	jmp	0x27b845
classic	craft-input	0x27ae70	0x27b85d	call	0xe1100
classic	craft-input	0x27ae70	0x27b868	jmp	0x27b86e
classic	craft-input	0x27ae70	0x27b88d	jmp	0x27b895
classic	craft-input	0x27ae70	0x27b8ad	call	0xe1100
classic	craft-input	0x27ae70	0x27b8b8	jmp	0x27b8be
classic	craft-input	0x27ae70	0x27b8da	jmp	0x27b8e2
classic	craft-input	0x27ae70	0x27b8f7	call	0xe1100
classic	craft-input	0x27ae70	0x27b8fc	jmp	0x27b907
classic	craft-input	0x27ae70	0x27b922	call	0xb500f0
classic	craft-input	0x27ae70	0x27b944	call	0x1534600
classic	craft-input	0x27ae70	0x27b992	call	0x1534600
classic	craft-input	0x27ae70	0x27b9df	call	0x1534600
classic	craft-input	0x27ae70	0x27b9ed	call	0xc36d10
classic	craft-input	0x27ae70	0x27ba76	jmp	0x27ba80
classic	craft-input	0x27ae70	0x27ba8a	call	0xeb1820
classic	craft-input	0x27ae70	0x27bac8	call	0x14d6f0
classic	craft-input	0x27ae70	0x27bb1a	call	0x14c480
classic	craft-input	0x27ae70	0x27bb48	call	0xb9e00
classic	craft-input	0x27ae70	0x27bb4d	call	0x104380
classic	craft-input	0x27ae70	0x27bb99	jmp	0x27b180
classic	craft-input	0x27ae70	0x27bbaa	call	0xe1100
classic	craft-input	0x27ae70	0x27bbde	call	0xba030
classic	craft-input	0x27ae70	0x27bbf8	call	0x92f090
classic	craft-input	0x27ae70	0x27bbfd	jmp	0x27bc26
classic	craft-input	0x27ae70	0x27bc21	call	0xa8f8e0
classic	craft-input	0x27ae70	0x27bc3d	call	0x1fc0e0
classic	craft-input	0x27ae70	0x27bc42	jmp	0x27b17e
classic	craft-input	0x27ae70	0x27bc56	call	0x27ec60
classic	craft-input	0x27ae70	0x27bc5b	jmp	0x27b17e
classic	craft-input	0x27ae70	0x27bc6e	call	0x27ec60
classic	craft-input	0x27ae70	0x27bc73	jmp	0x27b17e
classic	craft-input	0x27ae70	0x27bc8a	call	0x27ec60
classic	craft-input	0x27ae70	0x27bc8f	jmp	0x27b17e
classic	craft-input	0x27ae70	0x27bd1d	jmp	0x27bd25
classic	craft-input	0x27ae70	0x27bd3d	call	0xe1100
classic	craft-input	0x27ae70	0x27bd63	jmp	0x27bd6b
classic	craft-input	0x27ae70	0x27bd83	call	0xe1100
classic	craft-input	0x27ae70	0x27bd96	call	0xe1100
classic	craft-input	0x27ae70	0x27bdac	call	0x27ec60
classic	craft-input	0x27ae70	0x27bdb1	jmp	0x27b17e
classic	craft-input	0x27ae70	0x27bdc1	call	0xe1100
classic	craft-input	0x27ae70	0x27bde8	call	0xb500f0
classic	craft-input	0x27ae70	0x27be0a	call	0x1534600
classic	craft-input	0x27ae70	0x27be58	call	0x1534600
classic	craft-input	0x27ae70	0x27beb5	jmp	0x27b17e
classic	butcher-and-reagent-selection	0x27bec0	0x27bf7a	jmp	0x27bf82
classic	butcher-and-reagent-selection	0x27bec0	0x27bf99	call	0x7e1c40
classic	butcher-and-reagent-selection	0x27bec0	0x27bfa8	call	0xe1100
classic	butcher-and-reagent-selection	0x27bec0	0x27bfb0	jmp	0x27cdc1
classic	butcher-and-reagent-selection	0x27bec0	0x27bfb8	call	0x27db70
classic	butcher-and-reagent-selection	0x27bec0	0x27c07c	call	0xbb340
classic	butcher-and-reagent-selection	0x27bec0	0x27c092	call	0x140a220
classic	butcher-and-reagent-selection	0x27bec0	0x27c0c3	call	0xa99ba0
classic	butcher-and-reagent-selection	0x27bec0	0x27c138	call	0xbb340
classic	butcher-and-reagent-selection	0x27bec0	0x27c148	jmp	0x27c1b6
classic	butcher-and-reagent-selection	0x27bec0	0x27c16d	jmp	0x27c1ba
classic	butcher-and-reagent-selection	0x27bec0	0x27c1bf	call	0xbb340
classic	butcher-and-reagent-selection	0x27bec0	0x27c1dd	call	0x15345d0
classic	butcher-and-reagent-selection	0x27bec0	0x27c201	jmp	0x27c1cb
classic	butcher-and-reagent-selection	0x27bec0	0x27c230	jmp	0x27cdbe
classic	butcher-and-reagent-selection	0x27bec0	0x27c26c	call	0x7e1c40
classic	butcher-and-reagent-selection	0x27bec0	0x27c278	jmp	0x27cdbe
classic	butcher-and-reagent-selection	0x27bec0	0x27c30a	call	0xbb340
classic	butcher-and-reagent-selection	0x27bec0	0x27c32e	jmp	0x27c1d4
classic	butcher-and-reagent-selection	0x27bec0	0x27c354	jmp	0x27c1d4
classic	butcher-and-reagent-selection	0x27bec0	0x27c367	jmp	0x27c1d4
classic	butcher-and-reagent-selection	0x27bec0	0x27c386	jmp	0x27c1d4
classic	butcher-and-reagent-selection	0x27bec0	0x27c39f	jmp	0x27c1d4
classic	butcher-and-reagent-selection	0x27bec0	0x27c409	jmp	0x27c411
classic	butcher-and-reagent-selection	0x27bec0	0x27c424	jmp	0x27c428
classic	butcher-and-reagent-selection	0x27bec0	0x27c447	jmp	0x27c44d
classic	butcher-and-reagent-selection	0x27bec0	0x27c452	call	0xe1100
classic	butcher-and-reagent-selection	0x27bec0	0x27c495	jmp	0x27c3d5
classic	butcher-and-reagent-selection	0x27bec0	0x27c4a6	call	0xe1100
classic	butcher-and-reagent-selection	0x27bec0	0x27c50a	jmp	0x27c515
classic	butcher-and-reagent-selection	0x27bec0	0x27c510	call	0xbacc0
classic	butcher-and-reagent-selection	0x27bec0	0x27c53c	jmp	0x27c54a
classic	butcher-and-reagent-selection	0x27bec0	0x27c545	call	0x70db0
classic	butcher-and-reagent-selection	0x27bec0	0x27c55f	call	0x1535d8a
classic	butcher-and-reagent-selection	0x27bec0	0x27c586	jmp	0x27c1d6
classic	butcher-and-reagent-selection	0x27bec0	0x27c5b7	call	0x27dd60
classic	butcher-and-reagent-selection	0x27bec0	0x27c5d2	call	0x27e070
classic	butcher-and-reagent-selection	0x27bec0	0x27c5da	jmp	0x27cdc1
classic	butcher-and-reagent-selection	0x27bec0	0x27c635	jmp	0x27c610
classic	butcher-and-reagent-selection	0x27bec0	0x27c649	call	0xc88ae0
classic	butcher-and-reagent-selection	0x27bec0	0x27c64e	jmp	0x27c674
classic	butcher-and-reagent-selection	0x27bec0	0x27c6f8	call	0x6f860
classic	butcher-and-reagent-selection	0x27bec0	0x27c72a	call	0xc62490
classic	butcher-and-reagent-selection	0x27bec0	0x27c745	call	0x6f9a0
classic	butcher-and-reagent-selection	0x27bec0	0x27c758	call	0x6f9a0
classic	butcher-and-reagent-selection	0x27bec0	0x27c76c	call	0xe3bb0
classic	butcher-and-reagent-selection	0x27bec0	0x27c8a6	jmp	0x27c8bb
classic	butcher-and-reagent-selection	0x27bec0	0x27c90d	jmp	0x27c9b2
classic	butcher-and-reagent-selection	0x27bec0	0x27c9a9	jmp	0x27c9b2
classic	butcher-and-reagent-selection	0x27bec0	0x27ca55	call	0x145e990
classic	butcher-and-reagent-selection	0x27bec0	0x27ca5a	jmp	0x27ca8b
classic	butcher-and-reagent-selection	0x27bec0	0x27ca86	call	0x14aa260
classic	butcher-and-reagent-selection	0x27bec0	0x27cad0	call	0x1363900
classic	butcher-and-reagent-selection	0x27bec0	0x27cae1	call	0xa8cf20
classic	butcher-and-reagent-selection	0x27bec0	0x27cb04	call	0xc60530
classic	butcher-and-reagent-selection	0x27bec0	0x27cb12	call	0xcc5420
classic	butcher-and-reagent-selection	0x27bec0	0x27cb3a	call	0x282ad0
classic	butcher-and-reagent-selection	0x27bec0	0x27cb43	call	0xc645d0
classic	butcher-and-reagent-selection	0x27bec0	0x27cb84	call	0x15345f0
classic	butcher-and-reagent-selection	0x27bec0	0x27cbd6	call	0x15345f0
classic	butcher-and-reagent-selection	0x27bec0	0x27cbdd	jmp	0x27c1d6
classic	butcher-and-reagent-selection	0x27bec0	0x27cc14	call	0xc70270
classic	butcher-and-reagent-selection	0x27bec0	0x27cc87	jmp	0x27cc95
classic	butcher-and-reagent-selection	0x27bec0	0x27cc90	call	0xbacc0
classic	butcher-and-reagent-selection	0x27bec0	0x27cca4	jmp	0x27c1d4
classic	butcher-and-reagent-selection	0x27bec0	0x27cd12	jmp	0x27c1d6
classic	butcher-and-reagent-selection	0x27bec0	0x27cd36	call	0x6f860
classic	butcher-and-reagent-selection	0x27bec0	0x27cd3e	call	0x27d150
classic	butcher-and-reagent-selection	0x27bec0	0x27cd43	jmp	0x27c1d4
classic	butcher-and-reagent-selection	0x27bec0	0x27cd9e	call	0x27dd60
classic	butcher-and-reagent-selection	0x27bec0	0x27cdb9	call	0x27e070
classic	butcher-and-reagent-selection	0x27bec0	0x27cdd9	jmp	0x27c1d6
classic	butcher-and-reagent-selection	0x27bec0	0x27cde1	call	0x27dbd0
classic	butcher-and-reagent-selection	0x27bec0	0x27cde6	jmp	0x27c1d4
classic	reagent-availability	0x27cdf0	0x27ce9b	call	0xbb340
classic	reagent-availability	0x27cdf0	0x27ceaa	jmp	0x27cf0d
classic	reagent-availability	0x27cdf0	0x27ceca	jmp	0x27cf10
classic	reagent-availability	0x27cdf0	0x27cf14	call	0xbb340
classic	reagent-candidates	0x27cf50	0x27cf7f	call	0x27df20
classic	reagent-candidates	0x27cf50	0x27cf9a	call	0x27e070
classic	reagent-candidates	0x27cf50	0x27cfca	jmp	0x27cfa2
classic	reagent-candidates	0x27cf50	0x27cfda	jmp	0x27cf9a
classic	reagent-candidates	0x27cf50	0x27d00e	call	0x27db70
classic	reagent-candidates	0x27cf50	0x27d0a4	call	0xbb340
classic	reagent-candidates	0x27cf50	0x27d0b3	jmp	0x27d116
classic	reagent-candidates	0x27cf50	0x27d0d3	jmp	0x27d119
classic	reagent-candidates	0x27cf50	0x27d11d	call	0xbb340
classic	reagent-candidates	0x27cf50	0x27d12d	jmp	0x27d133
classic	category-tree-builder	0x27d150	0x27d1aa	call	0xbb940
classic	category-tree-builder	0x27d150	0x27d1df	jmp	0x27d1f1
classic	category-tree-builder	0x27d150	0x27d1ec	call	0xbacc0
classic	category-tree-builder	0x27d150	0x27d1f6	call	0x1534600
classic	category-tree-builder	0x27d150	0x27d22c	call	0x6f860
classic	category-tree-builder	0x27d150	0x27d243	jmp	0x27d255
classic	category-tree-builder	0x27d150	0x27d250	call	0xbacc0
classic	category-tree-builder	0x27d150	0x27d3bb	call	0x5561d0
classic	category-tree-builder	0x27d150	0x27d3cd	jmp	0x27d3f8
classic	category-tree-builder	0x27d150	0x27d3eb	jmp	0x27d300
classic	category-tree-builder	0x27d150	0x27d466	jmp	0x27d475
classic	category-tree-builder	0x27d150	0x27d470	call	0xbacc0
classic	category-tree-builder	0x27d150	0x27d47a	call	0x1534600
classic	category-tree-builder	0x27d150	0x27d4b0	call	0x6f860
classic	category-tree-builder	0x27d150	0x27d4c7	jmp	0x27d5ec
classic	category-tree-builder	0x27d150	0x27d4d7	call	0xbacc0
classic	category-tree-builder	0x27d150	0x27d4dc	jmp	0x27d5ec
classic	category-tree-builder	0x27d150	0x27d520	call	0x1535d84
classic	category-tree-builder	0x27d150	0x27d531	jmp	0x27d4f0
classic	category-tree-builder	0x27d150	0x27d578	call	0x1535d84
classic	category-tree-builder	0x27d150	0x27d585	jmp	0x27d541
classic	category-tree-builder	0x27d150	0x27d5d0	call	0x1535d84
classic	category-tree-builder	0x27d150	0x27d5dd	jmp	0x27d5a0
classic	category-tree-builder	0x27d150	0x27d617	jmp	0x27da9a
classic	category-tree-builder	0x27d150	0x27d64a	call	0x1535d84
classic	category-tree-builder	0x27d150	0x27d657	jmp	0x27d621
classic	category-tree-builder	0x27d150	0x27d689	call	0xbb700
classic	category-tree-builder	0x27d150	0x27d68e	jmp	0x27d5ec
classic	category-tree-builder	0x27d150	0x27d69e	call	0xbacc0
classic	category-tree-builder	0x27d150	0x27d6ae	call	0xbb700
classic	category-tree-builder	0x27d150	0x27d6b3	jmp	0x27d5ec
classic	category-tree-builder	0x27d150	0x27d81b	call	0x5561d0
classic	category-tree-builder	0x27d150	0x27d82d	jmp	0x27d858
classic	category-tree-builder	0x27d150	0x27d84b	jmp	0x27d760
classic	category-tree-builder	0x27d150	0x27d8df	call	0x1535d84
classic	category-tree-builder	0x27d150	0x27d901	jmp	0x27d910
classic	category-tree-builder	0x27d150	0x27d90b	call	0xbacc0
classic	category-tree-builder	0x27d150	0x27d915	call	0x1534600
classic	category-tree-builder	0x27d150	0x27d94b	call	0x6f860
classic	category-tree-builder	0x27d150	0x27d967	jmp	0x27da84
classic	category-tree-builder	0x27d150	0x27d977	call	0xbacc0
classic	category-tree-builder	0x27d150	0x27d97c	jmp	0x27da84
classic	category-tree-builder	0x27d150	0x27d9c4	call	0x1535d84
classic	category-tree-builder	0x27d150	0x27d9d1	jmp	0x27d990
classic	category-tree-builder	0x27d150	0x27da18	call	0x1535d84
classic	category-tree-builder	0x27d150	0x27da5f	call	0x1535d84
classic	category-tree-builder	0x27d150	0x27da6c	jmp	0x27da33
classic	category-tree-builder	0x27d150	0x27dafa	call	0x1535d84
classic	category-tree-builder	0x27d150	0x27db0b	jmp	0x27dad1
classic	category-tree-builder	0x27d150	0x27db37	call	0xbb700
classic	category-tree-builder	0x27d150	0x27db3c	jmp	0x27da7c
classic	category-tree-builder	0x27d150	0x27db4c	call	0xbacc0
classic	category-tree-builder	0x27d150	0x27db57	call	0xbb700
classic	category-tree-builder	0x27d150	0x27db5c	jmp	0x27da7c
classic	reagent-item-matcher	0x27dbd0	0x27dca6	jmp	0x27dcb6
classic	reagent-item-matcher	0x27dbd0	0x27dcb1	call	0xbacc0
classic	reagent-item-matcher	0x27dbd0	0x27dd0e	jmp	0x27dd00
classic	reagent-item-matcher	0x27dbd0	0x27dd2e	call	0x1535d8a
classic	reagent-choice	0x27dd60	0x27dd94	call	0x6f7e0
classic	reagent-choice	0x27dd60	0x27dda1	call	0x15345f0
classic	reagent-choice	0x27dd60	0x27ddaa	jmp	0x27dd84
classic	reagent-choice	0x27dd60	0x27ddfe	jmp	0x27de3c
classic	reagent-choice	0x27dd60	0x27de18	call	0x1fa0a0
classic	reagent-choice	0x27dd60	0x27de1d	jmp	0x27de3c
classic	reagent-choice	0x27dd60	0x27de33	call	0x1535a06
classic	reagent-choice	0x27dd60	0x27de98	call	0x1534600
classic	reagent-choice	0x27dd60	0x27dee3	call	0x6f860
classic	reagent-choice	0x27dd60	0x27def0	jmp	0x27de50
classic	reagent-choice	0x27dd60	0x27df10	jmp	0x27df20
classic	reaction-start	0x27df20	0x27dfec	call	0xb500f0
classic	reaction-start	0x27df20	0x27e055	call	0x1ffa70
classic	reaction-completion	0x27e070	0x27e126	call	0xed45a0
classic	reaction-completion	0x27e070	0x27e18e	jmp	0x27e160
classic	reaction-completion	0x27e070	0x27e19a	call	0xbacc0
classic	reaction-completion	0x27e070	0x27e1ab	jmp	0x27e160
classic	reaction-completion	0x27e070	0x27e20b	jmp	0x27e1e6
classic	reaction-completion	0x27e070	0x27e21f	call	0xc88ae0
classic	reaction-completion	0x27e070	0x27e229	jmp	0x27e252
classic	reaction-completion	0x27e070	0x27e308	call	0xc62490
classic	reaction-completion	0x27e070	0x27e323	call	0x6f9a0
classic	reaction-completion	0x27e070	0x27e32d	call	0x6f7e0
classic	reaction-completion	0x27e070	0x27e349	call	0x6f9a0
classic	reaction-completion	0x27e070	0x27e34e	jmp	0x27e3f3
classic	reaction-completion	0x27e070	0x27e36a	call	0x6f9a0
classic	reaction-completion	0x27e070	0x27e394	call	0xc62490
classic	reaction-completion	0x27e070	0x27e3af	call	0x6f9a0
classic	reaction-completion	0x27e070	0x27e3ee	call	0x15345f0
classic	reaction-completion	0x27e070	0x27e404	call	0x6f9a0
classic	reaction-completion	0x27e070	0x27e419	call	0xe3bb0
classic	reaction-completion	0x27e070	0x27e458	call	0x15345f0
classic	reaction-completion	0x27e070	0x27e4c3	jmp	0x27e51e
classic	reaction-completion	0x27e070	0x27e4d2	jmp	0x27e51e
classic	reaction-completion	0x27e070	0x27e4fa	jmp	0x27e51e
classic	reaction-completion	0x27e070	0x27e519	jmp	0x27e51e
classic	reaction-completion	0x27e070	0x27e522	call	0xe14850
classic	reaction-completion	0x27e070	0x27e530	call	0x66b00
classic	reaction-completion	0x27e070	0x27e59e	jmp	0x27e583
classic	reaction-completion	0x27e070	0x27e5c8	jmp	0x27e574
classic	reaction-completion	0x27e070	0x27e5d4	call	0xbacc0
classic	reaction-completion	0x27e070	0x27e5f3	jmp	0x27e574
classic	reaction-completion	0x27e070	0x27e656	jmp	0x27e631
classic	reaction-completion	0x27e070	0x27e66a	call	0xc88ae0
classic	reaction-completion	0x27e070	0x27e674	jmp	0x27e69d
classic	reaction-completion	0x27e070	0x27e712	call	0x70760
classic	reaction-completion	0x27e070	0x27e77e	call	0xc62490
classic	reaction-completion	0x27e070	0x27e799	call	0x6f9a0
classic	reaction-completion	0x27e070	0x27e7a3	call	0x6f7e0
classic	reaction-completion	0x27e070	0x27e7bf	call	0x6f9a0
classic	reaction-completion	0x27e070	0x27e7c4	jmp	0x27e830
classic	reaction-completion	0x27e070	0x27e7d9	call	0x6f9a0
classic	reaction-completion	0x27e070	0x27e806	call	0xc62490
classic	reaction-completion	0x27e070	0x27e821	call	0x6f9a0
classic	reaction-completion	0x27e070	0x27e82b	call	0x6f7e0
classic	reaction-completion	0x27e070	0x27e841	call	0x6f9a0
classic	reaction-completion	0x27e070	0x27e856	call	0xe3bb0
classic	reaction-completion	0x27e070	0x27e860	call	0x6f7e0
classic	reaction-completion	0x27e070	0x27e865	jmp	0x27e869
classic	reaction-completion	0x27e070	0x27e8da	jmp	0x27e935
classic	reaction-completion	0x27e070	0x27e8e9	jmp	0x27e935
classic	reaction-completion	0x27e070	0x27e911	jmp	0x27e935
classic	reaction-completion	0x27e070	0x27e930	jmp	0x27e935
classic	reaction-completion	0x27e070	0x27e939	call	0xe14850
classic	reaction-completion	0x27e070	0x27e943	call	0x66b00
classic	reaction-completion	0x27e070	0x27e9c5	jmp	0x27e9a0
classic	reaction-completion	0x27e070	0x27e9d9	call	0xc88ae0
classic	reaction-completion	0x27e070	0x27e9de	jmp	0x27ea07
classic	reaction-completion	0x27e070	0x27ea9e	call	0x70760
classic	reaction-completion	0x27e070	0x27eaf9	call	0x7713b0
classic	reaction-completion	0x27e070	0x27eb02	call	0x52aaa0
classic	reaction-completion	0x27e070	0x27eb1d	call	0x6f9a0
classic	reaction-completion	0x27e070	0x27eb4a	jmp	0x27eb59
classic	reaction-completion	0x27e070	0x27eb59	call	0x6f9a0
classic	reaction-completion	0x27e070	0x27eb63	call	0x6f7e0
classic	reaction-completion	0x27e070	0x27eb68	jmp	0x27eb9b
classic	reaction-completion	0x27e070	0x27eb6a	call	0x70760
classic	reaction-completion	0x27e070	0x27ebab	call	0xe3bb0
classic	reaction-completion	0x27e070	0x27ebb5	call	0x6f7e0
classic	reaction-completion	0x27e070	0x27ebd8	call	0x6f7e0
classic	reaction-completion	0x27e070	0x27ebe5	call	0x15345f0
classic	reaction-completion	0x27e070	0x27ebee	jmp	0x27ebc8
classic	reaction-completion	0x27e070	0x27ec0b	call	0x66b00
classic	reaction-completion	0x27e070	0x27ec15	call	0x66b00
classic	reaction-completion	0x27e070	0x27ec1f	call	0x66b00
classic	reaction-completion	0x27e070	0x27ec2b	call	0x15345d0
classic	reaction-raw-parser	0xeccb40	0xeccc02	call	0x6f860
classic	reaction-raw-parser	0xeccb40	0xeccd11	jmp	0xeccdf8
classic	reaction-raw-parser	0xeccb40	0xeccd3e	jmp	0xeccd61
classic	reaction-raw-parser	0xeccb40	0xeccd54	jmp	0xeccd61
classic	reaction-raw-parser	0xeccb40	0xeccd6a	call	0x70760
classic	reaction-raw-parser	0xeccb40	0xeccd90	call	0x15359e8
classic	reaction-raw-parser	0xeccb40	0xeccdcd	call	0x15345f0
classic	reaction-raw-parser	0xeccb40	0xeccdd2	jmp	0xeccde7
classic	reaction-raw-parser	0xeccb40	0xeccdd8	call	0x15359e8
classic	reaction-raw-parser	0xeccb40	0xecce09	jmp	0xecccb7
classic	reaction-raw-parser	0xeccb40	0xecce37	call	0x1535d84
classic	reaction-raw-parser	0xeccb40	0xeccf1b	jmp	0xecceb0
classic	reaction-raw-parser	0xeccb40	0xeccf55	jmp	0xeccf78
classic	reaction-raw-parser	0xeccb40	0xeccf6b	jmp	0xeccf78
classic	reaction-raw-parser	0xeccb40	0xeccf7c	call	0x70760
classic	reaction-raw-parser	0xeccb40	0xeccfa8	call	0x15359e8
classic	reaction-raw-parser	0xeccb40	0xeccfe5	call	0x15345f0
classic	reaction-raw-parser	0xeccb40	0xeccfea	jmp	0xecd002
classic	reaction-raw-parser	0xeccb40	0xeccff3	call	0x15359e8
classic	reaction-raw-parser	0xeccb40	0xecd01d	jmp	0xecceb0
classic	reaction-raw-parser	0xeccb40	0xecd055	call	0x6f860
classic	reaction-raw-parser	0xeccb40	0xecd09a	call	0x15345f0
classic	reaction-raw-parser	0xeccb40	0xecd0e0	call	0x15345f0
classic	reaction-raw-parser	0xeccb40	0xecd0e5	jmp	0xecd165
classic	reaction-raw-parser	0xeccb40	0xecd123	call	0x15345f0
classic	reaction-raw-parser	0xeccb40	0xecd15b	call	0x15345f0
classic	reaction-raw-parser	0xeccb40	0xecd1a2	call	0x6f7e0
classic	reaction-raw-parser	0xeccb40	0xecd1b1	call	0x15345d0
classic	reaction-raw-parser	0xeccb40	0xecd1f1	call	0x1535d84
classic	reaction-raw-parser	0xeccb40	0xecd2ff	jmp	0xecd28f
classic	reaction-raw-parser	0xeccb40	0xecd339	jmp	0xecd35c
classic	reaction-raw-parser	0xeccb40	0xecd34f	jmp	0xecd35c
classic	reaction-raw-parser	0xeccb40	0xecd360	call	0x70760
classic	reaction-raw-parser	0xeccb40	0xecd38c	call	0x15359e8
classic	reaction-raw-parser	0xeccb40	0xecd3c9	call	0x15345f0
classic	reaction-raw-parser	0xeccb40	0xecd3e1	jmp	0xecd28f
classic	reaction-raw-parser	0xeccb40	0xecd3ed	call	0x15359e8
classic	reaction-raw-parser	0xeccb40	0xecd40f	jmp	0xecd28f
classic	reaction-raw-parser	0xeccb40	0xecd4eb	jmp	0xecd476
classic	reaction-raw-parser	0xeccb40	0xecd527	jmp	0xecd54a
classic	reaction-raw-parser	0xeccb40	0xecd53d	jmp	0xecd54a
classic	reaction-raw-parser	0xeccb40	0xecd553	call	0x70760
classic	reaction-raw-parser	0xeccb40	0xecd584	call	0x15359e8
classic	reaction-raw-parser	0xeccb40	0xecd5c1	call	0x15345f0
classic	reaction-raw-parser	0xeccb40	0xecd5c6	jmp	0xecd5de
classic	reaction-raw-parser	0xeccb40	0xecd5cf	call	0x15359e8
classic	reaction-raw-parser	0xeccb40	0xecd5f9	jmp	0xecd476
classic	reaction-raw-parser	0xeccb40	0xecd614	call	0x1534600
classic	reaction-raw-parser	0xeccb40	0xecd65f	call	0x6f860
classic	reaction-raw-parser	0xeccb40	0xecd67f	jmp	0xecd692
classic	reaction-raw-parser	0xeccb40	0xecd68d	call	0xbacc0
classic	reaction-raw-parser	0xeccb40	0xecd6cb	jmp	0xecd6d3
classic	reaction-raw-parser	0xeccb40	0xecd6fc	call	0x6f560
classic	reaction-raw-parser	0xeccb40	0xecd718	jmp	0xecd749
classic	reaction-raw-parser	0xeccb40	0xecd776	call	0x1535d84
classic	reaction-raw-parser	0xeccb40	0xecd782	jmp	0xecd787
classic	reaction-raw-parser	0xeccb40	0xecd7b9	call	0x15345f0
classic	reaction-raw-parser	0xeccb40	0xecd7e2	jmp	0xecd7ec
classic	reaction-raw-parser	0xeccb40	0xecd80d	jmp	0xecd81a
classic	reaction-raw-parser	0xeccb40	0xecd814	call	0x70db0
classic	reaction-raw-parser	0xeccb40	0xecd821	call	0x6f7e0
classic	reaction-raw-parser	0xeccb40	0xecd82e	call	0x6f7e0
classic	reaction-raw-parser	0xeccb40	0xecd86c	call	0x15345f0
classic	reaction-raw-parser	0xeccb40	0xecd879	jmp	0xecd165
classic	reaction-raw-parser	0xeccb40	0xecd8b2	call	0x15345f0
classic	reaction-raw-parser	0xeccb40	0xecd8ea	call	0x15345f0
classic	reaction-raw-parser	0xeccb40	0xecd937	jmp	0xecd8b8
classic	reaction-raw-parser	0xeccb40	0xecd958	call	0x1535d84
classic	reaction-raw-parser	0xeccb40	0xecd980	jmp	0xecd0b4
classic	reaction-raw-parser	0xeccb40	0xecd9a1	call	0x1535d84
classic	reaction-raw-parser	0xeccb40	0xecd9bf	jmp	0xecd976
classic	reaction-raw-parser	0xeccb40	0xecd9dd	call	0x1535d84
classic	reaction-raw-parser	0xeccb40	0xecd9fb	jmp	0xecd976
classic	reaction-raw-parser	0xeccb40	0xecda1c	call	0x1535d84
classic	reaction-raw-parser	0xeccb40	0xecda3e	jmp	0xecd976
classic	reaction-raw-parser	0xeccb40	0xecda5f	call	0x1535d84
classic	reaction-raw-parser	0xeccb40	0xecda81	jmp	0xecd976
classic	reaction-raw-parser	0xeccb40	0xecdaa6	call	0x1535d84
classic	reaction-raw-parser	0xeccb40	0xecdb9b	jmp	0xecdb30
classic	reaction-raw-parser	0xeccb40	0xecdbd5	jmp	0xecdbf8
classic	reaction-raw-parser	0xeccb40	0xecdbeb	jmp	0xecdbf8
classic	reaction-raw-parser	0xeccb40	0xecdbfc	call	0x70760
classic	reaction-raw-parser	0xeccb40	0xecdc28	call	0x15359e8
classic	reaction-raw-parser	0xeccb40	0xecdc65	call	0x15345f0
classic	reaction-raw-parser	0xeccb40	0xecdc6a	jmp	0xecdc82
classic	reaction-raw-parser	0xeccb40	0xecdc73	call	0x15359e8
classic	reaction-raw-parser	0xeccb40	0xecdc9d	jmp	0xecdb30
classic	reaction-raw-parser	0xeccb40	0xecdcd2	call	0x6f860
classic	reaction-raw-parser	0xeccb40	0xecdd17	call	0x15345f0
classic	reaction-raw-parser	0xeccb40	0xecdd26	jmp	0xecd976
classic	reaction-raw-parser	0xeccb40	0xecdd6b	call	0x15345f0
classic	reaction-raw-parser	0xeccb40	0xecdd70	jmp	0xecd976
classic	reaction-raw-parser	0xeccb40	0xecdd91	call	0x1535d84
classic	reaction-raw-parser	0xeccb40	0xecddba	call	0x1535d84
classic	reaction-raw-parser	0xeccb40	0xecde89	jmp	0xecde2d
classic	reaction-raw-parser	0xeccb40	0xecdec3	jmp	0xecdee6
classic	reaction-raw-parser	0xeccb40	0xecded9	jmp	0xecdee6
classic	reaction-raw-parser	0xeccb40	0xecdeea	call	0x70760
classic	reaction-raw-parser	0xeccb40	0xecdf10	call	0x15359e8
classic	reaction-raw-parser	0xeccb40	0xecdf4d	call	0x15345f0
classic	reaction-raw-parser	0xeccb40	0xecdf52	jmp	0xecdf67
classic	reaction-raw-parser	0xeccb40	0xecdf58	call	0x15359e8
classic	reaction-raw-parser	0xeccb40	0xecdf7a	jmp	0xecde2d
classic	reaction-raw-parser	0xeccb40	0xecdf95	call	0x6f530
classic	reaction-raw-parser	0xeccb40	0xecdf9f	call	0x6f7e0
classic	reaction-raw-parser	0xeccb40	0xecdfae	jmp	0xecd976
classic	reaction-raw-parser	0xeccb40	0xecdfe2	call	0x15345f0
classic	reaction-raw-parser	0xeccb40	0xecdfec	call	0x6f7e0
classic	reaction-raw-parser	0xeccb40	0xecdff1	jmp	0xecd165
classic	reaction-raw-parser	0xeccb40	0xece012	call	0x1535d84
classic	reaction-raw-parser	0xeccb40	0xece02b	call	0x6f620
classic	reaction-raw-parser	0xeccb40	0xece041	call	0x52a530
classic	reaction-raw-parser	0xeccb40	0xece04e	call	0x6f7e0
classic	reaction-raw-parser	0xeccb40	0xece058	call	0x6f7e0
classic	reaction-raw-parser	0xeccb40	0xece05d	jmp	0xecd165
classic	reaction-raw-parser	0xeccb40	0xece071	call	0xbb700
classic	reaction-raw-parser	0xeccb40	0xece076	jmp	0xece04a
classic	reaction-raw-parser	0xeccb40	0xece083	call	0x6fe10
classic	reaction-raw-parser	0xeccb40	0xece09e	jmp	0xece054
classic	reaction-raw-parser	0xeccb40	0xece0ab	call	0x6fe10
classic	reaction-raw-parser	0xeccb40	0xece0c3	call	0x6fe10
classic	reaction-raw-parser	0xeccb40	0xece0db	call	0x6fe10
classic	reaction-raw-parser	0xeccb40	0xece0fa	jmp	0xece054
classic	reaction-raw-parser	0xeccb40	0xece10a	call	0x6fe10
classic	reaction-raw-parser	0xeccb40	0xece129	jmp	0xece054
classic	reaction-raw-parser	0xeccb40	0xece139	call	0x6fe10
classic	reaction-raw-parser	0xeccb40	0xece15b	jmp	0xece054
classic	reaction-raw-parser	0xeccb40	0xece16b	call	0x6fe10
classic	reaction-raw-parser	0xeccb40	0xece18d	jmp	0xece054
classic	reaction-raw-parser	0xeccb40	0xece19d	call	0x6fe10
classic	reaction-raw-parser	0xeccb40	0xece1bf	jmp	0xece054
classic	reaction-raw-parser	0xeccb40	0xece1cf	call	0x6fe10
classic	reaction-raw-parser	0xeccb40	0xece1ee	jmp	0xece054
classic	reaction-raw-parser	0xeccb40	0xece1fe	call	0x6fe10
classic	reaction-raw-parser	0xeccb40	0xece220	jmp	0xece054
classic	reaction-raw-parser	0xeccb40	0xece230	call	0x6fe10
classic	reaction-raw-parser	0xeccb40	0xece252	jmp	0xece054
classic	reaction-raw-parser	0xeccb40	0xece262	call	0x6fe10
classic	reaction-raw-parser	0xeccb40	0xece284	jmp	0xece054
classic	reaction-raw-parser	0xeccb40	0xece294	call	0x6fe10
classic	reaction-raw-parser	0xeccb40	0xece2b6	jmp	0xece054
classic	reaction-raw-parser	0xeccb40	0xece2c6	call	0x6fe10
classic	reaction-raw-parser	0xeccb40	0xece2e8	jmp	0xece054
classic	reaction-raw-parser	0xeccb40	0xece2f8	call	0x6fe10
classic	reaction-raw-parser	0xeccb40	0xece31a	jmp	0xece054
classic	reaction-raw-parser	0xeccb40	0xece32a	call	0x6fe10
classic	reaction-raw-parser	0xeccb40	0xece34c	jmp	0xece054
classic	reaction-raw-parser	0xeccb40	0xece35c	call	0x6fe10
classic	reaction-raw-parser	0xeccb40	0xece37e	jmp	0xece054
classic	reaction-raw-parser	0xeccb40	0xece38e	call	0x6fe10
classic	reaction-raw-parser	0xeccb40	0xece3b0	jmp	0xece054
classic	reaction-raw-parser	0xeccb40	0xece3c0	call	0x6fe10
classic	reaction-raw-parser	0xeccb40	0xece3e2	jmp	0xece054
classic	reaction-raw-parser	0xeccb40	0xece3f2	call	0x6fe10
classic	reaction-raw-parser	0xeccb40	0xece414	jmp	0xece054
classic	reaction-raw-parser	0xeccb40	0xece424	call	0x6fe10
classic	reaction-raw-parser	0xeccb40	0xece446	jmp	0xece054
classic	reaction-raw-parser	0xeccb40	0xece456	call	0x6fe10
classic	reaction-raw-parser	0xeccb40	0xece47b	jmp	0xece054
classic	reaction-raw-parser	0xeccb40	0xece48b	call	0x6fe10
classic	reaction-raw-parser	0xeccb40	0xece4b0	jmp	0xece054
classic	reaction-raw-parser	0xeccb40	0xece4c0	call	0x6fe10
classic	reaction-raw-parser	0xeccb40	0xece4e5	jmp	0xece054
classic	reaction-raw-parser	0xeccb40	0xece4f5	call	0x6fe10
classic	reaction-raw-parser	0xeccb40	0xece517	jmp	0xece054
classic	reaction-raw-parser	0xeccb40	0xece527	call	0x6fe10
classic	reaction-raw-parser	0xeccb40	0xece549	jmp	0xece054
classic	reaction-raw-parser	0xeccb40	0xece559	call	0x6fe10
classic	reaction-raw-parser	0xeccb40	0xece57b	jmp	0xece054
classic	reaction-raw-parser	0xeccb40	0xece58b	call	0x6fe10
classic	reaction-raw-parser	0xeccb40	0xece5ad	jmp	0xece054
classic	reaction-raw-parser	0xeccb40	0xece5bd	call	0x6fe10
classic	reaction-raw-parser	0xeccb40	0xece5e2	jmp	0xece054
classic	reaction-raw-parser	0xeccb40	0xece5f2	call	0x6fe10
classic	reaction-raw-parser	0xeccb40	0xece614	jmp	0xece054
classic	reaction-raw-parser	0xeccb40	0xece624	call	0x6fe10
classic	reaction-raw-parser	0xeccb40	0xece649	jmp	0xece054
classic	reaction-raw-parser	0xeccb40	0xece659	call	0x6fe10
classic	reaction-raw-parser	0xeccb40	0xece67e	jmp	0xece054
classic	reaction-raw-parser	0xeccb40	0xece68e	call	0x6fe10
classic	reaction-raw-parser	0xeccb40	0xece6b0	jmp	0xece054
classic	reaction-raw-parser	0xeccb40	0xece6c0	call	0x6fe10
classic	reaction-raw-parser	0xeccb40	0xece6e2	jmp	0xece054
classic	reaction-raw-parser	0xeccb40	0xece6f2	call	0x6fe10
classic	reaction-raw-parser	0xeccb40	0xece717	jmp	0xece054
classic	reaction-raw-parser	0xeccb40	0xece727	call	0x6fe10
classic	reaction-raw-parser	0xeccb40	0xece749	jmp	0xece054
classic	reaction-raw-parser	0xeccb40	0xece759	call	0x6fe10
classic	reaction-raw-parser	0xeccb40	0xece77e	jmp	0xece054
classic	reaction-raw-parser	0xeccb40	0xece78e	call	0x6fe10
classic	reaction-raw-parser	0xeccb40	0xece7b0	jmp	0xece054
classic	reaction-raw-parser	0xeccb40	0xece7c0	call	0x6fe10
classic	reaction-raw-parser	0xeccb40	0xece7e5	jmp	0xece054
classic	reaction-raw-parser	0xeccb40	0xece7f5	call	0x6fe10
classic	reaction-raw-parser	0xeccb40	0xece817	jmp	0xece054
classic	reaction-raw-parser	0xeccb40	0xece827	call	0x6fe10
classic	reaction-raw-parser	0xeccb40	0xece84c	jmp	0xece054
classic	reaction-raw-parser	0xeccb40	0xece85c	call	0x6fe10
classic	reaction-raw-parser	0xeccb40	0xece881	jmp	0xece054
classic	reaction-raw-parser	0xeccb40	0xece891	call	0x6fe10
classic	reaction-raw-parser	0xeccb40	0xece8b6	jmp	0xece054
classic	reaction-raw-parser	0xeccb40	0xece8c6	call	0x6fe10
classic	reaction-raw-parser	0xeccb40	0xece8eb	jmp	0xece054
classic	reaction-raw-parser	0xeccb40	0xece8fb	call	0x6fe10
classic	reaction-raw-parser	0xeccb40	0xece920	jmp	0xece054
classic	reaction-raw-parser	0xeccb40	0xece930	call	0x6fe10
classic	reaction-raw-parser	0xeccb40	0xece955	jmp	0xece054
classic	reaction-raw-parser	0xeccb40	0xece965	call	0x6fe10
classic	reaction-raw-parser	0xeccb40	0xece97d	call	0x6fe10
classic	reaction-raw-parser	0xeccb40	0xece995	call	0x6fe10
classic	reaction-raw-parser	0xeccb40	0xece9a2	call	0x6f620
classic	reaction-raw-parser	0xeccb40	0xece9b8	call	0x52a530
classic	reaction-raw-parser	0xeccb40	0xece9c5	call	0x6f7e0
classic	reaction-raw-parser	0xeccb40	0xece9cf	call	0x6f7e0
classic	reaction-raw-parser	0xeccb40	0xece9d4	jmp	0xecd160
classic	reaction-raw-parser	0xeccb40	0xece9f2	call	0x6f530
classic	reaction-raw-parser	0xeccb40	0xece9f8	jmp	0xece04a
classic	reaction-raw-parser	0xeccb40	0xecea08	call	0x6fe10
classic	reaction-raw-parser	0xeccb40	0xecea15	call	0x6f620
classic	reaction-raw-parser	0xeccb40	0xecea2b	call	0x52a530
classic	reaction-raw-parser	0xeccb40	0xecea34	jmp	0xece9c1
classic	reaction-raw-parser	0xeccb40	0xecea46	call	0x529cb0
classic	reaction-raw-parser	0xeccb40	0xecea55	jmp	0xece04a
classic	reaction-raw-parser	0xeccb40	0xecea65	call	0x6fe10
classic	reaction-raw-parser	0xeccb40	0xecea72	call	0x6f620
classic	reaction-raw-parser	0xeccb40	0xecea88	call	0x52a530
classic	reaction-raw-parser	0xeccb40	0xecea91	jmp	0xece9c1
classic	reaction-raw-parser	0xeccb40	0xeceaa6	call	0x776190
classic	reaction-raw-parser	0xeccb40	0xeceab6	jmp	0xece04a
classic	reaction-raw-parser	0xeccb40	0xeceac6	call	0x6fe10
classic	reaction-raw-parser	0xeccb40	0xecead7	call	0x6f620
classic	reaction-raw-parser	0xeccb40	0xeceae1	call	0x6f620
classic	reaction-raw-parser	0xeccb40	0xeceaf7	call	0x52a530
classic	reaction-raw-parser	0xeccb40	0xeceb04	call	0x6f7e0
classic	reaction-raw-parser	0xeccb40	0xeceb0e	jmp	0xece9c5
classic	reaction-raw-parser	0xeccb40	0xeceb23	call	0x52a530
classic	reaction-raw-parser	0xeccb40	0xeceb30	call	0x6f7e0
classic	reaction-raw-parser	0xeccb40	0xeceb3a	jmp	0xece9c5
classic	reaction-raw-parser	0xeccb40	0xeceb43	call	0x529cb0
classic	reaction-raw-parser	0xeccb40	0xeceb5a	call	0x529cb0
classic	reaction-raw-parser	0xeccb40	0xeceb98	call	0x6f7e0
classic	reaction-raw-parser	0xeccb40	0xeceba2	jmp	0xece04e
classic	reaction-raw-parser	0xeccb40	0xecebb2	call	0x6fe10
classic	reaction-raw-parser	0xeccb40	0xecebbf	call	0x6f620
classic	reaction-raw-parser	0xeccb40	0xecebd5	call	0x52a530
classic	reaction-raw-parser	0xeccb40	0xecebde	jmp	0xece9c1
classic	reaction-raw-parser	0xeccb40	0xecebe7	call	0x529cb0
classic	reaction-raw-parser	0xeccb40	0xecec10	jmp	0xece04a
classic	reaction-raw-parser	0xeccb40	0xecec20	call	0x6fe10
classic	reaction-raw-parser	0xeccb40	0xecec2d	call	0x6f620
classic	reaction-raw-parser	0xeccb40	0xecec43	call	0x52a530
classic	reaction-raw-parser	0xeccb40	0xecec4c	jmp	0xece9c1
classic	reaction-raw-parser	0xeccb40	0xecec55	call	0x529cb0
classic	reaction-raw-parser	0xeccb40	0xecec7e	jmp	0xece04a
classic	reaction-raw-parser	0xeccb40	0xecec8e	call	0x6fe10
classic	reaction-raw-parser	0xeccb40	0xecec9f	call	0x6f620
classic	reaction-raw-parser	0xeccb40	0xececb5	call	0x52a530
classic	reaction-raw-parser	0xeccb40	0xececbe	jmp	0xece9c1
classic	reaction-raw-parser	0xeccb40	0xececd6	call	0x6f530
classic	reaction-raw-parser	0xeccb40	0xeced0a	call	0x6edb0
classic	reaction-raw-parser	0xeccb40	0xeced2a	call	0x6fdd0
classic	reaction-raw-parser	0xeccb40	0xeced4b	call	0x6edb0
classic	reaction-raw-parser	0xeccb40	0xeced58	jmp	0xeced5e
classic	reaction-raw-parser	0xeccb40	0xeced6a	call	0x1534600
classic	reaction-raw-parser	0xeccb40	0xeced77	call	0xecb660
classic	reaction-raw-parser	0xeccb40	0xeced87	call	0x6f530
classic	reaction-raw-parser	0xeccb40	0xeced95	call	0x13bb80
classic	reaction-raw-parser	0xeccb40	0xeced9b	jmp	0xece04a
classic	reaction-raw-parser	0xeccb40	0xecedab	call	0x6fe10
classic	reaction-raw-parser	0xeccb40	0xecedb8	call	0x6f620
classic	reaction-raw-parser	0xeccb40	0xecedce	call	0x52a530
classic	reaction-raw-parser	0xeccb40	0xecedd7	jmp	0xece9c1
classic	reaction-raw-parser	0xeccb40	0xecedf2	call	0x6f530
classic	reaction-raw-parser	0xeccb40	0xecedf8	jmp	0xece04a
classic	reaction-raw-parser	0xeccb40	0xecee08	call	0x6fe10
classic	reaction-raw-parser	0xeccb40	0xecee15	call	0x6f620
classic	reaction-raw-parser	0xeccb40	0xecee2b	call	0x52a530
classic	reaction-raw-parser	0xeccb40	0xecee34	jmp	0xece9c1
classic	reaction-raw-parser	0xeccb40	0xecee4f	call	0x6f530
classic	reaction-raw-parser	0xeccb40	0xecee55	jmp	0xece04a
classic	reaction-raw-parser	0xeccb40	0xecee65	call	0x6fe10
classic	reaction-raw-parser	0xeccb40	0xecee72	call	0x6f620
classic	reaction-raw-parser	0xeccb40	0xecee88	call	0x52a530
classic	reaction-raw-parser	0xeccb40	0xecee91	jmp	0xece9c1
classic	reaction-raw-parser	0xeccb40	0xeceeac	call	0x6f530
classic	reaction-raw-parser	0xeccb40	0xeceeb2	jmp	0xece04a
classic	reaction-raw-parser	0xeccb40	0xeceec2	call	0x6fe10
classic	reaction-raw-parser	0xeccb40	0xeceed3	call	0x6f620
classic	reaction-raw-parser	0xeccb40	0xeceee9	call	0x52a530
classic	reaction-raw-parser	0xeccb40	0xeceef2	jmp	0xece9c1
classic	reaction-raw-parser	0xeccb40	0xecef07	call	0x8ea670
classic	reaction-raw-parser	0xeccb40	0xecef13	call	0x6fdd0
classic	reaction-raw-parser	0xeccb40	0xecef1f	call	0x6f7e0
classic	reaction-raw-parser	0xeccb40	0xecef32	jmp	0xecef36
classic	reaction-raw-parser	0xeccb40	0xecef47	jmp	0xece04a
classic	reaction-raw-parser	0xeccb40	0xecef57	call	0x6fe10
classic	reaction-raw-parser	0xeccb40	0xecef68	call	0x6f620
classic	reaction-raw-parser	0xeccb40	0xecef7e	call	0x52a530
classic	reaction-raw-parser	0xeccb40	0xecef87	jmp	0xece9c1
classic	reaction-raw-parser	0xeccb40	0xecef97	call	0x6fe10
classic	reaction-raw-parser	0xeccb40	0xecefa8	call	0x6f620
classic	reaction-raw-parser	0xeccb40	0xecefbe	call	0x52a530
classic	reaction-raw-parser	0xeccb40	0xecefcb	call	0x6f7e0
classic	reaction-raw-parser	0xeccb40	0xecefd1	jmp	0xece9c1
classic	reaction-raw-parser	0xeccb40	0xecefdb	call	0x1534600
classic	reaction-raw-parser	0xeccb40	0xecefe8	call	0xecb620
classic	reaction-raw-parser	0xeccb40	0xecf005	call	0x6f530
classic	reaction-raw-parser	0xeccb40	0xecf01e	call	0x13bb80
classic	reaction-raw-parser	0xeccb40	0xecf028	call	0x6f7e0
classic	reaction-raw-parser	0xeccb40	0xecf02e	jmp	0xece04a
classic	reaction-raw-parser	0xeccb40	0xecf03e	call	0x6fe10
classic	reaction-raw-parser	0xeccb40	0xecf04f	call	0x6f620
classic	reaction-raw-parser	0xeccb40	0xecf065	call	0x52a530
classic	reaction-raw-parser	0xeccb40	0xecf072	call	0x6f7e0
classic	reaction-raw-parser	0xeccb40	0xecf078	jmp	0xece9c1
classic	reaction-raw-parser	0xeccb40	0xecf082	call	0x1534600
classic	reaction-raw-parser	0xeccb40	0xecf08f	call	0xecb620
classic	reaction-raw-parser	0xeccb40	0xecf0ac	call	0x6f530
classic	reaction-raw-parser	0xeccb40	0xecf0c5	call	0x13bb80
classic	reaction-raw-parser	0xeccb40	0xecf0cf	call	0x6f7e0
classic	reaction-raw-parser	0xeccb40	0xecf0d5	jmp	0xece04a
classic	reaction-raw-parser	0xeccb40	0xecf0df	call	0x1534600
classic	reaction-raw-parser	0xeccb40	0xecf0ec	call	0xecb620
classic	reaction-raw-parser	0xeccb40	0xecf0fd	call	0x6f530
classic	reaction-raw-parser	0xeccb40	0xecf116	call	0x13bb80
classic	reaction-raw-parser	0xeccb40	0xecf11c	jmp	0xece04a
classic	reaction-raw-parser	0xeccb40	0xecf12c	call	0x6fe10
classic	reaction-raw-parser	0xeccb40	0xecf139	call	0x6f620
classic	reaction-raw-parser	0xeccb40	0xecf14f	call	0x52a530
classic	reaction-raw-parser	0xeccb40	0xecf158	jmp	0xece9c1
classic	reaction-raw-parser	0xeccb40	0xecf163	call	0x7428a0
classic	reaction-raw-parser	0xeccb40	0xecf177	jmp	0xece04a
classic	reaction-raw-parser	0xeccb40	0xecf187	call	0x6fe10
classic	reaction-raw-parser	0xeccb40	0xecf194	call	0x6f620
classic	reaction-raw-parser	0xeccb40	0xecf1aa	call	0x52a530
classic	reaction-raw-parser	0xeccb40	0xecf1b3	jmp	0xece9c1
classic	reaction-raw-parser	0xeccb40	0xecf1bc	call	0x529cb0
classic	reaction-raw-parser	0xeccb40	0xecf1e5	jmp	0xece04a
classic	reaction-raw-parser	0xeccb40	0xecf1f5	call	0x6fe10
classic	reaction-raw-parser	0xeccb40	0xecf206	call	0x6f620
classic	reaction-raw-parser	0xeccb40	0xecf21c	call	0x52a530
classic	reaction-raw-parser	0xeccb40	0xecf229	jmp	0xece9c5
classic	reaction-raw-parser	0xeccb40	0xecf235	call	0x6f620
classic	reaction-raw-parser	0xeccb40	0xecf24e	call	0x52a530
classic	reaction-raw-parser	0xeccb40	0xecf25e	call	0x6f7e0
classic	reaction-raw-parser	0xeccb40	0xecf268	jmp	0xece9c5
classic	reaction-raw-parser	0xeccb40	0xecf271	call	0x6f620
classic	reaction-raw-parser	0xeccb40	0xecf287	call	0x52a530
classic	reaction-raw-parser	0xeccb40	0xecf294	call	0x6f7e0
classic	reaction-raw-parser	0xeccb40	0xecf2a1	call	0x6f7e0
classic	reaction-raw-parser	0xeccb40	0xecf2ab	jmp	0xece9c5
classic	reaction-raw-parser	0xeccb40	0xecf2bb	call	0x6fe10
classic	reaction-raw-parser	0xeccb40	0xecf2cc	call	0x6f620
classic	reaction-raw-parser	0xeccb40	0xecf2e2	call	0x52a530
classic	reaction-raw-parser	0xeccb40	0xecf2ef	call	0x6f7e0
classic	reaction-raw-parser	0xeccb40	0xecf2f4	jmp	0xecf290
classic	reaction-raw-parser	0xeccb40	0xecf2fb	call	0x1534600
classic	reaction-raw-parser	0xeccb40	0xecf308	call	0xecaed0
classic	reaction-raw-parser	0xeccb40	0xecf318	call	0x6f530
classic	reaction-raw-parser	0xeccb40	0xecf333	call	0x6f530
classic	reaction-raw-parser	0xeccb40	0xecf33f	call	0x529cb0
classic	reaction-raw-parser	0xeccb40	0xecf35d	call	0xb9910
classic	reaction-raw-parser	0xeccb40	0xecf36a	call	0x6f7e0
classic	reaction-raw-parser	0xeccb40	0xecf374	call	0x6f7e0
classic	reaction-raw-parser	0xeccb40	0xecf381	call	0x6f7e0
classic	reaction-raw-parser	0xeccb40	0xecf38b	jmp	0xece04e
classic	reaction-raw-parser	0xeccb40	0xecf394	call	0x6f620
classic	reaction-raw-parser	0xeccb40	0xecf39e	call	0x6f620
classic	reaction-raw-parser	0xeccb40	0xecf3ab	call	0x6f620
classic	reaction-raw-parser	0xeccb40	0xecf3b5	call	0x6f620
classic	reaction-raw-parser	0xeccb40	0xecf3cb	call	0x52a530
classic	reaction-raw-parser	0xeccb40	0xecf3d8	call	0x6f7e0
classic	reaction-raw-parser	0xeccb40	0xecf3e5	call	0x6f7e0
classic	reaction-raw-parser	0xeccb40	0xecf3ef	call	0x6f7e0
classic	reaction-raw-parser	0xeccb40	0xecf3f9	call	0x6f7e0
classic	reaction-raw-parser	0xeccb40	0xecf3fe	jmp	0xecf290
classic	reaction-raw-parser	0xeccb40	0xecf413	call	0x52a530
classic	reaction-raw-parser	0xeccb40	0xecf420	call	0x7448d0
classic	reaction-raw-parser	0xeccb40	0xecf43c	call	0x52a530
classic	reaction-raw-parser	0xeccb40	0xecf450	call	0x6fe10
classic	reaction-raw-parser	0xeccb40	0xecf464	call	0x6fe10
classic	reaction-raw-parser	0xeccb40	0xecf47d	call	0x52a530
classic	reaction-raw-parser	0xeccb40	0xecf48f	call	0x1534600
classic	reaction-raw-parser	0xeccb40	0xecf49c	call	0xecaed0
classic	reaction-raw-parser	0xeccb40	0xecf4ac	call	0x6f530
classic	reaction-raw-parser	0xeccb40	0xecf4bc	call	0x6fe10
classic	reaction-raw-parser	0xeccb40	0xecf4d0	call	0x6f510
classic	reaction-raw-parser	0xeccb40	0xecf4e7	call	0x6fe10
classic	reaction-raw-parser	0xeccb40	0xecf4fb	call	0x6f510
classic	reaction-raw-parser	0xeccb40	0xecf512	call	0x6f530
classic	reaction-raw-parser	0xeccb40	0xecf522	call	0x6f530
classic	reaction-raw-parser	0xeccb40	0xecf532	call	0x6f530
classic	reaction-raw-parser	0xeccb40	0xecf545	call	0x6f530
classic	reaction-raw-parser	0xeccb40	0xecf555	call	0x6f530
classic	reaction-raw-parser	0xeccb40	0xecf561	call	0x529cb0
classic	reaction-raw-parser	0xeccb40	0xecf57f	call	0xb9910
classic	reaction-raw-parser	0xeccb40	0xecf58c	call	0x6f7e0
classic	reaction-raw-parser	0xeccb40	0xecf599	call	0x6f7e0
classic	reaction-raw-parser	0xeccb40	0xecf5a3	call	0x6f7e0
classic	reaction-raw-parser	0xeccb40	0xecf5ad	jmp	0xecf36a
classic	reaction-raw-parser	0xeccb40	0xecf5bd	call	0x6fe10
classic	reaction-raw-parser	0xeccb40	0xecf5e3	call	0x6f620
classic	reaction-raw-parser	0xeccb40	0xecf5ed	call	0x6f620
classic	reaction-raw-parser	0xeccb40	0xecf5f7	call	0x6f620
classic	reaction-raw-parser	0xeccb40	0xecf604	call	0x6f620
classic	reaction-raw-parser	0xeccb40	0xecf60e	call	0x6f620
classic	reaction-raw-parser	0xeccb40	0xecf61b	call	0x6f620
classic	reaction-raw-parser	0xeccb40	0xecf625	call	0x6f620
classic	reaction-raw-parser	0xeccb40	0xecf63b	call	0x52a530
classic	reaction-raw-parser	0xeccb40	0xecf648	call	0x6f7e0
classic	reaction-raw-parser	0xeccb40	0xecf655	call	0x6f7e0
classic	reaction-raw-parser	0xeccb40	0xecf65f	call	0x6f7e0
classic	reaction-raw-parser	0xeccb40	0xecf66c	call	0x6f7e0
classic	reaction-raw-parser	0xeccb40	0xecf676	call	0x6f7e0
classic	reaction-raw-parser	0xeccb40	0xecf680	call	0x6f7e0
classic	reaction-raw-parser	0xeccb40	0xecf686	jmp	0xece04a
classic	reaction-raw-parser	0xeccb40	0xecf69b	call	0x52a530
classic	reaction-raw-parser	0xeccb40	0xecf6b4	call	0x52a530
classic	reaction-raw-parser	0xeccb40	0xecf6c8	call	0x6fe10
classic	reaction-raw-parser	0xeccb40	0xecf6e4	call	0x52a530
classic	reaction-raw-parser	0xeccb40	0xecf6f1	jmp	0xecf644
classic	reaction-raw-parser	0xeccb40	0xecf6fd	call	0x52a530
classic	reaction-raw-parser	0xeccb40	0xecf71a	call	0x52a530
classic	reaction-raw-parser	0xeccb40	0xecf72b	call	0x7448d0
classic	reaction-raw-parser	0xeccb40	0xecf747	call	0x52a530
classic	reaction-raw-parser	0xeccb40	0xecf75f	call	0x6fe10
classic	reaction-raw-parser	0xeccb40	0xecf773	call	0x6fe10
classic	reaction-raw-parser	0xeccb40	0xecf787	call	0x6fe10
classic	reaction-raw-parser	0xeccb40	0xecf7a0	call	0x52a530
classic	reaction-raw-parser	0xeccb40	0xecf7b1	call	0x529cb0
classic	reaction-raw-parser	0xeccb40	0xecf7bc	call	0x529cb0
classic	reaction-raw-parser	0xeccb40	0xecf7c8	call	0x1534600
classic	reaction-raw-parser	0xeccb40	0xecf7d4	call	0xecb1b0
classic	reaction-raw-parser	0xeccb40	0xecf7ef	call	0x6fe10
classic	reaction-raw-parser	0xeccb40	0xecf803	call	0x6f510
classic	reaction-raw-parser	0xeccb40	0xecf811	call	0xfb7e0
classic	reaction-raw-parser	0xeccb40	0xecf821	call	0x6f530
classic	reaction-raw-parser	0xeccb40	0xecf834	call	0x6f530
classic	reaction-raw-parser	0xeccb40	0xecf844	call	0x6f530
classic	reaction-raw-parser	0xeccb40	0xecf857	call	0x6f530
classic	reaction-raw-parser	0xeccb40	0xecf867	call	0x6f530
classic	reaction-raw-parser	0xeccb40	0xecf87d	call	0x13bb80
classic	reaction-raw-parser	0xeccb40	0xecf886	jmp	0xecf644
classic	reaction-raw-parser	0xeccb40	0xecf896	call	0x6fe10
classic	reaction-raw-parser	0xeccb40	0xecf8bf	call	0x6f620
classic	reaction-raw-parser	0xeccb40	0xecf8c9	call	0x6f620
classic	reaction-raw-parser	0xeccb40	0xecf8d6	call	0x6f620
classic	reaction-raw-parser	0xeccb40	0xecf8ef	call	0x52a530
classic	reaction-raw-parser	0xeccb40	0xecf8ff	call	0x6f7e0
classic	reaction-raw-parser	0xeccb40	0xecf909	call	0x6f7e0
classic	reaction-raw-parser	0xeccb40	0xecf916	jmp	0xece04e
classic	reaction-raw-parser	0xeccb40	0xecf92b	call	0x52a530
classic	reaction-raw-parser	0xeccb40	0xecf947	call	0x52a530
classic	reaction-raw-parser	0xeccb40	0xecf957	call	0x73b390
classic	reaction-raw-parser	0xeccb40	0xecf982	call	0x6f620
classic	reaction-raw-parser	0xeccb40	0xecf98c	call	0x6f620
classic	reaction-raw-parser	0xeccb40	0xecf996	call	0x6f620
classic	reaction-raw-parser	0xeccb40	0xecf9a0	call	0x6f620
classic	reaction-raw-parser	0xeccb40	0xecf9b6	call	0x52a530
classic	reaction-raw-parser	0xeccb40	0xecf9d3	call	0x52a530
classic	reaction-raw-parser	0xeccb40	0xecf9e4	call	0x7448d0
classic	reaction-raw-parser	0xeccb40	0xecf9fd	call	0x52a530
classic	reaction-raw-parser	0xeccb40	0xecfa15	call	0x6fe10
classic	reaction-raw-parser	0xeccb40	0xecfa29	call	0x6fe10
classic	reaction-raw-parser	0xeccb40	0xecfa3d	call	0x6fe10
classic	reaction-raw-parser	0xeccb40	0xecfa56	call	0x52a530
classic	reaction-raw-parser	0xeccb40	0xecfa67	call	0x73af00
classic	reaction-raw-parser	0xeccb40	0xecfa7e	call	0x529cb0
classic	reaction-raw-parser	0xeccb40	0xecfa8a	call	0x1534600
classic	reaction-raw-parser	0xeccb40	0xecfa96	call	0xecb3e0
classic	reaction-raw-parser	0xeccb40	0xecfaaa	call	0x6f530
classic	reaction-raw-parser	0xeccb40	0xecfac1	call	0x6f530
classic	reaction-raw-parser	0xeccb40	0xecfad1	call	0x6f530
classic	reaction-raw-parser	0xeccb40	0xecfae1	call	0x6f530
classic	reaction-raw-parser	0xeccb40	0xecfaf7	call	0x13bb80
classic	reaction-raw-parser	0xeccb40	0xecfb04	call	0x6f7e0
classic	reaction-raw-parser	0xeccb40	0xecfb0e	call	0x6f7e0
classic	reaction-raw-parser	0xeccb40	0xecfb18	call	0x6f7e0
classic	reaction-raw-parser	0xeccb40	0xecfb22	call	0x6f7e0
classic	reaction-raw-parser	0xeccb40	0xecfb27	jmp	0xecf8f8
classic	reaction-raw-parser	0xeccb40	0xecfb30	call	0x6f620
classic	reaction-raw-parser	0xeccb40	0xecfb3a	call	0x6f620
classic	reaction-raw-parser	0xeccb40	0xecfb44	call	0x6f620
classic	reaction-raw-parser	0xeccb40	0xecfb4e	call	0x6f620
classic	reaction-raw-parser	0xeccb40	0xecfb64	call	0x52a530
classic	reaction-raw-parser	0xeccb40	0xecfb81	call	0x52a530
classic	reaction-raw-parser	0xeccb40	0xecfb92	call	0x7448d0
classic	reaction-raw-parser	0xeccb40	0xecfbab	call	0x52a530
classic	reaction-raw-parser	0xeccb40	0xecfbc3	call	0x6fe10
classic	reaction-raw-parser	0xeccb40	0xecfbd7	call	0x6fe10
classic	reaction-raw-parser	0xeccb40	0xecfbeb	call	0x6fe10
classic	reaction-raw-parser	0xeccb40	0xecfc04	call	0x52a530
classic	reaction-raw-parser	0xeccb40	0xecfc18	call	0x529cb0
classic	reaction-raw-parser	0xeccb40	0xecfc24	call	0x1534600
classic	reaction-raw-parser	0xeccb40	0xecfc30	call	0xecb3e0
classic	reaction-raw-parser	0xeccb40	0xecfc44	call	0x6f530
classic	reaction-raw-parser	0xeccb40	0xecfc58	call	0x6f530
classic	reaction-raw-parser	0xeccb40	0xecfc68	call	0x6f530
classic	reaction-raw-parser	0xeccb40	0xecfc78	call	0x6f530
classic	reaction-raw-parser	0xeccb40	0xecfc88	call	0x6f530
classic	reaction-raw-parser	0xeccb40	0xecfc9e	call	0x13bb80
classic	reaction-raw-parser	0xeccb40	0xecfcab	call	0x6f7e0
classic	reaction-raw-parser	0xeccb40	0xecfcb5	call	0x6f7e0
classic	reaction-raw-parser	0xeccb40	0xecfcbf	call	0x6f7e0
classic	reaction-raw-parser	0xeccb40	0xecfcc9	call	0x6f7e0
classic	reaction-raw-parser	0xeccb40	0xecfcce	jmp	0xecf8f8
classic	reaction-raw-parser	0xeccb40	0xecfcd7	call	0x6f620
classic	reaction-raw-parser	0xeccb40	0xecfce1	call	0x6f620
classic	reaction-raw-parser	0xeccb40	0xecfceb	call	0x6f620
classic	reaction-raw-parser	0xeccb40	0xecfd01	call	0x52a530
classic	reaction-raw-parser	0xeccb40	0xecfd12	call	0x7448d0
classic	reaction-raw-parser	0xeccb40	0xecfd2b	call	0x52a530
classic	reaction-raw-parser	0xeccb40	0xecfd43	call	0x6fe10
classic	reaction-raw-parser	0xeccb40	0xecfd57	call	0x6fe10
classic	reaction-raw-parser	0xeccb40	0xecfd6b	call	0x6fe10
classic	reaction-raw-parser	0xeccb40	0xecfd84	call	0x52a530
classic	reaction-raw-parser	0xeccb40	0xecfd98	call	0x529cb0
classic	reaction-raw-parser	0xeccb40	0xecfda4	call	0x1534600
classic	reaction-raw-parser	0xeccb40	0xecfdb0	call	0xecb3e0
classic	reaction-raw-parser	0xeccb40	0xecfdc4	call	0x6f530
classic	reaction-raw-parser	0xeccb40	0xecfdd8	call	0x6f530
classic	reaction-raw-parser	0xeccb40	0xecfde8	call	0x6f530
classic	reaction-raw-parser	0xeccb40	0xecfdf8	call	0x6f530
classic	reaction-raw-parser	0xeccb40	0xecfe0b	call	0x6fe10
classic	reaction-raw-parser	0xeccb40	0xecfe20	call	0xfb7e0
classic	reaction-raw-parser	0xeccb40	0xecfe36	call	0x13bb80
classic	reaction-raw-parser	0xeccb40	0xecfe43	call	0x6f7e0
classic	reaction-raw-parser	0xeccb40	0xecfe4d	call	0x6f7e0
classic	reaction-raw-parser	0xeccb40	0xecfe57	call	0x6f7e0
classic	reaction-raw-parser	0xeccb40	0xecfe5c	jmp	0xecf8f8
classic	reaction-raw-parser	0xeccb40	0xecfe6c	call	0x6fe10
classic	reaction-raw-parser	0xeccb40	0xecfe79	call	0x6f620
classic	reaction-raw-parser	0xeccb40	0xecfe8f	call	0x52a530
classic	reaction-raw-parser	0xeccb40	0xecfe98	jmp	0xece9c1
classic	reaction-raw-parser	0xeccb40	0xecfeb3	call	0x6f530
classic	reaction-raw-parser	0xeccb40	0xecfeb9	jmp	0xece04a
classic	reaction-raw-parser	0xeccb40	0xecfec9	call	0x6fe10
classic	reaction-raw-parser	0xeccb40	0xecfed6	call	0x6f620
classic	reaction-raw-parser	0xeccb40	0xecfeec	call	0x52a530
classic	reaction-raw-parser	0xeccb40	0xecfef5	jmp	0xece9c1
classic	reaction-raw-parser	0xeccb40	0xecff0a	call	0x529cb0
classic	reaction-raw-parser	0xeccb40	0xecff16	jmp	0xece04a
classic	reaction-raw-parser	0xeccb40	0xecff26	call	0x6fe10
classic	reaction-raw-parser	0xeccb40	0xecff33	call	0x6f620
classic	reaction-raw-parser	0xeccb40	0xecff49	call	0x52a530
classic	reaction-raw-parser	0xeccb40	0xecff52	jmp	0xece9c1
classic	reaction-raw-parser	0xeccb40	0xecff6d	call	0x6f530
classic	reaction-raw-parser	0xeccb40	0xecff73	jmp	0xece04a
classic	reaction-raw-parser	0xeccb40	0xecff83	call	0x6fe10
classic	reaction-raw-parser	0xeccb40	0xecffa2	jmp	0xece054
classic	reaction-raw-parser	0xeccb40	0xecffb2	call	0x6fe10
classic	reaction-raw-parser	0xeccb40	0xecffd1	jmp	0xece054
classic	reaction-raw-parser	0xeccb40	0xecffe1	call	0x6fe10
classic	reaction-raw-parser	0xeccb40	0xed0005	call	0xfb7e0
classic	reaction-raw-parser	0xeccb40	0xed000a	jmp	0xece054
classic	reaction-raw-parser	0xeccb40	0xed001a	call	0x6fe10
classic	reaction-raw-parser	0xeccb40	0xed003e	call	0xfb7e0
classic	reaction-raw-parser	0xeccb40	0xed0043	jmp	0xece054
classic	reaction-raw-parser	0xeccb40	0xed0053	call	0x6fe10
classic	reaction-raw-parser	0xeccb40	0xed007b	call	0xfb7e0
classic	reaction-raw-parser	0xeccb40	0xed0080	jmp	0xece054
classic	reaction-raw-parser	0xeccb40	0xed0090	call	0x6fe10
classic	reaction-raw-parser	0xeccb40	0xed00b4	call	0xfb7e0
classic	reaction-raw-parser	0xeccb40	0xed00b9	jmp	0xece054
classic	reaction-raw-parser	0xeccb40	0xed00d4	call	0x6fe10
classic	reaction-raw-parser	0xeccb40	0xed00ee	call	0xfb7e0
classic	reaction-raw-parser	0xeccb40	0xed00f3	jmp	0xece054
classic	reaction-raw-parser	0xeccb40	0xed0103	call	0x6fe10
classic	reaction-raw-parser	0xeccb40	0xed0110	call	0x6f620
classic	reaction-raw-parser	0xeccb40	0xed0126	call	0x52a530
classic	reaction-raw-parser	0xeccb40	0xed012f	jmp	0xece9c1
classic	reaction-raw-parser	0xeccb40	0xed0138	call	0x529cb0
classic	reaction-raw-parser	0xeccb40	0xed014b	jmp	0xece04a
classic	reaction-raw-parser	0xeccb40	0xed015b	call	0x6fe10
classic	reaction-raw-parser	0xeccb40	0xed0168	call	0x6f620
classic	reaction-raw-parser	0xeccb40	0xed017e	call	0x52a530
classic	reaction-raw-parser	0xeccb40	0xed0187	jmp	0xece9c1
classic	reaction-raw-parser	0xeccb40	0xed0190	call	0x529cb0
classic	reaction-raw-parser	0xeccb40	0xed01a3	jmp	0xece04a
classic	reaction-raw-parser	0xeccb40	0xed01be	call	0xeaf40
classic	reaction-raw-parser	0xeccb40	0xed01d2	call	0x6f4f0
classic	reaction-raw-parser	0xeccb40	0xed01e2	call	0xb9ca0
classic	reaction-raw-parser	0xeccb40	0xed01ee	call	0x529670
classic	reaction-raw-parser	0xeccb40	0xed01fb	jmp	0xece04e
classic	reaction-raw-parser	0xeccb40	0xed0219	jmp	0xece054
classic	reaction-raw-parser	0xeccb40	0xed0222	jmp	0xecd976
classic	reaction-raw-parser	0xeccb40	0xed022c	jmp	0xecd976
classic	reaction-raw-parser	0xeccb40	0xed025b	call	0x65820
classic	reaction-raw-parser	0xeccb40	0xed0261	call	0x65820
classic	reaction-raw-parser	0xeccb40	0xed0267	call	0x65820
classic	reaction-raw-parser	0xeccb40	0xed026d	call	0x65820
classic	reaction-raw-parser	0xeccb40	0xed0273	call	0x65820
classic	reagent-item-filter-description	0xa285e0	0xa28679	jmp	0xa286ad
classic	reagent-item-filter-description	0xa285e0	0xa28693	jmp	0xa286ad
classic	reagent-item-filter-description	0xa285e0	0xa286ba	call	0x529cf0
classic	reagent-item-filter-description	0xa285e0	0xa286c4	call	0xb9b10
classic	reagent-item-filter-description	0xa285e0	0xa286ee	jmp	0xa28715
classic	reagent-item-filter-description	0xa285e0	0xa286f6	jmp	0xa286fe
classic	reagent-item-filter-description	0xa285e0	0xa28710	call	0x6f9a0
classic	reagent-item-filter-description	0xa285e0	0xa2872b	call	0x6f9a0
classic	reagent-item-filter-description	0xa285e0	0xa28747	call	0x6f9a0
classic	reagent-item-filter-description	0xa285e0	0xa28763	call	0x6f9a0
classic	reagent-item-filter-description	0xa285e0	0xa2877f	call	0x6f9a0
classic	reagent-item-filter-description	0xa285e0	0xa2879b	call	0x6f9a0
classic	reagent-item-filter-description	0xa285e0	0xa287b7	call	0x6f9a0
classic	reagent-item-filter-description	0xa285e0	0xa287d4	call	0x6f9a0
classic	reagent-item-filter-description	0xa285e0	0xa287f8	call	0x6f9a0
classic	reagent-item-filter-description	0xa285e0	0xa28817	call	0x6f9a0
classic	reagent-item-filter-description	0xa285e0	0xa28836	call	0x6f9a0
classic	reagent-item-filter-description	0xa285e0	0xa28855	call	0x6f9a0
classic	reagent-item-filter-description	0xa285e0	0xa28874	call	0x6f9a0
classic	reagent-item-filter-description	0xa285e0	0xa28893	call	0x6f9a0
classic	reagent-item-filter-description	0xa285e0	0xa288b5	call	0x6f9a0
classic	reagent-item-filter-description	0xa285e0	0xa288d4	call	0x6f9a0
classic	reagent-item-filter-description	0xa285e0	0xa288f3	call	0x6f9a0
classic	reagent-item-filter-description	0xa285e0	0xa2890f	call	0x6f9a0
classic	reagent-item-filter-description	0xa285e0	0xa2892e	call	0x6f9a0
classic	reagent-item-filter-description	0xa285e0	0xa2894d	call	0x6f9a0
classic	reagent-item-filter-description	0xa285e0	0xa2896c	call	0x6f9a0
classic	reagent-item-filter-description	0xa285e0	0xa2898b	call	0x6f9a0
classic	reagent-item-filter-description	0xa285e0	0xa289aa	call	0x6f9a0
classic	reagent-item-filter-description	0xa285e0	0xa289c5	call	0x6f9a0
classic	reagent-item-filter-description	0xa285e0	0xa289e4	call	0x6f9a0
classic	reagent-item-filter-description	0xa285e0	0xa28a03	call	0x6f9a0
classic	reagent-item-filter-description	0xa285e0	0xa28a22	call	0x6f9a0
classic	reagent-item-filter-description	0xa285e0	0xa28a41	call	0x6f9a0
classic	reagent-item-filter-description	0xa285e0	0xa28a60	call	0x6f9a0
classic	reagent-item-filter-description	0xa285e0	0xa28aa8	call	0x6f9a0
classic	reagent-item-filter-description	0xa285e0	0xa28aba	call	0x6f9a0
classic	reagent-item-filter-description	0xa285e0	0xa28acf	call	0x6f9a0
classic	reagent-item-filter-description	0xa285e0	0xa28aeb	call	0x6f9a0
classic	reagent-item-filter-description	0xa285e0	0xa28b0a	call	0x6f9a0
classic	reagent-item-filter-description	0xa285e0	0xa28b26	call	0x6f9a0
classic	reagent-item-filter-description	0xa285e0	0xa28b42	call	0x6f9a0
classic	reagent-item-filter-description	0xa285e0	0xa28b61	call	0x6f9a0
classic	reagent-item-filter-description	0xa285e0	0xa28b87	call	0x6f9a0
classic	reagent-item-filter-description	0xa285e0	0xa28ba3	call	0x6f9a0
classic	reagent-item-filter-description	0xa285e0	0xa28bbf	call	0x6f9a0
classic	reagent-item-filter-description	0xa285e0	0xa28be6	call	0x6f9a0
classic	reagent-item-filter-description	0xa285e0	0xa28c05	call	0x6f9a0
classic	reagent-item-filter-description	0xa285e0	0xa28c21	call	0x6f9a0
classic	reagent-item-filter-description	0xa285e0	0xa28c40	call	0x6f9a0
classic	reagent-item-filter-description	0xa285e0	0xa28c5f	call	0x6f9a0
classic	reagent-item-filter-description	0xa285e0	0xa28c7e	call	0x6f9a0
classic	reagent-item-filter-description	0xa285e0	0xa28c99	call	0x6f9a0
classic	reagent-item-filter-description	0xa285e0	0xa28cb8	call	0x6f9a0
classic	reagent-item-filter-description	0xa285e0	0xa28cd7	call	0x6f9a0
classic	reagent-item-filter-description	0xa285e0	0xa28cf6	call	0x6f9a0
classic	reagent-item-filter-description	0xa285e0	0xa28d15	call	0x6f9a0
classic	reagent-item-filter-description	0xa285e0	0xa28d34	call	0x6f9a0
classic	reagent-item-filter-description	0xa285e0	0xa28d53	call	0x6f9a0
classic	reagent-item-filter-description	0xa285e0	0xa28d72	call	0x6f9a0
classic	reagent-item-filter-description	0xa285e0	0xa28d98	call	0x6f9a0
classic	reagent-item-filter-description	0xa285e0	0xa28db7	call	0x6f9a0
classic	reagent-item-filter-description	0xa285e0	0xa28dd6	call	0x6f9a0
classic	reagent-item-filter-description	0xa285e0	0xa28df5	call	0x6f9a0
classic	reagent-item-filter-description	0xa285e0	0xa28e14	call	0x6f9a0
classic	reagent-item-filter-description	0xa285e0	0xa28e2f	call	0x6f9a0
classic	reagent-item-filter-description	0xa285e0	0xa28e4e	call	0x6f9a0
classic	reagent-item-filter-description	0xa285e0	0xa28e6a	call	0x6f9a0
classic	reagent-item-filter-description	0xa285e0	0xa28e86	call	0x6f9a0
classic	reagent-item-filter-description	0xa285e0	0xa28ea2	call	0x6f9a0
classic	reagent-item-filter-description	0xa285e0	0xa28ec8	call	0x6f9a0
classic	reagent-item-filter-description	0xa285e0	0xa28ee4	call	0x6f9a0
classic	reagent-item-filter-description	0xa285e0	0xa28f03	call	0x6f9a0
classic	reagent-item-filter-description	0xa285e0	0xa28f22	call	0x6f9a0
classic	reagent-item-filter-description	0xa285e0	0xa28f41	call	0x6f9a0
classic	reagent-item-filter-description	0xa285e0	0xa28f60	call	0x6f9a0
classic	reagent-item-filter-description	0xa285e0	0xa28f7f	call	0x6f9a0
classic	reagent-item-filter-description	0xa285e0	0xa28f9e	call	0x6f9a0
classic	reagent-item-filter-description	0xa285e0	0xa28fbd	call	0x6f9a0
classic	reagent-item-filter-description	0xa285e0	0xa28fdc	call	0x6f9a0
classic	reagent-item-filter-description	0xa285e0	0xa28ffb	call	0x6f9a0
classic	reagent-item-filter-description	0xa285e0	0xa2901a	call	0x6f9a0
classic	reagent-item-filter-description	0xa285e0	0xa29039	call	0x6f9a0
classic	reagent-item-filter-description	0xa285e0	0xa29084	call	0x14a8ce0
classic	reagent-item-filter-description	0xa285e0	0xa290b4	call	0x6f9a0
classic	reagent-item-filter-description	0xa285e0	0xa290c7	call	0x6f9a0
classic	reagent-item-filter-description	0xa285e0	0xa290e1	jmp	0xa290f0
classic	reagent-item-filter-description	0xa285e0	0xa290f4	call	0x6f9a0
classic	reagent-item-filter-description	0xa285e0	0xa2914d	jmp	0xa2915c
classic	reagent-item-filter-description	0xa285e0	0xa29160	call	0x70760
classic	reagent-item-filter-description	0xa285e0	0xa2917d	call	0x15359e8
classic	reagent-item-filter-description	0xa285e0	0xa291b6	call	0x6f9a0
classic	reagent-item-filter-description	0xa285e0	0xa291f5	call	0x15345f0
classic	reagent-item-filter-description	0xa285e0	0xa29234	call	0x15345f0
classic	reagent-item-filter-description	0xa285e0	0xa29276	call	0x1535d84
classic	reagent-item-filter-description	0xa285e0	0xa2928f	call	0x6f9a0
classic	reagent-item-filter-description	0xa285e0	0xa29294	jmp	0xa294dd
classic	reagent-item-filter-description	0xa285e0	0xa292b5	call	0x1535d84
classic	reagent-item-filter-description	0xa285e0	0xa292cb	call	0x6f9a0
classic	reagent-item-filter-description	0xa285e0	0xa292d0	jmp	0xa294dd
classic	reagent-item-filter-description	0xa285e0	0xa292fa	call	0x1535d84
classic	reagent-item-filter-description	0xa285e0	0xa29313	call	0x6f9a0
classic	reagent-item-filter-description	0xa285e0	0xa29318	jmp	0xa294dd
classic	reagent-item-filter-description	0xa285e0	0xa2933a	call	0x1535d84
classic	reagent-item-filter-description	0xa285e0	0xa29353	call	0x6f9a0
classic	reagent-item-filter-description	0xa285e0	0xa29358	jmp	0xa294dd
classic	reagent-item-filter-description	0xa285e0	0xa29382	call	0x1535d84
classic	reagent-item-filter-description	0xa285e0	0xa2939b	call	0x6f9a0
classic	reagent-item-filter-description	0xa285e0	0xa293a0	jmp	0xa294dd
classic	reagent-item-filter-description	0xa285e0	0xa293c2	call	0x1535d84
classic	reagent-item-filter-description	0xa285e0	0xa293db	call	0x6f9a0
classic	reagent-item-filter-description	0xa285e0	0xa293e0	jmp	0xa294dd
classic	reagent-item-filter-description	0xa285e0	0xa2940a	call	0x1535d84
classic	reagent-item-filter-description	0xa285e0	0xa29423	call	0x6f9a0
classic	reagent-item-filter-description	0xa285e0	0xa29428	jmp	0xa294dd
classic	reagent-item-filter-description	0xa285e0	0xa2944a	call	0x1535d84
classic	reagent-item-filter-description	0xa285e0	0xa29463	call	0x6f9a0
classic	reagent-item-filter-description	0xa285e0	0xa29468	jmp	0xa294dd
classic	reagent-item-filter-description	0xa285e0	0xa29489	call	0x1535d84
classic	reagent-item-filter-description	0xa285e0	0xa294a2	call	0x6f9a0
classic	reagent-item-filter-description	0xa285e0	0xa294a7	jmp	0xa294dd
classic	reagent-item-filter-description	0xa285e0	0xa294b4	call	0x722450
classic	reagent-item-filter-description	0xa285e0	0xa294ce	call	0x6f9a0
classic	reagent-item-filter-description	0xa285e0	0xa294d8	call	0x6f7e0
classic	reagent-item-filter-description	0xa285e0	0xa29510	call	0x1535d84
classic	reagent-item-filter-description	0xa285e0	0xa29529	call	0x6f9a0
classic	reagent-item-filter-description	0xa285e0	0xa2952e	jmp	0xa298e4
classic	reagent-item-filter-description	0xa285e0	0xa2954f	call	0x1535d84
classic	reagent-item-filter-description	0xa285e0	0xa29568	call	0x6f9a0
classic	reagent-item-filter-description	0xa285e0	0xa2956d	jmp	0xa298e4
classic	reagent-item-filter-description	0xa285e0	0xa29597	call	0x1535d84
classic	reagent-item-filter-description	0xa285e0	0xa295b0	call	0x6f9a0
classic	reagent-item-filter-description	0xa285e0	0xa295b5	jmp	0xa298e4
classic	reagent-item-filter-description	0xa285e0	0xa295d7	call	0x1535d84
classic	reagent-item-filter-description	0xa285e0	0xa295f0	call	0x6f9a0
classic	reagent-item-filter-description	0xa285e0	0xa295f5	jmp	0xa298e4
classic	reagent-item-filter-description	0xa285e0	0xa2961f	call	0x1535d84
classic	reagent-item-filter-description	0xa285e0	0xa29638	call	0x6f9a0
classic	reagent-item-filter-description	0xa285e0	0xa2963d	jmp	0xa298e4
classic	reagent-item-filter-description	0xa285e0	0xa2965f	call	0x1535d84
classic	reagent-item-filter-description	0xa285e0	0xa29678	call	0x6f9a0
classic	reagent-item-filter-description	0xa285e0	0xa2967d	jmp	0xa298e4
classic	reagent-item-filter-description	0xa285e0	0xa296a7	call	0x1535d84
classic	reagent-item-filter-description	0xa285e0	0xa296c0	call	0x6f9a0
classic	reagent-item-filter-description	0xa285e0	0xa296c5	jmp	0xa298e4
classic	reagent-item-filter-description	0xa285e0	0xa296e7	call	0x1535d84
classic	reagent-item-filter-description	0xa285e0	0xa29700	call	0x6f9a0
classic	reagent-item-filter-description	0xa285e0	0xa29705	jmp	0xa298e4
classic	reagent-item-filter-description	0xa285e0	0xa2972f	call	0x1535d84
classic	reagent-item-filter-description	0xa285e0	0xa29748	call	0x6f9a0
classic	reagent-item-filter-description	0xa285e0	0xa2974d	jmp	0xa298e4
classic	reagent-item-filter-description	0xa285e0	0xa2976f	call	0x1535d84
classic	reagent-item-filter-description	0xa285e0	0xa29788	call	0x6f9a0
classic	reagent-item-filter-description	0xa285e0	0xa2978d	jmp	0xa298e4
classic	reagent-item-filter-description	0xa285e0	0xa297b7	call	0x1535d84
classic	reagent-item-filter-description	0xa285e0	0xa297d0	call	0x6f9a0
classic	reagent-item-filter-description	0xa285e0	0xa297d5	jmp	0xa298e4
classic	reagent-item-filter-description	0xa285e0	0xa2982a	jmp	0xa29839
classic	reagent-item-filter-description	0xa285e0	0xa2983d	call	0x70760
classic	reagent-item-filter-description	0xa285e0	0xa2985a	call	0x15359e8
classic	reagent-item-filter-description	0xa285e0	0xa298a0	call	0x6f9a0
classic	reagent-item-filter-description	0xa285e0	0xa298df	call	0x15345f0
classic	reagent-item-filter-description	0xa285e0	0xa29955	call	0x6f9a0
classic	reagent-item-filter-description	0xa285e0	0xa2996a	call	0x6f9a0
classic	reagent-item-filter-description	0xa285e0	0xa29973	jmp	0xa29930
classic	reagent-item-filter-description	0xa285e0	0xa299ad	call	0x6f9a0
classic	reagent-item-filter-description	0xa285e0	0xa299d9	call	0x6f9a0
classic	reagent-item-filter-description	0xa285e0	0xa299f0	call	0x6f9a0
classic	reagent-item-filter-description	0xa285e0	0xa299f5	jmp	0xa299fc
classic	reagent-item-filter-description	0xa285e0	0xa29a2d	jmp	0xa29bcb
classic	reagent-item-filter-description	0xa285e0	0xa29a3f	jmp	0xa29bcb
classic	reagent-item-filter-description	0xa285e0	0xa29a51	jmp	0xa29bcb
classic	reagent-item-filter-description	0xa285e0	0xa29a5d	jmp	0xa29bc5
classic	reagent-item-filter-description	0xa285e0	0xa29a6f	jmp	0xa29bcb
classic	reagent-item-filter-description	0xa285e0	0xa29a81	jmp	0xa29bcb
classic	reagent-item-filter-description	0xa285e0	0xa29a93	jmp	0xa29bcb
classic	reagent-item-filter-description	0xa285e0	0xa29aa5	jmp	0xa29bcb
classic	reagent-item-filter-description	0xa285e0	0xa29ab7	jmp	0xa29bcb
classic	reagent-item-filter-description	0xa285e0	0xa29ac9	jmp	0xa29bcb
classic	reagent-item-filter-description	0xa285e0	0xa29adb	jmp	0xa29bcb
classic	reagent-item-filter-description	0xa285e0	0xa29aed	jmp	0xa29bcb
classic	reagent-item-filter-description	0xa285e0	0xa29aff	jmp	0xa29bcb
classic	reagent-item-filter-description	0xa285e0	0xa29b11	jmp	0xa29bcb
classic	reagent-item-filter-description	0xa285e0	0xa29b20	jmp	0xa29bcb
classic	reagent-item-filter-description	0xa285e0	0xa29b32	jmp	0xa29bcb
classic	reagent-item-filter-description	0xa285e0	0xa29b44	jmp	0xa29bcb
classic	reagent-item-filter-description	0xa285e0	0xa29b56	jmp	0xa29bcb
classic	reagent-item-filter-description	0xa285e0	0xa29b65	jmp	0xa29bcb
classic	reagent-item-filter-description	0xa285e0	0xa29b71	jmp	0xa29bcb
classic	reagent-item-filter-description	0xa285e0	0xa29b80	jmp	0xa29bcb
classic	reagent-item-filter-description	0xa285e0	0xa29b8f	jmp	0xa29bcb
classic	reagent-item-filter-description	0xa285e0	0xa29b9e	jmp	0xa29bcb
classic	reagent-item-filter-description	0xa285e0	0xa29bad	jmp	0xa29bcb
classic	reagent-item-filter-description	0xa285e0	0xa29bbc	jmp	0xa29bcb
classic	reagent-item-filter-description	0xa285e0	0xa29bce	call	0x6f860
classic	reagent-item-filter-description	0xa285e0	0xa29bf8	call	0x6f9a0
classic	reagent-item-filter-description	0xa285e0	0xa29c0d	call	0x6f9a0
classic	reagent-item-filter-description	0xa285e0	0xa29c12	jmp	0xa29d14
classic	reagent-item-filter-description	0xa285e0	0xa29c4c	call	0x6f9a0
classic	reagent-item-filter-description	0xa285e0	0xa29cb6	call	0xa7fc90
classic	reagent-item-filter-description	0xa285e0	0xa29cd0	call	0x6f9a0
classic	reagent-item-filter-description	0xa285e0	0xa29d0f	call	0x15345f0
classic	reagent-item-filter-description	0xa285e0	0xa29d2e	call	0x6f9a0
classic	reagent-item-filter-description	0xa285e0	0xa29d3a	call	0x15345d0
classic	reagent-item-filter-description	0xa285e0	0xa29d5a	call	0x65820
classic	reagent-item-filter-description	0xa285e0	0xa29d60	call	0x65820
classic	reagent-item-type-name	0xa7fc90	0xa7fd72	jmp	0xa7fd88
classic	reagent-item-type-name	0xa7fc90	0xa7fd80	jmp	0xa7fd88
classic	reagent-item-type-name	0xa7fc90	0xa7fd98	call	0x135be30
classic	reagent-item-type-name	0xa7fc90	0xa7fdb7	jmp	0xa7fdc9
classic	reagent-item-type-name	0xa7fc90	0xa7fe16	call	0x6f9a0
classic	reagent-item-type-name	0xa7fc90	0xa7fe9e	call	0x14cc890
classic	reagent-item-type-name	0xa7fc90	0xa7febb	call	0x6f9a0
classic	reagent-item-type-name	0xa7fc90	0xa7fecf	call	0xb9b10
classic	reagent-item-type-name	0xa7fc90	0xa7fed4	jmp	0xa7fee0
classic	reagent-item-type-name	0xa7fc90	0xa7fef0	call	0x6f9a0
classic	reagent-item-type-name	0xa7fc90	0xa7fef5	jmp	0xa850eb
classic	reagent-item-type-name	0xa7fc90	0xa7ff2c	call	0x14cc890
classic	reagent-item-type-name	0xa7fc90	0xa7ff49	call	0x6f9a0
classic	reagent-item-type-name	0xa7fc90	0xa7ff53	call	0xb9b10
classic	reagent-item-type-name	0xa7fc90	0xa7ff68	call	0x6f9a0
classic	reagent-item-type-name	0xa7fc90	0xa7ff87	call	0x6f9a0
classic	reagent-item-type-name	0xa7fc90	0xa7ff8c	jmp	0xa850eb
classic	reagent-item-type-name	0xa7fc90	0xa7ffa7	call	0x6f9a0
classic	reagent-item-type-name	0xa7fc90	0xa7ffac	jmp	0xa850eb
classic	reagent-item-type-name	0xa7fc90	0xa7ffc0	call	0x6f4f0
classic	reagent-item-type-name	0xa7fc90	0xa7ffc5	jmp	0xa850eb
classic	reagent-item-type-name	0xa7fc90	0xa7ffd9	call	0x6f4f0
classic	reagent-item-type-name	0xa7fc90	0xa7ffde	jmp	0xa850eb
classic	reagent-item-type-name	0xa7fc90	0xa7fff2	call	0x6f4f0
classic	reagent-item-type-name	0xa7fc90	0xa7fff7	jmp	0xa850eb
classic	reagent-item-type-name	0xa7fc90	0xa80014	call	0x6f4f0
classic	reagent-item-type-name	0xa7fc90	0xa80019	jmp	0xa850eb
classic	reagent-item-type-name	0xa7fc90	0xa80022	call	0x6f620
classic	reagent-item-type-name	0xa7fc90	0xa80032	call	0x6f4f0
classic	reagent-item-type-name	0xa7fc90	0xa8004e	call	0x14cc700
classic	reagent-item-type-name	0xa7fc90	0xa8005a	call	0xb9ca0
classic	reagent-item-type-name	0xa7fc90	0xa80064	call	0x6f7e0
classic	reagent-item-type-name	0xa7fc90	0xa80069	jmp	0xa850eb
classic	reagent-item-type-name	0xa7fc90	0xa800b3	jmp	0xa800b7
classic	reagent-item-type-name	0xa7fc90	0xa800bf	jmp	0xa800ff
classic	reagent-item-type-name	0xa7fc90	0xa800d1	call	0x6f9a0
classic	reagent-item-type-name	0xa7fc90	0xa800d6	jmp	0xa800fc
classic	reagent-item-type-name	0xa7fc90	0xa800e8	call	0x6f9a0
classic	reagent-item-type-name	0xa7fc90	0xa80138	call	0x14cc890
classic	reagent-item-type-name	0xa7fc90	0xa80152	call	0x6f9a0
classic	reagent-item-type-name	0xa7fc90	0xa80161	call	0xb9b10
classic	reagent-item-type-name	0xa7fc90	0xa8019d	call	0x15345f0
classic	reagent-item-type-name	0xa7fc90	0xa801c8	call	0x6f9a0
classic	reagent-item-type-name	0xa7fc90	0xa801e8	call	0x6f860
classic	reagent-item-type-name	0xa7fc90	0xa801ed	jmp	0xa850eb
classic	reagent-item-type-name	0xa7fc90	0xa80200	call	0x6f620
classic	reagent-item-type-name	0xa7fc90	0xa80217	call	0x14cc660
classic	reagent-item-type-name	0xa7fc90	0xa80223	call	0xb9ca0
classic	reagent-item-type-name	0xa7fc90	0xa8022d	call	0x6f7e0
classic	reagent-item-type-name	0xa7fc90	0xa80232	jmp	0xa850eb
classic	reagent-item-type-name	0xa7fc90	0xa80241	call	0x6f4f0
classic	reagent-item-type-name	0xa7fc90	0xa80246	jmp	0xa850eb
classic	reagent-item-type-name	0xa7fc90	0xa80267	call	0x6f4f0
classic	reagent-item-type-name	0xa7fc90	0xa8026c	jmp	0xa850eb
classic	reagent-item-type-name	0xa7fc90	0xa80278	call	0x6f620
classic	reagent-item-type-name	0xa7fc90	0xa802a3	call	0x14cc890
classic	reagent-item-type-name	0xa7fc90	0xa802b2	call	0xb9ca0
classic	reagent-item-type-name	0xa7fc90	0xa802bf	call	0x6f7e0
classic	reagent-item-type-name	0xa7fc90	0xa802c4	jmp	0xa850eb
classic	reagent-item-type-name	0xa7fc90	0xa802e4	call	0x6f620
classic	reagent-item-type-name	0xa7fc90	0xa80314	call	0x14cc890
classic	reagent-item-type-name	0xa7fc90	0xa80323	call	0xb9ca0
classic	reagent-item-type-name	0xa7fc90	0xa80330	call	0x6f7e0
classic	reagent-item-type-name	0xa7fc90	0xa80335	jmp	0xa850eb
classic	reagent-item-type-name	0xa7fc90	0xa80344	call	0x6f4f0
classic	reagent-item-type-name	0xa7fc90	0xa80349	jmp	0xa850eb
classic	reagent-item-type-name	0xa7fc90	0xa8035d	call	0x6f4f0
classic	reagent-item-type-name	0xa7fc90	0xa80362	jmp	0xa850eb
classic	reagent-item-type-name	0xa7fc90	0xa8037c	call	0x6f4f0
classic	reagent-item-type-name	0xa7fc90	0xa80381	jmp	0xa850eb
classic	reagent-item-type-name	0xa7fc90	0xa80395	call	0x6f4f0
classic	reagent-item-type-name	0xa7fc90	0xa803a4	call	0x6f4f0
classic	reagent-item-type-name	0xa7fc90	0xa803a9	jmp	0xa850eb
classic	reagent-item-type-name	0xa7fc90	0xa803b5	call	0x6f620
classic	reagent-item-type-name	0xa7fc90	0xa803e5	call	0x14cc890
classic	reagent-item-type-name	0xa7fc90	0xa803f4	call	0xb9ca0
classic	reagent-item-type-name	0xa7fc90	0xa80401	call	0x6f7e0
classic	reagent-item-type-name	0xa7fc90	0xa8043e	jmp	0xa80442
classic	reagent-item-type-name	0xa7fc90	0xa80454	call	0x6f4f0
classic	reagent-item-type-name	0xa7fc90	0xa80459	jmp	0xa850eb
classic	reagent-item-type-name	0xa7fc90	0xa8050a	call	0x14dce30
classic	reagent-item-type-name	0xa7fc90	0xa80528	call	0x6f9a0
classic	reagent-item-type-name	0xa7fc90	0xa8052d	jmp	0xa805f5
classic	reagent-item-type-name	0xa7fc90	0xa80542	call	0x6f4f0
classic	reagent-item-type-name	0xa7fc90	0xa80547	jmp	0xa805f5
classic	reagent-item-type-name	0xa7fc90	0xa8055b	call	0x6f4f0
classic	reagent-item-type-name	0xa7fc90	0xa80560	jmp	0xa805f5
classic	reagent-item-type-name	0xa7fc90	0xa80574	call	0x6f4f0
classic	reagent-item-type-name	0xa7fc90	0xa80579	jmp	0xa805f5
classic	reagent-item-type-name	0xa7fc90	0xa8058a	call	0x6f4f0
classic	reagent-item-type-name	0xa7fc90	0xa8058f	jmp	0xa805f5
classic	reagent-item-type-name	0xa7fc90	0xa805a5	call	0x6f4f0
classic	reagent-item-type-name	0xa7fc90	0xa805aa	jmp	0xa805f5
classic	reagent-item-type-name	0xa7fc90	0xa805b3	call	0x6f620
classic	reagent-item-type-name	0xa7fc90	0xa805d3	call	0x14cc700
classic	reagent-item-type-name	0xa7fc90	0xa805e2	call	0xb9ca0
classic	reagent-item-type-name	0xa7fc90	0xa805ef	call	0x6f7e0
classic	reagent-item-type-name	0xa7fc90	0xa8062b	call	0x15345f0
classic	reagent-item-type-name	0xa7fc90	0xa80640	jmp	0xa850eb
classic	reagent-item-type-name	0xa7fc90	0xa80677	call	0x14cc890
classic	reagent-item-type-name	0xa7fc90	0xa80694	call	0x6f9a0
classic	reagent-item-type-name	0xa7fc90	0xa8069e	call	0xb9b10
classic	reagent-item-type-name	0xa7fc90	0xa806b0	call	0x14a8ce0
classic	reagent-item-type-name	0xa7fc90	0xa806ce	call	0xb9ca0
classic	reagent-item-type-name	0xa7fc90	0xa806d3	jmp	0xa850eb
classic	reagent-item-type-name	0xa7fc90	0xa806df	call	0x6f4f0
classic	reagent-item-type-name	0xa7fc90	0xa806e4	jmp	0xa850eb
classic	reagent-item-type-name	0xa7fc90	0xa806f6	call	0x6f9a0
classic	reagent-item-type-name	0xa7fc90	0xa806fb	jmp	0xa850eb
classic	reagent-item-type-name	0xa7fc90	0xa80732	call	0x14cc890
classic	reagent-item-type-name	0xa7fc90	0xa8074f	call	0x6f9a0
classic	reagent-item-type-name	0xa7fc90	0xa80759	call	0xb9b10
classic	reagent-item-type-name	0xa7fc90	0xa8076b	call	0x14a8ce0
classic	reagent-item-type-name	0xa7fc90	0xa8078d	jmp	0xa80791
classic	reagent-item-type-name	0xa7fc90	0xa807b1	jmp	0xa850d3
classic	reagent-item-type-name	0xa7fc90	0xa807e8	call	0x14cc890
classic	reagent-item-type-name	0xa7fc90	0xa80805	call	0x6f9a0
classic	reagent-item-type-name	0xa7fc90	0xa8080f	call	0xb9b10
classic	reagent-item-type-name	0xa7fc90	0xa80821	jmp	0xa850d3
classic	reagent-item-type-name	0xa7fc90	0xa80858	call	0x14cc890
classic	reagent-item-type-name	0xa7fc90	0xa80875	call	0x6f9a0
classic	reagent-item-type-name	0xa7fc90	0xa8087f	call	0xb9b10
classic	reagent-item-type-name	0xa7fc90	0xa80891	jmp	0xa850d3
classic	reagent-item-type-name	0xa7fc90	0xa808c8	call	0x14cc890
classic	reagent-item-type-name	0xa7fc90	0xa808e5	call	0x6f9a0
classic	reagent-item-type-name	0xa7fc90	0xa808ef	call	0xb9b10
classic	reagent-item-type-name	0xa7fc90	0xa80901	jmp	0xa850d3
classic	reagent-item-type-name	0xa7fc90	0xa80938	call	0x14cc890
classic	reagent-item-type-name	0xa7fc90	0xa80955	call	0x6f9a0
classic	reagent-item-type-name	0xa7fc90	0xa8095f	call	0xb9b10
classic	reagent-item-type-name	0xa7fc90	0xa80971	jmp	0xa850d3
classic	reagent-item-type-name	0xa7fc90	0xa809a8	call	0x14cc890
classic	reagent-item-type-name	0xa7fc90	0xa809c5	call	0x6f9a0
classic	reagent-item-type-name	0xa7fc90	0xa809cf	call	0xb9b10
classic	reagent-item-type-name	0xa7fc90	0xa809e1	jmp	0xa850d3
classic	reagent-item-type-name	0xa7fc90	0xa80a18	call	0x14cc890
classic	reagent-item-type-name	0xa7fc90	0xa80a35	call	0x6f9a0
classic	reagent-item-type-name	0xa7fc90	0xa80a3f	call	0xb9b10
classic	reagent-item-type-name	0xa7fc90	0xa80a51	jmp	0xa850d3
classic	reagent-item-type-name	0xa7fc90	0xa80a88	call	0x14cc890
classic	reagent-item-type-name	0xa7fc90	0xa80aa5	call	0x6f9a0
classic	reagent-item-type-name	0xa7fc90	0xa80aaf	call	0xb9b10
classic	reagent-item-type-name	0xa7fc90	0xa80ac1	jmp	0xa850d3
classic	reagent-item-type-name	0xa7fc90	0xa80af8	call	0x14cc890
classic	reagent-item-type-name	0xa7fc90	0xa80b15	call	0x6f9a0
classic	reagent-item-type-name	0xa7fc90	0xa80b1f	call	0xb9b10
classic	reagent-item-type-name	0xa7fc90	0xa80b31	jmp	0xa850d3
classic	reagent-item-type-name	0xa7fc90	0xa80b68	call	0x14cc890
classic	reagent-item-type-name	0xa7fc90	0xa80b85	call	0x6f9a0
classic	reagent-item-type-name	0xa7fc90	0xa80b8f	call	0xb9b10
classic	reagent-item-type-name	0xa7fc90	0xa80ba1	call	0x14a8ce0
classic	reagent-item-type-name	0xa7fc90	0xa80bc3	jmp	0xa80bc7
classic	reagent-item-type-name	0xa7fc90	0xa80bdb	call	0x6f9a0
classic	reagent-item-type-name	0xa7fc90	0xa80bf1	jmp	0xa80c4a
classic	reagent-item-type-name	0xa7fc90	0xa80c0a	call	0x1456e50
classic	reagent-item-type-name	0xa7fc90	0xa80c1a	jmp	0xa80c29
classic	reagent-item-type-name	0xa7fc90	0xa80c2c	call	0x6f4f0
classic	reagent-item-type-name	0xa7fc90	0xa80c3b	jmp	0xa80c52
classic	reagent-item-type-name	0xa7fc90	0xa80c4d	call	0x6f4f0
classic	reagent-item-type-name	0xa7fc90	0xa80c62	call	0x6f9a0
classic	reagent-item-type-name	0xa7fc90	0xa80c67	jmp	0xa850eb
classic	reagent-item-type-name	0xa7fc90	0xa80c76	call	0x6f4f0
classic	reagent-item-type-name	0xa7fc90	0xa80c7b	jmp	0xa85127
classic	reagent-item-type-name	0xa7fc90	0xa80cb2	call	0x14cc890
classic	reagent-item-type-name	0xa7fc90	0xa80ccf	call	0x6f9a0
classic	reagent-item-type-name	0xa7fc90	0xa80cd9	call	0xb9b10
classic	reagent-item-type-name	0xa7fc90	0xa80ceb	jmp	0xa850d3
classic	reagent-item-type-name	0xa7fc90	0xa80d09	call	0x6f9a0
classic	reagent-item-type-name	0xa7fc90	0xa80d13	call	0xb9b10
classic	reagent-item-type-name	0xa7fc90	0xa80d4d	call	0x14cc890
classic	reagent-item-type-name	0xa7fc90	0xa80d6a	call	0x6f9a0
classic	reagent-item-type-name	0xa7fc90	0xa80d74	call	0xb9b10
classic	reagent-item-type-name	0xa7fc90	0xa80d86	jmp	0xa850d3
classic	reagent-item-type-name	0xa7fc90	0xa80dfc	call	0xb9ca0
classic	reagent-item-type-name	0xa7fc90	0xa80e10	call	0xb9b10
classic	reagent-item-type-name	0xa7fc90	0xa80e1f	call	0xb9ca0
classic	reagent-item-type-name	0xa7fc90	0xa80e37	call	0xb9b10
classic	reagent-item-type-name	0xa7fc90	0xa80e43	jmp	0xa850cd
classic	reagent-item-type-name	0xa7fc90	0xa80e52	call	0x6f4f0
classic	reagent-item-type-name	0xa7fc90	0xa80e5e	jmp	0xa850cd
classic	reagent-item-type-name	0xa7fc90	0xa80e95	call	0x14cc890
classic	reagent-item-type-name	0xa7fc90	0xa80ea2	call	0xb9ca0
classic	reagent-item-type-name	0xa7fc90	0xa80eac	call	0xb9b10
classic	reagent-item-type-name	0xa7fc90	0xa80ec1	call	0x6f9a0
classic	reagent-item-type-name	0xa7fc90	0xa80ecd	jmp	0xa850cd
classic	reagent-item-type-name	0xa7fc90	0xa80f04	call	0x14cc890
classic	reagent-item-type-name	0xa7fc90	0xa80f21	call	0x6f9a0
classic	reagent-item-type-name	0xa7fc90	0xa80f2b	call	0xb9b10
classic	reagent-item-type-name	0xa7fc90	0xa80f3d	jmp	0xa850d3
classic	reagent-item-type-name	0xa7fc90	0xa80f74	call	0x14cc890
classic	reagent-item-type-name	0xa7fc90	0xa80f91	call	0x6f9a0
classic	reagent-item-type-name	0xa7fc90	0xa80f9b	call	0xb9b10
classic	reagent-item-type-name	0xa7fc90	0xa80fa7	jmp	0xa7ff5f
classic	reagent-item-type-name	0xa7fc90	0xa80fc5	call	0x6f9a0
classic	reagent-item-type-name	0xa7fc90	0xa80fcf	call	0xb9b10
classic	reagent-item-type-name	0xa7fc90	0xa81009	call	0x14cc890
classic	reagent-item-type-name	0xa7fc90	0xa81026	call	0x6f9a0
classic	reagent-item-type-name	0xa7fc90	0xa81030	call	0xb9b10
classic	reagent-item-type-name	0xa7fc90	0xa81042	jmp	0xa850d3
classic	reagent-item-type-name	0xa7fc90	0xa81079	call	0x14cc890
classic	reagent-item-type-name	0xa7fc90	0xa81096	call	0x6f9a0
classic	reagent-item-type-name	0xa7fc90	0xa810a0	call	0xb9b10
classic	reagent-item-type-name	0xa7fc90	0xa810c4	call	0x6f4f0
classic	reagent-item-type-name	0xa7fc90	0xa810c9	jmp	0xa850db
classic	reagent-item-type-name	0xa7fc90	0xa810db	call	0x14a8ce0
classic	reagent-item-type-name	0xa7fc90	0xa810fd	jmp	0xa81101
classic	reagent-item-type-name	0xa7fc90	0xa8110f	call	0x6f4f0
classic	reagent-item-type-name	0xa7fc90	0xa8112d	call	0x6f4f0
classic	reagent-item-type-name	0xa7fc90	0xa81132	jmp	0xa850eb
classic	reagent-item-type-name	0xa7fc90	0xa81141	call	0x6f4f0
classic	reagent-item-type-name	0xa7fc90	0xa81146	jmp	0xa850db
classic	reagent-item-type-name	0xa7fc90	0xa81180	call	0x14cc890
classic	reagent-item-type-name	0xa7fc90	0xa8119d	call	0x6f9a0
classic	reagent-item-type-name	0xa7fc90	0xa811a7	call	0xb9b10
classic	reagent-item-type-name	0xa7fc90	0xa811b9	call	0x14a8ce0
classic	reagent-item-type-name	0xa7fc90	0xa811db	jmp	0xa811df
classic	reagent-item-type-name	0xa7fc90	0xa81200	call	0x1456e50
classic	reagent-item-type-name	0xa7fc90	0xa81222	call	0x1456e50
classic	reagent-item-type-name	0xa7fc90	0xa81244	call	0x1456e50
classic	reagent-item-type-name	0xa7fc90	0xa8125e	call	0x6f4f0
classic	reagent-item-type-name	0xa7fc90	0xa81263	jmp	0xa850db
classic	reagent-item-type-name	0xa7fc90	0xa8126f	jmp	0xa850cd
classic	reagent-item-type-name	0xa7fc90	0xa812a9	call	0x14cc890
classic	reagent-item-type-name	0xa7fc90	0xa812c6	call	0x6f9a0
classic	reagent-item-type-name	0xa7fc90	0xa812d0	call	0xb9b10
classic	reagent-item-type-name	0xa7fc90	0xa812e2	call	0x14a8ce0
classic	reagent-item-type-name	0xa7fc90	0xa81304	jmp	0xa81308
classic	reagent-item-type-name	0xa7fc90	0xa8132d	call	0x1456e50
classic	reagent-item-type-name	0xa7fc90	0xa81357	call	0x1456e50
classic	reagent-item-type-name	0xa7fc90	0xa81379	call	0x1456e50
classic	reagent-item-type-name	0xa7fc90	0xa8139c	call	0x1456e50
classic	reagent-item-type-name	0xa7fc90	0xa813af	call	0x6f4f0
classic	reagent-item-type-name	0xa7fc90	0xa813b4	jmp	0xa850db
classic	reagent-item-type-name	0xa7fc90	0xa813c0	call	0x6f4f0
classic	reagent-item-type-name	0xa7fc90	0xa813c5	jmp	0xa850db
classic	reagent-item-type-name	0xa7fc90	0xa813d7	jmp	0xa850d3
classic	reagent-item-type-name	0xa7fc90	0xa8140e	call	0x14cc890
classic	reagent-item-type-name	0xa7fc90	0xa8142b	call	0x6f9a0
classic	reagent-item-type-name	0xa7fc90	0xa81435	call	0xb9b10
classic	reagent-item-type-name	0xa7fc90	0xa81480	jmp	0xa850d3
classic	reagent-item-type-name	0xa7fc90	0xa814a8	call	0xb9ca0
classic	reagent-item-type-name	0xa7fc90	0xa814ad	jmp	0xa850eb
classic	reagent-item-type-name	0xa7fc90	0xa81511	call	0xeb0b0
classic	reagent-item-type-name	0xa7fc90	0xa8152e	call	0x1456e50
classic	reagent-item-type-name	0xa7fc90	0xa81541	call	0x72670
classic	reagent-item-type-name	0xa7fc90	0xa81565	call	0x6f4f0
classic	reagent-item-type-name	0xa7fc90	0xa8158e	call	0x14cc890
classic	reagent-item-type-name	0xa7fc90	0xa815ab	call	0x6f9a0
classic	reagent-item-type-name	0xa7fc90	0xa815b5	call	0xb9b10
classic	reagent-item-type-name	0xa7fc90	0xa8165e	call	0xb9ca0
classic	reagent-item-type-name	0xa7fc90	0xa81668	call	0xb9b10
classic	reagent-item-type-name	0xa7fc90	0xa81689	call	0xb9ca0
classic	reagent-item-type-name	0xa7fc90	0xa8168e	jmp	0xa850eb
classic	reagent-item-type-name	0xa7fc90	0xa816be	call	0xb9ca0
classic	reagent-item-type-name	0xa7fc90	0xa816cd	call	0x6f4f0
classic	reagent-item-type-name	0xa7fc90	0xa816d2	jmp	0xa814ea
classic	reagent-item-type-name	0xa7fc90	0xa816e4	jmp	0xa850d6
classic	reagent-item-type-name	0xa7fc90	0xa8171b	call	0x14cc890
classic	reagent-item-type-name	0xa7fc90	0xa81738	call	0x6f9a0
classic	reagent-item-type-name	0xa7fc90	0xa81742	call	0xb9b10
classic	reagent-item-type-name	0xa7fc90	0xa81784	jmp	0xa850d3
classic	reagent-item-type-name	0xa7fc90	0xa817ac	call	0xb9ca0
classic	reagent-item-type-name	0xa7fc90	0xa817b1	jmp	0xa850eb
classic	reagent-item-type-name	0xa7fc90	0xa817ec	call	0x14cc890
classic	reagent-item-type-name	0xa7fc90	0xa81809	call	0x6f9a0
classic	reagent-item-type-name	0xa7fc90	0xa81813	call	0xb9b10
classic	reagent-item-type-name	0xa7fc90	0xa81837	call	0x6f4f0
classic	reagent-item-type-name	0xa7fc90	0xa8183c	jmp	0xa850db
classic	reagent-item-type-name	0xa7fc90	0xa81858	call	0x1456e50
classic	reagent-item-type-name	0xa7fc90	0xa8186b	call	0x6f4f0
classic	reagent-item-type-name	0xa7fc90	0xa81870	jmp	0xa850db
classic	reagent-item-type-name	0xa7fc90	0xa81882	jmp	0xa850d3
classic	reagent-item-type-name	0xa7fc90	0xa818b9	call	0x14cc890
classic	reagent-item-type-name	0xa7fc90	0xa818d6	call	0x6f9a0
classic	reagent-item-type-name	0xa7fc90	0xa818e0	call	0xb9b10
classic	reagent-item-type-name	0xa7fc90	0xa818f2	jmp	0xa850d3
classic	reagent-item-type-name	0xa7fc90	0xa81929	call	0x14cc890
classic	reagent-item-type-name	0xa7fc90	0xa81946	call	0x6f9a0
classic	reagent-item-type-name	0xa7fc90	0xa81950	call	0xb9b10
classic	reagent-item-type-name	0xa7fc90	0xa81962	call	0x14a8ce0
classic	reagent-item-type-name	0xa7fc90	0xa81984	jmp	0xa81988
classic	reagent-item-type-name	0xa7fc90	0xa819ac	jmp	0xa850d3
classic	reagent-item-type-name	0xa7fc90	0xa819e3	call	0x14cc890
classic	reagent-item-type-name	0xa7fc90	0xa81a00	call	0x6f9a0
classic	reagent-item-type-name	0xa7fc90	0xa81a0a	call	0xb9b10
classic	reagent-item-type-name	0xa7fc90	0xa81a1c	jmp	0xa850d3
classic	reagent-item-type-name	0xa7fc90	0xa81a53	call	0x14cc890
classic	reagent-item-type-name	0xa7fc90	0xa81a70	call	0x6f9a0
classic	reagent-item-type-name	0xa7fc90	0xa81a7a	call	0xb9b10
classic	reagent-item-type-name	0xa7fc90	0xa81a8c	jmp	0xa850d3
classic	reagent-item-type-name	0xa7fc90	0xa81ac3	call	0x14cc890
classic	reagent-item-type-name	0xa7fc90	0xa81ae0	call	0x6f9a0
classic	reagent-item-type-name	0xa7fc90	0xa81aea	call	0xb9b10
classic	reagent-item-type-name	0xa7fc90	0xa81afc	jmp	0xa850d3
classic	reagent-item-type-name	0xa7fc90	0xa81b33	call	0x14cc890
classic	reagent-item-type-name	0xa7fc90	0xa81b50	call	0x6f9a0
classic	reagent-item-type-name	0xa7fc90	0xa81b5a	call	0xb9b10
classic	reagent-item-type-name	0xa7fc90	0xa81b7b	call	0x6f4f0
classic	reagent-item-type-name	0xa7fc90	0xa81b80	jmp	0xa850db
classic	reagent-item-type-name	0xa7fc90	0xa81b92	jmp	0xa850d3
classic	reagent-item-type-name	0xa7fc90	0xa81bcc	call	0x14cc890
classic	reagent-item-type-name	0xa7fc90	0xa81be9	call	0x6f9a0
classic	reagent-item-type-name	0xa7fc90	0xa81bf3	call	0xb9b10
classic	reagent-item-type-name	0xa7fc90	0xa81c05	call	0x14a8ce0
classic	reagent-item-type-name	0xa7fc90	0xa81c27	jmp	0xa81c2b
classic	reagent-item-type-name	0xa7fc90	0xa81c4b	call	0x6f4f0
classic	reagent-item-type-name	0xa7fc90	0xa81c50	jmp	0xa850db
classic	reagent-item-type-name	0xa7fc90	0xa81c62	call	0x14a8ce0
classic	reagent-item-type-name	0xa7fc90	0xa81c84	jmp	0xa81c88
classic	reagent-item-type-name	0xa7fc90	0xa81c96	call	0x6f4f0
classic	reagent-item-type-name	0xa7fc90	0xa81c9b	jmp	0xa850eb
classic	reagent-item-type-name	0xa7fc90	0xa81cb3	call	0x1456e50
classic	reagent-item-type-name	0xa7fc90	0xa81cc6	call	0x6f4f0
classic	reagent-item-type-name	0xa7fc90	0xa81ccb	jmp	0xa850eb
classic	reagent-item-type-name	0xa7fc90	0xa81cd7	call	0x6f4f0
classic	reagent-item-type-name	0xa7fc90	0xa81cdc	jmp	0xa850eb
classic	reagent-item-type-name	0xa7fc90	0xa81d13	call	0x14cc890
classic	reagent-item-type-name	0xa7fc90	0xa81d30	call	0x6f9a0
classic	reagent-item-type-name	0xa7fc90	0xa81d3a	call	0xb9b10
classic	reagent-item-type-name	0xa7fc90	0xa81d4f	call	0x6f9a0
classic	reagent-item-type-name	0xa7fc90	0xa81d54	jmp	0xa850eb
classic	reagent-item-type-name	0xa7fc90	0xa81de3	jmp	0xa81dfa
classic	reagent-item-type-name	0xa7fc90	0xa81de8	jmp	0xa81dcd
classic	reagent-item-type-name	0xa7fc90	0xa81df4	jmp	0xa81dfa
classic	reagent-item-type-name	0xa7fc90	0xa81e1d	call	0x14cc890
classic	reagent-item-type-name	0xa7fc90	0xa81e3a	call	0x6f9a0
classic	reagent-item-type-name	0xa7fc90	0xa81e44	call	0xb9b10
classic	reagent-item-type-name	0xa7fc90	0xa81e59	call	0x6f9a0
classic	reagent-item-type-name	0xa7fc90	0xa81e5e	jmp	0xa850eb
classic	reagent-item-type-name	0xa7fc90	0xa81e7c	call	0x6f4f0
classic	reagent-item-type-name	0xa7fc90	0xa81e81	jmp	0xa850db
classic	reagent-item-type-name	0xa7fc90	0xa81ea8	call	0x14cc890
classic	reagent-item-type-name	0xa7fc90	0xa81ec5	call	0x6f9a0
classic	reagent-item-type-name	0xa7fc90	0xa81eca	jmp	0xa850eb
classic	reagent-item-type-name	0xa7fc90	0xa81edc	jmp	0xa850d3
classic	reagent-item-type-name	0xa7fc90	0xa81f19	call	0x14cc890
classic	reagent-item-type-name	0xa7fc90	0xa81f36	call	0x6f9a0
classic	reagent-item-type-name	0xa7fc90	0xa81f48	call	0x6f9a0
classic	reagent-item-type-name	0xa7fc90	0xa81f72	call	0x6f9a0
classic	reagent-item-type-name	0xa7fc90	0xa81f77	jmp	0xa850eb
classic	reagent-item-type-name	0xa7fc90	0xa81fae	call	0x14cc890
classic	reagent-item-type-name	0xa7fc90	0xa81fcb	call	0x6f9a0
classic	reagent-item-type-name	0xa7fc90	0xa81fd5	call	0xb9b10
classic	reagent-item-type-name	0xa7fc90	0xa81fe7	jmp	0xa850d3
classic	reagent-item-type-name	0xa7fc90	0xa82008	call	0x6f9a0
classic	reagent-item-type-name	0xa7fc90	0xa8202d	call	0x6f4f0
classic	reagent-item-type-name	0xa7fc90	0xa82032	jmp	0xa850db
classic	reagent-item-type-name	0xa7fc90	0xa82042	jmp	0xa81e91
classic	reagent-item-type-name	0xa7fc90	0xa82070	call	0x6f9a0
classic	reagent-item-type-name	0xa7fc90	0xa821ae	call	0x1456eb0
classic	reagent-item-type-name	0xa7fc90	0xa821d0	jmp	0xa8211b
classic	reagent-item-type-name	0xa7fc90	0xa821e0	jmp	0xa821fa
classic	reagent-item-type-name	0xa7fc90	0xa821ed	jmp	0xa821fa
classic	reagent-item-type-name	0xa7fc90	0xa82255	call	0x6f9a0
classic	reagent-item-type-name	0xa7fc90	0xa8226e	call	0x6f9a0
classic	reagent-item-type-name	0xa7fc90	0xa8228d	call	0x6f9a0
classic	reagent-item-type-name	0xa7fc90	0xa822a9	call	0x6f9a0
classic	reagent-item-type-name	0xa7fc90	0xa822c2	call	0x6f9a0
classic	reagent-item-type-name	0xa7fc90	0xa822de	call	0x6f9a0
classic	reagent-item-type-name	0xa7fc90	0xa822fa	call	0x6f9a0
classic	reagent-item-type-name	0xa7fc90	0xa82313	call	0x6f9a0
classic	reagent-item-type-name	0xa7fc90	0xa8232c	call	0x6f9a0
classic	reagent-item-type-name	0xa7fc90	0xa82345	call	0x6f9a0
classic	reagent-item-type-name	0xa7fc90	0xa82384	call	0x6f4f0
classic	reagent-item-type-name	0xa7fc90	0xa82389	jmp	0xa825f5
classic	reagent-item-type-name	0xa7fc90	0xa82399	jmp	0xa821fa
classic	reagent-item-type-name	0xa7fc90	0xa823a9	jmp	0xa821fa
classic	reagent-item-type-name	0xa7fc90	0xa823b9	jmp	0xa821fa
classic	reagent-item-type-name	0xa7fc90	0xa823c9	jmp	0xa821fa
classic	reagent-item-type-name	0xa7fc90	0xa823d6	jmp	0xa821fa
classic	reagent-item-type-name	0xa7fc90	0xa823e5	jmp	0xa821fa
classic	reagent-item-type-name	0xa7fc90	0xa823f6	jmp	0xa821fa
classic	reagent-item-type-name	0xa7fc90	0xa82400	jmp	0xa821fa
classic	reagent-item-type-name	0xa7fc90	0xa8240a	jmp	0xa821fa
classic	reagent-item-type-name	0xa7fc90	0xa8248d	call	0x6f620
classic	reagent-item-type-name	0xa7fc90	0xa824a6	call	0xaa0c50
classic	reagent-item-type-name	0xa7fc90	0xa824b7	call	0x6f530
classic	reagent-item-type-name	0xa7fc90	0xa824c8	call	0x6f4f0
classic	reagent-item-type-name	0xa7fc90	0xa824d5	call	0x6f7e0
classic	reagent-item-type-name	0xa7fc90	0xa824da	jmp	0xa825d8
classic	reagent-item-type-name	0xa7fc90	0xa824f0	jmp	0xa825c0
classic	reagent-item-type-name	0xa7fc90	0xa8251b	call	0x6f4f0
classic	reagent-item-type-name	0xa7fc90	0xa82520	jmp	0xa825f5
classic	reagent-item-type-name	0xa7fc90	0xa82592	jmp	0xa825b0
classic	reagent-item-type-name	0xa7fc90	0xa82596	jmp	0xa8257c
classic	reagent-item-type-name	0xa7fc90	0xa825a2	jmp	0xa825b0
classic	reagent-item-type-name	0xa7fc90	0xa825a8	jmp	0xa825b0
classic	reagent-item-type-name	0xa7fc90	0xa825d3	call	0x14cc890
classic	reagent-item-type-name	0xa7fc90	0xa825f0	call	0x6f9a0
classic	reagent-item-type-name	0xa7fc90	0xa826f2	call	0x1456eb0
classic	reagent-item-type-name	0xa7fc90	0xa8271c	call	0x6f4f0
classic	reagent-item-type-name	0xa7fc90	0xa8272b	call	0x6f620
classic	reagent-item-type-name	0xa7fc90	0xa8276b	call	0x14cc890
classic	reagent-item-type-name	0xa7fc90	0xa8277a	call	0xb9ca0
classic	reagent-item-type-name	0xa7fc90	0xa8278d	jmp	0xa8279d
classic	reagent-item-type-name	0xa7fc90	0xa827a0	call	0x6f4f0
classic	reagent-item-type-name	0xa7fc90	0xa827b0	call	0x6f7e0
classic	reagent-item-type-name	0xa7fc90	0xa827e4	jmp	0xa850eb
classic	reagent-item-type-name	0xa7fc90	0xa82805	call	0x6f9a0
classic	reagent-item-type-name	0xa7fc90	0xa82893	call	0xb9ca0
classic	reagent-item-type-name	0xa7fc90	0xa828a2	call	0x6f4f0
classic	reagent-item-type-name	0xa7fc90	0xa828a7	jmp	0xa850eb
classic	reagent-item-type-name	0xa7fc90	0xa828c6	call	0x6f4f0
classic	reagent-item-type-name	0xa7fc90	0xa828cb	jmp	0xa850eb
classic	reagent-item-type-name	0xa7fc90	0xa828f3	call	0x14cc890
classic	reagent-item-type-name	0xa7fc90	0xa82900	call	0xb9ca0
classic	reagent-item-type-name	0xa7fc90	0xa82905	jmp	0xa850eb
classic	reagent-item-type-name	0xa7fc90	0xa82920	call	0x6f4f0
classic	reagent-item-type-name	0xa7fc90	0xa82942	call	0x6f4f0
classic	reagent-item-type-name	0xa7fc90	0xa82947	jmp	0xa850eb
classic	reagent-item-type-name	0xa7fc90	0xa82957	jmp	0xa81e91
classic	reagent-item-type-name	0xa7fc90	0xa8298e	call	0x14cc890
classic	reagent-item-type-name	0xa7fc90	0xa829ab	call	0x6f9a0
classic	reagent-item-type-name	0xa7fc90	0xa829b5	call	0xb9b10
classic	reagent-item-type-name	0xa7fc90	0xa829ca	call	0x6f9a0
classic	reagent-item-type-name	0xa7fc90	0xa829cf	jmp	0xa850eb
classic	reagent-item-type-name	0xa7fc90	0xa82a06	call	0x14cc890
classic	reagent-item-type-name	0xa7fc90	0xa82a23	call	0x6f9a0
classic	reagent-item-type-name	0xa7fc90	0xa82a2d	call	0xb9b10
classic	reagent-item-type-name	0xa7fc90	0xa82a42	call	0x6f9a0
classic	reagent-item-type-name	0xa7fc90	0xa82a47	jmp	0xa850eb
classic	reagent-item-type-name	0xa7fc90	0xa82a7e	call	0x14cc890
classic	reagent-item-type-name	0xa7fc90	0xa82a9b	call	0x6f9a0
classic	reagent-item-type-name	0xa7fc90	0xa82aa5	call	0xb9b10
classic	reagent-item-type-name	0xa7fc90	0xa82aba	call	0x6f9a0
classic	reagent-item-type-name	0xa7fc90	0xa82abf	jmp	0xa850eb
classic	reagent-item-type-name	0xa7fc90	0xa82af6	call	0x14cc890
classic	reagent-item-type-name	0xa7fc90	0xa82b13	call	0x6f9a0
classic	reagent-item-type-name	0xa7fc90	0xa82b1d	call	0xb9b10
classic	reagent-item-type-name	0xa7fc90	0xa82b2f	call	0x14a8ce0
classic	reagent-item-type-name	0xa7fc90	0xa82b51	jmp	0xa82b55
classic	reagent-item-type-name	0xa7fc90	0xa82b69	call	0x6f9a0
classic	reagent-item-type-name	0xa7fc90	0xa82b6e	jmp	0xa850eb
classic	reagent-item-type-name	0xa7fc90	0xa82b83	call	0x6f9a0
classic	reagent-item-type-name	0xa7fc90	0xa82b88	jmp	0xa850eb
classic	reagent-item-type-name	0xa7fc90	0xa82bf5	call	0x14cc890
classic	reagent-item-type-name	0xa7fc90	0xa82c02	call	0xb9ca0
classic	reagent-item-type-name	0xa7fc90	0xa82c0c	call	0xb9b10
classic	reagent-item-type-name	0xa7fc90	0xa82c1e	jmp	0xa850d3
classic	reagent-item-type-name	0xa7fc90	0xa82c43	call	0xb9ca0
classic	reagent-item-type-name	0xa7fc90	0xa82c52	call	0x6f4f0
classic	reagent-item-type-name	0xa7fc90	0xa82c8c	call	0x14cc890
classic	reagent-item-type-name	0xa7fc90	0xa82c99	call	0xb9ca0
classic	reagent-item-type-name	0xa7fc90	0xa82ca3	call	0xb9b10
classic	reagent-item-type-name	0xa7fc90	0xa82cbc	call	0xb9ca0
classic	reagent-item-type-name	0xa7fc90	0xa82cc1	jmp	0xa850eb
classic	reagent-item-type-name	0xa7fc90	0xa82cf8	call	0x14cc890
classic	reagent-item-type-name	0xa7fc90	0xa82d15	call	0x6f9a0
classic	reagent-item-type-name	0xa7fc90	0xa82d1f	call	0xb9b10
classic	reagent-item-type-name	0xa7fc90	0xa82d34	call	0x6f9a0
classic	reagent-item-type-name	0xa7fc90	0xa82d39	jmp	0xa850eb
classic	reagent-item-type-name	0xa7fc90	0xa82d70	call	0x14cc890
classic	reagent-item-type-name	0xa7fc90	0xa82d8d	call	0x6f9a0
classic	reagent-item-type-name	0xa7fc90	0xa82d97	call	0xb9b10
classic	reagent-item-type-name	0xa7fc90	0xa82da9	jmp	0xa850d3
classic	reagent-item-type-name	0xa7fc90	0xa82de0	call	0x14cc890
classic	reagent-item-type-name	0xa7fc90	0xa82dfd	call	0x6f9a0
classic	reagent-item-type-name	0xa7fc90	0xa82e07	call	0xb9b10
classic	reagent-item-type-name	0xa7fc90	0xa82e19	jmp	0xa850d3
classic	reagent-item-type-name	0xa7fc90	0xa82e50	call	0x14cc890
classic	reagent-item-type-name	0xa7fc90	0xa82e6d	call	0x6f9a0
classic	reagent-item-type-name	0xa7fc90	0xa82e77	call	0xb9b10
classic	reagent-item-type-name	0xa7fc90	0xa82e89	jmp	0xa850d3
classic	reagent-item-type-name	0xa7fc90	0xa82ec0	call	0x14cc890
classic	reagent-item-type-name	0xa7fc90	0xa82edd	call	0x6f9a0
classic	reagent-item-type-name	0xa7fc90	0xa82ee7	call	0xb9b10
classic	reagent-item-type-name	0xa7fc90	0xa82f33	call	0x6f9a0
classic	reagent-item-type-name	0xa7fc90	0xa82f38	jmp	0xa850eb
classic	reagent-item-type-name	0xa7fc90	0xa82f60	call	0xb9ca0
classic	reagent-item-type-name	0xa7fc90	0xa82f65	jmp	0xa850eb
classic	reagent-item-type-name	0xa7fc90	0xa82fdc	call	0x14cc890
classic	reagent-item-type-name	0xa7fc90	0xa82ff9	call	0x6f9a0
classic	reagent-item-type-name	0xa7fc90	0xa83003	call	0xb9b10
classic	reagent-item-type-name	0xa7fc90	0xa83021	call	0xb9ca0
classic	reagent-item-type-name	0xa7fc90	0xa83026	jmp	0xa850eb
classic	reagent-item-type-name	0xa7fc90	0xa83056	call	0xb9ca0
classic	reagent-item-type-name	0xa7fc90	0xa83060	call	0xb9b10
classic	reagent-item-type-name	0xa7fc90	0xa83068	jmp	0xa82faa
classic	reagent-item-type-name	0xa7fc90	0xa8307d	call	0x6f9a0
classic	reagent-item-type-name	0xa7fc90	0xa83082	jmp	0xa850eb
classic	reagent-item-type-name	0xa7fc90	0xa830b9	call	0x14cc890
classic	reagent-item-type-name	0xa7fc90	0xa830d6	call	0x6f9a0
classic	reagent-item-type-name	0xa7fc90	0xa830e0	call	0xb9b10
classic	reagent-item-type-name	0xa7fc90	0xa830f2	jmp	0xa850d3
classic	reagent-item-type-name	0xa7fc90	0xa83129	call	0x14cc890
classic	reagent-item-type-name	0xa7fc90	0xa83146	call	0x6f9a0
classic	reagent-item-type-name	0xa7fc90	0xa83150	call	0xb9b10
classic	reagent-item-type-name	0xa7fc90	0xa83162	jmp	0xa850d3
classic	reagent-item-type-name	0xa7fc90	0xa83199	call	0x14cc890
classic	reagent-item-type-name	0xa7fc90	0xa831b6	call	0x6f9a0
classic	reagent-item-type-name	0xa7fc90	0xa831c0	call	0xb9b10
classic	reagent-item-type-name	0xa7fc90	0xa831cc	jmp	0xa850cd
classic	reagent-item-type-name	0xa7fc90	0xa831eb	jmp	0xa831fa
classic	reagent-item-type-name	0xa7fc90	0xa831fa	call	0x6f9a0
classic	reagent-item-type-name	0xa7fc90	0xa8326e	jmp	0xa83276
classic	reagent-item-type-name	0xa7fc90	0xa832ae	call	0x14dce30
classic	reagent-item-type-name	0xa7fc90	0xa832cc	call	0x6f9a0
classic	reagent-item-type-name	0xa7fc90	0xa832d1	jmp	0xa83408
classic	reagent-item-type-name	0xa7fc90	0xa832e5	call	0x6f4f0
classic	reagent-item-type-name	0xa7fc90	0xa832ea	jmp	0xa83323
classic	reagent-item-type-name	0xa7fc90	0xa832fb	call	0x6f4f0
classic	reagent-item-type-name	0xa7fc90	0xa83300	jmp	0xa83323
classic	reagent-item-type-name	0xa7fc90	0xa83311	call	0x6f4f0
classic	reagent-item-type-name	0xa7fc90	0xa83316	jmp	0xa83323
classic	reagent-item-type-name	0xa7fc90	0xa8332d	call	0x6f4f0
classic	reagent-item-type-name	0xa7fc90	0xa83341	call	0xb9b10
classic	reagent-item-type-name	0xa7fc90	0xa83346	jmp	0xa83408
classic	reagent-item-type-name	0xa7fc90	0xa83354	call	0x6f620
classic	reagent-item-type-name	0xa7fc90	0xa83376	jmp	0xa8337d
classic	reagent-item-type-name	0xa7fc90	0xa8337d	call	0x14cc700
classic	reagent-item-type-name	0xa7fc90	0xa83389	call	0xb9ca0
classic	reagent-item-type-name	0xa7fc90	0xa83393	jmp	0xa83402
classic	reagent-item-type-name	0xa7fc90	0xa8339c	call	0x6f620
classic	reagent-item-type-name	0xa7fc90	0xa833c7	call	0x14cc890
classic	reagent-item-type-name	0xa7fc90	0xa833d6	call	0xb9ca0
classic	reagent-item-type-name	0xa7fc90	0xa833e5	call	0x6f4f0
classic	reagent-item-type-name	0xa7fc90	0xa833f5	call	0xb9b10
classic	reagent-item-type-name	0xa7fc90	0xa83402	call	0x6f7e0
classic	reagent-item-type-name	0xa7fc90	0xa8343e	call	0x15345f0
classic	reagent-item-type-name	0xa7fc90	0xa83453	jmp	0xa850eb
classic	reagent-item-type-name	0xa7fc90	0xa8348a	call	0x14cc890
classic	reagent-item-type-name	0xa7fc90	0xa834a7	call	0x6f9a0
classic	reagent-item-type-name	0xa7fc90	0xa834b1	call	0xb9b10
classic	reagent-item-type-name	0xa7fc90	0xa834bd	jmp	0xa850cd
classic	reagent-item-type-name	0xa7fc90	0xa834f4	call	0x14cc890
classic	reagent-item-type-name	0xa7fc90	0xa83511	call	0x6f9a0
classic	reagent-item-type-name	0xa7fc90	0xa8351b	call	0xb9b10
classic	reagent-item-type-name	0xa7fc90	0xa8352d	jmp	0xa850d3
classic	reagent-item-type-name	0xa7fc90	0xa83564	call	0x14cc890
classic	reagent-item-type-name	0xa7fc90	0xa83581	call	0x6f9a0
classic	reagent-item-type-name	0xa7fc90	0xa8358b	call	0xb9b10
classic	reagent-item-type-name	0xa7fc90	0xa8359d	jmp	0xa850d3
classic	reagent-item-type-name	0xa7fc90	0xa835d4	call	0x14cc890
classic	reagent-item-type-name	0xa7fc90	0xa835f1	call	0x6f9a0
classic	reagent-item-type-name	0xa7fc90	0xa835fb	call	0xb9b10
classic	reagent-item-type-name	0xa7fc90	0xa8360d	jmp	0xa850d3
classic	reagent-item-type-name	0xa7fc90	0xa83644	call	0x14cc890
classic	reagent-item-type-name	0xa7fc90	0xa83661	call	0x6f9a0
classic	reagent-item-type-name	0xa7fc90	0xa8366b	call	0xb9b10
classic	reagent-item-type-name	0xa7fc90	0xa8367d	jmp	0xa7ff65
classic	reagent-item-type-name	0xa7fc90	0xa836b4	call	0x14cc890
classic	reagent-item-type-name	0xa7fc90	0xa836d1	call	0x6f9a0
classic	reagent-item-type-name	0xa7fc90	0xa836db	call	0xb9b10
classic	reagent-item-type-name	0xa7fc90	0xa836ed	jmp	0xa850d3
classic	reagent-item-type-name	0xa7fc90	0xa83724	call	0x14cc890
classic	reagent-item-type-name	0xa7fc90	0xa83741	call	0x6f9a0
classic	reagent-item-type-name	0xa7fc90	0xa8374b	call	0xb9b10
classic	reagent-item-type-name	0xa7fc90	0xa8375d	jmp	0xa850d3
classic	reagent-item-type-name	0xa7fc90	0xa83794	call	0x14cc890
classic	reagent-item-type-name	0xa7fc90	0xa837b1	call	0x6f9a0
classic	reagent-item-type-name	0xa7fc90	0xa837bb	call	0xb9b10
classic	reagent-item-type-name	0xa7fc90	0xa837cd	jmp	0xa850d3
classic	reagent-item-type-name	0xa7fc90	0xa83804	call	0x14cc890
classic	reagent-item-type-name	0xa7fc90	0xa83821	call	0x6f9a0
classic	reagent-item-type-name	0xa7fc90	0xa8382b	call	0xb9b10
classic	reagent-item-type-name	0xa7fc90	0xa838dc	call	0x6f4f0
classic	reagent-item-type-name	0xa7fc90	0xa838e1	jmp	0xa850db
classic	reagent-item-type-name	0xa7fc90	0xa838f0	call	0x6f4f0
classic	reagent-item-type-name	0xa7fc90	0xa838f5	jmp	0xa850db
classic	reagent-item-type-name	0xa7fc90	0xa83904	call	0x6f4f0
classic	reagent-item-type-name	0xa7fc90	0xa83909	jmp	0xa850db
classic	reagent-item-type-name	0xa7fc90	0xa83918	call	0x6f4f0
classic	reagent-item-type-name	0xa7fc90	0xa8391d	jmp	0xa850db
classic	reagent-item-type-name	0xa7fc90	0xa8392c	call	0x6f4f0
classic	reagent-item-type-name	0xa7fc90	0xa83931	jmp	0xa850db
classic	reagent-item-type-name	0xa7fc90	0xa83940	call	0x6f4f0
classic	reagent-item-type-name	0xa7fc90	0xa83945	jmp	0xa850db
classic	reagent-item-type-name	0xa7fc90	0xa83954	call	0x6f4f0
classic	reagent-item-type-name	0xa7fc90	0xa83959	jmp	0xa850db
classic	reagent-item-type-name	0xa7fc90	0xa83968	call	0x6f4f0
classic	reagent-item-type-name	0xa7fc90	0xa8396d	jmp	0xa850db
classic	reagent-item-type-name	0xa7fc90	0xa8397c	call	0x6f4f0
classic	reagent-item-type-name	0xa7fc90	0xa83981	jmp	0xa850db
classic	reagent-item-type-name	0xa7fc90	0xa83990	call	0x6f4f0
classic	reagent-item-type-name	0xa7fc90	0xa83995	jmp	0xa850db
classic	reagent-item-type-name	0xa7fc90	0xa839a4	call	0x6f4f0
classic	reagent-item-type-name	0xa7fc90	0xa839a9	jmp	0xa850db
classic	reagent-item-type-name	0xa7fc90	0xa839b8	call	0x6f4f0
classic	reagent-item-type-name	0xa7fc90	0xa839bd	jmp	0xa850db
classic	reagent-item-type-name	0xa7fc90	0xa839cc	call	0x6f4f0
classic	reagent-item-type-name	0xa7fc90	0xa839d1	jmp	0xa850db
classic	reagent-item-type-name	0xa7fc90	0xa839e0	call	0x6f4f0
classic	reagent-item-type-name	0xa7fc90	0xa839e5	jmp	0xa850db
classic	reagent-item-type-name	0xa7fc90	0xa839f4	call	0x6f4f0
classic	reagent-item-type-name	0xa7fc90	0xa839f9	jmp	0xa850db
classic	reagent-item-type-name	0xa7fc90	0xa83a08	call	0x6f4f0
classic	reagent-item-type-name	0xa7fc90	0xa83a0d	jmp	0xa850db
classic	reagent-item-type-name	0xa7fc90	0xa83a1c	call	0x6f4f0
classic	reagent-item-type-name	0xa7fc90	0xa83a21	jmp	0xa850db
classic	reagent-item-type-name	0xa7fc90	0xa83a30	call	0x6f4f0
classic	reagent-item-type-name	0xa7fc90	0xa83a35	jmp	0xa850db
classic	reagent-item-type-name	0xa7fc90	0xa83a44	call	0x6f4f0
classic	reagent-item-type-name	0xa7fc90	0xa83a49	jmp	0xa850db
classic	reagent-item-type-name	0xa7fc90	0xa83a58	call	0x6f4f0
classic	reagent-item-type-name	0xa7fc90	0xa83a5d	jmp	0xa850db
classic	reagent-item-type-name	0xa7fc90	0xa83a6c	call	0x6f4f0
classic	reagent-item-type-name	0xa7fc90	0xa83a71	jmp	0xa850db
classic	reagent-item-type-name	0xa7fc90	0xa83a7d	jmp	0xa850cd
classic	reagent-item-type-name	0xa7fc90	0xa83a9e	call	0x6f9a0
classic	reagent-item-type-name	0xa7fc90	0xa83ab0	jmp	0xa850d3
classic	reagent-item-type-name	0xa7fc90	0xa83ad1	call	0x6f9a0
classic	reagent-item-type-name	0xa7fc90	0xa83af2	call	0x6f4f0
classic	reagent-item-type-name	0xa7fc90	0xa83af7	jmp	0xa85127
classic	reagent-item-type-name	0xa7fc90	0xa83b03	call	0x6f4f0
classic	reagent-item-type-name	0xa7fc90	0xa83b08	jmp	0xa850eb
classic	reagent-item-type-name	0xa7fc90	0xa83b1b	call	0x6f4f0
classic	reagent-item-type-name	0xa7fc90	0xa83b20	jmp	0xa850db
classic	reagent-item-type-name	0xa7fc90	0xa83b33	call	0x6f4f0
classic	reagent-item-type-name	0xa7fc90	0xa83b38	jmp	0xa850db
classic	reagent-item-type-name	0xa7fc90	0xa83b4b	call	0x6f4f0
classic	reagent-item-type-name	0xa7fc90	0xa83b50	jmp	0xa850db
classic	reagent-item-type-name	0xa7fc90	0xa83b63	call	0x6f4f0
classic	reagent-item-type-name	0xa7fc90	0xa83b68	jmp	0xa850db
classic	reagent-item-type-name	0xa7fc90	0xa83b7b	call	0x6f4f0
classic	reagent-item-type-name	0xa7fc90	0xa83b80	jmp	0xa850db
classic	reagent-item-type-name	0xa7fc90	0xa83b93	call	0x6f4f0
classic	reagent-item-type-name	0xa7fc90	0xa83b98	jmp	0xa850db
classic	reagent-item-type-name	0xa7fc90	0xa83bad	call	0x6f4f0
classic	reagent-item-type-name	0xa7fc90	0xa83bb2	jmp	0xa850db
classic	reagent-item-type-name	0xa7fc90	0xa83bc7	call	0x6f4f0
classic	reagent-item-type-name	0xa7fc90	0xa83bcc	jmp	0xa850db
classic	reagent-item-type-name	0xa7fc90	0xa83be1	call	0x6f4f0
classic	reagent-item-type-name	0xa7fc90	0xa83be6	jmp	0xa850db
classic	reagent-item-type-name	0xa7fc90	0xa83bfb	call	0x6f4f0
classic	reagent-item-type-name	0xa7fc90	0xa83c00	jmp	0xa850db
classic	reagent-item-type-name	0xa7fc90	0xa83c1c	call	0x6f4f0
classic	reagent-item-type-name	0xa7fc90	0xa83c21	jmp	0xa850db
classic	reagent-item-type-name	0xa7fc90	0xa83c45	call	0x6f9a0
classic	reagent-item-type-name	0xa7fc90	0xa83cb6	call	0x6f860
classic	reagent-item-type-name	0xa7fc90	0xa83cd3	call	0x6f9a0
classic	reagent-item-type-name	0xa7fc90	0xa83cdd	call	0xb9b10
classic	reagent-item-type-name	0xa7fc90	0xa83d22	jmp	0xa83d2c
classic	reagent-item-type-name	0xa7fc90	0xa83d2c	call	0x144e30
classic	reagent-item-type-name	0xa7fc90	0xa83d46	call	0x6f9a0
classic	reagent-item-type-name	0xa7fc90	0xa83d85	call	0x15345f0
classic	reagent-item-type-name	0xa7fc90	0xa83d9a	jmp	0xa850eb
classic	reagent-item-type-name	0xa7fc90	0xa83dac	call	0x6f9a0
classic	reagent-item-type-name	0xa7fc90	0xa83db1	jmp	0xa850eb
classic	reagent-item-type-name	0xa7fc90	0xa83dda	call	0xa61de0
classic	reagent-item-type-name	0xa7fc90	0xa83de7	call	0xb9ca0
classic	reagent-item-type-name	0xa7fc90	0xa83dec	jmp	0xa850eb
classic	reagent-item-type-name	0xa7fc90	0xa83e0b	call	0x6f4f0
classic	reagent-item-type-name	0xa7fc90	0xa83e10	jmp	0xa850eb
classic	reagent-item-type-name	0xa7fc90	0xa83e37	call	0x14cc890
classic	reagent-item-type-name	0xa7fc90	0xa83e54	call	0x6f9a0
classic	reagent-item-type-name	0xa7fc90	0xa83e5b	jmp	0xa850e3
classic	reagent-item-type-name	0xa7fc90	0xa83e7c	call	0x6f9a0
classic	reagent-item-type-name	0xa7fc90	0xa83eb6	call	0xa61e30
classic	reagent-item-type-name	0xa7fc90	0xa83ec3	call	0xb9ca0
classic	reagent-item-type-name	0xa7fc90	0xa83ec8	jmp	0xa850eb
classic	reagent-item-type-name	0xa7fc90	0xa83eed	call	0x6f4f0
classic	reagent-item-type-name	0xa7fc90	0xa83ef2	jmp	0xa850eb
classic	reagent-item-type-name	0xa7fc90	0xa83efe	call	0x6f4f0
classic	reagent-item-type-name	0xa7fc90	0xa83f03	jmp	0xa85127
classic	reagent-item-type-name	0xa7fc90	0xa83f13	jmp	0xa81e91
classic	reagent-item-type-name	0xa7fc90	0xa83f34	call	0x6f9a0
classic	reagent-item-type-name	0xa7fc90	0xa83f60	call	0x144d20
classic	reagent-item-type-name	0xa7fc90	0xa83f6d	call	0xb9ca0
classic	reagent-item-type-name	0xa7fc90	0xa83f72	jmp	0xa850eb
classic	reagent-item-type-name	0xa7fc90	0xa83f87	call	0x6f9a0
classic	reagent-item-type-name	0xa7fc90	0xa83fa0	call	0x6f4f0
classic	reagent-item-type-name	0xa7fc90	0xa83fa5	jmp	0xa850eb
classic	reagent-item-type-name	0xa7fc90	0xa83fc6	call	0x6f9a0
classic	reagent-item-type-name	0xa7fc90	0xa83fde	call	0x6f9a0
classic	reagent-item-type-name	0xa7fc90	0xa8407c	call	0x6f860
classic	reagent-item-type-name	0xa7fc90	0xa84089	jmp	0xa840d4
classic	reagent-item-type-name	0xa7fc90	0xa840cf	call	0x6f860
classic	reagent-item-type-name	0xa7fc90	0xa840ec	call	0x6f9a0
classic	reagent-item-type-name	0xa7fc90	0xa84141	jmp	0xa84145
classic	reagent-item-type-name	0xa7fc90	0xa8415f	call	0x6f4f0
classic	reagent-item-type-name	0xa7fc90	0xa84166	jmp	0xa850e3
classic	reagent-item-type-name	0xa7fc90	0xa84175	call	0x6f4f0
classic	reagent-item-type-name	0xa7fc90	0xa8417c	jmp	0xa850e3
classic	reagent-item-type-name	0xa7fc90	0xa8418e	call	0x6f9a0
classic	reagent-item-type-name	0xa7fc90	0xa84193	jmp	0xa850eb
classic	reagent-item-type-name	0xa7fc90	0xa841b4	call	0x6f9a0
classic	reagent-item-type-name	0xa7fc90	0xa84256	call	0x6f860
classic	reagent-item-type-name	0xa7fc90	0xa84263	jmp	0xa842ae
classic	reagent-item-type-name	0xa7fc90	0xa842a9	call	0x6f860
classic	reagent-item-type-name	0xa7fc90	0xa842c6	call	0x6f9a0
classic	reagent-item-type-name	0xa7fc90	0xa842db	call	0x6f9a0
classic	reagent-item-type-name	0xa7fc90	0xa842f0	call	0x6f9a0
classic	reagent-item-type-name	0xa7fc90	0xa842f5	jmp	0xa850eb
classic	reagent-item-type-name	0xa7fc90	0xa84316	call	0x6f9a0
classic	reagent-item-type-name	0xa7fc90	0xa843b4	call	0x6f860
classic	reagent-item-type-name	0xa7fc90	0xa843dc	call	0x256720
classic	reagent-item-type-name	0xa7fc90	0xa843e9	call	0xb9ca0
classic	reagent-item-type-name	0xa7fc90	0xa843fc	call	0xf2610
classic	reagent-item-type-name	0xa7fc90	0xa84406	jmp	0xa8414a
classic	reagent-item-type-name	0xa7fc90	0xa84415	call	0x6f4f0
classic	reagent-item-type-name	0xa7fc90	0xa8441a	jmp	0xa850eb
classic	reagent-item-type-name	0xa7fc90	0xa8442f	call	0x6f4f0
classic	reagent-item-type-name	0xa7fc90	0xa8444a	call	0xaa0c50
classic	reagent-item-type-name	0xa7fc90	0xa84457	call	0xb9ca0
classic	reagent-item-type-name	0xa7fc90	0xa8445c	jmp	0xa850eb
classic	reagent-item-type-name	0xa7fc90	0xa84468	call	0x6f4f0
classic	reagent-item-type-name	0xa7fc90	0xa8446d	jmp	0xa850db
classic	reagent-item-type-name	0xa7fc90	0xa84482	jmp	0xa8442f
classic	reagent-item-type-name	0xa7fc90	0xa8448b	call	0x6f4f0
classic	reagent-item-type-name	0xa7fc90	0xa84490	jmp	0xa850db
classic	reagent-item-type-name	0xa7fc90	0xa844a2	jmp	0xa850d3
classic	reagent-item-type-name	0xa7fc90	0xa844bf	call	0x6f4f0
classic	reagent-item-type-name	0xa7fc90	0xa844d4	call	0x6f4f0
classic	reagent-item-type-name	0xa7fc90	0xa844f9	call	0x14a8ce0
classic	reagent-item-type-name	0xa7fc90	0xa8451e	call	0xb9ca0
classic	reagent-item-type-name	0xa7fc90	0xa84528	call	0xb9b10
classic	reagent-item-type-name	0xa7fc90	0xa84533	call	0x6ff7d0
classic	reagent-item-type-name	0xa7fc90	0xa8454e	call	0xaa0c50
classic	reagent-item-type-name	0xa7fc90	0xa8455b	call	0xb9ca0
classic	reagent-item-type-name	0xa7fc90	0xa84565	call	0xb9b10
classic	reagent-item-type-name	0xa7fc90	0xa8457e	call	0xb9ca0
classic	reagent-item-type-name	0xa7fc90	0xa84593	call	0x6f4f0
classic	reagent-item-type-name	0xa7fc90	0xa84598	jmp	0xa850f1
classic	reagent-item-type-name	0xa7fc90	0xa845a4	call	0x6f4f0
classic	reagent-item-type-name	0xa7fc90	0xa845a9	jmp	0xa85127
classic	reagent-item-type-name	0xa7fc90	0xa845bb	call	0xb9ca0
classic	reagent-item-type-name	0xa7fc90	0xa845c0	jmp	0xa85127
classic	reagent-item-type-name	0xa7fc90	0xa845cc	call	0xb9ca0
classic	reagent-item-type-name	0xa7fc90	0xa845d1	jmp	0xa850eb
classic	reagent-item-type-name	0xa7fc90	0xa845e0	call	0x6f4f0
classic	reagent-item-type-name	0xa7fc90	0xa845e5	jmp	0xa850eb
classic	reagent-item-type-name	0xa7fc90	0xa845fa	call	0x6f9a0
classic	reagent-item-type-name	0xa7fc90	0xa845ff	jmp	0xa850eb
classic	reagent-item-type-name	0xa7fc90	0xa84666	call	0x14cc890
classic	reagent-item-type-name	0xa7fc90	0xa84673	call	0xb9ca0
classic	reagent-item-type-name	0xa7fc90	0xa8467d	call	0xb9b10
classic	reagent-item-type-name	0xa7fc90	0xa8468c	call	0x6f4f0
classic	reagent-item-type-name	0xa7fc90	0xa84691	jmp	0xa850db
classic	reagent-item-type-name	0xa7fc90	0xa846b6	call	0xb9ca0
classic	reagent-item-type-name	0xa7fc90	0xa846c5	call	0x6f4f0
classic	reagent-item-type-name	0xa7fc90	0xa846ff	call	0x14cc890
classic	reagent-item-type-name	0xa7fc90	0xa8470c	call	0xb9ca0
classic	reagent-item-type-name	0xa7fc90	0xa84716	call	0xb9b10
classic	reagent-item-type-name	0xa7fc90	0xa84733	call	0xb9ca0
classic	reagent-item-type-name	0xa7fc90	0xa84738	jmp	0xa850eb
classic	reagent-item-type-name	0xa7fc90	0xa84749	call	0xb9ca0
classic	reagent-item-type-name	0xa7fc90	0xa84753	call	0xb9b10
classic	reagent-item-type-name	0xa7fc90	0xa847c5	call	0x14cc890
classic	reagent-item-type-name	0xa7fc90	0xa847d2	call	0xb9ca0
classic	reagent-item-type-name	0xa7fc90	0xa847dc	call	0xb9b10
classic	reagent-item-type-name	0xa7fc90	0xa847f1	call	0x6f4f0
classic	reagent-item-type-name	0xa7fc90	0xa84800	call	0x6f4f0
classic	reagent-item-type-name	0xa7fc90	0xa84805	jmp	0xa850eb
classic	reagent-item-type-name	0xa7fc90	0xa84834	call	0xb9ca0
classic	reagent-item-type-name	0xa7fc90	0xa8483e	call	0xb9b10
classic	reagent-item-type-name	0xa7fc90	0xa84857	call	0xb9ca0
classic	reagent-item-type-name	0xa7fc90	0xa84866	call	0x6f4f0
classic	reagent-item-type-name	0xa7fc90	0xa8488c	jmp	0xa848bb
classic	reagent-item-type-name	0xa7fc90	0xa848b1	call	0x14cc890
classic	reagent-item-type-name	0xa7fc90	0xa848be	call	0xb9ca0
classic	reagent-item-type-name	0xa7fc90	0xa848c8	call	0xb9b10
classic	reagent-item-type-name	0xa7fc90	0xa848e0	call	0x1456e50
classic	reagent-item-type-name	0xa7fc90	0xa848f9	call	0x71f20
classic	reagent-item-type-name	0xa7fc90	0xa84910	call	0x6f4f0
classic	reagent-item-type-name	0xa7fc90	0xa84915	jmp	0xa8471b
classic	reagent-item-type-name	0xa7fc90	0xa84926	call	0xb9ca0
classic	reagent-item-type-name	0xa7fc90	0xa84930	call	0xb9b10
classic	reagent-item-type-name	0xa7fc90	0xa849ad	call	0x14cc890
classic	reagent-item-type-name	0xa7fc90	0xa849ca	call	0x6f9a0
classic	reagent-item-type-name	0xa7fc90	0xa849d4	call	0xb9b10
classic	reagent-item-type-name	0xa7fc90	0xa849e9	call	0x72670
classic	reagent-item-type-name	0xa7fc90	0xa84a0c	call	0x71f20
classic	reagent-item-type-name	0xa7fc90	0xa84a1f	call	0x6f4f0
classic	reagent-item-type-name	0xa7fc90	0xa84a2c	call	0x71f20
classic	reagent-item-type-name	0xa7fc90	0xa84a3f	call	0x6f4f0
classic	reagent-item-type-name	0xa7fc90	0xa84a60	call	0x1456e50
classic	reagent-item-type-name	0xa7fc90	0xa84a75	call	0x71f20
classic	reagent-item-type-name	0xa7fc90	0xa84a88	call	0x6f4f0
classic	reagent-item-type-name	0xa7fc90	0xa84aa5	call	0xb9ca0
classic	reagent-item-type-name	0xa7fc90	0xa84aaa	jmp	0xa850eb
classic	reagent-item-type-name	0xa7fc90	0xa84ada	call	0xb9ca0
classic	reagent-item-type-name	0xa7fc90	0xa84ae9	call	0x6f4f0
classic	reagent-item-type-name	0xa7fc90	0xa84aee	jmp	0xa8497a
classic	reagent-item-type-name	0xa7fc90	0xa84afd	call	0x6f4f0
classic	reagent-item-type-name	0xa7fc90	0xa84b02	jmp	0xa850eb
classic	reagent-item-type-name	0xa7fc90	0xa84b37	jmp	0xa84b49
classic	reagent-item-type-name	0xa7fc90	0xa84b7b	call	0x14cc890
classic	reagent-item-type-name	0xa7fc90	0xa84b88	call	0xb9ca0
classic	reagent-item-type-name	0xa7fc90	0xa84b92	call	0xb9b10
classic	reagent-item-type-name	0xa7fc90	0xa84ba1	call	0x6f4f0
classic	reagent-item-type-name	0xa7fc90	0xa84bb1	call	0xb9b10
classic	reagent-item-type-name	0xa7fc90	0xa84bc0	call	0x6f4f0
classic	reagent-item-type-name	0xa7fc90	0xa84bc5	jmp	0xa850e1
classic	reagent-item-type-name	0xa7fc90	0xa84bd1	call	0x6f4f0
classic	reagent-item-type-name	0xa7fc90	0xa84bd6	jmp	0xa85127
classic	reagent-item-type-name	0xa7fc90	0xa84be7	call	0xb9ca0
classic	reagent-item-type-name	0xa7fc90	0xa84bf1	call	0xb9b10
classic	reagent-item-type-name	0xa7fc90	0xa84c6d	call	0x14cc890
classic	reagent-item-type-name	0xa7fc90	0xa84c8a	call	0x6f9a0
classic	reagent-item-type-name	0xa7fc90	0xa84c94	call	0xb9b10
classic	reagent-item-type-name	0xa7fc90	0xa84caf	call	0x14a8ce0
classic	reagent-item-type-name	0xa7fc90	0xa84cd5	jmp	0xa84d1d
classic	reagent-item-type-name	0xa7fc90	0xa84d02	call	0xb9ca0
classic	reagent-item-type-name	0xa7fc90	0xa84d11	call	0x6f4f0
classic	reagent-item-type-name	0xa7fc90	0xa84d16	jmp	0xa84c3a
classic	reagent-item-type-name	0xa7fc90	0xa84d2c	jmp	0xa848f4
classic	reagent-item-type-name	0xa7fc90	0xa84d41	call	0x6f9a0
classic	reagent-item-type-name	0xa7fc90	0xa84d46	jmp	0xa850eb
classic	reagent-item-type-name	0xa7fc90	0xa84d64	call	0x6f9a0
classic	reagent-item-type-name	0xa7fc90	0xa84d6e	call	0xb9b10
classic	reagent-item-type-name	0xa7fc90	0xa84ded	call	0x14cc890
classic	reagent-item-type-name	0xa7fc90	0xa84e0a	call	0x6f9a0
classic	reagent-item-type-name	0xa7fc90	0xa84e14	call	0xb9b10
classic	reagent-item-type-name	0xa7fc90	0xa84e32	call	0x6f9a0
classic	reagent-item-type-name	0xa7fc90	0xa84e37	jmp	0xa850eb
classic	reagent-item-type-name	0xa7fc90	0xa84e67	call	0xb9ca0
classic	reagent-item-type-name	0xa7fc90	0xa84e76	call	0x6f4f0
classic	reagent-item-type-name	0xa7fc90	0xa84e7b	jmp	0xa84dba
classic	reagent-item-type-name	0xa7fc90	0xa84ec2	call	0xb9ca0
classic	reagent-item-type-name	0xa7fc90	0xa84ecc	call	0xb9b10
classic	reagent-item-type-name	0xa7fc90	0xa84f06	call	0x14cc890
classic	reagent-item-type-name	0xa7fc90	0xa84f13	call	0xb9ca0
classic	reagent-item-type-name	0xa7fc90	0xa84f1d	call	0xb9b10
classic	reagent-item-type-name	0xa7fc90	0xa84f32	call	0x6f9a0
classic	reagent-item-type-name	0xa7fc90	0xa84f37	jmp	0xa850eb
classic	reagent-item-type-name	0xa7fc90	0xa84f65	call	0xb9ca0
classic	reagent-item-type-name	0xa7fc90	0xa84f6f	call	0xb9b10
classic	reagent-item-type-name	0xa7fc90	0xa84f84	call	0xb9ca0
classic	reagent-item-type-name	0xa7fc90	0xa84f8e	call	0xb9b10
classic	reagent-item-type-name	0xa7fc90	0xa84fa7	call	0xb9ca0
classic	reagent-item-type-name	0xa7fc90	0xa84fb6	call	0x6f4f0
classic	reagent-item-type-name	0xa7fc90	0xa84fdc	jmp	0xa8500b
classic	reagent-item-type-name	0xa7fc90	0xa85001	call	0x14cc890
classic	reagent-item-type-name	0xa7fc90	0xa8500e	call	0xb9ca0
classic	reagent-item-type-name	0xa7fc90	0xa85018	call	0xb9b10
classic	reagent-item-type-name	0xa7fc90	0xa8502a	call	0x14a8ce0
classic	reagent-item-type-name	0xa7fc90	0xa85050	jmp	0xa85054
classic	reagent-item-type-name	0xa7fc90	0xa85063	jmp	0xa848f4
classic	reagent-item-type-name	0xa7fc90	0xa8509a	call	0x14cc890
classic	reagent-item-type-name	0xa7fc90	0xa850b7	call	0x6f9a0
classic	reagent-item-type-name	0xa7fc90	0xa850c1	call	0xb9b10
classic	reagent-item-type-name	0xa7fc90	0xa850d6	call	0x6f9a0
classic	reagent-item-type-name	0xa7fc90	0xa850e6	call	0xb9b10
classic	reagent-item-type-name	0xa7fc90	0xa85101	call	0x6f9a0
classic	reagent-item-type-name	0xa7fc90	0xa8510c	call	0x529cf0
classic	reagent-item-type-name	0xa7fc90	0xa85121	call	0x6f9a0
classic	reagent-item-type-name	0xa7fc90	0xa8512c	call	0x6f7e0
classic	reagent-item-type-name	0xa7fc90	0xa85136	call	0x6f7e0
classic	reagent-item-type-name	0xa7fc90	0xa85145	call	0x15345d0
classic	reagent-item-type-name	0xa7fc90	0xa85278	jmp	0xaa8faa4
classic	reaction-class-token-space	0x722450	0x7224c7	jmp	0x7224d5
classic	reaction-class-token-space	0x722450	0x7224d9	call	0x70760
classic	reaction-class-token-space	0x722450	0x7224f5	call	0x15359e8
classic	reaction-class-token-space	0x722450	0x722523	call	0x65820
classic	reaction_reagent_itemst-description	0xed75d0	0xed75ff	call	0x1fafe0
classic	reaction_reagent_itemst-description	0xed75d0	0xed7675	call	0x6f860
classic	reaction_reagent_itemst-description	0xed75d0	0xed76a2	call	0x6f860
classic	reaction_reagent_itemst-description	0xed75d0	0xed76e4	call	0xba8d0
classic	reaction_reagent_itemst-description	0xed75d0	0xed7721	call	0xa285e0
classic	reaction_reagent_itemst-description	0xed75d0	0xed7729	call	0x52b070
classic	reaction_reagent_itemst-description	0xed75d0	0xed7733	call	0x6f6e0
classic	reaction_reagent_itemst-description	0xed75d0	0xed773c	call	0x6f6e0
classic	reaction_reagent_itemst-description	0xed75d0	0xed7745	call	0x6f7e0
classic	reaction_reagent_itemst-description	0xed75d0	0xed774f	call	0x6f7e0
classic	reaction_reagent_itemst-description	0xed75d0	0xed775b	call	0x15345d0
