source_url	archive_url	version	member	line	reaction	adventure_enabled	category	token	value
https://dffd.bay12games.com/file.php?id=11310	https://dffd.bay12games.com/download.php?f=DF+Wanderer+R20a+ASCII.zip&id=11310	R20a	DF Wanderer R20a ASCII/raw/objects/reaction_adventurer.txt	6	ASSEMBLE STONE AXE	1	BASIC	REACTION	ASSEMBLE STONE AXE
https://dffd.bay12games.com/file.php?id=11310	https://dffd.bay12games.com/download.php?f=DF+Wanderer+R20a+ASCII.zip&id=11310	R20a	DF Wanderer R20a ASCII/raw/objects/reaction_adventurer.txt	7	ASSEMBLE STONE AXE	1	BASIC	NAME	assemble stone axe
https://dffd.bay12games.com/file.php?id=11310	https://dffd.bay12games.com/download.php?f=DF+Wanderer+R20a+ASCII.zip&id=11310	R20a	DF Wanderer R20a ASCII/raw/objects/reaction_adventurer.txt	8	ASSEMBLE STONE AXE	1	BASIC	ADVENTURE_MODE_ENABLED	
https://dffd.bay12games.com/file.php?id=11310	https://dffd.bay12games.com/download.php?f=DF+Wanderer+R20a+ASCII.zip&id=11310	R20a	DF Wanderer R20a ASCII/raw/objects/reaction_adventurer.txt	9	ASSEMBLE STONE AXE	1	BASIC	REAGENT	stick:1:TOOL:ITEM_TOOL_STICK:NONE:NONE
https://dffd.bay12games.com/file.php?id=11310	https://dffd.bay12games.com/download.php?f=DF+Wanderer+R20a+ASCII.zip&id=11310	R20a	DF Wanderer R20a ASCII/raw/objects/reaction_adventurer.txt	10	ASSEMBLE STONE AXE	1	BASIC	REAGENT	rock:1:ROCK:NONE:NONE:NONE
https://dffd.bay12games.com/file.php?id=11310	https://dffd.bay12games.com/download.php?f=DF+Wanderer+R20a+ASCII.zip&id=11310	R20a	DF Wanderer R20a ASCII/raw/objects/reaction_adventurer.txt	11	ASSEMBLE STONE AXE	1	BASIC	HAS_EDGE	
https://dffd.bay12games.com/file.php?id=11310	https://dffd.bay12games.com/download.php?f=DF+Wanderer+R20a+ASCII.zip&id=11310	R20a	DF Wanderer R20a ASCII/raw/objects/reaction_adventurer.txt	12	ASSEMBLE STONE AXE	1	BASIC	PRODUCT	100:1:TOOL:ITEM_TOOL_STONE_AXE:GET_MATERIAL_FROM_REAGENT:rock:NONE
https://dffd.bay12games.com/file.php?id=11310	https://dffd.bay12games.com/download.php?f=DF+Wanderer+R20a+ASCII.zip&id=11310	R20a	DF Wanderer R20a ASCII/raw/objects/reaction_adventurer.txt	13	ASSEMBLE STONE AXE	1	BASIC	PRODUCT_TOKEN	axe
https://dffd.bay12games.com/file.php?id=11310	https://dffd.bay12games.com/download.php?f=DF+Wanderer+R20a+ASCII.zip&id=11310	R20a	DF Wanderer R20a ASCII/raw/objects/reaction_adventurer.txt	14	ASSEMBLE STONE AXE	1	BASIC	CATEGORY	BASIC
https://dffd.bay12games.com/file.php?id=11310	https://dffd.bay12games.com/download.php?f=DF+Wanderer+R20a+ASCII.zip&id=11310	R20a	DF Wanderer R20a ASCII/raw/objects/reaction_adventurer.txt	15	ASSEMBLE STONE AXE	1	BASIC	CATEGORY_NAME	-> Basic crafting
https://dffd.bay12games.com/file.php?id=11310	https://dffd.bay12games.com/download.php?f=DF+Wanderer+R20a+ASCII.zip&id=11310	R20a	DF Wanderer R20a ASCII/raw/objects/reaction_adventurer.txt	16	ASSEMBLE STONE AXE	1	BASIC	CATEGORY_DESCRIPTION	The most basic tasks.
https://dffd.bay12games.com/file.php?id=11310	https://dffd.bay12games.com/download.php?f=DF+Wanderer+R20a+ASCII.zip&id=11310	R20a	DF Wanderer R20a ASCII/raw/objects/reaction_adventurer.txt	18	CARVE_WOODEN_STICK	1	BASIC	REACTION	CARVE_WOODEN_STICK
https://dffd.bay12games.com/file.php?id=11310	https://dffd.bay12games.com/download.php?f=DF+Wanderer+R20a+ASCII.zip&id=11310	R20a	DF Wanderer R20a ASCII/raw/objects/reaction_adventurer.txt	19	CARVE_WOODEN_STICK	1	BASIC	NAME	carve wooden stick from branch
https://dffd.bay12games.com/file.php?id=11310	https://dffd.bay12games.com/download.php?f=DF+Wanderer+R20a+ASCII.zip&id=11310	R20a	DF Wanderer R20a ASCII/raw/objects/reaction_adventurer.txt	20	CARVE_WOODEN_STICK	1	BASIC	ADVENTURE_MODE_ENABLED	
https://dffd.bay12games.com/file.php?id=11310	https://dffd.bay12games.com/download.php?f=DF+Wanderer+R20a+ASCII.zip&id=11310	R20a	DF Wanderer R20a ASCII/raw/objects/reaction_adventurer.txt	21	CARVE_WOODEN_STICK	1	BASIC	REAGENT	branch:1:BRANCH:NONE:NONE:NONE
https://dffd.bay12games.com/file.php?id=11310	https://dffd.bay12games.com/download.php?f=DF+Wanderer+R20a+ASCII.zip&id=11310	R20a	DF Wanderer R20a ASCII/raw/objects/reaction_adventurer.txt	22	CARVE_WOODEN_STICK	1	BASIC	ANY_PLANT_MATERIAL	
https://dffd.bay12games.com/file.php?id=11310	https://dffd.bay12games.com/download.php?f=DF+Wanderer+R20a+ASCII.zip&id=11310	R20a	DF Wanderer R20a ASCII/raw/objects/reaction_adventurer.txt	23	CARVE_WOODEN_STICK	1	BASIC	REAGENT	tool:1:NONE:NONE:NONE:NONE
https://dffd.bay12games.com/file.php?id=11310	https://dffd.bay12games.com/download.php?f=DF+Wanderer+R20a+ASCII.zip&id=11310	R20a	DF Wanderer R20a ASCII/raw/objects/reaction_adventurer.txt	24	CARVE_WOODEN_STICK	1	BASIC	PRESERVE_REAGENT	
https://dffd.bay12games.com/file.php?id=11310	https://dffd.bay12games.com/download.php?f=DF+Wanderer+R20a+ASCII.zip&id=11310	R20a	DF Wanderer R20a ASCII/raw/objects/reaction_adventurer.txt	24	CARVE_WOODEN_STICK	1	BASIC	HAS_EDGE	
https://dffd.bay12games.com/file.php?id=11310	https://dffd.bay12games.com/download.php?f=DF+Wanderer+R20a+ASCII.zip&id=11310	R20a	DF Wanderer R20a ASCII/raw/objects/reaction_adventurer.txt	25	CARVE_WOODEN_STICK	1	BASIC	PRODUCT	100:1:TOOL:ITEM_TOOL_STICK:GET_MATERIAL_FROM_REAGENT:branch:NONE
https://dffd.bay12games.com/file.php?id=11310	https://dffd.bay12games.com/download.php?f=DF+Wanderer+R20a+ASCII.zip&id=11310	R20a	DF Wanderer R20a ASCII/raw/objects/reaction_adventurer.txt	26	CARVE_WOODEN_STICK	1	BASIC	PRODUCT_TOKEN	stick
https://dffd.bay12games.com/file.php?id=11310	https://dffd.bay12games.com/download.php?f=DF+Wanderer+R20a+ASCII.zip&id=11310	R20a	DF Wanderer R20a ASCII/raw/objects/reaction_adventurer.txt	27	CARVE_WOODEN_STICK	1	BASIC	SKILL	WOODCRAFT
https://dffd.bay12games.com/file.php?id=11310	https://dffd.bay12games.com/download.php?f=DF+Wanderer+R20a+ASCII.zip&id=11310	R20a	DF Wanderer R20a ASCII/raw/objects/reaction_adventurer.txt	28	CARVE_WOODEN_STICK	1	BASIC	CATEGORY	BASIC
https://dffd.bay12games.com/file.php?id=11310	https://dffd.bay12games.com/download.php?f=DF+Wanderer+R20a+ASCII.zip&id=11310	R20a	DF Wanderer R20a ASCII/raw/objects/reaction_adventurer.txt	30	MAKE_SHARP_ROCK	1	BASIC	REACTION	MAKE_SHARP_ROCK
https://dffd.bay12games.com/file.php?id=11310	https://dffd.bay12games.com/download.php?f=DF+Wanderer+R20a+ASCII.zip&id=11310	R20a	DF Wanderer R20a ASCII/raw/objects/reaction_adventurer.txt	31	MAKE_SHARP_ROCK	1	BASIC	NAME	make sharp rock
https://dffd.bay12games.com/file.php?id=11310	https://dffd.bay12games.com/download.php?f=DF+Wanderer+R20a+ASCII.zip&id=11310	R20a	DF Wanderer R20a ASCII/raw/objects/reaction_adventurer.txt	32	MAKE_SHARP_ROCK	1	BASIC	ADVENTURE_MODE_ENABLED	
https://dffd.bay12games.com/file.php?id=11310	https://dffd.bay12games.com/download.php?f=DF+Wanderer+R20a+ASCII.zip&id=11310	R20a	DF Wanderer R20a ASCII/raw/objects/reaction_adventurer.txt	33	MAKE_SHARP_ROCK	1	BASIC	REAGENT	tool stone:1:ROCK:NONE:NONE:NONE
https://dffd.bay12games.com/file.php?id=11310	https://dffd.bay12games.com/download.php?f=DF+Wanderer+R20a+ASCII.zip&id=11310	R20a	DF Wanderer R20a ASCII/raw/objects/reaction_adventurer.txt	33	MAKE_SHARP_ROCK	1	BASIC	NO_EDGE_ALLOWED	
https://dffd.bay12games.com/file.php?id=11310	https://dffd.bay12games.com/download.php?f=DF+Wanderer+R20a+ASCII.zip&id=11310	R20a	DF Wanderer R20a ASCII/raw/objects/reaction_adventurer.txt	34	MAKE_SHARP_ROCK	1	BASIC	REAGENT	hammerstone:1:ROCK:NONE:NONE:NONE
https://dffd.bay12games.com/file.php?id=11310	https://dffd.bay12games.com/download.php?f=DF+Wanderer+R20a+ASCII.zip&id=11310	R20a	DF Wanderer R20a ASCII/raw/objects/reaction_adventurer.txt	34	MAKE_SHARP_ROCK	1	BASIC	PRESERVE_REAGENT	
https://dffd.bay12games.com/file.php?id=11310	https://dffd.bay12games.com/download.php?f=DF+Wanderer+R20a+ASCII.zip&id=11310	R20a	DF Wanderer R20a ASCII/raw/objects/reaction_adventurer.txt	34	MAKE_SHARP_ROCK	1	BASIC	NO_EDGE_ALLOWED	
https://dffd.bay12games.com/file.php?id=11310	https://dffd.bay12games.com/download.php?f=DF+Wanderer+R20a+ASCII.zip&id=11310	R20a	DF Wanderer R20a ASCII/raw/objects/reaction_adventurer.txt	35	MAKE_SHARP_ROCK	1	BASIC	PRODUCT	100:1:ROCK:NONE:GET_MATERIAL_FROM_REAGENT:tool stone:NONE
https://dffd.bay12games.com/file.php?id=11310	https://dffd.bay12games.com/download.php?f=DF+Wanderer+R20a+ASCII.zip&id=11310	R20a	DF Wanderer R20a ASCII/raw/objects/reaction_adventurer.txt	35	MAKE_SHARP_ROCK	1	BASIC	FORCE_EDGE	
https://dffd.bay12games.com/file.php?id=11310	https://dffd.bay12games.com/download.php?f=DF+Wanderer+R20a+ASCII.zip&id=11310	R20a	DF Wanderer R20a ASCII/raw/objects/reaction_adventurer.txt	36	MAKE_SHARP_ROCK	1	BASIC	SKILL	KNAPPING
https://dffd.bay12games.com/file.php?id=11310	https://dffd.bay12games.com/download.php?f=DF+Wanderer+R20a+ASCII.zip&id=11310	R20a	DF Wanderer R20a ASCII/raw/objects/reaction_adventurer.txt	37	MAKE_SHARP_ROCK	1	BASIC	CATEGORY	BASIC
https://dffd.bay12games.com/file.php?id=11310	https://dffd.bay12games.com/download.php?f=DF+Wanderer+R20a+ASCII.zip&id=11310	R20a	DF Wanderer R20a ASCII/raw/objects/reaction_adventurer.txt	41	MAKE_ARCANE_CATALYST_LESSER_SOULGEM	1	ADV_ALCHEMY	REACTION	MAKE_ARCANE_CATALYST_LESSER_SOULGEM
https://dffd.bay12games.com/file.php?id=11310	https://dffd.bay12games.com/download.php?f=DF+Wanderer+R20a+ASCII.zip&id=11310	R20a	DF Wanderer R20a ASCII/raw/objects/reaction_adventurer.txt	42	MAKE_ARCANE_CATALYST_LESSER_SOULGEM	1	ADV_ALCHEMY	NAME	make arcane catalyst from lesser soulgem
https://dffd.bay12games.com/file.php?id=11310	https://dffd.bay12games.com/download.php?f=DF+Wanderer+R20a+ASCII.zip&id=11310	R20a	DF Wanderer R20a ASCII/raw/objects/reaction_adventurer.txt	43	MAKE_ARCANE_CATALYST_LESSER_SOULGEM	1	ADV_ALCHEMY	DESCRIPTION	Make an alchemical ingredient from soulgems dropped by megabeasts.
https://dffd.bay12games.com/file.php?id=11310	https://dffd.bay12games.com/download.php?f=DF+Wanderer+R20a+ASCII.zip&id=11310	R20a	DF Wanderer R20a ASCII/raw/objects/reaction_adventurer.txt	44	MAKE_ARCANE_CATALYST_LESSER_SOULGEM	1	ADV_ALCHEMY	ADVENTURE_MODE_ENABLED	
https://dffd.bay12games.com/file.php?id=11310	https://dffd.bay12games.com/download.php?f=DF+Wanderer+R20a+ASCII.zip&id=11310	R20a	DF Wanderer R20a ASCII/raw/objects/reaction_adventurer.txt	45	MAKE_ARCANE_CATALYST_LESSER_SOULGEM	1	ADV_ALCHEMY	BUILDING	CARPENTER:NONE
https://dffd.bay12games.com/file.php?id=11310	https://dffd.bay12games.com/download.php?f=DF+Wanderer+R20a+ASCII.zip&id=11310	R20a	DF Wanderer R20a ASCII/raw/objects/reaction_adventurer.txt	46	MAKE_ARCANE_CATALYST_LESSER_SOULGEM	1	ADV_ALCHEMY	REAGENT	soulgem:1:SMALLGEM:NONE:INORGANIC:LESSER_SOULGEM
https://dffd.bay12games.com/file.php?id=11310	https://dffd.bay12games.com/download.php?f=DF+Wanderer+R20a+ASCII.zip&id=11310	R20a	DF Wanderer R20a ASCII/raw/objects/reaction_adventurer.txt	47	MAKE_ARCANE_CATALYST_LESSER_SOULGEM	1	ADV_ALCHEMY	PRODUCT	100:1:SMALLGEM:NONE:INORGANIC:CATALYST
https://dffd.bay12games.com/file.php?id=11310	https://dffd.bay12games.com/download.php?f=DF+Wanderer+R20a+ASCII.zip&id=11310	R20a	DF Wanderer R20a ASCII/raw/objects/reaction_adventurer.txt	48	MAKE_ARCANE_CATALYST_LESSER_SOULGEM	1	ADV_ALCHEMY	SKILL	ALCHEMY
https://dffd.bay12games.com/file.php?id=11310	https://dffd.bay12games.com/download.php?f=DF+Wanderer+R20a+ASCII.zip&id=11310	R20a	DF Wanderer R20a ASCII/raw/objects/reaction_adventurer.txt	49	MAKE_ARCANE_CATALYST_LESSER_SOULGEM	1	ADV_ALCHEMY	CATEGORY	ADV_ALCHEMY
https://dffd.bay12games.com/file.php?id=11310	https://dffd.bay12games.com/download.php?f=DF+Wanderer+R20a+ASCII.zip&id=11310	R20a	DF Wanderer R20a ASCII/raw/objects/reaction_adventurer.txt	50	MAKE_ARCANE_CATALYST_LESSER_SOULGEM	1	ADV_ALCHEMY	CATEGORY_NAME	Alchemy
https://dffd.bay12games.com/file.php?id=11310	https://dffd.bay12games.com/download.php?f=DF+Wanderer+R20a+ASCII.zip&id=11310	R20a	DF Wanderer R20a ASCII/raw/objects/reaction_adventurer.txt	51	MAKE_ARCANE_CATALYST_LESSER_SOULGEM	1	ADV_ALCHEMY	CATEGORY_DESCRIPTION	Brew magic balms and concoctions.
https://dffd.bay12games.com/file.php?id=11310	https://dffd.bay12games.com/download.php?f=DF+Wanderer+R20a+ASCII.zip&id=11310	R20a	DF Wanderer R20a ASCII/raw/objects/reaction_adventurer.txt	53	MAKE_ALCHEMICAL_CATALYST_SOULGEM	1	ADV_ALCHEMY	REACTION	MAKE_ALCHEMICAL_CATALYST_SOULGEM
https://dffd.bay12games.com/file.php?id=11310	https://dffd.bay12games.com/download.php?f=DF+Wanderer+R20a+ASCII.zip&id=11310	R20a	DF Wanderer R20a ASCII/raw/objects/reaction_adventurer.txt	54	MAKE_ALCHEMICAL_CATALYST_SOULGEM	1	ADV_ALCHEMY	NAME	make arcane catalyst from soulgem
https://dffd.bay12games.com/file.php?id=11310	https://dffd.bay12games.com/download.php?f=DF+Wanderer+R20a+ASCII.zip&id=11310	R20a	DF Wanderer R20a ASCII/raw/objects/reaction_adventurer.txt	55	MAKE_ALCHEMICAL_CATALYST_SOULGEM	1	ADV_ALCHEMY	DESCRIPTION	Make an alchemical ingredient from soulgems dropped by megabeasts.
https://dffd.bay12games.com/file.php?id=11310	https://dffd.bay12games.com/download.php?f=DF+Wanderer+R20a+ASCII.zip&id=11310	R20a	DF Wanderer R20a ASCII/raw/objects/reaction_adventurer.txt	56	MAKE_ALCHEMICAL_CATALYST_SOULGEM	1	ADV_ALCHEMY	ADVENTURE_MODE_ENABLED	
https://dffd.bay12games.com/file.php?id=11310	https://dffd.bay12games.com/download.php?f=DF+Wanderer+R20a+ASCII.zip&id=11310	R20a	DF Wanderer R20a ASCII/raw/objects/reaction_adventurer.txt	57	MAKE_ALCHEMICAL_CATALYST_SOULGEM	1	ADV_ALCHEMY	BUILDING	CARPENTER:NONE
https://dffd.bay12games.com/file.php?id=11310	https://dffd.bay12games.com/download.php?f=DF+Wanderer+R20a+ASCII.zip&id=11310	R20a	DF Wanderer R20a ASCII/raw/objects/reaction_adventurer.txt	58	MAKE_ALCHEMICAL_CATALYST_SOULGEM	1	ADV_ALCHEMY	REAGENT	soulgem:1:SMALLGEM:NONE:INORGANIC:SOULGEM
https://dffd.bay12games.com/file.php?id=11310	https://dffd.bay12games.com/download.php?f=DF+Wanderer+R20a+ASCII.zip&id=11310	R20a	DF Wanderer R20a ASCII/raw/objects/reaction_adventurer.txt	59	MAKE_ALCHEMICAL_CATALYST_SOULGEM	1	ADV_ALCHEMY	PRODUCT	100:5:SMALLGEM:NONE:INORGANIC:CATALYST
https://dffd.bay12games.com/file.php?id=11310	https://dffd.bay12games.com/download.php?f=DF+Wanderer+R20a+ASCII.zip&id=11310	R20a	DF Wanderer R20a ASCII/raw/objects/reaction_adventurer.txt	60	MAKE_ALCHEMICAL_CATALYST_SOULGEM	1	ADV_ALCHEMY	SKILL	ALCHEMY
https://dffd.bay12games.com/file.php?id=11310	https://dffd.bay12games.com/download.php?f=DF+Wanderer+R20a+ASCII.zip&id=11310	R20a	DF Wanderer R20a ASCII/raw/objects/reaction_adventurer.txt	61	MAKE_ALCHEMICAL_CATALYST_SOULGEM	1	ADV_ALCHEMY	CATEGORY	ADV_ALCHEMY
https://dffd.bay12games.com/file.php?id=11310	https://dffd.bay12games.com/download.php?f=DF+Wanderer+R20a+ASCII.zip&id=11310	R20a	DF Wanderer R20a ASCII/raw/objects/reaction_adventurer.txt	62	MAKE_ALCHEMICAL_CATALYST_SOULGEM	1	ADV_ALCHEMY	CATEGORY_NAME	Alchemy
https://dffd.bay12games.com/file.php?id=11310	https://dffd.bay12games.com/download.php?f=DF+Wanderer+R20a+ASCII.zip&id=11310	R20a	DF Wanderer R20a ASCII/raw/objects/reaction_adventurer.txt	63	MAKE_ALCHEMICAL_CATALYST_SOULGEM	1	ADV_ALCHEMY	CATEGORY_DESCRIPTION	Brew magic balms and concoctions.
https://dffd.bay12games.com/file.php?id=11310	https://dffd.bay12games.com/download.php?f=DF+Wanderer+R20a+ASCII.zip&id=11310	R20a	DF Wanderer R20a ASCII/raw/objects/reaction_adventurer.txt	65	CRAFT_PILL_ENERGY	1	ADV_ALCHEMY	REACTION	CRAFT_PILL_ENERGY
https://dffd.bay12games.com/file.php?id=11310	https://dffd.bay12games.com/download.php?f=DF+Wanderer+R20a+ASCII.zip&id=11310	R20a	DF Wanderer R20a ASCII/raw/objects/reaction_adventurer.txt	66	CRAFT_PILL_ENERGY	1	ADV_ALCHEMY	NAME	craft energy pill (1 arcane catalyst)
https://dffd.bay12games.com/file.php?id=11310	https://dffd.bay12games.com/download.php?f=DF+Wanderer+R20a+ASCII.zip&id=11310	R20a	DF Wanderer R20a ASCII/raw/objects/reaction_adventurer.txt	67	CRAFT_PILL_ENERGY	1	ADV_ALCHEMY	DESCRIPTION	Make a temporary pill which removes fatigue, lasts 1 hour in adventure mode and 1 day in fortress mode.
https://dffd.bay12games.com/file.php?id=11310	https://dffd.bay12games.com/download.php?f=DF+Wanderer+R20a+ASCII.zip&id=11310	R20a	DF Wanderer R20a ASCII/raw/objects/reaction_adventurer.txt	68	CRAFT_PILL_ENERGY	1	ADV_ALCHEMY	ADVENTURE_MODE_ENABLED	
https://dffd.bay12games.com/file.php?id=11310	https://dffd.bay12games.com/download.php?f=DF+Wanderer+R20a+ASCII.zip&id=11310	R20a	DF Wanderer R20a ASCII/raw/objects/reaction_adventurer.txt	69	CRAFT_PILL_ENERGY	1	ADV_ALCHEMY	BUILDING	CARPENTER:NONE
https://dffd.bay12games.com/file.php?id=11310	https://dffd.bay12games.com/download.php?f=DF+Wanderer+R20a+ASCII.zip&id=11310	R20a	DF Wanderer R20a ASCII/raw/objects/reaction_adventurer.txt	70	CRAFT_PILL_ENERGY	1	ADV_ALCHEMY	REAGENT	lesser soulgem:1:SMALLGEM:NONE:INORGANIC:CATALYST
https://dffd.bay12games.com/file.php?id=11310	https://dffd.bay12games.com/download.php?f=DF+Wanderer+R20a+ASCII.zip&id=11310	R20a	DF Wanderer R20a ASCII/raw/objects/reaction_adventurer.txt	71	CRAFT_PILL_ENERGY	1	ADV_ALCHEMY	PRODUCT	100:1:PLANT:NONE:PLANT_MAT:PILL_ENERGY:STRUCTURAL
https://dffd.bay12games.com/file.php?id=11310	https://dffd.bay12games.com/download.php?f=DF+Wanderer+R20a+ASCII.zip&id=11310	R20a	DF Wanderer R20a ASCII/raw/objects/reaction_adventurer.txt	72	CRAFT_PILL_ENERGY	1	ADV_ALCHEMY	SKILL	ALCHEMY
https://dffd.bay12games.com/file.php?id=11310	https://dffd.bay12games.com/download.php?f=DF+Wanderer+R20a+ASCII.zip&id=11310	R20a	DF Wanderer R20a ASCII/raw/objects/reaction_adventurer.txt	73	CRAFT_PILL_ENERGY	1	ADV_ALCHEMY	CATEGORY	ADV_ALCHEMY
https://dffd.bay12games.com/file.php?id=11310	https://dffd.bay12games.com/download.php?f=DF+Wanderer+R20a+ASCII.zip&id=11310	R20a	DF Wanderer R20a ASCII/raw/objects/reaction_adventurer.txt	75	CRAFT_PILL_PAINKILLER	1	ADV_ALCHEMY	REACTION	CRAFT_PILL_PAINKILLER
https://dffd.bay12games.com/file.php?id=11310	https://dffd.bay12games.com/download.php?f=DF+Wanderer+R20a+ASCII.zip&id=11310	R20a	DF Wanderer R20a ASCII/raw/objects/reaction_adventurer.txt	76	CRAFT_PILL_PAINKILLER	1	ADV_ALCHEMY	NAME	craft painkiller pill (1 arcane catalyst)
https://dffd.bay12games.com/file.php?id=11310	https://dffd.bay12games.com/download.php?f=DF+Wanderer+R20a+ASCII.zip&id=11310	R20a	DF Wanderer R20a ASCII/raw/objects/reaction_adventurer.txt	77	CRAFT_PILL_PAINKILLER	1	ADV_ALCHEMY	DESCRIPTION	Make a temporary painkiller pill, lasts 1 hour in adventure mode and 1 day in fortress mode.
https://dffd.bay12games.com/file.php?id=11310	https://dffd.bay12games.com/download.php?f=DF+Wanderer+R20a+ASCII.zip&id=11310	R20a	DF Wanderer R20a ASCII/raw/objects/reaction_adventurer.txt	78	CRAFT_PILL_PAINKILLER	1	ADV_ALCHEMY	ADVENTURE_MODE_ENABLED	
https://dffd.bay12games.com/file.php?id=11310	https://dffd.bay12games.com/download.php?f=DF+Wanderer+R20a+ASCII.zip&id=11310	R20a	DF Wanderer R20a ASCII/raw/objects/reaction_adventurer.txt	79	CRAFT_PILL_PAINKILLER	1	ADV_ALCHEMY	BUILDING	CARPENTER:NONE
https://dffd.bay12games.com/file.php?id=11310	https://dffd.bay12games.com/download.php?f=DF+Wanderer+R20a+ASCII.zip&id=11310	R20a	DF Wanderer R20a ASCII/raw/objects/reaction_adventurer.txt	80	CRAFT_PILL_PAINKILLER	1	ADV_ALCHEMY	REAGENT	lesser soulgem:1:SMALLGEM:NONE:INORGANIC:CATALYST
https://dffd.bay12games.com/file.php?id=11310	https://dffd.bay12games.com/download.php?f=DF+Wanderer+R20a+ASCII.zip&id=11310	R20a	DF Wanderer R20a ASCII/raw/objects/reaction_adventurer.txt	81	CRAFT_PILL_PAINKILLER	1	ADV_ALCHEMY	PRODUCT	100:1:PLANT:NONE:PLANT_MAT:PILL_PAINKILLER:STRUCTURAL
https://dffd.bay12games.com/file.php?id=11310	https://dffd.bay12games.com/download.php?f=DF+Wanderer+R20a+ASCII.zip&id=11310	R20a	DF Wanderer R20a ASCII/raw/objects/reaction_adventurer.txt	82	CRAFT_PILL_PAINKILLER	1	ADV_ALCHEMY	SKILL	ALCHEMY
https://dffd.bay12games.com/file.php?id=11310	https://dffd.bay12games.com/download.php?f=DF+Wanderer+R20a+ASCII.zip&id=11310	R20a	DF Wanderer R20a ASCII/raw/objects/reaction_adventurer.txt	83	CRAFT_PILL_PAINKILLER	1	ADV_ALCHEMY	CATEGORY	ADV_ALCHEMY
https://dffd.bay12games.com/file.php?id=11310	https://dffd.bay12games.com/download.php?f=DF+Wanderer+R20a+ASCII.zip&id=11310	R20a	DF Wanderer R20a ASCII/raw/objects/reaction_adventurer.txt	85	MAKE_BALM_AGILITY_ADV	1	ADV_ALCHEMY	REACTION	MAKE_BALM_AGILITY_ADV
https://dffd.bay12games.com/file.php?id=11310	https://dffd.bay12games.com/download.php?f=DF+Wanderer+R20a+ASCII.zip&id=11310	R20a	DF Wanderer R20a ASCII/raw/objects/reaction_adventurer.txt	86	MAKE_BALM_AGILITY_ADV	1	ADV_ALCHEMY	NAME	make balm of agility (2 arcane catalysts)
https://dffd.bay12games.com/file.php?id=11310	https://dffd.bay12games.com/download.php?f=DF+Wanderer+R20a+ASCII.zip&id=11310	R20a	DF Wanderer R20a ASCII/raw/objects/reaction_adventurer.txt	87	MAKE_BALM_AGILITY_ADV	1	ADV_ALCHEMY	DESCRIPTION	Make a permanent buff potion from a megabeast soulgem.
https://dffd.bay12games.com/file.php?id=11310	https://dffd.bay12games.com/download.php?f=DF+Wanderer+R20a+ASCII.zip&id=11310	R20a	DF Wanderer R20a ASCII/raw/objects/reaction_adventurer.txt	88	MAKE_BALM_AGILITY_ADV	1	ADV_ALCHEMY	ADVENTURE_MODE_ENABLED	
https://dffd.bay12games.com/file.php?id=11310	https://dffd.bay12games.com/download.php?f=DF+Wanderer+R20a+ASCII.zip&id=11310	R20a	DF Wanderer R20a ASCII/raw/objects/reaction_adventurer.txt	89	MAKE_BALM_AGILITY_ADV	1	ADV_ALCHEMY	BUILDING	CARPENTER:NONE
https://dffd.bay12games.com/file.php?id=11310	https://dffd.bay12games.com/download.php?f=DF+Wanderer+R20a+ASCII.zip&id=11310	R20a	DF Wanderer R20a ASCII/raw/objects/reaction_adventurer.txt	90	MAKE_BALM_AGILITY_ADV	1	ADV_ALCHEMY	REAGENT	soulgem:2:SMALLGEM:NONE:INORGANIC:CATALYST
https://dffd.bay12games.com/file.php?id=11310	https://dffd.bay12games.com/download.php?f=DF+Wanderer+R20a+ASCII.zip&id=11310	R20a	DF Wanderer R20a ASCII/raw/objects/reaction_adventurer.txt	91	MAKE_BALM_AGILITY_ADV	1	ADV_ALCHEMY	PRODUCT	100:1:PLANT:NONE:PLANT_MAT:BALM_AGILITY:STRUCTURAL
https://dffd.bay12games.com/file.php?id=11310	https://dffd.bay12games.com/download.php?f=DF+Wanderer+R20a+ASCII.zip&id=11310	R20a	DF Wanderer R20a ASCII/raw/objects/reaction_adventurer.txt	92	MAKE_BALM_AGILITY_ADV	1	ADV_ALCHEMY	SKILL	ALCHEMY
https://dffd.bay12games.com/file.php?id=11310	https://dffd.bay12games.com/download.php?f=DF+Wanderer+R20a+ASCII.zip&id=11310	R20a	DF Wanderer R20a ASCII/raw/objects/reaction_adventurer.txt	93	MAKE_BALM_AGILITY_ADV	1	ADV_ALCHEMY	CATEGORY	ADV_ALCHEMY
https://dffd.bay12games.com/file.php?id=11310	https://dffd.bay12games.com/download.php?f=DF+Wanderer+R20a+ASCII.zip&id=11310	R20a	DF Wanderer R20a ASCII/raw/objects/reaction_adventurer.txt	95	MAKE_BALM_ENDURANCE_ADV	1	ADV_ALCHEMY	REACTION	MAKE_BALM_ENDURANCE_ADV
https://dffd.bay12games.com/file.php?id=11310	https://dffd.bay12games.com/download.php?f=DF+Wanderer+R20a+ASCII.zip&id=11310	R20a	DF Wanderer R20a ASCII/raw/objects/reaction_adventurer.txt	96	MAKE_BALM_ENDURANCE_ADV	1	ADV_ALCHEMY	NAME	make balm of endurance (2 arcane catalysts)
https://dffd.bay12games.com/file.php?id=11310	https://dffd.bay12games.com/download.php?f=DF+Wanderer+R20a+ASCII.zip&id=11310	R20a	DF Wanderer R20a ASCII/raw/objects/reaction_adventurer.txt	97	MAKE_BALM_ENDURANCE_ADV	1	ADV_ALCHEMY	DESCRIPTION	Make a permanent buff potion from a megabeast soulgem.
https://dffd.bay12games.com/file.php?id=11310	https://dffd.bay12games.com/download.php?f=DF+Wanderer+R20a+ASCII.zip&id=11310	R20a	DF Wanderer R20a ASCII/raw/objects/reaction_adventurer.txt	98	MAKE_BALM_ENDURANCE_ADV	1	ADV_ALCHEMY	ADVENTURE_MODE_ENABLED	
https://dffd.bay12games.com/file.php?id=11310	https://dffd.bay12games.com/download.php?f=DF+Wanderer+R20a+ASCII.zip&id=11310	R20a	DF Wanderer R20a ASCII/raw/objects/reaction_adventurer.txt	99	MAKE_BALM_ENDURANCE_ADV	1	ADV_ALCHEMY	BUILDING	CARPENTER:NONE
https://dffd.bay12games.com/file.php?id=11310	https://dffd.bay12games.com/download.php?f=DF+Wanderer+R20a+ASCII.zip&id=11310	R20a	DF Wanderer R20a ASCII/raw/objects/reaction_adventurer.txt	100	MAKE_BALM_ENDURANCE_ADV	1	ADV_ALCHEMY	REAGENT	soulgem:2:SMALLGEM:NONE:INORGANIC:CATALYST
https://dffd.bay12games.com/file.php?id=11310	https://dffd.bay12games.com/download.php?f=DF+Wanderer+R20a+ASCII.zip&id=11310	R20a	DF Wanderer R20a ASCII/raw/objects/reaction_adventurer.txt	101	MAKE_BALM_ENDURANCE_ADV	1	ADV_ALCHEMY	PRODUCT	100:1:PLANT:NONE:PLANT_MAT:BALM_ENDURANCE:STRUCTURAL
https://dffd.bay12games.com/file.php?id=11310	https://dffd.bay12games.com/download.php?f=DF+Wanderer+R20a+ASCII.zip&id=11310	R20a	DF Wanderer R20a ASCII/raw/objects/reaction_adventurer.txt	102	MAKE_BALM_ENDURANCE_ADV	1	ADV_ALCHEMY	SKILL	ALCHEMY
https://dffd.bay12games.com/file.php?id=11310	https://dffd.bay12games.com/download.php?f=DF+Wanderer+R20a+ASCII.zip&id=11310	R20a	DF Wanderer R20a ASCII/raw/objects/reaction_adventurer.txt	103	MAKE_BALM_ENDURANCE_ADV	1	ADV_ALCHEMY	CATEGORY	ADV_ALCHEMY
https://dffd.bay12games.com/file.php?id=11310	https://dffd.bay12games.com/download.php?f=DF+Wanderer+R20a+ASCII.zip&id=11310	R20a	DF Wanderer R20a ASCII/raw/objects/reaction_adventurer.txt	105	MAKE_BALM_STRENGTH_ADV	1	ADV_ALCHEMY	REACTION	MAKE_BALM_STRENGTH_ADV
https://dffd.bay12games.com/file.php?id=11310	https://dffd.bay12games.com/download.php?f=DF+Wanderer+R20a+ASCII.zip&id=11310	R20a	DF Wanderer R20a ASCII/raw/objects/reaction_adventurer.txt	106	MAKE_BALM_STRENGTH_ADV	1	ADV_ALCHEMY	NAME	make balm of strength (2 arcane catalysts)
https://dffd.bay12games.com/file.php?id=11310	https://dffd.bay12games.com/download.php?f=DF+Wanderer+R20a+ASCII.zip&id=11310	R20a	DF Wanderer R20a ASCII/raw/objects/reaction_adventurer.txt	107	MAKE_BALM_STRENGTH_ADV	1	ADV_ALCHEMY	DESCRIPTION	Make a permanent buff potion from a megabeast soulgem.
https://dffd.bay12games.com/file.php?id=11310	https://dffd.bay12games.com/download.php?f=DF+Wanderer+R20a+ASCII.zip&id=11310	R20a	DF Wanderer R20a ASCII/raw/objects/reaction_adventurer.txt	108	MAKE_BALM_STRENGTH_ADV	1	ADV_ALCHEMY	ADVENTURE_MODE_ENABLED	
https://dffd.bay12games.com/file.php?id=11310	https://dffd.bay12games.com/download.php?f=DF+Wanderer+R20a+ASCII.zip&id=11310	R20a	DF Wanderer R20a ASCII/raw/objects/reaction_adventurer.txt	109	MAKE_BALM_STRENGTH_ADV	1	ADV_ALCHEMY	BUILDING	CARPENTER:NONE
https://dffd.bay12games.com/file.php?id=11310	https://dffd.bay12games.com/download.php?f=DF+Wanderer+R20a+ASCII.zip&id=11310	R20a	DF Wanderer R20a ASCII/raw/objects/reaction_adventurer.txt	110	MAKE_BALM_STRENGTH_ADV	1	ADV_ALCHEMY	REAGENT	soulgem:2:SMALLGEM:NONE:INORGANIC:CATALYST
https://dffd.bay12games.com/file.php?id=11310	https://dffd.bay12games.com/download.php?f=DF+Wanderer+R20a+ASCII.zip&id=11310	R20a	DF Wanderer R20a ASCII/raw/objects/reaction_adventurer.txt	111	MAKE_BALM_STRENGTH_ADV	1	ADV_ALCHEMY	PRODUCT	100:1:PLANT:NONE:PLANT_MAT:BALM_STRENGTH:STRUCTURAL
https://dffd.bay12games.com/file.php?id=11310	https://dffd.bay12games.com/download.php?f=DF+Wanderer+R20a+ASCII.zip&id=11310	R20a	DF Wanderer R20a ASCII/raw/objects/reaction_adventurer.txt	112	MAKE_BALM_STRENGTH_ADV	1	ADV_ALCHEMY	SKILL	ALCHEMY
https://dffd.bay12games.com/file.php?id=11310	https://dffd.bay12games.com/download.php?f=DF+Wanderer+R20a+ASCII.zip&id=11310	R20a	DF Wanderer R20a ASCII/raw/objects/reaction_adventurer.txt	113	MAKE_BALM_STRENGTH_ADV	1	ADV_ALCHEMY	CATEGORY	ADV_ALCHEMY
https://dffd.bay12games.com/file.php?id=11310	https://dffd.bay12games.com/download.php?f=DF+Wanderer+R20a+ASCII.zip&id=11310	R20a	DF Wanderer R20a ASCII/raw/objects/reaction_adventurer.txt	115	MAKE_BALM_RECUPERATION_ADV	1	ADV_ALCHEMY	REACTION	MAKE_BALM_RECUPERATION_ADV
https://dffd.bay12games.com/file.php?id=11310	https://dffd.bay12games.com/download.php?f=DF+Wanderer+R20a+ASCII.zip&id=11310	R20a	DF Wanderer R20a ASCII/raw/objects/reaction_adventurer.txt	116	MAKE_BALM_RECUPERATION_ADV	1	ADV_ALCHEMY	NAME	make balm of recuperation (2 arcane catalysts)
https://dffd.bay12games.com/file.php?id=11310	https://dffd.bay12games.com/download.php?f=DF+Wanderer+R20a+ASCII.zip&id=11310	R20a	DF Wanderer R20a ASCII/raw/objects/reaction_adventurer.txt	117	MAKE_BALM_RECUPERATION_ADV	1	ADV_ALCHEMY	DESCRIPTION	Make a permanent buff potion from a megabeast soulgem.
https://dffd.bay12games.com/file.php?id=11310	https://dffd.bay12games.com/download.php?f=DF+Wanderer+R20a+ASCII.zip&id=11310	R20a	DF Wanderer R20a ASCII/raw/objects/reaction_adventurer.txt	118	MAKE_BALM_RECUPERATION_ADV	1	ADV_ALCHEMY	ADVENTURE_MODE_ENABLED	
https://dffd.bay12games.com/file.php?id=11310	https://dffd.bay12games.com/download.php?f=DF+Wanderer+R20a+ASCII.zip&id=11310	R20a	DF Wanderer R20a ASCII/raw/objects/reaction_adventurer.txt	119	MAKE_BALM_RECUPERATION_ADV	1	ADV_ALCHEMY	BUILDING	CARPENTER:NONE
https://dffd.bay12games.com/file.php?id=11310	https://dffd.bay12games.com/download.php?f=DF+Wanderer+R20a+ASCII.zip&id=11310	R20a	DF Wanderer R20a ASCII/raw/objects/reaction_adventurer.txt	120	MAKE_BALM_RECUPERATION_ADV	1	ADV_ALCHEMY	REAGENT	soulgem:2:SMALLGEM:NONE:INORGANIC:CATALYST
https://dffd.bay12games.com/file.php?id=11310	https://dffd.bay12games.com/download.php?f=DF+Wanderer+R20a+ASCII.zip&id=11310	R20a	DF Wanderer R20a ASCII/raw/objects/reaction_adventurer.txt	121	MAKE_BALM_RECUPERATION_ADV	1	ADV_ALCHEMY	PRODUCT	100:1:PLANT:NONE:PLANT_MAT:BALM_RECUPERATION:STRUCTURAL
https://dffd.bay12games.com/file.php?id=11310	https://dffd.bay12games.com/download.php?f=DF+Wanderer+R20a+ASCII.zip&id=11310	R20a	DF Wanderer R20a ASCII/raw/objects/reaction_adventurer.txt	122	MAKE_BALM_RECUPERATION_ADV	1	ADV_ALCHEMY	SKILL	ALCHEMY
https://dffd.bay12games.com/file.php?id=11310	https://dffd.bay12games.com/download.php?f=DF+Wanderer+R20a+ASCII.zip&id=11310	R20a	DF Wanderer R20a ASCII/raw/objects/reaction_adventurer.txt	123	MAKE_BALM_RECUPERATION_ADV	1	ADV_ALCHEMY	CATEGORY	ADV_ALCHEMY
https://dffd.bay12games.com/file.php?id=11310	https://dffd.bay12games.com/download.php?f=DF+Wanderer+R20a+ASCII.zip&id=11310	R20a	DF Wanderer R20a ASCII/raw/objects/reaction_adventurer.txt	125	MAKE_BALM_TOUGHNESS_ADV	1	ADV_ALCHEMY	REACTION	MAKE_BALM_TOUGHNESS_ADV
https://dffd.bay12games.com/file.php?id=11310	https://dffd.bay12games.com/download.php?f=DF+Wanderer+R20a+ASCII.zip&id=11310	R20a	DF Wanderer R20a ASCII/raw/objects/reaction_adventurer.txt	126	MAKE_BALM_TOUGHNESS_ADV	1	ADV_ALCHEMY	NAME	make balm of toughness (2 arcane catalysts)
https://dffd.bay12games.com/file.php?id=11310	https://dffd.bay12games.com/download.php?f=DF+Wanderer+R20a+ASCII.zip&id=11310	R20a	DF Wanderer R20a ASCII/raw/objects/reaction_adventurer.txt	127	MAKE_BALM_TOUGHNESS_ADV	1	ADV_ALCHEMY	DESCRIPTION	Make a permanent buff potion from a megabeast soulgem.
https://dffd.bay12games.com/file.php?id=11310	https://dffd.bay12games.com/download.php?f=DF+Wanderer+R20a+ASCII.zip&id=11310	R20a	DF Wanderer R20a ASCII/raw/objects/reaction_adventurer.txt	128	MAKE_BALM_TOUGHNESS_ADV	1	ADV_ALCHEMY	ADVENTURE_MODE_ENABLED	
https://dffd.bay12games.com/file.php?id=11310	https://dffd.bay12games.com/download.php?f=DF+Wanderer+R20a+ASCII.zip&id=11310	R20a	DF Wanderer R20a ASCII/raw/objects/reaction_adventurer.txt	129	MAKE_BALM_TOUGHNESS_ADV	1	ADV_ALCHEMY	BUILDING	CARPENTER:NONE
https://dffd.bay12games.com/file.php?id=11310	https://dffd.bay12games.com/download.php?f=DF+Wanderer+R20a+ASCII.zip&id=11310	R20a	DF Wanderer R20a ASCII/raw/objects/reaction_adventurer.txt	130	MAKE_BALM_TOUGHNESS_ADV	1	ADV_ALCHEMY	REAGENT	soulgem:2:SMALLGEM:NONE:INORGANIC:CATALYST
https://dffd.bay12games.com/file.php?id=11310	https://dffd.bay12games.com/download.php?f=DF+Wanderer+R20a+ASCII.zip&id=11310	R20a	DF Wanderer R20a ASCII/raw/objects/reaction_adventurer.txt	131	MAKE_BALM_TOUGHNESS_ADV	1	ADV_ALCHEMY	PRODUCT	100:1:PLANT:NONE:PLANT_MAT:BALM_TOUGHNESS:STRUCTURAL
https://dffd.bay12games.com/file.php?id=11310	https://dffd.bay12games.com/download.php?f=DF+Wanderer+R20a+ASCII.zip&id=11310	R20a	DF Wanderer R20a ASCII/raw/objects/reaction_adventurer.txt	132	MAKE_BALM_TOUGHNESS_ADV	1	ADV_ALCHEMY	SKILL	ALCHEMY
https://dffd.bay12games.com/file.php?id=11310	https://dffd.bay12games.com/download.php?f=DF+Wanderer+R20a+ASCII.zip&id=11310	R20a	DF Wanderer R20a ASCII/raw/objects/reaction_adventurer.txt	133	MAKE_BALM_TOUGHNESS_ADV	1	ADV_ALCHEMY	CATEGORY	ADV_ALCHEMY
https://dffd.bay12games.com/file.php?id=11310	https://dffd.bay12games.com/download.php?f=DF+Wanderer+R20a+ASCII.zip&id=11310	R20a	DF Wanderer R20a ASCII/raw/objects/reaction_adventurer.txt	135	MAKE_POTION_EXTRAVISION_ADV	1	ADV_ALCHEMY	REACTION	MAKE_POTION_EXTRAVISION_ADV
https://dffd.bay12games.com/file.php?id=11310	https://dffd.bay12games.com/download.php?f=DF+Wanderer+R20a+ASCII.zip&id=11310	R20a	DF Wanderer R20a ASCII/raw/objects/reaction_adventurer.txt	136	MAKE_POTION_EXTRAVISION_ADV	1	ADV_ALCHEMY	NAME	make potion of extravision (3 arcane catalysts)
https://dffd.bay12games.com/file.php?id=11310	https://dffd.bay12games.com/download.php?f=DF+Wanderer+R20a+ASCII.zip&id=11310	R20a	DF Wanderer R20a ASCII/raw/objects/reaction_adventurer.txt	137	MAKE_POTION_EXTRAVISION_ADV	1	ADV_ALCHEMY	DESCRIPTION	(Megabeast hearts) Make a permanent buff potion from a megabeast soulgem.
https://dffd.bay12games.com/file.php?id=11310	https://dffd.bay12games.com/download.php?f=DF+Wanderer+R20a+ASCII.zip&id=11310	R20a	DF Wanderer R20a ASCII/raw/objects/reaction_adventurer.txt	138	MAKE_POTION_EXTRAVISION_ADV	1	ADV_ALCHEMY	ADVENTURE_MODE_ENABLED	
https://dffd.bay12games.com/file.php?id=11310	https://dffd.bay12games.com/download.php?f=DF+Wanderer+R20a+ASCII.zip&id=11310	R20a	DF Wanderer R20a ASCII/raw/objects/reaction_adventurer.txt	139	MAKE_POTION_EXTRAVISION_ADV	1	ADV_ALCHEMY	BUILDING	CARPENTER:NONE
https://dffd.bay12games.com/file.php?id=11310	https://dffd.bay12games.com/download.php?f=DF+Wanderer+R20a+ASCII.zip&id=11310	R20a	DF Wanderer R20a ASCII/raw/objects/reaction_adventurer.txt	140	MAKE_POTION_EXTRAVISION_ADV	1	ADV_ALCHEMY	REAGENT	soulgem:3:SMALLGEM:NONE:INORGANIC:CATALYST
https://dffd.bay12games.com/file.php?id=11310	https://dffd.bay12games.com/download.php?f=DF+Wanderer+R20a+ASCII.zip&id=11310	R20a	DF Wanderer R20a ASCII/raw/objects/reaction_adventurer.txt	141	MAKE_POTION_EXTRAVISION_ADV	1	ADV_ALCHEMY	PRODUCT	100:1:PLANT:NONE:PLANT_MAT:POTION_EXTRAVISION:STRUCTURAL
https://dffd.bay12games.com/file.php?id=11310	https://dffd.bay12games.com/download.php?f=DF+Wanderer+R20a+ASCII.zip&id=11310	R20a	DF Wanderer R20a ASCII/raw/objects/reaction_adventurer.txt	142	MAKE_POTION_EXTRAVISION_ADV	1	ADV_ALCHEMY	SKILL	ALCHEMY
https://dffd.bay12games.com/file.php?id=11310	https://dffd.bay12games.com/download.php?f=DF+Wanderer+R20a+ASCII.zip&id=11310	R20a	DF Wanderer R20a ASCII/raw/objects/reaction_adventurer.txt	143	MAKE_POTION_EXTRAVISION_ADV	1	ADV_ALCHEMY	CATEGORY	ADV_ALCHEMY
https://dffd.bay12games.com/file.php?id=11310	https://dffd.bay12games.com/download.php?f=DF+Wanderer+R20a+ASCII.zip&id=11310	R20a	DF Wanderer R20a ASCII/raw/objects/reaction_adventurer.txt	145	MAKE_POTION_INDEFATIGABILITY_ADV	1	ADV_ALCHEMY	REACTION	MAKE_POTION_INDEFATIGABILITY_ADV
https://dffd.bay12games.com/file.php?id=11310	https://dffd.bay12games.com/download.php?f=DF+Wanderer+R20a+ASCII.zip&id=11310	R20a	DF Wanderer R20a ASCII/raw/objects/reaction_adventurer.txt	146	MAKE_POTION_INDEFATIGABILITY_ADV	1	ADV_ALCHEMY	NAME	make potion of indefatigability (5 arcane catalysts)
https://dffd.bay12games.com/file.php?id=11310	https://dffd.bay12games.com/download.php?f=DF+Wanderer+R20a+ASCII.zip&id=11310	R20a	DF Wanderer R20a ASCII/raw/objects/reaction_adventurer.txt	147	MAKE_POTION_INDEFATIGABILITY_ADV	1	ADV_ALCHEMY	DESCRIPTION	(Megabeast hearts) Make a permanent buff potion from a megabeast soulgem.
https://dffd.bay12games.com/file.php?id=11310	https://dffd.bay12games.com/download.php?f=DF+Wanderer+R20a+ASCII.zip&id=11310	R20a	DF Wanderer R20a ASCII/raw/objects/reaction_adventurer.txt	148	MAKE_POTION_INDEFATIGABILITY_ADV	1	ADV_ALCHEMY	ADVENTURE_MODE_ENABLED	
https://dffd.bay12games.com/file.php?id=11310	https://dffd.bay12games.com/download.php?f=DF+Wanderer+R20a+ASCII.zip&id=11310	R20a	DF Wanderer R20a ASCII/raw/objects/reaction_adventurer.txt	149	MAKE_POTION_INDEFATIGABILITY_ADV	1	ADV_ALCHEMY	BUILDING	CARPENTER:NONE
https://dffd.bay12games.com/file.php?id=11310	https://dffd.bay12games.com/download.php?f=DF+Wanderer+R20a+ASCII.zip&id=11310	R20a	DF Wanderer R20a ASCII/raw/objects/reaction_adventurer.txt	150	MAKE_POTION_INDEFATIGABILITY_ADV	1	ADV_ALCHEMY	REAGENT	soulgem:5:SMALLGEM:NONE:INORGANIC:CATALYST
https://dffd.bay12games.com/file.php?id=11310	https://dffd.bay12games.com/download.php?f=DF+Wanderer+R20a+ASCII.zip&id=11310	R20a	DF Wanderer R20a ASCII/raw/objects/reaction_adventurer.txt	151	MAKE_POTION_INDEFATIGABILITY_ADV	1	ADV_ALCHEMY	PRODUCT	100:1:PLANT:NONE:PLANT_MAT:POTION_INDEFATIGABILITY:STRUCTURAL
https://dffd.bay12games.com/file.php?id=11310	https://dffd.bay12games.com/download.php?f=DF+Wanderer+R20a+ASCII.zip&id=11310	R20a	DF Wanderer R20a ASCII/raw/objects/reaction_adventurer.txt	152	MAKE_POTION_INDEFATIGABILITY_ADV	1	ADV_ALCHEMY	SKILL	ALCHEMY
https://dffd.bay12games.com/file.php?id=11310	https://dffd.bay12games.com/download.php?f=DF+Wanderer+R20a+ASCII.zip&id=11310	R20a	DF Wanderer R20a ASCII/raw/objects/reaction_adventurer.txt	153	MAKE_POTION_INDEFATIGABILITY_ADV	1	ADV_ALCHEMY	CATEGORY	ADV_ALCHEMY
https://dffd.bay12games.com/file.php?id=11310	https://dffd.bay12games.com/download.php?f=DF+Wanderer+R20a+ASCII.zip&id=11310	R20a	DF Wanderer R20a ASCII/raw/objects/reaction_adventurer.txt	157	MAKE_QUIRE_ADV	1	ADV_BOOKMAKING	REACTION	MAKE_QUIRE_ADV
https://dffd.bay12games.com/file.php?id=11310	https://dffd.bay12games.com/download.php?f=DF+Wanderer+R20a+ASCII.zip&id=11310	R20a	DF Wanderer R20a ASCII/raw/objects/reaction_adventurer.txt	158	MAKE_QUIRE_ADV	1	ADV_BOOKMAKING	NAME	make quire
https://dffd.bay12games.com/file.php?id=11310	https://dffd.bay12games.com/download.php?f=DF+Wanderer+R20a+ASCII.zip&id=11310	R20a	DF Wanderer R20a ASCII/raw/objects/reaction_adventurer.txt	159	MAKE_QUIRE_ADV	1	ADV_BOOKMAKING	ADVENTURE_MODE_ENABLED	
https://dffd.bay12games.com/file.php?id=11310	https://dffd.bay12games.com/download.php?f=DF+Wanderer+R20a+ASCII.zip&id=11310	R20a	DF Wanderer R20a ASCII/raw/objects/reaction_adventurer.txt	160	MAKE_QUIRE_ADV	1	ADV_BOOKMAKING	BUILDING	CARPENTER:NONE
https://dffd.bay12games.com/file.php?id=11310	https://dffd.bay12games.com/download.php?f=DF+Wanderer+R20a+ASCII.zip&id=11310	R20a	DF Wanderer R20a ASCII/raw/objects/reaction_adventurer.txt	161	MAKE_QUIRE_ADV	1	ADV_BOOKMAKING	REAGENT	tool:1:NONE:NONE:NONE:NONE
https://dffd.bay12games.com/file.php?id=11310	https://dffd.bay12games.com/download.php?f=DF+Wanderer+R20a+ASCII.zip&id=11310	R20a	DF Wanderer R20a ASCII/raw/objects/reaction_adventurer.txt	162	MAKE_QUIRE_ADV	1	ADV_BOOKMAKING	PRESERVE_REAGENT	
https://dffd.bay12games.com/file.php?id=11310	https://dffd.bay12games.com/download.php?f=DF+Wanderer+R20a+ASCII.zip&id=11310	R20a	DF Wanderer R20a ASCII/raw/objects/reaction_adventurer.txt	162	MAKE_QUIRE_ADV	1	ADV_BOOKMAKING	HAS_EDGE	
https://dffd.bay12games.com/file.php?id=11310	https://dffd.bay12games.com/download.php?f=DF+Wanderer+R20a+ASCII.zip&id=11310	R20a	DF Wanderer R20a ASCII/raw/objects/reaction_adventurer.txt	163	MAKE_QUIRE_ADV	1	ADV_BOOKMAKING	REAGENT	A:1:NONE:NONE:NONE:NONE
https://dffd.bay12games.com/file.php?id=11310	https://dffd.bay12games.com/download.php?f=DF+Wanderer+R20a+ASCII.zip&id=11310	R20a	DF Wanderer R20a ASCII/raw/objects/reaction_adventurer.txt	163	MAKE_QUIRE_ADV	1	ADV_BOOKMAKING	USE_BODY_COMPONENT	
https://dffd.bay12games.com/file.php?id=11310	https://dffd.bay12games.com/download.php?f=DF+Wanderer+R20a+ASCII.zip&id=11310	R20a	DF Wanderer R20a ASCII/raw/objects/reaction_adventurer.txt	163	MAKE_QUIRE_ADV	1	ADV_BOOKMAKING	UNROTTEN	
https://dffd.bay12games.com/file.php?id=11310	https://dffd.bay12games.com/download.php?f=DF+Wanderer+R20a+ASCII.zip&id=11310	R20a	DF Wanderer R20a ASCII/raw/objects/reaction_adventurer.txt	164	MAKE_QUIRE_ADV	1	ADV_BOOKMAKING	HAS_MATERIAL_REACTION_PRODUCT	PARCHMENT_MAT
https://dffd.bay12games.com/file.php?id=11310	https://dffd.bay12games.com/download.php?f=DF+Wanderer+R20a+ASCII.zip&id=11310	R20a	DF Wanderer R20a ASCII/raw/objects/reaction_adventurer.txt	165	MAKE_QUIRE_ADV	1	ADV_BOOKMAKING	PRODUCT	100:1:TOOL:ITEM_TOOL_QUIRE:GET_MATERIAL_FROM_REAGENT:A:PARCHMENT_MAT
https://dffd.bay12games.com/file.php?id=11310	https://dffd.bay12games.com/download.php?f=DF+Wanderer+R20a+ASCII.zip&id=11310	R20a	DF Wanderer R20a ASCII/raw/objects/reaction_adventurer.txt	166	MAKE_QUIRE_ADV	1	ADV_BOOKMAKING	SKILL	TANNER
https://dffd.bay12games.com/file.php?id=11310	https://dffd.bay12games.com/download.php?f=DF+Wanderer+R20a+ASCII.zip&id=11310	R20a	DF Wanderer R20a ASCII/raw/objects/reaction_adventurer.txt	167	MAKE_QUIRE_ADV	1	ADV_BOOKMAKING	CATEGORY	ADV_BOOKMAKING
https://dffd.bay12games.com/file.php?id=11310	https://dffd.bay12games.com/download.php?f=DF+Wanderer+R20a+ASCII.zip&id=11310	R20a	DF Wanderer R20a ASCII/raw/objects/reaction_adventurer.txt	168	MAKE_QUIRE_ADV	1	ADV_BOOKMAKING	CATEGORY_NAME	Bookmaking
https://dffd.bay12games.com/file.php?id=11310	https://dffd.bay12games.com/download.php?f=DF+Wanderer+R20a+ASCII.zip&id=11310	R20a	DF Wanderer R20a ASCII/raw/objects/reaction_adventurer.txt	169	MAKE_QUIRE_ADV	1	ADV_BOOKMAKING	CATEGORY_DESCRIPTION	Make quires, scrolls and books.
https://dffd.bay12games.com/file.php?id=11310	https://dffd.bay12games.com/download.php?f=DF+Wanderer+R20a+ASCII.zip&id=11310	R20a	DF Wanderer R20a ASCII/raw/objects/reaction_adventurer.txt	171	MAKE_SCROLL_ADV	1	ADV_BOOKMAKING	REACTION	MAKE_SCROLL_ADV
https://dffd.bay12games.com/file.php?id=11310	https://dffd.bay12games.com/download.php?f=DF+Wanderer+R20a+ASCII.zip&id=11310	R20a	DF Wanderer R20a ASCII/raw/objects/reaction_adventurer.txt	172	MAKE_SCROLL_ADV	1	ADV_BOOKMAKING	NAME	make scroll
https://dffd.bay12games.com/file.php?id=11310	https://dffd.bay12games.com/download.php?f=DF+Wanderer+R20a+ASCII.zip&id=11310	R20a	DF Wanderer R20a ASCII/raw/objects/reaction_adventurer.txt	173	MAKE_SCROLL_ADV	1	ADV_BOOKMAKING	DESCRIPTION	USE_WEAPON:ITEM_WEAPON_DAGGER_LARGE
https://dffd.bay12games.com/file.php?id=11310	https://dffd.bay12games.com/download.php?f=DF+Wanderer+R20a+ASCII.zip&id=11310	R20a	DF Wanderer R20a ASCII/raw/objects/reaction_adventurer.txt	174	MAKE_SCROLL_ADV	1	ADV_BOOKMAKING	ADVENTURE_MODE_ENABLED	
https://dffd.bay12games.com/file.php?id=11310	https://dffd.bay12games.com/download.php?f=DF+Wanderer+R20a+ASCII.zip&id=11310	R20a	DF Wanderer R20a ASCII/raw/objects/reaction_adventurer.txt	175	MAKE_SCROLL_ADV	1	ADV_BOOKMAKING	BUILDING	CARPENTER:NONE
https://dffd.bay12games.com/file.php?id=11310	https://dffd.bay12games.com/download.php?f=DF+Wanderer+R20a+ASCII.zip&id=11310	R20a	DF Wanderer R20a ASCII/raw/objects/reaction_adventurer.txt	176	MAKE_SCROLL_ADV	1	ADV_BOOKMAKING	REAGENT	tool:1:NONE:NONE:NONE:NONE
https://dffd.bay12games.com/file.php?id=11310	https://dffd.bay12games.com/download.php?f=DF+Wanderer+R20a+ASCII.zip&id=11310	R20a	DF Wanderer R20a ASCII/raw/objects/reaction_adventurer.txt	177	MAKE_SCROLL_ADV	1	ADV_BOOKMAKING	PRESERVE_REAGENT	
https://dffd.bay12games.com/file.php?id=11310	https://dffd.bay12games.com/download.php?f=DF+Wanderer+R20a+ASCII.zip&id=11310	R20a	DF Wanderer R20a ASCII/raw/objects/reaction_adventurer.txt	177	MAKE_SCROLL_ADV	1	ADV_BOOKMAKING	HAS_EDGE	
https://dffd.bay12games.com/file.php?id=11310	https://dffd.bay12games.com/download.php?f=DF+Wanderer+R20a+ASCII.zip&id=11310	R20a	DF Wanderer R20a ASCII/raw/objects/reaction_adventurer.txt	178	MAKE_SCROLL_ADV	1	ADV_BOOKMAKING	REAGENT	stick:1:TOOL:ITEM_TOOL_STICK:NONE:NONE
https://dffd.bay12games.com/file.php?id=11310	https://dffd.bay12games.com/download.php?f=DF+Wanderer+R20a+ASCII.zip&id=11310	R20a	DF Wanderer R20a ASCII/raw/objects/reaction_adventurer.txt	179	MAKE_SCROLL_ADV	1	ADV_BOOKMAKING	REAGENT	A:1:NONE:NONE:NONE:NONE
https://dffd.bay12games.com/file.php?id=11310	https://dffd.bay12games.com/download.php?f=DF+Wanderer+R20a+ASCII.zip&id=11310	R20a	DF Wanderer R20a ASCII/raw/objects/reaction_adventurer.txt	179	MAKE_SCROLL_ADV	1	ADV_BOOKMAKING	USE_BODY_COMPONENT	
https://dffd.bay12games.com/file.php?id=11310	https://dffd.bay12games.com/download.php?f=DF+Wanderer+R20a+ASCII.zip&id=11310	R20a	DF Wanderer R20a ASCII/raw/objects/reaction_adventurer.txt	179	MAKE_SCROLL_ADV	1	ADV_BOOKMAKING	UNROTTEN	
https://dffd.bay12games.com/file.php?id=11310	https://dffd.bay12games.com/download.php?f=DF+Wanderer+R20a+ASCII.zip&id=11310	R20a	DF Wanderer R20a ASCII/raw/objects/reaction_adventurer.txt	180	MAKE_SCROLL_ADV	1	ADV_BOOKMAKING	HAS_MATERIAL_REACTION_PRODUCT	PARCHMENT_MAT
https://dffd.bay12games.com/file.php?id=11310	https://dffd.bay12games.com/download.php?f=DF+Wanderer+R20a+ASCII.zip&id=11310	R20a	DF Wanderer R20a ASCII/raw/objects/reaction_adventurer.txt	181	MAKE_SCROLL_ADV	1	ADV_BOOKMAKING	PRODUCT	100:1:TOOL:ITEM_TOOL_SCROLL:GET_MATERIAL_FROM_REAGENT:A:PARCHMENT_MAT
https://dffd.bay12games.com/file.php?id=11310	https://dffd.bay12games.com/download.php?f=DF+Wanderer+R20a+ASCII.zip&id=11310	R20a	DF Wanderer R20a ASCII/raw/objects/reaction_adventurer.txt	182	MAKE_SCROLL_ADV	1	ADV_BOOKMAKING	PRODUCT_TOKEN	scroll
https://dffd.bay12games.com/file.php?id=11310	https://dffd.bay12games.com/download.php?f=DF+Wanderer+R20a+ASCII.zip&id=11310	R20a	DF Wanderer R20a ASCII/raw/objects/reaction_adventurer.txt	183	MAKE_SCROLL_ADV	1	ADV_BOOKMAKING	IMPROVEMENT	100:scroll:SPECIFIC:ROLLERS:GET_MATERIAL_FROM_REAGENT:scroll rollers:NONE
https://dffd.bay12games.com/file.php?id=11310	https://dffd.bay12games.com/download.php?f=DF+Wanderer+R20a+ASCII.zip&id=11310	R20a	DF Wanderer R20a ASCII/raw/objects/reaction_adventurer.txt	184	MAKE_SCROLL_ADV	1	ADV_BOOKMAKING	SKILL	BOOKBINDING
https://dffd.bay12games.com/file.php?id=11310	https://dffd.bay12games.com/download.php?f=DF+Wanderer+R20a+ASCII.zip&id=11310	R20a	DF Wanderer R20a ASCII/raw/objects/reaction_adventurer.txt	185	MAKE_SCROLL_ADV	1	ADV_BOOKMAKING	CATEGORY	ADV_BOOKMAKING
https://dffd.bay12games.com/file.php?id=11310	https://dffd.bay12games.com/download.php?f=DF+Wanderer+R20a+ASCII.zip&id=11310	R20a	DF Wanderer R20a ASCII/raw/objects/reaction_adventurer.txt	187	BIND_BOOK_ADV	1	ADV_BOOKMAKING	REACTION	BIND_BOOK_ADV
https://dffd.bay12games.com/file.php?id=11310	https://dffd.bay12games.com/download.php?f=DF+Wanderer+R20a+ASCII.zip&id=11310	R20a	DF Wanderer R20a ASCII/raw/objects/reaction_adventurer.txt	188	BIND_BOOK_ADV	1	ADV_BOOKMAKING	NAME	bind book
https://dffd.bay12games.com/file.php?id=11310	https://dffd.bay12games.com/download.php?f=DF+Wanderer+R20a+ASCII.zip&id=11310	R20a	DF Wanderer R20a ASCII/raw/objects/reaction_adventurer.txt	189	BIND_BOOK_ADV	1	ADV_BOOKMAKING	ADVENTURE_MODE_ENABLED	
https://dffd.bay12games.com/file.php?id=11310	https://dffd.bay12games.com/download.php?f=DF+Wanderer+R20a+ASCII.zip&id=11310	R20a	DF Wanderer R20a ASCII/raw/objects/reaction_adventurer.txt	190	BIND_BOOK_ADV	1	ADV_BOOKMAKING	BUILDING	CARPENTER:NONE
https://dffd.bay12games.com/file.php?id=11310	https://dffd.bay12games.com/download.php?f=DF+Wanderer+R20a+ASCII.zip&id=11310	R20a	DF Wanderer R20a ASCII/raw/objects/reaction_adventurer.txt	191	BIND_BOOK_ADV	1	ADV_BOOKMAKING	REAGENT	quire:1:TOOL:ITEM_TOOL_QUIRE:NONE:NONE
https://dffd.bay12games.com/file.php?id=11310	https://dffd.bay12games.com/download.php?f=DF+Wanderer+R20a+ASCII.zip&id=11310	R20a	DF Wanderer R20a ASCII/raw/objects/reaction_adventurer.txt	192	BIND_BOOK_ADV	1	ADV_BOOKMAKING	HAS_WRITING_IMPROVEMENT	
https://dffd.bay12games.com/file.php?id=11310	https://dffd.bay12games.com/download.php?f=DF+Wanderer+R20a+ASCII.zip&id=11310	R20a	DF Wanderer R20a ASCII/raw/objects/reaction_adventurer.txt	193	BIND_BOOK_ADV	1	ADV_BOOKMAKING	CAN_USE_ARTIFACT	
https://dffd.bay12games.com/file.php?id=11310	https://dffd.bay12games.com/download.php?f=DF+Wanderer+R20a+ASCII.zip&id=11310	R20a	DF Wanderer R20a ASCII/raw/objects/reaction_adventurer.txt	194	BIND_BOOK_ADV	1	ADV_BOOKMAKING	CAN_USE_LOCATION_RESERVED	
https://dffd.bay12games.com/file.php?id=11310	https://dffd.bay12games.com/download.php?f=DF+Wanderer+R20a+ASCII.zip&id=11310	R20a	DF Wanderer R20a ASCII/raw/objects/reaction_adventurer.txt	195	BIND_BOOK_ADV	1	ADV_BOOKMAKING	REAGENT	leather:1:SKIN_TANNED:NONE:NONE:NONE
https://dffd.bay12games.com/file.php?id=11310	https://dffd.bay12games.com/download.php?f=DF+Wanderer+R20a+ASCII.zip&id=11310	R20a	DF Wanderer R20a ASCII/raw/objects/reaction_adventurer.txt	196	BIND_BOOK_ADV	1	ADV_BOOKMAKING	PRODUCT	100:1:BOOK:NONE:GET_MATERIAL_FROM_REAGENT:leather:NONE
https://dffd.bay12games.com/file.php?id=11310	https://dffd.bay12games.com/download.php?f=DF+Wanderer+R20a+ASCII.zip&id=11310	R20a	DF Wanderer R20a ASCII/raw/objects/reaction_adventurer.txt	197	BIND_BOOK_ADV	1	ADV_BOOKMAKING	PRODUCT_TOKEN	book
https://dffd.bay12games.com/file.php?id=11310	https://dffd.bay12games.com/download.php?f=DF+Wanderer+R20a+ASCII.zip&id=11310	R20a	DF Wanderer R20a ASCII/raw/objects/reaction_adventurer.txt	198	BIND_BOOK_ADV	1	ADV_BOOKMAKING	TRANSFER_ARTIFACT_STATUS	
https://dffd.bay12games.com/file.php?id=11310	https://dffd.bay12games.com/download.php?f=DF+Wanderer+R20a+ASCII.zip&id=11310	R20a	DF Wanderer R20a ASCII/raw/objects/reaction_adventurer.txt	199	BIND_BOOK_ADV	1	ADV_BOOKMAKING	IMPROVEMENT	100:book:PAGES:GET_MATERIAL_FROM_REAGENT:quire:NONE
https://dffd.bay12games.com/file.php?id=11310	https://dffd.bay12games.com/download.php?f=DF+Wanderer+R20a+ASCII.zip&id=11310	R20a	DF Wanderer R20a ASCII/raw/objects/reaction_adventurer.txt	201	BIND_BOOK_ADV	1	ADV_BOOKMAKING	SKILL	BOOKBINDING
https://dffd.bay12games.com/file.php?id=11310	https://dffd.bay12games.com/download.php?f=DF+Wanderer+R20a+ASCII.zip&id=11310	R20a	DF Wanderer R20a ASCII/raw/objects/reaction_adventurer.txt	202	BIND_BOOK_ADV	1	ADV_BOOKMAKING	CATEGORY	ADV_BOOKMAKING
https://dffd.bay12games.com/file.php?id=11310	https://dffd.bay12games.com/download.php?f=DF+Wanderer+R20a+ASCII.zip&id=11310	R20a	DF Wanderer R20a ASCII/raw/objects/reaction_adventurer.txt	206	BREAKDOWN_WEAPON_ADV	1	ADV_BREAKDOWN	REACTION	BREAKDOWN_WEAPON_ADV
https://dffd.bay12games.com/file.php?id=11310	https://dffd.bay12games.com/download.php?f=DF+Wanderer+R20a+ASCII.zip&id=11310	R20a	DF Wanderer R20a ASCII/raw/objects/reaction_adventurer.txt	207	BREAKDOWN_WEAPON_ADV	1	ADV_BREAKDOWN	NAME	breakdown weapon
https://dffd.bay12games.com/file.php?id=11310	https://dffd.bay12games.com/download.php?f=DF+Wanderer+R20a+ASCII.zip&id=11310	R20a	DF Wanderer R20a ASCII/raw/objects/reaction_adventurer.txt	208	BREAKDOWN_WEAPON_ADV	1	ADV_BREAKDOWN	DESCRIPTION	80% chance to get a metal chunk.
https://dffd.bay12games.com/file.php?id=11310	https://dffd.bay12games.com/download.php?f=DF+Wanderer+R20a+ASCII.zip&id=11310	R20a	DF Wanderer R20a ASCII/raw/objects/reaction_adventurer.txt	209	BREAKDOWN_WEAPON_ADV	1	ADV_BREAKDOWN	ADVENTURE_MODE_ENABLED	
https://dffd.bay12games.com/file.php?id=11310	https://dffd.bay12games.com/download.php?f=DF+Wanderer+R20a+ASCII.zip&id=11310	R20a	DF Wanderer R20a ASCII/raw/objects/reaction_adventurer.txt	210	BREAKDOWN_WEAPON_ADV	1	ADV_BREAKDOWN	BUILDING	CARPENTER:NONE
https://dffd.bay12games.com/file.php?id=11310	https://dffd.bay12games.com/download.php?f=DF+Wanderer+R20a+ASCII.zip&id=11310	R20a	DF Wanderer R20a ASCII/raw/objects/reaction_adventurer.txt	211	BREAKDOWN_WEAPON_ADV	1	ADV_BREAKDOWN	REAGENT	weapon:1:WEAPON:NONE:NONE:NONE
https://dffd.bay12games.com/file.php?id=11310	https://dffd.bay12games.com/download.php?f=DF+Wanderer+R20a+ASCII.zip&id=11310	R20a	DF Wanderer R20a ASCII/raw/objects/reaction_adventurer.txt	211	BREAKDOWN_WEAPON_ADV	1	ADV_BREAKDOWN	REACTION_CLASS	METAL
https://dffd.bay12games.com/file.php?id=11310	https://dffd.bay12games.com/download.php?f=DF+Wanderer+R20a+ASCII.zip&id=11310	R20a	DF Wanderer R20a ASCII/raw/objects/reaction_adventurer.txt	212	BREAKDOWN_WEAPON_ADV	1	ADV_BREAKDOWN	PRODUCT	80:1:TOOL:ITEM_TOOL_CHUNK:GET_MATERIAL_FROM_REAGENT:weapon:NONE
https://dffd.bay12games.com/file.php?id=11310	https://dffd.bay12games.com/download.php?f=DF+Wanderer+R20a+ASCII.zip&id=11310	R20a	DF Wanderer R20a ASCII/raw/objects/reaction_adventurer.txt	213	BREAKDOWN_WEAPON_ADV	1	ADV_BREAKDOWN	SKILL	FORGE_WEAPON
https://dffd.bay12games.com/file.php?id=11310	https://dffd.bay12games.com/download.php?f=DF+Wanderer+R20a+ASCII.zip&id=11310	R20a	DF Wanderer R20a ASCII/raw/objects/reaction_adventurer.txt	214	BREAKDOWN_WEAPON_ADV	1	ADV_BREAKDOWN	CATEGORY	ADV_BREAKDOWN
https://dffd.bay12games.com/file.php?id=11310	https://dffd.bay12games.com/download.php?f=DF+Wanderer+R20a+ASCII.zip&id=11310	R20a	DF Wanderer R20a ASCII/raw/objects/reaction_adventurer.txt	215	BREAKDOWN_WEAPON_ADV	1	ADV_BREAKDOWN	CATEGORY_NAME	Breakdown
https://dffd.bay12games.com/file.php?id=11310	https://dffd.bay12games.com/download.php?f=DF+Wanderer+R20a+ASCII.zip&id=11310	R20a	DF Wanderer R20a ASCII/raw/objects/reaction_adventurer.txt	216	BREAKDOWN_WEAPON_ADV	1	ADV_BREAKDOWN	CATEGORY_DESCRIPTION	Deconstruct armor and weapons into metal chunks.
https://dffd.bay12games.com/file.php?id=11310	https://dffd.bay12games.com/download.php?f=DF+Wanderer+R20a+ASCII.zip&id=11310	R20a	DF Wanderer R20a ASCII/raw/objects/reaction_adventurer.txt	218	BREAKDOWN_BREASTPLATE_ADV	1	ADV_BREAKDOWN	REACTION	BREAKDOWN_BREASTPLATE_ADV
https://dffd.bay12games.com/file.php?id=11310	https://dffd.bay12games.com/download.php?f=DF+Wanderer+R20a+ASCII.zip&id=11310	R20a	DF Wanderer R20a ASCII/raw/objects/reaction_adventurer.txt	219	BREAKDOWN_BREASTPLATE_ADV	1	ADV_BREAKDOWN	NAME	breakdown breastplate
https://dffd.bay12games.com/file.php?id=11310	https://dffd.bay12games.com/download.php?f=DF+Wanderer+R20a+ASCII.zip&id=11310	R20a	DF Wanderer R20a ASCII/raw/objects/reaction_adventurer.txt	220	BREAKDOWN_BREASTPLATE_ADV	1	ADV_BREAKDOWN	DESCRIPTION	80% and 60% chance to get metal chunks.
https://dffd.bay12games.com/file.php?id=11310	https://dffd.bay12games.com/download.php?f=DF+Wanderer+R20a+ASCII.zip&id=11310	R20a	DF Wanderer R20a ASCII/raw/objects/reaction_adventurer.txt	221	BREAKDOWN_BREASTPLATE_ADV	1	ADV_BREAKDOWN	ADVENTURE_MODE_ENABLED	
https://dffd.bay12games.com/file.php?id=11310	https://dffd.bay12games.com/download.php?f=DF+Wanderer+R20a+ASCII.zip&id=11310	R20a	DF Wanderer R20a ASCII/raw/objects/reaction_adventurer.txt	222	BREAKDOWN_BREASTPLATE_ADV	1	ADV_BREAKDOWN	BUILDING	CARPENTER:NONE
https://dffd.bay12games.com/file.php?id=11310	https://dffd.bay12games.com/download.php?f=DF+Wanderer+R20a+ASCII.zip&id=11310	R20a	DF Wanderer R20a ASCII/raw/objects/reaction_adventurer.txt	223	BREAKDOWN_BREASTPLATE_ADV	1	ADV_BREAKDOWN	REAGENT	armor:1:ARMOR:ITEM_ARMOR_BREASTPLATE:NONE:NONE
https://dffd.bay12games.com/file.php?id=11310	https://dffd.bay12games.com/download.php?f=DF+Wanderer+R20a+ASCII.zip&id=11310	R20a	DF Wanderer R20a ASCII/raw/objects/reaction_adventurer.txt	223	BREAKDOWN_BREASTPLATE_ADV	1	ADV_BREAKDOWN	REACTION_CLASS	METAL
https://dffd.bay12games.com/file.php?id=11310	https://dffd.bay12games.com/download.php?f=DF+Wanderer+R20a+ASCII.zip&id=11310	R20a	DF Wanderer R20a ASCII/raw/objects/reaction_adventurer.txt	224	BREAKDOWN_BREASTPLATE_ADV	1	ADV_BREAKDOWN	PRODUCT	80:1:TOOL:ITEM_TOOL_CHUNK:GET_MATERIAL_FROM_REAGENT:armor:NONE
https://dffd.bay12games.com/file.php?id=11310	https://dffd.bay12games.com/download.php?f=DF+Wanderer+R20a+ASCII.zip&id=11310	R20a	DF Wanderer R20a ASCII/raw/objects/reaction_adventurer.txt	225	BREAKDOWN_BREASTPLATE_ADV	1	ADV_BREAKDOWN	PRODUCT	60:1:TOOL:ITEM_TOOL_CHUNK:GET_MATERIAL_FROM_REAGENT:armor:NONE
https://dffd.bay12games.com/file.php?id=11310	https://dffd.bay12games.com/download.php?f=DF+Wanderer+R20a+ASCII.zip&id=11310	R20a	DF Wanderer R20a ASCII/raw/objects/reaction_adventurer.txt	226	BREAKDOWN_BREASTPLATE_ADV	1	ADV_BREAKDOWN	SKILL	FORGE_ARMOR
https://dffd.bay12games.com/file.php?id=11310	https://dffd.bay12games.com/download.php?f=DF+Wanderer+R20a+ASCII.zip&id=11310	R20a	DF Wanderer R20a ASCII/raw/objects/reaction_adventurer.txt	227	BREAKDOWN_BREASTPLATE_ADV	1	ADV_BREAKDOWN	CATEGORY	ADV_BREAKDOWN
https://dffd.bay12games.com/file.php?id=11310	https://dffd.bay12games.com/download.php?f=DF+Wanderer+R20a+ASCII.zip&id=11310	R20a	DF Wanderer R20a ASCII/raw/objects/reaction_adventurer.txt	229	BREAKDOWN_CAP_ADV	1	ADV_BREAKDOWN	REACTION	BREAKDOWN_CAP_ADV
https://dffd.bay12games.com/file.php?id=11310	https://dffd.bay12games.com/download.php?f=DF+Wanderer+R20a+ASCII.zip&id=11310	R20a	DF Wanderer R20a ASCII/raw/objects/reaction_adventurer.txt	230	BREAKDOWN_CAP_ADV	1	ADV_BREAKDOWN	NAME	breakdown cap
https://dffd.bay12games.com/file.php?id=11310	https://dffd.bay12games.com/download.php?f=DF+Wanderer+R20a+ASCII.zip&id=11310	R20a	DF Wanderer R20a ASCII/raw/objects/reaction_adventurer.txt	231	BREAKDOWN_CAP_ADV	1	ADV_BREAKDOWN	DESCRIPTION	80% chance to get a metal chunk.
https://dffd.bay12games.com/file.php?id=11310	https://dffd.bay12games.com/download.php?f=DF+Wanderer+R20a+ASCII.zip&id=11310	R20a	DF Wanderer R20a ASCII/raw/objects/reaction_adventurer.txt	232	BREAKDOWN_CAP_ADV	1	ADV_BREAKDOWN	ADVENTURE_MODE_ENABLED	
https://dffd.bay12games.com/file.php?id=11310	https://dffd.bay12games.com/download.php?f=DF+Wanderer+R20a+ASCII.zip&id=11310	R20a	DF Wanderer R20a ASCII/raw/objects/reaction_adventurer.txt	233	BREAKDOWN_CAP_ADV	1	ADV_BREAKDOWN	BUILDING	CARPENTER:NONE
https://dffd.bay12games.com/file.php?id=11310	https://dffd.bay12games.com/download.php?f=DF+Wanderer+R20a+ASCII.zip&id=11310	R20a	DF Wanderer R20a ASCII/raw/objects/reaction_adventurer.txt	234	BREAKDOWN_CAP_ADV	1	ADV_BREAKDOWN	REAGENT	cap:1:HELM:ITEM_HELM_CAP:NONE:NONE
https://dffd.bay12games.com/file.php?id=11310	https://dffd.bay12games.com/download.php?f=DF+Wanderer+R20a+ASCII.zip&id=11310	R20a	DF Wanderer R20a ASCII/raw/objects/reaction_adventurer.txt	234	BREAKDOWN_CAP_ADV	1	ADV_BREAKDOWN	REACTION_CLASS	METAL
https://dffd.bay12games.com/file.php?id=11310	https://dffd.bay12games.com/download.php?f=DF+Wanderer+R20a+ASCII.zip&id=11310	R20a	DF Wanderer R20a ASCII/raw/objects/reaction_adventurer.txt	235	BREAKDOWN_CAP_ADV	1	ADV_BREAKDOWN	PRODUCT	80:1:TOOL:ITEM_TOOL_CHUNK:GET_MATERIAL_FROM_REAGENT:cap:NONE
https://dffd.bay12games.com/file.php?id=11310	https://dffd.bay12games.com/download.php?f=DF+Wanderer+R20a+ASCII.zip&id=11310	R20a	DF Wanderer R20a ASCII/raw/objects/reaction_adventurer.txt	236	BREAKDOWN_CAP_ADV	1	ADV_BREAKDOWN	SKILL	FORGE_ARMOR
https://dffd.bay12games.com/file.php?id=11310	https://dffd.bay12games.com/download.php?f=DF+Wanderer+R20a+ASCII.zip&id=11310	R20a	DF Wanderer R20a ASCII/raw/objects/reaction_adventurer.txt	237	BREAKDOWN_CAP_ADV	1	ADV_BREAKDOWN	CATEGORY	ADV_BREAKDOWN
https://dffd.bay12games.com/file.php?id=11310	https://dffd.bay12games.com/download.php?f=DF+Wanderer+R20a+ASCII.zip&id=11310	R20a	DF Wanderer R20a ASCII/raw/objects/reaction_adventurer.txt	239	BREAKDOWN_GREAVES_ADV	1	ADV_BREAKDOWN	REACTION	BREAKDOWN_GREAVES_ADV
https://dffd.bay12games.com/file.php?id=11310	https://dffd.bay12games.com/download.php?f=DF+Wanderer+R20a+ASCII.zip&id=11310	R20a	DF Wanderer R20a ASCII/raw/objects/reaction_adventurer.txt	240	BREAKDOWN_GREAVES_ADV	1	ADV_BREAKDOWN	NAME	breakdown greaves
https://dffd.bay12games.com/file.php?id=11310	https://dffd.bay12games.com/download.php?f=DF+Wanderer+R20a+ASCII.zip&id=11310	R20a	DF Wanderer R20a ASCII/raw/objects/reaction_adventurer.txt	241	BREAKDOWN_GREAVES_ADV	1	ADV_BREAKDOWN	DESCRIPTION	80% and 60% chance to get metal chunks.
https://dffd.bay12games.com/file.php?id=11310	https://dffd.bay12games.com/download.php?f=DF+Wanderer+R20a+ASCII.zip&id=11310	R20a	DF Wanderer R20a ASCII/raw/objects/reaction_adventurer.txt	242	BREAKDOWN_GREAVES_ADV	1	ADV_BREAKDOWN	ADVENTURE_MODE_ENABLED	
https://dffd.bay12games.com/file.php?id=11310	https://dffd.bay12games.com/download.php?f=DF+Wanderer+R20a+ASCII.zip&id=11310	R20a	DF Wanderer R20a ASCII/raw/objects/reaction_adventurer.txt	243	BREAKDOWN_GREAVES_ADV	1	ADV_BREAKDOWN	BUILDING	CARPENTER:NONE
https://dffd.bay12games.com/file.php?id=11310	https://dffd.bay12games.com/download.php?f=DF+Wanderer+R20a+ASCII.zip&id=11310	R20a	DF Wanderer R20a ASCII/raw/objects/reaction_adventurer.txt	244	BREAKDOWN_GREAVES_ADV	1	ADV_BREAKDOWN	REAGENT	greaves:1:PANTS:ITEM_PANTS_GREAVES:NONE:NONE
https://dffd.bay12games.com/file.php?id=11310	https://dffd.bay12games.com/download.php?f=DF+Wanderer+R20a+ASCII.zip&id=11310	R20a	DF Wanderer R20a ASCII/raw/objects/reaction_adventurer.txt	244	BREAKDOWN_GREAVES_ADV	1	ADV_BREAKDOWN	REACTION_CLASS	METAL
https://dffd.bay12games.com/file.php?id=11310	https://dffd.bay12games.com/download.php?f=DF+Wanderer+R20a+ASCII.zip&id=11310	R20a	DF Wanderer R20a ASCII/raw/objects/reaction_adventurer.txt	245	BREAKDOWN_GREAVES_ADV	1	ADV_BREAKDOWN	PRODUCT	80:1:TOOL:ITEM_TOOL_CHUNK:GET_MATERIAL_FROM_REAGENT:greaves:NONE
https://dffd.bay12games.com/file.php?id=11310	https://dffd.bay12games.com/download.php?f=DF+Wanderer+R20a+ASCII.zip&id=11310	R20a	DF Wanderer R20a ASCII/raw/objects/reaction_adventurer.txt	246	BREAKDOWN_GREAVES_ADV	1	ADV_BREAKDOWN	PRODUCT	60:1:TOOL:ITEM_TOOL_CHUNK:GET_MATERIAL_FROM_REAGENT:greaves:NONE
https://dffd.bay12games.com/file.php?id=11310	https://dffd.bay12games.com/download.php?f=DF+Wanderer+R20a+ASCII.zip&id=11310	R20a	DF Wanderer R20a ASCII/raw/objects/reaction_adventurer.txt	247	BREAKDOWN_GREAVES_ADV	1	ADV_BREAKDOWN	SKILL	FORGE_ARMOR
https://dffd.bay12games.com/file.php?id=11310	https://dffd.bay12games.com/download.php?f=DF+Wanderer+R20a+ASCII.zip&id=11310	R20a	DF Wanderer R20a ASCII/raw/objects/reaction_adventurer.txt	248	BREAKDOWN_GREAVES_ADV	1	ADV_BREAKDOWN	CATEGORY	ADV_BREAKDOWN
https://dffd.bay12games.com/file.php?id=11310	https://dffd.bay12games.com/download.php?f=DF+Wanderer+R20a+ASCII.zip&id=11310	R20a	DF Wanderer R20a ASCII/raw/objects/reaction_adventurer.txt	250	BREAKDOWN_HELM_ADV	1	ADV_BREAKDOWN	REACTION	BREAKDOWN_HELM_ADV
https://dffd.bay12games.com/file.php?id=11310	https://dffd.bay12games.com/download.php?f=DF+Wanderer+R20a+ASCII.zip&id=11310	R20a	DF Wanderer R20a ASCII/raw/objects/reaction_adventurer.txt	251	BREAKDOWN_HELM_ADV	1	ADV_BREAKDOWN	NAME	breakdown helm (Mallet + helm)
https://dffd.bay12games.com/file.php?id=11310	https://dffd.bay12games.com/download.php?f=DF+Wanderer+R20a+ASCII.zip&id=11310	R20a	DF Wanderer R20a ASCII/raw/objects/reaction_adventurer.txt	252	BREAKDOWN_HELM_ADV	1	ADV_BREAKDOWN	DESCRIPTION	80% chance to get a metal chunk.
https://dffd.bay12games.com/file.php?id=11310	https://dffd.bay12games.com/download.php?f=DF+Wanderer+R20a+ASCII.zip&id=11310	R20a	DF Wanderer R20a ASCII/raw/objects/reaction_adventurer.txt	253	BREAKDOWN_HELM_ADV	1	ADV_BREAKDOWN	ADVENTURE_MODE_ENABLED	
https://dffd.bay12games.com/file.php?id=11310	https://dffd.bay12games.com/download.php?f=DF+Wanderer+R20a+ASCII.zip&id=11310	R20a	DF Wanderer R20a ASCII/raw/objects/reaction_adventurer.txt	254	BREAKDOWN_HELM_ADV	1	ADV_BREAKDOWN	BUILDING	CARPENTER:NONE
https://dffd.bay12games.com/file.php?id=11310	https://dffd.bay12games.com/download.php?f=DF+Wanderer+R20a+ASCII.zip&id=11310	R20a	DF Wanderer R20a ASCII/raw/objects/reaction_adventurer.txt	255	BREAKDOWN_HELM_ADV	1	ADV_BREAKDOWN	REAGENT	helm:1:HELM:ITEM_HELM_HELM:NONE:NONE
https://dffd.bay12games.com/file.php?id=11310	https://dffd.bay12games.com/download.php?f=DF+Wanderer+R20a+ASCII.zip&id=11310	R20a	DF Wanderer R20a ASCII/raw/objects/reaction_adventurer.txt	255	BREAKDOWN_HELM_ADV	1	ADV_BREAKDOWN	REACTION_CLASS	METAL
https://dffd.bay12games.com/file.php?id=11310	https://dffd.bay12games.com/download.php?f=DF+Wanderer+R20a+ASCII.zip&id=11310	R20a	DF Wanderer R20a ASCII/raw/objects/reaction_adventurer.txt	256	BREAKDOWN_HELM_ADV	1	ADV_BREAKDOWN	PRODUCT	80:1:TOOL:ITEM_TOOL_CHUNK:GET_MATERIAL_FROM_REAGENT:helm:NONE
https://dffd.bay12games.com/file.php?id=11310	https://dffd.bay12games.com/download.php?f=DF+Wanderer+R20a+ASCII.zip&id=11310	R20a	DF Wanderer R20a ASCII/raw/objects/reaction_adventurer.txt	257	BREAKDOWN_HELM_ADV	1	ADV_BREAKDOWN	SKILL	FORGE_ARMOR
https://dffd.bay12games.com/file.php?id=11310	https://dffd.bay12games.com/download.php?f=DF+Wanderer+R20a+ASCII.zip&id=11310	R20a	DF Wanderer R20a ASCII/raw/objects/reaction_adventurer.txt	258	BREAKDOWN_HELM_ADV	1	ADV_BREAKDOWN	CATEGORY	ADV_BREAKDOWN
https://dffd.bay12games.com/file.php?id=11310	https://dffd.bay12games.com/download.php?f=DF+Wanderer+R20a+ASCII.zip&id=11310	R20a	DF Wanderer R20a ASCII/raw/objects/reaction_adventurer.txt	260	BREAKDOWN_LEGGINGS_ADV	1	ADV_BREAKDOWN	REACTION	BREAKDOWN_LEGGINGS_ADV
https://dffd.bay12games.com/file.php?id=11310	https://dffd.bay12games.com/download.php?f=DF+Wanderer+R20a+ASCII.zip&id=11310	R20a	DF Wanderer R20a ASCII/raw/objects/reaction_adventurer.txt	261	BREAKDOWN_LEGGINGS_ADV	1	ADV_BREAKDOWN	NAME	breakdown leggings (Mallet + metal leggings)
https://dffd.bay12games.com/file.php?id=11310	https://dffd.bay12games.com/download.php?f=DF+Wanderer+R20a+ASCII.zip&id=11310	R20a	DF Wanderer R20a ASCII/raw/objects/reaction_adventurer.txt	262	BREAKDOWN_LEGGINGS_ADV	1	ADV_BREAKDOWN	DESCRIPTION	80% and 60% chance to get metal chunks.
https://dffd.bay12games.com/file.php?id=11310	https://dffd.bay12games.com/download.php?f=DF+Wanderer+R20a+ASCII.zip&id=11310	R20a	DF Wanderer R20a ASCII/raw/objects/reaction_adventurer.txt	263	BREAKDOWN_LEGGINGS_ADV	1	ADV_BREAKDOWN	ADVENTURE_MODE_ENABLED	
https://dffd.bay12games.com/file.php?id=11310	https://dffd.bay12games.com/download.php?f=DF+Wanderer+R20a+ASCII.zip&id=11310	R20a	DF Wanderer R20a ASCII/raw/objects/reaction_adventurer.txt	264	BREAKDOWN_LEGGINGS_ADV	1	ADV_BREAKDOWN	BUILDING	CARPENTER:NONE
https://dffd.bay12games.com/file.php?id=11310	https://dffd.bay12games.com/download.php?f=DF+Wanderer+R20a+ASCII.zip&id=11310	R20a	DF Wanderer R20a ASCII/raw/objects/reaction_adventurer.txt	265	BREAKDOWN_LEGGINGS_ADV	1	ADV_BREAKDOWN	REAGENT	leggings:1:PANTS:ITEM_PANTS_LEGGINGS:NONE:NONE
https://dffd.bay12games.com/file.php?id=11310	https://dffd.bay12games.com/download.php?f=DF+Wanderer+R20a+ASCII.zip&id=11310	R20a	DF Wanderer R20a ASCII/raw/objects/reaction_adventurer.txt	265	BREAKDOWN_LEGGINGS_ADV	1	ADV_BREAKDOWN	REACTION_CLASS	METAL
https://dffd.bay12games.com/file.php?id=11310	https://dffd.bay12games.com/download.php?f=DF+Wanderer+R20a+ASCII.zip&id=11310	R20a	DF Wanderer R20a ASCII/raw/objects/reaction_adventurer.txt	266	BREAKDOWN_LEGGINGS_ADV	1	ADV_BREAKDOWN	PRODUCT	80:1:TOOL:ITEM_TOOL_CHUNK:GET_MATERIAL_FROM_REAGENT:leggings:NONE
https://dffd.bay12games.com/file.php?id=11310	https://dffd.bay12games.com/download.php?f=DF+Wanderer+R20a+ASCII.zip&id=11310	R20a	DF Wanderer R20a ASCII/raw/objects/reaction_adventurer.txt	267	BREAKDOWN_LEGGINGS_ADV	1	ADV_BREAKDOWN	PRODUCT	60:1:TOOL:ITEM_TOOL_CHUNK:GET_MATERIAL_FROM_REAGENT:leggings:NONE
https://dffd.bay12games.com/file.php?id=11310	https://dffd.bay12games.com/download.php?f=DF+Wanderer+R20a+ASCII.zip&id=11310	R20a	DF Wanderer R20a ASCII/raw/objects/reaction_adventurer.txt	268	BREAKDOWN_LEGGINGS_ADV	1	ADV_BREAKDOWN	SKILL	FORGE_ARMOR
https://dffd.bay12games.com/file.php?id=11310	https://dffd.bay12games.com/download.php?f=DF+Wanderer+R20a+ASCII.zip&id=11310	R20a	DF Wanderer R20a ASCII/raw/objects/reaction_adventurer.txt	269	BREAKDOWN_LEGGINGS_ADV	1	ADV_BREAKDOWN	CATEGORY	ADV_BREAKDOWN
https://dffd.bay12games.com/file.php?id=11310	https://dffd.bay12games.com/download.php?f=DF+Wanderer+R20a+ASCII.zip&id=11310	R20a	DF Wanderer R20a ASCII/raw/objects/reaction_adventurer.txt	271	BREAKDOWN_MAIL_SHIRT_ADV	1	ADV_BREAKDOWN	REACTION	BREAKDOWN_MAIL_SHIRT_ADV
https://dffd.bay12games.com/file.php?id=11310	https://dffd.bay12games.com/download.php?f=DF+Wanderer+R20a+ASCII.zip&id=11310	R20a	DF Wanderer R20a ASCII/raw/objects/reaction_adventurer.txt	272	BREAKDOWN_MAIL_SHIRT_ADV	1	ADV_BREAKDOWN	NAME	breakdown mail shirt
https://dffd.bay12games.com/file.php?id=11310	https://dffd.bay12games.com/download.php?f=DF+Wanderer+R20a+ASCII.zip&id=11310	R20a	DF Wanderer R20a ASCII/raw/objects/reaction_adventurer.txt	273	BREAKDOWN_MAIL_SHIRT_ADV	1	ADV_BREAKDOWN	DESCRIPTION	80% and 60% chance to get metal chunks.
https://dffd.bay12games.com/file.php?id=11310	https://dffd.bay12games.com/download.php?f=DF+Wanderer+R20a+ASCII.zip&id=11310	R20a	DF Wanderer R20a ASCII/raw/objects/reaction_adventurer.txt	274	BREAKDOWN_MAIL_SHIRT_ADV	1	ADV_BREAKDOWN	ADVENTURE_MODE_ENABLED	
https://dffd.bay12games.com/file.php?id=11310	https://dffd.bay12games.com/download.php?f=DF+Wanderer+R20a+ASCII.zip&id=11310	R20a	DF Wanderer R20a ASCII/raw/objects/reaction_adventurer.txt	275	BREAKDOWN_MAIL_SHIRT_ADV	1	ADV_BREAKDOWN	BUILDING	CARPENTER:NONE
https://dffd.bay12games.com/file.php?id=11310	https://dffd.bay12games.com/download.php?f=DF+Wanderer+R20a+ASCII.zip&id=11310	R20a	DF Wanderer R20a ASCII/raw/objects/reaction_adventurer.txt	276	BREAKDOWN_MAIL_SHIRT_ADV	1	ADV_BREAKDOWN	REAGENT	armor:1:ARMOR:ITEM_ARMOR_MAIL_SHIRT:NONE:NONE
https://dffd.bay12games.com/file.php?id=11310	https://dffd.bay12games.com/download.php?f=DF+Wanderer+R20a+ASCII.zip&id=11310	R20a	DF Wanderer R20a ASCII/raw/objects/reaction_adventurer.txt	276	BREAKDOWN_MAIL_SHIRT_ADV	1	ADV_BREAKDOWN	REACTION_CLASS	METAL
https://dffd.bay12games.com/file.php?id=11310	https://dffd.bay12games.com/download.php?f=DF+Wanderer+R20a+ASCII.zip&id=11310	R20a	DF Wanderer R20a ASCII/raw/objects/reaction_adventurer.txt	277	BREAKDOWN_MAIL_SHIRT_ADV	1	ADV_BREAKDOWN	PRODUCT	80:1:TOOL:ITEM_TOOL_CHUNK:GET_MATERIAL_FROM_REAGENT:armor:NONE
https://dffd.bay12games.com/file.php?id=11310	https://dffd.bay12games.com/download.php?f=DF+Wanderer+R20a+ASCII.zip&id=11310	R20a	DF Wanderer R20a ASCII/raw/objects/reaction_adventurer.txt	278	BREAKDOWN_MAIL_SHIRT_ADV	1	ADV_BREAKDOWN	PRODUCT	60:1:TOOL:ITEM_TOOL_CHUNK:GET_MATERIAL_FROM_REAGENT:armor:NONE
https://dffd.bay12games.com/file.php?id=11310	https://dffd.bay12games.com/download.php?f=DF+Wanderer+R20a+ASCII.zip&id=11310	R20a	DF Wanderer R20a ASCII/raw/objects/reaction_adventurer.txt	279	BREAKDOWN_MAIL_SHIRT_ADV	1	ADV_BREAKDOWN	SKILL	FORGE_ARMOR
https://dffd.bay12games.com/file.php?id=11310	https://dffd.bay12games.com/download.php?f=DF+Wanderer+R20a+ASCII.zip&id=11310	R20a	DF Wanderer R20a ASCII/raw/objects/reaction_adventurer.txt	280	BREAKDOWN_MAIL_SHIRT_ADV	1	ADV_BREAKDOWN	CATEGORY	ADV_BREAKDOWN
https://dffd.bay12games.com/file.php?id=11310	https://dffd.bay12games.com/download.php?f=DF+Wanderer+R20a+ASCII.zip&id=11310	R20a	DF Wanderer R20a ASCII/raw/objects/reaction_adventurer.txt	284	CARVE_BONE_ARROWS_ADV	1	ADV_BONECARVING_WEAPONS	REACTION	CARVE_BONE_ARROWS_ADV
https://dffd.bay12games.com/file.php?id=11310	https://dffd.bay12games.com/download.php?f=DF+Wanderer+R20a+ASCII.zip&id=11310	R20a	DF Wanderer R20a ASCII/raw/objects/reaction_adventurer.txt	285	CARVE_BONE_ARROWS_ADV	1	ADV_BONECARVING_WEAPONS	NAME	carve bone arrows
https://dffd.bay12games.com/file.php?id=11310	https://dffd.bay12games.com/download.php?f=DF+Wanderer+R20a+ASCII.zip&id=11310	R20a	DF Wanderer R20a ASCII/raw/objects/reaction_adventurer.txt	286	CARVE_BONE_ARROWS_ADV	1	ADV_BONECARVING_WEAPONS	ADVENTURE_MODE_ENABLED	
https://dffd.bay12games.com/file.php?id=11310	https://dffd.bay12games.com/download.php?f=DF+Wanderer+R20a+ASCII.zip&id=11310	R20a	DF Wanderer R20a ASCII/raw/objects/reaction_adventurer.txt	287	CARVE_BONE_ARROWS_ADV	1	ADV_BONECARVING_WEAPONS	REAGENT	bone:1:NONE:NONE:NONE:NONE
https://dffd.bay12games.com/file.php?id=11310	https://dffd.bay12games.com/download.php?f=DF+Wanderer+R20a+ASCII.zip&id=11310	R20a	DF Wanderer R20a ASCII/raw/objects/reaction_adventurer.txt	287	CARVE_BONE_ARROWS_ADV	1	ADV_BONECARVING_WEAPONS	USE_BODY_COMPONENT	
https://dffd.bay12games.com/file.php?id=11310	https://dffd.bay12games.com/download.php?f=DF+Wanderer+R20a+ASCII.zip&id=11310	R20a	DF Wanderer R20a ASCII/raw/objects/reaction_adventurer.txt	287	CARVE_BONE_ARROWS_ADV	1	ADV_BONECARVING_WEAPONS	ANY_BONE_MATERIAL	
https://dffd.bay12games.com/file.php?id=11310	https://dffd.bay12games.com/download.php?f=DF+Wanderer+R20a+ASCII.zip&id=11310	R20a	DF Wanderer R20a ASCII/raw/objects/reaction_adventurer.txt	288	CARVE_BONE_ARROWS_ADV	1	ADV_BONECARVING_WEAPONS	REAGENT	tool:1:NONE:NONE:NONE:NONE
https://dffd.bay12games.com/file.php?id=11310	https://dffd.bay12games.com/download.php?f=DF+Wanderer+R20a+ASCII.zip&id=11310	R20a	DF Wanderer R20a ASCII/raw/objects/reaction_adventurer.txt	289	CARVE_BONE_ARROWS_ADV	1	ADV_BONECARVING_WEAPONS	PRESERVE_REAGENT	
https://dffd.bay12games.com/file.php?id=11310	https://dffd.bay12games.com/download.php?f=DF+Wanderer+R20a+ASCII.zip&id=11310	R20a	DF Wanderer R20a ASCII/raw/objects/reaction_adventurer.txt	289	CARVE_BONE_ARROWS_ADV	1	ADV_BONECARVING_WEAPONS	HAS_EDGE	
https://dffd.bay12games.com/file.php?id=11310	https://dffd.bay12games.com/download.php?f=DF+Wanderer+R20a+ASCII.zip&id=11310	R20a	DF Wanderer R20a ASCII/raw/objects/reaction_adventurer.txt	290	CARVE_BONE_ARROWS_ADV	1	ADV_BONECARVING_WEAPONS	PRODUCT	100:15:AMMO:ITEM_AMMO_ARROWS:GET_MATERIAL_FROM_REAGENT:bone:NONE
https://dffd.bay12games.com/file.php?id=11310	https://dffd.bay12games.com/download.php?f=DF+Wanderer+R20a+ASCII.zip&id=11310	R20a	DF Wanderer R20a ASCII/raw/objects/reaction_adventurer.txt	291	CARVE_BONE_ARROWS_ADV	1	ADV_BONECARVING_WEAPONS	SKILL	BONECARVE
https://dffd.bay12games.com/file.php?id=11310	https://dffd.bay12games.com/download.php?f=DF+Wanderer+R20a+ASCII.zip&id=11310	R20a	DF Wanderer R20a ASCII/raw/objects/reaction_adventurer.txt	292	CARVE_BONE_ARROWS_ADV	1	ADV_BONECARVING_WEAPONS	CATEGORY	ADV_BONECARVING_WEAPONS
https://dffd.bay12games.com/file.php?id=11310	https://dffd.bay12games.com/download.php?f=DF+Wanderer+R20a+ASCII.zip&id=11310	R20a	DF Wanderer R20a ASCII/raw/objects/reaction_adventurer.txt	293	CARVE_BONE_ARROWS_ADV	1	ADV_BONECARVING_WEAPONS	CATEGORY_NAME	Bonecarving - ammo and weapons
https://dffd.bay12games.com/file.php?id=11310	https://dffd.bay12games.com/download.php?f=DF+Wanderer+R20a+ASCII.zip&id=11310	R20a	DF Wanderer R20a ASCII/raw/objects/reaction_adventurer.txt	294	CARVE_BONE_ARROWS_ADV	1	ADV_BONECARVING_WEAPONS	CATEGORY_DESCRIPTION	Carve bones into ammo and weapons.
https://dffd.bay12games.com/file.php?id=11310	https://dffd.bay12games.com/download.php?f=DF+Wanderer+R20a+ASCII.zip&id=11310	R20a	DF Wanderer R20a ASCII/raw/objects/reaction_adventurer.txt	296	CARVE_BONE_BOLTS_ADV	1	ADV_BONECARVING_WEAPONS	REACTION	CARVE_BONE_BOLTS_ADV
https://dffd.bay12games.com/file.php?id=11310	https://dffd.bay12games.com/download.php?f=DF+Wanderer+R20a+ASCII.zip&id=11310	R20a	DF Wanderer R20a ASCII/raw/objects/reaction_adventurer.txt	297	CARVE_BONE_BOLTS_ADV	1	ADV_BONECARVING_WEAPONS	NAME	carve bone bolts
https://dffd.bay12games.com/file.php?id=11310	https://dffd.bay12games.com/download.php?f=DF+Wanderer+R20a+ASCII.zip&id=11310	R20a	DF Wanderer R20a ASCII/raw/objects/reaction_adventurer.txt	298	CARVE_BONE_BOLTS_ADV	1	ADV_BONECARVING_WEAPONS	ADVENTURE_MODE_ENABLED	
https://dffd.bay12games.com/file.php?id=11310	https://dffd.bay12games.com/download.php?f=DF+Wanderer+R20a+ASCII.zip&id=11310	R20a	DF Wanderer R20a ASCII/raw/objects/reaction_adventurer.txt	299	CARVE_BONE_BOLTS_ADV	1	ADV_BONECARVING_WEAPONS	REAGENT	bone:1:NONE:NONE:NONE:NONE
https://dffd.bay12games.com/file.php?id=11310	https://dffd.bay12games.com/download.php?f=DF+Wanderer+R20a+ASCII.zip&id=11310	R20a	DF Wanderer R20a ASCII/raw/objects/reaction_adventurer.txt	299	CARVE_BONE_BOLTS_ADV	1	ADV_BONECARVING_WEAPONS	USE_BODY_COMPONENT	
https://dffd.bay12games.com/file.php?id=11310	https://dffd.bay12games.com/download.php?f=DF+Wanderer+R20a+ASCII.zip&id=11310	R20a	DF Wanderer R20a ASCII/raw/objects/reaction_adventurer.txt	299	CARVE_BONE_BOLTS_ADV	1	ADV_BONECARVING_WEAPONS	ANY_BONE_MATERIAL	
https://dffd.bay12games.com/file.php?id=11310	https://dffd.bay12games.com/download.php?f=DF+Wanderer+R20a+ASCII.zip&id=11310	R20a	DF Wanderer R20a ASCII/raw/objects/reaction_adventurer.txt	300	CARVE_BONE_BOLTS_ADV	1	ADV_BONECARVING_WEAPONS	REAGENT	tool:1:NONE:NONE:NONE:NONE
https://dffd.bay12games.com/file.php?id=11310	https://dffd.bay12games.com/download.php?f=DF+Wanderer+R20a+ASCII.zip&id=11310	R20a	DF Wanderer R20a ASCII/raw/objects/reaction_adventurer.txt	301	CARVE_BONE_BOLTS_ADV	1	ADV_BONECARVING_WEAPONS	PRESERVE_REAGENT	
https://dffd.bay12games.com/file.php?id=11310	https://dffd.bay12games.com/download.php?f=DF+Wanderer+R20a+ASCII.zip&id=11310	R20a	DF Wanderer R20a ASCII/raw/objects/reaction_adventurer.txt	301	CARVE_BONE_BOLTS_ADV	1	ADV_BONECARVING_WEAPONS	HAS_EDGE	
https://dffd.bay12games.com/file.php?id=11310	https://dffd.bay12games.com/download.php?f=DF+Wanderer+R20a+ASCII.zip&id=11310	R20a	DF Wanderer R20a ASCII/raw/objects/reaction_adventurer.txt	302	CARVE_BONE_BOLTS_ADV	1	ADV_BONECARVING_WEAPONS	PRODUCT	100:15:AMMO:ITEM_AMMO_BOLTS:GET_MATERIAL_FROM_REAGENT:bone:NONE
https://dffd.bay12games.com/file.php?id=11310	https://dffd.bay12games.com/download.php?f=DF+Wanderer+R20a+ASCII.zip&id=11310	R20a	DF Wanderer R20a ASCII/raw/objects/reaction_adventurer.txt	303	CARVE_BONE_BOLTS_ADV	1	ADV_BONECARVING_WEAPONS	SKILL	BONECARVE
https://dffd.bay12games.com/file.php?id=11310	https://dffd.bay12games.com/download.php?f=DF+Wanderer+R20a+ASCII.zip&id=11310	R20a	DF Wanderer R20a ASCII/raw/objects/reaction_adventurer.txt	304	CARVE_BONE_BOLTS_ADV	1	ADV_BONECARVING_WEAPONS	CATEGORY	ADV_BONECARVING_WEAPONS
https://dffd.bay12games.com/file.php?id=11310	https://dffd.bay12games.com/download.php?f=DF+Wanderer+R20a+ASCII.zip&id=11310	R20a	DF Wanderer R20a ASCII/raw/objects/reaction_adventurer.txt	306	CARVE_BONE_BOW_ADV	1	ADV_BONECARVING_WEAPONS	REACTION	CARVE_BONE_BOW_ADV
https://dffd.bay12games.com/file.php?id=11310	https://dffd.bay12games.com/download.php?f=DF+Wanderer+R20a+ASCII.zip&id=11310	R20a	DF Wanderer R20a ASCII/raw/objects/reaction_adventurer.txt	307	CARVE_BONE_BOW_ADV	1	ADV_BONECARVING_WEAPONS	NAME	carve bone bow
https://dffd.bay12games.com/file.php?id=11310	https://dffd.bay12games.com/download.php?f=DF+Wanderer+R20a+ASCII.zip&id=11310	R20a	DF Wanderer R20a ASCII/raw/objects/reaction_adventurer.txt	308	CARVE_BONE_BOW_ADV	1	ADV_BONECARVING_WEAPONS	DESCRIPTION	Make a bone bow.
https://dffd.bay12games.com/file.php?id=11310	https://dffd.bay12games.com/download.php?f=DF+Wanderer+R20a+ASCII.zip&id=11310	R20a	DF Wanderer R20a ASCII/raw/objects/reaction_adventurer.txt	309	CARVE_BONE_BOW_ADV	1	ADV_BONECARVING_WEAPONS	ADVENTURE_MODE_ENABLED	
https://dffd.bay12games.com/file.php?id=11310	https://dffd.bay12games.com/download.php?f=DF+Wanderer+R20a+ASCII.zip&id=11310	R20a	DF Wanderer R20a ASCII/raw/objects/reaction_adventurer.txt	310	CARVE_BONE_BOW_ADV	1	ADV_BONECARVING_WEAPONS	BUILDING	CARPENTER:NONE
https://dffd.bay12games.com/file.php?id=11310	https://dffd.bay12games.com/download.php?f=DF+Wanderer+R20a+ASCII.zip&id=11310	R20a	DF Wanderer R20a ASCII/raw/objects/reaction_adventurer.txt	311	CARVE_BONE_BOW_ADV	1	ADV_BONECARVING_WEAPONS	REAGENT	tool:1:NONE:NONE:NONE:NONE
https://dffd.bay12games.com/file.php?id=11310	https://dffd.bay12games.com/download.php?f=DF+Wanderer+R20a+ASCII.zip&id=11310	R20a	DF Wanderer R20a ASCII/raw/objects/reaction_adventurer.txt	312	CARVE_BONE_BOW_ADV	1	ADV_BONECARVING_WEAPONS	PRESERVE_REAGENT	
https://dffd.bay12games.com/file.php?id=11310	https://dffd.bay12games.com/download.php?f=DF+Wanderer+R20a+ASCII.zip&id=11310	R20a	DF Wanderer R20a ASCII/raw/objects/reaction_adventurer.txt	312	CARVE_BONE_BOW_ADV	1	ADV_BONECARVING_WEAPONS	HAS_EDGE	
https://dffd.bay12games.com/file.php?id=11310	https://dffd.bay12games.com/download.php?f=DF+Wanderer+R20a+ASCII.zip&id=11310	R20a	DF Wanderer R20a ASCII/raw/objects/reaction_adventurer.txt	313	CARVE_BONE_BOW_ADV	1	ADV_BONECARVING_WEAPONS	REAGENT	bone:1:NONE:NONE:NONE:NONE
https://dffd.bay12games.com/file.php?id=11310	https://dffd.bay12games.com/download.php?f=DF+Wanderer+R20a+ASCII.zip&id=11310	R20a	DF Wanderer R20a ASCII/raw/objects/reaction_adventurer.txt	313	CARVE_BONE_BOW_ADV	1	ADV_BONECARVING_WEAPONS	USE_BODY_COMPONENT	
https://dffd.bay12games.com/file.php?id=11310	https://dffd.bay12games.com/download.php?f=DF+Wanderer+R20a+ASCII.zip&id=11310	R20a	DF Wanderer R20a ASCII/raw/objects/reaction_adventurer.txt	313	CARVE_BONE_BOW_ADV	1	ADV_BONECARVING_WEAPONS	ANY_BONE_MATERIAL	
https://dffd.bay12games.com/file.php?id=11310	https://dffd.bay12games.com/download.php?f=DF+Wanderer+R20a+ASCII.zip&id=11310	R20a	DF Wanderer R20a ASCII/raw/objects/reaction_adventurer.txt	314	CARVE_BONE_BOW_ADV	1	ADV_BONECARVING_WEAPONS	REAGENT	leather:1:SKIN_TANNED:NONE:NONE:NONE
https://dffd.bay12games.com/file.php?id=11310	https://dffd.bay12games.com/download.php?f=DF+Wanderer+R20a+ASCII.zip&id=11310	R20a	DF Wanderer R20a ASCII/raw/objects/reaction_adventurer.txt	315	CARVE_BONE_BOW_ADV	1	ADV_BONECARVING_WEAPONS	PRODUCT	100:1:WEAPON:ITEM_WEAPON_BOW:GET_MATERIAL_FROM_REAGENT:bone:NONE
https://dffd.bay12games.com/file.php?id=11310	https://dffd.bay12games.com/download.php?f=DF+Wanderer+R20a+ASCII.zip&id=11310	R20a	DF Wanderer R20a ASCII/raw/objects/reaction_adventurer.txt	316	CARVE_BONE_BOW_ADV	1	ADV_BONECARVING_WEAPONS	SKILL	BONECARVE
https://dffd.bay12games.com/file.php?id=11310	https://dffd.bay12games.com/download.php?f=DF+Wanderer+R20a+ASCII.zip&id=11310	R20a	DF Wanderer R20a ASCII/raw/objects/reaction_adventurer.txt	317	CARVE_BONE_BOW_ADV	1	ADV_BONECARVING_WEAPONS	CATEGORY	ADV_BONECARVING_WEAPONS
https://dffd.bay12games.com/file.php?id=11310	https://dffd.bay12games.com/download.php?f=DF+Wanderer+R20a+ASCII.zip&id=11310	R20a	DF Wanderer R20a ASCII/raw/objects/reaction_adventurer.txt	319	MAKE_BONE_DAGGER_ADV	1	ADV_BONECARVING_WEAPONS	REACTION	MAKE_BONE_DAGGER_ADV
https://dffd.bay12games.com/file.php?id=11310	https://dffd.bay12games.com/download.php?f=DF+Wanderer+R20a+ASCII.zip&id=11310	R20a	DF Wanderer R20a ASCII/raw/objects/reaction_adventurer.txt	320	MAKE_BONE_DAGGER_ADV	1	ADV_BONECARVING_WEAPONS	NAME	carve bone dagger (Bone)
https://dffd.bay12games.com/file.php?id=11310	https://dffd.bay12games.com/download.php?f=DF+Wanderer+R20a+ASCII.zip&id=11310	R20a	DF Wanderer R20a ASCII/raw/objects/reaction_adventurer.txt	321	MAKE_BONE_DAGGER_ADV	1	ADV_BONECARVING_WEAPONS	DESCRIPTION	(Bone) Knap a bone dagger.
https://dffd.bay12games.com/file.php?id=11310	https://dffd.bay12games.com/download.php?f=DF+Wanderer+R20a+ASCII.zip&id=11310	R20a	DF Wanderer R20a ASCII/raw/objects/reaction_adventurer.txt	322	MAKE_BONE_DAGGER_ADV	1	ADV_BONECARVING_WEAPONS	ADVENTURE_MODE_ENABLED	
https://dffd.bay12games.com/file.php?id=11310	https://dffd.bay12games.com/download.php?f=DF+Wanderer+R20a+ASCII.zip&id=11310	R20a	DF Wanderer R20a ASCII/raw/objects/reaction_adventurer.txt	323	MAKE_BONE_DAGGER_ADV	1	ADV_BONECARVING_WEAPONS	BUILDING	CARPENTER:NONE
https://dffd.bay12games.com/file.php?id=11310	https://dffd.bay12games.com/download.php?f=DF+Wanderer+R20a+ASCII.zip&id=11310	R20a	DF Wanderer R20a ASCII/raw/objects/reaction_adventurer.txt	324	MAKE_BONE_DAGGER_ADV	1	ADV_BONECARVING_WEAPONS	REAGENT	tool:1:NONE:NONE:NONE:NONE
https://dffd.bay12games.com/file.php?id=11310	https://dffd.bay12games.com/download.php?f=DF+Wanderer+R20a+ASCII.zip&id=11310	R20a	DF Wanderer R20a ASCII/raw/objects/reaction_adventurer.txt	325	MAKE_BONE_DAGGER_ADV	1	ADV_BONECARVING_WEAPONS	PRESERVE_REAGENT	
https://dffd.bay12games.com/file.php?id=11310	https://dffd.bay12games.com/download.php?f=DF+Wanderer+R20a+ASCII.zip&id=11310	R20a	DF Wanderer R20a ASCII/raw/objects/reaction_adventurer.txt	325	MAKE_BONE_DAGGER_ADV	1	ADV_BONECARVING_WEAPONS	HAS_EDGE	
https://dffd.bay12games.com/file.php?id=11310	https://dffd.bay12games.com/download.php?f=DF+Wanderer+R20a+ASCII.zip&id=11310	R20a	DF Wanderer R20a ASCII/raw/objects/reaction_adventurer.txt	326	MAKE_BONE_DAGGER_ADV	1	ADV_BONECARVING_WEAPONS	REAGENT	bone:1:NONE:NONE:NONE:NONE
https://dffd.bay12games.com/file.php?id=11310	https://dffd.bay12games.com/download.php?f=DF+Wanderer+R20a+ASCII.zip&id=11310	R20a	DF Wanderer R20a ASCII/raw/objects/reaction_adventurer.txt	326	MAKE_BONE_DAGGER_ADV	1	ADV_BONECARVING_WEAPONS	USE_BODY_COMPONENT	
https://dffd.bay12games.com/file.php?id=11310	https://dffd.bay12games.com/download.php?f=DF+Wanderer+R20a+ASCII.zip&id=11310	R20a	DF Wanderer R20a ASCII/raw/objects/reaction_adventurer.txt	326	MAKE_BONE_DAGGER_ADV	1	ADV_BONECARVING_WEAPONS	ANY_BONE_MATERIAL	
https://dffd.bay12games.com/file.php?id=11310	https://dffd.bay12games.com/download.php?f=DF+Wanderer+R20a+ASCII.zip&id=11310	R20a	DF Wanderer R20a ASCII/raw/objects/reaction_adventurer.txt	327	MAKE_BONE_DAGGER_ADV	1	ADV_BONECARVING_WEAPONS	PRODUCT	100:1:WEAPON:ITEM_WEAPON_DAGGER_LARGE:GET_MATERIAL_FROM_REAGENT:bone:NONE
https://dffd.bay12games.com/file.php?id=11310	https://dffd.bay12games.com/download.php?f=DF+Wanderer+R20a+ASCII.zip&id=11310	R20a	DF Wanderer R20a ASCII/raw/objects/reaction_adventurer.txt	328	MAKE_BONE_DAGGER_ADV	1	ADV_BONECARVING_WEAPONS	SKILL	BONECARVE
https://dffd.bay12games.com/file.php?id=11310	https://dffd.bay12games.com/download.php?f=DF+Wanderer+R20a+ASCII.zip&id=11310	R20a	DF Wanderer R20a ASCII/raw/objects/reaction_adventurer.txt	329	MAKE_BONE_DAGGER_ADV	1	ADV_BONECARVING_WEAPONS	CATEGORY	ADV_BONECARVING_WEAPONS
https://dffd.bay12games.com/file.php?id=11310	https://dffd.bay12games.com/download.php?f=DF+Wanderer+R20a+ASCII.zip&id=11310	R20a	DF Wanderer R20a ASCII/raw/objects/reaction_adventurer.txt	331	MAKE_BONE_SPEAR_ADV	1	ADV_BONECARVING_WEAPONS	REACTION	MAKE_BONE_SPEAR_ADV
https://dffd.bay12games.com/file.php?id=11310	https://dffd.bay12games.com/download.php?f=DF+Wanderer+R20a+ASCII.zip&id=11310	R20a	DF Wanderer R20a ASCII/raw/objects/reaction_adventurer.txt	332	MAKE_BONE_SPEAR_ADV	1	ADV_BONECARVING_WEAPONS	NAME	carve bone spear
https://dffd.bay12games.com/file.php?id=11310	https://dffd.bay12games.com/download.php?f=DF+Wanderer+R20a+ASCII.zip&id=11310	R20a	DF Wanderer R20a ASCII/raw/objects/reaction_adventurer.txt	333	MAKE_BONE_SPEAR_ADV	1	ADV_BONECARVING_WEAPONS	DESCRIPTION	Make a bone spear.
https://dffd.bay12games.com/file.php?id=11310	https://dffd.bay12games.com/download.php?f=DF+Wanderer+R20a+ASCII.zip&id=11310	R20a	DF Wanderer R20a ASCII/raw/objects/reaction_adventurer.txt	334	MAKE_BONE_SPEAR_ADV	1	ADV_BONECARVING_WEAPONS	ADVENTURE_MODE_ENABLED	
https://dffd.bay12games.com/file.php?id=11310	https://dffd.bay12games.com/download.php?f=DF+Wanderer+R20a+ASCII.zip&id=11310	R20a	DF Wanderer R20a ASCII/raw/objects/reaction_adventurer.txt	335	MAKE_BONE_SPEAR_ADV	1	ADV_BONECARVING_WEAPONS	BUILDING	CARPENTER:NONE
https://dffd.bay12games.com/file.php?id=11310	https://dffd.bay12games.com/download.php?f=DF+Wanderer+R20a+ASCII.zip&id=11310	R20a	DF Wanderer R20a ASCII/raw/objects/reaction_adventurer.txt	336	MAKE_BONE_SPEAR_ADV	1	ADV_BONECARVING_WEAPONS	REAGENT	tool:1:NONE:NONE:NONE:NONE
https://dffd.bay12games.com/file.php?id=11310	https://dffd.bay12games.com/download.php?f=DF+Wanderer+R20a+ASCII.zip&id=11310	R20a	DF Wanderer R20a ASCII/raw/objects/reaction_adventurer.txt	337	MAKE_BONE_SPEAR_ADV	1	ADV_BONECARVING_WEAPONS	PRESERVE_REAGENT	
https://dffd.bay12games.com/file.php?id=11310	https://dffd.bay12games.com/download.php?f=DF+Wanderer+R20a+ASCII.zip&id=11310	R20a	DF Wanderer R20a ASCII/raw/objects/reaction_adventurer.txt	337	MAKE_BONE_SPEAR_ADV	1	ADV_BONECARVING_WEAPONS	HAS_EDGE	
https://dffd.bay12games.com/file.php?id=11310	https://dffd.bay12games.com/download.php?f=DF+Wanderer+R20a+ASCII.zip&id=11310	R20a	DF Wanderer R20a ASCII/raw/objects/reaction_adventurer.txt	338	MAKE_BONE_SPEAR_ADV	1	ADV_BONECARVING_WEAPONS	REAGENT	spearhead:1:NONE:NONE:NONE:NONE
https://dffd.bay12games.com/file.php?id=11310	https://dffd.bay12games.com/download.php?f=DF+Wanderer+R20a+ASCII.zip&id=11310	R20a	DF Wanderer R20a ASCII/raw/objects/reaction_adventurer.txt	338	MAKE_BONE_SPEAR_ADV	1	ADV_BONECARVING_WEAPONS	USE_BODY_COMPONENT	
https://dffd.bay12games.com/file.php?id=11310	https://dffd.bay12games.com/download.php?f=DF+Wanderer+R20a+ASCII.zip&id=11310	R20a	DF Wanderer R20a ASCII/raw/objects/reaction_adventurer.txt	338	MAKE_BONE_SPEAR_ADV	1	ADV_BONECARVING_WEAPONS	ANY_BONE_MATERIAL	
https://dffd.bay12games.com/file.php?id=11310	https://dffd.bay12games.com/download.php?f=DF+Wanderer+R20a+ASCII.zip&id=11310	R20a	DF Wanderer R20a ASCII/raw/objects/reaction_adventurer.txt	339	MAKE_BONE_SPEAR_ADV	1	ADV_BONECARVING_WEAPONS	REAGENT	handle:1:TOOL:ITEM_TOOL_STICK:NONE:NONE
https://dffd.bay12games.com/file.php?id=11310	https://dffd.bay12games.com/download.php?f=DF+Wanderer+R20a+ASCII.zip&id=11310	R20a	DF Wanderer R20a ASCII/raw/objects/reaction_adventurer.txt	340	MAKE_BONE_SPEAR_ADV	1	ADV_BONECARVING_WEAPONS	PRODUCT	100:1:WEAPON:ITEM_WEAPON_SPEAR:GET_MATERIAL_FROM_REAGENT:spearhead:NONE
https://dffd.bay12games.com/file.php?id=11310	https://dffd.bay12games.com/download.php?f=DF+Wanderer+R20a+ASCII.zip&id=11310	R20a	DF Wanderer R20a ASCII/raw/objects/reaction_adventurer.txt	341	MAKE_BONE_SPEAR_ADV	1	ADV_BONECARVING_WEAPONS	FORCE_EDGE	
https://dffd.bay12games.com/file.php?id=11310	https://dffd.bay12games.com/download.php?f=DF+Wanderer+R20a+ASCII.zip&id=11310	R20a	DF Wanderer R20a ASCII/raw/objects/reaction_adventurer.txt	342	MAKE_BONE_SPEAR_ADV	1	ADV_BONECARVING_WEAPONS	SKILL	BONECARVE
https://dffd.bay12games.com/file.php?id=11310	https://dffd.bay12games.com/download.php?f=DF+Wanderer+R20a+ASCII.zip&id=11310	R20a	DF Wanderer R20a ASCII/raw/objects/reaction_adventurer.txt	343	MAKE_BONE_SPEAR_ADV	1	ADV_BONECARVING_WEAPONS	CATEGORY	ADV_BONECARVING_WEAPONS
https://dffd.bay12games.com/file.php?id=11310	https://dffd.bay12games.com/download.php?f=DF+Wanderer+R20a+ASCII.zip&id=11310	R20a	DF Wanderer R20a ASCII/raw/objects/reaction_adventurer.txt	347	CRAFT_BONE_BOOTS_ADV	1	ADV_BONECARVING_ARMOR	REACTION	CRAFT_BONE_BOOTS_ADV
https://dffd.bay12games.com/file.php?id=11310	https://dffd.bay12games.com/download.php?f=DF+Wanderer+R20a+ASCII.zip&id=11310	R20a	DF Wanderer R20a ASCII/raw/objects/reaction_adventurer.txt	348	CRAFT_BONE_BOOTS_ADV	1	ADV_BONECARVING_ARMOR	NAME	carve bone boots
https://dffd.bay12games.com/file.php?id=11310	https://dffd.bay12games.com/download.php?f=DF+Wanderer+R20a+ASCII.zip&id=11310	R20a	DF Wanderer R20a ASCII/raw/objects/reaction_adventurer.txt	349	CRAFT_BONE_BOOTS_ADV	1	ADV_BONECARVING_ARMOR	DESCRIPTION	Make high boots.
https://dffd.bay12games.com/file.php?id=11310	https://dffd.bay12games.com/download.php?f=DF+Wanderer+R20a+ASCII.zip&id=11310	R20a	DF Wanderer R20a ASCII/raw/objects/reaction_adventurer.txt	350	CRAFT_BONE_BOOTS_ADV	1	ADV_BONECARVING_ARMOR	ADVENTURE_MODE_ENABLED	
https://dffd.bay12games.com/file.php?id=11310	https://dffd.bay12games.com/download.php?f=DF+Wanderer+R20a+ASCII.zip&id=11310	R20a	DF Wanderer R20a ASCII/raw/objects/reaction_adventurer.txt	351	CRAFT_BONE_BOOTS_ADV	1	ADV_BONECARVING_ARMOR	BUILDING	CARPENTER:NONE
https://dffd.bay12games.com/file.php?id=11310	https://dffd.bay12games.com/download.php?f=DF+Wanderer+R20a+ASCII.zip&id=11310	R20a	DF Wanderer R20a ASCII/raw/objects/reaction_adventurer.txt	352	CRAFT_BONE_BOOTS_ADV	1	ADV_BONECARVING_ARMOR	REAGENT	tool:1:NONE:NONE:NONE:NONE
https://dffd.bay12games.com/file.php?id=11310	https://dffd.bay12games.com/download.php?f=DF+Wanderer+R20a+ASCII.zip&id=11310	R20a	DF Wanderer R20a ASCII/raw/objects/reaction_adventurer.txt	353	CRAFT_BONE_BOOTS_ADV	1	ADV_BONECARVING_ARMOR	PRESERVE_REAGENT	
https://dffd.bay12games.com/file.php?id=11310	https://dffd.bay12games.com/download.php?f=DF+Wanderer+R20a+ASCII.zip&id=11310	R20a	DF Wanderer R20a ASCII/raw/objects/reaction_adventurer.txt	353	CRAFT_BONE_BOOTS_ADV	1	ADV_BONECARVING_ARMOR	HAS_EDGE	
https://dffd.bay12games.com/file.php?id=11310	https://dffd.bay12games.com/download.php?f=DF+Wanderer+R20a+ASCII.zip&id=11310	R20a	DF Wanderer R20a ASCII/raw/objects/reaction_adventurer.txt	354	CRAFT_BONE_BOOTS_ADV	1	ADV_BONECARVING_ARMOR	REAGENT	bone:1:NONE:NONE:NONE:NONE
https://dffd.bay12games.com/file.php?id=11310	https://dffd.bay12games.com/download.php?f=DF+Wanderer+R20a+ASCII.zip&id=11310	R20a	DF Wanderer R20a ASCII/raw/objects/reaction_adventurer.txt	354	CRAFT_BONE_BOOTS_ADV	1	ADV_BONECARVING_ARMOR	USE_BODY_COMPONENT	
https://dffd.bay12games.com/file.php?id=11310	https://dffd.bay12games.com/download.php?f=DF+Wanderer+R20a+ASCII.zip&id=11310	R20a	DF Wanderer R20a ASCII/raw/objects/reaction_adventurer.txt	354	CRAFT_BONE_BOOTS_ADV	1	ADV_BONECARVING_ARMOR	ANY_BONE_MATERIAL	
https://dffd.bay12games.com/file.php?id=11310	https://dffd.bay12games.com/download.php?f=DF+Wanderer+R20a+ASCII.zip&id=11310	R20a	DF Wanderer R20a ASCII/raw/objects/reaction_adventurer.txt	355	CRAFT_BONE_BOOTS_ADV	1	ADV_BONECARVING_ARMOR	PRODUCT	100:2:SHOES:ITEM_SHOES_BOOTS:GET_MATERIAL_FROM_REAGENT:bone:NONE
https://dffd.bay12games.com/file.php?id=11310	https://dffd.bay12games.com/download.php?f=DF+Wanderer+R20a+ASCII.zip&id=11310	R20a	DF Wanderer R20a ASCII/raw/objects/reaction_adventurer.txt	356	CRAFT_BONE_BOOTS_ADV	1	ADV_BONECARVING_ARMOR	SKILL	BONECARVE
https://dffd.bay12games.com/file.php?id=11310	https://dffd.bay12games.com/download.php?f=DF+Wanderer+R20a+ASCII.zip&id=11310	R20a	DF Wanderer R20a ASCII/raw/objects/reaction_adventurer.txt	357	CRAFT_BONE_BOOTS_ADV	1	ADV_BONECARVING_ARMOR	CATEGORY	ADV_BONECARVING_ARMOR
https://dffd.bay12games.com/file.php?id=11310	https://dffd.bay12games.com/download.php?f=DF+Wanderer+R20a+ASCII.zip&id=11310	R20a	DF Wanderer R20a ASCII/raw/objects/reaction_adventurer.txt	358	CRAFT_BONE_BOOTS_ADV	1	ADV_BONECARVING_ARMOR	CATEGORY_NAME	Bonecarving - armor
https://dffd.bay12games.com/file.php?id=11310	https://dffd.bay12games.com/download.php?f=DF+Wanderer+R20a+ASCII.zip&id=11310	R20a	DF Wanderer R20a ASCII/raw/objects/reaction_adventurer.txt	359	CRAFT_BONE_BOOTS_ADV	1	ADV_BONECARVING_ARMOR	CATEGORY_DESCRIPTION	Carve bones into bone armor.
https://dffd.bay12games.com/file.php?id=11310	https://dffd.bay12games.com/download.php?f=DF+Wanderer+R20a+ASCII.zip&id=11310	R20a	DF Wanderer R20a ASCII/raw/objects/reaction_adventurer.txt	361	CRAFT_BONE_BREASTPLATE_ADV	1	ADV_BONECARVING_ARMOR	REACTION	CRAFT_BONE_BREASTPLATE_ADV
https://dffd.bay12games.com/file.php?id=11310	https://dffd.bay12games.com/download.php?f=DF+Wanderer+R20a+ASCII.zip&id=11310	R20a	DF Wanderer R20a ASCII/raw/objects/reaction_adventurer.txt	362	CRAFT_BONE_BREASTPLATE_ADV	1	ADV_BONECARVING_ARMOR	NAME	carve bone breastplate
https://dffd.bay12games.com/file.php?id=11310	https://dffd.bay12games.com/download.php?f=DF+Wanderer+R20a+ASCII.zip&id=11310	R20a	DF Wanderer R20a ASCII/raw/objects/reaction_adventurer.txt	363	CRAFT_BONE_BREASTPLATE_ADV	1	ADV_BONECARVING_ARMOR	DESCRIPTION	Make a bone breastplate.
https://dffd.bay12games.com/file.php?id=11310	https://dffd.bay12games.com/download.php?f=DF+Wanderer+R20a+ASCII.zip&id=11310	R20a	DF Wanderer R20a ASCII/raw/objects/reaction_adventurer.txt	364	CRAFT_BONE_BREASTPLATE_ADV	1	ADV_BONECARVING_ARMOR	ADVENTURE_MODE_ENABLED	
https://dffd.bay12games.com/file.php?id=11310	https://dffd.bay12games.com/download.php?f=DF+Wanderer+R20a+ASCII.zip&id=11310	R20a	DF Wanderer R20a ASCII/raw/objects/reaction_adventurer.txt	365	CRAFT_BONE_BREASTPLATE_ADV	1	ADV_BONECARVING_ARMOR	BUILDING	CARPENTER:NONE
https://dffd.bay12games.com/file.php?id=11310	https://dffd.bay12games.com/download.php?f=DF+Wanderer+R20a+ASCII.zip&id=11310	R20a	DF Wanderer R20a ASCII/raw/objects/reaction_adventurer.txt	366	CRAFT_BONE_BREASTPLATE_ADV	1	ADV_BONECARVING_ARMOR	REAGENT	tool:1:NONE:NONE:NONE:NONE
https://dffd.bay12games.com/file.php?id=11310	https://dffd.bay12games.com/download.php?f=DF+Wanderer+R20a+ASCII.zip&id=11310	R20a	DF Wanderer R20a ASCII/raw/objects/reaction_adventurer.txt	367	CRAFT_BONE_BREASTPLATE_ADV	1	ADV_BONECARVING_ARMOR	PRESERVE_REAGENT	
https://dffd.bay12games.com/file.php?id=11310	https://dffd.bay12games.com/download.php?f=DF+Wanderer+R20a+ASCII.zip&id=11310	R20a	DF Wanderer R20a ASCII/raw/objects/reaction_adventurer.txt	367	CRAFT_BONE_BREASTPLATE_ADV	1	ADV_BONECARVING_ARMOR	HAS_EDGE	
https://dffd.bay12games.com/file.php?id=11310	https://dffd.bay12games.com/download.php?f=DF+Wanderer+R20a+ASCII.zip&id=11310	R20a	DF Wanderer R20a ASCII/raw/objects/reaction_adventurer.txt	368	CRAFT_BONE_BREASTPLATE_ADV	1	ADV_BONECARVING_ARMOR	REAGENT	bone:1:NONE:NONE:NONE:NONE
https://dffd.bay12games.com/file.php?id=11310	https://dffd.bay12games.com/download.php?f=DF+Wanderer+R20a+ASCII.zip&id=11310	R20a	DF Wanderer R20a ASCII/raw/objects/reaction_adventurer.txt	368	CRAFT_BONE_BREASTPLATE_ADV	1	ADV_BONECARVING_ARMOR	USE_BODY_COMPONENT	
https://dffd.bay12games.com/file.php?id=11310	https://dffd.bay12games.com/download.php?f=DF+Wanderer+R20a+ASCII.zip&id=11310	R20a	DF Wanderer R20a ASCII/raw/objects/reaction_adventurer.txt	368	CRAFT_BONE_BREASTPLATE_ADV	1	ADV_BONECARVING_ARMOR	ANY_BONE_MATERIAL	
https://dffd.bay12games.com/file.php?id=11310	https://dffd.bay12games.com/download.php?f=DF+Wanderer+R20a+ASCII.zip&id=11310	R20a	DF Wanderer R20a ASCII/raw/objects/reaction_adventurer.txt	369	CRAFT_BONE_BREASTPLATE_ADV	1	ADV_BONECARVING_ARMOR	REAGENT	leather:1:SKIN_TANNED:NONE:NONE:NONE
https://dffd.bay12games.com/file.php?id=11310	https://dffd.bay12games.com/download.php?f=DF+Wanderer+R20a+ASCII.zip&id=11310	R20a	DF Wanderer R20a ASCII/raw/objects/reaction_adventurer.txt	370	CRAFT_BONE_BREASTPLATE_ADV	1	ADV_BONECARVING_ARMOR	PRODUCT	100:1:ARMOR:ITEM_ARMOR_BREASTPLATE:GET_MATERIAL_FROM_REAGENT:bone:NONE
https://dffd.bay12games.com/file.php?id=11310	https://dffd.bay12games.com/download.php?f=DF+Wanderer+R20a+ASCII.zip&id=11310	R20a	DF Wanderer R20a ASCII/raw/objects/reaction_adventurer.txt	371	CRAFT_BONE_BREASTPLATE_ADV	1	ADV_BONECARVING_ARMOR	SKILL	BONECARVE
https://dffd.bay12games.com/file.php?id=11310	https://dffd.bay12games.com/download.php?f=DF+Wanderer+R20a+ASCII.zip&id=11310	R20a	DF Wanderer R20a ASCII/raw/objects/reaction_adventurer.txt	372	CRAFT_BONE_BREASTPLATE_ADV	1	ADV_BONECARVING_ARMOR	CATEGORY	ADV_BONECARVING_ARMOR
https://dffd.bay12games.com/file.php?id=11310	https://dffd.bay12games.com/download.php?f=DF+Wanderer+R20a+ASCII.zip&id=11310	R20a	DF Wanderer R20a ASCII/raw/objects/reaction_adventurer.txt	374	CRAFT_BONE_GREAVES_ADV	1	ADV_BONECARVING_ARMOR	REACTION	CRAFT_BONE_GREAVES_ADV
https://dffd.bay12games.com/file.php?id=11310	https://dffd.bay12games.com/download.php?f=DF+Wanderer+R20a+ASCII.zip&id=11310	R20a	DF Wanderer R20a ASCII/raw/objects/reaction_adventurer.txt	375	CRAFT_BONE_GREAVES_ADV	1	ADV_BONECARVING_ARMOR	NAME	carve bone greaves
https://dffd.bay12games.com/file.php?id=11310	https://dffd.bay12games.com/download.php?f=DF+Wanderer+R20a+ASCII.zip&id=11310	R20a	DF Wanderer R20a ASCII/raw/objects/reaction_adventurer.txt	376	CRAFT_BONE_GREAVES_ADV	1	ADV_BONECARVING_ARMOR	DESCRIPTION	Make bone greaves.
https://dffd.bay12games.com/file.php?id=11310	https://dffd.bay12games.com/download.php?f=DF+Wanderer+R20a+ASCII.zip&id=11310	R20a	DF Wanderer R20a ASCII/raw/objects/reaction_adventurer.txt	377	CRAFT_BONE_GREAVES_ADV	1	ADV_BONECARVING_ARMOR	ADVENTURE_MODE_ENABLED	
https://dffd.bay12games.com/file.php?id=11310	https://dffd.bay12games.com/download.php?f=DF+Wanderer+R20a+ASCII.zip&id=11310	R20a	DF Wanderer R20a ASCII/raw/objects/reaction_adventurer.txt	378	CRAFT_BONE_GREAVES_ADV	1	ADV_BONECARVING_ARMOR	BUILDING	CARPENTER:NONE
https://dffd.bay12games.com/file.php?id=11310	https://dffd.bay12games.com/download.php?f=DF+Wanderer+R20a+ASCII.zip&id=11310	R20a	DF Wanderer R20a ASCII/raw/objects/reaction_adventurer.txt	379	CRAFT_BONE_GREAVES_ADV	1	ADV_BONECARVING_ARMOR	REAGENT	tool:1:NONE:NONE:NONE:NONE
https://dffd.bay12games.com/file.php?id=11310	https://dffd.bay12games.com/download.php?f=DF+Wanderer+R20a+ASCII.zip&id=11310	R20a	DF Wanderer R20a ASCII/raw/objects/reaction_adventurer.txt	380	CRAFT_BONE_GREAVES_ADV	1	ADV_BONECARVING_ARMOR	PRESERVE_REAGENT	
https://dffd.bay12games.com/file.php?id=11310	https://dffd.bay12games.com/download.php?f=DF+Wanderer+R20a+ASCII.zip&id=11310	R20a	DF Wanderer R20a ASCII/raw/objects/reaction_adventurer.txt	380	CRAFT_BONE_GREAVES_ADV	1	ADV_BONECARVING_ARMOR	HAS_EDGE	
https://dffd.bay12games.com/file.php?id=11310	https://dffd.bay12games.com/download.php?f=DF+Wanderer+R20a+ASCII.zip&id=11310	R20a	DF Wanderer R20a ASCII/raw/objects/reaction_adventurer.txt	381	CRAFT_BONE_GREAVES_ADV	1	ADV_BONECARVING_ARMOR	REAGENT	bone:1:NONE:NONE:NONE:NONE
https://dffd.bay12games.com/file.php?id=11310	https://dffd.bay12games.com/download.php?f=DF+Wanderer+R20a+ASCII.zip&id=11310	R20a	DF Wanderer R20a ASCII/raw/objects/reaction_adventurer.txt	381	CRAFT_BONE_GREAVES_ADV	1	ADV_BONECARVING_ARMOR	USE_BODY_COMPONENT	
https://dffd.bay12games.com/file.php?id=11310	https://dffd.bay12games.com/download.php?f=DF+Wanderer+R20a+ASCII.zip&id=11310	R20a	DF Wanderer R20a ASCII/raw/objects/reaction_adventurer.txt	381	CRAFT_BONE_GREAVES_ADV	1	ADV_BONECARVING_ARMOR	ANY_BONE_MATERIAL	
https://dffd.bay12games.com/file.php?id=11310	https://dffd.bay12games.com/download.php?f=DF+Wanderer+R20a+ASCII.zip&id=11310	R20a	DF Wanderer R20a ASCII/raw/objects/reaction_adventurer.txt	382	CRAFT_BONE_GREAVES_ADV	1	ADV_BONECARVING_ARMOR	REAGENT	leather:1:SKIN_TANNED:NONE:NONE:NONE
https://dffd.bay12games.com/file.php?id=11310	https://dffd.bay12games.com/download.php?f=DF+Wanderer+R20a+ASCII.zip&id=11310	R20a	DF Wanderer R20a ASCII/raw/objects/reaction_adventurer.txt	383	CRAFT_BONE_GREAVES_ADV	1	ADV_BONECARVING_ARMOR	PRODUCT	100:1:PANTS:ITEM_PANTS_GREAVES:GET_MATERIAL_FROM_REAGENT:bone:NONE
https://dffd.bay12games.com/file.php?id=11310	https://dffd.bay12games.com/download.php?f=DF+Wanderer+R20a+ASCII.zip&id=11310	R20a	DF Wanderer R20a ASCII/raw/objects/reaction_adventurer.txt	384	CRAFT_BONE_GREAVES_ADV	1	ADV_BONECARVING_ARMOR	SKILL	BONECARVE
https://dffd.bay12games.com/file.php?id=11310	https://dffd.bay12games.com/download.php?f=DF+Wanderer+R20a+ASCII.zip&id=11310	R20a	DF Wanderer R20a ASCII/raw/objects/reaction_adventurer.txt	385	CRAFT_BONE_GREAVES_ADV	1	ADV_BONECARVING_ARMOR	CATEGORY	ADV_BONECARVING_ARMOR
https://dffd.bay12games.com/file.php?id=11310	https://dffd.bay12games.com/download.php?f=DF+Wanderer+R20a+ASCII.zip&id=11310	R20a	DF Wanderer R20a ASCII/raw/objects/reaction_adventurer.txt	387	CRAFT_BONE_HELM_ADV	1	ADV_BONECARVING_ARMOR	REACTION	CRAFT_BONE_HELM_ADV
https://dffd.bay12games.com/file.php?id=11310	https://dffd.bay12games.com/download.php?f=DF+Wanderer+R20a+ASCII.zip&id=11310	R20a	DF Wanderer R20a ASCII/raw/objects/reaction_adventurer.txt	388	CRAFT_BONE_HELM_ADV	1	ADV_BONECARVING_ARMOR	NAME	carve bone helm
https://dffd.bay12games.com/file.php?id=11310	https://dffd.bay12games.com/download.php?f=DF+Wanderer+R20a+ASCII.zip&id=11310	R20a	DF Wanderer R20a ASCII/raw/objects/reaction_adventurer.txt	389	CRAFT_BONE_HELM_ADV	1	ADV_BONECARVING_ARMOR	DESCRIPTION	Make a bone helm.
https://dffd.bay12games.com/file.php?id=11310	https://dffd.bay12games.com/download.php?f=DF+Wanderer+R20a+ASCII.zip&id=11310	R20a	DF Wanderer R20a ASCII/raw/objects/reaction_adventurer.txt	390	CRAFT_BONE_HELM_ADV	1	ADV_BONECARVING_ARMOR	ADVENTURE_MODE_ENABLED	
https://dffd.bay12games.com/file.php?id=11310	https://dffd.bay12games.com/download.php?f=DF+Wanderer+R20a+ASCII.zip&id=11310	R20a	DF Wanderer R20a ASCII/raw/objects/reaction_adventurer.txt	391	CRAFT_BONE_HELM_ADV	1	ADV_BONECARVING_ARMOR	BUILDING	CARPENTER:NONE
https://dffd.bay12games.com/file.php?id=11310	https://dffd.bay12games.com/download.php?f=DF+Wanderer+R20a+ASCII.zip&id=11310	R20a	DF Wanderer R20a ASCII/raw/objects/reaction_adventurer.txt	392	CRAFT_BONE_HELM_ADV	1	ADV_BONECARVING_ARMOR	REAGENT	tool:1:NONE:NONE:NONE:NONE
https://dffd.bay12games.com/file.php?id=11310	https://dffd.bay12games.com/download.php?f=DF+Wanderer+R20a+ASCII.zip&id=11310	R20a	DF Wanderer R20a ASCII/raw/objects/reaction_adventurer.txt	393	CRAFT_BONE_HELM_ADV	1	ADV_BONECARVING_ARMOR	PRESERVE_REAGENT	
https://dffd.bay12games.com/file.php?id=11310	https://dffd.bay12games.com/download.php?f=DF+Wanderer+R20a+ASCII.zip&id=11310	R20a	DF Wanderer R20a ASCII/raw/objects/reaction_adventurer.txt	393	CRAFT_BONE_HELM_ADV	1	ADV_BONECARVING_ARMOR	HAS_EDGE	
https://dffd.bay12games.com/file.php?id=11310	https://dffd.bay12games.com/download.php?f=DF+Wanderer+R20a+ASCII.zip&id=11310	R20a	DF Wanderer R20a ASCII/raw/objects/reaction_adventurer.txt	394	CRAFT_BONE_HELM_ADV	1	ADV_BONECARVING_ARMOR	REAGENT	bone:1:NONE:NONE:NONE:NONE
https://dffd.bay12games.com/file.php?id=11310	https://dffd.bay12games.com/download.php?f=DF+Wanderer+R20a+ASCII.zip&id=11310	R20a	DF Wanderer R20a ASCII/raw/objects/reaction_adventurer.txt	394	CRAFT_BONE_HELM_ADV	1	ADV_BONECARVING_ARMOR	USE_BODY_COMPONENT	
https://dffd.bay12games.com/file.php?id=11310	https://dffd.bay12games.com/download.php?f=DF+Wanderer+R20a+ASCII.zip&id=11310	R20a	DF Wanderer R20a ASCII/raw/objects/reaction_adventurer.txt	394	CRAFT_BONE_HELM_ADV	1	ADV_BONECARVING_ARMOR	ANY_BONE_MATERIAL	
https://dffd.bay12games.com/file.php?id=11310	https://dffd.bay12games.com/download.php?f=DF+Wanderer+R20a+ASCII.zip&id=11310	R20a	DF Wanderer R20a ASCII/raw/objects/reaction_adventurer.txt	395	CRAFT_BONE_HELM_ADV	1	ADV_BONECARVING_ARMOR	PRODUCT	100:1:HELM:ITEM_HELM_SKULLCAP:GET_MATERIAL_FROM_REAGENT:bone:NONE
https://dffd.bay12games.com/file.php?id=11310	https://dffd.bay12games.com/download.php?f=DF+Wanderer+R20a+ASCII.zip&id=11310	R20a	DF Wanderer R20a ASCII/raw/objects/reaction_adventurer.txt	396	CRAFT_BONE_HELM_ADV	1	ADV_BONECARVING_ARMOR	SKILL	BONECARVE
https://dffd.bay12games.com/file.php?id=11310	https://dffd.bay12games.com/download.php?f=DF+Wanderer+R20a+ASCII.zip&id=11310	R20a	DF Wanderer R20a ASCII/raw/objects/reaction_adventurer.txt	397	CRAFT_BONE_HELM_ADV	1	ADV_BONECARVING_ARMOR	CATEGORY	ADV_BONECARVING_ARMOR
https://dffd.bay12games.com/file.php?id=11310	https://dffd.bay12games.com/download.php?f=DF+Wanderer+R20a+ASCII.zip&id=11310	R20a	DF Wanderer R20a ASCII/raw/objects/reaction_adventurer.txt	401	CARVE_BONE_CRUTCH_ADV	1	ADV_BONECARVING_TRINKETS	REACTION	CARVE_BONE_CRUTCH_ADV
https://dffd.bay12games.com/file.php?id=11310	https://dffd.bay12games.com/download.php?f=DF+Wanderer+R20a+ASCII.zip&id=11310	R20a	DF Wanderer R20a ASCII/raw/objects/reaction_adventurer.txt	402	CARVE_BONE_CRUTCH_ADV	1	ADV_BONECARVING_TRINKETS	NAME	carve bone crutch
https://dffd.bay12games.com/file.php?id=11310	https://dffd.bay12games.com/download.php?f=DF+Wanderer+R20a+ASCII.zip&id=11310	R20a	DF Wanderer R20a ASCII/raw/objects/reaction_adventurer.txt	403	CARVE_BONE_CRUTCH_ADV	1	ADV_BONECARVING_TRINKETS	DESCRIPTION	Carve a bone crutch for crutchwalking.
https://dffd.bay12games.com/file.php?id=11310	https://dffd.bay12games.com/download.php?f=DF+Wanderer+R20a+ASCII.zip&id=11310	R20a	DF Wanderer R20a ASCII/raw/objects/reaction_adventurer.txt	404	CARVE_BONE_CRUTCH_ADV	1	ADV_BONECARVING_TRINKETS	ADVENTURE_MODE_ENABLED	
https://dffd.bay12games.com/file.php?id=11310	https://dffd.bay12games.com/download.php?f=DF+Wanderer+R20a+ASCII.zip&id=11310	R20a	DF Wanderer R20a ASCII/raw/objects/reaction_adventurer.txt	405	CARVE_BONE_CRUTCH_ADV	1	ADV_BONECARVING_TRINKETS	REAGENT	bone:1:NONE:NONE:NONE:NONE
https://dffd.bay12games.com/file.php?id=11310	https://dffd.bay12games.com/download.php?f=DF+Wanderer+R20a+ASCII.zip&id=11310	R20a	DF Wanderer R20a ASCII/raw/objects/reaction_adventurer.txt	405	CARVE_BONE_CRUTCH_ADV	1	ADV_BONECARVING_TRINKETS	USE_BODY_COMPONENT	
https://dffd.bay12games.com/file.php?id=11310	https://dffd.bay12games.com/download.php?f=DF+Wanderer+R20a+ASCII.zip&id=11310	R20a	DF Wanderer R20a ASCII/raw/objects/reaction_adventurer.txt	405	CARVE_BONE_CRUTCH_ADV	1	ADV_BONECARVING_TRINKETS	ANY_BONE_MATERIAL	
https://dffd.bay12games.com/file.php?id=11310	https://dffd.bay12games.com/download.php?f=DF+Wanderer+R20a+ASCII.zip&id=11310	R20a	DF Wanderer R20a ASCII/raw/objects/reaction_adventurer.txt	406	CARVE_BONE_CRUTCH_ADV	1	ADV_BONECARVING_TRINKETS	REAGENT	tool:1:NONE:NONE:NONE:NONE
https://dffd.bay12games.com/file.php?id=11310	https://dffd.bay12games.com/download.php?f=DF+Wanderer+R20a+ASCII.zip&id=11310	R20a	DF Wanderer R20a ASCII/raw/objects/reaction_adventurer.txt	407	CARVE_BONE_CRUTCH_ADV	1	ADV_BONECARVING_TRINKETS	PRESERVE_REAGENT	
https://dffd.bay12games.com/file.php?id=11310	https://dffd.bay12games.com/download.php?f=DF+Wanderer+R20a+ASCII.zip&id=11310	R20a	DF Wanderer R20a ASCII/raw/objects/reaction_adventurer.txt	407	CARVE_BONE_CRUTCH_ADV	1	ADV_BONECARVING_TRINKETS	HAS_EDGE	
https://dffd.bay12games.com/file.php?id=11310	https://dffd.bay12games.com/download.php?f=DF+Wanderer+R20a+ASCII.zip&id=11310	R20a	DF Wanderer R20a ASCII/raw/objects/reaction_adventurer.txt	408	CARVE_BONE_CRUTCH_ADV	1	ADV_BONECARVING_TRINKETS	PRODUCT	100:1:CRUTCH:NONE:GET_MATERIAL_FROM_REAGENT:bone:NONE
https://dffd.bay12games.com/file.php?id=11310	https://dffd.bay12games.com/download.php?f=DF+Wanderer+R20a+ASCII.zip&id=11310	R20a	DF Wanderer R20a ASCII/raw/objects/reaction_adventurer.txt	409	CARVE_BONE_CRUTCH_ADV	1	ADV_BONECARVING_TRINKETS	SKILL	BONECARVE
https://dffd.bay12games.com/file.php?id=11310	https://dffd.bay12games.com/download.php?f=DF+Wanderer+R20a+ASCII.zip&id=11310	R20a	DF Wanderer R20a ASCII/raw/objects/reaction_adventurer.txt	410	CARVE_BONE_CRUTCH_ADV	1	ADV_BONECARVING_TRINKETS	CATEGORY	ADV_BONECARVING_TRINKETS
https://dffd.bay12games.com/file.php?id=11310	https://dffd.bay12games.com/download.php?f=DF+Wanderer+R20a+ASCII.zip&id=11310	R20a	DF Wanderer R20a ASCII/raw/objects/reaction_adventurer.txt	411	CARVE_BONE_CRUTCH_ADV	1	ADV_BONECARVING_TRINKETS	CATEGORY_NAME	Bonecarving - trinkets and misc
https://dffd.bay12games.com/file.php?id=11310	https://dffd.bay12games.com/download.php?f=DF+Wanderer+R20a+ASCII.zip&id=11310	R20a	DF Wanderer R20a ASCII/raw/objects/reaction_adventurer.txt	412	CARVE_BONE_CRUTCH_ADV	1	ADV_BONECARVING_TRINKETS	CATEGORY_DESCRIPTION	Carve bones into trinkets.
https://dffd.bay12games.com/file.php?id=11310	https://dffd.bay12games.com/download.php?f=DF+Wanderer+R20a+ASCII.zip&id=11310	R20a	DF Wanderer R20a ASCII/raw/objects/reaction_adventurer.txt	414	CARVE_BONE_AMULET_ADV	1	ADV_BONECARVING_TRINKETS	REACTION	CARVE_BONE_AMULET_ADV
https://dffd.bay12games.com/file.php?id=11310	https://dffd.bay12games.com/download.php?f=DF+Wanderer+R20a+ASCII.zip&id=11310	R20a	DF Wanderer R20a ASCII/raw/objects/reaction_adventurer.txt	415	CARVE_BONE_AMULET_ADV	1	ADV_BONECARVING_TRINKETS	NAME	carve bone amulet
https://dffd.bay12games.com/file.php?id=11310	https://dffd.bay12games.com/download.php?f=DF+Wanderer+R20a+ASCII.zip&id=11310	R20a	DF Wanderer R20a ASCII/raw/objects/reaction_adventurer.txt	416	CARVE_BONE_AMULET_ADV	1	ADV_BONECARVING_TRINKETS	DESCRIPTION	Make an amulet.
https://dffd.bay12games.com/file.php?id=11310	https://dffd.bay12games.com/download.php?f=DF+Wanderer+R20a+ASCII.zip&id=11310	R20a	DF Wanderer R20a ASCII/raw/objects/reaction_adventurer.txt	417	CARVE_BONE_AMULET_ADV	1	ADV_BONECARVING_TRINKETS	ADVENTURE_MODE_ENABLED	
https://dffd.bay12games.com/file.php?id=11310	https://dffd.bay12games.com/download.php?f=DF+Wanderer+R20a+ASCII.zip&id=11310	R20a	DF Wanderer R20a ASCII/raw/objects/reaction_adventurer.txt	418	CARVE_BONE_AMULET_ADV	1	ADV_BONECARVING_TRINKETS	REAGENT	bone:1:NONE:NONE:NONE:NONE
https://dffd.bay12games.com/file.php?id=11310	https://dffd.bay12games.com/download.php?f=DF+Wanderer+R20a+ASCII.zip&id=11310	R20a	DF Wanderer R20a ASCII/raw/objects/reaction_adventurer.txt	419	CARVE_BONE_AMULET_ADV	1	ADV_BONECARVING_TRINKETS	REAGENT	tool:1:NONE:NONE:NONE:NONE
https://dffd.bay12games.com/file.php?id=11310	https://dffd.bay12games.com/download.php?f=DF+Wanderer+R20a+ASCII.zip&id=11310	R20a	DF Wanderer R20a ASCII/raw/objects/reaction_adventurer.txt	420	CARVE_BONE_AMULET_ADV	1	ADV_BONECARVING_TRINKETS	PRESERVE_REAGENT	
https://dffd.bay12games.com/file.php?id=11310	https://dffd.bay12games.com/download.php?f=DF+Wanderer+R20a+ASCII.zip&id=11310	R20a	DF Wanderer R20a ASCII/raw/objects/reaction_adventurer.txt	420	CARVE_BONE_AMULET_ADV	1	ADV_BONECARVING_TRINKETS	HAS_EDGE	
https://dffd.bay12games.com/file.php?id=11310	https://dffd.bay12games.com/download.php?f=DF+Wanderer+R20a+ASCII.zip&id=11310	R20a	DF Wanderer R20a ASCII/raw/objects/reaction_adventurer.txt	421	CARVE_BONE_AMULET_ADV	1	ADV_BONECARVING_TRINKETS	USE_BODY_COMPONENT	
https://dffd.bay12games.com/file.php?id=11310	https://dffd.bay12games.com/download.php?f=DF+Wanderer+R20a+ASCII.zip&id=11310	R20a	DF Wanderer R20a ASCII/raw/objects/reaction_adventurer.txt	422	CARVE_BONE_AMULET_ADV	1	ADV_BONECARVING_TRINKETS	ANY_BONE_MATERIAL	
https://dffd.bay12games.com/file.php?id=11310	https://dffd.bay12games.com/download.php?f=DF+Wanderer+R20a+ASCII.zip&id=11310	R20a	DF Wanderer R20a ASCII/raw/objects/reaction_adventurer.txt	423	CARVE_BONE_AMULET_ADV	1	ADV_BONECARVING_TRINKETS	PRODUCT	100:1:AMULET:NONE:GET_MATERIAL_FROM_REAGENT:bone:NONE
https://dffd.bay12games.com/file.php?id=11310	https://dffd.bay12games.com/download.php?f=DF+Wanderer+R20a+ASCII.zip&id=11310	R20a	DF Wanderer R20a ASCII/raw/objects/reaction_adventurer.txt	424	CARVE_BONE_AMULET_ADV	1	ADV_BONECARVING_TRINKETS	SKILL	BONECARVE
https://dffd.bay12games.com/file.php?id=11310	https://dffd.bay12games.com/download.php?f=DF+Wanderer+R20a+ASCII.zip&id=11310	R20a	DF Wanderer R20a ASCII/raw/objects/reaction_adventurer.txt	425	CARVE_BONE_AMULET_ADV	1	ADV_BONECARVING_TRINKETS	CATEGORY	ADV_BONECARVING_TRINKETS
https://dffd.bay12games.com/file.php?id=11310	https://dffd.bay12games.com/download.php?f=DF+Wanderer+R20a+ASCII.zip&id=11310	R20a	DF Wanderer R20a ASCII/raw/objects/reaction_adventurer.txt	427	CARVE_BONE_BRACELET_ADV	1	ADV_BONECARVING_TRINKETS	REACTION	CARVE_BONE_BRACELET_ADV
https://dffd.bay12games.com/file.php?id=11310	https://dffd.bay12games.com/download.php?f=DF+Wanderer+R20a+ASCII.zip&id=11310	R20a	DF Wanderer R20a ASCII/raw/objects/reaction_adventurer.txt	428	CARVE_BONE_BRACELET_ADV	1	ADV_BONECARVING_TRINKETS	NAME	carve bone bracelet
https://dffd.bay12games.com/file.php?id=11310	https://dffd.bay12games.com/download.php?f=DF+Wanderer+R20a+ASCII.zip&id=11310	R20a	DF Wanderer R20a ASCII/raw/objects/reaction_adventurer.txt	429	CARVE_BONE_BRACELET_ADV	1	ADV_BONECARVING_TRINKETS	DESCRIPTION	Make a bracelet.
https://dffd.bay12games.com/file.php?id=11310	https://dffd.bay12games.com/download.php?f=DF+Wanderer+R20a+ASCII.zip&id=11310	R20a	DF Wanderer R20a ASCII/raw/objects/reaction_adventurer.txt	430	CARVE_BONE_BRACELET_ADV	1	ADV_BONECARVING_TRINKETS	ADVENTURE_MODE_ENABLED	
https://dffd.bay12games.com/file.php?id=11310	https://dffd.bay12games.com/download.php?f=DF+Wanderer+R20a+ASCII.zip&id=11310	R20a	DF Wanderer R20a ASCII/raw/objects/reaction_adventurer.txt	431	CARVE_BONE_BRACELET_ADV	1	ADV_BONECARVING_TRINKETS	REAGENT	bone:1:NONE:NONE:NONE:NONE
https://dffd.bay12games.com/file.php?id=11310	https://dffd.bay12games.com/download.php?f=DF+Wanderer+R20a+ASCII.zip&id=11310	R20a	DF Wanderer R20a ASCII/raw/objects/reaction_adventurer.txt	431	CARVE_BONE_BRACELET_ADV	1	ADV_BONECARVING_TRINKETS	USE_BODY_COMPONENT	
https://dffd.bay12games.com/file.php?id=11310	https://dffd.bay12games.com/download.php?f=DF+Wanderer+R20a+ASCII.zip&id=11310	R20a	DF Wanderer R20a ASCII/raw/objects/reaction_adventurer.txt	431	CARVE_BONE_BRACELET_ADV	1	ADV_BONECARVING_TRINKETS	ANY_BONE_MATERIAL	
https://dffd.bay12games.com/file.php?id=11310	https://dffd.bay12games.com/download.php?f=DF+Wanderer+R20a+ASCII.zip&id=11310	R20a	DF Wanderer R20a ASCII/raw/objects/reaction_adventurer.txt	432	CARVE_BONE_BRACELET_ADV	1	ADV_BONECARVING_TRINKETS	REAGENT	tool:1:NONE:NONE:NONE:NONE
https://dffd.bay12games.com/file.php?id=11310	https://dffd.bay12games.com/download.php?f=DF+Wanderer+R20a+ASCII.zip&id=11310	R20a	DF Wanderer R20a ASCII/raw/objects/reaction_adventurer.txt	433	CARVE_BONE_BRACELET_ADV	1	ADV_BONECARVING_TRINKETS	PRESERVE_REAGENT	
https://dffd.bay12games.com/file.php?id=11310	https://dffd.bay12games.com/download.php?f=DF+Wanderer+R20a+ASCII.zip&id=11310	R20a	DF Wanderer R20a ASCII/raw/objects/reaction_adventurer.txt	433	CARVE_BONE_BRACELET_ADV	1	ADV_BONECARVING_TRINKETS	HAS_EDGE	
https://dffd.bay12games.com/file.php?id=11310	https://dffd.bay12games.com/download.php?f=DF+Wanderer+R20a+ASCII.zip&id=11310	R20a	DF Wanderer R20a ASCII/raw/objects/reaction_adventurer.txt	434	CARVE_BONE_BRACELET_ADV	1	ADV_BONECARVING_TRINKETS	PRODUCT	100:1:BRACELET:NONE:GET_MATERIAL_FROM_REAGENT:bone:NONE
https://dffd.bay12games.com/file.php?id=11310	https://dffd.bay12games.com/download.php?f=DF+Wanderer+R20a+ASCII.zip&id=11310	R20a	DF Wanderer R20a ASCII/raw/objects/reaction_adventurer.txt	435	CARVE_BONE_BRACELET_ADV	1	ADV_BONECARVING_TRINKETS	SKILL	BONECARVE
https://dffd.bay12games.com/file.php?id=11310	https://dffd.bay12games.com/download.php?f=DF+Wanderer+R20a+ASCII.zip&id=11310	R20a	DF Wanderer R20a ASCII/raw/objects/reaction_adventurer.txt	436	CARVE_BONE_BRACELET_ADV	1	ADV_BONECARVING_TRINKETS	CATEGORY	ADV_BONECARVING_TRINKETS
https://dffd.bay12games.com/file.php?id=11310	https://dffd.bay12games.com/download.php?f=DF+Wanderer+R20a+ASCII.zip&id=11310	R20a	DF Wanderer R20a ASCII/raw/objects/reaction_adventurer.txt	438	CARVE_BONE_EARRING_ADV	1	ADV_BONECARVING_TRINKETS	REACTION	CARVE_BONE_EARRING_ADV
https://dffd.bay12games.com/file.php?id=11310	https://dffd.bay12games.com/download.php?f=DF+Wanderer+R20a+ASCII.zip&id=11310	R20a	DF Wanderer R20a ASCII/raw/objects/reaction_adventurer.txt	439	CARVE_BONE_EARRING_ADV	1	ADV_BONECARVING_TRINKETS	NAME	carve bone earring
https://dffd.bay12games.com/file.php?id=11310	https://dffd.bay12games.com/download.php?f=DF+Wanderer+R20a+ASCII.zip&id=11310	R20a	DF Wanderer R20a ASCII/raw/objects/reaction_adventurer.txt	440	CARVE_BONE_EARRING_ADV	1	ADV_BONECARVING_TRINKETS	DESCRIPTION	Make an earring.
https://dffd.bay12games.com/file.php?id=11310	https://dffd.bay12games.com/download.php?f=DF+Wanderer+R20a+ASCII.zip&id=11310	R20a	DF Wanderer R20a ASCII/raw/objects/reaction_adventurer.txt	441	CARVE_BONE_EARRING_ADV	1	ADV_BONECARVING_TRINKETS	ADVENTURE_MODE_ENABLED	
https://dffd.bay12games.com/file.php?id=11310	https://dffd.bay12games.com/download.php?f=DF+Wanderer+R20a+ASCII.zip&id=11310	R20a	DF Wanderer R20a ASCII/raw/objects/reaction_adventurer.txt	442	CARVE_BONE_EARRING_ADV	1	ADV_BONECARVING_TRINKETS	REAGENT	bone:1:NONE:NONE:NONE:NONE
https://dffd.bay12games.com/file.php?id=11310	https://dffd.bay12games.com/download.php?f=DF+Wanderer+R20a+ASCII.zip&id=11310	R20a	DF Wanderer R20a ASCII/raw/objects/reaction_adventurer.txt	442	CARVE_BONE_EARRING_ADV	1	ADV_BONECARVING_TRINKETS	USE_BODY_COMPONENT	
https://dffd.bay12games.com/file.php?id=11310	https://dffd.bay12games.com/download.php?f=DF+Wanderer+R20a+ASCII.zip&id=11310	R20a	DF Wanderer R20a ASCII/raw/objects/reaction_adventurer.txt	442	CARVE_BONE_EARRING_ADV	1	ADV_BONECARVING_TRINKETS	ANY_BONE_MATERIAL	
https://dffd.bay12games.com/file.php?id=11310	https://dffd.bay12games.com/download.php?f=DF+Wanderer+R20a+ASCII.zip&id=11310	R20a	DF Wanderer R20a ASCII/raw/objects/reaction_adventurer.txt	443	CARVE_BONE_EARRING_ADV	1	ADV_BONECARVING_TRINKETS	REAGENT	tool:1:NONE:NONE:NONE:NONE
https://dffd.bay12games.com/file.php?id=11310	https://dffd.bay12games.com/download.php?f=DF+Wanderer+R20a+ASCII.zip&id=11310	R20a	DF Wanderer R20a ASCII/raw/objects/reaction_adventurer.txt	444	CARVE_BONE_EARRING_ADV	1	ADV_BONECARVING_TRINKETS	PRESERVE_REAGENT	
https://dffd.bay12games.com/file.php?id=11310	https://dffd.bay12games.com/download.php?f=DF+Wanderer+R20a+ASCII.zip&id=11310	R20a	DF Wanderer R20a ASCII/raw/objects/reaction_adventurer.txt	444	CARVE_BONE_EARRING_ADV	1	ADV_BONECARVING_TRINKETS	HAS_EDGE	
https://dffd.bay12games.com/file.php?id=11310	https://dffd.bay12games.com/download.php?f=DF+Wanderer+R20a+ASCII.zip&id=11310	R20a	DF Wanderer R20a ASCII/raw/objects/reaction_adventurer.txt	445	CARVE_BONE_EARRING_ADV	1	ADV_BONECARVING_TRINKETS	PRODUCT	100:1:EARRING:NONE:GET_MATERIAL_FROM_REAGENT:bone:NONE
https://dffd.bay12games.com/file.php?id=11310	https://dffd.bay12games.com/download.php?f=DF+Wanderer+R20a+ASCII.zip&id=11310	R20a	DF Wanderer R20a ASCII/raw/objects/reaction_adventurer.txt	446	CARVE_BONE_EARRING_ADV	1	ADV_BONECARVING_TRINKETS	SKILL	BONECARVE
https://dffd.bay12games.com/file.php?id=11310	https://dffd.bay12games.com/download.php?f=DF+Wanderer+R20a+ASCII.zip&id=11310	R20a	DF Wanderer R20a ASCII/raw/objects/reaction_adventurer.txt	447	CARVE_BONE_EARRING_ADV	1	ADV_BONECARVING_TRINKETS	CATEGORY	ADV_BONECARVING_TRINKETS
https://dffd.bay12games.com/file.php?id=11310	https://dffd.bay12games.com/download.php?f=DF+Wanderer+R20a+ASCII.zip&id=11310	R20a	DF Wanderer R20a ASCII/raw/objects/reaction_adventurer.txt	449	CARVE_BONE_FIGURINE_ADV	1	ADV_BONECARVING_TRINKETS	REACTION	CARVE_BONE_FIGURINE_ADV
https://dffd.bay12games.com/file.php?id=11310	https://dffd.bay12games.com/download.php?f=DF+Wanderer+R20a+ASCII.zip&id=11310	R20a	DF Wanderer R20a ASCII/raw/objects/reaction_adventurer.txt	450	CARVE_BONE_FIGURINE_ADV	1	ADV_BONECARVING_TRINKETS	NAME	carve bone figurine
https://dffd.bay12games.com/file.php?id=11310	https://dffd.bay12games.com/download.php?f=DF+Wanderer+R20a+ASCII.zip&id=11310	R20a	DF Wanderer R20a ASCII/raw/objects/reaction_adventurer.txt	451	CARVE_BONE_FIGURINE_ADV	1	ADV_BONECARVING_TRINKETS	DESCRIPTION	Make a figurine.
https://dffd.bay12games.com/file.php?id=11310	https://dffd.bay12games.com/download.php?f=DF+Wanderer+R20a+ASCII.zip&id=11310	R20a	DF Wanderer R20a ASCII/raw/objects/reaction_adventurer.txt	452	CARVE_BONE_FIGURINE_ADV	1	ADV_BONECARVING_TRINKETS	ADVENTURE_MODE_ENABLED	
https://dffd.bay12games.com/file.php?id=11310	https://dffd.bay12games.com/download.php?f=DF+Wanderer+R20a+ASCII.zip&id=11310	R20a	DF Wanderer R20a ASCII/raw/objects/reaction_adventurer.txt	453	CARVE_BONE_FIGURINE_ADV	1	ADV_BONECARVING_TRINKETS	REAGENT	bone 1:1:NONE:NONE:NONE:NONE
https://dffd.bay12games.com/file.php?id=11310	https://dffd.bay12games.com/download.php?f=DF+Wanderer+R20a+ASCII.zip&id=11310	R20a	DF Wanderer R20a ASCII/raw/objects/reaction_adventurer.txt	453	CARVE_BONE_FIGURINE_ADV	1	ADV_BONECARVING_TRINKETS	USE_BODY_COMPONENT	
https://dffd.bay12games.com/file.php?id=11310	https://dffd.bay12games.com/download.php?f=DF+Wanderer+R20a+ASCII.zip&id=11310	R20a	DF Wanderer R20a ASCII/raw/objects/reaction_adventurer.txt	453	CARVE_BONE_FIGURINE_ADV	1	ADV_BONECARVING_TRINKETS	ANY_BONE_MATERIAL	
https://dffd.bay12games.com/file.php?id=11310	https://dffd.bay12games.com/download.php?f=DF+Wanderer+R20a+ASCII.zip&id=11310	R20a	DF Wanderer R20a ASCII/raw/objects/reaction_adventurer.txt	454	CARVE_BONE_FIGURINE_ADV	1	ADV_BONECARVING_TRINKETS	REAGENT	tool:1:NONE:NONE:NONE:NONE
https://dffd.bay12games.com/file.php?id=11310	https://dffd.bay12games.com/download.php?f=DF+Wanderer+R20a+ASCII.zip&id=11310	R20a	DF Wanderer R20a ASCII/raw/objects/reaction_adventurer.txt	455	CARVE_BONE_FIGURINE_ADV	1	ADV_BONECARVING_TRINKETS	PRESERVE_REAGENT	
https://dffd.bay12games.com/file.php?id=11310	https://dffd.bay12games.com/download.php?f=DF+Wanderer+R20a+ASCII.zip&id=11310	R20a	DF Wanderer R20a ASCII/raw/objects/reaction_adventurer.txt	455	CARVE_BONE_FIGURINE_ADV	1	ADV_BONECARVING_TRINKETS	HAS_EDGE	
https://dffd.bay12games.com/file.php?id=11310	https://dffd.bay12games.com/download.php?f=DF+Wanderer+R20a+ASCII.zip&id=11310	R20a	DF Wanderer R20a ASCII/raw/objects/reaction_adventurer.txt	456	CARVE_BONE_FIGURINE_ADV	1	ADV_BONECARVING_TRINKETS	PRODUCT	100:1:FIGURINE:NONE:GET_MATERIAL_FROM_REAGENT:bone 1:NONE
https://dffd.bay12games.com/file.php?id=11310	https://dffd.bay12games.com/download.php?f=DF+Wanderer+R20a+ASCII.zip&id=11310	R20a	DF Wanderer R20a ASCII/raw/objects/reaction_adventurer.txt	457	CARVE_BONE_FIGURINE_ADV	1	ADV_BONECARVING_TRINKETS	SKILL	BONECARVE
https://dffd.bay12games.com/file.php?id=11310	https://dffd.bay12games.com/download.php?f=DF+Wanderer+R20a+ASCII.zip&id=11310	R20a	DF Wanderer R20a ASCII/raw/objects/reaction_adventurer.txt	458	CARVE_BONE_FIGURINE_ADV	1	ADV_BONECARVING_TRINKETS	CATEGORY	ADV_BONECARVING_TRINKETS
https://dffd.bay12games.com/file.php?id=11310	https://dffd.bay12games.com/download.php?f=DF+Wanderer+R20a+ASCII.zip&id=11310	R20a	DF Wanderer R20a ASCII/raw/objects/reaction_adventurer.txt	460	CARVE_BONE_RING_ADV	1	ADV_BONECARVING_TRINKETS	REACTION	CARVE_BONE_RING_ADV
https://dffd.bay12games.com/file.php?id=11310	https://dffd.bay12games.com/download.php?f=DF+Wanderer+R20a+ASCII.zip&id=11310	R20a	DF Wanderer R20a ASCII/raw/objects/reaction_adventurer.txt	461	CARVE_BONE_RING_ADV	1	ADV_BONECARVING_TRINKETS	NAME	carve bone ring
https://dffd.bay12games.com/file.php?id=11310	https://dffd.bay12games.com/download.php?f=DF+Wanderer+R20a+ASCII.zip&id=11310	R20a	DF Wanderer R20a ASCII/raw/objects/reaction_adventurer.txt	462	CARVE_BONE_RING_ADV	1	ADV_BONECARVING_TRINKETS	DESCRIPTION	Make a ring.
https://dffd.bay12games.com/file.php?id=11310	https://dffd.bay12games.com/download.php?f=DF+Wanderer+R20a+ASCII.zip&id=11310	R20a	DF Wanderer R20a ASCII/raw/objects/reaction_adventurer.txt	463	CARVE_BONE_RING_ADV	1	ADV_BONECARVING_TRINKETS	ADVENTURE_MODE_ENABLED	
https://dffd.bay12games.com/file.php?id=11310	https://dffd.bay12games.com/download.php?f=DF+Wanderer+R20a+ASCII.zip&id=11310	R20a	DF Wanderer R20a ASCII/raw/objects/reaction_adventurer.txt	464	CARVE_BONE_RING_ADV	1	ADV_BONECARVING_TRINKETS	REAGENT	bone:1:NONE:NONE:NONE:NONE
https://dffd.bay12games.com/file.php?id=11310	https://dffd.bay12games.com/download.php?f=DF+Wanderer+R20a+ASCII.zip&id=11310	R20a	DF Wanderer R20a ASCII/raw/objects/reaction_adventurer.txt	464	CARVE_BONE_RING_ADV	1	ADV_BONECARVING_TRINKETS	USE_BODY_COMPONENT	
https://dffd.bay12games.com/file.php?id=11310	https://dffd.bay12games.com/download.php?f=DF+Wanderer+R20a+ASCII.zip&id=11310	R20a	DF Wanderer R20a ASCII/raw/objects/reaction_adventurer.txt	464	CARVE_BONE_RING_ADV	1	ADV_BONECARVING_TRINKETS	ANY_BONE_MATERIAL	
https://dffd.bay12games.com/file.php?id=11310	https://dffd.bay12games.com/download.php?f=DF+Wanderer+R20a+ASCII.zip&id=11310	R20a	DF Wanderer R20a ASCII/raw/objects/reaction_adventurer.txt	465	CARVE_BONE_RING_ADV	1	ADV_BONECARVING_TRINKETS	REAGENT	tool:1:NONE:NONE:NONE:NONE
https://dffd.bay12games.com/file.php?id=11310	https://dffd.bay12games.com/download.php?f=DF+Wanderer+R20a+ASCII.zip&id=11310	R20a	DF Wanderer R20a ASCII/raw/objects/reaction_adventurer.txt	466	CARVE_BONE_RING_ADV	1	ADV_BONECARVING_TRINKETS	PRESERVE_REAGENT	
https://dffd.bay12games.com/file.php?id=11310	https://dffd.bay12games.com/download.php?f=DF+Wanderer+R20a+ASCII.zip&id=11310	R20a	DF Wanderer R20a ASCII/raw/objects/reaction_adventurer.txt	466	CARVE_BONE_RING_ADV	1	ADV_BONECARVING_TRINKETS	HAS_EDGE	
https://dffd.bay12games.com/file.php?id=11310	https://dffd.bay12games.com/download.php?f=DF+Wanderer+R20a+ASCII.zip&id=11310	R20a	DF Wanderer R20a ASCII/raw/objects/reaction_adventurer.txt	467	CARVE_BONE_RING_ADV	1	ADV_BONECARVING_TRINKETS	PRODUCT	100:1:RING:NONE:GET_MATERIAL_FROM_REAGENT:bone:NONE
https://dffd.bay12games.com/file.php?id=11310	https://dffd.bay12games.com/download.php?f=DF+Wanderer+R20a+ASCII.zip&id=11310	R20a	DF Wanderer R20a ASCII/raw/objects/reaction_adventurer.txt	468	CARVE_BONE_RING_ADV	1	ADV_BONECARVING_TRINKETS	SKILL	BONECARVE
https://dffd.bay12games.com/file.php?id=11310	https://dffd.bay12games.com/download.php?f=DF+Wanderer+R20a+ASCII.zip&id=11310	R20a	DF Wanderer R20a ASCII/raw/objects/reaction_adventurer.txt	469	CARVE_BONE_RING_ADV	1	ADV_BONECARVING_TRINKETS	CATEGORY	ADV_BONECARVING_TRINKETS
https://dffd.bay12games.com/file.php?id=11310	https://dffd.bay12games.com/download.php?f=DF+Wanderer+R20a+ASCII.zip&id=11310	R20a	DF Wanderer R20a ASCII/raw/objects/reaction_adventurer.txt	473	MAKE WOODEN BARREL	1	ADV_CARPENTRY_CONTAINERS	REACTION	MAKE WOODEN BARREL
https://dffd.bay12games.com/file.php?id=11310	https://dffd.bay12games.com/download.php?f=DF+Wanderer+R20a+ASCII.zip&id=11310	R20a	DF Wanderer R20a ASCII/raw/objects/reaction_adventurer.txt	474	MAKE WOODEN BARREL	1	ADV_CARPENTRY_CONTAINERS	NAME	make wooden barrel
https://dffd.bay12games.com/file.php?id=11310	https://dffd.bay12games.com/download.php?f=DF+Wanderer+R20a+ASCII.zip&id=11310	R20a	DF Wanderer R20a ASCII/raw/objects/reaction_adventurer.txt	475	MAKE WOODEN BARREL	1	ADV_CARPENTRY_CONTAINERS	ADVENTURE_MODE_ENABLED	
https://dffd.bay12games.com/file.php?id=11310	https://dffd.bay12games.com/download.php?f=DF+Wanderer+R20a+ASCII.zip&id=11310	R20a	DF Wanderer R20a ASCII/raw/objects/reaction_adventurer.txt	476	MAKE WOODEN BARREL	1	ADV_CARPENTRY_CONTAINERS	BUILDING	CARPENTER:NONE
https://dffd.bay12games.com/file.php?id=11310	https://dffd.bay12games.com/download.php?f=DF+Wanderer+R20a+ASCII.zip&id=11310	R20a	DF Wanderer R20a ASCII/raw/objects/reaction_adventurer.txt	477	MAKE WOODEN BARREL	1	ADV_CARPENTRY_CONTAINERS	REAGENT	log:1:WOOD:NONE:NONE:NONE
https://dffd.bay12games.com/file.php?id=11310	https://dffd.bay12games.com/download.php?f=DF+Wanderer+R20a+ASCII.zip&id=11310	R20a	DF Wanderer R20a ASCII/raw/objects/reaction_adventurer.txt	478	MAKE WOODEN BARREL	1	ADV_CARPENTRY_CONTAINERS	ANY_PLANT_MATERIAL	
https://dffd.bay12games.com/file.php?id=11310	https://dffd.bay12games.com/download.php?f=DF+Wanderer+R20a+ASCII.zip&id=11310	R20a	DF Wanderer R20a ASCII/raw/objects/reaction_adventurer.txt	479	MAKE WOODEN BARREL	1	ADV_CARPENTRY_CONTAINERS	REAGENT	tool:1:NONE:NONE:NONE:NONE
https://dffd.bay12games.com/file.php?id=11310	https://dffd.bay12games.com/download.php?f=DF+Wanderer+R20a+ASCII.zip&id=11310	R20a	DF Wanderer R20a ASCII/raw/objects/reaction_adventurer.txt	480	MAKE WOODEN BARREL	1	ADV_CARPENTRY_CONTAINERS	PRESERVE_REAGENT	
https://dffd.bay12games.com/file.php?id=11310	https://dffd.bay12games.com/download.php?f=DF+Wanderer+R20a+ASCII.zip&id=11310	R20a	DF Wanderer R20a ASCII/raw/objects/reaction_adventurer.txt	480	MAKE WOODEN BARREL	1	ADV_CARPENTRY_CONTAINERS	HAS_EDGE	
https://dffd.bay12games.com/file.php?id=11310	https://dffd.bay12games.com/download.php?f=DF+Wanderer+R20a+ASCII.zip&id=11310	R20a	DF Wanderer R20a ASCII/raw/objects/reaction_adventurer.txt	481	MAKE WOODEN BARREL	1	ADV_CARPENTRY_CONTAINERS	PRODUCT	100:1:BARREL:NONE:GET_MATERIAL_FROM_REAGENT:log:NONE
https://dffd.bay12games.com/file.php?id=11310	https://dffd.bay12games.com/download.php?f=DF+Wanderer+R20a+ASCII.zip&id=11310	R20a	DF Wanderer R20a ASCII/raw/objects/reaction_adventurer.txt	482	MAKE WOODEN BARREL	1	ADV_CARPENTRY_CONTAINERS	PRODUCT_TOKEN	barrel
https://dffd.bay12games.com/file.php?id=11310	https://dffd.bay12games.com/download.php?f=DF+Wanderer+R20a+ASCII.zip&id=11310	R20a	DF Wanderer R20a ASCII/raw/objects/reaction_adventurer.txt	483	MAKE WOODEN BARREL	1	ADV_CARPENTRY_CONTAINERS	SKILL	CARPENTRY
https://dffd.bay12games.com/file.php?id=11310	https://dffd.bay12games.com/download.php?f=DF+Wanderer+R20a+ASCII.zip&id=11310	R20a	DF Wanderer R20a ASCII/raw/objects/reaction_adventurer.txt	484	MAKE WOODEN BARREL	1	ADV_CARPENTRY_CONTAINERS	CATEGORY	ADV_CARPENTRY_CONTAINERS
https://dffd.bay12games.com/file.php?id=11310	https://dffd.bay12games.com/download.php?f=DF+Wanderer+R20a+ASCII.zip&id=11310	R20a	DF Wanderer R20a ASCII/raw/objects/reaction_adventurer.txt	485	MAKE WOODEN BARREL	1	ADV_CARPENTRY_CONTAINERS	CATEGORY_NAME	Carpentry - Containers
https://dffd.bay12games.com/file.php?id=11310	https://dffd.bay12games.com/download.php?f=DF+Wanderer+R20a+ASCII.zip&id=11310	R20a	DF Wanderer R20a ASCII/raw/objects/reaction_adventurer.txt	486	MAKE WOODEN BARREL	1	ADV_CARPENTRY_CONTAINERS	CATEGORY_DESCRIPTION	Make containers at a carpenter's workshop using logs and a sharp tool.
https://dffd.bay12games.com/file.php?id=11310	https://dffd.bay12games.com/download.php?f=DF+Wanderer+R20a+ASCII.zip&id=11310	R20a	DF Wanderer R20a ASCII/raw/objects/reaction_adventurer.txt	488	MAKE WOODEN BIN	1	ADV_CARPENTRY_CONTAINERS	REACTION	MAKE WOODEN BIN
https://dffd.bay12games.com/file.php?id=11310	https://dffd.bay12games.com/download.php?f=DF+Wanderer+R20a+ASCII.zip&id=11310	R20a	DF Wanderer R20a ASCII/raw/objects/reaction_adventurer.txt	489	MAKE WOODEN BIN	1	ADV_CARPENTRY_CONTAINERS	NAME	make wooden bin
https://dffd.bay12games.com/file.php?id=11310	https://dffd.bay12games.com/download.php?f=DF+Wanderer+R20a+ASCII.zip&id=11310	R20a	DF Wanderer R20a ASCII/raw/objects/reaction_adventurer.txt	490	MAKE WOODEN BIN	1	ADV_CARPENTRY_CONTAINERS	ADVENTURE_MODE_ENABLED	
https://dffd.bay12games.com/file.php?id=11310	https://dffd.bay12games.com/download.php?f=DF+Wanderer+R20a+ASCII.zip&id=11310	R20a	DF Wanderer R20a ASCII/raw/objects/reaction_adventurer.txt	491	MAKE WOODEN BIN	1	ADV_CARPENTRY_CONTAINERS	BUILDING	CARPENTER:NONE
https://dffd.bay12games.com/file.php?id=11310	https://dffd.bay12games.com/download.php?f=DF+Wanderer+R20a+ASCII.zip&id=11310	R20a	DF Wanderer R20a ASCII/raw/objects/reaction_adventurer.txt	492	MAKE WOODEN BIN	1	ADV_CARPENTRY_CONTAINERS	REAGENT	log:1:WOOD:NONE:NONE:NONE
https://dffd.bay12games.com/file.php?id=11310	https://dffd.bay12games.com/download.php?f=DF+Wanderer+R20a+ASCII.zip&id=11310	R20a	DF Wanderer R20a ASCII/raw/objects/reaction_adventurer.txt	493	MAKE WOODEN BIN	1	ADV_CARPENTRY_CONTAINERS	ANY_PLANT_MATERIAL	
https://dffd.bay12games.com/file.php?id=11310	https://dffd.bay12games.com/download.php?f=DF+Wanderer+R20a+ASCII.zip&id=11310	R20a	DF Wanderer R20a ASCII/raw/objects/reaction_adventurer.txt	494	MAKE WOODEN BIN	1	ADV_CARPENTRY_CONTAINERS	REAGENT	tool:1:NONE:NONE:NONE:NONE
https://dffd.bay12games.com/file.php?id=11310	https://dffd.bay12games.com/download.php?f=DF+Wanderer+R20a+ASCII.zip&id=11310	R20a	DF Wanderer R20a ASCII/raw/objects/reaction_adventurer.txt	495	MAKE WOODEN BIN	1	ADV_CARPENTRY_CONTAINERS	PRESERVE_REAGENT	
https://dffd.bay12games.com/file.php?id=11310	https://dffd.bay12games.com/download.php?f=DF+Wanderer+R20a+ASCII.zip&id=11310	R20a	DF Wanderer R20a ASCII/raw/objects/reaction_adventurer.txt	495	MAKE WOODEN BIN	1	ADV_CARPENTRY_CONTAINERS	HAS_EDGE	
https://dffd.bay12games.com/file.php?id=11310	https://dffd.bay12games.com/download.php?f=DF+Wanderer+R20a+ASCII.zip&id=11310	R20a	DF Wanderer R20a ASCII/raw/objects/reaction_adventurer.txt	496	MAKE WOODEN BIN	1	ADV_CARPENTRY_CONTAINERS	PRODUCT	100:1:BIN:NONE:GET_MATERIAL_FROM_REAGENT:log:NONE
https://dffd.bay12games.com/file.php?id=11310	https://dffd.bay12games.com/download.php?f=DF+Wanderer+R20a+ASCII.zip&id=11310	R20a	DF Wanderer R20a ASCII/raw/objects/reaction_adventurer.txt	497	MAKE WOODEN BIN	1	ADV_CARPENTRY_CONTAINERS	PRODUCT_TOKEN	bin
https://dffd.bay12games.com/file.php?id=11310	https://dffd.bay12games.com/download.php?f=DF+Wanderer+R20a+ASCII.zip&id=11310	R20a	DF Wanderer R20a ASCII/raw/objects/reaction_adventurer.txt	498	MAKE WOODEN BIN	1	ADV_CARPENTRY_CONTAINERS	SKILL	CARPENTRY
https://dffd.bay12games.com/file.php?id=11310	https://dffd.bay12games.com/download.php?f=DF+Wanderer+R20a+ASCII.zip&id=11310	R20a	DF Wanderer R20a ASCII/raw/objects/reaction_adventurer.txt	499	MAKE WOODEN BIN	1	ADV_CARPENTRY_CONTAINERS	CATEGORY	ADV_CARPENTRY_CONTAINERS
https://dffd.bay12games.com/file.php?id=11310	https://dffd.bay12games.com/download.php?f=DF+Wanderer+R20a+ASCII.zip&id=11310	R20a	DF Wanderer R20a ASCII/raw/objects/reaction_adventurer.txt	501	MAKE WOODEN BUCKET	1	ADV_CARPENTRY_CONTAINERS	REACTION	MAKE WOODEN BUCKET
https://dffd.bay12games.com/file.php?id=11310	https://dffd.bay12games.com/download.php?f=DF+Wanderer+R20a+ASCII.zip&id=11310	R20a	DF Wanderer R20a ASCII/raw/objects/reaction_adventurer.txt	502	MAKE WOODEN BUCKET	1	ADV_CARPENTRY_CONTAINERS	NAME	make wooden bucket
https://dffd.bay12games.com/file.php?id=11310	https://dffd.bay12games.com/download.php?f=DF+Wanderer+R20a+ASCII.zip&id=11310	R20a	DF Wanderer R20a ASCII/raw/objects/reaction_adventurer.txt	503	MAKE WOODEN BUCKET	1	ADV_CARPENTRY_CONTAINERS	ADVENTURE_MODE_ENABLED	
https://dffd.bay12games.com/file.php?id=11310	https://dffd.bay12games.com/download.php?f=DF+Wanderer+R20a+ASCII.zip&id=11310	R20a	DF Wanderer R20a ASCII/raw/objects/reaction_adventurer.txt	504	MAKE WOODEN BUCKET	1	ADV_CARPENTRY_CONTAINERS	BUILDING	CARPENTER:NONE
https://dffd.bay12games.com/file.php?id=11310	https://dffd.bay12games.com/download.php?f=DF+Wanderer+R20a+ASCII.zip&id=11310	R20a	DF Wanderer R20a ASCII/raw/objects/reaction_adventurer.txt	505	MAKE WOODEN BUCKET	1	ADV_CARPENTRY_CONTAINERS	REAGENT	log:1:WOOD:NONE:NONE:NONE
https://dffd.bay12games.com/file.php?id=11310	https://dffd.bay12games.com/download.php?f=DF+Wanderer+R20a+ASCII.zip&id=11310	R20a	DF Wanderer R20a ASCII/raw/objects/reaction_adventurer.txt	506	MAKE WOODEN BUCKET	1	ADV_CARPENTRY_CONTAINERS	ANY_PLANT_MATERIAL	
https://dffd.bay12games.com/file.php?id=11310	https://dffd.bay12games.com/download.php?f=DF+Wanderer+R20a+ASCII.zip&id=11310	R20a	DF Wanderer R20a ASCII/raw/objects/reaction_adventurer.txt	507	MAKE WOODEN BUCKET	1	ADV_CARPENTRY_CONTAINERS	REAGENT	tool:1:NONE:NONE:NONE:NONE
https://dffd.bay12games.com/file.php?id=11310	https://dffd.bay12games.com/download.php?f=DF+Wanderer+R20a+ASCII.zip&id=11310	R20a	DF Wanderer R20a ASCII/raw/objects/reaction_adventurer.txt	508	MAKE WOODEN BUCKET	1	ADV_CARPENTRY_CONTAINERS	PRESERVE_REAGENT	
https://dffd.bay12games.com/file.php?id=11310	https://dffd.bay12games.com/download.php?f=DF+Wanderer+R20a+ASCII.zip&id=11310	R20a	DF Wanderer R20a ASCII/raw/objects/reaction_adventurer.txt	508	MAKE WOODEN BUCKET	1	ADV_CARPENTRY_CONTAINERS	HAS_EDGE	
https://dffd.bay12games.com/file.php?id=11310	https://dffd.bay12games.com/download.php?f=DF+Wanderer+R20a+ASCII.zip&id=11310	R20a	DF Wanderer R20a ASCII/raw/objects/reaction_adventurer.txt	509	MAKE WOODEN BUCKET	1	ADV_CARPENTRY_CONTAINERS	PRODUCT	100:1:BUCKET:NONE:GET_MATERIAL_FROM_REAGENT:log:NONE
https://dffd.bay12games.com/file.php?id=11310	https://dffd.bay12games.com/download.php?f=DF+Wanderer+R20a+ASCII.zip&id=11310	R20a	DF Wanderer R20a ASCII/raw/objects/reaction_adventurer.txt	510	MAKE WOODEN BUCKET	1	ADV_CARPENTRY_CONTAINERS	PRODUCT_TOKEN	bucket
https://dffd.bay12games.com/file.php?id=11310	https://dffd.bay12games.com/download.php?f=DF+Wanderer+R20a+ASCII.zip&id=11310	R20a	DF Wanderer R20a ASCII/raw/objects/reaction_adventurer.txt	511	MAKE WOODEN BUCKET	1	ADV_CARPENTRY_CONTAINERS	SKILL	CARPENTRY
https://dffd.bay12games.com/file.php?id=11310	https://dffd.bay12games.com/download.php?f=DF+Wanderer+R20a+ASCII.zip&id=11310	R20a	DF Wanderer R20a ASCII/raw/objects/reaction_adventurer.txt	512	MAKE WOODEN BUCKET	1	ADV_CARPENTRY_CONTAINERS	CATEGORY	ADV_CARPENTRY_CONTAINERS
https://dffd.bay12games.com/file.php?id=11310	https://dffd.bay12games.com/download.php?f=DF+Wanderer+R20a+ASCII.zip&id=11310	R20a	DF Wanderer R20a ASCII/raw/objects/reaction_adventurer.txt	514	MAKE_STICKS_LOG_ADV	1	ADV_CARPENTRY_CONTAINERS	REACTION	MAKE_STICKS_LOG_ADV
https://dffd.bay12games.com/file.php?id=11310	https://dffd.bay12games.com/download.php?f=DF+Wanderer+R20a+ASCII.zip&id=11310	R20a	DF Wanderer R20a ASCII/raw/objects/reaction_adventurer.txt	515	MAKE_STICKS_LOG_ADV	1	ADV_CARPENTRY_CONTAINERS	NAME	make sticks from log
https://dffd.bay12games.com/file.php?id=11310	https://dffd.bay12games.com/download.php?f=DF+Wanderer+R20a+ASCII.zip&id=11310	R20a	DF Wanderer R20a ASCII/raw/objects/reaction_adventurer.txt	516	MAKE_STICKS_LOG_ADV	1	ADV_CARPENTRY_CONTAINERS	ADVENTURE_MODE_ENABLED	
https://dffd.bay12games.com/file.php?id=11310	https://dffd.bay12games.com/download.php?f=DF+Wanderer+R20a+ASCII.zip&id=11310	R20a	DF Wanderer R20a ASCII/raw/objects/reaction_adventurer.txt	517	MAKE_STICKS_LOG_ADV	1	ADV_CARPENTRY_CONTAINERS	BUILDING	CARPENTER:NONE
https://dffd.bay12games.com/file.php?id=11310	https://dffd.bay12games.com/download.php?f=DF+Wanderer+R20a+ASCII.zip&id=11310	R20a	DF Wanderer R20a ASCII/raw/objects/reaction_adventurer.txt	518	MAKE_STICKS_LOG_ADV	1	ADV_CARPENTRY_CONTAINERS	REAGENT	log:1:WOOD:NONE:NONE:NONE
https://dffd.bay12games.com/file.php?id=11310	https://dffd.bay12games.com/download.php?f=DF+Wanderer+R20a+ASCII.zip&id=11310	R20a	DF Wanderer R20a ASCII/raw/objects/reaction_adventurer.txt	519	MAKE_STICKS_LOG_ADV	1	ADV_CARPENTRY_CONTAINERS	ANY_PLANT_MATERIAL	
https://dffd.bay12games.com/file.php?id=11310	https://dffd.bay12games.com/download.php?f=DF+Wanderer+R20a+ASCII.zip&id=11310	R20a	DF Wanderer R20a ASCII/raw/objects/reaction_adventurer.txt	520	MAKE_STICKS_LOG_ADV	1	ADV_CARPENTRY_CONTAINERS	REAGENT	tool:1:NONE:NONE:NONE:NONE
https://dffd.bay12games.com/file.php?id=11310	https://dffd.bay12games.com/download.php?f=DF+Wanderer+R20a+ASCII.zip&id=11310	R20a	DF Wanderer R20a ASCII/raw/objects/reaction_adventurer.txt	521	MAKE_STICKS_LOG_ADV	1	ADV_CARPENTRY_CONTAINERS	PRESERVE_REAGENT	
https://dffd.bay12games.com/file.php?id=11310	https://dffd.bay12games.com/download.php?f=DF+Wanderer+R20a+ASCII.zip&id=11310	R20a	DF Wanderer R20a ASCII/raw/objects/reaction_adventurer.txt	521	MAKE_STICKS_LOG_ADV	1	ADV_CARPENTRY_CONTAINERS	HAS_EDGE	
https://dffd.bay12games.com/file.php?id=11310	https://dffd.bay12games.com/download.php?f=DF+Wanderer+R20a+ASCII.zip&id=11310	R20a	DF Wanderer R20a ASCII/raw/objects/reaction_adventurer.txt	522	MAKE_STICKS_LOG_ADV	1	ADV_CARPENTRY_CONTAINERS	PRODUCT	100:4:TOOL:ITEM_TOOL_STICK:GET_MATERIAL_FROM_REAGENT:log:NONE
https://dffd.bay12games.com/file.php?id=11310	https://dffd.bay12games.com/download.php?f=DF+Wanderer+R20a+ASCII.zip&id=11310	R20a	DF Wanderer R20a ASCII/raw/objects/reaction_adventurer.txt	523	MAKE_STICKS_LOG_ADV	1	ADV_CARPENTRY_CONTAINERS	PRODUCT_TOKEN	stick
https://dffd.bay12games.com/file.php?id=11310	https://dffd.bay12games.com/download.php?f=DF+Wanderer+R20a+ASCII.zip&id=11310	R20a	DF Wanderer R20a ASCII/raw/objects/reaction_adventurer.txt	524	MAKE_STICKS_LOG_ADV	1	ADV_CARPENTRY_CONTAINERS	SKILL	CARPENTRY
https://dffd.bay12games.com/file.php?id=11310	https://dffd.bay12games.com/download.php?f=DF+Wanderer+R20a+ASCII.zip&id=11310	R20a	DF Wanderer R20a ASCII/raw/objects/reaction_adventurer.txt	525	MAKE_STICKS_LOG_ADV	1	ADV_CARPENTRY_CONTAINERS	CATEGORY	ADV_CARPENTRY_CONTAINERS
https://dffd.bay12games.com/file.php?id=11310	https://dffd.bay12games.com/download.php?f=DF+Wanderer+R20a+ASCII.zip&id=11310	R20a	DF Wanderer R20a ASCII/raw/objects/reaction_adventurer.txt	529	MAKE WOODEN BED	1	ADV_CARPENTRY_FURNITURE	REACTION	MAKE WOODEN BED
https://dffd.bay12games.com/file.php?id=11310	https://dffd.bay12games.com/download.php?f=DF+Wanderer+R20a+ASCII.zip&id=11310	R20a	DF Wanderer R20a ASCII/raw/objects/reaction_adventurer.txt	530	MAKE WOODEN BED	1	ADV_CARPENTRY_FURNITURE	NAME	make wooden bed
https://dffd.bay12games.com/file.php?id=11310	https://dffd.bay12games.com/download.php?f=DF+Wanderer+R20a+ASCII.zip&id=11310	R20a	DF Wanderer R20a ASCII/raw/objects/reaction_adventurer.txt	531	MAKE WOODEN BED	1	ADV_CARPENTRY_FURNITURE	ADVENTURE_MODE_ENABLED	
https://dffd.bay12games.com/file.php?id=11310	https://dffd.bay12games.com/download.php?f=DF+Wanderer+R20a+ASCII.zip&id=11310	R20a	DF Wanderer R20a ASCII/raw/objects/reaction_adventurer.txt	532	MAKE WOODEN BED	1	ADV_CARPENTRY_FURNITURE	BUILDING	CARPENTER:NONE
https://dffd.bay12games.com/file.php?id=11310	https://dffd.bay12games.com/download.php?f=DF+Wanderer+R20a+ASCII.zip&id=11310	R20a	DF Wanderer R20a ASCII/raw/objects/reaction_adventurer.txt	533	MAKE WOODEN BED	1	ADV_CARPENTRY_FURNITURE	REAGENT	log:1:WOOD:NONE:NONE:NONE
https://dffd.bay12games.com/file.php?id=11310	https://dffd.bay12games.com/download.php?f=DF+Wanderer+R20a+ASCII.zip&id=11310	R20a	DF Wanderer R20a ASCII/raw/objects/reaction_adventurer.txt	534	MAKE WOODEN BED	1	ADV_CARPENTRY_FURNITURE	ANY_PLANT_MATERIAL	
https://dffd.bay12games.com/file.php?id=11310	https://dffd.bay12games.com/download.php?f=DF+Wanderer+R20a+ASCII.zip&id=11310	R20a	DF Wanderer R20a ASCII/raw/objects/reaction_adventurer.txt	535	MAKE WOODEN BED	1	ADV_CARPENTRY_FURNITURE	REAGENT	tool:1:NONE:NONE:NONE:NONE
https://dffd.bay12games.com/file.php?id=11310	https://dffd.bay12games.com/download.php?f=DF+Wanderer+R20a+ASCII.zip&id=11310	R20a	DF Wanderer R20a ASCII/raw/objects/reaction_adventurer.txt	536	MAKE WOODEN BED	1	ADV_CARPENTRY_FURNITURE	PRESERVE_REAGENT	
https://dffd.bay12games.com/file.php?id=11310	https://dffd.bay12games.com/download.php?f=DF+Wanderer+R20a+ASCII.zip&id=11310	R20a	DF Wanderer R20a ASCII/raw/objects/reaction_adventurer.txt	536	MAKE WOODEN BED	1	ADV_CARPENTRY_FURNITURE	HAS_EDGE	
https://dffd.bay12games.com/file.php?id=11310	https://dffd.bay12games.com/download.php?f=DF+Wanderer+R20a+ASCII.zip&id=11310	R20a	DF Wanderer R20a ASCII/raw/objects/reaction_adventurer.txt	537	MAKE WOODEN BED	1	ADV_CARPENTRY_FURNITURE	PRODUCT	100:1:BED:NONE:GET_MATERIAL_FROM_REAGENT:log:NONE
https://dffd.bay12games.com/file.php?id=11310	https://dffd.bay12games.com/download.php?f=DF+Wanderer+R20a+ASCII.zip&id=11310	R20a	DF Wanderer R20a ASCII/raw/objects/reaction_adventurer.txt	538	MAKE WOODEN BED	1	ADV_CARPENTRY_FURNITURE	PRODUCT_TOKEN	bed
https://dffd.bay12games.com/file.php?id=11310	https://dffd.bay12games.com/download.php?f=DF+Wanderer+R20a+ASCII.zip&id=11310	R20a	DF Wanderer R20a ASCII/raw/objects/reaction_adventurer.txt	539	MAKE WOODEN BED	1	ADV_CARPENTRY_FURNITURE	SKILL	CARPENTRY
https://dffd.bay12games.com/file.php?id=11310	https://dffd.bay12games.com/download.php?f=DF+Wanderer+R20a+ASCII.zip&id=11310	R20a	DF Wanderer R20a ASCII/raw/objects/reaction_adventurer.txt	540	MAKE WOODEN BED	1	ADV_CARPENTRY_FURNITURE	CATEGORY	ADV_CARPENTRY_FURNITURE
https://dffd.bay12games.com/file.php?id=11310	https://dffd.bay12games.com/download.php?f=DF+Wanderer+R20a+ASCII.zip&id=11310	R20a	DF Wanderer R20a ASCII/raw/objects/reaction_adventurer.txt	541	MAKE WOODEN BED	1	ADV_CARPENTRY_FURNITURE	CATEGORY_NAME	Carpentry - Furniture
https://dffd.bay12games.com/file.php?id=11310	https://dffd.bay12games.com/download.php?f=DF+Wanderer+R20a+ASCII.zip&id=11310	R20a	DF Wanderer R20a ASCII/raw/objects/reaction_adventurer.txt	542	MAKE WOODEN BED	1	ADV_CARPENTRY_FURNITURE	CATEGORY_DESCRIPTION	Make furniture at a carpenter's workshop using logs and a sharp tool.
https://dffd.bay12games.com/file.php?id=11310	https://dffd.bay12games.com/download.php?f=DF+Wanderer+R20a+ASCII.zip&id=11310	R20a	DF Wanderer R20a ASCII/raw/objects/reaction_adventurer.txt	544	MAKE WOODEN BOOKCASE	1	ADV_CARPENTRY_FURNITURE	REACTION	MAKE WOODEN BOOKCASE
https://dffd.bay12games.com/file.php?id=11310	https://dffd.bay12games.com/download.php?f=DF+Wanderer+R20a+ASCII.zip&id=11310	R20a	DF Wanderer R20a ASCII/raw/objects/reaction_adventurer.txt	545	MAKE WOODEN BOOKCASE	1	ADV_CARPENTRY_FURNITURE	NAME	make wooden bookcase
https://dffd.bay12games.com/file.php?id=11310	https://dffd.bay12games.com/download.php?f=DF+Wanderer+R20a+ASCII.zip&id=11310	R20a	DF Wanderer R20a ASCII/raw/objects/reaction_adventurer.txt	546	MAKE WOODEN BOOKCASE	1	ADV_CARPENTRY_FURNITURE	ADVENTURE_MODE_ENABLED	
https://dffd.bay12games.com/file.php?id=11310	https://dffd.bay12games.com/download.php?f=DF+Wanderer+R20a+ASCII.zip&id=11310	R20a	DF Wanderer R20a ASCII/raw/objects/reaction_adventurer.txt	547	MAKE WOODEN BOOKCASE	1	ADV_CARPENTRY_FURNITURE	BUILDING	CARPENTER:NONE
https://dffd.bay12games.com/file.php?id=11310	https://dffd.bay12games.com/download.php?f=DF+Wanderer+R20a+ASCII.zip&id=11310	R20a	DF Wanderer R20a ASCII/raw/objects/reaction_adventurer.txt	548	MAKE WOODEN BOOKCASE	1	ADV_CARPENTRY_FURNITURE	REAGENT	log:1:WOOD:NONE:NONE:NONE
https://dffd.bay12games.com/file.php?id=11310	https://dffd.bay12games.com/download.php?f=DF+Wanderer+R20a+ASCII.zip&id=11310	R20a	DF Wanderer R20a ASCII/raw/objects/reaction_adventurer.txt	549	MAKE WOODEN BOOKCASE	1	ADV_CARPENTRY_FURNITURE	ANY_PLANT_MATERIAL	
https://dffd.bay12games.com/file.php?id=11310	https://dffd.bay12games.com/download.php?f=DF+Wanderer+R20a+ASCII.zip&id=11310	R20a	DF Wanderer R20a ASCII/raw/objects/reaction_adventurer.txt	550	MAKE WOODEN BOOKCASE	1	ADV_CARPENTRY_FURNITURE	REAGENT	tool:1:NONE:NONE:NONE:NONE
https://dffd.bay12games.com/file.php?id=11310	https://dffd.bay12games.com/download.php?f=DF+Wanderer+R20a+ASCII.zip&id=11310	R20a	DF Wanderer R20a ASCII/raw/objects/reaction_adventurer.txt	551	MAKE WOODEN BOOKCASE	1	ADV_CARPENTRY_FURNITURE	PRESERVE_REAGENT	
https://dffd.bay12games.com/file.php?id=11310	https://dffd.bay12games.com/download.php?f=DF+Wanderer+R20a+ASCII.zip&id=11310	R20a	DF Wanderer R20a ASCII/raw/objects/reaction_adventurer.txt	551	MAKE WOODEN BOOKCASE	1	ADV_CARPENTRY_FURNITURE	HAS_EDGE	
https://dffd.bay12games.com/file.php?id=11310	https://dffd.bay12games.com/download.php?f=DF+Wanderer+R20a+ASCII.zip&id=11310	R20a	DF Wanderer R20a ASCII/raw/objects/reaction_adventurer.txt	552	MAKE WOODEN BOOKCASE	1	ADV_CARPENTRY_FURNITURE	PRODUCT	100:1:TOOL:ITEM_TOOL_BOOKCASE:GET_MATERIAL_FROM_REAGENT:log:NONE
https://dffd.bay12games.com/file.php?id=11310	https://dffd.bay12games.com/download.php?f=DF+Wanderer+R20a+ASCII.zip&id=11310	R20a	DF Wanderer R20a ASCII/raw/objects/reaction_adventurer.txt	553	MAKE WOODEN BOOKCASE	1	ADV_CARPENTRY_FURNITURE	PRODUCT_TOKEN	bookcase
https://dffd.bay12games.com/file.php?id=11310	https://dffd.bay12games.com/download.php?f=DF+Wanderer+R20a+ASCII.zip&id=11310	R20a	DF Wanderer R20a ASCII/raw/objects/reaction_adventurer.txt	554	MAKE WOODEN BOOKCASE	1	ADV_CARPENTRY_FURNITURE	SKILL	CARPENTRY
https://dffd.bay12games.com/file.php?id=11310	https://dffd.bay12games.com/download.php?f=DF+Wanderer+R20a+ASCII.zip&id=11310	R20a	DF Wanderer R20a ASCII/raw/objects/reaction_adventurer.txt	555	MAKE WOODEN BOOKCASE	1	ADV_CARPENTRY_FURNITURE	CATEGORY	ADV_CARPENTRY_FURNITURE
https://dffd.bay12games.com/file.php?id=11310	https://dffd.bay12games.com/download.php?f=DF+Wanderer+R20a+ASCII.zip&id=11310	R20a	DF Wanderer R20a ASCII/raw/objects/reaction_adventurer.txt	557	MAKE WOODEN CABINET	1	ADV_CARPENTRY_FURNITURE	REACTION	MAKE WOODEN CABINET
https://dffd.bay12games.com/file.php?id=11310	https://dffd.bay12games.com/download.php?f=DF+Wanderer+R20a+ASCII.zip&id=11310	R20a	DF Wanderer R20a ASCII/raw/objects/reaction_adventurer.txt	558	MAKE WOODEN CABINET	1	ADV_CARPENTRY_FURNITURE	NAME	make wooden cabinet
https://dffd.bay12games.com/file.php?id=11310	https://dffd.bay12games.com/download.php?f=DF+Wanderer+R20a+ASCII.zip&id=11310	R20a	DF Wanderer R20a ASCII/raw/objects/reaction_adventurer.txt	559	MAKE WOODEN CABINET	1	ADV_CARPENTRY_FURNITURE	ADVENTURE_MODE_ENABLED	
https://dffd.bay12games.com/file.php?id=11310	https://dffd.bay12games.com/download.php?f=DF+Wanderer+R20a+ASCII.zip&id=11310	R20a	DF Wanderer R20a ASCII/raw/objects/reaction_adventurer.txt	560	MAKE WOODEN CABINET	1	ADV_CARPENTRY_FURNITURE	BUILDING	CARPENTER:NONE
https://dffd.bay12games.com/file.php?id=11310	https://dffd.bay12games.com/download.php?f=DF+Wanderer+R20a+ASCII.zip&id=11310	R20a	DF Wanderer R20a ASCII/raw/objects/reaction_adventurer.txt	561	MAKE WOODEN CABINET	1	ADV_CARPENTRY_FURNITURE	REAGENT	log:1:WOOD:NONE:NONE:NONE
https://dffd.bay12games.com/file.php?id=11310	https://dffd.bay12games.com/download.php?f=DF+Wanderer+R20a+ASCII.zip&id=11310	R20a	DF Wanderer R20a ASCII/raw/objects/reaction_adventurer.txt	562	MAKE WOODEN CABINET	1	ADV_CARPENTRY_FURNITURE	ANY_PLANT_MATERIAL	
https://dffd.bay12games.com/file.php?id=11310	https://dffd.bay12games.com/download.php?f=DF+Wanderer+R20a+ASCII.zip&id=11310	R20a	DF Wanderer R20a ASCII/raw/objects/reaction_adventurer.txt	563	MAKE WOODEN CABINET	1	ADV_CARPENTRY_FURNITURE	REAGENT	tool:1:NONE:NONE:NONE:NONE
https://dffd.bay12games.com/file.php?id=11310	https://dffd.bay12games.com/download.php?f=DF+Wanderer+R20a+ASCII.zip&id=11310	R20a	DF Wanderer R20a ASCII/raw/objects/reaction_adventurer.txt	564	MAKE WOODEN CABINET	1	ADV_CARPENTRY_FURNITURE	PRESERVE_REAGENT	
https://dffd.bay12games.com/file.php?id=11310	https://dffd.bay12games.com/download.php?f=DF+Wanderer+R20a+ASCII.zip&id=11310	R20a	DF Wanderer R20a ASCII/raw/objects/reaction_adventurer.txt	564	MAKE WOODEN CABINET	1	ADV_CARPENTRY_FURNITURE	HAS_EDGE	
https://dffd.bay12games.com/file.php?id=11310	https://dffd.bay12games.com/download.php?f=DF+Wanderer+R20a+ASCII.zip&id=11310	R20a	DF Wanderer R20a ASCII/raw/objects/reaction_adventurer.txt	565	MAKE WOODEN CABINET	1	ADV_CARPENTRY_FURNITURE	PRODUCT	100:1:CABINET:NONE:GET_MATERIAL_FROM_REAGENT:log:NONE
https://dffd.bay12games.com/file.php?id=11310	https://dffd.bay12games.com/download.php?f=DF+Wanderer+R20a+ASCII.zip&id=11310	R20a	DF Wanderer R20a ASCII/raw/objects/reaction_adventurer.txt	566	MAKE WOODEN CABINET	1	ADV_CARPENTRY_FURNITURE	PRODUCT_TOKEN	cabinet
https://dffd.bay12games.com/file.php?id=11310	https://dffd.bay12games.com/download.php?f=DF+Wanderer+R20a+ASCII.zip&id=11310	R20a	DF Wanderer R20a ASCII/raw/objects/reaction_adventurer.txt	567	MAKE WOODEN CABINET	1	ADV_CARPENTRY_FURNITURE	SKILL	CARPENTRY
https://dffd.bay12games.com/file.php?id=11310	https://dffd.bay12games.com/download.php?f=DF+Wanderer+R20a+ASCII.zip&id=11310	R20a	DF Wanderer R20a ASCII/raw/objects/reaction_adventurer.txt	568	MAKE WOODEN CABINET	1	ADV_CARPENTRY_FURNITURE	CATEGORY	ADV_CARPENTRY_FURNITURE
https://dffd.bay12games.com/file.php?id=11310	https://dffd.bay12games.com/download.php?f=DF+Wanderer+R20a+ASCII.zip&id=11310	R20a	DF Wanderer R20a ASCII/raw/objects/reaction_adventurer.txt	570	MAKE WOODEN CHAIR	1	ADV_CARPENTRY_FURNITURE	REACTION	MAKE WOODEN CHAIR
https://dffd.bay12games.com/file.php?id=11310	https://dffd.bay12games.com/download.php?f=DF+Wanderer+R20a+ASCII.zip&id=11310	R20a	DF Wanderer R20a ASCII/raw/objects/reaction_adventurer.txt	571	MAKE WOODEN CHAIR	1	ADV_CARPENTRY_FURNITURE	NAME	make wooden chair
https://dffd.bay12games.com/file.php?id=11310	https://dffd.bay12games.com/download.php?f=DF+Wanderer+R20a+ASCII.zip&id=11310	R20a	DF Wanderer R20a ASCII/raw/objects/reaction_adventurer.txt	572	MAKE WOODEN CHAIR	1	ADV_CARPENTRY_FURNITURE	ADVENTURE_MODE_ENABLED	
https://dffd.bay12games.com/file.php?id=11310	https://dffd.bay12games.com/download.php?f=DF+Wanderer+R20a+ASCII.zip&id=11310	R20a	DF Wanderer R20a ASCII/raw/objects/reaction_adventurer.txt	573	MAKE WOODEN CHAIR	1	ADV_CARPENTRY_FURNITURE	BUILDING	CARPENTER:NONE
https://dffd.bay12games.com/file.php?id=11310	https://dffd.bay12games.com/download.php?f=DF+Wanderer+R20a+ASCII.zip&id=11310	R20a	DF Wanderer R20a ASCII/raw/objects/reaction_adventurer.txt	574	MAKE WOODEN CHAIR	1	ADV_CARPENTRY_FURNITURE	REAGENT	log:1:WOOD:NONE:NONE:NONE
https://dffd.bay12games.com/file.php?id=11310	https://dffd.bay12games.com/download.php?f=DF+Wanderer+R20a+ASCII.zip&id=11310	R20a	DF Wanderer R20a ASCII/raw/objects/reaction_adventurer.txt	575	MAKE WOODEN CHAIR	1	ADV_CARPENTRY_FURNITURE	ANY_PLANT_MATERIAL	
https://dffd.bay12games.com/file.php?id=11310	https://dffd.bay12games.com/download.php?f=DF+Wanderer+R20a+ASCII.zip&id=11310	R20a	DF Wanderer R20a ASCII/raw/objects/reaction_adventurer.txt	576	MAKE WOODEN CHAIR	1	ADV_CARPENTRY_FURNITURE	REAGENT	tool:1:NONE:NONE:NONE:NONE
https://dffd.bay12games.com/file.php?id=11310	https://dffd.bay12games.com/download.php?f=DF+Wanderer+R20a+ASCII.zip&id=11310	R20a	DF Wanderer R20a ASCII/raw/objects/reaction_adventurer.txt	577	MAKE WOODEN CHAIR	1	ADV_CARPENTRY_FURNITURE	PRESERVE_REAGENT	
https://dffd.bay12games.com/file.php?id=11310	https://dffd.bay12games.com/download.php?f=DF+Wanderer+R20a+ASCII.zip&id=11310	R20a	DF Wanderer R20a ASCII/raw/objects/reaction_adventurer.txt	577	MAKE WOODEN CHAIR	1	ADV_CARPENTRY_FURNITURE	HAS_EDGE	
https://dffd.bay12games.com/file.php?id=11310	https://dffd.bay12games.com/download.php?f=DF+Wanderer+R20a+ASCII.zip&id=11310	R20a	DF Wanderer R20a ASCII/raw/objects/reaction_adventurer.txt	578	MAKE WOODEN CHAIR	1	ADV_CARPENTRY_FURNITURE	PRODUCT	100:1:CHAIR:NONE:GET_MATERIAL_FROM_REAGENT:log:NONE
https://dffd.bay12games.com/file.php?id=11310	https://dffd.bay12games.com/download.php?f=DF+Wanderer+R20a+ASCII.zip&id=11310	R20a	DF Wanderer R20a ASCII/raw/objects/reaction_adventurer.txt	579	MAKE WOODEN CHAIR	1	ADV_CARPENTRY_FURNITURE	PRODUCT_TOKEN	chair
https://dffd.bay12games.com/file.php?id=11310	https://dffd.bay12games.com/download.php?f=DF+Wanderer+R20a+ASCII.zip&id=11310	R20a	DF Wanderer R20a ASCII/raw/objects/reaction_adventurer.txt	580	MAKE WOODEN CHAIR	1	ADV_CARPENTRY_FURNITURE	SKILL	CARPENTRY
https://dffd.bay12games.com/file.php?id=11310	https://dffd.bay12games.com/download.php?f=DF+Wanderer+R20a+ASCII.zip&id=11310	R20a	DF Wanderer R20a ASCII/raw/objects/reaction_adventurer.txt	581	MAKE WOODEN CHAIR	1	ADV_CARPENTRY_FURNITURE	CATEGORY	ADV_CARPENTRY_FURNITURE
https://dffd.bay12games.com/file.php?id=11310	https://dffd.bay12games.com/download.php?f=DF+Wanderer+R20a+ASCII.zip&id=11310	R20a	DF Wanderer R20a ASCII/raw/objects/reaction_adventurer.txt	583	MAKE WOODEN CASKET	1	ADV_CARPENTRY_FURNITURE	REACTION	MAKE WOODEN CASKET
https://dffd.bay12games.com/file.php?id=11310	https://dffd.bay12games.com/download.php?f=DF+Wanderer+R20a+ASCII.zip&id=11310	R20a	DF Wanderer R20a ASCII/raw/objects/reaction_adventurer.txt	584	MAKE WOODEN CASKET	1	ADV_CARPENTRY_FURNITURE	NAME	make wooden casket
https://dffd.bay12games.com/file.php?id=11310	https://dffd.bay12games.com/download.php?f=DF+Wanderer+R20a+ASCII.zip&id=11310	R20a	DF Wanderer R20a ASCII/raw/objects/reaction_adventurer.txt	585	MAKE WOODEN CASKET	1	ADV_CARPENTRY_FURNITURE	ADVENTURE_MODE_ENABLED	
https://dffd.bay12games.com/file.php?id=11310	https://dffd.bay12games.com/download.php?f=DF+Wanderer+R20a+ASCII.zip&id=11310	R20a	DF Wanderer R20a ASCII/raw/objects/reaction_adventurer.txt	586	MAKE WOODEN CASKET	1	ADV_CARPENTRY_FURNITURE	BUILDING	CARPENTER:NONE
https://dffd.bay12games.com/file.php?id=11310	https://dffd.bay12games.com/download.php?f=DF+Wanderer+R20a+ASCII.zip&id=11310	R20a	DF Wanderer R20a ASCII/raw/objects/reaction_adventurer.txt	587	MAKE WOODEN CASKET	1	ADV_CARPENTRY_FURNITURE	REAGENT	log:1:WOOD:NONE:NONE:NONE
https://dffd.bay12games.com/file.php?id=11310	https://dffd.bay12games.com/download.php?f=DF+Wanderer+R20a+ASCII.zip&id=11310	R20a	DF Wanderer R20a ASCII/raw/objects/reaction_adventurer.txt	588	MAKE WOODEN CASKET	1	ADV_CARPENTRY_FURNITURE	ANY_PLANT_MATERIAL	
https://dffd.bay12games.com/file.php?id=11310	https://dffd.bay12games.com/download.php?f=DF+Wanderer+R20a+ASCII.zip&id=11310	R20a	DF Wanderer R20a ASCII/raw/objects/reaction_adventurer.txt	589	MAKE WOODEN CASKET	1	ADV_CARPENTRY_FURNITURE	REAGENT	tool:1:NONE:NONE:NONE:NONE
https://dffd.bay12games.com/file.php?id=11310	https://dffd.bay12games.com/download.php?f=DF+Wanderer+R20a+ASCII.zip&id=11310	R20a	DF Wanderer R20a ASCII/raw/objects/reaction_adventurer.txt	590	MAKE WOODEN CASKET	1	ADV_CARPENTRY_FURNITURE	PRESERVE_REAGENT	
https://dffd.bay12games.com/file.php?id=11310	https://dffd.bay12games.com/download.php?f=DF+Wanderer+R20a+ASCII.zip&id=11310	R20a	DF Wanderer R20a ASCII/raw/objects/reaction_adventurer.txt	590	MAKE WOODEN CASKET	1	ADV_CARPENTRY_FURNITURE	HAS_EDGE	
https://dffd.bay12games.com/file.php?id=11310	https://dffd.bay12games.com/download.php?f=DF+Wanderer+R20a+ASCII.zip&id=11310	R20a	DF Wanderer R20a ASCII/raw/objects/reaction_adventurer.txt	591	MAKE WOODEN CASKET	1	ADV_CARPENTRY_FURNITURE	PRODUCT	100:1:COFFIN:NONE:GET_MATERIAL_FROM_REAGENT:log:NONE
https://dffd.bay12games.com/file.php?id=11310	https://dffd.bay12games.com/download.php?f=DF+Wanderer+R20a+ASCII.zip&id=11310	R20a	DF Wanderer R20a ASCII/raw/objects/reaction_adventurer.txt	592	MAKE WOODEN CASKET	1	ADV_CARPENTRY_FURNITURE	PRODUCT_TOKEN	casket
https://dffd.bay12games.com/file.php?id=11310	https://dffd.bay12games.com/download.php?f=DF+Wanderer+R20a+ASCII.zip&id=11310	R20a	DF Wanderer R20a ASCII/raw/objects/reaction_adventurer.txt	593	MAKE WOODEN CASKET	1	ADV_CARPENTRY_FURNITURE	SKILL	CARPENTRY
https://dffd.bay12games.com/file.php?id=11310	https://dffd.bay12games.com/download.php?f=DF+Wanderer+R20a+ASCII.zip&id=11310	R20a	DF Wanderer R20a ASCII/raw/objects/reaction_adventurer.txt	594	MAKE WOODEN CASKET	1	ADV_CARPENTRY_FURNITURE	CATEGORY	ADV_CARPENTRY_FURNITURE
https://dffd.bay12games.com/file.php?id=11310	https://dffd.bay12games.com/download.php?f=DF+Wanderer+R20a+ASCII.zip&id=11310	R20a	DF Wanderer R20a ASCII/raw/objects/reaction_adventurer.txt	596	MAKE WOODEN CHEST	1	ADV_CARPENTRY_FURNITURE	REACTION	MAKE WOODEN CHEST
https://dffd.bay12games.com/file.php?id=11310	https://dffd.bay12games.com/download.php?f=DF+Wanderer+R20a+ASCII.zip&id=11310	R20a	DF Wanderer R20a ASCII/raw/objects/reaction_adventurer.txt	597	MAKE WOODEN CHEST	1	ADV_CARPENTRY_FURNITURE	NAME	make wooden chest
https://dffd.bay12games.com/file.php?id=11310	https://dffd.bay12games.com/download.php?f=DF+Wanderer+R20a+ASCII.zip&id=11310	R20a	DF Wanderer R20a ASCII/raw/objects/reaction_adventurer.txt	598	MAKE WOODEN CHEST	1	ADV_CARPENTRY_FURNITURE	ADVENTURE_MODE_ENABLED	
https://dffd.bay12games.com/file.php?id=11310	https://dffd.bay12games.com/download.php?f=DF+Wanderer+R20a+ASCII.zip&id=11310	R20a	DF Wanderer R20a ASCII/raw/objects/reaction_adventurer.txt	599	MAKE WOODEN CHEST	1	ADV_CARPENTRY_FURNITURE	BUILDING	CARPENTER:NONE
https://dffd.bay12games.com/file.php?id=11310	https://dffd.bay12games.com/download.php?f=DF+Wanderer+R20a+ASCII.zip&id=11310	R20a	DF Wanderer R20a ASCII/raw/objects/reaction_adventurer.txt	600	MAKE WOODEN CHEST	1	ADV_CARPENTRY_FURNITURE	REAGENT	log:1:WOOD:NONE:NONE:NONE
https://dffd.bay12games.com/file.php?id=11310	https://dffd.bay12games.com/download.php?f=DF+Wanderer+R20a+ASCII.zip&id=11310	R20a	DF Wanderer R20a ASCII/raw/objects/reaction_adventurer.txt	601	MAKE WOODEN CHEST	1	ADV_CARPENTRY_FURNITURE	ANY_PLANT_MATERIAL	
https://dffd.bay12games.com/file.php?id=11310	https://dffd.bay12games.com/download.php?f=DF+Wanderer+R20a+ASCII.zip&id=11310	R20a	DF Wanderer R20a ASCII/raw/objects/reaction_adventurer.txt	602	MAKE WOODEN CHEST	1	ADV_CARPENTRY_FURNITURE	REAGENT	tool:1:NONE:NONE:NONE:NONE
https://dffd.bay12games.com/file.php?id=11310	https://dffd.bay12games.com/download.php?f=DF+Wanderer+R20a+ASCII.zip&id=11310	R20a	DF Wanderer R20a ASCII/raw/objects/reaction_adventurer.txt	603	MAKE WOODEN CHEST	1	ADV_CARPENTRY_FURNITURE	PRESERVE_REAGENT	
https://dffd.bay12games.com/file.php?id=11310	https://dffd.bay12games.com/download.php?f=DF+Wanderer+R20a+ASCII.zip&id=11310	R20a	DF Wanderer R20a ASCII/raw/objects/reaction_adventurer.txt	603	MAKE WOODEN CHEST	1	ADV_CARPENTRY_FURNITURE	HAS_EDGE	
https://dffd.bay12games.com/file.php?id=11310	https://dffd.bay12games.com/download.php?f=DF+Wanderer+R20a+ASCII.zip&id=11310	R20a	DF Wanderer R20a ASCII/raw/objects/reaction_adventurer.txt	604	MAKE WOODEN CHEST	1	ADV_CARPENTRY_FURNITURE	PRODUCT	100:1:BOX:NONE:GET_MATERIAL_FROM_REAGENT:log:NONE
https://dffd.bay12games.com/file.php?id=11310	https://dffd.bay12games.com/download.php?f=DF+Wanderer+R20a+ASCII.zip&id=11310	R20a	DF Wanderer R20a ASCII/raw/objects/reaction_adventurer.txt	605	MAKE WOODEN CHEST	1	ADV_CARPENTRY_FURNITURE	PRODUCT_TOKEN	chest
https://dffd.bay12games.com/file.php?id=11310	https://dffd.bay12games.com/download.php?f=DF+Wanderer+R20a+ASCII.zip&id=11310	R20a	DF Wanderer R20a ASCII/raw/objects/reaction_adventurer.txt	606	MAKE WOODEN CHEST	1	ADV_CARPENTRY_FURNITURE	SKILL	CARPENTRY
https://dffd.bay12games.com/file.php?id=11310	https://dffd.bay12games.com/download.php?f=DF+Wanderer+R20a+ASCII.zip&id=11310	R20a	DF Wanderer R20a ASCII/raw/objects/reaction_adventurer.txt	607	MAKE WOODEN CHEST	1	ADV_CARPENTRY_FURNITURE	CATEGORY	ADV_CARPENTRY_FURNITURE
https://dffd.bay12games.com/file.php?id=11310	https://dffd.bay12games.com/download.php?f=DF+Wanderer+R20a+ASCII.zip&id=11310	R20a	DF Wanderer R20a ASCII/raw/objects/reaction_adventurer.txt	609	MAKE WOODEN DOOR	1	ADV_CARPENTRY_FURNITURE	REACTION	MAKE WOODEN DOOR
https://dffd.bay12games.com/file.php?id=11310	https://dffd.bay12games.com/download.php?f=DF+Wanderer+R20a+ASCII.zip&id=11310	R20a	DF Wanderer R20a ASCII/raw/objects/reaction_adventurer.txt	610	MAKE WOODEN DOOR	1	ADV_CARPENTRY_FURNITURE	NAME	make wooden door
https://dffd.bay12games.com/file.php?id=11310	https://dffd.bay12games.com/download.php?f=DF+Wanderer+R20a+ASCII.zip&id=11310	R20a	DF Wanderer R20a ASCII/raw/objects/reaction_adventurer.txt	611	MAKE WOODEN DOOR	1	ADV_CARPENTRY_FURNITURE	ADVENTURE_MODE_ENABLED	
https://dffd.bay12games.com/file.php?id=11310	https://dffd.bay12games.com/download.php?f=DF+Wanderer+R20a+ASCII.zip&id=11310	R20a	DF Wanderer R20a ASCII/raw/objects/reaction_adventurer.txt	612	MAKE WOODEN DOOR	1	ADV_CARPENTRY_FURNITURE	BUILDING	CARPENTER:NONE
https://dffd.bay12games.com/file.php?id=11310	https://dffd.bay12games.com/download.php?f=DF+Wanderer+R20a+ASCII.zip&id=11310	R20a	DF Wanderer R20a ASCII/raw/objects/reaction_adventurer.txt	613	MAKE WOODEN DOOR	1	ADV_CARPENTRY_FURNITURE	REAGENT	log:1:WOOD:NONE:NONE:NONE
https://dffd.bay12games.com/file.php?id=11310	https://dffd.bay12games.com/download.php?f=DF+Wanderer+R20a+ASCII.zip&id=11310	R20a	DF Wanderer R20a ASCII/raw/objects/reaction_adventurer.txt	614	MAKE WOODEN DOOR	1	ADV_CARPENTRY_FURNITURE	ANY_PLANT_MATERIAL	
https://dffd.bay12games.com/file.php?id=11310	https://dffd.bay12games.com/download.php?f=DF+Wanderer+R20a+ASCII.zip&id=11310	R20a	DF Wanderer R20a ASCII/raw/objects/reaction_adventurer.txt	615	MAKE WOODEN DOOR	1	ADV_CARPENTRY_FURNITURE	REAGENT	tool:1:NONE:NONE:NONE:NONE
https://dffd.bay12games.com/file.php?id=11310	https://dffd.bay12games.com/download.php?f=DF+Wanderer+R20a+ASCII.zip&id=11310	R20a	DF Wanderer R20a ASCII/raw/objects/reaction_adventurer.txt	616	MAKE WOODEN DOOR	1	ADV_CARPENTRY_FURNITURE	PRESERVE_REAGENT	
https://dffd.bay12games.com/file.php?id=11310	https://dffd.bay12games.com/download.php?f=DF+Wanderer+R20a+ASCII.zip&id=11310	R20a	DF Wanderer R20a ASCII/raw/objects/reaction_adventurer.txt	616	MAKE WOODEN DOOR	1	ADV_CARPENTRY_FURNITURE	HAS_EDGE	
https://dffd.bay12games.com/file.php?id=11310	https://dffd.bay12games.com/download.php?f=DF+Wanderer+R20a+ASCII.zip&id=11310	R20a	DF Wanderer R20a ASCII/raw/objects/reaction_adventurer.txt	617	MAKE WOODEN DOOR	1	ADV_CARPENTRY_FURNITURE	PRODUCT	100:1:DOOR:NONE:GET_MATERIAL_FROM_REAGENT:log:NONE
https://dffd.bay12games.com/file.php?id=11310	https://dffd.bay12games.com/download.php?f=DF+Wanderer+R20a+ASCII.zip&id=11310	R20a	DF Wanderer R20a ASCII/raw/objects/reaction_adventurer.txt	618	MAKE WOODEN DOOR	1	ADV_CARPENTRY_FURNITURE	PRODUCT_TOKEN	door
https://dffd.bay12games.com/file.php?id=11310	https://dffd.bay12games.com/download.php?f=DF+Wanderer+R20a+ASCII.zip&id=11310	R20a	DF Wanderer R20a ASCII/raw/objects/reaction_adventurer.txt	619	MAKE WOODEN DOOR	1	ADV_CARPENTRY_FURNITURE	SKILL	CARPENTRY
https://dffd.bay12games.com/file.php?id=11310	https://dffd.bay12games.com/download.php?f=DF+Wanderer+R20a+ASCII.zip&id=11310	R20a	DF Wanderer R20a ASCII/raw/objects/reaction_adventurer.txt	620	MAKE WOODEN DOOR	1	ADV_CARPENTRY_FURNITURE	CATEGORY	ADV_CARPENTRY_FURNITURE
https://dffd.bay12games.com/file.php?id=11310	https://dffd.bay12games.com/download.php?f=DF+Wanderer+R20a+ASCII.zip&id=11310	R20a	DF Wanderer R20a ASCII/raw/objects/reaction_adventurer.txt	622	MAKE WOODEN GRATE	1	ADV_CARPENTRY_FURNITURE	REACTION	MAKE WOODEN GRATE
https://dffd.bay12games.com/file.php?id=11310	https://dffd.bay12games.com/download.php?f=DF+Wanderer+R20a+ASCII.zip&id=11310	R20a	DF Wanderer R20a ASCII/raw/objects/reaction_adventurer.txt	623	MAKE WOODEN GRATE	1	ADV_CARPENTRY_FURNITURE	NAME	make wooden grate
https://dffd.bay12games.com/file.php?id=11310	https://dffd.bay12games.com/download.php?f=DF+Wanderer+R20a+ASCII.zip&id=11310	R20a	DF Wanderer R20a ASCII/raw/objects/reaction_adventurer.txt	624	MAKE WOODEN GRATE	1	ADV_CARPENTRY_FURNITURE	ADVENTURE_MODE_ENABLED	
https://dffd.bay12games.com/file.php?id=11310	https://dffd.bay12games.com/download.php?f=DF+Wanderer+R20a+ASCII.zip&id=11310	R20a	DF Wanderer R20a ASCII/raw/objects/reaction_adventurer.txt	625	MAKE WOODEN GRATE	1	ADV_CARPENTRY_FURNITURE	BUILDING	CARPENTER:NONE
https://dffd.bay12games.com/file.php?id=11310	https://dffd.bay12games.com/download.php?f=DF+Wanderer+R20a+ASCII.zip&id=11310	R20a	DF Wanderer R20a ASCII/raw/objects/reaction_adventurer.txt	626	MAKE WOODEN GRATE	1	ADV_CARPENTRY_FURNITURE	REAGENT	log:1:WOOD:NONE:NONE:NONE
https://dffd.bay12games.com/file.php?id=11310	https://dffd.bay12games.com/download.php?f=DF+Wanderer+R20a+ASCII.zip&id=11310	R20a	DF Wanderer R20a ASCII/raw/objects/reaction_adventurer.txt	627	MAKE WOODEN GRATE	1	ADV_CARPENTRY_FURNITURE	ANY_PLANT_MATERIAL	
https://dffd.bay12games.com/file.php?id=11310	https://dffd.bay12games.com/download.php?f=DF+Wanderer+R20a+ASCII.zip&id=11310	R20a	DF Wanderer R20a ASCII/raw/objects/reaction_adventurer.txt	628	MAKE WOODEN GRATE	1	ADV_CARPENTRY_FURNITURE	REAGENT	tool:1:NONE:NONE:NONE:NONE
https://dffd.bay12games.com/file.php?id=11310	https://dffd.bay12games.com/download.php?f=DF+Wanderer+R20a+ASCII.zip&id=11310	R20a	DF Wanderer R20a ASCII/raw/objects/reaction_adventurer.txt	629	MAKE WOODEN GRATE	1	ADV_CARPENTRY_FURNITURE	PRESERVE_REAGENT	
https://dffd.bay12games.com/file.php?id=11310	https://dffd.bay12games.com/download.php?f=DF+Wanderer+R20a+ASCII.zip&id=11310	R20a	DF Wanderer R20a ASCII/raw/objects/reaction_adventurer.txt	629	MAKE WOODEN GRATE	1	ADV_CARPENTRY_FURNITURE	HAS_EDGE	
https://dffd.bay12games.com/file.php?id=11310	https://dffd.bay12games.com/download.php?f=DF+Wanderer+R20a+ASCII.zip&id=11310	R20a	DF Wanderer R20a ASCII/raw/objects/reaction_adventurer.txt	630	MAKE WOODEN GRATE	1	ADV_CARPENTRY_FURNITURE	PRODUCT	100:1:GRATE:NONE:GET_MATERIAL_FROM_REAGENT:log:NONE
https://dffd.bay12games.com/file.php?id=11310	https://dffd.bay12games.com/download.php?f=DF+Wanderer+R20a+ASCII.zip&id=11310	R20a	DF Wanderer R20a ASCII/raw/objects/reaction_adventurer.txt	631	MAKE WOODEN GRATE	1	ADV_CARPENTRY_FURNITURE	PRODUCT_TOKEN	grate
https://dffd.bay12games.com/file.php?id=11310	https://dffd.bay12games.com/download.php?f=DF+Wanderer+R20a+ASCII.zip&id=11310	R20a	DF Wanderer R20a ASCII/raw/objects/reaction_adventurer.txt	632	MAKE WOODEN GRATE	1	ADV_CARPENTRY_FURNITURE	SKILL	CARPENTRY
https://dffd.bay12games.com/file.php?id=11310	https://dffd.bay12games.com/download.php?f=DF+Wanderer+R20a+ASCII.zip&id=11310	R20a	DF Wanderer R20a ASCII/raw/objects/reaction_adventurer.txt	633	MAKE WOODEN GRATE	1	ADV_CARPENTRY_FURNITURE	CATEGORY	ADV_CARPENTRY_FURNITURE
https://dffd.bay12games.com/file.php?id=11310	https://dffd.bay12games.com/download.php?f=DF+Wanderer+R20a+ASCII.zip&id=11310	R20a	DF Wanderer R20a ASCII/raw/objects/reaction_adventurer.txt	635	MAKE WOODEN HATCH COVER	1	ADV_CARPENTRY_FURNITURE	REACTION	MAKE WOODEN HATCH COVER
https://dffd.bay12games.com/file.php?id=11310	https://dffd.bay12games.com/download.php?f=DF+Wanderer+R20a+ASCII.zip&id=11310	R20a	DF Wanderer R20a ASCII/raw/objects/reaction_adventurer.txt	636	MAKE WOODEN HATCH COVER	1	ADV_CARPENTRY_FURNITURE	NAME	make wooden hatch cover
https://dffd.bay12games.com/file.php?id=11310	https://dffd.bay12games.com/download.php?f=DF+Wanderer+R20a+ASCII.zip&id=11310	R20a	DF Wanderer R20a ASCII/raw/objects/reaction_adventurer.txt	637	MAKE WOODEN HATCH COVER	1	ADV_CARPENTRY_FURNITURE	ADVENTURE_MODE_ENABLED	
https://dffd.bay12games.com/file.php?id=11310	https://dffd.bay12games.com/download.php?f=DF+Wanderer+R20a+ASCII.zip&id=11310	R20a	DF Wanderer R20a ASCII/raw/objects/reaction_adventurer.txt	638	MAKE WOODEN HATCH COVER	1	ADV_CARPENTRY_FURNITURE	BUILDING	CARPENTER:NONE
https://dffd.bay12games.com/file.php?id=11310	https://dffd.bay12games.com/download.php?f=DF+Wanderer+R20a+ASCII.zip&id=11310	R20a	DF Wanderer R20a ASCII/raw/objects/reaction_adventurer.txt	639	MAKE WOODEN HATCH COVER	1	ADV_CARPENTRY_FURNITURE	REAGENT	log:1:WOOD:NONE:NONE:NONE
https://dffd.bay12games.com/file.php?id=11310	https://dffd.bay12games.com/download.php?f=DF+Wanderer+R20a+ASCII.zip&id=11310	R20a	DF Wanderer R20a ASCII/raw/objects/reaction_adventurer.txt	640	MAKE WOODEN HATCH COVER	1	ADV_CARPENTRY_FURNITURE	ANY_PLANT_MATERIAL	
https://dffd.bay12games.com/file.php?id=11310	https://dffd.bay12games.com/download.php?f=DF+Wanderer+R20a+ASCII.zip&id=11310	R20a	DF Wanderer R20a ASCII/raw/objects/reaction_adventurer.txt	641	MAKE WOODEN HATCH COVER	1	ADV_CARPENTRY_FURNITURE	REAGENT	tool:1:NONE:NONE:NONE:NONE
https://dffd.bay12games.com/file.php?id=11310	https://dffd.bay12games.com/download.php?f=DF+Wanderer+R20a+ASCII.zip&id=11310	R20a	DF Wanderer R20a ASCII/raw/objects/reaction_adventurer.txt	642	MAKE WOODEN HATCH COVER	1	ADV_CARPENTRY_FURNITURE	PRESERVE_REAGENT	
https://dffd.bay12games.com/file.php?id=11310	https://dffd.bay12games.com/download.php?f=DF+Wanderer+R20a+ASCII.zip&id=11310	R20a	DF Wanderer R20a ASCII/raw/objects/reaction_adventurer.txt	642	MAKE WOODEN HATCH COVER	1	ADV_CARPENTRY_FURNITURE	HAS_EDGE	
https://dffd.bay12games.com/file.php?id=11310	https://dffd.bay12games.com/download.php?f=DF+Wanderer+R20a+ASCII.zip&id=11310	R20a	DF Wanderer R20a ASCII/raw/objects/reaction_adventurer.txt	643	MAKE WOODEN HATCH COVER	1	ADV_CARPENTRY_FURNITURE	PRODUCT	100:1:HATCH_COVER:NONE:GET_MATERIAL_FROM_REAGENT:log:NONE
https://dffd.bay12games.com/file.php?id=11310	https://dffd.bay12games.com/download.php?f=DF+Wanderer+R20a+ASCII.zip&id=11310	R20a	DF Wanderer R20a ASCII/raw/objects/reaction_adventurer.txt	644	MAKE WOODEN HATCH COVER	1	ADV_CARPENTRY_FURNITURE	PRODUCT_TOKEN	hatch cover
https://dffd.bay12games.com/file.php?id=11310	https://dffd.bay12games.com/download.php?f=DF+Wanderer+R20a+ASCII.zip&id=11310	R20a	DF Wanderer R20a ASCII/raw/objects/reaction_adventurer.txt	645	MAKE WOODEN HATCH COVER	1	ADV_CARPENTRY_FURNITURE	SKILL	CARPENTRY
https://dffd.bay12games.com/file.php?id=11310	https://dffd.bay12games.com/download.php?f=DF+Wanderer+R20a+ASCII.zip&id=11310	R20a	DF Wanderer R20a ASCII/raw/objects/reaction_adventurer.txt	646	MAKE WOODEN HATCH COVER	1	ADV_CARPENTRY_FURNITURE	CATEGORY	ADV_CARPENTRY_FURNITURE
https://dffd.bay12games.com/file.php?id=11310	https://dffd.bay12games.com/download.php?f=DF+Wanderer+R20a+ASCII.zip&id=11310	R20a	DF Wanderer R20a ASCII/raw/objects/reaction_adventurer.txt	648	MAKE WOODEN STEPLADDER	1	ADV_CARPENTRY_FURNITURE	REACTION	MAKE WOODEN STEPLADDER
https://dffd.bay12games.com/file.php?id=11310	https://dffd.bay12games.com/download.php?f=DF+Wanderer+R20a+ASCII.zip&id=11310	R20a	DF Wanderer R20a ASCII/raw/objects/reaction_adventurer.txt	649	MAKE WOODEN STEPLADDER	1	ADV_CARPENTRY_FURNITURE	NAME	make wooden stepladder
https://dffd.bay12games.com/file.php?id=11310	https://dffd.bay12games.com/download.php?f=DF+Wanderer+R20a+ASCII.zip&id=11310	R20a	DF Wanderer R20a ASCII/raw/objects/reaction_adventurer.txt	650	MAKE WOODEN STEPLADDER	1	ADV_CARPENTRY_FURNITURE	ADVENTURE_MODE_ENABLED	
https://dffd.bay12games.com/file.php?id=11310	https://dffd.bay12games.com/download.php?f=DF+Wanderer+R20a+ASCII.zip&id=11310	R20a	DF Wanderer R20a ASCII/raw/objects/reaction_adventurer.txt	651	MAKE WOODEN STEPLADDER	1	ADV_CARPENTRY_FURNITURE	BUILDING	CARPENTER:NONE
https://dffd.bay12games.com/file.php?id=11310	https://dffd.bay12games.com/download.php?f=DF+Wanderer+R20a+ASCII.zip&id=11310	R20a	DF Wanderer R20a ASCII/raw/objects/reaction_adventurer.txt	652	MAKE WOODEN STEPLADDER	1	ADV_CARPENTRY_FURNITURE	REAGENT	log:1:WOOD:NONE:NONE:NONE
https://dffd.bay12games.com/file.php?id=11310	https://dffd.bay12games.com/download.php?f=DF+Wanderer+R20a+ASCII.zip&id=11310	R20a	DF Wanderer R20a ASCII/raw/objects/reaction_adventurer.txt	653	MAKE WOODEN STEPLADDER	1	ADV_CARPENTRY_FURNITURE	ANY_PLANT_MATERIAL	
https://dffd.bay12games.com/file.php?id=11310	https://dffd.bay12games.com/download.php?f=DF+Wanderer+R20a+ASCII.zip&id=11310	R20a	DF Wanderer R20a ASCII/raw/objects/reaction_adventurer.txt	654	MAKE WOODEN STEPLADDER	1	ADV_CARPENTRY_FURNITURE	REAGENT	tool:1:NONE:NONE:NONE:NONE
https://dffd.bay12games.com/file.php?id=11310	https://dffd.bay12games.com/download.php?f=DF+Wanderer+R20a+ASCII.zip&id=11310	R20a	DF Wanderer R20a ASCII/raw/objects/reaction_adventurer.txt	655	MAKE WOODEN STEPLADDER	1	ADV_CARPENTRY_FURNITURE	PRESERVE_REAGENT	
https://dffd.bay12games.com/file.php?id=11310	https://dffd.bay12games.com/download.php?f=DF+Wanderer+R20a+ASCII.zip&id=11310	R20a	DF Wanderer R20a ASCII/raw/objects/reaction_adventurer.txt	655	MAKE WOODEN STEPLADDER	1	ADV_CARPENTRY_FURNITURE	HAS_EDGE	
https://dffd.bay12games.com/file.php?id=11310	https://dffd.bay12games.com/download.php?f=DF+Wanderer+R20a+ASCII.zip&id=11310	R20a	DF Wanderer R20a ASCII/raw/objects/reaction_adventurer.txt	656	MAKE WOODEN STEPLADDER	1	ADV_CARPENTRY_FURNITURE	PRODUCT	100:1:TOOL:ITEM_TOOL_STEPLADDER:GET_MATERIAL_FROM_REAGENT:log:NONE
https://dffd.bay12games.com/file.php?id=11310	https://dffd.bay12games.com/download.php?f=DF+Wanderer+R20a+ASCII.zip&id=11310	R20a	DF Wanderer R20a ASCII/raw/objects/reaction_adventurer.txt	657	MAKE WOODEN STEPLADDER	1	ADV_CARPENTRY_FURNITURE	PRODUCT_TOKEN	stepladder
https://dffd.bay12games.com/file.php?id=11310	https://dffd.bay12games.com/download.php?f=DF+Wanderer+R20a+ASCII.zip&id=11310	R20a	DF Wanderer R20a ASCII/raw/objects/reaction_adventurer.txt	658	MAKE WOODEN STEPLADDER	1	ADV_CARPENTRY_FURNITURE	SKILL	CARPENTRY
https://dffd.bay12games.com/file.php?id=11310	https://dffd.bay12games.com/download.php?f=DF+Wanderer+R20a+ASCII.zip&id=11310	R20a	DF Wanderer R20a ASCII/raw/objects/reaction_adventurer.txt	659	MAKE WOODEN STEPLADDER	1	ADV_CARPENTRY_FURNITURE	CATEGORY	ADV_CARPENTRY_FURNITURE
https://dffd.bay12games.com/file.php?id=11310	https://dffd.bay12games.com/download.php?f=DF+Wanderer+R20a+ASCII.zip&id=11310	R20a	DF Wanderer R20a ASCII/raw/objects/reaction_adventurer.txt	661	MAKE WOODEN TABLE	1	ADV_CARPENTRY_FURNITURE	REACTION	MAKE WOODEN TABLE
https://dffd.bay12games.com/file.php?id=11310	https://dffd.bay12games.com/download.php?f=DF+Wanderer+R20a+ASCII.zip&id=11310	R20a	DF Wanderer R20a ASCII/raw/objects/reaction_adventurer.txt	662	MAKE WOODEN TABLE	1	ADV_CARPENTRY_FURNITURE	NAME	make wooden table
https://dffd.bay12games.com/file.php?id=11310	https://dffd.bay12games.com/download.php?f=DF+Wanderer+R20a+ASCII.zip&id=11310	R20a	DF Wanderer R20a ASCII/raw/objects/reaction_adventurer.txt	663	MAKE WOODEN TABLE	1	ADV_CARPENTRY_FURNITURE	ADVENTURE_MODE_ENABLED	
https://dffd.bay12games.com/file.php?id=11310	https://dffd.bay12games.com/download.php?f=DF+Wanderer+R20a+ASCII.zip&id=11310	R20a	DF Wanderer R20a ASCII/raw/objects/reaction_adventurer.txt	664	MAKE WOODEN TABLE	1	ADV_CARPENTRY_FURNITURE	BUILDING	CARPENTER:NONE
https://dffd.bay12games.com/file.php?id=11310	https://dffd.bay12games.com/download.php?f=DF+Wanderer+R20a+ASCII.zip&id=11310	R20a	DF Wanderer R20a ASCII/raw/objects/reaction_adventurer.txt	665	MAKE WOODEN TABLE	1	ADV_CARPENTRY_FURNITURE	REAGENT	log:1:WOOD:NONE:NONE:NONE
https://dffd.bay12games.com/file.php?id=11310	https://dffd.bay12games.com/download.php?f=DF+Wanderer+R20a+ASCII.zip&id=11310	R20a	DF Wanderer R20a ASCII/raw/objects/reaction_adventurer.txt	666	MAKE WOODEN TABLE	1	ADV_CARPENTRY_FURNITURE	ANY_PLANT_MATERIAL	
https://dffd.bay12games.com/file.php?id=11310	https://dffd.bay12games.com/download.php?f=DF+Wanderer+R20a+ASCII.zip&id=11310	R20a	DF Wanderer R20a ASCII/raw/objects/reaction_adventurer.txt	667	MAKE WOODEN TABLE	1	ADV_CARPENTRY_FURNITURE	REAGENT	tool:1:NONE:NONE:NONE:NONE
https://dffd.bay12games.com/file.php?id=11310	https://dffd.bay12games.com/download.php?f=DF+Wanderer+R20a+ASCII.zip&id=11310	R20a	DF Wanderer R20a ASCII/raw/objects/reaction_adventurer.txt	668	MAKE WOODEN TABLE	1	ADV_CARPENTRY_FURNITURE	PRESERVE_REAGENT	
https://dffd.bay12games.com/file.php?id=11310	https://dffd.bay12games.com/download.php?f=DF+Wanderer+R20a+ASCII.zip&id=11310	R20a	DF Wanderer R20a ASCII/raw/objects/reaction_adventurer.txt	668	MAKE WOODEN TABLE	1	ADV_CARPENTRY_FURNITURE	HAS_EDGE	
https://dffd.bay12games.com/file.php?id=11310	https://dffd.bay12games.com/download.php?f=DF+Wanderer+R20a+ASCII.zip&id=11310	R20a	DF Wanderer R20a ASCII/raw/objects/reaction_adventurer.txt	669	MAKE WOODEN TABLE	1	ADV_CARPENTRY_FURNITURE	PRODUCT	100:1:TABLE:NONE:GET_MATERIAL_FROM_REAGENT:log:NONE
https://dffd.bay12games.com/file.php?id=11310	https://dffd.bay12games.com/download.php?f=DF+Wanderer+R20a+ASCII.zip&id=11310	R20a	DF Wanderer R20a ASCII/raw/objects/reaction_adventurer.txt	670	MAKE WOODEN TABLE	1	ADV_CARPENTRY_FURNITURE	PRODUCT_TOKEN	table
https://dffd.bay12games.com/file.php?id=11310	https://dffd.bay12games.com/download.php?f=DF+Wanderer+R20a+ASCII.zip&id=11310	R20a	DF Wanderer R20a ASCII/raw/objects/reaction_adventurer.txt	671	MAKE WOODEN TABLE	1	ADV_CARPENTRY_FURNITURE	SKILL	CARPENTRY
https://dffd.bay12games.com/file.php?id=11310	https://dffd.bay12games.com/download.php?f=DF+Wanderer+R20a+ASCII.zip&id=11310	R20a	DF Wanderer R20a ASCII/raw/objects/reaction_adventurer.txt	672	MAKE WOODEN TABLE	1	ADV_CARPENTRY_FURNITURE	CATEGORY	ADV_CARPENTRY_FURNITURE
https://dffd.bay12games.com/file.php?id=11310	https://dffd.bay12games.com/download.php?f=DF+Wanderer+R20a+ASCII.zip&id=11310	R20a	DF Wanderer R20a ASCII/raw/objects/reaction_adventurer.txt	676	DECORATE_BONE_SPIKES	1	ADV_DECOR	REACTION	DECORATE_BONE_SPIKES
https://dffd.bay12games.com/file.php?id=11310	https://dffd.bay12games.com/download.php?f=DF+Wanderer+R20a+ASCII.zip&id=11310	R20a	DF Wanderer R20a ASCII/raw/objects/reaction_adventurer.txt	677	DECORATE_BONE_SPIKES	1	ADV_DECOR	NAME	decorate item with bone (spikes)
https://dffd.bay12games.com/file.php?id=11310	https://dffd.bay12games.com/download.php?f=DF+Wanderer+R20a+ASCII.zip&id=11310	R20a	DF Wanderer R20a ASCII/raw/objects/reaction_adventurer.txt	678	DECORATE_BONE_SPIKES	1	ADV_DECOR	ADVENTURE_MODE_ENABLED	
https://dffd.bay12games.com/file.php?id=11310	https://dffd.bay12games.com/download.php?f=DF+Wanderer+R20a+ASCII.zip&id=11310	R20a	DF Wanderer R20a ASCII/raw/objects/reaction_adventurer.txt	679	DECORATE_BONE_SPIKES	1	ADV_DECOR	BUILDING	CARPENTER:NONE
https://dffd.bay12games.com/file.php?id=11310	https://dffd.bay12games.com/download.php?f=DF+Wanderer+R20a+ASCII.zip&id=11310	R20a	DF Wanderer R20a ASCII/raw/objects/reaction_adventurer.txt	680	DECORATE_BONE_SPIKES	1	ADV_DECOR	REAGENT	target:1:NONE:NONE:NONE:NONE
https://dffd.bay12games.com/file.php?id=11310	https://dffd.bay12games.com/download.php?f=DF+Wanderer+R20a+ASCII.zip&id=11310	R20a	DF Wanderer R20a ASCII/raw/objects/reaction_adventurer.txt	680	DECORATE_BONE_SPIKES	1	ADV_DECOR	PRESERVE_REAGENT	
https://dffd.bay12games.com/file.php?id=11310	https://dffd.bay12games.com/download.php?f=DF+Wanderer+R20a+ASCII.zip&id=11310	R20a	DF Wanderer R20a ASCII/raw/objects/reaction_adventurer.txt	681	DECORATE_BONE_SPIKES	1	ADV_DECOR	REAGENT	bone:1:NONE:NONE:NONE:NONE
https://dffd.bay12games.com/file.php?id=11310	https://dffd.bay12games.com/download.php?f=DF+Wanderer+R20a+ASCII.zip&id=11310	R20a	DF Wanderer R20a ASCII/raw/objects/reaction_adventurer.txt	681	DECORATE_BONE_SPIKES	1	ADV_DECOR	ANY_BONE_MATERIAL	
https://dffd.bay12games.com/file.php?id=11310	https://dffd.bay12games.com/download.php?f=DF+Wanderer+R20a+ASCII.zip&id=11310	R20a	DF Wanderer R20a ASCII/raw/objects/reaction_adventurer.txt	682	DECORATE_BONE_SPIKES	1	ADV_DECOR	IMPROVEMENT	100:target:SPIKES:GET_MATERIAL_FROM_REAGENT:bone:NONE
https://dffd.bay12games.com/file.php?id=11310	https://dffd.bay12games.com/download.php?f=DF+Wanderer+R20a+ASCII.zip&id=11310	R20a	DF Wanderer R20a ASCII/raw/objects/reaction_adventurer.txt	683	DECORATE_BONE_SPIKES	1	ADV_DECOR	SKILL	BONECARVE
https://dffd.bay12games.com/file.php?id=11310	https://dffd.bay12games.com/download.php?f=DF+Wanderer+R20a+ASCII.zip&id=11310	R20a	DF Wanderer R20a ASCII/raw/objects/reaction_adventurer.txt	684	DECORATE_BONE_SPIKES	1	ADV_DECOR	CATEGORY	ADV_DECOR
https://dffd.bay12games.com/file.php?id=11310	https://dffd.bay12games.com/download.php?f=DF+Wanderer+R20a+ASCII.zip&id=11310	R20a	DF Wanderer R20a ASCII/raw/objects/reaction_adventurer.txt	685	DECORATE_BONE_SPIKES	1	ADV_DECOR	CATEGORY_NAME	Decorating
https://dffd.bay12games.com/file.php?id=11310	https://dffd.bay12games.com/download.php?f=DF+Wanderer+R20a+ASCII.zip&id=11310	R20a	DF Wanderer R20a ASCII/raw/objects/reaction_adventurer.txt	686	DECORATE_BONE_SPIKES	1	ADV_DECOR	CATEGORY_DESCRIPTION	Decorate items with bone, horn, teeth or gems.
https://dffd.bay12games.com/file.php?id=11310	https://dffd.bay12games.com/download.php?f=DF+Wanderer+R20a+ASCII.zip&id=11310	R20a	DF Wanderer R20a ASCII/raw/objects/reaction_adventurer.txt	688	DECORATE_BONE_RINGS	1	ADV_DECOR	REACTION	DECORATE_BONE_RINGS
https://dffd.bay12games.com/file.php?id=11310	https://dffd.bay12games.com/download.php?f=DF+Wanderer+R20a+ASCII.zip&id=11310	R20a	DF Wanderer R20a ASCII/raw/objects/reaction_adventurer.txt	689	DECORATE_BONE_RINGS	1	ADV_DECOR	NAME	decorate item with bone (rings)
https://dffd.bay12games.com/file.php?id=11310	https://dffd.bay12games.com/download.php?f=DF+Wanderer+R20a+ASCII.zip&id=11310	R20a	DF Wanderer R20a ASCII/raw/objects/reaction_adventurer.txt	690	DECORATE_BONE_RINGS	1	ADV_DECOR	ADVENTURE_MODE_ENABLED	
https://dffd.bay12games.com/file.php?id=11310	https://dffd.bay12games.com/download.php?f=DF+Wanderer+R20a+ASCII.zip&id=11310	R20a	DF Wanderer R20a ASCII/raw/objects/reaction_adventurer.txt	691	DECORATE_BONE_RINGS	1	ADV_DECOR	BUILDING	CARPENTER:NONE
https://dffd.bay12games.com/file.php?id=11310	https://dffd.bay12games.com/download.php?f=DF+Wanderer+R20a+ASCII.zip&id=11310	R20a	DF Wanderer R20a ASCII/raw/objects/reaction_adventurer.txt	692	DECORATE_BONE_RINGS	1	ADV_DECOR	REAGENT	target:1:NONE:NONE:NONE:NONE
https://dffd.bay12games.com/file.php?id=11310	https://dffd.bay12games.com/download.php?f=DF+Wanderer+R20a+ASCII.zip&id=11310	R20a	DF Wanderer R20a ASCII/raw/objects/reaction_adventurer.txt	692	DECORATE_BONE_RINGS	1	ADV_DECOR	PRESERVE_REAGENT	
https://dffd.bay12games.com/file.php?id=11310	https://dffd.bay12games.com/download.php?f=DF+Wanderer+R20a+ASCII.zip&id=11310	R20a	DF Wanderer R20a ASCII/raw/objects/reaction_adventurer.txt	693	DECORATE_BONE_RINGS	1	ADV_DECOR	REAGENT	bone:1:NONE:NONE:NONE:NONE
https://dffd.bay12games.com/file.php?id=11310	https://dffd.bay12games.com/download.php?f=DF+Wanderer+R20a+ASCII.zip&id=11310	R20a	DF Wanderer R20a ASCII/raw/objects/reaction_adventurer.txt	693	DECORATE_BONE_RINGS	1	ADV_DECOR	ANY_BONE_MATERIAL	
https://dffd.bay12games.com/file.php?id=11310	https://dffd.bay12games.com/download.php?f=DF+Wanderer+R20a+ASCII.zip&id=11310	R20a	DF Wanderer R20a ASCII/raw/objects/reaction_adventurer.txt	694	DECORATE_BONE_RINGS	1	ADV_DECOR	IMPROVEMENT	100:target:RINGS_HANGING:GET_MATERIAL_FROM_REAGENT:bone:NONE
https://dffd.bay12games.com/file.php?id=11310	https://dffd.bay12games.com/download.php?f=DF+Wanderer+R20a+ASCII.zip&id=11310	R20a	DF Wanderer R20a ASCII/raw/objects/reaction_adventurer.txt	695	DECORATE_BONE_RINGS	1	ADV_DECOR	SKILL	BONECARVE
https://dffd.bay12games.com/file.php?id=11310	https://dffd.bay12games.com/download.php?f=DF+Wanderer+R20a+ASCII.zip&id=11310	R20a	DF Wanderer R20a ASCII/raw/objects/reaction_adventurer.txt	696	DECORATE_BONE_RINGS	1	ADV_DECOR	CATEGORY	ADV_DECOR
https://dffd.bay12games.com/file.php?id=11310	https://dffd.bay12games.com/download.php?f=DF+Wanderer+R20a+ASCII.zip&id=11310	R20a	DF Wanderer R20a ASCII/raw/objects/reaction_adventurer.txt	698	DECORATE_BONE_BANDS	1	ADV_DECOR	REACTION	DECORATE_BONE_BANDS
https://dffd.bay12games.com/file.php?id=11310	https://dffd.bay12games.com/download.php?f=DF+Wanderer+R20a+ASCII.zip&id=11310	R20a	DF Wanderer R20a ASCII/raw/objects/reaction_adventurer.txt	699	DECORATE_BONE_BANDS	1	ADV_DECOR	NAME	decorate item with bone (bands)
https://dffd.bay12games.com/file.php?id=11310	https://dffd.bay12games.com/download.php?f=DF+Wanderer+R20a+ASCII.zip&id=11310	R20a	DF Wanderer R20a ASCII/raw/objects/reaction_adventurer.txt	700	DECORATE_BONE_BANDS	1	ADV_DECOR	ADVENTURE_MODE_ENABLED	
https://dffd.bay12games.com/file.php?id=11310	https://dffd.bay12games.com/download.php?f=DF+Wanderer+R20a+ASCII.zip&id=11310	R20a	DF Wanderer R20a ASCII/raw/objects/reaction_adventurer.txt	701	DECORATE_BONE_BANDS	1	ADV_DECOR	BUILDING	CARPENTER:NONE
https://dffd.bay12games.com/file.php?id=11310	https://dffd.bay12games.com/download.php?f=DF+Wanderer+R20a+ASCII.zip&id=11310	R20a	DF Wanderer R20a ASCII/raw/objects/reaction_adventurer.txt	702	DECORATE_BONE_BANDS	1	ADV_DECOR	REAGENT	target:1:NONE:NONE:NONE:NONE
https://dffd.bay12games.com/file.php?id=11310	https://dffd.bay12games.com/download.php?f=DF+Wanderer+R20a+ASCII.zip&id=11310	R20a	DF Wanderer R20a ASCII/raw/objects/reaction_adventurer.txt	702	DECORATE_BONE_BANDS	1	ADV_DECOR	PRESERVE_REAGENT	
https://dffd.bay12games.com/file.php?id=11310	https://dffd.bay12games.com/download.php?f=DF+Wanderer+R20a+ASCII.zip&id=11310	R20a	DF Wanderer R20a ASCII/raw/objects/reaction_adventurer.txt	703	DECORATE_BONE_BANDS	1	ADV_DECOR	REAGENT	bone:1:NONE:NONE:NONE:NONE
https://dffd.bay12games.com/file.php?id=11310	https://dffd.bay12games.com/download.php?f=DF+Wanderer+R20a+ASCII.zip&id=11310	R20a	DF Wanderer R20a ASCII/raw/objects/reaction_adventurer.txt	703	DECORATE_BONE_BANDS	1	ADV_DECOR	ANY_BONE_MATERIAL	
https://dffd.bay12games.com/file.php?id=11310	https://dffd.bay12games.com/download.php?f=DF+Wanderer+R20a+ASCII.zip&id=11310	R20a	DF Wanderer R20a ASCII/raw/objects/reaction_adventurer.txt	704	DECORATE_BONE_BANDS	1	ADV_DECOR	IMPROVEMENT	100:target:BANDS:GET_MATERIAL_FROM_REAGENT:bone:NONE
https://dffd.bay12games.com/file.php?id=11310	https://dffd.bay12games.com/download.php?f=DF+Wanderer+R20a+ASCII.zip&id=11310	R20a	DF Wanderer R20a ASCII/raw/objects/reaction_adventurer.txt	705	DECORATE_BONE_BANDS	1	ADV_DECOR	SKILL	BONECARVE
https://dffd.bay12games.com/file.php?id=11310	https://dffd.bay12games.com/download.php?f=DF+Wanderer+R20a+ASCII.zip&id=11310	R20a	DF Wanderer R20a ASCII/raw/objects/reaction_adventurer.txt	706	DECORATE_BONE_BANDS	1	ADV_DECOR	CATEGORY	ADV_DECOR
https://dffd.bay12games.com/file.php?id=11310	https://dffd.bay12games.com/download.php?f=DF+Wanderer+R20a+ASCII.zip&id=11310	R20a	DF Wanderer R20a ASCII/raw/objects/reaction_adventurer.txt	708	DECORATE_HORN_SPIKES	1	ADV_DECOR	REACTION	DECORATE_HORN_SPIKES
https://dffd.bay12games.com/file.php?id=11310	https://dffd.bay12games.com/download.php?f=DF+Wanderer+R20a+ASCII.zip&id=11310	R20a	DF Wanderer R20a ASCII/raw/objects/reaction_adventurer.txt	709	DECORATE_HORN_SPIKES	1	ADV_DECOR	NAME	decorate item with horn (spikes)
https://dffd.bay12games.com/file.php?id=11310	https://dffd.bay12games.com/download.php?f=DF+Wanderer+R20a+ASCII.zip&id=11310	R20a	DF Wanderer R20a ASCII/raw/objects/reaction_adventurer.txt	710	DECORATE_HORN_SPIKES	1	ADV_DECOR	ADVENTURE_MODE_ENABLED	
https://dffd.bay12games.com/file.php?id=11310	https://dffd.bay12games.com/download.php?f=DF+Wanderer+R20a+ASCII.zip&id=11310	R20a	DF Wanderer R20a ASCII/raw/objects/reaction_adventurer.txt	711	DECORATE_HORN_SPIKES	1	ADV_DECOR	BUILDING	CARPENTER:NONE
https://dffd.bay12games.com/file.php?id=11310	https://dffd.bay12games.com/download.php?f=DF+Wanderer+R20a+ASCII.zip&id=11310	R20a	DF Wanderer R20a ASCII/raw/objects/reaction_adventurer.txt	712	DECORATE_HORN_SPIKES	1	ADV_DECOR	REAGENT	target:1:NONE:NONE:NONE:NONE
https://dffd.bay12games.com/file.php?id=11310	https://dffd.bay12games.com/download.php?f=DF+Wanderer+R20a+ASCII.zip&id=11310	R20a	DF Wanderer R20a ASCII/raw/objects/reaction_adventurer.txt	712	DECORATE_HORN_SPIKES	1	ADV_DECOR	PRESERVE_REAGENT	
https://dffd.bay12games.com/file.php?id=11310	https://dffd.bay12games.com/download.php?f=DF+Wanderer+R20a+ASCII.zip&id=11310	R20a	DF Wanderer R20a ASCII/raw/objects/reaction_adventurer.txt	713	DECORATE_HORN_SPIKES	1	ADV_DECOR	REAGENT	horn:1:NONE:NONE:NONE:NONE
https://dffd.bay12games.com/file.php?id=11310	https://dffd.bay12games.com/download.php?f=DF+Wanderer+R20a+ASCII.zip&id=11310	R20a	DF Wanderer R20a ASCII/raw/objects/reaction_adventurer.txt	713	DECORATE_HORN_SPIKES	1	ADV_DECOR	ANY_HORN_MATERIAL	
https://dffd.bay12games.com/file.php?id=11310	https://dffd.bay12games.com/download.php?f=DF+Wanderer+R20a+ASCII.zip&id=11310	R20a	DF Wanderer R20a ASCII/raw/objects/reaction_adventurer.txt	714	DECORATE_HORN_SPIKES	1	ADV_DECOR	IMPROVEMENT	95:target:SPIKES:GET_MATERIAL_FROM_REAGENT:horn:NONE
https://dffd.bay12games.com/file.php?id=11310	https://dffd.bay12games.com/download.php?f=DF+Wanderer+R20a+ASCII.zip&id=11310	R20a	DF Wanderer R20a ASCII/raw/objects/reaction_adventurer.txt	715	DECORATE_HORN_SPIKES	1	ADV_DECOR	SKILL	BONECARVE
https://dffd.bay12games.com/file.php?id=11310	https://dffd.bay12games.com/download.php?f=DF+Wanderer+R20a+ASCII.zip&id=11310	R20a	DF Wanderer R20a ASCII/raw/objects/reaction_adventurer.txt	716	DECORATE_HORN_SPIKES	1	ADV_DECOR	CATEGORY	ADV_DECOR
https://dffd.bay12games.com/file.php?id=11310	https://dffd.bay12games.com/download.php?f=DF+Wanderer+R20a+ASCII.zip&id=11310	R20a	DF Wanderer R20a ASCII/raw/objects/reaction_adventurer.txt	718	DECORATE_HORN_RINGS	1	ADV_DECOR	REACTION	DECORATE_HORN_RINGS
https://dffd.bay12games.com/file.php?id=11310	https://dffd.bay12games.com/download.php?f=DF+Wanderer+R20a+ASCII.zip&id=11310	R20a	DF Wanderer R20a ASCII/raw/objects/reaction_adventurer.txt	719	DECORATE_HORN_RINGS	1	ADV_DECOR	NAME	decorate item with horn (rings)
https://dffd.bay12games.com/file.php?id=11310	https://dffd.bay12games.com/download.php?f=DF+Wanderer+R20a+ASCII.zip&id=11310	R20a	DF Wanderer R20a ASCII/raw/objects/reaction_adventurer.txt	720	DECORATE_HORN_RINGS	1	ADV_DECOR	ADVENTURE_MODE_ENABLED	
https://dffd.bay12games.com/file.php?id=11310	https://dffd.bay12games.com/download.php?f=DF+Wanderer+R20a+ASCII.zip&id=11310	R20a	DF Wanderer R20a ASCII/raw/objects/reaction_adventurer.txt	721	DECORATE_HORN_RINGS	1	ADV_DECOR	BUILDING	CARPENTER:NONE
https://dffd.bay12games.com/file.php?id=11310	https://dffd.bay12games.com/download.php?f=DF+Wanderer+R20a+ASCII.zip&id=11310	R20a	DF Wanderer R20a ASCII/raw/objects/reaction_adventurer.txt	722	DECORATE_HORN_RINGS	1	ADV_DECOR	REAGENT	target:1:NONE:NONE:NONE:NONE
https://dffd.bay12games.com/file.php?id=11310	https://dffd.bay12games.com/download.php?f=DF+Wanderer+R20a+ASCII.zip&id=11310	R20a	DF Wanderer R20a ASCII/raw/objects/reaction_adventurer.txt	722	DECORATE_HORN_RINGS	1	ADV_DECOR	PRESERVE_REAGENT	
https://dffd.bay12games.com/file.php?id=11310	https://dffd.bay12games.com/download.php?f=DF+Wanderer+R20a+ASCII.zip&id=11310	R20a	DF Wanderer R20a ASCII/raw/objects/reaction_adventurer.txt	723	DECORATE_HORN_RINGS	1	ADV_DECOR	REAGENT	horn:1:NONE:NONE:NONE:NONE
https://dffd.bay12games.com/file.php?id=11310	https://dffd.bay12games.com/download.php?f=DF+Wanderer+R20a+ASCII.zip&id=11310	R20a	DF Wanderer R20a ASCII/raw/objects/reaction_adventurer.txt	723	DECORATE_HORN_RINGS	1	ADV_DECOR	ANY_HORN_MATERIAL	
https://dffd.bay12games.com/file.php?id=11310	https://dffd.bay12games.com/download.php?f=DF+Wanderer+R20a+ASCII.zip&id=11310	R20a	DF Wanderer R20a ASCII/raw/objects/reaction_adventurer.txt	724	DECORATE_HORN_RINGS	1	ADV_DECOR	IMPROVEMENT	95:target:RINGS_HANGING:GET_MATERIAL_FROM_REAGENT:horn:NONE
https://dffd.bay12games.com/file.php?id=11310	https://dffd.bay12games.com/download.php?f=DF+Wanderer+R20a+ASCII.zip&id=11310	R20a	DF Wanderer R20a ASCII/raw/objects/reaction_adventurer.txt	725	DECORATE_HORN_RINGS	1	ADV_DECOR	SKILL	BONECARVE
https://dffd.bay12games.com/file.php?id=11310	https://dffd.bay12games.com/download.php?f=DF+Wanderer+R20a+ASCII.zip&id=11310	R20a	DF Wanderer R20a ASCII/raw/objects/reaction_adventurer.txt	726	DECORATE_HORN_RINGS	1	ADV_DECOR	CATEGORY	ADV_DECOR
https://dffd.bay12games.com/file.php?id=11310	https://dffd.bay12games.com/download.php?f=DF+Wanderer+R20a+ASCII.zip&id=11310	R20a	DF Wanderer R20a ASCII/raw/objects/reaction_adventurer.txt	728	DECORATE_HORN_BANDS	1	ADV_DECOR	REACTION	DECORATE_HORN_BANDS
https://dffd.bay12games.com/file.php?id=11310	https://dffd.bay12games.com/download.php?f=DF+Wanderer+R20a+ASCII.zip&id=11310	R20a	DF Wanderer R20a ASCII/raw/objects/reaction_adventurer.txt	729	DECORATE_HORN_BANDS	1	ADV_DECOR	NAME	decorate item with horn (bands)
https://dffd.bay12games.com/file.php?id=11310	https://dffd.bay12games.com/download.php?f=DF+Wanderer+R20a+ASCII.zip&id=11310	R20a	DF Wanderer R20a ASCII/raw/objects/reaction_adventurer.txt	730	DECORATE_HORN_BANDS	1	ADV_DECOR	ADVENTURE_MODE_ENABLED	
https://dffd.bay12games.com/file.php?id=11310	https://dffd.bay12games.com/download.php?f=DF+Wanderer+R20a+ASCII.zip&id=11310	R20a	DF Wanderer R20a ASCII/raw/objects/reaction_adventurer.txt	731	DECORATE_HORN_BANDS	1	ADV_DECOR	BUILDING	CARPENTER:NONE
https://dffd.bay12games.com/file.php?id=11310	https://dffd.bay12games.com/download.php?f=DF+Wanderer+R20a+ASCII.zip&id=11310	R20a	DF Wanderer R20a ASCII/raw/objects/reaction_adventurer.txt	732	DECORATE_HORN_BANDS	1	ADV_DECOR	REAGENT	target:1:NONE:NONE:NONE:NONE
https://dffd.bay12games.com/file.php?id=11310	https://dffd.bay12games.com/download.php?f=DF+Wanderer+R20a+ASCII.zip&id=11310	R20a	DF Wanderer R20a ASCII/raw/objects/reaction_adventurer.txt	732	DECORATE_HORN_BANDS	1	ADV_DECOR	PRESERVE_REAGENT	
https://dffd.bay12games.com/file.php?id=11310	https://dffd.bay12games.com/download.php?f=DF+Wanderer+R20a+ASCII.zip&id=11310	R20a	DF Wanderer R20a ASCII/raw/objects/reaction_adventurer.txt	733	DECORATE_HORN_BANDS	1	ADV_DECOR	REAGENT	horn:1:NONE:NONE:NONE:NONE
https://dffd.bay12games.com/file.php?id=11310	https://dffd.bay12games.com/download.php?f=DF+Wanderer+R20a+ASCII.zip&id=11310	R20a	DF Wanderer R20a ASCII/raw/objects/reaction_adventurer.txt	733	DECORATE_HORN_BANDS	1	ADV_DECOR	ANY_HORN_MATERIAL	
https://dffd.bay12games.com/file.php?id=11310	https://dffd.bay12games.com/download.php?f=DF+Wanderer+R20a+ASCII.zip&id=11310	R20a	DF Wanderer R20a ASCII/raw/objects/reaction_adventurer.txt	734	DECORATE_HORN_BANDS	1	ADV_DECOR	IMPROVEMENT	95:target:BANDS:GET_MATERIAL_FROM_REAGENT:horn:NONE
https://dffd.bay12games.com/file.php?id=11310	https://dffd.bay12games.com/download.php?f=DF+Wanderer+R20a+ASCII.zip&id=11310	R20a	DF Wanderer R20a ASCII/raw/objects/reaction_adventurer.txt	735	DECORATE_HORN_BANDS	1	ADV_DECOR	SKILL	BONECARVE
https://dffd.bay12games.com/file.php?id=11310	https://dffd.bay12games.com/download.php?f=DF+Wanderer+R20a+ASCII.zip&id=11310	R20a	DF Wanderer R20a ASCII/raw/objects/reaction_adventurer.txt	736	DECORATE_HORN_BANDS	1	ADV_DECOR	CATEGORY	ADV_DECOR
https://dffd.bay12games.com/file.php?id=11310	https://dffd.bay12games.com/download.php?f=DF+Wanderer+R20a+ASCII.zip&id=11310	R20a	DF Wanderer R20a ASCII/raw/objects/reaction_adventurer.txt	738	DECORATE_GEM_SPIKES	1	ADV_DECOR	REACTION	DECORATE_GEM_SPIKES
https://dffd.bay12games.com/file.php?id=11310	https://dffd.bay12games.com/download.php?f=DF+Wanderer+R20a+ASCII.zip&id=11310	R20a	DF Wanderer R20a ASCII/raw/objects/reaction_adventurer.txt	739	DECORATE_GEM_SPIKES	1	ADV_DECOR	NAME	decorate item with large gem (spikes)
https://dffd.bay12games.com/file.php?id=11310	https://dffd.bay12games.com/download.php?f=DF+Wanderer+R20a+ASCII.zip&id=11310	R20a	DF Wanderer R20a ASCII/raw/objects/reaction_adventurer.txt	740	DECORATE_GEM_SPIKES	1	ADV_DECOR	ADVENTURE_MODE_ENABLED	
https://dffd.bay12games.com/file.php?id=11310	https://dffd.bay12games.com/download.php?f=DF+Wanderer+R20a+ASCII.zip&id=11310	R20a	DF Wanderer R20a ASCII/raw/objects/reaction_adventurer.txt	741	DECORATE_GEM_SPIKES	1	ADV_DECOR	BUILDING	CARPENTER:NONE
https://dffd.bay12games.com/file.php?id=11310	https://dffd.bay12games.com/download.php?f=DF+Wanderer+R20a+ASCII.zip&id=11310	R20a	DF Wanderer R20a ASCII/raw/objects/reaction_adventurer.txt	742	DECORATE_GEM_SPIKES	1	ADV_DECOR	REAGENT	target:1:NONE:NONE:NONE:NONE
https://dffd.bay12games.com/file.php?id=11310	https://dffd.bay12games.com/download.php?f=DF+Wanderer+R20a+ASCII.zip&id=11310	R20a	DF Wanderer R20a ASCII/raw/objects/reaction_adventurer.txt	742	DECORATE_GEM_SPIKES	1	ADV_DECOR	PRESERVE_REAGENT	
https://dffd.bay12games.com/file.php?id=11310	https://dffd.bay12games.com/download.php?f=DF+Wanderer+R20a+ASCII.zip&id=11310	R20a	DF Wanderer R20a ASCII/raw/objects/reaction_adventurer.txt	743	DECORATE_GEM_SPIKES	1	ADV_DECOR	REAGENT	gem:1:GEM:NONE:NONE:NONE
https://dffd.bay12games.com/file.php?id=11310	https://dffd.bay12games.com/download.php?f=DF+Wanderer+R20a+ASCII.zip&id=11310	R20a	DF Wanderer R20a ASCII/raw/objects/reaction_adventurer.txt	744	DECORATE_GEM_SPIKES	1	ADV_DECOR	IMPROVEMENT	100:target:SPIKES:GET_MATERIAL_FROM_REAGENT:gem:NONE
https://dffd.bay12games.com/file.php?id=11310	https://dffd.bay12games.com/download.php?f=DF+Wanderer+R20a+ASCII.zip&id=11310	R20a	DF Wanderer R20a ASCII/raw/objects/reaction_adventurer.txt	745	DECORATE_GEM_SPIKES	1	ADV_DECOR	SKILL	ENCRUSTGEM
https://dffd.bay12games.com/file.php?id=11310	https://dffd.bay12games.com/download.php?f=DF+Wanderer+R20a+ASCII.zip&id=11310	R20a	DF Wanderer R20a ASCII/raw/objects/reaction_adventurer.txt	746	DECORATE_GEM_SPIKES	1	ADV_DECOR	CATEGORY	ADV_DECOR
https://dffd.bay12games.com/file.php?id=11310	https://dffd.bay12games.com/download.php?f=DF+Wanderer+R20a+ASCII.zip&id=11310	R20a	DF Wanderer R20a ASCII/raw/objects/reaction_adventurer.txt	748	DECORATE_GEM_RINGS	1	ADV_DECOR	REACTION	DECORATE_GEM_RINGS
https://dffd.bay12games.com/file.php?id=11310	https://dffd.bay12games.com/download.php?f=DF+Wanderer+R20a+ASCII.zip&id=11310	R20a	DF Wanderer R20a ASCII/raw/objects/reaction_adventurer.txt	749	DECORATE_GEM_RINGS	1	ADV_DECOR	NAME	decorate item with large gem (rings)
https://dffd.bay12games.com/file.php?id=11310	https://dffd.bay12games.com/download.php?f=DF+Wanderer+R20a+ASCII.zip&id=11310	R20a	DF Wanderer R20a ASCII/raw/objects/reaction_adventurer.txt	750	DECORATE_GEM_RINGS	1	ADV_DECOR	ADVENTURE_MODE_ENABLED	
https://dffd.bay12games.com/file.php?id=11310	https://dffd.bay12games.com/download.php?f=DF+Wanderer+R20a+ASCII.zip&id=11310	R20a	DF Wanderer R20a ASCII/raw/objects/reaction_adventurer.txt	751	DECORATE_GEM_RINGS	1	ADV_DECOR	BUILDING	CARPENTER:NONE
https://dffd.bay12games.com/file.php?id=11310	https://dffd.bay12games.com/download.php?f=DF+Wanderer+R20a+ASCII.zip&id=11310	R20a	DF Wanderer R20a ASCII/raw/objects/reaction_adventurer.txt	752	DECORATE_GEM_RINGS	1	ADV_DECOR	REAGENT	target:1:NONE:NONE:NONE:NONE
https://dffd.bay12games.com/file.php?id=11310	https://dffd.bay12games.com/download.php?f=DF+Wanderer+R20a+ASCII.zip&id=11310	R20a	DF Wanderer R20a ASCII/raw/objects/reaction_adventurer.txt	752	DECORATE_GEM_RINGS	1	ADV_DECOR	PRESERVE_REAGENT	
https://dffd.bay12games.com/file.php?id=11310	https://dffd.bay12games.com/download.php?f=DF+Wanderer+R20a+ASCII.zip&id=11310	R20a	DF Wanderer R20a ASCII/raw/objects/reaction_adventurer.txt	753	DECORATE_GEM_RINGS	1	ADV_DECOR	REAGENT	gem:1:GEM:NONE:NONE:NONE
https://dffd.bay12games.com/file.php?id=11310	https://dffd.bay12games.com/download.php?f=DF+Wanderer+R20a+ASCII.zip&id=11310	R20a	DF Wanderer R20a ASCII/raw/objects/reaction_adventurer.txt	754	DECORATE_GEM_RINGS	1	ADV_DECOR	IMPROVEMENT	100:target:RINGS_HANGING:GET_MATERIAL_FROM_REAGENT:gem:NONE
https://dffd.bay12games.com/file.php?id=11310	https://dffd.bay12games.com/download.php?f=DF+Wanderer+R20a+ASCII.zip&id=11310	R20a	DF Wanderer R20a ASCII/raw/objects/reaction_adventurer.txt	755	DECORATE_GEM_RINGS	1	ADV_DECOR	SKILL	ENCRUSTGEM
https://dffd.bay12games.com/file.php?id=11310	https://dffd.bay12games.com/download.php?f=DF+Wanderer+R20a+ASCII.zip&id=11310	R20a	DF Wanderer R20a ASCII/raw/objects/reaction_adventurer.txt	756	DECORATE_GEM_RINGS	1	ADV_DECOR	CATEGORY	ADV_DECOR
https://dffd.bay12games.com/file.php?id=11310	https://dffd.bay12games.com/download.php?f=DF+Wanderer+R20a+ASCII.zip&id=11310	R20a	DF Wanderer R20a ASCII/raw/objects/reaction_adventurer.txt	758	DECORATE_GEM_BANDS	1	ADV_DECOR	REACTION	DECORATE_GEM_BANDS
https://dffd.bay12games.com/file.php?id=11310	https://dffd.bay12games.com/download.php?f=DF+Wanderer+R20a+ASCII.zip&id=11310	R20a	DF Wanderer R20a ASCII/raw/objects/reaction_adventurer.txt	759	DECORATE_GEM_BANDS	1	ADV_DECOR	NAME	decorate item with large gem (bands)
https://dffd.bay12games.com/file.php?id=11310	https://dffd.bay12games.com/download.php?f=DF+Wanderer+R20a+ASCII.zip&id=11310	R20a	DF Wanderer R20a ASCII/raw/objects/reaction_adventurer.txt	760	DECORATE_GEM_BANDS	1	ADV_DECOR	ADVENTURE_MODE_ENABLED	
https://dffd.bay12games.com/file.php?id=11310	https://dffd.bay12games.com/download.php?f=DF+Wanderer+R20a+ASCII.zip&id=11310	R20a	DF Wanderer R20a ASCII/raw/objects/reaction_adventurer.txt	761	DECORATE_GEM_BANDS	1	ADV_DECOR	BUILDING	CARPENTER:NONE
https://dffd.bay12games.com/file.php?id=11310	https://dffd.bay12games.com/download.php?f=DF+Wanderer+R20a+ASCII.zip&id=11310	R20a	DF Wanderer R20a ASCII/raw/objects/reaction_adventurer.txt	762	DECORATE_GEM_BANDS	1	ADV_DECOR	REAGENT	target:1:NONE:NONE:NONE:NONE
https://dffd.bay12games.com/file.php?id=11310	https://dffd.bay12games.com/download.php?f=DF+Wanderer+R20a+ASCII.zip&id=11310	R20a	DF Wanderer R20a ASCII/raw/objects/reaction_adventurer.txt	762	DECORATE_GEM_BANDS	1	ADV_DECOR	PRESERVE_REAGENT	
https://dffd.bay12games.com/file.php?id=11310	https://dffd.bay12games.com/download.php?f=DF+Wanderer+R20a+ASCII.zip&id=11310	R20a	DF Wanderer R20a ASCII/raw/objects/reaction_adventurer.txt	763	DECORATE_GEM_BANDS	1	ADV_DECOR	REAGENT	gem:1:GEM:NONE:NONE:NONE
https://dffd.bay12games.com/file.php?id=11310	https://dffd.bay12games.com/download.php?f=DF+Wanderer+R20a+ASCII.zip&id=11310	R20a	DF Wanderer R20a ASCII/raw/objects/reaction_adventurer.txt	764	DECORATE_GEM_BANDS	1	ADV_DECOR	IMPROVEMENT	100:target:BANDS:GET_MATERIAL_FROM_REAGENT:gem:NONE
https://dffd.bay12games.com/file.php?id=11310	https://dffd.bay12games.com/download.php?f=DF+Wanderer+R20a+ASCII.zip&id=11310	R20a	DF Wanderer R20a ASCII/raw/objects/reaction_adventurer.txt	765	DECORATE_GEM_BANDS	1	ADV_DECOR	SKILL	ENCRUSTGEM
https://dffd.bay12games.com/file.php?id=11310	https://dffd.bay12games.com/download.php?f=DF+Wanderer+R20a+ASCII.zip&id=11310	R20a	DF Wanderer R20a ASCII/raw/objects/reaction_adventurer.txt	766	DECORATE_GEM_BANDS	1	ADV_DECOR	CATEGORY	ADV_DECOR
https://dffd.bay12games.com/file.php?id=11310	https://dffd.bay12games.com/download.php?f=DF+Wanderer+R20a+ASCII.zip&id=11310	R20a	DF Wanderer R20a ASCII/raw/objects/reaction_adventurer.txt	768	DECORATE_SMALLGEM_SPIKES	1	ADV_DECOR	REACTION	DECORATE_SMALLGEM_SPIKES
https://dffd.bay12games.com/file.php?id=11310	https://dffd.bay12games.com/download.php?f=DF+Wanderer+R20a+ASCII.zip&id=11310	R20a	DF Wanderer R20a ASCII/raw/objects/reaction_adventurer.txt	769	DECORATE_SMALLGEM_SPIKES	1	ADV_DECOR	NAME	decorate item with small gem (spikes)
https://dffd.bay12games.com/file.php?id=11310	https://dffd.bay12games.com/download.php?f=DF+Wanderer+R20a+ASCII.zip&id=11310	R20a	DF Wanderer R20a ASCII/raw/objects/reaction_adventurer.txt	770	DECORATE_SMALLGEM_SPIKES	1	ADV_DECOR	ADVENTURE_MODE_ENABLED	
https://dffd.bay12games.com/file.php?id=11310	https://dffd.bay12games.com/download.php?f=DF+Wanderer+R20a+ASCII.zip&id=11310	R20a	DF Wanderer R20a ASCII/raw/objects/reaction_adventurer.txt	771	DECORATE_SMALLGEM_SPIKES	1	ADV_DECOR	BUILDING	CARPENTER:NONE
https://dffd.bay12games.com/file.php?id=11310	https://dffd.bay12games.com/download.php?f=DF+Wanderer+R20a+ASCII.zip&id=11310	R20a	DF Wanderer R20a ASCII/raw/objects/reaction_adventurer.txt	772	DECORATE_SMALLGEM_SPIKES	1	ADV_DECOR	REAGENT	target:1:NONE:NONE:NONE:NONE
https://dffd.bay12games.com/file.php?id=11310	https://dffd.bay12games.com/download.php?f=DF+Wanderer+R20a+ASCII.zip&id=11310	R20a	DF Wanderer R20a ASCII/raw/objects/reaction_adventurer.txt	772	DECORATE_SMALLGEM_SPIKES	1	ADV_DECOR	PRESERVE_REAGENT	
https://dffd.bay12games.com/file.php?id=11310	https://dffd.bay12games.com/download.php?f=DF+Wanderer+R20a+ASCII.zip&id=11310	R20a	DF Wanderer R20a ASCII/raw/objects/reaction_adventurer.txt	773	DECORATE_SMALLGEM_SPIKES	1	ADV_DECOR	REAGENT	gem:1:SMALLGEM:NONE:NONE:NONE
https://dffd.bay12games.com/file.php?id=11310	https://dffd.bay12games.com/download.php?f=DF+Wanderer+R20a+ASCII.zip&id=11310	R20a	DF Wanderer R20a ASCII/raw/objects/reaction_adventurer.txt	774	DECORATE_SMALLGEM_SPIKES	1	ADV_DECOR	IMPROVEMENT	100:target:SPIKES:GET_MATERIAL_FROM_REAGENT:gem:NONE
https://dffd.bay12games.com/file.php?id=11310	https://dffd.bay12games.com/download.php?f=DF+Wanderer+R20a+ASCII.zip&id=11310	R20a	DF Wanderer R20a ASCII/raw/objects/reaction_adventurer.txt	775	DECORATE_SMALLGEM_SPIKES	1	ADV_DECOR	SKILL	ENCRUSTGEM
https://dffd.bay12games.com/file.php?id=11310	https://dffd.bay12games.com/download.php?f=DF+Wanderer+R20a+ASCII.zip&id=11310	R20a	DF Wanderer R20a ASCII/raw/objects/reaction_adventurer.txt	776	DECORATE_SMALLGEM_SPIKES	1	ADV_DECOR	CATEGORY	ADV_DECOR
https://dffd.bay12games.com/file.php?id=11310	https://dffd.bay12games.com/download.php?f=DF+Wanderer+R20a+ASCII.zip&id=11310	R20a	DF Wanderer R20a ASCII/raw/objects/reaction_adventurer.txt	778	DECORATE_SMALLGEM_RINGS	1	ADV_DECOR	REACTION	DECORATE_SMALLGEM_RINGS
https://dffd.bay12games.com/file.php?id=11310	https://dffd.bay12games.com/download.php?f=DF+Wanderer+R20a+ASCII.zip&id=11310	R20a	DF Wanderer R20a ASCII/raw/objects/reaction_adventurer.txt	779	DECORATE_SMALLGEM_RINGS	1	ADV_DECOR	NAME	decorate item with small gem (rings)
https://dffd.bay12games.com/file.php?id=11310	https://dffd.bay12games.com/download.php?f=DF+Wanderer+R20a+ASCII.zip&id=11310	R20a	DF Wanderer R20a ASCII/raw/objects/reaction_adventurer.txt	780	DECORATE_SMALLGEM_RINGS	1	ADV_DECOR	ADVENTURE_MODE_ENABLED	
https://dffd.bay12games.com/file.php?id=11310	https://dffd.bay12games.com/download.php?f=DF+Wanderer+R20a+ASCII.zip&id=11310	R20a	DF Wanderer R20a ASCII/raw/objects/reaction_adventurer.txt	781	DECORATE_SMALLGEM_RINGS	1	ADV_DECOR	BUILDING	CARPENTER:NONE
https://dffd.bay12games.com/file.php?id=11310	https://dffd.bay12games.com/download.php?f=DF+Wanderer+R20a+ASCII.zip&id=11310	R20a	DF Wanderer R20a ASCII/raw/objects/reaction_adventurer.txt	782	DECORATE_SMALLGEM_RINGS	1	ADV_DECOR	REAGENT	target:1:NONE:NONE:NONE:NONE
https://dffd.bay12games.com/file.php?id=11310	https://dffd.bay12games.com/download.php?f=DF+Wanderer+R20a+ASCII.zip&id=11310	R20a	DF Wanderer R20a ASCII/raw/objects/reaction_adventurer.txt	782	DECORATE_SMALLGEM_RINGS	1	ADV_DECOR	PRESERVE_REAGENT	
https://dffd.bay12games.com/file.php?id=11310	https://dffd.bay12games.com/download.php?f=DF+Wanderer+R20a+ASCII.zip&id=11310	R20a	DF Wanderer R20a ASCII/raw/objects/reaction_adventurer.txt	783	DECORATE_SMALLGEM_RINGS	1	ADV_DECOR	REAGENT	gem:1:SMALLGEM:NONE:NONE:NONE
https://dffd.bay12games.com/file.php?id=11310	https://dffd.bay12games.com/download.php?f=DF+Wanderer+R20a+ASCII.zip&id=11310	R20a	DF Wanderer R20a ASCII/raw/objects/reaction_adventurer.txt	784	DECORATE_SMALLGEM_RINGS	1	ADV_DECOR	IMPROVEMENT	100:target:RINGS_HANGING:GET_MATERIAL_FROM_REAGENT:gem:NONE
https://dffd.bay12games.com/file.php?id=11310	https://dffd.bay12games.com/download.php?f=DF+Wanderer+R20a+ASCII.zip&id=11310	R20a	DF Wanderer R20a ASCII/raw/objects/reaction_adventurer.txt	785	DECORATE_SMALLGEM_RINGS	1	ADV_DECOR	SKILL	ENCRUSTGEM
https://dffd.bay12games.com/file.php?id=11310	https://dffd.bay12games.com/download.php?f=DF+Wanderer+R20a+ASCII.zip&id=11310	R20a	DF Wanderer R20a ASCII/raw/objects/reaction_adventurer.txt	786	DECORATE_SMALLGEM_RINGS	1	ADV_DECOR	CATEGORY	ADV_DECOR
https://dffd.bay12games.com/file.php?id=11310	https://dffd.bay12games.com/download.php?f=DF+Wanderer+R20a+ASCII.zip&id=11310	R20a	DF Wanderer R20a ASCII/raw/objects/reaction_adventurer.txt	788	DECORATE_SMALLGEM_BANDS	1	ADV_DECOR	REACTION	DECORATE_SMALLGEM_BANDS
https://dffd.bay12games.com/file.php?id=11310	https://dffd.bay12games.com/download.php?f=DF+Wanderer+R20a+ASCII.zip&id=11310	R20a	DF Wanderer R20a ASCII/raw/objects/reaction_adventurer.txt	789	DECORATE_SMALLGEM_BANDS	1	ADV_DECOR	NAME	decorate item with small gem (bands)
https://dffd.bay12games.com/file.php?id=11310	https://dffd.bay12games.com/download.php?f=DF+Wanderer+R20a+ASCII.zip&id=11310	R20a	DF Wanderer R20a ASCII/raw/objects/reaction_adventurer.txt	790	DECORATE_SMALLGEM_BANDS	1	ADV_DECOR	ADVENTURE_MODE_ENABLED	
https://dffd.bay12games.com/file.php?id=11310	https://dffd.bay12games.com/download.php?f=DF+Wanderer+R20a+ASCII.zip&id=11310	R20a	DF Wanderer R20a ASCII/raw/objects/reaction_adventurer.txt	791	DECORATE_SMALLGEM_BANDS	1	ADV_DECOR	BUILDING	CARPENTER:NONE
https://dffd.bay12games.com/file.php?id=11310	https://dffd.bay12games.com/download.php?f=DF+Wanderer+R20a+ASCII.zip&id=11310	R20a	DF Wanderer R20a ASCII/raw/objects/reaction_adventurer.txt	792	DECORATE_SMALLGEM_BANDS	1	ADV_DECOR	REAGENT	target:1:NONE:NONE:NONE:NONE
https://dffd.bay12games.com/file.php?id=11310	https://dffd.bay12games.com/download.php?f=DF+Wanderer+R20a+ASCII.zip&id=11310	R20a	DF Wanderer R20a ASCII/raw/objects/reaction_adventurer.txt	792	DECORATE_SMALLGEM_BANDS	1	ADV_DECOR	PRESERVE_REAGENT	
https://dffd.bay12games.com/file.php?id=11310	https://dffd.bay12games.com/download.php?f=DF+Wanderer+R20a+ASCII.zip&id=11310	R20a	DF Wanderer R20a ASCII/raw/objects/reaction_adventurer.txt	793	DECORATE_SMALLGEM_BANDS	1	ADV_DECOR	REAGENT	gem:1:SMALLGEM:NONE:NONE:NONE
https://dffd.bay12games.com/file.php?id=11310	https://dffd.bay12games.com/download.php?f=DF+Wanderer+R20a+ASCII.zip&id=11310	R20a	DF Wanderer R20a ASCII/raw/objects/reaction_adventurer.txt	794	DECORATE_SMALLGEM_BANDS	1	ADV_DECOR	IMPROVEMENT	100:target:BANDS:GET_MATERIAL_FROM_REAGENT:gem:NONE
https://dffd.bay12games.com/file.php?id=11310	https://dffd.bay12games.com/download.php?f=DF+Wanderer+R20a+ASCII.zip&id=11310	R20a	DF Wanderer R20a ASCII/raw/objects/reaction_adventurer.txt	795	DECORATE_SMALLGEM_BANDS	1	ADV_DECOR	SKILL	ENCRUSTGEM
https://dffd.bay12games.com/file.php?id=11310	https://dffd.bay12games.com/download.php?f=DF+Wanderer+R20a+ASCII.zip&id=11310	R20a	DF Wanderer R20a ASCII/raw/objects/reaction_adventurer.txt	796	DECORATE_SMALLGEM_BANDS	1	ADV_DECOR	CATEGORY	ADV_DECOR
https://dffd.bay12games.com/file.php?id=11310	https://dffd.bay12games.com/download.php?f=DF+Wanderer+R20a+ASCII.zip&id=11310	R20a	DF Wanderer R20a ASCII/raw/objects/reaction_adventurer.txt	798	DECORATE_TOOTH_SPIKES	1	ADV_DECOR	REACTION	DECORATE_TOOTH_SPIKES
https://dffd.bay12games.com/file.php?id=11310	https://dffd.bay12games.com/download.php?f=DF+Wanderer+R20a+ASCII.zip&id=11310	R20a	DF Wanderer R20a ASCII/raw/objects/reaction_adventurer.txt	799	DECORATE_TOOTH_SPIKES	1	ADV_DECOR	NAME	decorate item with teeth (spikes)
https://dffd.bay12games.com/file.php?id=11310	https://dffd.bay12games.com/download.php?f=DF+Wanderer+R20a+ASCII.zip&id=11310	R20a	DF Wanderer R20a ASCII/raw/objects/reaction_adventurer.txt	800	DECORATE_TOOTH_SPIKES	1	ADV_DECOR	ADVENTURE_MODE_ENABLED	
https://dffd.bay12games.com/file.php?id=11310	https://dffd.bay12games.com/download.php?f=DF+Wanderer+R20a+ASCII.zip&id=11310	R20a	DF Wanderer R20a ASCII/raw/objects/reaction_adventurer.txt	801	DECORATE_TOOTH_SPIKES	1	ADV_DECOR	BUILDING	CARPENTER:NONE
https://dffd.bay12games.com/file.php?id=11310	https://dffd.bay12games.com/download.php?f=DF+Wanderer+R20a+ASCII.zip&id=11310	R20a	DF Wanderer R20a ASCII/raw/objects/reaction_adventurer.txt	802	DECORATE_TOOTH_SPIKES	1	ADV_DECOR	REAGENT	target:1:NONE:NONE:NONE:NONE
https://dffd.bay12games.com/file.php?id=11310	https://dffd.bay12games.com/download.php?f=DF+Wanderer+R20a+ASCII.zip&id=11310	R20a	DF Wanderer R20a ASCII/raw/objects/reaction_adventurer.txt	802	DECORATE_TOOTH_SPIKES	1	ADV_DECOR	PRESERVE_REAGENT	
https://dffd.bay12games.com/file.php?id=11310	https://dffd.bay12games.com/download.php?f=DF+Wanderer+R20a+ASCII.zip&id=11310	R20a	DF Wanderer R20a ASCII/raw/objects/reaction_adventurer.txt	803	DECORATE_TOOTH_SPIKES	1	ADV_DECOR	REAGENT	tooth:1:NONE:NONE:NONE:NONE
https://dffd.bay12games.com/file.php?id=11310	https://dffd.bay12games.com/download.php?f=DF+Wanderer+R20a+ASCII.zip&id=11310	R20a	DF Wanderer R20a ASCII/raw/objects/reaction_adventurer.txt	803	DECORATE_TOOTH_SPIKES	1	ADV_DECOR	ANY_TOOTH_MATERIAL	
https://dffd.bay12games.com/file.php?id=11310	https://dffd.bay12games.com/download.php?f=DF+Wanderer+R20a+ASCII.zip&id=11310	R20a	DF Wanderer R20a ASCII/raw/objects/reaction_adventurer.txt	804	DECORATE_TOOTH_SPIKES	1	ADV_DECOR	IMPROVEMENT	95:target:SPIKES:GET_MATERIAL_FROM_REAGENT:tooth:NONE
https://dffd.bay12games.com/file.php?id=11310	https://dffd.bay12games.com/download.php?f=DF+Wanderer+R20a+ASCII.zip&id=11310	R20a	DF Wanderer R20a ASCII/raw/objects/reaction_adventurer.txt	805	DECORATE_TOOTH_SPIKES	1	ADV_DECOR	SKILL	BONECARVE
https://dffd.bay12games.com/file.php?id=11310	https://dffd.bay12games.com/download.php?f=DF+Wanderer+R20a+ASCII.zip&id=11310	R20a	DF Wanderer R20a ASCII/raw/objects/reaction_adventurer.txt	806	DECORATE_TOOTH_SPIKES	1	ADV_DECOR	CATEGORY	ADV_DECOR
https://dffd.bay12games.com/file.php?id=11310	https://dffd.bay12games.com/download.php?f=DF+Wanderer+R20a+ASCII.zip&id=11310	R20a	DF Wanderer R20a ASCII/raw/objects/reaction_adventurer.txt	808	DECORATE_TOOTH_RINGS	1	ADV_DECOR	REACTION	DECORATE_TOOTH_RINGS
https://dffd.bay12games.com/file.php?id=11310	https://dffd.bay12games.com/download.php?f=DF+Wanderer+R20a+ASCII.zip&id=11310	R20a	DF Wanderer R20a ASCII/raw/objects/reaction_adventurer.txt	809	DECORATE_TOOTH_RINGS	1	ADV_DECOR	NAME	decorate item with teeth (rings)
https://dffd.bay12games.com/file.php?id=11310	https://dffd.bay12games.com/download.php?f=DF+Wanderer+R20a+ASCII.zip&id=11310	R20a	DF Wanderer R20a ASCII/raw/objects/reaction_adventurer.txt	810	DECORATE_TOOTH_RINGS	1	ADV_DECOR	ADVENTURE_MODE_ENABLED	
https://dffd.bay12games.com/file.php?id=11310	https://dffd.bay12games.com/download.php?f=DF+Wanderer+R20a+ASCII.zip&id=11310	R20a	DF Wanderer R20a ASCII/raw/objects/reaction_adventurer.txt	811	DECORATE_TOOTH_RINGS	1	ADV_DECOR	BUILDING	CARPENTER:NONE
https://dffd.bay12games.com/file.php?id=11310	https://dffd.bay12games.com/download.php?f=DF+Wanderer+R20a+ASCII.zip&id=11310	R20a	DF Wanderer R20a ASCII/raw/objects/reaction_adventurer.txt	812	DECORATE_TOOTH_RINGS	1	ADV_DECOR	REAGENT	target:1:NONE:NONE:NONE:NONE
https://dffd.bay12games.com/file.php?id=11310	https://dffd.bay12games.com/download.php?f=DF+Wanderer+R20a+ASCII.zip&id=11310	R20a	DF Wanderer R20a ASCII/raw/objects/reaction_adventurer.txt	812	DECORATE_TOOTH_RINGS	1	ADV_DECOR	PRESERVE_REAGENT	
https://dffd.bay12games.com/file.php?id=11310	https://dffd.bay12games.com/download.php?f=DF+Wanderer+R20a+ASCII.zip&id=11310	R20a	DF Wanderer R20a ASCII/raw/objects/reaction_adventurer.txt	813	DECORATE_TOOTH_RINGS	1	ADV_DECOR	REAGENT	tooth:1:NONE:NONE:NONE:NONE
https://dffd.bay12games.com/file.php?id=11310	https://dffd.bay12games.com/download.php?f=DF+Wanderer+R20a+ASCII.zip&id=11310	R20a	DF Wanderer R20a ASCII/raw/objects/reaction_adventurer.txt	813	DECORATE_TOOTH_RINGS	1	ADV_DECOR	ANY_TOOTH_MATERIAL	
https://dffd.bay12games.com/file.php?id=11310	https://dffd.bay12games.com/download.php?f=DF+Wanderer+R20a+ASCII.zip&id=11310	R20a	DF Wanderer R20a ASCII/raw/objects/reaction_adventurer.txt	814	DECORATE_TOOTH_RINGS	1	ADV_DECOR	IMPROVEMENT	95:target:RINGS_HANGING:GET_MATERIAL_FROM_REAGENT:tooth:NONE
https://dffd.bay12games.com/file.php?id=11310	https://dffd.bay12games.com/download.php?f=DF+Wanderer+R20a+ASCII.zip&id=11310	R20a	DF Wanderer R20a ASCII/raw/objects/reaction_adventurer.txt	815	DECORATE_TOOTH_RINGS	1	ADV_DECOR	SKILL	BONECARVE
https://dffd.bay12games.com/file.php?id=11310	https://dffd.bay12games.com/download.php?f=DF+Wanderer+R20a+ASCII.zip&id=11310	R20a	DF Wanderer R20a ASCII/raw/objects/reaction_adventurer.txt	816	DECORATE_TOOTH_RINGS	1	ADV_DECOR	CATEGORY	ADV_DECOR
https://dffd.bay12games.com/file.php?id=11310	https://dffd.bay12games.com/download.php?f=DF+Wanderer+R20a+ASCII.zip&id=11310	R20a	DF Wanderer R20a ASCII/raw/objects/reaction_adventurer.txt	818	DECORATE_TOOTH_BANDS	1	ADV_DECOR	REACTION	DECORATE_TOOTH_BANDS
https://dffd.bay12games.com/file.php?id=11310	https://dffd.bay12games.com/download.php?f=DF+Wanderer+R20a+ASCII.zip&id=11310	R20a	DF Wanderer R20a ASCII/raw/objects/reaction_adventurer.txt	819	DECORATE_TOOTH_BANDS	1	ADV_DECOR	NAME	decorate item with teeth (bands)
https://dffd.bay12games.com/file.php?id=11310	https://dffd.bay12games.com/download.php?f=DF+Wanderer+R20a+ASCII.zip&id=11310	R20a	DF Wanderer R20a ASCII/raw/objects/reaction_adventurer.txt	820	DECORATE_TOOTH_BANDS	1	ADV_DECOR	ADVENTURE_MODE_ENABLED	
https://dffd.bay12games.com/file.php?id=11310	https://dffd.bay12games.com/download.php?f=DF+Wanderer+R20a+ASCII.zip&id=11310	R20a	DF Wanderer R20a ASCII/raw/objects/reaction_adventurer.txt	821	DECORATE_TOOTH_BANDS	1	ADV_DECOR	BUILDING	CARPENTER:NONE
https://dffd.bay12games.com/file.php?id=11310	https://dffd.bay12games.com/download.php?f=DF+Wanderer+R20a+ASCII.zip&id=11310	R20a	DF Wanderer R20a ASCII/raw/objects/reaction_adventurer.txt	822	DECORATE_TOOTH_BANDS	1	ADV_DECOR	REAGENT	target:1:NONE:NONE:NONE:NONE
https://dffd.bay12games.com/file.php?id=11310	https://dffd.bay12games.com/download.php?f=DF+Wanderer+R20a+ASCII.zip&id=11310	R20a	DF Wanderer R20a ASCII/raw/objects/reaction_adventurer.txt	822	DECORATE_TOOTH_BANDS	1	ADV_DECOR	PRESERVE_REAGENT	
https://dffd.bay12games.com/file.php?id=11310	https://dffd.bay12games.com/download.php?f=DF+Wanderer+R20a+ASCII.zip&id=11310	R20a	DF Wanderer R20a ASCII/raw/objects/reaction_adventurer.txt	823	DECORATE_TOOTH_BANDS	1	ADV_DECOR	REAGENT	tooth:1:NONE:NONE:NONE:NONE
https://dffd.bay12games.com/file.php?id=11310	https://dffd.bay12games.com/download.php?f=DF+Wanderer+R20a+ASCII.zip&id=11310	R20a	DF Wanderer R20a ASCII/raw/objects/reaction_adventurer.txt	823	DECORATE_TOOTH_BANDS	1	ADV_DECOR	ANY_TOOTH_MATERIAL	
https://dffd.bay12games.com/file.php?id=11310	https://dffd.bay12games.com/download.php?f=DF+Wanderer+R20a+ASCII.zip&id=11310	R20a	DF Wanderer R20a ASCII/raw/objects/reaction_adventurer.txt	824	DECORATE_TOOTH_BANDS	1	ADV_DECOR	IMPROVEMENT	95:target:BANDS:GET_MATERIAL_FROM_REAGENT:tooth:NONE
https://dffd.bay12games.com/file.php?id=11310	https://dffd.bay12games.com/download.php?f=DF+Wanderer+R20a+ASCII.zip&id=11310	R20a	DF Wanderer R20a ASCII/raw/objects/reaction_adventurer.txt	825	DECORATE_TOOTH_BANDS	1	ADV_DECOR	SKILL	BONECARVE
https://dffd.bay12games.com/file.php?id=11310	https://dffd.bay12games.com/download.php?f=DF+Wanderer+R20a+ASCII.zip&id=11310	R20a	DF Wanderer R20a ASCII/raw/objects/reaction_adventurer.txt	826	DECORATE_TOOTH_BANDS	1	ADV_DECOR	CATEGORY	ADV_DECOR
https://dffd.bay12games.com/file.php?id=11310	https://dffd.bay12games.com/download.php?f=DF+Wanderer+R20a+ASCII.zip&id=11310	R20a	DF Wanderer R20a ASCII/raw/objects/reaction_adventurer.txt	830	TAN_LEATHER_ADV	1	ADV_LEATHER	REACTION	TAN_LEATHER_ADV
https://dffd.bay12games.com/file.php?id=11310	https://dffd.bay12games.com/download.php?f=DF+Wanderer+R20a+ASCII.zip&id=11310	R20a	DF Wanderer R20a ASCII/raw/objects/reaction_adventurer.txt	831	TAN_LEATHER_ADV	1	ADV_LEATHER	NAME	tan raw skin
https://dffd.bay12games.com/file.php?id=11310	https://dffd.bay12games.com/download.php?f=DF+Wanderer+R20a+ASCII.zip&id=11310	R20a	DF Wanderer R20a ASCII/raw/objects/reaction_adventurer.txt	832	TAN_LEATHER_ADV	1	ADV_LEATHER	ADVENTURE_MODE_ENABLED	
https://dffd.bay12games.com/file.php?id=11310	https://dffd.bay12games.com/download.php?f=DF+Wanderer+R20a+ASCII.zip&id=11310	R20a	DF Wanderer R20a ASCII/raw/objects/reaction_adventurer.txt	833	TAN_LEATHER_ADV	1	ADV_LEATHER	BUILDING	CARPENTER:NONE
https://dffd.bay12games.com/file.php?id=11310	https://dffd.bay12games.com/download.php?f=DF+Wanderer+R20a+ASCII.zip&id=11310	R20a	DF Wanderer R20a ASCII/raw/objects/reaction_adventurer.txt	834	TAN_LEATHER_ADV	1	ADV_LEATHER	REAGENT	raw skin:1:NONE:NONE:NONE:NONE
https://dffd.bay12games.com/file.php?id=11310	https://dffd.bay12games.com/download.php?f=DF+Wanderer+R20a+ASCII.zip&id=11310	R20a	DF Wanderer R20a ASCII/raw/objects/reaction_adventurer.txt	834	TAN_LEATHER_ADV	1	ADV_LEATHER	USE_BODY_COMPONENT	
https://dffd.bay12games.com/file.php?id=11310	https://dffd.bay12games.com/download.php?f=DF+Wanderer+R20a+ASCII.zip&id=11310	R20a	DF Wanderer R20a ASCII/raw/objects/reaction_adventurer.txt	834	TAN_LEATHER_ADV	1	ADV_LEATHER	UNROTTEN	
https://dffd.bay12games.com/file.php?id=11310	https://dffd.bay12games.com/download.php?f=DF+Wanderer+R20a+ASCII.zip&id=11310	R20a	DF Wanderer R20a ASCII/raw/objects/reaction_adventurer.txt	835	TAN_LEATHER_ADV	1	ADV_LEATHER	HAS_MATERIAL_REACTION_PRODUCT	TAN_MAT
https://dffd.bay12games.com/file.php?id=11310	https://dffd.bay12games.com/download.php?f=DF+Wanderer+R20a+ASCII.zip&id=11310	R20a	DF Wanderer R20a ASCII/raw/objects/reaction_adventurer.txt	836	TAN_LEATHER_ADV	1	ADV_LEATHER	REAGENT	tool:1:NONE:NONE:NONE:NONE
https://dffd.bay12games.com/file.php?id=11310	https://dffd.bay12games.com/download.php?f=DF+Wanderer+R20a+ASCII.zip&id=11310	R20a	DF Wanderer R20a ASCII/raw/objects/reaction_adventurer.txt	837	TAN_LEATHER_ADV	1	ADV_LEATHER	PRESERVE_REAGENT	
https://dffd.bay12games.com/file.php?id=11310	https://dffd.bay12games.com/download.php?f=DF+Wanderer+R20a+ASCII.zip&id=11310	R20a	DF Wanderer R20a ASCII/raw/objects/reaction_adventurer.txt	837	TAN_LEATHER_ADV	1	ADV_LEATHER	HAS_EDGE	
https://dffd.bay12games.com/file.php?id=11310	https://dffd.bay12games.com/download.php?f=DF+Wanderer+R20a+ASCII.zip&id=11310	R20a	DF Wanderer R20a ASCII/raw/objects/reaction_adventurer.txt	838	TAN_LEATHER_ADV	1	ADV_LEATHER	PRODUCT	100:2:SKIN_TANNED:NONE:GET_MATERIAL_FROM_REAGENT:raw skin:TAN_MAT
https://dffd.bay12games.com/file.php?id=11310	https://dffd.bay12games.com/download.php?f=DF+Wanderer+R20a+ASCII.zip&id=11310	R20a	DF Wanderer R20a ASCII/raw/objects/reaction_adventurer.txt	839	TAN_LEATHER_ADV	1	ADV_LEATHER	SKILL	TANNER
https://dffd.bay12games.com/file.php?id=11310	https://dffd.bay12games.com/download.php?f=DF+Wanderer+R20a+ASCII.zip&id=11310	R20a	DF Wanderer R20a ASCII/raw/objects/reaction_adventurer.txt	840	TAN_LEATHER_ADV	1	ADV_LEATHER	CATEGORY	ADV_LEATHER
https://dffd.bay12games.com/file.php?id=11310	https://dffd.bay12games.com/download.php?f=DF+Wanderer+R20a+ASCII.zip&id=11310	R20a	DF Wanderer R20a ASCII/raw/objects/reaction_adventurer.txt	841	TAN_LEATHER_ADV	1	ADV_LEATHER	CATEGORY_NAME	Leatherworking
https://dffd.bay12games.com/file.php?id=11310	https://dffd.bay12games.com/download.php?f=DF+Wanderer+R20a+ASCII.zip&id=11310	R20a	DF Wanderer R20a ASCII/raw/objects/reaction_adventurer.txt	842	TAN_LEATHER_ADV	1	ADV_LEATHER	CATEGORY_DESCRIPTION	Make leather clothing and shields.
https://dffd.bay12games.com/file.php?id=11310	https://dffd.bay12games.com/download.php?f=DF+Wanderer+R20a+ASCII.zip&id=11310	R20a	DF Wanderer R20a ASCII/raw/objects/reaction_adventurer.txt	844	SEW_LEATHER_SHIELD_BONE_ADV	1	ADV_LEATHER	REACTION	SEW_LEATHER_SHIELD_BONE_ADV
https://dffd.bay12games.com/file.php?id=11310	https://dffd.bay12games.com/download.php?f=DF+Wanderer+R20a+ASCII.zip&id=11310	R20a	DF Wanderer R20a ASCII/raw/objects/reaction_adventurer.txt	845	SEW_LEATHER_SHIELD_BONE_ADV	1	ADV_LEATHER	NAME	Sew leather/bone shield
https://dffd.bay12games.com/file.php?id=11310	https://dffd.bay12games.com/download.php?f=DF+Wanderer+R20a+ASCII.zip&id=11310	R20a	DF Wanderer R20a ASCII/raw/objects/reaction_adventurer.txt	846	SEW_LEATHER_SHIELD_BONE_ADV	1	ADV_LEATHER	ADVENTURE_MODE_ENABLED	
https://dffd.bay12games.com/file.php?id=11310	https://dffd.bay12games.com/download.php?f=DF+Wanderer+R20a+ASCII.zip&id=11310	R20a	DF Wanderer R20a ASCII/raw/objects/reaction_adventurer.txt	847	SEW_LEATHER_SHIELD_BONE_ADV	1	ADV_LEATHER	BUILDING	CARPENTER:NONE
https://dffd.bay12games.com/file.php?id=11310	https://dffd.bay12games.com/download.php?f=DF+Wanderer+R20a+ASCII.zip&id=11310	R20a	DF Wanderer R20a ASCII/raw/objects/reaction_adventurer.txt	848	SEW_LEATHER_SHIELD_BONE_ADV	1	ADV_LEATHER	REAGENT	leather:1:SKIN_TANNED:NONE:NONE:NONE
https://dffd.bay12games.com/file.php?id=11310	https://dffd.bay12games.com/download.php?f=DF+Wanderer+R20a+ASCII.zip&id=11310	R20a	DF Wanderer R20a ASCII/raw/objects/reaction_adventurer.txt	849	SEW_LEATHER_SHIELD_BONE_ADV	1	ADV_LEATHER	REAGENT	bone:1:NONE:NONE:NONE:NONE
https://dffd.bay12games.com/file.php?id=11310	https://dffd.bay12games.com/download.php?f=DF+Wanderer+R20a+ASCII.zip&id=11310	R20a	DF Wanderer R20a ASCII/raw/objects/reaction_adventurer.txt	849	SEW_LEATHER_SHIELD_BONE_ADV	1	ADV_LEATHER	USE_BODY_COMPONENT	
https://dffd.bay12games.com/file.php?id=11310	https://dffd.bay12games.com/download.php?f=DF+Wanderer+R20a+ASCII.zip&id=11310	R20a	DF Wanderer R20a ASCII/raw/objects/reaction_adventurer.txt	849	SEW_LEATHER_SHIELD_BONE_ADV	1	ADV_LEATHER	ANY_BONE_MATERIAL	
https://dffd.bay12games.com/file.php?id=11310	https://dffd.bay12games.com/download.php?f=DF+Wanderer+R20a+ASCII.zip&id=11310	R20a	DF Wanderer R20a ASCII/raw/objects/reaction_adventurer.txt	850	SEW_LEATHER_SHIELD_BONE_ADV	1	ADV_LEATHER	PRODUCT	100:1:SHIELD:ITEM_SHIELD_SHIELD:GET_MATERIAL_FROM_REAGENT:leather:NONE
https://dffd.bay12games.com/file.php?id=11310	https://dffd.bay12games.com/download.php?f=DF+Wanderer+R20a+ASCII.zip&id=11310	R20a	DF Wanderer R20a ASCII/raw/objects/reaction_adventurer.txt	851	SEW_LEATHER_SHIELD_BONE_ADV	1	ADV_LEATHER	SKILL	LEATHERWORK
https://dffd.bay12games.com/file.php?id=11310	https://dffd.bay12games.com/download.php?f=DF+Wanderer+R20a+ASCII.zip&id=11310	R20a	DF Wanderer R20a ASCII/raw/objects/reaction_adventurer.txt	852	SEW_LEATHER_SHIELD_BONE_ADV	1	ADV_LEATHER	CATEGORY	ADV_LEATHER
https://dffd.bay12games.com/file.php?id=11310	https://dffd.bay12games.com/download.php?f=DF+Wanderer+R20a+ASCII.zip&id=11310	R20a	DF Wanderer R20a ASCII/raw/objects/reaction_adventurer.txt	854	SEW_LEATHER_SHIELD_WOOD_ADV	1	ADV_LEATHER	REACTION	SEW_LEATHER_SHIELD_WOOD_ADV
https://dffd.bay12games.com/file.php?id=11310	https://dffd.bay12games.com/download.php?f=DF+Wanderer+R20a+ASCII.zip&id=11310	R20a	DF Wanderer R20a ASCII/raw/objects/reaction_adventurer.txt	855	SEW_LEATHER_SHIELD_WOOD_ADV	1	ADV_LEATHER	NAME	Sew leather/wooden shield
https://dffd.bay12games.com/file.php?id=11310	https://dffd.bay12games.com/download.php?f=DF+Wanderer+R20a+ASCII.zip&id=11310	R20a	DF Wanderer R20a ASCII/raw/objects/reaction_adventurer.txt	856	SEW_LEATHER_SHIELD_WOOD_ADV	1	ADV_LEATHER	ADVENTURE_MODE_ENABLED	
https://dffd.bay12games.com/file.php?id=11310	https://dffd.bay12games.com/download.php?f=DF+Wanderer+R20a+ASCII.zip&id=11310	R20a	DF Wanderer R20a ASCII/raw/objects/reaction_adventurer.txt	857	SEW_LEATHER_SHIELD_WOOD_ADV	1	ADV_LEATHER	BUILDING	CARPENTER:NONE
https://dffd.bay12games.com/file.php?id=11310	https://dffd.bay12games.com/download.php?f=DF+Wanderer+R20a+ASCII.zip&id=11310	R20a	DF Wanderer R20a ASCII/raw/objects/reaction_adventurer.txt	858	SEW_LEATHER_SHIELD_WOOD_ADV	1	ADV_LEATHER	REAGENT	leather:1:SKIN_TANNED:NONE:NONE:NONE
https://dffd.bay12games.com/file.php?id=11310	https://dffd.bay12games.com/download.php?f=DF+Wanderer+R20a+ASCII.zip&id=11310	R20a	DF Wanderer R20a ASCII/raw/objects/reaction_adventurer.txt	859	SEW_LEATHER_SHIELD_WOOD_ADV	1	ADV_LEATHER	REAGENT	stick:1:TOOL:ITEM_TOOL_STICK:NONE:NONE
https://dffd.bay12games.com/file.php?id=11310	https://dffd.bay12games.com/download.php?f=DF+Wanderer+R20a+ASCII.zip&id=11310	R20a	DF Wanderer R20a ASCII/raw/objects/reaction_adventurer.txt	860	SEW_LEATHER_SHIELD_WOOD_ADV	1	ADV_LEATHER	PRODUCT	100:1:SHIELD:ITEM_SHIELD_SHIELD:GET_MATERIAL_FROM_REAGENT:leather:NONE
https://dffd.bay12games.com/file.php?id=11310	https://dffd.bay12games.com/download.php?f=DF+Wanderer+R20a+ASCII.zip&id=11310	R20a	DF Wanderer R20a ASCII/raw/objects/reaction_adventurer.txt	861	SEW_LEATHER_SHIELD_WOOD_ADV	1	ADV_LEATHER	SKILL	LEATHERWORK
https://dffd.bay12games.com/file.php?id=11310	https://dffd.bay12games.com/download.php?f=DF+Wanderer+R20a+ASCII.zip&id=11310	R20a	DF Wanderer R20a ASCII/raw/objects/reaction_adventurer.txt	862	SEW_LEATHER_SHIELD_WOOD_ADV	1	ADV_LEATHER	CATEGORY	ADV_LEATHER
https://dffd.bay12games.com/file.php?id=11310	https://dffd.bay12games.com/download.php?f=DF+Wanderer+R20a+ASCII.zip&id=11310	R20a	DF Wanderer R20a ASCII/raw/objects/reaction_adventurer.txt	864	SEW_LEATHER_BACKPACK_ADV	1	ADV_LEATHER	REACTION	SEW_LEATHER_BACKPACK_ADV
https://dffd.bay12games.com/file.php?id=11310	https://dffd.bay12games.com/download.php?f=DF+Wanderer+R20a+ASCII.zip&id=11310	R20a	DF Wanderer R20a ASCII/raw/objects/reaction_adventurer.txt	865	SEW_LEATHER_BACKPACK_ADV	1	ADV_LEATHER	NAME	sew leather backpack
https://dffd.bay12games.com/file.php?id=11310	https://dffd.bay12games.com/download.php?f=DF+Wanderer+R20a+ASCII.zip&id=11310	R20a	DF Wanderer R20a ASCII/raw/objects/reaction_adventurer.txt	866	SEW_LEATHER_BACKPACK_ADV	1	ADV_LEATHER	ADVENTURE_MODE_ENABLED	
https://dffd.bay12games.com/file.php?id=11310	https://dffd.bay12games.com/download.php?f=DF+Wanderer+R20a+ASCII.zip&id=11310	R20a	DF Wanderer R20a ASCII/raw/objects/reaction_adventurer.txt	867	SEW_LEATHER_BACKPACK_ADV	1	ADV_LEATHER	BUILDING	CARPENTER:NONE
https://dffd.bay12games.com/file.php?id=11310	https://dffd.bay12games.com/download.php?f=DF+Wanderer+R20a+ASCII.zip&id=11310	R20a	DF Wanderer R20a ASCII/raw/objects/reaction_adventurer.txt	868	SEW_LEATHER_BACKPACK_ADV	1	ADV_LEATHER	REAGENT	leather:1:SKIN_TANNED:NONE:NONE:NONE
https://dffd.bay12games.com/file.php?id=11310	https://dffd.bay12games.com/download.php?f=DF+Wanderer+R20a+ASCII.zip&id=11310	R20a	DF Wanderer R20a ASCII/raw/objects/reaction_adventurer.txt	869	SEW_LEATHER_BACKPACK_ADV	1	ADV_LEATHER	REAGENT	padding:1:SKIN_TANNED:NONE:NONE:NONE
https://dffd.bay12games.com/file.php?id=11310	https://dffd.bay12games.com/download.php?f=DF+Wanderer+R20a+ASCII.zip&id=11310	R20a	DF Wanderer R20a ASCII/raw/objects/reaction_adventurer.txt	870	SEW_LEATHER_BACKPACK_ADV	1	ADV_LEATHER	REAGENT	cover:1:SKIN_TANNED:NONE:NONE:NONE
https://dffd.bay12games.com/file.php?id=11310	https://dffd.bay12games.com/download.php?f=DF+Wanderer+R20a+ASCII.zip&id=11310	R20a	DF Wanderer R20a ASCII/raw/objects/reaction_adventurer.txt	871	SEW_LEATHER_BACKPACK_ADV	1	ADV_LEATHER	PRODUCT	100:1:BACKPACK:NONE:GET_MATERIAL_FROM_REAGENT:leather:NONE
https://dffd.bay12games.com/file.php?id=11310	https://dffd.bay12games.com/download.php?f=DF+Wanderer+R20a+ASCII.zip&id=11310	R20a	DF Wanderer R20a ASCII/raw/objects/reaction_adventurer.txt	872	SEW_LEATHER_BACKPACK_ADV	1	ADV_LEATHER	SKILL	LEATHERWORK
https://dffd.bay12games.com/file.php?id=11310	https://dffd.bay12games.com/download.php?f=DF+Wanderer+R20a+ASCII.zip&id=11310	R20a	DF Wanderer R20a ASCII/raw/objects/reaction_adventurer.txt	873	SEW_LEATHER_BACKPACK_ADV	1	ADV_LEATHER	CATEGORY	ADV_LEATHER
https://dffd.bay12games.com/file.php?id=11310	https://dffd.bay12games.com/download.php?f=DF+Wanderer+R20a+ASCII.zip&id=11310	R20a	DF Wanderer R20a ASCII/raw/objects/reaction_adventurer.txt	875	SEW_LEATHER_CLOAK_ADV	1	ADV_LEATHER	REACTION	SEW_LEATHER_CLOAK_ADV
https://dffd.bay12games.com/file.php?id=11310	https://dffd.bay12games.com/download.php?f=DF+Wanderer+R20a+ASCII.zip&id=11310	R20a	DF Wanderer R20a ASCII/raw/objects/reaction_adventurer.txt	876	SEW_LEATHER_CLOAK_ADV	1	ADV_LEATHER	NAME	sew leather cloak
https://dffd.bay12games.com/file.php?id=11310	https://dffd.bay12games.com/download.php?f=DF+Wanderer+R20a+ASCII.zip&id=11310	R20a	DF Wanderer R20a ASCII/raw/objects/reaction_adventurer.txt	877	SEW_LEATHER_CLOAK_ADV	1	ADV_LEATHER	ADVENTURE_MODE_ENABLED	
https://dffd.bay12games.com/file.php?id=11310	https://dffd.bay12games.com/download.php?f=DF+Wanderer+R20a+ASCII.zip&id=11310	R20a	DF Wanderer R20a ASCII/raw/objects/reaction_adventurer.txt	878	SEW_LEATHER_CLOAK_ADV	1	ADV_LEATHER	BUILDING	CARPENTER:NONE
https://dffd.bay12games.com/file.php?id=11310	https://dffd.bay12games.com/download.php?f=DF+Wanderer+R20a+ASCII.zip&id=11310	R20a	DF Wanderer R20a ASCII/raw/objects/reaction_adventurer.txt	879	SEW_LEATHER_CLOAK_ADV	1	ADV_LEATHER	REAGENT	leather:1:SKIN_TANNED:NONE:NONE:NONE
https://dffd.bay12games.com/file.php?id=11310	https://dffd.bay12games.com/download.php?f=DF+Wanderer+R20a+ASCII.zip&id=11310	R20a	DF Wanderer R20a ASCII/raw/objects/reaction_adventurer.txt	880	SEW_LEATHER_CLOAK_ADV	1	ADV_LEATHER	PRODUCT	100:1:ARMOR:ITEM_ARMOR_CLOAK:GET_MATERIAL_FROM_REAGENT:leather:NONE
https://dffd.bay12games.com/file.php?id=11310	https://dffd.bay12games.com/download.php?f=DF+Wanderer+R20a+ASCII.zip&id=11310	R20a	DF Wanderer R20a ASCII/raw/objects/reaction_adventurer.txt	881	SEW_LEATHER_CLOAK_ADV	1	ADV_LEATHER	SKILL	LEATHERWORK
https://dffd.bay12games.com/file.php?id=11310	https://dffd.bay12games.com/download.php?f=DF+Wanderer+R20a+ASCII.zip&id=11310	R20a	DF Wanderer R20a ASCII/raw/objects/reaction_adventurer.txt	882	SEW_LEATHER_CLOAK_ADV	1	ADV_LEATHER	CATEGORY	ADV_LEATHER
https://dffd.bay12games.com/file.php?id=11310	https://dffd.bay12games.com/download.php?f=DF+Wanderer+R20a+ASCII.zip&id=11310	R20a	DF Wanderer R20a ASCII/raw/objects/reaction_adventurer.txt	884	SEW_LEATHER_ARMOR_ADV	1	ADV_LEATHER	REACTION	SEW_LEATHER_ARMOR_ADV
https://dffd.bay12games.com/file.php?id=11310	https://dffd.bay12games.com/download.php?f=DF+Wanderer+R20a+ASCII.zip&id=11310	R20a	DF Wanderer R20a ASCII/raw/objects/reaction_adventurer.txt	885	SEW_LEATHER_ARMOR_ADV	1	ADV_LEATHER	NAME	sew leather armor
https://dffd.bay12games.com/file.php?id=11310	https://dffd.bay12games.com/download.php?f=DF+Wanderer+R20a+ASCII.zip&id=11310	R20a	DF Wanderer R20a ASCII/raw/objects/reaction_adventurer.txt	886	SEW_LEATHER_ARMOR_ADV	1	ADV_LEATHER	ADVENTURE_MODE_ENABLED	
https://dffd.bay12games.com/file.php?id=11310	https://dffd.bay12games.com/download.php?f=DF+Wanderer+R20a+ASCII.zip&id=11310	R20a	DF Wanderer R20a ASCII/raw/objects/reaction_adventurer.txt	887	SEW_LEATHER_ARMOR_ADV	1	ADV_LEATHER	BUILDING	CARPENTER:NONE
https://dffd.bay12games.com/file.php?id=11310	https://dffd.bay12games.com/download.php?f=DF+Wanderer+R20a+ASCII.zip&id=11310	R20a	DF Wanderer R20a ASCII/raw/objects/reaction_adventurer.txt	888	SEW_LEATHER_ARMOR_ADV	1	ADV_LEATHER	REAGENT	leather:1:SKIN_TANNED:NONE:NONE:NONE
https://dffd.bay12games.com/file.php?id=11310	https://dffd.bay12games.com/download.php?f=DF+Wanderer+R20a+ASCII.zip&id=11310	R20a	DF Wanderer R20a ASCII/raw/objects/reaction_adventurer.txt	889	SEW_LEATHER_ARMOR_ADV	1	ADV_LEATHER	REAGENT	padding:1:SKIN_TANNED:NONE:NONE:NONE
https://dffd.bay12games.com/file.php?id=11310	https://dffd.bay12games.com/download.php?f=DF+Wanderer+R20a+ASCII.zip&id=11310	R20a	DF Wanderer R20a ASCII/raw/objects/reaction_adventurer.txt	890	SEW_LEATHER_ARMOR_ADV	1	ADV_LEATHER	PRODUCT	100:1:ARMOR:ITEM_ARMOR_LEATHER:GET_MATERIAL_FROM_REAGENT:leather:NONE
https://dffd.bay12games.com/file.php?id=11310	https://dffd.bay12games.com/download.php?f=DF+Wanderer+R20a+ASCII.zip&id=11310	R20a	DF Wanderer R20a ASCII/raw/objects/reaction_adventurer.txt	891	SEW_LEATHER_ARMOR_ADV	1	ADV_LEATHER	SKILL	LEATHERWORK
https://dffd.bay12games.com/file.php?id=11310	https://dffd.bay12games.com/download.php?f=DF+Wanderer+R20a+ASCII.zip&id=11310	R20a	DF Wanderer R20a ASCII/raw/objects/reaction_adventurer.txt	892	SEW_LEATHER_ARMOR_ADV	1	ADV_LEATHER	CATEGORY	ADV_LEATHER
https://dffd.bay12games.com/file.php?id=11310	https://dffd.bay12games.com/download.php?f=DF+Wanderer+R20a+ASCII.zip&id=11310	R20a	DF Wanderer R20a ASCII/raw/objects/reaction_adventurer.txt	894	SEW_LEATHER_CAP_ADV	1	ADV_LEATHER	REACTION	SEW_LEATHER_CAP_ADV
https://dffd.bay12games.com/file.php?id=11310	https://dffd.bay12games.com/download.php?f=DF+Wanderer+R20a+ASCII.zip&id=11310	R20a	DF Wanderer R20a ASCII/raw/objects/reaction_adventurer.txt	895	SEW_LEATHER_CAP_ADV	1	ADV_LEATHER	NAME	sew leather cap
https://dffd.bay12games.com/file.php?id=11310	https://dffd.bay12games.com/download.php?f=DF+Wanderer+R20a+ASCII.zip&id=11310	R20a	DF Wanderer R20a ASCII/raw/objects/reaction_adventurer.txt	896	SEW_LEATHER_CAP_ADV	1	ADV_LEATHER	ADVENTURE_MODE_ENABLED	
https://dffd.bay12games.com/file.php?id=11310	https://dffd.bay12games.com/download.php?f=DF+Wanderer+R20a+ASCII.zip&id=11310	R20a	DF Wanderer R20a ASCII/raw/objects/reaction_adventurer.txt	897	SEW_LEATHER_CAP_ADV	1	ADV_LEATHER	BUILDING	CARPENTER:NONE
https://dffd.bay12games.com/file.php?id=11310	https://dffd.bay12games.com/download.php?f=DF+Wanderer+R20a+ASCII.zip&id=11310	R20a	DF Wanderer R20a ASCII/raw/objects/reaction_adventurer.txt	898	SEW_LEATHER_CAP_ADV	1	ADV_LEATHER	REAGENT	leather:1:SKIN_TANNED:NONE:NONE:NONE
https://dffd.bay12games.com/file.php?id=11310	https://dffd.bay12games.com/download.php?f=DF+Wanderer+R20a+ASCII.zip&id=11310	R20a	DF Wanderer R20a ASCII/raw/objects/reaction_adventurer.txt	899	SEW_LEATHER_CAP_ADV	1	ADV_LEATHER	PRODUCT	100:1:HELM:ITEM_HELM_CAP:GET_MATERIAL_FROM_REAGENT:leather:NONE
https://dffd.bay12games.com/file.php?id=11310	https://dffd.bay12games.com/download.php?f=DF+Wanderer+R20a+ASCII.zip&id=11310	R20a	DF Wanderer R20a ASCII/raw/objects/reaction_adventurer.txt	900	SEW_LEATHER_CAP_ADV	1	ADV_LEATHER	SKILL	LEATHERWORK
https://dffd.bay12games.com/file.php?id=11310	https://dffd.bay12games.com/download.php?f=DF+Wanderer+R20a+ASCII.zip&id=11310	R20a	DF Wanderer R20a ASCII/raw/objects/reaction_adventurer.txt	901	SEW_LEATHER_CAP_ADV	1	ADV_LEATHER	CATEGORY	ADV_LEATHER
https://dffd.bay12games.com/file.php?id=11310	https://dffd.bay12games.com/download.php?f=DF+Wanderer+R20a+ASCII.zip&id=11310	R20a	DF Wanderer R20a ASCII/raw/objects/reaction_adventurer.txt	903	SEW_LEATHER_BOOTS_HIGH_ADV	1	ADV_LEATHER	REACTION	SEW_LEATHER_BOOTS_HIGH_ADV
https://dffd.bay12games.com/file.php?id=11310	https://dffd.bay12games.com/download.php?f=DF+Wanderer+R20a+ASCII.zip&id=11310	R20a	DF Wanderer R20a ASCII/raw/objects/reaction_adventurer.txt	904	SEW_LEATHER_BOOTS_HIGH_ADV	1	ADV_LEATHER	NAME	sew leather high boots
https://dffd.bay12games.com/file.php?id=11310	https://dffd.bay12games.com/download.php?f=DF+Wanderer+R20a+ASCII.zip&id=11310	R20a	DF Wanderer R20a ASCII/raw/objects/reaction_adventurer.txt	905	SEW_LEATHER_BOOTS_HIGH_ADV	1	ADV_LEATHER	DESCRIPTION	(Needle + 2 leather) Make high boots.
https://dffd.bay12games.com/file.php?id=11310	https://dffd.bay12games.com/download.php?f=DF+Wanderer+R20a+ASCII.zip&id=11310	R20a	DF Wanderer R20a ASCII/raw/objects/reaction_adventurer.txt	906	SEW_LEATHER_BOOTS_HIGH_ADV	1	ADV_LEATHER	ADVENTURE_MODE_ENABLED	
https://dffd.bay12games.com/file.php?id=11310	https://dffd.bay12games.com/download.php?f=DF+Wanderer+R20a+ASCII.zip&id=11310	R20a	DF Wanderer R20a ASCII/raw/objects/reaction_adventurer.txt	907	SEW_LEATHER_BOOTS_HIGH_ADV	1	ADV_LEATHER	BUILDING	CARPENTER:NONE
https://dffd.bay12games.com/file.php?id=11310	https://dffd.bay12games.com/download.php?f=DF+Wanderer+R20a+ASCII.zip&id=11310	R20a	DF Wanderer R20a ASCII/raw/objects/reaction_adventurer.txt	908	SEW_LEATHER_BOOTS_HIGH_ADV	1	ADV_LEATHER	REAGENT	leather:2:SKIN_TANNED:NONE:NONE:NONE
https://dffd.bay12games.com/file.php?id=11310	https://dffd.bay12games.com/download.php?f=DF+Wanderer+R20a+ASCII.zip&id=11310	R20a	DF Wanderer R20a ASCII/raw/objects/reaction_adventurer.txt	909	SEW_LEATHER_BOOTS_HIGH_ADV	1	ADV_LEATHER	PRODUCT	100:2:SHOES:ITEM_SHOES_BOOTS:GET_MATERIAL_FROM_REAGENT:leather:NONE
https://dffd.bay12games.com/file.php?id=11310	https://dffd.bay12games.com/download.php?f=DF+Wanderer+R20a+ASCII.zip&id=11310	R20a	DF Wanderer R20a ASCII/raw/objects/reaction_adventurer.txt	910	SEW_LEATHER_BOOTS_HIGH_ADV	1	ADV_LEATHER	SKILL	LEATHERWORK
https://dffd.bay12games.com/file.php?id=11310	https://dffd.bay12games.com/download.php?f=DF+Wanderer+R20a+ASCII.zip&id=11310	R20a	DF Wanderer R20a ASCII/raw/objects/reaction_adventurer.txt	911	SEW_LEATHER_BOOTS_HIGH_ADV	1	ADV_LEATHER	CATEGORY	ADV_LEATHER
https://dffd.bay12games.com/file.php?id=11310	https://dffd.bay12games.com/download.php?f=DF+Wanderer+R20a+ASCII.zip&id=11310	R20a	DF Wanderer R20a ASCII/raw/objects/reaction_adventurer.txt	913	SEW_LEATHER_BOOTS_ADV	1	ADV_LEATHER	REACTION	SEW_LEATHER_BOOTS_ADV
https://dffd.bay12games.com/file.php?id=11310	https://dffd.bay12games.com/download.php?f=DF+Wanderer+R20a+ASCII.zip&id=11310	R20a	DF Wanderer R20a ASCII/raw/objects/reaction_adventurer.txt	914	SEW_LEATHER_BOOTS_ADV	1	ADV_LEATHER	NAME	sew leather low boots
https://dffd.bay12games.com/file.php?id=11310	https://dffd.bay12games.com/download.php?f=DF+Wanderer+R20a+ASCII.zip&id=11310	R20a	DF Wanderer R20a ASCII/raw/objects/reaction_adventurer.txt	915	SEW_LEATHER_BOOTS_ADV	1	ADV_LEATHER	ADVENTURE_MODE_ENABLED	
https://dffd.bay12games.com/file.php?id=11310	https://dffd.bay12games.com/download.php?f=DF+Wanderer+R20a+ASCII.zip&id=11310	R20a	DF Wanderer R20a ASCII/raw/objects/reaction_adventurer.txt	916	SEW_LEATHER_BOOTS_ADV	1	ADV_LEATHER	BUILDING	CARPENTER:NONE
https://dffd.bay12games.com/file.php?id=11310	https://dffd.bay12games.com/download.php?f=DF+Wanderer+R20a+ASCII.zip&id=11310	R20a	DF Wanderer R20a ASCII/raw/objects/reaction_adventurer.txt	917	SEW_LEATHER_BOOTS_ADV	1	ADV_LEATHER	REAGENT	leather:1:SKIN_TANNED:NONE:NONE:NONE
https://dffd.bay12games.com/file.php?id=11310	https://dffd.bay12games.com/download.php?f=DF+Wanderer+R20a+ASCII.zip&id=11310	R20a	DF Wanderer R20a ASCII/raw/objects/reaction_adventurer.txt	918	SEW_LEATHER_BOOTS_ADV	1	ADV_LEATHER	PRODUCT	100:2:SHOES:ITEM_SHOES_BOOTS_LOW:GET_MATERIAL_FROM_REAGENT:leather:NONE
https://dffd.bay12games.com/file.php?id=11310	https://dffd.bay12games.com/download.php?f=DF+Wanderer+R20a+ASCII.zip&id=11310	R20a	DF Wanderer R20a ASCII/raw/objects/reaction_adventurer.txt	919	SEW_LEATHER_BOOTS_ADV	1	ADV_LEATHER	SKILL	LEATHERWORK
https://dffd.bay12games.com/file.php?id=11310	https://dffd.bay12games.com/download.php?f=DF+Wanderer+R20a+ASCII.zip&id=11310	R20a	DF Wanderer R20a ASCII/raw/objects/reaction_adventurer.txt	920	SEW_LEATHER_BOOTS_ADV	1	ADV_LEATHER	CATEGORY	ADV_LEATHER
https://dffd.bay12games.com/file.php?id=11310	https://dffd.bay12games.com/download.php?f=DF+Wanderer+R20a+ASCII.zip&id=11310	R20a	DF Wanderer R20a ASCII/raw/objects/reaction_adventurer.txt	922	SEW_LEATHER_FLASK_ADV	1	ADV_LEATHER	REACTION	SEW_LEATHER_FLASK_ADV
https://dffd.bay12games.com/file.php?id=11310	https://dffd.bay12games.com/download.php?f=DF+Wanderer+R20a+ASCII.zip&id=11310	R20a	DF Wanderer R20a ASCII/raw/objects/reaction_adventurer.txt	923	SEW_LEATHER_FLASK_ADV	1	ADV_LEATHER	NAME	sew leather waterskin
https://dffd.bay12games.com/file.php?id=11310	https://dffd.bay12games.com/download.php?f=DF+Wanderer+R20a+ASCII.zip&id=11310	R20a	DF Wanderer R20a ASCII/raw/objects/reaction_adventurer.txt	924	SEW_LEATHER_FLASK_ADV	1	ADV_LEATHER	ADVENTURE_MODE_ENABLED	
https://dffd.bay12games.com/file.php?id=11310	https://dffd.bay12games.com/download.php?f=DF+Wanderer+R20a+ASCII.zip&id=11310	R20a	DF Wanderer R20a ASCII/raw/objects/reaction_adventurer.txt	925	SEW_LEATHER_FLASK_ADV	1	ADV_LEATHER	BUILDING	CARPENTER:NONE
https://dffd.bay12games.com/file.php?id=11310	https://dffd.bay12games.com/download.php?f=DF+Wanderer+R20a+ASCII.zip&id=11310	R20a	DF Wanderer R20a ASCII/raw/objects/reaction_adventurer.txt	926	SEW_LEATHER_FLASK_ADV	1	ADV_LEATHER	REAGENT	leather:1:SKIN_TANNED:NONE:NONE:NONE
https://dffd.bay12games.com/file.php?id=11310	https://dffd.bay12games.com/download.php?f=DF+Wanderer+R20a+ASCII.zip&id=11310	R20a	DF Wanderer R20a ASCII/raw/objects/reaction_adventurer.txt	927	SEW_LEATHER_FLASK_ADV	1	ADV_LEATHER	PRODUCT	100:1:FLASK:NONE:GET_MATERIAL_FROM_REAGENT:leather:NONE
https://dffd.bay12games.com/file.php?id=11310	https://dffd.bay12games.com/download.php?f=DF+Wanderer+R20a+ASCII.zip&id=11310	R20a	DF Wanderer R20a ASCII/raw/objects/reaction_adventurer.txt	928	SEW_LEATHER_FLASK_ADV	1	ADV_LEATHER	SKILL	LEATHERWORK
https://dffd.bay12games.com/file.php?id=11310	https://dffd.bay12games.com/download.php?f=DF+Wanderer+R20a+ASCII.zip&id=11310	R20a	DF Wanderer R20a ASCII/raw/objects/reaction_adventurer.txt	929	SEW_LEATHER_FLASK_ADV	1	ADV_LEATHER	CATEGORY	ADV_LEATHER
https://dffd.bay12games.com/file.php?id=11310	https://dffd.bay12games.com/download.php?f=DF+Wanderer+R20a+ASCII.zip&id=11310	R20a	DF Wanderer R20a ASCII/raw/objects/reaction_adventurer.txt	933	MAKE_PIGIRON_CHUNKS_ADV	1	ADV_SMELTING	REACTION	MAKE_PIGIRON_CHUNKS_ADV
https://dffd.bay12games.com/file.php?id=11310	https://dffd.bay12games.com/download.php?f=DF+Wanderer+R20a+ASCII.zip&id=11310	R20a	DF Wanderer R20a ASCII/raw/objects/reaction_adventurer.txt	934	MAKE_PIGIRON_CHUNKS_ADV	1	ADV_SMELTING	NAME	make pig iron chunks
https://dffd.bay12games.com/file.php?id=11310	https://dffd.bay12games.com/download.php?f=DF+Wanderer+R20a+ASCII.zip&id=11310	R20a	DF Wanderer R20a ASCII/raw/objects/reaction_adventurer.txt	935	MAKE_PIGIRON_CHUNKS_ADV	1	ADV_SMELTING	ADVENTURE_MODE_ENABLED	
https://dffd.bay12games.com/file.php?id=11310	https://dffd.bay12games.com/download.php?f=DF+Wanderer+R20a+ASCII.zip&id=11310	R20a	DF Wanderer R20a ASCII/raw/objects/reaction_adventurer.txt	936	MAKE_PIGIRON_CHUNKS_ADV	1	ADV_SMELTING	BUILDING	CARPENTER:NONE
https://dffd.bay12games.com/file.php?id=11310	https://dffd.bay12games.com/download.php?f=DF+Wanderer+R20a+ASCII.zip&id=11310	R20a	DF Wanderer R20a ASCII/raw/objects/reaction_adventurer.txt	937	MAKE_PIGIRON_CHUNKS_ADV	1	ADV_SMELTING	REAGENT	chunks:1:TOOL:ITEM_TOOL_CHUNK:INORGANIC:IRON
https://dffd.bay12games.com/file.php?id=11310	https://dffd.bay12games.com/download.php?f=DF+Wanderer+R20a+ASCII.zip&id=11310	R20a	DF Wanderer R20a ASCII/raw/objects/reaction_adventurer.txt	938	MAKE_PIGIRON_CHUNKS_ADV	1	ADV_SMELTING	REAGENT	stick:1:TOOL:ITEM_TOOL_STICK:NONE:NONE
https://dffd.bay12games.com/file.php?id=11310	https://dffd.bay12games.com/download.php?f=DF+Wanderer+R20a+ASCII.zip&id=11310	R20a	DF Wanderer R20a ASCII/raw/objects/reaction_adventurer.txt	939	MAKE_PIGIRON_CHUNKS_ADV	1	ADV_SMELTING	PRODUCT	100:1:TOOL:ITEM_TOOL_CHUNK:INORGANIC:PIG_IRON
https://dffd.bay12games.com/file.php?id=11310	https://dffd.bay12games.com/download.php?f=DF+Wanderer+R20a+ASCII.zip&id=11310	R20a	DF Wanderer R20a ASCII/raw/objects/reaction_adventurer.txt	940	MAKE_PIGIRON_CHUNKS_ADV	1	ADV_SMELTING	SKILL	SMELT
https://dffd.bay12games.com/file.php?id=11310	https://dffd.bay12games.com/download.php?f=DF+Wanderer+R20a+ASCII.zip&id=11310	R20a	DF Wanderer R20a ASCII/raw/objects/reaction_adventurer.txt	941	MAKE_PIGIRON_CHUNKS_ADV	1	ADV_SMELTING	CATEGORY	ADV_SMELTING
https://dffd.bay12games.com/file.php?id=11310	https://dffd.bay12games.com/download.php?f=DF+Wanderer+R20a+ASCII.zip&id=11310	R20a	DF Wanderer R20a ASCII/raw/objects/reaction_adventurer.txt	942	MAKE_PIGIRON_CHUNKS_ADV	1	ADV_SMELTING	CATEGORY_NAME	Smelting
https://dffd.bay12games.com/file.php?id=11310	https://dffd.bay12games.com/download.php?f=DF+Wanderer+R20a+ASCII.zip&id=11310	R20a	DF Wanderer R20a ASCII/raw/objects/reaction_adventurer.txt	943	MAKE_PIGIRON_CHUNKS_ADV	1	ADV_SMELTING	CATEGORY_DESCRIPTION	Make pig iron and steel chunks.
https://dffd.bay12games.com/file.php?id=11310	https://dffd.bay12games.com/download.php?f=DF+Wanderer+R20a+ASCII.zip&id=11310	R20a	DF Wanderer R20a ASCII/raw/objects/reaction_adventurer.txt	945	MAKE_STEEL_CHUNKS_ADV	1	ADV_SMELTING	REACTION	MAKE_STEEL_CHUNKS_ADV
https://dffd.bay12games.com/file.php?id=11310	https://dffd.bay12games.com/download.php?f=DF+Wanderer+R20a+ASCII.zip&id=11310	R20a	DF Wanderer R20a ASCII/raw/objects/reaction_adventurer.txt	946	MAKE_STEEL_CHUNKS_ADV	1	ADV_SMELTING	NAME	make steel chunks
https://dffd.bay12games.com/file.php?id=11310	https://dffd.bay12games.com/download.php?f=DF+Wanderer+R20a+ASCII.zip&id=11310	R20a	DF Wanderer R20a ASCII/raw/objects/reaction_adventurer.txt	947	MAKE_STEEL_CHUNKS_ADV	1	ADV_SMELTING	ADVENTURE_MODE_ENABLED	
https://dffd.bay12games.com/file.php?id=11310	https://dffd.bay12games.com/download.php?f=DF+Wanderer+R20a+ASCII.zip&id=11310	R20a	DF Wanderer R20a ASCII/raw/objects/reaction_adventurer.txt	948	MAKE_STEEL_CHUNKS_ADV	1	ADV_SMELTING	BUILDING	CARPENTER:NONE
https://dffd.bay12games.com/file.php?id=11310	https://dffd.bay12games.com/download.php?f=DF+Wanderer+R20a+ASCII.zip&id=11310	R20a	DF Wanderer R20a ASCII/raw/objects/reaction_adventurer.txt	949	MAKE_STEEL_CHUNKS_ADV	1	ADV_SMELTING	REAGENT	chunks:1:TOOL:ITEM_TOOL_CHUNK:INORGANIC:IRON
https://dffd.bay12games.com/file.php?id=11310	https://dffd.bay12games.com/download.php?f=DF+Wanderer+R20a+ASCII.zip&id=11310	R20a	DF Wanderer R20a ASCII/raw/objects/reaction_adventurer.txt	950	MAKE_STEEL_CHUNKS_ADV	1	ADV_SMELTING	REAGENT	chunks:1:TOOL:ITEM_TOOL_CHUNK:INORGANIC:PIG_IRON
https://dffd.bay12games.com/file.php?id=11310	https://dffd.bay12games.com/download.php?f=DF+Wanderer+R20a+ASCII.zip&id=11310	R20a	DF Wanderer R20a ASCII/raw/objects/reaction_adventurer.txt	951	MAKE_STEEL_CHUNKS_ADV	1	ADV_SMELTING	REAGENT	stick:1:TOOL:ITEM_TOOL_STICK:NONE:NONE
https://dffd.bay12games.com/file.php?id=11310	https://dffd.bay12games.com/download.php?f=DF+Wanderer+R20a+ASCII.zip&id=11310	R20a	DF Wanderer R20a ASCII/raw/objects/reaction_adventurer.txt	952	MAKE_STEEL_CHUNKS_ADV	1	ADV_SMELTING	PRODUCT	100:2:TOOL:ITEM_TOOL_CHUNK:INORGANIC:STEEL
https://dffd.bay12games.com/file.php?id=11310	https://dffd.bay12games.com/download.php?f=DF+Wanderer+R20a+ASCII.zip&id=11310	R20a	DF Wanderer R20a ASCII/raw/objects/reaction_adventurer.txt	953	MAKE_STEEL_CHUNKS_ADV	1	ADV_SMELTING	SKILL	SMELT
https://dffd.bay12games.com/file.php?id=11310	https://dffd.bay12games.com/download.php?f=DF+Wanderer+R20a+ASCII.zip&id=11310	R20a	DF Wanderer R20a ASCII/raw/objects/reaction_adventurer.txt	954	MAKE_STEEL_CHUNKS_ADV	1	ADV_SMELTING	CATEGORY	ADV_SMELTING
https://dffd.bay12games.com/file.php?id=11310	https://dffd.bay12games.com/download.php?f=DF+Wanderer+R20a+ASCII.zip&id=11310	R20a	DF Wanderer R20a ASCII/raw/objects/reaction_adventurer.txt	958	FORGE_ARROWS_ADV	1	ADV_SMITHING_WEAPON	REACTION	FORGE_ARROWS_ADV
https://dffd.bay12games.com/file.php?id=11310	https://dffd.bay12games.com/download.php?f=DF+Wanderer+R20a+ASCII.zip&id=11310	R20a	DF Wanderer R20a ASCII/raw/objects/reaction_adventurer.txt	959	FORGE_ARROWS_ADV	1	ADV_SMITHING_WEAPON	NAME	forge arrows
https://dffd.bay12games.com/file.php?id=11310	https://dffd.bay12games.com/download.php?f=DF+Wanderer+R20a+ASCII.zip&id=11310	R20a	DF Wanderer R20a ASCII/raw/objects/reaction_adventurer.txt	960	FORGE_ARROWS_ADV	1	ADV_SMITHING_WEAPON	ADVENTURE_MODE_ENABLED	
https://dffd.bay12games.com/file.php?id=11310	https://dffd.bay12games.com/download.php?f=DF+Wanderer+R20a+ASCII.zip&id=11310	R20a	DF Wanderer R20a ASCII/raw/objects/reaction_adventurer.txt	961	FORGE_ARROWS_ADV	1	ADV_SMITHING_WEAPON	BUILDING	CARPENTER:NONE
https://dffd.bay12games.com/file.php?id=11310	https://dffd.bay12games.com/download.php?f=DF+Wanderer+R20a+ASCII.zip&id=11310	R20a	DF Wanderer R20a ASCII/raw/objects/reaction_adventurer.txt	962	FORGE_ARROWS_ADV	1	ADV_SMITHING_WEAPON	REAGENT	chunk:1:TOOL:ITEM_TOOL_CHUNK:NONE:NONE
https://dffd.bay12games.com/file.php?id=11310	https://dffd.bay12games.com/download.php?f=DF+Wanderer+R20a+ASCII.zip&id=11310	R20a	DF Wanderer R20a ASCII/raw/objects/reaction_adventurer.txt	962	FORGE_ARROWS_ADV	1	ADV_SMITHING_WEAPON	REACTION_CLASS	METAL
https://dffd.bay12games.com/file.php?id=11310	https://dffd.bay12games.com/download.php?f=DF+Wanderer+R20a+ASCII.zip&id=11310	R20a	DF Wanderer R20a ASCII/raw/objects/reaction_adventurer.txt	963	FORGE_ARROWS_ADV	1	ADV_SMITHING_WEAPON	PRODUCT	100:25:AMMO:ITEM_AMMO_ARROWS:GET_MATERIAL_FROM_REAGENT:chunk:NONE
https://dffd.bay12games.com/file.php?id=11310	https://dffd.bay12games.com/download.php?f=DF+Wanderer+R20a+ASCII.zip&id=11310	R20a	DF Wanderer R20a ASCII/raw/objects/reaction_adventurer.txt	964	FORGE_ARROWS_ADV	1	ADV_SMITHING_WEAPON	SKILL	FORGE_WEAPON
https://dffd.bay12games.com/file.php?id=11310	https://dffd.bay12games.com/download.php?f=DF+Wanderer+R20a+ASCII.zip&id=11310	R20a	DF Wanderer R20a ASCII/raw/objects/reaction_adventurer.txt	965	FORGE_ARROWS_ADV	1	ADV_SMITHING_WEAPON	CATEGORY	ADV_SMITHING_WEAPON
https://dffd.bay12games.com/file.php?id=11310	https://dffd.bay12games.com/download.php?f=DF+Wanderer+R20a+ASCII.zip&id=11310	R20a	DF Wanderer R20a ASCII/raw/objects/reaction_adventurer.txt	966	FORGE_ARROWS_ADV	1	ADV_SMITHING_WEAPON	CATEGORY_NAME	Smithing ammo and weapons
https://dffd.bay12games.com/file.php?id=11310	https://dffd.bay12games.com/download.php?f=DF+Wanderer+R20a+ASCII.zip&id=11310	R20a	DF Wanderer R20a ASCII/raw/objects/reaction_adventurer.txt	967	FORGE_ARROWS_ADV	1	ADV_SMITHING_WEAPON	CATEGORY_DESCRIPTION	Make metal ammo and weapons from metal chunks.
https://dffd.bay12games.com/file.php?id=11310	https://dffd.bay12games.com/download.php?f=DF+Wanderer+R20a+ASCII.zip&id=11310	R20a	DF Wanderer R20a ASCII/raw/objects/reaction_adventurer.txt	969	FORGE_BOLTS_ADV	1	ADV_SMITHING_WEAPON	REACTION	FORGE_BOLTS_ADV
https://dffd.bay12games.com/file.php?id=11310	https://dffd.bay12games.com/download.php?f=DF+Wanderer+R20a+ASCII.zip&id=11310	R20a	DF Wanderer R20a ASCII/raw/objects/reaction_adventurer.txt	970	FORGE_BOLTS_ADV	1	ADV_SMITHING_WEAPON	NAME	forge bolts
https://dffd.bay12games.com/file.php?id=11310	https://dffd.bay12games.com/download.php?f=DF+Wanderer+R20a+ASCII.zip&id=11310	R20a	DF Wanderer R20a ASCII/raw/objects/reaction_adventurer.txt	971	FORGE_BOLTS_ADV	1	ADV_SMITHING_WEAPON	ADVENTURE_MODE_ENABLED	
https://dffd.bay12games.com/file.php?id=11310	https://dffd.bay12games.com/download.php?f=DF+Wanderer+R20a+ASCII.zip&id=11310	R20a	DF Wanderer R20a ASCII/raw/objects/reaction_adventurer.txt	972	FORGE_BOLTS_ADV	1	ADV_SMITHING_WEAPON	BUILDING	CARPENTER:NONE
https://dffd.bay12games.com/file.php?id=11310	https://dffd.bay12games.com/download.php?f=DF+Wanderer+R20a+ASCII.zip&id=11310	R20a	DF Wanderer R20a ASCII/raw/objects/reaction_adventurer.txt	973	FORGE_BOLTS_ADV	1	ADV_SMITHING_WEAPON	REAGENT	chunk:1:TOOL:ITEM_TOOL_CHUNK:NONE:NONE
https://dffd.bay12games.com/file.php?id=11310	https://dffd.bay12games.com/download.php?f=DF+Wanderer+R20a+ASCII.zip&id=11310	R20a	DF Wanderer R20a ASCII/raw/objects/reaction_adventurer.txt	973	FORGE_BOLTS_ADV	1	ADV_SMITHING_WEAPON	REACTION_CLASS	METAL
https://dffd.bay12games.com/file.php?id=11310	https://dffd.bay12games.com/download.php?f=DF+Wanderer+R20a+ASCII.zip&id=11310	R20a	DF Wanderer R20a ASCII/raw/objects/reaction_adventurer.txt	974	FORGE_BOLTS_ADV	1	ADV_SMITHING_WEAPON	PRODUCT	100:25:AMMO:ITEM_AMMO_BOLTS:GET_MATERIAL_FROM_REAGENT:chunk:NONE
https://dffd.bay12games.com/file.php?id=11310	https://dffd.bay12games.com/download.php?f=DF+Wanderer+R20a+ASCII.zip&id=11310	R20a	DF Wanderer R20a ASCII/raw/objects/reaction_adventurer.txt	975	FORGE_BOLTS_ADV	1	ADV_SMITHING_WEAPON	SKILL	FORGE_WEAPON
https://dffd.bay12games.com/file.php?id=11310	https://dffd.bay12games.com/download.php?f=DF+Wanderer+R20a+ASCII.zip&id=11310	R20a	DF Wanderer R20a ASCII/raw/objects/reaction_adventurer.txt	976	FORGE_BOLTS_ADV	1	ADV_SMITHING_WEAPON	CATEGORY	ADV_SMITHING_WEAPON
https://dffd.bay12games.com/file.php?id=11310	https://dffd.bay12games.com/download.php?f=DF+Wanderer+R20a+ASCII.zip&id=11310	R20a	DF Wanderer R20a ASCII/raw/objects/reaction_adventurer.txt	978	FORGE_BATTLE_AXE_ADV	1	ADV_SMITHING_WEAPON	REACTION	FORGE_BATTLE_AXE_ADV
https://dffd.bay12games.com/file.php?id=11310	https://dffd.bay12games.com/download.php?f=DF+Wanderer+R20a+ASCII.zip&id=11310	R20a	DF Wanderer R20a ASCII/raw/objects/reaction_adventurer.txt	979	FORGE_BATTLE_AXE_ADV	1	ADV_SMITHING_WEAPON	NAME	forge battle axe
https://dffd.bay12games.com/file.php?id=11310	https://dffd.bay12games.com/download.php?f=DF+Wanderer+R20a+ASCII.zip&id=11310	R20a	DF Wanderer R20a ASCII/raw/objects/reaction_adventurer.txt	980	FORGE_BATTLE_AXE_ADV	1	ADV_SMITHING_WEAPON	ADVENTURE_MODE_ENABLED	
https://dffd.bay12games.com/file.php?id=11310	https://dffd.bay12games.com/download.php?f=DF+Wanderer+R20a+ASCII.zip&id=11310	R20a	DF Wanderer R20a ASCII/raw/objects/reaction_adventurer.txt	981	FORGE_BATTLE_AXE_ADV	1	ADV_SMITHING_WEAPON	BUILDING	CARPENTER:NONE
https://dffd.bay12games.com/file.php?id=11310	https://dffd.bay12games.com/download.php?f=DF+Wanderer+R20a+ASCII.zip&id=11310	R20a	DF Wanderer R20a ASCII/raw/objects/reaction_adventurer.txt	982	FORGE_BATTLE_AXE_ADV	1	ADV_SMITHING_WEAPON	REAGENT	blade:1:TOOL:ITEM_TOOL_CHUNK:NONE:NONE
https://dffd.bay12games.com/file.php?id=11310	https://dffd.bay12games.com/download.php?f=DF+Wanderer+R20a+ASCII.zip&id=11310	R20a	DF Wanderer R20a ASCII/raw/objects/reaction_adventurer.txt	982	FORGE_BATTLE_AXE_ADV	1	ADV_SMITHING_WEAPON	REACTION_CLASS	METAL
https://dffd.bay12games.com/file.php?id=11310	https://dffd.bay12games.com/download.php?f=DF+Wanderer+R20a+ASCII.zip&id=11310	R20a	DF Wanderer R20a ASCII/raw/objects/reaction_adventurer.txt	983	FORGE_BATTLE_AXE_ADV	1	ADV_SMITHING_WEAPON	REAGENT	handle:1:TOOL:ITEM_TOOL_CHUNK:NONE:NONE
https://dffd.bay12games.com/file.php?id=11310	https://dffd.bay12games.com/download.php?f=DF+Wanderer+R20a+ASCII.zip&id=11310	R20a	DF Wanderer R20a ASCII/raw/objects/reaction_adventurer.txt	983	FORGE_BATTLE_AXE_ADV	1	ADV_SMITHING_WEAPON	REACTION_CLASS	METAL
https://dffd.bay12games.com/file.php?id=11310	https://dffd.bay12games.com/download.php?f=DF+Wanderer+R20a+ASCII.zip&id=11310	R20a	DF Wanderer R20a ASCII/raw/objects/reaction_adventurer.txt	984	FORGE_BATTLE_AXE_ADV	1	ADV_SMITHING_WEAPON	PRODUCT	100:1:WEAPON:ITEM_WEAPON_AXE_BATTLE:GET_MATERIAL_FROM_REAGENT:blade:NONE
https://dffd.bay12games.com/file.php?id=11310	https://dffd.bay12games.com/download.php?f=DF+Wanderer+R20a+ASCII.zip&id=11310	R20a	DF Wanderer R20a ASCII/raw/objects/reaction_adventurer.txt	985	FORGE_BATTLE_AXE_ADV	1	ADV_SMITHING_WEAPON	SKILL	FORGE_WEAPON
https://dffd.bay12games.com/file.php?id=11310	https://dffd.bay12games.com/download.php?f=DF+Wanderer+R20a+ASCII.zip&id=11310	R20a	DF Wanderer R20a ASCII/raw/objects/reaction_adventurer.txt	986	FORGE_BATTLE_AXE_ADV	1	ADV_SMITHING_WEAPON	CATEGORY	ADV_SMITHING_WEAPON
https://dffd.bay12games.com/file.php?id=11310	https://dffd.bay12games.com/download.php?f=DF+Wanderer+R20a+ASCII.zip&id=11310	R20a	DF Wanderer R20a ASCII/raw/objects/reaction_adventurer.txt	988	FORGE_GREAT_AXE_ADV	1	ADV_SMITHING_WEAPON	REACTION	FORGE_GREAT_AXE_ADV
https://dffd.bay12games.com/file.php?id=11310	https://dffd.bay12games.com/download.php?f=DF+Wanderer+R20a+ASCII.zip&id=11310	R20a	DF Wanderer R20a ASCII/raw/objects/reaction_adventurer.txt	989	FORGE_GREAT_AXE_ADV	1	ADV_SMITHING_WEAPON	NAME	forge great axe
https://dffd.bay12games.com/file.php?id=11310	https://dffd.bay12games.com/download.php?f=DF+Wanderer+R20a+ASCII.zip&id=11310	R20a	DF Wanderer R20a ASCII/raw/objects/reaction_adventurer.txt	990	FORGE_GREAT_AXE_ADV	1	ADV_SMITHING_WEAPON	ADVENTURE_MODE_ENABLED	
https://dffd.bay12games.com/file.php?id=11310	https://dffd.bay12games.com/download.php?f=DF+Wanderer+R20a+ASCII.zip&id=11310	R20a	DF Wanderer R20a ASCII/raw/objects/reaction_adventurer.txt	991	FORGE_GREAT_AXE_ADV	1	ADV_SMITHING_WEAPON	BUILDING	CARPENTER:NONE
https://dffd.bay12games.com/file.php?id=11310	https://dffd.bay12games.com/download.php?f=DF+Wanderer+R20a+ASCII.zip&id=11310	R20a	DF Wanderer R20a ASCII/raw/objects/reaction_adventurer.txt	992	FORGE_GREAT_AXE_ADV	1	ADV_SMITHING_WEAPON	REAGENT	blade:1:TOOL:ITEM_TOOL_CHUNK:NONE:NONE
https://dffd.bay12games.com/file.php?id=11310	https://dffd.bay12games.com/download.php?f=DF+Wanderer+R20a+ASCII.zip&id=11310	R20a	DF Wanderer R20a ASCII/raw/objects/reaction_adventurer.txt	992	FORGE_GREAT_AXE_ADV	1	ADV_SMITHING_WEAPON	REACTION_CLASS	METAL
https://dffd.bay12games.com/file.php?id=11310	https://dffd.bay12games.com/download.php?f=DF+Wanderer+R20a+ASCII.zip&id=11310	R20a	DF Wanderer R20a ASCII/raw/objects/reaction_adventurer.txt	993	FORGE_GREAT_AXE_ADV	1	ADV_SMITHING_WEAPON	REAGENT	handle top:1:TOOL:ITEM_TOOL_CHUNK:NONE:NONE
https://dffd.bay12games.com/file.php?id=11310	https://dffd.bay12games.com/download.php?f=DF+Wanderer+R20a+ASCII.zip&id=11310	R20a	DF Wanderer R20a ASCII/raw/objects/reaction_adventurer.txt	993	FORGE_GREAT_AXE_ADV	1	ADV_SMITHING_WEAPON	REACTION_CLASS	METAL
https://dffd.bay12games.com/file.php?id=11310	https://dffd.bay12games.com/download.php?f=DF+Wanderer+R20a+ASCII.zip&id=11310	R20a	DF Wanderer R20a ASCII/raw/objects/reaction_adventurer.txt	994	FORGE_GREAT_AXE_ADV	1	ADV_SMITHING_WEAPON	REAGENT	handle bottom:1:TOOL:ITEM_TOOL_CHUNK:NONE:NONE
https://dffd.bay12games.com/file.php?id=11310	https://dffd.bay12games.com/download.php?f=DF+Wanderer+R20a+ASCII.zip&id=11310	R20a	DF Wanderer R20a ASCII/raw/objects/reaction_adventurer.txt	994	FORGE_GREAT_AXE_ADV	1	ADV_SMITHING_WEAPON	REACTION_CLASS	METAL
https://dffd.bay12games.com/file.php?id=11310	https://dffd.bay12games.com/download.php?f=DF+Wanderer+R20a+ASCII.zip&id=11310	R20a	DF Wanderer R20a ASCII/raw/objects/reaction_adventurer.txt	995	FORGE_GREAT_AXE_ADV	1	ADV_SMITHING_WEAPON	PRODUCT	100:1:WEAPON:ITEM_WEAPON_AXE_GREAT:GET_MATERIAL_FROM_REAGENT:blade:NONE
https://dffd.bay12games.com/file.php?id=11310	https://dffd.bay12games.com/download.php?f=DF+Wanderer+R20a+ASCII.zip&id=11310	R20a	DF Wanderer R20a ASCII/raw/objects/reaction_adventurer.txt	996	FORGE_GREAT_AXE_ADV	1	ADV_SMITHING_WEAPON	SKILL	FORGE_WEAPON
https://dffd.bay12games.com/file.php?id=11310	https://dffd.bay12games.com/download.php?f=DF+Wanderer+R20a+ASCII.zip&id=11310	R20a	DF Wanderer R20a ASCII/raw/objects/reaction_adventurer.txt	997	FORGE_GREAT_AXE_ADV	1	ADV_SMITHING_WEAPON	CATEGORY	ADV_SMITHING_WEAPON
https://dffd.bay12games.com/file.php?id=11310	https://dffd.bay12games.com/download.php?f=DF+Wanderer+R20a+ASCII.zip&id=11310	R20a	DF Wanderer R20a ASCII/raw/objects/reaction_adventurer.txt	999	FORGE_FLAIL_ADV	1	ADV_SMITHING_WEAPON	REACTION	FORGE_FLAIL_ADV
https://dffd.bay12games.com/file.php?id=11310	https://dffd.bay12games.com/download.php?f=DF+Wanderer+R20a+ASCII.zip&id=11310	R20a	DF Wanderer R20a ASCII/raw/objects/reaction_adventurer.txt	1000	FORGE_FLAIL_ADV	1	ADV_SMITHING_WEAPON	NAME	forge flail
https://dffd.bay12games.com/file.php?id=11310	https://dffd.bay12games.com/download.php?f=DF+Wanderer+R20a+ASCII.zip&id=11310	R20a	DF Wanderer R20a ASCII/raw/objects/reaction_adventurer.txt	1001	FORGE_FLAIL_ADV	1	ADV_SMITHING_WEAPON	ADVENTURE_MODE_ENABLED	
https://dffd.bay12games.com/file.php?id=11310	https://dffd.bay12games.com/download.php?f=DF+Wanderer+R20a+ASCII.zip&id=11310	R20a	DF Wanderer R20a ASCII/raw/objects/reaction_adventurer.txt	1002	FORGE_FLAIL_ADV	1	ADV_SMITHING_WEAPON	BUILDING	CARPENTER:NONE
https://dffd.bay12games.com/file.php?id=11310	https://dffd.bay12games.com/download.php?f=DF+Wanderer+R20a+ASCII.zip&id=11310	R20a	DF Wanderer R20a ASCII/raw/objects/reaction_adventurer.txt	1003	FORGE_FLAIL_ADV	1	ADV_SMITHING_WEAPON	REAGENT	chain:1:TOOL:ITEM_TOOL_CHUNK:NONE:NONE
https://dffd.bay12games.com/file.php?id=11310	https://dffd.bay12games.com/download.php?f=DF+Wanderer+R20a+ASCII.zip&id=11310	R20a	DF Wanderer R20a ASCII/raw/objects/reaction_adventurer.txt	1003	FORGE_FLAIL_ADV	1	ADV_SMITHING_WEAPON	REACTION_CLASS	METAL
https://dffd.bay12games.com/file.php?id=11310	https://dffd.bay12games.com/download.php?f=DF+Wanderer+R20a+ASCII.zip&id=11310	R20a	DF Wanderer R20a ASCII/raw/objects/reaction_adventurer.txt	1004	FORGE_FLAIL_ADV	1	ADV_SMITHING_WEAPON	REAGENT	handle:1:TOOL:ITEM_TOOL_CHUNK:NONE:NONE
https://dffd.bay12games.com/file.php?id=11310	https://dffd.bay12games.com/download.php?f=DF+Wanderer+R20a+ASCII.zip&id=11310	R20a	DF Wanderer R20a ASCII/raw/objects/reaction_adventurer.txt	1004	FORGE_FLAIL_ADV	1	ADV_SMITHING_WEAPON	REACTION_CLASS	METAL
https://dffd.bay12games.com/file.php?id=11310	https://dffd.bay12games.com/download.php?f=DF+Wanderer+R20a+ASCII.zip&id=11310	R20a	DF Wanderer R20a ASCII/raw/objects/reaction_adventurer.txt	1005	FORGE_FLAIL_ADV	1	ADV_SMITHING_WEAPON	PRODUCT	100:1:WEAPON:ITEM_WEAPON_FLAIL:GET_MATERIAL_FROM_REAGENT:chain:NONE
https://dffd.bay12games.com/file.php?id=11310	https://dffd.bay12games.com/download.php?f=DF+Wanderer+R20a+ASCII.zip&id=11310	R20a	DF Wanderer R20a ASCII/raw/objects/reaction_adventurer.txt	1006	FORGE_FLAIL_ADV	1	ADV_SMITHING_WEAPON	SKILL	FORGE_WEAPON
https://dffd.bay12games.com/file.php?id=11310	https://dffd.bay12games.com/download.php?f=DF+Wanderer+R20a+ASCII.zip&id=11310	R20a	DF Wanderer R20a ASCII/raw/objects/reaction_adventurer.txt	1007	FORGE_FLAIL_ADV	1	ADV_SMITHING_WEAPON	CATEGORY	ADV_SMITHING_WEAPON
https://dffd.bay12games.com/file.php?id=11310	https://dffd.bay12games.com/download.php?f=DF+Wanderer+R20a+ASCII.zip&id=11310	R20a	DF Wanderer R20a ASCII/raw/objects/reaction_adventurer.txt	1009	FORGE_HALBERD_ADV	1	ADV_SMITHING_WEAPON	REACTION	FORGE_HALBERD_ADV
https://dffd.bay12games.com/file.php?id=11310	https://dffd.bay12games.com/download.php?f=DF+Wanderer+R20a+ASCII.zip&id=11310	R20a	DF Wanderer R20a ASCII/raw/objects/reaction_adventurer.txt	1010	FORGE_HALBERD_ADV	1	ADV_SMITHING_WEAPON	NAME	forge halberd
https://dffd.bay12games.com/file.php?id=11310	https://dffd.bay12games.com/download.php?f=DF+Wanderer+R20a+ASCII.zip&id=11310	R20a	DF Wanderer R20a ASCII/raw/objects/reaction_adventurer.txt	1011	FORGE_HALBERD_ADV	1	ADV_SMITHING_WEAPON	ADVENTURE_MODE_ENABLED	
https://dffd.bay12games.com/file.php?id=11310	https://dffd.bay12games.com/download.php?f=DF+Wanderer+R20a+ASCII.zip&id=11310	R20a	DF Wanderer R20a ASCII/raw/objects/reaction_adventurer.txt	1012	FORGE_HALBERD_ADV	1	ADV_SMITHING_WEAPON	BUILDING	CARPENTER:NONE
https://dffd.bay12games.com/file.php?id=11310	https://dffd.bay12games.com/download.php?f=DF+Wanderer+R20a+ASCII.zip&id=11310	R20a	DF Wanderer R20a ASCII/raw/objects/reaction_adventurer.txt	1013	FORGE_HALBERD_ADV	1	ADV_SMITHING_WEAPON	REAGENT	blade:1:TOOL:ITEM_TOOL_CHUNK:NONE:NONE
https://dffd.bay12games.com/file.php?id=11310	https://dffd.bay12games.com/download.php?f=DF+Wanderer+R20a+ASCII.zip&id=11310	R20a	DF Wanderer R20a ASCII/raw/objects/reaction_adventurer.txt	1013	FORGE_HALBERD_ADV	1	ADV_SMITHING_WEAPON	REACTION_CLASS	METAL
https://dffd.bay12games.com/file.php?id=11310	https://dffd.bay12games.com/download.php?f=DF+Wanderer+R20a+ASCII.zip&id=11310	R20a	DF Wanderer R20a ASCII/raw/objects/reaction_adventurer.txt	1014	FORGE_HALBERD_ADV	1	ADV_SMITHING_WEAPON	REAGENT	handle top:1:TOOL:ITEM_TOOL_CHUNK:NONE:NONE
https://dffd.bay12games.com/file.php?id=11310	https://dffd.bay12games.com/download.php?f=DF+Wanderer+R20a+ASCII.zip&id=11310	R20a	DF Wanderer R20a ASCII/raw/objects/reaction_adventurer.txt	1014	FORGE_HALBERD_ADV	1	ADV_SMITHING_WEAPON	REACTION_CLASS	METAL
https://dffd.bay12games.com/file.php?id=11310	https://dffd.bay12games.com/download.php?f=DF+Wanderer+R20a+ASCII.zip&id=11310	R20a	DF Wanderer R20a ASCII/raw/objects/reaction_adventurer.txt	1015	FORGE_HALBERD_ADV	1	ADV_SMITHING_WEAPON	REAGENT	handle bottom:1:TOOL:ITEM_TOOL_CHUNK:NONE:NONE
https://dffd.bay12games.com/file.php?id=11310	https://dffd.bay12games.com/download.php?f=DF+Wanderer+R20a+ASCII.zip&id=11310	R20a	DF Wanderer R20a ASCII/raw/objects/reaction_adventurer.txt	1015	FORGE_HALBERD_ADV	1	ADV_SMITHING_WEAPON	REACTION_CLASS	METAL
https://dffd.bay12games.com/file.php?id=11310	https://dffd.bay12games.com/download.php?f=DF+Wanderer+R20a+ASCII.zip&id=11310	R20a	DF Wanderer R20a ASCII/raw/objects/reaction_adventurer.txt	1016	FORGE_HALBERD_ADV	1	ADV_SMITHING_WEAPON	PRODUCT	100:1:WEAPON:ITEM_WEAPON_HALBERD:GET_MATERIAL_FROM_REAGENT:blade:NONE
https://dffd.bay12games.com/file.php?id=11310	https://dffd.bay12games.com/download.php?f=DF+Wanderer+R20a+ASCII.zip&id=11310	R20a	DF Wanderer R20a ASCII/raw/objects/reaction_adventurer.txt	1017	FORGE_HALBERD_ADV	1	ADV_SMITHING_WEAPON	SKILL	FORGE_WEAPON
https://dffd.bay12games.com/file.php?id=11310	https://dffd.bay12games.com/download.php?f=DF+Wanderer+R20a+ASCII.zip&id=11310	R20a	DF Wanderer R20a ASCII/raw/objects/reaction_adventurer.txt	1018	FORGE_HALBERD_ADV	1	ADV_SMITHING_WEAPON	CATEGORY	ADV_SMITHING_WEAPON
https://dffd.bay12games.com/file.php?id=11310	https://dffd.bay12games.com/download.php?f=DF+Wanderer+R20a+ASCII.zip&id=11310	R20a	DF Wanderer R20a ASCII/raw/objects/reaction_adventurer.txt	1020	FORGE_LONG_SWORD	1	ADV_SMITHING_WEAPON	REACTION	FORGE_LONG_SWORD
https://dffd.bay12games.com/file.php?id=11310	https://dffd.bay12games.com/download.php?f=DF+Wanderer+R20a+ASCII.zip&id=11310	R20a	DF Wanderer R20a ASCII/raw/objects/reaction_adventurer.txt	1021	FORGE_LONG_SWORD	1	ADV_SMITHING_WEAPON	NAME	forge long sword
https://dffd.bay12games.com/file.php?id=11310	https://dffd.bay12games.com/download.php?f=DF+Wanderer+R20a+ASCII.zip&id=11310	R20a	DF Wanderer R20a ASCII/raw/objects/reaction_adventurer.txt	1022	FORGE_LONG_SWORD	1	ADV_SMITHING_WEAPON	ADVENTURE_MODE_ENABLED	
https://dffd.bay12games.com/file.php?id=11310	https://dffd.bay12games.com/download.php?f=DF+Wanderer+R20a+ASCII.zip&id=11310	R20a	DF Wanderer R20a ASCII/raw/objects/reaction_adventurer.txt	1023	FORGE_LONG_SWORD	1	ADV_SMITHING_WEAPON	BUILDING	CARPENTER:NONE
https://dffd.bay12games.com/file.php?id=11310	https://dffd.bay12games.com/download.php?f=DF+Wanderer+R20a+ASCII.zip&id=11310	R20a	DF Wanderer R20a ASCII/raw/objects/reaction_adventurer.txt	1024	FORGE_LONG_SWORD	1	ADV_SMITHING_WEAPON	REAGENT	blade:1:TOOL:ITEM_TOOL_CHUNK:NONE:NONE
https://dffd.bay12games.com/file.php?id=11310	https://dffd.bay12games.com/download.php?f=DF+Wanderer+R20a+ASCII.zip&id=11310	R20a	DF Wanderer R20a ASCII/raw/objects/reaction_adventurer.txt	1024	FORGE_LONG_SWORD	1	ADV_SMITHING_WEAPON	REACTION_CLASS	METAL
https://dffd.bay12games.com/file.php?id=11310	https://dffd.bay12games.com/download.php?f=DF+Wanderer+R20a+ASCII.zip&id=11310	R20a	DF Wanderer R20a ASCII/raw/objects/reaction_adventurer.txt	1025	FORGE_LONG_SWORD	1	ADV_SMITHING_WEAPON	REAGENT	handle:1:TOOL:ITEM_TOOL_CHUNK:NONE:NONE
https://dffd.bay12games.com/file.php?id=11310	https://dffd.bay12games.com/download.php?f=DF+Wanderer+R20a+ASCII.zip&id=11310	R20a	DF Wanderer R20a ASCII/raw/objects/reaction_adventurer.txt	1025	FORGE_LONG_SWORD	1	ADV_SMITHING_WEAPON	REACTION_CLASS	METAL
https://dffd.bay12games.com/file.php?id=11310	https://dffd.bay12games.com/download.php?f=DF+Wanderer+R20a+ASCII.zip&id=11310	R20a	DF Wanderer R20a ASCII/raw/objects/reaction_adventurer.txt	1026	FORGE_LONG_SWORD	1	ADV_SMITHING_WEAPON	PRODUCT	100:1:WEAPON:ITEM_WEAPON_SWORD_LONG:GET_MATERIAL_FROM_REAGENT:blade:NONE
https://dffd.bay12games.com/file.php?id=11310	https://dffd.bay12games.com/download.php?f=DF+Wanderer+R20a+ASCII.zip&id=11310	R20a	DF Wanderer R20a ASCII/raw/objects/reaction_adventurer.txt	1027	FORGE_LONG_SWORD	1	ADV_SMITHING_WEAPON	SKILL	FORGE_WEAPON
https://dffd.bay12games.com/file.php?id=11310	https://dffd.bay12games.com/download.php?f=DF+Wanderer+R20a+ASCII.zip&id=11310	R20a	DF Wanderer R20a ASCII/raw/objects/reaction_adventurer.txt	1028	FORGE_LONG_SWORD	1	ADV_SMITHING_WEAPON	CATEGORY	ADV_SMITHING_WEAPON
https://dffd.bay12games.com/file.php?id=11310	https://dffd.bay12games.com/download.php?f=DF+Wanderer+R20a+ASCII.zip&id=11310	R20a	DF Wanderer R20a ASCII/raw/objects/reaction_adventurer.txt	1030	FORGE_MACE_ADV	1	ADV_SMITHING_WEAPON	REACTION	FORGE_MACE_ADV
https://dffd.bay12games.com/file.php?id=11310	https://dffd.bay12games.com/download.php?f=DF+Wanderer+R20a+ASCII.zip&id=11310	R20a	DF Wanderer R20a ASCII/raw/objects/reaction_adventurer.txt	1031	FORGE_MACE_ADV	1	ADV_SMITHING_WEAPON	NAME	forge mace
https://dffd.bay12games.com/file.php?id=11310	https://dffd.bay12games.com/download.php?f=DF+Wanderer+R20a+ASCII.zip&id=11310	R20a	DF Wanderer R20a ASCII/raw/objects/reaction_adventurer.txt	1032	FORGE_MACE_ADV	1	ADV_SMITHING_WEAPON	ADVENTURE_MODE_ENABLED	
https://dffd.bay12games.com/file.php?id=11310	https://dffd.bay12games.com/download.php?f=DF+Wanderer+R20a+ASCII.zip&id=11310	R20a	DF Wanderer R20a ASCII/raw/objects/reaction_adventurer.txt	1033	FORGE_MACE_ADV	1	ADV_SMITHING_WEAPON	BUILDING	CARPENTER:NONE
https://dffd.bay12games.com/file.php?id=11310	https://dffd.bay12games.com/download.php?f=DF+Wanderer+R20a+ASCII.zip&id=11310	R20a	DF Wanderer R20a ASCII/raw/objects/reaction_adventurer.txt	1034	FORGE_MACE_ADV	1	ADV_SMITHING_WEAPON	REAGENT	head:1:TOOL:ITEM_TOOL_CHUNK:NONE:NONE
https://dffd.bay12games.com/file.php?id=11310	https://dffd.bay12games.com/download.php?f=DF+Wanderer+R20a+ASCII.zip&id=11310	R20a	DF Wanderer R20a ASCII/raw/objects/reaction_adventurer.txt	1034	FORGE_MACE_ADV	1	ADV_SMITHING_WEAPON	REACTION_CLASS	METAL
https://dffd.bay12games.com/file.php?id=11310	https://dffd.bay12games.com/download.php?f=DF+Wanderer+R20a+ASCII.zip&id=11310	R20a	DF Wanderer R20a ASCII/raw/objects/reaction_adventurer.txt	1035	FORGE_MACE_ADV	1	ADV_SMITHING_WEAPON	REAGENT	handle:1:TOOL:ITEM_TOOL_CHUNK:NONE:NONE
https://dffd.bay12games.com/file.php?id=11310	https://dffd.bay12games.com/download.php?f=DF+Wanderer+R20a+ASCII.zip&id=11310	R20a	DF Wanderer R20a ASCII/raw/objects/reaction_adventurer.txt	1035	FORGE_MACE_ADV	1	ADV_SMITHING_WEAPON	REACTION_CLASS	METAL
https://dffd.bay12games.com/file.php?id=11310	https://dffd.bay12games.com/download.php?f=DF+Wanderer+R20a+ASCII.zip&id=11310	R20a	DF Wanderer R20a ASCII/raw/objects/reaction_adventurer.txt	1036	FORGE_MACE_ADV	1	ADV_SMITHING_WEAPON	PRODUCT	100:1:WEAPON:ITEM_WEAPON_SWORD_LONG:GET_MATERIAL_FROM_REAGENT:head:NONE
https://dffd.bay12games.com/file.php?id=11310	https://dffd.bay12games.com/download.php?f=DF+Wanderer+R20a+ASCII.zip&id=11310	R20a	DF Wanderer R20a ASCII/raw/objects/reaction_adventurer.txt	1037	FORGE_MACE_ADV	1	ADV_SMITHING_WEAPON	SKILL	FORGE_WEAPON
https://dffd.bay12games.com/file.php?id=11310	https://dffd.bay12games.com/download.php?f=DF+Wanderer+R20a+ASCII.zip&id=11310	R20a	DF Wanderer R20a ASCII/raw/objects/reaction_adventurer.txt	1038	FORGE_MACE_ADV	1	ADV_SMITHING_WEAPON	CATEGORY	ADV_SMITHING_WEAPON
https://dffd.bay12games.com/file.php?id=11310	https://dffd.bay12games.com/download.php?f=DF+Wanderer+R20a+ASCII.zip&id=11310	R20a	DF Wanderer R20a ASCII/raw/objects/reaction_adventurer.txt	1040	FORGE_PIKE_ADV	1	ADV_SMITHING_WEAPON	REACTION	FORGE_PIKE_ADV
https://dffd.bay12games.com/file.php?id=11310	https://dffd.bay12games.com/download.php?f=DF+Wanderer+R20a+ASCII.zip&id=11310	R20a	DF Wanderer R20a ASCII/raw/objects/reaction_adventurer.txt	1041	FORGE_PIKE_ADV	1	ADV_SMITHING_WEAPON	NAME	forge pike
https://dffd.bay12games.com/file.php?id=11310	https://dffd.bay12games.com/download.php?f=DF+Wanderer+R20a+ASCII.zip&id=11310	R20a	DF Wanderer R20a ASCII/raw/objects/reaction_adventurer.txt	1042	FORGE_PIKE_ADV	1	ADV_SMITHING_WEAPON	ADVENTURE_MODE_ENABLED	
https://dffd.bay12games.com/file.php?id=11310	https://dffd.bay12games.com/download.php?f=DF+Wanderer+R20a+ASCII.zip&id=11310	R20a	DF Wanderer R20a ASCII/raw/objects/reaction_adventurer.txt	1043	FORGE_PIKE_ADV	1	ADV_SMITHING_WEAPON	BUILDING	CARPENTER:NONE
https://dffd.bay12games.com/file.php?id=11310	https://dffd.bay12games.com/download.php?f=DF+Wanderer+R20a+ASCII.zip&id=11310	R20a	DF Wanderer R20a ASCII/raw/objects/reaction_adventurer.txt	1044	FORGE_PIKE_ADV	1	ADV_SMITHING_WEAPON	REAGENT	tip:1:TOOL:ITEM_TOOL_CHUNK:NONE:NONE
https://dffd.bay12games.com/file.php?id=11310	https://dffd.bay12games.com/download.php?f=DF+Wanderer+R20a+ASCII.zip&id=11310	R20a	DF Wanderer R20a ASCII/raw/objects/reaction_adventurer.txt	1044	FORGE_PIKE_ADV	1	ADV_SMITHING_WEAPON	REACTION_CLASS	METAL
https://dffd.bay12games.com/file.php?id=11310	https://dffd.bay12games.com/download.php?f=DF+Wanderer+R20a+ASCII.zip&id=11310	R20a	DF Wanderer R20a ASCII/raw/objects/reaction_adventurer.txt	1045	FORGE_PIKE_ADV	1	ADV_SMITHING_WEAPON	REAGENT	handle top:1:TOOL:ITEM_TOOL_CHUNK:NONE:NONE
https://dffd.bay12games.com/file.php?id=11310	https://dffd.bay12games.com/download.php?f=DF+Wanderer+R20a+ASCII.zip&id=11310	R20a	DF Wanderer R20a ASCII/raw/objects/reaction_adventurer.txt	1045	FORGE_PIKE_ADV	1	ADV_SMITHING_WEAPON	REACTION_CLASS	METAL
https://dffd.bay12games.com/file.php?id=11310	https://dffd.bay12games.com/download.php?f=DF+Wanderer+R20a+ASCII.zip&id=11310	R20a	DF Wanderer R20a ASCII/raw/objects/reaction_adventurer.txt	1046	FORGE_PIKE_ADV	1	ADV_SMITHING_WEAPON	REAGENT	handle bottom:1:TOOL:ITEM_TOOL_CHUNK:NONE:NONE
https://dffd.bay12games.com/file.php?id=11310	https://dffd.bay12games.com/download.php?f=DF+Wanderer+R20a+ASCII.zip&id=11310	R20a	DF Wanderer R20a ASCII/raw/objects/reaction_adventurer.txt	1046	FORGE_PIKE_ADV	1	ADV_SMITHING_WEAPON	REACTION_CLASS	METAL
https://dffd.bay12games.com/file.php?id=11310	https://dffd.bay12games.com/download.php?f=DF+Wanderer+R20a+ASCII.zip&id=11310	R20a	DF Wanderer R20a ASCII/raw/objects/reaction_adventurer.txt	1047	FORGE_PIKE_ADV	1	ADV_SMITHING_WEAPON	PRODUCT	100:1:WEAPON:ITEM_WEAPON_PIKE:GET_MATERIAL_FROM_REAGENT:tip:NONE
https://dffd.bay12games.com/file.php?id=11310	https://dffd.bay12games.com/download.php?f=DF+Wanderer+R20a+ASCII.zip&id=11310	R20a	DF Wanderer R20a ASCII/raw/objects/reaction_adventurer.txt	1048	FORGE_PIKE_ADV	1	ADV_SMITHING_WEAPON	SKILL	FORGE_WEAPON
https://dffd.bay12games.com/file.php?id=11310	https://dffd.bay12games.com/download.php?f=DF+Wanderer+R20a+ASCII.zip&id=11310	R20a	DF Wanderer R20a ASCII/raw/objects/reaction_adventurer.txt	1049	FORGE_PIKE_ADV	1	ADV_SMITHING_WEAPON	CATEGORY	ADV_SMITHING_WEAPON
https://dffd.bay12games.com/file.php?id=11310	https://dffd.bay12games.com/download.php?f=DF+Wanderer+R20a+ASCII.zip&id=11310	R20a	DF Wanderer R20a ASCII/raw/objects/reaction_adventurer.txt	1051	FORGE_SHORT_SWORD_ADV	1	ADV_SMITHING_WEAPON	REACTION	FORGE_SHORT_SWORD_ADV
https://dffd.bay12games.com/file.php?id=11310	https://dffd.bay12games.com/download.php?f=DF+Wanderer+R20a+ASCII.zip&id=11310	R20a	DF Wanderer R20a ASCII/raw/objects/reaction_adventurer.txt	1052	FORGE_SHORT_SWORD_ADV	1	ADV_SMITHING_WEAPON	NAME	forge short sword
https://dffd.bay12games.com/file.php?id=11310	https://dffd.bay12games.com/download.php?f=DF+Wanderer+R20a+ASCII.zip&id=11310	R20a	DF Wanderer R20a ASCII/raw/objects/reaction_adventurer.txt	1053	FORGE_SHORT_SWORD_ADV	1	ADV_SMITHING_WEAPON	ADVENTURE_MODE_ENABLED	
https://dffd.bay12games.com/file.php?id=11310	https://dffd.bay12games.com/download.php?f=DF+Wanderer+R20a+ASCII.zip&id=11310	R20a	DF Wanderer R20a ASCII/raw/objects/reaction_adventurer.txt	1054	FORGE_SHORT_SWORD_ADV	1	ADV_SMITHING_WEAPON	BUILDING	CARPENTER:NONE
https://dffd.bay12games.com/file.php?id=11310	https://dffd.bay12games.com/download.php?f=DF+Wanderer+R20a+ASCII.zip&id=11310	R20a	DF Wanderer R20a ASCII/raw/objects/reaction_adventurer.txt	1055	FORGE_SHORT_SWORD_ADV	1	ADV_SMITHING_WEAPON	REAGENT	blade:1:TOOL:ITEM_TOOL_CHUNK:NONE:NONE
https://dffd.bay12games.com/file.php?id=11310	https://dffd.bay12games.com/download.php?f=DF+Wanderer+R20a+ASCII.zip&id=11310	R20a	DF Wanderer R20a ASCII/raw/objects/reaction_adventurer.txt	1055	FORGE_SHORT_SWORD_ADV	1	ADV_SMITHING_WEAPON	REACTION_CLASS	METAL
https://dffd.bay12games.com/file.php?id=11310	https://dffd.bay12games.com/download.php?f=DF+Wanderer+R20a+ASCII.zip&id=11310	R20a	DF Wanderer R20a ASCII/raw/objects/reaction_adventurer.txt	1056	FORGE_SHORT_SWORD_ADV	1	ADV_SMITHING_WEAPON	PRODUCT	100:1:WEAPON:ITEM_WEAPON_SWORD_SHORT:GET_MATERIAL_FROM_REAGENT:blade:NONE
https://dffd.bay12games.com/file.php?id=11310	https://dffd.bay12games.com/download.php?f=DF+Wanderer+R20a+ASCII.zip&id=11310	R20a	DF Wanderer R20a ASCII/raw/objects/reaction_adventurer.txt	1057	FORGE_SHORT_SWORD_ADV	1	ADV_SMITHING_WEAPON	SKILL	FORGE_WEAPON
https://dffd.bay12games.com/file.php?id=11310	https://dffd.bay12games.com/download.php?f=DF+Wanderer+R20a+ASCII.zip&id=11310	R20a	DF Wanderer R20a ASCII/raw/objects/reaction_adventurer.txt	1058	FORGE_SHORT_SWORD_ADV	1	ADV_SMITHING_WEAPON	CATEGORY	ADV_SMITHING_WEAPON
https://dffd.bay12games.com/file.php?id=11310	https://dffd.bay12games.com/download.php?f=DF+Wanderer+R20a+ASCII.zip&id=11310	R20a	DF Wanderer R20a ASCII/raw/objects/reaction_adventurer.txt	1060	FORGE_SPEAR_ADV	1	ADV_SMITHING_WEAPON	REACTION	FORGE_SPEAR_ADV
https://dffd.bay12games.com/file.php?id=11310	https://dffd.bay12games.com/download.php?f=DF+Wanderer+R20a+ASCII.zip&id=11310	R20a	DF Wanderer R20a ASCII/raw/objects/reaction_adventurer.txt	1061	FORGE_SPEAR_ADV	1	ADV_SMITHING_WEAPON	NAME	forge spear
https://dffd.bay12games.com/file.php?id=11310	https://dffd.bay12games.com/download.php?f=DF+Wanderer+R20a+ASCII.zip&id=11310	R20a	DF Wanderer R20a ASCII/raw/objects/reaction_adventurer.txt	1062	FORGE_SPEAR_ADV	1	ADV_SMITHING_WEAPON	ADVENTURE_MODE_ENABLED	
https://dffd.bay12games.com/file.php?id=11310	https://dffd.bay12games.com/download.php?f=DF+Wanderer+R20a+ASCII.zip&id=11310	R20a	DF Wanderer R20a ASCII/raw/objects/reaction_adventurer.txt	1063	FORGE_SPEAR_ADV	1	ADV_SMITHING_WEAPON	BUILDING	CARPENTER:NONE
https://dffd.bay12games.com/file.php?id=11310	https://dffd.bay12games.com/download.php?f=DF+Wanderer+R20a+ASCII.zip&id=11310	R20a	DF Wanderer R20a ASCII/raw/objects/reaction_adventurer.txt	1064	FORGE_SPEAR_ADV	1	ADV_SMITHING_WEAPON	REAGENT	tip:1:TOOL:ITEM_TOOL_CHUNK:NONE:NONE
https://dffd.bay12games.com/file.php?id=11310	https://dffd.bay12games.com/download.php?f=DF+Wanderer+R20a+ASCII.zip&id=11310	R20a	DF Wanderer R20a ASCII/raw/objects/reaction_adventurer.txt	1064	FORGE_SPEAR_ADV	1	ADV_SMITHING_WEAPON	REACTION_CLASS	METAL
https://dffd.bay12games.com/file.php?id=11310	https://dffd.bay12games.com/download.php?f=DF+Wanderer+R20a+ASCII.zip&id=11310	R20a	DF Wanderer R20a ASCII/raw/objects/reaction_adventurer.txt	1065	FORGE_SPEAR_ADV	1	ADV_SMITHING_WEAPON	REAGENT	handle:1:TOOL:ITEM_TOOL_CHUNK:NONE:NONE
https://dffd.bay12games.com/file.php?id=11310	https://dffd.bay12games.com/download.php?f=DF+Wanderer+R20a+ASCII.zip&id=11310	R20a	DF Wanderer R20a ASCII/raw/objects/reaction_adventurer.txt	1065	FORGE_SPEAR_ADV	1	ADV_SMITHING_WEAPON	REACTION_CLASS	METAL
https://dffd.bay12games.com/file.php?id=11310	https://dffd.bay12games.com/download.php?f=DF+Wanderer+R20a+ASCII.zip&id=11310	R20a	DF Wanderer R20a ASCII/raw/objects/reaction_adventurer.txt	1066	FORGE_SPEAR_ADV	1	ADV_SMITHING_WEAPON	PRODUCT	100:1:WEAPON:ITEM_WEAPON_SPEAR:GET_MATERIAL_FROM_REAGENT:tip:NONE
https://dffd.bay12games.com/file.php?id=11310	https://dffd.bay12games.com/download.php?f=DF+Wanderer+R20a+ASCII.zip&id=11310	R20a	DF Wanderer R20a ASCII/raw/objects/reaction_adventurer.txt	1067	FORGE_SPEAR_ADV	1	ADV_SMITHING_WEAPON	SKILL	FORGE_WEAPON
https://dffd.bay12games.com/file.php?id=11310	https://dffd.bay12games.com/download.php?f=DF+Wanderer+R20a+ASCII.zip&id=11310	R20a	DF Wanderer R20a ASCII/raw/objects/reaction_adventurer.txt	1068	FORGE_SPEAR_ADV	1	ADV_SMITHING_WEAPON	CATEGORY	ADV_SMITHING_WEAPON
https://dffd.bay12games.com/file.php?id=11310	https://dffd.bay12games.com/download.php?f=DF+Wanderer+R20a+ASCII.zip&id=11310	R20a	DF Wanderer R20a ASCII/raw/objects/reaction_adventurer.txt	1070	FORGE_TWOHANDED_SWORD_ADV	1	ADV_SMITHING_WEAPON	REACTION	FORGE_TWOHANDED_SWORD_ADV
https://dffd.bay12games.com/file.php?id=11310	https://dffd.bay12games.com/download.php?f=DF+Wanderer+R20a+ASCII.zip&id=11310	R20a	DF Wanderer R20a ASCII/raw/objects/reaction_adventurer.txt	1071	FORGE_TWOHANDED_SWORD_ADV	1	ADV_SMITHING_WEAPON	NAME	forge two-handed sword
https://dffd.bay12games.com/file.php?id=11310	https://dffd.bay12games.com/download.php?f=DF+Wanderer+R20a+ASCII.zip&id=11310	R20a	DF Wanderer R20a ASCII/raw/objects/reaction_adventurer.txt	1072	FORGE_TWOHANDED_SWORD_ADV	1	ADV_SMITHING_WEAPON	ADVENTURE_MODE_ENABLED	
https://dffd.bay12games.com/file.php?id=11310	https://dffd.bay12games.com/download.php?f=DF+Wanderer+R20a+ASCII.zip&id=11310	R20a	DF Wanderer R20a ASCII/raw/objects/reaction_adventurer.txt	1073	FORGE_TWOHANDED_SWORD_ADV	1	ADV_SMITHING_WEAPON	BUILDING	CARPENTER:NONE
https://dffd.bay12games.com/file.php?id=11310	https://dffd.bay12games.com/download.php?f=DF+Wanderer+R20a+ASCII.zip&id=11310	R20a	DF Wanderer R20a ASCII/raw/objects/reaction_adventurer.txt	1074	FORGE_TWOHANDED_SWORD_ADV	1	ADV_SMITHING_WEAPON	REAGENT	blade:1:TOOL:ITEM_TOOL_CHUNK:NONE:NONE
https://dffd.bay12games.com/file.php?id=11310	https://dffd.bay12games.com/download.php?f=DF+Wanderer+R20a+ASCII.zip&id=11310	R20a	DF Wanderer R20a ASCII/raw/objects/reaction_adventurer.txt	1074	FORGE_TWOHANDED_SWORD_ADV	1	ADV_SMITHING_WEAPON	REACTION_CLASS	METAL
https://dffd.bay12games.com/file.php?id=11310	https://dffd.bay12games.com/download.php?f=DF+Wanderer+R20a+ASCII.zip&id=11310	R20a	DF Wanderer R20a ASCII/raw/objects/reaction_adventurer.txt	1075	FORGE_TWOHANDED_SWORD_ADV	1	ADV_SMITHING_WEAPON	REAGENT	frame:1:TOOL:ITEM_TOOL_CHUNK:NONE:NONE
https://dffd.bay12games.com/file.php?id=11310	https://dffd.bay12games.com/download.php?f=DF+Wanderer+R20a+ASCII.zip&id=11310	R20a	DF Wanderer R20a ASCII/raw/objects/reaction_adventurer.txt	1075	FORGE_TWOHANDED_SWORD_ADV	1	ADV_SMITHING_WEAPON	REACTION_CLASS	METAL
https://dffd.bay12games.com/file.php?id=11310	https://dffd.bay12games.com/download.php?f=DF+Wanderer+R20a+ASCII.zip&id=11310	R20a	DF Wanderer R20a ASCII/raw/objects/reaction_adventurer.txt	1076	FORGE_TWOHANDED_SWORD_ADV	1	ADV_SMITHING_WEAPON	REAGENT	handle:1:TOOL:ITEM_TOOL_CHUNK:NONE:NONE
https://dffd.bay12games.com/file.php?id=11310	https://dffd.bay12games.com/download.php?f=DF+Wanderer+R20a+ASCII.zip&id=11310	R20a	DF Wanderer R20a ASCII/raw/objects/reaction_adventurer.txt	1076	FORGE_TWOHANDED_SWORD_ADV	1	ADV_SMITHING_WEAPON	REACTION_CLASS	METAL
https://dffd.bay12games.com/file.php?id=11310	https://dffd.bay12games.com/download.php?f=DF+Wanderer+R20a+ASCII.zip&id=11310	R20a	DF Wanderer R20a ASCII/raw/objects/reaction_adventurer.txt	1077	FORGE_TWOHANDED_SWORD_ADV	1	ADV_SMITHING_WEAPON	PRODUCT	100:1:WEAPON:ITEM_WEAPON_SWORD_2H:GET_MATERIAL_FROM_REAGENT:blade:NONE
https://dffd.bay12games.com/file.php?id=11310	https://dffd.bay12games.com/download.php?f=DF+Wanderer+R20a+ASCII.zip&id=11310	R20a	DF Wanderer R20a ASCII/raw/objects/reaction_adventurer.txt	1078	FORGE_TWOHANDED_SWORD_ADV	1	ADV_SMITHING_WEAPON	SKILL	FORGE_WEAPON
https://dffd.bay12games.com/file.php?id=11310	https://dffd.bay12games.com/download.php?f=DF+Wanderer+R20a+ASCII.zip&id=11310	R20a	DF Wanderer R20a ASCII/raw/objects/reaction_adventurer.txt	1079	FORGE_TWOHANDED_SWORD_ADV	1	ADV_SMITHING_WEAPON	CATEGORY	ADV_SMITHING_WEAPON
https://dffd.bay12games.com/file.php?id=11310	https://dffd.bay12games.com/download.php?f=DF+Wanderer+R20a+ASCII.zip&id=11310	R20a	DF Wanderer R20a ASCII/raw/objects/reaction_adventurer.txt	1081	FORGE_WAR_HAMMER_ADV	1	ADV_SMITHING_WEAPON	REACTION	FORGE_WAR_HAMMER_ADV
https://dffd.bay12games.com/file.php?id=11310	https://dffd.bay12games.com/download.php?f=DF+Wanderer+R20a+ASCII.zip&id=11310	R20a	DF Wanderer R20a ASCII/raw/objects/reaction_adventurer.txt	1082	FORGE_WAR_HAMMER_ADV	1	ADV_SMITHING_WEAPON	NAME	forge war hammer
https://dffd.bay12games.com/file.php?id=11310	https://dffd.bay12games.com/download.php?f=DF+Wanderer+R20a+ASCII.zip&id=11310	R20a	DF Wanderer R20a ASCII/raw/objects/reaction_adventurer.txt	1083	FORGE_WAR_HAMMER_ADV	1	ADV_SMITHING_WEAPON	ADVENTURE_MODE_ENABLED	
https://dffd.bay12games.com/file.php?id=11310	https://dffd.bay12games.com/download.php?f=DF+Wanderer+R20a+ASCII.zip&id=11310	R20a	DF Wanderer R20a ASCII/raw/objects/reaction_adventurer.txt	1084	FORGE_WAR_HAMMER_ADV	1	ADV_SMITHING_WEAPON	BUILDING	CARPENTER:NONE
https://dffd.bay12games.com/file.php?id=11310	https://dffd.bay12games.com/download.php?f=DF+Wanderer+R20a+ASCII.zip&id=11310	R20a	DF Wanderer R20a ASCII/raw/objects/reaction_adventurer.txt	1085	FORGE_WAR_HAMMER_ADV	1	ADV_SMITHING_WEAPON	REAGENT	head:1:TOOL:ITEM_TOOL_CHUNK:NONE:NONE
https://dffd.bay12games.com/file.php?id=11310	https://dffd.bay12games.com/download.php?f=DF+Wanderer+R20a+ASCII.zip&id=11310	R20a	DF Wanderer R20a ASCII/raw/objects/reaction_adventurer.txt	1085	FORGE_WAR_HAMMER_ADV	1	ADV_SMITHING_WEAPON	REACTION_CLASS	METAL
https://dffd.bay12games.com/file.php?id=11310	https://dffd.bay12games.com/download.php?f=DF+Wanderer+R20a+ASCII.zip&id=11310	R20a	DF Wanderer R20a ASCII/raw/objects/reaction_adventurer.txt	1086	FORGE_WAR_HAMMER_ADV	1	ADV_SMITHING_WEAPON	REAGENT	handle:1:TOOL:ITEM_TOOL_CHUNK:NONE:NONE
https://dffd.bay12games.com/file.php?id=11310	https://dffd.bay12games.com/download.php?f=DF+Wanderer+R20a+ASCII.zip&id=11310	R20a	DF Wanderer R20a ASCII/raw/objects/reaction_adventurer.txt	1086	FORGE_WAR_HAMMER_ADV	1	ADV_SMITHING_WEAPON	REACTION_CLASS	METAL
https://dffd.bay12games.com/file.php?id=11310	https://dffd.bay12games.com/download.php?f=DF+Wanderer+R20a+ASCII.zip&id=11310	R20a	DF Wanderer R20a ASCII/raw/objects/reaction_adventurer.txt	1087	FORGE_WAR_HAMMER_ADV	1	ADV_SMITHING_WEAPON	PRODUCT	100:1:WEAPON:ITEM_WEAPON_HAMMER_WAR:GET_MATERIAL_FROM_REAGENT:head:NONE
https://dffd.bay12games.com/file.php?id=11310	https://dffd.bay12games.com/download.php?f=DF+Wanderer+R20a+ASCII.zip&id=11310	R20a	DF Wanderer R20a ASCII/raw/objects/reaction_adventurer.txt	1088	FORGE_WAR_HAMMER_ADV	1	ADV_SMITHING_WEAPON	SKILL	FORGE_WEAPON
https://dffd.bay12games.com/file.php?id=11310	https://dffd.bay12games.com/download.php?f=DF+Wanderer+R20a+ASCII.zip&id=11310	R20a	DF Wanderer R20a ASCII/raw/objects/reaction_adventurer.txt	1089	FORGE_WAR_HAMMER_ADV	1	ADV_SMITHING_WEAPON	CATEGORY	ADV_SMITHING_WEAPON
https://dffd.bay12games.com/file.php?id=11310	https://dffd.bay12games.com/download.php?f=DF+Wanderer+R20a+ASCII.zip&id=11310	R20a	DF Wanderer R20a ASCII/raw/objects/reaction_adventurer.txt	1093	FORGE_BOOTS_ADV	1	ADV_SMITHING_ARMOR	REACTION	FORGE_BOOTS_ADV
https://dffd.bay12games.com/file.php?id=11310	https://dffd.bay12games.com/download.php?f=DF+Wanderer+R20a+ASCII.zip&id=11310	R20a	DF Wanderer R20a ASCII/raw/objects/reaction_adventurer.txt	1094	FORGE_BOOTS_ADV	1	ADV_SMITHING_ARMOR	NAME	forge boots
https://dffd.bay12games.com/file.php?id=11310	https://dffd.bay12games.com/download.php?f=DF+Wanderer+R20a+ASCII.zip&id=11310	R20a	DF Wanderer R20a ASCII/raw/objects/reaction_adventurer.txt	1095	FORGE_BOOTS_ADV	1	ADV_SMITHING_ARMOR	ADVENTURE_MODE_ENABLED	
https://dffd.bay12games.com/file.php?id=11310	https://dffd.bay12games.com/download.php?f=DF+Wanderer+R20a+ASCII.zip&id=11310	R20a	DF Wanderer R20a ASCII/raw/objects/reaction_adventurer.txt	1096	FORGE_BOOTS_ADV	1	ADV_SMITHING_ARMOR	BUILDING	CARPENTER:NONE
https://dffd.bay12games.com/file.php?id=11310	https://dffd.bay12games.com/download.php?f=DF+Wanderer+R20a+ASCII.zip&id=11310	R20a	DF Wanderer R20a ASCII/raw/objects/reaction_adventurer.txt	1097	FORGE_BOOTS_ADV	1	ADV_SMITHING_ARMOR	REAGENT	chunks:2:TOOL:ITEM_TOOL_CHUNK:NONE:NONE
https://dffd.bay12games.com/file.php?id=11310	https://dffd.bay12games.com/download.php?f=DF+Wanderer+R20a+ASCII.zip&id=11310	R20a	DF Wanderer R20a ASCII/raw/objects/reaction_adventurer.txt	1097	FORGE_BOOTS_ADV	1	ADV_SMITHING_ARMOR	REACTION_CLASS	METAL
https://dffd.bay12games.com/file.php?id=11310	https://dffd.bay12games.com/download.php?f=DF+Wanderer+R20a+ASCII.zip&id=11310	R20a	DF Wanderer R20a ASCII/raw/objects/reaction_adventurer.txt	1098	FORGE_BOOTS_ADV	1	ADV_SMITHING_ARMOR	PRODUCT	100:2:SHOES:ITEM_SHOES_BOOTS:GET_MATERIAL_FROM_REAGENT:chunks:NONE
https://dffd.bay12games.com/file.php?id=11310	https://dffd.bay12games.com/download.php?f=DF+Wanderer+R20a+ASCII.zip&id=11310	R20a	DF Wanderer R20a ASCII/raw/objects/reaction_adventurer.txt	1099	FORGE_BOOTS_ADV	1	ADV_SMITHING_ARMOR	SKILL	FORGE_ARMOR
https://dffd.bay12games.com/file.php?id=11310	https://dffd.bay12games.com/download.php?f=DF+Wanderer+R20a+ASCII.zip&id=11310	R20a	DF Wanderer R20a ASCII/raw/objects/reaction_adventurer.txt	1100	FORGE_BOOTS_ADV	1	ADV_SMITHING_ARMOR	CATEGORY	ADV_SMITHING_ARMOR
https://dffd.bay12games.com/file.php?id=11310	https://dffd.bay12games.com/download.php?f=DF+Wanderer+R20a+ASCII.zip&id=11310	R20a	DF Wanderer R20a ASCII/raw/objects/reaction_adventurer.txt	1101	FORGE_BOOTS_ADV	1	ADV_SMITHING_ARMOR	CATEGORY_NAME	Smithing armor
https://dffd.bay12games.com/file.php?id=11310	https://dffd.bay12games.com/download.php?f=DF+Wanderer+R20a+ASCII.zip&id=11310	R20a	DF Wanderer R20a ASCII/raw/objects/reaction_adventurer.txt	1102	FORGE_BOOTS_ADV	1	ADV_SMITHING_ARMOR	CATEGORY_DESCRIPTION	Make metal armor from metal chunks.
https://dffd.bay12games.com/file.php?id=11310	https://dffd.bay12games.com/download.php?f=DF+Wanderer+R20a+ASCII.zip&id=11310	R20a	DF Wanderer R20a ASCII/raw/objects/reaction_adventurer.txt	1104	FORGE_BREASTPLATE_ADV	1	ADV_SMITHING_ARMOR	REACTION	FORGE_BREASTPLATE_ADV
https://dffd.bay12games.com/file.php?id=11310	https://dffd.bay12games.com/download.php?f=DF+Wanderer+R20a+ASCII.zip&id=11310	R20a	DF Wanderer R20a ASCII/raw/objects/reaction_adventurer.txt	1105	FORGE_BREASTPLATE_ADV	1	ADV_SMITHING_ARMOR	NAME	forge breastplate
https://dffd.bay12games.com/file.php?id=11310	https://dffd.bay12games.com/download.php?f=DF+Wanderer+R20a+ASCII.zip&id=11310	R20a	DF Wanderer R20a ASCII/raw/objects/reaction_adventurer.txt	1106	FORGE_BREASTPLATE_ADV	1	ADV_SMITHING_ARMOR	ADVENTURE_MODE_ENABLED	
https://dffd.bay12games.com/file.php?id=11310	https://dffd.bay12games.com/download.php?f=DF+Wanderer+R20a+ASCII.zip&id=11310	R20a	DF Wanderer R20a ASCII/raw/objects/reaction_adventurer.txt	1107	FORGE_BREASTPLATE_ADV	1	ADV_SMITHING_ARMOR	BUILDING	CARPENTER:NONE
https://dffd.bay12games.com/file.php?id=11310	https://dffd.bay12games.com/download.php?f=DF+Wanderer+R20a+ASCII.zip&id=11310	R20a	DF Wanderer R20a ASCII/raw/objects/reaction_adventurer.txt	1108	FORGE_BREASTPLATE_ADV	1	ADV_SMITHING_ARMOR	REAGENT	plating:1:TOOL:ITEM_TOOL_CHUNK:NONE:NONE
https://dffd.bay12games.com/file.php?id=11310	https://dffd.bay12games.com/download.php?f=DF+Wanderer+R20a+ASCII.zip&id=11310	R20a	DF Wanderer R20a ASCII/raw/objects/reaction_adventurer.txt	1108	FORGE_BREASTPLATE_ADV	1	ADV_SMITHING_ARMOR	REACTION_CLASS	METAL
https://dffd.bay12games.com/file.php?id=11310	https://dffd.bay12games.com/download.php?f=DF+Wanderer+R20a+ASCII.zip&id=11310	R20a	DF Wanderer R20a ASCII/raw/objects/reaction_adventurer.txt	1109	FORGE_BREASTPLATE_ADV	1	ADV_SMITHING_ARMOR	REAGENT	frame:1:TOOL:ITEM_TOOL_CHUNK:NONE:NONE
https://dffd.bay12games.com/file.php?id=11310	https://dffd.bay12games.com/download.php?f=DF+Wanderer+R20a+ASCII.zip&id=11310	R20a	DF Wanderer R20a ASCII/raw/objects/reaction_adventurer.txt	1109	FORGE_BREASTPLATE_ADV	1	ADV_SMITHING_ARMOR	REACTION_CLASS	METAL
https://dffd.bay12games.com/file.php?id=11310	https://dffd.bay12games.com/download.php?f=DF+Wanderer+R20a+ASCII.zip&id=11310	R20a	DF Wanderer R20a ASCII/raw/objects/reaction_adventurer.txt	1110	FORGE_BREASTPLATE_ADV	1	ADV_SMITHING_ARMOR	PRODUCT	100:1:ARMOR:ITEM_ARMOR_BREASTPLATE:GET_MATERIAL_FROM_REAGENT:plating:NONE
https://dffd.bay12games.com/file.php?id=11310	https://dffd.bay12games.com/download.php?f=DF+Wanderer+R20a+ASCII.zip&id=11310	R20a	DF Wanderer R20a ASCII/raw/objects/reaction_adventurer.txt	1111	FORGE_BREASTPLATE_ADV	1	ADV_SMITHING_ARMOR	SKILL	FORGE_ARMOR
https://dffd.bay12games.com/file.php?id=11310	https://dffd.bay12games.com/download.php?f=DF+Wanderer+R20a+ASCII.zip&id=11310	R20a	DF Wanderer R20a ASCII/raw/objects/reaction_adventurer.txt	1112	FORGE_BREASTPLATE_ADV	1	ADV_SMITHING_ARMOR	CATEGORY	ADV_SMITHING_ARMOR
https://dffd.bay12games.com/file.php?id=11310	https://dffd.bay12games.com/download.php?f=DF+Wanderer+R20a+ASCII.zip&id=11310	R20a	DF Wanderer R20a ASCII/raw/objects/reaction_adventurer.txt	1114	FORGE_CHAINMAIL_ADV	1	ADV_SMITHING_ARMOR	REACTION	FORGE_CHAINMAIL_ADV
https://dffd.bay12games.com/file.php?id=11310	https://dffd.bay12games.com/download.php?f=DF+Wanderer+R20a+ASCII.zip&id=11310	R20a	DF Wanderer R20a ASCII/raw/objects/reaction_adventurer.txt	1115	FORGE_CHAINMAIL_ADV	1	ADV_SMITHING_ARMOR	NAME	forge chainmail
https://dffd.bay12games.com/file.php?id=11310	https://dffd.bay12games.com/download.php?f=DF+Wanderer+R20a+ASCII.zip&id=11310	R20a	DF Wanderer R20a ASCII/raw/objects/reaction_adventurer.txt	1116	FORGE_CHAINMAIL_ADV	1	ADV_SMITHING_ARMOR	ADVENTURE_MODE_ENABLED	
https://dffd.bay12games.com/file.php?id=11310	https://dffd.bay12games.com/download.php?f=DF+Wanderer+R20a+ASCII.zip&id=11310	R20a	DF Wanderer R20a ASCII/raw/objects/reaction_adventurer.txt	1117	FORGE_CHAINMAIL_ADV	1	ADV_SMITHING_ARMOR	BUILDING	CARPENTER:NONE
https://dffd.bay12games.com/file.php?id=11310	https://dffd.bay12games.com/download.php?f=DF+Wanderer+R20a+ASCII.zip&id=11310	R20a	DF Wanderer R20a ASCII/raw/objects/reaction_adventurer.txt	1118	FORGE_CHAINMAIL_ADV	1	ADV_SMITHING_ARMOR	REAGENT	wire metal:2:TOOL:ITEM_TOOL_CHUNK:NONE:NONE
https://dffd.bay12games.com/file.php?id=11310	https://dffd.bay12games.com/download.php?f=DF+Wanderer+R20a+ASCII.zip&id=11310	R20a	DF Wanderer R20a ASCII/raw/objects/reaction_adventurer.txt	1118	FORGE_CHAINMAIL_ADV	1	ADV_SMITHING_ARMOR	REACTION_CLASS	METAL
https://dffd.bay12games.com/file.php?id=11310	https://dffd.bay12games.com/download.php?f=DF+Wanderer+R20a+ASCII.zip&id=11310	R20a	DF Wanderer R20a ASCII/raw/objects/reaction_adventurer.txt	1119	FORGE_CHAINMAIL_ADV	1	ADV_SMITHING_ARMOR	PRODUCT	100:1:ARMOR:ITEM_ARMOR_MAIL_SHIRT:GET_MATERIAL_FROM_REAGENT:wire metal:NONE
https://dffd.bay12games.com/file.php?id=11310	https://dffd.bay12games.com/download.php?f=DF+Wanderer+R20a+ASCII.zip&id=11310	R20a	DF Wanderer R20a ASCII/raw/objects/reaction_adventurer.txt	1120	FORGE_CHAINMAIL_ADV	1	ADV_SMITHING_ARMOR	SKILL	FORGE_ARMOR
https://dffd.bay12games.com/file.php?id=11310	https://dffd.bay12games.com/download.php?f=DF+Wanderer+R20a+ASCII.zip&id=11310	R20a	DF Wanderer R20a ASCII/raw/objects/reaction_adventurer.txt	1121	FORGE_CHAINMAIL_ADV	1	ADV_SMITHING_ARMOR	CATEGORY	ADV_SMITHING_ARMOR
https://dffd.bay12games.com/file.php?id=11310	https://dffd.bay12games.com/download.php?f=DF+Wanderer+R20a+ASCII.zip&id=11310	R20a	DF Wanderer R20a ASCII/raw/objects/reaction_adventurer.txt	1123	FORGE_HELM_ADV	1	ADV_SMITHING_ARMOR	REACTION	FORGE_HELM_ADV
https://dffd.bay12games.com/file.php?id=11310	https://dffd.bay12games.com/download.php?f=DF+Wanderer+R20a+ASCII.zip&id=11310	R20a	DF Wanderer R20a ASCII/raw/objects/reaction_adventurer.txt	1124	FORGE_HELM_ADV	1	ADV_SMITHING_ARMOR	NAME	forge helm
https://dffd.bay12games.com/file.php?id=11310	https://dffd.bay12games.com/download.php?f=DF+Wanderer+R20a+ASCII.zip&id=11310	R20a	DF Wanderer R20a ASCII/raw/objects/reaction_adventurer.txt	1125	FORGE_HELM_ADV	1	ADV_SMITHING_ARMOR	BUILDING	CARPENTER:NONE
https://dffd.bay12games.com/file.php?id=11310	https://dffd.bay12games.com/download.php?f=DF+Wanderer+R20a+ASCII.zip&id=11310	R20a	DF Wanderer R20a ASCII/raw/objects/reaction_adventurer.txt	1126	FORGE_HELM_ADV	1	ADV_SMITHING_ARMOR	ADVENTURE_MODE_ENABLED	
https://dffd.bay12games.com/file.php?id=11310	https://dffd.bay12games.com/download.php?f=DF+Wanderer+R20a+ASCII.zip&id=11310	R20a	DF Wanderer R20a ASCII/raw/objects/reaction_adventurer.txt	1127	FORGE_HELM_ADV	1	ADV_SMITHING_ARMOR	REAGENT	chunk:1:TOOL:ITEM_TOOL_CHUNK:NONE:NONE
https://dffd.bay12games.com/file.php?id=11310	https://dffd.bay12games.com/download.php?f=DF+Wanderer+R20a+ASCII.zip&id=11310	R20a	DF Wanderer R20a ASCII/raw/objects/reaction_adventurer.txt	1127	FORGE_HELM_ADV	1	ADV_SMITHING_ARMOR	REACTION_CLASS	METAL
https://dffd.bay12games.com/file.php?id=11310	https://dffd.bay12games.com/download.php?f=DF+Wanderer+R20a+ASCII.zip&id=11310	R20a	DF Wanderer R20a ASCII/raw/objects/reaction_adventurer.txt	1128	FORGE_HELM_ADV	1	ADV_SMITHING_ARMOR	PRODUCT	100:1:HELM:ITEM_HELM_HELM:GET_MATERIAL_FROM_REAGENT:chunk:NONE
https://dffd.bay12games.com/file.php?id=11310	https://dffd.bay12games.com/download.php?f=DF+Wanderer+R20a+ASCII.zip&id=11310	R20a	DF Wanderer R20a ASCII/raw/objects/reaction_adventurer.txt	1129	FORGE_HELM_ADV	1	ADV_SMITHING_ARMOR	SKILL	FORGE_ARMOR
https://dffd.bay12games.com/file.php?id=11310	https://dffd.bay12games.com/download.php?f=DF+Wanderer+R20a+ASCII.zip&id=11310	R20a	DF Wanderer R20a ASCII/raw/objects/reaction_adventurer.txt	1130	FORGE_HELM_ADV	1	ADV_SMITHING_ARMOR	CATEGORY	ADV_SMITHING_ARMOR
https://dffd.bay12games.com/file.php?id=11310	https://dffd.bay12games.com/download.php?f=DF+Wanderer+R20a+ASCII.zip&id=11310	R20a	DF Wanderer R20a ASCII/raw/objects/reaction_adventurer.txt	1132	FORGE_GREAVES_ADV	1	ADV_SMITHING_ARMOR	REACTION	FORGE_GREAVES_ADV
https://dffd.bay12games.com/file.php?id=11310	https://dffd.bay12games.com/download.php?f=DF+Wanderer+R20a+ASCII.zip&id=11310	R20a	DF Wanderer R20a ASCII/raw/objects/reaction_adventurer.txt	1133	FORGE_GREAVES_ADV	1	ADV_SMITHING_ARMOR	NAME	forge greaves
https://dffd.bay12games.com/file.php?id=11310	https://dffd.bay12games.com/download.php?f=DF+Wanderer+R20a+ASCII.zip&id=11310	R20a	DF Wanderer R20a ASCII/raw/objects/reaction_adventurer.txt	1134	FORGE_GREAVES_ADV	1	ADV_SMITHING_ARMOR	ADVENTURE_MODE_ENABLED	
https://dffd.bay12games.com/file.php?id=11310	https://dffd.bay12games.com/download.php?f=DF+Wanderer+R20a+ASCII.zip&id=11310	R20a	DF Wanderer R20a ASCII/raw/objects/reaction_adventurer.txt	1135	FORGE_GREAVES_ADV	1	ADV_SMITHING_ARMOR	BUILDING	CARPENTER:NONE
https://dffd.bay12games.com/file.php?id=11310	https://dffd.bay12games.com/download.php?f=DF+Wanderer+R20a+ASCII.zip&id=11310	R20a	DF Wanderer R20a ASCII/raw/objects/reaction_adventurer.txt	1136	FORGE_GREAVES_ADV	1	ADV_SMITHING_ARMOR	REAGENT	plating:1:TOOL:ITEM_TOOL_CHUNK:NONE:NONE
https://dffd.bay12games.com/file.php?id=11310	https://dffd.bay12games.com/download.php?f=DF+Wanderer+R20a+ASCII.zip&id=11310	R20a	DF Wanderer R20a ASCII/raw/objects/reaction_adventurer.txt	1136	FORGE_GREAVES_ADV	1	ADV_SMITHING_ARMOR	REACTION_CLASS	METAL
https://dffd.bay12games.com/file.php?id=11310	https://dffd.bay12games.com/download.php?f=DF+Wanderer+R20a+ASCII.zip&id=11310	R20a	DF Wanderer R20a ASCII/raw/objects/reaction_adventurer.txt	1137	FORGE_GREAVES_ADV	1	ADV_SMITHING_ARMOR	REAGENT	frame:1:TOOL:ITEM_TOOL_CHUNK:NONE:NONE
https://dffd.bay12games.com/file.php?id=11310	https://dffd.bay12games.com/download.php?f=DF+Wanderer+R20a+ASCII.zip&id=11310	R20a	DF Wanderer R20a ASCII/raw/objects/reaction_adventurer.txt	1137	FORGE_GREAVES_ADV	1	ADV_SMITHING_ARMOR	REACTION_CLASS	METAL
https://dffd.bay12games.com/file.php?id=11310	https://dffd.bay12games.com/download.php?f=DF+Wanderer+R20a+ASCII.zip&id=11310	R20a	DF Wanderer R20a ASCII/raw/objects/reaction_adventurer.txt	1138	FORGE_GREAVES_ADV	1	ADV_SMITHING_ARMOR	PRODUCT	100:1:PANTS:ITEM_PANTS_GREAVES:GET_MATERIAL_FROM_REAGENT:plating:NONE
https://dffd.bay12games.com/file.php?id=11310	https://dffd.bay12games.com/download.php?f=DF+Wanderer+R20a+ASCII.zip&id=11310	R20a	DF Wanderer R20a ASCII/raw/objects/reaction_adventurer.txt	1139	FORGE_GREAVES_ADV	1	ADV_SMITHING_ARMOR	SKILL	FORGE_ARMOR
https://dffd.bay12games.com/file.php?id=11310	https://dffd.bay12games.com/download.php?f=DF+Wanderer+R20a+ASCII.zip&id=11310	R20a	DF Wanderer R20a ASCII/raw/objects/reaction_adventurer.txt	1140	FORGE_GREAVES_ADV	1	ADV_SMITHING_ARMOR	CATEGORY	ADV_SMITHING_ARMOR
https://dffd.bay12games.com/file.php?id=11310	https://dffd.bay12games.com/download.php?f=DF+Wanderer+R20a+ASCII.zip&id=11310	R20a	DF Wanderer R20a ASCII/raw/objects/reaction_adventurer.txt	1144	MAKE_ROCK_ARROWS_BONE_ADV	1	ADV_STONECRAFT_AMMO	REACTION	MAKE_ROCK_ARROWS_BONE_ADV
https://dffd.bay12games.com/file.php?id=11310	https://dffd.bay12games.com/download.php?f=DF+Wanderer+R20a+ASCII.zip&id=11310	R20a	DF Wanderer R20a ASCII/raw/objects/reaction_adventurer.txt	1145	MAKE_ROCK_ARROWS_BONE_ADV	1	ADV_STONECRAFT_AMMO	NAME	make stone arrows (bone shaft)
https://dffd.bay12games.com/file.php?id=11310	https://dffd.bay12games.com/download.php?f=DF+Wanderer+R20a+ASCII.zip&id=11310	R20a	DF Wanderer R20a ASCII/raw/objects/reaction_adventurer.txt	1146	MAKE_ROCK_ARROWS_BONE_ADV	1	ADV_STONECRAFT_AMMO	ADVENTURE_MODE_ENABLED	
https://dffd.bay12games.com/file.php?id=11310	https://dffd.bay12games.com/download.php?f=DF+Wanderer+R20a+ASCII.zip&id=11310	R20a	DF Wanderer R20a ASCII/raw/objects/reaction_adventurer.txt	1147	MAKE_ROCK_ARROWS_BONE_ADV	1	ADV_STONECRAFT_AMMO	REAGENT	bone:1:NONE:NONE:NONE:NONE
https://dffd.bay12games.com/file.php?id=11310	https://dffd.bay12games.com/download.php?f=DF+Wanderer+R20a+ASCII.zip&id=11310	R20a	DF Wanderer R20a ASCII/raw/objects/reaction_adventurer.txt	1147	MAKE_ROCK_ARROWS_BONE_ADV	1	ADV_STONECRAFT_AMMO	USE_BODY_COMPONENT	
https://dffd.bay12games.com/file.php?id=11310	https://dffd.bay12games.com/download.php?f=DF+Wanderer+R20a+ASCII.zip&id=11310	R20a	DF Wanderer R20a ASCII/raw/objects/reaction_adventurer.txt	1147	MAKE_ROCK_ARROWS_BONE_ADV	1	ADV_STONECRAFT_AMMO	ANY_BONE_MATERIAL	
https://dffd.bay12games.com/file.php?id=11310	https://dffd.bay12games.com/download.php?f=DF+Wanderer+R20a+ASCII.zip&id=11310	R20a	DF Wanderer R20a ASCII/raw/objects/reaction_adventurer.txt	1148	MAKE_ROCK_ARROWS_BONE_ADV	1	ADV_STONECRAFT_AMMO	REAGENT	tool:1:NONE:NONE:NONE:NONE
https://dffd.bay12games.com/file.php?id=11310	https://dffd.bay12games.com/download.php?f=DF+Wanderer+R20a+ASCII.zip&id=11310	R20a	DF Wanderer R20a ASCII/raw/objects/reaction_adventurer.txt	1149	MAKE_ROCK_ARROWS_BONE_ADV	1	ADV_STONECRAFT_AMMO	PRESERVE_REAGENT	
https://dffd.bay12games.com/file.php?id=11310	https://dffd.bay12games.com/download.php?f=DF+Wanderer+R20a+ASCII.zip&id=11310	R20a	DF Wanderer R20a ASCII/raw/objects/reaction_adventurer.txt	1149	MAKE_ROCK_ARROWS_BONE_ADV	1	ADV_STONECRAFT_AMMO	HAS_EDGE	
https://dffd.bay12games.com/file.php?id=11310	https://dffd.bay12games.com/download.php?f=DF+Wanderer+R20a+ASCII.zip&id=11310	R20a	DF Wanderer R20a ASCII/raw/objects/reaction_adventurer.txt	1150	MAKE_ROCK_ARROWS_BONE_ADV	1	ADV_STONECRAFT_AMMO	REAGENT	rock:1:ROCK:NONE:NONE:NONE
https://dffd.bay12games.com/file.php?id=11310	https://dffd.bay12games.com/download.php?f=DF+Wanderer+R20a+ASCII.zip&id=11310	R20a	DF Wanderer R20a ASCII/raw/objects/reaction_adventurer.txt	1151	MAKE_ROCK_ARROWS_BONE_ADV	1	ADV_STONECRAFT_AMMO	PRODUCT	100:15:AMMO:ITEM_AMMO_ARROWS:GET_MATERIAL_FROM_REAGENT:rock:NONE
https://dffd.bay12games.com/file.php?id=11310	https://dffd.bay12games.com/download.php?f=DF+Wanderer+R20a+ASCII.zip&id=11310	R20a	DF Wanderer R20a ASCII/raw/objects/reaction_adventurer.txt	1151	MAKE_ROCK_ARROWS_BONE_ADV	1	ADV_STONECRAFT_AMMO	FORCE_EDGE	
https://dffd.bay12games.com/file.php?id=11310	https://dffd.bay12games.com/download.php?f=DF+Wanderer+R20a+ASCII.zip&id=11310	R20a	DF Wanderer R20a ASCII/raw/objects/reaction_adventurer.txt	1152	MAKE_ROCK_ARROWS_BONE_ADV	1	ADV_STONECRAFT_AMMO	SKILL	STONECRAFT
https://dffd.bay12games.com/file.php?id=11310	https://dffd.bay12games.com/download.php?f=DF+Wanderer+R20a+ASCII.zip&id=11310	R20a	DF Wanderer R20a ASCII/raw/objects/reaction_adventurer.txt	1153	MAKE_ROCK_ARROWS_BONE_ADV	1	ADV_STONECRAFT_AMMO	CATEGORY	ADV_STONECRAFT_AMMO
https://dffd.bay12games.com/file.php?id=11310	https://dffd.bay12games.com/download.php?f=DF+Wanderer+R20a+ASCII.zip&id=11310	R20a	DF Wanderer R20a ASCII/raw/objects/reaction_adventurer.txt	1154	MAKE_ROCK_ARROWS_BONE_ADV	1	ADV_STONECRAFT_AMMO	CATEGORY_NAME	Stonecrafting - ammo
https://dffd.bay12games.com/file.php?id=11310	https://dffd.bay12games.com/download.php?f=DF+Wanderer+R20a+ASCII.zip&id=11310	R20a	DF Wanderer R20a ASCII/raw/objects/reaction_adventurer.txt	1155	MAKE_ROCK_ARROWS_BONE_ADV	1	ADV_STONECRAFT_AMMO	CATEGORY_DESCRIPTION	Make stone ammo and trinkets.
https://dffd.bay12games.com/file.php?id=11310	https://dffd.bay12games.com/download.php?f=DF+Wanderer+R20a+ASCII.zip&id=11310	R20a	DF Wanderer R20a ASCII/raw/objects/reaction_adventurer.txt	1157	MAKE_ROCK_ARROWS_STICK_ADV	1	ADV_STONECRAFT_AMMO	REACTION	MAKE_ROCK_ARROWS_STICK_ADV
https://dffd.bay12games.com/file.php?id=11310	https://dffd.bay12games.com/download.php?f=DF+Wanderer+R20a+ASCII.zip&id=11310	R20a	DF Wanderer R20a ASCII/raw/objects/reaction_adventurer.txt	1158	MAKE_ROCK_ARROWS_STICK_ADV	1	ADV_STONECRAFT_AMMO	NAME	make stone arrows (wooden shaft)
https://dffd.bay12games.com/file.php?id=11310	https://dffd.bay12games.com/download.php?f=DF+Wanderer+R20a+ASCII.zip&id=11310	R20a	DF Wanderer R20a ASCII/raw/objects/reaction_adventurer.txt	1159	MAKE_ROCK_ARROWS_STICK_ADV	1	ADV_STONECRAFT_AMMO	ADVENTURE_MODE_ENABLED	
https://dffd.bay12games.com/file.php?id=11310	https://dffd.bay12games.com/download.php?f=DF+Wanderer+R20a+ASCII.zip&id=11310	R20a	DF Wanderer R20a ASCII/raw/objects/reaction_adventurer.txt	1160	MAKE_ROCK_ARROWS_STICK_ADV	1	ADV_STONECRAFT_AMMO	REAGENT	log:1:WOOD:NONE:NONE:NONE
https://dffd.bay12games.com/file.php?id=11310	https://dffd.bay12games.com/download.php?f=DF+Wanderer+R20a+ASCII.zip&id=11310	R20a	DF Wanderer R20a ASCII/raw/objects/reaction_adventurer.txt	1161	MAKE_ROCK_ARROWS_STICK_ADV	1	ADV_STONECRAFT_AMMO	ANY_PLANT_MATERIAL	
https://dffd.bay12games.com/file.php?id=11310	https://dffd.bay12games.com/download.php?f=DF+Wanderer+R20a+ASCII.zip&id=11310	R20a	DF Wanderer R20a ASCII/raw/objects/reaction_adventurer.txt	1162	MAKE_ROCK_ARROWS_STICK_ADV	1	ADV_STONECRAFT_AMMO	REAGENT	tool:1:NONE:NONE:NONE:NONE
https://dffd.bay12games.com/file.php?id=11310	https://dffd.bay12games.com/download.php?f=DF+Wanderer+R20a+ASCII.zip&id=11310	R20a	DF Wanderer R20a ASCII/raw/objects/reaction_adventurer.txt	1163	MAKE_ROCK_ARROWS_STICK_ADV	1	ADV_STONECRAFT_AMMO	PRESERVE_REAGENT	
https://dffd.bay12games.com/file.php?id=11310	https://dffd.bay12games.com/download.php?f=DF+Wanderer+R20a+ASCII.zip&id=11310	R20a	DF Wanderer R20a ASCII/raw/objects/reaction_adventurer.txt	1163	MAKE_ROCK_ARROWS_STICK_ADV	1	ADV_STONECRAFT_AMMO	HAS_EDGE	
https://dffd.bay12games.com/file.php?id=11310	https://dffd.bay12games.com/download.php?f=DF+Wanderer+R20a+ASCII.zip&id=11310	R20a	DF Wanderer R20a ASCII/raw/objects/reaction_adventurer.txt	1164	MAKE_ROCK_ARROWS_STICK_ADV	1	ADV_STONECRAFT_AMMO	REAGENT	rock:1:ROCK:NONE:NONE:NONE
https://dffd.bay12games.com/file.php?id=11310	https://dffd.bay12games.com/download.php?f=DF+Wanderer+R20a+ASCII.zip&id=11310	R20a	DF Wanderer R20a ASCII/raw/objects/reaction_adventurer.txt	1165	MAKE_ROCK_ARROWS_STICK_ADV	1	ADV_STONECRAFT_AMMO	PRODUCT	100:15:AMMO:ITEM_AMMO_ARROWS:GET_MATERIAL_FROM_REAGENT:rock:NONE
https://dffd.bay12games.com/file.php?id=11310	https://dffd.bay12games.com/download.php?f=DF+Wanderer+R20a+ASCII.zip&id=11310	R20a	DF Wanderer R20a ASCII/raw/objects/reaction_adventurer.txt	1165	MAKE_ROCK_ARROWS_STICK_ADV	1	ADV_STONECRAFT_AMMO	FORCE_EDGE	
https://dffd.bay12games.com/file.php?id=11310	https://dffd.bay12games.com/download.php?f=DF+Wanderer+R20a+ASCII.zip&id=11310	R20a	DF Wanderer R20a ASCII/raw/objects/reaction_adventurer.txt	1166	MAKE_ROCK_ARROWS_STICK_ADV	1	ADV_STONECRAFT_AMMO	SKILL	STONECRAFT
https://dffd.bay12games.com/file.php?id=11310	https://dffd.bay12games.com/download.php?f=DF+Wanderer+R20a+ASCII.zip&id=11310	R20a	DF Wanderer R20a ASCII/raw/objects/reaction_adventurer.txt	1167	MAKE_ROCK_ARROWS_STICK_ADV	1	ADV_STONECRAFT_AMMO	CATEGORY	ADV_STONECRAFT_AMMO
https://dffd.bay12games.com/file.php?id=11310	https://dffd.bay12games.com/download.php?f=DF+Wanderer+R20a+ASCII.zip&id=11310	R20a	DF Wanderer R20a ASCII/raw/objects/reaction_adventurer.txt	1169	MAKE_ROCK_BOLTS_BONE_ADV	1	ADV_STONECRAFT_AMMO	REACTION	MAKE_ROCK_BOLTS_BONE_ADV
https://dffd.bay12games.com/file.php?id=11310	https://dffd.bay12games.com/download.php?f=DF+Wanderer+R20a+ASCII.zip&id=11310	R20a	DF Wanderer R20a ASCII/raw/objects/reaction_adventurer.txt	1170	MAKE_ROCK_BOLTS_BONE_ADV	1	ADV_STONECRAFT_AMMO	NAME	make stone bolts (bone shaft)
https://dffd.bay12games.com/file.php?id=11310	https://dffd.bay12games.com/download.php?f=DF+Wanderer+R20a+ASCII.zip&id=11310	R20a	DF Wanderer R20a ASCII/raw/objects/reaction_adventurer.txt	1171	MAKE_ROCK_BOLTS_BONE_ADV	1	ADV_STONECRAFT_AMMO	ADVENTURE_MODE_ENABLED	
https://dffd.bay12games.com/file.php?id=11310	https://dffd.bay12games.com/download.php?f=DF+Wanderer+R20a+ASCII.zip&id=11310	R20a	DF Wanderer R20a ASCII/raw/objects/reaction_adventurer.txt	1172	MAKE_ROCK_BOLTS_BONE_ADV	1	ADV_STONECRAFT_AMMO	REAGENT	bone:1:NONE:NONE:NONE:NONE
https://dffd.bay12games.com/file.php?id=11310	https://dffd.bay12games.com/download.php?f=DF+Wanderer+R20a+ASCII.zip&id=11310	R20a	DF Wanderer R20a ASCII/raw/objects/reaction_adventurer.txt	1172	MAKE_ROCK_BOLTS_BONE_ADV	1	ADV_STONECRAFT_AMMO	USE_BODY_COMPONENT	
https://dffd.bay12games.com/file.php?id=11310	https://dffd.bay12games.com/download.php?f=DF+Wanderer+R20a+ASCII.zip&id=11310	R20a	DF Wanderer R20a ASCII/raw/objects/reaction_adventurer.txt	1172	MAKE_ROCK_BOLTS_BONE_ADV	1	ADV_STONECRAFT_AMMO	ANY_BONE_MATERIAL	
https://dffd.bay12games.com/file.php?id=11310	https://dffd.bay12games.com/download.php?f=DF+Wanderer+R20a+ASCII.zip&id=11310	R20a	DF Wanderer R20a ASCII/raw/objects/reaction_adventurer.txt	1173	MAKE_ROCK_BOLTS_BONE_ADV	1	ADV_STONECRAFT_AMMO	REAGENT	tool:1:NONE:NONE:NONE:NONE
https://dffd.bay12games.com/file.php?id=11310	https://dffd.bay12games.com/download.php?f=DF+Wanderer+R20a+ASCII.zip&id=11310	R20a	DF Wanderer R20a ASCII/raw/objects/reaction_adventurer.txt	1174	MAKE_ROCK_BOLTS_BONE_ADV	1	ADV_STONECRAFT_AMMO	PRESERVE_REAGENT	
https://dffd.bay12games.com/file.php?id=11310	https://dffd.bay12games.com/download.php?f=DF+Wanderer+R20a+ASCII.zip&id=11310	R20a	DF Wanderer R20a ASCII/raw/objects/reaction_adventurer.txt	1174	MAKE_ROCK_BOLTS_BONE_ADV	1	ADV_STONECRAFT_AMMO	HAS_EDGE	
https://dffd.bay12games.com/file.php?id=11310	https://dffd.bay12games.com/download.php?f=DF+Wanderer+R20a+ASCII.zip&id=11310	R20a	DF Wanderer R20a ASCII/raw/objects/reaction_adventurer.txt	1175	MAKE_ROCK_BOLTS_BONE_ADV	1	ADV_STONECRAFT_AMMO	REAGENT	rock:1:ROCK:NONE:NONE:NONE
https://dffd.bay12games.com/file.php?id=11310	https://dffd.bay12games.com/download.php?f=DF+Wanderer+R20a+ASCII.zip&id=11310	R20a	DF Wanderer R20a ASCII/raw/objects/reaction_adventurer.txt	1176	MAKE_ROCK_BOLTS_BONE_ADV	1	ADV_STONECRAFT_AMMO	PRODUCT	100:15:AMMO:ITEM_AMMO_BOLTS:GET_MATERIAL_FROM_REAGENT:rock:NONE
https://dffd.bay12games.com/file.php?id=11310	https://dffd.bay12games.com/download.php?f=DF+Wanderer+R20a+ASCII.zip&id=11310	R20a	DF Wanderer R20a ASCII/raw/objects/reaction_adventurer.txt	1176	MAKE_ROCK_BOLTS_BONE_ADV	1	ADV_STONECRAFT_AMMO	FORCE_EDGE	
https://dffd.bay12games.com/file.php?id=11310	https://dffd.bay12games.com/download.php?f=DF+Wanderer+R20a+ASCII.zip&id=11310	R20a	DF Wanderer R20a ASCII/raw/objects/reaction_adventurer.txt	1177	MAKE_ROCK_BOLTS_BONE_ADV	1	ADV_STONECRAFT_AMMO	SKILL	STONECRAFT
https://dffd.bay12games.com/file.php?id=11310	https://dffd.bay12games.com/download.php?f=DF+Wanderer+R20a+ASCII.zip&id=11310	R20a	DF Wanderer R20a ASCII/raw/objects/reaction_adventurer.txt	1178	MAKE_ROCK_BOLTS_BONE_ADV	1	ADV_STONECRAFT_AMMO	CATEGORY	ADV_STONECRAFT_AMMO
https://dffd.bay12games.com/file.php?id=11310	https://dffd.bay12games.com/download.php?f=DF+Wanderer+R20a+ASCII.zip&id=11310	R20a	DF Wanderer R20a ASCII/raw/objects/reaction_adventurer.txt	1180	MAKE_ROCK_BOLTS_STICK_ADV	1	ADV_STONECRAFT_AMMO	REACTION	MAKE_ROCK_BOLTS_STICK_ADV
https://dffd.bay12games.com/file.php?id=11310	https://dffd.bay12games.com/download.php?f=DF+Wanderer+R20a+ASCII.zip&id=11310	R20a	DF Wanderer R20a ASCII/raw/objects/reaction_adventurer.txt	1181	MAKE_ROCK_BOLTS_STICK_ADV	1	ADV_STONECRAFT_AMMO	NAME	make stone bolts (wooden shaft)
https://dffd.bay12games.com/file.php?id=11310	https://dffd.bay12games.com/download.php?f=DF+Wanderer+R20a+ASCII.zip&id=11310	R20a	DF Wanderer R20a ASCII/raw/objects/reaction_adventurer.txt	1182	MAKE_ROCK_BOLTS_STICK_ADV	1	ADV_STONECRAFT_AMMO	ADVENTURE_MODE_ENABLED	
https://dffd.bay12games.com/file.php?id=11310	https://dffd.bay12games.com/download.php?f=DF+Wanderer+R20a+ASCII.zip&id=11310	R20a	DF Wanderer R20a ASCII/raw/objects/reaction_adventurer.txt	1183	MAKE_ROCK_BOLTS_STICK_ADV	1	ADV_STONECRAFT_AMMO	REAGENT	log:1:WOOD:NONE:NONE:NONE
https://dffd.bay12games.com/file.php?id=11310	https://dffd.bay12games.com/download.php?f=DF+Wanderer+R20a+ASCII.zip&id=11310	R20a	DF Wanderer R20a ASCII/raw/objects/reaction_adventurer.txt	1184	MAKE_ROCK_BOLTS_STICK_ADV	1	ADV_STONECRAFT_AMMO	ANY_PLANT_MATERIAL	
https://dffd.bay12games.com/file.php?id=11310	https://dffd.bay12games.com/download.php?f=DF+Wanderer+R20a+ASCII.zip&id=11310	R20a	DF Wanderer R20a ASCII/raw/objects/reaction_adventurer.txt	1185	MAKE_ROCK_BOLTS_STICK_ADV	1	ADV_STONECRAFT_AMMO	REAGENT	tool:1:NONE:NONE:NONE:NONE
https://dffd.bay12games.com/file.php?id=11310	https://dffd.bay12games.com/download.php?f=DF+Wanderer+R20a+ASCII.zip&id=11310	R20a	DF Wanderer R20a ASCII/raw/objects/reaction_adventurer.txt	1186	MAKE_ROCK_BOLTS_STICK_ADV	1	ADV_STONECRAFT_AMMO	PRESERVE_REAGENT	
https://dffd.bay12games.com/file.php?id=11310	https://dffd.bay12games.com/download.php?f=DF+Wanderer+R20a+ASCII.zip&id=11310	R20a	DF Wanderer R20a ASCII/raw/objects/reaction_adventurer.txt	1186	MAKE_ROCK_BOLTS_STICK_ADV	1	ADV_STONECRAFT_AMMO	HAS_EDGE	
https://dffd.bay12games.com/file.php?id=11310	https://dffd.bay12games.com/download.php?f=DF+Wanderer+R20a+ASCII.zip&id=11310	R20a	DF Wanderer R20a ASCII/raw/objects/reaction_adventurer.txt	1187	MAKE_ROCK_BOLTS_STICK_ADV	1	ADV_STONECRAFT_AMMO	REAGENT	rock:1:ROCK:NONE:NONE:NONE
https://dffd.bay12games.com/file.php?id=11310	https://dffd.bay12games.com/download.php?f=DF+Wanderer+R20a+ASCII.zip&id=11310	R20a	DF Wanderer R20a ASCII/raw/objects/reaction_adventurer.txt	1188	MAKE_ROCK_BOLTS_STICK_ADV	1	ADV_STONECRAFT_AMMO	PRODUCT	100:15:AMMO:ITEM_AMMO_BOLTS:GET_MATERIAL_FROM_REAGENT:rock:NONE
https://dffd.bay12games.com/file.php?id=11310	https://dffd.bay12games.com/download.php?f=DF+Wanderer+R20a+ASCII.zip&id=11310	R20a	DF Wanderer R20a ASCII/raw/objects/reaction_adventurer.txt	1188	MAKE_ROCK_BOLTS_STICK_ADV	1	ADV_STONECRAFT_AMMO	FORCE_EDGE	
https://dffd.bay12games.com/file.php?id=11310	https://dffd.bay12games.com/download.php?f=DF+Wanderer+R20a+ASCII.zip&id=11310	R20a	DF Wanderer R20a ASCII/raw/objects/reaction_adventurer.txt	1189	MAKE_ROCK_BOLTS_STICK_ADV	1	ADV_STONECRAFT_AMMO	SKILL	STONECRAFT
https://dffd.bay12games.com/file.php?id=11310	https://dffd.bay12games.com/download.php?f=DF+Wanderer+R20a+ASCII.zip&id=11310	R20a	DF Wanderer R20a ASCII/raw/objects/reaction_adventurer.txt	1190	MAKE_ROCK_BOLTS_STICK_ADV	1	ADV_STONECRAFT_AMMO	CATEGORY	ADV_STONECRAFT_AMMO
https://dffd.bay12games.com/file.php?id=11310	https://dffd.bay12games.com/download.php?f=DF+Wanderer+R20a+ASCII.zip&id=11310	R20a	DF Wanderer R20a ASCII/raw/objects/reaction_adventurer.txt	1194	MAKE_ROCK_AMULET_ADV	1	ADV_STONECRAFT	REACTION	MAKE_ROCK_AMULET_ADV
https://dffd.bay12games.com/file.php?id=11310	https://dffd.bay12games.com/download.php?f=DF+Wanderer+R20a+ASCII.zip&id=11310	R20a	DF Wanderer R20a ASCII/raw/objects/reaction_adventurer.txt	1195	MAKE_ROCK_AMULET_ADV	1	ADV_STONECRAFT	NAME	carve stone amulet
https://dffd.bay12games.com/file.php?id=11310	https://dffd.bay12games.com/download.php?f=DF+Wanderer+R20a+ASCII.zip&id=11310	R20a	DF Wanderer R20a ASCII/raw/objects/reaction_adventurer.txt	1196	MAKE_ROCK_AMULET_ADV	1	ADV_STONECRAFT	ADVENTURE_MODE_ENABLED	
https://dffd.bay12games.com/file.php?id=11310	https://dffd.bay12games.com/download.php?f=DF+Wanderer+R20a+ASCII.zip&id=11310	R20a	DF Wanderer R20a ASCII/raw/objects/reaction_adventurer.txt	1197	MAKE_ROCK_AMULET_ADV	1	ADV_STONECRAFT	REAGENT	tool:1:NONE:NONE:NONE:NONE
https://dffd.bay12games.com/file.php?id=11310	https://dffd.bay12games.com/download.php?f=DF+Wanderer+R20a+ASCII.zip&id=11310	R20a	DF Wanderer R20a ASCII/raw/objects/reaction_adventurer.txt	1198	MAKE_ROCK_AMULET_ADV	1	ADV_STONECRAFT	PRESERVE_REAGENT	
https://dffd.bay12games.com/file.php?id=11310	https://dffd.bay12games.com/download.php?f=DF+Wanderer+R20a+ASCII.zip&id=11310	R20a	DF Wanderer R20a ASCII/raw/objects/reaction_adventurer.txt	1198	MAKE_ROCK_AMULET_ADV	1	ADV_STONECRAFT	HAS_EDGE	
https://dffd.bay12games.com/file.php?id=11310	https://dffd.bay12games.com/download.php?f=DF+Wanderer+R20a+ASCII.zip&id=11310	R20a	DF Wanderer R20a ASCII/raw/objects/reaction_adventurer.txt	1199	MAKE_ROCK_AMULET_ADV	1	ADV_STONECRAFT	REAGENT	rock:1:ROCK:NONE:NONE:NONE
https://dffd.bay12games.com/file.php?id=11310	https://dffd.bay12games.com/download.php?f=DF+Wanderer+R20a+ASCII.zip&id=11310	R20a	DF Wanderer R20a ASCII/raw/objects/reaction_adventurer.txt	1200	MAKE_ROCK_AMULET_ADV	1	ADV_STONECRAFT	PRODUCT	100:1:AMULET:NONE:GET_MATERIAL_FROM_REAGENT:rock:NONE
https://dffd.bay12games.com/file.php?id=11310	https://dffd.bay12games.com/download.php?f=DF+Wanderer+R20a+ASCII.zip&id=11310	R20a	DF Wanderer R20a ASCII/raw/objects/reaction_adventurer.txt	1201	MAKE_ROCK_AMULET_ADV	1	ADV_STONECRAFT	SKILL	STONECRAFT
https://dffd.bay12games.com/file.php?id=11310	https://dffd.bay12games.com/download.php?f=DF+Wanderer+R20a+ASCII.zip&id=11310	R20a	DF Wanderer R20a ASCII/raw/objects/reaction_adventurer.txt	1202	MAKE_ROCK_AMULET_ADV	1	ADV_STONECRAFT	CATEGORY	ADV_STONECRAFT
https://dffd.bay12games.com/file.php?id=11310	https://dffd.bay12games.com/download.php?f=DF+Wanderer+R20a+ASCII.zip&id=11310	R20a	DF Wanderer R20a ASCII/raw/objects/reaction_adventurer.txt	1203	MAKE_ROCK_AMULET_ADV	1	ADV_STONECRAFT	CATEGORY_NAME	Stonecrafting - trinkets and misc
https://dffd.bay12games.com/file.php?id=11310	https://dffd.bay12games.com/download.php?f=DF+Wanderer+R20a+ASCII.zip&id=11310	R20a	DF Wanderer R20a ASCII/raw/objects/reaction_adventurer.txt	1204	MAKE_ROCK_AMULET_ADV	1	ADV_STONECRAFT	CATEGORY_DESCRIPTION	Make stone trinkets.
https://dffd.bay12games.com/file.php?id=11310	https://dffd.bay12games.com/download.php?f=DF+Wanderer+R20a+ASCII.zip&id=11310	R20a	DF Wanderer R20a ASCII/raw/objects/reaction_adventurer.txt	1206	MAKE_ROCK_BRACELET_ADV	1	ADV_STONECRAFT	REACTION	MAKE_ROCK_BRACELET_ADV
https://dffd.bay12games.com/file.php?id=11310	https://dffd.bay12games.com/download.php?f=DF+Wanderer+R20a+ASCII.zip&id=11310	R20a	DF Wanderer R20a ASCII/raw/objects/reaction_adventurer.txt	1207	MAKE_ROCK_BRACELET_ADV	1	ADV_STONECRAFT	NAME	carve stone bracelet
https://dffd.bay12games.com/file.php?id=11310	https://dffd.bay12games.com/download.php?f=DF+Wanderer+R20a+ASCII.zip&id=11310	R20a	DF Wanderer R20a ASCII/raw/objects/reaction_adventurer.txt	1208	MAKE_ROCK_BRACELET_ADV	1	ADV_STONECRAFT	ADVENTURE_MODE_ENABLED	
https://dffd.bay12games.com/file.php?id=11310	https://dffd.bay12games.com/download.php?f=DF+Wanderer+R20a+ASCII.zip&id=11310	R20a	DF Wanderer R20a ASCII/raw/objects/reaction_adventurer.txt	1209	MAKE_ROCK_BRACELET_ADV	1	ADV_STONECRAFT	REAGENT	tool:1:NONE:NONE:NONE:NONE
https://dffd.bay12games.com/file.php?id=11310	https://dffd.bay12games.com/download.php?f=DF+Wanderer+R20a+ASCII.zip&id=11310	R20a	DF Wanderer R20a ASCII/raw/objects/reaction_adventurer.txt	1210	MAKE_ROCK_BRACELET_ADV	1	ADV_STONECRAFT	PRESERVE_REAGENT	
https://dffd.bay12games.com/file.php?id=11310	https://dffd.bay12games.com/download.php?f=DF+Wanderer+R20a+ASCII.zip&id=11310	R20a	DF Wanderer R20a ASCII/raw/objects/reaction_adventurer.txt	1210	MAKE_ROCK_BRACELET_ADV	1	ADV_STONECRAFT	HAS_EDGE	
https://dffd.bay12games.com/file.php?id=11310	https://dffd.bay12games.com/download.php?f=DF+Wanderer+R20a+ASCII.zip&id=11310	R20a	DF Wanderer R20a ASCII/raw/objects/reaction_adventurer.txt	1211	MAKE_ROCK_BRACELET_ADV	1	ADV_STONECRAFT	REAGENT	rock:1:ROCK:NONE:NONE:NONE
https://dffd.bay12games.com/file.php?id=11310	https://dffd.bay12games.com/download.php?f=DF+Wanderer+R20a+ASCII.zip&id=11310	R20a	DF Wanderer R20a ASCII/raw/objects/reaction_adventurer.txt	1212	MAKE_ROCK_BRACELET_ADV	1	ADV_STONECRAFT	PRODUCT	100:1:BRACELET:NONE:GET_MATERIAL_FROM_REAGENT:rock:NONE
https://dffd.bay12games.com/file.php?id=11310	https://dffd.bay12games.com/download.php?f=DF+Wanderer+R20a+ASCII.zip&id=11310	R20a	DF Wanderer R20a ASCII/raw/objects/reaction_adventurer.txt	1213	MAKE_ROCK_BRACELET_ADV	1	ADV_STONECRAFT	SKILL	STONECRAFT
https://dffd.bay12games.com/file.php?id=11310	https://dffd.bay12games.com/download.php?f=DF+Wanderer+R20a+ASCII.zip&id=11310	R20a	DF Wanderer R20a ASCII/raw/objects/reaction_adventurer.txt	1214	MAKE_ROCK_BRACELET_ADV	1	ADV_STONECRAFT	CATEGORY	ADV_STONECRAFT
https://dffd.bay12games.com/file.php?id=11310	https://dffd.bay12games.com/download.php?f=DF+Wanderer+R20a+ASCII.zip&id=11310	R20a	DF Wanderer R20a ASCII/raw/objects/reaction_adventurer.txt	1216	MAKE_ROCK_EARRING_ADV	1	ADV_STONECRAFT	REACTION	MAKE_ROCK_EARRING_ADV
https://dffd.bay12games.com/file.php?id=11310	https://dffd.bay12games.com/download.php?f=DF+Wanderer+R20a+ASCII.zip&id=11310	R20a	DF Wanderer R20a ASCII/raw/objects/reaction_adventurer.txt	1217	MAKE_ROCK_EARRING_ADV	1	ADV_STONECRAFT	NAME	carve stone earring
https://dffd.bay12games.com/file.php?id=11310	https://dffd.bay12games.com/download.php?f=DF+Wanderer+R20a+ASCII.zip&id=11310	R20a	DF Wanderer R20a ASCII/raw/objects/reaction_adventurer.txt	1218	MAKE_ROCK_EARRING_ADV	1	ADV_STONECRAFT	ADVENTURE_MODE_ENABLED	
https://dffd.bay12games.com/file.php?id=11310	https://dffd.bay12games.com/download.php?f=DF+Wanderer+R20a+ASCII.zip&id=11310	R20a	DF Wanderer R20a ASCII/raw/objects/reaction_adventurer.txt	1219	MAKE_ROCK_EARRING_ADV	1	ADV_STONECRAFT	REAGENT	tool:1:NONE:NONE:NONE:NONE
https://dffd.bay12games.com/file.php?id=11310	https://dffd.bay12games.com/download.php?f=DF+Wanderer+R20a+ASCII.zip&id=11310	R20a	DF Wanderer R20a ASCII/raw/objects/reaction_adventurer.txt	1220	MAKE_ROCK_EARRING_ADV	1	ADV_STONECRAFT	PRESERVE_REAGENT	
https://dffd.bay12games.com/file.php?id=11310	https://dffd.bay12games.com/download.php?f=DF+Wanderer+R20a+ASCII.zip&id=11310	R20a	DF Wanderer R20a ASCII/raw/objects/reaction_adventurer.txt	1220	MAKE_ROCK_EARRING_ADV	1	ADV_STONECRAFT	HAS_EDGE	
https://dffd.bay12games.com/file.php?id=11310	https://dffd.bay12games.com/download.php?f=DF+Wanderer+R20a+ASCII.zip&id=11310	R20a	DF Wanderer R20a ASCII/raw/objects/reaction_adventurer.txt	1221	MAKE_ROCK_EARRING_ADV	1	ADV_STONECRAFT	REAGENT	rock:1:ROCK:NONE:NONE:NONE
https://dffd.bay12games.com/file.php?id=11310	https://dffd.bay12games.com/download.php?f=DF+Wanderer+R20a+ASCII.zip&id=11310	R20a	DF Wanderer R20a ASCII/raw/objects/reaction_adventurer.txt	1222	MAKE_ROCK_EARRING_ADV	1	ADV_STONECRAFT	PRODUCT	100:1:EARRING:NONE:GET_MATERIAL_FROM_REAGENT:rock:NONE
https://dffd.bay12games.com/file.php?id=11310	https://dffd.bay12games.com/download.php?f=DF+Wanderer+R20a+ASCII.zip&id=11310	R20a	DF Wanderer R20a ASCII/raw/objects/reaction_adventurer.txt	1223	MAKE_ROCK_EARRING_ADV	1	ADV_STONECRAFT	SKILL	STONECRAFT
https://dffd.bay12games.com/file.php?id=11310	https://dffd.bay12games.com/download.php?f=DF+Wanderer+R20a+ASCII.zip&id=11310	R20a	DF Wanderer R20a ASCII/raw/objects/reaction_adventurer.txt	1224	MAKE_ROCK_EARRING_ADV	1	ADV_STONECRAFT	CATEGORY	ADV_STONECRAFT
https://dffd.bay12games.com/file.php?id=11310	https://dffd.bay12games.com/download.php?f=DF+Wanderer+R20a+ASCII.zip&id=11310	R20a	DF Wanderer R20a ASCII/raw/objects/reaction_adventurer.txt	1226	MAKE_ROCK_FIGURINE_ADV	1	ADV_STONECRAFT	REACTION	MAKE_ROCK_FIGURINE_ADV
https://dffd.bay12games.com/file.php?id=11310	https://dffd.bay12games.com/download.php?f=DF+Wanderer+R20a+ASCII.zip&id=11310	R20a	DF Wanderer R20a ASCII/raw/objects/reaction_adventurer.txt	1227	MAKE_ROCK_FIGURINE_ADV	1	ADV_STONECRAFT	NAME	carve stone figurine
https://dffd.bay12games.com/file.php?id=11310	https://dffd.bay12games.com/download.php?f=DF+Wanderer+R20a+ASCII.zip&id=11310	R20a	DF Wanderer R20a ASCII/raw/objects/reaction_adventurer.txt	1228	MAKE_ROCK_FIGURINE_ADV	1	ADV_STONECRAFT	ADVENTURE_MODE_ENABLED	
https://dffd.bay12games.com/file.php?id=11310	https://dffd.bay12games.com/download.php?f=DF+Wanderer+R20a+ASCII.zip&id=11310	R20a	DF Wanderer R20a ASCII/raw/objects/reaction_adventurer.txt	1229	MAKE_ROCK_FIGURINE_ADV	1	ADV_STONECRAFT	REAGENT	rock:1:ROCK:NONE:NONE:NONE
https://dffd.bay12games.com/file.php?id=11310	https://dffd.bay12games.com/download.php?f=DF+Wanderer+R20a+ASCII.zip&id=11310	R20a	DF Wanderer R20a ASCII/raw/objects/reaction_adventurer.txt	1230	MAKE_ROCK_FIGURINE_ADV	1	ADV_STONECRAFT	REAGENT	tool:1:NONE:NONE:NONE:NONE
https://dffd.bay12games.com/file.php?id=11310	https://dffd.bay12games.com/download.php?f=DF+Wanderer+R20a+ASCII.zip&id=11310	R20a	DF Wanderer R20a ASCII/raw/objects/reaction_adventurer.txt	1231	MAKE_ROCK_FIGURINE_ADV	1	ADV_STONECRAFT	PRESERVE_REAGENT	
https://dffd.bay12games.com/file.php?id=11310	https://dffd.bay12games.com/download.php?f=DF+Wanderer+R20a+ASCII.zip&id=11310	R20a	DF Wanderer R20a ASCII/raw/objects/reaction_adventurer.txt	1231	MAKE_ROCK_FIGURINE_ADV	1	ADV_STONECRAFT	HAS_EDGE	
https://dffd.bay12games.com/file.php?id=11310	https://dffd.bay12games.com/download.php?f=DF+Wanderer+R20a+ASCII.zip&id=11310	R20a	DF Wanderer R20a ASCII/raw/objects/reaction_adventurer.txt	1232	MAKE_ROCK_FIGURINE_ADV	1	ADV_STONECRAFT	PRODUCT	100:1:FIGURINE:NONE:GET_MATERIAL_FROM_REAGENT:rock:NONE
https://dffd.bay12games.com/file.php?id=11310	https://dffd.bay12games.com/download.php?f=DF+Wanderer+R20a+ASCII.zip&id=11310	R20a	DF Wanderer R20a ASCII/raw/objects/reaction_adventurer.txt	1233	MAKE_ROCK_FIGURINE_ADV	1	ADV_STONECRAFT	SKILL	STONECRAFT
https://dffd.bay12games.com/file.php?id=11310	https://dffd.bay12games.com/download.php?f=DF+Wanderer+R20a+ASCII.zip&id=11310	R20a	DF Wanderer R20a ASCII/raw/objects/reaction_adventurer.txt	1234	MAKE_ROCK_FIGURINE_ADV	1	ADV_STONECRAFT	CATEGORY	ADV_STONECRAFT
https://dffd.bay12games.com/file.php?id=11310	https://dffd.bay12games.com/download.php?f=DF+Wanderer+R20a+ASCII.zip&id=11310	R20a	DF Wanderer R20a ASCII/raw/objects/reaction_adventurer.txt	1236	MAKE_ROCK_RING_ADV	1	ADV_STONECRAFT	REACTION	MAKE_ROCK_RING_ADV
https://dffd.bay12games.com/file.php?id=11310	https://dffd.bay12games.com/download.php?f=DF+Wanderer+R20a+ASCII.zip&id=11310	R20a	DF Wanderer R20a ASCII/raw/objects/reaction_adventurer.txt	1237	MAKE_ROCK_RING_ADV	1	ADV_STONECRAFT	NAME	carve stone ring
https://dffd.bay12games.com/file.php?id=11310	https://dffd.bay12games.com/download.php?f=DF+Wanderer+R20a+ASCII.zip&id=11310	R20a	DF Wanderer R20a ASCII/raw/objects/reaction_adventurer.txt	1238	MAKE_ROCK_RING_ADV	1	ADV_STONECRAFT	ADVENTURE_MODE_ENABLED	
https://dffd.bay12games.com/file.php?id=11310	https://dffd.bay12games.com/download.php?f=DF+Wanderer+R20a+ASCII.zip&id=11310	R20a	DF Wanderer R20a ASCII/raw/objects/reaction_adventurer.txt	1239	MAKE_ROCK_RING_ADV	1	ADV_STONECRAFT	REAGENT	rock:1:ROCK:NONE:NONE:NONE
https://dffd.bay12games.com/file.php?id=11310	https://dffd.bay12games.com/download.php?f=DF+Wanderer+R20a+ASCII.zip&id=11310	R20a	DF Wanderer R20a ASCII/raw/objects/reaction_adventurer.txt	1240	MAKE_ROCK_RING_ADV	1	ADV_STONECRAFT	REAGENT	tool:1:NONE:NONE:NONE:NONE
https://dffd.bay12games.com/file.php?id=11310	https://dffd.bay12games.com/download.php?f=DF+Wanderer+R20a+ASCII.zip&id=11310	R20a	DF Wanderer R20a ASCII/raw/objects/reaction_adventurer.txt	1241	MAKE_ROCK_RING_ADV	1	ADV_STONECRAFT	PRESERVE_REAGENT	
https://dffd.bay12games.com/file.php?id=11310	https://dffd.bay12games.com/download.php?f=DF+Wanderer+R20a+ASCII.zip&id=11310	R20a	DF Wanderer R20a ASCII/raw/objects/reaction_adventurer.txt	1241	MAKE_ROCK_RING_ADV	1	ADV_STONECRAFT	HAS_EDGE	
https://dffd.bay12games.com/file.php?id=11310	https://dffd.bay12games.com/download.php?f=DF+Wanderer+R20a+ASCII.zip&id=11310	R20a	DF Wanderer R20a ASCII/raw/objects/reaction_adventurer.txt	1242	MAKE_ROCK_RING_ADV	1	ADV_STONECRAFT	PRODUCT	100:1:RING:NONE:GET_MATERIAL_FROM_REAGENT:rock:NONE
https://dffd.bay12games.com/file.php?id=11310	https://dffd.bay12games.com/download.php?f=DF+Wanderer+R20a+ASCII.zip&id=11310	R20a	DF Wanderer R20a ASCII/raw/objects/reaction_adventurer.txt	1243	MAKE_ROCK_RING_ADV	1	ADV_STONECRAFT	SKILL	STONECRAFT
https://dffd.bay12games.com/file.php?id=11310	https://dffd.bay12games.com/download.php?f=DF+Wanderer+R20a+ASCII.zip&id=11310	R20a	DF Wanderer R20a ASCII/raw/objects/reaction_adventurer.txt	1244	MAKE_ROCK_RING_ADV	1	ADV_STONECRAFT	CATEGORY	ADV_STONECRAFT
https://dffd.bay12games.com/file.php?id=11310	https://dffd.bay12games.com/download.php?f=DF+Wanderer+R20a+ASCII.zip&id=11310	R20a	DF Wanderer R20a ASCII/raw/objects/reaction_adventurer.txt	1248	CARVE_WOODEN_ARROWS_ADV	1	ADV_WOODCRAFT_WEAPONS	REACTION	CARVE_WOODEN_ARROWS_ADV
https://dffd.bay12games.com/file.php?id=11310	https://dffd.bay12games.com/download.php?f=DF+Wanderer+R20a+ASCII.zip&id=11310	R20a	DF Wanderer R20a ASCII/raw/objects/reaction_adventurer.txt	1249	CARVE_WOODEN_ARROWS_ADV	1	ADV_WOODCRAFT_WEAPONS	NAME	carve wooden arrows
https://dffd.bay12games.com/file.php?id=11310	https://dffd.bay12games.com/download.php?f=DF+Wanderer+R20a+ASCII.zip&id=11310	R20a	DF Wanderer R20a ASCII/raw/objects/reaction_adventurer.txt	1250	CARVE_WOODEN_ARROWS_ADV	1	ADV_WOODCRAFT_WEAPONS	DESCRIPTION	Carve 15 wooden arrows.
https://dffd.bay12games.com/file.php?id=11310	https://dffd.bay12games.com/download.php?f=DF+Wanderer+R20a+ASCII.zip&id=11310	R20a	DF Wanderer R20a ASCII/raw/objects/reaction_adventurer.txt	1251	CARVE_WOODEN_ARROWS_ADV	1	ADV_WOODCRAFT_WEAPONS	ADVENTURE_MODE_ENABLED	
https://dffd.bay12games.com/file.php?id=11310	https://dffd.bay12games.com/download.php?f=DF+Wanderer+R20a+ASCII.zip&id=11310	R20a	DF Wanderer R20a ASCII/raw/objects/reaction_adventurer.txt	1252	CARVE_WOODEN_ARROWS_ADV	1	ADV_WOODCRAFT_WEAPONS	REAGENT	tool:1:NONE:NONE:NONE:NONE
https://dffd.bay12games.com/file.php?id=11310	https://dffd.bay12games.com/download.php?f=DF+Wanderer+R20a+ASCII.zip&id=11310	R20a	DF Wanderer R20a ASCII/raw/objects/reaction_adventurer.txt	1253	CARVE_WOODEN_ARROWS_ADV	1	ADV_WOODCRAFT_WEAPONS	PRESERVE_REAGENT	
https://dffd.bay12games.com/file.php?id=11310	https://dffd.bay12games.com/download.php?f=DF+Wanderer+R20a+ASCII.zip&id=11310	R20a	DF Wanderer R20a ASCII/raw/objects/reaction_adventurer.txt	1253	CARVE_WOODEN_ARROWS_ADV	1	ADV_WOODCRAFT_WEAPONS	HAS_EDGE	
https://dffd.bay12games.com/file.php?id=11310	https://dffd.bay12games.com/download.php?f=DF+Wanderer+R20a+ASCII.zip&id=11310	R20a	DF Wanderer R20a ASCII/raw/objects/reaction_adventurer.txt	1254	CARVE_WOODEN_ARROWS_ADV	1	ADV_WOODCRAFT_WEAPONS	REAGENT	log:1:WOOD:NONE:NONE:NONE
https://dffd.bay12games.com/file.php?id=11310	https://dffd.bay12games.com/download.php?f=DF+Wanderer+R20a+ASCII.zip&id=11310	R20a	DF Wanderer R20a ASCII/raw/objects/reaction_adventurer.txt	1255	CARVE_WOODEN_ARROWS_ADV	1	ADV_WOODCRAFT_WEAPONS	ANY_PLANT_MATERIAL	
https://dffd.bay12games.com/file.php?id=11310	https://dffd.bay12games.com/download.php?f=DF+Wanderer+R20a+ASCII.zip&id=11310	R20a	DF Wanderer R20a ASCII/raw/objects/reaction_adventurer.txt	1256	CARVE_WOODEN_ARROWS_ADV	1	ADV_WOODCRAFT_WEAPONS	PRODUCT	100:15:AMMO:ITEM_AMMO_ARROWS:GET_MATERIAL_FROM_REAGENT:log:NONE
https://dffd.bay12games.com/file.php?id=11310	https://dffd.bay12games.com/download.php?f=DF+Wanderer+R20a+ASCII.zip&id=11310	R20a	DF Wanderer R20a ASCII/raw/objects/reaction_adventurer.txt	1257	CARVE_WOODEN_ARROWS_ADV	1	ADV_WOODCRAFT_WEAPONS	FORCE_EDGE	
https://dffd.bay12games.com/file.php?id=11310	https://dffd.bay12games.com/download.php?f=DF+Wanderer+R20a+ASCII.zip&id=11310	R20a	DF Wanderer R20a ASCII/raw/objects/reaction_adventurer.txt	1258	CARVE_WOODEN_ARROWS_ADV	1	ADV_WOODCRAFT_WEAPONS	SKILL	WOODCRAFT
https://dffd.bay12games.com/file.php?id=11310	https://dffd.bay12games.com/download.php?f=DF+Wanderer+R20a+ASCII.zip&id=11310	R20a	DF Wanderer R20a ASCII/raw/objects/reaction_adventurer.txt	1259	CARVE_WOODEN_ARROWS_ADV	1	ADV_WOODCRAFT_WEAPONS	CATEGORY	ADV_WOODCRAFT_WEAPONS
https://dffd.bay12games.com/file.php?id=11310	https://dffd.bay12games.com/download.php?f=DF+Wanderer+R20a+ASCII.zip&id=11310	R20a	DF Wanderer R20a ASCII/raw/objects/reaction_adventurer.txt	1260	CARVE_WOODEN_ARROWS_ADV	1	ADV_WOODCRAFT_WEAPONS	CATEGORY_NAME	Woodcrafting - ammo and weapons
https://dffd.bay12games.com/file.php?id=11310	https://dffd.bay12games.com/download.php?f=DF+Wanderer+R20a+ASCII.zip&id=11310	R20a	DF Wanderer R20a ASCII/raw/objects/reaction_adventurer.txt	1261	CARVE_WOODEN_ARROWS_ADV	1	ADV_WOODCRAFT_WEAPONS	CATEGORY_DESCRIPTION	Carve wood into ammo and weapons.
https://dffd.bay12games.com/file.php?id=11310	https://dffd.bay12games.com/download.php?f=DF+Wanderer+R20a+ASCII.zip&id=11310	R20a	DF Wanderer R20a ASCII/raw/objects/reaction_adventurer.txt	1263	CARVE_WOODEN_BOLTS_ADV	1	ADV_WOODCRAFT_WEAPONS	REACTION	CARVE_WOODEN_BOLTS_ADV
https://dffd.bay12games.com/file.php?id=11310	https://dffd.bay12games.com/download.php?f=DF+Wanderer+R20a+ASCII.zip&id=11310	R20a	DF Wanderer R20a ASCII/raw/objects/reaction_adventurer.txt	1264	CARVE_WOODEN_BOLTS_ADV	1	ADV_WOODCRAFT_WEAPONS	NAME	carve wooden bolts
https://dffd.bay12games.com/file.php?id=11310	https://dffd.bay12games.com/download.php?f=DF+Wanderer+R20a+ASCII.zip&id=11310	R20a	DF Wanderer R20a ASCII/raw/objects/reaction_adventurer.txt	1265	CARVE_WOODEN_BOLTS_ADV	1	ADV_WOODCRAFT_WEAPONS	DESCRIPTION	Carve 15 wooden bolts.
https://dffd.bay12games.com/file.php?id=11310	https://dffd.bay12games.com/download.php?f=DF+Wanderer+R20a+ASCII.zip&id=11310	R20a	DF Wanderer R20a ASCII/raw/objects/reaction_adventurer.txt	1266	CARVE_WOODEN_BOLTS_ADV	1	ADV_WOODCRAFT_WEAPONS	ADVENTURE_MODE_ENABLED	
https://dffd.bay12games.com/file.php?id=11310	https://dffd.bay12games.com/download.php?f=DF+Wanderer+R20a+ASCII.zip&id=11310	R20a	DF Wanderer R20a ASCII/raw/objects/reaction_adventurer.txt	1267	CARVE_WOODEN_BOLTS_ADV	1	ADV_WOODCRAFT_WEAPONS	REAGENT	tool:1:NONE:NONE:NONE:NONE
https://dffd.bay12games.com/file.php?id=11310	https://dffd.bay12games.com/download.php?f=DF+Wanderer+R20a+ASCII.zip&id=11310	R20a	DF Wanderer R20a ASCII/raw/objects/reaction_adventurer.txt	1268	CARVE_WOODEN_BOLTS_ADV	1	ADV_WOODCRAFT_WEAPONS	PRESERVE_REAGENT	
https://dffd.bay12games.com/file.php?id=11310	https://dffd.bay12games.com/download.php?f=DF+Wanderer+R20a+ASCII.zip&id=11310	R20a	DF Wanderer R20a ASCII/raw/objects/reaction_adventurer.txt	1268	CARVE_WOODEN_BOLTS_ADV	1	ADV_WOODCRAFT_WEAPONS	HAS_EDGE	
https://dffd.bay12games.com/file.php?id=11310	https://dffd.bay12games.com/download.php?f=DF+Wanderer+R20a+ASCII.zip&id=11310	R20a	DF Wanderer R20a ASCII/raw/objects/reaction_adventurer.txt	1269	CARVE_WOODEN_BOLTS_ADV	1	ADV_WOODCRAFT_WEAPONS	REAGENT	log:1:WOOD:NONE:NONE:NONE
https://dffd.bay12games.com/file.php?id=11310	https://dffd.bay12games.com/download.php?f=DF+Wanderer+R20a+ASCII.zip&id=11310	R20a	DF Wanderer R20a ASCII/raw/objects/reaction_adventurer.txt	1270	CARVE_WOODEN_BOLTS_ADV	1	ADV_WOODCRAFT_WEAPONS	ANY_PLANT_MATERIAL	
https://dffd.bay12games.com/file.php?id=11310	https://dffd.bay12games.com/download.php?f=DF+Wanderer+R20a+ASCII.zip&id=11310	R20a	DF Wanderer R20a ASCII/raw/objects/reaction_adventurer.txt	1271	CARVE_WOODEN_BOLTS_ADV	1	ADV_WOODCRAFT_WEAPONS	PRODUCT	100:10:AMMO:ITEM_AMMO_BOLTS:GET_MATERIAL_FROM_REAGENT:log:NONE
https://dffd.bay12games.com/file.php?id=11310	https://dffd.bay12games.com/download.php?f=DF+Wanderer+R20a+ASCII.zip&id=11310	R20a	DF Wanderer R20a ASCII/raw/objects/reaction_adventurer.txt	1272	CARVE_WOODEN_BOLTS_ADV	1	ADV_WOODCRAFT_WEAPONS	SKILL	WOODCRAFT
https://dffd.bay12games.com/file.php?id=11310	https://dffd.bay12games.com/download.php?f=DF+Wanderer+R20a+ASCII.zip&id=11310	R20a	DF Wanderer R20a ASCII/raw/objects/reaction_adventurer.txt	1273	CARVE_WOODEN_BOLTS_ADV	1	ADV_WOODCRAFT_WEAPONS	CATEGORY	ADV_WOODCRAFT_WEAPONS
https://dffd.bay12games.com/file.php?id=11310	https://dffd.bay12games.com/download.php?f=DF+Wanderer+R20a+ASCII.zip&id=11310	R20a	DF Wanderer R20a ASCII/raw/objects/reaction_adventurer.txt	1275	MAKE_WOODEN_BOW_ADV	1	ADV_WOODCRAFT_WEAPONS	REACTION	MAKE_WOODEN_BOW_ADV
https://dffd.bay12games.com/file.php?id=11310	https://dffd.bay12games.com/download.php?f=DF+Wanderer+R20a+ASCII.zip&id=11310	R20a	DF Wanderer R20a ASCII/raw/objects/reaction_adventurer.txt	1276	MAKE_WOODEN_BOW_ADV	1	ADV_WOODCRAFT_WEAPONS	NAME	make wooden bow
https://dffd.bay12games.com/file.php?id=11310	https://dffd.bay12games.com/download.php?f=DF+Wanderer+R20a+ASCII.zip&id=11310	R20a	DF Wanderer R20a ASCII/raw/objects/reaction_adventurer.txt	1277	MAKE_WOODEN_BOW_ADV	1	ADV_WOODCRAFT_WEAPONS	DESCRIPTION	Make a bow.
https://dffd.bay12games.com/file.php?id=11310	https://dffd.bay12games.com/download.php?f=DF+Wanderer+R20a+ASCII.zip&id=11310	R20a	DF Wanderer R20a ASCII/raw/objects/reaction_adventurer.txt	1278	MAKE_WOODEN_BOW_ADV	1	ADV_WOODCRAFT_WEAPONS	ADVENTURE_MODE_ENABLED	
https://dffd.bay12games.com/file.php?id=11310	https://dffd.bay12games.com/download.php?f=DF+Wanderer+R20a+ASCII.zip&id=11310	R20a	DF Wanderer R20a ASCII/raw/objects/reaction_adventurer.txt	1279	MAKE_WOODEN_BOW_ADV	1	ADV_WOODCRAFT_WEAPONS	BUILDING	CARPENTER:NONE
https://dffd.bay12games.com/file.php?id=11310	https://dffd.bay12games.com/download.php?f=DF+Wanderer+R20a+ASCII.zip&id=11310	R20a	DF Wanderer R20a ASCII/raw/objects/reaction_adventurer.txt	1280	MAKE_WOODEN_BOW_ADV	1	ADV_WOODCRAFT_WEAPONS	REAGENT	stick:1:TOOL:ITEM_TOOL_STICK:NONE:NONE
https://dffd.bay12games.com/file.php?id=11310	https://dffd.bay12games.com/download.php?f=DF+Wanderer+R20a+ASCII.zip&id=11310	R20a	DF Wanderer R20a ASCII/raw/objects/reaction_adventurer.txt	1281	MAKE_WOODEN_BOW_ADV	1	ADV_WOODCRAFT_WEAPONS	REAGENT	tool:1:NONE:NONE:NONE:NONE
https://dffd.bay12games.com/file.php?id=11310	https://dffd.bay12games.com/download.php?f=DF+Wanderer+R20a+ASCII.zip&id=11310	R20a	DF Wanderer R20a ASCII/raw/objects/reaction_adventurer.txt	1282	MAKE_WOODEN_BOW_ADV	1	ADV_WOODCRAFT_WEAPONS	PRESERVE_REAGENT	
https://dffd.bay12games.com/file.php?id=11310	https://dffd.bay12games.com/download.php?f=DF+Wanderer+R20a+ASCII.zip&id=11310	R20a	DF Wanderer R20a ASCII/raw/objects/reaction_adventurer.txt	1282	MAKE_WOODEN_BOW_ADV	1	ADV_WOODCRAFT_WEAPONS	HAS_EDGE	
https://dffd.bay12games.com/file.php?id=11310	https://dffd.bay12games.com/download.php?f=DF+Wanderer+R20a+ASCII.zip&id=11310	R20a	DF Wanderer R20a ASCII/raw/objects/reaction_adventurer.txt	1283	MAKE_WOODEN_BOW_ADV	1	ADV_WOODCRAFT_WEAPONS	REAGENT	leather:1:SKIN_TANNED:NONE:NONE:NONE
https://dffd.bay12games.com/file.php?id=11310	https://dffd.bay12games.com/download.php?f=DF+Wanderer+R20a+ASCII.zip&id=11310	R20a	DF Wanderer R20a ASCII/raw/objects/reaction_adventurer.txt	1284	MAKE_WOODEN_BOW_ADV	1	ADV_WOODCRAFT_WEAPONS	PRODUCT	100:1:WEAPON:ITEM_WEAPON_BOW:GET_MATERIAL_FROM_REAGENT:stick:NONE
https://dffd.bay12games.com/file.php?id=11310	https://dffd.bay12games.com/download.php?f=DF+Wanderer+R20a+ASCII.zip&id=11310	R20a	DF Wanderer R20a ASCII/raw/objects/reaction_adventurer.txt	1285	MAKE_WOODEN_BOW_ADV	1	ADV_WOODCRAFT_WEAPONS	SKILL	WOODCRAFT
https://dffd.bay12games.com/file.php?id=11310	https://dffd.bay12games.com/download.php?f=DF+Wanderer+R20a+ASCII.zip&id=11310	R20a	DF Wanderer R20a ASCII/raw/objects/reaction_adventurer.txt	1286	MAKE_WOODEN_BOW_ADV	1	ADV_WOODCRAFT_WEAPONS	CATEGORY	ADV_WOODCRAFT_WEAPONS
https://dffd.bay12games.com/file.php?id=11310	https://dffd.bay12games.com/download.php?f=DF+Wanderer+R20a+ASCII.zip&id=11310	R20a	DF Wanderer R20a ASCII/raw/objects/reaction_adventurer.txt	1288	MAKE WOODEN BUCKLER	1	ADV_WOODCRAFT_WEAPONS	REACTION	MAKE WOODEN BUCKLER
https://dffd.bay12games.com/file.php?id=11310	https://dffd.bay12games.com/download.php?f=DF+Wanderer+R20a+ASCII.zip&id=11310	R20a	DF Wanderer R20a ASCII/raw/objects/reaction_adventurer.txt	1289	MAKE WOODEN BUCKLER	1	ADV_WOODCRAFT_WEAPONS	NAME	make wooden buckler
https://dffd.bay12games.com/file.php?id=11310	https://dffd.bay12games.com/download.php?f=DF+Wanderer+R20a+ASCII.zip&id=11310	R20a	DF Wanderer R20a ASCII/raw/objects/reaction_adventurer.txt	1290	MAKE WOODEN BUCKLER	1	ADV_WOODCRAFT_WEAPONS	ADVENTURE_MODE_ENABLED	
https://dffd.bay12games.com/file.php?id=11310	https://dffd.bay12games.com/download.php?f=DF+Wanderer+R20a+ASCII.zip&id=11310	R20a	DF Wanderer R20a ASCII/raw/objects/reaction_adventurer.txt	1291	MAKE WOODEN BUCKLER	1	ADV_WOODCRAFT_WEAPONS	BUILDING	CARPENTER:NONE
https://dffd.bay12games.com/file.php?id=11310	https://dffd.bay12games.com/download.php?f=DF+Wanderer+R20a+ASCII.zip&id=11310	R20a	DF Wanderer R20a ASCII/raw/objects/reaction_adventurer.txt	1292	MAKE WOODEN BUCKLER	1	ADV_WOODCRAFT_WEAPONS	REAGENT	log:1:WOOD:NONE:NONE:NONE
https://dffd.bay12games.com/file.php?id=11310	https://dffd.bay12games.com/download.php?f=DF+Wanderer+R20a+ASCII.zip&id=11310	R20a	DF Wanderer R20a ASCII/raw/objects/reaction_adventurer.txt	1293	MAKE WOODEN BUCKLER	1	ADV_WOODCRAFT_WEAPONS	ANY_PLANT_MATERIAL	
https://dffd.bay12games.com/file.php?id=11310	https://dffd.bay12games.com/download.php?f=DF+Wanderer+R20a+ASCII.zip&id=11310	R20a	DF Wanderer R20a ASCII/raw/objects/reaction_adventurer.txt	1294	MAKE WOODEN BUCKLER	1	ADV_WOODCRAFT_WEAPONS	REAGENT	tool:1:NONE:NONE:NONE:NONE
https://dffd.bay12games.com/file.php?id=11310	https://dffd.bay12games.com/download.php?f=DF+Wanderer+R20a+ASCII.zip&id=11310	R20a	DF Wanderer R20a ASCII/raw/objects/reaction_adventurer.txt	1295	MAKE WOODEN BUCKLER	1	ADV_WOODCRAFT_WEAPONS	PRESERVE_REAGENT	
https://dffd.bay12games.com/file.php?id=11310	https://dffd.bay12games.com/download.php?f=DF+Wanderer+R20a+ASCII.zip&id=11310	R20a	DF Wanderer R20a ASCII/raw/objects/reaction_adventurer.txt	1295	MAKE WOODEN BUCKLER	1	ADV_WOODCRAFT_WEAPONS	HAS_EDGE	
https://dffd.bay12games.com/file.php?id=11310	https://dffd.bay12games.com/download.php?f=DF+Wanderer+R20a+ASCII.zip&id=11310	R20a	DF Wanderer R20a ASCII/raw/objects/reaction_adventurer.txt	1296	MAKE WOODEN BUCKLER	1	ADV_WOODCRAFT_WEAPONS	PRODUCT	100:1:SHIELD:ITEM_SHIELD_BUCKLER:GET_MATERIAL_FROM_REAGENT:log:NONE
https://dffd.bay12games.com/file.php?id=11310	https://dffd.bay12games.com/download.php?f=DF+Wanderer+R20a+ASCII.zip&id=11310	R20a	DF Wanderer R20a ASCII/raw/objects/reaction_adventurer.txt	1297	MAKE WOODEN BUCKLER	1	ADV_WOODCRAFT_WEAPONS	PRODUCT_TOKEN	buckler
https://dffd.bay12games.com/file.php?id=11310	https://dffd.bay12games.com/download.php?f=DF+Wanderer+R20a+ASCII.zip&id=11310	R20a	DF Wanderer R20a ASCII/raw/objects/reaction_adventurer.txt	1298	MAKE WOODEN BUCKLER	1	ADV_WOODCRAFT_WEAPONS	SKILL	WOODCRAFT
https://dffd.bay12games.com/file.php?id=11310	https://dffd.bay12games.com/download.php?f=DF+Wanderer+R20a+ASCII.zip&id=11310	R20a	DF Wanderer R20a ASCII/raw/objects/reaction_adventurer.txt	1299	MAKE WOODEN BUCKLER	1	ADV_WOODCRAFT_WEAPONS	CATEGORY	ADV_WOODCRAFT_WEAPONS
https://dffd.bay12games.com/file.php?id=11310	https://dffd.bay12games.com/download.php?f=DF+Wanderer+R20a+ASCII.zip&id=11310	R20a	DF Wanderer R20a ASCII/raw/objects/reaction_adventurer.txt	1301	MAKE WOODEN SHIELD	1	ADV_WOODCRAFT_WEAPONS	REACTION	MAKE WOODEN SHIELD
https://dffd.bay12games.com/file.php?id=11310	https://dffd.bay12games.com/download.php?f=DF+Wanderer+R20a+ASCII.zip&id=11310	R20a	DF Wanderer R20a ASCII/raw/objects/reaction_adventurer.txt	1302	MAKE WOODEN SHIELD	1	ADV_WOODCRAFT_WEAPONS	NAME	make wooden shield
https://dffd.bay12games.com/file.php?id=11310	https://dffd.bay12games.com/download.php?f=DF+Wanderer+R20a+ASCII.zip&id=11310	R20a	DF Wanderer R20a ASCII/raw/objects/reaction_adventurer.txt	1303	MAKE WOODEN SHIELD	1	ADV_WOODCRAFT_WEAPONS	ADVENTURE_MODE_ENABLED	
https://dffd.bay12games.com/file.php?id=11310	https://dffd.bay12games.com/download.php?f=DF+Wanderer+R20a+ASCII.zip&id=11310	R20a	DF Wanderer R20a ASCII/raw/objects/reaction_adventurer.txt	1304	MAKE WOODEN SHIELD	1	ADV_WOODCRAFT_WEAPONS	BUILDING	CARPENTER:NONE
https://dffd.bay12games.com/file.php?id=11310	https://dffd.bay12games.com/download.php?f=DF+Wanderer+R20a+ASCII.zip&id=11310	R20a	DF Wanderer R20a ASCII/raw/objects/reaction_adventurer.txt	1305	MAKE WOODEN SHIELD	1	ADV_WOODCRAFT_WEAPONS	REAGENT	log:1:WOOD:NONE:NONE:NONE
https://dffd.bay12games.com/file.php?id=11310	https://dffd.bay12games.com/download.php?f=DF+Wanderer+R20a+ASCII.zip&id=11310	R20a	DF Wanderer R20a ASCII/raw/objects/reaction_adventurer.txt	1306	MAKE WOODEN SHIELD	1	ADV_WOODCRAFT_WEAPONS	ANY_PLANT_MATERIAL	
https://dffd.bay12games.com/file.php?id=11310	https://dffd.bay12games.com/download.php?f=DF+Wanderer+R20a+ASCII.zip&id=11310	R20a	DF Wanderer R20a ASCII/raw/objects/reaction_adventurer.txt	1307	MAKE WOODEN SHIELD	1	ADV_WOODCRAFT_WEAPONS	REAGENT	tool:1:NONE:NONE:NONE:NONE
https://dffd.bay12games.com/file.php?id=11310	https://dffd.bay12games.com/download.php?f=DF+Wanderer+R20a+ASCII.zip&id=11310	R20a	DF Wanderer R20a ASCII/raw/objects/reaction_adventurer.txt	1308	MAKE WOODEN SHIELD	1	ADV_WOODCRAFT_WEAPONS	PRESERVE_REAGENT	
https://dffd.bay12games.com/file.php?id=11310	https://dffd.bay12games.com/download.php?f=DF+Wanderer+R20a+ASCII.zip&id=11310	R20a	DF Wanderer R20a ASCII/raw/objects/reaction_adventurer.txt	1308	MAKE WOODEN SHIELD	1	ADV_WOODCRAFT_WEAPONS	HAS_EDGE	
https://dffd.bay12games.com/file.php?id=11310	https://dffd.bay12games.com/download.php?f=DF+Wanderer+R20a+ASCII.zip&id=11310	R20a	DF Wanderer R20a ASCII/raw/objects/reaction_adventurer.txt	1309	MAKE WOODEN SHIELD	1	ADV_WOODCRAFT_WEAPONS	PRODUCT	100:1:SHIELD:ITEM_SHIELD_SHIELD:GET_MATERIAL_FROM_REAGENT:log:NONE
https://dffd.bay12games.com/file.php?id=11310	https://dffd.bay12games.com/download.php?f=DF+Wanderer+R20a+ASCII.zip&id=11310	R20a	DF Wanderer R20a ASCII/raw/objects/reaction_adventurer.txt	1310	MAKE WOODEN SHIELD	1	ADV_WOODCRAFT_WEAPONS	PRODUCT_TOKEN	shield
https://dffd.bay12games.com/file.php?id=11310	https://dffd.bay12games.com/download.php?f=DF+Wanderer+R20a+ASCII.zip&id=11310	R20a	DF Wanderer R20a ASCII/raw/objects/reaction_adventurer.txt	1311	MAKE WOODEN SHIELD	1	ADV_WOODCRAFT_WEAPONS	SKILL	WOODCRAFT
https://dffd.bay12games.com/file.php?id=11310	https://dffd.bay12games.com/download.php?f=DF+Wanderer+R20a+ASCII.zip&id=11310	R20a	DF Wanderer R20a ASCII/raw/objects/reaction_adventurer.txt	1312	MAKE WOODEN SHIELD	1	ADV_WOODCRAFT_WEAPONS	CATEGORY	ADV_WOODCRAFT_WEAPONS
https://dffd.bay12games.com/file.php?id=11310	https://dffd.bay12games.com/download.php?f=DF+Wanderer+R20a+ASCII.zip&id=11310	R20a	DF Wanderer R20a ASCII/raw/objects/reaction_adventurer.txt	1314	MAKE WOODEN TRAINING AXE	1	ADV_WOODCRAFT_WEAPONS	REACTION	MAKE WOODEN TRAINING AXE
https://dffd.bay12games.com/file.php?id=11310	https://dffd.bay12games.com/download.php?f=DF+Wanderer+R20a+ASCII.zip&id=11310	R20a	DF Wanderer R20a ASCII/raw/objects/reaction_adventurer.txt	1315	MAKE WOODEN TRAINING AXE	1	ADV_WOODCRAFT_WEAPONS	NAME	make wooden training axe
https://dffd.bay12games.com/file.php?id=11310	https://dffd.bay12games.com/download.php?f=DF+Wanderer+R20a+ASCII.zip&id=11310	R20a	DF Wanderer R20a ASCII/raw/objects/reaction_adventurer.txt	1316	MAKE WOODEN TRAINING AXE	1	ADV_WOODCRAFT_WEAPONS	ADVENTURE_MODE_ENABLED	
https://dffd.bay12games.com/file.php?id=11310	https://dffd.bay12games.com/download.php?f=DF+Wanderer+R20a+ASCII.zip&id=11310	R20a	DF Wanderer R20a ASCII/raw/objects/reaction_adventurer.txt	1317	MAKE WOODEN TRAINING AXE	1	ADV_WOODCRAFT_WEAPONS	BUILDING	CARPENTER:NONE
https://dffd.bay12games.com/file.php?id=11310	https://dffd.bay12games.com/download.php?f=DF+Wanderer+R20a+ASCII.zip&id=11310	R20a	DF Wanderer R20a ASCII/raw/objects/reaction_adventurer.txt	1318	MAKE WOODEN TRAINING AXE	1	ADV_WOODCRAFT_WEAPONS	REAGENT	log:1:WOOD:NONE:NONE:NONE
https://dffd.bay12games.com/file.php?id=11310	https://dffd.bay12games.com/download.php?f=DF+Wanderer+R20a+ASCII.zip&id=11310	R20a	DF Wanderer R20a ASCII/raw/objects/reaction_adventurer.txt	1319	MAKE WOODEN TRAINING AXE	1	ADV_WOODCRAFT_WEAPONS	ANY_PLANT_MATERIAL	
https://dffd.bay12games.com/file.php?id=11310	https://dffd.bay12games.com/download.php?f=DF+Wanderer+R20a+ASCII.zip&id=11310	R20a	DF Wanderer R20a ASCII/raw/objects/reaction_adventurer.txt	1320	MAKE WOODEN TRAINING AXE	1	ADV_WOODCRAFT_WEAPONS	REAGENT	tool:1:NONE:NONE:NONE:NONE
https://dffd.bay12games.com/file.php?id=11310	https://dffd.bay12games.com/download.php?f=DF+Wanderer+R20a+ASCII.zip&id=11310	R20a	DF Wanderer R20a ASCII/raw/objects/reaction_adventurer.txt	1321	MAKE WOODEN TRAINING AXE	1	ADV_WOODCRAFT_WEAPONS	PRESERVE_REAGENT	
https://dffd.bay12games.com/file.php?id=11310	https://dffd.bay12games.com/download.php?f=DF+Wanderer+R20a+ASCII.zip&id=11310	R20a	DF Wanderer R20a ASCII/raw/objects/reaction_adventurer.txt	1321	MAKE WOODEN TRAINING AXE	1	ADV_WOODCRAFT_WEAPONS	HAS_EDGE	
https://dffd.bay12games.com/file.php?id=11310	https://dffd.bay12games.com/download.php?f=DF+Wanderer+R20a+ASCII.zip&id=11310	R20a	DF Wanderer R20a ASCII/raw/objects/reaction_adventurer.txt	1322	MAKE WOODEN TRAINING AXE	1	ADV_WOODCRAFT_WEAPONS	PRODUCT	100:1:WEAPON:ITEM_WEAPON_AXE_TRAINING:GET_MATERIAL_FROM_REAGENT:log:NONE
https://dffd.bay12games.com/file.php?id=11310	https://dffd.bay12games.com/download.php?f=DF+Wanderer+R20a+ASCII.zip&id=11310	R20a	DF Wanderer R20a ASCII/raw/objects/reaction_adventurer.txt	1323	MAKE WOODEN TRAINING AXE	1	ADV_WOODCRAFT_WEAPONS	PRODUCT_TOKEN	axe
https://dffd.bay12games.com/file.php?id=11310	https://dffd.bay12games.com/download.php?f=DF+Wanderer+R20a+ASCII.zip&id=11310	R20a	DF Wanderer R20a ASCII/raw/objects/reaction_adventurer.txt	1324	MAKE WOODEN TRAINING AXE	1	ADV_WOODCRAFT_WEAPONS	SKILL	WOODCRAFT
https://dffd.bay12games.com/file.php?id=11310	https://dffd.bay12games.com/download.php?f=DF+Wanderer+R20a+ASCII.zip&id=11310	R20a	DF Wanderer R20a ASCII/raw/objects/reaction_adventurer.txt	1325	MAKE WOODEN TRAINING AXE	1	ADV_WOODCRAFT_WEAPONS	CATEGORY	ADV_WOODCRAFT_WEAPONS
https://dffd.bay12games.com/file.php?id=11310	https://dffd.bay12games.com/download.php?f=DF+Wanderer+R20a+ASCII.zip&id=11310	R20a	DF Wanderer R20a ASCII/raw/objects/reaction_adventurer.txt	1327	MAKE WOODEN TRAINING SPEAR	1	ADV_WOODCRAFT_WEAPONS	REACTION	MAKE WOODEN TRAINING SPEAR
https://dffd.bay12games.com/file.php?id=11310	https://dffd.bay12games.com/download.php?f=DF+Wanderer+R20a+ASCII.zip&id=11310	R20a	DF Wanderer R20a ASCII/raw/objects/reaction_adventurer.txt	1328	MAKE WOODEN TRAINING SPEAR	1	ADV_WOODCRAFT_WEAPONS	NAME	make wooden training spear
https://dffd.bay12games.com/file.php?id=11310	https://dffd.bay12games.com/download.php?f=DF+Wanderer+R20a+ASCII.zip&id=11310	R20a	DF Wanderer R20a ASCII/raw/objects/reaction_adventurer.txt	1329	MAKE WOODEN TRAINING SPEAR	1	ADV_WOODCRAFT_WEAPONS	ADVENTURE_MODE_ENABLED	
https://dffd.bay12games.com/file.php?id=11310	https://dffd.bay12games.com/download.php?f=DF+Wanderer+R20a+ASCII.zip&id=11310	R20a	DF Wanderer R20a ASCII/raw/objects/reaction_adventurer.txt	1330	MAKE WOODEN TRAINING SPEAR	1	ADV_WOODCRAFT_WEAPONS	BUILDING	CARPENTER:NONE
https://dffd.bay12games.com/file.php?id=11310	https://dffd.bay12games.com/download.php?f=DF+Wanderer+R20a+ASCII.zip&id=11310	R20a	DF Wanderer R20a ASCII/raw/objects/reaction_adventurer.txt	1331	MAKE WOODEN TRAINING SPEAR	1	ADV_WOODCRAFT_WEAPONS	REAGENT	log:1:WOOD:NONE:NONE:NONE
https://dffd.bay12games.com/file.php?id=11310	https://dffd.bay12games.com/download.php?f=DF+Wanderer+R20a+ASCII.zip&id=11310	R20a	DF Wanderer R20a ASCII/raw/objects/reaction_adventurer.txt	1332	MAKE WOODEN TRAINING SPEAR	1	ADV_WOODCRAFT_WEAPONS	ANY_PLANT_MATERIAL	
https://dffd.bay12games.com/file.php?id=11310	https://dffd.bay12games.com/download.php?f=DF+Wanderer+R20a+ASCII.zip&id=11310	R20a	DF Wanderer R20a ASCII/raw/objects/reaction_adventurer.txt	1333	MAKE WOODEN TRAINING SPEAR	1	ADV_WOODCRAFT_WEAPONS	REAGENT	tool:1:NONE:NONE:NONE:NONE
https://dffd.bay12games.com/file.php?id=11310	https://dffd.bay12games.com/download.php?f=DF+Wanderer+R20a+ASCII.zip&id=11310	R20a	DF Wanderer R20a ASCII/raw/objects/reaction_adventurer.txt	1334	MAKE WOODEN TRAINING SPEAR	1	ADV_WOODCRAFT_WEAPONS	PRESERVE_REAGENT	
https://dffd.bay12games.com/file.php?id=11310	https://dffd.bay12games.com/download.php?f=DF+Wanderer+R20a+ASCII.zip&id=11310	R20a	DF Wanderer R20a ASCII/raw/objects/reaction_adventurer.txt	1334	MAKE WOODEN TRAINING SPEAR	1	ADV_WOODCRAFT_WEAPONS	HAS_EDGE	
https://dffd.bay12games.com/file.php?id=11310	https://dffd.bay12games.com/download.php?f=DF+Wanderer+R20a+ASCII.zip&id=11310	R20a	DF Wanderer R20a ASCII/raw/objects/reaction_adventurer.txt	1335	MAKE WOODEN TRAINING SPEAR	1	ADV_WOODCRAFT_WEAPONS	PRODUCT	100:1:WEAPON:ITEM_WEAPON_SPEAR_TRAINING:GET_MATERIAL_FROM_REAGENT:log:NONE
https://dffd.bay12games.com/file.php?id=11310	https://dffd.bay12games.com/download.php?f=DF+Wanderer+R20a+ASCII.zip&id=11310	R20a	DF Wanderer R20a ASCII/raw/objects/reaction_adventurer.txt	1336	MAKE WOODEN TRAINING SPEAR	1	ADV_WOODCRAFT_WEAPONS	PRODUCT_TOKEN	spear
https://dffd.bay12games.com/file.php?id=11310	https://dffd.bay12games.com/download.php?f=DF+Wanderer+R20a+ASCII.zip&id=11310	R20a	DF Wanderer R20a ASCII/raw/objects/reaction_adventurer.txt	1337	MAKE WOODEN TRAINING SPEAR	1	ADV_WOODCRAFT_WEAPONS	SKILL	WOODCRAFT
https://dffd.bay12games.com/file.php?id=11310	https://dffd.bay12games.com/download.php?f=DF+Wanderer+R20a+ASCII.zip&id=11310	R20a	DF Wanderer R20a ASCII/raw/objects/reaction_adventurer.txt	1338	MAKE WOODEN TRAINING SPEAR	1	ADV_WOODCRAFT_WEAPONS	CATEGORY	ADV_WOODCRAFT_WEAPONS
https://dffd.bay12games.com/file.php?id=11310	https://dffd.bay12games.com/download.php?f=DF+Wanderer+R20a+ASCII.zip&id=11310	R20a	DF Wanderer R20a ASCII/raw/objects/reaction_adventurer.txt	1340	MAKE WOODEN TRAINING SHORT SWORD	1	ADV_WOODCRAFT_WEAPONS	REACTION	MAKE WOODEN TRAINING SHORT SWORD
https://dffd.bay12games.com/file.php?id=11310	https://dffd.bay12games.com/download.php?f=DF+Wanderer+R20a+ASCII.zip&id=11310	R20a	DF Wanderer R20a ASCII/raw/objects/reaction_adventurer.txt	1341	MAKE WOODEN TRAINING SHORT SWORD	1	ADV_WOODCRAFT_WEAPONS	NAME	make wooden training short sword
https://dffd.bay12games.com/file.php?id=11310	https://dffd.bay12games.com/download.php?f=DF+Wanderer+R20a+ASCII.zip&id=11310	R20a	DF Wanderer R20a ASCII/raw/objects/reaction_adventurer.txt	1342	MAKE WOODEN TRAINING SHORT SWORD	1	ADV_WOODCRAFT_WEAPONS	ADVENTURE_MODE_ENABLED	
https://dffd.bay12games.com/file.php?id=11310	https://dffd.bay12games.com/download.php?f=DF+Wanderer+R20a+ASCII.zip&id=11310	R20a	DF Wanderer R20a ASCII/raw/objects/reaction_adventurer.txt	1343	MAKE WOODEN TRAINING SHORT SWORD	1	ADV_WOODCRAFT_WEAPONS	BUILDING	CARPENTER:NONE
https://dffd.bay12games.com/file.php?id=11310	https://dffd.bay12games.com/download.php?f=DF+Wanderer+R20a+ASCII.zip&id=11310	R20a	DF Wanderer R20a ASCII/raw/objects/reaction_adventurer.txt	1344	MAKE WOODEN TRAINING SHORT SWORD	1	ADV_WOODCRAFT_WEAPONS	REAGENT	log:1:WOOD:NONE:NONE:NONE
https://dffd.bay12games.com/file.php?id=11310	https://dffd.bay12games.com/download.php?f=DF+Wanderer+R20a+ASCII.zip&id=11310	R20a	DF Wanderer R20a ASCII/raw/objects/reaction_adventurer.txt	1345	MAKE WOODEN TRAINING SHORT SWORD	1	ADV_WOODCRAFT_WEAPONS	ANY_PLANT_MATERIAL	
https://dffd.bay12games.com/file.php?id=11310	https://dffd.bay12games.com/download.php?f=DF+Wanderer+R20a+ASCII.zip&id=11310	R20a	DF Wanderer R20a ASCII/raw/objects/reaction_adventurer.txt	1346	MAKE WOODEN TRAINING SHORT SWORD	1	ADV_WOODCRAFT_WEAPONS	REAGENT	tool:1:NONE:NONE:NONE:NONE
https://dffd.bay12games.com/file.php?id=11310	https://dffd.bay12games.com/download.php?f=DF+Wanderer+R20a+ASCII.zip&id=11310	R20a	DF Wanderer R20a ASCII/raw/objects/reaction_adventurer.txt	1347	MAKE WOODEN TRAINING SHORT SWORD	1	ADV_WOODCRAFT_WEAPONS	PRESERVE_REAGENT	
https://dffd.bay12games.com/file.php?id=11310	https://dffd.bay12games.com/download.php?f=DF+Wanderer+R20a+ASCII.zip&id=11310	R20a	DF Wanderer R20a ASCII/raw/objects/reaction_adventurer.txt	1347	MAKE WOODEN TRAINING SHORT SWORD	1	ADV_WOODCRAFT_WEAPONS	HAS_EDGE	
https://dffd.bay12games.com/file.php?id=11310	https://dffd.bay12games.com/download.php?f=DF+Wanderer+R20a+ASCII.zip&id=11310	R20a	DF Wanderer R20a ASCII/raw/objects/reaction_adventurer.txt	1348	MAKE WOODEN TRAINING SHORT SWORD	1	ADV_WOODCRAFT_WEAPONS	PRODUCT	100:1:WEAPON:ITEM_WEAPON_SWORD_SHORT_TRAINING:GET_MATERIAL_FROM_REAGENT:log:NONE
https://dffd.bay12games.com/file.php?id=11310	https://dffd.bay12games.com/download.php?f=DF+Wanderer+R20a+ASCII.zip&id=11310	R20a	DF Wanderer R20a ASCII/raw/objects/reaction_adventurer.txt	1349	MAKE WOODEN TRAINING SHORT SWORD	1	ADV_WOODCRAFT_WEAPONS	PRODUCT_TOKEN	sword
https://dffd.bay12games.com/file.php?id=11310	https://dffd.bay12games.com/download.php?f=DF+Wanderer+R20a+ASCII.zip&id=11310	R20a	DF Wanderer R20a ASCII/raw/objects/reaction_adventurer.txt	1350	MAKE WOODEN TRAINING SHORT SWORD	1	ADV_WOODCRAFT_WEAPONS	SKILL	WOODCRAFT
https://dffd.bay12games.com/file.php?id=11310	https://dffd.bay12games.com/download.php?f=DF+Wanderer+R20a+ASCII.zip&id=11310	R20a	DF Wanderer R20a ASCII/raw/objects/reaction_adventurer.txt	1351	MAKE WOODEN TRAINING SHORT SWORD	1	ADV_WOODCRAFT_WEAPONS	CATEGORY	ADV_WOODCRAFT_WEAPONS
https://dffd.bay12games.com/file.php?id=11310	https://dffd.bay12games.com/download.php?f=DF+Wanderer+R20a+ASCII.zip&id=11310	R20a	DF Wanderer R20a ASCII/raw/objects/reaction_adventurer.txt	1355	MAKE WOODEN CRUTCH	1	ADV_WOODCRAFT_TRINKETS	REACTION	MAKE WOODEN CRUTCH
https://dffd.bay12games.com/file.php?id=11310	https://dffd.bay12games.com/download.php?f=DF+Wanderer+R20a+ASCII.zip&id=11310	R20a	DF Wanderer R20a ASCII/raw/objects/reaction_adventurer.txt	1356	MAKE WOODEN CRUTCH	1	ADV_WOODCRAFT_TRINKETS	NAME	make wooden crutch
https://dffd.bay12games.com/file.php?id=11310	https://dffd.bay12games.com/download.php?f=DF+Wanderer+R20a+ASCII.zip&id=11310	R20a	DF Wanderer R20a ASCII/raw/objects/reaction_adventurer.txt	1357	MAKE WOODEN CRUTCH	1	ADV_WOODCRAFT_TRINKETS	ADVENTURE_MODE_ENABLED	
https://dffd.bay12games.com/file.php?id=11310	https://dffd.bay12games.com/download.php?f=DF+Wanderer+R20a+ASCII.zip&id=11310	R20a	DF Wanderer R20a ASCII/raw/objects/reaction_adventurer.txt	1358	MAKE WOODEN CRUTCH	1	ADV_WOODCRAFT_TRINKETS	REAGENT	stick:1:TOOL:ITEM_TOOL_STICK:NONE:NONE
https://dffd.bay12games.com/file.php?id=11310	https://dffd.bay12games.com/download.php?f=DF+Wanderer+R20a+ASCII.zip&id=11310	R20a	DF Wanderer R20a ASCII/raw/objects/reaction_adventurer.txt	1359	MAKE WOODEN CRUTCH	1	ADV_WOODCRAFT_TRINKETS	REAGENT	tool:1:NONE:NONE:NONE:NONE
https://dffd.bay12games.com/file.php?id=11310	https://dffd.bay12games.com/download.php?f=DF+Wanderer+R20a+ASCII.zip&id=11310	R20a	DF Wanderer R20a ASCII/raw/objects/reaction_adventurer.txt	1360	MAKE WOODEN CRUTCH	1	ADV_WOODCRAFT_TRINKETS	PRESERVE_REAGENT	
https://dffd.bay12games.com/file.php?id=11310	https://dffd.bay12games.com/download.php?f=DF+Wanderer+R20a+ASCII.zip&id=11310	R20a	DF Wanderer R20a ASCII/raw/objects/reaction_adventurer.txt	1360	MAKE WOODEN CRUTCH	1	ADV_WOODCRAFT_TRINKETS	HAS_EDGE	
https://dffd.bay12games.com/file.php?id=11310	https://dffd.bay12games.com/download.php?f=DF+Wanderer+R20a+ASCII.zip&id=11310	R20a	DF Wanderer R20a ASCII/raw/objects/reaction_adventurer.txt	1361	MAKE WOODEN CRUTCH	1	ADV_WOODCRAFT_TRINKETS	PRODUCT	100:1:CRUTCH:NONE:GET_MATERIAL_FROM_REAGENT:log:NONE
https://dffd.bay12games.com/file.php?id=11310	https://dffd.bay12games.com/download.php?f=DF+Wanderer+R20a+ASCII.zip&id=11310	R20a	DF Wanderer R20a ASCII/raw/objects/reaction_adventurer.txt	1362	MAKE WOODEN CRUTCH	1	ADV_WOODCRAFT_TRINKETS	PRODUCT_TOKEN	crutch
https://dffd.bay12games.com/file.php?id=11310	https://dffd.bay12games.com/download.php?f=DF+Wanderer+R20a+ASCII.zip&id=11310	R20a	DF Wanderer R20a ASCII/raw/objects/reaction_adventurer.txt	1363	MAKE WOODEN CRUTCH	1	ADV_WOODCRAFT_TRINKETS	SKILL	WOODCRAFT
https://dffd.bay12games.com/file.php?id=11310	https://dffd.bay12games.com/download.php?f=DF+Wanderer+R20a+ASCII.zip&id=11310	R20a	DF Wanderer R20a ASCII/raw/objects/reaction_adventurer.txt	1364	MAKE WOODEN CRUTCH	1	ADV_WOODCRAFT_TRINKETS	CATEGORY	ADV_WOODCRAFT_TRINKETS
https://dffd.bay12games.com/file.php?id=11310	https://dffd.bay12games.com/download.php?f=DF+Wanderer+R20a+ASCII.zip&id=11310	R20a	DF Wanderer R20a ASCII/raw/objects/reaction_adventurer.txt	1365	MAKE WOODEN CRUTCH	1	ADV_WOODCRAFT_TRINKETS	CATEGORY_NAME	Woodcrafting - trinkets and misc
https://dffd.bay12games.com/file.php?id=11310	https://dffd.bay12games.com/download.php?f=DF+Wanderer+R20a+ASCII.zip&id=11310	R20a	DF Wanderer R20a ASCII/raw/objects/reaction_adventurer.txt	1366	MAKE WOODEN CRUTCH	1	ADV_WOODCRAFT_TRINKETS	CATEGORY_DESCRIPTION	Make splints and crutches from wooden logs.
https://dffd.bay12games.com/file.php?id=11310	https://dffd.bay12games.com/download.php?f=DF+Wanderer+R20a+ASCII.zip&id=11310	R20a	DF Wanderer R20a ASCII/raw/objects/reaction_adventurer.txt	1368	MAKE WOODEN SPLINT	1	ADV_WOODCRAFT_TRINKETS	REACTION	MAKE WOODEN SPLINT
https://dffd.bay12games.com/file.php?id=11310	https://dffd.bay12games.com/download.php?f=DF+Wanderer+R20a+ASCII.zip&id=11310	R20a	DF Wanderer R20a ASCII/raw/objects/reaction_adventurer.txt	1369	MAKE WOODEN SPLINT	1	ADV_WOODCRAFT_TRINKETS	NAME	make wooden splint
https://dffd.bay12games.com/file.php?id=11310	https://dffd.bay12games.com/download.php?f=DF+Wanderer+R20a+ASCII.zip&id=11310	R20a	DF Wanderer R20a ASCII/raw/objects/reaction_adventurer.txt	1370	MAKE WOODEN SPLINT	1	ADV_WOODCRAFT_TRINKETS	ADVENTURE_MODE_ENABLED	
https://dffd.bay12games.com/file.php?id=11310	https://dffd.bay12games.com/download.php?f=DF+Wanderer+R20a+ASCII.zip&id=11310	R20a	DF Wanderer R20a ASCII/raw/objects/reaction_adventurer.txt	1371	MAKE WOODEN SPLINT	1	ADV_WOODCRAFT_TRINKETS	REAGENT	stick:1:TOOL:ITEM_TOOL_STICK:NONE:NONE
https://dffd.bay12games.com/file.php?id=11310	https://dffd.bay12games.com/download.php?f=DF+Wanderer+R20a+ASCII.zip&id=11310	R20a	DF Wanderer R20a ASCII/raw/objects/reaction_adventurer.txt	1372	MAKE WOODEN SPLINT	1	ADV_WOODCRAFT_TRINKETS	REAGENT	tool:1:NONE:NONE:NONE:NONE
https://dffd.bay12games.com/file.php?id=11310	https://dffd.bay12games.com/download.php?f=DF+Wanderer+R20a+ASCII.zip&id=11310	R20a	DF Wanderer R20a ASCII/raw/objects/reaction_adventurer.txt	1373	MAKE WOODEN SPLINT	1	ADV_WOODCRAFT_TRINKETS	PRESERVE_REAGENT	
https://dffd.bay12games.com/file.php?id=11310	https://dffd.bay12games.com/download.php?f=DF+Wanderer+R20a+ASCII.zip&id=11310	R20a	DF Wanderer R20a ASCII/raw/objects/reaction_adventurer.txt	1373	MAKE WOODEN SPLINT	1	ADV_WOODCRAFT_TRINKETS	HAS_EDGE	
https://dffd.bay12games.com/file.php?id=11310	https://dffd.bay12games.com/download.php?f=DF+Wanderer+R20a+ASCII.zip&id=11310	R20a	DF Wanderer R20a ASCII/raw/objects/reaction_adventurer.txt	1374	MAKE WOODEN SPLINT	1	ADV_WOODCRAFT_TRINKETS	PRODUCT	100:1:SPLINT:NONE:GET_MATERIAL_FROM_REAGENT:log:NONE
https://dffd.bay12games.com/file.php?id=11310	https://dffd.bay12games.com/download.php?f=DF+Wanderer+R20a+ASCII.zip&id=11310	R20a	DF Wanderer R20a ASCII/raw/objects/reaction_adventurer.txt	1375	MAKE WOODEN SPLINT	1	ADV_WOODCRAFT_TRINKETS	PRODUCT_TOKEN	splint
https://dffd.bay12games.com/file.php?id=11310	https://dffd.bay12games.com/download.php?f=DF+Wanderer+R20a+ASCII.zip&id=11310	R20a	DF Wanderer R20a ASCII/raw/objects/reaction_adventurer.txt	1376	MAKE WOODEN SPLINT	1	ADV_WOODCRAFT_TRINKETS	SKILL	WOODCRAFT
https://dffd.bay12games.com/file.php?id=11310	https://dffd.bay12games.com/download.php?f=DF+Wanderer+R20a+ASCII.zip&id=11310	R20a	DF Wanderer R20a ASCII/raw/objects/reaction_adventurer.txt	1377	MAKE WOODEN SPLINT	1	ADV_WOODCRAFT_TRINKETS	CATEGORY	ADV_WOODCRAFT_TRINKETS
https://dffd.bay12games.com/file.php?id=11310	https://dffd.bay12games.com/download.php?f=DF+Wanderer+R20a+ASCII.zip&id=11310	R20a	DF Wanderer R20a ASCII/raw/objects/reaction_adventurer.txt	1379	MAKE_WOODEN_AMULET_ADV	1	ADV_WOODCRAFT_TRINKETS	REACTION	MAKE_WOODEN_AMULET_ADV
https://dffd.bay12games.com/file.php?id=11310	https://dffd.bay12games.com/download.php?f=DF+Wanderer+R20a+ASCII.zip&id=11310	R20a	DF Wanderer R20a ASCII/raw/objects/reaction_adventurer.txt	1380	MAKE_WOODEN_AMULET_ADV	1	ADV_WOODCRAFT_TRINKETS	NAME	carve wooden amulet
https://dffd.bay12games.com/file.php?id=11310	https://dffd.bay12games.com/download.php?f=DF+Wanderer+R20a+ASCII.zip&id=11310	R20a	DF Wanderer R20a ASCII/raw/objects/reaction_adventurer.txt	1381	MAKE_WOODEN_AMULET_ADV	1	ADV_WOODCRAFT_TRINKETS	ADVENTURE_MODE_ENABLED	
https://dffd.bay12games.com/file.php?id=11310	https://dffd.bay12games.com/download.php?f=DF+Wanderer+R20a+ASCII.zip&id=11310	R20a	DF Wanderer R20a ASCII/raw/objects/reaction_adventurer.txt	1382	MAKE_WOODEN_AMULET_ADV	1	ADV_WOODCRAFT_TRINKETS	REAGENT	stick:1:TOOL:ITEM_TOOL_STICK:NONE:NONE
https://dffd.bay12games.com/file.php?id=11310	https://dffd.bay12games.com/download.php?f=DF+Wanderer+R20a+ASCII.zip&id=11310	R20a	DF Wanderer R20a ASCII/raw/objects/reaction_adventurer.txt	1383	MAKE_WOODEN_AMULET_ADV	1	ADV_WOODCRAFT_TRINKETS	REAGENT	tool:1:NONE:NONE:NONE:NONE
https://dffd.bay12games.com/file.php?id=11310	https://dffd.bay12games.com/download.php?f=DF+Wanderer+R20a+ASCII.zip&id=11310	R20a	DF Wanderer R20a ASCII/raw/objects/reaction_adventurer.txt	1384	MAKE_WOODEN_AMULET_ADV	1	ADV_WOODCRAFT_TRINKETS	PRESERVE_REAGENT	
https://dffd.bay12games.com/file.php?id=11310	https://dffd.bay12games.com/download.php?f=DF+Wanderer+R20a+ASCII.zip&id=11310	R20a	DF Wanderer R20a ASCII/raw/objects/reaction_adventurer.txt	1384	MAKE_WOODEN_AMULET_ADV	1	ADV_WOODCRAFT_TRINKETS	HAS_EDGE	
https://dffd.bay12games.com/file.php?id=11310	https://dffd.bay12games.com/download.php?f=DF+Wanderer+R20a+ASCII.zip&id=11310	R20a	DF Wanderer R20a ASCII/raw/objects/reaction_adventurer.txt	1385	MAKE_WOODEN_AMULET_ADV	1	ADV_WOODCRAFT_TRINKETS	PRODUCT	100:1:AMULET:NONE:GET_MATERIAL_FROM_REAGENT:stick:NONE
https://dffd.bay12games.com/file.php?id=11310	https://dffd.bay12games.com/download.php?f=DF+Wanderer+R20a+ASCII.zip&id=11310	R20a	DF Wanderer R20a ASCII/raw/objects/reaction_adventurer.txt	1386	MAKE_WOODEN_AMULET_ADV	1	ADV_WOODCRAFT_TRINKETS	SKILL	WOODCRAFT
https://dffd.bay12games.com/file.php?id=11310	https://dffd.bay12games.com/download.php?f=DF+Wanderer+R20a+ASCII.zip&id=11310	R20a	DF Wanderer R20a ASCII/raw/objects/reaction_adventurer.txt	1387	MAKE_WOODEN_AMULET_ADV	1	ADV_WOODCRAFT_TRINKETS	CATEGORY	ADV_WOODCRAFT_TRINKETS
https://dffd.bay12games.com/file.php?id=11310	https://dffd.bay12games.com/download.php?f=DF+Wanderer+R20a+ASCII.zip&id=11310	R20a	DF Wanderer R20a ASCII/raw/objects/reaction_adventurer.txt	1389	MAKE_WOODEN_BRACELET_ADV	1	ADV_WOODCRAFT_TRINKETS	REACTION	MAKE_WOODEN_BRACELET_ADV
https://dffd.bay12games.com/file.php?id=11310	https://dffd.bay12games.com/download.php?f=DF+Wanderer+R20a+ASCII.zip&id=11310	R20a	DF Wanderer R20a ASCII/raw/objects/reaction_adventurer.txt	1390	MAKE_WOODEN_BRACELET_ADV	1	ADV_WOODCRAFT_TRINKETS	NAME	carve wooden bracelet
https://dffd.bay12games.com/file.php?id=11310	https://dffd.bay12games.com/download.php?f=DF+Wanderer+R20a+ASCII.zip&id=11310	R20a	DF Wanderer R20a ASCII/raw/objects/reaction_adventurer.txt	1391	MAKE_WOODEN_BRACELET_ADV	1	ADV_WOODCRAFT_TRINKETS	ADVENTURE_MODE_ENABLED	
https://dffd.bay12games.com/file.php?id=11310	https://dffd.bay12games.com/download.php?f=DF+Wanderer+R20a+ASCII.zip&id=11310	R20a	DF Wanderer R20a ASCII/raw/objects/reaction_adventurer.txt	1392	MAKE_WOODEN_BRACELET_ADV	1	ADV_WOODCRAFT_TRINKETS	REAGENT	stick:1:TOOL:ITEM_TOOL_STICK:NONE:NONE
https://dffd.bay12games.com/file.php?id=11310	https://dffd.bay12games.com/download.php?f=DF+Wanderer+R20a+ASCII.zip&id=11310	R20a	DF Wanderer R20a ASCII/raw/objects/reaction_adventurer.txt	1393	MAKE_WOODEN_BRACELET_ADV	1	ADV_WOODCRAFT_TRINKETS	REAGENT	tool:1:NONE:NONE:NONE:NONE
https://dffd.bay12games.com/file.php?id=11310	https://dffd.bay12games.com/download.php?f=DF+Wanderer+R20a+ASCII.zip&id=11310	R20a	DF Wanderer R20a ASCII/raw/objects/reaction_adventurer.txt	1394	MAKE_WOODEN_BRACELET_ADV	1	ADV_WOODCRAFT_TRINKETS	PRESERVE_REAGENT	
https://dffd.bay12games.com/file.php?id=11310	https://dffd.bay12games.com/download.php?f=DF+Wanderer+R20a+ASCII.zip&id=11310	R20a	DF Wanderer R20a ASCII/raw/objects/reaction_adventurer.txt	1394	MAKE_WOODEN_BRACELET_ADV	1	ADV_WOODCRAFT_TRINKETS	HAS_EDGE	
https://dffd.bay12games.com/file.php?id=11310	https://dffd.bay12games.com/download.php?f=DF+Wanderer+R20a+ASCII.zip&id=11310	R20a	DF Wanderer R20a ASCII/raw/objects/reaction_adventurer.txt	1395	MAKE_WOODEN_BRACELET_ADV	1	ADV_WOODCRAFT_TRINKETS	PRODUCT	100:1:BRACELET:NONE:GET_MATERIAL_FROM_REAGENT:stick:NONE
https://dffd.bay12games.com/file.php?id=11310	https://dffd.bay12games.com/download.php?f=DF+Wanderer+R20a+ASCII.zip&id=11310	R20a	DF Wanderer R20a ASCII/raw/objects/reaction_adventurer.txt	1396	MAKE_WOODEN_BRACELET_ADV	1	ADV_WOODCRAFT_TRINKETS	SKILL	WOODCRAFT
https://dffd.bay12games.com/file.php?id=11310	https://dffd.bay12games.com/download.php?f=DF+Wanderer+R20a+ASCII.zip&id=11310	R20a	DF Wanderer R20a ASCII/raw/objects/reaction_adventurer.txt	1397	MAKE_WOODEN_BRACELET_ADV	1	ADV_WOODCRAFT_TRINKETS	CATEGORY	ADV_WOODCRAFT_TRINKETS
https://dffd.bay12games.com/file.php?id=11310	https://dffd.bay12games.com/download.php?f=DF+Wanderer+R20a+ASCII.zip&id=11310	R20a	DF Wanderer R20a ASCII/raw/objects/reaction_adventurer.txt	1399	MAKE_WOODEN_EARRING_ADV	1	ADV_WOODCRAFT_TRINKETS	REACTION	MAKE_WOODEN_EARRING_ADV
https://dffd.bay12games.com/file.php?id=11310	https://dffd.bay12games.com/download.php?f=DF+Wanderer+R20a+ASCII.zip&id=11310	R20a	DF Wanderer R20a ASCII/raw/objects/reaction_adventurer.txt	1400	MAKE_WOODEN_EARRING_ADV	1	ADV_WOODCRAFT_TRINKETS	NAME	carve wooden earring
https://dffd.bay12games.com/file.php?id=11310	https://dffd.bay12games.com/download.php?f=DF+Wanderer+R20a+ASCII.zip&id=11310	R20a	DF Wanderer R20a ASCII/raw/objects/reaction_adventurer.txt	1401	MAKE_WOODEN_EARRING_ADV	1	ADV_WOODCRAFT_TRINKETS	ADVENTURE_MODE_ENABLED	
https://dffd.bay12games.com/file.php?id=11310	https://dffd.bay12games.com/download.php?f=DF+Wanderer+R20a+ASCII.zip&id=11310	R20a	DF Wanderer R20a ASCII/raw/objects/reaction_adventurer.txt	1402	MAKE_WOODEN_EARRING_ADV	1	ADV_WOODCRAFT_TRINKETS	REAGENT	stick:1:TOOL:ITEM_TOOL_STICK:NONE:NONE
https://dffd.bay12games.com/file.php?id=11310	https://dffd.bay12games.com/download.php?f=DF+Wanderer+R20a+ASCII.zip&id=11310	R20a	DF Wanderer R20a ASCII/raw/objects/reaction_adventurer.txt	1403	MAKE_WOODEN_EARRING_ADV	1	ADV_WOODCRAFT_TRINKETS	REAGENT	tool:1:NONE:NONE:NONE:NONE
https://dffd.bay12games.com/file.php?id=11310	https://dffd.bay12games.com/download.php?f=DF+Wanderer+R20a+ASCII.zip&id=11310	R20a	DF Wanderer R20a ASCII/raw/objects/reaction_adventurer.txt	1404	MAKE_WOODEN_EARRING_ADV	1	ADV_WOODCRAFT_TRINKETS	PRESERVE_REAGENT	
https://dffd.bay12games.com/file.php?id=11310	https://dffd.bay12games.com/download.php?f=DF+Wanderer+R20a+ASCII.zip&id=11310	R20a	DF Wanderer R20a ASCII/raw/objects/reaction_adventurer.txt	1404	MAKE_WOODEN_EARRING_ADV	1	ADV_WOODCRAFT_TRINKETS	HAS_EDGE	
https://dffd.bay12games.com/file.php?id=11310	https://dffd.bay12games.com/download.php?f=DF+Wanderer+R20a+ASCII.zip&id=11310	R20a	DF Wanderer R20a ASCII/raw/objects/reaction_adventurer.txt	1405	MAKE_WOODEN_EARRING_ADV	1	ADV_WOODCRAFT_TRINKETS	PRODUCT	100:1:EARRING:NONE:GET_MATERIAL_FROM_REAGENT:stick:NONE
https://dffd.bay12games.com/file.php?id=11310	https://dffd.bay12games.com/download.php?f=DF+Wanderer+R20a+ASCII.zip&id=11310	R20a	DF Wanderer R20a ASCII/raw/objects/reaction_adventurer.txt	1406	MAKE_WOODEN_EARRING_ADV	1	ADV_WOODCRAFT_TRINKETS	SKILL	WOODCRAFT
https://dffd.bay12games.com/file.php?id=11310	https://dffd.bay12games.com/download.php?f=DF+Wanderer+R20a+ASCII.zip&id=11310	R20a	DF Wanderer R20a ASCII/raw/objects/reaction_adventurer.txt	1407	MAKE_WOODEN_EARRING_ADV	1	ADV_WOODCRAFT_TRINKETS	CATEGORY	ADV_WOODCRAFT_TRINKETS
https://dffd.bay12games.com/file.php?id=11310	https://dffd.bay12games.com/download.php?f=DF+Wanderer+R20a+ASCII.zip&id=11310	R20a	DF Wanderer R20a ASCII/raw/objects/reaction_adventurer.txt	1409	MAKE_WOODEN_FIGURINE_ADV	1	ADV_WOODCRAFT_TRINKETS	REACTION	MAKE_WOODEN_FIGURINE_ADV
https://dffd.bay12games.com/file.php?id=11310	https://dffd.bay12games.com/download.php?f=DF+Wanderer+R20a+ASCII.zip&id=11310	R20a	DF Wanderer R20a ASCII/raw/objects/reaction_adventurer.txt	1410	MAKE_WOODEN_FIGURINE_ADV	1	ADV_WOODCRAFT_TRINKETS	NAME	carve wooden figurine
https://dffd.bay12games.com/file.php?id=11310	https://dffd.bay12games.com/download.php?f=DF+Wanderer+R20a+ASCII.zip&id=11310	R20a	DF Wanderer R20a ASCII/raw/objects/reaction_adventurer.txt	1411	MAKE_WOODEN_FIGURINE_ADV	1	ADV_WOODCRAFT_TRINKETS	ADVENTURE_MODE_ENABLED	
https://dffd.bay12games.com/file.php?id=11310	https://dffd.bay12games.com/download.php?f=DF+Wanderer+R20a+ASCII.zip&id=11310	R20a	DF Wanderer R20a ASCII/raw/objects/reaction_adventurer.txt	1412	MAKE_WOODEN_FIGURINE_ADV	1	ADV_WOODCRAFT_TRINKETS	REAGENT	stick:1:TOOL:ITEM_TOOL_STICK:NONE:NONE
https://dffd.bay12games.com/file.php?id=11310	https://dffd.bay12games.com/download.php?f=DF+Wanderer+R20a+ASCII.zip&id=11310	R20a	DF Wanderer R20a ASCII/raw/objects/reaction_adventurer.txt	1413	MAKE_WOODEN_FIGURINE_ADV	1	ADV_WOODCRAFT_TRINKETS	REAGENT	tool:1:NONE:NONE:NONE:NONE
https://dffd.bay12games.com/file.php?id=11310	https://dffd.bay12games.com/download.php?f=DF+Wanderer+R20a+ASCII.zip&id=11310	R20a	DF Wanderer R20a ASCII/raw/objects/reaction_adventurer.txt	1414	MAKE_WOODEN_FIGURINE_ADV	1	ADV_WOODCRAFT_TRINKETS	PRESERVE_REAGENT	
https://dffd.bay12games.com/file.php?id=11310	https://dffd.bay12games.com/download.php?f=DF+Wanderer+R20a+ASCII.zip&id=11310	R20a	DF Wanderer R20a ASCII/raw/objects/reaction_adventurer.txt	1414	MAKE_WOODEN_FIGURINE_ADV	1	ADV_WOODCRAFT_TRINKETS	HAS_EDGE	
https://dffd.bay12games.com/file.php?id=11310	https://dffd.bay12games.com/download.php?f=DF+Wanderer+R20a+ASCII.zip&id=11310	R20a	DF Wanderer R20a ASCII/raw/objects/reaction_adventurer.txt	1415	MAKE_WOODEN_FIGURINE_ADV	1	ADV_WOODCRAFT_TRINKETS	PRODUCT	100:1:FIGURINE:NONE:GET_MATERIAL_FROM_REAGENT:stick:NONE
https://dffd.bay12games.com/file.php?id=11310	https://dffd.bay12games.com/download.php?f=DF+Wanderer+R20a+ASCII.zip&id=11310	R20a	DF Wanderer R20a ASCII/raw/objects/reaction_adventurer.txt	1416	MAKE_WOODEN_FIGURINE_ADV	1	ADV_WOODCRAFT_TRINKETS	SKILL	WOODCRAFT
https://dffd.bay12games.com/file.php?id=11310	https://dffd.bay12games.com/download.php?f=DF+Wanderer+R20a+ASCII.zip&id=11310	R20a	DF Wanderer R20a ASCII/raw/objects/reaction_adventurer.txt	1417	MAKE_WOODEN_FIGURINE_ADV	1	ADV_WOODCRAFT_TRINKETS	CATEGORY	ADV_WOODCRAFT_TRINKETS
https://dffd.bay12games.com/file.php?id=11310	https://dffd.bay12games.com/download.php?f=DF+Wanderer+R20a+ASCII.zip&id=11310	R20a	DF Wanderer R20a ASCII/raw/objects/reaction_adventurer.txt	1419	MAKE_WOODEN_RING_ADV	1	ADV_WOODCRAFT_TRINKETS	REACTION	MAKE_WOODEN_RING_ADV
https://dffd.bay12games.com/file.php?id=11310	https://dffd.bay12games.com/download.php?f=DF+Wanderer+R20a+ASCII.zip&id=11310	R20a	DF Wanderer R20a ASCII/raw/objects/reaction_adventurer.txt	1420	MAKE_WOODEN_RING_ADV	1	ADV_WOODCRAFT_TRINKETS	NAME	carve wooden ring
https://dffd.bay12games.com/file.php?id=11310	https://dffd.bay12games.com/download.php?f=DF+Wanderer+R20a+ASCII.zip&id=11310	R20a	DF Wanderer R20a ASCII/raw/objects/reaction_adventurer.txt	1421	MAKE_WOODEN_RING_ADV	1	ADV_WOODCRAFT_TRINKETS	ADVENTURE_MODE_ENABLED	
https://dffd.bay12games.com/file.php?id=11310	https://dffd.bay12games.com/download.php?f=DF+Wanderer+R20a+ASCII.zip&id=11310	R20a	DF Wanderer R20a ASCII/raw/objects/reaction_adventurer.txt	1422	MAKE_WOODEN_RING_ADV	1	ADV_WOODCRAFT_TRINKETS	REAGENT	stick:1:TOOL:ITEM_TOOL_STICK:NONE:NONE
https://dffd.bay12games.com/file.php?id=11310	https://dffd.bay12games.com/download.php?f=DF+Wanderer+R20a+ASCII.zip&id=11310	R20a	DF Wanderer R20a ASCII/raw/objects/reaction_adventurer.txt	1423	MAKE_WOODEN_RING_ADV	1	ADV_WOODCRAFT_TRINKETS	REAGENT	tool:1:NONE:NONE:NONE:NONE
https://dffd.bay12games.com/file.php?id=11310	https://dffd.bay12games.com/download.php?f=DF+Wanderer+R20a+ASCII.zip&id=11310	R20a	DF Wanderer R20a ASCII/raw/objects/reaction_adventurer.txt	1424	MAKE_WOODEN_RING_ADV	1	ADV_WOODCRAFT_TRINKETS	PRESERVE_REAGENT	
https://dffd.bay12games.com/file.php?id=11310	https://dffd.bay12games.com/download.php?f=DF+Wanderer+R20a+ASCII.zip&id=11310	R20a	DF Wanderer R20a ASCII/raw/objects/reaction_adventurer.txt	1424	MAKE_WOODEN_RING_ADV	1	ADV_WOODCRAFT_TRINKETS	HAS_EDGE	
https://dffd.bay12games.com/file.php?id=11310	https://dffd.bay12games.com/download.php?f=DF+Wanderer+R20a+ASCII.zip&id=11310	R20a	DF Wanderer R20a ASCII/raw/objects/reaction_adventurer.txt	1425	MAKE_WOODEN_RING_ADV	1	ADV_WOODCRAFT_TRINKETS	PRODUCT	100:1:RING:NONE:GET_MATERIAL_FROM_REAGENT:stick:NONE
https://dffd.bay12games.com/file.php?id=11310	https://dffd.bay12games.com/download.php?f=DF+Wanderer+R20a+ASCII.zip&id=11310	R20a	DF Wanderer R20a ASCII/raw/objects/reaction_adventurer.txt	1426	MAKE_WOODEN_RING_ADV	1	ADV_WOODCRAFT_TRINKETS	SKILL	WOODCRAFT
https://dffd.bay12games.com/file.php?id=11310	https://dffd.bay12games.com/download.php?f=DF+Wanderer+R20a+ASCII.zip&id=11310	R20a	DF Wanderer R20a ASCII/raw/objects/reaction_adventurer.txt	1427	MAKE_WOODEN_RING_ADV	1	ADV_WOODCRAFT_TRINKETS	CATEGORY	ADV_WOODCRAFT_TRINKETS
